0,1,2,3,4,5,6,7,8,9,10,11,12,13,14,15,16,17,18,19,20,21,22,23,24,25,26,27,28,29,30,31,32,33,34,35,36,37,38,39,40,41,42,43,44,45,46,47,48,49,50,51,52,53,54,55,56,57,58,59,60,61,62,63,64,65,66,67,68,69,70,71,72,73,74,75,76,77,78,79,80,81,82,83,84,85,86,87,88,89,90,91,92,93,94,95,96,97,98,99,100,101,102,103,104,105,106,107,108,109,110,111,112,113,114,115,116,117,118,119,120,121,122,123,124,125,126,127,label
0.02044775,0.0,0.6665468,0.0,0.8986333,0.37948886,0.0,0.6513554,0.0,0.0,0.7738996,1.4384558,0.46272564,1.2007289,0.52198774,0.0,0.0,0.0,1.3518302,0.50520915,0.0,1.4773806,0.5024442,0.0,1.7384468,0.0,0.0,0.2814504,0.015964018,0.49727458,1.3275954,2.6409283,0.0,0.0,0.84698474,0.5672012,0.93026847,0.0,0.0,0.0,1.2815405,0.0,0.29464582,2.203444,0.4430541,1.4251145,0.044121396,0.0,0.88529813,1.7224101,0.4880793,2.1170254,1.2780635,2.32898,1.7488945,0.027220812,1.6752598,1.6135558,0.0,0.0,0.0,2.4070115,1.7616074,0.0,0.0,0.0,0.0,0.0,2.0470693,0.96769714,2.078164,1.2719873,1.0290045,0.0,1.2350466,0.85162014,1.1731256,0.0,0.06558142,0.29572377,0.0,0.031602677,0.0,0.05163833,0.0,1.5387403,0.6484323,1.045573,0.0,0.0,2.577974,0.0,0.00310074,0.89022887,1.255303,0.62135667,0.0,0.0,0.73040503,0.7980954,0.6918596,0.6039479,0.0,2.3634646,0.0,1.2133362,0.0,0.0,1.9535758,1.7037628,0.64135706,1.4433031,0.0,0.0,0.29323125,1.0730785,0.31288224,0.0,0.31412762,0.99818385,2.1652408,0.7894956,1.4273638,0.43727356,2.5277605,0.0,0.5324807,0.0,0
1.3164335,0.0,1.0750453,0.42066634,1.2197901,0.64963233,0.33800113,1.4271699,0.9681749,0.0,0.92494893,1.3544152,0.0,1.0767822,1.2015212,0.0,0.0,0.0,2.0667927,0.3180238,0.0,2.6087081,2.057281,0.34975418,2.0827324,0.0,0.0,0.0,0.5950966,1.136368,2.1373246,2.623505,0.0,0.41344145,1.1013709,0.7724713,0.33273295,0.0,0.0,0.0,1.837679,0.0,0.88164234,1.75471,0.12245761,0.7269276,1.0628588,0.0,0.95627123,2.3067648,0.0,1.8198587,1.3074019,1.2260543,1.1293781,1.1493975,1.5967832,0.5257082,0.0,0.0,0.0,1.2125704,1.899613,0.0,0.0,0.0,0.0,0.94347155,2.2893002,1.2884077,1.0269921,2.317287,0.26120338,0.0,1.1555378,0.86869836,0.57094526,0.7377482,0.0,1.0043706,0.0,0.39916885,0.0,0.0,0.0,1.2245357,1.4557867,0.9795269,0.0,0.0,3.046251,0.0,0.18003444,0.5565061,1.7755141,0.0,0.0,0.0,1.416141,0.20765707,0.47428995,0.16002849,0.0,1.7219015,0.0,1.8002789,0.0,0.0,0.42276537,1.4626459,1.0740951,1.1601537,0.0,0.0,0.446059,1.5715768,0.0,0.0,0.5601715,1.1669699,1.9323648,1.282722,0.4343566,0.18942663,1.6432728,0.0,0.23380879,0.0,1
0.0,0.0,0.0,2.2886362,0.0,0.12960811,1.77895,0.18031295,2.6258152,0.0,1.3798213,0.0,0.0,1.9869552,0.5694595,0.0,0.5938251,0.0,0.0,0.0,1.7980431,0.0,0.2111225,0.11628487,0.7202224,0.0,0.8169457,0.0,0.0,0.0,0.4211165,0.77642643,0.0,0.0,0.6293495,0.0,1.5896752,0.0,0.0,0.0,1.7113533,0.0,0.06650379,2.1617973,0.0,1.1570531,0.0,0.0,0.0,2.3789907,0.0,0.095765874,1.8239615,3.8325472,2.7373624,0.06973625,0.0,2.996174,0.0,0.0,0.0,3.2555778,1.8426068,0.0,0.0,0.0,0.0,0.0,3.726772,0.0,0.87469363,0.1783299,0.0,0.0,1.8629415,0.0,1.1426018,0.0,1.0757042,0.0,0.0,0.0,0.0,0.35636258,0.6385057,1.0762337,0.0,1.0315437,0.0,0.0,1.3539436,0.0,0.0,1.8927431,0.26796448,0.0,1.3771971,1.1926771,0.0,2.3612332,0.0,2.1921039,0.0,3.2282023,0.0,0.7042138,0.0,0.0,0.0,1.6587343,1.514809,2.0217407,0.0,0.0,0.49357292,2.4117,0.009697923,0.0,0.0937655,0.21969484,3.4308531,0.0,0.82256025,1.7202669,0.93255615,0.0,0.0,0.0,0
0.47069624,0.0,0.0,2.6241252,0.77118284,0.0,2.0678346,0.842457,2.0298693,0.0,1.1468942,0.015736694,0.0,1.4284496,0.57305276,0.0,0.08944973,0.0,0.48423785,0.0,1.720133,0.68704975,0.8790727,0.41629848,1.0572097,0.0,0.50629324,0.0,0.0,0.0,1.1612538,1.0578119,0.0,0.042000715,0.89835525,0.0,1.2857425,0.0,0.0,0.0,1.8249301,0.0,0.1682218,2.24467,0.0,1.1616551,0.6080975,0.0,0.0,2.2937021,0.0,0.9286036,2.482211,3.0768065,1.8258963,0.94997555,0.7383922,2.646934,0.0,0.0,0.0,2.1410818,1.9614174,0.0,0.0,0.0,0.0,0.0,3.1062725,0.61290175,0.62039065,0.71473455,0.0,0.0,1.5771501,0.40719044,0.8611828,0.20222516,0.0,0.0,0.0,0.08709101,0.0,0.22735116,0.0,0.76329434,0.6272124,1.109093,0.0,0.0,1.5698768,0.0,0.0,1.1951892,1.1585689,0.0,0.42822278,0.9358651,0.25868544,1.4731549,0.40541342,1.1975393,0.0,2.894317,0.0,0.5939366,0.0,0.0,0.0,2.1298606,1.7863078,1.5006578,0.0,0.0,0.7417915,2.306356,0.09743904,0.0,0.5982026,0.0,2.8500202,0.3314615,0.66634035,1.2592486,0.99437803,0.0,0.0,0.0,0
0.0,0.0,0.0,2.2282453,0.6456528,0.0,2.088192,0.8381915,1.9905891,0.0,0.6706158,0.0,0.0,1.9759433,0.71062416,0.209303,0.89122975,0.0,0.43783027,0.0,0.9477769,0.471329,0.8823138,0.28588817,0.8969972,0.0,0.8327297,0.0,0.0,0.0,1.1079745,0.0,0.2905053,0.058740187,0.3362701,0.0,0.8896606,0.0,0.0,0.0,1.8674974,0.0,0.3301297,1.9671265,0.0,0.66481143,0.0,0.0,0.0,2.2802916,0.0,0.37563175,2.0275178,3.1978455,2.3986077,1.2069147,0.6780357,2.6389513,0.0,0.0,0.0,2.2906282,1.6136123,0.0,0.0,0.0,0.0,0.0,3.1408713,0.0,0.8193233,0.843947,0.0,0.0,1.4347401,0.023506932,1.3399606,0.0,0.45966017,0.0,0.0,0.0,0.0,0.14203188,0.16810438,0.25549644,0.0,1.1703498,0.0,0.0,0.999965,0.0,0.0,2.0958803,0.46035588,0.0,0.9984436,1.5338913,0.24138747,2.8261204,0.1663532,1.7580644,0.0,3.2907217,0.0,0.7514196,0.0,0.0,0.0,2.1407335,1.6060152,1.3510019,0.0,0.0,1.480309,2.3123608,0.274511,0.0,0.0,0.23872302,2.986849,0.0,0.7205669,2.3447943,1.7036052,0.0,0.0,0.0,0
2.139961,0.0,1.9567269,0.38512927,2.0015385,0.3116804,0.78783894,1.4239898,0.22217128,0.0,0.42623657,2.1409912,0.5354366,0.11241026,1.5817035,0.0,0.0,0.0,1.7648768,0.43579033,0.0,3.1368792,1.6983153,0.8102956,2.832334,0.0,0.0,0.0,0.0,1.7315891,2.1855245,3.005996,0.0,1.7354136,2.0686693,1.6738044,0.23004219,0.0,0.0,0.0,0.9906122,0.0,1.0041054,1.1197263,0.2661099,0.7726407,1.6568699,0.0,1.2893456,1.9332283,0.0,1.5916103,0.048909206,0.9183605,1.031593,2.0104446,1.9786444,0.23898801,0.0,0.0,0.0,0.14751603,0.99561125,0.0,0.0,0.0,0.10709498,1.3578116,2.4017594,1.9392166,0.4152054,2.4757338,0.11655835,0.0,1.1076095,1.096313,0.4602414,0.46111083,0.0,1.0231047,0.0,0.0,0.0,0.0,0.20999354,0.7871559,2.281046,0.56994563,0.0,0.0,2.0408747,0.0,0.80027884,0.60362667,2.2700207,0.0,0.0,0.0,2.4224806,0.0,0.4573768,0.1558893,0.0,0.43114284,0.0,2.4834204,0.0,0.0,0.0,1.5392712,0.20798695,0.67697495,0.0,0.0,1.6378365,1.3364797,0.9791752,0.0,0.0,0.74850535,1.2807771,1.4451548,0.5423118,0.17453186,2.36461,0.0,0.114545576,0.0,1
1.5877359,0.0,2.0968049,0.322462,2.0974562,0.026909338,0.72681034,1.4796319,1.0405191,0.0,0.92893356,0.8936369,1.127703,0.693704,1.2472488,0.0,0.0,0.0,1.8830495,0.016016586,0.0,2.7096994,2.1313815,0.3081556,2.5036974,0.0,0.0,0.0,0.0,1.0278562,2.2194,2.7494166,0.0,0.9975295,1.2315084,0.9424695,0.8415609,0.0,0.0,0.0,1.1716566,0.0,1.3228058,1.030753,0.5908038,0.73944706,1.353091,0.0,1.3946862,2.2134886,0.0,1.0439063,0.77046525,0.7799804,0.7639524,1.7327522,1.9357681,0.7028314,0.0,0.0,0.0,0.0,1.9668355,0.0,0.0,0.0,0.0,0.9015156,1.8005561,1.8465474,0.99254996,1.9535677,0.0,0.0,0.6879049,1.8732812,0.53052044,1.3716114,0.0,1.4416813,0.0,0.54358613,0.0,0.0,0.0,1.4726205,1.4326814,0.91250795,0.0,0.0,3.0287127,0.0,0.7883595,0.5644603,2.3006618,0.0,0.0,0.0,1.641368,0.0,1.19043,0.0,0.0,1.1106787,0.0,2.4143453,0.0,0.0,0.5379884,1.7156681,1.10643,0.85803765,0.0,0.0,0.0,1.5343149,0.6102527,0.0,0.7100591,0.6116575,0.6742,1.6040602,0.1614771,0.49164212,2.026313,0.0,0.0,0.0,1
2.5711389,0.0,2.5359206,0.9225687,2.0716918,0.0,0.6734802,1.7106335,0.5801725,0.0,0.0,0.9861964,0.7049879,1.1499059,1.6978078,0.0,0.0,0.0,2.2843974,0.4412527,0.0,2.6818693,1.8530664,0.86585736,1.9019676,0.0,0.0,0.0,0.0,1.5314608,1.7679461,2.268472,0.0,1.0534704,1.065782,1.8500326,0.0,0.0,0.0,0.0,0.81497896,0.0,1.3574017,0.8367264,0.34518024,0.31789574,1.6442218,0.0,1.4956074,2.0921125,0.35863763,1.1423978,0.5112989,0.56850666,0.91194516,2.0709033,2.7750332,0.60534436,0.0,0.0,0.0,0.45323646,0.80427635,0.0,0.0,0.0,0.0,1.2343732,2.5150192,1.4790995,0.37782842,2.8922439,0.09430424,0.0,0.63862324,1.7126725,0.428313,1.097024,0.0,0.87758213,0.0,0.0,0.0,0.0,0.0,0.92590225,1.1670043,0.8667633,0.0,0.0,2.4776893,0.0,0.1763076,0.59388953,2.5539615,0.0,0.0,0.0,1.4502698,0.0,0.7647481,0.20037687,0.0,0.65474284,0.0,2.4682205,0.0,0.0,0.64234656,1.5430468,0.3013142,0.706752,0.0,0.0,0.7839051,0.76328874,0.993131,0.0,0.0,1.2924366,0.24151304,1.6967885,0.9641489,0.25869635,2.3936102,0.0,0.0,0.0,1
2.6428483,0.0,2.2076013,0.55343163,1.8806466,0.64005053,0.88239926,1.3715966,0.602276,0.0,0.75223804,1.1929977,0.9478632,0.609712,1.6781685,0.0,0.06376434,0.0,1.862073,0.21468891,0.0,2.5016236,2.3106697,0.51156867,1.5899692,0.0,0.0,0.0,0.0,1.4894373,2.0696359,2.6312702,0.0,0.58053577,1.0639482,1.6031955,0.29772335,0.0,0.0,0.0,1.1471151,0.0,0.8186534,0.6564703,0.34359953,0.7502138,1.484097,0.0,0.8462883,1.7949512,0.0,0.9365439,0.8333818,0.66052496,0.9410602,1.8717642,2.6543353,0.7523744,0.0,0.0,0.0,0.98891735,0.6501441,0.0,0.0,0.0,0.0,0.8284878,2.1466544,0.8166069,0.48829526,1.9932507,0.0,0.0,0.32813147,1.7714278,1.0400059,1.1251667,0.0,0.84038776,0.0,0.3109241,0.0,0.0,0.0,1.483581,1.4277501,0.6294518,0.0,0.0,3.5983448,0.0,0.52388656,0.78951806,2.6416376,0.0,0.0,0.0,1.1778142,0.0,0.9136843,0.5234854,0.0,1.2398363,0.0,2.1382656,0.0,0.0,0.7176533,1.7116926,0.51761866,0.8653393,0.0,0.0,0.0,1.1403167,0.49413896,0.0,0.0,1.4347291,0.8483259,1.8392085,1.1116862,0.40316904,2.0257413,0.0,0.0,0.0,1
2.259931,0.0,2.3202996,0.0,2.386268,0.4606398,0.6778229,1.7914035,0.0,0.0,0.11947779,2.121085,1.1698899,0.0,1.2779746,0.0,0.0,0.0,2.0124056,1.3143035,0.0,3.059985,2.2572458,1.0519967,2.5349746,0.0,0.0,0.0,0.42663777,2.0953658,2.471936,3.2937145,0.0,1.8033721,1.9104793,2.2961552,0.0,0.0,0.0,0.0,0.64336735,0.0,1.4618031,1.0047046,0.5495946,0.39671615,2.026512,0.0,1.4418459,2.0854146,0.32605147,2.362452,0.14145245,0.26712,0.2903056,2.508548,2.6096728,0.0,0.0,0.0,0.0,0.06661205,0.91158634,0.0,0.0,0.0,0.0,1.9923403,1.9311304,2.1978457,0.0,2.6672914,0.0,0.0,0.73590577,1.3485489,0.4436864,1.1195604,0.0,1.3143702,0.0,0.0,0.0,0.0,0.0,0.49811843,1.976675,0.5350889,0.0,0.0,2.3157194,0.0,1.1619216,0.29769188,2.0887914,0.0,0.0,0.0,2.4172473,0.0,0.42123196,0.0,0.0,0.5615577,0.0,2.78854,0.0,0.0,0.101294406,1.1002606,0.0,0.46741563,0.0,0.0,1.2490355,0.88461393,1.0402408,0.0,0.0,1.4433247,0.77022845,1.9267575,0.3811203,0.028498875,2.6667318,0.0,0.028228348,0.0,1
3.0045297,0.0,3.3323922,0.7387749,2.5315905,0.0,1.4684377,1.8064897,0.24372521,0.0,0.03129421,0.9700766,1.4899318,0.74977964,2.0716283,0.0,0.0,0.0,2.120224,0.5545084,0.0,3.242017,1.4520253,1.3904567,2.4620175,0.0,0.0,0.0,0.0,1.8139338,1.7413445,2.1936886,0.0,2.4117076,1.4158226,2.220798,0.0,0.0,0.0,0.0,0.3562585,0.0,1.6801603,0.34217253,0.517211,0.66245973,2.033386,0.0,2.1393101,1.7690531,0.3200984,1.6189142,0.0,0.10820028,0.49398845,2.247608,2.6178648,0.0,0.0,0.0,0.0,0.0,0.86278564,0.0,0.0,0.0,0.0,1.6599815,1.8959923,1.7118676,0.0,2.7883773,0.0,0.0,0.12777294,2.5807688,0.12236657,1.7162329,0.0,1.6733134,0.0,0.0,0.0,0.0,0.0,0.0,1.3026205,0.0,0.0,0.0,2.3054824,0.0,0.74822295,0.42491725,2.3037746,0.0,0.0,0.0,2.0794961,0.04400751,0.798812,0.0,0.0,0.52342665,0.0,2.5593872,0.0,0.0,0.0,1.6720932,0.10541568,0.1089326,0.0,0.0,1.8665043,0.5485945,0.7366663,0.0,0.0,1.6842477,0.0,2.1074164,0.45760554,0.40057683,2.3336697,0.0,0.0,0.0,1
0.2639071,0.0,0.0,2.0838056,0.29646373,0.0,1.5997351,0.9339195,0.5982072,0.0,1.3800361,0.0,0.3690641,3.0417736,0.30089396,0.0,0.13851056,0.0,0.3813678,0.0,0.99161893,1.1344943,0.9439586,0.0,0.0,0.0,0.5892832,0.0,0.0,0.0,0.6798943,0.4622918,0.0,0.07543686,0.095284216,0.19750483,0.76751125,0.0,0.0,0.0,1.2378658,0.0,0.5826417,1.8451635,0.0,0.0,0.19250709,0.0,0.0,2.9647264,0.0,0.0,1.2709174,3.7046816,2.1578298,0.7817053,0.06759108,3.0853078,0.0,0.0,0.0,1.2294791,1.8554068,0.0,0.0,0.0,0.06475303,0.0,3.427553,0.0,0.49445483,0.40877652,0.0,0.0,1.9060373,0.0,1.4788421,0.08265317,0.6794643,0.0,0.0,0.0,0.0,0.0,0.48738816,1.2414528,0.032858457,0.32000166,0.0,0.0,1.0161455,0.0,0.08837472,1.7026651,0.5867568,0.0,0.772225,1.620717,0.0,2.7213671,0.0,2.2829905,0.0,3.250051,0.0,0.26581442,0.0,0.0,0.0,1.8639042,2.022653,1.6667023,0.0,0.0,0.46137244,2.3754768,0.5787768,0.0,0.0,0.041232213,2.3276896,0.03658993,1.3197539,2.4300706,0.0,0.33766514,0.0,0.0,0
0.0,0.0,0.0,2.0708418,0.057853438,0.0,1.9139578,0.2503041,1.7852877,0.0,0.94397134,0.0,0.18098386,1.6350443,0.45443082,0.0,0.61483365,0.0,0.1301824,0.0,1.0472248,0.6208119,0.36459318,0.0,0.0,0.0,1.0275143,0.0,0.0,0.0,0.49817652,0.50768244,0.0,0.0,0.56992024,0.0,1.363226,0.0,0.0,0.0,1.563419,0.0,0.32885322,2.2580826,0.0,0.66038024,0.0,0.0,0.0,2.5362554,0.0,0.19535618,1.5112928,3.509027,1.9792866,1.0629349,0.77376443,2.8766322,0.0,0.0,0.0,2.453058,1.4099253,0.0,0.0,0.0,0.0,0.0,3.2253015,0.0,1.5195844,0.22216685,0.0,0.0,1.9215965,0.0,1.6272529,0.09800149,0.7120784,0.0,0.0,0.0,0.0,0.25023112,0.45591235,1.4148643,0.14248535,1.4974747,0.0,0.0,1.9091138,0.0,0.0,2.097466,0.7264504,0.0,0.9672117,1.322034,0.1964282,2.777306,0.0,2.051702,0.0,2.959573,0.0,0.0,0.0,0.0,0.08927504,2.5381153,1.7751223,1.4136971,0.0,0.0,0.26499024,2.1332986,0.35314676,0.0,0.0,0.0,2.9112048,0.0,1.1954907,2.2726305,0.7171587,0.0,0.0,0.0,0
0.0,0.0,0.00012213318,1.1746737,0.93182373,0.04167232,1.6445166,0.76980895,1.8230385,0.0,0.92698234,0.0,0.41518158,0.85116875,0.40469164,0.0,0.04422224,0.0,0.7698355,0.0,0.50100553,0.6911776,0.1717839,0.6402856,0.20207779,0.0,0.0,0.0,0.05908452,0.0,0.8542285,1.7570957,0.0,0.30993092,0.39366478,0.0,0.2833362,0.0,0.0,0.0,2.215206,0.0,0.42316076,2.1301994,0.0,0.40932962,0.0,0.0,0.0,2.5088735,0.0,0.578613,1.4191126,2.6680226,1.2235128,2.2020266,1.6171949,1.7597538,0.0,0.0,0.0,2.4346404,0.965691,0.0,0.0,0.0,0.0,0.5187322,2.4815178,0.0564298,1.5317485,0.57794285,0.0,0.0,1.382921,0.82410645,1.6855716,0.0,0.036505617,0.014537463,0.0,0.0,0.0,0.15479623,0.036724567,1.1526717,0.56724805,1.2419204,0.0,0.0,1.9837984,0.0,0.0,1.5423703,0.951506,0.0,0.34690592,0.84639955,0.3152802,2.2959955,0.064622276,1.4163884,0.0,2.7752302,0.0,1.0057563,0.0,0.0,0.459522,1.6741304,1.0659072,1.3800774,0.0,0.0,0.49339393,1.4955244,0.02930432,0.0,0.0,0.8444056,2.7481291,0.17342104,0.17783006,2.044204,1.7949939,0.0,0.0,0.0,0
0.70801586,0.0,0.34196126,0.9437135,0.92631996,0.09352906,0.78978395,0.81366277,1.6229985,0.0,1.0026199,0.4909361,0.0,1.2674625,0.8017717,0.0,0.0,0.0,0.7019609,0.0,0.2690067,1.1808751,1.5253385,0.06327271,1.2136179,0.0,0.0,0.0,0.16108303,0.27340734,1.6223124,2.1601868,0.0,0.19606945,0.714943,0.0,1.0022702,0.0,0.0,0.0,2.1379683,0.0,0.16302887,2.3362393,0.106719255,1.3374342,0.6832206,0.0,0.2530541,2.889729,0.0,1.4112426,2.2111764,2.460826,2.076956,1.1834507,1.0497367,1.9079416,0.0,0.0,0.0,1.9897949,2.2554924,0.0,0.0,0.0,0.0,0.0,2.517009,0.93770427,1.3887496,1.2977768,0.057047818,0.0,1.6537359,0.3970397,1.3606658,0.43002015,0.0,0.0,0.0,0.0,0.0,0.53805107,0.0,1.3859072,1.0482733,1.509072,0.0,0.0,2.4253337,0.0,0.0,1.1647964,1.3502127,0.0,0.0,0.1133791,1.0193734,1.1571372,0.3406899,1.22508,0.0,2.0528154,0.0,1.168776,0.0,0.0,0.7831906,1.6842211,1.2078326,1.6211877,0.0,0.0,0.1349378,1.8746097,0.16100502,0.0,0.09130895,0.0759273,2.8803957,0.3108011,0.4490427,0.92405933,1.6660466,0.0,0.0,0.0,0
0.7410755,0.0,0.49222887,2.312176,0.6822983,0.0,2.0177789,0.37232965,1.1537911,0.0,1.1711502,0.0,0.76740295,0.5781996,1.8952867,0.0,0.0,0.0,0.0,0.0,1.5703958,0.8583503,0.66846454,0.0,1.2216076,0.0,0.912381,0.0,0.0,0.0,1.0176487,1.0922848,0.0,0.31322253,0.18239658,0.0,0.30486304,0.0,0.0,0.0,1.1727281,0.0,0.5153199,2.0910714,0.0,1.5676632,1.063307,0.0,0.21324047,3.1611342,0.0,0.555262,1.7153394,3.7207985,2.1591365,0.57781124,0.73046595,2.498557,0.0,0.0,0.0,1.4359306,1.3128633,0.0,0.0,0.0,0.0,0.8991242,2.876209,0.0,0.11188682,0.004230964,0.0,0.0,1.9036936,0.14928739,1.230174,0.0,0.0,0.19382882,0.0,0.0,0.0,0.901725,0.058121055,0.7039235,0.4906284,1.8790106,0.0,0.0,1.729237,0.0,0.7613851,1.7430233,0.5250142,0.0,0.44505507,0.96053576,0.37157637,1.6094534,0.9384279,1.6599908,0.0,2.375752,0.0,0.44034606,0.0,0.013489509,0.0,1.9200932,1.1088493,1.3727964,0.0,0.0,0.6804179,2.935657,0.78886116,0.0,0.0,0.0,2.504423,0.29196492,0.61408114,1.6721878,0.0,0.0,0.0,0.11432388,0
1.7367156,0.0,2.3780184,0.4821372,1.8583535,0.0,0.37311363,1.4640641,0.0,0.0,0.7441607,1.202273,0.6210642,0.99366117,1.2531937,0.0,0.0,0.0,1.769661,0.36952287,0.0,3.403773,1.5720907,0.6591838,1.8718871,0.0,0.0,0.0,0.36527154,2.0178876,1.9877278,2.826226,0.0,1.8909678,1.8272887,2.1772614,0.0,0.0,0.0,0.0,0.8702186,0.0,1.4478204,1.1296788,0.46904653,0.47620735,2.1660502,0.0,1.3959732,2.1018953,0.6727805,1.6394833,0.8323281,0.15093893,0.7409235,1.9379128,2.0141437,0.6757412,0.0,0.0,0.0,0.0,1.4325733,0.0,0.0,0.0,0.0,1.6254311,1.9634731,1.6846436,0.4894629,2.8774881,0.0,0.0,1.3595248,1.5805078,0.60553324,1.040079,0.0,1.6591359,0.0,0.051057648,0.0,0.0,0.0,0.9504393,2.143364,1.2536407,0.0,0.0,2.0537617,0.0,0.5528865,0.7191027,2.4168642,0.0,0.0,0.0,2.0720344,0.34464306,0.702277,0.41878015,0.0,1.1618233,0.0,2.5883965,0.0,0.0,0.53519315,1.6272625,0.0,0.95225745,0.0,0.0,0.8397801,0.8189571,1.0447421,0.0,0.0,0.55785465,1.1728067,1.4432805,0.39864382,0.19521788,1.6681662,0.0,0.34685454,0.0,1
1.4293299,0.0,2.4556165,1.3778018,2.4995463,0.0,1.7765043,1.3311415,0.0,0.0,0.8662824,0.82743025,1.3649485,0.0,1.6612234,0.5375717,0.59376794,0.0,1.4385006,1.1298959,0.0,3.0109959,0.0,1.3287455,2.155756,0.0,0.41331246,1.0140865,0.0,1.4252876,2.385054,1.0804651,0.0,2.1869786,0.9559601,1.9935685,0.0,0.0,0.0,0.0,0.0,0.0,1.263516,0.99393964,0.0,0.0,1.0776491,0.0,0.9791695,1.6460358,1.1122653,2.4966586,1.1906617,1.0809934,0.92839813,2.1492007,0.4728392,0.81298584,0.0,0.0,0.0,0.0,0.058505516,0.0,0.42750245,0.0,0.0,1.4954041,1.9784338,1.7107551,0.0,1.9444221,0.0,0.0,0.14287587,1.1856611,0.21653022,1.8025372,0.0,2.0639565,0.0,0.18666823,0.0,0.06553408,0.5853112,0.0,0.0,0.73327196,0.0,0.0,1.8527204,0.0,1.4269783,1.0692431,1.5064563,0.0,0.39452052,0.015621398,2.3709478,1.3462943,2.0718007,0.038635258,0.0,0.6507944,0.0,1.1439853,0.0,0.569275,0.0,1.6826833,0.5282737,0.32879373,0.0,0.0,2.7792246,1.1300564,0.63925135,0.0,0.0,0.0,0.0,1.8258126,0.17149861,1.4807434,1.552567,0.0,0.0,0.52462727,1
0.38066176,0.0,0.5360611,2.9341412,1.1088166,0.0,2.5595143,0.7185054,1.2585934,0.0,0.85605484,0.0,0.6358166,1.7251644,0.79097635,0.0,0.49000108,0.0,0.84363264,0.0,1.1397471,0.9129882,0.72963613,0.100447066,0.5323688,0.0,0.9975451,0.0,0.0,0.0,0.9210046,0.608708,0.0,0.48990068,0.749282,0.529149,1.2251434,0.0,0.0,0.0,0.8353805,0.0,0.15693769,1.5934848,0.0,0.39568388,0.39470854,0.0,0.09908996,2.8030396,0.0,0.28621584,1.5680505,2.7018685,1.6842697,1.4129996,0.950056,2.2376666,0.0,0.0,0.0,1.6965905,1.803717,0.0,0.0,0.0,0.0,0.23412575,2.940329,0.0,0.27311206,0.84361523,0.0,0.0,1.8551302,1.0161364,1.2760149,0.16887645,0.42926258,0.2702179,0.0,0.1833107,0.0,0.0,0.228145,0.6623714,0.0,1.1304673,0.0,0.0,1.5069219,0.0,0.0,1.12252,0.7322536,0.0,1.0423411,0.6850345,0.24390237,2.1973584,0.39377546,1.4402876,0.0,2.4955664,0.0,0.4174935,0.0,0.30546167,0.0,2.395474,1.8718159,1.0258832,0.0,0.0,1.4073589,2.3973336,0.47923493,0.0,0.0,0.0,1.8325349,0.7436084,0.83631957,2.2252724,0.6174105,0.0,0.0,0.0,0
0.0,0.0,0.0,1.3571428,0.0,0.0,1.6865782,0.0,0.0,0.0,2.176694,0.0,1.2145865,1.3881681,0.31357315,0.0,0.0,0.0,0.0,0.0,0.5083615,1.0959193,0.23002014,0.7727079,1.0013816,0.0,0.81563145,0.0,0.0,0.0,0.2648856,1.3324357,0.0,0.0,0.27881163,0.19982298,0.27766883,0.0,0.0,0.0,1.032032,0.0,0.23864928,2.3765328,0.0,2.0450146,0.041810986,0.0,0.0,2.1340904,0.0,0.49405771,0.50116485,3.3211951,2.514351,0.0,0.5334899,2.8948264,0.0,0.0,0.0,2.9761178,1.909634,0.0,0.0,0.0,0.5259708,0.0,4.059673,0.0,1.3220114,0.16434021,0.2473731,0.0,2.8575163,0.26020885,0.8939777,0.0,1.3872966,0.46094078,0.0,0.09048916,0.0,0.11801816,0.95298755,0.7158314,0.0,0.13643998,0.0,0.0,1.5890647,0.0,0.6158565,1.9358203,0.52947456,0.0,0.0,0.4836354,0.26181227,2.6425369,0.0,1.3794066,0.0,3.3928359,0.0,0.0,0.0,0.37882212,0.0,0.7597766,1.9402654,1.7357287,0.0,0.0,0.70696807,1.2366964,0.0,0.0,0.0,0.0,2.7311208,0.30040556,0.88879794,2.458779,0.0,0.18527049,0.0,0.0,0
1.9127128,0.0,1.9977775,0.0,1.7098025,0.12149522,0.0,1.0298039,0.0,0.0,0.03423105,1.2738054,1.6392136,0.0,1.2991918,0.0,0.0,0.0,2.3125122,1.1034648,0.0,2.7341053,0.6269473,0.6460128,3.0746832,0.0,0.0,0.0,0.21131451,0.8182947,1.7959661,2.3662822,0.0,1.5925763,1.8769053,1.3191518,0.0,0.0,0.0,0.0,1.1268076,0.0,1.5843118,1.0804342,0.92904,0.68090236,1.1408116,0.0,1.6550758,0.6177079,0.6208881,2.418963,0.1081479,0.77912676,0.780668,2.1175199,2.4268377,0.0,0.0,0.0,0.0,0.6217972,1.7433982,0.0,0.0,0.0,0.087147154,1.519393,2.001744,2.4403384,0.780764,2.5079029,0.0,0.0,0.61362696,0.9806948,1.1166323,0.6748556,0.0,1.2992942,0.12679493,0.28227293,0.0,0.0,0.0,0.69454086,1.3296103,0.53866917,0.0,0.0,2.3027656,0.0,1.9062663,1.0612507,2.611109,0.0,0.0,0.0,2.2254887,0.36531657,0.46399203,0.0,0.0,1.0238487,0.0,2.7520235,0.0,0.0,0.4886184,1.2427417,0.2394633,0.73821706,0.0,0.0,0.36674756,1.3511505,0.62254155,0.0,0.29825968,1.126646,1.2089571,0.70222825,0.72377986,0.48534226,2.5695732,0.0,0.20028283,0.0,1
0.7264141,0.0,0.98349434,0.2942716,0.8963898,0.12186672,0.80544925,1.1867267,0.0,0.0,1.5303787,0.74036646,0.9515862,0.0,1.1583043,0.0,0.0,0.0,1.8424928,1.0866599,0.10206782,2.0903478,0.0,0.49219,2.5762994,0.0,0.0,0.24313615,0.16409723,1.0774839,1.2391416,2.1927123,0.0,1.169968,1.247202,0.13966148,0.57881594,0.0,0.0,0.0,1.0159786,0.0,0.7258894,1.2183706,0.60924125,0.8675742,0.0,0.0,0.76878047,1.3804424,0.99155205,1.6404799,0.8732304,1.5240531,2.0727248,1.4718418,1.524329,0.88530016,0.0,0.0,0.0,1.2107977,1.1619797,0.0,0.0,0.0,0.0,1.0448306,2.4710705,0.9671508,0.95691603,2.0383573,0.0,0.0,1.2601538,0.28453267,0.88113606,0.1965843,0.0,1.1325005,0.0,0.0,0.0,0.10083719,0.0,0.8848004,0.015671667,0.26242933,0.0,0.0,1.7427179,0.0,1.4044881,0.9444905,1.4348919,0.0,0.0,0.0,1.7414589,1.5398519,0.96161467,1.1063164,0.0,1.6707246,0.0,1.8930299,0.0,0.0,0.13927749,0.72640526,0.5651939,0.8150508,0.0,0.0,0.8755659,0.6778294,0.21548668,0.0,0.0,0.7136503,1.4756252,0.80085,1.1692011,0.8729106,2.1858594,0.0,0.12067347,0.0,1
0.50617075,0.0,0.0,1.9144794,0.21451277,0.0,1.3074124,0.3784502,0.25573403,0.0,1.2597287,0.46515504,0.0,1.7332498,0.50058764,0.0,0.0,0.0,0.0,0.0,0.8029633,1.146044,0.5792047,0.0,1.0294195,0.0,0.033375878,0.0,0.0,1.2668002,1.1061822,1.3363208,0.0,0.0,0.6212101,0.45378587,0.8213493,0.0,0.0,0.0,1.3924125,0.0,0.08365521,2.2703514,0.0,1.7543166,0.32288226,0.0,0.36708173,2.4802947,0.41958398,0.84227955,2.1852129,3.2662961,2.52557,0.0,1.2876785,2.7892377,0.0,0.0,0.0,2.1278827,2.6093247,0.0,0.0,0.0,0.14049725,0.39687443,3.3414083,0.28665107,1.0868325,1.3350244,0.39847898,0.0,1.8419039,0.18911515,1.9553994,0.012925931,0.5288883,0.04023176,0.0,0.36060607,0.0,0.5965262,0.0,1.5995009,0.0,0.3070157,0.0,0.0,2.4823759,0.0,0.0,1.3079548,1.1529158,0.0,0.0,0.0,0.19505118,1.0511256,0.4147561,1.5464026,0.0,2.1424549,0.0,0.80707425,0.0,0.0,0.13420704,1.6667796,1.1365123,1.8076907,0.0,0.0,0.7684312,0.99648035,0.0319537,0.0,0.040535394,0.39638475,2.6915295,0.26253325,0.78870237,1.1162273,1.0212659,0.25084493,0.0,0.0,0
2.1571207,0.0,1.7379143,0.0,2.0995793,0.6148592,0.0,1.1313963,0.0,0.0,0.0,2.6890273,0.25161108,1.0634086,1.2997905,0.0,0.0,0.0,2.0172732,1.5943002,0.0,1.7797225,1.6594306,1.5201287,1.9426291,0.0,0.0,0.0,0.0,2.7309031,1.9423637,3.3431835,0.0,1.8979734,1.2931854,3.09296,0.0,0.0,0.0,0.0,0.0,0.0,1.7727681,0.032595523,0.9990248,0.0,1.6090105,0.0,2.4823406,0.65827185,0.0,2.5363488,0.0,0.19751467,1.3275988,1.5488696,2.671109,1.9306204,0.0,0.03268826,0.0,1.2595721,0.51787853,0.0,0.0,0.0,0.27382758,0.40819848,1.7179606,1.573056,0.0,2.2393012,0.0,0.0,0.4151616,1.9579264,0.0,0.092438884,0.0,0.6095039,0.0,0.0,0.0,0.08461425,0.0,0.4036668,2.2599344,0.0,0.65285474,0.0,1.787619,0.0,1.7700154,0.6152685,2.7644334,0.0,0.0,0.0,1.7091738,0.0,0.0,0.0,0.0,0.0,0.0,2.491178,0.0,0.0,0.37896135,0.8864187,0.0,0.46931762,0.8633396,0.0,0.443665,0.0,1.1796274,0.0,0.68150246,3.0579755,0.9979205,2.0369797,0.39050233,0.0,2.5072348,0.0,0.1558239,0.0,1
1.9580003,0.0,1.6163456,0.40581894,1.956627,0.0,0.27690876,0.9539243,0.0,0.0,1.2757052,1.6394197,0.7685418,0.0,1.7748961,0.0,0.0,0.0,2.0516677,2.3993466,0.0,2.56051,0.0,1.6630166,3.370648,0.0,0.6423757,1.6558021,0.0,2.0568933,2.36229,2.3012416,0.0,3.8066883,1.5114716,1.6425072,0.0,0.0,0.0,0.0,0.16466796,0.0,1.7383126,1.2770294,0.0,0.83169526,0.45474634,0.038586378,1.6766163,2.0726285,1.1324061,2.5402834,0.08254213,0.59164095,1.6287191,2.1802475,1.2700949,0.0,0.0,0.0,0.0,0.0,0.95777357,0.0,0.21597889,0.0,0.25874302,2.5331953,1.8817348,0.88762957,0.0,2.3850272,0.0,0.0,0.8272016,0.0,0.0,1.0554779,0.0,1.5642768,0.0,0.0,0.0,0.2350495,0.0,0.23650429,1.0725238,0.8950516,0.0,0.0,1.6105472,0.0,2.1775374,0.39424363,1.3889817,0.15319633,0.0,0.268015,2.3144429,0.12954506,1.7448492,0.0,0.0,0.0,0.0,1.7118846,0.0,0.64325833,0.0,0.82174253,0.0,0.7075763,0.0,0.0,1.9378579,1.1609979,0.8104265,0.0,0.0,0.0,0.42542496,1.6592073,0.42160496,0.0,2.3317156,0.3431865,0.0,0.3277243,1
0.22945093,0.0,0.89232516,1.0158304,0.99985075,0.36466107,1.2012973,0.33272803,0.5583067,0.0,0.79196745,1.0818923,0.23092632,0.0,0.8209465,0.0,0.0,0.0,0.6580051,0.12728336,0.8832785,1.6566391,0.41275954,1.2308984,1.3567449,0.0,0.09269033,0.37044632,0.2213947,0.62823874,1.1705971,1.2086445,0.0,0.8813617,1.2403585,0.64997226,0.5277853,0.0,0.0,0.0,1.288933,0.0,0.2630184,2.007623,0.0,1.4875027,0.22781706,0.0,0.84919024,1.4716468,0.5896874,1.968969,1.0913948,2.1923573,1.4876153,1.3359015,1.2015461,1.8409579,0.0,0.0,0.0,2.2814326,0.9867641,0.0,0.0,0.0,0.0,0.0,2.8692975,0.5569764,1.0633211,0.8264414,0.0,0.0,1.4119239,0.0,1.3823973,0.023570545,0.4641333,0.012177119,0.0,0.0,0.0,0.29605025,0.47409925,0.12977836,0.86514467,1.2438029,0.0,0.0,1.7628888,0.0,0.6722238,1.3282461,0.46579283,0.117461205,0.014093729,0.3326684,0.71766716,1.1348058,0.91356117,1.7248636,0.0,1.9616011,0.0,1.5353599,0.0,0.0,0.0,1.5166606,0.9119636,0.98745066,0.0,0.0,1.2035534,2.7563002,0.1321541,0.0,0.29244447,0.259205,2.5853193,1.1320201,0.6383822,1.2405689,1.7602763,0.0,0.0,0.14568144,0
1.3527476,0.0,0.0,0.5014054,1.1037602,0.26878545,0.6249856,0.7275193,0.33094707,0.0,1.6854527,1.7224445,0.18579818,0.62897104,0.45228475,0.0,0.0,0.0,1.4009309,0.14532949,0.0,1.9555273,1.2528973,1.3609817,2.7784376,0.0,0.0,0.0,0.15279119,0.9641345,1.2369212,3.2033334,0.0,0.033984493,1.1427323,0.43687057,0.0,0.0,0.0,0.0,1.6956633,0.0,0.2733406,2.7978637,0.0,2.2316616,0.7733668,0.0,1.2245774,2.4227815,0.33035475,2.271019,2.2595983,2.1542704,1.6432813,0.12964898,1.1893697,1.0799036,0.0,0.0,0.0,1.9673979,2.6516216,0.0,0.0,0.0,0.5120014,0.57046366,3.1573954,1.3868896,0.8521134,1.1349082,0.8887079,0.0,1.2115804,0.3115269,0.34325182,0.41830593,0.0,0.45868117,0.0,1.0682908,0.0,0.39355215,0.0,0.90461123,1.1997248,0.44118962,0.0,0.0,1.6817149,0.0,0.68125206,0.49636495,1.9083818,0.0,0.0,0.0,1.406285,0.8585607,0.4126811,0.0,0.0,1.9880861,0.0,1.1522701,0.0,0.0,0.40734875,1.4214743,1.8164533,0.76381475,0.0,0.0,1.2397469,2.0988498,0.013645949,0.0,1.1008639,0.0,2.4565017,0.07044919,0.17576064,0.46553397,0.71813375,0.0,1.2819963,0.0,0
0.94047093,0.0,0.7934241,0.14585544,1.446615,0.14730163,0.48910517,0.88898975,2.3489075,0.0,0.83172685,1.0288702,0.5007167,0.566798,0.70441574,0.0,0.0,0.0,1.5591538,1.4164826,0.058882143,0.5022326,0.922483,0.12137624,1.9207189,0.0,0.0,0.0,0.078001425,0.19342655,0.7498772,2.439556,0.0,0.0,1.0227829,0.0,0.815278,0.0,0.0,0.0,2.0476828,0.0,0.0,1.9770517,0.4678826,1.2002758,0.0417878,0.0,0.114065565,1.881018,0.12732825,1.8830975,1.7215528,1.6691562,1.7893072,0.43646646,1.5341225,0.8843213,0.0,0.0,0.0,2.2966423,1.2164756,0.0,0.0,0.0,0.0,0.0,1.917023,1.1776042,1.1379044,1.7989362,0.12986729,0.0,0.8551621,0.36278698,1.1836883,0.032944746,0.0,0.0,0.0,0.0,0.0,0.21588567,0.0,0.86376476,0.2507446,1.7381847,0.0,0.0,2.7377243,0.0,0.35258776,1.0661201,1.8243792,0.0,0.0,0.0,1.19616,0.9102701,1.6170236,0.14510402,0.0,1.8126185,0.0,1.0428181,0.0,0.0,1.9068927,1.6255473,0.95047796,1.6340892,0.0,0.0,0.0,1.7357717,0.19197434,0.0,0.59187233,1.4604045,2.6083434,0.052148294,1.4981655,0.11208278,2.3530917,0.0,0.0,0.0,0
0.49476925,0.0,0.7970925,1.7631134,1.1287313,0.0,1.7547562,1.003586,0.0,0.0,1.9714959,0.8251958,0.33860546,0.0,0.8483711,0.5354419,0.75376445,0.0,0.5216335,1.2538135,1.0216066,1.4715471,0.0,1.1434164,1.0461574,0.0,1.0467232,0.50260055,0.0,0.08179199,0.8959441,0.073988065,0.0,1.7172387,1.0069796,1.4802235,0.0,0.0,0.0,0.0,0.90085214,0.0,0.42455265,1.6318479,0.104459375,0.53426045,0.4420974,0.1949445,0.0,2.3853827,0.39961207,1.86842,1.3426263,2.8029711,1.8029172,1.1330184,0.4006455,1.1132132,0.0,0.0,0.0,0.27353412,0.6770951,0.0,0.20372823,0.0,0.5411197,0.7211404,2.9815352,0.43858466,0.0,0.51109195,0.0,0.0,1.9502219,0.0,1.2369784,1.0382026,0.97818375,0.47340265,0.0,0.0,0.0,0.5232913,0.97511035,0.0,0.0,0.8490918,0.0,0.0,1.7211591,0.0,0.6990238,1.2183836,0.7217621,0.8701392,0.82567567,1.1945722,1.1904583,1.6144153,1.3304691,1.0241871,0.0,1.547301,0.0,0.0,0.0,1.7105962,0.0,1.9975437,1.4395592,0.84071696,0.0,0.0,2.407501,1.5437022,0.57900596,0.0,0.0,0.0,1.708645,0.40162647,0.29946414,1.9554358,0.74569315,1.587575,0.0,0.0,0
0.0,0.0,0.0,2.1171987,0.73690933,0.0,1.7840586,0.7396079,1.0705582,0.0,0.8833303,0.0,0.3110162,1.5017849,1.3145962,0.0,0.5075349,0.0,0.4586085,0.03599648,1.1166557,0.9309194,0.06637856,0.29497442,1.1317188,0.0,0.9119545,0.0,0.0,0.0,1.187304,0.26225463,0.0,0.7871523,0.64350635,0.0,1.0039394,0.0,0.0,0.0,0.9582808,0.0,0.9208776,1.5231421,0.0,0.26432577,0.3247232,0.0,0.050435934,2.766684,0.0,0.36576205,1.3933125,3.021776,2.0277245,1.1322252,0.33125654,2.1350322,0.0,0.0,0.0,1.5405512,1.1849946,0.0,0.0,0.0,0.0,0.25626948,2.5753572,0.0,0.35896492,0.6957771,0.0,0.0,1.5183485,0.0,1.3664563,0.0,0.0,0.31976873,0.0,0.0,0.0,0.49376568,0.0,0.41221225,0.0,1.3452417,0.0,0.0,1.4504708,0.0,0.0,1.7926166,0.7811678,0.0,0.81651837,1.2021399,0.71043456,2.8870265,0.67206216,1.994261,0.0,2.492984,0.0,0.99873936,0.0,0.0,0.0,2.2425718,1.5964987,1.1017302,0.0,0.0,1.8422846,2.2818027,0.029907906,0.0,0.0,0.0,2.247029,0.25324854,1.0838141,2.1790879,1.1816447,0.0,0.0,0.0,0
2.4094036,0.0,2.3945155,0.048523653,1.8689387,0.3083369,0.563483,1.176444,0.23430032,0.0,0.632217,1.8654277,1.0486153,0.07718225,2.2296245,0.0,0.0,0.0,1.5878124,0.3256113,0.0,3.1519172,1.762607,0.6435272,1.8529688,0.0,0.0,0.0,0.38864365,1.5289066,2.3268266,3.2291965,0.0,1.5892456,1.806254,1.7548734,0.0,0.0,0.0,0.0,0.83416194,0.0,1.6981436,0.5444911,0.6496424,0.0,2.218693,0.0,1.5533512,1.5928032,0.0,1.9498589,0.0,0.4172888,0.5303247,2.4732876,1.9098718,0.5968625,0.0,0.0,0.0,0.19414912,0.8876822,0.0,0.0,0.0,0.050861456,1.4063692,1.5794482,1.526571,0.014658334,2.3505206,0.0,0.0,0.5288911,1.9256499,0.64258057,1.1311942,0.0,1.4095006,0.0,0.038323473,0.0,0.0,0.0,0.9926199,1.7533963,0.6938923,0.0,0.0,2.7663004,0.0,1.0263139,0.63389903,2.395312,0.0,0.0,0.0,1.475347,0.094641715,0.43008035,0.0,0.0,0.82206714,0.0,2.630018,0.0,0.0,0.3835143,1.1217451,0.0,0.84453344,0.0,0.0,0.0,0.76416075,0.9296303,0.0,0.5516722,1.3955977,0.7904611,1.8428564,0.66378653,0.29303804,1.8864856,0.0,0.0,0.0,1
0.834756,0.0,1.7722574,0.6960853,1.6285521,0.364122,1.0219816,1.0620781,0.41102502,0.0,1.2962288,0.9779271,1.31051,0.0,0.31142515,0.20872967,0.0,0.0,1.3245797,0.65749836,0.5163519,1.9595816,0.34857854,1.6517177,2.249412,0.0,0.0,0.7811609,0.8395657,1.4238682,1.5446318,1.7771797,0.0,0.23383255,1.1277623,1.1027688,0.0,0.0,0.0,0.0,1.0425221,0.0,0.85306084,2.275582,0.0,1.6112243,1.1881316,0.0,1.0965397,1.8401057,0.57273674,2.1567066,1.6317477,2.0701327,1.0006715,1.4251504,1.2307855,2.256322,0.0,0.0,0.0,1.2445099,1.1825848,0.0,0.0,0.0,0.0,0.5227376,2.4283931,1.5426052,0.6016775,1.0568899,0.0,0.0,0.7588507,0.2735961,0.8226679,0.745426,0.0,0.8655248,0.0,0.29723817,0.0,0.65813345,0.6199568,0.0,1.4228892,0.6880455,0.0,0.0,1.9695745,0.0,1.3173203,0.97530156,1.3378072,0.18170875,0.0,0.0,2.0644102,1.1035929,1.2414726,1.0039425,0.0,1.606261,0.0,1.4652952,0.0,0.04873141,0.0,1.5547243,0.917533,0.8828694,0.0,0.0,1.3587937,1.7603033,0.16469279,0.0,0.8385941,0.24123447,2.6608546,1.4221936,0.0,0.76071846,1.8874944,0.0,0.0,0.58364505,1
1.9165689,0.0,1.4810017,0.11206816,1.2611834,0.26591277,0.025233332,1.078404,0.5773516,0.0,0.85718685,2.0093694,0.7587925,0.41808152,1.7781569,0.0,0.0,0.0,1.7093934,0.4094254,0.0,2.4014537,2.5318003,0.6355848,1.5514989,0.0,0.0,0.0,0.5313315,1.5716193,1.71484,2.9071047,0.0,0.603949,1.3254472,1.7342435,0.46235088,0.0,0.0,0.0,1.737242,0.0,1.3039364,0.78477514,0.32707292,0.38745105,1.7658981,0.0,0.6029722,1.9659517,0.0,1.6094769,0.66726965,1.0330313,0.85806537,1.2723664,1.5684019,1.048222,0.0,0.07988155,0.0,1.4867815,0.9533501,0.0,0.0,0.0,0.45267364,1.0236919,2.3425074,1.2544807,0.67355156,1.9686829,0.42635775,0.0,1.1022803,1.2904547,0.86817354,0.9003488,0.0,0.8596706,0.0,0.35802427,0.0,0.0,0.0,1.4393749,1.9252609,1.0687674,0.0,0.0,3.0778835,0.0,0.2821332,0.44636688,2.4446995,0.0,0.0,0.0,1.0540649,0.051786214,0.0,0.0,0.0,1.0842025,0.0,2.2874231,0.0,0.0,1.3168867,0.8785839,0.3104549,1.3459105,0.0,0.0,0.0,1.442193,0.74566936,0.0,0.4972251,1.4401636,1.6557627,1.4387631,0.40545714,0.07812767,1.502266,0.0,0.0,0.0,1
0.17443322,0.0,0.0,1.8403836,0.5049455,0.06626795,1.9934211,0.8221402,2.0494342,0.0,0.9930846,0.0,0.429855,1.62448,1.0695931,0.0,0.8689676,0.0,0.013260286,0.0,1.0221694,0.47051382,0.9224566,0.26507443,0.73489,0.0,1.1144121,0.0,0.0,0.0,0.9371515,0.9465893,0.0,0.17588127,0.6157039,0.0,0.52919847,0.0,0.0,0.0,1.7974567,0.0,0.49289218,2.2951837,0.0,0.92593366,0.36277834,0.0,0.0,2.9185097,0.0,0.46432388,1.2266016,3.8359284,2.4513154,1.3800157,1.0079472,2.3898783,0.0,0.0,0.0,2.4259708,1.6479378,0.0,0.0,0.0,0.0,0.0,2.8753254,0.0,0.9481625,0.312913,0.0,0.0,1.6571677,0.49127364,1.3037148,0.0,0.25457582,0.1550112,0.0,0.0,0.0,0.29110703,0.5417459,1.2770203,0.553333,0.89278835,0.0,0.0,1.5239791,0.0,0.0,1.9934022,0.45848888,0.0,0.46711516,1.3675582,0.050837927,2.3155391,0.0,1.687482,0.0,3.0261004,0.0,0.52954954,0.0,0.0,0.0,1.650889,1.4117379,1.5150027,0.0,0.0,1.0587211,1.9899222,0.32405955,0.0,0.0,0.25059244,2.192763,0.36101013,0.7971468,1.5738145,1.167678,0.15832405,0.0,0.0,0
0.0,0.0,0.0,1.257132,0.48727095,0.0,1.7185808,0.9148533,2.0050519,0.0,1.3147712,0.0,0.24460606,1.4371779,0.56441754,0.0,0.0,0.0,0.04551294,0.0,0.15047377,0.35776025,0.9187591,0.23830904,0.85372055,0.0,0.33841565,0.0,0.0,0.0,0.41138327,1.7772247,0.0,0.0,0.4625231,0.0,1.0427425,0.0,0.0,0.0,2.4763556,0.0,0.4321184,2.8365002,0.0,0.94359946,0.0,0.0,0.0,2.5953496,0.0,0.5054879,1.819784,3.4267373,2.0177054,0.52108055,0.8562412,2.3232045,0.0,0.0,0.0,3.2150767,1.7639987,0.0,0.0,0.0,0.0,0.0,2.8718343,0.0,1.4039502,0.04726701,0.0,0.0,2.0901628,0.4600802,1.2707025,0.0,0.28099042,0.0,0.0,0.0,0.0,0.0,0.13984704,1.3787353,0.79802966,1.1251891,0.0,0.0,1.5158936,0.0,0.0,2.019909,1.175937,0.0,0.0,0.43920907,0.042281024,2.153567,0.0,0.7393403,0.0,3.1884575,0.0,0.66337466,0.0,0.0,0.8750372,2.2198453,1.0965459,1.8341074,0.0,0.0,0.33921933,1.9123425,0.0,0.0,0.43292817,0.0,3.2275841,0.0,0.5055372,1.2679443,1.4630113,0.0,0.0,0.0,0
0.0,0.0,0.0,1.6264895,0.4926266,0.0,1.8031011,1.025005,0.0,0.0,1.8375802,0.17231062,0.0,0.043786243,0.525534,0.0,1.0105263,0.0,0.33713266,0.7195152,1.2573556,1.5484564,0.0,1.3462114,1.409266,0.0,0.8419423,0.31899554,0.0,0.0012360727,0.47017992,0.42279395,0.0,2.1260188,0.17546816,0.5100913,0.0,0.0,0.0,0.0,1.3974882,0.0,0.50193334,1.6941959,0.0,0.2985386,0.0,0.0,0.0,2.8174043,0.25424528,0.9694448,1.3474847,3.180242,2.3538396,0.7651423,0.3964049,1.364797,0.0,0.0,0.0,0.84598255,1.6776779,0.0,0.36165673,0.0,0.6642052,1.0717242,3.7010355,0.0,0.14626503,0.0,0.0,0.0,2.311523,0.0,1.2685424,0.113777585,0.98070335,0.0,0.0,0.0,0.0,0.5120537,0.96975875,0.36990282,0.84922314,1.0468258,0.0,0.0,0.64440495,0.0,1.0577327,1.638428,0.5609303,0.0,1.0228523,1.606187,1.1590687,1.9266008,0.0,0.7827368,0.0,2.9737902,0.0,0.85684144,0.0,1.2145529,0.0,1.1784439,1.4072701,1.3110192,0.0,0.0,1.2855215,1.6143985,0.44366375,0.0,0.0,0.0,2.1975276,0.08190219,0.0,2.479109,1.3632472,1.4064943,0.0,0.057161056,0
0.16940786,0.0,0.0,1.0062299,1.3478893,0.0,1.4438539,1.0551699,0.67161876,0.0,1.7345076,0.0,0.3633278,1.8330026,0.7470087,0.0,0.61851084,0.0,0.08311026,0.0,0.29510048,1.220733,0.051962223,0.834297,0.7092641,0.0,0.0,0.0,0.31177717,0.5541001,1.7407297,1.5884854,0.0,0.4644335,0.7030365,0.39449966,0.16732419,0.0,0.0,0.0,0.65438575,0.0,0.9215132,1.5065892,0.0,0.9414703,0.85172,0.0,0.0,1.9397006,0.09590149,1.0873475,1.4116386,2.336472,0.41130474,0.23996066,1.1628958,3.1953647,0.0,0.0,0.0,1.1011755,1.9612145,0.0,0.0,0.0,0.0,0.16481969,2.6748135,0.0,0.5533914,1.5094457,0.0,0.0,1.4844787,1.0679051,2.4768646,0.0,0.60510355,1.1868156,0.0,0.0,0.0,0.0,1.772561,0.70087975,0.24826336,0.39166567,0.0,0.0,1.2111778,0.0,0.5162363,2.3053756,1.5229613,0.15671867,0.0,0.40633324,1.4084488,2.006336,0.0,2.0653312,0.0,3.2594492,0.0,0.8089118,0.0,0.42044154,0.37379277,1.0181379,0.19953129,1.539902,0.0,0.0,0.38565418,0.5022906,0.4012488,0.0,0.0,0.8222568,2.5624418,0.5700791,0.6481116,2.2601206,1.2165775,0.0,0.0,0.0,0
0.0,0.0,0.2814749,2.2903073,0.3671545,0.0,1.8320684,1.6474184,0.29283148,0.0,1.7982278,0.0,0.0,0.19201846,0.0,0.020335663,0.6087834,0.0,0.6762021,0.7912691,1.3920317,0.7764716,0.0,1.316604,0.8478201,0.0,1.174836,0.0005649935,0.0,0.6485651,0.13100256,0.0,0.04835855,0.49822336,0.71920425,0.40464753,0.29554823,0.0,0.0,0.0,1.3225987,0.0,0.0,2.4549997,0.0,1.1970801,0.0,0.0,0.0,3.0636942,0.021150231,0.71181494,2.1615863,3.2127502,2.446215,0.7422382,0.47253373,2.0169365,0.0,0.0,0.0,1.6444427,1.0698004,0.0,0.16880898,0.0,0.7455008,0.29138783,3.334446,0.0,0.0,0.0,0.0,0.0,2.266148,0.0,1.1037384,0.0,1.5377268,0.0,0.0,0.2557541,0.0,0.24710721,0.9029063,0.0,0.0,0.74905616,0.0,0.0,1.1793592,0.0,0.6751106,1.067521,0.31677252,0.8534927,1.0192081,2.2062151,0.0,1.6616095,0.68870944,1.9985259,0.0,2.626258,0.0,0.0,0.0,0.6015381,0.0,1.4865304,1.7687082,0.95149785,0.0,0.0,1.4044552,2.3457708,0.39222702,0.0,0.0,0.0,2.794605,0.0,0.1419682,1.8533695,0.8692952,1.4802238,0.0,0.0,0
0.8876875,0.0,0.5654451,2.591715,0.67036825,0.0,1.9420419,0.87385094,2.0409243,0.0,0.7663048,0.0,0.0,2.1645856,1.3296752,0.0,0.21221319,0.0,0.20007332,0.0,1.2180803,0.80754036,1.084562,0.0,0.931155,0.0,0.7827363,0.0,0.0,0.2693053,1.1651835,1.1074141,0.0,0.0,0.61392987,0.0,0.82388264,0.0,0.0,0.0,1.8077152,0.0,0.584451,1.6347569,0.0,0.7102223,0.63315785,0.0,0.31459406,2.1917555,0.0,0.9840884,1.8273981,2.9083261,2.3639777,0.5277305,1.0412809,2.7124803,0.0,0.0,0.0,1.8967059,2.2144897,0.0,0.0,0.0,0.0,0.0,3.3329456,0.03459331,0.50367826,1.4746786,0.0,0.0,1.1251771,0.95260227,0.7273135,0.0,0.0,0.13360167,0.0,0.01961715,0.0,0.0,0.0,1.1118345,0.28433475,1.2118722,0.0,0.0,2.2021677,0.0,0.0,1.359724,1.1549206,0.0,0.432738,0.44669953,0.108636566,1.5809755,0.10848006,1.6149104,0.0,2.8588936,0.0,1.0237558,0.0,0.0,0.0,1.5948725,1.2435303,1.7616322,0.0,0.0,1.0326835,1.9367914,0.2867114,0.0,0.8239923,0.44166502,2.1613472,0.21274121,0.85372925,1.1929337,0.704647,0.0,0.0,0.0,0
0.2293032,0.0,0.0,2.1091797,0.5928459,0.0,1.9415237,0.0,1.1076849,0.0,0.68387103,0.0,1.2912347,1.4659034,1.5493089,0.28897172,0.49151096,0.0,0.21281154,0.0,1.7562236,0.58734167,0.0,0.801297,1.0273943,0.0,1.4778768,0.31956413,0.0,0.0,0.52343863,0.91313857,0.0,0.7156697,0.69177353,0.0,0.5021519,0.0,0.0,0.0,0.062015004,0.0,0.8655396,1.6814764,0.0,0.35279885,0.59811443,0.0,0.0,1.8865798,0.0,0.27586442,1.0968984,2.35487,1.2827541,0.45804077,0.47096342,2.6248498,0.0,0.0,0.0,1.4272162,0.82951355,0.0,0.0,0.0,0.0,0.037545256,3.44279,0.39986327,0.22959504,1.3533915,0.0,0.0,1.679837,0.3423841,1.5265422,0.0,0.75864875,0.83845365,0.0,0.0,0.0,0.36856014,1.6176232,0.0,0.0,0.5984115,0.0,0.0,1.5280458,0.0,0.5791796,2.5085428,0.5683677,0.0,0.7961652,1.64005,0.7768798,2.9211094,0.56422365,2.6099606,0.0,2.6657326,0.0,0.9554353,0.0,0.24733226,0.0,0.84752464,0.9721377,2.0290513,0.0,0.0,1.4562595,0.9629046,0.75747347,0.0,0.0,1.0849172,1.7725497,0.2569325,0.6158829,2.8572114,0.27794135,0.97003025,0.0,0.0,0
0.4474257,0.0,0.0,1.931234,0.88403517,0.0,1.3807017,1.2809769,2.2672005,0.0,1.5354464,0.0,0.0,2.1915233,0.5629453,0.0,0.22805455,0.0,0.37844113,0.0,0.777006,0.56491315,1.0686105,0.029985597,0.7660343,0.0,0.17817368,0.0,0.0,0.0,1.0043534,1.1807475,0.0,0.0,0.8041683,0.0,1.4201367,0.0,0.0,0.0,2.6931908,0.0,0.015028211,2.4331393,0.0,1.4567411,0.0,0.0,0.04029951,3.0097604,0.0,0.9839843,2.1414447,3.3106139,2.1871338,0.8923406,0.90088505,2.299106,0.0,0.0,0.0,2.4223254,2.8754642,0.0,0.0,0.0,0.0073766503,0.0,2.899806,0.11532714,1.2098777,0.6885507,0.05130664,0.0,1.8922429,0.6110227,1.3267437,0.0,0.0,0.0,0.0,0.08048282,0.0,0.0,0.0,1.3284327,0.49073622,1.1699051,0.0,0.0,1.5877354,0.0,0.0,1.4804024,0.7442128,0.0,0.46911708,1.1086053,0.42370692,1.5990635,0.22332391,0.9959821,0.0,3.0251992,0.0,0.35613883,0.0,0.0,0.8205999,2.1176658,1.8554767,1.5514195,0.0,0.0,0.386938,2.067272,0.0,0.0,0.32512778,0.0,3.1127706,0.0,0.7130927,1.397985,1.1248311,0.0,0.0,0.0,0
0.25694194,0.0,0.46859998,0.0,0.9902612,0.0,0.26171103,0.0,0.8040323,0.0,0.5714383,0.94214904,0.0685385,0.022627458,1.143661,0.0,0.0,0.0,1.1828226,0.4909402,0.0,1.2859803,0.0,0.8924514,1.7394481,0.0,0.0,0.0,0.17751579,0.109222196,0.41409093,2.5340035,0.0,0.41014904,1.9314212,0.76323545,0.86941844,0.0,0.0,0.0,1.9496661,0.0,0.73964804,2.6916623,0.09707996,0.930082,0.7144593,0.0,0.39481518,1.400045,0.13598879,2.1266322,0.67423934,2.0212164,1.548089,0.5826846,2.0753615,1.274183,0.0,0.0,0.0,2.5410874,1.6627666,0.0,0.0,0.0,0.0,0.4259016,2.4286306,0.9922015,1.947431,0.55866957,0.49093145,0.0,1.0272627,0.46219283,1.3397617,0.2157044,0.2802222,0.0,0.0,0.0,0.0,0.09580281,0.0,1.6413575,0.9050527,0.91452754,0.0,0.0,2.9123752,0.0,0.83989906,1.2851673,1.8974905,0.0,0.0,0.0,1.1615345,1.2198063,0.119372,0.24551412,0.0,1.6744413,0.0,1.2439156,0.0,0.0,1.5778512,1.1074463,0.19849943,1.3047287,0.0,0.0,0.0,1.6456734,0.507438,0.0,0.34980512,1.0025315,2.848151,0.74320537,0.5323813,0.6400388,2.0026727,0.0,0.16370152,0.0,0
0.1173525,0.0,0.96909136,1.6897479,1.2488827,0.0,1.3914258,0.85097367,1.1268196,0.0,1.634105,0.0,0.45427763,0.49988952,0.8161141,0.0,0.0,0.0,1.7446969,0.0,0.62778574,1.7691681,0.30046207,0.11705177,1.0955914,0.0,0.8695264,0.0,0.0,0.08224126,1.1025959,1.3906264,0.0,0.47981048,0.40515995,0.3645199,0.37448484,0.0,0.0,0.0,1.6533526,0.0,0.39798817,2.4548903,0.0,1.4244989,0.3193296,0.0,0.18598935,2.340157,0.15759155,1.1284746,1.8013828,2.7181468,1.2647902,1.501086,1.185857,2.5120406,0.0,0.0,0.0,1.7382046,1.1168026,0.0,0.0,0.0,0.0,0.32128453,3.2577138,0.45340654,0.98167,0.86964625,0.0,0.0,1.514028,0.45010966,1.057142,0.47218826,0.3164852,0.7749106,0.0,0.49398804,0.0,0.09320717,0.03899704,1.1036125,0.31052354,1.2920526,0.0,0.0,1.801076,0.0,0.0,1.1810668,0.7593147,0.0,0.62138855,0.0,1.0217953,2.1847982,0.9695945,1.5663004,0.0,2.153484,0.0,0.68972486,0.0,0.0,0.0,2.4341936,2.0189903,1.1807669,0.0,0.0,0.9556222,2.0509546,0.25766152,0.0,0.0,0.31079224,2.4482539,0.45075235,1.0846515,1.4237881,1.3868515,0.0,0.0,0.0,0
0.7298391,0.0,0.014655832,1.2678689,0.18281187,0.30663934,1.2111701,0.37495133,0.6267057,0.0,2.1743152,0.49669105,1.2627846,1.0279555,0.92217666,0.0,0.0,0.0,0.4795749,0.0,0.9098931,0.6243993,0.92228806,0.9376291,1.9053437,0.0,0.43998638,0.40949273,0.047625676,0.7866106,0.4473073,1.6020367,0.0,0.0,0.0,0.0,0.0,0.0,0.0,0.0,0.8657257,0.0,0.27618966,2.00925,0.0,2.4459612,0.78423166,0.0,0.26745093,2.1269262,0.0,0.3249721,0.73854434,3.2498755,1.3156556,0.0,0.75367624,2.7234313,0.0,0.0,0.0,1.6520506,0.8488989,0.0,0.0,0.0,0.0,0.030088596,3.5409236,0.0,0.62225217,0.5944952,0.0,0.0,1.9083642,1.0287417,1.4638785,0.0,0.35458678,0.0,0.0,0.0,0.0,0.8441987,0.37537137,0.79393816,0.0,0.4605954,0.0,0.0,2.103221,0.0,0.8139276,1.8428249,1.1875169,0.0,0.0,0.8630753,1.0546358,1.9004092,0.0,2.152056,0.0,2.080576,0.0,0.80668867,0.0,0.0,0.0,0.47358513,1.1524119,1.3209994,0.0,0.0,0.5639071,0.9483887,0.0,0.0,0.070961535,1.5175709,2.235986,1.4252005,0.43931773,2.0927536,0.22951525,0.49561307,0.0,0.34808686,0
0.45273876,0.0,0.80531067,1.2714094,1.3940628,0.15481076,1.2770941,1.425278,1.7676194,0.0,1.0603642,0.6840407,0.0,1.9448628,1.2518512,0.0,0.0,0.0,0.86153775,0.0,0.1703695,1.0434101,1.553676,0.0,1.217673,0.0,0.09571041,0.0,0.0,0.37770215,1.950775,1.745579,0.0,0.0,0.5287956,0.0,1.2257752,0.0,0.0,0.0,2.1222737,0.0,0.29973206,2.292858,0.248837,0.98548657,0.20365053,0.0,0.25604442,2.1907725,0.0,1.4293061,1.7959247,2.3715134,2.133759,1.2934655,1.8130728,1.688952,0.0,0.0,0.0,1.7847236,2.2264135,0.0,0.0,0.0,0.0,0.3938968,2.3457153,0.9762415,0.55451024,1.5438896,0.0,0.0,1.1067116,1.1325312,1.5429412,0.0,0.0,0.23398095,0.0,0.0,0.0,0.048748534,0.0,0.6980871,0.20121765,1.5623392,0.0,0.0,2.0765288,0.0,0.0,0.8429759,1.6143594,0.0,0.20344236,0.26252708,0.82465935,1.050803,0.4864949,1.0071408,0.0,2.4365444,0.0,1.3454332,0.0,0.0,0.42079017,0.82032275,0.9096105,1.4507922,0.0,0.0,0.689225,1.7385309,0.44469076,0.0,0.50365007,0.95519096,2.2209299,0.7733095,0.5283873,0.92035335,1.2192675,0.0,0.0,0.0,0
2.1208951,0.0,1.7281718,0.27085832,1.4773301,0.023831176,0.018239025,1.4019932,0.11693879,0.0,0.65879494,1.608841,1.8310901,0.3968522,0.88676023,0.0,0.0,0.0,2.546622,0.0,0.0,2.9215524,2.0436764,1.2381388,1.9690179,0.0,0.0,0.0,0.0,1.7977388,1.633368,3.279528,0.0,1.6219742,1.1856676,2.123985,0.0,0.0,0.0,0.0,0.5674626,0.0,1.1765685,0.2636592,0.30255297,0.9871009,2.3890502,0.0,1.6932546,2.173999,0.42033973,1.1442817,0.4253849,0.8271147,0.5870497,1.408892,2.0442193,0.0,0.0,0.0,0.0,0.0,0.96079206,0.0,0.0,0.0,0.3332562,1.6623724,2.536107,1.624261,0.7847752,1.7070335,0.21463326,0.0,0.87665486,2.4729238,0.0,0.8211328,0.0,0.9540128,0.0,0.47470707,0.0,0.0,0.0,1.5091373,1.7959483,0.5554009,0.0,0.0,1.787627,0.0,0.88322234,0.6479185,3.0083797,0.0,0.0,0.0,1.5286653,0.5327382,0.0,0.0,0.0,0.89651,0.0,2.8941026,0.0,0.0,0.8400215,0.81967413,0.12649633,0.48337418,0.0,0.0,0.21458343,0.77988696,1.1220626,0.0,0.23100221,0.36946622,0.6387932,1.3009255,0.027193446,0.7631216,0.7616652,0.0,0.7002118,0.0,1
2.1920161,0.0,2.3692656,0.16040532,1.8844043,0.48404843,0.6477031,1.3412454,0.0092426315,0.0,0.288329,2.0530434,0.73854256,0.12723361,2.257883,0.0,0.0,0.0,1.6449234,1.0942911,0.0,2.2430816,1.0656433,1.3771386,2.4545488,0.0,0.0,0.0,0.06974976,1.5766422,1.3402927,3.7403398,0.0,1.2118783,1.7192092,1.9732703,0.0,0.0,0.0,0.0,1.0512282,0.0,0.9843431,1.105234,0.33193573,0.27802476,1.58677,0.0,0.9172572,1.7809603,0.5699049,2.2757912,0.5565853,0.85922396,1.1117725,1.5969596,1.8027837,0.40992957,0.0,0.0,0.0,1.4963081,0.0025351448,0.0,0.0,0.0,0.0,0.832995,2.810653,1.5938234,0.7027945,2.1811128,0.26369473,0.0,1.0583863,1.6249486,0.0,0.5689121,0.24686484,0.80923885,0.0,0.090995155,0.0,0.0,0.20835471,0.0,1.0213186,0.9011329,0.0,0.0,1.6957906,0.0,0.77725244,0.49997422,2.2762396,0.0,0.0,0.0,0.8989878,0.0,0.0,0.0,0.0,0.9470057,0.0,2.2894225,0.0,0.0,0.855796,1.0910896,0.0,1.0431399,0.0,0.0,0.6901306,1.2105496,0.79771084,0.0,1.0207268,0.91864645,0.9591469,0.5234529,1.1993752,0.2923036,2.4044363,0.0,0.021732619,0.0,1
1.919918,0.0,2.0151925,0.0,1.7295742,0.35194913,0.37278414,1.8095939,0.0,0.0,0.0,1.9220304,1.4325861,0.7774551,1.5998864,0.0,0.0,0.0,1.8341185,1.5837133,0.0,3.352547,1.7730017,0.30949268,2.9247127,0.0,0.0,0.0,1.0269768,2.3929262,2.6281128,3.434181,0.0,1.4840889,1.8163942,1.9535307,0.3674627,0.0,0.0,0.0,0.19228631,0.0,1.689073,0.9098704,0.44908854,0.0,2.1362221,0.0,1.3878102,2.127476,0.04197243,2.1107836,0.38174224,0.6550581,0.6936549,1.7647285,1.811804,0.26707914,0.0,0.0,0.0,0.07513006,1.4042189,0.0,0.0,0.0,0.007574955,1.6070247,1.7644091,2.1267085,0.09556791,2.4729414,0.0,0.0,0.75526977,1.5394597,0.70704913,0.9504959,0.0,1.6201497,0.0,0.0,0.0,0.09139048,0.0,0.96689516,1.9069091,0.3736913,0.0,0.0,2.4031906,0.0,1.6015404,0.3379324,2.3556037,0.0,0.0,0.0,2.0972016,0.0,0.41572195,0.0,0.0,1.2632978,0.0,2.6933625,0.0,0.0,0.0,0.70654476,0.059907448,0.4740973,0.0,0.0,0.12696755,1.0160253,0.995292,0.0,0.78771186,1.4833777,1.3218514,1.3626591,0.0,0.0,2.5395494,0.0,0.12741986,0.0,1
0.5660411,0.0,0.5887514,1.0554999,0.3369021,0.0,0.756641,0.4689259,1.1875046,0.0,1.1823828,0.0,0.0,1.9097761,1.4083508,0.0,0.0,0.0,0.7413689,0.0,0.24961843,1.4633558,1.0968068,0.0,0.22784677,0.0,0.0,0.0,0.07364701,0.0,0.36734456,1.2455946,0.0,0.0,0.422956,0.5097784,1.1410978,0.0,0.0,0.0,2.0528252,0.0,0.5769308,1.6897866,0.0,0.777153,0.81727874,0.0,0.20605436,2.4597094,0.0,0.0,1.3378651,3.3091838,1.91214,0.024338562,1.1359441,1.820497,0.0,0.0,0.0,2.325425,2.051908,0.0,0.0,0.0,0.0,0.19037712,2.8015842,0.0,2.168598,0.5775263,0.78207064,0.0,1.8649403,1.1699555,1.5323641,0.0,0.23130664,0.05825537,0.0,0.35319114,0.0,0.0,0.0,2.1998749,0.73988134,0.93083155,0.0,0.0,2.6754348,0.0,0.0,1.7650919,1.0158552,0.0,0.0,0.0,0.0,0.68518096,0.0,1.061355,0.0,2.654658,0.0,0.54708976,0.0,0.0,1.5259949,1.5129806,1.0430651,1.9710286,0.0,0.0,0.0,1.7329473,0.2777986,0.0,0.0,0.5053189,2.7931411,0.22695024,1.0211687,1.1317903,0.53400606,0.0,0.0,0.0,0
0.059619475,0.0,0.0,1.2265083,0.6558252,0.0,1.1196514,0.39373684,1.9817073,0.0,0.9007087,0.0,0.0,1.7933774,0.5819084,0.0,0.47833663,0.0,0.6079091,0.0,0.49416354,1.6955347,1.0030657,0.0,0.273972,0.0,0.0,0.0,0.10553539,0.0,0.81768215,1.4903988,0.0,0.0,0.36333412,0.0,0.28829333,0.0,0.0,0.0,2.1067142,0.0,0.9745916,2.2837129,0.0,0.46433076,0.9399341,0.0,0.0,2.2262762,0.0,0.9075511,1.631038,2.6828344,1.2766571,1.4144896,0.9293503,2.814972,0.0,0.0,0.0,2.1929834,1.9868629,0.0,0.0,0.0,0.0,0.0,2.8708918,0.0,1.8895985,0.60947275,0.0,0.0,1.8829303,0.45437247,1.7901381,0.40598178,0.32267565,0.3826607,0.0,0.0,0.0,0.0,0.0,1.7299219,1.3888696,1.062078,0.0,0.0,1.833632,0.0,0.27004737,1.8884534,1.0873594,0.0,0.33689895,0.23867092,1.0281916,2.3891952,0.14094813,1.2097007,0.0,3.0199304,0.0,0.15614949,0.0,0.0,0.71971357,2.3504393,1.4235468,1.5054047,0.0,0.0,0.0,2.16172,0.64240175,0.0,0.0,0.39773437,3.1010108,0.38534427,0.85463476,1.7798059,1.1808094,0.0,0.0,0.0,0
1.384698,0.0,2.3993888,0.638904,1.525508,0.0,0.23826891,1.0492723,0.57181084,0.0,0.35977426,1.5708437,0.2539016,1.1823108,2.0594308,0.0,0.0,0.0,1.1882979,0.28211957,0.0,3.2280242,1.7906643,0.046886403,1.8085301,0.0,0.0,0.0,0.0,1.4289513,1.6697936,2.2643325,0.0,1.4337416,1.18662,1.2683119,0.40147826,0.0,0.0,0.0,0.9079979,0.0,1.9298396,0.9864921,1.0465392,0.0,1.974561,0.0,1.3633056,1.7554755,0.0,1.3125203,0.031419944,0.6646267,1.4020844,2.1477063,2.0311887,0.7749537,0.0,0.0,0.0,0.6785282,0.323715,0.0,0.0,0.0,0.0,0.9896363,1.9172237,0.7346648,0.3451168,3.1286514,0.0,0.0,1.1980865,1.0691798,1.5799105,0.9576116,0.0,1.0186828,0.0,0.057729136,0.0,0.0,0.0,0.7339066,0.9809243,1.1637598,0.0,0.0,2.4873705,0.0,0.17689969,1.0974077,1.5253803,0.0,0.0,0.0,1.7409983,0.0,0.5747339,0.53309864,0.0,0.90085834,0.0,2.0223436,0.0,0.0,0.4858371,1.8617301,0.0,1.2527705,0.0,0.0,0.0,0.69860893,0.6057477,0.0,0.0,0.68696773,1.0849975,1.6720986,1.6078649,0.33253497,2.0288184,0.0,0.0,0.0,1
0.0,0.0,0.22072524,1.6895009,0.6303586,0.0,0.94503796,0.45662796,1.5240117,0.0,0.8970453,0.0,0.0,1.282255,1.046339,0.0,0.0,0.0,0.7536999,0.0,0.7423462,1.4180801,0.86182106,0.0,0.6327491,0.0,0.72032475,0.0,0.0,0.2941972,1.1943597,1.6396035,0.0,0.38932794,0.5069405,0.0,0.88213295,0.0,0.0,0.0,1.6876794,0.0,0.6125167,1.9016696,0.0,0.82254124,0.12548682,0.0,0.2440907,2.2272701,0.0,0.951538,1.4112669,2.6032853,1.4288398,1.379912,1.4565945,2.5887032,0.0,0.0,0.0,2.2381532,1.2934515,0.0,0.0,0.0,0.0,0.0,3.250245,0.0,1.3246027,1.2309593,0.0,0.0,1.5818707,0.68851936,1.0328839,0.0,0.062575914,0.6407641,0.0,0.0,0.0,0.52636826,0.061591327,1.2505729,0.09494975,0.81928676,0.0,0.0,1.8517071,0.0,0.13513134,2.1866393,1.2424555,0.0,0.0,0.0,1.0830543,2.0354893,0.38358837,1.3720614,0.0,2.6435058,0.0,0.7761404,0.0,0.0,0.19125992,2.6840086,1.4757726,0.7982932,0.0,0.0,0.65760696,1.8191836,0.66802764,0.0,0.0,0.90676254,2.8533628,0.489577,1.3894593,1.5858548,1.253823,0.0,0.0,0.0,0
0.9867935,0.0,0.47881496,1.7811253,0.86454076,0.0,1.2670624,0.554623,1.9603165,0.0,1.633347,0.0,0.0686167,1.4333436,1.1197509,0.0,0.11415051,0.0,0.7634455,0.0,0.95938194,1.5893533,1.1576561,0.0,0.6672137,0.0,0.43270633,0.0,0.0,0.12694068,1.0792296,1.5017511,0.0,0.41765404,0.76104176,0.19692668,0.6416091,0.0,0.0,0.0,1.9525568,0.0,0.44412407,2.0492058,0.0,1.0326221,0.7294586,0.0,0.08045939,2.8356595,0.0,1.3344955,2.0912852,3.085616,1.4946004,1.2316648,0.8526978,2.1452854,0.0,0.0,0.0,1.4686118,2.109277,0.0,0.0,0.0,0.07344327,0.075376324,2.9626167,0.0,0.99866754,1.1185589,0.0,0.0,1.590501,0.09341704,1.572937,0.60239875,0.0,0.133834,0.0,0.0,0.0,0.4816256,0.0,1.4475433,0.9702345,1.5906444,0.0,0.0,1.914611,0.0,0.0,1.677226,1.0529715,0.0,0.4746939,0.34606275,0.96683204,1.903529,0.64269066,1.3626714,0.0,2.5125375,0.0,0.16921578,0.0,0.0,0.34059274,2.2396894,1.6327465,1.4280236,0.0,0.0,0.2745151,2.2533822,0.26752597,0.0,0.0,0.0,3.1465929,0.23061188,0.8353897,1.4274619,0.7809774,0.0,0.0,0.0,0
1.4058665,0.0,1.0034933,0.0,1.4439067,0.01606022,0.0,1.1940312,0.0,0.0,0.4976539,1.0738633,0.5866781,0.45812592,1.2680905,0.0,0.0,0.0,2.0677502,0.67230135,0.0,2.664609,1.4387496,0.4785359,2.413918,0.0,0.0,0.0,0.5232733,1.2965915,2.0537076,3.1408784,0.0,0.9114492,1.2393949,1.0911705,0.6271372,0.0,0.0,0.0,1.692731,0.0,0.96235806,1.591654,0.30474412,1.027552,1.2643194,0.0,0.9554426,2.5005643,0.3808798,2.045337,1.1257188,0.85837495,1.1518526,0.67206365,1.6614336,0.2642198,0.0,0.0,0.0,1.1883873,1.4566237,0.0,0.0,0.0,0.3531805,1.1080441,1.964578,1.6161892,1.047704,1.6860207,1.0546372,0.0,0.97729415,1.3725935,0.0,0.89376146,0.0,1.0956551,0.0,0.61946815,0.0,0.0,0.0,1.3965946,1.7217127,0.8884227,0.0,0.0,2.315314,0.0,0.54981935,0.53414977,2.1394947,0.0,0.0,0.0,1.5217803,0.0,0.44962177,0.0,0.0,1.5105712,0.0,1.6242825,0.0,0.0,1.1849768,1.7378513,0.54790133,0.74929136,0.0,0.0,0.35168728,1.7268527,0.7229715,0.0,0.26387727,0.50880784,1.9348283,0.967285,0.56315863,0.0,1.9123908,0.0,0.7178836,0.0,1
0.0,0.0,0.0,1.4949111,0.8807445,0.0015599891,1.1474004,1.074626,2.080211,0.0,1.695373,0.0,0.0,1.4176872,1.0472382,0.0,0.07457361,0.0,0.6141188,0.06729446,0.95130336,0.53566873,1.154137,0.0,1.1195943,0.0,0.57610476,0.0,0.0,0.0,0.64343464,1.092363,0.0,0.0,0.0,0.0,1.1013787,0.0,0.0,0.0,2.2062209,0.0,0.2494305,2.352087,0.0,1.2633811,0.0,0.0,0.0,2.7503414,0.0,0.6127808,2.2246127,3.7425804,2.0575292,0.30158755,0.79428774,2.3954568,0.0,0.0,0.0,1.8734239,1.6639842,0.0,0.0,0.0,0.0,0.0,2.8353713,0.0,1.1656091,0.24034981,0.07440061,0.0,1.5673921,0.2680164,1.7532214,0.012773641,0.5431978,0.15870816,0.0,0.0,0.0,0.83230525,0.09342757,2.041682,0.73029476,1.5753219,0.0,0.0,1.727029,0.0,0.0,2.1481326,0.9770519,0.0,1.0203052,0.6784011,0.73064023,2.2938082,0.6037643,2.0250082,0.0,3.0335052,0.0,0.5890945,0.0,0.0,0.21270508,2.2685616,0.9881002,1.469271,0.0,0.0,0.26373616,2.2139373,0.2038363,0.0,0.0,0.0,3.3074093,0.0,1.0738516,1.3611107,1.5720836,0.0,0.0,0.0,0
0.23381926,0.0,0.5322836,1.865747,1.0281535,0.0,1.9876938,1.207488,2.0700903,0.0,0.8538536,0.0,0.2721234,1.946253,1.2525601,0.0,0.62215346,0.0,0.27222937,0.3014109,0.24495406,0.27321196,0.40623686,0.4961289,0.76559514,0.0,0.70703894,0.0,0.0,0.0,1.4826839,0.7461878,0.0,0.5187061,1.0686383,0.0,0.9041503,0.0,0.0,0.0,1.4822601,0.0,0.72023714,1.6136688,0.024194213,0.2663804,0.07929435,0.0,0.0,2.712347,0.0,0.68942004,1.2398705,2.457899,1.9879825,1.2266383,1.0930037,1.79936,0.0,0.0,0.0,1.4374157,1.637139,0.0,0.0,0.0,0.0,0.12975743,2.58431,0.0,0.0,1.4586775,0.0,0.0,1.2662319,0.46188205,1.8547374,0.0,0.098083206,0.33047074,0.0,0.0,0.0,0.041855004,0.0,0.0,0.0,0.86516947,0.0,0.0,1.4825164,0.0,0.0,1.2363906,0.86293167,0.0,0.9384042,1.597217,0.42367035,2.3017268,0.48187166,1.6570479,0.0,3.0101368,0.0,0.95205957,0.0,0.0,0.0,2.0471447,1.0522887,1.342902,0.0,0.0,1.5940421,1.6151154,0.2646309,0.0,0.0,0.6644734,2.049116,0.5768042,0.6834849,2.1772187,1.0341185,0.0,0.0,0.0,0
0.45516464,0.0,0.0,2.4292684,0.4539275,0.0,0.5669673,0.7436613,1.4119279,0.0,1.6620314,0.6125532,0.5303613,2.474697,0.51479536,0.0,0.0,0.0,0.8587865,0.0,0.97544384,0.87114775,0.94054294,0.03800096,0.76121897,0.0,0.0,0.0,0.3167462,0.3934584,1.1616111,1.1659056,0.54934317,0.0,0.0,0.70583504,1.1324806,0.0,0.0,0.0,2.0003145,0.0,0.0,2.121905,0.0,2.3288028,0.0,0.0,0.0,3.0943046,0.0,0.0,2.101212,3.4515224,0.15640862,0.0,0.1270234,1.245424,0.0,0.0,0.0,1.5480577,1.3005233,0.0,0.0,0.0,0.7050845,0.52794415,2.4546492,0.0,1.0310768,0.81501305,0.99285036,0.0,1.7011975,0.39298785,1.1559228,0.0,0.30535874,0.0,0.0,0.8929204,0.0,0.36255625,0.0,1.8023974,0.120910555,1.0440416,0.0,0.0,1.468561,0.0,0.0,1.370538,0.4804196,0.0,0.0,0.0,0.10387715,1.3934536,0.21126561,1.0094948,0.0,3.1753905,0.0,0.0,0.0,0.0,1.3704095,2.3184714,2.1245253,0.61470336,0.0,0.0,0.76894295,2.217242,0.341474,0.0,0.0,0.0,2.6533308,0.0,1.0859015,1.3542849,0.0,0.0,0.45340255,0.0,0
1.8338199,0.0,1.397978,1.0082673,1.8808719,0.4791141,2.2865207,1.4788735,0.6010062,0.0,0.42961818,0.7749296,0.7853843,0.46298748,2.1432261,0.049883533,0.0,0.0,1.0874461,0.45405748,0.33237633,1.2680407,0.5120653,0.5048568,2.373807,0.0,0.5677355,1.1345553,0.0,0.16187815,1.6221778,2.5292442,0.0,0.92189884,0.32621437,0.44035554,0.0,0.0,0.0,0.0,0.76136774,0.0,0.457046,1.2137161,0.34012467,0.7802527,0.3798281,0.0,1.1148229,1.2806085,1.1980077,1.7223281,0.34144828,1.6031598,1.2656083,1.1409652,1.3918903,0.93739855,0.0,0.0,0.0,1.5174733,0.650509,0.0,0.0,0.0,0.0,0.9437009,2.4363647,1.1887733,0.13418368,1.5984693,0.0,0.0,0.8797805,1.0375655,0.28371504,0.0,0.0,1.464853,0.0,0.094391234,0.0,1.3325064,0.0,0.6036264,0.0,0.6422656,0.0,0.0,1.5759119,0.0,1.6882881,0.44122794,1.901231,0.0,0.045925055,0.0,1.2770854,1.4321003,0.9565671,1.0078453,0.0,1.7754502,0.0,1.6800182,0.0,0.0,0.0,0.7074305,0.85920614,0.7362222,0.0,0.0,1.3294683,1.6251038,0.57302207,0.0,0.39315045,2.0561812,1.21127,0.74186784,0.40335092,1.4478536,1.6684947,0.0,0.0,0.055876873,1
1.3463746,0.0,0.75721776,0.0,0.6337807,0.96450925,0.10089386,0.103692934,0.2815752,0.0,0.80528873,1.4511371,1.3115392,0.0,1.7231091,0.0,0.0,0.0,1.7557561,0.34282684,0.0,1.1409812,0.66414523,0.77346236,1.772329,0.0,0.0,0.0,0.9279453,0.26030752,0.3203599,3.2444673,0.0,0.18828547,0.61780584,1.282706,0.0,0.0,0.0,0.0,0.8892964,0.0,0.0,1.0969973,1.1315522,0.8301163,0.37032852,0.0,0.7288708,1.2045891,0.66490006,2.1208181,0.0,2.4231896,1.360358,0.0,1.1669285,0.0931969,0.0,0.0,0.0,1.9789914,1.1785967,0.0,0.0,0.0,0.0,0.47109094,3.5245202,1.179923,0.28241557,1.885146,0.5830658,0.0,0.8918688,0.7187714,0.78391826,0.0,0.4000761,0.8179845,0.0,0.6398238,0.0,0.22619945,0.0,1.0582975,0.0,0.10302175,0.0,0.0,2.7790596,0.0,1.7351476,1.1153913,2.2242596,0.0,0.0,0.0,0.71992546,0.917154,0.4275548,0.31414893,0.0,2.0341256,0.0,1.4041814,0.0,0.0,1.2457063,0.0,0.098194696,0.9199788,0.42080042,0.0,0.0,0.89546275,0.47997755,0.0,0.0,1.6674777,0.9557567,0.34919876,0.45650116,0.92708266,1.4062109,0.0,0.12596653,0.16810516,1
1.6441071,0.0,2.4149103,0.0,1.9756911,0.0,1.3564277,2.05675,0.0,0.0,0.28727275,2.0166018,1.5955719,0.40164578,1.0348866,0.0,0.0,0.0,2.1365755,1.2658052,0.0,3.0707815,1.7178224,0.80240846,2.9623432,0.0,0.0,0.07333504,0.17693375,1.0397018,2.5508506,2.3865774,0.0,2.010398,1.399201,1.5532264,0.0,0.0,0.0,0.0,0.7176197,0.0,1.6604246,0.7799422,0.45823288,0.5121655,1.7370098,0.0,1.6872604,1.610006,0.5876041,2.2777376,0.0,1.0064571,0.58735794,2.5256114,2.1000934,0.0,0.0,0.0,0.0,0.0,1.5163541,0.0,0.0,0.0,0.0,1.4746554,1.9391379,1.9147139,0.0,2.7203445,0.0,0.0,1.0173862,0.7210887,0.32839587,0.99482363,0.0,1.8791919,0.0,0.0,0.0,0.20776422,0.0,0.064007856,1.515173,0.0,0.0,0.0,1.9369456,0.0,1.1410348,0.0,2.1899753,0.0,0.0,0.0,2.8225546,0.5880861,0.6455495,0.06784177,0.0,1.160618,0.0,1.9325087,0.0,0.0,0.0,1.4643445,0.37676924,0.27351627,0.0,0.0,1.8987501,0.9063227,0.7104644,0.0,0.0,0.63263124,0.15256748,1.3116711,0.5536113,0.64043224,2.8579428,0.0,0.1595067,0.0,1
0.94743943,0.0,1.5095855,0.64897954,1.6640071,0.0,0.8693125,0.7873429,1.7802571,0.0,0.49545324,0.47640014,0.38963336,0.7905565,1.0737556,0.0,0.1773009,0.0,0.8146552,0.68389696,0.21208374,0.88602483,0.59026456,0.30348164,0.9045762,0.0,0.0,0.0,0.0,0.5429465,1.7826295,1.6895248,0.0,0.68357956,1.2243322,0.40320203,0.43213692,0.0,0.0,0.0,1.6318378,0.0,1.0633028,1.5882264,0.27970985,0.30241546,1.1322999,0.0,0.15055081,2.2363303,0.5086003,1.4259981,1.0475211,2.226447,1.4981128,1.6573278,1.6851177,1.7510691,0.0,0.0,0.0,1.2655303,1.2886964,0.0,0.0,0.0,0.0,0.731056,2.2433054,0.87136704,0.21980432,2.316409,0.0,0.0,0.9327659,0.5514162,1.4406012,0.50590044,0.0,0.516205,0.0,0.0,0.0,0.5403746,0.0,1.1245075,0.27769202,1.2407542,0.0,0.0,1.9875063,0.0,0.14069377,1.1250907,1.543092,0.0,0.3305681,0.0,1.4694853,0.9810021,1.2025534,1.564371,0.0,2.263428,0.0,1.6738689,0.0,0.0,0.5210357,1.5300058,0.60223365,1.6007845,0.0,0.0,0.40716124,0.9931452,0.35132587,0.0,0.0,0.8269311,2.1760643,0.85423154,0.8825197,0.8237374,2.101664,0.0,0.0,0.0,0
1.7377423,0.0,1.5645348,0.6580511,1.7052321,0.0,0.8128201,1.5630438,0.96752053,0.0,0.2936437,0.63049626,0.5177586,1.0380479,1.8700248,0.0,0.0,0.0,1.3812045,0.2045436,0.0,2.5039365,1.2816029,0.3784601,1.8529779,0.0,0.0,0.0,0.0,1.4044682,2.3366098,2.5190694,0.0,1.4572272,1.6150144,0.8808682,0.5465767,0.0,0.0,0.0,1.4748613,0.0,1.6137955,1.6438679,0.602261,0.1548505,1.468329,0.0,1.1698387,2.1680846,0.0,1.5796335,0.42696357,1.2786764,1.1683215,2.4393947,1.6027243,0.75340426,0.0,0.0,0.0,0.4864555,1.9028805,0.0,0.0,0.0,0.0,1.2797399,1.6867113,1.1591594,0.88449883,2.565833,0.0,0.0,1.066849,1.3833745,1.1424603,0.7359741,0.0,1.2046977,0.0,0.055007827,0.0,0.0,0.0,1.3023034,1.628412,0.9633123,0.0,0.0,2.2138183,0.0,0.41726097,1.3435555,1.8358883,0.0,0.0,0.0,1.576396,0.3968123,0.5297399,0.5536753,0.0,1.3232954,0.0,1.9330785,0.0,0.0,0.69006836,1.5170149,0.44968078,1.0495231,0.0,0.0,0.75507367,1.3526,0.7104124,0.0,0.23032784,0.68957883,1.4971961,1.141089,0.6169555,0.20964079,1.5794622,0.0,0.0,0.0,1
0.163042,0.0,2.4537134,0.23151986,1.7702142,0.0,0.0,1.8951898,0.0,0.0,0.0,1.3428197,1.6217196,0.55879736,2.400871,0.0,0.0,0.0,1.462358,2.3849447,0.0,2.942574,0.0,1.98861,1.9786106,0.0,0.0,0.8151022,0.0,0.88769513,1.2227827,2.2942536,0.0,2.8483841,1.10513,3.2085042,0.0,0.0,0.0,0.0,0.38140747,0.0,1.0094906,0.0,0.9693422,0.0,1.0583608,0.0,0.9321267,0.7012692,2.648611,2.0078764,0.55391574,0.8645357,0.6269545,2.6125708,1.2474489,0.0,0.0,0.0,0.0,0.0,0.0,0.0,1.2249042,0.0,0.0,2.2894213,1.7611752,2.0561242,0.0,1.9887162,0.0,0.0,0.8016315,1.0019999,0.38602325,1.1761802,0.0,1.8569145,0.0,0.0,0.0,0.3955004,0.48275355,0.0,0.0,0.5839452,0.0,0.0,0.57768834,0.0,1.6260867,0.46435633,1.5082502,0.0,0.38298005,0.0,1.1815574,0.8425337,1.5212895,0.0,0.0,0.34227076,0.0,1.5690447,0.0,0.0,0.0,1.7588235,0.0,0.93647313,0.0,0.0,2.7015135,0.16400164,1.4060298,0.0,0.0,1.1153896,0.0,1.2888708,1.5283067,1.562443,2.423087,0.45347607,0.0,0.0,1
2.4903817,0.0,2.4984179,0.3423774,1.8019826,0.48964998,1.3525777,2.278674,0.6126401,0.0,0.0,1.4958483,0.35159433,0.9052526,1.6974654,0.0,0.0,0.0,1.8860626,0.29078168,0.0,2.1042562,3.3439054,1.4480135,2.3931246,0.0,0.3522561,0.3475132,0.34137988,1.2454723,2.3242378,2.244571,0.0,1.1736988,1.0420544,1.9689342,0.0,0.0,0.0,0.0,0.0,0.0,1.0024667,0.9968038,0.5551949,0.6786425,1.710324,0.0,1.5277284,1.0820115,0.0,2.0221686,0.0,0.8508871,0.80442256,1.7619629,2.0569327,1.7570798,0.0,0.0,0.0,0.08206843,1.2488067,0.0,0.0,0.0,0.0,0.7009441,1.3311907,1.933469,0.0038957614,2.8166342,0.0,0.0,0.0,2.841947,0.0,0.5602449,0.0,1.3366832,0.0,0.46215346,0.0,0.0,0.0,0.08460579,1.2454519,0.23894048,0.0,0.0,2.5108094,0.0,0.9336425,1.3117197,2.5578492,0.0,0.0,0.0,2.1916704,0.44317868,1.0626613,0.15203968,0.0,1.2742968,0.0,1.604112,0.0,0.0,0.0,0.80361265,0.0,0.0,0.0,0.0,1.5964366,0.6278938,0.9356402,0.0,0.5900917,3.005351,0.17259398,1.8765862,0.0,0.8858904,1.9100515,0.0,0.0,0.0,1
1.9128159,0.0,2.0682416,0.54182476,2.3192532,0.0,0.65053433,1.2511169,0.12873107,0.0,0.66459286,1.3485789,1.0602822,0.32692695,1.5076694,0.0,0.0,0.0,1.7613171,0.43302292,0.0,2.880836,1.5418991,0.2360125,1.8023372,0.0,0.0,0.0,0.6803366,1.0304627,2.4057586,2.6969743,0.0,1.0035373,1.8321422,1.7492813,0.25735974,0.0,0.0,0.0,1.2851032,0.0,1.2800354,1.5140971,0.5660618,0.38976243,2.026439,0.0,0.40924993,2.1551673,0.0,2.578815,0.9413733,1.189175,0.5073689,3.0124643,1.644314,0.43234196,0.0,0.0,0.0,0.21348484,1.3749422,0.0,0.0,0.0,0.0,1.4020118,0.9168755,1.8773664,0.28304315,2.1546125,0.0,0.0,0.69178396,1.3642786,1.0501868,1.214325,0.0,1.0397679,0.0,0.19230343,0.0,0.0,0.0,1.0094935,1.2188852,1.2419145,0.0,0.0,2.451297,0.0,0.68636334,0.589053,2.0001166,0.0,0.0,0.0,1.8519075,0.47320315,0.49213493,0.0,0.0,1.3712032,0.0,1.7908303,0.0,0.0,0.98378074,1.3931888,0.0137387775,0.92063844,0.0,0.0,0.0,1.5207787,0.51355,0.0,0.009559218,0.88608086,1.690002,1.255131,0.5004657,0.68274283,2.244198,0.0,0.0,0.0,1
2.332521,0.0,1.8570173,0.0,1.9708662,0.3137357,0.008036379,0.95994437,0.0,0.0,0.8304091,2.5710003,1.9317815,0.0,1.8710507,0.0,0.0,0.0,2.6060836,0.9799183,0.0,3.196139,0.9506681,1.4188514,3.506404,0.0,0.0,0.0,0.050683245,1.1087418,2.480957,3.573812,0.0,2.6047316,1.9908181,1.540938,0.0,0.0,0.0,0.0,1.4886142,0.0,1.6645714,0.63387066,0.7442955,1.2667013,1.5580254,0.0,1.458626,1.9496849,0.47282112,2.823011,0.0,0.7011543,1.1763642,3.0450623,1.4470718,0.0,0.0,0.0,0.0,0.80490327,1.4064121,0.0,0.0,0.0,0.66228455,2.044645,1.6348091,1.8065192,0.69400084,2.074441,0.0,0.0,1.1093565,0.79454106,0.047793604,0.14259286,0.0,2.0003045,0.0,0.0,0.0,0.0,0.0,0.0,1.3165478,0.9683488,0.0,0.0,1.3839551,0.0,1.8660871,0.3048895,1.8924363,0.0,0.0,0.0,1.8563507,0.29071686,0.0,0.0,0.0,1.313383,0.0,2.8851876,0.0,0.0,0.4018124,0.25388956,0.0,0.2277225,0.0,0.0,1.4749485,1.6368196,0.45374236,0.0,0.03780145,0.47715917,0.65488404,0.62727475,0.0,0.23517497,2.731461,0.0,0.738165,0.0,1
1.6533705,0.0,2.9504404,0.0,2.1328518,0.0,0.0,0.825827,0.0,0.0,0.0,1.5713582,1.2405643,0.09309985,2.0959916,0.0,0.0,0.0,1.4687393,0.61108357,0.0,3.8197615,1.0527997,0.30329177,1.9834543,0.0,0.0,0.0,0.43063438,1.7205026,2.719686,3.184847,0.0,1.5952291,2.2914662,2.3388963,0.0,0.0,0.0,0.0,0.0,0.0,2.5407774,0.7109909,1.0508281,0.0,2.4240897,0.0,1.629291,1.6143645,0.0,2.4661257,0.033740442,0.0,0.0,2.5855093,2.1725748,0.5281167,0.0,0.0,0.0,0.0,0.6547942,0.0,0.0,0.0,0.0,1.7469721,0.73582196,2.0328088,0.56009185,3.1057649,0.0,0.0,0.5489825,1.4958549,1.4108053,1.9849344,0.0,2.0058045,0.0,0.0,0.0,0.0,0.0,0.41311747,1.3439496,0.9794539,0.0,0.0,2.403142,0.0,1.4131383,0.18511638,2.80057,0.0,0.0,0.0,2.2329226,0.15998465,0.75535125,0.29014868,0.0,1.1046495,0.0,2.803813,0.0,0.0,0.60363734,1.2909199,0.0,0.73502487,0.0,0.0,0.0,0.50737065,1.48065,0.0,0.0,1.5571718,0.72037524,1.7751137,0.34616536,0.16515465,2.416305,0.0,0.0,0.0,1
2.0873303,0.0,2.4416962,0.0,1.2849578,0.0,0.15478414,1.2811522,0.0,0.0,0.036729142,1.6421499,0.32979497,0.7229532,2.7022762,0.0,0.0,0.0,1.9350736,1.5137844,0.0,3.9664342,0.9435352,0.59153676,2.456823,0.0,0.0,0.0,0.38872263,1.897291,3.193725,2.8975947,0.0,1.935458,2.2945426,1.7322993,0.0,0.0,0.0,0.0,1.234397,0.0,2.737061,0.7005839,0.7976739,0.03291694,2.1016307,0.0,1.6692686,1.6855941,0.22064912,2.9263515,0.0,0.12949917,1.1150963,3.1106439,2.6434305,0.0,0.0,0.0,0.0,0.4470545,0.9712176,0.0,0.0,0.0,0.2700353,1.5553676,0.82580686,1.4393144,0.17248717,3.5692356,0.0,0.0,0.6997342,1.683929,1.5846721,0.8157118,0.0,2.0675275,0.0,0.0,0.0,0.0,0.0,0.0,0.6664508,0.7100341,0.0,0.0,1.9294724,0.0,1.0768852,0.36987135,2.03133,0.14477459,0.0,0.0,2.8392048,0.0,0.0,0.0,0.0,0.75631195,0.0,1.9541371,0.0,0.0,0.22861174,1.4555136,0.0,0.7408072,0.0,0.0,0.5572151,0.5254078,0.95732814,0.0,0.0,1.1801217,1.111357,1.9144752,0.9927882,0.32049322,2.3161538,0.0,0.0,0.0,1
2.068425,0.0,2.6524038,0.0,2.1523218,0.0,0.23416632,1.7317355,0.0,0.0,0.11449008,1.8236463,1.1983483,0.6222545,1.9801251,0.0,0.0,0.0,2.0648983,1.1012949,0.0,3.5850167,1.3956974,0.9896514,2.4567294,0.0,0.0,0.0,0.30345452,2.0207894,2.6006203,3.012799,0.0,1.6140039,2.1268818,2.3623993,0.0,0.0,0.0,0.0,0.5119547,0.0,2.0258508,1.3891141,0.95176214,0.0,2.628762,0.0,1.2280736,1.8681207,0.0,2.8544366,0.08877046,0.0,0.17326729,3.084821,2.1045268,0.0,0.0,0.0,0.0,0.0,0.7850805,0.0,0.0,0.0,0.086655416,1.9430673,1.1418157,1.8266978,0.15285626,3.030932,0.0,0.0,0.42776284,1.5394711,0.90454173,1.2488196,0.0,1.501879,0.0,0.012424688,0.0,0.0,0.0,0.2524554,1.5406967,0.8861621,0.0,0.0,2.037367,0.0,1.1901184,0.36676395,2.1585228,0.0,0.0,0.0,2.731504,0.0,0.69537073,0.0,0.0,1.1182605,0.0,2.4688187,0.0,0.0,0.5144861,1.4291975,0.0,0.5674001,0.0,0.0,0.11727043,0.6144912,0.6369535,0.0,0.02989376,1.0236335,0.8488504,1.7095879,0.2593167,0.20970608,2.4225206,0.0,0.0,0.0,1
0.7508363,0.0,2.15135,0.38687208,2.1031592,0.15574364,0.24657235,0.9727388,0.8234033,0.0,0.44146317,1.1155515,0.39895785,0.30818588,1.196829,0.0,0.0,0.0,1.7682495,0.6558539,0.0,2.4814112,1.397949,0.050551344,1.84913,0.0,0.0,0.0,0.0,1.0848747,2.34011,2.3564694,0.0,1.3455515,1.4166166,0.5712546,0.72089857,0.0,0.0,0.0,1.4659072,0.0,1.0392646,1.6979871,0.8280985,0.19799411,0.8393055,0.0,0.96694773,2.2569106,0.6045434,2.0857668,1.1116235,1.0472397,1.2026234,2.252936,2.0252311,0.52120984,0.0,0.0,0.0,0.33848435,1.4051981,0.0,0.0,0.0,0.0,0.8065595,1.5656029,1.798831,0.38493663,2.7478476,0.0,0.0,0.72820985,0.90846765,1.3290819,0.9827326,0.0,1.3581616,0.0,0.0,0.0,0.23570538,0.0,0.84849036,0.9882644,0.95461935,0.0,0.0,2.368374,0.0,0.3526235,0.38488963,1.893183,0.0,0.0,0.0,1.8754194,0.25054374,1.1670345,0.7635234,0.0,1.1942673,0.0,2.2365859,0.0,0.0,0.4104803,1.4924682,0.37809423,0.855349,0.0,0.0,0.4054049,1.2653644,0.6008921,0.0,0.0,1.2649562,1.4368427,1.4793161,0.61856204,0.36816877,2.4783056,0.0,0.0,0.0,1
1.4273462,0.0,2.114934,0.6686352,2.4800649,0.055887178,0.94536346,1.2321103,0.6656516,0.0,0.70469445,1.035749,0.5330877,0.51435816,1.1264614,0.0,0.0,0.0,1.9317987,0.47570834,0.0,2.701545,1.1234044,0.6034384,2.3463101,0.0,0.0,0.0,0.0,1.0947286,1.5491974,2.6535294,0.0,0.95335996,1.5142015,1.4112988,0.3782794,0.0,0.0,0.0,1.3132962,0.0,1.0455959,1.510614,0.39066902,0.6769407,1.7744054,0.0,0.8895454,1.9336767,0.039112672,1.724924,1.4972281,0.61205274,0.6218454,1.9051685,1.85302,0.3740085,0.0,0.0,0.0,0.9558118,0.8373743,0.0,0.0,0.0,0.0,0.90500444,1.7480898,1.1337949,0.56089,1.7136581,0.038967643,0.0,1.0587307,1.1347773,0.7976635,0.81214404,0.0,1.1402893,0.0,0.4735342,0.0,0.0,0.0,0.9541611,1.5258625,1.259908,0.0,0.0,2.3315492,0.0,0.36202782,0.76948684,2.1966343,0.0,0.0,0.0,1.8954726,0.60549766,1.1412243,0.033076975,0.0,1.4345775,0.0,1.602683,0.0,0.0,0.94791204,2.204207,0.23344734,1.0660727,0.0,0.0,0.10753765,1.5759146,0.44949883,0.0,0.0,0.18602805,2.0182667,1.0120368,1.3036923,0.13034351,2.3516133,0.0,0.04437397,0.0,1
0.0,0.0,0.0,1.7965379,0.20790797,0.051147982,1.3936208,0.987559,2.0142703,0.0,0.7939971,0.00168466,0.0,2.1222472,1.1024214,0.0,0.56318337,0.0,0.17879063,0.40459666,1.2022713,0.2871778,0.0,0.023606142,0.6268923,0.0,0.5417354,0.0,0.0,0.16253133,1.177392,0.6469263,0.0,0.4240172,0.8936497,0.0,1.2509626,0.0,0.0,0.0,1.7541252,0.0,1.0293074,2.0497146,0.065674394,0.2481656,0.45243052,0.0,0.4801633,2.9013538,0.0,0.75997204,1.4927422,3.3785172,2.518054,0.787986,0.36124817,2.456888,0.0,0.0,0.0,2.184716,1.7249713,0.0,0.0,0.0,0.0,0.0,3.213946,0.0,0.3605274,0.5228159,0.0,0.0,2.1775415,0.0,1.5346382,0.0,0.31705084,0.0,0.0,0.0,0.0,0.07766209,0.62393963,0.6908823,0.1793021,0.64803654,0.0,0.0,1.3135318,0.0,0.0,1.3406589,0.38707036,0.1579876,0.95966315,1.4200014,0.5867206,1.7014154,0.026215767,2.2051806,0.0,2.5778863,0.0,0.9882993,0.0,0.076191805,0.0,2.0644717,1.0830266,2.332254,0.0,0.0,1.1105125,1.7115026,0.12106565,0.0,0.10278398,0.4992077,3.1004837,0.14296003,0.47467956,1.6336604,1.4557205,0.5431695,0.0,0.0,0
0.83005583,0.0,2.6767664,0.6814033,1.5259405,0.021761077,1.3861694,2.7001464,0.061925538,0.0,0.70191586,0.97861314,1.1817119,0.79084384,1.360355,0.0,0.18584064,0.0,1.812985,0.0,0.081378125,3.1773293,2.2969599,1.0261717,2.307569,0.0,0.0,0.0,1.44829,0.2151608,2.0229888,1.778009,0.3690672,0.0,0.9734493,2.1856802,0.0,0.0,0.0,0.0,0.0,0.0,0.79127795,0.93052167,0.0,0.5829294,2.1748545,0.0,0.39799646,1.7971684,0.5319931,0.5422444,0.38380322,1.3966087,0.248634,1.346782,1.7552848,2.06456,0.0,0.0,0.0,1.0122801,1.0689132,0.0,0.0,0.0,0.0,0.7490919,3.0214074,0.6018681,0.43659994,1.0433995,0.51017225,0.0,1.2532048,1.7863863,0.0,0.5524103,0.0,1.7084229,0.0,0.0,0.0,0.09251269,0.0,1.2113758,1.3819067,1.1638532,0.0,0.0,1.383936,0.0,0.7316469,0.42325258,2.0738394,0.0,0.0,0.0,1.1482792,1.2713379,0.46021372,0.81703,0.0,1.9347339,0.0,1.1603566,0.0,0.0,0.3594987,0.88536894,0.7909763,0.0,0.0,0.0,0.0,0.5170263,1.2246088,0.0,0.6413231,0.97560835,1.5463165,1.1373231,0.0,0.40331987,2.6025538,0.0,0.0,0.0,1
0.31438777,0.0,0.0,1.5327992,0.39116788,0.060228065,0.19070417,0.0,0.14592811,0.0,1.5058281,0.7275952,0.5444668,1.3739414,0.8462642,0.0,0.0,0.0,0.0,0.0,0.737616,1.2596405,0.0,0.23566188,1.3358585,0.0,0.046876956,0.09556015,0.032192096,0.4658614,0.5230379,1.9378719,0.0,0.2920684,0.65879357,0.09101768,1.0082853,0.0,0.0,0.0,1.5535051,0.0,0.0,3.0271153,0.0,1.7599264,0.0,0.0,0.57751834,2.2933416,0.0,1.4516321,1.2205224,3.5599422,2.3929427,0.0,0.7068139,2.3004665,0.0,0.0,0.0,2.5498042,2.361817,0.0,0.0,0.0,0.0,0.0,3.110138,0.0,2.5113294,0.22403033,0.53157043,0.0,2.3815594,0.07066833,1.1043414,0.0,0.7644528,0.0,0.0,0.0,0.0,0.38706014,0.019500524,1.5937233,0.780863,1.2489792,0.0,0.0,1.3640038,0.0,0.0,2.2963204,0.96213186,0.0,0.0,0.0,0.46220517,1.6142596,0.0,1.4356184,0.0,2.149352,0.0,0.62322325,0.0,0.0,0.24204257,1.5891334,1.4711875,1.4489594,0.0,0.0,0.8685665,2.5109277,0.0,0.0,0.6992853,0.05549009,3.6760504,0.24838735,0.7099456,1.2531742,0.8235196,0.08224937,0.0,0.0,0
0.31460124,0.0,1.1964903,1.2004335,0.8833448,0.09723829,1.7850204,1.9001348,1.6175007,0.0,0.33533466,0.8112301,0.18708773,0.95541644,0.27444863,0.0,0.0,0.0,1.4665247,0.0,0.8470698,1.4865096,1.1360604,0.6313187,1.8882151,0.0,0.0,0.0,0.45512176,0.15971561,1.6517874,1.3919383,0.0,0.0,0.45621222,0.0,0.47305313,0.0,0.0,0.0,2.10238,0.0,0.0,2.3228002,0.0,1.4053952,0.22282884,0.0,0.4388683,2.2828372,0.49686867,1.2804935,2.5824485,1.9763466,1.5285276,1.5649707,1.2617702,2.3029156,0.0,0.0,0.0,2.0613515,1.6318078,0.0,0.0,0.0,0.0,0.24906583,2.6733406,1.3412791,0.8435225,0.7009572,0.0,0.0,1.0747429,0.52330804,1.0496248,0.13334598,0.0,0.2672722,0.0,0.6785447,0.0,0.3493122,0.0,0.37790096,0.749549,1.3564178,0.0,0.0,1.7518765,0.0,0.31013322,0.5082205,1.5101609,0.0,0.08135861,0.15648988,0.8268908,1.355165,0.6464979,0.6426083,0.0,2.8385718,0.0,1.5256784,0.0,0.0,0.04893752,1.5793695,2.0579531,0.7636782,0.0,0.0,1.1158252,2.1914535,0.5291161,0.0,0.90417343,0.13709341,2.6461592,0.40520793,0.10411073,1.4510313,1.9479028,0.0,0.0,0.0,0
1.8858742,0.0,1.7781376,0.33040679,2.2017848,0.0,0.921273,1.6652429,0.0,0.0,0.8466723,1.3667564,0.5002893,0.0,2.1048765,0.0,0.0,0.0,1.6949722,2.3855906,0.0,2.5722373,0.0,1.3546768,2.59525,0.0,1.4661032,1.6190048,0.0,1.8292127,2.252955,1.8226225,0.0,3.1967971,1.8191701,2.0376246,0.0,0.0,0.0,0.0,0.071315296,0.0,0.6995786,0.6040557,0.19802722,0.0,0.91077805,0.0,0.6721516,1.6470561,1.2076511,1.5803721,0.18994765,1.4352988,1.2009734,1.483311,0.6937172,0.0,0.0,0.0,0.0,0.0,0.06896453,0.0,0.81034493,0.0,0.65804195,1.8708335,2.2306297,1.7482088,0.0,2.2436771,0.0,0.0,1.0454483,0.0,0.0,1.1469313,0.23812674,1.1935562,0.0,0.0,0.0,0.09828391,0.80687857,0.0,0.091157004,0.0,0.0,0.0,2.05636,0.0,2.061139,0.93643695,1.7271235,0.59897363,0.21816364,0.0,2.4197545,0.7103272,1.6233233,0.7806397,0.0,0.0066155493,0.0,1.5889049,0.0,0.60397565,0.0,1.504889,0.42093658,0.2871462,0.0,0.0,2.997689,0.32891417,1.3462082,0.0,0.0,0.0,0.15852144,0.6266545,0.72832906,0.8132823,1.8707482,0.18766132,0.28209874,0.7255715,1
1.5963295,0.0,2.1074486,0.36646712,1.9232789,0.10866253,0.5973293,1.471746,0.543665,0.0,0.63214594,1.3654838,1.5500277,0.0,1.5112379,0.0,0.0,0.0,1.9881816,0.0,0.0,2.7240775,1.8781413,0.25375715,1.5559772,0.0,0.0,0.0,0.82215834,0.8485417,2.0282412,2.9315012,0.0,0.5378765,1.394822,1.450629,0.12250111,0.0,0.0,0.0,1.1629962,0.0,0.7101498,0.9774367,0.5311292,0.5850748,1.777235,0.0,0.68471575,2.1465766,0.0,2.0190504,1.1421592,0.5481924,0.2191583,1.9950161,1.9161259,0.42397863,0.0,0.0,0.0,0.5815447,1.3891393,0.0,0.0,0.0,0.0,1.1452026,1.4331841,1.729591,1.2309171,1.5738043,0.0,0.0,0.57971615,1.5942786,1.0968107,1.5387568,0.0,1.1157142,0.0,0.8275722,0.0,0.0,0.0,1.4521381,1.8444638,1.4915699,0.0,0.0,2.9530933,0.0,0.75914276,0.5397429,2.2456284,0.0,0.0,0.0,1.4840945,0.26712897,1.6848556,0.2825066,0.0,1.62537,0.0,1.748833,0.0,0.0,1.3517215,1.7404455,0.5611397,0.55998665,0.0,0.0,0.0,1.2306776,0.47751963,0.0,0.053615574,0.94162387,1.5562036,1.2669339,0.16536202,0.0,2.2632315,0.0,0.0,0.0,1
1.2572211,0.0,1.9634149,0.7420899,1.9745649,0.0,1.0695529,1.3117247,0.973557,0.0,0.34291837,0.622092,0.33565664,0.43841815,1.7410213,0.0,0.0,0.0,1.6301079,0.0,0.0,2.5482702,1.0441221,0.5495438,2.0559826,0.0,0.0,0.0,0.0,0.629023,2.6305394,1.7241489,0.0,1.1745696,1.3623797,0.7644166,0.18028198,0.0,0.0,0.0,1.4031954,0.0,1.131159,1.4614819,0.35223004,0.43083918,1.4838834,0.0,0.7624853,1.6102233,0.2780546,1.6240994,0.7933669,0.86569965,1.0867176,2.749372,2.309546,1.1920958,0.0,0.0,0.0,0.7618557,1.3568935,0.0,0.0,0.0,0.0,0.82493377,1.588693,1.0643922,0.86107147,2.35462,0.0,0.0,0.3440964,1.4087657,1.1255033,0.6794309,0.0,1.441915,0.0,0.0,0.0,0.0,0.0,0.78659594,1.3662701,1.1925431,0.0,0.0,1.9634925,0.0,0.6428934,0.99404293,1.9729326,0.0,0.0,0.0,1.7845172,0.8428767,0.6006634,0.47801274,0.0,1.6884141,0.0,1.7359681,0.0,0.0,0.50255036,1.8211839,0.3200849,0.8697203,0.0,0.0,0.7756882,1.4022852,0.54685205,0.0,0.0,1.142341,1.6640368,1.0416195,0.80874383,0.5215959,2.1905649,0.0,0.0,0.0,1
1.7501086,0.0,2.5475159,0.05788331,2.5391562,0.11600356,0.6219565,1.6686689,0.0,0.0,0.081266835,1.2927563,1.3824174,0.11874546,1.4571931,0.0,0.14814566,0.0,1.4545113,0.0,0.0,3.0712907,2.160034,0.6668601,1.7270023,0.0,0.0,0.0,1.1010717,1.3675659,2.9579206,2.4195538,0.0,0.5865391,1.8823661,2.1115038,0.0,0.0,0.0,0.0,0.5391522,0.0,2.3628683,0.9706241,0.6792935,0.0,2.5615027,0.0,0.8123299,1.2293371,0.0,2.6246397,0.36829337,0.0,0.0,3.2201095,1.8556004,0.71473247,0.0,0.0,0.0,0.0,0.3963835,0.0,0.0,0.0,0.0,1.54161,1.2394001,1.8510859,0.17073631,2.7324371,0.0,0.0,0.20169921,1.8089969,1.4380739,1.9829975,0.0,1.8002381,0.0,0.0,0.0,0.0,0.0,0.27490458,2.0234656,0.69118506,0.0,0.0,2.1551938,0.0,0.91383743,0.4107473,2.484033,0.0,0.0,0.0,2.253453,0.7251484,0.7064532,0.0,0.0,1.5538862,0.0,2.474045,0.0,0.0,0.66354775,0.93747467,0.0,0.7865414,0.0,0.0,0.0,0.6304261,1.3423147,0.0,0.24600428,2.3268332,0.924464,2.3192987,0.0,0.21164587,2.3619533,0.0,0.0,0.0,1
2.2247975,0.0,2.9319472,0.0,2.301986,0.43456104,0.18489763,1.1504683,0.0,0.0,0.5675915,1.9862813,1.2119884,0.0,1.9433529,0.0,0.0,0.0,1.945497,0.2960119,0.0,3.2090085,1.8924291,0.09923,1.8842429,0.0,0.0,0.0,1.0188425,1.2755572,2.385043,3.1465285,0.0,1.0386515,1.442899,2.2436485,0.0,0.0,0.0,0.0,0.30682367,0.0,1.1555423,0.67593193,1.084647,0.199604,2.0224092,0.0,1.3999372,1.3409894,0.0,2.045062,0.27892283,0.1888735,0.4937213,2.0627937,2.2720804,0.46592876,0.0,0.0,0.0,0.1304539,0.95877206,0.0,0.0,0.0,0.0,1.2363834,1.227726,2.0205617,0.6883217,2.4713254,0.0,0.0,0.34057382,1.8497486,1.0363308,1.3902129,0.0,1.4731139,0.0,0.43209967,0.0,0.0,0.0,1.3714235,2.0229576,1.336403,0.0,0.0,3.2151783,0.0,1.1839947,0.75500715,2.446726,0.0,0.0,0.0,2.0577865,0.0,1.2613443,0.63071895,0.0,0.84314656,0.0,2.5332303,0.0,0.0,0.8901222,1.324633,0.0,0.5108312,0.0,0.0,0.0,0.6493882,0.63961357,0.0,0.3615026,1.6248302,0.94578165,1.7899382,0.71305937,0.0,2.6097772,0.0,0.0,0.0,1
0.46465328,0.0,2.1992273,0.7502811,1.9234849,0.0,1.7014568,2.8172014,0.0,0.0,0.0,1.2932175,0.86810905,1.1408584,1.3347425,0.0,0.17557013,0.0,2.1678345,0.9621879,0.0,2.5849254,0.7344294,1.1824868,2.198765,0.0,0.0,0.0,0.083667666,1.3067114,3.0023804,1.7331678,0.0,1.3891144,1.1380298,1.9732469,0.19972932,0.0,0.0,0.0,1.3259318,0.0,1.0260988,0.81340975,0.0,0.47823298,1.5420992,0.0,0.69445944,2.1966462,1.0856717,1.0266105,0.57290363,0.8045168,1.0890603,2.4596605,2.4598558,1.3010554,0.0,0.0,0.0,0.9050491,1.2050619,0.0,0.0,0.0,0.0,1.4660995,2.3434932,0.87133056,0.4897819,2.3006768,0.0,0.0,0.9446995,1.1346909,0.23196386,0.4142017,0.0,1.3548416,0.0,0.0,0.0,0.0,0.0,0.15081078,1.2431964,0.48657888,0.0,0.0,1.5701735,0.0,0.17362784,0.0,1.5525947,0.32718605,0.0,0.0,1.3168931,0.530854,0.72649914,0.22010532,0.0,2.2034016,0.0,1.9774944,0.0,0.0,0.0,1.9783117,0.6093087,0.65485394,0.0,0.0,1.6450005,0.85529256,1.1035963,0.0,0.0,0.7018762,1.3628879,1.1432759,0.0,0.8529185,2.6088662,0.0,0.0,0.0,1
0.3207852,0.0,0.0,1.3930007,0.3411156,0.3063005,1.2721448,0.5838082,1.9222022,0.0,1.5494663,0.36042863,0.11484574,1.081116,0.9188922,0.0,0.0,0.0,0.25953922,0.0,0.82238925,0.68484485,1.3113555,0.25690424,0.44609427,0.0,0.054020185,0.0,0.1639324,0.0,0.0,2.1661797,0.0,0.0,0.081642054,0.0,0.9086116,0.0,0.0,0.0,2.1191866,0.0,0.0,2.4730728,0.0,1.7013296,0.3996558,0.0,0.0,2.4902012,0.0,1.0643327,2.1238663,3.1982372,1.6978788,0.0,1.2030528,2.737399,0.0,0.0,0.0,3.0181553,1.8639314,0.0,0.0,0.0,0.0,0.0,4.0458965,0.061348077,1.2360334,0.6104184,0.66565716,0.0,1.4512515,0.6749822,1.4871091,0.0,0.28362748,0.0,0.0,0.0,0.0,0.20515823,0.0,1.778148,0.5570417,1.4543546,0.0,0.0,2.478893,0.0,0.0,1.6069776,1.1917797,0.0,0.021990838,0.0,0.0,1.5090321,0.0,1.1447735,0.0,2.5632398,0.0,0.65603685,0.0,0.0,0.8315028,1.2308134,1.7642833,1.424512,0.0,0.0,0.0,1.3868575,0.25533405,0.0,0.79959023,0.65727574,3.259229,0.0,0.5727724,0.6893243,1.2652,0.0,0.0,0.0,0
0.0,0.0,0.0,1.5742332,0.3964598,0.0,2.0255866,1.3339612,1.6568785,0.0,0.3810596,0.0,0.0,2.0087926,0.15641128,0.0,0.9231432,0.0,0.5324921,0.0,0.84779817,0.29719624,0.1994601,0.21533535,0.0,0.0,0.75975496,0.0,0.0,0.0,0.95925486,0.0,0.5845289,0.05835903,0.3628562,0.0,1.055853,0.0,0.0,0.0,1.4597512,0.0,1.0434812,1.7416455,0.0,0.33515325,0.0,0.0,0.0,2.3930764,0.0,0.061458215,1.251488,3.353982,1.6105689,1.350717,0.39748564,2.8980415,0.0,0.0,0.0,2.3323572,1.163019,0.0,0.0,0.0,0.0,0.0,2.9505956,0.0,0.6414282,0.17726067,0.0,0.0,1.5882671,0.025601558,1.740522,0.0,0.6945599,0.21994835,0.0,0.0,0.0,0.13700488,0.5240852,0.6876897,0.28532577,0.86024636,0.0,0.0,1.2586093,0.0,0.0,1.8133626,0.4786144,0.0,1.007269,1.4035552,0.4122643,3.2359018,0.0,2.40527,0.0,3.2614906,0.0,0.6332825,0.0,0.29446712,0.0,2.8820822,1.1284648,1.6381501,0.0,0.0,1.2270402,2.1023383,0.32082462,0.0,0.0,0.44259003,2.563718,0.0,1.5661952,2.1457534,2.2063713,0.6333673,0.0,0.0,0
0.0,0.0,0.0,1.5133985,0.54159504,0.23290704,2.1514862,1.3171884,2.2393892,0.0,0.1881138,0.0,0.22466238,1.9564338,0.14237635,0.0,0.8631509,0.0,0.60689557,0.0,0.6232861,0.19681634,1.0118436,0.57875,0.0,0.0,0.9244697,0.0,0.0,0.0,0.67250293,0.27945557,0.72066027,0.0,0.013859384,0.0,0.87606126,0.0,0.0,0.0,1.1046602,0.0,0.52478147,2.3378458,0.0,0.34202704,0.0,0.0,0.0,2.3485687,0.0,0.0,1.5334094,3.7489307,1.4326687,1.334865,1.0560288,2.7983541,0.0,0.0,0.0,2.3075397,1.1312859,0.0,0.0,0.0,0.0,0.1958732,3.714715,0.0,1.21065,0.0,0.0,0.0,1.6564858,0.094118945,1.4282612,0.0,0.8063216,0.0,0.0,0.0,0.0,0.0,0.62309253,1.1480948,0.36121508,1.247631,0.0,0.0,0.7265225,0.0,0.0,2.1834064,0.6465681,0.0,0.95742494,1.3374925,0.0,3.189781,0.0,2.4811454,0.0,3.9316657,0.0,0.46836668,0.0,0.0,0.6323663,2.210457,1.6361997,0.9602793,0.0,0.0,0.62641954,1.6390351,0.41354704,0.0,0.0,0.95245177,2.828307,0.0,1.0570062,2.184356,1.2988782,0.0,0.0,0.0,0
0.7469556,0.0,0.0,1.493301,0.29172793,0.0,1.3205606,1.2603053,0.32282758,0.0,1.44908,0.020327093,0.13513042,1.9109236,1.4253783,0.0,0.0,0.0,0.33338106,0.0,0.24266967,1.2603015,0.43301585,1.2073691,0.7868917,0.0,0.21023746,0.49194384,0.0,0.81948227,0.9259385,1.3701574,0.0,0.35421842,1.0036154,1.2081844,0.0,0.0,0.0,0.0,0.65754473,0.0,1.5867634,1.8848375,0.0,1.3264604,1.6902081,0.0,0.43984666,1.6369455,0.0,0.41639453,0.49110878,2.7072852,1.3775128,0.0,1.0671723,3.5553527,0.0,0.0,0.0,1.1578774,1.2486585,0.0,0.0,0.0,0.62739867,0.457956,3.8725493,0.0,0.59134537,0.9031039,0.0,0.0,1.7050501,1.2575327,1.8504051,0.0,0.7692157,0.5707728,0.0,0.0,0.0,0.13542992,1.3804455,0.27262416,0.65171826,0.0,0.0,0.0,1.8787266,0.0,1.0139166,1.9168165,1.3986509,0.0,0.0,0.7042309,1.2960416,2.1085646,0.10154454,2.0355368,0.0,2.3621528,0.0,0.6453511,0.0,0.49282137,0.0,1.1255902,0.98828703,1.5237442,0.0,0.0,1.2735155,0.622862,0.35245773,0.0,0.0,0.7605982,2.4491372,1.6134388,0.9460739,1.8824568,0.41653046,0.33648196,0.0,0.0,0
1.685926,0.0,2.586926,0.0,2.8479395,0.57626975,1.1804018,1.9508157,0.53272355,0.0,0.0757433,1.7506452,1.6286091,0.0,1.3292412,0.0,0.0,0.0,2.2092388,0.725143,0.0,2.27327,1.822884,0.8902948,1.9183248,0.0,0.0,0.0,0.44685254,1.2276725,2.581211,2.8826675,0.0,0.84912026,1.1553934,1.50695,0.07096834,0.0,0.0,0.0,0.7674172,0.0,1.6983467,0.59053755,0.779597,0.17044486,1.8293519,0.0,1.1119707,1.7548497,0.18435782,1.9120811,0.072197266,0.0,0.0,2.8363547,2.7144032,0.47984138,0.0,0.0,0.0,0.0,0.6021735,0.0,0.0,0.0,0.0,1.4276521,1.2992082,1.7010012,0.0,2.1748214,0.0,0.0,0.0,1.8489851,1.067453,1.3913759,0.0,1.1238072,0.0,0.0,0.0,0.0,0.0,0.2787798,1.5241268,0.57548606,0.0,0.0,2.6385806,0.0,0.86706144,0.24227457,2.5510159,0.0,0.0,0.0,1.940727,0.34579095,0.8342802,0.0,0.0,1.3090966,0.0,2.5437462,0.0,0.0,0.3186814,0.9856487,0.14760081,0.23560809,0.0,0.0,0.0,0.8883871,1.2726978,0.0,0.053954724,2.1390228,0.42351428,1.882664,0.25818694,0.1607319,3.2659738,0.0,0.0,0.0,1
1.6450824,0.0,0.7964051,0.0,1.414971,0.0,0.19308203,0.7481338,0.0,0.0,0.81817675,1.540463,0.7072844,0.0,1.1896223,0.0,0.0,0.0,2.161727,1.0057731,0.0,2.4165857,0.0,1.0783505,2.721767,0.0,0.0,0.0,0.6551625,0.8786735,1.6935507,3.1488883,0.0,0.93300235,1.88911,0.98454106,0.0,0.0,0.0,0.0,1.7143279,0.0,1.2166982,1.8293872,0.6352086,1.1658524,0.49991423,0.0,1.4049749,1.7105854,0.7326565,3.2901013,0.9076451,1.5608573,1.0819718,1.6114442,0.88899153,0.345431,0.0,0.0,0.0,1.5536927,1.5295831,0.0,0.0,0.0,0.0,1.3323138,2.1303613,1.5624096,0.84741336,1.5800899,0.0,0.0,0.8135396,0.21972285,0.77267766,0.86382514,0.0,0.91001385,0.0,0.0,0.0,0.0,0.0,0.5253031,1.5574201,0.85599965,0.0,0.0,2.109628,0.0,1.9425976,0.88377184,2.0876896,0.0,0.0,0.0,2.550767,1.3420798,1.1517547,0.0,0.0,1.5291579,0.0,1.7291409,0.0,0.0,0.65663886,1.270166,0.5261797,1.3412008,0.0,0.0,0.57148147,1.8791751,0.0,0.0,0.36730814,0.0,2.4015882,0.28797984,0.6057481,0.4152203,2.321873,0.0,0.49635616,0.0,1
0.0,0.0,0.7004567,1.7995766,1.5726193,0.0,1.3107705,1.3531501,0.0,0.0,1.8070519,0.0,0.103899166,1.0238163,0.7805046,0.0,0.0,0.0,0.34274185,0.0,0.5974063,0.9098257,0.7361267,0.5166818,1.1514945,0.0,0.47843778,0.0,0.0,1.0469928,0.9303204,1.6210612,0.0,0.24777089,0.34752116,0.5294306,0.32031888,0.0,0.0,0.0,0.4588455,0.0,0.0041731326,1.8488331,0.0,0.9775337,0.0,0.0,0.085536934,1.9528043,0.49323708,1.4036254,1.1386416,3.290227,1.5227739,0.852482,0.6890455,2.2090878,0.0,0.0,0.0,2.2254808,1.6944343,0.0,0.0,0.0,0.0548651,0.0,2.2988656,0.21575624,0.16145238,1.1840883,0.0,0.0,2.1337113,0.5268701,0.57004195,0.0,1.0059173,0.79127127,0.0,0.067335375,0.0,0.2703186,1.0006617,0.22160709,0.0,0.8206158,0.0,0.0,1.0133575,0.0,0.32635808,1.5135448,0.53862953,0.9232896,0.0,0.68334115,0.94229144,2.2745702,0.5098651,1.451733,0.0,2.267987,0.0,0.7302914,0.0,0.3790746,0.0,1.4239486,1.0292199,1.7048159,0.0,0.0,0.71336496,1.8716342,0.11580705,0.0,0.0,0.63883805,2.4225318,0.16061677,0.98954666,1.9437964,1.6446792,0.36138773,0.0,0.0,0
0.0,0.0,0.0,1.4075121,0.042457335,0.1318443,2.0324893,0.5737294,2.744056,0.0,0.0,0.0,0.0,2.0159993,0.17011778,0.0,0.55534124,0.0,0.2091028,0.0,0.5299573,0.19312787,1.0481786,0.39890388,0.0,0.0,0.63991666,0.0,0.20947869,0.0,0.33445084,0.7224306,0.0,0.0,0.0,0.0,0.28790754,0.0,0.0,0.0,1.5357016,0.0,0.30995974,2.2837186,0.0,0.35743383,0.20424375,0.0,0.0,2.168068,0.0,0.0,1.4283708,3.5972254,0.8717649,0.727057,0.8187312,3.1477427,0.0,0.0,0.0,2.756839,1.1102614,0.0,0.0,0.0,0.0,0.0,3.7035573,0.0,1.4193863,0.0,0.0,0.0,1.6288565,0.14950405,1.7006005,0.0,0.73227805,0.0,0.0,0.0,0.0,0.0,0.42962506,1.2781719,0.8534569,1.1846813,0.0,0.0,1.0013393,0.0,0.06896792,2.7023454,0.70830894,0.0,0.9051376,0.94849145,0.0,3.562215,0.0,1.9527823,0.0,3.627733,0.0,0.0,0.0,0.0,0.5256952,2.8251293,1.7836043,1.0957412,0.0,0.0,0.0375252,1.8185939,0.8202469,0.0,0.18389207,1.2218351,3.2052817,0.0,1.565532,2.1073115,1.0966313,0.0,0.0,0.0,0
1.6907165,0.0,1.0963593,0.0,1.8252565,0.0,0.0,0.51321036,0.07649893,0.0,0.653989,1.3600587,0.996439,0.0,1.2330824,0.0,0.0,0.0,1.9265143,1.370904,0.0,3.2660973,0.58547884,0.8768015,2.7396047,0.0,0.0,0.0,0.6498941,1.712863,1.8705386,3.6629875,0.0,1.7668872,2.3164203,1.4725246,0.029827451,0.0,0.0,0.0,1.3217058,0.0,1.5401493,1.595069,1.0723125,0.68632,1.4622332,0.0,1.070616,1.8639975,0.6050151,2.501874,0.12787347,0.07344836,0.8478589,1.8703845,1.4871724,0.0,0.0,0.0,0.0,0.44259083,0.94160795,0.0,0.0,0.0,0.11598734,2.2459798,1.3990982,1.6945944,0.16297174,2.9739127,0.0,0.0,0.8466017,0.6416521,0.36413798,1.2816292,0.0,1.387349,0.0,0.0,0.0,0.18577024,0.0,1.0113827,1.4047718,0.9012904,0.0,0.0,1.7931765,0.0,1.1137141,0.7151873,2.3689892,0.0,0.0,0.0,2.630251,0.0,1.1219323,0.0,0.0,0.8116053,0.0,2.0811148,0.0,0.0,0.89077884,0.96979916,0.0,1.0312972,0.0,0.0,0.24312791,1.3216534,0.6293499,0.0,0.0,0.7611686,1.9858027,1.3095344,0.5804529,0.0,1.7327065,0.0,0.31093374,0.0,1
0.23017144,0.0,0.23685248,2.090421,0.6149508,0.0,1.7632241,0.95885086,0.40607548,0.0,1.5905845,0.5794811,0.0,0.0,0.28280067,0.3690514,0.7425772,0.0,0.1980643,0.6373934,1.6608268,0.77748007,0.0,0.7202356,1.1561166,0.0,1.3074433,0.80119455,0.0,0.14239855,0.64014155,0.0,0.0,1.0581532,0.64508426,0.20209739,0.25698033,0.0,0.0,0.0,1.3111974,0.0,0.0,1.6670839,0.0,0.886414,0.0,0.0,0.0,2.7052088,0.08926195,0.7648552,2.0793056,3.0816443,2.073542,1.2563322,0.42456302,1.5427505,0.0,0.0,0.0,0.38968283,1.0562379,0.0,0.0,0.0,0.54197216,0.973573,2.6236746,0.0,0.0,0.3277473,0.0,0.0,1.5935402,0.0,1.39729,0.20693476,0.53625727,0.0,0.0,0.0,0.0,0.7986184,0.6645653,0.20720291,0.0,1.2740387,0.0,0.0,1.3415538,0.0,0.6997516,1.1221561,0.63486266,0.027659178,1.7233922,1.5531017,1.1602876,1.9752749,1.5402228,2.0011418,0.0,2.1604826,0.0,0.009992765,0.0,1.1583288,0.0,1.8111156,1.2185915,0.95143956,0.0,0.0,1.7189492,2.036326,0.23186773,0.0,0.0,0.0,2.4987261,0.025958134,0.0,2.014645,0.89096147,0.93098825,0.0,0.2733678,0
1.2348996,0.0,1.5707914,0.16076462,1.757512,0.0,0.62040144,0.4728507,0.0,0.0,0.40031952,1.331829,0.56773424,0.0,0.97858363,0.0,0.0,0.0,1.5710635,0.5590959,0.0,3.4764223,0.2753359,0.7154834,2.3810105,0.0,0.06380458,1.1416237,0.26273447,0.72727084,3.0646431,2.0315127,0.0,2.1762605,1.8244826,1.0975657,0.0,0.0,0.0,0.0,1.2031531,0.0,2.136867,1.7906231,0.0,0.8186228,1.276293,0.0,1.1779735,1.8309002,0.5797152,2.4620628,1.1703423,0.75364316,0.81486,1.5203491,1.8050588,1.096711,0.0,0.0,0.0,0.0,1.4404751,0.0,0.0,0.0,0.0,1.3568219,1.903366,2.0522354,0.8855395,1.5181164,0.0,0.0,0.74170506,0.12960051,1.1729773,0.5784112,0.0,1.5055515,0.0,0.0,0.0,0.5549206,0.0,0.6322732,1.3018605,0.8329475,0.0,0.0,1.8583697,0.0,1.2234163,0.23303159,1.7583656,0.13864562,0.0,0.0,2.9829824,0.22342223,1.8207644,0.47267208,0.0,0.76917636,0.0,0.94774735,0.0,0.0,0.0,1.8196818,0.20134535,0.81455356,0.0,0.0,1.2498375,1.64398,0.8375382,0.0,0.2472974,0.0,2.2386544,1.6797115,0.45213163,0.77505934,2.4235027,0.0,0.47403964,0.18522024,1
1.6955248,0.0,0.46672183,0.837192,1.7640744,1.0534097,0.4499049,0.6045284,0.116013624,0.0,0.86805135,2.0603147,0.15256442,0.0,1.3402978,0.22848253,0.0,0.0,0.9908514,1.8436061,0.1821416,1.7411201,0.0,1.6982033,2.6826055,0.0,0.64900076,1.7508512,0.0,1.3453832,1.9484897,1.6637008,0.0,2.369451,1.3944803,1.6106536,0.0,0.0,0.0,0.0,1.0247853,0.0,0.7040266,2.1880999,0.0,1.4888681,0.83951783,0.0,1.2598202,1.3913984,0.75825346,2.4891667,0.68241394,1.2431433,2.1102352,0.94234174,0.99955326,0.4889979,0.0,0.0,0.0,0.73857355,1.5787656,0.0,0.38790882,0.0,0.0,1.00901,2.1812634,0.68962044,0.21465576,0.7784178,0.06427462,0.0,1.2133926,0.0,0.0,0.0,0.015703566,0.35249546,0.0,0.0,0.0,0.75595903,0.10871273,0.0,1.6619086,0.3267747,0.0,0.0,1.0436383,0.0,1.688236,1.0103258,1.6370227,0.92053443,0.0,0.5506092,1.4774005,0.2699996,0.7407493,0.60625803,0.0,0.603595,0.0,1.7050261,0.0,0.122429274,0.0,1.2024701,0.68435967,1.2697612,0.5265204,0.0,2.2298853,1.8772646,0.0,0.0,1.3864444,0.0,2.3037345,1.6192846,0.0,0.4920129,1.649188,1.0000703,0.29564798,0.5537217,1
0.12171519,0.0,0.62272143,2.2144861,1.0698389,0.2569829,1.6808321,1.1227925,1.6409228,0.0,1.2254047,0.17148769,0.3706746,1.5278662,1.3239777,0.0,0.0,0.0,0.25456464,0.0,0.99458915,0.711648,1.1329919,0.17062981,1.7230419,0.0,0.696357,0.0,0.0,0.066989385,1.2701292,0.85473007,0.0,0.30377635,0.65267324,0.0,1.2856393,0.0,0.0,0.0,1.862838,0.0,0.0,2.2207284,0.051326428,1.285471,0.048825886,0.0,0.0,2.5018828,0.12541986,0.7915705,2.1051664,3.5951915,2.9603643,0.7742539,0.47914466,2.5993,0.0,0.0,0.0,1.6205637,1.6306806,0.0,0.0,0.0,0.0,0.0,2.772283,0.29729065,1.2253007,1.0337714,0.0,0.0,1.297455,0.0011455338,0.712733,0.0,0.2012588,0.0,0.0,0.0,0.0,0.56502634,0.0,0.7922266,0.0,1.0901183,0.0,0.0,1.640709,0.0,0.0,1.6875087,0.70438856,0.0,0.5572442,0.31912807,0.533298,1.6606711,0.5177933,1.5970327,0.0,2.4852717,0.0,1.1265447,0.0,0.0,0.0,1.9384359,1.7413833,1.812321,0.0,0.0,1.0965244,1.9742477,0.0,0.0,0.0,0.0,2.4868076,0.622888,0.6731312,1.8444715,1.276887,0.0,0.0,0.0,0
2.3828664,0.0,2.565968,0.0,2.8888133,0.80880904,0.5924885,1.9328036,0.23725557,0.0,0.0,1.9239328,0.68750274,0.28541666,1.9073825,0.0,0.0,0.0,1.8443235,1.172541,0.0,2.2829626,1.1197269,1.1417966,2.2167258,0.0,0.0,0.0,0.0,1.8165144,2.7376385,2.6588068,0.0,1.7613058,1.6692098,1.819873,0.0,0.0,0.0,0.0,0.009372599,0.0,1.4812869,0.375588,1.1244165,0.32044807,1.8463283,0.0,1.2979364,1.5491265,0.29545036,1.3425226,0.0,0.0496015,1.2272999,2.3209295,2.854367,0.11152536,0.0,0.0,0.0,0.0,0.0,0.0,0.0,0.0,0.0,1.4599935,1.6003338,1.1255426,0.0,2.3987722,0.0,0.0,0.21003528,1.2704313,0.19880705,1.2618731,0.0,1.6816995,0.0,0.0,0.0,0.0,0.51807827,0.059836064,0.79693156,0.30073953,0.0,0.0,2.1222773,0.0,0.8950638,0.17714204,1.7508211,0.01756227,0.0,0.0,2.095623,0.0,0.3433947,0.31611004,0.0,0.90838444,0.0,2.3678493,0.0,0.0,0.0,1.8119806,0.43286067,1.3399887,0.0,0.0,1.2488773,0.71028364,0.37378156,0.0,0.0,1.4328579,0.0,2.1754267,1.5937266,0.0,2.7541444,0.0,0.0,0.0,1
1.8004698,0.0,1.8050662,0.0,1.979692,0.24011983,0.87764466,1.7196901,0.0,0.0,0.0033676776,1.3742725,0.6660968,0.19988617,2.2037373,0.0,0.0,0.0,1.8587154,1.1695122,0.0,2.667824,1.4904239,0.8276654,2.6046438,0.0,0.15238239,0.0,0.0,1.9676162,2.7347286,2.1873884,0.0,2.2520947,2.0078256,1.2882943,0.0,0.0,0.0,0.0,0.5134962,0.0,1.7302668,0.8236774,0.5937478,0.57210195,1.3411162,0.0,1.5657574,1.9469903,0.23044854,2.326469,0.0,1.3446436,1.3282423,2.0895748,2.7917473,0.46327445,0.0,0.0,0.0,1.0343959,1.6815099,0.0,0.0,0.0,0.002787212,1.950916,2.1065066,1.7714572,0.36469287,2.9020128,0.0,0.0,0.79051304,1.6706715,0.4923496,0.5973757,0.0,1.7991319,0.0,0.0,0.0,0.11367873,0.0499084,0.3066651,1.3244476,0.4588568,0.0,0.0,2.5863812,0.0,0.8469805,0.852441,2.062865,0.0,0.0,0.0,2.0063806,0.061163217,0.0,0.00012764707,0.0,0.5082966,0.0,2.747087,0.0,0.0,0.0,1.4113139,0.0,0.85994714,0.0,0.0,1.9313729,0.69499266,1.2610625,0.0,0.0,1.3291818,0.4305596,1.3748627,0.7526578,0.0,2.877241,0.0,0.11909702,0.0,1
0.10757966,0.0,0.6206358,2.0316594,0.26899368,0.0986931,1.9659206,0.7930753,1.5152745,0.0,1.1805232,0.0,0.32985508,1.3569021,0.745179,0.0,0.29250315,0.0,0.69390184,0.0,1.9632143,1.4018235,0.4444883,0.32572132,1.1949557,0.0,0.64769304,0.0,0.0,0.0,0.92366505,1.164379,0.0,0.7009139,0.9183347,0.0,0.7860185,0.0,0.0,0.0,1.5769387,0.0,0.6983655,2.0512104,0.0,0.8987924,0.4246001,0.0,0.1356861,2.5644264,0.0,0.4677378,1.9155226,3.0744522,2.1986976,1.2137917,1.0313511,2.781657,0.0,0.0,0.0,2.084592,1.8168709,0.0,0.0,0.0,0.0,0.33078578,3.2613485,0.0,0.97999436,0.8254441,0.0,0.0,1.5948973,0.0,1.4001313,0.0,0.74931455,0.2167789,0.0,0.0,0.0,0.44443113,0.0,0.87822497,0.88838905,1.2745875,0.0,0.0,1.4684397,0.0,0.198456,1.2442195,0.8130658,0.0,0.69074094,0.87019765,0.5607125,1.9339631,0.20339438,1.6273346,0.0,2.5841787,0.0,0.7915597,0.0,0.0,0.0,2.488284,1.3263168,1.6769104,0.0,0.0,0.7631114,2.2156224,0.3169344,0.0,0.0,0.36809734,3.018348,0.021519555,0.80324036,1.5182607,1.0075326,0.0,0.0,0.0,0
0.72451437,0.0,0.9916473,2.4188223,0.7645806,0.0,1.4606916,0.92514724,0.4429819,0.0,1.7957033,0.57117265,0.61105776,0.16221999,0.9580133,0.0,0.1401328,0.0,0.092328385,1.696785,1.508352,0.5086078,0.0,1.0139894,1.5863807,0.0,1.3229661,1.300592,0.0,0.9983117,0.6184596,0.44882414,0.0,1.2337205,0.60413027,1.0804685,0.056410436,0.0,0.0,0.0,0.8339612,0.0,0.38276795,0.39787638,0.0,1.4694334,0.402639,0.0,0.30875078,2.590189,0.52539116,1.0536321,1.3808612,2.4658608,1.7698052,0.51408684,0.31430727,1.4290742,0.0,0.0,0.0,0.68284214,0.8611208,0.0,0.0,0.0,0.79744637,0.7916381,2.532221,0.06932034,0.0,1.328108,0.0,0.0,1.4268951,0.0,0.8699608,0.0,0.46975353,0.7973171,0.0,0.0,0.0,0.5352084,0.97747207,0.0,0.0,1.2470322,0.0,0.0,1.8822856,0.0,1.6183726,1.477735,0.528577,0.24587688,1.1145792,1.4270462,1.4750445,2.3418813,1.7239017,2.5164404,0.0,1.7654735,0.0,0.6011783,0.0,1.0932071,0.0,1.3509372,0.6399528,1.3713086,0.0,0.0,2.1000073,1.5962536,0.0,0.0,0.0,0.0,2.6326206,0.5714455,0.19640954,1.7738972,0.8991816,0.79325783,0.0,0.7091428,0
0.0,0.0,0.0,1.2342521,0.0,0.0,0.74747616,0.9525549,2.0270412,0.0,0.8807645,0.24870762,0.0,1.8953978,0.7273499,0.0,0.0,0.0,0.84665644,0.0,0.5570471,1.9289474,0.70509773,0.22550924,1.045612,0.0,0.0,0.0,0.44593015,0.10189765,1.5195673,0.81690043,0.029104343,0.0,0.68929803,0.0,0.73733073,0.0,0.0,0.0,2.278372,0.0,0.6988759,2.2363114,0.0,0.62943894,0.13435373,0.0,0.054845367,1.6697413,0.0,0.5547597,1.2717152,2.791203,1.5956879,1.0349356,1.1790371,2.598497,0.0,0.0,0.0,2.3998702,1.686863,0.0,0.0,0.0,0.0,0.0,2.770446,0.0,2.3836372,0.87825984,0.0,0.0,1.7361652,0.4663689,1.7606446,0.0,0.7695798,0.39440775,0.0,0.0,0.0,0.072533555,0.0,1.2730628,0.9615202,1.446822,0.0,0.0,2.0124643,0.0,0.0,1.9599851,1.1356091,0.0,0.0,0.0,0.98422873,2.398201,0.0,1.3201581,0.0,2.7489572,0.0,0.6787084,0.0,0.0,0.6192471,2.0123003,1.1440018,1.3193676,0.0,0.0,0.0,1.7771417,0.0,0.0,0.0,0.8716652,3.6698859,0.48701718,0.78452694,1.1566967,1.9367617,0.0,0.0,0.0,0
0.0,0.0,0.63664174,0.5695728,0.9144074,0.0,0.79774433,0.43251976,0.46832234,0.0,1.297283,0.0,0.08866669,1.9079509,0.99683434,0.0,0.0,0.0,1.2299668,0.35567364,0.0,1.7318549,0.6000693,0.18790653,1.8706838,0.0,1.0471097,0.0682476,0.0,0.913395,1.6381879,1.7491738,0.0,0.74946505,0.021757834,0.023724807,0.26655927,0.0,0.0,0.0,1.1685667,0.0,0.81084865,2.5772083,0.0,1.5091814,0.2596113,0.0,0.0,2.429188,0.7559444,0.82608324,1.2167915,2.7594955,1.7094015,0.9995246,1.599301,2.1760452,0.0,0.0,0.0,1.7259659,1.8385504,0.0,0.0,0.0,0.0,0.20215243,2.7808807,0.0,1.4425039,1.2569275,0.0,0.0,0.88197696,0.65580356,0.9575816,0.18850924,0.7000287,0.7288334,0.0,0.0,0.0,0.068660855,0.060150042,1.2236525,0.33696887,0.52740484,0.0,0.0,1.7967607,0.0,0.0,1.6267878,0.9188371,0.0,0.0,0.0,1.3490742,1.3626785,0.15145889,1.6481417,0.0,2.0858347,0.0,0.5628466,0.0,0.0,0.12448419,2.1631136,1.8172547,1.1737549,0.0,0.0,1.4034816,1.166832,0.0,0.0,0.0,0.09116416,2.0433264,0.6991293,0.30087176,1.2684206,1.5383297,0.07160076,0.12191137,0.0,0
0.66320384,0.0,0.13015205,0.6968808,0.59093326,0.0,0.9385307,0.8102995,0.54399794,0.0,0.88877803,0.8698054,0.23875888,0.5242359,1.1597185,0.0,0.0,0.0,0.9930206,0.0,0.4221316,1.4559054,0.30501583,0.53380656,1.9230782,0.0,0.0,0.14457472,0.0,0.36094967,1.2698995,1.8872573,0.0,0.5510912,1.2644507,0.29331222,0.63942957,0.0,0.0,0.0,2.124076,0.0,0.40280107,2.1028035,0.0,1.7120732,0.21031639,0.0,0.1254769,1.8893186,0.023436844,1.5597335,0.8907,3.2295084,2.2148783,0.8144094,1.7530816,1.8407686,0.0,0.0,0.0,2.4064705,2.2597692,0.0,0.0,0.0,0.0,0.2994622,2.667502,0.5299483,2.0384176,1.2511922,0.0,0.0,1.7852005,0.5480505,0.9042384,0.0,0.2962399,0.0,0.0,0.0,0.0,0.026766682,0.068620816,1.1371177,0.5256823,0.35845587,0.0,0.0,2.1761281,0.0,0.7557168,1.8725004,1.4847708,0.0,0.0,0.0,0.7464119,1.4690889,0.07817728,0.52604294,0.0,2.0842693,0.0,1.3671528,0.0,0.0,0.98239946,1.586413,0.76104295,1.9151609,0.0,0.0,0.79743814,1.6977743,0.0,0.0,0.32021314,0.40008554,2.6519606,0.66405886,0.7412392,1.1428922,1.4218565,0.0,0.27755275,0.0,0
0.42790243,0.0,0.0,2.2773497,0.21295576,0.0,1.0097392,0.28830555,0.0,0.0,1.2982291,0.5757854,1.0178404,1.370018,0.07216416,0.0,0.0,0.0,0.80194926,0.0,0.82581306,1.9429258,0.18942314,0.47279915,1.944945,0.0,0.4218607,0.0,0.0,0.73476356,0.9252987,1.4411386,0.0,1.2201717,0.6044412,0.48480362,1.1214875,0.0,0.0,0.0,1.0481004,0.0,0.14844629,1.9321951,0.09192583,1.0690762,0.0,0.0,0.2684022,2.5627756,0.77499944,1.1101731,1.0690088,3.2973518,3.0037036,0.23354423,0.9727945,2.2857919,0.0,0.0,0.0,2.0675287,1.8329848,0.0,0.0,0.0,0.23484568,0.17405769,3.291315,0.0,1.1319808,0.64628667,0.40229958,0.0,2.0911555,0.42921174,0.47526208,0.0,0.979302,0.0,0.0,0.0,0.0,0.31715643,0.0,1.3701041,0.4587967,0.91000575,0.0,0.0,1.223353,0.0,0.18215512,1.1333573,0.87990475,0.07149559,0.0,0.007637952,0.2847521,2.1925108,0.0,1.1129521,0.0,2.4498684,0.0,1.4445386,0.0,0.0,0.0,1.9584045,2.2074978,1.5088458,0.0,0.0,1.9180601,2.7309327,0.06573623,0.0,0.0,0.0,2.6466625,0.2358035,0.91837025,1.6376947,0.294082,0.5489452,0.0,0.0,0
0.0,0.0,0.35503244,1.5689783,0.14152846,0.0,1.0422832,1.5323396,0.63016576,0.0,0.8391545,0.29171813,0.32957155,2.5871317,0.0,0.0,0.0,0.0,0.49281046,0.0,0.03239536,1.7050202,1.1702915,0.5549699,1.1955733,0.0,0.0,0.0,0.30118027,0.0,1.0947262,1.063981,0.0,0.0,0.6339076,0.0,0.73568,0.0,0.0,0.0,1.3026867,0.0,0.28100052,2.2539754,0.0,1.1647539,0.0,0.0,0.34514347,1.791359,0.2124089,1.3457729,1.5641353,3.2248993,2.6046314,0.84244514,0.9136771,2.5466208,0.0,0.0,0.0,2.9542825,2.2397664,0.0,0.0,0.0,0.0,0.0,2.8482082,0.73311585,1.5866771,1.3698547,0.0,0.0,1.4783518,0.6660399,1.3516709,0.0,0.79710484,0.35144824,0.0,0.0,0.0,0.3026519,0.0,0.8671341,0.15143342,0.49900678,0.0,0.0,1.4475442,0.0,0.0,1.2484138,1.0920587,0.0012500875,0.0,0.22426912,0.15695609,2.2699459,0.0,1.1206793,0.0,3.428907,0.0,1.2000612,0.0,0.0,0.52243394,1.3526124,1.7352252,1.736583,0.0,0.0,0.51407325,1.9956918,0.291916,0.0,0.6151005,0.9807628,3.027908,0.14128132,0.8792797,1.8059698,2.0353377,0.0,0.0,0.0,0
1.3246573,0.0,0.65458953,1.9262333,0.19992545,0.0,1.306701,1.2106581,1.8156149,0.0,1.527421,0.9771787,0.48772657,1.6287017,0.5641331,0.0,0.52343,0.0,0.43480033,0.0,0.7773852,1.1161795,1.6945058,0.46924058,1.0975083,0.0,0.17234011,0.0,0.26720285,0.0,0.653545,2.0258005,0.0,0.0,1.0392555,0.45878637,1.1041816,0.0,0.0,0.0,1.6771389,0.0,0.26725706,1.497717,0.0,1.1522515,0.6711679,0.0,0.4255338,2.679226,0.0,1.1151191,2.0533118,2.7983017,1.4507585,0.3344961,0.8789516,1.9097662,0.0,0.0,0.0,1.32377,1.479038,0.0,0.0,0.0,0.18529473,0.14845398,3.048896,0.723803,0.5776492,1.1313741,0.0,0.0,1.0652026,0.55408347,0.60781753,0.40320617,0.19045725,0.55297,0.0,0.0,0.0,0.0,0.0,1.0497938,0.71400636,0.8724219,0.0,0.0,1.950925,0.0,0.0,0.98088855,1.5088989,0.0,0.106674135,0.02712712,0.3811208,1.3554759,0.42577383,1.1196625,0.0,2.6653392,0.0,1.3889717,0.0,0.0,0.41419587,2.1862352,1.7685738,1.1814269,0.0,0.0,0.20326297,1.6825659,0.5184496,0.0,1.567401,0.5583765,1.7429808,0.46484298,0.46415305,0.7472973,1.0618633,0.0,0.0,0.0,0
0.13849492,0.0,0.56747717,2.1352334,0.8104263,0.0,1.209186,1.270939,1.8514093,0.0,1.3502884,0.2533068,0.0,2.385586,0.5295924,0.0,0.0,0.0,0.5747193,0.0,1.1800461,0.86505955,1.0069515,0.0,1.1711093,0.0,0.09338756,0.0,0.0,0.09865918,1.0001423,1.4507383,0.0,0.0,0.57761776,0.0,1.4646757,0.0,0.0,0.0,2.0012848,0.0,0.031382296,2.4163125,0.0,1.4869202,0.0,0.0,0.31263503,2.5555253,0.0,0.765143,2.3996124,2.4178405,2.0594711,0.12222808,0.42596126,2.5528786,0.0,0.0,0.0,1.7801453,1.8532989,0.0,0.0,0.0,0.0,0.0,2.4711523,0.40124485,1.4823858,1.2082287,0.1316346,0.0,1.9714402,0.27701145,1.0689155,0.0,0.0,0.0,0.0,0.0,0.0,0.11740835,0.0,1.4876128,0.0,1.3583874,0.0,0.0,1.5238682,0.0,0.0,1.8516333,0.93540037,0.0,0.45967555,0.61575735,0.53180623,1.4459072,0.7863747,1.3254967,0.0,2.740175,0.0,0.87176925,0.0,0.0,0.6202954,2.0629475,1.9897103,1.2860551,0.0,0.0,0.48143196,2.0032356,0.14149466,0.0,1.0867792,0.0,2.85691,0.0,0.79096067,1.6275665,1.0103775,0.0,0.0,0.0,0
0.0,0.0,0.0,1.5946091,0.5839075,0.1270781,1.5988637,0.40877137,2.0388508,0.0,0.307987,0.0,0.079105124,1.6240406,0.8735739,0.0,0.56839454,0.0,0.0,0.0,0.96354073,0.6232903,0.22273105,0.1345854,1.0534552,0.0,0.91119784,0.0,0.0,0.0,1.10689,0.983782,0.0,0.26084715,0.34212145,0.0,0.7591058,0.0,0.0,0.0,1.1623595,0.0,0.80099523,1.6865033,0.0,0.29101604,0.097016245,0.0,0.022058014,2.4470372,0.0,0.0,1.2132326,3.0615203,1.7089992,1.0089291,0.8845771,2.8494172,0.0,0.0,0.0,2.1447752,0.9163013,0.0,0.0,0.0,0.0,0.017075278,2.970428,0.0,1.0003728,0.4117196,0.0,0.0,1.5438529,0.0,1.5913718,0.0,0.48786756,0.31883976,0.0,0.0,0.0,0.5097514,0.6377813,1.0177127,0.4402826,1.4414598,0.0,0.0,1.4582707,0.0,0.2301675,2.095283,0.50019485,0.0,0.9211413,0.9618511,0.2952707,2.8781939,0.1119094,2.3852937,0.0,2.9360468,0.0,0.94353867,0.0,0.0,0.0,2.6624107,1.1446486,1.1965775,0.0,0.0,0.8469456,1.8353097,0.6219713,0.0,0.0,0.5414,2.3881125,0.0,1.1364961,1.7514627,1.8884155,0.0,0.0,0.0,0
0.3282485,0.0,0.23637643,1.5620385,0.914217,0.0,1.9608889,0.51009643,0.89730924,0.0,0.3599674,0.0,0.3527634,1.3517597,1.4869436,0.0,0.24284162,0.0,0.21793549,0.0,0.8666266,1.184559,0.31438214,0.0,1.1469005,0.0,0.31076577,0.0,0.0,0.110707365,1.8145274,0.9638553,0.0,0.7323177,0.26486233,0.0,0.7587552,0.0,0.0,0.0,1.0294043,0.0,0.65998465,1.9718254,0.13192406,0.32353732,0.5261013,0.0,0.11229644,3.0030394,0.0,0.5912507,1.4126296,2.7867885,2.2943726,1.8072912,0.89805406,2.25215,0.0,0.0,0.0,1.7973281,1.7065635,0.0,0.0,0.0,0.0,0.32448703,1.7853401,0.0,0.53994167,0.7944733,0.0,0.0,1.3672013,0.73878,1.8026565,0.0,0.051996715,0.5977268,0.0,0.0,0.0,0.6419564,0.29527038,0.61833763,0.23579633,1.0087339,0.0,0.0,1.3755764,0.0,0.15224926,1.687101,0.5053858,0.0,0.7462455,1.3823713,0.63510394,2.2796986,0.007485589,1.9191943,0.0,2.6234848,0.0,0.8934545,0.0,0.0,0.0,2.2135208,0.9181252,1.3740876,0.0,0.0,1.7307549,2.220181,0.1748567,0.0,0.0,0.2793043,2.1555521,0.38737482,0.43881646,2.1166523,1.2903458,0.0,0.0,0.0,0
0.3203086,0.0,0.8679741,1.5686077,1.1014899,0.0,1.1975039,1.1046395,1.0278246,0.0,0.95865303,0.0,0.2926033,1.4887189,0.5906937,0.0,0.0,0.0,1.1439427,0.0,0.2779365,1.6592513,0.8781667,0.0,0.57324016,0.0,0.0,0.0,0.063139424,0.35903016,1.1739479,1.3308465,0.0,0.09357223,0.27943057,0.8734838,0.73339224,0.0,0.0,0.0,1.8110133,0.0,0.27527842,2.392807,0.0,1.0791243,0.14540404,0.0,0.45294312,2.7384667,0.2870185,1.2730247,2.1968408,2.4184554,1.0544009,1.0983819,1.1680725,2.7346473,0.0,0.0,0.0,1.8366915,1.956189,0.0,0.0,0.0,0.0,0.18127117,2.9723241,0.0,1.8530525,0.8192589,0.58039224,0.0,1.5516783,0.63590145,1.6223718,0.65688205,0.0,0.12113645,0.0,1.165836,0.0,0.19610453,0.0,1.7721937,1.3170476,0.97004265,0.0,0.0,1.5852627,0.0,0.0,1.2185627,0.721018,0.0,0.29757404,0.0,1.3994757,1.6767434,0.7703804,1.393789,0.0,2.9667137,0.0,0.5572817,0.0,0.0,0.5054901,2.628836,2.0519817,1.1170626,0.0,0.0,0.86365426,2.2493556,0.48537076,0.0,0.0,0.0,2.6891243,0.5019055,0.95954347,1.8005438,1.4445157,0.0,0.0,0.0,0
0.104514405,0.0,0.75654584,1.796468,0.7785574,0.0,1.9463677,0.63889694,1.200535,0.0,0.5111478,0.086536996,0.5360163,1.0055695,1.4552237,0.0,0.6211927,0.0,0.12800826,0.0,1.1705528,0.98915267,0.11778751,0.11112382,1.1038791,0.0,0.6002099,0.0,0.0,0.0,1.4356705,1.1320559,0.0,0.7146435,1.0081893,0.0,0.840483,0.0,0.0,0.0,0.8372138,0.0,1.0441864,1.5315484,0.06829864,0.64840126,0.78690434,0.0,0.0,2.5131595,0.0,0.24466173,1.1075655,3.018505,2.2060096,1.4354663,0.7116956,2.5715766,0.0,0.0,0.0,1.1787997,1.0008572,0.0,0.0,0.0,0.0,0.35990456,2.370524,0.0,0.5391525,0.7714765,0.0,0.0,1.4555355,0.09609877,1.6090454,0.0,0.0,0.20035446,0.0,0.0,0.0,0.8733834,0.0,0.8691523,0.45357412,1.5177903,0.0,0.0,1.6296979,0.0,0.5184919,1.6977214,0.9443951,0.0,0.55056816,0.8663781,1.0443449,2.169698,0.6900825,2.0560431,0.0,2.6000195,0.0,0.76766324,0.0,0.0,0.0,2.23504,0.8642489,1.449774,0.0,0.0,0.53908205,2.0107212,0.85400146,0.0,0.0,0.44958702,2.1897366,0.28978837,0.9050367,1.9945308,1.1412994,0.0,0.0,0.0,0
1.9419875,0.0,2.27187,0.0,1.7865412,0.00047399243,0.9041041,1.7940788,0.0,0.0,0.0,1.5409741,0.8941569,0.102509335,1.4264122,0.0,0.22520904,0.0,1.49141,0.38217622,0.0,3.2636163,2.129531,0.7032397,2.2495837,0.0,0.0,0.0,0.6880591,2.2747736,2.6415641,2.859978,0.0,0.8592484,1.942081,2.277046,0.0,0.0,0.0,0.0,0.53346026,0.0,2.4103575,0.92808163,0.63297766,0.0,2.7636905,0.0,1.2273439,1.6270359,0.0,2.1363833,0.0,0.0,0.30326656,2.6344116,2.0233743,0.20955323,0.0,0.0,0.0,0.0,0.8074175,0.0,0.0,0.0,0.0,1.8101085,1.5315815,1.6792121,0.116796345,2.8943865,0.0,0.0,0.59173584,1.7478355,1.1497902,1.9054872,0.0,1.6217353,0.0,0.0,0.0,0.0,0.0,0.58500594,2.4248567,0.76366633,0.0,0.0,2.5416172,0.0,0.41360188,0.52903664,2.418044,0.0,0.0,0.0,2.4342878,0.0,0.31050456,0.05590673,0.0,1.2133256,0.0,2.5081372,0.0,0.0,0.7502041,1.070554,0.0,0.7349341,0.0,0.0,0.0,0.6305796,1.2012116,0.0,0.0,1.83233,1.1656135,2.2824037,0.4057937,0.0,2.4987416,0.0,0.0,0.0,1
0.85624117,0.0,0.35913545,1.5780364,0.7842432,0.0,1.7379665,0.805913,0.0,0.0,1.4001667,0.40075952,0.29605108,0.0,0.13807002,1.1921651,0.646854,0.0,0.52883506,1.4757078,1.8940331,1.1113839,0.0,1.6107379,1.4955753,0.0,0.7668997,1.1034021,0.0,0.15703218,0.34742418,0.48748687,0.0,1.4102072,0.49543875,0.729637,0.0,0.0,0.0,0.0,0.27600816,0.0,0.18150339,1.5261217,0.0,0.45347086,0.0,0.44773048,0.41721913,2.611856,0.6797783,1.6853133,2.063807,2.9103417,1.5739944,1.6233861,0.050633065,1.0368719,0.0,0.0,0.0,0.0,0.6353097,0.0,0.43826944,0.0,0.0,0.9448218,2.5316703,0.20806447,0.0,0.36923817,0.0,0.0,1.2533872,0.0,0.5981204,1.1057782,0.2186133,0.6898301,0.0,0.27609473,0.0,0.8722094,1.0108646,0.0,0.0,1.4316145,0.0,0.0,1.3023759,0.0,1.2858049,0.67783767,0.9808549,0.3151848,1.4595002,1.4309131,0.88204837,2.2696593,1.7558398,0.93852645,0.0,1.4908581,0.0,0.31148034,0.0,1.1269147,0.0,1.1763995,1.6557639,0.8216503,0.0,0.0,1.5155826,2.0505803,0.94457406,0.0,0.0,0.0,1.2046512,0.47693422,0.0,1.7529671,0.83560854,0.8650177,0.0,0.7290641,0
2.160688,0.0,2.0783567,0.0,1.8878058,0.0,0.0,1.263551,0.18022037,0.0,0.45525542,1.5399699,1.2955043,0.5719335,1.8574057,0.0,0.0,0.0,1.7342372,1.2614452,0.0,2.8088355,1.995414,0.947306,2.6933494,0.0,0.0,0.0,0.107638404,2.2657676,2.9598336,2.7508318,0.0,1.9003116,2.1618063,1.8281226,0.0,0.0,0.0,0.0,0.8707896,0.0,2.224521,0.8528759,0.69780296,0.0,2.2797823,0.0,1.2763445,2.0250347,0.0,2.1712914,0.0,0.16905406,0.80997163,2.5878038,2.0805488,0.0,0.0,0.0,0.0,0.01957561,1.3247559,0.0,0.0,0.0,0.41205344,2.1780837,1.8917271,2.190175,0.0,3.2773795,0.0,0.0,0.61829567,1.6448705,0.6700331,1.2776043,0.0,1.5483475,0.0,0.0,0.0,0.0,0.0,0.3469008,1.7766685,0.6417769,0.0,0.0,2.1702018,0.0,0.6358549,0.59630895,2.3349588,0.0,0.0,0.0,2.522052,0.0,0.40959436,0.0,0.0,0.56256974,0.0,2.779301,0.0,0.0,0.15221494,1.0592493,0.0,1.0011977,0.0,0.0,0.3276595,0.0,1.121262,0.0,0.0,2.0997472,0.7314478,2.26143,0.05810948,0.0,2.4472406,0.0,0.0,0.0,1
0.21439898,0.0,0.45608032,1.5285746,0.8004081,0.58699757,1.7978245,1.2779126,2.2889938,0.0,1.5941049,0.6500822,0.0,2.1630754,0.78486925,0.0,0.0,0.0,0.4388096,0.0,0.99924284,0.56487465,1.4611143,0.087578736,0.8265946,0.0,0.2628198,0.0,0.0,0.0045823073,1.1477346,1.465953,0.0,0.0,0.093739115,0.0,1.5203878,0.0,0.0,0.0,2.3155532,0.0,0.21908137,1.7742118,0.0,1.7537924,0.20901206,0.0,0.18266162,2.199179,0.0,0.23941629,2.0791836,2.5427306,2.059444,0.30443677,1.6020296,2.4706664,0.0,0.0,0.0,2.522424,2.174435,0.0,0.0,0.0,0.0,0.0,2.801738,0.0,1.0561936,1.2491287,0.0,0.0,1.1823395,0.7921932,0.89769036,0.0,0.0,0.0,0.0,0.6381931,0.0,0.0,0.0,1.1534083,0.25141704,1.2564086,0.0,0.0,2.1230445,0.0,0.0,1.1931692,0.7700496,0.0,0.0,0.12218807,0.0,0.7143883,0.0,0.84592646,0.0,2.4428658,0.0,0.9437422,0.0,0.0,0.68705505,1.5902795,1.6385094,2.067483,0.0,0.0,0.66051894,1.8180075,0.003068918,0.0,0.86457497,0.6775467,2.306627,0.06461318,0.7712046,0.7684945,0.9752087,0.0,0.0,0.0,0
1.074639,0.0,1.1343142,1.0039123,1.144265,0.42023787,1.1530272,1.2320824,1.6798848,0.0,0.9921062,0.8918509,0.0,1.5630698,1.5262243,0.0,0.0,0.0,0.9281335,0.0,0.4412782,1.5778141,1.5894389,0.0,1.4041167,0.0,0.0,0.0,0.0,0.6306944,1.4382854,2.386856,0.0,0.5456036,0.33223987,0.0,0.6976245,0.0,0.0,0.0,2.0912738,0.0,0.47290352,1.8977374,0.5099514,1.037481,0.5260724,0.0,0.8837675,2.422173,0.0,1.2818379,1.831179,1.9170562,1.6839497,0.8111201,1.7924283,0.97801375,0.0,0.0,0.0,1.9452763,1.6780007,0.0,0.0,0.0,0.0,0.18375167,2.2032282,0.39546832,0.95783365,1.8676318,0.0,0.0,0.9211316,0.96989065,1.0922629,0.4205353,0.0,0.53218794,0.0,0.14118429,0.0,0.0,0.0,1.2075106,0.9103146,1.5806589,0.0,0.0,2.4979877,0.0,0.0,0.7841289,1.6448863,0.0,0.0,0.0,1.0684885,0.7994173,0.2237399,0.4572331,0.0,1.628577,0.0,1.5056684,0.0,0.0,0.62610006,1.9367629,1.2751449,1.5448207,0.0,0.0,0.24140707,1.4893869,0.069870286,0.0,0.45022264,0.63745695,2.257716,0.78809935,1.0543994,0.15774666,1.1954168,0.0,0.0,0.0,0
0.044371027,0.0,0.0,2.5733156,0.33750364,0.0,2.32649,0.584511,2.0991197,0.0,1.0901511,0.019487465,0.08985807,1.512398,0.99192,0.0,0.2307662,0.0,0.14222015,0.0,1.6532478,0.5415625,0.64422405,0.26559463,0.48590997,0.0,1.2786273,0.0,0.0,0.0,0.61468095,0.59901834,0.0,0.0,0.0911779,0.0,1.1710778,0.0,0.0,0.0,1.776582,0.0,0.19471523,1.7977165,0.0,1.372197,0.20125869,0.0,0.26637354,2.4749827,0.0,0.5761666,1.8131118,3.111713,2.0866015,0.52117336,1.0389677,2.5326276,0.0,0.0,0.0,2.8530786,1.8099781,0.0,0.0,0.0,0.0,0.0,3.4846852,0.0,0.5139721,1.0098752,0.0,0.0,1.7037883,0.4978925,0.95423687,0.0,0.6101934,0.00017517281,0.0,0.0,0.0,0.0,0.0,0.46929243,0.0,1.2131618,0.0,0.0,1.6196355,0.0,0.0,1.4876796,0.20250712,0.0,0.64937913,1.0361533,0.0,2.2457309,0.055711303,1.6327764,0.0,2.8916051,0.0,0.29054183,0.0,0.16806927,0.0,1.8411697,1.6958256,1.4183896,0.0,0.0,1.1204944,2.5202298,0.21206862,0.0,0.0,0.6329586,2.9527843,0.13491042,0.7631263,1.5469906,0.8186322,0.0,0.0,0.0,0
1.6596379,0.0,2.1304455,0.84856987,1.4374789,0.04520084,0.4611459,1.4813832,0.6969457,0.0,0.73078185,1.0645847,0.18206103,0.32933316,1.5138553,0.0,0.0,0.0,1.9107366,0.0,0.032905873,2.5344393,2.0294185,0.0,1.614798,0.0,0.0,0.0,0.0,0.68755215,2.0161462,1.9749465,0.0,0.71147144,1.0280833,1.2376176,0.28073582,0.0,0.0,0.0,1.7015167,0.0,0.7256372,1.489004,0.2981492,0.5576373,1.3211001,0.0,0.77297294,1.8595687,0.25138605,1.9050794,2.0830996,1.3951497,1.0223348,1.9607157,1.8937743,1.1589782,0.0,0.0,0.0,1.2112335,1.7036324,0.0,0.0,0.0,0.0,0.4315986,2.759857,1.5964369,0.74284315,2.2376218,0.122990705,0.0,1.3124211,1.0831051,1.2330936,0.931363,0.0,1.0551505,0.0,0.45426744,0.0,0.0,0.0,0.85137206,1.5686743,1.1107515,0.0,0.0,2.5915623,0.0,0.0,0.48565105,1.7764366,0.0,0.0,0.0,1.4755186,0.09391305,1.1749312,0.93709683,0.0,1.4123979,0.0,1.9009185,0.0,0.0,0.74862957,2.1016138,0.68058306,0.9266792,0.0,0.0,0.7427976,1.2909977,0.47002095,0.0,0.0,0.85243756,1.8766198,1.4058099,0.47401473,0.4309332,1.5994092,0.0,0.0,0.0,1
0.014505673,0.0,0.0,1.6894414,1.2465757,0.08175005,1.0931923,0.8266218,1.3010846,0.0,1.224441,0.0,0.31687164,1.2616072,1.1818215,0.0,0.08257315,0.0,0.42509234,0.0,0.57368135,1.21697,0.68638444,0.03885602,1.6179994,0.0,0.82364166,0.0,0.0,0.0,1.1402916,1.1988647,0.0,0.45077592,0.0,0.0,0.624283,0.0,0.0,0.0,2.3517396,0.0,0.5084218,2.5834966,0.0,1.4333168,0.065369636,0.0,0.28351915,2.8329084,0.0,1.0066175,1.8496884,3.0620303,2.6221106,0.929699,1.2624983,1.8660067,0.0,0.0,0.0,1.8041686,1.449997,0.0,0.0,0.0,0.0,0.31922165,2.1914306,0.0,1.8120477,0.53763175,0.0,0.0,1.2207568,0.111551456,1.1502887,0.0,0.0,0.144371,0.0,0.0,0.0,0.6297699,0.0,1.3973202,0.08930749,1.2945262,0.0,0.0,1.8741449,0.0,0.43256468,2.2489228,1.0580667,0.0,0.22541678,0.9667356,1.0193181,1.7801695,0.69747096,1.3146168,0.0,2.3906236,0.0,0.6340757,0.0,0.0,0.0,1.9281014,1.4197373,1.4977071,0.0,0.0,1.1584527,1.9924941,0.0,0.0,0.0,0.0,2.8046799,0.48581025,0.58373994,1.6367575,1.2675638,0.0,0.0,0.0,0
0.10371818,0.0,0.0,2.0866282,0.75821555,0.0,2.0580914,0.7598884,1.9468563,0.0,0.7757928,0.0,0.045626055,1.7069318,0.9706859,0.0,0.83027697,0.0,0.06395443,0.0,1.1881666,0.594777,0.12615724,0.4311905,0.6482209,0.0,0.66153806,0.0,0.0,0.0,1.2283943,0.6708975,0.0,0.29507446,1.1140567,0.0,1.1541669,0.0,0.0,0.0,1.0571326,0.0,0.7834757,1.7208568,0.0,0.45744625,0.39897785,0.0,0.22635043,2.300685,0.0,0.5597709,1.3528243,2.9500425,2.0128887,1.2857671,0.5242122,2.4989877,0.0,0.0,0.0,1.7417659,1.1512977,0.0,0.0,0.0,0.0,0.0,2.9240828,0.0,0.4387576,0.83236504,0.0,0.0,1.3010172,0.29240322,1.6639646,0.0,0.37210995,0.0023805746,0.0,0.0,0.0,0.22894722,0.5692946,0.30938116,0.0,1.0025066,0.0,0.0,1.3831441,0.0,0.0,1.842744,0.609149,0.0,0.89059067,1.5304465,0.4084496,2.5182636,0.2959427,2.368142,0.0,2.9062984,0.0,0.7847627,0.0,0.47906154,0.0,2.1975822,1.3583121,1.1568887,0.0,0.0,1.3209652,2.2072062,0.44717437,0.0,0.0,0.2815093,2.1087692,0.6067734,1.2595909,2.0555627,1.4114794,0.0,0.0,0.0,0
0.6275646,0.0,0.6589737,1.7266964,0.9367333,0.01662119,1.1313292,1.0522451,2.0527933,0.0,0.62808245,0.4495055,0.5908547,1.5328994,0.5851205,0.0,0.25791082,0.0,1.1113274,0.0,0.0,0.70224833,1.8344427,0.32980302,1.4937347,0.0,0.2582046,0.0,0.0,0.33203265,1.311269,1.0985783,0.0,0.24537244,0.6551813,0.11802915,1.5656818,0.0,0.0,0.0,1.8772303,0.0,0.58138525,1.4640199,0.1943126,1.1420808,0.22598675,0.0,0.11715541,2.1462355,0.0,0.7648702,2.1041226,2.553107,1.8953346,1.2657434,1.6248777,1.7927188,0.0,0.0,0.0,1.4342993,1.6386851,0.0,0.0,0.0,0.0,0.0,2.0525548,1.3401108,1.5776851,1.5997027,0.0,0.0,1.1842083,1.1768898,1.1391989,0.0,0.0,0.3939049,0.0,0.0,0.0,0.2081851,0.0,0.94187516,0.3417423,0.67846745,0.0,0.0,2.3337142,0.0,0.0,1.6136386,1.6128337,0.0,0.0,0.18313834,0.72099185,1.5228755,0.452701,1.1110778,0.0,2.4014556,0.0,1.7483633,0.0,0.0,0.9018756,1.7666266,1.1637373,1.2175356,0.0,0.0,0.72278666,2.2076907,0.0,0.0,0.0,0.66473806,2.2190611,0.68609166,0.68452424,1.3925318,2.158775,0.0,0.0,0.0,0
0.20048483,0.0,1.1133146,1.3938028,1.1957687,0.0,1.5666395,1.1814163,0.95653933,0.0,1.5701365,0.0,1.2568952,0.3636457,0.41092175,0.0,0.0,0.0,1.283901,0.0,0.79569054,1.0829492,0.14004451,0.81465834,0.89838684,0.0,0.0,0.0,0.74506855,0.0,0.384251,1.6262192,0.0,0.0,0.0,0.72845435,0.0,0.0,0.0,0.0,2.1627438,0.0,0.0,1.9477386,0.0,1.6176519,0.067944735,0.0,0.18107745,2.471868,0.0,0.64555293,1.99845,3.1350489,0.8728086,0.7040419,0.9497741,2.399609,0.0,0.0,0.0,2.3109386,0.5164864,0.0,0.0,0.0,0.0,0.5107905,3.1711905,0.037855204,1.7808774,0.0,0.0,0.0,1.6878022,0.6496387,0.3753182,0.0,0.17830129,0.55149144,0.0,0.37380016,0.0,0.0,0.0,1.5243987,0.37365636,1.2476288,0.0,0.0,1.6008203,0.0,0.8814262,2.0344987,1.0113621,0.0,0.20839715,0.08946065,0.25293538,2.352573,0.80200785,1.4136193,0.0,2.7431552,0.0,0.4736782,0.0,0.0,0.028394258,2.9028666,1.7607175,0.3166442,0.0,0.0,1.3852222,2.201108,0.0,0.0,0.15704978,0.15216796,2.7811491,0.0,0.6711038,1.7868928,0.97686034,0.0,0.0,0.0,0
0.847439,0.0,1.232171,1.8951842,1.7408624,0.0,2.0432289,1.4581712,0.0,0.0,1.6474923,0.8140291,0.13471498,0.0,0.7722311,0.95947045,0.7062691,0.0,0.5242486,1.1876124,0.64628,1.7529994,0.0,1.5169806,1.5504068,0.0,1.6628861,1.0609622,0.0,0.60026133,0.74264103,0.50400245,0.0,2.5208352,0.78971523,0.85637504,0.0,0.0,0.0,0.0,0.22075215,0.0,0.008026454,1.6994209,0.0,0.7343332,0.42991346,0.6651838,0.0,2.549653,0.41863513,1.7232977,1.4974778,3.0220366,1.8815496,1.0611397,0.67302865,0.46983293,0.0,0.0,0.0,0.0,0.7254962,0.0,0.0,0.0,0.0,0.8340233,2.4018555,0.29557428,0.0,0.42564437,0.0,0.0,1.5346355,0.0,0.59670985,1.1946211,0.70890117,0.32234588,0.0,0.7269006,0.0,0.31573144,0.67221487,0.08777831,0.0,1.0111712,0.0,0.0,2.0333543,0.0,1.2189054,1.28107,1.4002495,0.21459904,1.245822,0.79968315,0.90040225,1.3935798,1.3957824,0.10736576,0.0,0.7692415,0.0,0.06404109,0.0,1.041978,0.0,1.7089809,1.3363198,0.3646279,0.0,0.0,2.067205,1.4271287,0.7894569,0.0,0.0,0.0,0.5938737,0.47265208,0.0,1.3800366,0.96158963,0.600133,0.0,0.43096378,0
1.5049003,0.0,2.2333755,0.17465131,1.8831893,0.29912725,0.0,1.3720691,0.12181569,0.0,0.0,1.5433084,1.3708534,0.2786722,1.9110929,0.0,0.0,0.0,1.7901211,0.8494443,0.0,3.338194,1.6438301,0.0,2.082286,0.0,0.0,0.0,1.3059077,1.480236,1.669572,3.5049903,0.0,0.84190536,1.8877298,2.029417,0.47147065,0.0,0.0,0.0,0.5810103,0.0,1.8586804,1.2683789,1.1541138,0.0,2.3359373,0.0,1.0597072,1.7020597,0.0,2.0522459,0.68420196,0.02195737,0.17365457,1.9037019,1.4000441,0.10767989,0.0,0.0,0.0,0.032043383,0.7089653,0.0,0.0,0.0,0.038654245,1.3476292,1.6393236,2.0361161,0.8027331,2.6207256,0.0,0.0,0.15007801,1.1389284,0.86096174,1.8167062,0.0,1.1904469,0.0,0.33204985,0.0,0.0,0.0,1.1303719,1.763572,1.0515381,0.0,0.0,2.8415554,0.0,1.1161433,1.147001,2.704273,0.0,0.0,0.0,1.9405476,0.0,1.3503959,0.35483065,0.0,0.9212358,0.0,2.5295749,0.0,0.0,1.4551473,1.6599275,0.08750064,0.5841651,0.0,0.0,0.0,1.4884294,1.0390084,0.0,0.37420252,0.8628087,1.4157019,1.080632,1.0399243,0.0,2.1861537,0.0,0.0053976225,0.0,1
0.75690603,0.0,0.0,1.254744,0.43268222,0.050173,0.1742258,0.26974732,1.7085664,0.0,1.1859429,0.06183987,0.0,2.1597528,1.0646915,0.0,0.0,0.0,1.0495838,0.0,0.3932793,0.99311936,1.0022261,0.0,0.5220269,0.0,0.0,0.0,0.049864933,0.30488813,0.7949507,1.864611,0.0,0.0,0.8407795,0.38880438,1.390722,0.0,0.0,0.0,2.0442533,0.0,0.025157543,2.2765925,0.0,1.5996764,0.33502957,0.0,0.07495538,2.2890873,0.0,0.3734464,1.9795419,2.893019,1.6879117,0.12046051,0.8216319,2.7473083,0.0,0.0,0.0,1.8829645,2.0768406,0.0,0.0,0.0,0.0,0.0,2.843198,0.0,2.4133012,0.5407606,0.9934895,0.0,1.5863932,0.87708247,1.5723819,0.0,0.37861526,0.0,0.0,0.91443086,0.0,0.0,0.0,2.5352325,0.72476596,1.0510441,0.0,0.0,2.6652722,0.0,0.0,2.0545526,1.175232,0.0,0.0,0.0,0.6654649,1.2805269,0.5720287,1.242036,0.0,2.5970442,0.0,0.35176933,0.0,0.0,1.4749273,2.1342242,1.6384157,1.5352756,0.0,0.0,0.0,2.0442832,0.0,0.0,0.39851338,0.0,3.866329,0.0,1.274687,0.93341017,0.44466555,0.0,0.0,0.0,0
0.0,0.0,0.8266781,1.9603561,0.56429434,0.0,2.0583847,0.7552437,2.2613056,0.0,0.25259593,0.20369188,0.007357132,2.1328225,1.2292113,0.0,0.36115882,0.0,0.0654145,0.0,0.8978148,0.31239456,0.69417185,0.6463424,0.548082,0.0,0.42937604,0.0,0.0,0.1106553,0.98212534,1.6821463,0.0,0.31507286,1.3101963,0.0,1.3518798,0.0,0.0,0.0,1.6624204,0.0,0.3722475,2.0944157,0.0,0.5432495,0.24440971,0.0,0.6512656,2.3860288,0.0,1.0185409,1.2631102,2.666256,2.16601,0.48214984,0.7878139,3.0340729,0.0,0.0,0.0,1.634719,1.4882232,0.0,0.0,0.0,0.0,0.0,3.8840878,0.29523456,0.59163195,1.6097201,0.0,0.0,1.2317145,0.97036743,1.314232,0.093221016,0.47724506,0.23427793,0.0,0.0,0.0,0.0,0.3199312,0.83932805,0.32860407,0.88533574,0.0,0.0,1.5116347,0.0,0.0,1.1438494,1.3283939,0.2825287,0.95973456,0.5163402,0.62210923,2.0431352,0.01063416,1.9500841,0.0,2.8999264,0.0,1.3291961,0.0,0.0,0.0,1.7799664,0.94920266,1.1406219,0.0,0.0,0.90002275,1.4431269,0.69388527,0.0,0.17976475,1.0168151,2.3856442,0.5261676,0.7570043,1.3627169,1.2249789,0.0,0.0,0.0,0
1.4115733,0.0,2.38815,0.6587934,2.060425,0.0,1.5763093,0.7561842,0.0,0.0,0.7645771,1.1131177,0.7788701,0.0,1.0633098,0.0,0.0,0.0,1.2043451,2.0011573,0.0,2.708485,0.0,0.6654144,2.310929,0.0,0.8150755,1.5289152,0.0,1.4092525,1.332531,2.5362992,0.0,2.9150062,1.1290377,1.5370522,0.0,0.0,0.0,0.0,0.0,0.0,1.0458254,0.87455827,0.1680586,0.6980162,0.6076514,0.0,1.332197,1.541753,1.5781827,1.9574379,0.79084325,0.66109747,1.9908037,1.1804496,0.33761814,0.025799658,0.0,0.0,0.0,0.0,0.62654436,0.0,0.2544859,0.0,0.0,1.0503416,2.4357374,1.9271071,0.0,2.4566638,0.0,0.0,0.24521507,1.160718,0.27169296,1.358432,0.0,1.5740683,0.0,0.0,0.0,0.5483317,0.0,0.34996375,0.0,0.28105903,0.0,0.0,2.2689521,0.0,2.1356719,0.18375067,2.54476,0.0,0.08915144,0.030654047,2.1704133,0.65689045,1.8408967,0.0,0.0,0.059731394,0.0,1.1115166,0.0,0.0,0.0,1.4091794,0.34044948,0.605199,0.0,0.0,1.8179733,0.5817122,1.3949004,0.0,0.0,0.0,0.0,0.79888195,0.0,0.8616273,2.1133947,0.0,0.14715718,0.31653705,1
0.11272754,0.0,0.417911,1.5493122,0.6441867,0.0,1.0280554,1.1786027,0.92793256,0.0,1.4619763,0.8280403,0.0,1.8078643,0.5038745,0.0,0.0,0.0,0.77889293,0.0,0.3500049,1.5054556,1.0115486,0.0,1.4808874,0.0,0.0,0.0,0.67771924,0.22411735,0.44831026,1.9611007,0.0,0.0,0.56495106,0.0,1.2101502,0.0,0.0,0.0,1.8315359,0.0,0.15373275,2.6341724,0.0,1.8076894,0.0,0.0,0.9780793,1.8560708,0.09443617,0.6803981,1.5414679,2.9790149,1.8877475,0.029373106,1.0140109,2.4708123,0.0,0.0,0.0,2.8578234,1.9125822,0.0,0.0,0.0,0.0,0.0,3.00221,0.0,1.2535214,0.5120363,1.4054306,0.0,1.9012332,1.2366203,1.0936943,0.0,0.36390686,0.0,0.0,0.0,0.0,0.032569107,0.0,1.7032366,0.6057485,1.2194438,0.0,0.0,1.8388094,0.0,0.0,1.2836409,1.6478407,0.49413055,0.0,0.0,0.033921026,1.8520786,0.0,1.5046768,0.0,2.625055,0.0,0.9269418,0.0,0.0,0.77772653,1.3516066,1.3989453,1.1057695,0.0,0.0,0.0,1.5340632,0.4901447,0.0,0.6075028,0.943077,3.72775,0.13543643,0.7481058,0.9211536,2.0859685,0.0,0.092689656,0.0,0
1.249592,0.0,2.3657212,0.34484357,1.7997665,0.67896605,1.0283391,2.1655629,0.0,0.0,0.67530936,1.819184,0.46712822,0.41173702,1.4516915,0.0,0.0,0.0,1.9662838,0.5711842,0.32538855,2.7736833,1.3973591,1.877681,2.8250594,0.0,0.077689186,0.45105797,1.4242184,1.4120958,2.5035067,2.2092955,0.0,1.0374646,1.1255133,2.517435,0.0,0.0,0.0,0.0,0.4750827,0.0,0.6004731,1.89902,0.22308448,1.0181904,1.7563531,0.0,1.2650678,2.129149,0.5863369,1.8593948,0.6609398,1.394307,1.4734616,1.9651177,1.1739328,1.0542784,0.0,0.0,0.0,1.6571339,0.8172952,0.0,0.0,0.0,0.0,0.6963057,2.0052102,0.9893816,0.62189454,1.2741488,0.10420016,0.0,1.3926469,0.60918665,0.116387405,0.0,0.19554693,1.710124,0.0,0.17544731,0.0,0.77098644,0.08611524,0.051701162,2.432735,0.88923913,0.0,0.0,1.6584746,0.0,1.1975467,0.803477,1.0969563,0.3199005,0.0,0.0,0.9110377,0.26590058,0.3005641,0.8676921,0.0,1.0441638,0.0,2.0123572,0.0,0.0,0.0,0.8230065,0.778122,0.7199058,0.0,0.0,1.8877931,2.0181572,0.21633428,0.0,1.2722877,0.42538476,2.263243,1.7448459,0.0,0.7856152,2.0847733,0.0,0.0,0.9522197,1
1.1157194,0.0,1.0523925,0.9773202,1.2631806,0.031626835,0.73335004,1.291785,0.89182335,0.0,0.4461617,0.34010902,0.0,0.28248754,0.7858787,0.0,0.0,0.0,1.4325984,0.0,0.18670759,1.9580495,0.9044752,0.0,1.3141454,0.0,0.0,0.0,0.2912308,0.15617676,1.2932174,2.2893233,0.0,0.32716408,1.2137614,0.80691826,0.90663344,0.0,0.0,0.0,1.7953185,0.0,0.40102544,2.6215746,0.010863188,0.69988185,0.66772866,0.0,0.8831801,1.945039,0.52456886,2.1565037,1.9193337,1.744496,1.5174382,1.2215002,1.9096763,1.7864709,0.0,0.0,0.0,1.528512,2.0628254,0.0,0.0,0.0,0.0,0.42172027,2.2513855,1.1686534,1.3876226,1.3765477,0.73981416,0.0,1.4705987,1.0216411,1.182242,1.0503411,0.0,0.5764192,0.0,0.45311725,0.0,0.0,0.0,1.3852355,1.2238221,1.2651634,0.0,0.0,2.0563233,0.0,0.15084825,0.8255605,1.8309608,0.0,0.0,0.0,0.8585956,0.6524776,0.7999676,0.80079275,0.0,1.6921247,0.0,1.246649,0.0,0.0,1.119513,2.1319983,0.98172027,0.793058,0.0,0.0,0.0,1.8429401,0.5180631,0.0,0.45933115,0.7123825,2.5939896,0.42034847,0.33131623,0.58605564,1.7296612,0.0,0.0,0.0,1
0.3240955,0.0,1.1770645,1.5889499,1.8998213,0.0,1.2152197,0.7831907,0.84569776,0.0,0.35415596,0.6327903,0.31682694,1.3363521,1.7588611,0.0,0.0,0.0,0.98830307,0.7556326,0.30321422,1.3092226,0.70588034,0.0,1.7813386,0.0,0.46384564,0.0,0.0,0.86193496,2.1913996,0.77176136,0.0,1.8884724,1.2357918,0.0,1.3613608,0.0,0.0,0.0,0.8706481,0.0,1.2623879,1.3382994,0.8337503,0.0,0.18075052,0.0,0.7427855,2.3686438,0.3499323,1.5399727,1.4017961,1.7520381,1.8843623,1.8953409,1.4401991,1.614784,0.0,0.0,0.0,1.0184358,1.9491119,0.0,0.0,0.0,0.0,0.0,1.4339011,0.859499,0.38498473,2.5124283,0.0,0.0,1.301248,1.0576231,0.60202587,0.06958834,0.0,1.4742999,0.0,0.0,0.0,0.75200284,0.0,0.37223038,0.0,1.2867236,0.0,0.0,2.0005686,0.0,0.0,1.1560953,1.6200018,0.0,0.0,0.080771245,1.3658848,1.4480518,0.6493474,0.8906599,0.0,1.7859478,0.0,1.5975819,0.0,0.0,0.029254382,1.9498196,0.89542305,1.4121624,0.0,0.0,1.342159,1.5294977,0.23637092,0.0,0.0,0.6892619,1.4232792,0.9178869,0.7958944,1.3827757,1.933871,0.0,0.0,0.0,1
1.6139555,0.0,1.3761176,1.1645031,1.3495325,0.0,1.4059881,0.8085841,0.5249252,0.0,0.81656975,0.6842703,1.0232939,1.1093286,1.830381,0.0,0.26830378,0.0,0.94611037,0.0012345451,0.0,1.7619225,2.1404023,0.0,1.6423496,0.0,0.06266214,0.0,0.0,0.95724183,1.7768292,1.4002702,0.0,1.1556747,0.80040705,0.88476634,0.7362211,0.0,0.0,0.0,0.56917495,0.0,0.7853431,1.0273795,0.34867004,0.54420596,1.3539702,0.0,0.5416494,2.5516646,0.0,1.1995537,1.5529472,2.0549455,1.3231261,1.4461637,1.0173093,1.3836787,0.0,0.0,0.0,0.24604629,1.8825748,0.0,0.0,0.0,0.35846218,0.57962054,2.12136,1.5386307,0.58646506,2.318277,0.0,0.0,0.7299544,1.0849271,0.7360005,0.8027827,0.0,0.5806634,0.0,0.051729213,0.0,0.983878,0.0,0.9601512,0.52360183,0.6804577,0.0,0.0,2.2964098,0.0,0.31910482,1.6495001,1.647021,0.0,0.0,0.0,1.1622509,1.0238419,1.0894132,0.8144844,0.0,1.8320374,0.0,1.8130798,0.0,0.0,0.3997816,1.829904,1.0240039,0.74964076,0.0,0.0,1.1899108,1.7005184,0.7859118,0.0,0.0,0.022304162,1.058029,1.1985655,0.12859972,1.1690484,1.5245655,0.0,0.0,0.0,1
1.7716534,0.0,1.7162554,0.8470284,2.3755982,0.0,0.8480413,1.2557266,0.33234656,0.0,0.5699601,0.59158915,0.7660428,0.2776771,0.723143,0.0,0.0,0.0,1.707938,0.3664647,0.63230336,1.922792,0.0,1.1330167,2.4369707,0.0,0.0,0.0009463291,0.0,0.80180687,1.5289735,1.9223667,0.0,0.93845,1.3988022,1.6321009,0.5910308,0.0,0.0,0.0,1.4854817,0.0,0.75368017,2.0010145,0.0,0.7049716,0.9006686,0.0,0.854144,1.865914,0.6944911,1.9129211,1.8821747,1.5470561,0.53514874,1.9018968,1.829637,1.071115,0.0,0.0,0.0,1.2031637,1.0134921,0.0,0.0,0.0,0.0,0.89711684,1.5933477,0.8405592,0.6597462,1.4854004,0.0,0.0,0.7456132,1.1612605,0.30952713,0.843406,0.0,0.63337964,0.0,0.70881164,0.0,0.24576853,0.0,0.8166591,0.3609313,1.7025361,0.0,0.0,2.061966,0.0,0.5937283,1.2470852,1.8969284,0.0,0.0,0.0,1.3737192,0.24338117,1.7338004,0.16754583,0.0,1.7377241,0.0,1.3594222,0.0,0.0,0.8878959,2.0311015,0.77262884,0.7134876,0.0,0.0,1.0835181,1.3473823,0.45971185,0.0,0.12778103,0.13098536,2.2189693,0.78098655,0.9704435,0.78679585,1.6723828,0.0,0.0,0.0,1
1.4870514,0.0,0.904332,0.0,0.9858938,0.48315653,0.12932307,1.4862978,0.0,0.0,0.2683515,0.0,1.300267,1.046847,3.0433295,0.0,0.0,0.0,1.3776693,2.2081227,0.0,1.806103,0.0,0.79888374,1.5911522,0.0,0.4914781,0.98373634,0.0,1.0754415,0.40328157,1.4768211,0.8784352,1.5283433,0.13908811,1.4754136,0.0,0.0,0.0,0.0,0.0,0.0,0.75206685,1.0172652,0.0,0.7975415,0.39455697,0.0,3.926449,0.7170022,0.0,2.249832,0.5506614,0.7439184,0.32864812,0.0,2.302365,3.3979087,0.0,0.0,0.0,1.388156,0.9215132,0.0,0.7307095,0.0,0.0,0.0,2.6619136,0.0,0.0,1.4499131,0.0,0.0,1.140409,1.7913499,0.023813106,0.37817717,0.0,1.3585398,1.2357578,0.0,0.0,0.0,0.07679981,0.036862705,1.6162832,1.2443999,0.0,0.0,0.40654758,0.0,2.4618933,3.329585,0.55524844,0.0,0.0,0.96155375,0.9340909,0.0,0.0,0.61618423,0.0,1.0368316,0.0,0.28254318,0.0,0.09142238,0.0,1.1453809,0.0,0.29681754,0.0,0.0,2.490008,0.95839477,0.0,0.0,0.47523856,1.2049644,3.0378294,2.3173473,0.870965,0.77258784,2.4232812,0.11688706,0.0,0.1274693,1
0.72709954,0.0,0.58591026,0.35182485,1.8728349,0.0,2.1410692,1.4194381,0.0,0.0,1.1952224,0.4590442,1.2057698,0.0,1.4628247,0.27210635,0.0,0.0,0.60339326,2.6036882,0.86785173,2.0545576,0.0,1.6085641,2.2310762,0.0,1.0123733,1.6187251,0.0,0.50688004,1.7389569,1.3719376,0.0,3.1656356,0.4636268,0.69076705,0.0,0.0,0.0,0.0,0.0,0.0,0.8660016,0.21451789,0.3840045,0.0,0.0,0.013045669,1.5804162,2.2918153,1.9318347,1.3434708,0.59702945,1.1347165,1.4895114,1.4876969,0.4956729,0.072099715,0.0,0.0,0.0,0.0,0.33925247,0.0,0.5115688,0.0,0.0,1.7170728,1.6284928,0.8405595,0.31952685,0.9119551,0.0,0.0,0.5822724,0.0,0.56804824,2.08947,0.0,0.9966534,0.0,0.0,0.0,1.2465953,0.18883494,0.0,0.0,0.0,0.0,0.0,0.70749694,0.0,1.4814602,0.6330418,0.96541166,0.0,0.15992028,0.25096866,1.6552557,1.573964,2.680248,0.17957506,0.0,0.5954956,0.0,1.2214237,0.0,0.07101359,0.0,1.3621708,1.4133366,0.4569965,0.18746422,0.0,2.1229284,0.70831686,0.8517592,0.0,0.0,0.0,0.19142088,0.4423417,0.5354619,2.3712547,0.24114305,0.0,0.0,0.76309806,1
0.0060191336,0.0,0.13752878,1.008198,1.2741269,0.20842957,0.68523407,0.94218946,1.7042578,0.0,0.84653,0.0,0.0,0.9657326,1.227245,0.0,0.093938924,0.0,1.1757412,0.0,0.98064655,1.0907307,1.2788676,0.024060478,1.5262371,0.0,0.20333166,0.0,0.00044162694,0.0,1.8329722,1.1853181,0.0,0.35212356,0.53739506,0.0,0.5674697,0.0,0.0,0.0,2.042251,0.0,0.85263765,2.0818145,0.0,0.3513245,0.17526439,0.0,0.0,2.549734,0.0,0.5157059,1.646046,2.7442536,1.11001,1.7386128,1.2891357,1.5420915,0.0,0.0,0.0,1.6681851,1.4632419,0.0,0.0,0.0,0.0,0.55057293,2.524872,0.0,1.7340637,0.22013904,0.0,0.0,1.5781298,0.87173575,1.3864478,0.0,0.0,0.6399029,0.0,0.0,0.0,0.9919543,0.0,1.6486151,1.159014,1.7731663,0.0,0.0,1.6033342,0.0,0.083556935,2.1608183,1.3831859,0.0,0.47923928,0.48684797,0.7379155,2.1872787,0.26518935,1.6582981,0.0,3.3606594,0.0,1.1102624,0.0,0.0,0.22492853,1.9865408,0.7372809,1.1715608,0.0,0.0,0.2746886,1.9245455,0.38369244,0.0,0.0,0.50538355,3.078551,0.4579298,0.41802028,1.5005627,1.615147,0.0,0.0,0.0,1
0.5119319,0.0,1.3458738,0.4683776,1.7477702,0.11175378,0.89335996,1.1060636,1.3723341,0.0,0.0,0.42154893,0.21864696,1.2481503,1.7972338,0.0,0.0,0.0,1.2456586,0.0,0.0,2.0502236,0.38917464,0.0,0.88472277,0.0,0.0,0.0,0.0,0.274495,2.061119,2.1300159,0.0,0.12656921,0.43340147,0.34961373,0.48767787,0.0,0.0,0.0,0.8892729,0.0,1.081481,2.2165408,0.08289012,0.108293034,0.7389761,0.0,0.8662517,2.3582308,0.045260683,1.1241938,1.1906388,1.995179,0.9220072,1.9444658,1.8272212,1.8182098,0.0,0.0,0.0,1.0314027,0.30715457,0.0,0.0,0.0,0.0,0.61781216,2.0781415,0.18332705,1.3795637,1.498547,0.0,0.0,0.34696046,0.99226296,1.7471304,1.1424034,0.0,0.70817375,0.0,0.44872212,0.0,0.24495676,0.0,1.2370613,0.24705225,1.9241446,0.0,0.0,1.6783313,0.0,0.3597015,1.7628132,1.9079695,0.0,0.0,0.0,1.2914959,1.4256912,0.78429854,1.4135708,0.0,2.3893306,0.0,1.5643537,0.0,0.0,0.8114959,2.2656233,0.6409554,0.43633175,0.0,0.0,0.21156403,1.3292534,1.4167649,0.0,0.0,0.93618774,1.8215139,0.65912336,1.6684924,1.1261723,1.93642,0.0,0.0,0.0,0
0.14443155,0.0,0.46529377,0.96490616,1.3850654,0.0,0.706724,1.2912042,1.2287644,0.0,1.1138713,0.0,0.24242838,1.1870041,0.5081933,0.0,0.0,0.0,1.1165079,0.0,0.0,1.3882003,1.4283904,0.0,0.46896785,0.0,0.0,0.0,0.2620819,0.07206871,0.9041251,1.75108,0.0,0.0,0.6068331,0.24869826,0.9588368,0.0,0.0,0.0,2.4935672,0.0,0.75651956,2.236803,0.11099878,0.7544754,0.36377177,0.0,0.095933326,1.9990588,0.0,1.3728653,2.0364125,2.4066713,1.569411,0.8929769,1.2020302,1.5638809,0.0,0.0,0.0,2.3610957,1.7777128,0.0,0.0,0.0,0.0,0.14769077,2.1053312,0.8737324,2.144656,0.7664459,0.13974458,0.0,1.7446718,1.2480536,1.3400375,0.07016296,0.0,0.36863387,0.0,0.16992526,0.0,0.0,0.0,1.8040687,1.5058124,1.1611136,0.0,0.0,2.3506424,0.0,0.0,1.6647166,1.2157542,0.0,0.0,0.0,0.48734948,1.1159943,0.29748508,0.16701719,0.0,2.8009741,0.0,1.1488794,0.0,0.0,1.5431666,1.959167,0.9835733,1.3520535,0.0,0.0,0.0,2.3292968,0.0,0.0,0.22359157,0.658691,2.9500797,0.5062178,0.27027747,0.57857674,1.3919446,0.0,0.0,0.0,0
