0,1,2,3,4,5,6,7,8,9,10,11,12,13,14,15,16,17,18,19,20,21,22,23,24,25,26,27,28,29,30,31,32,33,34,35,36,37,38,39,40,41,42,43,44,45,46,47,48,49,50,51,52,53,54,55,56,57,58,59,60,61,62,63,64,65,66,67,68,69,70,71,72,73,74,75,76,77,78,79,80,81,82,83,84,85,86,87,88,89,90,91,92,93,94,95,96,97,98,99,100,101,102,103,104,105,106,107,108,109,110,111,112,113,114,115,116,117,118,119,120,121,122,123,124,125,126,127,label
1.3325101,0.0,0.45190895,0.41571072,0.2358404,0.0,0.0,0.87162673,2.9921048,0.0,0.0,1.8359182,0.366339,1.9934114,0.0,0.0,0.0,0.0,1.632126,0.0,2.2985656,0.0,0.0,0.2919401,0.20331126,2.4660847,0.0,0.5440983,0.8786486,0.0,0.0,0.0,0.0,0.5162839,0.0,0.0,1.6486001,0.62195265,0.0,0.0,0.7938117,0.69186705,0.0,0.0,0.0,2.4302742,1.2246026,0.0,0.5329062,0.0,0.0,0.0,0.6161048,0.91436946,0.0,1.6804259,0.0,0.0,1.3705366,0.0,0.0,1.48049,0.6110479,1.2117658,0.0,1.964472,0.0,0.0,0.0,0.0,0.23554784,1.236897,0.0,0.0,0.0,0.33507678,1.3660432,0.0,1.97273,0.0,0.8638433,0.0,0.42925104,1.6532698,0.0,0.022418026,1.2939051,0.0,0.0,0.0,2.703986,0.0,0.610941,1.0759977,0.6583473,0.54934734,0.0,0.0,0.63483155,2.4256759,0.5768345,1.5210731,0.3603822,0.0,1.6050936,0.7371233,1.9336866,0.9192451,0.69868225,0.0,1.6850947,0.3011107,0.07461273,0.6456982,0.5586243,0.0,1.1954585,0.0,0.0,0.0,1.0277929,0.29609713,0.0,1.6059839,0.0,0.0,0.0,0.0,1
3.0164914,0.0,0.3778925,0.5448035,1.0743781,0.0,0.0,1.0273432,3.4785705,0.0,0.0,1.5534308,1.432245,1.0877361,0.0,0.0,0.0,0.0,1.7582077,0.0,2.4323685,0.0,0.0,0.5969385,0.22465375,1.8101166,0.0,0.0,0.6511982,0.0,0.0,0.0,0.88779247,0.2048965,0.0,0.0,1.2440087,1.4540004,0.0,0.0,0.14350665,0.8122483,0.0,0.0,0.0,2.2337894,0.64642256,0.0,0.62790054,0.0,0.0,0.0,1.0975907,1.1634419,0.0,1.3900287,0.0,0.0,2.0277653,0.0,0.0,1.2665167,0.56086886,2.4084148,0.0,2.567496,0.0,0.0,0.0,0.0,0.33450514,1.4666883,0.0,0.0,0.4512899,1.5646954,2.122279,0.06151052,2.6590483,0.0,0.2676497,0.0,0.0,0.9960674,0.0,0.0,0.44032928,0.0,0.0,0.0,2.8175642,0.0,0.0,0.44874585,0.3818577,0.6745768,0.0,0.0,0.9755922,1.4215448,1.9409124,2.9419405,0.02491692,0.0,2.1392746,1.6882215,3.092152,1.5249841,0.5569659,0.59692055,1.183552,2.016489,0.12401607,0.0,0.6787943,0.0,1.1031995,0.0,0.0,0.0,1.527264,0.34565434,0.0,1.4670973,0.0,0.0,0.0,0.0,1
1.4807996,0.0,1.6025246,0.84617776,0.6058779,0.0,0.0,0.0,3.0682304,0.0,0.0,1.5766401,0.81323737,2.0465467,0.955832,0.0,0.0,0.0,0.0,0.0,2.0343382,0.0,0.0,0.8461075,0.3238238,1.7504199,0.0,0.0,1.4087371,0.0,0.0,0.0,0.2933959,1.4121664,0.0,0.80009437,0.98916,0.8727437,0.0,0.0,0.24397251,0.0,0.0,0.0,0.0,1.7481601,0.0,0.0,0.35097373,0.0,0.0,0.0,0.28409788,1.0683138,0.0,0.9732629,0.0,0.0,1.9208081,0.0,0.0,2.0038612,0.23203105,0.7296493,0.0,2.2504175,0.0,0.0,0.0,0.0,1.500849,2.3049018,0.0,0.0,0.57920635,1.37373,0.5495173,0.0,2.0272477,0.0,0.77816856,0.0,0.0,0.63472736,0.0,0.0,1.3958799,0.1707472,0.0,0.0,2.702396,0.0,1.2543674,0.551639,0.0,0.3406623,0.0,0.0,0.32125953,1.6762203,0.8917515,0.77661717,0.16324644,0.0,2.4285355,1.1567804,1.8746176,1.8925111,0.3913788,0.27610052,2.0401578,0.66994286,0.0,0.20782287,0.24457574,0.0,0.84399545,0.0,0.0,0.0,0.13449568,0.07430617,0.0,1.7884737,0.0,0.0,0.0,0.0,0
3.005422,0.0,0.44456607,0.5504489,0.8914651,0.0,0.0,1.7424028,3.0333304,0.0,0.0,1.6287938,1.683195,1.4691166,0.0,0.0,0.0,0.0,1.8831652,0.0,1.9881023,0.0,0.0,0.93595934,0.09287232,1.8500499,0.0,0.0,0.88376653,0.0,0.0,0.0,0.10061601,0.13121669,0.0,0.0,1.9598339,0.98350114,0.0,0.0,0.65686095,0.3573792,0.0,0.0,0.0,2.2279253,0.25647783,0.0,1.0743489,0.0,0.0,0.0,0.98913354,0.65989685,0.0,1.5219725,0.0,0.0,2.1467104,0.0,0.0,1.1559994,0.6774557,2.085567,0.0,2.8611858,0.0,0.0,0.0,0.0,0.90640515,1.1510416,0.0,0.0,0.14567518,1.8967242,1.5672284,0.0,2.417959,0.0,0.0,0.0,0.20242642,1.5263026,0.0,0.13004327,0.6825319,0.0,0.0,0.0,2.9478507,0.0,0.2464731,0.60937387,0.9171426,0.9322134,0.0,0.0,0.9429843,2.40127,1.2993575,2.2213557,0.2613582,0.0,1.877771,0.54885983,2.6650867,1.0075179,1.0760233,0.43813193,1.406911,1.3323827,0.0,0.0,0.69363004,0.0,1.3241032,0.0,0.0,0.0,1.4568294,0.2945334,0.0,2.3401885,0.0,0.0,0.0,0.0,1
0.0,0.0,1.5316982,1.3035172,0.2447019,0.0,0.0,0.024443846,0.12155528,0.0,0.0,2.1638377,0.04808405,2.6938636,0.5529149,0.0,0.0,0.37274653,0.3844467,0.0,0.46486595,0.0,1.7422917,1.4383767,0.2552523,2.081157,0.0,0.09690638,1.5004023,0.0,0.0,0.0,0.0,2.9167848,0.0,1.6806229,1.0113544,0.015527745,0.0,0.0,0.101417355,1.5755605,0.0,0.0,0.0,0.0,0.0,0.0,0.86321115,0.0,0.0,0.0,0.0,0.7522252,0.6054379,0.0,0.0,0.0,0.5024022,0.0,0.0,2.6650267,2.1966324,0.1095536,0.0,2.3704803,0.0,0.0,0.0,1.2942375,1.885264,0.9414129,0.0,0.0,0.5763515,2.3671815,0.3040444,0.0,4.636749,0.0,0.024564058,0.0,0.0,0.0,1.5529791,0.5490737,3.0332313,0.0,0.0,0.0,1.000332,0.0,0.0,1.8554323,2.2678998,0.0,0.0,0.079773344,2.5816402,1.8651576,0.0,0.0,0.0,0.0,1.9917414,0.0,0.15588994,0.0,1.6543064,0.0,3.3656485,0.37865618,0.67445534,0.09281598,0.0,0.0,0.2810558,0.0,0.0,0.0,0.0,1.615217,0.0,1.7465359,0.0,0.0,0.0,0.0,0
0.0,0.0,1.7574513,0.10720762,0.61580515,0.0,0.0,0.0,0.39869696,0.0,0.0,2.0458264,0.15951869,1.8675116,0.7031184,0.0,0.0,0.0,0.0,0.0,1.2034692,0.0,1.324205,0.6685501,0.0,2.15149,0.0,0.55854046,1.315413,0.0,0.0,0.0,0.0,2.045691,0.0778115,1.6495523,1.1516422,0.33135244,0.0,0.0,0.45463204,1.1676738,0.0,0.0,0.0,0.38163948,0.0,0.0,0.8216484,0.0,0.0,0.0,0.10814938,0.7148803,0.74054724,0.0,0.0,0.0,0.23087856,0.0,0.0,2.0872753,1.866696,0.30964297,0.0,2.0122657,0.0,0.0,0.0,0.6655002,2.3088558,1.6484952,0.0,0.0,0.0,2.3980367,0.30743894,0.0,3.6349208,0.0,0.0,0.0,0.057079088,0.0,1.1341794,0.76580447,2.244331,0.0,0.0,0.0,1.7536556,0.0,0.0,0.64666766,2.8324823,0.08507347,0.0,0.0,2.2309697,2.3402095,0.0,0.3340777,0.0,0.0,2.7420108,0.04415629,0.7447191,0.0,1.3389621,0.16160297,3.859156,0.0,0.0,0.0,0.0,0.0,0.912921,0.0,0.0,0.0,0.0,1.4800243,0.0,1.2098364,0.3603946,0.0,0.0,0.0,0
2.9387116,0.0,0.26600876,1.1852869,1.5401624,0.0,0.0,2.1171122,2.0494993,0.0,0.0,1.355783,1.8866938,0.11264944,0.0,0.0,0.0,0.0,1.5786977,0.0,2.3965764,0.0,0.0,0.6674316,0.0,1.5433421,0.0,0.0,0.6730171,0.0,0.0,0.0,0.48581114,0.0,0.0,0.0,2.1418424,1.6839551,0.0,0.0,1.3075337,0.41545317,0.0,0.0,0.0,2.6052585,0.5827946,0.0,0.6361362,0.0,0.0,0.0,1.2680334,1.6703517,0.0,2.1022992,0.0,0.0,2.555015,0.0,0.0,0.16862914,0.87580574,1.8824139,0.0,3.0547717,0.0,0.6666353,0.0,0.0,0.041893475,0.066094376,0.0,0.0,0.056612916,2.0594954,1.6955945,0.8570568,1.814212,0.0,0.7020733,0.0,0.0,2.0323062,0.0,0.38841805,0.0,0.0,0.0,0.0,3.6236906,0.0,0.0,0.0,0.6131563,0.6251755,0.0,0.0,1.2409242,1.4197217,1.0631934,3.0979397,0.4121318,0.0,1.7604553,2.1333776,3.5337803,1.1695831,0.99124855,1.1476293,1.3899192,1.2749866,0.0,0.0,0.8631199,0.0,1.8768681,0.0,0.0,0.0,1.3405229,0.0,0.0,2.0282679,0.0,0.0,0.0,0.0,1
3.409187,0.0,0.028869787,0.8223852,1.615083,0.0,0.0,2.033044,2.6964371,0.0,0.0,1.168941,1.2554911,0.3984995,0.0,0.0,0.0,0.0,2.8873384,0.0,2.8461764,0.0,0.0,0.58898926,0.13396525,1.6800812,0.0,0.0,0.9163715,0.0,0.0,0.0,0.0,0.0,0.0,0.0,1.4051285,1.022176,0.0,0.0,0.9280256,0.21900402,0.0,0.0,0.0,2.589152,0.0,0.0,1.10163,0.0,0.0,0.0,0.96070236,0.8937573,0.0,1.7159119,0.0,0.0,1.8213232,0.0,0.0,0.3318613,0.7450284,1.9688419,0.0,3.3743944,0.0,0.0,0.0,0.0,0.7621612,0.8596381,0.0,0.0,0.12353302,1.5397607,2.2506585,0.064836964,2.0338585,0.0,0.5120467,0.0,0.0,1.8792536,0.0,0.72176486,0.586392,0.0,0.0,0.0,2.3944273,0.0,0.11736733,0.61871916,1.114107,0.96062005,0.0,0.0,0.5426075,1.4620082,2.0519373,3.2580414,0.23121431,0.0,1.8097899,0.9818256,3.2207234,1.2974958,1.0760133,0.6349419,1.1887038,1.6976902,0.0,0.0,0.8289364,0.0,1.2849677,0.0,0.0,0.0,1.3964247,0.13409272,0.0,0.73816776,0.0,0.0,0.0,0.0,1
2.5195699,0.0,0.43387902,0.61881477,1.7551097,0.0,0.0,2.4346035,1.8548251,0.0,0.0,0.7879497,1.6251692,0.9722367,0.0,0.0,0.0,0.0,1.7476958,0.0,2.4728222,0.0,0.55591387,1.2129301,0.41288343,2.067201,0.0,0.0,1.0835234,0.0,0.0,0.0,0.029043403,0.0,0.0,0.33268327,2.0368614,0.3959234,0.0,0.0,1.3124406,0.16888987,0.0,0.0,0.0,2.3368368,0.7120206,0.0,0.39370847,0.0,0.0,0.0,1.010786,0.79450446,0.0,1.7602434,0.0,0.0,2.0182874,0.0,0.0,0.07532061,1.0467087,2.0199044,0.0,3.137873,0.0,0.0,0.0,0.0,0.52627367,0.71128243,0.0,0.0,0.32940692,1.6080205,1.4707649,0.0,1.549919,0.0,1.0772331,0.0,0.0,2.4940279,0.14944254,0.7100755,0.31135568,0.0,0.0,0.0,3.26689,0.0,0.039721422,0.53705645,0.7733556,0.87061995,0.0,0.0,1.3622397,1.3700035,1.8006464,3.228521,0.5891811,0.0,1.4946644,1.9385726,2.1416252,1.6685884,1.0517638,0.63183504,1.6047353,1.3350431,0.0,0.0,0.21179044,0.0,1.5468187,0.0,0.0,0.0,2.221303,0.27194014,0.0,1.8052992,0.0,0.0,0.0,0.0,1
2.7433984,0.0,0.0,0.116906874,2.103105,0.0,0.0,3.071324,2.7816355,0.0,0.0,0.8003219,1.4556166,0.7416604,0.0,0.0,0.0,0.0,1.9603208,0.0,2.7360396,0.0,0.0,1.5380226,0.15541083,2.101058,0.0,0.0,0.6989898,0.0,0.0,0.0,0.0,0.0,0.0,0.0,2.3870258,0.5733634,0.0,0.0,1.7865723,0.0,0.0,0.0,0.0,2.7545836,1.3215185,0.0,0.41540968,0.0,0.0,0.0,0.8696499,1.3163027,0.0,2.791907,0.0,0.0,2.067811,0.0,0.0,0.0,0.20396301,2.6821768,0.0,3.2498271,0.0,0.0,0.0,0.0,0.0,0.48615584,0.12764536,0.019077472,0.5120744,1.2403797,1.6031436,0.23386896,1.4884647,0.0,1.3783937,0.0,0.18812476,3.377359,0.0,0.7868656,0.0,0.0,0.0,0.0,3.5349867,0.0,0.0,0.0,0.5350551,0.6389542,0.0,0.0,1.1660831,1.244996,2.336519,2.9943943,0.74722695,0.0,1.0934612,2.1985307,3.1521728,1.6666042,1.5636247,0.54915476,0.98549235,1.9541419,0.0053771026,0.0,0.0,0.0,1.4654869,0.0,0.0,0.0,1.240097,0.91026103,0.0,2.170856,0.0,0.0,0.0,0.0,1
2.7348459,0.0,0.0,0.9981299,1.8565555,0.0,0.0,2.48268,2.2654674,0.0,0.0,1.346586,1.9168365,0.573337,0.0,0.0,0.0,0.0,2.344177,0.0,2.2165391,0.0,0.0,0.7873868,0.20608985,1.5741266,0.0,0.0,0.710632,0.0,0.0,0.0,0.2587624,0.0,0.0,0.0,2.0425828,1.0877172,0.0,0.0,1.2524078,0.4514835,0.0,0.0,0.0,2.4969819,0.39496204,0.0,0.049627725,0.0,0.0,0.0,1.300659,1.221006,0.0,1.7320398,0.0,0.0,1.8467541,0.0,0.0,0.27277625,0.5467684,2.0366402,0.0,3.6490257,0.0,0.0,0.0,0.16702002,0.50012547,0.80985993,0.0,0.0,0.7373097,2.0495327,1.586866,0.27360967,2.3870652,0.0,1.2081891,0.0,0.0,2.2885406,0.0,0.3916774,0.05210133,0.0,0.0,0.0,3.092011,0.0,0.0,0.4788262,0.7038919,0.5703907,0.0,0.0,1.7220587,1.0108137,1.841326,3.5273762,0.25099656,0.0,1.6415526,2.306725,3.234419,1.3042623,1.0495036,0.77475816,1.3098291,2.177534,0.0,0.0,0.52677864,0.0,1.8962592,0.0,0.0,0.0,1.4242057,1.0332916,0.0,1.333734,0.0,0.0,0.0,0.0,1
3.159501,0.0,0.36436918,0.7871242,1.3522512,0.0,0.0,1.9682469,2.8458369,0.0,0.0,1.2651808,2.3026707,0.37914824,0.0,0.0,0.0,0.0,1.6331301,0.0,2.4203835,0.0,0.39706668,0.4655136,0.4733451,1.5247657,0.0,0.0,0.40141568,0.0,0.0,0.0,0.3381909,0.0,0.40146258,0.0,2.5511796,1.7384038,0.0,0.0,1.4976904,0.0,0.0,0.0,0.0,2.3544106,1.0591463,0.0,0.9522359,0.0,0.0,0.0,1.3466524,1.4706755,0.0,2.1558373,0.0,0.0,2.4513524,0.0,0.0,0.36126336,0.79276127,1.8296053,0.0,2.4554913,0.0,0.34924275,0.0,0.0,0.2186926,0.445883,0.24929379,0.0,0.0,1.7792287,1.3921894,0.3021082,1.4381455,0.0,0.68336636,0.0,0.11868857,2.1833568,0.0,0.0,0.3347139,0.0,0.0,0.0,3.7523613,0.0,0.061804943,0.0,0.12593466,0.39355776,0.0,0.0,1.0812283,1.415919,1.9268003,3.17065,0.41655654,0.0,2.0787659,2.3206303,3.2473736,1.8952283,0.46141204,1.1307484,1.0308291,1.5196282,0.0,0.0,0.8268804,0.0,1.6114503,0.0,0.0,0.0,1.9717726,0.0,0.0,1.7888508,0.0,0.0,0.0,0.0,1
1.3804408,0.0,0.8595108,0.71561676,0.7783495,0.0,0.0,0.60409737,0.62901783,0.0,0.0,0.74334705,0.0,2.51822,0.0,0.0,0.0,0.0,1.2927473,0.0,0.32019597,0.0,1.5770918,0.0,1.3489004,2.7910156,0.0,0.011378991,1.4416335,0.0,0.0,0.0,0.0,0.84595627,0.0,1.5778872,1.060912,0.31178764,0.0,0.0,0.66605526,0.21229593,0.0,0.0,0.0,0.92537814,0.0,0.0,0.93002737,0.0,0.0,0.27532545,1.780051,0.0,1.1394405,0.0,0.0,0.0,0.44476402,0.0,0.0,0.6232728,1.4196485,0.6718311,0.0,1.6661615,0.06986055,0.0,0.0,1.1227039,1.8925033,1.9897327,0.0,0.0,0.0,0.8080503,0.44831032,1.6980652,3.0434124,0.0,0.15726948,0.0,0.0,0.2699562,0.7406476,0.516229,1.8721849,0.0,0.0,0.0,1.4226767,0.0,1.6807787,1.4615371,2.5978553,0.0,0.0,0.0,0.6658482,2.213087,0.97380286,1.308973,0.42156726,0.0,2.2094116,0.9742989,0.40519392,0.0,1.606957,0.12564516,2.416025,0.457898,0.37590015,0.027822506,0.0,0.0,1.9842702,0.0,0.0,0.0,1.0237223,0.5909657,0.0,1.3852769,0.0,0.0,0.0,0.0,0
0.0,0.0,1.8702506,0.18217455,1.3894931,0.0,0.0,0.6082679,0.2965634,0.0,0.0,1.8495183,0.0,2.0526829,1.0223869,0.0,0.0,0.0,0.5428488,0.0,0.6510653,0.0,2.6762283,2.286776,1.0784068,2.3015485,0.0,0.40157485,1.8944752,0.0,0.0,0.0,0.0,1.739744,0.0,1.883572,1.6602733,0.0,0.0,0.0,0.59880507,1.1549885,0.0,0.0,0.0,0.7833249,0.0,0.0,0.811973,0.0,0.0,0.0,0.0,0.48598915,1.5682716,0.0,0.0,0.0,1.0355759,0.0,0.0,3.2242084,1.4653567,1.3814582,0.0,3.2082329,0.0,0.0,0.0,0.7319011,2.0632088,1.833409,0.0,0.0,0.88251424,1.8838575,0.7209324,0.0,4.0106063,0.0,0.5177419,0.0,0.39076132,0.6467965,0.8124863,0.9548112,2.965303,0.0,0.0,0.0040794383,1.8207381,0.0,0.0,0.9043886,2.4531496,0.0,0.0,0.20593874,2.325169,2.1941571,0.45246354,0.18444876,0.0,0.0,2.077764,0.80136216,0.2964947,0.29207996,1.6253299,0.052324865,2.860019,1.1341944,0.2129085,0.22365032,0.0,0.0,1.0152296,0.0,0.0,0.0,0.5167832,2.3689907,0.0,1.8080485,0.0,0.0,0.0,0.0,0
0.16476534,0.0,1.8174698,0.9723909,0.51609445,0.0,0.0,0.7602527,1.4959403,0.0,0.0,2.1613207,0.5387134,1.099168,0.17881182,0.0,0.0,0.0,1.2079549,0.0,0.91594183,0.0,2.3631368,1.7898055,1.4322034,2.510231,0.0,0.9814104,0.985187,0.0,0.0,0.0,0.0,1.2274966,0.21751417,1.3906862,1.6643945,0.0,0.0,0.0,0.7724807,0.9630334,0.0,0.0,0.0,1.0715117,0.6848979,0.0,0.7580017,0.0,0.0,0.0,0.8124922,0.87903655,1.1455348,0.0,0.0,0.0,1.0641435,0.0,0.0,2.6941135,1.0826461,0.99055785,0.0,1.9547107,0.0,0.0,0.0,0.0,1.7534012,1.3493861,0.0,0.0,0.43812948,1.7441701,0.9216466,0.21285684,2.8758774,0.0,0.60257846,0.0,0.0,0.0,1.0463971,0.71905696,2.3041027,0.0,0.0,0.0,1.4116415,0.0,0.0,0.91850716,1.764358,0.1083307,0.0,0.0,2.2439172,2.6082969,0.62414503,0.82569325,0.0,0.0,2.5852668,0.69146496,1.4309247,0.865625,1.6811422,0.5006172,2.4697862,0.49045134,0.050962616,0.28381038,0.0,0.0,1.7178459,0.0,0.0,0.0,1.1426246,1.607622,0.0,2.3690972,0.0,0.0,0.0,0.0,0
2.8110647,0.0,0.58307546,0.52597183,1.4778224,0.0,0.0,2.1657252,2.627724,0.0,0.0,0.5520094,1.1487771,0.9899253,0.0,0.0,0.0,0.0,1.4309325,0.0,2.7685132,0.0,0.0,1.4181923,0.41346666,1.669218,0.0,0.0,0.8246581,0.0,0.0,0.0,0.782955,0.0,0.0,0.40682852,2.2428346,0.77914333,0.0,0.0,1.4662496,0.63412756,0.0,0.0,0.0,2.5773106,0.34173816,0.0,0.4642172,0.0,0.0,0.0,1.3035105,1.0155234,0.0,1.9621472,0.0,0.0,1.8498869,0.0,0.0,1.6561337,1.0629916,2.5287218,0.0,2.6673343,0.0,0.0,0.0,0.0,0.5861004,0.8645309,0.17645966,0.0,0.40503013,1.8612883,1.2911835,0.34102827,2.0048363,0.0,0.7009205,0.0,0.5009923,1.7242357,0.0,0.19826908,0.576849,0.0,0.0,0.0,2.776896,0.0,0.0,0.3172736,0.544165,0.8368731,0.0,0.0,1.120077,1.7633777,1.6322289,2.5941937,0.4620871,0.0,1.6826396,2.0733445,2.6324008,0.99766123,1.1173553,0.88231105,1.5964425,1.017789,0.0,0.0,0.58810765,0.0,1.2718374,0.0,0.0,0.0,2.2063632,0.0,0.0,1.2174244,0.0,0.0,0.0,0.0,1
1.8205242,0.0,0.7115916,0.0,1.2131835,0.0,0.0,1.5425339,0.34384137,0.0,0.0,1.5385846,2.0411584,0.8475499,0.0,0.0,0.0,0.0,0.0,0.0,2.3268428,0.0,0.0,0.10065252,0.44066083,2.5517988,0.07471867,0.112877056,0.0,0.0,0.0,0.0,0.0,0.0,0.8344073,0.40709153,1.2927918,0.7766159,0.0,0.0,1.1205344,0.0,0.0,0.0,0.0,2.0032072,0.39375338,0.0,1.376235,0.0,0.0,0.0,0.7195478,0.9383832,0.2176484,0.33995497,0.0,0.0,0.99580544,0.1887289,0.0,1.2706673,0.87490803,0.7852354,0.0,2.6681657,0.0,0.2409013,0.0,1.7073146,0.8494966,1.8097203,0.0,0.0,0.6742917,1.4421477,1.3962485,0.3969694,1.3169861,0.0,0.0,0.0,0.7660717,1.9836872,0.0,1.0812037,1.8757912,0.35121566,0.0,0.0,2.440898,0.47211653,0.79090005,0.0,2.1297808,0.9111921,0.0,0.0,1.5737263,0.37394634,1.9030154,2.829783,0.5939274,0.0,1.5396011,1.1661029,1.5207288,0.997731,1.7412425,0.9670503,2.3990078,0.604959,0.0,0.0,0.124426596,0.0,0.810999,0.0,0.0,0.0,0.47337443,0.8247049,0.0,1.5865545,1.3149022,0.15992802,0.0,0.0,1
0.0,0.0,1.5787663,0.60222936,0.96999556,0.0,0.0,0.9656267,0.55541223,0.0,0.0,1.9226043,0.0,2.2562962,0.0,0.0,0.0,0.0,0.25685573,0.0,0.9443683,0.0,1.9994696,2.037588,2.087423,1.877072,0.0,0.0,2.3034315,0.0,0.0,0.0,0.0,1.3092117,0.5266618,1.7621824,2.423128,1.0500149,0.0,0.0,1.1429899,0.0,0.0,0.0,0.0,0.8136959,0.037080783,0.45501727,0.042499933,0.0,0.0,0.0,0.6151665,0.7332734,0.5112719,0.0,0.0,0.0,1.7644148,0.28553623,0.0,2.5511615,0.751667,0.31521967,0.0,2.8259575,0.0,0.0,0.0,0.4285882,1.9479264,1.2534747,0.0,0.0,1.5462427,2.7442331,0.0,1.7251037,3.3853157,0.0,0.0,0.0,0.0,0.22154482,0.0,0.0,2.0059538,0.0,0.0,0.2621429,1.2372237,0.0,0.50757843,0.0,1.8245293,0.5338022,0.0,0.0,1.3171548,1.4936116,0.8631285,0.018269345,0.9728599,0.0,2.5280976,1.1178305,0.9034554,0.12385612,1.6229463,0.5084955,1.7236911,1.3494866,0.0,0.41587716,0.0,0.0,1.6397911,0.0,0.19448677,0.0,0.55285454,1.3870088,0.0,2.682021,0.29929918,0.0,0.0,0.0,0
3.3153455,0.0,0.0,0.45426744,2.0683615,0.0,0.0,2.7299352,2.8116426,0.0,0.0,0.53563315,1.0928959,0.057312813,0.030906253,0.0,0.0,0.0,1.8837821,0.0,2.90117,0.0,0.0,1.4022588,1.0163246,2.4665096,0.0,0.0,0.4043772,0.0,0.0,0.0,0.36150393,0.0,0.0,0.0,2.4886649,0.68623084,0.0,0.0,1.0591884,0.38905188,0.0,0.0,0.0,3.2295616,0.8397403,0.0,0.3933325,0.0,0.0,0.0,0.6123674,1.3733077,0.10740536,2.4968536,0.0,0.0,2.313593,0.0,0.0,0.89309925,0.45965305,2.6526265,0.0,2.7491844,0.0,0.0,0.0,0.0,0.2859101,0.54474646,0.0,0.0,0.097178586,1.5709385,1.6565349,0.410763,1.1320552,0.0,1.2157084,0.0,0.6275391,2.0484765,0.0,1.0107812,0.19357772,0.0,0.0,0.0,3.5187078,0.0,0.0,0.0,0.58498675,0.11946514,0.0,0.0,1.2490106,1.5450594,1.9716569,3.0607145,0.57912445,0.0,1.4256047,2.8204596,3.535722,1.2472478,0.989823,0.7612499,0.5994579,1.7981931,0.0,0.0,0.4460699,0.0,1.8076996,0.0,0.06536554,0.0,1.9182712,0.7903763,0.0,1.4374079,0.0,0.0,0.0,0.0,1
1.2583283,0.0,0.9967132,0.19354598,0.8661089,0.0,0.0,0.046036225,1.0054827,0.0,0.0,1.6236491,0.0,1.4756292,0.121405356,0.0,0.0,0.0,0.37756726,0.0,1.4676766,0.0,0.5720515,0.18734826,0.0,2.0066168,0.0,1.0109435,0.2808316,0.0,0.0,0.0,0.0,1.5674312,0.0,1.8863059,1.2425005,0.72099113,0.0,0.0,0.55378735,1.0008332,0.0,0.0,0.0,1.3862579,0.15657991,0.0,0.68684614,0.0,0.0,0.0,0.43330356,0.52649456,0.0,0.29623654,0.0,0.0,0.5821267,0.0,0.0,1.6705068,0.9563833,0.11895793,0.0,1.8487628,0.0,0.0,0.0,0.19505557,1.1373571,1.1037617,0.0,0.0,0.0,1.5928055,1.1465995,0.0,2.4426067,0.0,0.0,0.0,0.0,0.3228542,0.978496,0.84364283,2.0302715,0.0,0.0,0.0,1.5588925,0.0,0.0,1.6383873,2.1030273,0.14028284,0.0,0.0,1.4524673,2.0266986,0.0,0.9964841,0.0,0.0,2.2125583,0.0,1.1021866,0.15168193,1.2414572,0.0,3.7380078,0.0,0.32655406,0.0,0.028564686,0.0,0.88031757,0.0,0.0,0.0,0.0,0.39765766,0.0,0.8458754,0.41638097,0.0,0.0,0.0,0
2.0584269,0.0,0.7672432,0.7620313,1.4369898,0.0,0.0,1.136682,1.7681066,0.0,0.0,1.1407948,1.560157,1.3303746,0.0,0.0,0.0,0.0,0.82810223,0.0,2.5032778,0.0,0.82880056,1.3255395,0.0,1.7498169,0.0,0.0,1.382978,0.0,0.0,0.0,0.21604562,0.12899308,0.10743549,0.0,1.2394502,1.8737737,0.0,0.0,1.2041705,0.0,0.0,0.0,0.0,1.7897199,0.3002597,0.0,1.1937107,0.0,0.0,0.0,1.2422816,0.7890257,0.0,0.0,0.0,0.0,2.3202522,0.0,0.0,1.1867853,0.53013813,1.7318449,0.0,3.066783,0.0,0.20335217,0.0,0.41590828,0.48624605,0.63800746,0.0,0.0,1.4542277,2.5149872,1.7742189,1.1172436,2.1671603,0.0,0.0,0.0,0.08716805,1.8768477,0.0,0.0,0.63507265,0.0,0.0,0.0,2.4272506,0.0,0.105639674,0.0,0.10031427,0.18579145,0.0,0.11397038,0.0,1.1971761,1.3769982,1.807775,0.0,0.0,1.7533795,1.1238192,2.3309216,1.4604621,0.5455162,0.7838858,1.9191455,1.5990434,0.0,0.0,0.17480159,0.0,1.3799694,0.0,0.0,0.0,0.10513116,0.76497144,0.0,2.3393092,0.6961732,0.0,0.0,0.0,1
0.9959349,0.0,1.6130722,0.18669574,0.2283522,0.0,0.0,0.8970166,1.1779112,0.0,0.0,1.5373391,0.2935194,2.1672754,0.2990765,0.0,0.0,0.0,0.0,0.0,1.4084897,0.0,0.2259965,0.7664363,0.7027446,1.6465193,0.0,0.102972284,1.4720445,0.0,0.0,0.0,0.0,1.6313162,0.21292354,1.3635399,1.751667,1.8131694,0.0,0.0,0.7553329,0.26843172,0.0,0.0,0.0,1.7206972,0.0,0.0,0.72842216,0.0,0.0,0.0,0.0,1.0421855,0.0,0.0,0.0,0.0,1.7011193,0.0,0.0,2.063738,0.8281834,0.89754224,0.0,2.5289235,0.0,0.0,0.0,0.052342556,1.8078101,1.7511451,0.0,0.0,0.5624701,2.2741644,0.3767241,0.06603326,2.5973876,0.0,0.27932408,0.0,0.0,0.95397747,0.0,0.0,2.2576296,0.1009317,0.0,0.0,2.4911137,0.0,1.7475066,0.8756557,1.1882156,0.04737562,0.0,0.0,0.62892145,1.9734721,0.0,0.45758674,0.76949245,0.0,2.5126674,0.61245626,0.8146401,1.5590799,1.0614535,0.08870602,3.1409624,0.0,0.0,0.0,0.0,0.0,0.85554504,0.0,0.0,0.0,0.0,0.686052,0.0,2.2793274,0.49839172,0.0,0.0,0.0,0
0.20490469,0.0,0.0,1.0730367,1.2822787,0.0,0.0,1.3213245,2.083297,0.0,0.0,0.1942526,0.5700556,1.2633964,0.2348687,0.0,0.0,0.0,1.7415943,0.0,1.8073926,0.0,0.0,1.2155067,0.37683854,1.4377229,0.0,0.0,0.8149502,0.0,0.0,0.0,0.084858924,0.5140001,0.0,0.34535453,2.162669,0.14781252,0.0,0.0,2.016986,0.0,0.0,0.0,0.0,1.473894,0.69379103,0.39058298,0.0,0.0,0.0,0.0,0.42054608,0.9763879,0.0,2.9457242,0.0,0.0,1.5607353,0.0,0.0,0.5685275,0.4453798,1.7043056,0.0,1.6417114,0.0,0.0,0.0,0.0,0.71798956,0.94216406,0.0,1.938577,0.80598754,1.5248079,0.6440143,1.2771004,1.4305989,0.0,1.40567,0.0,0.0,1.8675433,0.0,0.75283015,0.0,0.0,0.0,0.0,3.8207836,0.0,0.38718504,0.24018776,0.0,0.9370649,0.0,0.0,1.5396723,1.4746356,1.6461958,1.5686613,1.0397961,0.0,1.3475316,2.3926675,1.5719861,0.5880491,0.9515469,0.19155836,1.8629858,0.66790485,0.0,0.0,0.0,0.0,0.17050274,0.0,0.0,0.0,1.5995511,0.04796127,0.0,2.0032697,0.33803913,0.0,0.0,0.0,1
2.2579699,0.0,0.0,0.37778735,1.2863848,0.0,0.0,0.8897804,1.2867402,0.0,0.0,0.6416902,2.1407466,1.2058662,0.0,0.0,0.0,0.0,0.0,0.0,1.9379737,0.0,0.0,0.0,0.0,1.0089794,0.8977129,0.0,0.0,0.0,0.0,0.0,0.0,0.0,1.674255,0.0,1.7713071,1.6649505,0.0,0.0,1.624828,0.0,0.0,0.0,0.0,2.425979,1.0596888,0.0,1.5079601,0.0,0.0,0.0,1.3808833,1.4990962,0.0,0.7498965,0.0,0.0,2.7860956,0.29723963,0.0,1.3500316,0.22681499,1.8631657,0.0,3.786975,0.0,0.8461141,0.0,0.48341691,1.014474,0.59247315,0.0,0.0,1.2046992,3.0888004,1.4682225,0.34074998,1.8362266,0.0,0.0,0.0,0.99733996,2.1724458,0.0,0.7107415,0.45594344,0.0,0.0,0.0,3.8357306,0.0,0.22489828,0.0,0.0,1.3048394,0.0,0.7535362,1.4360298,0.32467547,1.9987682,1.9038891,0.0,0.0,1.7069607,2.3974187,2.0472953,1.9965233,1.4060344,1.4420701,2.3944454,0.1820691,0.0,0.0,0.72475314,0.0,1.3004266,0.0,0.0,0.0,1.7496022,0.42162183,0.0,2.9750404,1.3084496,0.60289216,0.0,0.0,1
2.2500439,0.0,0.0,0.6504705,1.8107119,0.0,0.0,2.809962,2.4543293,0.0,0.0,0.38167238,1.4012258,0.6052683,0.0,0.0,0.0,0.0,1.477458,0.0,3.4841642,0.0,0.0,2.7925518,0.24144652,1.0185503,0.0,0.0,0.60519046,0.0,0.0,0.0,0.44538626,0.5711836,0.0,0.2634466,1.6785103,0.6881064,0.0,0.0,2.056362,0.0,0.0,0.0,0.0,2.5002067,1.256477,0.0,0.7538593,0.0,0.0,0.0,0.807442,1.7095958,0.0,1.9790695,0.0,0.0,2.7575927,0.0,0.0,0.95357126,0.642523,3.012638,0.0,2.6677449,0.0,0.0,0.0,0.0,0.0,0.37298593,0.0,0.08715563,0.9971262,1.9041781,1.9543848,0.5501762,1.3408511,0.0,0.63611466,0.0,0.20711835,3.1171203,0.0,0.92771304,0.16761918,0.0,0.0,0.0,3.2174683,0.0,0.0,0.0,0.30491525,0.39273167,0.0,0.0,1.5355139,0.20100142,2.4984248,3.3132794,0.87895536,0.0,1.2906805,1.5430558,3.0387952,1.4560266,1.3272232,0.68598515,1.2685045,1.8035245,0.018539865,0.0,0.0,0.0,1.5019468,0.0,0.0,0.0,1.5204693,0.8512216,0.0,2.8990288,0.05001855,0.0,0.0,0.0,1
0.0,0.0,2.1788652,0.0,1.1468322,0.0,0.0,1.1232414,0.44278273,0.0,0.0,1.693613,0.17915718,1.6963804,0.0,0.0,0.0,0.0,0.29972002,0.0,0.6805543,0.0,2.822312,1.0727061,1.739034,1.3650264,0.0,0.52451545,2.218119,0.0,0.0,0.0,0.0,0.9553022,1.5516775,1.9296055,2.1802032,0.0,0.0,0.0,2.0229836,0.050102226,0.0,0.0,0.0,0.47147137,0.734936,0.0,1.1753722,0.0,0.0,0.0,0.3724045,0.58537704,0.0,0.3001826,0.0,0.0,1.8499087,1.176969,0.0,2.300782,0.8138195,0.575804,0.0,0.8880182,0.0,0.0,0.0,0.0,1.4699205,1.8423498,0.0,0.0,0.0,2.4309776,0.32650474,1.4242922,1.752054,0.0,0.23121734,0.0,0.0,0.0,0.0,0.0,1.97427,0.0,0.0,0.0,2.5941236,0.0,0.26138896,0.0,1.1300951,0.61018723,0.0,0.033127226,2.032072,1.7165542,0.8303489,0.4101968,0.07266288,0.0,2.4632976,0.8668226,0.47506487,0.4037563,0.7525454,0.36890185,1.1993589,0.4694167,0.0,0.0,0.0,0.0,1.2545655,0.0,0.0,0.0,1.6803612,1.4540136,0.0,2.603428,0.9433834,0.0,0.0,0.48392802,0
1.1788248,0.0,0.9351455,0.4890778,0.09157231,0.0,0.0,0.16072987,1.721197,0.0,0.0,1.5198082,0.67450684,1.4862527,0.0,0.0,0.0,0.0,0.48869273,0.0,0.555689,0.0,0.0,0.0,0.7843578,2.262763,0.0,0.0,0.9393355,0.0,0.0,0.0,0.0,0.34143746,1.0110871,0.15401682,2.4594028,1.902596,0.0,0.0,0.4502536,0.0,0.0,0.0,0.0,1.8892754,0.0,0.0,0.9708125,0.0,0.0,0.0,0.7583329,0.27437824,0.0,1.1468949,0.0,0.0,2.362743,0.0,0.0,1.5502477,0.29034153,0.55453944,0.0,2.4656432,0.0,0.0,0.0,0.0,1.535861,1.9713352,0.0,0.0,0.0,1.7768433,0.7895337,0.28075776,1.6874279,0.0,0.0,0.0,0.0,1.1144168,0.0,0.0,0.90063924,0.0,0.0,0.0,2.679539,0.0,1.932029,0.0,0.83605194,1.3341038,0.0,0.0,0.41631857,2.8887534,0.6066264,0.44882712,1.2970015,0.0,2.5572693,1.686691,1.4592978,0.534698,1.3128434,0.041989435,2.5010622,0.0,0.0,0.0,1.0348582,0.0,1.1905382,0.0,0.0,0.0,0.84396803,0.0,0.0,1.4871235,0.0,0.0,0.0,0.0,0
1.8355098,0.0,1.4283074,0.37030882,0.0,0.0,0.0,0.16009556,3.0116222,0.0,0.0,2.1353738,1.364822,1.8333172,0.30666518,0.0,0.0,0.0,0.5490339,0.0,1.4873055,0.0,1.1322936,0.65731037,0.0,1.9991543,0.0,0.0,1.3646531,0.0,0.0,0.0,0.34505984,1.3812289,0.0,0.6024632,1.0577703,0.76434124,0.0,0.0,0.0,0.7671819,0.0,0.0,0.0,0.5673043,0.0,0.0,0.843879,0.0,0.0,0.0,0.0,0.9131484,0.0,0.3300013,0.0,0.0,1.2885247,0.0,0.0,1.5421692,1.6061362,1.3278444,0.0,1.3323268,0.0,0.0,0.0,0.0,0.7025399,2.0590298,0.0,0.0,0.0,1.9690804,0.69914687,0.0,3.2571602,0.0,0.0,0.0,0.0,0.6897474,0.17328437,0.65526736,1.9870509,0.07204271,0.0,0.0,2.2470236,0.0,0.0,0.0,0.0,0.27113423,0.0,0.0,1.2298297,1.5650082,1.0653783,2.0320146,0.5872342,0.0,2.7847252,0.7624365,2.068722,0.9417337,1.1730644,0.22938019,2.447293,0.7718669,0.4689898,0.30250394,0.07758742,0.0,0.0,0.0,0.0,0.0,0.50718343,0.967984,0.0,1.4730641,0.0,0.0,0.0,0.0,0
3.268526,0.0,0.0,0.62799037,1.6939626,0.0,0.0,2.5608907,3.3811457,0.0,0.0,0.70767456,1.6318779,0.74263966,0.0,0.0,0.0,0.0,1.6570954,0.0,3.150481,0.0,0.0,1.8724836,0.0,1.1247586,0.0,0.0,0.0,0.0,0.0,0.0,0.3682219,0.0,0.0,0.0,1.8320382,1.2997036,0.0,0.0,1.1610433,0.0,0.0,0.0,0.0,2.3853588,0.8277327,0.0,0.97630894,0.0,0.0,0.0,0.7090538,1.601804,0.0,1.9389844,0.0,0.0,2.5246649,0.0,0.0,0.9708117,0.40735665,2.888112,0.0,2.4927862,0.0,0.0,0.0,0.0008920047,0.0,0.5155721,0.0,0.0,0.58999395,1.6288438,2.258433,0.72727704,1.8895243,0.0,0.40200663,0.0,0.81808734,2.385272,0.0,0.69171643,0.33765534,0.0,0.0,0.0,3.137541,0.0,0.0,0.0,0.07033325,0.3302116,0.0,0.0,1.1928707,1.0550959,2.3034601,2.9961221,0.1896468,0.0,1.782226,1.3259716,3.5176275,1.7607089,0.86552984,0.64504546,0.7693978,1.8500614,0.0,0.0,0.0,0.0,1.8586487,0.0,0.0,0.0,1.0696856,0.58528143,0.0,1.4442741,0.0,0.0,0.0,0.0,1
0.09900134,0.0,1.6942986,0.5435357,1.3745476,0.0,0.0,0.42778742,0.09614046,0.0,0.0,2.278992,0.095740646,1.8628207,0.44762802,0.0,0.0,0.0,0.0,0.0,0.4491055,0.0,2.0199122,1.779483,0.42340407,1.6831027,0.0,0.15329532,1.872472,0.0,0.0,0.0,0.0,2.0130618,0.0,1.8952069,2.0987241,0.0,0.0,0.0,0.4768846,1.5767294,0.0,0.0,0.0,0.0,0.0,0.0,0.83707255,0.0,0.0,0.0,0.0,0.7397196,1.3473923,0.0,0.0,0.0,1.0287756,0.0,0.0,2.5380762,1.9871335,0.14573117,0.0,2.2029207,0.0,0.0,0.0,1.1626422,1.9485928,1.1660106,0.0,0.0,0.7297065,3.2104332,0.0,0.66918314,4.6138535,0.0,0.2550857,0.0,0.0,0.22997598,1.3368698,0.6345177,2.8659654,0.0,0.0,0.0,1.530768,0.0,0.0,1.090932,2.5089166,0.0,0.0,0.07228253,2.8024564,1.5597888,0.0,0.0,0.0,0.0,1.9671541,0.23294994,0.0,0.0,1.7508999,0.0,3.0666807,0.76588833,0.04658896,0.0,0.0,0.0,0.45957816,0.0,0.0,0.0,0.0,1.603865,0.0,1.9325383,0.0,0.0,0.0,0.0,0
0.0,0.0,1.3733855,0.32523507,1.5881184,0.0,0.0,0.20757784,0.0,0.0,0.0,1.0586374,0.0,1.7678471,0.61698383,0.0,0.0,0.0,0.56610394,0.0,1.0313774,0.0,1.787572,1.7313131,0.8113084,2.1030014,0.47724319,0.1572388,1.2206931,0.0,0.0,0.0,0.0,2.3729575,0.0,1.8919086,1.6374576,0.0,0.0,0.0,0.4649732,0.8236987,0.0,0.0,0.0,0.5877969,0.0,0.0,1.0427474,0.0,0.0,0.0,0.0,0.9111182,0.8515803,0.0,0.0,0.0,0.5146429,0.0,0.0,3.1384532,2.1038873,0.6385077,0.0,2.7774944,0.0,0.0,0.0,2.0207329,1.5196975,0.44077453,0.0,0.0,1.3429407,1.9740195,0.8159924,0.41132995,3.9105399,0.0,0.0,0.0,0.0,1.1147373,0.30358818,1.3614764,2.4086325,0.0,0.0,0.0,1.4187917,0.0,0.0,1.5104316,2.648138,0.2295424,0.0,0.5153435,2.2937732,1.4531957,0.68628025,0.6806675,0.19062683,0.0,2.2191439,0.28744984,0.0,0.0,2.2509668,0.0,3.527298,0.5776861,0.92639464,0.0,0.0,0.0,0.54531866,0.0,0.0,0.0,0.18135005,1.4896287,0.0,1.9020718,0.0,0.0,0.0,0.0,0
3.3755903,0.0,0.13099729,0.46105263,1.9459133,0.0,0.0,2.5128686,2.7326543,0.0,0.0,0.7742696,1.3400481,0.33165196,0.0,0.0,0.0,0.0,2.7525842,0.0,2.882756,0.0,0.0,0.8218479,0.0,1.8043468,0.0,0.0,0.8067661,0.0,0.0,0.0,0.5269721,0.0,0.0,0.0,1.8370738,1.389305,0.0,0.0,1.5376024,0.6019122,0.0,0.0,0.0,3.0919073,0.36899328,0.0,0.20522627,0.0,0.0,0.0,1.043829,1.2831557,0.0,1.8891536,0.0,0.0,2.2363386,0.0,0.0,0.4691193,0.44529495,2.3913074,0.0,2.8367307,0.0,0.028153338,0.0,0.06449286,0.6376846,0.4976692,0.20052762,0.0,0.088490255,1.7731913,1.6686393,0.98591715,2.0500634,0.0,1.2147846,0.0,0.14234178,2.2190034,0.0,0.08591812,0.0,0.0,0.0,0.0,3.009807,0.0,0.0,0.0771538,0.9670256,0.7374844,0.0,0.0,1.3141073,0.9993007,1.8364149,3.3105242,0.0,0.0,2.0475326,2.0851572,3.0545304,1.5214882,1.007864,0.7940331,0.86154747,2.0074072,0.0,0.0,0.52861434,0.0,1.951656,0.0,0.0,0.0,1.2369686,0.35560432,0.0,1.189741,0.0,0.0,0.0,0.0,1
2.2876887,0.0,1.0606885,1.1794103,1.4023787,0.0,0.0,0.2781891,1.7534885,0.0,0.0,1.1587645,1.5141858,0.51548696,0.10664933,0.0,0.0,0.0,0.21503839,0.0,2.7196949,0.0,0.0,0.5232583,0.0,1.3911332,0.0,0.0,0.0,0.0,0.0,0.0,0.0,0.45118624,0.038045667,0.27455267,1.6345593,2.384975,0.0,0.0,1.9747498,0.0,0.0,0.0,0.0,1.9641706,1.1122929,0.0,1.0480776,0.0,0.0,0.0,0.48709044,1.9649158,0.0,0.75404143,0.0,0.0,2.306079,0.1437847,0.0,0.61891204,0.575715,1.6878604,0.0,2.9256475,0.22793932,0.3583625,0.0,0.16599607,1.5022442,0.31495866,0.0,0.0,0.1880408,2.0283456,0.9985403,0.7467035,2.029504,0.0,0.0,0.0,0.33495277,1.6241337,0.0,0.7573421,1.192861,0.0,0.0,0.0,3.0488284,0.42475694,0.52894485,0.0,1.0692962,0.0,0.0,0.0,1.1251918,1.2850633,1.1445369,1.1425331,0.5136026,0.0,2.2653298,1.3238324,2.7002115,1.8406574,1.7614411,1.0140734,1.6654048,0.5076628,0.0,0.0,0.053168472,0.0,1.016509,0.0,0.12180361,0.0,0.8539086,0.68100613,0.0,0.9728123,0.44651905,0.0,0.0,0.0,1
2.6262078,0.0,0.36873722,0.4421918,1.4628851,0.0,0.0,1.6487312,2.9282334,0.0,0.0,0.816977,1.2158966,1.2775406,0.1660375,0.0,0.0,0.0,2.5643113,0.0,1.5161686,0.0,0.0,0.7116089,0.2225002,2.1427186,0.0,0.0,1.0273324,0.0,0.0,0.0,0.115724474,0.0,0.0,0.0,1.8233106,1.2627453,0.0,0.0,1.5190432,0.28171864,0.0,0.0,0.0,2.6863348,0.3051138,0.003903284,0.0,0.0,0.0,0.0,1.0564449,0.8361712,0.0,1.7814364,0.0,0.0,2.2659888,0.0,0.0,0.68225306,0.4556192,2.4409676,0.0,2.813287,0.0,0.0,0.0,0.0,0.93897265,1.7563207,0.25176612,0.0,0.005388743,1.874752,1.3105237,0.7812126,2.0065105,0.0,1.3519914,0.0,0.0,1.5511456,0.0,0.0,0.3250067,0.0,0.0,0.0,2.9079008,0.0,0.0,0.56985146,0.7363134,0.41906583,0.0,0.0,0.7224426,1.613455,1.7183648,2.8051403,0.1746129,0.0,1.8189623,2.0361753,2.5935707,1.385758,1.0085171,0.95034486,1.3435569,1.570732,0.07396104,0.0,0.3123579,0.0,1.40054,0.0,0.0,0.0,1.6940023,0.5980738,0.0,1.5560864,0.0,0.0,0.0,0.0,1
0.0,0.0,1.6599597,0.24164353,1.1425623,0.0,0.0,0.56307614,0.0,0.0,0.0,2.2419195,0.10518995,1.841067,0.47775,0.0,0.0,0.0,0.33972737,0.0,0.26647174,0.0,2.4612517,1.9143404,0.65665823,2.332701,0.0,0.32284498,1.2021756,0.0,0.0,0.0,0.0,1.8887106,0.0,2.0438805,1.7488716,0.0,0.0,0.0,0.3849979,1.930225,0.0,0.0,0.0,0.32015342,0.0,0.0,1.0739496,0.0,0.0,0.0,0.13492218,0.7344986,1.2225336,0.0,0.0,0.0,0.6841056,0.0,0.0,2.6754534,2.0107684,0.35747895,0.0,2.0982625,0.0,0.0,0.0,1.4314016,1.7101598,1.3166804,0.0,0.0,0.28155842,2.6732407,0.52741486,0.01638867,3.971004,0.0,0.1312749,0.0,0.43434656,0.20886268,1.2560822,0.8483527,2.9789023,0.0,0.0,0.0,1.5401065,0.0,0.0,0.8364938,2.5645127,0.0,0.0,0.0,3.0946116,2.2685955,0.1842515,0.118903324,0.0,0.0,2.1666346,0.11571402,0.22922291,0.0,1.4277595,0.0,3.1725671,0.7342949,0.33340555,0.0,0.0,0.0,1.2894036,0.0,0.0,0.0,0.0,2.309086,0.0,1.8869303,0.0,0.0,0.0,0.0,0
0.0,0.0,0.4644433,0.5651873,0.9641883,0.0,0.0,0.0,0.0,0.0,0.20980199,1.5492585,0.59818894,2.0616143,0.12937891,0.0,0.0,0.0,0.0,0.0,0.83555615,0.0,1.3577406,1.0709026,0.0,1.9169506,0.7714147,0.0,0.24939181,0.0,0.0,0.0,0.0,1.4019207,0.55978596,1.5193847,1.8907232,0.38910452,0.15284893,0.0,1.4201872,0.0,0.0,0.0,0.0,0.57779604,1.0103377,0.0,1.4804585,0.0,0.0,0.0,0.9818854,0.88330495,0.31285462,0.0,0.0,0.0,1.6697578,1.148602,0.0,2.417337,1.6325276,0.061865352,0.0,2.6497612,0.0,0.63639295,0.0,1.9084731,1.8176922,0.0,0.0,0.0,0.59963125,1.5846081,0.23242828,0.42470476,3.0287488,0.0,0.0,0.0,0.7449992,0.599263,0.0,0.21139568,1.9425871,0.0,0.0,0.0,2.0811863,0.0,0.7519111,0.0,2.8594234,0.75544834,0.0,0.22337592,3.361384,0.50979125,1.0542926,0.3217092,0.0,0.0,1.0741751,1.241266,0.707425,0.60773766,2.3776786,0.5621698,2.5392292,0.0,0.0,0.0,0.0,0.0,0.47919336,0.0,0.0,0.0,0.032466136,0.4949042,0.0,3.1928682,1.5552661,0.0,0.0,0.0,0
0.0,0.0,1.9704432,0.48438042,1.1533531,0.0,0.0,0.22578071,0.0,0.0,0.0,2.0342405,0.2667082,1.7533349,0.8832115,0.0,0.0,0.07041724,0.0,0.0,1.2144269,0.0,1.505021,1.704386,0.106377155,2.351135,0.2727169,0.0,1.6470449,0.0,0.0,0.0,0.0,2.1750512,0.0,1.4079279,1.3679134,0.0,0.0,0.0,0.6883303,1.8267647,0.0,0.0,0.0,0.308984,0.0,0.0,0.80498326,0.0,0.0,0.0,0.0,0.8852814,0.94602245,0.0,0.0,0.0,0.9285831,0.0,0.0,2.5062182,2.2303054,0.0,0.0,2.5103257,0.0,0.0,0.0,1.84393,2.107373,0.8331305,0.0,0.0,0.64671755,2.1388962,0.24565618,0.0,4.1674647,0.0,0.0,0.0,0.42021775,0.49156705,1.1308087,0.55987567,2.7439406,0.0,0.0,0.0,1.9145004,0.0,0.2020053,0.9768068,2.5623834,0.0,0.0,0.7318819,2.5297859,1.2953074,0.016179524,0.0,0.0,0.0,2.0547218,0.35816902,0.13072951,0.0,2.012785,0.0,3.1377914,0.47040802,0.3214627,0.0,0.0,0.0,0.67095023,0.0,0.0,0.0,0.0,1.63074,0.0,1.9718851,0.0,0.0,0.0,0.0,0
0.0,0.0,0.54633373,0.0,0.84517545,0.0,0.0,0.0,0.0,0.0,1.0472373,1.4062696,1.1706175,1.7446865,0.3302461,0.0,0.0,0.0,0.0,0.0,0.49924588,0.0,0.88310194,0.0,0.0,1.4338739,1.3528793,0.031588007,0.2793647,0.0,0.0,0.0,0.0,1.2413182,0.81720304,0.0,1.1939206,1.0176028,0.23127928,0.0,0.77472484,0.0,0.0,0.0,0.0,0.5705017,0.63626647,0.0,2.1765273,0.0,0.0,0.0,0.63586444,0.88851714,0.0,0.0,0.0,0.0,1.4000963,0.78588295,0.0,1.3854347,1.7080048,0.0,0.0,3.0729277,0.15687253,0.9162673,0.0,1.3834447,1.6448026,0.5113971,0.0,0.0,0.56228316,2.0370982,0.69284695,0.0,2.774943,0.0,0.0,0.0,0.6338851,0.96199507,0.0,0.8866511,2.7356408,0.0,0.0,0.0,2.0362127,0.31872824,0.7028963,0.092442036,2.1866038,0.6263964,0.0,0.84788203,2.3271284,0.92238766,1.6830999,0.2977896,0.6038207,0.0,1.2767302,1.0308175,0.16841982,0.050555017,2.4081912,0.64221305,1.7274512,0.30784556,0.19452514,0.0,0.0,0.0,0.0,0.0,0.0,0.0,0.21220344,0.7332937,0.0,2.1888387,1.1610543,0.0,0.0,0.0,1
0.76956165,0.0,1.6331801,0.6629468,0.87339866,0.0,0.0,0.2347853,0.38622886,0.0,0.0,2.201636,0.0,1.731155,0.0399869,0.0,0.0,0.0,0.61580074,0.0,0.50650835,0.0,1.213078,1.075813,0.23814261,2.079942,0.0,0.8766869,1.1096325,0.0,0.0,0.0,0.0,2.0615685,0.0,2.1078696,1.97122,0.010268294,0.0,0.0,0.36929536,1.4966799,0.0,0.0,0.0,0.80203635,0.0,0.0,0.76995116,0.0,0.0,0.0,0.0,0.31687987,0.89869475,0.0,0.0,0.0,0.24135605,0.0,0.0,1.8953112,1.8302883,0.4820493,0.0,1.8799703,0.0,0.0,0.0,0.88892406,1.4211774,0.91884613,0.0,0.0,0.11093349,2.4221754,0.2586953,0.0,4.13454,0.0,0.32140034,0.0,0.0,0.0,1.2952732,0.7118094,2.2208378,0.0,0.0,0.0,1.6195744,0.0,0.0,1.3971517,2.688069,0.0,0.0,0.0,2.4748769,2.3776088,0.0,0.5567327,0.0,0.0,2.096676,0.0,0.4204262,0.0,1.2005205,0.0,3.651007,0.08077648,0.26087365,0.045484614,0.0,0.0,1.1096464,0.0,0.0,0.0,0.0,1.3670546,0.0,1.6653237,0.0,0.0,0.0,0.0,0
3.0237246,0.0,0.16205753,0.39007795,1.5094386,0.0,0.0,1.5901166,3.096747,0.0,0.0,0.66753805,1.6281838,0.590602,0.20862946,0.0,0.0,0.0,2.5488863,0.0,2.4311032,0.0,0.0,0.5296712,0.2736364,1.8482922,0.0,0.0,0.8464318,0.0,0.0,0.0,0.3280842,0.0,0.0,0.0,2.006691,1.5964619,0.0,0.0,1.4123563,0.4605858,0.0,0.0,0.0,3.0900936,1.1045015,0.0,0.1388438,0.0,0.0,0.0,1.1211313,1.3892783,0.0,1.9381152,0.0,0.0,2.4791765,0.0,0.0,0.67792165,0.34713438,2.843093,0.0,2.664456,0.0,0.0,0.0,0.0,0.72429144,1.388913,0.54365623,0.0,0.48572707,1.7253369,1.5214697,0.68209684,2.3422828,0.0,1.3084453,0.0,0.104328796,1.716953,0.0,0.15549545,0.0,0.0,0.0,0.0,3.1790152,0.0,0.0,0.0,0.46249664,0.49582353,0.0,0.0,0.88687944,1.192696,2.3734162,3.5552516,0.6215422,0.0,1.8906479,2.7486885,3.1824615,1.4837855,0.87926817,0.97708505,0.6252856,1.4786185,0.0,0.0,0.24720645,0.0,1.6086365,0.0,0.0,0.0,2.1376247,0.4523525,0.0,1.3433162,0.0,0.0,0.0,0.0,1
1.6177274,0.0,1.8291776,0.0,1.4153413,0.0,0.0,1.0248156,0.0,0.0,0.0,1.5075624,0.158831,1.6687406,0.0,0.0,0.0,0.0,0.9419266,0.0,0.19359337,0.0,1.052744,0.48296976,0.1646663,2.126205,0.0,0.0,1.7146147,0.0,0.0,0.0,0.0,1.2151002,0.0,1.3466139,1.3145914,0.06970368,0.0,0.0,0.69121534,0.39033973,0.0,0.0,0.0,0.6366614,0.0,0.0,0.8170986,0.0,0.0,0.0,0.42304394,0.0,0.7115161,0.0,0.0,0.0,0.253535,0.0,0.0,0.5460114,1.906376,0.6458461,0.0,1.6264355,0.0,0.0,0.0,1.4212629,1.3826438,1.8129922,0.0,0.0,0.0,2.1781373,0.19403437,0.46185595,3.6025937,0.0,0.20816618,0.0,0.0,0.7519164,1.017861,0.35458124,1.8108073,0.0,0.0,0.0,1.9000607,0.0,0.64412206,0.11099678,2.8047972,0.3642448,0.0,0.0,1.5621368,2.1986883,0.035258614,1.1500019,0.47212428,0.0,2.165196,0.23740193,0.6737126,0.0,1.6344202,0.0,3.158852,0.56045234,0.24552621,0.0,0.0,0.0,1.6720202,0.0,0.0,0.0,0.0,1.5277925,0.0,1.3706836,0.0,0.0,0.0,0.0,0
0.0,0.0,1.5942614,1.1054578,1.6049428,0.0,0.0,0.0,0.0837993,0.0,0.0,1.4235954,0.0,0.66449517,0.77914566,0.0,0.0,0.41940346,0.0,0.0,1.292687,0.0,1.753563,1.697031,0.7035263,2.2190857,0.34460065,0.0,2.1055007,0.0,0.0,0.0,0.0,1.9999924,0.0,2.3470654,1.2147031,0.32757616,0.0,0.0,1.4967138,0.5503741,0.0,0.0,0.0,0.1465904,0.057997096,0.0,0.6408503,0.0,0.0,0.0,0.0,1.1666555,0.14499588,0.0,0.0,0.0,1.7849545,0.06637863,0.0,1.530905,1.3725625,1.3086389,0.0,1.4206262,0.0,0.0,0.0,0.9972936,2.1426563,1.533464,0.0,0.0,0.12387138,2.4963257,0.0,0.28693804,2.6559472,0.0,0.0,0.0,0.58438283,0.0,1.4316385,0.5578309,1.379397,0.0,0.0,0.63875395,1.9711756,0.0,0.15150572,0.0,1.7274578,0.0,0.0,0.36501136,2.602243,1.3133388,0.0,0.6850533,0.9070573,0.0,1.6054324,0.33811414,0.43787664,0.74944496,1.735949,0.3465609,3.6950924,0.2785447,0.0,0.0,0.0,0.0,0.10947813,0.0,0.0,0.0,0.22343403,1.5531073,0.0,2.8587344,0.95782363,0.0,0.0,0.0,0
0.0,0.0,1.5413406,1.3605537,1.0383213,0.0,0.0,0.0,1.2399213,0.0,0.0,2.255781,0.0,2.5775445,0.05755057,0.0,0.0,0.715346,1.3783631,0.0,0.6608731,0.0,0.9496089,1.3485655,1.2626208,2.3096945,0.0,0.40183404,1.3264439,0.0,0.0,0.0,0.0,1.7582011,0.0,1.0931684,0.68945175,0.37839493,0.0,0.0,0.6691385,0.38591272,0.0,0.0,0.0,0.4685306,0.1963316,0.030778274,6.491155e-05,0.0,0.0,0.0,0.0,1.3383361,0.0,0.0,0.0,0.0,1.7114445,0.0,0.0,1.395091,1.134832,0.6080431,0.0,1.6351333,0.0,0.0,0.0,0.0,2.2283123,2.2122548,0.0,0.61763483,0.084281094,1.3623496,0.0,0.0,3.2918646,0.0,0.48900875,0.0,0.0,0.0,0.0,0.0,1.7878646,0.0,0.0,0.0,1.3231086,0.0,1.61902,1.1773285,1.5659138,0.0,0.0,0.0,1.1517156,1.8376101,0.05094,0.078788504,0.2055116,0.0,2.5032089,0.30433035,0.6625726,1.0464909,0.13155892,0.0,2.4356313,0.40763333,0.0,1.0413356,0.0,0.0,1.008991,0.0,0.4512641,0.0,0.0,1.3916296,0.0,2.2309308,0.7997463,0.0,0.0,0.38451105,0
0.40788475,0.0,1.9863275,0.69557595,0.5352441,0.0,0.0,1.3788644,0.8471227,0.0,0.0,1.4853731,0.38364968,2.4286034,0.0,0.0,0.0,0.0,0.30315265,0.0,1.6227446,0.0,1.8026716,1.0988117,0.98063195,2.5563118,0.0,0.087758616,1.3311356,0.0,0.0,0.0,0.0,1.3693105,0.32763878,1.4045509,1.5667939,0.0,0.0,0.0,0.58807343,0.50727487,0.0,0.0,0.0,1.4015439,0.0,0.0,0.96471393,0.0,0.0,0.0,0.54276854,0.42327785,0.8832031,0.0,0.0,0.0,1.3530896,0.0,0.0,2.4661922,1.6260604,1.7314633,0.0,3.057998,0.0,0.0,0.0,0.61655796,1.6210319,1.8018249,0.0,0.0,1.4014128,1.5414124,1.1030147,0.0,2.34112,0.0,0.0,0.0,0.3300004,1.1582637,0.0,1.1610218,2.463535,0.0,0.0,0.0,1.6971436,0.0,0.088033654,0.52944034,1.9215087,0.20059225,0.0,0.20958088,1.5182188,1.8856914,1.4456488,1.0753987,0.0,0.0,2.5782545,0.6280243,0.86828893,0.9166384,1.6574947,0.73718923,2.7380993,0.32919452,0.43129426,0.0,0.0,0.0,1.245542,0.0,0.0,0.0,0.70976615,1.467079,0.0,2.0187473,0.0,0.0,0.0,0.0,0
0.0,0.0,1.5431052,1.5031251,0.909174,0.0,0.0,0.18892165,0.0,0.0,0.0,0.87860966,0.0,0.8657323,0.0,0.0,0.0,0.0,0.028092481,0.0,0.052438967,0.0,1.8142508,1.1877452,1.8340149,1.3912295,0.0,0.0,2.7478788,0.0,0.0,0.0,0.0,1.4041259,0.09680738,1.5675336,2.0877163,0.6898852,0.0,0.0,1.578354,0.08096015,0.0,0.0,0.0,0.27180284,0.0,0.0,0.9288724,0.0,0.0,0.0,0.4948711,1.660383,0.19518968,0.0,0.0,0.0,1.9614644,0.87505245,0.0,1.5232757,1.1658025,0.0,0.0,1.6029238,0.16926695,0.0,0.0,0.0,2.545657,1.6683029,0.0,0.2347285,0.5818839,3.8839266,0.0,1.9624654,2.7701147,0.0,0.2563729,0.0,0.0,0.0,1.1052673,0.0,1.5219098,0.0,0.0,0.0,1.7978814,0.19738092,1.1152916,0.0,2.2809453,0.0,0.0,0.0,0.7557025,2.1619978,0.0,0.06640194,0.6375023,0.0,1.8852171,0.5019518,0.15055074,0.7084149,1.7338982,0.60114634,2.1312683,0.273122,0.0,0.0,0.0,0.0,0.9473253,0.0,0.0,0.0,0.32449967,0.64640516,0.0,1.6022266,0.5946981,0.0,0.0,0.03265207,0
1.7335424,0.0,0.921732,1.5023152,0.52033126,0.0,0.0,1.2895181,1.8405796,0.0,0.0,2.240332,0.48994133,1.3374362,0.0,0.0,0.0,0.0,1.267766,0.0,1.9935035,0.0,0.70341456,1.0646893,0.5093675,1.8690844,0.0,0.1349174,1.2520101,0.0,0.0,0.0,0.0,1.6630862,0.0,1.1575252,1.7732486,0.71526504,0.0,0.0,0.8847519,0.4224422,0.0,0.0,0.0,1.6615053,0.6915979,0.0,0.89384365,0.0,0.0,0.0,0.3177199,0.4301415,0.0,0.40964285,0.0,0.0,1.2336911,0.0,0.0,2.0241146,1.5423943,1.3625963,0.0,1.5943263,0.0,0.0,0.0,0.50618094,0.969309,1.0051261,0.0,0.0,0.37277287,1.9515715,1.3228894,0.0,2.9340713,0.0,0.0,0.0,0.0,0.645328,0.7005118,1.0345016,1.7303154,0.022100171,0.0,0.0,1.8581872,0.0,0.0,0.031554937,1.7906452,0.20624839,0.0,0.0,1.6551474,1.9293063,0.35269716,1.5391511,0.29913712,0.0,2.3845084,0.20051375,1.3419088,0.46003363,1.404457,0.23288739,2.7174566,0.19486216,0.0,0.0,0.0,0.0,1.4618635,0.0,0.0,0.0,0.053665154,0.6511859,0.0,1.9520477,0.0,0.0,0.0,0.0,0
2.4015818,0.0,1.145261,0.43941396,2.1009803,0.0,0.0,1.8662169,1.7913681,0.0,0.0,1.5518717,1.1833113,0.35993642,0.5352679,0.0,0.0,0.0,1.3099908,0.0,3.1112683,0.0,0.3841204,1.92672,0.15223023,1.950148,0.0,0.0,1.2922109,0.0,0.0,0.0,0.5721956,0.5127842,0.0,0.5355304,1.6670189,0.7135049,0.0,0.0,1.3511682,1.0859933,0.0,0.0,0.0,2.0528867,0.06884349,0.0,0.47371155,0.0,0.0,0.0,0.0,1.1707666,0.069451444,0.7353202,0.0,0.0,1.9549682,0.0,0.0,1.527476,0.8759504,2.5384898,0.0,2.4156458,0.0,0.0,0.0,0.6833881,0.5740529,0.5259453,0.0,0.0,0.6651707,1.9644401,1.258264,0.29378814,3.465326,0.0,0.45197314,0.0,0.4785058,1.622295,0.5311155,1.1879575,1.083806,0.0,0.0,0.0,2.5145245,0.0,0.0,0.0,1.4781333,0.21551597,0.0,0.0,2.2587972,0.7385406,1.4756442,2.368928,0.16854057,0.0,2.072863,2.4151843,2.4886274,1.4701419,1.4192681,0.43362978,1.8519205,1.8733618,0.0,0.0,0.0,0.0,1.5636837,0.0,0.0,0.0,0.82232666,1.2678984,0.0,2.0006254,0.0,0.0,0.0,0.0,1
2.2416334,0.0,0.61992836,0.0,1.6507953,0.0,0.0,0.8963921,0.35888815,0.0,0.0,0.3700692,1.780503,0.56316835,0.0,0.0,0.0,0.0,0.0,0.0,2.0327373,0.0,0.0,0.0,0.0,1.2877822,0.9169012,0.19649671,0.0,0.0,0.0,0.0,0.0,0.0,1.3891146,0.0,1.1633182,1.3156307,0.0,0.0,1.1992999,0.0,0.0,0.0,0.0,1.9956791,1.5285603,0.0,1.4988033,0.0,0.0,0.0,0.99573654,0.6599998,0.0,0.0,0.0,0.0,1.7209371,0.0,0.0,0.8358419,0.0,0.97386324,0.0,2.4432247,0.11879421,1.0026952,0.0,2.0032804,0.014055992,0.41993642,0.0,0.0,1.4571526,2.254263,1.6654488,0.5486916,1.8160588,0.0,0.0,0.0,0.95316625,1.9724765,0.0,0.3665978,0.96163255,0.0,0.0,0.0,1.9883562,0.82852674,0.6564711,0.0,1.0049276,1.5042473,0.0,1.1835648,1.5055069,0.23032488,2.6199348,2.3543875,0.95242804,0.0,1.8561583,2.5608356,1.3718557,1.2503982,1.2135696,1.1556944,1.483546,0.7103124,0.0,0.0,0.92427427,0.0,0.9993574,0.0,0.0,0.0,0.6542283,0.5622342,0.0,2.4934251,1.1438853,0.119236216,0.0,0.0,1
1.0898826,0.0,1.5441318,0.33100772,0.7769632,0.0,0.0,0.86801195,1.5500408,0.0,0.0,1.84145,0.2399394,1.9865502,1.5124742,0.0,0.0,0.0,1.2089766,0.0,1.0743564,0.0,1.7015288,1.8071011,1.0313547,3.2209198,0.0,0.7888681,2.5296628,0.0,0.0,0.0,0.0,1.1860144,0.0,1.8540457,1.3404632,0.0,0.0,0.0,0.66076005,1.5812024,0.0,0.0,0.0,2.1854954,0.11648076,0.12327273,0.26771498,0.0,0.0,0.0,0.62462926,0.46980745,1.1032454,0.0,0.0,0.0,2.0124338,0.0,0.0,2.4822614,1.0087616,1.8146434,0.0,2.8270986,0.0,0.0,0.0,0.0,1.9693524,2.6940734,0.0,0.0,0.0,1.9939905,0.7213353,0.26972786,3.3126776,0.0,0.72126484,0.0,0.3795911,0.011913149,0.121931985,0.0,2.427558,0.0,0.0,0.0,1.6668772,0.0,0.0,0.8162437,1.6462184,0.66170585,0.0,0.0,1.0993727,2.453351,0.0,1.1763599,0.0,0.0,2.4380558,1.0482678,0.60719866,0.74347055,1.2344049,0.0,2.382152,0.44083014,0.0,0.6335238,0.0,0.0,1.0993985,0.0,0.013906671,0.0,1.0129908,1.5971255,0.0,1.852115,0.0,0.0,0.0,0.0,0
0.0,0.0,1.6906426,0.57855964,1.0452293,0.0,0.0,1.2312393,1.0167288,0.0,0.0,1.9665871,0.0,1.8112787,0.24918342,0.0,0.0,0.0,0.74571264,0.0,1.383485,0.0,2.1131546,2.2033727,2.0101123,3.3406913,0.0,0.3474014,1.5917904,0.0,0.0,0.0,0.0,0.8680023,0.0,1.8282564,1.7970507,0.0,0.0,0.0,0.57672524,1.288001,0.0,0.0,0.0,1.4371977,0.0,0.0,0.6602706,0.0,0.0,0.0,0.55165553,0.5848999,1.5762528,0.0,0.0,0.0,1.5235187,0.0,0.0,3.2059028,1.347251,1.8406434,0.0,2.8597624,0.0,0.0,0.0,0.18724228,1.9207264,1.6253946,0.0,0.0,0.7297701,1.7329373,0.97155243,0.0,3.2201211,0.0,0.33271265,0.0,0.79239035,1.2637283,0.64660025,1.3782911,2.2912617,0.0,0.0,0.2352941,2.055265,0.0,0.0,0.4186133,1.9127713,0.0,0.0,0.0,2.0507233,2.6327958,0.28990397,0.36997834,0.0,0.0,2.5660722,1.0129327,1.1487445,0.78403044,1.8150026,0.018941496,2.2678225,0.84903914,0.0,0.0023966993,0.0,0.0,1.1324981,0.0,0.0,0.0,0.9279231,2.0038981,0.0,2.2177439,0.0,0.0,0.0,0.0,0
1.2072438,0.0,1.8867908,0.15742044,0.7231824,0.0,0.0,1.0347326,0.89939785,0.0,0.0,1.8894905,0.3138652,2.0837672,0.1746397,0.0,0.0,0.0,0.020093657,0.0,1.5770258,0.0,1.2219902,1.2529281,0.7774565,2.865921,0.0,0.31331885,1.4472784,0.0,0.0,0.0,0.0,1.317154,0.017347835,1.6352509,2.2339563,0.0,0.0,0.0,0.0,1.5067707,0.0,0.0,0.0,1.341839,0.0,0.0,0.8845086,0.0,0.0,0.0,0.48769543,0.2976563,1.6385671,0.0,0.0,0.0,0.8513929,0.0,0.0,2.797829,1.9467378,1.2296342,0.0,2.5756524,0.0,0.0,0.0,1.1167215,2.199539,1.8732342,0.0,0.0,0.55059433,1.801549,0.8730083,0.0,3.59672,0.0,0.067852765,0.0,0.3274836,0.7229834,0.7014019,0.95886827,2.4879825,0.0,0.0,0.0,1.4358042,0.0,0.0,1.001191,2.119071,0.2050755,0.0,0.0,1.9195908,2.4108224,0.38148907,0.9255097,0.0,0.0,2.3117628,0.6916681,1.1689965,0.08689698,1.7368133,0.31482494,3.37955,0.60341275,0.0,0.0,0.14801306,0.0,1.0543563,0.0,0.0,0.0,0.2228367,1.1749822,0.0,1.4245558,0.0,0.0,0.0,0.0,0
0.0,0.0,1.2486398,0.5879304,1.3609593,0.0,0.0,0.79975116,0.04575181,0.0,0.0,2.0593197,0.94134825,1.7553924,0.5849951,0.0,0.0,0.00865997,0.66884744,0.0,1.4473907,0.0,2.0006323,1.6173544,0.48333678,2.1736326,0.0,0.12084858,1.1293741,0.0,0.0,0.0,0.0,2.063803,0.0,1.783003,1.8720231,0.0,0.0,0.0,0.24381399,1.3437673,0.0,0.0,0.0,0.80684525,0.0,0.0,0.9906792,0.0,0.0,0.0,0.0,1.3805387,0.3673488,0.0,0.0,0.0,0.52191067,0.0,0.0,2.920827,2.1766257,0.89517313,0.0,2.1643612,0.0,0.0,0.0,1.441943,1.131728,0.62413335,0.0,0.0,0.63704836,2.3520277,1.273918,0.0,3.505204,0.0,0.0,0.0,0.34846163,1.2851882,0.5668179,1.2538875,2.6891043,0.25141475,0.0,0.0,2.2270484,0.0,0.0,0.60381943,1.9378549,0.30394378,0.0,0.13646533,2.8596272,1.9563308,0.1793855,0.7573666,0.0,0.0,2.301878,0.0,0.37196672,0.11142852,1.6177105,0.0,3.3906052,0.8243887,0.24936531,0.0,0.0,0.0,0.8133715,0.0,0.0,0.0,0.20843244,2.1153784,0.0,1.9279653,0.0,0.0,0.0,0.0,0
0.0,0.0,2.185507,0.0,0.50287354,0.0,0.0,0.25431326,0.33116478,0.0,0.0,1.0430818,0.0,1.8581463,0.0,0.0,0.0,0.0,0.78971136,0.0,0.0,0.0,2.0215683,0.7544909,1.7183343,2.3876107,0.0,0.0,2.4649713,0.0,0.0,0.0,0.0,1.9657031,0.0,1.845298,2.1220753,0.64563596,1.1017258,0.0,0.0,0.0,0.0,0.0,0.0,0.86632675,0.0,0.0,0.13621175,0.0,0.0,0.0,0.6242555,0.0,0.5385813,0.0,0.0,0.0,1.3135946,0.0,0.0,2.5642006,1.2697539,0.5649425,0.0,2.5176764,0.5624093,0.0,0.0,0.0,1.9585621,3.5250618,0.0,0.0,0.0,1.2642437,0.0,0.6098202,3.378071,0.0,0.0,0.0,0.27343768,0.6729912,0.0,0.0,1.9504745,0.0,0.0,0.0,1.9725623,0.0,1.8018234,0.7277539,1.4440573,0.78145725,0.0,0.0,0.259274,3.4724398,0.49281314,0.7347115,0.69490975,0.0,2.525544,0.2647986,0.0,0.45968908,1.9704213,0.0,2.8976538,0.6984521,0.0,0.017182719,0.04443198,0.0,1.4245874,0.0,0.049836606,0.0,0.6400844,1.7958435,0.0,1.0816379,0.0,0.0,0.0,0.0,0
0.0,0.0,1.7749527,1.3183273,0.45352262,0.0,0.0,0.0,0.6156679,0.0,0.0,2.0697103,0.35625285,2.7538292,0.31511393,0.0,0.0,0.0,0.0,0.0,0.14761464,0.0,0.87085485,1.1148285,0.0,1.1932331,0.0,0.71280575,2.064839,0.0,0.0,0.0,0.0,2.1725855,0.0,1.2665497,2.087096,0.71456736,0.0,0.0,0.41830987,0.2901547,0.0,0.0,0.0,0.26433888,0.0,0.0,0.0,0.0,0.0,0.0,0.1217303,0.516694,0.056837466,0.0,0.0,0.0,1.1237646,0.0,0.0,1.1632859,1.1943761,0.0,0.0,1.4789981,0.0,0.0,0.0,0.4006676,1.2400856,1.7771829,0.0,0.16036816,0.32575163,2.1889546,0.0,0.44976756,3.7764752,0.0,0.5321815,0.0,0.0,0.0,0.82083,0.0,1.3974589,0.0,0.0,0.0,1.6304978,0.0,1.4448432,1.1823072,2.235855,0.0,0.0,0.0,1.2072316,1.947243,0.0,0.47014323,0.0,0.0,1.8533127,0.0,0.23802556,0.0,1.240865,0.0,3.2629833,0.0,0.0,0.69080704,0.0,0.0,1.0917052,0.0,0.0,0.0,0.0,0.39880666,0.0,1.6232635,0.55619395,0.0,0.0,0.0,0
0.26670077,0.0,0.6758854,2.0813463,1.5535043,0.0,0.0,0.5515186,0.85266894,0.0,0.0,1.8603218,0.7929184,0.63955134,0.0,0.0,0.0,0.0,0.01666031,0.0,1.4585942,0.0,0.50006115,0.6817863,0.04114938,1.0876778,0.0,0.008705172,0.38885537,0.0,0.0,0.0,0.05131949,0.83215445,0.0,0.7750114,2.0011747,1.3152759,0.0,0.0,1.1631063,0.41225675,0.0,0.0,0.0,1.015253,0.91180104,0.0,1.3621464,0.0,0.0,0.0,0.4749554,1.3286735,0.0,0.40245408,0.0,0.0,1.0573229,0.0,0.0,0.28281283,1.0520653,0.7675711,0.0,1.6475868,0.0,0.50183713,0.0,1.2013193,0.0,0.48616132,0.0,0.73374754,0.848225,1.7124729,1.1242461,1.2751871,2.330879,0.0,0.43002132,0.0,0.0,0.259653,0.84426963,0.0,0.13902093,0.0,0.0,0.0,1.9255205,0.0,0.4566084,0.60234505,1.7396187,0.0,0.0,0.0,1.7742717,1.3162589,0.0,2.3455713,0.0,0.0,0.8242191,1.0531619,1.6258379,0.5950348,0.4972474,0.13752505,2.1504548,1.0068735,0.0,0.0,0.5640372,0.0,1.3519045,0.0,0.0,0.0,0.0,0.0,0.0,1.9999083,0.7112652,0.0,0.0,0.0,1
1.8302294,0.0,0.69970906,0.76319665,0.29553413,0.0,0.0,1.1741806,3.6530492,0.0,0.0,1.0885013,1.100632,1.2689705,0.0,0.0,0.0,0.0,1.2533911,0.0,1.4493717,0.0,0.8137188,0.2977209,0.33887017,1.5924721,0.0,0.0,2.0521915,0.0,0.0,0.0,0.0,0.004309702,0.0,0.0,1.6293544,1.1226339,0.0,0.0,1.9348819,0.0,0.0,0.0,0.0,1.0608066,0.011328375,0.11436133,1.122683,0.0,0.0,0.0,1.5005729,0.8758459,0.0,0.11061206,0.0,0.0,2.2578216,0.0,0.0,0.6288739,0.0,1.4762297,0.0,2.057242,0.0,0.0,0.0,0.0,0.0,2.5510302,0.0,0.31432533,0.4289099,2.0207763,1.0720903,1.593283,2.3526814,0.0,0.8928815,0.0,0.0,0.71135455,0.0,0.0,0.7170171,0.0,0.0,0.0,2.327947,0.0,1.0589769,0.6186424,0.22359186,0.04546088,0.0,0.0,0.47897607,1.9539434,0.8826062,2.657426,0.36562186,0.0,2.0179195,2.3344486,1.5651336,1.7688849,1.1369516,0.0,1.1565825,0.94023156,0.0,0.8011424,1.0973477,0.0,1.90514,0.0,0.0,0.0,0.3820917,0.31032202,0.0,1.9344668,0.45701864,0.0,0.0,0.0,1
3.196784,0.0,0.7587572,0.82766837,1.977487,0.0,0.0,2.2326522,2.4595945,0.0,0.0,1.1917958,1.4300741,0.30995938,0.0,0.0,0.0,0.0,1.8655882,0.0,2.6799839,0.0,0.0,0.16645898,0.32391024,1.9513749,0.0,0.0,0.17611326,0.0,0.0,0.0,0.49504685,0.0,0.71291816,0.0,2.8785295,1.457514,0.0,0.0,1.9193175,0.0,0.0,0.0,0.0,2.7576733,1.4952251,0.0,1.0446296,0.0,0.0,0.0,1.521276,1.1977556,0.0,1.4425778,0.0,0.0,2.3761158,0.037646122,0.0,0.13794142,0.32167098,1.8163438,0.0,2.5343084,0.4118321,1.1951607,0.0,0.38504612,0.034109466,0.0,0.0,0.18294151,0.89436287,1.317097,1.8709425,1.4796262,1.160151,0.0,0.14145029,0.0,0.07810342,3.034327,0.0,0.46460593,0.0,0.0,0.0,0.0,3.0455546,0.0,0.1942263,0.0,0.85280466,0.70075333,0.0,0.0,0.0,1.3111773,0.9382491,2.4852283,0.3094468,0.0,1.6771563,1.9856699,4.187754,1.7149265,1.4062809,0.71106714,1.2536381,2.0680315,0.0,0.0,1.4142196,0.0,1.7106441,0.0,0.0,0.0,0.8386007,0.0,0.0,2.305736,0.0,0.0,0.0,0.0,1
0.0,0.0,1.855978,0.7206337,0.71508634,0.0,0.0,0.0,0.02908571,0.0,0.0,2.0289752,0.0,2.6778743,0.24558687,0.0,0.0,0.005113136,0.9211749,0.0,0.61832416,0.0,1.3655275,1.8233289,2.0532248,2.497461,0.0,0.37635663,2.6188142,0.0,0.0,0.0,0.0,1.2170722,0.0,2.2381284,2.1440592,0.73421097,0.0,0.0,0.0652655,0.5671193,0.0,0.0,0.0,1.442656,0.0,0.0,0.31956187,0.0,0.0,0.0,0.19546649,0.0726955,0.6825963,0.0,0.0,0.0,1.208612,0.0,0.0,3.054664,2.099102,0.8583635,0.0,3.353574,0.0,0.0,0.0,0.0,3.2972262,2.345488,0.0,0.0,0.29681718,1.7343732,0.19535032,0.0,4.140458,0.0,0.0004111973,0.0,0.0,0.65020174,0.5059329,0.45370662,2.0756798,0.0,0.0,0.0,2.0154855,0.0,0.67496985,1.1728668,2.373274,0.2084499,0.0,0.17607155,1.1819457,2.580407,0.3865591,0.0,0.38471556,0.0,2.0074532,0.6549035,0.049840756,0.9863122,2.0635417,0.13081212,2.821657,0.4535869,0.23241337,0.0,0.0,0.0,1.0690099,0.0,0.0,0.0,0.66763914,1.547437,0.0,1.8114674,0.0,0.0,0.0,0.0,0
3.2660909,0.0,0.0,0.015888024,1.5041624,0.0,0.0,1.8057469,2.5865815,0.0,0.0,1.1603298,1.5909367,0.1518979,0.0,0.0,0.0,0.0,1.8966432,0.0,2.7906368,0.0,0.0,1.114576,0.40472,1.7646987,0.0,0.0,0.16570072,0.0,0.0,0.0,0.4614322,0.0,0.13771917,0.0,1.4643421,1.7763369,0.0,0.0,0.70132726,0.6715676,0.0,0.0,0.0,2.4606125,0.0,0.0,1.0703938,0.0,0.0,0.0,1.1661315,1.8977727,0.0,1.6509143,0.0,0.0,2.0036762,0.0,0.0,1.3567237,0.56080216,1.936092,0.0,3.0155866,0.0,0.0,0.0,0.44561487,0.38685244,0.6722686,0.0,0.0,0.7201711,2.2656367,1.9565239,0.33431783,2.0817106,0.0,0.9525208,0.0,0.1891637,1.7209004,0.0,0.25044367,0.5301674,0.07501059,0.0,0.0,2.7743993,0.0,0.0,0.0,0.3707224,0.7158273,0.0,0.0,1.3574463,1.612134,2.2519994,3.2073019,0.37054497,0.0,2.1932988,1.671613,3.2218707,1.0902101,0.40788528,0.6763881,1.8046858,1.6894648,0.0,0.0,0.77407557,0.0,1.4812918,0.0,0.0,0.0,1.2914866,0.45814732,0.0,1.3315874,0.0,0.0,0.0,0.0,1
0.8198605,0.0,0.46756256,0.0,2.332459,0.0,0.0,2.05743,0.32884136,0.0,0.6612884,0.8095339,1.2607074,1.4607803,0.0,0.0,0.0,0.0,0.0,0.0,2.5529552,0.0,0.0,0.573032,0.0,2.3223848,1.1581051,0.0,1.2107062,0.0,0.0,0.0,0.0,0.42593676,0.0,0.47554055,0.46174332,0.976561,0.0,0.0,2.3268895,0.0,0.0,0.0,0.0,2.1175663,0.6698083,0.0,1.5428146,0.0,0.0,0.0,0.005287555,1.3394644,0.0,0.564625,0.0,0.0,2.135849,0.0,0.0,0.6076723,0.752703,0.5560357,0.0,2.1145835,0.13993274,0.7903163,0.0,1.4715091,0.6518421,1.4317924,0.0,0.6067742,0.9741152,2.8006938,1.8149762,1.0222315,0.3204573,0.0,0.32915878,0.121524796,0.55296344,2.2604985,0.0065266523,1.0854286,1.3916229,0.0,0.0,0.0,2.4350452,0.0,0.671849,0.0,1.1119051,1.4359434,0.0,0.0,0.2544433,0.12029802,3.4825928,3.1685998,2.0822542,0.0,1.2410576,2.667302,2.4090292,0.8033029,1.5122932,0.655404,1.5113598,1.8942636,0.0,0.0,0.06198066,0.0,0.4225811,0.0,0.0,0.0,0.0,1.4437561,0.0,2.6442819,2.6226854,0.0,0.0,0.0,1
2.4458268,0.0,0.0,0.38175684,2.0017924,0.0,0.0,2.783724,2.6911838,0.0,0.0,0.61699283,1.6310432,0.8743482,0.13218118,0.0,0.0,0.0,1.6379603,0.0,2.5854123,0.0,0.10047543,1.532884,0.18153755,2.1946847,0.0,0.0,0.73750365,0.0,0.0,0.0,0.6786513,0.0,0.0,0.0,1.5445218,1.0312111,0.0,0.0,1.6913987,0.22924773,0.0,0.0,0.0,3.2832665,0.44718695,0.013250961,0.051206235,0.0,0.0,0.0,0.6443849,1.4460709,0.0,1.7796397,0.0,0.0,2.3055086,0.0,0.0,0.87759507,0.51587194,2.669517,0.0,2.551933,0.0,0.0,0.0,0.0,0.1351909,0.5328795,0.0,0.16364674,0.34312886,2.1861207,1.976514,0.855147,1.5916226,0.0,1.228036,0.0,0.35011256,2.370669,0.0,0.82063246,0.01902707,0.0,0.0,0.0,3.4755006,0.0,0.0,0.0,0.15463006,0.53748524,0.0,0.0,1.2010875,1.3095219,2.4699316,3.2504966,0.102685034,0.0,1.7538841,2.7236016,2.7222383,1.6792033,0.59915113,0.41396013,1.5189899,2.2779632,0.0,0.0,0.50006413,0.0,1.857909,0.0,0.09186801,0.0,1.4006408,0.9772225,0.0,1.9807397,0.0,0.0,0.0,0.0,1
0.9847668,0.0,0.17774744,2.1159256,1.9374565,0.0,0.0,1.7838975,1.9663519,0.0,0.0,1.6610312,0.09659964,0.0,0.0,0.0,0.0,0.0,1.5966332,0.0,2.0591054,0.0,0.0,0.1471069,0.0,1.5195565,0.0,0.0,0.0,0.0,0.0,0.0,0.009283435,0.0,0.0,0.0,1.9015033,0.42846784,0.0,0.0,2.0447958,0.0017637529,0.0,0.0,0.0,2.5762146,1.5521477,0.0,1.1444621,0.0,0.0,0.0,0.56021166,1.417816,0.0,1.6679592,0.0,0.0,1.698067,0.0,0.0,0.0,0.46703538,1.3496419,0.0,1.9067372,0.0,0.0,0.0,0.0,0.0,0.0,0.0,1.0616156,0.0,0.53148884,0.82284856,0.6196724,1.210057,0.0,0.44391483,0.0,0.0,1.5105186,0.40922108,1.3435842,0.0,0.0,0.0,0.0,2.5465817,0.0,0.28753185,0.30980593,2.1666436,0.0,0.0,0.0,1.064118,1.5274425,0.59858376,2.1823518,0.47529373,0.0,1.2257051,1.2022249,2.2287538,0.7065566,1.5722781,0.6696709,2.0402358,0.7226422,0.0,0.0,0.32819498,0.0,1.7247723,0.0,0.0,0.0,0.63447267,0.01299355,0.0,1.8348464,0.10640967,0.0,0.0,0.0,1
0.0,0.0,1.6220535,0.0,1.2499343,0.0,0.0,0.52485126,0.0,0.0,0.0,2.241939,0.0,2.1171265,1.0456299,0.0,0.0,0.43168283,0.0,0.0,0.36834353,0.0,2.5412939,2.391668,0.7717076,2.5829065,0.2486146,0.2432224,1.6203475,0.0,0.0,0.0,0.0,2.5388372,0.0,2.4433846,1.95063,0.0,0.0,0.0,0.15351391,1.94391,0.0,0.0,0.0,0.3433847,0.0,0.0,0.2569825,0.0,0.0,0.0,0.0,0.7294534,1.2165353,0.0,0.0,0.0,0.61349195,0.0,0.0,2.9335477,2.2856808,0.49762532,0.0,2.2648737,0.0,0.0,0.0,1.3651384,2.373336,1.3455807,0.0,0.0,0.6038929,2.240142,0.0,0.0,3.882744,0.0,0.24560271,0.0,0.101702705,0.21584241,1.5874364,0.82324433,3.097255,0.0,0.0,0.09488518,1.5923252,0.0,0.0,0.8086089,2.4947543,0.0,0.0,0.3427893,3.22156,2.0359964,0.015231869,0.0,0.0,0.0,1.7638974,0.3179875,0.21206425,0.0,1.622811,0.0,2.9655163,0.6962968,0.14406879,0.24309617,0.0,0.0,0.40485898,0.0,0.0,0.0,0.06282466,2.4621842,0.0,2.1951764,0.0,0.0,0.0,0.0,0
2.7002866,0.0,0.84110403,0.0,1.7529379,0.0,0.0,2.2492635,2.6318793,0.0,0.0,0.96217436,1.4065475,0.3735152,0.0,0.0,0.0,0.0,2.0355575,0.0,2.607501,0.0,0.0,1.3214396,0.29391047,2.1692812,0.0,0.0,0.43776223,0.0,0.0,0.0,0.25968882,0.0,0.082089685,0.0,1.9128052,1.6755918,0.0,0.0,0.64466786,0.7316677,0.0,0.0,0.0,3.2222474,0.61173975,0.0,0.2856752,0.0,0.0,0.0,0.9068132,1.1537353,0.0,1.4089042,0.0,0.0,1.3701309,0.0,0.0,1.5928453,0.6092576,2.3948498,0.0,2.8419764,0.0,0.0,0.0,0.4265575,0.66977537,0.63328284,0.0,0.0,0.53223205,1.9739256,1.9216864,0.45622268,2.1139977,0.0,0.6982786,0.0,0.4484282,1.8591661,0.0,1.0579159,0.9892885,0.0,0.0,0.0,2.524783,0.0,0.0,0.0,1.0471772,0.50745445,0.0,0.0,1.3348863,1.4587032,1.8747897,3.0073817,0.43496144,0.0,2.5313451,2.1317694,3.457239,1.2397552,0.8224959,0.965258,1.6186393,1.6504182,0.0,0.0,0.9088716,0.0,1.2007625,0.0,0.0,0.0,1.658067,0.8259879,0.0,1.1598586,0.040847212,0.0,0.0,0.0,1
1.5453203,0.0,0.99446046,1.3087875,1.6564013,0.0,0.0,1.9416938,3.1824305,0.0,0.0,0.43913844,1.080604,0.954515,0.0,0.0,0.0,0.0,1.5605545,0.0,2.0502656,0.0,0.0,0.4838779,0.0,1.4659872,0.0,0.0,0.5084461,0.0,0.0,0.0,0.0,0.2153837,0.9294051,0.0,2.0004437,1.6806661,0.0,0.0,1.5359334,0.0,0.0,0.0,0.0,3.2977817,1.2052387,0.0,1.1029012,0.0,0.0,0.0,1.2228078,1.1715844,0.0,1.1494833,0.0,0.0,3.5720162,0.0,0.0,1.330954,1.1092857,2.1997094,0.0,2.3429778,0.49717975,0.78780985,0.0,0.0,0.27112654,0.51773655,0.0,0.0,0.06628264,1.8448018,1.2337605,1.1871067,1.4156777,0.0,0.102627695,0.0,0.103379086,1.9328752,0.0,0.0,0.0,0.0,0.0,0.0,3.4106984,0.0,0.56066483,0.0,0.0,1.2020034,0.0,0.0,0.5596223,0.9685468,1.4147362,2.2867641,0.58501667,0.0,2.4623656,2.7451017,2.7387676,1.731303,0.6452397,0.8494863,1.3993418,0.8441831,0.0,0.0,0.7760379,0.0,0.8545213,0.0,0.03275512,0.0,1.3638853,0.0,0.0,2.754912,0.0,0.0,0.0,0.21879832,1
2.743569,0.0,0.32401514,0.0,2.1650214,0.0,0.0,2.9321237,3.437672,0.0,0.0,0.11585669,0.616515,0.0601716,0.009767912,0.0,0.0,0.0,3.069054,0.0,3.73782,0.0,0.0,1.8375442,0.5559768,1.8960708,0.0,0.0,0.7405052,0.0,0.0,0.0,0.91269153,0.0,0.0,0.0332203,1.6938858,0.9886737,0.0,0.0,1.3674736,0.8464628,0.0,0.0,0.0,3.554556,1.6398915,0.0,0.24168324,0.0,0.0,0.0,0.7365652,1.5428581,0.0,2.2101305,0.0,0.0,2.5200918,0.0,0.0,1.0330645,0.2194731,2.8004365,0.0,2.5098987,0.0,0.0,0.0,0.0,0.33011198,0.29269883,0.6730234,0.0,0.5345354,0.8736513,1.4816903,0.70444816,1.2507654,0.0,0.7891318,0.0,1.0638809,2.1084204,0.0,1.4016783,0.3307151,0.0,0.0,0.0,2.7161963,0.0,0.0,0.0,0.19064337,0.56460655,0.0,0.0,0.6082005,0.4650527,2.2150276,3.1142604,0.7888447,0.0,2.080452,2.5107963,3.7174907,0.9488886,0.68972594,0.8412512,1.1052424,1.8831264,0.0,0.0,0.27859664,0.0,0.9376677,0.0,0.30441386,0.0,2.1053078,0.3073546,0.0,1.7786777,0.0,0.0,0.0,0.0,1
2.9241652,0.0,0.17909034,0.11996656,1.9750888,0.0,0.0,2.5126407,3.499368,0.0,0.0,0.9133122,1.4703013,0.104188174,0.07526659,0.0,0.0,0.0,2.2921584,0.0,3.0426137,0.0,0.0,1.4441196,0.3735195,2.1380184,0.0,0.0,0.4524394,0.0,0.0,0.0,0.67105544,0.0,0.0,0.0,2.0334315,0.9428263,0.0,0.0,0.99475,0.53089046,0.0,0.0,0.0,3.380432,0.59546643,0.0,0.53755105,0.0,0.0,0.0,0.7070798,1.048837,0.0,2.4229336,0.0,0.0,1.9736633,0.0,0.0,1.1523356,0.5292682,2.4868388,0.0,2.7496464,0.0,0.0,0.0,0.0,0.5539663,0.12834893,0.10400156,0.0,0.46794754,1.6816587,1.5173501,0.57735497,1.4690671,0.0,0.7633481,0.0,0.3051126,2.2807846,0.0,0.85082847,0.0,0.0,0.0,0.0,3.19168,0.0,0.0,0.0,0.32577085,1.0855565,0.0,0.0,1.4178177,1.250145,1.9375061,3.2329276,0.49799076,0.0,2.1167505,2.248298,3.7205138,1.3410283,1.0248219,0.75842035,1.3689892,2.0734549,0.0,0.0,0.70401186,0.0,1.040097,0.0,0.0,0.0,2.0610523,0.03892914,0.0,1.332342,0.0,0.0,0.0,0.0,1
2.8333254,0.0,0.6483673,0.72562283,1.1007644,0.0,0.0,1.1157491,2.8181815,0.0,0.0,1.8644197,1.714236,1.085163,0.0,0.0,0.0,0.0,0.65470207,0.0,2.1886635,0.0,0.19633526,0.7172393,0.09635371,1.3089339,0.0,0.0,1.145516,0.0,0.0,0.0,0.13310957,0.39096946,0.0,0.0,1.6772436,1.5146416,0.0,0.0,0.97779405,0.19454782,0.0,0.0,0.0,1.5819672,0.80966735,0.0,0.96000457,0.0,0.0,0.0,0.9624881,0.9834097,0.0,0.8529828,0.0,0.0,1.9165076,0.0,0.0,0.74261594,1.1288828,1.9743745,0.0,2.2327805,0.0,0.0,0.0,0.0,0.45346436,1.7417079,0.0,0.0,0.26051295,2.3145268,1.1776575,0.0,3.1815894,0.0,0.3204657,0.0,0.22303419,1.4632803,0.0,0.0,0.7473718,0.062396217,0.0,0.0,2.7277694,0.0,0.08699708,0.0,0.643993,0.52895796,0.0,0.0,1.6432825,1.2809352,2.0844588,2.6233556,0.073787294,0.0,2.333358,1.3871828,2.9427235,1.7299309,0.6727117,0.18326731,1.1313474,1.5640565,0.0,0.0,0.002135093,0.0,1.7438475,0.0,0.0,0.0,0.7432156,0.6081291,0.0,1.4815414,0.0,0.0,0.0,0.0,1
3.0785644,0.0,0.0,0.4194732,1.5100262,0.0,0.0,2.1495745,3.0226815,0.0,0.0,0.7216134,1.63869,0.4775867,0.0,0.0,0.0,0.0,1.7607828,0.0,3.2896736,0.0,0.0,1.5386316,0.54348093,1.7314059,0.0,0.0,0.8289361,0.0,0.0,0.0,0.47962108,0.0,0.0,0.0,1.9249879,1.2180773,0.0,0.0,0.85068,0.905062,0.0,0.0,0.0,2.8168535,0.0,0.0,0.611405,0.0,0.0,0.0,1.1179385,1.3807317,0.0,1.1874964,0.0,0.0,2.14554,0.0,0.0,1.5324343,0.9601441,2.8553722,0.0,2.8357117,0.0,0.0,0.0,0.0,0.51173735,1.20577,0.0,0.0,0.92200685,1.5448924,1.9241301,0.5183943,2.113916,0.0,0.3154494,0.0,1.0062056,2.1394315,0.0,0.8909613,0.598211,0.013745209,0.0,0.0,2.7275953,0.0,0.0,0.0,0.18180293,0.48519245,0.0,0.0,0.7904118,1.4712946,2.5324814,2.9717393,0.5876455,0.0,1.9145256,1.769362,3.303661,1.2059567,1.1259651,1.0673659,1.113566,1.9736352,0.0,0.0,0.49279723,0.0,1.1453494,0.0,0.0,0.0,1.9592317,0.2594358,0.0,1.8553251,0.0,0.0,0.0,0.0,1
0.0,0.0,1.5448682,0.0,0.0,0.0,0.0,0.72678065,0.0,0.0,0.2103654,1.7621797,0.50863975,2.5835853,0.0,0.0,0.0,0.0,0.0,0.0,0.88020945,0.0,0.0,0.0,0.13742256,1.7471282,0.17231457,0.0,1.4962702,0.0,0.0,0.0,0.0,1.35816,0.0,1.2093666,0.44463247,1.0250107,0.0,0.0,1.4598186,0.0,0.0,0.0,0.0,1.0735495,0.0,0.0,0.87782836,0.0,0.0,0.0,0.120802194,0.37903115,0.2895067,0.0,0.0,0.0,0.71532845,0.5877896,0.0,1.3524876,1.2865561,0.00807499,0.0,1.1888764,0.0,0.0,0.0,1.494733,0.60601974,2.7470853,0.0,0.0,0.5738963,1.7304995,0.7393323,0.5783885,1.4128978,0.0,0.16868052,0.0,0.08885805,0.46872225,0.0,0.0,1.5391352,0.0,0.0,0.0,1.4861974,0.0,1.5551317,0.4802255,1.3406506,0.5797011,0.0,0.4699619,0.52755004,0.46699893,0.017174922,2.210779,0.45289993,0.0,2.01697,0.63718504,0.39993706,0.29933712,1.3591298,0.0,2.4644077,0.23745266,0.1810676,0.111271635,0.0,0.0,0.42746952,0.0,0.0,0.0,0.0,1.2357768,0.0,0.7400222,1.7335498,0.0,0.0,0.0,0
3.3786426,0.0,0.0,0.17936614,1.3760735,0.0,0.0,2.00921,3.123975,0.0,0.0,0.88996065,1.5470287,0.6223187,0.0,0.0,0.0,0.0,1.4915216,0.0,3.412021,0.0,0.0,1.2221609,0.16058838,1.694338,0.0,0.0,0.68537414,0.0,0.0,0.0,0.5444615,0.0,0.0,0.0,1.4657736,1.1897416,0.0,0.0,0.940079,0.5839473,0.0,0.0,0.0,2.7466195,0.45765504,0.0,0.73504317,0.0,0.0,0.0,0.765835,1.3841625,0.0,1.7975154,0.0,0.0,2.0734413,0.0,0.0,1.0482965,0.8882407,2.3453448,0.0,2.2056406,0.0,0.0,0.0,0.26992637,0.0,1.2915385,0.0,0.0,0.7170757,1.6036879,2.1091225,0.053465903,1.96287,0.0,0.2417092,0.0,0.385947,2.1567998,0.0,0.45267433,0.7589296,0.034184996,0.0,0.0,2.7264404,0.0,0.0,0.0,0.6003833,0.60251004,0.0,0.0,1.0721763,1.4359243,1.7688943,3.0866234,0.47509354,0.0,1.9665388,1.6261077,3.3277898,1.0745652,0.87945724,1.0020696,1.4151857,1.8935899,0.0,0.0,0.32591215,0.0,1.3665735,0.0,0.0,0.0,0.9135518,0.0,0.0,1.7599732,0.0,0.0,0.0,0.0,1
2.1532707,0.0,0.45514932,0.29971686,1.4749415,0.0,0.0,1.225256,2.7367039,0.0,0.0,1.5867236,1.6500831,0.7339583,0.063924216,0.0,0.0,0.0,1.4643389,0.0,2.143942,0.0,0.342615,0.91815674,0.20439568,2.2699244,0.0,0.0,0.7410697,0.0,0.0,0.0,0.14607778,0.0,0.032668732,0.18383944,1.6139342,1.3137187,0.0,0.0,0.25714982,1.2389079,0.0,0.0,0.0,2.1019454,0.16991302,0.0,0.8629046,0.0,0.0,0.0,0.85346013,1.1281887,0.0,1.4098613,0.0,0.0,1.5649359,0.0,0.0,1.9501431,1.0486265,2.0602057,0.0,3.647146,0.0,0.0,0.0,0.0,1.2768611,0.6621227,0.0,0.0,0.065039404,2.1263053,1.4957205,0.122887984,2.657784,0.0,0.56852424,0.0,0.39074147,1.1028646,0.0,0.39006215,0.9048477,0.0,0.0,0.0,2.7460299,0.0,0.0,0.06400305,0.45318705,0.91684985,0.0,0.0,1.5872384,1.8709087,1.718493,2.5343683,0.33511752,0.0,2.1321354,2.1322494,3.0123806,1.0373232,1.1805991,0.71837944,2.034356,1.46144,0.0,0.0,0.118411,0.0,1.1287104,0.0,0.0,0.0,2.0228944,0.6276483,0.0,1.3937938,0.0,0.0,0.0,0.0,1
0.0,0.0,1.2047147,0.539937,1.4009467,0.0,0.0,0.445013,0.0,0.0,0.0,2.0257294,0.50829774,2.576676,0.7898579,0.0,0.0,0.0602159,0.081843354,0.0,0.9302275,0.0,1.4325458,1.9431422,0.5700379,2.4649081,0.16539474,0.077778906,1.7270751,0.0,0.0,0.0,0.0,2.5957582,0.0,2.2364254,1.5816469,0.0,0.0,0.0,0.04838514,1.8004756,0.0,0.0,0.0,0.8013476,0.0,0.0,1.1396081,0.0,0.0,0.0,0.0,0.89607453,0.39092845,0.0,0.0,0.0,0.6880978,0.0,0.0,3.2943017,2.8145058,0.47824448,0.0,2.3433125,0.0,0.0,0.0,1.3884231,2.0525248,0.3445799,0.0,0.0,0.7831408,2.4486396,0.5757175,0.0,4.20959,0.0,0.0,0.0,0.007216554,0.9929999,1.1059445,1.5530608,2.8876123,0.0964173,0.0,0.0,2.041366,0.0,0.0,1.1780633,2.3242414,0.0,0.0,0.0,2.9911072,1.8093488,0.2569649,0.0,0.0,0.0,2.2216196,0.5231551,0.27522835,0.0,2.1546664,0.0,3.1817687,0.7188301,0.28801805,0.0,0.0,0.0,0.28020146,0.0,0.0,0.0,0.0,1.3386805,0.0,1.8914778,0.0,0.0,0.0,0.0,0
0.0,0.0,1.5496991,1.895585,0.8062196,0.0,0.0,1.299178,2.416597,0.0,0.0,0.8653185,0.3405765,1.3839949,0.0,0.0,0.0,0.0,1.309694,0.0,1.6898736,0.0,0.75098383,1.1925939,0.20060068,2.1090271,0.0,0.0,1.4774222,0.0,0.0,0.0,0.0,0.4724353,0.0,0.5281662,2.203657,1.2692221,0.0,0.0,2.057013,0.52139515,0.0,0.0,0.0,2.1239722,0.13857125,0.0,0.43558124,0.0,0.0,0.0,1.2741762,1.666966,0.0,0.0,0.0,0.0,2.933773,0.0,0.0,1.2279174,0.6208139,2.4118204,0.0,3.2998168,0.57367194,0.0,0.0,0.21950004,1.2881429,0.62296903,0.0,0.48567933,1.0791012,2.2437432,0.34988493,0.9867098,1.4479007,0.0,1.0139464,0.0,0.0,0.29164562,0.2773669,0.0,1.2072593,0.0,0.0,0.0,2.371688,0.0,0.12549436,0.7106028,0.778148,0.3160363,0.0,0.0,0.9813824,1.8547492,1.2609156,2.7592578,0.33327675,0.0,2.2242289,0.9473157,2.384328,1.1938727,0.44666344,0.3815911,2.2179646,0.33765367,0.0,0.0,0.0,0.0,1.0883645,0.0,0.0,0.0,0.74244094,0.5511881,0.0,3.2068567,1.0113673,0.0,0.0,0.0,1
2.4993865,0.0,0.20092745,0.0,1.6730403,0.0,0.0,1.4509723,0.46476558,0.0,0.0,0.5682663,0.7419534,1.6048902,0.0,0.0,0.0,0.0,0.25731483,0.0,2.081182,0.0,0.0,0.0,0.0,1.1937473,0.934871,0.6009646,0.37584236,0.0,0.0,0.0,0.0,0.18313889,0.3645021,0.9289964,0.96981364,1.1392022,0.0,0.0,1.1969424,0.20008369,0.0,0.0,0.0,1.8440284,1.0928773,0.0,1.5562634,0.0,0.0,0.0,1.270236,0.42909592,0.0,0.2934622,0.0,0.0,1.0664074,0.0,0.0,1.0222546,0.3746298,1.5139776,0.0,2.3998299,0.0,0.4260717,0.0,1.2431933,0.744432,0.5445045,0.0,0.0,1.0484983,2.6557252,1.999507,0.98763174,1.0811431,0.0,0.0,0.0,0.4592551,2.1632285,0.074759975,1.3743176,1.6246969,0.22178988,0.0,0.0,1.5045142,0.17742571,0.18229641,0.12519157,1.4818467,1.094938,0.0,0.250761,0.39143094,1.4527705,2.7393723,2.778775,0.86377305,0.0,1.825906,1.5708655,1.5060065,0.83788174,1.2085052,0.85837346,3.1474714,0.7149903,0.0,0.0,0.984441,0.0,1.0241487,0.0,0.0,0.0,0.39867994,0.90772295,0.0,2.4783654,1.6733841,0.0,0.0,0.0,1
0.97555155,0.0,1.9829873,1.528761,1.297563,0.0,0.0,2.3470597,2.0661373,0.0,0.0,0.8554524,0.0,0.9851114,0.0,0.0,0.0,0.0,1.5186721,0.0,1.5049452,0.0,1.0052936,1.7667323,1.3701305,2.7740629,0.0,0.0,0.6524052,0.0,0.0,0.0,0.5155197,0.0,0.0,1.3899227,1.9001765,0.52727664,0.0,0.0,1.8890803,0.7933404,0.0,0.0,0.0,2.2632182,2.1006572,0.0,0.79563284,0.0,0.0,0.0,0.86497384,1.150821,0.0,0.99868286,0.0,0.0,2.2669873,0.0,0.0,1.3928821,0.44537267,3.0442157,0.0,3.009027,0.0,0.0,0.0,0.0,0.777441,0.24955891,0.44180128,1.1561353,0.12875271,0.35675386,0.14967021,0.63150126,1.0667946,0.0,0.37070698,0.0,0.10210104,1.5702581,0.0,0.4181619,0.93718755,0.0,0.0,0.0,1.3317578,0.0,0.0,0.9027994,1.8839682,0.29977044,0.0,0.0,0.0,1.7250457,1.6455684,1.7763163,0.0,0.0,1.137454,0.91574144,3.1906562,1.1205249,0.9204451,0.7137575,1.0845534,1.7981335,0.9747521,0.0,0.10884189,0.0,1.5404606,0.0,0.012778519,0.0,1.7531418,0.9062757,0.0,1.5499479,0.0,0.0,0.0,0.0,1
0.25001714,0.0,2.0189323,1.0115577,0.19873951,0.0,0.0,0.47144037,0.7565868,0.0,0.0,1.5061193,0.58863837,1.9975852,0.0,0.0,0.0,0.0,0.0,0.0,0.8057441,0.0,1.0030806,0.6786742,0.05241621,1.8230017,0.0,0.0,1.9509518,0.0,0.0,0.0,0.0,0.61540043,0.16276945,0.91361415,2.1839,1.2841157,0.0,0.0,1.4264704,0.0913056,0.0,0.0,0.0,0.5302002,0.0,0.0,1.1437451,0.0,0.0,0.0,0.05665561,0.06890432,0.2133925,0.121633224,0.0,0.0,1.9291842,0.0,0.0,1.3461411,1.4369414,0.55685157,0.0,2.3606694,0.0,0.0,0.0,0.0,1.1274781,2.0159974,0.0,0.0,0.5613185,2.213907,0.19996151,1.0661502,2.4895716,0.0,0.24315119,0.0,0.0,0.08826309,0.0,0.0,1.2222496,0.0,0.0,0.0,1.9702508,0.11934413,0.78292984,0.0,1.486507,0.0,0.0,0.0,1.1774704,1.305174,1.1136038,1.4491272,0.6113553,0.0,2.2730455,1.5825124,0.83942175,1.2680497,1.3605199,0.64359957,1.8285888,0.69395554,0.0,0.13576104,0.032753702,0.0,1.8921727,0.0,0.0,0.0,0.41259348,0.46941683,0.0,1.4187226,0.6284028,0.0,0.0,0.0,0
0.12647994,0.0,2.2312417,1.327613,0.19252323,0.0,0.0,0.0,1.1547966,0.0,0.0,1.7190638,0.0,2.7244885,0.3619731,0.0,0.0,0.0,0.5051669,0.0,0.56950766,0.0,1.0180453,0.96247816,1.208235,2.3698301,0.0,0.55047745,1.7486844,0.0,0.0,0.0,0.0,1.8894427,0.0,1.1590074,1.6155455,0.9667993,0.0,0.0,0.5571789,0.9346064,0.0,0.0,0.0,0.9114132,0.0,0.0,0.46046156,0.0,0.0,0.0,0.0,0.3454569,0.86986387,0.0,0.0,0.0,1.3203413,0.0,0.0,2.6082833,1.3720281,0.12376835,0.0,1.7747234,0.0,0.0,0.0,0.0,2.5425773,1.2500156,0.0,0.033853702,0.4109956,2.237416,0.0,0.0,3.473613,0.0,0.39095712,0.0,0.0,0.0,0.5040129,0.0,2.0494285,0.0,0.0,0.0,1.5195718,0.0,1.4731086,1.9074713,2.335122,0.0,0.0,0.0,1.6657107,2.0926824,0.0,0.0,0.013883259,0.0,2.6047015,1.0240712,0.22194384,0.06622594,1.0989577,0.1462596,2.7761981,0.0,0.0,0.83611095,0.0,0.0,1.0615209,0.0,0.0,0.0,0.0,0.33705965,0.0,1.3973323,0.0,0.0,0.0,0.0,0
2.6700296,0.0,0.9328942,1.6193982,1.8737782,0.0,0.0,1.6959752,2.2464206,0.0,0.0,0.9925698,1.017973,0.6789124,0.0,0.0,0.0,0.0,0.5984727,0.0,3.1892478,0.0,0.0,1.2385142,0.0,2.1184082,0.0,0.0,0.0,0.0,0.0,0.0,0.8513507,0.79834276,0.0,0.0,1.8406656,1.5954299,0.0,0.0,1.4419047,0.17454647,0.0,0.0,0.0,2.5321739,1.1786777,0.0,0.9166012,0.0,0.0,0.0,0.91756636,1.8117849,0.0,1.2789297,0.0,0.0,1.9768203,0.0,0.0,0.22016808,0.23695245,2.1608868,0.0,2.5802681,0.0,0.60823065,0.0,0.8933087,0.0,0.5439544,0.0,0.315314,1.093768,1.3059652,1.4038358,0.37438878,1.1727941,0.0,0.11916,0.0,0.2178729,2.3379748,0.0,0.8150207,0.0,0.0,0.0,0.0,2.4213176,0.0,0.40574384,0.30504987,1.2801809,0.6278652,0.0,0.0,0.48622474,0.75164974,1.4461716,2.7448487,0.73364174,0.0,1.5144646,1.4777268,3.6507466,1.8993798,1.5022813,0.7007981,1.8606932,2.172145,0.0,0.0,0.9749214,0.0,1.1980484,0.0,0.0,0.0,0.4728272,0.0,0.0,2.1224823,0.0,0.0,0.0,0.0,1
1.2364732,0.0,2.129557,0.48179442,1.1016423,0.0,0.0,0.24509327,1.3794991,0.0,0.0,2.1302536,0.14895588,1.4983443,0.1689226,0.0,0.0,0.0,0.0721393,0.0,1.975746,0.0,0.9679707,0.31797147,0.6659543,2.1417234,0.0,0.6577344,0.6721447,0.0,0.0,0.0,0.24499717,1.3056922,0.017034076,1.0763825,1.5613496,0.86459565,0.0,0.0,0.5697325,0.4832608,0.0,0.0,0.0,0.9889751,1.5851201,0.0,0.97171426,0.0,0.0,0.0,0.2591301,0.788855,0.0,0.44147956,0.0,0.0,0.69416195,0.22514078,0.0,1.6561469,1.3185928,0.7690265,0.0,1.7621169,0.0,0.0,0.0,0.42663068,1.595883,1.0166504,0.0,0.0,0.0,1.8748862,0.7380971,0.0,2.574631,0.0,0.0,0.0,0.20585458,0.45489973,0.8328668,1.0525378,2.0091043,0.0,0.0,0.0,2.048484,0.0,0.080500275,0.0,2.0723813,0.3754988,0.0,0.0,1.3971552,2.3613284,0.30677328,0.9588736,0.2735343,0.0,2.3312297,0.34700102,1.9141351,0.5917815,0.9795004,0.34661475,2.5226502,0.09771088,0.008990813,0.0,0.19876033,0.0,0.7059331,0.0,0.0,0.0,0.027194003,0.8824429,0.0,1.3522533,0.022298455,0.0,0.0,0.0,0
1.748698,0.0,0.4713384,0.059465785,1.5672187,0.0,0.0,2.8458338,1.8746941,0.0,0.0,0.098498166,0.6665475,0.76583934,0.0,0.0,0.0,0.0,1.997687,0.0,1.4067843,0.0,0.0,1.5210057,0.6142296,2.3891025,0.0,0.0,0.3593631,0.0,0.0,0.0,0.020018455,0.0,0.0,0.029720359,2.5162187,0.53846276,0.0,0.0,1.7307312,0.32249445,0.0,0.0,0.0,2.8185766,0.39695618,0.18930186,0.7658098,0.0,0.0,0.0,0.0,1.5226185,0.7744747,2.4774094,0.0,0.0,2.613778,0.0,0.0,0.44090992,0.9301423,2.5172284,0.0,2.9785688,0.0,0.0,0.0,0.0,0.0,0.9136106,0.15576331,0.23255274,0.005122012,2.255782,1.9457895,0.7498097,0.15265448,0.0,1.8325518,0.0,0.3709712,2.540863,0.0,0.06396434,0.13644846,0.0,0.0,0.0,3.944036,0.0,0.39049917,0.0,1.223823,0.68446416,0.0,0.0,1.145826,1.8857408,1.2245655,2.4788558,0.6840044,0.0,1.5518392,2.4825003,2.4262831,0.51710856,0.1504964,0.5981299,1.6386507,0.50372505,0.0,0.0,0.028426105,0.0,1.7717749,0.0,0.0,0.0,1.9870955,0.44823977,0.0,1.7623816,0.07337345,0.0,0.0,0.0,1
2.4163082,0.0,0.33592215,0.98710924,1.7491904,0.0,0.0,1.8220646,2.4911053,0.0,0.0,1.1127843,0.7178043,0.16099694,0.12824965,0.0,0.0,0.0,1.5168868,0.0,3.178089,0.0,0.3699647,1.196076,0.20295611,1.9747664,0.0,0.0,0.7387288,0.0,0.0,0.0,0.39433286,0.7459455,0.1913326,0.43246663,1.7523154,0.7024021,0.0,0.0,0.9050651,1.1885754,0.0,0.0,0.0,2.473807,0.6939462,0.0,0.75469714,0.0,0.0,0.0,0.830878,1.3385562,0.0,1.3679689,0.0,0.0,1.9496106,0.0,0.0,1.8616687,0.62650496,2.2684813,0.0,2.9559224,0.0,0.0,0.0,0.16113582,0.5887896,0.14969216,0.0,0.0,0.6532926,1.8530746,1.5376085,0.028029308,2.958149,0.0,0.08331674,0.0,0.6445507,1.3571615,0.380567,1.2049574,1.2671916,0.0,0.0,0.0,2.3388581,0.0,0.0,0.0,1.12234,0.21355781,0.0,0.0,1.87701,1.1839522,1.3752571,2.2395654,0.0,0.0,1.9016037,2.0403628,3.133842,1.1346085,1.156492,0.70483774,1.8692206,1.4976794,0.0,0.0,0.18288708,0.0,1.4142182,0.0,0.0,0.0,1.4757373,0.9945019,0.0,2.0237935,0.0,0.0,0.0,0.0,1
3.559468,0.0,0.43411574,0.42979193,1.7792174,0.0,0.0,1.4002684,3.025667,0.0,0.0,1.5103077,2.3328865,1.3033496,0.0,0.0,0.0,0.0,1.8172287,0.0,2.3563268,0.0,0.0,0.59953207,0.08200681,1.2365581,0.0,0.0,0.40311515,0.0,0.0,0.0,0.83097035,0.0,0.0,0.0,1.3325449,1.4250588,0.0,0.0,0.7423316,0.5541795,0.0,0.0,0.0,1.9862024,0.3121999,0.0,0.4364557,0.0,0.0,0.0,1.2632074,1.1721389,0.0,1.1078122,0.0,0.0,2.203773,0.0,0.0,0.4791415,0.0,2.3738918,0.0,3.1541226,0.0,0.0,0.0,0.0,0.47850823,2.1915097,0.0,0.0,0.23616898,1.775542,1.8304228,0.5445418,2.8285286,0.0,0.52893203,0.0,0.0,1.3312,0.0,0.0,0.5953653,0.0,0.0,0.0,2.5211658,0.0,0.105823405,0.72262263,0.5047386,0.65194076,0.0,0.0,0.7144616,1.1530946,2.0770233,3.8254285,0.5893361,0.0,1.8819115,1.7283802,2.5539212,1.4657806,0.158021,0.74422854,1.0421691,1.7076666,0.42072448,0.0,0.92081636,0.0,1.2218802,0.0,0.0,0.0,1.1626103,0.8438362,0.0,1.0930413,0.0,0.0,0.0,0.0,1
2.4380882,0.0,0.5906613,0.056807894,2.1986454,0.0,0.0,3.1253674,3.0720186,0.0,0.0,0.62601256,0.11058065,0.03961062,0.0,0.0,0.0,0.0,2.3014386,0.0,3.3063083,0.0,0.0,1.9271613,0.5452942,2.0926795,0.0,0.0,0.101355836,0.0,0.0,0.0,0.476797,0.0,0.0,0.41542968,1.4702804,0.8089485,0.0,0.0,1.7960622,0.34114483,0.0,0.0,0.0,3.1980922,2.1323068,0.0,0.6899863,0.0,0.0,0.0,0.58776253,1.2193804,0.0,1.7583797,0.0,0.0,2.248879,0.0,0.0,1.3666772,0.25009695,2.5415795,0.0,2.2493408,0.0,0.0,0.0,0.0,0.28317505,0.0,0.9383893,0.09030711,0.35631698,0.6710163,1.1178588,0.24062859,1.6717821,0.0,0.41446477,0.0,0.8536988,2.6924949,0.0,1.6536009,0.802839,0.0,0.0,0.0,2.4480233,0.0,0.0,0.0,0.88580024,0.0,0.0,0.0,1.0003575,0.796227,1.7707034,2.185638,0.33100486,0.0,2.0682642,1.894861,3.6148202,0.9909767,1.4253396,0.9073095,1.2350429,1.963539,0.18041684,0.0,0.0,0.0,1.2189894,0.0,0.6016178,0.0,1.7859484,1.0189034,0.0,1.4210513,0.0,0.0,0.0,0.0,1
2.7821412,0.0,0.0,0.5409861,1.3521768,0.0,0.0,1.6871035,2.960478,0.0,0.0,1.4733843,1.4668337,1.0673817,0.09195834,0.0,0.0,0.0,2.7455683,0.0,1.796064,0.0,0.0,0.52463543,0.4574384,2.1967437,0.0,0.0,1.051727,0.0,0.0,0.0,0.08172807,0.0,0.0,0.0,1.6328754,0.8245867,0.0,0.0,1.0434939,0.75092995,0.0,0.0,0.0,2.8204408,0.7053794,0.0,0.113404274,0.0,0.0,0.0,1.3033834,0.7609909,0.06358708,1.6339958,0.0,0.0,1.7453504,0.0,0.0,0.88770187,0.0,2.156179,0.0,3.2585046,0.0,0.0,0.0,0.0,0.60534483,1.7610567,0.0,0.0,0.224442,1.4834915,1.7044413,0.99851394,2.2274952,0.0,0.78675383,0.0,0.0,1.2305417,0.122679934,0.19368875,0.4480835,0.0,0.0,0.0,2.8050692,0.0,0.0,0.75890565,1.1374031,0.27564725,0.0,0.0,0.440634,1.7384325,1.6438342,3.0244548,0.0,0.0,1.7741928,1.6478448,2.6321878,0.95290244,0.67814565,1.0751847,0.8943542,1.5612602,0.0,0.0,0.60471874,0.0,1.3983383,0.0,0.0,0.0,1.8848852,0.7222972,0.0,1.06371,0.0,0.0,0.0,0.0,1
2.5332503,0.0,0.43898535,0.52722234,1.9696968,0.0,0.0,2.88754,2.7465453,0.0,0.0,1.0623242,0.6389659,0.0,0.0,0.0,0.0,0.0,2.8549817,0.0,3.1119783,0.0,0.0,1.1870657,0.5642251,2.1037934,0.0,0.0,0.66961735,0.0,0.0,0.0,0.45598516,0.0,0.0,0.14880788,1.9377279,0.6513416,0.0,0.0,1.4469589,0.9727636,0.0,0.0,0.0,3.32533,1.7504967,0.0,0.76167,0.0,0.0,0.0,1.1249754,0.8533835,0.0,1.4668716,0.0,0.0,2.2616956,0.0,0.0,1.0587997,0.7478282,2.2643378,0.0,3.323288,0.0,0.0,0.0,0.0,0.8190519,0.0,0.27154234,0.0,0.16230345,0.8803869,1.2474692,0.39806703,1.7109299,0.0,0.030088961,0.0,0.39978606,2.0764856,0.0,1.6868246,0.2827216,0.0,0.0,0.0,2.459612,0.0,0.0,0.0,1.0555106,0.50659144,0.0,0.0,0.84183484,1.4554499,1.9466138,2.6257727,0.0,0.0,1.7627717,1.789417,3.756153,1.2155987,1.262659,1.1860832,1.5060052,1.5240712,0.48943332,0.0,0.1651079,0.0,1.1076616,0.0,0.25520462,0.0,2.5736012,0.85387844,0.0,1.8191961,0.0,0.0,0.0,0.0,1
2.3002315,0.0,0.33821023,0.09452584,1.5085566,0.0,0.0,1.229686,1.8423182,0.0,0.0,1.1939595,2.3452327,0.8321243,0.0,0.0,0.0,0.0,0.2190721,0.0,3.070684,0.0,0.0,0.32850218,0.0,1.050124,0.0,0.4642724,0.0,0.0,0.0,0.0,0.0,0.0,1.2718929,0.0,2.008917,1.560609,0.0,0.0,1.2543963,0.0,0.0,0.0,0.0,2.8744435,1.7748818,0.0,1.1893122,0.0,0.0,0.0,1.2472618,1.4253663,0.0,1.0197958,0.0,0.0,1.5919379,0.0,0.0,1.5937986,0.5779502,1.786571,0.0,3.1452153,0.0,0.8004269,0.0,0.8622965,1.1118561,1.109899,0.0,0.0,0.48382425,2.041949,2.1679368,0.28422526,2.4947627,0.0,0.0,0.0,0.5513706,1.6869798,0.0,1.0002089,1.3131348,0.26225471,0.0,0.0,2.601079,0.0,0.0,0.0,0.712487,1.0357431,0.0,0.11329047,1.2438129,1.2134567,2.1648693,2.59171,0.39330858,0.0,1.9099191,2.1668632,2.4109945,1.7129409,1.5024308,0.9713685,2.3182936,0.49139783,0.0,0.0,1.0168221,0.0,1.0516717,0.0,0.0,0.0,1.3571202,0.2837977,0.0,2.0727627,0.5825621,0.0,0.0,0.0,1
0.0,0.0,1.253428,0.4031619,1.6309272,0.0,0.0,0.63810873,0.13190079,0.0,0.2435476,1.07116,0.11051348,1.7475368,1.3329064,0.0,0.0,0.25699854,0.0,0.0,1.2187529,0.0,2.4575248,3.165811,0.61028045,2.626551,0.4086161,0.0,1.1714708,0.0,0.0,0.0,0.0,2.6928756,0.0,2.2051048,1.9567165,0.0,0.0,0.0,0.43121696,1.2196413,0.0,0.0,0.0,1.1482743,0.0,0.0,0.7998849,0.0,0.0,0.0,0.0,1.3023267,0.0,0.0,0.0,0.0,0.5490013,0.0,0.0,2.7972403,2.3315797,0.95403445,0.0,2.6806695,0.0,0.0,0.0,1.2167262,1.4684489,0.62647355,0.0,0.0,0.6414309,1.8950232,0.20455173,0.0,2.8170617,0.0,0.2811042,0.0,0.53807294,1.3745973,0.5369245,1.2980464,2.9229653,0.0,0.0,0.0,2.0996628,0.0,0.0,0.5743842,1.9207699,0.0,0.0,0.043712653,2.6777089,1.7668529,1.0800192,0.0,0.41296443,0.0,1.7244705,0.4206725,0.41435865,0.045761403,2.144581,0.0,2.902894,0.9669413,0.76538897,0.0,0.0,0.0,0.28056315,0.0,0.0,0.0,0.96016985,2.08828,0.0,2.4260628,0.0,0.0,0.0,0.0,0
0.0,0.0,1.1674404,0.8180979,0.9339793,0.0,0.0,0.551906,0.0,0.0,0.0,2.1905053,0.0,1.6282003,0.6808683,0.0,0.0,0.7429835,0.9647108,0.0,0.17169164,0.0,3.076051,3.1621385,1.5253843,2.4354672,0.0,0.33632204,1.2652949,0.0,0.0,0.0,0.0,1.845849,0.0,2.7217858,1.4570849,0.0,0.0,0.0,0.0,1.8963033,0.0,0.0,0.0,0.252803,0.8316821,0.0,0.23592377,0.0,0.0,0.0,0.0,0.60865337,0.1902742,0.0,0.0,0.0,0.747416,0.097890384,0.0,1.8749077,2.2913413,0.80612874,0.0,2.577781,0.0,0.0,0.0,0.753718,2.0510552,0.9612702,0.0,0.0,0.45617315,1.6311308,0.3335592,0.0,3.4265,0.0,0.0,0.0,0.9787263,0.80220413,0.3914189,1.1842136,2.7676482,0.056571353,0.0,0.19459352,1.183582,0.0,0.0,0.0,1.794613,0.0,0.0,0.0,2.8641806,1.9588356,0.48030242,0.0,0.0,0.0,1.3857088,0.3152107,0.9413792,0.027380314,1.7075952,0.0,1.9735097,1.0853816,0.00064550736,0.08487405,0.0,0.0,1.3619448,0.0,0.0,0.0,0.79349995,2.958168,0.0,2.8999565,0.0,0.0,0.0,0.0,0
1.4432415,0.0,0.4809193,0.0,0.972198,0.0,0.0,0.0,0.0,0.0,0.021429826,0.9275956,1.656054,0.86354357,0.0,0.0,0.0,0.0,0.0,0.0,0.7078831,0.0,0.1492477,0.0,0.021381442,0.5834813,1.7230103,0.5921744,0.0,0.0,0.0,0.0,0.0,0.6314512,1.7285643,0.0,2.52814,0.30133477,0.0,0.0,0.8167762,0.0,0.0,0.0,0.0,2.4032857,0.82736343,0.0,1.7017231,0.0,0.0,0.0,0.89740866,0.62378025,0.4312755,0.0,0.0,0.0,1.9831493,0.6714906,0.0,1.7542577,0.60309184,0.23340456,0.0,1.745296,1.5291425,0.3973838,0.0,1.6939996,1.0844682,0.07870243,0.0,0.0,1.376206,3.3074486,1.1018808,0.8293846,2.7349064,0.0,0.0,0.0,1.4385197,0.92859626,0.0,0.0,0.36729714,0.0,0.0,0.0,3.367755,0.78014696,0.6063982,0.0,1.6480991,1.3242948,0.0,1.5401003,2.3086948,0.0,1.1743273,1.5844185,0.28883892,0.0,1.9731684,1.3187943,0.57872957,1.0021957,1.4560808,0.8797154,2.2071607,0.0,0.0,0.0,0.0,0.0,0.6641996,0.0,0.2792056,0.0,1.4488705,0.3893291,0.0,2.8215654,1.3626444,0.0,0.0,0.2909313,1
0.5748782,0.0,1.5140343,0.0,0.8473808,0.0,0.0,0.77806187,2.5760887,0.0,0.0,1.9998834,0.38764724,1.7896755,0.0,0.0,0.0,0.0,0.15619996,0.0,1.0519987,0.0,0.87623954,1.0928113,1.0219853,2.0762453,0.0,0.17822327,1.3479834,0.0,0.0,0.0,0.0,0.4483183,0.58917,1.2057152,2.5518434,1.2162577,0.0,0.0,1.1790228,0.0,0.0,0.0,0.0,1.2836801,0.6467664,0.0,1.1911948,0.0,0.0,0.0,0.92402875,0.860316,0.0,0.40292025,0.0,0.0,2.5413866,0.0,0.0,1.6113603,0.23929542,1.6205733,0.0,2.398133,0.0,0.0,0.0,0.0,1.4041865,1.4573824,0.0,0.0,0.24499816,1.6274091,0.91212225,1.1871954,2.347053,0.0,0.23428397,0.0,0.0,1.2239034,0.0,0.0,1.935857,0.0,0.0,0.0,2.1435843,0.0,0.47200745,0.0,0.91159815,0.5871648,0.0,0.0,0.759823,1.6601183,1.40238,1.3437843,0.0,0.0,2.059616,1.3362849,2.2785594,1.552922,1.0932885,0.29189116,1.9159636,0.47325537,0.0,0.0,0.49363923,0.0,1.7847342,0.0,0.0,0.0,0.8915627,0.49701872,0.0,2.045783,0.6523368,0.0,0.0,0.0,1
2.092277,0.0,0.8684479,0.0,0.26415265,0.0,0.0,1.268459,2.6933115,0.0,0.0,0.31129813,1.5241121,0.23257843,0.0,0.0,0.0,0.0,1.5974863,0.0,1.3767686,0.0,0.0,0.45769274,0.5477022,1.6872462,0.0,0.0,0.0,0.0,0.0,0.0,0.0,0.0,0.6554737,0.0,2.5567925,2.0508115,0.0,0.0,0.120953076,0.0,0.0,0.0,0.0,2.6450672,0.83001757,0.0,1.3511033,0.0,0.0,0.0,0.0,1.4993243,0.0,1.865287,0.0,0.0,3.1757846,0.0,0.0,1.7162244,0.39327398,1.0221598,0.0,2.316746,0.0,0.0,0.0,0.0,0.44741914,1.4288312,0.0,0.0,0.0,2.083036,1.6886026,0.82511353,0.69232213,0.0,0.6035093,0.0,0.0,1.8602897,0.0,0.0,0.411939,0.19340058,0.0,0.0,3.6673768,0.0,0.8918069,0.0,0.0,1.1807544,0.0,0.0,0.6092847,1.4258068,2.0196855,2.1751528,1.6824311,0.0,3.0338197,2.8971965,2.5766568,1.8735807,0.74146295,0.0,1.9932281,0.0,0.0,0.0,1.1948283,0.0,0.51691335,0.0,0.0,0.0,2.1561427,0.033308063,0.0,1.6096377,0.20347896,0.0,0.0,0.0,1
2.6249812,0.0,1.9282699,0.0,0.77136636,0.0,0.0,0.98546004,1.9840018,0.0,0.0,1.5681129,1.6240922,0.5766923,0.0,0.0,0.0,0.0,0.6049021,0.0,1.406152,0.0,0.30749375,0.0,0.422495,2.278212,0.0,0.0,0.8407364,0.0,0.0,0.0,0.44254136,0.44672078,0.0,0.0,0.96431273,1.0003384,0.0,0.0,0.7312739,0.20431332,0.0,0.0,0.0,1.4692248,0.0,0.0,0.64541984,0.0,0.0,0.0,0.7236976,0.28456044,0.0,0.13646865,0.0,0.0,1.2774578,0.0,0.0,0.2942156,0.4868181,1.260937,0.0,1.2735357,0.0,0.0,0.0,0.82441944,0.09079491,1.2441754,0.0,0.10511934,0.28082812,0.95910406,0.61478305,1.4574865,1.9875772,0.0,0.5612062,0.0,0.0,1.2924209,0.090182915,0.0,1.0697844,0.0,0.0,0.0,1.8221183,0.0,0.84639364,0.0,1.0212514,0.084260285,0.0,0.0,0.013859457,1.5638666,1.0464107,2.8612497,0.29862317,0.0,1.8389398,0.5455993,2.4581327,1.3909359,0.29724848,0.0,2.3758836,1.6210859,0.41157365,0.0,1.2700102,0.0,1.2088345,0.0,0.0,0.0,0.16289164,0.09157912,0.0,1.278378,0.0,0.0,0.0,0.0,1
3.585699,0.0,0.13950469,0.6297632,1.2485112,0.0,0.0,1.4271879,3.0455077,0.0,0.0,1.4983494,2.0271728,0.8333398,0.0,0.0,0.09158288,0.0,1.4160231,0.0,2.5821164,0.0,0.0,0.9410895,0.0,1.4751371,0.0,0.0,0.29099223,0.0,0.0,0.0,0.8292158,0.0,0.0,0.0,0.8803353,2.0481184,0.0,0.0,0.5439637,0.5817772,0.0,0.0,0.0,1.9783453,0.1255048,0.0,1.086416,0.0,0.0,0.0,1.0728664,1.6038666,0.0,1.129161,0.0,0.0,2.391614,0.0,0.0,0.6993353,0.41293165,2.7849472,0.0,2.6475294,0.0,0.0,0.0,0.29514134,0.0,1.3892325,0.0,0.0,0.673687,1.78004,1.9870555,0.5222809,2.3218482,0.0,0.30187464,0.0,0.18957897,1.8921427,0.0,0.15839064,0.06475587,0.1508366,0.0,0.0,2.5527506,0.0,0.0,0.0,0.0,0.6524722,0.0,0.0,1.2328719,0.79101306,2.3228228,3.6823258,0.66762894,0.0,2.0083745,1.9888177,3.5051684,1.7033536,0.30632025,0.7831042,1.3105637,2.4000053,0.0,0.0,0.83294123,0.0,1.1182498,0.0,0.0,0.0,1.0642198,0.17675105,0.0,1.1603564,0.0,0.0,0.0,0.0,1
3.0790958,0.0,0.22871812,0.5164174,1.0741816,0.0,0.0,0.9865477,3.0513427,0.0,0.0,1.2084558,1.9163756,1.1412863,0.0,0.0,0.0,0.0,2.7038977,0.0,1.88245,0.0,0.0,0.12694754,0.68017477,1.9378985,0.0,0.0,0.8811397,0.0,0.0,0.0,0.43370363,0.0,0.0,0.0,1.7886837,1.878814,0.0,0.0,0.6731612,0.50569636,0.0,0.0,0.0,2.1171336,0.24780078,0.0,0.5147785,0.0,0.0,0.0,1.5063763,1.2328365,0.0,1.3301623,0.0,0.0,1.7147565,0.0,0.0,0.99355173,0.3194667,2.1481104,0.0,3.0176146,0.0,0.0,0.0,0.0,0.77443945,2.2123446,0.0,0.0,0.23420024,1.3760082,1.8429608,0.23693751,2.0954032,0.0,0.7617591,0.0,0.0,1.0833963,0.0,0.0,0.44219396,0.0,0.0,0.0,2.4697495,0.0,0.21504667,0.59624475,0.054749794,0.53369117,0.0,0.0,0.21263045,1.5168593,2.1004663,2.947327,0.25756523,0.0,2.274775,1.5128579,2.7887602,1.3813823,0.1260105,0.62173736,0.82096016,1.571256,0.0,0.08432539,0.83451456,0.0,1.019585,0.0,0.0,0.0,2.0724206,0.29240337,0.0,0.8399546,0.0,0.0,0.0,0.0,1
3.6002889,0.0,0.62360877,0.1374806,1.1527864,0.0,0.0,1.3064065,3.183511,0.0,0.0,1.3603435,1.7757213,0.6668109,0.0,0.0,0.0,0.0,1.1796093,0.0,2.8099077,0.0,0.0,0.45017385,0.48109204,1.8434719,0.0,0.0,0.053469762,0.0,0.0,0.0,0.77469885,0.0,0.0,0.0,1.7632649,2.6723678,0.1495075,0.0,0.7028935,0.0,0.0,0.0,0.0,2.156893,1.1327028,0.0,0.91398454,0.0,0.0,0.0,1.210984,1.6872449,0.0,1.5039219,0.0,0.0,2.0111818,0.0,0.0,0.0,0.2542049,1.8542527,0.0,2.3746297,0.0,0.29761982,0.0,0.27346697,0.051200025,1.407143,0.0,0.0,0.6772709,1.439914,1.801484,0.71742696,1.505069,0.0,0.05917254,0.0,0.14562155,2.535392,0.0,0.0,0.3105335,0.0,0.0,0.0,2.8718624,0.0,0.548308,0.0,0.13252252,0.6318078,0.0,0.0,0.32484388,1.1449716,1.8889378,2.8566453,0.83878404,0.0,2.2119696,1.6893773,4.1709113,2.071634,0.63287103,0.55225915,1.1230451,1.7319516,0.0,0.0,1.2932984,0.0,1.3690093,0.0,0.0,0.0,0.4207017,0.0,0.0,1.6477324,0.0,0.0,0.0,0.0,1
2.425181,0.0,0.81227875,0.41700134,0.56294537,0.0,0.0,0.8948418,3.2338107,0.0,0.0,1.1847812,1.7292732,0.61882585,0.0,0.0,0.0,0.0,1.5964196,0.0,2.4286804,0.0,0.0,0.0,0.524178,1.8516397,0.0,0.0,0.93908954,0.0,0.0,0.0,0.25361764,0.0,0.48291758,0.0,1.9031427,2.2766688,0.0,0.0,0.55844843,0.0,0.0,0.0,0.0,2.0877554,0.88737303,0.0,0.667537,0.0,0.0,0.0,0.7956088,1.8264658,0.0,0.97602767,0.0,0.0,2.7466893,0.0,0.0,1.1624422,0.58926153,1.62586,0.0,2.7594912,0.0,0.0,0.0,0.0,1.1141555,1.3266747,0.0,0.0,0.114343055,1.9866437,1.8058724,0.68452805,2.2491772,0.0,0.08000982,0.0,0.0,1.8989668,0.0,0.0,0.507582,0.0,0.0,0.0,3.6243165,0.0,0.017011411,0.0,0.0,0.32692978,0.0,0.0,0.47088966,1.317956,1.7227644,2.292751,0.5471891,0.0,2.587291,2.302871,2.8312223,2.1709678,0.8385852,0.08506012,1.4739093,0.7488347,0.0,0.0,0.61857766,0.0,0.9011796,0.0,0.0,0.0,1.9843392,0.0,0.0,1.6887524,0.07339413,0.0,0.0,0.0,1
0.0,0.0,1.1882571,1.4777702,1.8540592,0.0,0.0,1.7215466,0.29331866,0.0,0.0,0.52500886,0.0,2.184735,0.0,0.0,0.0,0.0,0.0,0.0,1.5594542,0.0,0.09469557,0.71872485,1.0650244,2.471072,0.0,0.0,1.7540493,0.0,0.0,0.0,0.0,1.0721041,0.24943115,0.8074439,1.9143242,1.6207099,0.0,0.0,3.2178478,0.0,0.0,0.0,0.0,1.1277196,0.464617,0.56307733,1.228262,0.0,0.0,0.0,1.3609688,0.95404166,0.0,0.0,0.0,0.0,2.8412862,0.0,0.0,0.7308419,0.9094646,1.2492115,0.0,3.0698912,0.27656454,0.0,0.0,0.5811399,1.8313102,0.44911936,0.0,0.9311968,2.0370438,1.9228747,0.0,1.373762,2.0800545,0.0,0.0,0.0,0.0,0.88587743,0.0,0.18455681,1.1645964,0.0,0.0,0.0,2.2183409,1.243651,0.45479238,0.6701516,1.8054125,1.0182319,0.0,0.0,0.0,1.2655916,1.366,1.1964953,1.3738226,0.0,1.6326368,1.3227444,1.2973633,1.8311409,1.3722138,0.35909644,3.046199,0.63647014,0.5060025,0.0,0.0,0.0,1.6385307,0.0,0.0,0.0,1.4323585,0.9773639,0.0,2.8617916,1.6327006,0.0,0.0,0.0,1
1.3992745,0.0,1.1964749,0.0,0.3052268,0.0,0.0,0.23462407,1.0568165,0.0,0.0,2.1955047,1.2277994,1.9038979,0.0,0.0,0.0,0.0,0.0,0.0,1.934456,0.0,1.3460888,1.2330041,0.7025352,1.7603434,0.0,1.1087732,0.30042946,0.0,0.0,0.0,0.0,1.0689006,0.5018017,1.2457553,2.5726898,0.885926,0.0,0.0,1.459616,0.72135204,0.0,0.0,0.0,1.2126297,0.5647522,0.0,1.7410057,0.0,0.0,0.0,0.72888124,0.7200975,0.09219294,0.16913515,0.0,0.0,0.8428057,0.0,0.0,2.790675,1.0885646,0.7337403,0.0,2.217459,0.0,0.35694528,0.0,0.66811,1.6052457,0.98999053,0.0,0.0,0.38426125,2.918478,1.7158961,0.2872273,3.1324866,0.0,0.08186356,0.0,0.010493141,0.323231,0.31149915,0.7659319,2.1923327,0.0,0.0,0.0,2.3657973,0.0,0.0,0.9721775,2.4436872,0.13530031,0.0,0.0,1.5599349,2.1041453,1.014426,1.3233202,0.05054384,0.0,2.29929,0.50531083,0.70462495,1.193528,1.1857908,0.47673166,3.2461972,0.2519956,0.0,0.3127089,0.05773854,0.0,1.6285383,0.0,0.0,0.0,0.5615144,0.97207034,0.0,0.76912206,0.98879254,0.0,0.0,0.0,0
0.0,0.0,1.6863254,0.28273046,0.8116144,0.0,0.0,0.6366209,0.36290175,0.0,0.0,1.9374307,0.0,1.7927009,0.41799432,0.0,0.0,0.4523515,0.15928903,0.0,0.824572,0.0,3.0436478,2.656371,1.3378571,2.8777478,0.0,0.34807676,1.5743196,0.0,0.0,0.0,0.0,1.7902218,0.0,2.2176013,2.3125985,0.0,0.0,0.0,0.65275395,1.7585576,0.0,0.0,0.0,0.27547428,0.11727337,0.0,0.052170996,0.0,0.0,0.0,0.0,0.9562531,0.6273641,0.0,0.0,0.0,0.66393995,0.0,0.0,2.6942217,1.4053843,1.1199696,0.0,2.4717019,0.0,0.0,0.0,0.6261591,2.4282503,1.6511104,0.0,0.0,0.22605953,2.1013274,0.0,0.0,2.949342,0.0,0.39621437,0.0,0.3685701,0.5720201,0.8867,0.52926767,2.6066206,0.2707985,0.0,0.16914257,1.6611459,0.0,0.0,0.22047144,2.5110185,0.0,0.0,0.0,2.6076882,2.448498,0.09059056,0.0,0.0,0.0,1.6147461,0.5356633,0.8052883,0.32029268,1.3974806,0.0,2.340191,1.1578902,0.0,0.43862602,0.0,0.0,1.1836256,0.0,0.0,0.0,0.8705673,2.7773466,0.0,2.9990282,0.0,0.0,0.0,0.0,0
3.2058818,0.0,0.680379,0.0,1.1079259,0.0,0.0,1.7749443,3.4321308,0.0,0.0,0.7734876,1.4841974,0.82315177,0.0,0.0,0.0,0.0,1.9987639,0.0,2.257433,0.0,0.0,0.80968535,0.271219,1.4314786,0.0,0.0,0.34192488,0.0,0.0,0.0,1.0805461,0.0,0.0,0.0,1.9496636,1.8301318,0.0,0.0,0.62967706,0.66831154,0.0,0.0,0.0,2.4294283,0.0,0.21393616,0.33394137,0.0,0.0,0.0,0.7957542,1.3280368,0.0,1.6421342,0.0,0.0,2.6431236,0.0,0.0,1.5843383,0.33738244,2.6158812,0.0,2.4653096,0.0,0.0,0.0,0.0,0.30558288,1.4362764,0.18737467,0.0,0.42118025,1.8335105,1.4813759,0.542157,1.8479615,0.0,0.47396564,0.0,0.36080503,1.4833472,0.0,0.0,0.6543767,0.0,0.0,0.0,3.0019372,0.0,0.0,0.0,0.0,0.70202863,0.0,0.0,0.892017,1.3676285,2.028381,2.844051,0.82266295,0.0,2.9540153,2.543859,3.2284286,1.5880069,0.6420473,0.55472773,1.7531024,1.0004867,0.038497943,0.0,0.9197786,0.0,1.1043137,0.0,0.0,0.0,1.5111104,0.0,0.0,1.4277097,0.0,0.0,0.0,0.0,1
0.0,0.0,0.61892784,0.8329238,1.9358398,0.0,0.0,1.0865886,0.1833949,0.0,0.0,1.514224,0.30297908,1.4036875,0.45408517,0.0,0.0,0.23374008,1.3836783,0.0,1.8014923,0.0,1.0809762,1.8567647,0.80113924,2.6226926,0.0,0.0,1.3604984,0.0,0.0,0.0,0.0,1.4550457,0.0,1.6662315,1.5137973,0.97209376,0.0,0.0,0.4923497,0.7882945,0.0,0.0,0.0,1.6370833,0.0,0.0,0.82151985,0.0,0.0,0.0,0.07076523,1.6169418,0.14419681,0.0,0.0,0.0,1.0215305,0.0,0.0,2.244775,1.8644215,1.1314029,0.0,3.6124418,0.0,0.0,0.0,1.4953672,1.6800643,1.0574052,0.0,0.0,1.0446563,1.811589,0.91380894,0.05600591,2.8554046,0.0,0.0,0.0,0.2876177,2.2013273,0.0,0.904248,2.4789248,0.0,0.0,0.0,2.1235108,0.0,0.4802992,1.1154279,2.3805015,0.32142577,0.0,0.49976125,1.8453698,1.0983113,1.0523058,1.4739444,0.3331055,0.0,2.104003,0.8697513,1.7684276,0.83752334,1.9375223,0.0,2.9173887,1.2153008,0.51360846,0.0,0.0,0.0,0.90077484,0.0,0.0,0.0,0.7814574,1.283848,0.0,2.8506145,0.0,0.0,0.0,0.0,1
2.567108,0.0,0.5735492,0.0,2.1548636,0.0,0.0,2.8163276,1.386424,0.0,0.0,0.14053117,0.73396903,0.731703,0.48632845,0.0,0.0,0.0,2.270097,0.0,2.8757885,0.0,0.0,0.93450177,0.0,2.3510094,0.0,0.0,0.85986465,0.0,0.0,0.0,0.302562,0.39320678,0.0,0.25160864,1.1805236,1.3439772,0.40136513,0.0,1.3479551,0.32501477,0.0,0.0,0.0,2.5681462,0.0,0.51726073,0.15042412,0.0,0.0,0.0,0.33666536,0.70641655,0.07808929,1.0989442,0.0,0.0,2.3064432,0.0,0.0,0.64874333,0.7822717,2.4685376,0.0,2.9591935,0.0,0.0,0.0,0.92801124,0.0,1.1377255,0.0,0.0,0.49944276,1.1597168,0.9236443,1.0282198,1.2471257,0.0,0.30305186,0.0,0.33544806,2.5472598,0.0,0.23821501,0.5604158,0.0,0.0,0.0,2.9819765,0.0,0.24455033,0.21634352,0.73417366,0.6853566,0.0,0.0,0.4047493,0.91913044,1.9223562,2.8276322,1.128834,0.0,2.1931603,2.6398404,2.5974805,0.86548823,1.3397573,0.4977869,2.8894167,2.0326324,0.36178273,0.0,0.31646654,0.0,1.5723592,0.0,0.0,0.0,0.6855204,0.87728447,0.0,1.3607739,0.61281526,0.0,0.0,0.0,1
2.3987467,0.0,0.10180018,0.6326358,2.1375942,0.0,0.0,1.5609436,1.6933233,0.0,0.10438876,0.8215651,1.06668,0.0,0.0,0.0,0.0,0.0,1.1872146,0.0,3.075378,0.0,0.0,0.8098875,0.0,1.6387801,0.0,0.0,0.0,0.0,0.0,0.0,0.0,0.20723002,0.0,0.14417326,2.5173562,1.842605,0.89486706,0.0,1.7243907,0.0,0.0,0.0,0.0,3.4054935,1.7907755,0.0,0.37557876,0.0,0.0,0.0,0.6795357,1.1592362,0.0,1.8061898,0.0,0.0,2.3731356,0.83171594,0.0,0.61833566,0.53164935,1.519629,0.0,3.084466,0.0,0.7686957,0.0,0.22374213,0.0,0.0,0.0,0.41516846,0.0,0.0,0.97997344,1.2576112,0.0,0.0,0.0,0.0,0.18640178,2.8123891,0.0,1.2079375,0.0,0.0,0.0,0.0,3.3364248,0.06654826,0.47798392,0.20429498,1.400343,0.9192755,0.0,0.0,0.5168562,1.2916759,1.4402667,2.2557948,2.2397337,0.0,1.4222008,3.2703257,3.6180599,1.6628498,1.9304664,0.7110713,1.8325526,1.4793122,0.9264244,0.0,1.068596,0.0,1.200857,0.0,0.9506317,0.0,1.6385614,0.0,0.0,0.7424358,1.2426037,0.0,0.0,0.0,1
2.88615,0.0,0.76415473,0.049608756,2.2072988,0.0,0.0,1.8397578,1.6413451,0.0,0.0,0.3957128,0.812437,0.25643578,0.0,0.0,0.0,0.0,3.3801901,0.0,1.0708258,0.0,0.0,0.4576695,0.0,2.0425227,0.0,0.0,0.489097,0.0,0.0,0.0,0.0,0.0,0.076436184,0.0,2.3143642,1.1979367,0.0,0.0,1.8977513,0.13291286,0.0,0.0,0.0,2.819979,0.07356941,0.097194806,0.09576833,0.0,0.0,0.0,1.230556,0.9402784,0.42137596,2.2231522,0.0,0.0,2.241352,0.0,0.0,0.6525141,0.33440498,1.5071337,0.0,3.1169827,0.0,0.0,0.0,0.0,0.44280893,0.3121988,0.09629158,0.2367969,0.0,1.4330914,0.8428602,0.84917027,0.6750792,0.0,1.748523,0.0,0.0,1.4302034,0.046517123,0.2083357,0.4565085,0.0,0.0,0.0,2.212813,0.0,0.22976077,0.7002469,1.4191184,0.44230995,0.0,0.0,0.646089,1.5127327,1.6305295,2.7149372,0.85909915,0.0,1.3784728,1.4673299,3.0002778,0.6746187,0.91282517,0.9145419,1.773362,1.1385858,0.0,0.0,0.81529695,0.0,0.84699255,0.0,0.0,0.0,1.8449677,0.831454,0.0,0.45290783,0.0,0.0,0.0,0.0,1
0.3401077,0.0,1.748958,0.12792556,0.70387095,0.0,0.0,0.0,0.47491002,0.0,0.0,1.253148,0.0,1.6442732,0.7668042,0.0,0.0,0.0,0.0,0.0,1.0869883,0.0,0.897449,1.6633415,0.0,1.5983522,0.033242762,0.8774239,0.61530423,0.0,0.0,0.0,0.0,2.599231,0.014688513,1.3647546,1.2971585,0.29449067,0.0,0.0,0.52585566,0.8052358,0.0,0.0,0.0,0.959185,0.0,0.0,1.0773203,0.0,0.0,0.0,0.0,1.0715811,0.1764161,0.0,0.0,0.0,0.51818174,0.0,0.0,2.9675372,1.9287269,0.25641465,0.0,2.0662458,0.0,0.0,0.0,1.5890323,1.241573,0.8620689,0.0,0.0,0.45688736,2.2962167,0.742519,0.0,3.2721994,0.0,0.0,0.0,0.0,0.26394513,0.8951502,1.2556828,2.2769444,0.0,0.0,0.0,1.3663486,0.0,0.11345471,1.4073237,3.0595653,0.0,0.0,0.21772866,2.6464784,2.3144412,0.016656838,0.12680094,0.5305648,0.0,2.232853,0.0,0.0,0.0,1.7589957,0.35173994,4.204043,0.0,0.5860181,0.0,0.0,0.0,0.0,0.0,0.0,0.0,0.0,1.2699465,0.0,0.90409917,0.0,0.0,0.0,0.0,0
0.0,0.0,2.9232714,1.996903,0.5464579,0.0,0.0,0.42641547,1.103062,0.0,0.0,1.4248209,0.0,2.6974509,1.2452322,0.0,0.0,0.0,0.0,0.0,0.54545957,0.0,0.7168492,1.8266582,0.510453,1.9819959,0.0,0.0,1.4755158,0.0,0.0,0.0,0.0,2.2083178,0.0,1.774136,0.91213304,0.7840399,0.0,0.0,0.66074383,1.0175511,0.0,0.0,0.0,0.3624101,0.0,0.0,0.042590264,0.0,0.0,0.0,0.0,0.7081023,0.5665847,0.0,0.0,0.0,1.2819412,0.117616154,0.0,1.9604046,0.8309813,0.8588735,0.0,2.5133665,0.014234465,0.0,0.0,0.6680569,2.0232732,1.9322877,0.0,0.0029917578,0.48959982,1.7388438,0.0,0.014171794,2.7562652,0.0,0.91175455,0.0,0.0,0.0,0.26806137,0.0,2.2073774,0.0,0.0,0.0,0.7748037,0.0,1.1953465,1.1010345,2.2358825,0.0,0.0,0.0,1.3488321,2.329334,0.0,0.0,0.0,0.0,1.654897,0.13970724,1.0197386,0.0,1.4450856,0.0,2.2021916,0.23047373,0.0,0.5257543,0.0,0.0,0.7848642,0.0,0.009835063,0.0,0.05206754,0.76946497,0.0,1.7010753,0.0,0.0,0.0,0.0,0
2.954623,0.0,0.56693965,0.87376374,1.8456484,0.0,0.0,2.3255618,1.9025239,0.0,0.0,1.3539155,1.6977324,0.32449538,0.0,0.0,0.0,0.0,1.5881783,0.0,2.871972,0.0,0.01231694,1.3936654,0.0,0.6180556,0.0,0.0,1.1712558,0.0,0.0,0.0,1.1194179,0.1297236,0.0,0.0,1.3180791,0.7894976,0.0,0.0,2.3616457,0.0,0.0,0.0,0.0,2.165572,0.4226057,0.0,0.21433985,0.0,0.0,0.0,0.71884555,1.5051193,0.0,1.7102895,0.0,0.0,2.0825806,0.0,0.0,0.6454132,1.0540963,2.3422117,0.0,2.8491442,0.0,0.5342905,0.0,0.6919914,0.0,0.41511592,0.0,0.023776226,1.1506226,2.4189563,1.716025,0.21192688,2.0428407,0.0,1.2789571,0.0,0.0,2.6868877,0.0,0.47570258,0.0,0.0,0.0,0.0,3.3458538,0.0,0.0,0.0,0.24110407,1.090272,0.0,0.0,2.2989776,0.0,2.0440598,3.76383,0.5553377,0.0,2.0839605,2.173721,2.4731617,1.3947248,1.0271145,0.5256489,1.458356,2.5183535,0.025886346,0.0,0.07350271,0.0,1.7635815,0.0,0.0,0.0,0.79989934,1.3370745,0.0,1.7306595,0.0,0.0,0.0,0.0,1
2.1749887,0.0,0.6848356,0.55576,1.095214,0.0,0.0,1.9227307,2.4071372,0.0,0.0,1.2809207,1.2806687,0.5742164,0.0,0.0,0.0,0.0,1.1408778,0.0,2.262994,0.0,0.40330184,1.2541665,0.35731432,1.291937,0.0,0.0,1.622284,0.0,0.0,0.0,0.28770784,0.4314254,0.6610712,0.22861475,1.742317,0.96157837,0.0,0.0,2.0817933,0.0,0.0,0.0,0.0,2.8860624,1.5351764,0.0,1.1747468,0.0,0.0,0.0,0.7126264,1.7235421,0.0,1.5577149,0.0,0.0,2.5561972,0.0,0.0,1.2868955,1.6031563,2.185112,0.0,2.2564394,0.0,0.23155732,0.0,0.0,0.12403964,0.69231606,0.0,0.0,0.44915178,2.2207618,1.8440248,0.44017294,1.7155654,0.0,0.9987847,0.0,0.044430982,1.8400481,0.0,0.70534086,0.7472274,0.0,0.0,0.0,3.8148918,0.0,0.0,0.0,0.43599135,0.5288457,0.0,0.0,1.3313323,1.3096544,1.3415366,2.8840399,0.0,0.0,1.8818958,1.9603813,2.4173262,1.7832524,1.0625705,1.1033794,1.6786368,0.5675902,0.0,0.0,0.110428266,0.0,1.6830719,0.0,0.0,0.0,1.395665,0.31540957,0.0,2.767936,0.0,0.0,0.0,0.0,1
0.6370638,0.0,1.8656728,0.3417792,1.191571,0.0,0.0,0.6243932,0.81334203,0.0,0.0,0.95541644,0.77000624,1.4661261,0.16091871,0.0,0.0,0.0,0.0,0.0,1.2781147,0.0,1.5183814,0.6369766,0.58721405,2.6236482,0.0,0.65069884,1.0518193,0.0,0.0,0.0,0.0,1.4040179,0.25540236,0.54290533,1.9730166,0.43670654,0.0,0.0,0.61130345,1.2666765,0.0,0.0,0.0,1.4577334,0.0,0.0,1.2133471,0.0,0.0,0.0,0.6079622,0.31514466,1.0303843,0.0,0.0,0.0,1.2266283,0.0,0.0,2.5996082,1.3766342,1.0563252,0.0,2.7897851,0.0,0.0,0.0,0.775802,1.8543478,1.0577122,0.0,0.0,0.40207595,2.2805512,0.96872306,0.0,3.2252128,0.0,0.35927,0.0,0.25419587,0.121910125,0.3693497,1.0008942,2.6656518,0.0,0.0,0.0,1.6595174,0.0,0.0,1.3272434,2.4002476,0.17566702,0.0,0.5498437,1.9905239,1.7745469,0.3012546,0.94950175,0.26412177,0.0,2.2222881,1.1495074,1.4352055,0.26576123,1.4318498,0.5615323,2.7206924,0.3494238,0.30884472,0.0,0.0,0.0,0.82743084,0.0,0.0,0.0,0.44063523,1.347466,0.0,1.2752682,0.29335698,0.0,0.0,0.0,0
2.9031582,0.0,1.1972004,0.39345044,1.7424889,0.0,0.0,1.7413012,2.482274,0.0,0.0,1.1746452,0.80946165,0.14449364,0.6250851,0.0,0.0,0.037858617,1.6460979,0.0,4.0073695,0.0,0.2520781,1.4765644,0.09612304,1.3666663,0.0,0.0,1.2689703,0.0,0.0,0.0,0.26661363,0.06765132,0.0,0.654518,0.9444401,0.91317135,0.0,0.0,1.4910777,1.410442,0.0,0.0,0.0,2.6337912,0.91879475,0.0,0.73028386,0.0,0.0,0.0,0.3773555,1.5525994,0.0,1.3778431,0.0,0.0,1.846166,0.0,0.0,2.1330898,0.6438468,2.846499,0.0,2.9847214,0.0,0.0,0.0,0.52157027,1.1454378,0.9921864,0.18693586,0.0,0.37608457,2.0694,2.0026903,0.24855873,2.1644638,0.0,0.8327828,0.0,0.4730319,1.4605585,0.0,1.3398504,1.9664768,0.0,0.0,0.0,2.5213518,0.0,0.0,0.3178407,0.55139303,0.48511153,0.0,0.0,1.0383751,0.9890083,1.9306875,2.2393253,0.55388856,0.0,2.4270177,2.03896,2.7663925,1.3308275,1.2283492,0.73675936,1.5362269,1.8283926,0.0,0.0,0.20612782,0.0,1.2901698,0.0,0.13358034,0.0,1.4026687,0.6725389,0.0,1.538757,0.0,0.0,0.0,0.0,1
0.014775178,0.0,1.4656368,0.4754678,0.741554,0.0,0.0,0.20291968,0.2103302,0.0,0.0,1.6115692,0.0,2.1463492,0.6486537,0.0,0.0,0.0,0.0,0.0,1.4393853,0.0,1.8528862,1.7329015,0.31881356,2.4194427,0.0,0.26986685,1.709903,0.0,0.0,0.0,0.0,2.4640198,0.0,2.0550823,1.5786041,0.0,0.0,0.0,0.36239946,1.512169,0.0,0.0,0.0,0.8266189,0.0,0.0,0.7281592,0.0,0.0,0.0,0.23479703,0.5023089,1.0462034,0.0,0.0,0.0,1.2104609,0.0,0.0,2.91945,2.1992006,0.9649776,0.0,2.8611434,0.0,0.0,0.0,0.85923314,2.0014389,1.031587,0.0,0.0,0.34822014,2.0867162,1.1071467,0.0,3.4761274,0.0,0.0,0.0,0.3209924,0.49522454,0.88381755,0.9957296,2.6021752,0.0,0.0,0.0,1.3336487,0.0,0.0,1.2040917,2.3385007,0.23154211,0.0,0.0,2.46072,1.8132639,0.25486425,0.09360503,0.0,0.0,2.0086088,0.0,0.7097291,0.093497775,2.0190794,0.2609226,3.4282203,0.5182543,0.3557428,0.0,0.0,0.0,0.7760041,0.0,0.0,0.0,0.0,1.361774,0.0,1.8901476,0.0,0.0,0.0,0.0,0
0.0,0.0,0.49427572,0.8199761,2.4743729,0.0,0.0,0.274129,0.0,0.0,0.0,0.93612826,0.42476222,1.1938442,0.0,0.0,0.0,0.0,0.0,0.0,0.24030964,0.0,0.59294933,0.44600344,0.0,1.262083,0.5645525,0.0,0.6710753,0.0,0.0,0.0,0.0,1.6557726,0.039427422,1.2885695,1.4966996,1.6490444,0.0,0.0,1.4579461,0.0,0.0,0.0,0.0,0.7867637,0.0,0.0,1.5583245,0.0,0.0,0.0,0.3575935,0.7731025,0.0,0.0,0.0,0.0,1.3896173,0.0,0.0,1.2478929,1.1265178,0.4825879,0.0,2.9359229,1.1829196,0.3025744,0.0,1.4185961,0.9847482,0.4029449,0.0,0.0,0.62180865,2.1431944,0.30257067,1.0960342,2.9782832,0.0,0.0,0.0,0.10745971,1.3772612,0.0,0.8346237,1.8991932,0.0,0.0,0.0,1.5628877,0.33248487,1.082768,0.0,1.9639872,0.0,0.0,0.0,1.7490171,0.0,0.8673692,0.84854764,1.0032412,0.0,1.6558442,1.1844745,0.51179546,0.6161333,3.1515594,0.36144772,3.0381305,0.0,0.0,0.0,0.0,0.0,0.0,0.0,0.0,0.0,0.0,0.88390833,0.0,2.1700377,0.37102473,0.0,0.0,0.0,0
1.1488289,0.0,1.3584828,0.797818,0.18781896,0.0,0.0,0.9357898,2.387923,0.0,0.0,1.9137416,0.82673484,1.6309557,0.19763756,0.0,0.0,0.0,0.68671936,0.0,1.5585654,0.0,0.97703445,1.0453247,0.7688745,1.9174063,0.0,0.18506399,1.4604845,0.0,0.0,0.0,0.119868845,0.7181433,0.5520302,1.1721903,1.7174193,1.0919188,0.0,0.0,0.50423324,1.1007265,0.0,0.0,0.0,1.2904636,0.16615592,0.0,0.5022063,0.0,0.0,0.0,0.30770358,1.1666654,0.37264475,0.0,0.0,0.0,1.7679118,0.0,0.0,2.1643403,1.3537786,0.7085953,0.0,2.1108825,0.0,0.0,0.0,0.0,1.8285397,1.1017201,0.0,0.0,0.09553934,2.405731,0.5275974,0.5173585,3.2043693,0.0,0.0,0.0,0.6893939,0.40558514,0.0,0.0,1.8180927,0.0,0.0,0.0,2.7543042,0.0,0.11425907,0.0,0.5738014,0.14521825,0.0,0.0,1.1642716,2.0341194,0.0,1.2124734,0.112509035,0.0,3.0269644,1.434073,1.7050076,1.3875258,1.026728,0.4790877,2.210848,0.020724174,0.0,0.035705756,0.106589906,0.0,1.365048,0.0,0.0,0.0,0.99878407,0.6560263,0.0,1.8970494,0.21701041,0.0,0.0,0.0,0
0.0,0.0,1.9950368,0.64042586,0.061060656,0.0,0.0,0.0,0.58995026,0.0,0.38645077,1.2721,0.10882822,3.1887882,0.0,0.0,0.0,0.0,0.1672422,0.0,0.66392297,0.0,0.47091508,0.3853284,0.60565656,1.9880012,0.30210683,0.0,1.8177459,0.0,0.0,0.0,0.0,2.0371392,0.0,1.2263733,1.8011217,1.1566004,0.0,0.0,0.8569706,0.6398854,0.0,0.0,0.0,1.1007375,0.0,0.0,0.7603642,0.0,0.0,0.29265624,0.49177364,0.47260445,0.09540535,0.0,0.0,0.0,1.0429058,0.0,0.0,2.046836,1.8580402,0.28589922,0.0,2.9305708,0.2238364,0.0,0.0,0.41442403,2.3156538,1.3135238,0.0,0.0,0.69143,1.6627202,0.6984174,0.0,2.2740295,0.0,0.105290934,0.0,0.0,0.41659552,0.0,0.081742674,1.5878513,0.0,0.0,0.0,1.6720364,0.0,1.8659842,1.6173733,1.578615,0.3974991,0.0,0.7855763,0.6027884,1.4113107,0.0,0.0,0.6237818,0.0,2.163784,0.24860363,0.08401438,0.3931853,1.5759844,0.6924376,2.7318876,0.0,0.9108905,0.30590802,0.0,0.0,0.8506842,0.0,0.0,0.0,0.18089491,0.19089815,0.0,1.5242532,0.34123236,0.0,0.0,0.0,0
0.0,0.0,2.7204733,1.7573416,0.38947678,0.0,0.0,1.1018555,1.4725776,0.0,0.0,1.79786,0.0,1.7526749,0.0,0.0,0.0,0.0,0.04615722,0.0,1.2146318,0.0,1.7073234,1.7403165,0.8961419,2.2738147,0.0,0.6025569,1.6269842,0.0,0.0,0.0,0.0,1.5071712,0.0,1.7578667,2.3332493,0.44125256,0.0,0.0,1.0483718,0.55861485,0.0,0.0,0.0,0.8592379,0.089510284,0.0,0.28421772,0.0,0.0,0.0,0.30304846,0.95675266,0.0,0.0,0.0,0.0,1.0357609,0.0,0.0,1.8790659,1.4022374,0.8166702,0.0,2.2428691,0.0,0.0,0.0,0.0,1.4716738,1.2147167,0.0,0.18898802,0.0,1.7887125,0.0,0.14808519,3.1063936,0.0,0.1386624,0.0,0.10200031,0.7278876,0.539492,0.056869272,1.9840082,0.0,0.0,0.0,1.4655156,0.0,0.34014308,0.5202137,1.6410558,0.0,0.0,0.0,1.082397,2.4942741,0.0,0.0,0.2506618,0.0,2.3616343,0.59510016,1.3142705,0.72299504,1.2195717,0.12003789,2.8022988,0.5324443,0.08074104,0.0,0.0,0.0,1.2646171,0.0,0.0,0.0,0.13585651,0.5145095,0.0,1.9827769,0.0,0.0,0.0,0.0,0
2.9204302,0.0,0.025580058,0.26702735,1.9434041,0.0,0.0,2.6159925,2.4931467,0.0,0.0,0.24880593,0.99965346,0.109586686,0.0,0.0,0.0,0.0,2.611673,0.0,3.6610386,0.0,0.0,1.6791075,0.62404466,1.7227501,0.0,0.0,0.61161536,0.0,0.0,0.0,0.53435284,0.0,0.0,0.22471789,1.394872,1.1774206,0.0,0.0,1.1069119,0.69909453,0.0,0.0,0.0,3.61758,1.0168642,0.0,0.57296395,0.0,0.0,0.0,0.89009815,0.8981612,0.0,1.8662565,0.0,0.0,2.0614648,0.0,0.0,1.2278086,0.9124013,2.3801978,0.0,2.7596834,0.0,0.0,0.0,0.0361638,0.0,0.24170755,0.20232795,0.0,0.74063164,1.1607935,1.6535882,0.29294792,1.1631669,0.0,0.09800628,0.0,1.1499116,2.2705107,0.0,1.8937943,0.41262564,0.0,0.0,0.0,2.5079937,0.0,0.0,0.0,0.63075393,0.6365907,0.0,0.0,0.6515935,1.0321215,1.9259759,2.6259103,0.38724408,0.0,1.9351649,1.6855017,3.2928913,0.6090152,1.1396849,1.0427922,1.3289424,1.5746318,0.06541049,0.0,0.09049433,0.0,1.4675659,0.0,0.0,0.0,1.8633722,0.19761977,0.0,1.2794815,0.0,0.0,0.0,0.0,1
0.0,0.0,1.8852813,0.8405212,0.2930132,0.0,0.0,0.8991141,0.5346938,0.0,0.0,1.892477,0.087441385,2.0377142,0.83298206,0.0,0.0,0.0,0.7610352,0.0,0.6962101,0.0,1.3783971,1.3326415,1.1347388,2.8113406,0.0,0.16365592,1.7092417,0.0,0.0,0.0,0.0,1.7780898,0.0,1.4037336,0.9712983,0.26509967,0.0,0.0,0.0,1.2621801,0.0,0.0,0.0,0.84504676,0.0,0.0,0.8042576,0.0,0.0,0.0,0.0,0.0,1.0344056,0.0,0.0,0.0,0.368606,0.0,0.0,2.8184874,2.3824081,0.13001312,0.0,2.536721,0.0,0.0,0.0,0.90469575,1.7485545,1.3214864,0.0,0.0,0.46821153,1.7012874,0.31865895,0.0,3.4544606,0.0,0.0,0.0,0.0,0.769812,0.7333637,1.1272495,2.7276359,0.0,0.0,0.0,1.3743066,0.0,0.058295794,1.3198899,2.066744,0.34842047,0.0,0.0,1.4778334,2.769626,0.0,0.42361432,0.0005302987,0.0,2.8296916,0.0,0.22511892,0.0,1.4878908,0.0,4.024131,0.05555656,0.4286289,0.0,0.0,0.0,0.413296,0.0,0.0,0.0,0.15673047,1.1021693,0.0,1.3252075,0.0,0.0,0.0,0.0,0
0.0,0.0,1.4016914,0.43353096,1.7273977,0.0,0.0,0.95928013,0.49429938,0.0,0.0,1.5926212,0.0,1.8322669,0.5190142,0.0,0.0,0.081322566,0.5856312,0.0,1.2895635,0.0,2.0002515,2.1827002,1.0230254,2.5739582,0.566721,0.07110363,1.2357587,0.0,0.0,0.0,0.0,1.8615316,0.0,1.943034,1.6227076,0.0,0.0,0.0,0.88804376,1.7313733,0.0,0.0,0.0,0.83741456,0.0,0.0,0.7851828,0.0,0.0,0.0,0.0,1.1547403,1.0342988,0.0,0.0,0.0,1.1516774,0.0,0.0,2.7849543,1.6027561,1.6335729,0.0,2.4245043,0.0,0.0,0.0,1.5728413,1.8926618,1.436377,0.0,0.0,0.7686528,1.96318,0.5505153,0.0,3.1787167,0.0,0.076774254,0.0,0.57258344,0.8696837,1.1629477,1.1386575,3.0651429,0.21570109,0.0,0.10457022,1.482254,0.0,0.0,0.7105498,1.8784214,0.0,0.0,0.099115886,2.6104376,1.7216008,1.1507583,0.25077733,0.18304366,0.0,1.9245434,0.6859733,0.98633116,0.19020501,1.6963476,0.0,2.4213421,1.1191418,0.71486115,0.0,0.0,0.0,0.9241267,0.0,0.0,0.0,0.29394227,1.9443796,0.0,2.8047814,0.0,0.0,0.0,0.0,0
0.0,0.0,1.1112394,0.6092631,1.9938987,0.0,0.0,1.1497494,0.37060207,0.0,0.0,1.5006688,0.033299834,1.365683,0.49698585,0.0,0.0,0.044035207,0.8313533,0.0,1.7377585,0.0,1.3804023,1.6942533,0.8056775,2.4116056,0.70968556,0.31586495,0.9988667,0.0,0.0,0.0,0.0,1.7253247,0.0,1.6459266,2.209254,0.0,0.0,0.0,0.5568681,1.1772572,0.0,0.0,0.0,1.4747287,0.0,0.0,1.1466843,0.0,0.0,0.0,0.0,0.9489202,1.1181121,0.0,0.0,0.0,1.1674911,0.0,0.0,3.030282,1.6606839,0.9169518,0.0,2.6438296,0.0,0.0,0.0,1.9276038,1.1957537,0.8022156,0.0,0.0,0.9497585,2.0633855,1.0891736,0.0,3.0367284,0.0,0.0,0.0,0.19911845,0.9185284,0.8810336,1.3765323,2.7478561,0.0,0.0,0.0,1.5367689,0.0,0.0,0.95806897,3.0844421,0.06661719,0.0,0.19752823,2.9957156,1.8254427,0.8661467,0.2516481,0.0,0.0,1.9035113,0.821432,0.91733295,0.0,1.7515985,0.07492378,3.1413343,0.42527047,0.6045122,0.0,0.0,0.0,1.0026327,0.0,0.0,0.0,0.15192023,1.4224485,0.0,2.0105362,0.0,0.0,0.0,0.0,0
0.9466675,0.0,1.5900433,0.16227363,1.5645622,0.0,0.0,0.8233824,0.43214086,0.0,0.0,1.4239085,0.0,1.226256,0.8084135,0.0,0.0,0.0,0.18992415,0.0,2.0128596,0.0,1.5341288,2.1783094,0.112471595,2.355619,0.0,0.11321361,1.6473966,0.0,0.0,0.0,0.0,1.8239362,0.0,1.3775618,1.6859438,0.08657567,0.0,0.0,0.61810887,1.3381681,0.0,0.0,0.0,1.0084571,0.0,0.0,0.52867764,0.0,0.0,0.0,0.0,1.0395728,0.96093816,0.0,0.0,0.0,1.1254863,0.0,0.0,2.7618532,1.3624668,1.3476901,0.0,2.6333733,0.0,0.0,0.0,1.2060702,1.2764086,0.82184994,0.0,0.0,0.71721464,2.2285707,1.1184816,0.33327046,3.2483351,0.0,0.28522485,0.0,0.06893356,1.2733387,0.8128881,1.3425444,2.6729543,0.0,0.0,0.0,1.2994227,0.0,0.0,0.6227475,2.3990595,0.0,0.0,0.19918875,2.4094038,0.9408208,0.27909014,0.75383157,0.07248271,0.0,1.9559288,0.21986264,1.486704,0.24199745,1.9548459,0.0,3.6110795,1.1360267,0.22498149,0.0,0.0,0.0,0.7214814,0.0,0.0,0.0,0.0,1.5581751,0.0,1.6040019,0.0,0.0,0.0,0.0,0
0.17572789,0.0,1.2613313,1.0558103,0.6160663,0.0,0.0,0.0,1.2052988,0.0,0.0,2.0842283,0.082244724,1.721747,0.23380941,0.0,0.0,0.0,0.14077595,0.0,1.3742588,0.0,0.98718834,0.9885476,0.22738463,3.2079117,0.0,0.5226765,0.9290288,0.0,0.0,0.0,0.0,1.5019721,0.07129624,1.1132038,1.2034482,0.91249853,0.0,0.0,0.65402824,1.4407097,0.0,0.0,0.0,1.1309379,0.0,0.0,1.4410167,0.0,0.0,0.0,0.13329372,0.6688718,0.6543474,0.0,0.0,0.0,1.0571847,0.0,0.0,2.3314643,1.0861634,1.0254948,0.0,2.6397612,0.0,0.0,0.0,0.78179663,1.1178907,1.1984128,0.0,0.0,0.24162859,1.7816813,0.6588826,0.0,3.458733,0.0,0.0,0.0,0.1450171,0.612853,0.13660868,0.7837976,2.4941854,0.0,0.0,0.0,1.3518956,0.0,0.0,1.2496151,2.887875,0.018002482,0.0,0.0,2.2286117,2.280827,0.0,0.76091486,0.26719514,0.0,2.1520748,0.54103386,1.1755135,0.109593116,2.033006,0.0,3.068639,0.324802,0.16359822,0.6999334,0.0,0.0,0.7224521,0.0,0.0,0.0,0.7714918,1.0458921,0.0,1.6866344,0.21849813,0.0,0.0,0.0,0
2.2372732,0.0,0.98587364,0.40665644,1.4107682,0.0,0.0,0.67305744,2.4037457,0.0,0.0,1.36635,1.2350432,0.6589382,0.19493045,0.0,0.0,0.0,1.3259492,0.0,1.9780148,0.0,0.80049294,1.1980733,0.04961038,1.6579165,0.0,0.0,1.2485051,0.0,0.0,0.0,0.21966526,0.18970405,0.04273703,0.632393,2.1270564,1.664456,0.0,0.0,0.8548746,0.04171937,0.0,0.0,0.0,1.7339288,0.71655726,0.0,1.0142365,0.0,0.0,0.0,0.6332,2.0833716,0.0,0.699021,0.0,0.0,2.9144514,0.0,0.0,1.0410795,0.97992283,1.3026218,0.0,2.2317545,0.0,0.04611052,0.0,0.0,1.2049946,0.262624,0.0,0.0,0.23810828,2.523981,1.4854226,1.3165046,2.8357499,0.0,0.5143305,0.0,0.46710798,1.8466446,0.0,0.0,1.2864481,0.0,0.0,0.0,3.2143712,0.0,0.0,0.0,0.61086404,0.041266784,0.0,0.0,1.0401682,1.1686345,1.0918447,1.8482909,0.48035082,0.0,2.7372224,2.1737626,2.775803,1.6785688,1.0218265,0.81396884,1.8873276,1.1706634,0.0,0.0,0.3048999,0.0,1.7404804,0.0,0.252878,0.0,0.8961698,0.55646116,0.0,2.1374564,0.09816119,0.0,0.0,0.0,1
2.1692753,0.0,0.68991655,1.2187469,0.87787133,0.0,0.0,0.35857597,2.133673,0.0,0.0,1.3363006,0.9347377,1.9264311,0.07255363,0.0,0.0,0.0,0.95747226,0.0,1.5752383,0.0,0.03159058,0.53614104,0.19444603,2.4415367,0.0,0.19311966,1.2490991,0.0,0.0,0.0,0.0,0.843749,0.0,0.36850214,1.4692416,0.8465693,0.0,0.0,0.8325786,1.1919165,0.0,0.0,0.0,1.912449,0.06307011,0.0,0.54708946,0.0,0.0,0.0,1.0194184,0.5849423,0.5198043,0.7118791,0.0,0.0,1.8536661,0.0,0.0,1.3027492,0.59736794,1.4048018,0.0,2.5685508,0.0,0.0,0.0,0.0,1.0922854,2.0376735,0.0,0.0,0.0,1.3305914,0.91168225,0.0,3.398218,0.0,0.45337474,0.0,0.013350632,0.3660389,0.4090434,0.0,1.6348203,0.0,0.0,0.0,1.7800412,0.0,0.30332637,1.7914249,1.809538,0.016228767,0.0,0.0,1.2223817,2.539888,0.091256164,1.532945,0.0,0.0,1.8482808,1.1949885,1.5763192,0.1712231,1.4040946,0.0,2.3840723,0.71708065,0.0021572004,0.08793576,0.30303764,0.0,1.5057142,0.0,0.0,0.0,0.48933154,0.36437085,0.0,1.3658357,0.0,0.0,0.0,0.0,1
3.482182,0.0,0.20363365,0.5204894,2.2997134,0.0,0.0,2.8710907,2.9219615,0.0,0.0,0.6554426,0.8305874,0.24506478,0.0,0.0,0.0,0.0,2.3892543,0.0,3.0255811,0.0,0.0,1.4653878,0.50353646,1.6610368,0.0,0.0,0.2729236,0.0,0.0,0.0,0.79576254,0.0,0.0,0.1402401,1.8694153,1.3493639,0.0,0.0,1.8155475,0.6460163,0.0,0.0,0.0,3.0408633,0.7492235,0.24168833,0.46167183,0.0,0.0,0.0,0.76741827,1.3241963,0.0,2.2028987,0.0,0.0,1.9977303,0.0,0.0,1.0026414,0.46399507,2.1631613,0.0,2.6985369,0.0,0.0,0.0,0.0,0.47952068,0.08139179,0.7700196,0.0,0.36529613,1.4954041,1.4508852,0.4457955,1.6228757,0.0,1.186016,0.0,0.31652552,1.7799023,0.0,0.8159598,0.31722847,0.0,0.0,0.0,2.7194395,0.0,0.0,0.06481014,0.7284541,0.6443809,0.0,0.0,1.3931812,1.1099714,1.8877599,2.5497887,0.21416551,0.0,1.8953007,2.128287,3.5311825,0.8841458,1.1079202,0.7574412,1.4050447,2.0205064,0.0,0.0,0.14931804,0.0,1.564613,0.0,0.18384817,0.0,1.5570803,0.12378243,0.0,1.0360857,0.0,0.0,0.0,0.0,1
2.4841437,0.0,0.21080197,0.5743367,1.7942983,0.0,0.0,2.7066042,2.6578758,0.0,0.0,0.82728815,1.4575641,0.7340296,0.2758066,0.0,0.0,0.0,1.6974617,0.0,2.8150535,0.0,0.065684944,1.2784954,0.5206596,1.7349583,0.0,0.0,0.8502904,0.0,0.0,0.0,0.56392914,0.0,0.0,0.18996945,1.9593837,0.75113326,0.0,0.0,1.2338741,0.5922627,0.0,0.0,0.0,2.606611,0.5617,0.0,1.0219357,0.0,0.0,0.0,0.42669126,1.4645348,0.0,1.947032,0.0,0.0,2.152897,0.0,0.0,1.4275334,0.8672754,2.35874,0.0,2.4406903,0.0,0.0,0.0,0.0,0.39155173,0.35411307,0.0036581536,0.0,0.17571759,2.0258622,1.8043503,0.7372516,1.6814698,0.0,0.48221076,0.0,0.2998637,2.086897,0.0,0.9889566,0.6374161,0.0,0.0,0.0,3.262046,0.0,0.0,0.0,0.5573536,0.7341873,0.0,0.0,1.4598546,1.3038716,2.1232753,2.6060615,0.0,0.0,2.2228918,1.8496468,3.0694716,1.4322231,1.2737828,0.95024866,1.9543383,1.7253045,0.0,0.0,0.3497389,0.0,1.4729106,0.0,0.0,0.0,1.8892978,0.47222582,0.0,2.0160336,0.0,0.0,0.0,0.0,1
0.9791755,0.0,1.2823188,0.0,0.73195904,0.0,0.0,0.6909853,0.8390829,0.0,0.759525,1.5212648,0.63806635,1.8423731,0.0,0.0,0.0,0.0,0.0,0.0,2.0977519,0.0,0.87658036,0.0,0.0,1.6824825,0.0,0.7043344,1.4844267,0.0,0.0,0.0,0.0,1.2326272,0.12478342,0.0,0.31414777,0.777701,0.0,0.0,0.8172094,0.0,0.0,0.0,0.0,0.92563885,1.0514327,0.0,1.3939781,0.0,0.0,0.0,0.17977485,0.2931702,0.0,0.0,0.0,0.0,1.259821,0.0,0.0,1.1100315,0.75896573,0.7254618,0.0,1.3466735,0.0,0.7514151,0.0,1.6404225,1.1118135,1.9925094,0.0,0.0,0.945768,1.9347141,1.8941659,0.5912748,1.5714289,0.0,0.0,0.0,0.64536995,1.2260243,0.3469012,0.8390102,2.6899333,0.4319092,0.0,0.0,0.92172384,0.0,1.1442583,0.0,1.3717145,0.63636476,0.0,0.5254864,0.47763205,0.6653402,2.7223098,2.07069,0.97431624,0.0,2.2995036,1.1008166,2.1656704,0.6752865,1.5596136,0.9292604,1.9691093,1.025884,0.0,0.0,0.0,0.0,0.63905555,0.0,0.0,0.0,0.0,0.775896,0.0,2.081903,1.2557026,0.0,0.0,0.0,0
0.0,0.0,1.6203423,0.5513385,1.3471389,0.0,0.0,0.42818794,0.38145047,0.0,0.0,1.510212,0.1646092,2.1625798,0.37263894,0.0,0.0,0.0,0.0,0.0,0.77594984,0.0,1.5324888,1.578574,0.32753816,2.5612404,0.0,0.3945847,1.0781136,0.0,0.0,0.0,0.0,2.13591,0.0,1.6351575,1.6453264,0.051937625,0.0,0.0,0.41032493,1.1133988,0.0,0.0,0.0,0.5120655,0.0,0.0,1.2848997,0.0,0.0,0.0,0.0,0.6970963,0.8191135,0.0,0.0,0.0,0.82891953,0.0,0.0,2.4489896,1.7830143,0.59884,0.0,2.5569723,0.0,0.0,0.0,1.5343894,1.3721242,1.4911119,0.0,0.0,0.6473203,1.5005832,0.70604885,0.0,4.0637197,0.0,0.0,0.0,0.23999019,0.65237975,0.8538583,0.8384142,2.6653633,0.0,0.0,0.0,1.5903997,0.0,0.0,1.6696979,3.0088484,0.0,0.0,0.124608554,2.6461787,1.9728701,0.05092784,0.22835134,0.0,0.0,2.347754,0.025473334,0.1530873,0.0,2.0409212,0.0,3.3315475,0.53063303,0.899659,0.0,0.0,0.0,0.68320614,0.0,0.0,0.0,0.0,1.6702316,0.0,1.8471549,0.0,0.0,0.0,0.0,0
0.0,0.0,1.6542788,0.3202507,0.6747799,0.0,0.0,0.09042076,0.0,0.0,0.0,1.9975079,0.0,2.2565615,0.5067614,0.0,0.0,0.0,0.0,0.0,0.24742918,0.0,2.3994017,1.7922697,0.31511524,2.2750328,0.13487722,0.42865822,1.5333967,0.0,0.0,0.0,0.0,2.5730882,0.0,1.8774589,1.9380354,0.0,0.0,0.0,0.4586125,1.0380253,0.0,0.0,0.0,0.0,0.0,0.0,1.1017011,0.0,0.0,0.0,0.0,0.0,0.49059588,0.0,0.0,0.0,0.2994339,0.0,0.0,2.3977067,2.27574,0.22713788,0.0,2.0896432,0.0,0.0,0.0,1.1393708,1.7872654,0.89360046,0.0,0.0,0.6759452,2.2064266,0.28683317,0.0,3.923742,0.0,0.0,0.0,0.0,0.13744162,1.0229837,0.82234085,2.800919,0.0,0.0,0.0,1.5053943,0.0,0.0,1.2598864,2.6036966,0.0,0.0,0.0,2.5375257,2.1102552,0.0,0.0,0.0,0.0,1.9009523,0.0,0.0,0.0,2.1484032,0.0,3.446915,0.0,0.42454445,0.0,0.0,0.0,0.76660043,0.0,0.0,0.0,0.38317263,1.6263137,0.0,2.0900266,0.0,0.0,0.0,0.0,0
2.7462595,0.0,0.42307156,0.56122077,1.1848091,0.0,0.0,1.182024,2.3751583,0.0,0.0,0.9681193,0.97334784,1.1701719,0.0,0.0,0.0,0.0,1.0794353,0.0,2.6703193,0.0,0.0,1.2249724,0.42054445,2.2785099,0.0,0.0,0.97462815,0.0,0.0,0.0,0.0,0.3814928,0.034543775,0.42594802,1.8052646,0.7138539,0.0,0.0,1.3688926,0.5134726,0.0,0.0,0.0,2.8132725,0.9657335,0.0,0.33717793,0.0,0.0,0.0,0.8900772,0.92294806,0.10192513,1.7274499,0.0,0.0,1.9956901,0.0,0.0,1.031093,0.9126904,1.7022083,0.0,2.4751618,0.0,0.0,0.0,0.0,0.54649425,1.3789359,0.0,0.0,0.2110101,1.4751291,1.1521105,0.0,1.9999958,0.0,0.52117,0.0,0.44312862,1.5377574,0.08396585,0.7603296,0.86272633,0.0,0.0,0.0,2.5579884,0.0,0.0,0.7904012,1.4956567,0.7446086,0.0,0.0,1.4467167,1.921186,1.2224926,2.3455102,0.604842,0.0,1.8400427,1.0996271,2.554018,0.8727135,1.4569173,0.64803284,1.9406976,1.2941812,0.0,0.0,0.0,0.0,1.7305728,0.0,0.0,0.0,1.2751914,0.38460794,0.0,1.888426,0.0,0.0,0.0,0.0,1
1.246773,0.0,0.64369607,0.5356307,1.4334108,0.0,0.0,1.8649669,1.309831,0.0,0.0,1.6293004,0.5357587,1.2628167,0.32444644,0.0,0.0,0.0,1.2253588,0.0,2.3079798,0.0,0.8686224,1.3342026,0.4510245,2.3773932,0.0,0.0,1.3287146,0.0,0.0,0.0,0.0,1.160039,0.35353842,0.9235943,1.9877224,0.13812435,0.0,0.0,0.60030097,1.7051805,0.0,0.0,0.0,1.9576687,0.0,0.0,0.7802422,0.0,0.0,0.0,0.38832137,1.2189579,1.0754812,0.42287892,0.0,0.0,1.1615486,0.0,0.0,2.161423,1.6620022,1.1488587,0.0,2.903349,0.0,0.0,0.0,0.63778335,1.6354114,0.39607343,0.0,0.0,0.8476776,2.4525456,1.6054692,0.4175324,3.3580973,0.0,0.6521345,0.0,0.35551527,1.5869943,0.44142675,1.4201711,1.6105856,0.0,0.0,0.0,2.3797278,0.0,0.0,0.92198527,1.9935752,0.5102573,0.0,0.0,2.6352262,1.3969932,0.45876333,1.4309431,0.0,0.0,2.1899421,1.0938089,1.6542931,0.807113,1.6213982,0.08513512,2.9353592,1.2228417,0.0,0.0,0.4165414,0.0,1.4346851,0.0,0.0,0.0,0.78536695,1.0209626,0.0,2.154075,0.0,0.0,0.0,0.0,0
0.1345446,0.0,1.6303368,1.9441029,0.6443108,0.0,0.0,0.74069977,1.8329834,0.0,0.0,1.7319258,0.0,1.7928182,0.417661,0.0,0.0,0.0,0.72678727,0.0,1.6235094,0.0,1.2326772,1.1274045,1.226739,2.9098423,0.0,0.024663318,1.2070616,0.0,0.0,0.0,0.0,1.0532957,0.0,1.3083296,1.3385526,0.49842033,0.0,0.0,0.72970855,1.2415563,0.0,0.0,0.0,1.8541799,0.734696,0.0,0.5096905,0.0,0.0,0.0,0.34650907,0.9463489,0.41577655,0.34469315,0.0,0.0,1.8534881,0.0,0.0,2.2795553,0.9632694,1.804665,0.0,2.5255826,0.0,0.0,0.0,0.0,2.0951142,1.1052742,0.0,0.0,0.43046755,1.3815732,0.6273204,0.0,2.363475,0.0,0.17237371,0.0,0.5918139,0.5429073,0.09921415,0.6965184,2.2420096,0.0,0.0,0.0,1.8094064,0.0,0.0,0.47132444,1.7883718,0.09987572,0.0,0.0,1.7103931,2.3389935,0.34827098,0.0,0.20290262,0.0,1.9646512,0.9408193,1.7797139,0.5556425,1.4006097,0.06625201,1.9009594,1.0686446,0.0,0.44026244,0.0,0.0,0.88663965,0.0,0.65358126,0.0,1.3428022,1.024439,0.0,2.39506,0.0,0.0,0.0,0.0,1
1.6240239,0.0,1.1427829,0.16097097,1.6421919,0.0,0.0,0.41997066,0.2174382,0.0,0.0,1.7671217,1.6270787,0.0,0.50319713,0.0,0.0,0.0,0.1360544,0.0,2.6528146,0.0,0.4787775,0.0,0.0,0.7516928,0.03661962,0.1936828,1.2118171,0.0,0.0,0.0,0.0,0.11565386,0.08091428,0.0,1.5503209,1.9702094,0.0,0.0,2.0634484,0.0,0.0,0.0,0.0,1.3161021,2.1247787,0.0,2.0627706,0.0,0.0,0.0,1.1211629,1.6929862,0.0,0.0,0.0,0.0,1.259701,0.5570592,0.0,0.39502928,0.8172338,0.98749405,0.0,3.186032,0.10460246,0.0,0.0,1.3200773,0.6203252,0.0,0.0,0.0,0.5902503,2.4441183,1.5290087,0.35407785,2.117489,0.0,0.0,0.0,0.027141687,1.4353256,0.0,1.006963,0.86357766,0.0,0.0,0.0,3.0456755,1.0492604,0.0,0.0,1.31644,0.9288681,0.0,0.6483779,1.4589225,0.77474606,1.5827476,1.9240949,0.086553596,0.0,1.5305398,2.3679163,2.1707475,2.2616434,1.4572645,1.5607582,1.952058,0.0,0.0,0.0,0.0,0.0,1.3432604,0.0,0.0,0.0,0.73004335,1.274508,0.0,2.677777,1.6456307,0.0,0.0,0.0,1
1.1140269,0.0,1.6209606,1.2520891,0.5626185,0.0,0.0,0.386429,2.6158528,0.0,0.0,1.2745912,0.7608758,2.1462765,0.6822954,0.0,0.0,0.0,0.3688526,0.0,2.1345143,0.0,0.0,0.7366728,0.0,2.02738,0.0,0.0,1.8847623,0.0,0.0,0.0,0.39218476,1.4303744,0.0,0.15330431,1.5110886,1.194981,0.0,0.0,0.9688075,0.041825958,0.0,0.0,0.0,1.7911431,0.0,0.0,0.39167356,0.0,0.0,0.0,0.0,0.87882406,0.0,0.8254594,0.0,0.0,2.3876498,0.0,0.0,1.0451908,0.5672096,1.4281933,0.0,2.00178,0.0,0.0,0.0,0.0,1.0879048,1.6973821,0.0,0.0,0.0,1.6714823,0.5308268,0.0,2.7515256,0.0,0.72827893,0.0,0.0,0.89498943,0.22725065,0.0,1.0765073,0.0,0.0,0.0,3.1217341,0.0,0.7716543,0.17532313,0.75051373,0.0,0.0,0.0,1.0343832,1.7630928,0.6009218,1.1542346,0.4143219,0.0,2.569745,1.4595479,2.11144,1.0833135,1.1045246,0.40081882,2.8001368,0.4187251,0.0,0.0,0.0,0.0,0.9786008,0.0,0.0,0.0,0.16612577,0.08694557,0.0,1.8069996,0.0,0.0,0.0,0.0,0
0.0,0.0,1.4522164,0.30225366,1.5414922,0.0,0.0,0.8999139,0.0,0.0,0.0,1.4503909,0.0,1.5500802,0.9878403,0.0,0.0,0.13915326,0.7476473,0.0,1.6833223,0.0,1.6390148,1.9331151,0.43132642,2.490485,0.0,0.0,1.4967784,0.0,0.0,0.0,0.0,2.0467615,0.0,1.3820161,1.7140977,0.0,0.0,0.0,0.432656,1.2895392,0.0,0.0,0.0,0.5128612,0.0,0.0,0.949072,0.0,0.0,0.0,0.0,1.1021626,0.8148909,0.0,0.0,0.0,0.59100205,0.0,0.0,2.8195534,2.06196,0.5185525,0.0,2.45247,0.0,0.0,0.0,1.8150054,1.470386,0.43129012,0.0,0.0,1.154987,2.18977,0.5734932,0.050853714,3.5957184,0.0,0.18329842,0.0,0.09056805,1.2016499,0.8968894,1.4500984,2.6828706,0.0,0.0,0.0,1.7739954,0.0,0.0,1.0214733,2.4652174,0.0,0.0,0.24192266,2.7675042,1.6076186,0.47677514,0.43438163,0.23155318,0.0,2.388192,0.66618365,0.33750576,0.14932463,1.6077471,0.0,3.388018,0.85693574,0.34974256,0.0,0.0,0.0,0.5669025,0.0,0.0,0.0,0.08191144,1.9113799,0.0,1.9359707,0.0,0.0,0.0,0.0,0
0.8597266,0.0,1.4734719,1.1600341,0.98170465,0.0,0.0,0.57755566,1.3397578,0.0,0.0,2.4399116,0.6030329,1.4401011,0.010081939,0.0,0.0,0.0,0.15212175,0.0,1.464,0.0,1.7824575,1.1805929,0.41945392,2.6695256,0.0,0.2577116,1.9230709,0.0,0.0,0.0,0.0,1.1016448,0.0,1.1937171,1.1622026,0.043022513,0.0,0.0,0.5743499,0.8566915,0.0,0.0,0.0,1.1162517,0.0,0.0,0.99083304,0.0,0.0,0.0,0.26352736,0.6013518,0.49884966,0.27293873,0.0,0.0,1.0187601,0.0,0.0,1.5437546,1.8808328,0.893218,0.0,2.3671005,0.0,0.0,0.0,0.0,1.3991529,1.9308914,0.0,0.0,0.0,1.8140852,0.88076097,0.06798668,3.3947797,0.0,0.23103887,0.0,0.5490039,1.2948945,0.17490612,0.04668692,2.154446,0.0,0.0,0.0,2.3842697,0.0,0.99553746,0.4146365,2.2668853,0.26332617,0.0,0.0,1.4220792,2.2966223,0.09509691,0.9401527,0.0,0.0,2.7648795,0.6952976,1.4245646,0.69681704,1.7249147,0.3662552,2.5931826,0.4777654,0.0,0.0,0.0,0.0,1.4902028,0.0,0.0,0.0,0.9509664,1.1726705,0.0,1.5030022,0.0,0.0,0.0,0.0,0
0.20224667,0.0,1.5648596,0.7234131,0.9563374,0.0,0.0,0.38834724,0.45791763,0.0,0.0,1.6116662,0.4867309,1.3603984,0.0,0.0,0.0,0.0,0.37860695,0.0,0.7762815,0.0,2.3575158,0.9335847,1.1214656,2.7052574,0.0,0.7590636,1.3777088,0.0,0.0,0.0,0.0,1.162056,0.0,1.1602381,1.5575658,0.25828552,0.0,0.0,0.3108666,0.69192344,0.0,0.0,0.0,0.7160223,0.819734,0.0,1.5967605,0.0,0.0,0.0,0.0,1.189568,0.22053331,0.0,0.0,0.0,1.4402025,0.0,0.0,2.0194855,1.6042058,0.22666444,0.0,2.800937,0.08963979,0.0,0.0,0.0,1.8246895,1.1593082,0.0,0.0,0.0830713,2.1698635,0.35459134,0.38245395,2.9045076,0.0,0.022801876,0.0,0.3636907,0.0,0.5678171,0.8945166,2.8772776,0.0,0.0,0.0,1.9885107,0.3811572,0.0,0.41051114,2.3789494,0.0,0.0,0.36708978,1.7896296,2.6679726,0.25364017,0.7944269,0.51027834,0.0,1.9238412,0.90575606,0.7114143,0.6950284,1.7651638,0.28857112,2.1940634,0.54301727,0.11824074,0.0,0.0,0.0,1.3551188,0.0,0.0,0.0,0.5118761,2.4920757,0.0,1.6768725,0.0,0.0,0.0,0.0,0
0.87244284,0.0,0.93614167,0.0,0.39274257,0.0,0.0,0.17584467,0.0,0.0,0.45930684,1.4908845,1.8260283,1.8124253,0.09438588,0.0,0.0,0.0,0.0,0.0,0.7166009,0.0,0.15269998,0.09948028,0.0,1.9171977,0.6751477,0.225021,0.0,0.0,0.0,0.0,0.0,0.47112906,2.3223987,0.0,1.081835,0.78212154,0.0,0.0,1.3250728,0.0,0.0,0.0,0.0,0.64570713,0.50307953,0.0,1.3610425,0.0,0.0,0.0,1.1666058,0.64194244,0.0,0.0,0.0,0.0,0.9532227,0.5816381,0.0,1.7782091,0.6850874,0.74812347,0.0,2.6857774,0.005835186,0.9637825,0.0,1.3688104,1.1180935,1.3969241,0.0,0.0,0.75829005,1.9197786,1.6350656,0.19265984,2.721907,0.0,0.0,0.0,0.7789602,0.9962103,0.0,0.58148587,1.7725792,0.0,0.0,0.0,1.7933226,0.0,1.222016,0.017615318,1.8147504,0.8405039,0.0,0.37182206,2.0379767,0.6184162,1.5789186,1.6420907,0.0,0.0,1.5747265,0.92030644,0.7213836,0.73026174,1.94222,0.5509731,2.097493,0.04606512,0.0,0.0,0.0,0.0,0.56396383,0.0,0.0,0.0,0.02494266,0.91468805,0.0,1.4859647,1.7123667,0.0,0.0,0.0,0
0.0,0.0,1.3685329,1.1272675,0.1271006,0.0,0.0,0.0,0.013213857,0.0,0.0,1.2388532,0.0,2.6608255,0.24794245,0.0,0.0,0.0,0.0,0.0,0.77540624,0.0,0.5484608,0.6178224,0.0,1.8837594,0.0,0.2040046,1.1283524,0.0,0.0,0.0,0.0,2.0968008,0.19531716,2.4143243,1.4204377,0.10915299,0.0,0.0,1.2622247,0.0,0.0,0.0,0.0,0.0,0.0,0.0,0.5963466,0.0,0.0,0.0,0.37835112,0.19381647,0.0,0.0,0.0,0.0,0.96036315,0.8543254,0.0,1.6386677,0.82050186,0.0,0.0,2.6860209,0.0,0.569173,0.0,0.3021239,2.6897962,0.95525634,0.0,0.0,0.16197214,2.3533933,0.0,0.07898177,3.5224183,0.0,0.0,0.0,0.38423496,0.05718039,0.18838345,0.282549,1.8708986,0.0,0.0,0.0,1.071429,0.0,1.2436953,0.7427034,2.468528,0.0,0.0,0.47231263,1.7991126,1.1170061,0.1302851,0.0,0.089172505,0.0,1.5068974,0.84420544,0.073144384,0.90263575,3.137438,0.5061352,2.665207,0.0,0.36233738,0.0,0.0,0.0,0.85006845,0.0,0.21452579,0.0,0.5756561,1.3545669,0.0,2.2644858,1.7268125,0.0,0.0,0.0,0
2.99546,0.0,0.0,1.4965233,2.3667538,0.0,0.0,2.800696,1.9333038,0.0,0.0,0.5073662,0.7088062,0.2539501,0.8927706,0.0,0.0,0.0,2.040292,0.0,2.7267795,0.0,0.0,1.606944,0.0,2.8533804,0.0,0.0,0.73326236,0.0,0.0,0.0,0.41758114,0.0,0.0,0.12799537,1.0884821,0.693555,0.0,0.0,2.2414308,0.2684604,0.0,0.0,0.0,3.0043123,0.0,0.49777144,0.4118443,0.0,0.0,0.0,0.0,2.0689862,0.0,1.6434644,0.0,0.0,3.3056877,0.0,0.0,0.5687972,0.6924886,3.078422,0.0,3.846391,0.29367083,0.0,0.0,0.34126642,0.0,0.0067649866,0.0,0.45037383,0.8760127,2.1877742,1.7198384,0.7832033,1.3563455,0.0,1.445661,0.0,0.2602615,3.123594,0.0,0.0,0.0,0.3219977,0.0,0.0,3.9109285,0.0,0.0,0.17128706,0.6133442,0.9107137,0.0,0.0,0.7796434,0.3595121,1.9805611,3.4329371,0.9736707,0.0,1.1616148,2.8123121,2.0411868,1.6927838,0.9877604,0.09262338,1.7574415,1.7568296,0.0,0.0,0.2728672,0.0,0.999309,0.0,0.0,0.0,1.6122593,0.62130076,0.0,2.1293876,0.0,0.0,0.0,0.0,1
1.8079666,0.0,1.2848091,0.7181111,2.2883062,0.0,0.0,1.4246209,1.054154,0.0,0.0,0.38833478,1.3279701,0.93959045,0.4713953,0.0,0.0,0.0,0.0,0.0,2.1701217,0.0,0.3259692,0.7362645,0.50874865,2.5211759,0.6484665,0.0,1.5640472,0.0,0.0,0.0,0.0,0.18672638,0.056577228,0.52743876,1.181654,1.7183319,0.0,0.0,2.2705824,0.17776223,0.0,0.0,0.0,2.9103343,0.0,0.16700454,1.0759966,0.0,0.0,0.0,0.3684028,1.5074464,0.33715585,0.0,0.0,0.0,3.0382013,0.0,0.0,1.6128829,0.21474725,2.0330431,0.0,2.8151004,0.868373,0.0,0.0,0.7923616,1.4526901,0.69163674,0.0,0.8725433,1.4817374,2.5679414,0.4346876,1.4587978,1.2686315,0.0,0.5157129,0.0,0.27922562,2.5847719,0.0,0.54883915,2.0339513,0.0,0.0,0.0,2.4425004,0.18430232,0.0,0.0,0.5909142,0.95645964,0.0,0.0,0.4219246,0.62769437,2.5404694,2.0294065,1.3593456,0.0,2.3462813,2.370782,2.229636,1.2927852,1.6923678,0.6519809,1.2014273,1.3887658,0.0,0.0,0.34743214,0.0,0.38681722,0.0,0.0,0.0,1.6599458,0.75166935,0.0,3.5032275,0.41696277,0.0,0.0,0.0,1
0.0,0.0,1.7092711,0.32019353,0.35918736,0.0,0.0,0.8200033,0.9947253,0.0,0.0,1.7664993,0.0,1.9082855,0.32456845,0.0,0.0,0.5241232,0.2063764,0.0,1.7248993,0.0,2.910683,2.9917295,2.000227,2.9347842,0.0,0.49704668,2.221941,0.0,0.0,0.0,0.0,1.147612,0.0,2.0124412,1.5608981,0.0,0.0,0.0,1.1539546,0.94235474,0.0,0.0,0.0,0.70625067,1.0491443,0.0,1.0470735,0.0,0.0,0.0,0.6517326,0.799031,0.45056498,0.0,0.0,0.0,1.050738,0.27391613,0.0,2.5098174,1.1579167,1.9139395,0.0,2.2902,0.0,0.0,0.0,0.0,2.7436337,1.2082438,0.28219685,0.39734697,0.16234243,1.9763727,0.40619084,0.92764485,3.729908,0.0,0.7312291,0.0,0.67189944,0.87464297,0.81045455,0.89703834,2.6140766,0.0,0.0,0.0,2.108887,0.0,0.0,0.0,1.4654275,0.0,0.0,0.0,1.2954686,2.3869414,1.1222336,0.19799267,0.18187657,0.0,2.2744384,0.8958347,1.2758842,0.8461715,1.9846705,0.115124464,1.6633581,1.6026508,0.0,0.0,0.0,0.0,1.6987263,0.0,0.18108596,0.0,1.0002823,2.5781991,0.0,2.9366732,0.0,0.0,0.0,0.0,0
0.0,0.0,1.4861375,1.7066658,1.3197085,0.0,0.0,0.2611354,1.7329236,0.0,0.0,2.1212425,0.0,2.7643342,0.51077825,0.0,0.0,0.0,0.817052,0.0,0.49136782,0.0,0.9012843,1.0801995,0.89757633,2.387102,0.0,0.0,2.0236375,0.0,0.0,0.0,0.0,1.4398632,0.0,1.3322471,2.1026976,0.7040396,0.0,0.0,0.65135956,0.520304,0.0,0.0,0.0,0.90368134,0.0,0.238289,0.0,0.0,0.0,0.0,0.7343208,0.9935464,0.0,0.0,0.0,0.0,2.323454,0.0,0.0,2.0617578,1.6440747,0.98223215,0.0,2.3947337,0.13399233,0.0,0.0,0.0,2.1196969,2.0687556,0.0,0.94402087,0.7325621,1.7482978,0.0,0.48534814,3.5851994,0.0,0.66926306,0.0,0.0,0.0,0.0,0.0,1.44561,0.0,0.0,0.0,2.0723045,0.0,1.1623917,0.83516294,1.3155755,0.0,0.0,0.0,0.544725,2.19901,0.0,0.56351715,0.08585369,0.0,1.9327892,0.7139159,1.2167047,0.94712347,0.5027143,0.0,2.4299798,0.0,0.23762156,1.2537469,0.017375344,0.0,0.8374484,0.0,0.0,0.0,0.0,0.978104,0.0,1.9286193,0.9769247,0.0,0.0,0.0,1
0.0,0.0,2.6728876,1.6668214,0.1904128,0.0,0.0,0.09500436,1.745673,0.0,0.0,2.091552,0.0,2.857246,0.30406535,0.0,0.0,0.0,0.77291113,0.0,0.5912843,0.0,1.6284751,1.381357,0.70895207,2.345164,0.0,0.79226506,1.4671295,0.0,0.0,0.0,0.0,2.0044718,0.0,2.2000504,1.2103899,0.38744476,0.0,0.0,0.46073568,1.4747328,0.0,0.0,0.0,0.482648,0.0,0.0,0.0,0.0,0.0,0.0,0.2288247,1.0880994,0.31423134,0.0,0.0,0.0,1.0198772,0.0,0.0,2.6383834,1.2202157,1.7645652,0.0,1.6147754,0.0,0.0,0.0,0.0,1.8745877,2.2955043,0.0,0.24357139,0.0,2.3751366,0.16325918,0.0,3.063231,0.0,0.7336276,0.0,0.0,0.0,0.45511702,0.0,2.6418624,0.0,0.0,0.0,1.3547825,0.0,0.36887783,0.45002508,0.64427674,0.33430126,0.0,0.0,1.013029,2.7575777,0.2087626,0.0,0.0,0.0,2.537942,0.22341803,0.8529294,0.59362113,1.0485939,0.38443565,2.2621148,0.0,0.0,0.31204337,0.20339686,0.0,1.5900218,0.0,0.0,0.0,0.0,0.999925,0.0,1.6530592,0.0,0.0,0.0,0.0,0
0.22271626,0.0,0.43843648,2.348301,1.8158785,0.0,0.0,0.39280668,1.3790594,0.0,0.0,0.83811206,0.0,0.3282721,0.51230234,0.0,0.0,0.0,0.6147504,0.0,1.59602,0.0,0.0,0.0,0.0,1.6471106,0.0,0.0,0.0,0.0,0.0,0.0,0.0,1.3545885,0.0,0.0,1.8304161,1.2138354,0.0,0.0,2.0165317,0.0,0.0,0.0,0.0,2.0422409,0.5326407,0.0,0.47661018,0.0,0.0,0.0,1.3693807,0.93618876,0.0,0.9024144,0.0,0.0,2.1423204,0.0,0.0,0.36455593,0.42124537,1.5255871,0.0,3.0764081,0.0,0.17613871,0.0,0.0,0.87732536,0.0,0.0,0.66163146,0.0,0.5460283,0.7152758,0.0,1.9221824,0.0,0.0,0.0,0.0,1.1634909,0.6644807,0.3972858,0.09890635,0.0,0.0,0.0,2.018251,0.23380151,0.42935443,1.6701285,2.074187,1.0140865,0.0,0.0,1.4261634,1.9164891,1.2033796,1.4897814,0.5210445,0.0,1.1242821,2.0324376,2.5074322,0.658973,1.3180863,0.64624053,2.370406,0.7464858,1.5669577,0.0,0.749202,0.0,1.4589888,0.0,0.0,0.0,0.46407658,0.0,0.0,1.7125198,0.6749493,0.0,0.0,0.0,1
2.0128574,0.0,0.035858106,0.39546034,0.68947303,0.0,0.0,1.0946184,2.6836593,0.0,0.0,1.499661,0.30515257,1.2813907,0.0,0.0,0.0,0.0,1.638274,0.0,2.652146,0.0,0.0,0.76899946,0.4946878,2.5607321,0.0,0.03659864,1.2536381,0.0,0.0,0.0,0.0,0.32277495,0.3320425,0.41647917,1.2137257,1.4341172,0.0,0.0,0.43927193,1.1093897,0.0,0.0,0.0,2.2556877,0.923215,0.0,0.5713637,0.0,0.0,0.0,0.740617,0.8739997,0.015698727,1.6693349,0.0,0.0,1.6436534,0.0,0.0,1.4558241,1.1785203,1.6847517,0.0,2.7441425,0.0,0.0,0.0,0.0,0.7339356,1.3992004,0.0,0.0,0.0,1.2269452,1.5721846,0.0,2.17468,0.0,0.3450901,0.0,0.506889,1.1234095,0.0,0.44287944,1.5101634,0.0,0.0,0.0,2.5286124,0.0,0.0,0.0,0.85445714,0.8122373,0.0,0.0,1.0336363,1.9179738,1.0317422,1.9201994,0.5081812,0.0,2.1971755,1.1759552,2.539032,0.33312026,0.9169277,0.7687549,1.7183146,0.647358,0.0,0.0,0.122864895,0.0,1.3491864,0.0,0.0,0.0,1.3012415,0.5022256,0.0,1.4745101,0.0,0.0,0.0,0.0,1
2.3595705,0.0,1.2370614,1.2370558,1.2468666,0.0,0.0,0.0,3.1579766,0.0,0.0,1.7387526,0.80647093,1.37541,0.31417874,0.0,0.0,0.0,1.0473716,0.0,1.9847399,0.0,0.0,0.0,0.2933473,2.4830797,0.0,0.0,0.8973725,0.0,0.0,0.0,0.48090208,0.54378945,0.0,0.0,1.4694926,1.8611869,0.0,0.0,0.90003276,0.012883714,0.0,0.0,0.0,2.232237,0.0,0.0,0.0,0.0,0.0,0.01459238,1.5298586,0.49600112,0.0,1.2300887,0.0,0.0,2.177813,0.0,0.0,0.8118215,0.0,1.3549825,0.0,2.5653183,0.0,0.0,0.0,0.0,1.0621246,2.3368032,0.0,0.085744105,0.0,0.34917957,0.56517774,0.14728858,2.591584,0.0,0.79411644,0.0,0.0,1.0454018,0.0,0.0,0.9965294,0.0,0.0,0.0,2.3720572,0.0,1.3969374,1.0318458,0.6540803,0.37359068,0.0,0.0,0.5395497,2.6182084,0.47535393,1.0663493,0.3708646,0.0,2.4496558,2.0367165,2.8376853,1.1343942,0.89208233,0.0,1.7321988,0.6866504,0.28027713,1.1404307,1.1057061,0.0,1.6267613,0.0,0.28981274,0.0,0.85921925,0.0,0.0,1.1725018,0.0,0.0,0.0,0.0,1
1.8288833,0.0,1.2569566,0.0,1.5821015,0.0,0.0,1.2185183,0.7839325,0.0,0.0,1.2660673,0.8345726,0.88483113,0.0,0.0,0.0,0.0,0.85718346,0.0,1.5749592,0.0,0.0,0.95524454,0.15398645,1.7800788,0.0,0.0,1.3521931,0.0,0.0,0.0,0.0,0.8820613,0.0,0.45522037,1.706902,0.7053035,0.0,0.0,1.225935,0.2322832,0.0,0.0,0.0,1.7311668,0.0,0.0,0.688365,0.0,0.0,0.0,0.6445238,0.6923377,0.39134985,0.5344374,0.0,0.0,1.621183,0.0,0.0,1.0187361,1.1983951,1.0065063,0.0,2.6208365,0.08621646,0.0,0.0,0.9918049,0.66567695,1.7301507,0.0,0.0,0.55999064,1.4585762,0.7721795,0.63521713,2.7547257,0.0,0.668532,0.0,0.350476,1.6244814,0.0,0.7630105,1.4748414,0.0,0.0,0.0,2.427394,0.0,0.70452124,0.34176722,2.0845013,0.23100235,0.0,0.0,0.8827622,1.537999,1.0427483,1.9331889,0.50794053,0.0,1.9726857,0.9106148,1.7183443,0.0,1.5485241,0.52949965,3.1252394,0.78319246,0.41693038,0.0,0.0,0.0,1.4836072,0.0,0.0,0.0,0.38275006,0.9988323,0.0,0.86266977,0.061572403,0.0,0.0,0.0,1
0.0,0.0,1.887702,0.05499651,1.5691158,0.0,0.0,0.64312387,0.5440772,0.0,0.0,1.5468538,0.0,2.1830366,1.0850993,0.0,0.0,0.0,0.3065702,0.0,1.2826434,0.0,2.0278397,2.5849662,0.84835446,3.0652275,0.0,0.26232275,2.0683296,0.0,0.0,0.0,0.0,1.7610422,0.0,1.3235377,1.481226,0.43085757,0.0,0.0,0.6201966,1.3366714,0.0,0.0,0.0,1.0190707,0.0,0.0,0.6884438,0.0,0.0,0.0,0.0,0.56683755,1.5389425,0.0,0.0,0.0,1.4395416,0.0,0.0,3.3961718,1.377291,1.4769489,0.0,2.9171493,0.0,0.0,0.0,1.4885049,1.9363116,1.8502625,0.0,0.0,1.0975288,2.0502594,0.5888958,0.0,3.5112994,0.0,0.4218221,0.0,0.36024493,1.0383708,0.6751253,0.9933757,3.4490883,0.034246583,0.0,0.0,1.1977487,0.0,0.0,0.88990337,2.2598999,0.0,0.0,0.4078013,2.15882,1.7612507,0.86052686,0.19599931,0.44843927,0.0,2.2713275,1.1506016,1.1739562,0.9258591,1.9939574,0.10889298,3.0844676,1.2969795,0.16298969,0.050626103,0.0,0.0,0.67418176,0.0,0.0,0.0,0.26414955,2.0257566,0.0,1.9189563,0.0,0.0,0.0,0.0,1
1.1394396,0.0,0.921935,0.5834027,1.7751225,0.0,0.0,1.8678312,1.0292639,0.0,0.0,1.0067472,0.15999389,1.0690091,0.3418948,0.0,0.0,0.0,0.9675573,0.0,2.4450824,0.0,1.0735621,1.9020512,0.8393812,2.2203057,0.0,0.0,1.00029,0.0,0.0,0.0,0.0,1.380707,0.0,1.3465157,2.1576402,0.42291534,0.0,0.0,0.8024457,1.3079032,0.0,0.0,0.0,1.7820829,0.0,0.0,0.97663754,0.0,0.0,0.0,0.0,1.3893468,0.60298866,0.0,0.0,0.0,1.4972187,0.0,0.0,2.6061196,1.7318622,1.8664286,0.0,3.3808782,0.0,0.0,0.0,1.1489097,0.9993478,0.35767815,0.0,0.0,0.80398834,1.8981196,0.99761486,0.0,3.0097957,0.0,0.009850472,0.0,0.94766074,1.6916792,0.40490672,1.3027595,2.1478171,0.0,0.0,0.0,2.1767597,0.0,0.0,0.43504828,1.961933,0.5212577,0.0,0.0,1.7410364,1.8491809,0.42428163,1.013774,0.8082909,0.0,2.075292,1.2904246,1.4065506,0.44981948,1.7439076,0.0791353,2.9942296,0.8790679,0.20725723,0.0,0.0,0.0,1.335143,0.0,0.0,0.0,0.85666466,1.4482943,0.0,1.5492043,0.0,0.0,0.0,0.0,1
1.9922305,0.0,1.4880929,0.0,1.1579119,0.0,0.0,0.0,1.6830424,0.0,0.0,1.2326105,1.0907681,1.0137019,0.46343446,0.0,0.0,0.0,0.90887946,0.0,1.9941775,0.0,0.38281703,0.50357676,0.10125041,1.2286988,0.0,0.3470097,1.0031593,0.0,0.0,0.0,0.0,0.75482076,0.21677281,0.58900374,0.56280214,1.8243036,0.0,0.0,0.0,1.3947427,0.0,0.0,0.0,1.6145518,0.67993927,0.0,0.7254044,0.0,0.0,0.0,0.2900811,1.4147319,0.01530994,0.67017984,0.0,0.0,1.829958,0.0,0.0,2.052848,0.77071464,0.95297694,0.0,3.0373857,0.0,0.0,0.0,0.0,1.1056395,1.7268064,0.0,0.0,0.0,2.512655,1.3369989,0.0,2.8895476,0.0,0.5767936,0.0,0.5433892,0.0,0.052676994,0.8298745,1.5525166,0.0,0.0,0.0,2.1920722,0.0,0.0,0.0,0.465158,0.3851866,0.0,0.0,1.7756124,1.4392457,1.1568491,2.4878175,0.82362217,0.0,2.8415449,1.7363081,1.742607,1.3454609,1.1917847,0.85778,2.9118443,1.1936766,0.0,0.0,0.2976053,0.0,0.5761561,0.0,0.0,0.0,1.1770425,1.3904493,0.0,0.88364935,0.17239915,0.0,0.0,0.0,1
0.0,0.0,0.8057739,2.5198915,1.5220608,0.0,0.0,0.7509664,1.9820977,0.0,0.0,0.24945022,0.0,1.7859938,0.0,0.0,0.0,0.0,1.23107,0.0,0.3742283,0.0,1.7392718,2.5576265,1.2393814,1.8641814,0.0,0.035916854,1.2336298,0.0,0.0,0.0,0.0,1.4447497,0.08529224,0.239607,2.7547169,0.8896879,0.0,0.0,1.6308019,0.0,0.0,0.0,0.0,0.79101044,0.08620351,0.94813174,0.4485585,0.0,0.0,0.0,1.2096174,1.6997287,0.0,0.0,0.0,0.0,1.9083159,0.0,0.0,1.8407562,0.58897156,1.4416614,0.0,2.3111293,0.0,0.0,0.0,0.0,1.2255293,1.1724135,0.0,1.0679363,1.6008228,1.392731,0.09425154,1.3771664,2.4976065,0.0,1.3727932,0.0,0.0,0.13344578,0.15346317,0.0,2.024053,0.0,0.0,0.0,0.989378,0.6915734,0.0,1.2721293,1.8668348,0.9204021,0.0,0.0,1.1094218,2.0637088,1.8685755,1.269803,0.87842876,0.18403319,0.8708087,0.8708027,0.86540014,0.9928958,1.5702261,0.6606731,1.2124891,0.62192434,0.0,0.501551,0.0,0.0,1.1010975,0.0,0.066007525,0.0,0.1400271,1.1983818,0.0,2.8547716,0.41494268,0.0,0.0,0.0,1
0.0,0.0,0.31985837,1.8847513,3.7767267,0.0,0.0,0.017271321,1.6851848,0.0,0.0,1.3507262,0.0,1.8655721,0.10999464,0.0,0.0,0.085693136,0.0,0.0,0.5345797,0.0,0.0,1.3234643,0.0,2.6418576,0.0,0.0,1.2788153,0.0,0.0,0.0,0.0,0.04772042,0.0,1.5386689,2.1407273,1.7662181,0.0,0.0,2.7384515,0.30096513,0.0,0.0,0.0,1.9166046,0.0,0.16982566,0.49741322,0.0,0.0,0.0,0.0,1.6049569,0.0,0.0,0.0,0.0,2.9896507,0.19383562,0.0,0.64277023,0.23912174,1.8134915,0.0,1.5160729,0.2567131,0.0,0.0,0.25886878,1.9074992,0.8869756,0.0,3.1118805,1.2576407,1.8913928,0.0,1.4824542,3.0218298,0.0,1.3979279,0.0,0.0,1.015625,0.10760222,0.5326799,0.744938,0.0,0.0,0.0,2.1488755,0.22570045,0.0,1.3551551,1.3680923,1.530608,0.0,0.0,1.6987909,1.2543786,0.014465353,0.07020463,1.1631162,0.0,1.0702507,1.6020334,1.2752649,1.0842694,2.4603612,0.0,2.2414844,0.0,0.0,0.0,0.0,0.0,0.0,0.0,1.2845229,0.0,1.7990657,0.0,0.0,2.7384825,0.62239635,0.0,0.0,0.0,1
1.7812301,0.0,0.64039475,0.0,0.79097724,0.0,0.0,0.5684247,0.0,0.0,0.8470108,0.8700845,1.2951367,1.2410696,0.0,0.0,0.0,0.0,0.0,0.0,1.3259821,0.0,0.0,0.0,0.0,1.0067669,1.3840334,0.0,0.0,0.0,0.0,0.0,0.0,0.07591228,0.3052558,0.0,1.1974277,0.79744846,0.0,0.0,1.607518,0.0,0.0,0.0,0.0,0.62392277,0.17395811,0.0,1.4122455,0.0,0.0,0.0,1.6720258,0.29517037,0.0,0.0,0.0,0.0,0.9817909,0.36803204,0.0,1.0484098,1.3504096,0.66661316,0.0,2.6312525,0.085132964,0.7898385,0.0,1.8235003,0.9649783,0.490472,0.0,0.0,0.8478966,2.9282596,1.586012,0.63259846,2.416154,0.0,0.0,0.0,0.48833406,1.146395,0.0,0.90340114,1.0268953,0.0,0.0,0.0,1.6436146,0.0,1.0465586,0.13571316,2.2207763,1.0025713,0.0,1.1170907,1.5563048,0.19256346,1.3558942,1.850883,0.55884117,0.0,2.041423,0.71159655,0.1580105,1.1013644,2.0177891,0.2928296,2.405684,0.28312144,0.0,0.0,0.0,0.0,1.1098957,0.0,0.0,0.0,0.0,0.5553621,0.0,2.1526895,1.0030679,0.0,0.0,0.0,1
2.319591,0.0,0.7708273,0.17264865,0.70517695,0.0,0.0,0.4154557,2.4526556,0.0,0.0,1.4933697,1.4233742,1.3541778,0.68930393,0.0,0.0,0.0,0.80499965,0.0,1.3567432,0.0,0.15661424,0.5787637,0.0068162708,2.2583234,0.0,0.0,1.1334813,0.0,0.0,0.0,0.23149174,0.30277616,0.11991992,0.3346741,1.900932,0.9478533,0.0,0.0,0.6898545,0.81617683,0.0,0.0,0.0,2.2361224,0.0,0.0,0.0,0.0,0.0,0.0,0.793572,0.8809305,0.22401965,1.2565055,0.0,0.0,1.5265307,0.0,0.0,1.4828627,1.0615834,1.9605653,0.0,2.8010948,0.0,0.0,0.0,0.0,1.5347692,1.8143446,0.0,0.0,0.0,2.2915034,1.1929067,0.20944919,3.0139177,0.0,1.101552,0.0,0.0,0.24960387,0.14708795,0.0,1.4456476,0.0,0.0,0.0,2.5930426,0.0,0.0,0.26420212,0.68581104,0.74742144,0.0,0.0,1.138143,1.9876486,1.0230588,2.3354383,0.46629015,0.0,2.24424,2.034157,2.075247,0.67171794,0.92450184,0.66069114,1.8364857,0.5068394,0.005866844,0.1427346,0.26735812,0.0,1.1591494,0.0,0.0,0.0,1.4316709,0.4230055,0.0,1.7215105,0.0,0.0,0.0,0.0,1
2.2154236,0.0,0.5473102,0.0,0.9215832,0.0,0.0,0.4307951,1.3270545,0.0,0.0,1.2682211,1.7277114,0.81862575,0.0,0.0,0.0,0.0,0.4296588,0.0,2.844622,0.0,0.0294075,0.0,0.04394198,1.3255275,0.0,0.6031629,0.3162424,0.0,0.0,0.0,0.0,0.0,0.033692382,0.6005591,1.6375082,1.2560197,0.0,0.0,1.348964,0.22540104,0.0,0.0,0.0,1.962079,1.2975569,0.0,1.3297192,0.0,0.0,0.0,1.387539,0.8998886,0.047067698,1.0671022,0.0,0.0,0.98968226,0.0,0.0,1.287203,0.34924763,1.6038909,0.0,2.8215673,0.0,0.5891912,0.0,0.13990113,1.0379289,1.2027944,0.0,0.0,0.60597813,1.76999,2.4481516,0.029866412,2.060642,0.0,0.0,0.0,0.4290291,1.7701914,0.3735796,1.4898777,1.7843075,0.0,0.0,0.0,2.1879718,0.014474497,0.0,1.0774511,1.4661126,0.5267785,0.0,0.3844798,0.0,2.1331472,1.6390747,2.7169147,0.29962942,0.0,1.3272094,1.7058291,1.9121808,1.2972538,1.2931292,0.68481535,1.9641391,0.23836568,0.0,0.0,1.0553232,0.0,2.149502,0.0,0.0,0.0,0.7482232,0.65255237,0.0,1.465283,1.1299953,0.0,0.0,0.0,1
0.0,0.0,1.4708024,0.9576054,1.0987517,0.0,0.0,1.1969846,1.1323649,0.0,0.0,2.1260984,0.038658828,1.5344398,0.0,0.0,0.0,0.0,0.94494534,0.0,1.644337,0.0,1.7907041,2.0856283,1.4385368,2.4479473,0.0,0.40860578,1.292382,0.0,0.0,0.0,0.0,1.245762,0.0,1.867548,1.815675,0.0,0.0,0.0,0.18906945,1.6126474,0.0,0.0,0.0,0.96630806,0.34807366,0.0,1.06278,0.0,0.0,0.0,0.0,1.1840085,1.0056397,0.0,0.0,0.0,1.3765055,0.0,0.0,3.7015955,1.3556365,1.5504057,0.0,2.7012677,0.0,0.0,0.0,0.49628317,1.5770361,1.8337237,0.0,0.0,0.46679562,1.7134036,0.9118205,0.0,2.8437586,0.0,0.0,0.0,0.61594135,0.5153671,0.31271443,0.92894536,2.8596888,0.38752285,0.0,0.0,1.3773876,0.0,0.0,0.8015631,1.6122102,0.08138654,0.0,0.0,2.5256104,1.9789898,0.96233344,0.50916755,0.0,0.0,2.3568568,1.2213638,1.346266,0.5750625,1.3959507,0.11779311,2.3554068,0.9349868,0.38705894,0.13860282,0.0,0.0,1.4285003,0.0,0.13528562,0.0,0.82253504,1.5695518,0.0,1.9117008,0.0,0.0,0.0,0.0,1
0.2590681,0.0,1.0779674,0.13428871,0.8962548,0.0,0.0,0.3993594,0.5701726,0.0,0.0,1.9013696,0.79313135,1.2203134,0.39113456,0.0,0.0,0.0,0.6368274,0.0,1.4582334,0.0,2.0699692,1.7071466,1.2596883,2.46798,0.0,0.690318,1.3323104,0.0,0.0,0.0,0.0,0.8047332,0.20705594,1.3255042,1.554205,0.0,0.0,0.0,0.4613456,1.1825242,0.0,0.0,0.0,1.1948382,0.0,0.0,1.3351722,0.0,0.0,0.0,0.00034030995,0.6202009,0.5930089,0.0,0.0,0.0,1.298601,0.0,0.0,2.8176644,1.6997076,0.5550108,0.0,2.4407337,0.0,0.0,0.0,0.6257871,1.4867555,1.3191667,0.0,0.0,0.26763713,2.227495,1.189507,0.0,3.469827,0.0,0.0,0.0,0.8171263,0.61983657,0.6917935,1.1416826,3.4100826,0.22330375,0.0,0.0,1.4507841,0.0,0.0,0.15393305,1.8848467,0.0,0.0,0.0,1.7547284,2.3287249,1.1221541,0.9174133,0.0,0.0,2.4100146,0.6158713,1.242791,0.17542455,1.4060608,0.0,2.8367596,0.84170574,0.001497213,0.0,0.0,0.0,1.0616306,0.0,0.0,0.0,0.7395288,1.614868,0.0,1.6797624,0.0,0.0,0.0,0.0,0
1.1116954,0.0,1.842411,0.0,1.4364003,0.0,0.0,1.2556808,2.055168,0.0,0.0,1.7793496,0.51039237,0.7468875,0.780739,0.0,0.0,0.0,1.1945565,0.0,2.4353256,0.0,1.6893183,2.1326325,1.1017121,1.7547683,0.0,0.09692444,1.9562913,0.0,0.0,0.0,0.006856825,1.2365054,0.0,0.90458226,1.4686315,0.47544238,0.0,0.0,0.8335261,0.9066838,0.0,0.0,0.0,1.5617979,0.31494108,0.0,0.84871244,0.0,0.0,0.0,0.0,1.1629097,0.5718089,0.49078274,0.0,0.0,1.1046368,0.0,0.0,2.9867723,1.0226607,1.5135642,0.0,2.387823,0.0,0.0,0.0,0.6468213,1.0604542,1.78906,0.0,0.0,0.946774,1.4578018,1.0479705,0.1699407,2.3099449,0.0,0.9908654,0.0,0.0,0.5599893,0.6824677,1.1647902,2.7221012,0.029257467,0.0,0.0,1.4749064,0.0,0.0,0.21826017,0.91801155,0.57816344,0.0,0.0,1.9166183,1.2307988,1.4955956,1.86506,0.7562298,0.0,2.5733743,1.3806584,1.6877252,1.1310884,1.2462244,0.4104231,2.6969957,1.4484752,0.0,0.0,0.021544212,0.0,0.8899221,0.0,0.0,0.0,0.47836453,1.5577033,0.0,1.8322674,0.0,0.0,0.0,0.0,0
1.0682143,0.0,1.5204737,0.4063161,0.45059806,0.0,0.0,0.47942162,2.611716,0.0,0.0,2.0530264,0.61251134,1.8725638,0.37617105,0.0,0.0,0.0,0.5824428,0.0,1.3449026,0.0,1.3586969,1.4725903,0.99388826,2.5162005,0.0,1.152071,1.7007418,0.0,0.0,0.0,0.0,0.59078187,0.0,0.88207394,1.3393881,0.2825307,0.0,0.0,0.15780318,1.7991897,0.0,0.0,0.0,1.5851129,0.8608711,0.0,0.8834469,0.0,0.0,0.0,0.3418648,0.62978643,0.86391747,0.671822,0.0,0.0,1.4688883,0.0,0.0,2.9818046,1.1642586,1.3028296,0.0,2.0250754,0.0,0.0,0.0,0.0,1.8296101,2.1272695,0.0,0.0,0.0,1.5940714,0.9467896,0.0,3.395252,0.0,0.44812718,0.0,0.80698395,0.0076220613,0.3748398,0.5833062,2.753552,0.0,0.0,0.0,2.2354593,0.0,0.0,0.72046596,1.024816,0.48021105,0.0,0.0,1.4288758,2.2657335,0.6275112,0.5173524,0.0,0.0,2.3193347,1.0596969,2.0126193,0.58107626,0.95776576,0.22389266,2.132939,0.7683739,0.0,0.07942338,0.0,0.0,1.0455159,0.0,0.13631563,0.0,1.2216407,1.3207822,0.0,1.335537,0.0,0.0,0.0,0.0,0
0.339217,0.0,0.10241819,0.0,1.6913849,0.0,0.0,0.12290854,0.0,0.0,0.0,0.56040674,1.8291814,0.79080355,0.0,0.0,0.0,0.0,0.0,0.0,0.5803151,0.0,0.0,0.0,0.0,1.3967426,3.0233965,0.0,0.0,0.0,0.0,0.0,0.0,0.23206891,0.96762955,0.0,2.8949113,2.256405,0.0,0.0,1.8769679,0.0,0.0,0.0,0.0,2.3959672,1.2239197,0.0,1.9766346,0.0,0.0,0.0,0.6210432,1.0822054,0.0,0.0,0.0,0.0,2.0051658,0.8222116,0.0,0.88548726,0.46569154,1.5497851,0.0,2.5884283,2.501172,0.0,0.0,0.10362779,1.927309,0.0,0.0,0.0,2.0680985,2.166714,1.10475,1.3184506,1.3414279,0.0,0.0,0.0,0.0,1.6965897,0.0,0.45330775,0.0,0.0,0.0,0.0,3.493183,2.5347664,0.17898953,0.0,0.9565112,1.0774009,0.0,0.79336673,0.81133246,0.93182003,2.6861923,1.4397504,2.0044339,0.0,1.2522886,1.7387053,1.5237752,2.1354673,1.4514607,1.5867009,1.4591805,0.0,0.0,0.0,0.084939085,0.0,1.0405625,0.0,0.46756962,0.0,1.3900441,0.21629056,0.0,2.8848276,2.2735624,0.0,0.0,0.0,1
