0,1,2,3,4,5,6,7,8,9,10,11,12,13,14,15,16,17,18,19,20,21,22,23,24,25,26,27,28,29,30,31,32,33,34,35,36,37,38,39,40,41,42,43,44,45,46,47,48,49,50,51,52,53,54,55,56,57,58,59,60,61,62,63,64,65,66,67,68,69,70,71,72,73,74,75,76,77,78,79,80,81,82,83,84,85,86,87,88,89,90,91,92,93,94,95,96,97,98,99,100,101,102,103,104,105,106,107,108,109,110,111,112,113,114,115,116,117,118,119,120,121,122,123,124,125,126,127,128,129,130,131,132,133,134,135,136,137,138,139,140,141,142,143,144,145,146,147,148,149,150,151,152,153,154,155,156,157,158,159,160,161,162,163,164,165,166,167,168,169,170,171,172,173,174,175,176,177,178,179,180,181,182,183,184,185,186,187,188,189,190,191,192,193,194,195,196,197,198,199,200,201,202,203,204,205,206,207,208,209,210,211,212,213,214,215,216,217,218,219,220,221,222,223,224,225,226,227,228,229,230,231,232,233,234,235,236,237,238,239,240,241,242,243,244,245,246,247,248,249,250,251,252,253,254,255,label
0.77181566,0.0,0.21365403,0.23300904,0.0,2.4882002,1.5646249,0.0,0.052122958,2.0291178,0.9904645,0.0,1.2867794,1.2002833,3.250623,0.8713023,0.0,0.0,1.5245137,0.4972594,0.47040296,1.1183009,0.0,1.3252238,0.0,0.6041152,1.7180007,0.0,0.0,0.9418416,0.0,1.2586093,0.18829164,0.83332795,0.0,0.0,0.0,0.5010313,0.6625773,0.0,0.0,0.3631131,1.1058887,2.138781,0.0,0.0,1.6149756,0.0,2.0546713,0.0,0.0,1.3751066,0.8119332,0.39385346,0.0,1.1071432,0.0,1.3088989,0.8031246,0.9101542,2.651247,2.9613163,0.0,0.0,1.7946112,0.28784892,0.0,1.1851523,0.50656635,0.0,0.09722734,0.4974727,0.0,1.523737,0.0,0.58855474,0.0,0.0,0.0,1.6820787,1.9368038,1.2247456,1.2942437,0.12048528,0.0,0.0,0.0,0.0,0.549064,0.0,0.0,0.9617049,1.1946942,0.0,0.90952367,2.751187,0.36576876,1.4074304,0.0,0.0,0.22226347,0.19260404,0.6733189,0.0,0.027856588,1.7323074,0.5068631,0.30783623,1.362278,0.44108623,0.0,0.7340072,0.28770894,0.0,0.5739428,0.0,0.7278755,0.0,0.0,0.0,0.0,1.3831484,0.58128434,0.49696016,0.0,0.706738,0.0,0.0,0.9901028,0.23067784,0.0,1.9069012,0.34973794,1.1374722,0.5850362,0.0,0.0,0.0,0.71512115,0.0,0.0,0.63766956,0.46419376,1.074946,0.46548337,1.0491123,1.1037365,0.0,1.7472984,0.0,0.0,1.5776505,1.39385,0.6653468,1.5269159,0.0,0.55338305,1.4220637,0.0,0.0,1.044045,1.0344158,0.17247105,0.0,0.123529986,0.0,0.63382447,1.2279384,0.99877506,0.94128454,0.18901607,0.7102334,0.24626145,2.0673559,0.0,0.47994095,0.48845583,0.36671808,1.4766139,0.39352682,0.505099,0.23861605,0.19039436,0.0,0.0,0.0,0.9421978,0.26550025,0.61720586,0.0,0.0,0.0,0.0,1.6220701,0.75053185,0.0,0.28297308,1.2204671,0.48368332,1.7103877,0.0,0.0,0.0,0.0,0.3714214,0.9123556,0.0,0.15846117,0.9428355,2.2017322,0.37421826,0.36395654,0.0,0.881703,0.0,1.8547455,0.0,0.0,1.1594114,1.3557922,2.1535516,1.543798,0.0,0.810434,0.0,1.8637673,0.47734916,0.5587766,0.3201405,0.0,1.6642734,0.0,0.0,0.0,2.202687,0.0,0.0,1.7622932,0.9108199,1.0803798,0.0,0.0,0.0,0.29035568,0.6318137,0.0,0.36717153,1.4876242,1.2610854,0.8094668,0.0,0.0,0.0,0.47928473,1.4304917,0.0,1
1.2790581,0.0,0.18232165,0.8242598,0.0,2.309881,1.6299543,0.30410293,0.2668075,1.5107546,0.85980076,0.0,1.0770729,1.0052451,2.5319061,0.7808613,0.0,0.0,2.0782297,0.29916596,0.77306,1.1288548,0.046850048,1.4703299,0.0,0.684482,1.732763,0.0,0.0,0.77843386,0.0,1.2368661,0.0,1.1000766,0.0,0.0,0.32460102,0.13246725,0.1720978,0.0,0.0,0.23612383,1.1193807,2.1632762,0.0,0.0,1.6844331,0.0,1.9288971,0.0,0.0,1.652122,0.86075497,0.36877635,0.0,1.2382733,0.0,1.4520594,0.509809,0.8108022,2.5292456,2.4060793,0.0,0.0,1.434295,0.47400376,0.0,1.2806768,0.68771553,0.0,0.29666573,0.0,0.0,1.0064956,0.0,0.8895829,0.0,0.0767743,0.0,1.6520702,2.2303855,1.4976662,1.2716386,0.6166023,0.0,0.0,0.0,0.0,0.5822843,0.0,0.0,0.5646086,1.4418405,0.0,1.3382437,2.587761,0.31002957,1.2651902,0.0,0.0,0.07415602,0.0802919,0.1408425,0.0,0.35572413,1.1365029,0.31045058,0.025224274,1.1133171,0.3722208,0.0,0.7118992,0.0,0.0,0.6339219,0.0,0.12498466,0.0,0.0,0.0,0.0,1.2883397,0.79292476,0.46173963,0.0,0.64556235,0.0,0.0,1.2107383,0.24337795,0.0,1.961467,0.44682026,0.82539743,0.94144845,0.12782,0.0,0.0,0.71179587,0.010315586,0.0,0.5390976,0.0,1.7462605,0.05526365,1.2797347,1.03078,0.0,1.3765746,0.0,0.0,0.97197026,0.66556144,1.2293934,1.591976,0.0,0.95401174,1.130792,0.0,0.0,1.370966,0.5921276,0.22288412,0.0,0.6194288,0.0,1.0066161,0.62137187,1.0043708,0.48195162,0.32215235,0.92309797,0.0,2.078123,0.0,0.68170345,0.33598703,0.61649954,1.4533147,0.78681177,0.4977306,0.0,0.7366802,0.0,0.0,0.0,1.1005086,0.0,0.3898108,0.0,0.0,0.0,0.5355452,1.7383256,0.9063526,0.0,0.43031546,0.98204714,0.43218207,2.08685,0.0,0.0,0.0,0.0,0.6346545,1.1867031,0.0,0.07985009,1.4163438,2.3324654,0.15799749,0.08870185,0.0,1.0510136,0.0,1.389489,0.0,0.0,1.3061618,1.5214416,1.6740466,1.2905867,0.0,0.5375205,0.0,1.4931077,0.55933094,0.4799426,0.19304422,0.0,1.2823865,0.0,0.0,0.0,2.3098488,0.0,0.0,1.5854748,0.52414155,1.1341926,0.0,0.0,0.0,0.0,0.6093999,0.0,0.3905804,1.3956871,1.278838,0.5042338,0.0,0.0,0.0,0.73510647,1.14408,0.0,1
1.5644249,0.0,0.7225256,1.2690023,0.0,2.1431327,1.123075,0.53527534,0.0,1.155756,0.27725512,0.0,0.3675584,1.5282601,2.0686517,0.42854586,0.0,0.0,0.15448903,0.0,0.9996162,1.7954407,0.06611975,0.44186068,1.0303415,0.38460582,1.0790145,0.0,0.0,1.0014099,0.0,1.7390866,1.7885286,1.6272762,0.38194597,0.0,0.4233443,0.18303083,0.0,0.0,0.0,0.1814815,0.7232096,1.212223,0.051449787,0.0,2.1819427,0.0,0.71023303,0.0,0.0,1.3720046,0.3397302,0.16529244,0.0,1.2955095,0.0,0.49441126,1.4607582,0.078895316,1.4054719,0.8911597,0.0,0.0,0.3835373,0.50740093,0.0,1.0009826,0.23242001,0.0,0.080641665,0.4958892,0.0,0.7060432,0.45663977,1.344228,0.0,0.0,0.0,0.6013695,1.2809697,0.6730192,0.89686847,0.119197346,0.0,0.0,0.0,0.0,1.0596088,0.0,0.0,0.34393343,1.8847945,0.2069613,0.81895936,1.5451982,0.7626349,0.38235053,0.0,0.0,0.16449495,1.3363094,1.3938633,0.009735459,1.1640389,0.4556436,1.5561583,0.22581622,0.0,0.0,0.0,1.428842,0.0,0.0,0.24999894,0.0,0.9387828,0.0,0.3181048,0.0,0.0,1.1253861,0.048834402,1.2736697,0.0,0.403334,0.0,0.0,1.0201683,0.57750416,0.0,1.1614234,1.057097,1.2464923,1.2167101,0.35440594,0.0,0.0,2.031767,0.33376217,0.0,0.09205797,1.0094926,0.59386915,0.9741996,0.2920559,1.141069,0.0,0.57008845,0.0,0.0,0.09736208,0.028672919,0.82131094,1.3601798,0.0,1.1875831,0.97819835,0.0,0.60793644,0.8905159,0.48134795,1.5768306,0.0,0.6007412,0.0,0.0,0.88159794,0.42878023,0.7153803,0.66839963,0.0975267,0.0,1.3185369,0.0,0.08685198,0.40989858,1.0711534,1.1739658,1.0278444,0.5966279,0.0,1.1465838,0.0,1.02983,0.0,0.41700396,0.91622657,0.0,0.0,0.0,0.0,0.15593036,1.4890251,0.69552654,0.0,0.16359836,0.40475953,0.37231454,0.8333336,0.0,1.2435666,0.0,0.0,1.5725191,1.6552908,0.0,0.79262495,1.0636014,1.2089036,0.96952105,0.0,0.0,0.21669415,0.0,1.1490288,0.0,0.0,0.0,0.8802606,2.4304774,1.0907391,0.0,1.8048377,0.0,1.8483615,0.026231587,0.1409239,0.7850276,0.0,1.3771944,0.0,0.0,0.0,1.5990112,0.0,0.0,0.6515184,0.5553468,0.16663866,0.0,0.0,0.0,0.32448208,0.0,0.0,0.9134784,0.24581352,0.53837705,0.8870782,0.0,0.15397628,0.0,1.216975,0.9321782,0.0,0
0.8445727,0.0,0.37863955,0.6472532,0.0,2.6979923,1.5115799,0.24003057,0.26794526,1.4814949,0.8112985,0.0,1.0750194,0.47725406,2.5367115,1.0351169,0.0,0.0,1.5979106,0.31412774,0.4798218,1.1776229,0.0,1.488846,0.0,0.53997964,2.3045254,0.0,0.0,1.2700069,0.0,0.8036971,0.3133925,0.40792602,0.0,0.0,0.29923165,0.36004147,0.12884046,0.0,0.0,0.09703318,1.442549,1.9900342,0.0,0.0,0.9786688,0.0,1.6580645,0.0,0.0,1.4781682,0.90733385,0.39054257,0.0,1.3863773,0.0,1.5444812,0.9431159,0.6652037,2.4778633,2.539689,0.0,0.0,1.6071566,0.3093591,0.0,0.75580895,0.093371555,0.0,0.28916728,0.23014683,0.0,1.5418607,0.38071424,0.38258517,0.0,0.0,0.0,1.5573187,1.4144931,1.1503004,1.0672853,0.8015968,0.0,0.0,0.0,0.0,0.36779526,0.0,0.0,0.8779973,1.1925063,0.0,0.5487524,2.4608178,0.0,1.4963686,0.0,0.0,0.17822213,0.10957968,1.0149332,0.0,0.19380786,1.5818446,0.36212748,0.13782701,1.6144197,0.62426454,0.0,0.6353187,0.26733762,0.0,1.0151123,0.0,0.29950735,0.0,0.018674174,0.0,0.0,1.4813184,0.35673398,0.65246695,0.0,0.37815946,0.0,0.0,0.69002706,0.6377424,0.0,1.4771497,0.015790928,0.5417634,0.5753893,0.0,0.0,0.0,0.5127186,0.12601277,0.0,0.59150535,0.53523886,0.89785045,0.49351302,1.251392,1.047277,0.0,1.852284,0.0,0.0,1.2631595,1.7680079,0.73539966,1.453244,0.0,0.6008919,1.3192356,0.0,0.0,1.4355948,0.64662206,0.35377905,0.0,0.30947062,0.0,0.20318785,0.19868283,1.0364606,1.11543,0.4127173,0.7486822,0.0,2.1211834,0.0,0.39776427,0.5412218,0.20287308,1.2658318,0.15360227,0.23950924,0.050154876,0.2724284,0.0,0.44086444,0.0,1.4014138,0.48854247,0.6448413,0.0,0.0,0.0,0.4573965,1.9226632,1.2065339,0.0,0.0,1.1779344,0.32560042,2.105065,0.0,0.0,0.0,0.0,0.40235814,0.42399576,0.0,0.0,1.0979084,2.1756175,0.2655639,0.0,0.0,0.97223026,0.0,1.6513153,0.0,0.0,1.5953215,1.9039117,1.654069,0.94816595,0.0,0.8168007,0.0,2.2533402,0.6765056,0.77821517,0.10056403,0.0,1.0597979,0.0,0.0,0.0,2.0212376,0.0,0.21352233,1.7467065,0.6551973,0.7242353,0.0,0.0,0.0,0.26667717,0.34728348,0.0,0.5408285,1.3339909,1.2169678,0.5357818,0.0,0.0,0.0,0.5704511,1.4695402,0.0,1
2.026569,0.0,0.3885481,1.3684478,0.0,1.5899155,0.28770494,0.98990464,0.0,0.6547111,0.0,0.0,0.0,1.6707766,1.0459476,0.0,0.0,0.0,0.1391171,0.0,1.1943606,2.675696,0.25363287,0.0,1.2545869,0.9080013,0.006346794,0.09297947,0.0,1.1232159,0.0,2.2657943,2.5059824,2.2940576,0.021607766,0.0,0.9018688,0.0,0.0,0.0,0.0,0.47899425,0.41418266,0.9047198,0.0,0.0,2.678581,0.0,0.4265703,0.0,0.0,1.3460768,0.1529179,0.20884185,0.2822199,2.057587,0.0,0.044701807,1.5133141,0.0,0.7137356,0.0,0.0,0.0,0.15746424,0.50642085,0.0,1.8336998,0.5719539,0.0,0.0,0.48256868,0.0,0.74567485,0.0078098997,1.2168148,0.0,0.0,0.0,0.38700193,1.438968,1.0735655,0.78828984,0.0,0.0,0.0,0.0,0.0,1.4439057,0.0,0.0,0.51339823,2.5730526,0.7891127,1.4071623,0.6783583,0.85059583,0.20599718,0.0,0.0,0.6699736,1.7913892,1.5650147,0.0,1.945551,0.11087137,1.9515399,0.12613687,0.08853574,0.0,0.0,1.9106978,0.0,0.0,0.0,0.0,1.2018282,0.0,0.35478514,0.0,0.0,1.6277539,0.0,1.1115035,0.0,0.17617533,0.0,0.0,0.8761015,0.68915904,0.0,1.1129396,0.8146644,1.5795387,1.5602243,0.30454856,0.0,0.0,2.720346,0.55492884,0.0,0.22428925,1.0701925,0.87041086,1.1530875,0.0,0.6512748,0.14159034,0.080041245,0.0,0.0,0.0,0.06580506,1.2408992,1.5910614,0.0,1.801551,0.6204377,0.0,1.4659156,0.958885,0.0,2.2813976,0.0,1.2382143,0.0,0.16898535,0.807715,0.24829549,0.4313788,0.835926,0.16894163,0.0,1.2386503,0.0,0.33545056,0.48162252,1.3165112,0.71970075,2.1138897,0.2649366,0.0,2.1637635,0.0,1.3610368,0.0,0.0,1.5976233,0.40590513,0.0,0.0,0.0,0.26515478,1.3863342,0.38041177,0.0,0.48743024,0.42525846,0.6098576,0.33361167,0.0,1.8479767,0.0,0.0,1.7489434,2.3895524,0.0,0.8477737,1.2162561,0.20386134,1.0643332,0.0,0.0,0.8081247,0.0,0.69522977,0.0,0.0,0.5140546,0.06425898,3.3725657,1.2516065,0.0,1.757688,0.0,1.6249106,0.0,0.0,1.0039811,0.0,1.4910984,0.0,0.0,0.0,1.1549056,0.0,0.0,0.14348048,0.0,0.95156306,0.0,0.0,0.2361139,0.6351292,0.15993361,0.0,1.2718508,0.5464783,0.022656353,0.9526759,0.0,0.44059205,0.0,1.8813635,0.6210095,0.0,0
1.6065174,0.0,0.65896267,0.9829443,0.0,2.2522254,1.1770402,0.45917347,0.0,0.90385437,0.07847286,0.0,0.19986716,1.3147082,2.1164906,0.5966006,0.0,0.0,0.27961093,0.059939027,1.0704702,2.480297,0.0,0.6229858,0.90896577,0.6160855,1.3105702,0.0,0.0,1.2693771,0.0,1.9668443,2.1260278,1.4815177,0.047673594,0.0,0.8179396,0.33299145,0.0,0.0,0.0,0.3201924,0.80873454,1.6722393,0.0,0.0,2.245961,0.0,0.87806284,0.0,0.0,1.2406553,0.5268522,0.41324425,0.0,1.9555124,0.0,0.6325472,1.6160053,0.093041316,1.2976342,1.0344533,0.0,0.0,0.80592436,0.5100779,0.0,1.3932278,0.39554068,0.0,0.03747684,0.79185265,0.0,1.0842552,0.3046311,0.93164414,0.0,0.022186518,0.0,0.7074206,1.0768263,0.7098286,0.904969,0.10510358,0.0,0.0,0.0,0.0,1.0378395,0.0,0.0,0.45659137,2.1486773,0.39476925,1.2325549,1.1493689,0.39359483,0.91523063,0.0,0.0,0.30492905,1.2122533,1.9320657,0.0,1.1235417,0.6509179,1.569485,0.64995176,0.33638915,0.1868559,0.0,1.82768,0.0,0.0,0.37957594,0.0,0.96530485,0.0,0.28974274,0.0,0.0,1.6974351,0.0,1.403974,0.0,0.08724832,0.0,0.0,0.7011199,0.7639051,0.0,1.0253128,0.6264703,0.9961531,1.2544419,0.032503773,0.0,0.0,2.130084,0.48189798,0.0,0.14528482,1.2631304,0.60694605,0.9546922,0.32245266,0.57433176,0.0,0.73479813,0.0,0.0,0.011399988,0.8245008,1.0466613,1.3452058,0.0,1.347375,1.0928594,0.0,0.77639544,1.1072974,0.2873711,1.7593415,0.0,0.19433443,0.0,0.2834004,0.6113578,0.56186056,1.3362372,0.6077929,0.3604901,0.0,1.4578686,0.0,0.47289634,0.69468623,0.96728426,0.5643118,1.4507184,0.25950104,0.0,1.3374871,0.0,1.2343336,0.0,0.49776867,1.2976748,0.43724585,0.0,0.0,0.0,0.4627229,1.7812376,0.8620451,0.0,0.2743365,0.39791906,0.39780703,0.73856354,0.0,1.372825,0.0,0.0,1.4983916,1.47321,0.0,0.80882114,1.190451,1.1056602,1.1492281,0.0,0.0,0.7161687,0.21085636,0.9677144,0.0,0.0,0.6868343,0.87121665,2.3873136,1.1037631,0.0,1.8407176,0.0,2.1223304,0.22662638,0.039128594,0.6210161,0.0,1.337342,0.0,0.0,0.0,1.6556461,0.0,0.0808201,0.61571956,0.43988872,0.37319744,0.0,0.0,0.0,0.70499337,0.051304415,0.0,1.0582788,0.60494035,0.5542107,1.1320508,0.0,0.18662106,0.0,1.3808743,0.9985,0.0,0
0.8144056,0.0,0.4616402,0.63991874,0.0,2.641459,1.3559823,0.16398641,0.30880284,1.4337227,0.78854364,0.0,1.1603696,0.75688744,2.8453312,0.97393864,0.0,0.0,1.6036918,0.28220522,0.4173348,1.2962275,0.0,1.2630794,0.0,0.7766546,2.2681992,0.0,0.0,0.9968394,0.0,0.72579336,0.35965982,0.42883223,0.0,0.0,0.6697422,0.7546377,0.34457353,0.0,0.0,0.29329598,1.3998603,2.1437013,0.0,0.0,0.91004604,0.0,1.7085478,0.0,0.0,1.9241412,1.1082321,0.3058295,0.0,1.1820112,0.0,1.5046676,0.9578669,0.8382208,2.6212509,2.10423,0.0,0.0,1.5020261,0.0,0.0,0.78235376,0.43563122,0.0,0.3880804,0.18111283,0.0,1.3907888,0.30040082,0.9776775,0.0,0.013870657,0.0,1.2333908,1.5008198,1.2550962,0.6761608,0.3569925,0.0,0.0,0.0,0.0,0.4131366,0.0,0.0,0.9807955,1.5161322,0.0,0.4788311,2.6417453,0.0,1.5566447,0.0,0.0,0.26984286,0.56439126,1.1128691,0.0,0.12386453,1.630119,0.08646946,0.40610105,1.4541388,1.0199211,0.0,0.4314757,0.38837922,0.0,0.8535777,0.0,0.5374542,0.0,0.0,0.0,0.0,1.6879948,0.6968513,0.68516004,0.0,0.62519914,0.0,0.0,0.7737231,0.80374295,0.0,1.6759865,0.0,0.376833,0.7235132,0.0,0.0,0.0,0.54590505,0.2915613,0.0,0.5438483,0.14991543,1.03008,0.41202173,1.1981796,1.0529238,0.0,1.6624321,0.0,0.0,1.5319537,1.7163194,0.6600241,1.8126185,0.0,0.78030735,1.1512543,0.0,0.0,1.224675,0.7835306,0.074573204,0.0,0.28938374,0.0,0.22851884,0.6741563,1.1899596,1.0250969,0.4057918,0.7324572,0.0,2.1274176,0.0,0.30449936,0.70673734,0.13365486,1.5983979,0.0,0.44734025,0.0,0.02196015,0.0,0.25583565,0.0,1.4564279,0.6420559,0.53138435,0.0,0.0,0.0,0.79543424,1.5883479,0.83802485,0.0,0.21820542,1.2574799,0.23299818,1.3126212,0.0,0.0,0.0,0.0,0.11251621,0.34979382,0.0,0.55637413,1.1030887,2.0944874,0.23607326,0.0,0.0,1.0787802,0.0,1.7744936,0.0,0.0,1.4157172,1.542708,1.7804484,1.2947023,0.0,0.697811,0.0,2.4310489,0.78547007,1.0757055,0.0,0.0,0.93251455,0.1175456,0.0,0.0,2.35677,0.0,0.0,1.7992285,1.0553437,0.29225624,0.0,0.0,0.0,0.32135284,0.17255206,0.0,0.5431059,1.5592022,1.0621196,0.8600952,0.0,0.0,0.0,0.2871111,1.3118161,0.0,1
0.50134206,0.0,0.14890312,0.6481492,0.0,3.1501212,1.3996506,0.15280828,0.7335307,1.3495619,0.9923954,0.0,1.3134332,0.22691302,2.516545,1.2259146,0.0,0.0,2.038052,0.24776942,0.0,1.2018969,0.0,1.6164261,0.0,0.9385935,2.2545862,0.0,0.0,1.362486,0.0,0.07717036,0.06690321,0.0,0.0,0.0,0.41741577,0.6545639,0.0,0.0,0.0,0.18834417,1.1958011,2.3564138,0.22731465,0.0,0.85184383,0.0,1.9553283,0.0,0.0,1.6301192,1.2300097,0.0,0.0,0.62837994,0.0,1.7683755,0.6525921,0.7754935,3.0878034,2.5731359,0.0,0.0,1.4194288,0.2068077,0.0,0.4217779,0.2727602,0.0,0.37435317,0.03316295,0.0,1.4099021,0.15542373,0.42706144,0.0,0.0,0.0,1.3566948,1.4531494,1.2882046,0.95680594,1.0224177,0.0,0.0,0.0,0.0,0.31410727,0.0,0.0,0.8615923,1.0449122,0.0,0.526311,2.6790326,0.0,1.6377505,0.0,0.0,0.102558784,0.36348024,0.9625332,0.0,0.16808331,1.8122916,0.05124233,0.43888566,2.2589712,1.0588088,0.0,0.6576113,0.22232252,0.011080983,1.1511419,0.0,0.0,0.0,0.0,0.0,0.0,1.5354289,0.70827335,0.5180178,0.0,0.47579986,0.0,0.0,0.7070425,0.43941116,0.0,1.4985502,0.0,0.31340894,0.102383204,0.0,0.0,0.0,0.41536438,0.3927059,0.0,0.49033132,0.56483245,1.3758917,0.46158978,1.3289076,0.8628568,0.0,1.8448824,0.0,0.0,1.5028875,2.448681,0.76196784,1.7922971,0.0,0.5069622,1.3961962,0.0,0.0,1.6795565,0.4976817,0.35667604,0.0,0.20596616,0.0,0.5315527,0.0,1.3663946,1.302639,0.51657575,1.0443515,0.0,2.3651638,0.0,0.4798293,0.49344876,0.08933197,1.4580299,0.0,0.0,0.15029643,0.0,0.0,0.0,0.0,1.7710966,0.62284553,0.3507444,0.0,0.0,0.0,0.96254593,1.7958086,1.6217247,0.0,0.0,1.4759862,0.24031304,2.2500758,0.0,0.0,0.0,0.0,0.0,0.0,0.0,0.18018539,1.1635703,1.8707265,0.4028947,0.0,0.0,1.2312353,0.009594901,1.4012723,0.0,0.0,1.5564264,2.0543184,1.4138829,0.7225236,0.0,0.7019267,0.0,2.5890114,1.1836123,0.8043171,0.0,0.0,0.8005853,0.0,0.0,0.0,1.8815145,0.0,0.0,2.170308,0.77153873,0.97256374,0.0,0.0,0.0,0.089539684,0.41661793,0.0,0.1042344,1.6797868,1.5970368,0.6559022,0.0,0.0,0.0,0.38243788,2.0297318,0.0,1
0.96072847,0.0,0.042464837,1.2039043,0.0,3.2551303,1.5901147,0.0,0.4071946,1.1599985,1.0237943,0.0,1.252581,0.49672598,2.707317,1.2782853,0.0,0.0,2.130372,0.12214124,0.0,1.5120317,0.0,1.0275074,0.3062952,0.70976937,2.1147969,0.0,0.0,1.0862961,0.00025294733,0.0,0.8324236,0.3522641,0.0,0.0,0.7858369,0.62480325,0.2797777,0.0,0.0,0.25806573,1.6485107,2.0693376,0.0,0.0,0.5501142,0.0,2.108015,0.0,0.0,2.058779,1.0472051,0.02588679,0.041196432,0.91633826,0.0,1.5608585,1.0933911,0.50997555,2.6862776,2.0727923,0.0,0.0,1.5240351,0.08096,0.0,0.66687167,0.55220133,0.0,0.10943968,0.20105314,0.0,1.0569848,0.11242249,0.7388487,0.0,0.08062537,0.0,1.1403718,1.4770986,1.8305022,0.6342484,0.7747784,0.0,0.0,0.0,0.0,0.6047988,0.0,0.0,1.0449753,1.4473368,0.0,0.4488552,3.053702,0.0,1.5760417,0.0,0.0,0.15465234,0.71691227,1.1603112,0.0,0.72703004,2.0713403,0.0,0.09434474,2.1704834,1.3536972,0.015703544,0.30858997,1.035198,0.0,0.90583605,0.0,0.3520783,0.0,0.2391671,0.0,0.0,1.6302327,1.1420089,0.5389391,0.0,0.45234573,0.0,0.0,1.0868686,0.7904434,0.0,1.5965257,0.25758648,0.096655995,0.42044035,0.11074852,0.0,0.0,0.92256314,0.26197162,0.0,0.5288278,0.010776635,1.7021788,0.52654886,1.5031825,1.1028721,0.0,1.6690707,0.0,0.0,1.9487082,2.4973466,0.9432729,1.9814893,0.0,0.8583205,1.4660128,0.0,0.0,1.4772329,0.0,0.26584068,0.0,0.37758926,0.0,0.47811118,0.23463897,1.5903829,1.3804147,0.3331703,1.0674248,0.12588392,2.0248365,0.0,0.3885494,0.77112806,0.2857639,1.7182046,0.0,0.26023537,0.0,0.0,0.0,0.09668016,0.0,1.8396101,0.83626425,0.68034345,0.0,0.0,0.0,0.8673548,1.6914408,1.2136352,0.0,0.09907671,1.3239796,0.100344025,1.3268656,0.0,0.0,0.0,0.0,0.0,0.0,0.0,0.80938137,1.7764608,1.8305138,0.1130122,0.0,0.0,1.0534534,0.0,1.1643815,0.0,0.0,2.1057,1.7952715,1.7515025,1.266106,0.0,0.61476266,0.0,2.9415646,0.86577815,1.1404535,0.0,0.0,0.6744614,0.004709353,0.0,0.0,1.9224967,0.0,0.0,1.9497038,1.0266482,0.4859265,0.0,0.0,0.0,0.36911705,0.062512234,0.0,0.26624548,1.8110356,1.1461829,1.3406473,0.0,0.0,0.0,0.28283772,1.7700946,0.0,1
0.702928,0.0,0.48425367,0.5059957,0.0,3.0466065,1.6002489,0.0,0.5918895,1.2534558,0.93758696,0.0,1.4130452,0.1252616,2.9586957,1.1291729,0.0,0.0,1.9106274,0.37905633,0.30685785,1.3504217,0.0,1.4931496,0.0,0.41327724,2.398986,0.0,0.0,1.6702404,0.0,0.15800445,0.41988835,0.32730073,0.0,0.0,0.61209506,0.6806977,0.0,0.0,0.0,0.24156179,1.0382167,2.2229764,0.21391037,0.0,0.741693,0.0,1.6004883,0.0,0.0,1.6882671,1.3857007,0.0,0.0,0.7113015,0.0,1.5613861,0.7531243,0.5702923,2.732279,2.302726,0.0,0.0,1.3981591,0.0,0.0,0.4946687,0.03458813,0.0,0.1757785,0.112600565,0.0,1.6120105,0.2563143,0.3360439,0.0,0.061175853,0.0,1.5833886,1.4543562,1.0652587,1.2590492,0.73594177,0.0,0.0,0.0,0.0,0.46894714,0.0,0.0,0.73212755,1.1389893,0.0,0.46760595,2.7533152,0.0,1.7061802,0.0,0.0,0.13457023,0.07377657,0.5735861,0.0,0.4327593,1.7046353,0.09896988,0.39484194,2.076419,1.0907221,0.0,0.75232345,0.273215,0.0,1.2875518,0.0,0.03383503,0.0,0.0,0.0,0.0,1.3389729,1.1220456,1.247031,0.0,0.42019922,0.0,0.0,0.6924237,0.5735611,0.0,1.4059646,0.0,0.24462222,0.10028744,0.024641862,0.0,0.0,0.20007983,0.5044455,0.0,0.3523531,0.3370249,1.3349832,0.5423703,1.411437,0.58822596,0.0,1.5951442,0.0,0.0,1.409538,2.423232,1.0207043,1.7853997,0.0,0.70612806,1.4940932,0.0,0.0,1.677627,0.28599763,0.30960113,0.0,0.028446177,0.0,0.4075834,0.0,1.0418274,1.524205,0.32547772,0.8431446,0.0,2.5199966,0.0,0.30348003,0.44210872,0.13931456,1.4608294,0.0,0.0,0.0,0.26903647,0.0,0.0,0.0,1.7717997,0.6903067,0.49648666,0.0,0.0,0.0,1.3735827,2.118333,1.2866915,0.0,0.0,1.3805109,0.0,2.0552812,0.0,0.2143844,0.0,0.0,0.13272874,0.0,0.0,0.557802,1.2231174,2.0132709,0.33850217,0.0,0.0,1.1399511,0.2943173,1.387261,0.0,0.0,1.5487114,2.0680985,1.0506728,0.8088487,0.0,0.4937655,0.0,2.4884691,1.0839077,0.70557857,0.0,0.0,0.88295436,0.0,0.0,0.0,1.9023819,0.0,0.025671195,2.141772,1.0760977,1.0262027,0.0,0.0,0.0,0.07931494,0.35191038,0.0,0.16901876,2.00036,1.3026994,1.4158235,0.0,0.0,0.0,0.47296387,2.5202687,0.0,1
0.6180677,0.0,0.15237014,0.49248898,0.0,3.135326,1.4339439,0.074164584,0.65717053,1.1090765,0.7026819,0.0,1.2479569,0.020918626,2.65199,1.1317116,0.0,0.0,1.9326212,0.26010162,0.26705062,1.2970052,0.0,1.2417215,0.0,0.52660054,2.1360164,0.0,0.0,1.3809589,0.0,0.2534892,0.52951205,0.13274655,0.0,0.0,0.6130688,0.51556736,0.0,0.0,0.0,0.33308664,0.97374696,2.1788824,0.31334496,0.0,0.8053487,0.0,1.7263122,0.0,0.0,1.7816566,1.316872,0.030626452,0.0,0.9638513,0.0,1.4283699,1.0339382,0.65309787,2.36694,2.1505172,0.0,0.0,1.1441774,0.0,0.0,0.6725384,0.18034722,0.0,0.19337438,0.2882644,0.0,1.3228871,0.098973155,0.23916046,0.0,0.0,0.0,1.0875071,1.4155964,1.0774502,1.085843,0.867701,0.0,0.0,0.0,0.0,0.36811954,0.0,0.0,0.73984444,1.611931,0.016200218,0.62384194,2.745154,0.0,1.6457695,0.0,0.0,0.0,0.23662433,0.44274652,0.0,0.6302133,1.4564958,0.20572145,0.32684177,2.0448217,1.2822441,0.0,0.4870446,0.19817431,0.0,1.106209,0.0,0.2238627,0.0,0.0,0.0,0.0,1.5673198,0.9863821,0.82319945,0.0,0.3302226,0.0,0.0,0.79099804,0.47013643,0.0,1.3393227,0.0,0.021549804,0.35666648,0.0,0.0,0.0,0.38425797,0.5700594,0.0,0.5100933,0.30526036,1.5246371,0.6211404,1.2581966,0.6267463,0.2032633,1.4676822,0.0,0.0,1.0095923,2.2663634,0.97151613,2.196333,0.0,0.838985,1.5682068,0.0,0.0,1.8045069,0.07690907,0.24032497,0.0,0.15002407,0.0,0.53879184,0.09854804,1.135872,1.3088958,0.23907676,0.87464696,0.0,2.021697,0.0,0.6175062,0.51017046,0.05262487,1.1963876,0.0,0.26420575,0.0,0.50860137,0.0,0.3967129,0.0,1.8922423,0.49005878,0.7031875,0.0,0.0,0.0,1.4298108,1.8881698,1.4588562,0.0,0.0,1.2914146,0.15568884,1.7847553,0.0,0.0,0.0,0.05951191,0.18864831,0.0,0.0,0.5999664,1.3589494,2.4913757,0.45284966,0.0,0.0,1.3729516,0.0,1.1846888,0.0,0.0,1.5068629,1.997264,1.5211327,1.1600754,0.0,0.2509362,0.0,2.5716264,1.0601707,0.6429785,0.0,0.0,0.7049671,0.0,0.0,0.0,1.754145,0.0,0.08991702,1.9853126,0.88792455,0.9290929,0.0,0.0,0.0,0.0,0.47417253,0.0,0.4794425,1.8136971,0.80428684,1.2480549,0.0,0.09885062,0.0,0.5978884,2.1698406,0.0,1
0.49332142,0.0,0.4263582,0.76358014,0.0,3.1204228,1.6132799,0.051888883,0.3427381,1.4263906,1.0222065,0.0,1.4290435,0.6339536,3.3364854,1.1041433,0.0,0.0,2.4499326,0.21755135,0.39437985,1.2092515,0.0,1.1803808,0.31159627,0.7089234,2.5409176,0.0,0.0,1.2884033,0.0,0.62178445,0.04817376,0.7431029,0.047539484,0.0,0.4772471,0.87821513,0.31065267,0.0,0.0,0.105380185,1.3745244,2.5876586,0.0,0.0,1.109074,0.0,1.7557737,0.0,0.0,2.0896266,1.4856648,0.46142402,0.0,1.1331382,0.0,1.7786955,1.1801234,0.9292902,2.9955788,2.6600084,0.09497367,0.0,1.7906746,0.0,0.0,0.46404517,0.6440255,0.0,0.15555984,0.2951951,0.0,1.3837528,0.2900751,0.7278759,0.0,0.05564463,0.0,0.83904755,1.9556849,1.6558481,0.8709907,0.48095575,0.0,0.0,0.0,0.0,0.87224305,0.0,0.0,1.0052022,1.8271422,0.0,0.42823192,3.0721788,0.0,1.5816011,0.0,0.0,0.24854574,0.7429286,0.62727666,0.09588965,0.3995541,1.9151441,0.0071608266,0.35292184,1.8201828,0.96808165,0.0,0.26118842,0.29956573,0.0,0.99283326,0.0,0.53340894,0.0,0.0,0.0,0.0,1.7521082,1.1210362,0.7670708,0.0,0.6162506,0.0,0.0,1.1247122,0.33681333,0.004056997,2.034668,0.0,0.09141447,0.99661165,0.17291419,0.0,0.0,0.4919335,0.45998043,0.0,0.8865615,0.15856287,1.3427905,0.7402294,1.6994385,1.0957831,0.0015401163,1.9391372,0.0,0.0,1.8523517,1.9140149,0.5854772,2.6570363,0.0,0.9113247,1.4359865,0.0,0.0,1.5060486,0.8240307,0.6335911,0.0,0.20260867,0.0,0.48746184,1.1624457,1.3321596,1.2629509,0.02569819,0.9860644,0.0,2.0669885,0.0,0.44921118,0.7928924,0.19592851,1.5840696,0.0,0.9134637,0.0,0.0037017579,0.0,0.6371342,0.0,1.6473924,0.15863782,0.6455363,0.0,0.0,0.0,1.3999245,1.7434404,1.3686359,0.0,0.08706048,1.6263608,0.15638359,1.3604692,0.0,0.0,0.0,0.0,0.1189926,0.3580036,0.0,0.91523165,1.6562794,3.0792758,0.40374488,0.43066525,0.0,1.2902851,0.0,1.8554091,0.0,0.0,1.3192978,2.0746722,2.0827446,1.8966224,0.0,0.27810165,0.0,2.563782,1.2404491,1.0599385,0.0,0.0,0.84833336,0.0,0.0,0.0,2.5465786,0.0,0.0,1.9917322,1.5676563,0.6185544,0.0,0.0,0.0,0.0,0.651332,0.0,0.58131045,2.1274693,1.1058562,1.0034525,0.0,0.054363146,0.0,0.18856509,1.3971121,0.0,1
1.5408062,0.0,0.19705294,0.8482645,0.0,2.1494918,0.7859707,0.5610329,0.0,1.2400385,0.301155,0.0,0.5101053,1.0697584,2.1977234,0.9207031,0.0,0.0,0.8118484,0.1359992,0.663183,2.1330152,0.0,0.39677197,0.56197625,1.0551786,1.0380467,0.0,0.0,1.4039899,0.0,1.4747657,1.651633,1.274225,0.0,0.0,0.77664524,0.5531477,0.0,0.0,0.0,0.37366548,0.9565663,1.6569622,0.0,0.0,2.0703795,0.0,1.0235932,0.0,0.0,1.2359129,0.45782226,0.21813332,0.0,1.8302768,0.0,0.6464707,1.3486712,0.15483831,1.8702602,1.3355428,0.0,0.0,0.9324496,0.3128252,0.0,1.1819199,0.47495028,0.0,0.054054666,0.5726612,0.0,1.3964516,0.0,1.0036609,0.0,0.0,0.0,1.1520286,1.2595468,1.23205,0.8480934,0.3510512,0.0,0.0,0.0,0.0,1.221349,0.0,0.0,0.552488,2.0700853,0.009088757,1.0854216,1.6356486,0.41920802,0.6432462,0.0,0.0,0.5491301,1.4292786,1.5744029,0.0,1.2355427,0.9309317,1.2110702,0.33766967,0.8120526,0.44675857,0.0,1.5910333,0.058255065,0.0,0.41400462,0.0,0.7908425,0.0,0.06784878,0.0,0.0,1.8068203,0.23444957,0.9488302,0.0,0.48944786,0.0,0.0,0.8769655,0.73927236,0.0,1.4388586,0.27606168,1.2583919,0.97218835,0.14719819,0.0,0.0,1.8179897,0.3053491,0.0,0.423961,1.1537882,1.1303078,1.1967924,0.5875362,1.0401168,0.0,0.8530065,0.0,0.0,0.43952772,1.2608935,0.9870534,1.4362447,0.0,1.1826705,0.9685229,0.0,0.60972697,1.0936512,0.5895861,1.3453966,0.0,0.5716279,0.0,0.402512,0.5337537,0.9163761,0.98253334,0.44677436,0.44746226,0.0,1.7317547,0.0,0.35618386,0.6015941,0.82633936,1.2819082,0.8929222,0.21784087,0.0,0.70485276,0.0,0.66876763,0.0,0.7212574,1.3711436,0.59598786,0.0,0.0,0.0,0.34263495,1.446497,0.8768815,0.0,0.5634624,1.1240537,0.37715408,1.1565294,0.0,0.8873787,0.0,0.0,0.95526224,1.3152474,0.0,0.5308727,1.2347809,1.234229,0.7889157,0.0,0.0,0.7533814,0.0,1.2135805,0.0,0.0,1.1368755,1.0803157,2.6113706,1.3119721,0.0,1.6361704,0.0,2.228337,0.2638243,0.44427377,0.5898153,0.0,1.1964617,0.0,0.0,0.0,1.7887465,0.0,0.0,1.2636262,0.3756683,0.6415155,0.0,0.0,0.0,0.6965146,0.0,0.0,0.9306317,1.198995,0.83221674,0.77904636,0.0,0.0,0.0,1.1682131,1.2030253,0.0,0
1.8869717,0.0,0.4378354,1.089524,0.0,1.5877056,0.7057998,0.628006,0.0,0.8060535,0.1258347,0.0,0.0,1.5091012,1.7898132,0.40517995,0.0,0.0,0.058549885,0.0,1.2131717,2.4511964,0.0,0.14383402,1.1409501,0.67685074,0.40612093,0.0,0.0,1.2071337,0.0,1.9783783,2.5563865,1.6918074,0.0,0.0,1.0223484,0.22244798,0.0,0.0,0.0,0.4674216,0.38865343,1.4890282,0.0,0.0,2.417756,0.0,0.4139594,0.0,0.0,1.0417175,0.2895602,0.1294722,0.0,2.2532246,0.0,0.41956723,1.6697978,0.0,1.0018816,0.18691792,0.0,0.0,0.050473686,0.39393932,0.0,1.585311,0.34860605,0.0,0.0,0.596506,0.022165967,1.088274,0.062075086,1.0245134,0.0,0.1609782,0.0,0.7788311,1.3216219,1.5185442,0.654142,0.0,0.0,0.0,0.0,0.0,1.4711974,0.0,0.0,0.5481888,2.4052842,0.52541965,1.335885,0.79089594,0.40946743,0.38569248,0.0,0.0,0.68834937,1.5984015,1.4335405,0.0,1.6696479,0.37465638,1.8802092,0.09262291,0.41442457,0.040244658,0.0,2.1561832,0.0,0.0,0.13518839,0.0,1.2969573,0.0,0.47008166,0.0,0.0,1.4780846,0.0,1.6396971,0.0,0.024442248,0.0,0.0,1.0017897,0.8995043,0.0,0.6534573,0.8417939,1.7119291,1.3657272,0.24387096,0.0,0.0,2.5072074,0.30551302,0.0,0.36573046,1.239263,0.94172925,1.1161057,0.16769154,0.7288345,0.139123,0.3070297,0.0,0.0,0.0,0.48659945,1.2728531,1.3087481,0.0,1.428165,0.59969205,0.0,1.5169513,1.035319,0.0,2.1568017,0.0,0.7344739,0.0,0.419533,0.44536918,0.3965395,0.61708635,0.84600335,0.19994038,0.0,1.415172,0.0,0.5544213,0.58562297,1.1478157,0.88055795,1.6692659,0.08271314,0.0,1.6866204,0.0,1.2218131,0.0,0.12869701,1.6006258,0.4966027,0.0,0.0,0.11813406,0.13702528,1.4200432,0.36594567,0.0,0.46659467,0.33453485,0.54154265,0.7306643,0.0,1.834133,0.0,0.0,1.6139698,2.1705449,0.0,0.768824,1.1167953,0.37685332,1.1104742,0.0,0.0,0.848904,0.04306014,0.4504864,0.0,0.0,0.83946365,0.17334934,2.770484,1.1041715,0.0,1.9204963,0.0,2.105494,0.08796273,0.0,0.54167455,0.0,1.6558745,0.0,0.0,0.0,1.3444952,0.0,0.0,0.39579424,0.0,0.80537283,0.0,0.0,0.05665103,0.89320433,0.055278346,0.0,1.0679207,0.81416357,0.032352716,1.2522413,0.0,0.1391428,0.0,1.6112658,0.9019693,0.0,0
1.4514282,0.0,0.62534297,0.99562246,0.0,2.1889389,1.1435071,0.5410663,0.04315544,0.9000605,0.12688884,0.0,0.36477843,1.4252437,1.9415982,0.6517925,0.0,0.0,0.7985225,0.03844291,0.6013166,2.0650685,0.0,0.47475472,0.6216534,1.1907458,1.17063,0.0,0.0,1.6919627,0.0,1.6466225,2.0287385,1.5005296,0.0,0.0,0.9783882,0.4032053,0.0,0.0,0.0,0.09745763,0.9280862,1.7246265,0.057748403,0.0,2.2905881,0.0,1.0307112,0.0,0.0,1.3563807,0.6809685,0.52504796,0.32016727,1.5635381,0.0,0.92467326,1.2689503,0.16375971,1.6353103,1.1292146,0.0,0.0,0.99857855,0.4263559,0.0,1.5151635,0.60321194,0.0,0.0,0.4028169,0.0,1.1034918,0.0,0.9789079,0.0,0.0,0.0,1.0086069,1.3003832,1.1692343,0.9785754,0.2420755,0.0,0.0,0.0,0.0,0.93080974,0.0,0.0,0.56617683,1.9342498,0.20188355,1.2690113,1.5345671,0.6641052,0.7310158,0.0,0.0,0.6600718,1.3649571,1.647756,0.0,0.87502885,1.0868081,1.0132645,0.30263785,0.38828656,0.3756296,0.0,1.455627,0.0,0.0,0.33203533,0.0,0.8612322,0.0,0.3063568,0.0,0.0,1.7545482,0.09254078,0.58371955,0.0,0.68254447,0.0,0.0,0.9007692,0.7809585,0.0,1.4573603,0.46639743,0.9986013,1.1498339,0.07208722,0.0,0.0,1.9298502,0.22576176,0.0,0.39476794,1.1316131,1.0901979,0.9193491,0.62646925,0.9304732,0.0,0.69487286,0.0,0.0,0.43537486,0.9464539,0.7071842,1.5796343,0.0,1.372156,0.99156904,0.0,0.33031088,0.9552431,0.2846146,1.6698118,0.0,1.0613331,0.0,0.49962646,1.1965439,0.62456864,0.79616135,0.60774577,0.5191255,0.0,1.2959142,0.0,0.41999018,0.50875086,0.7696041,1.2362628,1.2657268,0.3603406,0.0,1.0965623,0.0,0.6398013,0.0,0.9018253,1.1273332,0.548581,0.0,0.0,0.0,0.34537387,1.4488983,0.7882875,0.0,0.5286239,0.63509077,0.3800142,0.9612205,0.0,1.1212381,0.0,0.0,1.1150168,1.6394135,0.0,0.77206486,1.5339745,1.1340708,0.7605046,0.262412,0.0,0.794008,0.0,1.0691473,0.0,0.0,1.034314,0.94888294,2.452386,1.3512201,0.0,1.2696053,0.0,2.364297,0.41417438,0.22364765,0.49837193,0.0,1.1180482,0.0,0.0,0.0,1.8390565,0.0,0.0,0.90408576,0.21299067,0.7157617,0.0,0.0,0.0,0.61378604,0.0,0.0,0.7934676,1.0100365,0.87281346,1.1161436,0.0,0.0,0.0,1.3494345,0.8552974,0.0,0
0.8731243,0.0,0.4923382,0.7641903,0.0,3.5708623,1.7509071,0.08218178,0.48302656,1.5261319,1.1146095,0.0,1.4928799,0.41286615,2.7846253,1.0003238,0.0,0.0,2.2680917,0.1983459,0.0,1.5883105,0.0,1.3942946,0.0,0.56968653,2.2929265,0.0,0.0,1.4998257,0.0,0.28534037,0.15899202,0.0,0.0,0.0,0.350188,0.76845205,0.0,0.0,0.0,0.10327356,1.8712027,2.3254461,0.0,0.0,0.769494,0.0,2.2036028,0.0,0.0,1.9716928,1.2056109,0.21815619,0.0,0.9305791,0.0,1.7944123,1.1029663,0.7765241,3.1160972,2.7322946,0.0,0.0,1.6112524,0.04564809,0.0,0.5964823,0.5824002,0.0,0.37804425,0.061508894,0.0,1.5025179,0.09109483,0.5177724,0.025920073,0.014283837,0.0,1.2241114,1.7208378,1.8171788,0.9427391,0.9552302,0.0,0.0,0.0,0.0,0.7493806,0.0,0.0,1.037402,1.3963042,0.0,0.40398338,2.8585773,0.0,1.4232992,0.0,0.0,0.29739586,0.49672052,0.8948437,0.0,0.5179217,2.0532637,0.0,0.19821882,2.3681805,1.4095846,0.07171635,0.56078774,0.65269315,0.0,1.3028823,0.0,0.2675676,0.0,0.1508469,0.0,0.0,1.8772538,0.8749776,0.5494106,0.0,0.49719608,0.0,0.0,0.92980486,0.59345126,0.0,1.6970274,0.0,0.12313597,0.50557244,0.0,0.0,0.0,0.48123214,0.5116612,0.0,0.730472,0.26442996,1.5296048,0.3515481,1.6249684,1.2408559,0.0,1.6874034,0.0,0.0,1.9808292,2.88775,0.48424804,1.9567375,0.0,0.56593,1.2925894,0.0,0.0,1.3252969,0.32392496,0.12825736,0.0,0.29666325,0.0,0.3476191,0.24833898,1.7182161,1.6362164,0.66804594,0.97883517,0.0,2.4010148,0.0,0.22167586,0.5765974,0.17087744,1.769081,0.0,0.049046293,0.012661005,0.0,0.0,0.07261157,0.0,2.0895932,0.81516147,0.8355516,0.0,0.0,0.0,1.0771943,1.8767629,1.5173875,0.0,0.0,1.8198488,0.18851157,1.7575861,0.0,0.0,0.0,0.0,0.0,0.0,0.0,0.6285373,1.3952588,2.2075665,0.21509808,0.0,0.0,1.1125214,0.0,1.7067162,0.0,0.0,1.9992412,2.236422,1.5510128,1.2875005,0.0,0.6592662,0.0,2.904729,1.147039,1.0657898,0.0,0.0,0.9581958,0.19363211,0.0,0.0,2.113412,0.0,0.0063468334,1.9166412,1.055893,0.8032919,0.0,0.0,0.0,0.30189025,0.33782196,0.0,0.7233828,1.8901283,1.389545,1.115455,0.0,0.0,0.0,0.42484707,1.8967255,0.0,1
1.7413193,0.0,0.55853575,1.199514,0.0,2.7130735,1.7963345,0.49615493,0.0,1.8434991,0.8503903,0.0,0.97013724,1.5978248,2.6711686,1.214738,1.0625402,0.0,0.859035,0.0,1.1172203,2.2112296,0.0,1.4925644,0.8571657,1.3652976,1.922312,0.0,0.0,1.3183242,0.0,1.0101244,2.3829122,0.9574019,0.014266858,0.0,1.0279592,0.8503733,0.0036192443,0.0,0.0,0.0,0.47551525,1.4726241,0.41139776,0.0,2.1580136,0.0,1.3031152,0.0,0.0,1.3725461,1.1600544,0.30734167,0.011755209,1.5093715,0.0,1.0083321,1.4568653,0.03767769,2.071822,1.8387328,0.13067855,0.0,0.9348618,0.43656766,0.0,1.2831789,0.021987006,0.0,0.24530308,0.74263823,0.0,1.366015,0.44341218,1.0998528,0.0,0.0,0.0,1.0184964,1.4546847,1.4858646,0.97163624,0.37595135,0.0,0.0,0.0,0.0,1.0519246,0.0,0.0,0.7684623,1.893993,0.0,1.4908912,2.7145092,0.5970379,1.8866825,0.0,0.0,0.76558584,1.2343497,1.5105351,0.0,1.4856771,1.0381922,1.3863593,0.68441486,1.4330509,0.77399534,0.0,1.7632438,0.81211674,0.0,0.76605356,0.0,1.2730019,0.0,0.22289588,0.0,0.0,1.6789721,0.59625995,0.77821463,0.0,0.0,0.0,0.0,1.6534932,1.0041859,0.0,1.356189,1.3485235,1.3360388,0.50234157,0.0,0.0,0.0,1.9937705,0.25746378,0.0,0.36011752,0.8755611,1.6423587,0.6104857,0.9696125,1.4480121,0.5053255,1.5121617,0.0,0.0,0.7573922,1.6265897,1.7357,1.5606372,0.0,1.1391429,1.7836665,0.0,0.98111385,1.3577325,0.8830255,1.5573542,0.0,0.35476646,0.0,0.7352733,0.513783,1.5409724,1.281457,0.0,0.70724165,0.0,1.533387,0.0,0.4555151,0.79386383,1.0560217,1.5865322,1.0953332,0.6354855,0.0,1.2599916,0.0,0.38701347,0.0,1.4139254,1.212223,0.2181901,0.0,0.0,0.33309445,0.6992224,2.34457,1.2521105,0.0,0.08432969,1.1880336,0.48278758,1.8028466,0.0,0.5349682,0.0,0.0,1.0388039,1.1960976,0.0,0.5982235,1.1218745,1.3452178,1.3315408,0.0,0.0,0.48059806,0.0,1.3416371,0.0,0.0,1.7022376,1.1214505,2.4034421,1.9080614,0.0,1.1702476,0.0,3.3051918,0.13558133,0.46984938,0.673244,0.0,1.0170057,0.0,0.0,0.0,1.4590803,0.0,0.0,1.7701995,0.9237795,1.5315304,0.0,0.0,0.0,0.93489134,0.14572512,0.0,0.6432083,1.3493544,1.2660515,2.0092466,0.0,0.0,0.0,1.3424813,1.2850556,0.0,1
1.7888052,0.0,0.37688294,2.2785902,0.0,2.4544132,1.0415542,1.0504318,0.080367245,1.5077825,0.79808205,0.0,0.0,1.7154299,1.3800325,0.44311848,0.0,0.0,0.38041717,0.0,0.95768815,2.5517616,0.4890223,0.46561953,1.5056536,0.6197672,0.75962925,0.0,0.0,1.0694054,0.0,1.7702062,2.9465272,2.2278483,0.0,0.0,1.0285206,0.2124692,0.0,0.0,0.0,0.32399487,0.73919296,1.2395223,0.0064808107,0.0,2.2386348,0.0,1.1276318,0.0,0.0,1.9973503,0.54967046,0.12412113,1.0841837,1.459424,0.0,0.25308987,1.8058155,0.0,1.3247938,0.43641964,0.0,0.0,0.41196403,0.57637894,0.0,1.1644841,0.52502245,0.0,0.0,1.3471684,0.0,0.3949908,0.10246395,1.3014092,0.0,0.0,0.0,0.32610726,1.2977997,1.3332142,0.62470883,0.47979894,0.0,0.0,0.0,0.0,2.2360926,0.0,0.0,0.7456291,2.1991518,0.17999989,1.2474211,1.8557752,0.58237445,0.68537563,0.0,0.0,0.31614733,1.5859572,1.2336645,0.0,2.4931378,0.6059286,1.072403,0.050725378,0.2826196,0.34967935,0.0,1.2966281,0.1724597,0.0,0.58514774,0.0,1.186445,0.0,0.22243834,0.0,0.0,1.3928986,0.4995404,1.1478863,0.0,0.0,0.0,0.0,1.5214517,0.97621137,0.0,0.4883647,0.9945504,0.4805843,1.6262134,0.73563194,0.0,0.0,3.230194,0.67419463,0.0,0.92644,1.4030298,1.2308103,1.4458243,0.3059567,1.3386471,1.0681792,0.50960827,0.0,0.0,0.0,0.97443485,0.9603083,2.0660872,0.0,2.0313733,1.0286609,0.0,0.97600514,1.0493386,0.0,2.0539231,0.0,0.7778011,0.0,0.61418587,0.36566916,0.9866647,0.62952954,0.6175199,0.043363098,0.0,1.0000694,0.0,0.4387073,0.53409636,1.216179,1.2086412,0.7768972,0.8350554,0.0,1.3622202,0.0,1.3981379,0.0,1.1335067,1.7120337,0.42655674,0.0,0.0,0.0,0.0,0.9357613,1.0066258,0.0,0.017283807,0.69124407,0.49382547,0.24685095,0.0,0.95484346,0.0,0.0,1.5244429,1.7280284,0.0,1.6855371,1.9259408,0.4247003,0.98297656,0.0,0.0,0.68558806,0.0,0.2325695,0.0,0.0,0.8316176,0.5443059,3.4118197,1.3615559,0.0,1.4612954,0.0,2.631319,0.5989964,0.02807396,0.6050219,0.0,1.7447305,0.0,0.0,0.0,1.2830721,0.0,0.0,0.676404,0.57481414,0.49475038,0.0,0.0,0.0,0.43073803,0.47793722,0.0,0.6840657,0.79220027,0.072829455,2.0083966,0.0,0.23428066,0.0,1.6038312,0.76446676,0.0,0
0.4037436,0.0,0.38149545,0.7970771,0.0,3.3646154,1.7119819,0.09705058,0.5146505,1.2154636,0.97804886,0.0,1.5887291,0.51514757,2.7551794,1.3771375,0.0,0.0,2.0209408,0.41531533,0.11880958,1.525822,0.0,1.1924324,0.0,0.5831031,2.408864,0.0,0.0,1.6236726,0.0,0.04899215,0.22155735,0.009692695,0.0,0.0,0.4211896,0.5904883,0.0,0.0,0.0,0.09249469,1.4645206,2.1341543,0.0,0.0,0.74862975,0.0,1.8474419,0.0,0.0,1.9928472,1.3758131,0.10298484,0.0,0.88046646,0.0,1.6563125,0.8417775,0.63707095,3.0973876,2.516179,0.0,0.0,1.5164667,0.037401654,0.0,0.58999825,0.2037084,0.0,0.090216614,0.09325421,0.0,1.3159033,0.15500224,0.44367114,0.15960275,0.0,0.0,1.3456405,1.5125543,1.636082,1.2131774,0.77559125,0.0,0.0,0.0,0.0,0.5434917,0.0,0.0,1.0295744,1.2748613,0.0,0.33129895,3.009175,0.0,1.7023746,0.0,0.0,0.09074008,0.26610732,0.84317505,0.0,0.86749256,2.0542352,0.0,0.37531948,2.1780717,1.0394145,0.0,0.4623845,0.6534221,0.0,1.3424329,0.0,0.00654059,0.0,0.013217882,0.0,0.0,1.658413,1.0665246,0.8514329,0.0,0.45561785,0.0,0.0,0.75901204,0.55226004,0.0,1.6907634,0.0,0.0,0.13306996,0.0,0.0,0.0,0.39915505,0.5711053,0.0,0.483129,0.20777681,1.7352465,0.72960687,1.4273554,0.9596144,0.13592605,1.7866793,0.0,0.0,1.6234808,2.5888288,1.1138562,2.096566,0.0,0.74681157,1.6359829,0.0,0.0,1.613611,0.16623797,0.43274865,0.0,0.061552044,0.0,0.6486186,0.26658455,1.4143915,1.2749586,0.33490488,1.1768444,0.0,2.438658,0.0,0.58028686,0.58225626,0.15000923,1.3851466,0.04383326,0.32027006,0.0,0.57055676,0.0,0.16005942,0.0,2.282495,0.75641435,0.6894465,0.0,0.0,0.0,1.1398923,2.1142335,1.3987088,0.0,0.0,1.6093714,0.23283635,1.6785134,0.0,0.0,0.0,0.0,0.2964669,0.0,0.0,0.6255311,1.4483579,2.3739398,0.3753075,0.0,0.0,1.1395838,0.0,1.564524,0.0,0.0,1.745159,2.0924873,1.7134795,0.958351,0.0,0.2577211,0.0,2.6508036,1.5176891,0.73035055,0.0,0.0,1.0032514,0.0,0.0,0.0,1.9861835,0.0,0.0,2.1466064,1.0087992,1.1544011,0.0,0.0,0.0,0.0,0.56464416,0.0,0.21721393,1.983639,1.0237536,1.068104,0.0,0.0,0.0,0.41167694,2.2161222,0.0,1
1.668248,0.0,0.4048563,0.8766019,0.0,2.3480911,1.1519613,0.6144916,0.020453582,1.3156652,0.39271474,0.0,0.26126298,1.2886627,2.177799,0.45248604,0.0,0.0,0.52883315,0.0,1.1015971,2.4115086,0.0,0.4652076,0.9271262,0.7679033,1.0776222,0.0,0.0,1.640704,0.0,1.6842203,2.130843,1.8162924,0.003388295,0.0,0.48080713,0.43463054,0.0,0.0,0.0,0.25383762,0.5792615,1.2262989,0.14009477,0.0,1.6284612,0.0,1.086168,0.0,0.0,1.218909,0.5574929,0.40101337,0.107952036,2.0278986,0.0,0.8618747,1.486668,0.0,1.2186979,1.0456347,0.0,0.0,0.946168,0.671128,0.0,1.1562442,0.0,0.0,0.0,0.5518733,0.0,1.198155,0.14823818,0.9291485,0.0,0.0,0.0,0.9925597,1.1462052,0.8484465,0.78983694,0.33452982,0.0,0.0,0.0,0.0,1.1275994,0.0,0.0,0.7817242,2.0332437,0.2150318,1.4640733,1.2167909,0.3884375,0.8424399,0.0,0.0,0.20172635,1.5472506,1.740286,0.0,1.4280517,0.791844,1.45235,0.56225115,0.3443901,0.0,0.0,1.9672847,0.0,0.0,0.286333,0.0,0.9379575,0.0,0.44935212,0.0,0.0,1.3672103,0.0,1.118722,0.0,0.39507568,0.0,0.0,0.773086,0.5814568,0.0,0.8836869,0.7080457,1.2468336,0.8540217,0.14341079,0.0,0.0,2.1656737,0.30813232,0.0,0.051845673,1.457244,0.48857194,1.032705,0.27181515,0.8682693,0.0,0.8907544,0.0,0.0,0.0,0.932091,0.7439337,1.5123333,0.0,1.0493208,0.9257094,0.0,0.90235656,1.1346058,0.56252396,1.6251551,0.0,0.4180339,0.0,0.0,0.7595684,0.6388392,1.4232605,1.1207992,0.3115138,0.0,1.6556306,0.0,0.60035104,0.5954753,1.0791149,0.56180793,1.22276,0.0,0.0,1.1136998,0.0,1.0169371,0.0,0.56931156,1.1423732,0.31011802,0.0,0.0,0.0,0.07468816,2.0338264,1.1050979,0.0,0.3746399,0.76172405,0.5563526,1.102482,0.0,1.6154083,0.0,0.0,1.2085325,1.8154498,0.0,1.0129088,1.0567503,0.63196653,0.7145095,0.0,0.0,0.62992835,0.049837947,1.1640378,0.0,0.0,0.74201536,1.2429279,2.3522174,0.89890915,0.0,1.7585588,0.0,1.8216652,0.017805204,0.24294895,0.7637683,0.0,1.5561608,0.0,0.0,0.0,1.6821246,0.0,0.0,0.7468949,0.29516003,0.6261931,0.0,0.0,0.0,0.70648897,0.091681436,0.0,0.7932574,0.47483596,0.6523448,0.993612,0.0,0.0,0.0,1.5412147,1.272601,0.0,0
0.9407672,0.0,0.7117934,0.9245232,0.0,2.368039,1.5656435,0.5504259,0.15953466,1.639503,1.1015694,0.0,0.8215331,1.2094252,2.1958797,0.71712697,0.0,0.0,1.3183411,0.3209151,0.57242376,1.2432815,0.0,1.1747519,0.06816118,0.76429933,1.8771064,0.0,0.0,1.1959904,0.0,1.3600633,0.36704746,1.1236498,0.0,0.0,0.20743793,0.42031935,0.107841544,0.0,0.0,0.32999122,1.0656193,2.020906,0.0,0.0,1.661787,0.0,1.7004532,0.0,0.0,1.7857026,1.0203413,0.3194392,0.0,0.8399405,0.0,1.4413658,1.0089717,0.8370369,2.775599,1.9680694,0.0,0.0,1.2127824,0.17773075,0.0,0.84953773,0.33670068,0.0,0.0,0.60600245,0.0,1.3155937,0.4864395,0.5548841,0.0,0.0,0.0,1.0015976,1.4812125,1.0475135,1.4013858,0.17145705,0.0,0.0,0.0,0.0,0.7479146,0.0,0.0,0.66907835,1.419425,0.0,1.014249,2.371284,0.53442943,0.9193481,0.0,0.0,0.18080628,0.7146636,0.4530115,0.0,0.7222545,1.263605,0.70152915,0.6106904,0.6750166,0.26969296,0.0,0.6802179,0.28639317,0.0,0.47378877,0.0,0.5462766,0.0,0.0,0.0,0.0,1.4232224,0.3179007,0.848584,0.0,0.6479226,0.0,0.0,1.000323,0.47719488,0.0,1.6205258,0.8169335,1.0106587,0.6535769,0.07869052,0.0,0.0,1.3160707,0.29085353,0.0,0.20100528,0.6750635,1.0630943,0.9199888,0.6041893,1.2260003,0.020027053,1.4559987,0.0,0.0,0.75713676,0.8533411,0.69692343,2.0233073,0.0,0.9740742,1.1565684,0.0,0.0,0.9716336,0.6215302,0.6653047,0.0,0.16996844,0.0,0.49524736,0.9875395,0.8457932,0.5924705,0.49298674,0.36156788,0.0,1.735801,0.0,0.70053434,0.3279075,0.5282637,1.2812277,0.7696582,0.5715093,0.0,0.5501238,0.0,0.5551457,0.0,1.3141292,0.33800468,0.047459107,0.0,0.0,0.0,0.50995976,1.403497,0.98850447,0.0,0.14950785,1.1103399,0.5470364,1.3751715,0.0,0.33536175,0.0,0.0,0.97220474,1.1718898,0.0,0.33175546,1.2476927,1.9424084,0.6104627,0.004928204,0.0,0.5654961,0.0,1.5357376,0.0,0.0,0.5210158,1.2352593,2.1747398,1.1983514,0.0,0.91261756,0.0,1.7550728,0.7737371,0.27332947,0.45631412,0.0,1.3406109,0.0,0.0,0.0,1.9790875,0.0,0.0,1.2671348,0.92504346,1.0245321,0.0,0.0,0.0,0.0,0.5303595,0.0,0.2714006,1.6471223,0.84537715,0.8625237,0.0,0.0,0.0,0.4296438,1.2099494,0.0,1
1.6430336,0.0,0.8757718,1.3462328,0.0,1.8318793,0.75819165,0.68680733,0.0,1.0419902,0.17783883,0.0,0.055230502,1.5007433,1.7968167,0.34499413,0.0,0.0,0.07137555,0.0,1.149264,2.090494,0.06645735,0.0437923,1.2082887,0.5899039,0.61183846,0.0,0.0,1.4220488,0.0,1.9457228,2.5731397,1.8833908,0.0,0.0,0.7023771,0.4108821,0.0,0.0,0.0,0.31323516,0.66363376,1.3566195,0.10560239,0.0,2.6844077,0.0,0.78528035,0.0,0.0,1.3896503,0.47514683,0.17070441,0.725875,1.4654468,0.0,0.38228124,1.865444,0.032797486,1.1423602,0.31129375,0.0,0.0,0.16996568,0.86400366,0.0,1.5451971,0.21220873,0.0,0.0,0.9866378,0.13520916,0.84650505,0.48636943,1.4800363,0.0,0.0,0.0,0.47605652,1.2289926,1.5047824,0.7036544,0.0,0.0,0.0,0.0,0.0,1.4642135,0.0,0.0,0.1375413,2.3808062,0.54819274,1.0820972,1.2595862,0.9472901,0.5592637,0.0,0.0,0.27054185,1.9881546,1.3639144,0.0,1.5809826,0.21054797,1.6465988,0.18335003,0.0,0.06661342,0.0,1.6167967,0.042326678,0.0,0.08715938,0.0,1.3525717,0.0,0.31086856,0.0,0.0,1.3658912,0.0,1.3653982,0.0,0.0,0.0,0.0,1.0704129,0.5540513,0.0,1.1355659,0.90364057,1.4873266,1.5252943,0.32275718,0.0,0.0,2.8699737,0.607407,0.0,0.5265664,0.93031085,0.85685414,1.233874,0.21745788,1.0400743,0.23498213,0.27377498,0.0,0.0,0.0,0.031818077,0.7817697,1.6069285,0.0,1.260391,0.7223856,0.0,1.1667951,0.7423032,0.0,2.3377838,0.0,0.29871672,0.0,0.06730205,0.73454106,0.54874927,0.58083117,0.50728863,0.0,0.0,1.2098708,0.0,0.3486932,0.7343157,1.2458382,0.9092297,1.5729876,0.6049531,0.0,1.5354078,0.0,1.289846,0.0,0.7764373,1.1522279,0.088716224,0.0,0.0,0.0,0.0,1.1234354,0.46187192,0.0,0.72895,0.17390238,0.7077678,0.7153253,0.0,1.8852166,0.0,0.24950923,1.5127271,2.0690372,0.0,1.0946987,1.259185,0.25682083,1.1143129,0.0,0.0,0.5810669,0.0,1.0437784,0.0,0.0,0.0,0.531202,2.7695088,1.1403441,0.0,1.7942128,0.0,2.2669034,0.0,0.0,0.78162795,0.0,1.6353668,0.0,0.0,0.0,1.6970463,0.0,0.0,0.3879036,0.44964966,0.12856697,0.0,0.0,0.0,0.60141855,0.0,0.0,1.1037683,0.47420618,0.0,1.2009377,0.0,0.5882882,0.0,1.4178667,0.72736967,0.0,0
0.8594483,0.0,0.60457796,0.8700585,0.0,3.538327,1.8116312,0.3466102,0.36393544,1.455491,1.1580851,0.0,1.5689292,0.9795661,2.6529474,1.3249165,0.0,0.0,2.6738312,0.2699591,0.04155537,1.4703393,0.0,1.3283421,0.0,0.7386202,2.6439738,0.0,0.0,1.6544579,0.0070726722,0.5761577,0.0,0.54673237,0.0,0.0,0.23167452,0.69512707,0.55745274,0.0,0.0,0.13098201,2.0173218,2.085074,0.0,0.0,0.73828804,0.0,2.3333197,0.0,0.0,2.0459044,1.1413852,0.10257362,0.0,0.8532022,0.0,2.215338,0.96642107,0.6086344,2.9916391,3.0560622,0.0,0.0,2.1151237,0.08856069,0.0,0.98677194,0.58963984,0.0,0.4407107,0.0,0.0,1.6966076,0.0,0.43216658,0.0,0.11334017,0.0,1.565868,1.7182696,1.4312711,0.96881896,0.82148564,0.0,0.0,0.0,0.0,0.32432342,0.0,0.0,1.3384068,0.97817814,0.0,0.54852265,2.897819,0.0,1.4856452,0.0,0.0,0.40539524,0.24539392,1.2002343,0.0,0.23315619,2.130964,0.0,0.422962,2.0333943,1.1174517,0.3271858,0.3546246,0.27079853,0.0,1.2406399,0.0,0.39056945,0.0,0.2227293,0.0,0.0,1.6431323,0.9457617,0.5125385,0.0,0.65138406,0.0,0.0,0.88204753,0.7496945,0.0,1.9689577,0.0,0.36555555,0.6971102,0.0,0.0,0.0,0.224579,0.16844778,0.0,0.6785481,0.0,1.3963513,0.3885189,1.5510527,1.1299298,0.0,2.0808322,0.0,0.0,2.3855898,2.449261,0.857816,1.7533643,0.0,0.48634085,1.5687377,0.0,0.0,1.1720935,0.71390295,0.0,0.0,0.34747547,0.0,0.44240946,0.35444883,1.3096005,1.3706892,0.5362758,1.4531779,0.24620207,2.6737876,0.0,0.4264268,0.6990994,0.0,1.4375916,0.0,0.19853885,0.42585748,0.15270512,0.0,0.0,0.0,2.0054755,0.55072707,0.622915,0.0,0.0,0.0,0.15880491,2.1433852,1.1474253,0.0,0.09895632,1.6871572,0.23878671,2.0319867,0.0,0.0,0.0,0.0,0.0,0.0,0.0,0.2900119,1.9034251,2.1790507,0.0,0.0017987331,0.0,0.933017,0.0,2.0968733,0.0,0.0,2.3528159,2.0725517,1.5882142,1.3867981,0.0,0.42585132,0.0,2.1818526,0.6165091,1.1672966,0.027469665,0.0,0.9554758,0.47831115,0.0,0.0,2.4234614,0.0,0.0,2.0710018,0.9902528,0.9411556,0.0,0.0,0.0,0.20052603,0.44907132,0.0,0.08292406,1.8582084,1.6214614,0.74897367,0.0,0.0,0.0,0.19683476,1.4913076,0.0,1
0.9194382,0.0,0.97216094,0.97463423,0.0,3.6024327,1.460175,0.0075428197,0.04565031,1.9274945,1.3745794,0.0,1.22831,0.6707801,3.1513033,0.8654776,0.39981383,0.0,1.0594373,0.0,0.9994804,1.3695141,0.0,2.3960562,0.43983707,1.1374564,2.63593,0.0,0.0,0.5146533,0.0,0.642801,1.1706792,0.41517165,0.6522128,0.0,0.06524391,1.2181878,0.0,0.0,0.0,0.0,0.9119959,1.9222168,0.0,0.0,0.97989625,0.0,1.5346786,0.0,0.0,1.8848282,1.3753368,0.6008151,0.5072086,0.46175176,0.0,1.3809901,1.0395663,0.25856447,2.3492732,1.8994175,0.4713761,0.0,0.68009764,0.029680781,0.0,0.68003577,0.17985396,0.0,0.29597014,0.59846044,0.0,1.0301178,0.5578034,0.6728162,0.0,0.0,0.0,0.94267535,1.0261472,1.3660221,1.3050964,0.06844904,0.0,0.0,0.0,0.0,1.0016781,0.0,0.0,0.18698278,1.894438,0.0,0.65678805,3.117386,0.7937051,1.8987075,0.0,0.0,0.7801129,0.8158707,0.4558602,0.0,1.3341913,1.1399542,0.4425297,0.8727814,1.7600534,1.3651485,0.0,0.027840458,1.0453312,0.0,0.77899814,0.0,0.36283496,0.0,0.0,0.0,0.0,2.090011,0.9293981,0.5326044,0.0,0.26326725,0.0,0.0,1.0608745,0.8259638,0.0,1.5674937,0.41920263,0.37349412,0.72382647,0.0,0.0,0.0,1.4316095,0.5131736,0.0,0.40226403,0.24794891,1.6757358,0.54864085,0.749967,0.95962524,1.1052551,1.7323883,0.0,0.0,1.5519199,1.4985827,1.2921048,2.5070522,0.0,0.8961138,1.5455858,0.0,0.32245374,1.944357,0.7770743,0.7441686,0.0,0.753492,0.0,1.2685492,0.25190017,2.1118429,0.8671361,0.16447267,0.34242114,0.0,2.0843194,0.0,0.21198437,0.0,0.672222,1.4454626,0.0,0.24784108,0.0,0.6625609,0.0,0.030199317,0.0,1.8868554,0.7446309,0.0,0.0,0.0,0.064240105,1.2019318,2.0044234,1.4320847,0.0,0.0,1.1406357,0.0,1.8006322,0.0,0.54661685,0.0,0.098122366,0.68540424,0.4266049,0.0,0.653536,1.8290526,1.6114272,0.7796359,0.03474599,0.0,0.6314417,0.0,1.1045976,0.0,0.0,0.67561215,1.9895102,1.3950613,1.3721825,0.0,1.2022138,0.0,2.7048416,1.3872424,0.89893967,0.3719463,0.0,0.50881225,0.0,0.0,0.0,1.4603622,0.0,0.0,2.2623422,1.7467804,0.84964216,0.0,0.0,0.0,0.38089567,0.477787,0.0,0.80575,1.3066365,1.4395305,1.6277041,0.0,0.15066071,0.0,0.38166946,1.5540091,0.0,1
0.310759,0.0,0.6917007,0.66584456,0.0,3.7435656,1.9791522,0.0,0.6319786,1.748978,1.4343565,0.0,2.1519635,0.38030517,3.8662872,1.2566793,0.0,0.0,2.7482958,0.48366636,0.0,1.480281,0.0,2.0719297,0.0,0.721319,3.303629,0.0,0.0,1.4219944,0.0,0.32753137,0.0,0.0,0.0,0.0,0.0,1.0188746,0.26448068,0.0,0.0,0.049048074,2.0377483,2.3517184,0.0,0.0,0.2958363,0.0,2.2900178,0.0,0.0,1.8020027,1.5968279,0.1989644,0.0,0.53960234,0.0,2.1516025,0.61769915,0.94800836,3.8562903,3.3718698,0.0,0.0,2.4137845,0.042101644,0.0,0.25342035,0.9299458,0.0,0.42322037,0.0,0.0,1.5428085,0.62552285,0.2642656,0.0,0.0,0.0,1.753711,1.8232781,1.2923931,1.6188357,0.87968105,0.0,0.0,0.0,0.0,0.6418073,0.0,0.0,0.9624986,0.62038076,0.0,0.124559075,3.3281033,0.0,2.0076594,0.0,0.0,0.16227646,0.20238459,0.93435323,0.0,0.124754965,2.6237311,0.0,0.72480804,2.4041705,1.0061733,0.1952007,0.24137028,0.21517661,0.0,1.4744562,0.0,0.0,0.0,0.08373377,0.0,0.0,1.7986699,1.3389543,0.91651034,0.0,0.54561895,0.0,0.0,0.85335135,0.43047407,0.0,1.9770236,0.0,0.22768237,0.24747255,0.0,0.0,0.0,0.060065705,0.063257985,0.0,0.49563596,0.2783579,1.4653496,0.2435039,1.802297,1.3469721,0.0,2.1474416,0.0,0.0,2.6658459,3.0146239,0.80352193,2.1518662,0.0,0.40415147,1.5857464,0.0,0.0,1.2178826,1.180505,0.0,0.0,0.0,0.0,0.51929903,0.29041752,2.044759,1.504104,0.0,1.4802158,0.40990725,3.1438274,0.0,0.324444,0.62616616,0.14842932,1.7610167,0.0,0.0,0.4711098,0.0,0.0,0.0,0.0,2.332652,0.4851407,0.51453483,0.0,0.0,0.0,1.2949278,2.2235732,1.5399098,0.0,0.03585231,2.1531205,0.3303474,2.4454377,0.0,0.0,0.0,0.0,0.021360353,0.0,0.0,0.2799435,1.2867652,2.730913,0.116975255,0.0,0.0,0.8702878,0.0,2.3332326,0.0,0.0,1.5673441,2.4610777,1.4043195,0.8343158,0.0,0.5920186,0.0,2.4624844,1.3941368,1.1715481,0.0,0.0,0.82732856,0.110776715,0.0,0.0,2.0812936,0.0,0.0,2.7101853,1.6782175,0.8297381,0.0,0.0,0.0,0.05861367,0.6143019,0.0,0.2931235,2.10525,2.0266414,1.116241,0.0,0.0,0.0,0.0,2.3632941,0.0,1
3.4278576,0.0,0.6052009,3.1392229,0.0,2.7628458,0.9168742,0.85563457,0.0,2.5485024,1.1141511,0.0,0.0,1.9214647,2.4258718,1.1861455,0.0,0.0,0.50470495,0.0,0.42297634,2.6706016,0.06557443,1.2379347,1.4634415,0.46098572,1.2325395,0.0,0.0,0.7446165,0.0,1.5104026,2.4841657,2.6045175,0.0,0.0,1.4103196,0.4279116,0.0,0.0,0.0,0.44611597,0.8333815,0.85207313,0.0,0.0,2.5484421,0.0,1.0496103,0.0,0.0,0.48132053,0.92387825,0.5992196,1.4557339,1.9001715,0.0,0.35777965,1.7587265,0.0,2.0409765,1.1834885,0.0,0.0,0.7406727,1.2848812,0.0,1.1888409,1.0950968,0.0,0.3312128,2.2856548,0.0,0.6536042,0.0,1.3944216,0.0,0.0,0.0,1.2107043,1.3453708,1.5494987,0.89833546,0.89508826,0.0,0.0,0.0,0.4822429,2.932365,0.0,0.0,0.44382763,2.134601,0.0,0.8423378,2.7278047,0.69811654,0.82330024,0.0,0.0,0.39103952,1.7237468,1.6685759,0.0,2.4158695,0.98004794,0.80386436,0.0678964,1.4022815,0.24455047,0.0,1.5539225,0.27700377,0.0,0.46864846,0.0,1.1980447,0.0,0.49887878,0.0,0.0,2.0717459,0.735101,1.104708,0.0,0.0,0.0,0.0,1.562564,1.0928903,0.0,0.9318773,0.8048549,0.0,1.7208214,0.75939137,0.0,0.0,3.0036886,0.5032933,0.0,0.61626786,0.6994276,1.3443589,1.3347856,0.8991735,1.8799533,1.1867263,1.0421405,0.0,0.0,0.4934492,2.0426733,1.6051174,2.1657124,0.0,2.0069053,1.9426996,0.0,0.6753908,0.6063546,0.084960915,1.9052866,0.0,1.087889,0.0,0.8743413,0.0,1.3405385,0.14668919,0.0,0.0,0.0,0.30339196,0.0,0.64711833,0.26861733,1.2952397,1.9229867,1.179178,0.8550479,0.0,1.415856,0.0,0.534606,0.0,2.1152115,3.0742214,0.28864503,0.0,0.0,0.1870702,0.117903315,1.6579416,1.7799,0.0,0.0,0.6782107,0.0,1.1626928,0.0,0.18956128,0.0,0.0,1.9916734,2.4526,0.0,1.682599,3.1243346,1.2101566,0.9963534,0.0,0.0,0.5242649,0.0,0.5819809,0.0,0.0,1.0251209,1.2532972,3.1714456,1.3495715,0.0,1.9985282,0.0,3.5615413,0.8012203,0.44139647,0.8245072,0.0,2.355496,0.0,0.0,0.0,2.4127674,0.0,0.0,0.6479126,0.6759737,0.68430924,0.0,0.0,0.0,0.089475475,1.006514,0.0,0.0,0.6210339,0.4458771,2.5085256,0.0,0.0,0.0,1.5031645,0.19338141,0.0,0
1.4358944,0.0,0.56046075,0.83304185,0.0,2.1810029,0.63900065,0.25088507,0.0,1.1375829,0.20955457,0.0,0.37411112,0.98143893,1.7589604,0.4797362,0.0,0.0,0.0,0.0,0.9954899,1.7545708,0.042422168,0.45235386,0.96511424,0.55167246,0.9415455,0.0,0.0,1.240255,0.0,1.8107803,1.9397515,1.4396598,0.0205353,0.0,0.6229848,0.42508313,0.0,0.0,0.0,0.053351343,0.8245099,1.3274355,0.10956181,0.0,2.0735366,0.0,0.7024125,0.0,0.0,1.1400374,0.3053247,0.23789388,0.06356648,1.4834422,0.0,0.44342723,1.4838865,0.06581124,1.3677596,0.6050054,0.0,0.0,0.51177984,0.43149066,0.0,1.0898482,0.07040618,0.0,0.0,0.5654915,0.0,0.64154255,0.49577376,1.2389016,0.0,0.0,0.0,0.81236315,0.939285,0.9140228,0.84852886,0.19574773,0.0,0.0,0.0,0.0,1.1137352,0.0,0.0,0.16986965,2.051155,0.22155336,0.95037234,1.2314172,0.9910402,0.60308623,0.0,0.0,0.1915056,1.4662623,1.3883616,0.0,0.8334051,0.75005704,1.3469205,0.28985706,0.058750134,0.0,0.0,1.3251684,0.0,0.0,0.077511266,0.0,0.75830436,0.0,0.2569276,0.0,0.0,1.1042081,0.0,1.1990963,0.0,0.22214954,0.0,0.0,0.6245187,0.63515353,0.0,1.3838634,0.4152533,1.4242547,1.1481532,0.25991485,0.0,0.0,2.1671286,0.20331298,0.0,0.026298137,0.98266053,0.4465565,1.16578,0.18018396,0.7954861,0.018668894,0.58116513,0.0,0.0,0.0,0.23924635,0.61589044,1.3912995,0.0,1.1292195,0.642098,0.0,0.67654306,1.1725024,0.39716673,1.6217936,0.0,0.33533484,0.0,0.010430842,0.92516965,0.55169445,1.0341583,0.80665,0.0,0.0,1.2173033,0.0,0.40760422,0.6843348,0.8785045,0.7313215,1.1924381,0.4377959,0.0,0.9026434,0.0,1.0973505,0.0,0.35986355,1.0274507,0.26996094,0.0,0.0,0.0,0.4862028,1.4699733,0.6271642,0.0,0.35153005,0.30394712,0.50853837,1.0246242,0.0,1.5215439,0.0,0.0,1.5859672,1.862666,0.0,0.7905188,1.0088744,0.8484965,0.92073286,0.0,0.0,0.38784558,0.041469872,0.9363692,0.0,0.0,0.12566818,0.85003036,2.1457427,1.1281401,0.0,1.5067884,0.0,1.9568735,0.13643457,0.3457153,0.94517237,0.0,1.0248642,0.0,0.0,0.0,1.6220639,0.0,0.0,0.8252822,0.55984735,0.10263001,0.0,0.0,0.0,0.45237434,0.0,0.0,1.320233,0.5935493,0.16161796,1.0600891,0.0,0.123941734,0.0,1.2961949,0.90342677,0.0,0
1.738427,0.0,0.26597008,0.80399114,0.0,1.8053281,0.9177289,0.08654928,0.025153467,1.2201083,0.55177647,0.0,0.4264408,1.5577549,2.4025643,0.5070549,0.0,0.0,1.2533485,0.32418698,0.9337626,0.93297243,0.038620315,0.7736468,0.14811507,0.640691,1.0566926,0.0,0.0,0.6206093,0.0,2.265199,0.6566117,1.5879661,0.0,0.0,0.34697658,0.3267987,0.1625115,0.0,0.0,0.4525496,0.7816433,1.2342883,0.0,0.0,2.1279225,0.0,1.316655,0.0,0.0,1.0669109,0.5124327,0.23800002,0.0,1.7445842,0.0,0.9550178,0.99327403,0.6283231,2.0515869,1.3586164,0.0,0.0,0.97664016,0.3298225,0.0,1.5595657,0.73141485,0.0,0.043561976,0.30127603,0.0,0.9701309,0.0,1.0408645,0.0,0.018938199,0.0,1.5038816,1.9601827,1.1957592,0.61738235,0.116558,0.0,0.0,0.0,0.0,0.9396052,0.0,0.0,0.40536422,1.7382588,0.0,1.5374258,2.0861347,0.4159282,0.5649273,0.0,0.0,0.45237282,0.9137633,0.4918958,0.0,0.6784504,0.59279,1.0088744,0.19399741,0.4968165,0.0,0.0,1.3293042,0.0,0.0,0.317665,0.0,1.0158594,0.0,0.022516055,0.0,0.0,1.1538903,0.29349968,0.52518225,0.0,0.767034,0.0,0.0,1.290172,0.055644993,0.0,1.3716097,0.9157444,1.7188926,1.0728885,0.033379186,0.0,0.0,1.4092078,0.0,0.0,0.34865412,0.2788511,1.111049,0.57528704,0.9267049,1.3090014,0.0,0.86274827,0.0,0.0,0.0,0.19912326,0.8556933,1.2236099,0.0,1.1117296,0.9142217,0.0,0.0,0.9062022,0.79833037,0.7552403,0.0,0.6096602,0.0,0.5147967,1.6096253,0.08143311,0.30703387,0.597517,0.1285641,0.0,1.4952322,0.0,0.9332126,0.58998543,0.8500148,1.0847583,1.6276678,0.5719152,0.0,0.5130294,0.0,0.18477574,0.0,0.24793074,0.501466,0.30606842,0.0,0.0,0.0,0.001668293,1.5515323,0.67110497,0.0,0.7109612,0.4333593,0.42338952,1.1156213,0.0,0.046231136,0.0,0.0,0.8893174,2.2739558,0.0,0.2227123,1.2224578,1.8946007,0.4935907,0.0,0.0,0.7631995,0.0,1.2884622,0.0,0.0,1.1069722,0.926564,2.4612222,1.4537642,0.0,1.2740527,0.0,1.2650241,0.20564748,0.43540543,0.5653035,0.0,1.7612844,0.0,0.0,0.0,2.3978658,0.0,0.0,0.8048198,0.21264765,0.7626943,0.0,0.0,0.0,0.4037956,0.3216915,0.0,0.5439152,0.81694937,0.63401335,0.7842545,0.0,0.15933038,0.0,0.98392606,0.59669703,0.0,0
0.37274235,0.0,0.5353481,0.9099038,0.0,3.4317188,2.1435754,0.0,0.5201138,1.6353561,1.159007,0.0,1.5631267,0.5044562,3.4368787,0.70366275,0.0,0.0,2.4179814,0.1958968,0.5995682,1.2855242,0.0,1.435404,0.0,0.3447656,2.679716,0.0,0.0,1.6440479,0.0,0.70215666,0.16789255,0.6055117,0.0,0.0,0.10746508,0.8197871,0.0,0.0,0.0,0.26508763,1.3654991,2.061739,0.0,0.0,0.86069435,0.0,1.9968445,0.0,0.0,1.7633301,1.4499611,0.49707404,0.0,0.7526122,0.0,1.4367448,0.9311438,0.65593976,3.1092536,3.044009,0.0,0.0,1.9284655,0.0,0.0,0.32196158,0.44835052,0.0,0.3107314,0.17481446,0.0,1.7129903,0.2868423,0.7198211,0.0,0.008400769,0.0,1.2961471,1.4367478,0.85055584,1.651208,0.7562129,0.0,0.0,0.0,0.0,0.91859293,0.0,0.0,1.0517627,1.1196051,0.0,0.3456864,3.022247,0.0,1.8251494,0.0,0.0,0.0,0.25380984,0.89457136,0.0,0.540236,1.8921682,0.5033651,0.38639933,1.9407215,0.7637547,0.0,0.41727385,0.0,0.10496181,1.394224,0.0,0.0,0.0,0.012761571,0.0,0.0,1.5730442,0.8429976,0.9616433,0.0,0.73664665,0.0,0.0,0.71168584,0.48431632,0.0,1.952007,0.031383026,0.25771508,0.30455136,0.3605849,0.0,0.0,0.522986,0.37858474,0.0,0.31487283,0.4169262,1.0927414,0.3385076,1.5725456,0.6634823,0.0,1.9538064,0.0,0.0,1.8144567,2.4303315,0.6728048,2.412192,0.0,0.41991332,1.6740245,0.0,0.0,1.7312089,0.86577266,0.15761608,0.0,0.040327933,0.0,0.41660628,0.5032864,1.7565545,1.946424,0.0,1.0459651,0.0,2.698183,0.0,0.46024168,0.5072469,0.32879654,1.6164439,0.0,0.4636315,0.1090109,0.18710805,0.0,0.4639309,0.0,1.517898,0.35031217,0.65450233,0.0,0.0,0.0,0.94620764,1.9904131,1.3087184,0.0,0.0,2.1033292,0.06311544,1.9402956,0.0,0.0,0.0,0.0,0.5058515,0.0,0.0,0.7527622,1.5741659,2.9281342,0.20069844,0.0,0.0,0.73699856,0.0,2.2614813,0.0,0.0,0.80316436,2.3423848,1.8601236,1.0343208,0.0,0.7986315,0.0,2.3243332,1.1204554,0.7522747,0.0,0.0,1.1616285,0.0,0.0,0.0,1.8927586,0.0,0.0,2.0665185,1.3027492,0.85001874,0.0,0.0,0.0,0.045285653,0.8234364,0.0,0.21928509,1.4955615,1.916423,1.260819,0.0,0.0,0.0,0.24033995,2.030834,0.0,1
1.8914069,0.0,0.48168927,1.71191,0.0,1.5820205,0.28753895,0.66499597,0.0,0.8244725,0.0,0.0,0.0,1.6725886,1.6304265,0.17457044,0.0,0.0,0.11499362,0.0,1.4269848,2.7041202,0.20690127,0.37518847,1.1327525,1.022965,0.37346423,0.0,0.0,1.0939459,0.0,2.3159513,2.4138153,1.8660436,0.0,0.0,1.0674068,0.25285348,0.0,0.0,0.0,0.41941237,0.6481783,1.3195462,0.0,0.0,2.92742,0.0,0.4089594,0.0,0.0,0.9679269,0.21668667,0.08784981,0.23091865,2.501813,0.0,0.23886879,1.7657363,0.0,1.0753199,0.0,0.0,0.0,0.0,0.41505453,0.0,1.6338314,0.811202,0.0,0.0,0.39596152,0.021378947,0.92554986,0.23069069,1.165854,0.0,0.0,0.0,0.65884596,1.3739408,1.1887314,0.8725954,0.0,0.0,0.0,0.0,0.0,1.7044352,0.0,0.0,0.30282235,2.5925934,0.75209635,0.9363678,0.8920434,0.8451114,0.07606037,0.0,0.0,0.79322016,1.8891593,1.6291819,0.0,1.717134,0.18843715,1.9175098,0.0,0.343744,0.0,0.0,1.7480004,0.0,0.0,0.0011710702,0.0,0.84448487,0.0,0.51730484,0.0,0.0,1.7995158,0.0,1.8069534,0.0,0.0,0.0,0.0,0.8769739,0.722385,0.0,1.0105057,0.83662677,1.6640753,1.8240731,0.43208307,0.0,0.0,2.76759,0.4260148,0.0,0.2683448,1.0621532,0.90435034,1.3185841,0.23965617,0.9067199,0.20287773,0.33909592,0.0,0.0,0.0,0.5397251,1.5244825,1.6711679,0.0,1.9171897,0.5259693,0.0,1.6472391,0.85998476,0.22288479,2.1989682,0.0,1.008299,0.0,0.24727264,0.49396893,0.27478188,0.27027124,0.6833226,0.17462306,0.0,1.3112283,0.0,0.63752687,0.56330705,1.3422993,1.1467348,1.7593116,0.1939495,0.0,2.06547,0.0,1.4853497,0.0,0.3482993,1.8764176,0.26258934,0.0,0.0,0.04219646,0.65025574,1.5390759,0.83273274,0.0,0.49768656,0.0078987125,0.6709469,0.6804014,0.0,1.744035,0.0,0.0,1.6755571,2.3818996,0.0,0.5695397,1.4511439,0.45491806,1.1212398,0.0,0.0,1.1931951,0.0,0.43703148,0.0,0.0,0.47698274,0.2868764,3.035489,1.1891322,0.0,1.9589229,0.0,1.6529206,0.2462479,0.0,0.67395765,0.0,1.5536554,0.0,0.0,0.0,1.6647801,0.0,0.0,0.0,0.05422532,0.937149,0.0,0.0,0.27843645,0.6296009,0.13768233,0.0,0.9935942,0.99514097,0.0,1.2672291,0.0,0.0,0.0,1.4562324,0.7229203,0.0,0
2.434641,0.0,0.22512682,1.2226355,0.0,1.568281,0.40473434,0.93079424,0.0,1.0337822,0.0,0.0,0.030425457,2.0194738,1.6900313,0.9818941,0.0,0.0,0.14664337,0.0,0.941456,2.724424,0.2204413,0.30323055,1.2756443,0.942903,0.3244133,0.0,0.0,1.5031917,0.0,1.398972,2.3881528,2.012445,0.0,0.0,1.2348881,0.23907076,0.0,0.0,0.0,0.2720734,0.5232721,1.4208727,0.0,0.0,2.7897818,0.0,0.50630695,0.0,0.0,1.0869986,0.14274123,0.05987397,0.3958753,1.9603418,0.0,0.32804295,1.6060152,0.0,1.0917457,0.65468335,0.0,0.0,0.5821826,0.95001984,0.0,1.7419747,0.5203519,0.0,0.077587925,0.344773,0.0,1.0920174,0.0,1.1607821,0.0,0.0,0.0,0.75371635,1.3123308,1.4081397,0.85023606,0.20583634,0.0,0.0,0.0,0.0,1.5535308,0.0,0.0,0.72299373,1.9798452,0.33236974,1.465017,0.97143406,0.9034889,0.32227084,0.0,0.0,0.85621685,1.6742005,2.062017,0.0,1.6374938,0.38838565,1.8840196,0.0,0.330441,0.35391855,0.0,2.2912428,0.08542575,0.0,0.33972248,0.0,1.1584523,0.0,0.57772195,0.0,0.0,1.3897275,0.0,0.9060322,0.0,0.04762604,0.0,0.0,1.4242089,1.1005467,0.0,1.1828476,0.9192593,1.5110623,1.6440902,0.0,0.0,0.21845995,2.3284318,0.45775387,0.0,0.58330274,1.4608375,0.72506446,1.1124083,0.43574333,0.8080587,0.2206424,0.27568844,0.0,0.0,0.002015266,1.0817173,1.2607679,0.69099593,0.0,1.4922683,0.6625589,0.0,1.0615349,0.9406486,0.14320008,2.2517486,0.0,1.1584643,0.0,0.0,0.47413164,0.6853417,0.543681,0.7400525,0.50287306,0.0,1.2110884,0.0,0.24446668,0.47767675,1.2811048,1.3398105,1.991219,0.24745955,0.0,1.358658,0.0,1.0834854,0.0,0.24593589,1.9125856,0.5226733,0.0,0.0,0.0,0.0,1.7067378,0.7453325,0.0,0.6349667,0.25981855,0.6255414,1.1163199,0.0,1.209556,0.0,0.0,1.6322072,2.2006862,0.0,0.36566448,1.6522843,0.3755583,1.2049701,0.0,0.0,0.74000764,0.05036404,0.68172616,0.0,0.0,0.93498755,0.4116903,2.7721062,1.4666746,0.0,1.9019084,0.0,2.182685,0.36673743,0.0,0.8533387,0.0,1.2609193,0.0,0.0,0.0,1.6143409,0.0,0.0,0.36940372,0.2603604,0.70880204,0.0,0.0,0.09852571,0.92674875,0.0,0.0,1.2001295,0.8389773,0.55219215,0.8796549,0.0,0.0,0.0,1.8779106,0.79559225,0.0,0
1.3588274,0.0,0.4873537,0.79321796,0.0,2.7632961,1.0394104,0.15886958,0.34055933,1.2765671,0.68536067,0.0,0.7820417,0.6462164,2.4325068,0.7109936,0.0,0.0,1.4702554,0.20515448,0.685524,1.874601,0.0,1.1647533,0.5188877,0.65557307,1.4301015,0.0,0.0,1.2359284,0.0,0.70980144,1.1247729,1.0336459,0.0,0.0,0.8409422,0.11769865,0.0,0.0,0.0,0.4035719,0.55677366,1.8291041,0.0,0.0,1.3042771,0.0,1.3554784,0.0,0.0,1.5654516,0.91844,0.0,0.0,1.2488183,0.0,0.95831805,1.0201719,0.3190521,2.2990634,1.6611847,0.0,0.0,0.847702,0.08771943,0.0,0.9447135,0.28207877,0.0,0.051036943,0.28171813,0.0,1.5752058,0.0,1.130422,0.0,0.10470334,0.0,0.958876,1.4811274,1.5063039,0.9862884,0.3904475,0.0,0.0,0.0,0.0,0.9585366,0.0,0.0,0.8318896,2.0100796,0.0,0.8907169,2.1718051,0.0,1.4164807,0.0,0.0,0.09746946,0.80833846,0.5701602,0.0,0.90826404,1.283663,0.6911492,0.3497372,1.6553206,0.8046715,0.0,1.1977514,0.0,0.0,0.96968275,0.0,0.28288916,0.0,0.039727546,0.0,0.0,1.5209792,0.5721682,1.0687627,0.0,0.38661134,0.0,0.0,0.91633934,0.57807815,0.0,1.2407103,0.0,0.8612858,0.6190956,0.13767646,0.0,0.0,1.0462813,0.46397743,0.0,0.57407004,0.52565986,1.2278156,1.0498675,1.2970188,0.9800712,0.0,1.1460263,0.0,0.0,0.61951846,1.8086665,1.117821,2.2546966,0.0,0.9222562,1.1184832,0.0,0.11462823,1.5088444,0.3773485,0.87248534,0.0,0.35663363,0.0,0.41749543,0.0,1.3442208,1.2140514,0.30543718,0.7847844,0.0,2.3385146,0.0,0.45582947,0.4170316,0.5723741,1.186564,0.37102056,0.15014221,0.0,0.7830861,0.0,0.4037848,0.0,1.1616305,0.95922846,0.65814257,0.0,0.0,0.0,0.8996508,1.7363025,1.102007,0.0,0.26960918,1.4480133,0.17869519,1.7765204,0.0,0.58998615,0.0,0.0,0.4900914,0.6004416,0.0,0.65841687,1.2970793,1.7208961,0.6241644,0.0,0.0,1.0910311,0.012038945,1.1781238,0.0,0.0,1.2374629,1.7487224,2.019905,0.8042467,0.0,1.2057254,0.0,2.3934376,0.6794454,0.44300136,0.0,0.0,1.1163149,0.0,0.0,0.0,1.6234807,0.0,0.0,1.7934021,0.7295207,0.83384794,0.0,0.0,0.0,0.35624108,0.14404173,0.0,0.5016081,1.2925413,1.1567204,1.2969196,0.0,0.0,0.0,0.89873046,1.8375562,0.0,1
0.7747657,0.0,0.5633712,1.090656,0.0,2.0607605,1.3795651,0.22291614,0.0,1.729773,0.5768895,0.0,0.78135157,0.86255616,3.03914,0.5569082,0.0,0.0,1.1720414,0.6552216,0.77663606,1.4776058,0.0,1.3516288,0.35545424,0.91663545,2.012159,0.0,0.0,0.5239023,0.0,1.045339,1.167433,0.8656954,0.0,0.0,0.21371478,1.0198743,0.0,0.0,0.0,0.43255025,0.9248367,1.8046008,0.04468656,0.0,1.428378,0.0,0.88503504,0.0,0.0,1.6142713,0.96544695,0.29007617,0.27102718,1.0001705,0.0,1.3731817,0.71663994,0.5807591,2.463089,1.8441703,0.09095292,0.0,0.64702415,0.0,0.0,0.4196037,0.103603706,0.0,0.39059997,0.5792493,0.0,1.6399921,0.45473242,0.9053013,0.0,0.0,0.0,0.73924553,0.9377518,0.9915967,0.8900817,0.1504569,0.0,0.0,0.0,0.0,1.2295262,0.0,0.0,0.37414396,1.8540405,0.0,0.3622924,1.8667141,0.43550393,1.5734786,0.0,0.0,0.5077488,1.1501336,1.1454394,0.24323079,0.9510076,0.9621395,1.1189638,0.99322027,1.4913194,0.61007375,0.0,0.8193731,0.2243823,0.0,0.96985215,0.0,0.5637167,0.0,0.0,0.0,0.0,2.1623056,0.66697747,0.95982605,0.0,0.16047329,0.0,0.0,1.1189547,0.664819,0.0,1.1533344,0.38932383,0.8539246,0.791578,0.11375328,0.0,0.0,1.5613128,0.48216286,0.0,0.51878214,0.6531555,0.7100094,0.88600737,0.60872513,1.2403259,0.187019,1.9945039,0.0,0.0,1.3889651,1.0545207,0.91198957,2.1854224,0.0,1.1002901,1.3225018,0.0,0.7096162,1.12597,0.81653374,1.2669057,0.0,0.0011158981,0.0,0.50356287,0.0010234544,1.6093434,0.96521467,0.0,0.33954602,0.0,2.3623977,0.0,0.08034673,0.2708372,0.85828745,1.4071671,0.37718952,0.15562947,0.0,0.9490859,0.0,0.2141414,0.0,1.2189053,0.9655163,0.0,0.0,0.0,0.0,0.78752416,1.6324463,1.2489737,0.0,0.24636674,0.995521,0.0,1.1840547,0.0,0.8066579,0.0,0.0,0.6666025,0.4171668,0.0,0.75482523,0.80776286,1.4654224,0.74960357,0.0,0.0,0.5563129,0.4270111,1.5402219,0.0,0.0,0.12748317,1.2911298,2.3952355,0.5685465,0.0,1.6560199,0.0,2.110199,0.72310793,0.48379788,0.0,0.0,0.95978737,0.0,0.0,0.0,1.6545756,0.0,0.0,1.5713984,1.3351889,0.59336853,0.0,0.0,0.0,0.37075707,0.12643923,0.0,0.5027064,0.966553,1.1386414,1.4454241,0.0,0.0,0.0,0.2674465,1.2298471,0.0,1
0.82515424,0.0,0.53195006,0.36878923,0.0,2.8478072,1.4318577,0.0,0.63239646,1.4742488,0.9486769,0.0,1.380939,0.6072862,3.0143456,0.88773996,0.0,0.0,1.8479241,0.319611,0.4541933,1.405167,0.0,1.5032145,0.37925345,0.64255756,2.474604,0.0,0.0,1.1555593,0.0,0.43859664,0.29651615,0.047779884,0.1170556,0.0,0.41143507,0.33339593,0.0,0.0,0.0,0.4017697,1.289912,2.1657038,0.0,0.0,0.8064366,0.0,1.7702123,0.0,0.0,1.8534442,1.3412341,0.37728962,0.0,0.7987246,0.0,1.381173,0.7166992,0.7224535,3.2231677,2.474442,0.0,0.0,1.463688,0.0,0.0,0.43128952,0.5802491,0.0,0.18262407,0.26032966,0.0,1.6103127,0.17633773,0.5589991,0.0,0.0,0.0,1.3568667,1.4904451,1.3234427,1.2931118,0.6483029,0.0,0.0,0.0,0.0,0.7374861,0.0,0.0,0.8231501,1.6037973,0.0,0.48479053,2.5890176,0.0,1.708136,0.0,0.0,0.0099362545,0.16172972,0.58742654,0.0,0.16819909,1.7390604,0.034554437,0.35018972,2.0849516,0.9342287,0.0,0.46582237,0.09479831,0.22494763,1.324974,0.0,0.017922707,0.0,0.0,0.0,0.0,1.686046,0.88730186,1.004328,0.0,0.6008885,0.0,0.0,0.64023453,0.5363947,0.0,1.6592317,0.0,0.48726654,0.28773025,0.0,0.0,0.0,0.5795107,0.44815603,0.0,0.65520597,0.38468376,1.1268686,0.72185516,1.5635492,1.0668995,0.0,1.6355236,0.0,0.0,1.3753536,2.5386107,1.0370761,2.2184167,0.0,0.6841309,1.3232063,0.0,0.0,1.4777226,0.7882238,0.24754062,0.0,0.36736593,0.0,0.5136767,0.0,1.5312147,1.4033262,0.2747925,0.93470633,0.0,2.5949426,0.0,0.30896568,0.3478439,0.10764561,1.7365972,0.0,0.14837821,0.0,0.23249413,0.0,0.21248776,0.0,1.7530565,0.27974886,0.7283664,0.0,0.0,0.0,1.340696,1.9236736,1.2786914,0.0,0.0,1.7941643,0.13752191,2.1817575,0.0,0.0,0.0,0.0,0.13505001,0.0,0.0,0.40656772,1.3156106,2.4448836,0.47417414,0.0,0.0,1.0449597,0.0,1.6314952,0.0,0.0,1.2048491,1.9956292,1.7049851,1.1069976,0.0,0.64362496,0.0,2.4991276,1.117373,0.7064847,0.0,0.0,0.8347155,0.0,0.0,0.0,1.9066732,0.0,0.0,2.3383036,1.1494238,0.83822495,0.0,0.0,0.0,0.0,0.49171686,0.0,0.3969984,1.7206095,1.3641317,1.1140296,0.0,0.0,0.0,0.48374796,2.1952243,0.0,1
1.8268839,0.0,0.16933723,1.5461102,0.0,1.7514871,0.85165596,0.6779529,0.0,0.7469952,0.0,0.0,0.0,1.4423409,2.263294,0.55062306,0.0,0.0,0.4061858,0.0,1.2359163,2.3462696,0.0,0.16521247,1.2941337,0.7229566,0.46396142,0.0,0.0,1.6971864,0.0,1.6445688,2.6471286,1.5732028,0.0,0.0,1.0775273,0.4965962,0.0,0.0,0.0,0.20091116,0.7111717,1.6041347,0.0,0.0,2.6520703,0.0,0.58335614,0.0,0.0,1.0183415,0.33902794,0.25286457,0.35458627,1.92351,0.0,0.46525103,1.5043297,0.0,1.0153986,0.3751573,0.0,0.0,0.468824,0.44672337,0.0,1.448064,0.523892,0.0,0.016149122,0.42712206,0.0,0.7157017,0.08467459,1.188638,0.0,0.0,0.0,0.47103173,1.5921528,1.1600199,1.1028687,0.3967623,0.0,0.0,0.0,0.0,1.4013356,0.0,0.0,0.4863472,2.0635312,0.34903502,0.9910938,0.9861295,0.40751693,0.3957753,0.0,0.0,0.7439197,1.5563545,1.7785459,0.0,1.341148,0.6037636,1.7424257,0.0,0.5591876,0.45871544,0.02151902,1.9067767,0.0,0.0,0.4443775,0.0,0.9392158,0.0,0.2810653,0.0,0.0,1.5605305,0.11441834,0.95374125,0.0,0.23358887,0.0,0.0,1.2793516,0.71368533,0.0,1.0405607,0.8200535,1.5918763,1.4859895,0.210757,0.0,0.0,2.4087238,0.33152404,0.0,0.46328565,1.4984664,0.5991995,1.0665478,0.2917364,0.6954302,0.28484264,0.3890318,0.0,0.0,0.0,0.7801563,1.1726863,1.2558264,0.0,1.4167843,0.91325945,0.0,0.931092,1.1268209,0.0,2.1193266,0.0,0.7008121,0.0,0.32918796,0.9102647,0.5072115,0.88872254,0.33103824,0.21796708,0.0,1.3855183,0.0,0.412798,0.5387436,1.0522525,0.9291496,1.4939288,0.33888292,0.0,1.5447445,0.0,1.2021003,0.0,0.4624947,1.5067714,0.6658558,0.0,0.0,0.0,0.28109935,1.5763382,0.40271458,0.0,0.4313494,0.4025332,0.39090043,0.9335321,0.0,1.6801628,0.0,0.0,1.6664038,1.8217059,0.0,0.7960503,1.358527,0.99612826,0.9124095,0.0,0.0,0.95992416,0.122265294,0.836009,0.0,0.0,0.600171,0.42667052,2.8072026,1.442499,0.0,1.6449504,0.0,2.2633018,0.36910465,0.0,0.86167645,0.0,1.1965661,0.0,0.0,0.0,1.481584,0.0,0.0,0.62485796,0.35086954,0.6027857,0.0,0.0,0.0,0.8549961,0.0,0.0,1.1506379,0.8233967,0.18936124,1.4323668,0.0,0.1125188,0.0,1.6400949,0.893798,0.0,0
2.4877062,0.0,0.3813847,2.2791858,0.0,2.4057558,1.005811,1.1623881,0.0,1.9786069,0.31688762,0.0,0.0,1.5118048,2.786048,0.5382711,0.23362501,0.0,0.2457623,0.0,1.0286908,2.5728884,0.0,1.1958106,0.9769972,1.6664646,1.2115325,0.0,0.0,0.9290317,0.0,1.2065907,3.2348762,1.6598067,0.41956866,0.0,0.7693345,0.37399325,0.0,0.0,0.0,0.4239911,0.6225937,1.1073223,0.36235577,0.0,2.1795642,0.0,0.9922996,0.0,0.0,1.0934811,0.88526666,0.4163413,2.029944,1.114068,0.0,0.33498466,2.450227,0.09745851,1.2015289,0.4545572,0.13308848,0.0,0.41027886,0.81103504,0.0,0.48228416,0.1922506,0.0,0.06446574,2.1168427,0.0,0.60404384,0.47658533,1.1100498,0.0,0.0,0.0,0.0,0.9269525,1.938404,0.7630727,0.3564236,0.0,0.0,0.0,0.0,1.992537,0.0,0.0,0.384645,3.0604467,0.0,1.7671962,1.9969873,1.5700974,1.1070422,0.0,0.0,0.9299423,1.9860194,1.8428665,0.0,2.3773525,0.3210745,1.6922435,0.562445,1.219635,1.1529427,0.0,1.0950172,0.5322779,0.0,0.45853686,0.0,1.8086534,0.0,0.0,0.0,0.0,2.0398061,0.0,0.425614,0.0,0.102648266,0.0,0.0,1.6033837,0.9094016,0.0,0.930204,1.1533065,0.80969226,1.526964,0.47358814,0.0,0.0,3.5038853,1.0946642,0.0,0.26782283,1.1101146,1.1871454,1.3652405,0.47961643,1.4373186,1.4220583,1.0287592,0.0,0.0,0.8866999,1.6888834,1.2652302,2.0173254,0.0,1.5437453,2.2089157,0.0,1.82614,1.4474212,0.62625164,2.1040306,0.0,0.86335117,0.0,0.68869203,0.0,1.5276991,0.85176367,0.20165026,0.18896574,0.0,1.2182732,0.0,0.09040654,0.0,1.5591792,1.6611092,0.97554505,0.80554116,0.0,1.5640606,0.0,0.24077767,0.0,1.6255658,1.774049,0.0,0.0,0.0,0.038495548,0.17327967,1.1403134,1.2987849,0.0,0.41864148,0.39803886,0.0,0.92860633,0.0,0.9853013,0.0,0.34985274,1.822525,1.5993485,0.0,1.561062,2.082219,0.49267316,0.8715665,0.0,0.0,0.16896185,0.0,1.3491541,0.0,0.0,0.27474254,0.68504506,3.1240249,1.4576914,0.0,2.0447416,0.0,3.3557692,0.0,0.64670706,0.5759261,0.0,1.3515987,0.0,0.0,0.0,2.7941887,0.0,0.0,0.53245103,1.303347,0.0,0.0,0.0,0.0,0.351656,0.48225117,0.0,0.70921344,1.0417517,0.3179739,2.1266758,0.0,0.3327402,0.0,1.3087891,0.221963,0.0,0
1.6934148,0.0,0.56920546,1.401955,0.0,1.6465652,0.19465601,0.32919562,0.0,0.27096587,0.0819912,0.0,0.0,1.3301988,1.2715762,0.19845413,0.0,0.0,0.4580108,0.0,1.2792579,2.0837522,0.026611231,0.028023742,1.0656697,0.563767,0.30095804,0.0,0.0,0.9756696,0.0,2.1340876,2.2108464,1.6614544,0.1570554,0.0,0.9220694,0.3979831,0.0,0.0,0.0,0.36066037,0.41294667,1.0346739,0.0,0.0,2.49924,0.0,0.3986057,0.0,0.0,1.0319414,0.15449016,0.18141992,0.035225984,1.9427867,0.0,0.39957255,1.3635073,0.11596293,0.9506518,0.0,0.0,0.0,0.07923771,0.07961971,0.0,1.7351862,0.740813,0.0,0.0,0.3268584,0.0,0.7400741,0.21374074,0.96801776,0.0,0.20359573,0.0,0.4606487,1.3008146,0.9927475,0.6970165,0.0,0.0,0.0,0.0,0.0,1.2640055,0.0,0.0,0.34793594,2.4506114,0.55635524,1.0184934,1.0289602,0.35145354,0.17817317,0.0,0.0,0.78196317,1.6121074,1.2711507,0.0,1.5490445,0.29935157,1.8823674,0.09050665,0.36814305,0.0,0.0,1.656354,0.0,0.0,0.14607657,0.0,0.97912806,0.0,0.3418988,0.0,0.0,1.5196849,0.0,1.4165356,0.0,0.33945882,0.0,0.0,0.8070116,0.778266,0.0,0.91729087,0.40482384,1.5235734,1.4478968,0.31345156,0.0,0.0,2.3497176,0.2956671,0.0,0.24365728,0.8118873,0.8850619,1.0734599,0.21901496,0.55271775,0.230887,0.23649944,0.0,0.0,0.0,0.12714723,1.1678128,1.5921992,0.0,1.8155115,0.43603352,0.0,1.3150682,0.77752864,0.0,1.6593734,0.0,0.805202,0.0,0.14670458,0.6432721,0.16334552,0.47108352,0.43456206,0.13624053,0.0,1.3343983,0.0,0.42994946,0.47120208,1.0541317,0.8125593,1.7594194,0.38758546,0.0,1.715347,0.0,1.2922034,0.0,0.06912795,1.7142342,0.46693248,0.0,0.0,0.0,0.22654285,1.4359078,0.43830773,0.0,0.28634918,0.28465548,0.4742475,0.50687826,0.0,1.6992811,0.0,0.0,1.2582083,2.17676,0.0,0.676625,1.2597725,0.6016022,0.8314272,0.0,0.0,1.0810034,0.0,0.71687925,0.0,0.0,0.4391158,0.23007894,2.8860545,1.2202336,0.0,1.9194756,0.0,1.4258939,0.11645514,0.0,0.77117443,0.0,1.3619874,0.0,0.0,0.0,1.0759959,0.0,0.0,0.12815267,0.2945996,1.0892862,0.0,0.0,0.56071234,0.5938008,0.06945382,0.0,1.238787,0.7687325,0.023107858,0.9217761,0.0,0.47716004,0.0,1.427837,0.8870728,0.0,0
1.1650726,0.0,0.2426251,1.8536065,0.0,2.774033,1.3077999,0.12763822,0.0,1.9836234,0.14187437,0.0,0.98402214,0.85155815,3.6035395,1.2691306,0.0,0.0,1.3509529,0.0,0.6280283,2.0161662,0.0,2.2075782,0.0,1.2469528,2.246677,0.0,0.0,1.0936323,0.0,0.3602933,1.4889479,0.9188476,0.0,0.0,0.73707134,1.4704124,0.0,0.0,0.0,0.30807424,1.1277893,2.0509431,0.28257558,0.0,1.8049015,0.0,1.0117658,0.0,0.0,0.8609337,1.2426983,0.48884335,1.0574273,1.0945249,0.0,1.3157953,1.7404941,0.4650329,2.5458648,2.329023,0.20240302,0.0,1.0708622,0.33450502,0.0,0.07290702,0.0,0.0,0.2655554,0.5867159,0.0,1.4093878,0.43487975,0.69412726,0.0,0.0,0.0,0.55357057,0.7191281,1.3330207,1.1490791,0.27740595,0.0,0.0,0.0,0.035923958,1.849481,0.0,0.0,0.4681387,2.0513704,0.0,0.7126675,2.9630013,0.18230061,2.0128872,0.0,0.0,1.0774412,1.1763881,1.8777405,0.0,1.619667,0.7887273,1.21345,0.8705129,2.412954,1.5545405,0.0,0.8892893,0.9546134,0.0,1.6222246,0.0,0.8942588,0.0,0.0,0.0,0.0,2.4837437,0.4277155,0.60617995,0.0,0.0,0.0,0.0,1.7277849,1.056646,0.0,1.471348,0.7235651,0.59831953,1.0206008,0.23836915,0.0,0.0,2.0176764,1.0739807,0.0,0.71756506,0.5444819,1.0172975,0.8761933,1.2527002,1.3248119,0.7134741,2.1029823,0.0,0.0,2.2003934,2.3865678,1.3832141,2.3270686,0.0,1.0272183,1.866381,0.0,1.0238888,1.4978225,1.4004983,1.0172819,0.0,0.42769164,0.0,1.4442748,0.22677664,2.0345905,0.9084623,0.0,0.30391073,0.0,1.918691,0.0,0.47479078,0.0,0.98619115,1.8113607,0.18246323,0.78248185,0.0,0.6335662,0.0,0.16976592,0.0,2.0506432,1.5270343,0.031058144,0.0,0.0,0.0,0.36232683,1.936029,1.7011509,0.0,0.029237287,0.85258055,0.08326759,1.5471638,0.0,0.56972164,0.0,0.0,1.3680863,0.5597486,0.0,0.63793015,1.3837385,1.4417044,0.6367177,0.0,0.0,0.3209115,0.02641274,1.8395683,0.0,0.0,0.94861543,1.7176973,2.5946517,1.2199637,0.0,1.0745274,0.0,3.2544448,0.57034314,1.257137,0.18807837,0.0,0.3833031,0.0,0.0,0.0,2.303186,0.0,0.0,1.4067116,1.6449244,0.72359496,0.0,0.0,0.0,0.53718144,0.25673455,0.0,0.86439663,1.6459302,1.3937066,2.2895708,0.0,0.0,0.0,0.5347762,1.0059091,0.0,1
1.5390724,0.0,0.3470252,1.138215,0.0,2.1005697,1.005328,0.72184527,0.0,1.2363489,0.0,0.0,0.62787324,1.1949948,1.9176229,0.72641605,0.0,0.0,0.684355,0.08965111,0.79565215,2.242116,0.0,0.17527416,0.5917788,1.0353279,1.2663094,0.0,0.0,1.3991272,0.0,1.4865822,2.057128,1.1355407,0.0,0.0,0.97902757,0.49989906,0.0,0.0,0.0,0.1237513,0.9358587,1.641471,0.027495427,0.0,2.6479037,0.0,1.0797898,0.0,0.0,1.3331867,0.4123087,0.4395558,0.0,1.6507802,0.0,0.6566248,1.3749022,0.28042048,1.7231205,1.1593494,0.0,0.0,0.82078034,0.48654702,0.0,1.5751392,0.19878612,0.0,0.03724115,0.28498173,0.0,1.2463636,0.18519929,1.073301,0.0,0.12654379,0.0,0.837933,1.2633016,1.273243,0.89038527,0.3771252,0.0,0.0,0.0,0.0,1.2087926,0.0,0.0,0.6467457,2.018663,0.6130379,0.9801515,1.4822667,0.30916864,0.63236296,0.0,0.0,0.6164041,1.5313643,1.3991692,0.0,1.1073062,1.0644193,1.4688804,0.31669316,0.49543944,0.44109693,0.0064928387,1.710776,0.02773686,0.0,0.42451108,0.0,0.550271,0.0,0.15981269,0.0,0.0,1.7086288,0.0,1.2283016,0.0,0.18097977,0.0,0.0,0.8879122,0.75625914,0.0,1.2947506,0.49948505,1.369369,0.8868259,0.0,0.0,0.0,1.8248312,0.21040478,0.0,0.5310525,1.3256443,0.99758774,1.010623,0.40865985,0.7864892,0.0,0.8378704,0.0,0.0,0.20296364,1.02273,1.1799387,1.2635763,0.0,1.4468606,0.93827623,0.0,0.9061833,1.0343151,0.27941126,1.5597489,0.0,0.26814657,0.0,0.34404862,0.6258996,0.79436797,0.99381256,0.5907981,0.33956805,0.0,1.370901,0.0,0.5897468,0.54834557,0.8099685,0.98699754,1.2753757,0.33932215,0.0,1.0778306,0.0,0.78427774,0.0,0.93933785,1.5062995,0.47450298,0.0,0.0,0.0,0.09098738,1.633671,0.8009574,0.0,0.32452592,0.49521402,0.74896973,1.3507477,0.0,1.1719803,0.0,0.0,0.9965042,1.6966721,0.0,0.5431349,0.9485905,1.2084959,0.70613945,0.0,0.0,1.0616629,0.0,1.1448625,0.0,0.0,0.9909173,0.87483656,2.4320087,1.2856514,0.0,1.2452528,0.0,2.0295286,0.38855585,0.123241775,0.56225353,0.0,1.1978619,0.0,0.0,0.0,1.7394648,0.0,0.0,0.9510487,0.37180775,1.0492346,0.0,0.0,0.0,0.70157117,0.0,0.0,1.1539674,1.1820843,0.43298998,1.1306005,0.0,0.0,0.0,1.2456886,1.1014444,0.0,0
0.80710715,0.0,0.56995904,0.8347176,0.0,2.754589,1.2535487,0.24573489,0.40392607,1.5790318,0.86469287,0.0,1.2218285,0.3820478,2.3946338,0.736616,0.0,0.0,1.7208161,0.3271727,0.47922477,1.4565549,0.0,1.3955818,0.35114598,0.7144961,1.9890542,0.0,0.0,1.032813,0.0,0.4061599,0.2156516,0.24287361,0.0,0.0,0.50182104,0.18189012,0.0,0.0,0.0,0.2594492,1.1280743,2.0007567,0.0,0.0,0.9887151,0.0,1.7072604,0.0,0.0,1.7359108,1.1229192,0.13132527,0.0,0.89369607,0.0,1.3265722,0.67558235,0.6729319,2.9219387,2.0804913,0.0,0.0,1.0492278,0.0,0.0,0.45777568,0.46937278,0.0,0.22755088,0.41708428,0.0,1.448322,0.11390329,0.57839113,0.0,0.0,0.0,1.2141545,1.5852032,1.1910588,1.2791319,0.7490991,0.0,0.0,0.0,0.0,0.75530726,0.0,0.0,0.62554514,1.3361036,0.0,0.58450794,2.622524,0.0,1.3702927,0.0,0.0,0.0,0.38096562,0.5437869,0.0,0.46735045,1.4895697,0.10453388,0.12003904,1.8924763,0.7412468,0.0,0.26455614,0.37317663,0.11451006,0.9819819,0.0,0.0834168,0.0,0.0,0.0,0.0,1.3911842,0.7594826,1.1775956,0.0,0.48239845,0.0,0.0,0.5431248,0.7040749,0.0,1.7878501,0.005611409,0.55036783,0.15279168,0.0036095283,0.0,0.0,0.6651648,0.3049936,0.0,0.5882547,0.347162,1.4812855,0.61039686,1.2805355,0.7933805,0.0,1.6650734,0.0,0.0,0.9812669,1.9042445,0.9630604,1.947023,0.0,0.83889014,1.2272474,0.0,0.0,1.359202,0.44772777,0.20163414,0.0,0.27080083,0.0,0.6020868,0.0,1.3379472,1.105649,0.38368234,0.74285513,0.0,2.3927472,0.0,0.35571027,0.46512184,0.07484877,1.3849595,0.0,0.21708085,0.0,0.21538882,0.0,0.27465874,0.0,1.4129597,0.6220543,0.63162327,0.0,0.0,0.0,0.9526376,1.653268,1.2256562,0.0,0.0,1.5273886,0.12134134,1.9681135,0.0,0.0,0.0,0.0,0.024188086,0.0,0.0,0.42430052,1.2826701,2.118687,0.25019428,0.0,0.0,0.7682354,0.0,1.2891873,0.0,0.0,1.2325011,1.7922732,1.8147305,0.9288978,0.0,0.7985798,0.0,2.2748854,1.126271,0.64760333,0.038089305,0.0,0.980251,0.064996086,0.0,0.0,1.6651478,0.0,0.0,2.1089501,0.99706864,1.0978888,0.0,0.0,0.0,0.0,0.35949337,0.0,0.3434517,1.733136,1.1296911,0.70781285,0.0,0.0,0.0,0.35990554,1.7994729,0.0,1
1.5228798,0.0,0.36916968,1.0992451,0.0,2.106835,0.29859018,0.27591115,0.2009726,1.0153406,0.16029996,0.0,0.054600243,1.3824229,1.998715,0.5216466,0.0,0.0,0.6159114,0.0,0.99882734,2.5775597,0.0,0.55109197,0.9961763,0.9403272,1.0797998,0.0,0.0,1.1175267,0.0,1.9693873,1.8979568,1.5202787,0.0,0.0,0.9485278,0.27952573,0.0,0.0,0.0,0.51480335,0.69423133,1.3311216,0.0,0.0,2.70467,0.0,0.6981344,0.0,0.0,1.2436697,0.35012144,0.16905044,0.0,1.9189605,0.0,0.6208399,1.467961,0.20235546,1.9268041,0.8767724,0.0,0.0,0.4293385,0.4159184,0.0,1.1429852,0.47580224,0.0,0.0,0.11658645,0.0,0.9689416,0.0,1.2929118,0.0,0.0,0.0,0.8108607,1.3007281,1.0829587,1.127462,0.10592198,0.0,0.0,0.0,0.0,1.6048406,0.0,0.0,0.19540417,2.3621778,0.20118532,1.0522852,1.1950691,0.72601414,0.45219013,0.0,0.0,0.4698926,1.6983557,1.3269266,0.0,1.1948984,0.70046675,1.392318,0.27798727,0.82136434,0.051835377,0.0,1.1566789,0.0,0.0,0.39053318,0.0,0.43115005,0.0,0.08653387,0.0,0.0,1.5923673,0.0,1.2810346,0.0,0.11977538,0.0,0.0,0.8014816,0.6688163,0.0,1.0855314,0.5442158,1.4480314,1.2415961,0.054409612,0.0,0.0,2.0293038,0.35794035,0.0,0.48506364,1.1620816,0.81284875,1.5493343,0.43931428,1.0204414,0.0,0.69686526,0.0,0.0,0.0,0.89922523,1.5604583,1.9406341,0.0,1.6725404,0.69750065,0.0,0.93480664,1.263579,0.30609694,1.613536,0.0,0.577931,0.0,0.14581645,0.04814754,0.91986984,0.86779135,0.7280514,0.39955023,0.0,1.6552024,0.0,0.5617587,0.4584067,1.0219775,1.0037895,1.3102415,0.2961831,0.0,1.3514619,0.0,1.182409,0.0,0.575432,1.395348,0.21497405,0.0,0.0,0.0,0.5535364,1.5323331,0.9717484,0.0,0.4618946,0.65189785,0.37659863,1.3118967,0.0,1.3097385,0.0,0.0,1.132281,1.7554393,0.0,0.69719285,1.3923389,1.0801759,0.9144749,0.0,0.0,0.8858446,0.0127494475,0.87083554,0.0,0.0,0.7788502,0.9192241,2.8357344,1.1970329,0.0,1.8675239,0.0,1.7768968,0.28554806,0.061171733,0.23592624,0.0,1.2913494,0.0,0.0,0.0,1.7608483,0.0,0.0,0.8494912,0.35274968,0.82448596,0.0,0.0,0.13825926,0.64434755,0.24494804,0.0,0.7917485,1.0157171,0.18705162,1.0786214,0.0,0.0,0.0,1.4174649,1.329244,0.0,0
3.329598,0.0,1.3479862,2.3877025,0.0,1.8660736,0.7466807,0.6228998,0.3429909,1.2319103,0.45143434,0.0,0.46446016,1.9371631,2.2703943,0.6804576,0.0,0.0,0.85741043,0.0,0.35704392,2.730935,0.41351005,0.45849374,1.8228679,0.0,0.29732138,0.0,0.0,0.36698177,0.0,1.9759134,2.2623477,2.409379,0.0,0.0,1.3740445,0.0,0.0,0.0,0.0,0.74342096,1.1988565,1.1771941,0.0,0.0,1.9928415,0.0,0.6683557,0.0,0.0,1.0570209,0.0,0.0,0.39376083,1.4925315,0.0,0.0,1.1057475,0.0,2.1109354,1.0020326,0.0,0.0,0.47810608,0.63455904,0.0,2.0958934,1.7097903,0.0,0.0,1.9979959,0.0,0.108048774,0.0,0.6369466,0.0,0.0312109,0.0,0.35952002,1.0986292,1.7702988,0.9855426,0.10350787,0.0,0.0,0.0,0.0,2.4537535,0.0,0.0,0.44192702,1.9672749,0.0,0.94029695,1.1208163,1.318644,0.0,0.0,0.0,0.0,2.164884,1.5508281,0.0,2.2345736,1.7708458,0.52227056,0.0,1.027972,0.11001982,0.0,0.9326829,0.7551041,0.0,0.9033976,0.0,0.013664574,0.0,0.5405275,0.0,0.0,1.9680823,0.3431304,1.1166363,0.0,0.0,0.0,0.0,2.2312837,0.75544876,0.24368267,0.8067392,1.588939,0.0,1.6343322,1.3809053,0.0,0.0,3.0296698,0.5281055,0.0,0.52328867,0.5451355,1.2405488,1.155482,0.6737529,1.5072494,0.44665214,0.29813763,0.0,0.0,0.2899925,1.2585973,1.3383187,1.8706856,0.0,1.2410136,1.7890481,0.0,0.97792566,0.37969053,0.0,1.6053762,0.0,0.47074378,0.0,0.40028238,0.62216216,1.0771515,0.0,0.0,0.27722096,0.5123276,0.94438034,0.0,0.7284409,0.1534738,1.4584002,1.3476874,1.3247186,0.7525834,0.0,1.0325783,0.0,1.0605288,0.0,0.557124,2.257053,0.054163903,0.0,0.0,0.0,0.0,1.4706296,1.1375057,0.0,0.0,0.16414304,0.31792775,0.0,0.0,0.7648929,0.0,0.0,1.5096667,2.0976923,0.0,1.2960358,3.110766,0.49598905,1.2980652,0.0,0.0,0.4092139,0.0,0.25823525,0.0,0.0,0.26151443,0.4603394,3.5501084,0.9624848,0.0,2.1429133,0.0,1.872453,1.2418096,0.0,0.52399933,0.0,1.2122307,0.0,0.0,0.0,1.5909631,0.0,0.0,0.4873504,0.12213631,0.8395481,0.0,0.0,0.0,0.0,1.4901813,0.0,0.0,0.44325995,0.33380207,2.1191785,0.0,0.04322864,0.0,0.10800801,0.66915965,0.0,0
1.6218091,0.0,0.59308434,1.3444133,0.0,2.0785608,0.9440286,0.25137702,0.0,1.2575762,0.15293789,0.0,0.0,1.4144466,1.5229617,0.35879323,0.0,0.0,0.17062117,0.0,0.8138209,2.0639386,0.06920948,0.36692896,1.1915796,0.6469831,1.379575,0.0,0.0,1.1189706,0.0,1.8809485,2.234,1.2065154,0.0,0.0,1.0197988,0.15036671,0.0,0.0,0.0,0.17338708,0.8039571,1.454683,0.1414837,0.0,2.4459035,0.0,0.8062501,0.0,0.0,1.518184,0.53153354,0.42314878,0.36568943,1.6250813,0.0,0.6517495,1.4919095,0.26141095,1.7423159,0.52629393,0.0,0.0,0.51723135,0.41490442,0.0,1.1768297,0.20400573,0.0,0.0,0.6190074,0.0,0.80678463,0.464234,0.93604606,0.0,0.0,0.0,0.5915029,1.2554572,1.0162168,0.88825274,0.05869266,0.0,0.0,0.0,0.0,1.2927848,0.0,0.0,0.5260062,2.259403,0.41325077,1.2937994,0.9979584,0.6704665,0.44318622,0.0,0.0,0.44516468,1.1839867,1.467329,0.0,0.9662124,0.5753676,1.5112221,0.6565766,0.21571378,0.0,0.0,1.6292804,0.0,0.0,0.43549615,0.0,0.8148903,0.0,0.055752195,0.0,0.0,1.3341341,0.0,1.5089455,0.0,0.10666988,0.0,0.0,1.0562071,0.63132066,0.0,1.1728672,0.75727844,1.354902,0.9276609,0.2250046,0.0,0.0,2.1877608,0.30583546,0.0,0.22107749,1.1123089,0.68045783,1.0255637,0.20568039,0.944427,0.22372822,0.5968469,0.0,0.0,0.0,0.6909104,0.65510446,1.645868,0.0,1.2241904,0.6432148,0.0,1.0984324,1.0181887,0.0,1.6946486,0.0,0.2522166,0.0,0.0036949506,0.85860133,0.4799763,0.8914716,0.67406625,0.0,0.0,0.9885585,0.0,0.6308024,0.6919243,1.0126734,1.0080006,1.3958236,0.49324185,0.0,1.225638,0.0,1.3985002,0.0,0.7674662,0.9894175,0.3901887,0.0,0.0,0.0,0.57032377,1.4386551,0.73348695,0.0,0.2805864,0.3461587,0.50550294,0.83453184,0.0,1.5916697,0.0,0.0,1.3256955,1.6919587,0.0,0.7963577,1.0358407,0.72261786,1.1416266,0.0,0.0,0.5256417,0.2688909,1.0681499,0.0,0.0,0.47879985,0.536091,2.5679507,1.2203766,0.0,1.304541,0.0,2.206656,0.11698508,0.0,0.954876,0.0,1.3438654,0.0,0.0,0.0,1.6395181,0.0,0.0,0.6793624,0.63198626,0.5256963,0.0,0.0,0.0,0.38363296,0.04356928,0.0,0.9193056,0.79531497,0.059694797,1.0533321,0.0,0.059033975,0.0,1.5682013,1.2347211,0.0,0
1.8290538,0.0,0.48610744,1.0538318,0.0,1.7738883,0.6579106,0.635616,0.0,1.0796003,0.01996339,0.0,0.107858606,1.4015691,1.880978,0.44098434,0.0,0.0,0.19240758,0.002623618,0.91339177,2.1571894,0.018196546,0.2360653,0.9561339,0.8526726,0.50016445,0.0,0.0,1.1096482,0.0,1.7149761,2.028146,1.4972354,0.0,0.0,0.8216354,0.39097366,0.0,0.0,0.0,0.32322925,0.8041471,1.144461,0.0,0.0,2.4975889,0.0,0.66611814,0.0,0.0,1.0887972,0.19575955,0.09704689,0.046814214,1.9847074,0.0,0.11103501,1.4375832,0.014166647,1.1432102,0.6320642,0.0,0.0,0.39193964,0.47738245,0.0,1.7214988,0.4799765,0.0,0.047316168,0.57404315,0.0,1.0192865,0.079190426,0.77907604,0.0,0.0,0.0,0.7695982,1.2774065,1.3340267,0.8109127,0.11047941,0.0,0.0,0.0,0.0,1.3643702,0.0,0.0,0.6980848,2.1556895,0.13201135,1.1410602,1.0544658,0.81531787,0.40135777,0.0,0.0,0.6106536,1.4260896,1.6155152,0.0,1.3627927,0.5717726,1.4881498,0.1599204,0.46053466,0.052850936,0.0,1.4655688,0.011915343,0.0,0.2676278,0.0,1.1626577,0.0,0.41218537,0.0,0.0,1.5673193,0.0,1.0834528,0.0,0.29110283,0.0,0.0,0.76190203,0.61948675,0.0,1.1918073,0.61467206,1.5268316,1.403793,0.081763975,0.0,0.0,2.134393,0.18988289,0.0,0.3625879,1.2454361,0.8156356,1.2658161,0.37510538,0.9741014,0.24546854,0.59316957,0.0,0.0,0.0,0.5451073,1.029455,1.4175423,0.0,1.2784557,0.6815357,0.0,0.9087609,1.100169,0.21838431,1.7719171,0.0,0.8779766,0.0,0.09660268,0.87335175,0.2764233,0.7395183,0.64277124,0.29943228,0.0,1.3767886,0.0,0.3502959,0.49942,1.0410289,1.0544331,1.4577411,0.23789962,0.0,1.3487483,0.0,0.9777213,0.0,0.1586515,1.4954776,0.34254646,0.0,0.0,0.0,0.2179182,1.4216293,0.5565746,0.0,0.5800408,0.54738927,0.6334224,0.8099447,0.0,1.2035676,0.0,0.0,1.2951431,1.845093,0.0,0.5819422,1.1471958,0.84907156,0.9433896,0.0,0.0,0.9207139,0.0,0.82263315,0.0,0.0,0.9572921,0.5193446,2.798276,1.3391294,0.0,1.7341743,0.0,1.8450379,0.33959082,0.092296086,0.5809679,0.0,1.4546397,0.0,0.0,0.0,1.5294148,0.0,0.0,0.6342381,0.23477936,0.60570973,0.0,0.0,0.0,0.7707759,0.0,0.0,1.2280462,0.6810242,0.3164322,0.9088513,0.0,0.04647772,0.0,1.3661703,0.92169464,0.0,0
2.1348033,0.0,0.71699315,1.9116358,0.0,2.2346058,0.48397082,0.2544218,0.115174435,1.5815686,0.91162413,0.0,0.13288498,1.5830334,2.125578,0.9124716,0.0,0.0,0.5502578,0.0,0.18347491,2.6461716,0.2219192,1.3226049,1.6870711,0.3165176,0.5930732,0.0,0.0,0.9682312,0.0,1.3633832,2.3412461,1.8152204,0.0,0.0,1.2052553,0.2561929,0.0,0.0,0.0,0.5593361,0.3193822,1.6118125,0.0,0.0,2.2202637,0.0,0.79921216,0.0,0.0,1.024366,0.021177227,0.028235743,0.44484502,1.2076709,0.0,0.32779402,1.8396888,0.4081696,2.161643,1.2554919,0.0,0.0,0.783254,0.58353096,0.0,1.12265,1.2015897,0.0,0.0,1.7403519,0.0,0.81855965,0.033535086,1.1923118,0.0,0.0,0.0,0.671947,0.963215,1.3267658,1.0687526,0.28808606,0.0,0.0,0.0,0.0,1.7196792,0.0,0.0,0.70185155,2.3938117,0.0,0.7065199,1.4634192,0.5516269,0.08951109,0.0,0.0,0.12927113,2.011714,1.3330979,0.03836828,1.6528031,0.94525313,0.90224683,0.0,0.7288926,0.31489184,0.0,1.5239136,0.6651666,0.0,0.6412787,0.0,0.3001485,0.0,0.0,0.0,0.0,2.2890959,0.23055008,1.2793758,0.0,0.0,0.0,0.0,2.0685637,0.6029767,0.0,1.0866128,0.9159319,0.0,1.7106209,1.2020924,0.0,0.0,2.5740461,0.85650617,0.0,0.6333634,0.6613674,1.558869,1.1387337,0.93230844,1.678424,0.82130986,0.2627006,0.0,0.0,0.0,1.5379683,0.9079328,1.8555052,0.0,1.1934049,1.1420972,0.0,0.4663427,0.5909044,0.0,1.8373185,0.0,0.7798883,0.0,0.37493816,0.0,1.3222674,0.45176575,0.0,0.0,0.0,1.3122289,0.0,0.04386294,0.25715584,1.5571003,1.95144,1.1572546,0.032003716,0.0,0.9679918,0.0,1.0006292,0.0,1.0951045,2.6713994,0.29036754,0.0,0.0,0.0,0.29301262,1.3557618,1.4023095,0.0,0.0,1.05597,0.11774161,0.23632042,0.0,0.5884176,0.0,0.0,1.7333608,1.3839272,0.0,1.2497617,2.316713,0.5909458,1.0365015,0.0,0.0,1.3333026,0.0,0.9491117,0.0,0.0,0.2540903,0.8587074,3.1988368,1.3227599,0.0,2.0133495,0.0,2.3848948,0.5443707,0.0,0.47300878,0.0,2.167603,0.0,0.0,0.0,1.697141,0.0,0.0,0.54931295,0.0,0.8054442,0.0,0.0,0.0,0.00027971287,0.5266665,0.0,0.17561193,0.60349697,0.42166296,1.5922704,0.0,0.0,0.0,0.6692909,0.8494345,0.0,0
1.5513705,0.0,0.3674123,0.76331323,0.0,2.18575,0.8551849,0.24359241,0.045247234,1.2864825,0.5038999,0.0,0.4723542,1.037761,2.4158347,0.69479096,0.0,0.0,0.7863718,0.08444542,0.728285,2.0192955,0.0,0.6166772,0.54955,0.75949246,1.202348,0.0,0.0,1.4258124,0.0,1.342841,1.8141948,0.951478,0.0,0.0,0.7358343,0.33814493,0.0,0.0,0.0,0.36079097,0.76366717,1.492304,0.0,0.0,1.7936794,0.0,0.7494063,0.0,0.0,1.0684927,0.43790886,0.1364777,0.0,1.7390474,0.0,0.7571847,1.528357,0.17096937,1.828501,1.1688988,0.0,0.0,0.8759234,0.6443863,0.0,1.1239775,0.12513898,0.0,0.034311224,0.63337386,0.0,1.1434755,0.054527074,1.006823,0.0,0.0,0.0,0.94156694,1.0214806,1.1108252,0.7903005,0.33890158,0.0,0.0,0.0,0.0,1.0055748,0.0,0.0,0.7456492,1.9009916,0.0,0.95401186,1.5853925,0.1653893,0.7188258,0.0,0.0,0.3769667,1.2479277,1.4357563,0.0,0.96266,0.94085073,1.132556,0.101900645,0.84481245,0.29031986,0.0,1.6232388,0.111729674,0.0,0.5676223,0.0,0.6322322,0.0,0.10959946,0.0,0.0,1.2649926,0.0,1.1861184,0.0,0.36391428,0.0,0.0,0.726062,0.62659705,0.0,1.1663144,0.46395516,1.2998736,0.6762313,0.025992861,0.0,0.0,1.6575991,0.2795037,0.0,0.4155596,0.95917165,0.6939072,1.0890992,0.6099979,1.0775155,0.0,0.8909317,0.0,0.0,0.22009924,1.1349877,0.9607951,1.4019803,0.0,0.89945096,0.8832627,0.0,0.51437765,1.1648159,0.5048214,1.3089179,0.0,0.3455087,0.0,0.15228733,0.5397388,0.8293476,1.2027898,0.76287955,0.43445224,0.0,1.7409647,0.0,0.3639467,0.50120175,0.829105,1.0470456,0.8378351,0.19866146,0.0,0.5829721,0.0,0.76300776,0.0,0.68149245,1.3596518,0.46715605,0.0,0.0,0.0,0.0,1.6692827,0.8269301,0.0,0.4733665,0.69345397,0.50516367,1.5217806,0.0,1.0535147,0.0,0.0,1.1054835,1.2736211,0.0,0.44563854,1.2842644,0.97275245,0.6513906,0.0,0.0,0.7102574,0.0,1.1636589,0.0,0.0,1.0703503,1.2411203,2.3291583,0.9464503,0.0,1.5504556,0.0,2.1521015,0.06508672,0.45340034,0.38651747,0.0,1.4816895,0.0,0.0,0.0,1.9770175,0.0,0.0,0.9864698,0.30770215,0.66035926,0.0,0.0,0.0,0.67423105,0.13285388,0.0,0.8258681,0.8109449,0.6577437,0.78317714,0.0,0.0,0.0,0.98370713,1.243162,0.0,0
1.4082919,0.0,0.15823816,1.0509195,0.0,2.2627838,1.0161736,0.44363356,0.14695315,1.0653362,0.648097,0.0,0.6703499,0.7641032,1.6397594,1.0902885,0.0,0.0,1.332855,0.18018126,0.39637947,1.5937761,0.0,0.69984883,0.592199,0.77082926,1.1213334,0.0,0.0,0.8522825,0.0,0.9515834,0.8241871,1.0178216,0.0,0.0,0.89791036,0.16523872,0.0,0.0,0.0,0.30828494,1.0602934,1.3014013,0.0,0.0,1.4384724,0.0,1.4165013,0.0,0.0,1.759312,0.66345686,0.0,0.0,1.178135,0.0,0.98691785,0.8081986,0.3353621,1.939099,1.6759611,0.0,0.0,0.49223137,0.038210526,0.0,1.2863163,0.30693492,0.0,0.14162491,0.15456611,0.0,1.2829149,0.0,0.68917876,0.0,0.31862247,0.0,1.0421454,1.6719329,1.5421882,0.6572202,0.4581251,0.0,0.0,0.0,0.0,0.90427506,0.0,0.0,0.4681983,1.6875758,0.0,0.6913981,2.1943278,0.0,0.8329978,0.0,0.0,0.47595188,0.74164474,0.8228305,0.0,1.1700537,1.2211671,0.18677822,0.0,1.4252425,0.81053394,0.0,0.7317386,0.33388573,0.0,0.59894603,0.0,0.5359425,0.0,0.19452845,0.0,0.0,1.2764984,0.87136406,0.43764016,0.0,0.3882414,0.0,0.0,0.8010151,0.78568137,0.0,1.4932696,0.060881007,0.51796854,0.75174093,0.028019538,0.0,0.0,1.086321,0.42233044,0.0,0.50436074,0.4520706,1.6223897,0.6486758,0.7949062,0.86431193,0.12770402,1.234282,0.0,0.0,0.7979028,1.0996403,1.332548,1.835638,0.0,1.3542031,1.1536252,0.0,0.061520588,1.364328,0.24581341,0.71992576,0.0,0.7087541,0.0,0.482932,0.07893388,0.75939435,0.37458023,0.34763002,0.8251734,0.0,1.6083353,0.0,0.16202503,0.2610818,0.5176977,1.2275325,0.42167667,0.4610957,0.0,0.6961833,0.0,0.09624451,0.0,0.97513247,0.8289427,0.38318652,0.0,0.0,0.0,0.41898987,1.3245721,0.8839745,0.0,0.09863178,0.84263116,0.16539942,1.2717713,0.0,0.3609926,0.0,0.0,0.04528518,0.80681473,0.0,0.7461012,1.5215334,1.368131,0.52063096,0.0,0.0,0.8831508,0.0,0.6162212,0.0,0.0,1.6169318,1.3556088,1.940714,1.3706896,0.0,1.0832248,0.0,1.8698933,0.46837893,0.34188014,0.14701316,0.0,0.8305448,0.0,0.0,0.0,1.5904179,0.0,0.0,1.552791,0.6391986,1.3034565,0.0,0.0,0.11240931,0.23876497,0.11241685,0.0,0.5679561,1.4970964,0.839771,0.91824836,0.0,0.18217559,0.0,0.80562216,1.4219948,0.0,1
1.0280935,0.0,0.45093414,0.86114156,0.0,3.0719404,1.8809173,0.30295247,0.0,2.0255854,0.7778205,0.0,1.4370514,1.3570237,3.1701267,0.94535035,0.47241038,0.0,1.2666175,0.32373035,1.0617573,1.4691564,0.0,2.0224376,0.53368944,1.4003388,2.4812615,0.0,0.0,0.4821474,0.0,1.0418959,1.3388296,0.8188331,0.051293623,0.0,0.18752319,1.3173934,0.0,0.0,0.0,0.29538715,0.93126196,1.4385794,0.0,0.0,1.3896668,0.0,1.8790355,0.0,0.0,1.7209826,1.1629672,0.62825507,0.11974781,1.341666,0.0,1.4423276,1.2480162,0.77741003,2.5739176,2.2505507,0.21360607,0.0,1.3001819,0.08131998,0.0,0.9388443,0.175353,0.0,0.278081,0.54096603,0.0,1.269011,0.56543773,0.88669294,0.0,0.0,0.0,1.0594984,1.5630121,1.2841676,1.2365826,0.0,0.0,0.0,0.0,0.0,0.8087669,0.0,0.0,0.44293755,2.151672,0.0,1.0744509,2.8754249,0.35246047,1.9499177,0.0,0.0,0.49697834,0.959308,0.9435859,0.0,1.5408106,1.4369028,0.9789785,0.8307209,1.3563867,0.91842943,0.0,0.78830886,0.7791853,0.0,0.73872006,0.0,1.1571714,0.0,0.0,0.0,0.0,2.1107445,0.58295673,0.5614173,0.0,0.47822976,0.0,0.0,1.4299315,0.94561607,0.0,1.2000034,1.0357729,0.6644796,0.50016654,0.0,0.0,0.0,1.8336927,0.17944439,0.0,0.53431046,0.78460747,1.310543,0.17144398,0.89811563,1.4059415,0.30074534,2.0618823,0.0,0.0,1.2847325,1.237506,1.1472223,2.111652,0.0,1.0341835,1.8648263,0.0,0.38037774,1.319166,1.1105425,0.96617144,0.0,0.2074519,0.0,0.83544064,1.0668925,1.3519346,0.60316443,0.0,0.8519068,0.04753301,2.0655556,0.0,0.71952814,0.5523522,0.8621014,1.4108692,0.28910628,0.3702361,0.0,0.7921575,0.0,0.10943041,0.0,1.5256022,0.66491085,0.31937575,0.0,0.0,0.0,0.59974605,2.2764463,1.1140828,0.0,0.07563843,1.2059522,0.35411283,1.4579749,0.0,0.31894317,0.0,0.0,0.62558746,0.8061053,0.0,0.5097243,1.2514216,2.0291207,0.65079486,0.0,0.0,0.48783094,0.0,1.6005257,0.0,0.0,0.8934996,1.6541082,2.6081524,1.6577418,0.0,1.2841688,0.0,2.6246235,0.80694884,0.80754673,0.18073049,0.0,1.5431707,0.0,0.0,0.0,1.6600455,0.0,0.014263999,1.4839218,1.3575566,1.071645,0.0,0.0,0.0,0.36002475,0.3932591,0.0,0.5292243,1.529985,1.2719647,1.6180074,0.0,0.027912095,0.0,0.33543652,1.0532562,0.0,1
1.807988,0.0,0.42564544,1.2066078,0.0,2.0721853,0.7450205,0.40581304,0.0,0.78106135,0.24689883,0.0,0.1646148,0.9590095,1.160761,0.35694057,0.0,0.0,0.9587761,0.0,0.8748842,1.9358819,0.0,0.09906777,0.73997,0.454432,0.7016105,0.0,0.0,1.1062789,0.0,1.5783465,1.8198061,1.5160929,0.0,0.0,0.6916361,0.23416679,0.0,0.0,0.0,0.5169092,0.45230058,1.136422,0.0,0.0,1.8417783,0.0,0.7372069,0.0,0.0,1.4639215,0.39375195,0.03688491,0.0,1.4504445,0.0,0.3533925,1.1956435,0.08152552,1.4899027,0.68583757,0.0,0.0,0.37109202,0.09611673,0.0,1.2563978,0.20953725,0.0,0.0009953277,0.38138086,0.0,1.2228097,0.0,0.9741407,0.0,0.18382019,0.0,0.9006162,1.3051872,1.1551061,0.65436566,0.34799805,0.0,0.0,0.0,0.0,0.985543,0.0,0.0,0.5299227,1.9926025,0.26065058,1.1197274,1.1806573,0.30579975,0.6491871,0.0,0.0,0.24527073,1.1128197,1.1123463,0.0,1.3404665,0.76053286,1.2716548,0.033377364,0.6635735,0.124396235,0.0,1.4630357,0.0,0.0,0.5417354,0.0,0.6151512,0.0,0.31190076,0.0,0.0,1.3512373,0.0021242825,1.1471667,0.0,0.48947886,0.0,0.0,0.8513736,0.7599957,0.0,1.0069661,0.3671962,1.2068561,0.9734583,0.2973343,0.0,0.0,1.9491117,0.4276218,0.0,0.27460945,0.7436294,0.86387163,0.8021075,0.43877777,0.74391925,0.038131636,0.47299078,0.0,0.0,0.0,0.69703585,0.8982239,1.6982833,0.0,1.2017974,0.60985315,0.0,0.9360506,1.2478135,0.0,1.1850479,0.0,0.70662135,0.0,0.08376105,0.36777517,0.41835544,0.9671364,0.5112023,0.22971766,0.0,1.7783355,0.0,0.22877946,0.27441603,0.90317583,1.0106238,1.1096731,0.026509715,0.0,1.2943896,0.0,0.95118487,0.0,0.21033219,1.4427685,0.51162416,0.0,0.0,0.0,0.45448735,1.3260405,0.45513886,0.0,0.21248192,0.78036076,0.34453005,0.8532188,0.0,1.2770185,0.0,0.0,0.82872874,1.3851093,0.0,0.87272996,1.3856224,0.8184162,0.75633395,0.0,0.0,0.8353894,0.009506105,0.7621042,0.0,0.0,0.8282334,0.8006067,2.4110148,0.92285687,0.0,1.8301429,0.0,1.6678758,0.20814043,0.0,0.5167991,0.0,1.2212725,0.0,0.0,0.0,1.0624464,0.0,0.0,0.7150279,0.48772722,0.8469322,0.0,0.0,0.0,0.45441377,0.0,0.0,0.90008134,0.73190784,0.8506119,1.0735232,0.0,0.3054234,0.0,1.258713,1.4509534,0.0,0
2.2653325,0.0,0.26462373,1.6316288,0.0,2.115695,0.6594097,0.72703767,0.0,0.9045279,0.057799764,0.0,0.23499905,1.7032502,1.7040452,0.5442519,0.0,0.0,1.0436543,0.0,1.1832237,2.812443,0.10682192,0.018569395,1.3886111,0.9480124,0.7035007,0.0,0.0,1.3990464,0.0,1.7856618,2.432001,1.9881512,0.0,0.0,1.0760036,0.30351278,0.0,0.0,0.0,0.28426412,0.7922516,1.4205881,0.0,0.0,2.7694094,0.0,0.6236509,0.0,0.0,1.5734006,0.3682682,0.27559504,0.21110381,2.0034635,0.0,0.5818788,1.5988426,0.03447751,1.4494486,0.7098693,0.0,0.0,0.26220474,0.28566712,0.0,1.7005438,0.70029473,0.0,0.0,0.56001526,0.0,1.2521837,0.064290725,1.1409096,0.0,0.09378146,0.0,0.5529548,1.7418721,1.701153,1.0922083,0.09355957,0.0,0.0,0.0,0.0,1.5989808,0.0,0.0,0.8917601,2.5786889,0.50063807,1.5010033,1.1453878,0.4082059,0.4409819,0.0,0.0,0.7373825,2.2199361,1.4843267,0.0,1.7613268,0.6181875,1.914448,0.3271216,0.46638802,0.14048837,0.0,2.0456052,0.0,0.0,0.2466384,0.0,1.1768508,0.0,0.2599625,0.0,0.0,1.6210865,0.0,1.1874168,0.0,0.20369525,0.0,0.0,1.4384229,0.757335,0.0,1.1845056,0.92903614,1.5566664,1.4347532,0.41986603,0.0,0.0,2.5343874,0.37571713,0.0,0.5703036,1.1331726,1.1637262,1.1984426,0.70001686,1.0757735,0.0,0.51394314,0.0,0.0,0.0,0.98353446,1.3082409,1.6475064,0.0,1.8697846,0.8322939,0.0,1.3646126,0.9697468,0.0,2.0179975,0.0,0.73333997,0.0,0.18242216,0.31663835,0.77096444,0.89521646,0.524632,0.1807387,0.0,1.6366558,0.0,0.6291898,0.5095281,1.3587391,1.327736,1.678247,0.0065058004,0.0,1.733682,0.0,1.3778629,0.0,0.574332,1.655573,0.6159252,0.0,0.0,0.0,0.39303967,1.9495703,0.2933773,0.0,0.5420403,0.8923181,0.5168667,0.9700097,0.0,1.4851989,0.0,0.0,1.223233,2.196305,0.0,1.021405,1.5288486,0.8497761,1.0989201,0.0,0.0,1.2092292,0.0,0.9162742,0.0,0.0,0.9751536,0.39026827,3.1277003,1.6329069,0.0,1.8735058,0.0,2.1882677,0.050449893,0.0,0.71902406,0.0,1.5286764,0.0,0.0,0.0,1.4975762,0.0,0.0,0.6040134,0.39933658,1.216146,0.0,0.0,0.0,0.7675592,0.0,0.0,1.3957714,0.74267405,0.46302924,1.2779516,0.0,0.21860065,0.0,1.743434,1.2046349,0.0,0
1.7303649,0.0,0.14933275,1.2769716,0.0,2.2205908,1.0683515,0.7407431,0.0,1.185611,0.2725556,0.0,0.29113847,1.407508,2.043143,0.4899247,0.0,0.0,0.9808586,0.0,1.3440969,2.5007527,0.0,0.32315442,0.74501467,1.0881118,1.2346171,0.0,0.0,1.3803977,0.0,1.9947107,1.8875393,1.7447032,0.0,0.0,0.72084665,0.5234175,0.0,0.0,0.0,0.18933104,1.0646892,1.6004033,0.0,0.0,2.6780756,0.0,0.98373413,0.0,0.0,1.7011634,0.6904698,0.44489154,0.12084917,1.9888586,0.0,0.7671828,1.8040193,0.199767,1.5974207,1.3197638,0.0,0.0,0.88103783,0.1093973,0.0,1.2010733,0.38295996,0.0,0.0,0.09092021,0.0,1.2818654,0.10857209,1.1867112,0.0,0.23529738,0.0,0.872535,1.5450138,1.4225174,0.7152521,0.16343684,0.0,0.0,0.0,0.0,1.4109148,0.0,0.0,0.6965693,2.307169,0.54992455,1.1935551,1.3961763,0.31292465,0.4319171,0.0,0.0,0.65009815,1.8330674,1.721751,0.0,1.238896,1.035958,1.5170395,0.24994004,0.48921853,0.27700362,0.0,1.6037132,0.0,0.0,0.23528178,0.0,0.911691,0.0,0.19154827,0.0,0.0,1.7573682,0.0,1.1390309,0.0,0.044194154,0.0,0.0,1.1038785,0.83868057,0.0,1.6060174,0.7170942,1.3335905,1.5212522,0.3028381,0.0,0.0,2.1360965,0.25603235,0.0,0.50290793,1.0209769,0.9262891,1.073234,0.5159024,0.80603856,0.0,0.6759156,0.0,0.0,0.13930246,0.89121103,1.2609171,1.6874254,0.0,1.7210215,0.7215554,0.0,1.0408767,1.1270078,0.26436007,1.6941097,0.0,0.5679313,0.0,0.6157341,1.1364285,0.8795639,1.1428828,0.8604185,0.2332456,0.0,1.3693432,0.0,0.6103835,0.7144354,1.0454799,1.1441774,1.6889393,0.49957407,0.0,1.2885798,0.0,1.3668947,0.0,0.42935857,1.4667081,0.5366501,0.0,0.0,0.0,0.33292064,1.449592,0.6133252,0.0,0.6677561,0.6335327,0.62005055,0.69932836,0.0,1.2137537,0.0,0.0,1.22369,2.2315378,0.0,1.0083561,1.4826518,1.1553433,0.95258915,0.008530288,0.0,0.9365417,0.0,1.2350307,0.0,0.0,1.2445983,0.7372166,3.1213627,1.7244524,0.0,1.4718904,0.0,2.1580513,0.24297167,0.16158041,0.7402473,0.0,1.4655772,0.0,0.0,0.0,2.1885173,0.0,0.0,0.7044749,0.2034894,1.0151355,0.0,0.0,0.0,0.6688651,0.0,0.0,1.2844573,0.9290444,0.24347594,1.2410011,0.0,0.06955792,0.0,1.7367407,1.089857,0.0,0
1.4856664,0.0,0.19582395,1.2285125,0.0,1.975196,1.1104696,0.7587137,0.26152313,0.40434328,0.1573987,0.0,0.23177227,0.95446235,1.8395134,0.822483,0.12301072,0.0,1.1063657,0.0,1.0827667,1.9864779,0.0,0.0,1.1705784,1.0906096,0.7165182,0.0,0.0,1.1366765,0.0,1.6618378,2.118504,1.6001747,0.0,0.0,0.84139556,0.44771013,0.0,0.0,0.0,0.2721342,1.0634358,1.8000995,0.0,0.0,2.2909343,0.0,0.58548856,0.0,0.0,1.4124423,0.36504292,0.077925384,0.24078594,1.8049667,0.0,0.64104134,1.3519057,0.0,1.5352834,0.726814,0.0,0.0,0.4332385,0.4778463,0.0,1.4000107,0.21036302,0.0,0.0,0.50001264,0.0,1.0336242,0.0,1.1094865,0.0,0.2469582,0.0,0.5087259,1.3769379,1.5387806,0.6101996,0.5516316,0.0,0.0,0.0,0.0,1.2667904,0.0,0.0,0.45558256,2.3792236,0.7554566,1.0064054,1.7461401,0.29003897,0.7118759,0.0,0.0,0.56731313,1.6163962,1.9905355,0.0,2.0199723,0.45721227,1.1124831,0.05871234,0.5000811,0.3512246,0.0,1.6946753,0.17034452,0.0,0.54737455,0.0,1.3870652,0.0,0.32141364,0.0,0.0,1.696728,0.0,1.0457734,0.0,0.41310826,0.0,0.0,1.279676,0.5350838,0.0,0.7391932,0.76183754,0.83305174,1.1959784,0.5322608,0.0,0.0,2.5496461,0.4261203,0.0,0.45496297,0.89709985,1.2683581,1.1276442,0.49719325,0.73440254,0.0,0.62335455,0.0,0.0,0.0,0.9512421,1.064879,1.5536358,0.0,1.9176729,0.9395862,0.0,0.85462326,1.3343635,0.05896933,1.6679772,0.0,0.8511217,0.0,0.6129445,0.8015077,0.84437555,0.98156524,0.60739464,0.32375515,0.0,1.4648075,0.0,0.61080796,0.18791455,1.0887865,1.1657671,1.1425141,0.3521232,0.0,1.4105549,0.0,1.1350021,0.0,0.9391987,1.366497,0.4728083,0.0,0.0,0.0,0.03776111,1.6190553,0.5169109,0.0,0.30182803,0.67118263,0.41262743,0.6500589,0.0,1.3631704,0.0,0.0,1.1577902,1.8049229,0.0,1.1341765,1.2113818,0.7745825,0.8017791,0.0,0.0,1.093366,0.0,0.68683875,0.0,0.0,1.0824493,0.83632016,2.5565953,1.1978698,0.0,1.3992181,0.0,2.4520123,0.15717976,0.11732396,0.6189881,0.0,1.0687301,0.0,0.0,0.0,0.85732216,0.0,0.0,0.6588876,0.027691541,0.9584865,0.0,0.0,0.0,0.8942752,0.0,0.0,1.004653,0.9743922,0.74192744,0.8904356,0.0,0.35163862,0.0,1.3886523,1.096375,0.0,0
1.3638016,0.0,0.72829884,1.2291002,0.0,2.4078317,1.3911028,0.6423613,0.61645097,0.5621876,0.14933166,0.0,0.3200662,1.4107655,2.6354837,0.902123,0.3188449,0.0,1.0532331,0.006396294,1.8212279,2.3700676,0.0,0.25343063,0.826294,1.4195051,1.2811153,0.0,0.0,1.5909835,0.0,1.7894695,1.760231,1.7284427,0.0,0.0,0.65076596,0.6548399,0.0,0.0,0.0,0.284619,0.9482777,2.5104465,0.0,0.0,2.8945987,0.0,0.91113305,0.0,0.0,1.8069717,0.52435744,0.25237143,0.0,2.293952,0.0,0.4868602,2.0183697,0.31086186,1.8755685,1.0732008,0.0,0.0,0.48731807,0.5707829,0.0,1.2863976,0.5683704,0.0,0.019428838,0.6148122,0.0,1.257336,0.0,1.6654966,0.0,0.20336103,0.0,0.8344338,1.4062182,1.6675957,0.82683665,0.2220183,0.0,0.0,0.0,0.0,1.8246193,0.0,0.0,0.71849227,2.3660014,0.51765895,1.1448491,1.4509693,0.43532372,0.44560996,0.0,0.0,0.77040905,1.7626519,1.8914982,0.0,1.767014,0.4303965,1.3267083,0.4533582,0.8251764,0.39305675,0.0,1.7351078,0.3390439,0.0,0.8736677,0.0,1.4822348,0.0,0.18661195,0.0,0.0,2.1931396,0.0,1.4790163,0.0,0.4384653,0.0,0.0,1.8022908,0.054281894,0.0,1.0024229,0.7365796,1.0408778,1.8162266,0.53271896,0.0,0.0,2.4773989,0.6027243,0.0,0.58174145,1.0465089,1.6129438,1.253737,0.7853182,1.0075536,0.0,0.4290176,0.0,0.0,0.43956062,1.469561,1.0453861,2.0652165,0.0,2.0729866,0.793602,0.0,0.67173237,0.9399911,0.10089294,1.8445153,0.0,0.50926,0.0,0.64852786,1.6759303,1.1333177,0.9765276,0.63929534,0.3216722,0.0,1.6005731,0.0,1.0153223,0.23077494,0.8679917,1.2272714,1.2394445,0.45842367,0.0,1.0157871,0.0,1.048866,0.0,1.2521509,1.189411,0.74616337,0.0,0.0,0.0,0.5196065,1.7939367,0.44062015,0.0,0.4418251,0.36519945,0.44742402,0.10914813,0.0,1.2714171,0.0,0.0,1.2836998,2.3015509,0.0,1.4465021,1.4284527,1.2971433,1.0754783,0.0,0.0,1.1721936,0.0,1.2795161,0.0,0.0,1.0682307,1.0121162,3.2453077,1.3936543,0.0,1.2366521,0.0,3.0228245,0.0481764,0.37651318,0.56604356,0.0,1.7215426,0.0,0.0,0.0,1.4372482,0.0,0.0,0.5980692,0.20983604,0.88748974,0.0,0.0,0.0,1.1090348,0.16283137,0.0,1.1327094,1.1666816,0.16974273,1.4704075,0.0,0.49515444,0.0,1.7110219,1.2688667,0.0,0
1.8398961,0.0,0.6322725,0.94049674,0.0,2.0432067,0.6618802,0.4991328,0.0,1.1704481,0.40958565,0.0,0.026117565,1.8116922,1.8044342,0.6808761,0.0,0.0,0.07458973,0.0,1.285367,2.4008682,0.0,0.39525282,1.4212544,0.78072375,0.6509345,0.0,0.0,1.6098173,0.0,2.0557282,2.8531501,1.537743,0.09776498,0.0,0.6892922,0.38290808,0.0,0.0,0.0,0.16090065,0.54473966,1.2732033,0.0,0.0,2.4454875,0.0,0.98599374,0.0,0.0,1.3307098,0.37920222,0.4300767,0.33743957,1.6584226,0.0,0.42671767,2.0671775,0.11779101,1.1672415,0.15504295,0.0,0.0,0.3237759,0.5308106,0.0,1.5617732,0.2521087,0.0,0.0,0.978914,0.0,0.7702481,0.17670368,1.4431176,0.0,0.0,0.0,0.2406667,1.1982709,1.2359271,0.9668876,0.0,0.0,0.0,0.0,0.0,1.6172138,0.0,0.0,0.38373774,2.5158653,0.38245514,1.7354624,1.2464601,0.95660096,0.15501764,0.0,0.0,0.5192784,2.077244,1.261016,0.0,1.2567114,0.17276369,1.8296859,0.77694875,0.0,0.14000559,0.0,1.5914563,0.0,0.0,0.11007117,0.0,1.0489445,0.0,0.0,0.0,0.0,1.1418267,0.0,1.1418574,0.0,0.359708,0.0,0.0,1.306396,0.5699035,0.0,1.3055823,1.0772318,1.6772217,1.279192,0.38691437,0.0,0.0,2.6841226,0.44744626,0.0,0.22687642,1.1013222,0.6964616,1.2926652,0.13965566,0.96356165,0.40613702,0.3456839,0.0,0.0,0.09468001,0.4054665,0.73661435,1.6717093,0.0,1.4817708,0.7712066,0.0,0.7849594,0.7682699,0.2987856,1.9502289,0.0,0.20050804,0.0,0.04322046,1.0613757,0.68284416,0.8391855,0.7247405,0.0,0.0,0.92688966,0.0,0.496058,0.35390973,1.119225,0.7252541,1.631394,0.6607523,0.0,0.93334144,0.0,1.1262779,0.0,0.5044207,1.1658802,0.0,0.0,0.0,0.0,0.0,1.4889152,0.6703925,0.0,0.72052044,0.13466267,0.61900747,0.6539734,0.0,1.8982412,0.0,0.009529719,1.5343924,2.118221,0.0,0.981768,1.3055011,0.53207076,1.0179911,0.0,0.0,0.37453368,0.0,1.1077108,0.0,0.0,0.14085023,0.57927054,3.061835,1.5211871,0.0,1.775995,0.0,1.9050825,0.0,0.2472125,0.8997423,0.0,1.3016298,0.0,0.0,0.0,1.9571109,0.0,0.0,0.6390919,0.773443,0.16761695,0.0,0.0,0.0,0.6216826,0.13769709,0.0,1.2431394,0.9171988,0.0,1.292108,0.0,0.26559106,0.0,1.5854961,0.53092647,0.0,0
1.0668384,0.0,0.6556382,1.0310558,0.0,2.9766724,1.024042,0.06400138,0.0,1.5649817,0.6210948,0.0,0.98632306,0.70117694,2.2971559,0.5189741,0.0,0.0,0.6054928,0.096443355,0.42413324,1.9867567,0.0,1.4441634,0.35150206,0.65735465,1.814812,0.0,0.0,1.4750286,0.0,0.8042225,1.6062294,0.78901625,0.0,0.0,0.8462568,0.8674054,0.0,0.0,0.0,0.26650125,1.0620865,1.5993263,0.015572773,0.0,1.235828,0.0,1.5737779,0.0,0.0,1.2935703,0.77437043,0.10291818,0.3388616,1.181178,0.0,0.90207493,1.0960506,0.45702964,2.135245,1.4200131,0.0,0.0,1.1744317,0.28376007,0.0,0.863208,0.54920745,0.0,0.2794908,0.8024392,0.0,0.913895,0.33018368,0.8151028,0.0,0.0,0.0,0.9201592,0.854015,0.6414299,1.2427616,0.5885476,0.0,0.0,0.0,0.0,0.992802,0.0,0.0,0.8130444,1.7496451,0.0,0.99812657,1.8870467,0.6337448,1.2656109,0.0,0.0,0.25235292,0.9895039,1.2379572,0.0,0.8201714,1.0750468,0.97066575,0.7086726,1.0397938,0.5117797,0.0,0.78821415,0.0,0.0,0.39181826,0.0,0.47108942,0.0,0.0,0.0,0.0,1.4474472,0.5026659,1.2162058,0.0,0.5152704,0.0,0.0,0.70205075,0.87798345,0.0,1.3301115,0.21100588,0.839074,0.57083523,0.0066542528,0.0,0.0,1.410648,0.37165725,0.0,0.13798214,0.7637223,1.1204313,1.0625948,0.7732769,0.7854073,0.18086517,1.2576826,0.0,0.0,0.8451131,2.0073686,0.49408188,1.9334464,0.0,1.0508027,1.2466552,0.0,0.09926199,1.2550007,0.2864447,0.96251756,0.0,0.26615074,0.0,0.30176955,0.27060646,1.6917149,0.9015176,0.18041462,0.5576396,0.0,1.771567,0.0,0.7236888,0.6563252,0.7021625,1.2250644,0.30098304,0.1574225,0.0,0.4370586,0.0,0.846971,0.0,1.6324474,1.0819871,0.19396132,0.0,0.0,0.0,0.95305413,1.8674214,1.7152501,0.0,0.006092415,1.3407065,0.3396429,1.1333022,0.0,0.71521425,0.0,0.0,0.9677425,0.41501224,0.0,0.9941493,1.1344439,1.4763824,0.5059951,0.0,0.0,0.73179066,0.1846629,1.4855961,0.0,0.0,0.52874684,1.4844142,1.9665611,1.0552483,0.0,1.1175625,0.0,2.1733723,0.9741263,0.5403358,0.31213462,0.0,0.98153913,0.016795909,0.0,0.0,1.97701,0.0,0.0,1.5102526,0.9243758,0.023615468,0.0,0.0,0.0,0.134192,0.2337227,0.0,0.80313534,1.2193266,0.41129717,1.0984089,0.0,0.0,0.0,0.6050303,1.3190747,0.0,1
0.95567477,0.0,0.54362893,0.5942274,0.0,2.0941234,1.4478233,0.0,0.06191895,1.0227426,0.8329965,0.0,1.173877,0.8800859,2.158824,0.79889363,0.0,0.0,1.3357787,0.45338976,0.58342534,0.7192283,0.0,0.8751362,0.18521395,0.59490985,1.7727426,0.0,0.19109306,0.955213,0.0,1.2315052,0.46305332,0.76969284,0.0,0.0,0.4161693,0.72709525,0.4370771,0.0,0.0,0.30337837,1.2536588,1.8352197,0.0,0.0,1.3658813,0.0,1.7174982,0.0,0.0,2.0326693,0.9504622,0.06145837,0.0,0.7608798,0.0,1.2795104,0.72003627,0.8491154,2.3565905,1.6703478,0.0,0.0,1.2612025,0.058315627,0.0,1.0158417,0.4133646,0.0,0.17341767,0.18434894,0.0,1.1021903,0.42767665,0.6803549,0.0,0.0,0.0,1.0469086,1.5887177,0.85187757,1.3678936,0.40547097,0.0,0.0,0.0,0.0,0.39617005,0.0,0.0,0.45196947,1.5263627,0.0,0.7603562,2.441506,0.4790347,1.0219284,0.0,0.0,0.22809601,0.27554148,0.498285,0.78522164,0.8110178,1.1657695,0.07804542,0.3878707,0.3759128,0.46160367,0.0,0.7023942,0.18343602,0.0,0.47546384,0.0,0.32005152,0.0,0.0,0.0,0.0,1.1611546,0.52418923,0.74351454,0.0,1.039867,0.0,0.0,0.9812933,0.43586552,0.0,1.7016256,0.43154895,0.7578491,0.7829409,0.059370328,0.0,0.0,1.1425506,0.22044285,0.0,0.29609963,0.3055731,1.4601907,0.49302617,0.6728347,0.8030654,0.0,1.1223893,0.0,0.0,0.83262175,0.49843574,0.7353979,1.8073986,0.0,1.0857643,1.1206837,0.0,0.0,1.0440801,0.6321057,0.39354122,0.0,0.17441732,0.0,0.397252,1.1589156,0.49739695,0.30524594,0.21475726,0.539206,0.0,1.8660742,0.0,0.4684321,0.38821256,0.56395984,1.3455423,0.4957238,0.66201407,0.0,0.46722546,0.0,0.54777133,0.0,1.4223032,0.2174375,0.0,0.0,0.0,0.0,0.66473293,1.4799056,1.0098251,0.0,0.08546161,0.8398516,0.4986819,0.9415471,0.0,0.31659138,0.0,0.11919845,0.57764393,0.9897732,0.0,0.48087993,1.2964287,2.0625265,0.407243,0.0,0.0,0.6452195,0.0,1.2360598,0.0,0.0,0.34842137,1.2742112,1.8912258,1.2344971,0.0,0.8526969,0.0,1.6093559,0.53656286,0.36589465,0.36433548,0.0,0.90700686,0.0,0.0,0.0,1.674613,0.0,0.0,1.1802727,1.0492302,0.8158182,0.0,0.0,0.0,0.0,0.3990756,0.0,0.25228676,1.2817168,0.78298765,0.8390212,0.0,0.0,0.0,0.40960178,1.243625,0.0,1
0.8257849,0.0,0.7909595,0.43313396,0.0,3.0575964,1.3389406,0.0,0.33766973,1.4472414,1.1006175,0.0,1.372151,0.7245163,2.9484992,0.74442095,0.0,0.0,1.4041438,0.18059564,0.47579992,1.4870671,0.0,1.159665,0.21613121,0.5253766,2.1437707,0.0,0.0,1.5190582,0.0,0.96816957,0.95013595,0.7561391,0.0,0.0,0.4622477,0.84678924,0.0,0.0,0.0,0.085009575,1.0933318,2.0895405,0.0,0.0,1.0787389,0.0,1.5434079,0.0,0.0,1.6217862,0.94817984,0.4603684,0.0,1.2153276,0.0,1.7113831,1.157163,0.55441725,2.7523592,1.785942,0.0,0.0,1.7082137,0.03222003,0.0,0.87306476,0.15196149,0.0,0.06883127,0.47991174,0.0,1.5152538,0.48493448,0.5239557,0.0,0.0,0.0,1.354691,1.3258162,0.83211136,0.79399526,0.3217736,0.0,0.0,0.0,0.0,0.6213374,0.0,0.0,0.9567375,1.4199485,0.0,0.68054426,2.3723333,0.0,1.4441146,0.0,0.0,0.17061748,0.50684595,0.8297146,0.0,0.08639242,1.8217615,0.36362344,0.6886477,1.2031833,0.82738805,0.0,1.052217,0.13887052,0.0,0.40875155,0.0,0.026862867,0.0,0.09278137,0.0,0.0,1.4064325,0.7434545,0.85065997,0.0,0.72217363,0.0,0.0,1.1304295,0.45366424,0.0,1.6676977,0.19842713,0.7731236,0.45840403,0.0,0.0,0.0,0.9109457,0.0,0.0,0.21379158,0.59314704,0.87879443,1.0024767,1.1699163,0.88453794,0.0,1.4221802,0.0,0.0,1.037702,1.8007909,0.6542679,1.8292047,0.0,0.46450284,1.1822395,0.0,0.0,1.2047802,0.5824503,0.3264687,0.0,0.091652565,0.0,0.23129964,0.73073405,1.2499285,1.5032516,0.31783935,0.5140028,0.0,2.079339,0.0,0.70658046,0.6661745,0.28931543,1.2172132,0.22953776,0.26010072,0.0,0.21259688,0.0,0.60785514,0.0,1.416346,0.84001535,0.39272082,0.0,0.0,0.0,0.5637852,2.101024,0.90171206,0.0,0.07027114,1.1226492,0.5881072,1.7267032,0.0,0.48514408,0.0,0.0,0.519396,0.6463875,0.0,0.5895705,1.1712426,1.7094494,0.35961616,0.0,0.0,0.77638507,0.0,1.4372761,0.0,0.0,0.78743595,1.8278886,1.3815815,1.2350285,0.0,0.8748431,0.0,2.1639688,0.8093223,0.568963,0.22081932,0.0,0.9919494,0.052624214,0.0,0.0,1.9742146,0.0,0.0,1.8056993,1.2731622,0.3823501,0.0,0.0,0.0,0.40480682,0.38313016,0.0,0.7735558,1.2333689,1.1184156,0.88628083,0.0,0.0,0.0,0.57316387,1.5916127,0.0,1
1.9167675,0.0,0.20612739,1.4269283,0.0,1.8281375,0.6643001,1.0876776,0.0,0.85726327,0.13975358,0.0,0.0,1.7225823,1.7845008,0.49248657,0.0,0.0,0.42556113,0.0,1.3195637,2.549959,0.12395855,0.32058764,1.4455262,1.041745,0.6264037,0.38392216,0.0,1.3837208,0.0,2.2143407,2.7419572,2.0126069,0.0,0.0,0.8421752,0.42212102,0.0,0.0,0.0,0.34579843,0.7122584,1.0391014,0.0,0.0,2.9016745,0.0,0.5031148,0.0,0.0,1.3485105,0.47945815,0.14283398,0.20670652,2.270089,0.0,0.24664614,1.6822758,0.03726361,1.1015258,0.34939775,0.0,0.0,0.13355379,0.56404006,0.0,1.4518689,0.3787573,0.0,0.0,0.46285713,0.0,0.98516047,0.21010481,1.522779,0.0,0.0,0.0,0.54964703,1.9155704,1.41891,0.96276236,0.049049716,0.0,0.0,0.0,0.0,1.7805506,0.0,0.0,0.64542365,2.5397937,0.5580801,1.3365561,0.86902964,0.77478814,0.51312363,0.0,0.0,0.45324326,2.1042724,1.6353238,0.0,1.8126297,0.23558961,2.3017662,0.2068499,0.30016458,0.0,0.0,1.9438884,0.0,0.0,0.25725326,0.0,1.067347,0.0,0.26018628,0.0,0.0,1.429756,0.0,1.314021,0.0,0.09272697,0.0,0.0,1.2731612,0.59885526,0.0,1.0065128,1.0189844,1.6315731,1.3885792,0.3587628,0.0,0.0,2.9674695,0.476638,0.0,0.115375966,1.3863817,1.0051814,1.214528,0.34752208,0.87233084,0.0,0.2892612,0.0,0.0,0.0,0.67293906,1.5898833,1.5877116,0.0,1.7430505,0.9181952,0.0,1.3184059,0.97796875,0.09520245,2.269459,0.0,0.6740293,0.0,0.03658572,0.566797,0.5765917,0.81958985,0.5772205,0.3683625,0.0,1.1289539,0.0,0.77117354,0.5858137,1.4092937,1.1381875,1.730162,0.58708745,0.0,2.1049373,0.0,1.486406,0.0,0.14375529,1.5806789,0.08952716,0.0,0.0,0.0,0.45070723,1.8488007,0.5963977,0.0,0.6337535,0.13037558,0.53098124,0.5116753,0.0,1.6962341,0.0,0.0,1.4691352,2.6303203,0.0,0.80458254,1.7781448,0.7096196,1.0292704,0.0,0.0,0.57541937,0.049141914,0.940606,0.0,0.0,0.5463574,0.53705305,3.3368845,1.4438094,0.0,1.9990667,0.0,1.8953438,0.14968945,0.0,0.7981187,0.0,1.7968243,0.0,0.0,0.0,1.756916,0.0,0.0,0.23377585,0.08125067,0.85136175,0.0,0.0,0.0,0.93191284,0.05286835,0.0,1.127453,0.470983,0.13009915,1.3683512,0.0,0.29753608,0.0,2.0111396,0.8294543,0.0,0
1.1709158,0.0,0.03436093,0.8730137,0.0,2.7822738,1.740732,0.3694481,0.44225377,1.2511503,0.9785166,0.0,1.1635382,0.91313154,2.431923,1.3166543,0.0,0.0,2.1700678,0.15155232,0.054128204,1.357767,0.0,0.6668189,0.0,1.0517272,1.9582691,0.0,0.0,1.0649055,0.0,0.68913096,0.2234172,0.6590714,0.0,0.0,0.58434063,0.43452904,0.21338056,0.0,0.0,0.06683854,1.8052759,2.0038843,0.0,0.0,0.8637229,0.0,2.114147,0.0,0.0,1.9616483,1.1666976,0.47378471,0.0,1.1361762,0.0,1.6663283,0.8298403,0.63868964,2.8154309,2.5466857,0.0,0.0,1.5498288,0.0,0.0,0.9574449,0.8276818,0.0,0.1094102,0.0,0.0,1.2360495,0.0,0.634452,0.0,0.031358123,0.0,1.340958,1.8404069,1.7973909,1.02953,0.7763163,0.0,0.0,0.0,0.0,0.6835909,0.0,0.0,1.1074235,1.6671946,0.0,0.9704053,2.9165282,0.0,1.4094672,0.0,0.0,0.27236298,0.5091078,0.6977908,0.0,0.75152844,1.9155452,0.0,0.19528903,1.7288489,0.8159496,0.0,0.27954522,0.29676288,0.0,1.0497285,0.0,0.49486145,0.0,0.02112797,0.0,0.0,1.4723729,0.839083,0.28092143,0.0,0.5364188,0.0,0.0,0.96838087,0.3265671,0.0,1.7159047,0.35306692,0.5720155,0.8618246,0.0,0.0,0.0,0.6963372,0.3674213,0.0,0.66413313,0.18928006,2.0769713,0.28900793,1.3544527,1.4026656,0.0,1.5878747,0.0,0.0,1.5243753,1.9343225,0.8825434,2.174584,0.0,1.1691369,1.4549866,0.0,0.0,1.3940686,0.43798968,0.5315857,0.0,0.7193912,0.0,0.6055195,0.7398494,1.1550792,0.70670545,0.41584623,0.8786014,0.0,1.9076443,0.0,0.54986894,0.5080392,0.4059945,1.5926832,0.07618127,0.43699896,0.0,0.4173061,0.0,0.24083653,0.0,1.6301606,0.0,0.57088834,0.0,0.0,0.0,0.5034021,1.5378028,1.0638877,0.0,0.20374826,1.6331954,0.3895662,1.7934877,0.0,0.0,0.0,0.0,0.31876436,0.45857275,0.0,0.38227475,1.8678082,2.415723,0.23048496,0.26735163,0.0,1.181899,0.0,1.6870599,0.0,0.0,1.8178942,1.7635785,1.9377625,1.4956393,0.0,0.39911386,0.0,2.1309903,0.8051707,0.84566164,0.0,0.0,1.0685914,0.039938886,0.0,0.0,2.189143,0.0,0.0,1.9238664,0.6867035,0.90400577,0.0,0.0,0.0,0.15837602,0.45688203,0.0,0.21344851,1.6397526,1.0858381,0.91863555,0.0,0.0,0.0,0.5045035,1.2742367,0.0,1
1.2860905,0.0,0.3227704,1.1346692,0.0,3.3083382,2.1069624,0.10337281,0.27295417,1.3627629,0.94123536,0.0,1.5617652,1.2559011,3.1812031,1.5231436,1.0059026,0.0,1.9023328,0.0,0.7794384,2.3212235,0.0,1.8760566,0.30628192,1.2153983,2.1919374,0.0,0.0,1.4371037,0.0,0.62158346,1.5651939,0.86290544,0.0,0.0,0.7457982,1.0808438,0.061080568,0.0,0.0,0.0,0.9408131,2.037795,0.06453577,0.0,1.1529146,0.0,1.9218917,0.0,0.0,1.5357612,1.462119,0.32116267,0.20426784,1.1841042,0.0,1.7625355,1.4046907,0.27445132,2.2481155,2.2122993,0.23498471,0.0,1.4533517,0.3068522,0.0,1.0425872,0.463476,0.0,0.5099575,0.0,0.0,1.0220325,0.5177336,1.014596,0.0,0.0,0.0,0.9653542,1.4634665,1.8133879,0.9392512,0.6530948,0.0,0.0,0.0,0.0,0.8660108,0.0,0.0,1.0006732,1.807295,0.0,1.0819925,3.3008392,0.0,2.2231297,0.0,0.0,0.5737305,0.9797867,1.4244485,0.0,1.4388169,1.166969,0.48315775,0.6330837,1.868995,1.224371,0.0,0.7937979,0.98998183,0.0,0.8410839,0.0,1.000671,0.0,0.2666167,0.0,0.0,2.0924191,0.9836538,0.23029667,0.0,0.30549687,0.0,0.0,1.7379495,1.1051245,0.0,1.3938565,0.9790095,0.3804944,0.7586006,0.0,0.0,0.0,1.2676181,0.5410994,0.0,0.4866744,0.42397666,1.797532,0.62772036,1.262402,1.2504025,0.49981907,1.7842021,0.0,0.0,1.6270158,1.9090406,1.4489826,2.1068065,0.0,1.1557306,2.0178134,0.0,0.022201309,1.8493018,0.16672574,0.7217377,0.0,0.49848482,0.0,0.7022537,0.780389,1.9066291,1.0305228,0.0,0.9300117,0.0,1.6290019,0.0,0.6826346,0.57721883,0.98803496,1.6390951,0.4491243,0.4596215,0.0,0.9944473,0.0,0.47996086,0.0,1.9335408,0.9922481,0.20976771,0.0,0.0,0.2847463,0.7052512,2.6325467,1.6093814,0.0,0.09221708,1.3573115,0.29036197,1.7884418,0.0,0.0,0.0,0.0,0.81959665,0.7512837,0.0,0.6996514,1.7404091,1.8106023,0.8218492,0.0,0.0,0.87806404,0.0,1.289797,0.0,0.0,1.9516958,1.6092082,1.8227282,1.7955747,0.0,0.86594015,0.0,2.9680524,1.1201326,0.9320897,0.30630174,0.0,0.57747114,0.0,0.0,0.0,1.7701396,0.0,0.17387284,1.8829889,1.2371998,1.0676982,0.0,0.0,0.0,0.9007336,0.30694687,0.0,0.4748693,1.689385,1.3131206,1.4673927,0.0,0.0,0.0,0.8465228,1.6199796,0.0,1
0.6781969,0.0,0.3303447,0.69424814,0.0,2.977201,1.4004419,0.0,0.5907893,1.0301232,0.8452192,0.0,1.3514053,0.24779713,2.6411374,0.9147181,0.0,0.0,2.424916,0.3079331,0.35116744,1.2871932,0.0,1.1153601,0.12176811,0.7617541,2.0755239,0.0,0.0,1.3330146,0.0,0.4303266,0.28782138,0.27891985,0.0,0.0,0.52789,0.5183246,0.0,0.0,0.0,0.21392597,1.1774464,2.130305,0.0073433793,0.0,0.77433,0.0,1.7449579,0.0,0.0,1.842665,1.2564048,0.3592241,0.0,0.77399755,0.0,1.7368032,0.93408525,0.7585473,2.9853365,2.5797615,0.0,0.0,1.2678316,0.0,0.0,0.5951278,0.5151156,0.0,0.24346943,0.0,0.0,1.772698,0.04208614,0.6856908,0.0,0.14590535,0.0,1.1764413,1.8039638,1.4577146,0.8789384,0.84845376,0.0,0.0,0.0,0.0,0.56992894,0.0,0.0,0.8582383,1.5585281,0.0,0.48516992,2.8081224,0.0,1.7396296,0.0,0.0,0.107938714,0.314374,0.2739699,0.0,0.44008067,1.6119492,0.0,0.31206474,2.080235,1.1119003,0.0,0.42162183,0.012747226,0.023608508,1.2387556,0.0,0.061085917,0.0,0.0,0.0,0.0,1.556665,0.94670063,0.84800833,0.0,0.4090112,0.0,0.0,0.66649383,0.25685954,0.0,1.4740065,0.0,0.3703127,0.18304057,0.030882707,0.0,0.0,0.3259807,0.48108935,0.0,0.56228375,0.013903927,1.5692936,0.36468205,1.4856409,0.883426,0.0,1.538409,0.0,0.0,1.3346651,2.2708592,0.921249,2.4336278,0.0,0.80155736,1.4023501,0.0,0.0,1.5828655,0.11785702,0.28348282,0.0,0.21338649,0.0,0.66866875,0.052205246,1.3867279,1.3144759,0.45483664,0.85404223,0.0,2.4481106,0.0,0.6717679,0.38096538,0.108283944,1.3050463,0.0,0.23538353,0.0,0.5058201,0.0,0.07478519,0.0,1.4440416,0.31377238,0.91469353,0.0,0.0,0.0,0.9997044,1.6445605,1.1086342,0.0,0.0014571201,1.7168314,0.07760363,2.0829446,0.0,0.03827733,0.0,0.0,0.052672222,0.024772048,0.0,0.60621834,1.5199999,2.4020882,0.3510704,0.0,0.0,1.3156444,0.0,1.3868755,0.0,0.0,1.5402155,1.895504,1.61907,1.1207783,0.0,0.16952775,0.0,2.3480716,0.7444017,0.49092367,0.0,0.0,0.9650756,0.0,0.0,0.0,1.7205429,0.0,0.0,2.0235589,0.99637836,1.1215396,0.0,0.0,0.0,0.0,0.58469856,0.0,0.3255554,1.9907373,1.1597345,1.287182,0.0,0.0,0.0,0.40640253,2.2202685,0.0,1
0.17083545,0.0,0.53672576,0.45372996,0.0,3.3922896,1.3664986,0.051849097,0.54157925,1.5288209,0.9150234,0.0,2.0295317,0.38012716,3.4307456,1.3284318,0.0,0.0,2.0704813,0.31726414,0.0,1.3474671,0.0,1.8402606,0.0,0.73471445,2.7427917,0.0,0.0,1.6770579,0.0,0.37889144,0.40446982,0.0,0.0,0.0,0.3081862,0.765777,0.0,0.0,0.0,0.073564075,1.7094057,2.3365455,0.0,0.0,0.7938997,0.0,2.0067656,0.0,0.0,1.5849228,0.995608,0.1932006,0.0,0.8328337,0.0,1.7943407,0.730226,0.6476775,3.196198,3.0351658,0.0,0.0,1.9310852,0.3602102,0.0,0.50195634,0.002931789,0.0,0.36121923,0.22502857,0.0,1.6173527,0.2608474,0.45470348,0.0,0.05874005,0.0,1.645145,1.3402978,1.3572022,0.9284892,0.74062043,0.0,0.0,0.0,0.0,0.8531707,0.0,0.0,0.9565418,1.2005887,0.0,0.06533678,2.706105,0.0,1.864882,0.0,0.0,0.12718834,0.21278274,1.5656649,0.0,0.04165405,1.9281031,0.27709663,0.51047206,2.4622858,0.9985978,0.0,0.81905645,0.15912785,0.07712054,1.2848607,0.0,0.0,0.0,0.0,0.0,0.0,2.0785568,0.8611377,0.88732713,0.0,0.48726583,0.0,0.0,0.96618664,0.31312537,0.0,1.7028992,0.0,0.48833856,0.19836698,0.0,0.0,0.0,0.32880667,0.19432715,0.0,0.4197087,0.54650426,0.75968236,0.9183327,1.6962147,0.85774034,0.0,2.0395408,0.0,0.0,1.8881421,3.1489022,0.640289,1.8658574,0.0,0.4966346,1.8507897,0.0,0.0,1.570793,1.1577727,0.16491017,0.0,0.0,0.0,0.10595137,0.0,1.9458965,1.9159606,0.010402177,1.1682274,0.0,2.6278224,0.0,0.41832823,0.65701675,0.1681102,1.2410713,0.0,0.081190005,0.35673943,0.0,0.0,0.0,0.0,2.1015203,0.6449156,0.3978294,0.0,0.0,0.0,0.5685444,2.2079268,1.7026031,0.0,0.0,1.6565616,0.15933211,2.5819678,0.0,0.0,0.0,0.0,0.021874174,0.0,0.0,0.36228836,0.4991798,1.9693326,0.1070062,0.0,0.0,0.96880496,0.0,2.0159998,0.0,0.0,1.4886968,2.2653646,1.4203185,0.78138006,0.0,0.67030364,0.0,2.8052762,1.0744015,1.0944917,0.0,0.0,0.8475442,0.316558,0.0,0.0,2.0410364,0.0,0.51356846,2.2750914,1.0723526,0.40948433,0.0,0.0,0.0,0.27738836,0.4722265,0.0,0.53605884,1.7508736,1.8322289,0.8224128,0.0,0.0,0.0,0.24384578,2.2889435,0.0,1
2.094788,0.0,0.38799664,1.3600929,0.0,1.6973251,0.28225476,0.6952533,0.0,0.66892964,0.0,0.0,0.0,1.4085381,1.1013554,0.32318303,0.0,0.0,0.37933877,0.0,1.3253592,2.60501,0.12259378,0.0,1.1256484,0.7325713,0.46616772,0.030116688,0.0,1.0062991,0.0,2.10129,2.5417864,1.9907821,0.028915653,0.0,1.0955635,0.33436957,0.0,0.0,0.0,0.38783133,0.55406314,1.2200824,0.0,0.0,2.698294,0.0,0.4998195,0.0,0.0,1.199523,0.20728679,0.19521303,0.19741042,2.3662333,0.0,0.38284907,1.608099,0.0,1.1238358,0.346899,0.0,0.0,0.0,0.33489397,0.0,1.7386984,0.631797,0.0,0.0,0.25967097,0.0,1.1323963,0.0,1.365483,0.0,0.1358741,0.0,0.57821965,1.5587338,1.173364,0.7563151,0.12142918,0.0,0.0,0.0,0.0,1.5681298,0.0,0.0,0.35990372,2.4437459,0.83575827,1.1499622,0.6134679,0.5232982,0.2695608,0.0,0.0,0.6873528,1.7431399,1.4371881,0.0,1.7933547,0.31993842,1.9514666,0.22481066,0.3380492,0.0,0.0,2.1283267,0.0,0.0,0.13848437,0.0,0.7647566,0.0,0.34782645,0.0,0.0,1.6676143,0.0,1.4903157,0.0,0.0,0.0,0.0,1.149457,0.7610772,0.0,1.0448903,0.6742638,1.6754379,1.4878734,0.23081009,0.0,0.0,2.3018503,0.4553302,0.0,0.30214968,1.0735011,0.9127192,1.1317126,0.16245176,0.7230067,0.037360992,0.12471737,0.0,0.0,0.0,0.40378702,1.3265771,1.4804488,0.0,1.9616721,0.39129606,0.0,1.3531182,0.8981538,0.0,2.0922453,0.0,0.8222117,0.0,0.3621185,0.49949396,0.3531334,0.43093893,0.55390334,0.16958489,0.0,1.2391237,0.0,0.63964075,0.5925629,1.2373915,0.82401186,2.082405,0.24275286,0.0,2.1245723,0.0,1.3320174,0.0,0.200928,1.9261818,0.2650204,0.0,0.0,0.0,0.37929007,1.5711918,0.38034216,0.0,0.5545691,0.22115475,0.6615826,0.5939062,0.0,1.8377355,0.0,0.0,1.5657811,2.4369528,0.0,0.8794253,1.4002634,0.40694293,1.0751358,0.0,0.0,0.97551525,0.0,0.62562156,0.0,0.0,0.6180828,0.28670427,3.176012,1.2918711,0.0,1.9316921,0.0,1.6647935,0.03821756,0.0,0.8871284,0.0,1.5793705,0.0,0.0,0.0,1.1800613,0.0,0.0,0.32034707,0.009370891,1.076232,0.0,0.0,0.053390805,0.64028716,0.023149654,0.0,1.1929575,0.8620431,0.006136091,1.0468268,0.0,0.34810507,0.0,1.6256622,0.8601124,0.0,0
1.2110237,0.0,0.095516965,0.5448845,0.0,2.2572942,1.4095333,0.49244946,0.16706282,1.1242161,0.8333155,0.0,1.3654119,0.49017274,2.1666744,1.3149548,0.08964979,0.0,1.3856156,0.3361323,0.30377728,1.3769379,0.0,1.0845953,0.3154696,0.76157606,1.1255698,0.0,0.0,1.0950223,0.0,0.09749957,0.9265779,0.7393512,0.0,0.0,1.1231333,0.09081761,0.43682045,0.0,0.0,0.23892243,1.0292572,1.8727885,0.2570137,0.0,1.0582882,0.0,1.9757222,0.0,0.0,1.5528388,0.9662341,0.0,0.0,1.003758,0.0,1.0182139,0.5981496,0.38743028,2.1427739,2.0904095,0.0,0.0,0.8113504,0.13248289,0.0,1.0578309,0.31343454,0.0,0.16439578,0.30202317,0.0,1.1714809,0.0,0.35775095,0.0,0.0,0.0,1.4635316,1.6488059,1.7761747,0.6947493,0.8118592,0.0,0.0,0.0,0.0,0.63893026,0.0,0.0,0.38054636,1.2868624,0.0,0.737854,2.7914867,0.08315867,1.2036816,0.0,0.0,0.23662035,0.62132454,0.90172935,0.10044304,0.9116941,1.6689608,0.21433625,0.2058427,1.8514869,1.2083759,0.0,0.9189859,0.5310536,0.077334344,0.5154037,0.0,0.6735877,0.0,0.21380821,0.0,0.0,1.0616416,1.3389565,0.4582303,0.0,0.12037354,0.0,0.0,1.1569129,0.92942554,0.0,1.8115478,0.3521549,0.383227,0.4916679,0.17348145,0.0,0.0,0.99708503,0.44865304,0.0,0.81056523,0.6860064,1.8460189,0.7194858,0.98292977,0.68623435,0.16385049,1.4291805,0.0,0.0,1.2846417,1.9281539,1.1661465,1.3260337,0.0,0.90307695,1.9671975,0.0,0.010175655,1.2538452,0.25041136,0.77995366,0.0,0.6902745,0.0,0.9153061,0.0,1.3323033,0.85024273,0.0006198039,0.99741143,0.110974595,1.7984734,0.0,0.14025742,0.2451598,0.24098513,1.5902478,0.06397364,0.15471853,0.0,0.25557673,0.0,0.0,0.0,1.3562216,0.6743512,0.7084725,0.0,0.0,0.0,0.24560352,1.437768,0.9643763,0.0,0.024976572,1.6086994,0.18767722,1.7514299,0.0,0.0,0.0,0.0,0.090303674,0.14451255,0.0,0.89395726,1.0834018,1.2062991,0.5656942,0.0,0.0,1.0214672,0.0,0.66751134,0.0,0.0,1.7718327,1.5443528,1.7698793,1.2516887,0.0,0.5765132,0.0,2.9132874,0.46396524,0.5488999,0.35429844,0.0,0.41206628,0.0,0.0,0.0,1.5351839,0.0,0.0,1.9627975,0.5472616,1.0703255,0.0,0.0,0.0,0.4060773,0.1741142,0.0,0.57481414,1.5710769,1.0322478,1.2157044,0.0,0.0,0.0,0.7048913,1.8535193,0.0,1
0.9014441,0.0,0.581042,1.2074645,0.0,2.2103643,1.57791,0.003962041,0.25492707,1.2471162,0.77513975,0.0,0.98326576,0.718828,2.7720299,0.7783628,0.0,0.0,1.5830196,0.0,0.74408156,1.1511921,0.0,1.1916153,0.50059086,0.5455403,1.7584229,0.0,0.0,1.359849,0.0,1.052582,0.5966887,1.1416339,0.0,0.0,0.45000228,0.5803806,0.11341011,0.0,0.0,0.09693324,0.883622,2.026554,0.092588305,0.0,1.5336562,0.0,1.355837,0.0,0.0,1.430313,1.0269383,0.09510705,0.032630492,1.1693299,0.0,1.4365712,1.1261761,0.58236665,2.202143,1.7329751,0.0,0.0,1.0888572,0.0,0.0,0.7841666,0.33753604,0.0,0.10890431,0.0,0.0,0.8145932,0.46369916,1.0052024,0.0,0.036640078,0.0,1.1592957,1.7493649,1.3851049,0.8686718,0.20306523,0.0,0.0,0.0,0.0,1.0339732,0.0,0.0,0.36250332,1.5736332,0.0,0.38703126,2.769155,0.10564596,0.9019689,0.0,0.0,0.1557118,0.9250149,0.56819683,0.26508287,0.5072089,1.0320922,0.7387849,0.21050425,0.9207758,0.8206972,0.0,0.6180853,0.07084635,0.0,0.41189983,0.0,0.6371128,0.0,0.2472418,0.0,0.0,1.1007842,1.1256198,0.86529297,0.0,0.0,0.0,0.0,1.1455711,0.4899184,0.0,1.7867494,0.20739292,0.7021392,1.1796814,0.25965554,0.0,0.0,1.0575085,0.31103268,0.0,0.603109,0.46646127,1.0839294,0.67246723,0.9178789,0.7570181,0.0,1.345402,0.0,0.0,1.3127985,0.9483026,0.6840196,1.910497,0.0,0.82833904,1.3262283,0.0,0.0,0.965163,0.6630252,0.86001885,0.0,0.45124552,0.0,0.46217355,0.8020145,1.2445067,0.6483137,0.14670627,0.54619086,0.0,1.8131083,0.0,0.45926353,0.43453538,0.41433266,1.6026927,0.22725964,0.4782048,0.0,0.35316744,0.0,0.4307417,0.0,0.8700831,0.45709702,0.2712761,0.0,0.0,0.0,0.46697423,1.4006982,0.88936555,0.0,0.30597103,0.82041293,0.42401937,1.5560908,0.0,0.5221346,0.0,0.0,0.50159967,0.7235156,0.0,0.74223423,1.261603,1.9455408,0.6272037,0.23931535,0.0,0.75824976,0.0,1.275029,0.0,0.0,0.35165817,1.4731742,1.9403665,1.2141287,0.0,0.889881,0.0,1.9932964,0.6629547,0.59867245,0.15086767,0.0,1.0382203,0.0,0.0,0.0,2.126157,0.0,0.0,1.6214622,1.1382867,0.64684737,0.0,0.0,0.0,0.21817604,0.0,0.0,0.28752825,1.571488,0.8330622,1.01473,0.0,0.077428415,0.0,0.68446845,1.3481487,0.0,1
0.42216796,0.0,0.4451988,0.4354377,0.0,3.6055613,1.7915525,0.0044060657,0.7318124,1.5595962,1.048912,0.0,1.8590453,0.31379065,2.7755685,1.3872527,0.0,0.0,2.3908417,0.0,0.0,1.1657928,0.0,1.8880967,0.0,0.49065074,2.6486552,0.0,0.0,1.6007794,0.0,0.0,0.0,0.0,0.0,0.0,0.1496023,1.0205681,0.0,0.0,0.0,0.0,1.5044228,2.4463713,0.16465124,0.0,0.4695476,0.0,2.3343885,0.0,0.0,1.5345856,1.4604878,0.26519278,0.0,0.6935975,0.0,2.0477645,0.6658531,0.7639416,2.9896557,3.0585046,0.0,0.0,1.9230266,0.13283448,0.0,0.51178294,0.42620236,0.0,0.5750542,0.0,0.0,1.3564502,0.224801,0.28971207,0.036634088,0.30594122,0.0,1.9257615,1.4942296,1.3361748,1.0818683,1.057339,0.0,0.0,0.0,0.0,0.4621751,0.0,0.0,0.8947236,0.76930064,0.0,0.4560194,2.9723706,0.0,1.7344514,0.0,0.0,0.08962519,0.3457208,0.89017826,0.0,0.0,2.0099678,0.06924579,0.745407,2.5052059,1.2275598,0.18702926,0.5009026,0.20221068,0.0,1.183288,0.0,0.0,0.0,0.099864006,0.0,0.0,1.7004508,0.79963785,0.53941286,0.0,0.38868403,0.0,0.0,0.78870445,0.70375025,0.0,2.0641677,0.0,0.29804367,0.26831368,0.0,0.0,0.0,0.0,0.32124105,0.0,0.25330722,0.23516619,1.1389563,0.3570332,1.5928338,0.76529545,0.0,1.8157358,0.0,0.0,2.1305559,3.0215127,0.51302665,1.3678138,0.0,0.28875002,1.5109973,0.0,0.0,1.6625489,0.6861902,0.0,0.0,0.109630585,0.0,0.374209,0.099818274,1.7217331,1.6634486,0.496322,1.3428235,0.07067208,2.526085,0.0,0.55429095,0.33604622,0.0,1.3014722,0.0,0.0,0.33016974,0.0,0.0,0.0,0.0,1.7465123,0.5284472,0.6970428,0.0,0.0,0.0,0.5298013,2.048918,1.3858669,0.0,0.0,1.7586434,0.23975949,2.3951426,0.0,0.0,0.0,0.0,0.0,0.0,0.0,0.37159374,1.3579674,2.0645788,0.114086516,0.0,0.0,0.908908,0.009632229,1.800425,0.0,0.0,1.6429104,2.3235497,1.0121666,0.6622972,0.0,0.4344847,0.0,2.501239,1.2356637,1.029589,0.0,0.0,0.9139005,0.035222817,0.0,0.0,2.098315,0.0,0.123786286,2.2805493,0.87550616,1.1311913,0.0,0.0,0.0,0.055224683,0.4024551,0.0,0.30598366,1.6838127,1.7045873,0.95436627,0.0,0.0,0.0,0.2786801,2.2397416,0.0,1
1.2108202,0.0,0.353572,0.73764104,0.0,2.2303765,1.1000518,0.33644876,0.14426398,0.7643868,0.7745294,0.0,1.174092,0.4503972,1.9244784,1.2650627,0.0,0.0,1.2809157,0.36486483,0.3538985,1.3685536,0.0,0.987107,0.49298054,0.79490846,1.1265872,0.0,0.0,1.0184426,0.0,0.054529034,0.5301449,0.31957537,0.0,0.0,0.78542846,0.24143599,0.0,0.0,0.0,0.06780561,0.9138879,1.6845701,0.32391986,0.0,0.66461766,0.0,1.4453205,0.0,0.0,1.5793014,0.7816957,0.0,0.094093725,0.9407131,0.0,1.3023957,0.9054845,0.2969625,2.0828707,1.5763961,0.0,0.0,0.45527187,0.2201656,0.0,0.8066058,0.28941634,0.0,0.24817662,0.0,0.0,1.3417757,0.074381486,0.2365209,0.0,0.023171633,0.0,1.166211,1.4505663,1.5801078,0.65489745,0.87681407,0.0,0.0,0.0,0.0,0.6205075,0.0,0.0,0.4860036,1.2752514,0.0,0.48831263,2.6097329,0.0,0.8407646,0.0,0.0,0.5149099,0.37947127,0.8232791,0.0,0.9322434,1.2158722,0.065418236,0.023544507,1.8803029,1.1065738,0.0,0.7505849,0.72682995,0.0,0.6496751,0.0,0.33647254,0.0,0.41329262,0.0,0.0,0.979553,1.1042898,0.46336976,0.0,0.10413515,0.0,0.0,1.1390431,0.73075294,0.0,1.5199087,0.2578733,0.26046637,0.54849964,0.11878949,0.0,0.0,0.9299868,0.506706,0.0,0.59118724,0.2361911,1.7763511,0.47069356,0.9822016,0.5932459,0.21447647,1.2585875,0.0,0.0,1.2325156,1.6286656,1.2667502,1.6001649,0.0,0.7576327,1.7326993,0.0,0.0,1.1179792,0.11663524,0.67656386,0.0,0.624196,0.0,0.60687613,0.0,1.048689,0.57790995,0.3326591,0.7376915,0.010350778,1.7188998,0.0,0.0,0.13129312,0.17437206,1.4070653,0.18790242,0.032400444,0.0,0.30795944,0.0,0.0,0.0,1.5499591,0.7451685,0.5966383,0.0,0.0,0.0,0.5798556,1.4543884,1.105358,0.0,0.0,1.3300067,0.11092173,1.6194849,0.0,0.12380769,0.0,0.0,0.05612611,0.0,0.0,0.5331383,1.3301622,1.1072012,0.5206482,0.0,0.0,0.83646137,0.0,0.50813127,0.0,0.0,1.762916,1.4825598,1.4382799,1.0847052,0.0,0.5591666,0.0,2.3515184,0.7128343,0.34247488,0.12974343,0.0,0.3746918,0.0,0.0,0.0,1.180615,0.0,0.0,1.6451797,0.8909816,1.2134084,0.0,0.0,0.0,0.19889247,0.1297699,0.0,0.45831808,1.4736174,1.0316807,0.8170477,0.0,0.0,0.0,0.6570203,1.9451209,0.0,1
0.70097107,0.0,0.14041851,0.56815696,0.0,2.7911906,1.4739422,0.17359537,0.31989688,1.5217352,0.9669048,0.0,0.8705331,0.7413419,2.4907389,0.73981035,0.0,0.0,1.4199235,0.368337,0.38618293,1.0943092,0.0,1.4731532,0.0,0.69273645,1.8826569,0.0,0.0,1.0408655,0.0,0.7542598,0.19015506,0.36629233,0.0,0.0,0.36311787,0.42827997,0.31637228,0.0,0.0,0.08330234,1.3654237,1.7453322,0.0,0.0,0.95876485,0.0,1.9873009,0.0,0.0,1.6827439,1.1545475,0.2571748,0.0,1.2936788,0.0,1.3315873,0.52981013,0.8362256,2.3867986,2.262072,0.0,0.0,1.4280218,0.0824246,0.0,0.9668237,0.3598193,0.0,0.26391464,0.28545547,0.0,1.0609341,0.1182583,0.28198364,0.0,0.0,0.0,1.3226666,1.4384439,1.0232781,1.1232264,0.65175855,0.0,0.0,0.0,0.0,0.46513188,0.0,0.0,0.7367959,1.2283092,0.0,0.7661189,2.843745,0.33032688,1.4040183,0.0,0.0,0.03137995,0.0,0.42334563,0.0,0.60343593,1.6231366,0.19050786,0.0614698,1.2083764,0.57379335,0.045453534,0.34880158,0.24697831,0.0,0.71879053,0.0,0.25549835,0.0,0.0,0.0,0.0,1.2407709,0.7363513,0.5164655,0.0,0.69919795,0.0,0.0,0.55413103,0.61646456,0.0,1.6299238,0.031281877,0.5148519,0.46362248,0.0,0.0,0.0,0.5786161,0.12903544,0.0,0.45701826,0.62960756,1.578664,0.44717926,0.95171916,1.0382863,0.030514475,1.9076586,0.0,0.0,0.9700569,1.4094566,0.9324784,1.7585443,0.0,0.767911,1.5619859,0.0,0.0,1.439135,0.5552153,0.10898757,0.0,0.47334498,0.0,0.53531146,0.5071747,0.8209527,0.58681244,0.29381892,0.8725671,0.0,2.1405537,0.0,0.4839111,0.6431915,0.21328959,1.1816002,0.13142392,0.60210705,0.0,0.32414308,0.0,0.24510302,0.0,1.4302738,0.1470792,0.53096807,0.0,0.0,0.0,0.7336742,1.5595498,1.3511044,0.0,0.0,1.4512097,0.5424471,1.9176191,0.0,0.0,0.0,0.0,0.29036486,0.31047451,0.0,0.35358563,1.3658271,2.2924812,0.22289985,0.1171684,0.0,1.032123,0.0,1.2490636,0.0,0.0,1.4232955,1.7624792,1.5991836,1.1188937,0.0,0.45190987,0.0,2.0321593,0.87873554,0.73634577,0.06695035,0.0,0.9559,0.0,0.0,0.0,1.8357657,0.0,0.0,1.660163,0.56779045,0.5838783,0.0,0.0,0.0,0.050773095,0.4663117,0.0,0.31795093,1.6306984,1.0216615,0.63751644,0.0,0.0,0.0,0.380195,1.4687058,0.0,1
0.61134535,0.0,0.4290574,0.5208795,0.0,3.2107303,1.5853065,0.11482078,0.5513747,1.4015154,1.116645,0.0,1.6983323,1.0080036,2.9175942,1.4823724,0.0,0.0,2.0132291,0.4859592,0.2163017,1.2311801,0.0,1.5758171,0.0,0.85523194,2.6387749,0.0,0.09927765,1.1982132,0.0,0.6815661,0.0,0.29257113,0.0,0.0,0.13034403,0.32652017,0.51380783,0.0,0.0,0.0,1.7905818,2.0954473,0.0,0.0,0.87061375,0.0,2.2594452,0.0,0.0,1.9283717,1.0521876,0.10147717,0.0,1.2044553,0.0,1.9032813,0.9259363,0.98700607,3.2199752,3.1338944,0.0,0.0,1.8256103,0.27517346,0.0,0.7747547,0.75283575,0.0,0.45614183,0.0,0.0,1.2956592,0.28754956,0.2928016,0.0,0.07058966,0.0,1.4852275,1.8488969,1.2721809,1.1680822,1.0371292,0.0,0.0,0.0,0.0,0.42538905,0.0,0.0,0.8840794,0.9928448,0.0,0.41310441,3.2684932,0.0,1.1181663,0.0,0.0,0.30170134,0.20400032,1.2301546,0.0,0.48085847,2.2006297,0.0,0.2968632,1.9125965,0.95978826,0.28008193,0.26430044,0.53380376,0.017375113,1.1286675,0.0,0.23288408,0.0,0.1764275,0.0,0.0,1.4854738,1.0136715,0.1711405,0.0,0.5794832,0.0,0.0,1.0134361,0.5779978,0.0,2.0576437,0.071760766,0.43757486,0.6300024,0.0,0.0,0.0,0.26842475,0.19837783,0.0,0.5033606,0.17354614,1.6721917,0.18422085,1.4105424,1.097386,0.0,1.999106,0.0,0.0,2.046192,2.1720455,0.9986204,1.621207,0.0,0.729085,1.5754648,0.0,0.0,1.0468476,1.2607372,0.0,0.0,0.28326082,0.0,0.6481568,0.75178397,1.3017329,0.9144462,0.16132447,1.0112756,0.0,2.74269,0.0,0.17505977,0.7038405,0.31853002,1.6385428,0.0,0.13453956,0.2755252,0.0,0.0,0.0,0.0,1.9537039,0.6063073,0.5889589,0.0,0.0,0.0,0.52286834,1.9833771,1.2671095,0.0,0.114362516,1.9054234,0.50400203,2.1646154,0.0,0.0,0.0,0.0,0.0,0.052214906,0.0,0.0683694,1.4784137,2.5706933,0.24970943,0.3177154,0.0,0.8256419,0.0,1.908805,0.0,0.0,2.283467,1.8596795,1.565971,1.4528786,0.0,0.65810454,0.0,1.9746541,0.97858715,0.96184134,0.0,0.0,1.0118843,0.19165798,0.0,0.0,2.133103,0.0,0.0,1.8426781,1.1606666,1.3695254,0.0,0.088747725,0.0,0.25459462,0.17555423,0.0,0.37463006,1.970744,1.9616853,0.3267906,0.0,0.0,0.0,0.09763009,1.6360253,0.0,1
3.25076,0.0,0.6449526,2.99056,0.0,0.88606685,0.4592415,1.006803,0.0,1.571291,0.0,0.0,0.0,3.2468507,1.8092598,0.42333573,0.7087427,0.0,0.0,0.0,1.4693543,2.772488,0.0,0.7300345,2.5968919,1.1972163,0.58571136,0.0,0.0,0.97091395,0.0,2.5632582,4.7717385,2.8641346,0.0,0.0,1.7394168,0.60115695,0.0,0.0,0.0,0.01860317,0.27282417,0.44730943,0.6974213,0.0,3.9185488,0.0,0.020415073,0.0,0.0,0.17452781,0.36876026,0.079951346,1.6980214,2.4835055,0.0,0.6277044,2.5155609,0.0,0.54498863,0.0,0.08478384,0.0,0.0,1.2238414,0.0,2.269973,0.6407611,0.0,0.04156785,1.6054246,0.0,0.30551994,0.25962886,1.907662,0.0,0.0,0.0,0.52889144,1.7155447,2.084699,0.80319667,0.47728205,0.0,0.0,0.0,0.034451414,2.3605313,0.0,0.0,0.37668678,3.8280494,0.0,2.1074958,1.7330886,1.7988634,0.36537188,0.0,0.0,1.4984176,2.805098,2.4466536,0.0,2.9900298,0.0,2.194556,0.2716867,0.18827759,0.12995496,0.0,2.9905772,0.098509535,0.0,0.0,0.0,2.0523307,0.0,0.5658075,0.0,0.0,2.0010705,0.17787486,1.5417992,0.0,0.0,0.0,0.0,1.5354867,0.573372,0.0,1.3364922,1.5450121,2.4243426,1.7898412,0.44175816,0.0,0.25475165,4.4598336,0.7277415,0.0,0.5795065,1.6757597,0.8636215,1.806086,0.0,1.4509454,0.95405775,0.5646268,0.0,0.0,0.0,0.17946017,1.6913265,1.7742591,0.0,2.2691226,1.4152503,0.0,1.9941189,0.29054737,0.122769214,3.8799539,0.0,1.1076262,0.0,0.2135298,0.69074136,0.032421615,0.62431574,0.0787007,0.0,0.0,0.6758191,0.0,0.11804491,0.48469573,2.036241,0.79763955,2.5462906,0.73895067,0.0,2.4863744,0.0,1.201558,0.0,0.44118008,2.7767596,0.0,0.0,0.0,0.0,0.0,2.2307472,0.40973464,0.0,1.4817218,0.123473935,0.6565802,0.9821471,0.0,2.496025,0.0,0.0,2.0836751,3.0576334,0.0,1.168605,1.8121976,0.0,1.761238,0.0,0.0,0.0,0.0,0.9337529,0.0,0.0,0.21325432,0.0,4.3705482,2.5859916,0.0,2.660971,0.0,3.0624266,0.0,0.13935664,1.8368013,0.0,1.9510632,0.0,0.0,0.0,2.1056201,0.0,0.0,0.04386359,1.6132405,1.0401788,0.01207023,0.0,0.0,1.0123624,0.4848144,0.0,1.1597189,0.6406288,0.33070555,2.460024,0.0,0.6117285,0.0,2.5241232,0.16419584,0.0,0
0.90367967,0.0,0.4596434,0.5510984,0.0,3.0863562,1.6125628,0.020794066,0.28343582,1.7782123,1.1981126,0.0,1.3583266,0.8066554,2.8084774,0.7874199,0.0,0.0,1.413111,0.33547854,0.28499222,1.4864823,0.0,1.5015126,0.0,0.584605,2.0157833,0.0,0.0,1.2858326,0.0,0.7716168,0.17671838,0.4916016,0.0,0.0,0.32184434,0.37969843,0.22707285,0.0,0.0,0.28054634,1.2495849,1.7808298,0.0,0.0,0.76846987,0.0,2.0299559,0.0,0.0,1.8481494,0.89744693,0.41836405,0.0,1.1631434,0.0,1.3456784,0.93116254,0.81309354,2.9326868,2.292793,0.0,0.0,1.7858636,0.1506119,0.0,0.6673833,0.5231266,0.0,0.23189537,0.39311552,0.0,1.3064284,0.30437076,0.6238468,0.0,0.0,0.0,1.4279056,1.5047368,1.0555755,1.2553003,0.63959813,0.0,0.0,0.0,0.0,0.41969457,0.0,0.0,1.0619329,1.2142822,0.0,0.56739646,2.7171667,0.065801725,1.4637885,0.0,0.0,0.0,0.47897318,0.9158721,0.0,0.48506773,1.8124999,0.32274437,0.28961378,1.1377379,0.6492076,0.021699235,0.5003893,0.61516446,0.0,0.59868705,0.0,0.62178236,0.0,0.081111446,0.0,0.0,1.3862894,0.6601006,0.6787382,0.0,0.6157034,0.0,0.0,0.6317064,0.65754676,0.0,1.9066019,0.21890716,0.73700345,0.2883214,0.0,0.0,0.0,0.6078119,0.07170238,0.0,0.5829338,0.7078676,1.2166418,0.4931216,1.2403114,1.2605869,0.0,2.1692395,0.0,0.0,1.2514923,1.7811688,0.553184,1.593499,0.0,0.580183,1.3286711,0.0,0.0,1.3972168,0.9554801,0.18528631,0.0,0.21591924,0.0,0.12676215,0.55264026,1.2994438,1.127259,0.35312855,0.84277254,0.0,2.5052247,0.0,0.5607076,0.9062698,0.24510917,1.40949,0.0,0.16135354,0.087843195,0.0,0.0,0.25518438,0.0,1.1557491,0.80879456,0.4778583,0.0,0.0,0.0,0.5911775,1.7294328,0.9959299,0.0,0.018475255,1.5907288,0.60371584,1.9066492,0.0,0.0,0.0,0.0,0.5003476,0.23034629,0.0,0.3161908,1.2089759,2.3860843,0.15777132,0.045867175,0.0,0.6507925,0.0,1.7918032,0.0,0.0,1.3563179,1.8029349,1.9338671,1.2722063,0.0,1.1627398,0.0,2.2481968,0.7510781,0.7794163,0.0,0.0,1.1614335,0.0,0.0,0.0,2.1041799,0.0,0.0,1.7591027,0.70984405,0.52318347,0.0,0.0,0.0,0.09874014,0.4028346,0.0,0.47688094,1.4055712,1.2984562,0.57361495,0.0,0.0,0.0,0.4967389,1.5528239,0.0,1
1.2229329,0.0,0.13634346,0.6290937,0.0,2.5231845,1.4554042,0.1864874,0.21945485,1.203014,0.964568,0.0,1.1094601,0.892144,2.6511507,0.8877629,0.0,0.0,1.7819486,0.46628618,0.34014103,1.3704908,0.0,0.69911975,0.17130393,1.1483413,1.800298,0.0,0.0,1.1766545,0.0,1.0338777,0.98323417,0.68041176,0.0,0.0,0.6325092,0.47221908,0.3537326,0.0,0.0,0.2612619,1.4838467,1.761672,0.0,0.0,1.4524384,0.0,1.7581567,0.0,0.0,1.7200148,1.1288451,0.16762136,0.0,1.2352151,0.0,1.2541847,0.81015116,0.7263741,2.6249478,2.0536213,0.0,0.0,1.5393308,0.09246703,0.0,1.1230947,0.6631832,0.0,0.08688634,0.04707551,0.0,1.3769721,0.0,0.8555545,0.0,0.0,0.0,1.1329697,1.6596115,1.728384,1.0592221,0.40855357,0.0,0.0,0.0,0.0,0.5416878,0.0,0.0,1.0814133,1.7882638,0.0,1.0013996,2.5010605,0.04412386,1.4446961,0.0,0.0,0.44351444,0.58523667,0.9078435,0.0,0.5196351,1.9126008,0.40507627,0.4196907,1.2504545,0.7679252,0.0,0.7844042,0.2483883,0.0,0.673862,0.0,0.8725991,0.0,0.041528948,0.0,0.0,1.5588471,0.79244715,0.6022058,0.0,0.8612449,0.0,0.0,0.65571266,0.44522494,0.0,1.9325039,0.01004522,0.6894697,0.69593877,0.0,0.0,0.0,0.74943763,0.0,0.0,0.5042008,0.4417882,1.6696137,0.53833103,1.2019885,1.0865383,0.0,1.640537,0.0,0.0,1.1066538,1.5590389,0.9448646,1.9466223,0.0,0.98315156,1.1908375,0.0,0.0,1.43575,0.43845978,0.63416034,0.0,0.46465427,0.0,0.6460324,0.8010208,0.95770234,1.0839139,0.53560543,0.86392957,0.024393184,2.277278,0.0,0.5100245,1.0390692,0.39137688,1.3589114,0.31746656,0.43993706,0.0,0.54699373,0.0,0.2881651,0.0,1.2332624,1.0142248,0.87418896,0.0,0.0,0.0,0.88717335,1.5227635,1.1867564,0.0,0.41350284,1.3148367,0.5608087,1.3702314,0.0,0.06797649,0.0,0.0,0.47952184,0.8284824,0.0,0.46539006,1.4117626,2.0956395,0.30282608,0.064622015,0.0,1.2183844,0.0,1.6589322,0.0,0.0,1.7591759,1.2800404,2.115899,1.2949047,0.0,0.8162911,0.0,2.319608,0.55770695,0.6889421,0.04609528,0.0,1.1331812,0.0,0.0,0.0,2.119749,0.0,0.0,1.9109272,0.69410574,0.79983544,0.0,0.0,0.0,0.33816665,0.17332765,0.0,0.49503145,1.3990343,1.1603116,1.1220648,0.0,0.0,0.0,0.84265757,1.3193021,0.0,1
2.2832465,0.0,0.0,1.5604637,0.0,1.5707624,0.5619298,0.9540945,0.0,0.6555093,0.0,0.0,0.0,1.7675221,1.302997,0.4441984,0.0,0.0,0.5449549,0.0,1.3038008,2.5572498,0.1134245,0.0,1.3275152,1.0892212,0.283208,0.24029924,0.0,0.8406808,0.0,2.3374429,2.5182896,2.22458,0.0,0.0,1.1297244,0.0,0.0,0.0,0.0,0.51255625,0.6651692,0.9859086,0.0,0.0,2.796837,0.0,0.61553806,0.0,0.0,1.5007252,0.30027556,0.050125435,0.31578723,1.9805449,0.0,0.34630397,1.4537991,0.0,1.031991,0.22813231,0.0,0.0,0.3185981,0.19432205,0.0,1.8756822,0.5934591,0.0,0.0,0.091062665,0.0,0.90035784,0.0,1.2924281,0.0,0.26319447,0.0,0.6035665,1.703986,1.3628792,0.41224787,0.0,0.0,0.0,0.0,0.0,1.9044952,0.0,0.0,0.36414105,2.5221057,0.8801616,1.3495291,1.254772,0.64349234,0.12238264,0.0,0.0,0.8286726,2.012521,1.4160825,0.0,2.0179882,0.5128511,1.8097873,0.0,0.1894442,0.16259052,0.0,1.8445609,0.0,0.0,0.0696391,0.0,1.0626578,0.0,0.40397578,0.0,0.0,1.6424733,0.11925416,0.9320637,0.0,0.0,0.0,0.0,1.2585359,0.72864115,0.0,1.3873745,0.84493196,1.622461,1.7483281,0.3655874,0.0,0.0,2.7333527,0.38089022,0.0,0.53539914,1.0000955,1.1890756,0.95535874,0.060004186,0.8214829,0.25526762,0.22712608,0.0,0.0,0.0,0.107412726,1.9307711,1.6050183,0.0,2.0560389,0.7741587,0.0,1.2708706,0.8763102,0.0,2.0510137,0.0,0.9570727,0.0,0.50273216,0.71280545,0.35774508,0.24352549,0.6434101,0.0,0.0,1.1645676,0.0,0.42548782,0.4057799,1.3899683,1.0821959,1.9924045,0.5093836,0.0,1.6888291,0.0,1.2762519,0.0,0.27259013,1.6378205,0.34800977,0.0,0.0,0.0,0.2732854,1.2522159,0.4118682,0.0,0.42478457,0.2618498,0.48696196,0.08600016,0.0,1.4296564,0.0,0.0,1.4240336,2.3216624,0.0,1.0099609,1.6154901,0.3987295,1.0570349,0.0,0.0,0.7352735,0.0,0.4124721,0.0,0.0,0.9018284,0.27438813,3.3425584,1.5649776,0.0,1.9582082,0.0,1.4474722,0.0,0.0,0.8529083,0.0,1.3647988,0.0,0.0,0.0,1.6093607,0.0,0.0,0.4274972,0.065440655,1.1344652,0.0,0.0,0.24510495,0.8835821,0.25922227,0.0,1.1902181,0.6848035,0.3597763,0.92839664,0.0,0.39285398,0.0,1.9120483,0.6489502,0.0,0
0.75186044,0.0,0.32037237,0.73225605,0.0,2.8290977,1.3319896,0.0,0.16140084,1.4036944,0.84829324,0.0,1.2045603,1.1726632,2.8564534,0.7400473,0.0,0.0,1.6858182,0.09911603,0.41546,1.8282211,0.0,0.9472073,0.20585892,0.7922434,1.8157623,0.0,0.0,1.5485755,0.0,1.0520282,0.9100143,0.75632924,0.010090956,0.0,0.4678024,0.6104434,0.23443808,0.0,0.0,0.18658838,1.0078126,2.3769202,0.0,0.0,1.6328288,0.0,1.6979727,0.0,0.0,1.8997514,1.0128348,0.38203928,0.0,1.1502753,0.0,1.5512408,1.4212792,0.7902936,2.4701521,1.5958499,0.0,0.0,1.4165568,0.0,0.0,0.85213125,0.24032094,0.0,0.0,0.24980497,0.0,1.0084348,0.29056588,0.75816745,0.0,0.049505234,0.0,0.66580325,1.6209928,1.3547002,0.79287076,0.37215212,0.0,0.0,0.0,0.0,0.7802627,0.0,0.0,0.8479059,1.8667607,0.1631676,0.8404783,2.4986558,0.0,1.1289971,0.0,0.0,0.3993393,1.1365622,0.82327396,0.0,0.6560031,1.4383847,0.4135966,0.6923107,1.022099,1.0518637,0.0,0.52176285,0.34290564,0.0,0.43157843,0.0,0.82943636,0.0,0.0,0.0,0.0,1.5749291,0.7755682,0.6685418,0.0,0.3825218,0.0,0.0,1.222902,0.50521815,0.0,1.6009154,0.19400208,0.8233537,0.8571851,0.026093414,0.0,0.0,1.0311457,0.25533757,0.0,0.74194217,0.41089877,1.0812418,0.7042211,0.9364008,1.2657679,0.025524314,1.4473417,0.0,0.0,1.2583172,1.4674171,0.7483664,2.4030998,0.0,0.9259954,1.4200443,0.0,0.0,1.2014213,0.4267293,0.6600078,0.0,0.2785514,0.0,0.44397974,1.3264633,1.2589592,0.8045729,0.44611165,0.70217896,0.0,1.7743796,0.0,0.634824,0.33254147,0.48674497,1.4104868,0.26069826,0.31019157,0.0,0.30560204,0.0,0.47212714,0.0,1.4304316,0.6128656,0.02503128,0.0,0.0,0.0,0.6770175,1.6439703,0.91441476,0.0,0.4581324,1.1943617,0.3647534,1.1288608,0.0,0.44927427,0.0,0.17864157,0.5458807,0.5835336,0.0,0.783424,1.2037132,1.8200121,0.4348339,0.18932435,0.0,1.0565171,0.0,1.5624064,0.0,0.0,0.77798164,1.302442,2.171455,1.5816545,0.0,0.5335771,0.0,1.9463162,0.62377715,0.706508,0.12834051,0.0,1.0534087,0.029123714,0.0,0.0,2.2175937,0.0,0.0,1.499133,1.1085334,0.5984403,0.0,0.0,0.0,0.15764712,0.2697926,0.0,0.34204626,1.9772997,0.6179561,0.93291026,0.0,0.0,0.0,0.6481558,1.4123095,0.0,1
1.3079416,0.0,0.6346203,0.9175107,0.0,3.3754523,2.055045,0.5453378,0.0,1.9067221,0.86892277,0.0,1.4882923,1.3723824,3.0088086,1.0099385,1.1679802,0.0,1.241778,0.0,0.7978324,2.4807925,0.0,2.0491588,0.5295357,1.4336807,1.8607252,0.0,0.0,1.3945866,0.0,0.6044748,2.2758265,0.73549396,0.4557048,0.0,0.19380826,0.8756325,0.0,0.0,0.0,0.0,0.48749906,1.9006582,0.56981677,0.0,1.5078194,0.0,1.4500542,0.0,0.0,1.4001349,1.335205,0.49543,0.12656307,1.1174554,0.0,1.1815786,1.2977817,0.0,2.3015826,2.1207702,0.32357672,0.0,1.0668582,0.27254286,0.0,0.8969414,0.15411542,0.0,0.26026428,0.77325547,0.0,0.9631027,0.30499583,0.577079,0.0,0.0,0.0,0.70390964,1.070084,1.536523,1.218107,0.3235984,0.0,0.0,0.0,0.0,0.9197539,0.0,0.0,0.6153165,2.035108,0.0,1.1312062,2.9905946,1.04683,1.815619,0.0,0.0,0.6613916,1.690294,0.99705607,0.0,1.5866425,1.2219752,0.6287842,0.7038995,1.617357,1.5659751,0.0,1.0887399,0.9813867,0.0,1.1063784,0.0,0.6317661,0.0,0.2536471,0.0,0.0,2.1938286,0.53151363,0.025668915,0.0,0.16994967,0.0,0.0,1.5633264,1.0518981,0.0,1.6029458,0.8664295,1.0704848,0.335458,0.0,0.0,0.0,2.1786757,0.57431334,0.0,0.6171467,1.1237662,1.6486479,0.4816068,0.82792926,1.2628326,1.0449078,1.8139917,0.0,0.0,1.029021,1.8756714,1.507499,2.170652,0.0,0.6319125,2.1258993,0.0,0.909375,1.6633997,0.5273793,1.2525592,0.0,0.7665656,0.0,1.0534797,0.6945032,2.3152292,1.3160548,0.047462676,0.29357886,0.0,2.1128535,0.0,0.32724065,0.09318458,0.8824307,1.69323,0.21423215,0.3316157,0.0,0.74696153,0.0,0.3891704,0.0,1.1496433,1.0980061,0.20521851,0.0,0.0,0.2679023,0.48989227,2.552281,1.5352436,0.0,0.32081416,1.3173591,0.39031383,1.8182518,0.0,0.4411085,0.0,0.0,0.8844346,0.60803914,0.0,0.9404283,1.6026126,1.5667955,1.0890273,0.23701906,0.0,0.3841845,0.0,0.81971514,0.0,0.0,1.0306269,1.4990238,1.8646379,1.4936745,0.0,1.0990804,0.0,3.2547271,0.44332483,0.8571776,0.26091775,0.0,0.72437346,0.0,0.0,0.0,1.5059713,0.0,0.10110001,2.1876826,1.1290771,0.9034665,0.0,0.0,0.0,0.8113725,0.03710921,0.0,1.3200737,1.6060702,1.3239014,1.8809271,0.0,0.0,0.0,1.300848,1.795967,0.0,1
0.4974345,0.0,0.66529495,0.6983373,0.0,3.0391717,1.1464704,0.39615956,0.22208038,0.97800756,0.7380663,0.0,0.64170504,0.6423578,2.3122492,0.84134376,0.0,0.0,1.6801741,0.074738085,0.44496834,1.7015585,0.0,1.5156599,0.0,0.48507473,2.1274123,0.0,0.0,2.0145621,0.0,0.7830739,0.4869977,0.66257644,0.177902,0.0,0.47076258,0.6001451,0.0,0.0,0.0,0.0,1.0592749,1.9190968,0.0,0.0,1.1692051,0.0,1.6475916,0.0,0.0,1.8731571,0.85262996,0.48974395,0.0,1.6021173,0.0,1.2840251,1.2124063,0.50805366,1.9721696,2.1085868,0.0,0.0,1.1806005,0.065714486,0.0,0.7280134,0.33880752,0.0,0.17980334,0.0,0.0,1.1190298,0.06301678,0.68888336,0.0,0.060969096,0.0,0.89013195,1.1842519,1.0016366,0.69114137,0.48317268,0.0,0.0,0.0,0.0,0.97923803,0.0,0.0,0.6803024,1.3274856,0.5435193,0.7338338,1.7663857,0.0,1.0610265,0.0,0.0,0.4377027,0.5752198,1.1222119,0.0,0.59235907,1.0823534,0.73161185,0.5540485,1.6679764,0.2903536,0.0,0.9035489,0.007827546,0.0,1.194943,0.0,0.22779721,0.0,0.0,0.0,0.0,1.5376351,0.34254938,0.9028371,0.0,0.6210813,0.0,0.0,0.7278328,0.24450767,0.13246754,1.3316007,0.0,0.6345087,0.8250113,0.0,0.0,0.0,0.38460687,0.5350678,0.0,0.7736764,0.35230744,0.82706416,1.0694062,1.0263798,0.9802334,0.083519615,1.383104,0.0,0.0,1.039306,2.2799609,0.8011845,1.7628496,0.0,0.9065574,1.3819339,0.0,0.0,1.1592932,0.60572034,0.42241353,0.0,0.0,0.0,0.05533808,0.53795344,0.964706,1.0786517,1.0435928,0.75544906,0.0,1.7819576,0.0,0.5210139,0.51753885,4.0017767e-05,1.0165823,0.017526034,0.32257992,0.0,0.13080105,0.0,0.38157016,0.0,1.5504506,0.34563366,0.42304787,0.0,0.0,0.0,0.488427,1.4025612,1.4634784,0.0,0.0,1.378597,0.09065368,1.9058876,0.0,0.09601014,0.0,0.015816221,0.39651123,0.5360791,0.0,0.38474932,1.1168784,1.8050222,0.33228716,0.0,0.0,1.0856651,0.0,1.3460405,0.0,0.0,1.0452932,1.5673741,1.9440092,1.1203848,0.0,0.32904142,0.0,2.3966124,0.8621689,0.72884077,0.369666,0.0,1.0889045,0.0,0.0,0.0,1.8826,0.0,0.29261714,1.2301672,0.6250904,0.53445137,0.0,0.0,0.0,0.109428324,0.5032364,0.0,0.4675349,1.8109535,0.5569347,0.1671101,0.0,0.19534595,0.0,0.90830195,1.7571762,0.0,1
1.9384695,0.0,0.2700987,1.5220315,0.0,1.6275761,0.64105064,0.3850759,0.0,1.0519648,0.18134254,0.0,0.02495156,2.1350756,2.3661432,0.7182186,0.03891348,0.0,0.0,0.0,1.2760468,2.5213764,0.05146738,0.49440727,1.4888859,1.3155694,0.5381989,0.13526766,0.0,1.4901164,0.0,2.054531,3.2343779,2.3167415,0.0,0.0,1.0663795,0.83372283,0.0,0.0,0.0,0.24737802,0.5108485,1.3132588,0.047920838,0.0,2.9478843,0.0,0.18540207,0.0,0.0,1.1819227,0.38641298,0.0,0.6514975,2.2119904,0.0,0.23893854,1.9803395,0.0,0.9569169,0.36320236,0.0,0.0,0.54142237,0.8382422,0.0,1.6701475,0.07595377,0.0,0.0,1.0527687,0.0,0.5530089,0.286144,1.5726581,0.0,0.0,0.0,0.578143,1.3091756,1.2670197,0.5329421,0.0,0.0,0.0,0.0,0.0,1.201451,0.0,0.0,0.64184594,2.4084013,0.35976863,1.5151124,1.4391779,0.9051156,0.76514316,0.0,0.0,0.9763726,2.3924103,2.027955,0.0,1.7724595,0.28738236,1.9390675,0.14204755,0.0,0.21166648,0.0,2.2190216,0.43268433,0.0,0.0,0.0,1.5588884,0.0,0.30802327,0.0,0.0,1.2620176,0.0,1.0294869,0.0,0.0,0.0,0.0,1.6309851,0.84474826,0.0,1.1715554,1.4267793,1.8075333,1.7114937,0.22126387,0.0,0.0,3.1843624,0.24872924,0.0,0.38410637,1.3117534,0.8122744,1.3393577,0.0,1.0416044,0.18437612,0.5164128,0.0,0.0,0.0,0.0,1.1599197,1.2161946,0.0,1.4021513,1.0858343,0.0,1.4735307,0.80200464,0.10991768,2.409605,0.0,0.3790016,0.0,0.48074058,0.8853465,0.60333323,0.45913905,0.23017246,0.0,0.0,1.1634572,0.0,0.5409668,0.65371734,1.6928563,1.1751992,2.20954,0.94474465,0.0,1.7062236,0.0,1.1034948,0.0,0.0,1.7877288,0.12754951,0.0,0.0,0.0,0.0,1.7967961,0.60159975,0.0,0.75904554,0.20784472,0.5926848,0.7120219,0.0,2.151953,0.0,0.0,1.6892333,2.749972,0.0,1.0638274,1.415445,0.10213254,1.5991696,0.0,0.0,0.5006427,0.2019954,0.99265754,0.0,0.0,0.41273832,0.52284586,3.142428,1.7989962,0.0,2.1855118,0.0,2.1928453,0.0,0.103361,0.9468338,0.0,1.4005417,0.0,0.0,0.0,2.2390087,0.0,0.0,0.17213169,0.76890856,0.11733007,0.0,0.0,0.0,1.1513724,0.0,0.0,1.3598214,0.6216582,0.0,1.5792408,0.0,0.0,0.0,1.8529541,0.70847887,0.0,0
1.7425486,0.0,0.13853301,1.0707991,0.0,1.7975253,0.5793394,0.4464011,0.0,0.8248591,0.23576233,0.0,0.0,1.4392073,1.7799137,0.81133515,0.0,0.0,0.4621801,0.0,1.0629364,2.5449562,0.0,0.5426784,1.0847903,0.8594293,0.46728972,0.0,0.0,1.4826894,0.0,1.7017676,2.2065601,1.6603984,0.024050603,0.0,0.82863134,0.42147627,0.0,0.0,0.0,0.14638421,0.61662513,1.670092,0.05432021,0.0,2.1953099,0.0,0.5561371,0.0,0.0,1.3982519,0.48833036,0.21909961,0.30401576,1.7130544,0.0,0.510337,1.5250671,0.04581155,1.2363162,0.47519794,0.0,0.0,0.47040218,0.4763675,0.0,1.4445788,0.6734189,0.0,0.056808848,0.41931683,0.0,0.95836604,0.0,1.0851997,0.0,0.0,0.0,0.6218222,1.2794256,0.92795646,0.7454808,0.12477505,0.0,0.0,0.0,0.0,1.2841083,0.0,0.0,0.44280472,2.2711804,0.5098359,1.2304243,1.079184,0.80955297,0.3761416,0.0,0.0,0.75464815,1.6997879,1.3273889,0.0,1.3807684,0.20359246,1.6459792,0.29720652,0.20535164,0.31453997,0.0,1.8780907,0.086291894,0.0,0.13533138,0.0,0.93732864,0.0,0.26731104,0.0,0.0,1.2752846,0.16762967,0.47842395,0.0,0.30395457,0.0,0.0,1.3860457,0.7593507,0.0,1.0488489,0.5479964,1.1097686,1.6238264,0.23513691,0.0,0.0,2.532785,0.51871324,0.0,0.25818178,0.97718155,0.9120243,1.1085528,0.23796426,0.6476711,0.21450417,0.43624768,0.0,0.0,0.06290957,0.7226818,1.351676,1.5000923,0.0,1.4342844,0.7842203,0.0,0.7179064,0.9950006,0.019910198,1.7617497,0.0,0.7901632,0.0,0.3688565,0.53642124,0.5662789,0.39854228,0.5118641,0.126361,0.0,1.3379059,0.0,0.44699833,0.36709076,1.1501286,1.412119,1.4773884,0.30480647,0.0,1.332401,0.0,1.0179636,0.0,0.56178886,1.6378919,0.057824668,0.0,0.0,0.0,0.660536,1.700773,0.7963235,0.0,0.39804295,0.31077516,0.33005223,0.8413468,0.0,1.1980344,0.0,0.0,1.3495216,1.930689,0.0,0.9502251,1.5214304,0.59032434,1.0543268,0.0,0.0,0.7111237,0.0,0.56178117,0.0,0.0,0.6104154,0.6097575,2.4862463,1.6633295,0.0,1.6661218,0.0,1.7110411,0.20611821,0.0,0.7041071,0.0,1.1709415,0.0,0.0,0.0,1.5305302,0.0,0.0,0.5108161,0.57082015,0.6566469,0.0,0.0,0.031864274,0.7183182,0.24122253,0.0,1.2705579,0.76234007,0.37187883,1.0653958,0.0,0.17466481,0.0,1.9741033,0.74934536,0.0,0
1.2711833,0.0,0.40046582,0.9557273,0.0,3.1605175,2.001515,0.046732515,0.49502534,1.4159563,1.0743537,0.0,1.1617341,1.4133534,2.6736367,1.2284154,0.0,0.0,1.8224865,0.15587169,0.7645539,1.2725234,0.0,1.43579,0.0,0.5252146,2.218121,0.0,0.13469951,0.9306276,0.0,1.4161457,0.0,0.7769671,0.0,0.0,0.28395963,0.5066929,0.41706952,0.0,0.0,0.08820677,1.5687736,2.098701,0.0,0.0,1.1544898,0.0,2.2021265,0.0,0.0,2.1557577,1.1762217,0.4138298,0.0,1.2699138,0.0,1.7157397,0.90039605,0.75410974,2.5618722,2.3896246,0.047958534,0.0,1.6973398,0.25819734,0.0,0.91855586,0.56751865,0.0,0.24142413,0.0,0.0,0.95837283,0.24964492,0.67590123,0.0,0.19309402,0.0,1.3829031,1.7404602,1.1490908,0.66283685,0.5261877,0.0,0.0,0.0,0.0,1.0220515,0.0,0.0,0.614643,1.509145,0.0,0.9774315,2.900327,0.0,0.95832413,0.0,0.0,0.39836267,0.45135108,1.2715043,0.15546,0.904915,2.1763291,0.0,0.3459481,1.2550023,0.8635141,0.113136575,0.64345324,0.53894323,0.0,0.5757899,0.0,0.21974045,0.0,0.21390155,0.0,0.0,1.3918307,1.0283793,0.5033913,0.0,0.7159945,0.0,0.0,1.0784262,0.72449356,0.0,1.9393448,0.30862767,0.4331315,1.0849497,0.0,0.0,0.0,1.14254,0.23994632,0.0,0.51279205,0.645057,1.3286697,0.45454738,1.0325692,1.2873318,0.0,1.7704495,0.0,0.0,1.4944637,1.6925673,1.1295077,1.9569166,0.0,1.0756862,1.6908451,0.0,0.0,1.1650612,0.98811126,0.0,0.0,0.32405615,0.0,0.6632578,1.4790381,0.9178275,0.61740494,0.56832486,0.6241819,0.0,2.3743432,0.0,0.5769888,0.38146657,0.62989473,1.4507997,0.35512364,0.63498616,0.0,0.045888167,0.0,0.3654191,0.0,1.5162491,0.24108621,0.17456646,0.0,0.0,0.0,0.5889522,1.5800165,1.0319443,0.0,0.1292481,0.81245166,0.46816254,1.4603841,0.0,0.0,0.0,0.0,0.0727226,1.0154439,0.0,0.66771406,1.7916089,2.0339277,0.38148263,0.56862116,0.0,0.5624056,0.0,1.2564944,0.0,0.0,1.5575032,1.67895,1.8250391,1.8703969,0.0,0.9346198,0.0,1.9546602,0.9584673,0.73491365,0.42913124,0.0,1.0352911,0.0,0.0,0.0,2.3421175,0.0,0.0,1.4221758,1.2363523,0.9407663,0.0,0.0,0.0,0.25672913,0.37306443,0.0,0.33687487,1.7769257,1.3286839,0.8116866,0.0,0.0,0.0,0.7277782,1.2126747,0.0,1
1.6898785,0.0,0.49062413,0.9070869,0.0,2.1519845,0.9681026,0.36867636,0.0,1.0135475,0.087662704,0.0,0.12636887,1.6711575,2.1455407,0.53938264,0.0,0.0,0.36394,0.0,1.2621922,2.5546987,0.0,0.584691,1.1068429,1.026261,0.9896644,0.0,0.0,1.3167336,0.0,2.195234,2.6415524,2.038068,0.19097652,0.0,0.882672,0.5641582,0.0,0.0,0.0,0.41686374,0.8882373,1.2176144,0.0,0.0,2.3558652,0.0,0.66847265,0.0,0.0,1.4602194,0.30510584,0.31599835,0.40380484,2.0814352,0.0,0.55565125,1.5188235,0.012137759,1.3298054,0.78378487,0.0,0.0,0.6330315,0.41651407,0.0,1.2261351,0.43763763,0.0,0.0,0.9304189,0.0,1.0592659,0.09096462,1.266767,0.0,0.03975764,0.0,0.50033283,1.4440808,0.8411602,1.0385462,0.0,0.0,0.0,0.0,0.0,1.3443371,0.0,0.0,0.7008631,2.379284,0.41838062,1.6392446,1.1659927,0.62749064,0.6924542,0.0,0.0,0.5398106,1.6532357,1.8503538,0.0,1.5489358,0.4030664,1.8966131,0.8843127,0.18782376,0.15575466,0.0,2.0399249,0.0,0.0,0.019804271,0.0,1.2022686,0.0,0.019941324,0.0,0.0,1.3129752,0.0,1.1279564,0.0,0.29496807,0.0,0.0,1.0693593,0.675388,0.0,1.1758401,1.1131521,1.4740481,1.3144933,0.20644312,0.0,0.0,2.7232475,0.4146584,0.0,0.050790716,1.3721002,0.6041867,1.2094306,0.3116314,0.9830865,0.0,0.45036557,0.0,0.0,0.0,0.4986621,1.0321561,1.5049583,0.0,1.4164989,0.8865898,0.0,0.9050075,0.95716286,0.69438356,1.9590508,0.0,0.4620949,0.0,0.11422199,0.8466364,0.6190823,1.0735754,0.45344904,0.49988803,0.0,1.5008242,0.0,0.5787479,0.45791334,1.3729601,1.012339,1.8797647,0.5410729,0.0,1.6418049,0.0,1.1813025,0.0,0.21362087,1.418747,0.1336442,0.0,0.0,0.0,0.19345005,1.6678779,0.87152606,0.0,0.5557491,0.6579387,0.4952703,0.5154335,0.0,1.4957542,0.0,0.0,1.5103778,2.0977528,0.0,0.9052588,1.3354601,0.90613097,1.171102,0.0,0.0,0.36554873,0.14764722,1.1324879,0.0,0.0,0.33085328,0.7228241,2.966351,1.4422538,0.0,2.0626514,0.0,1.819909,0.0,0.0,0.8628479,0.0,1.4080242,0.0,0.0,0.0,2.0005805,0.0,0.0,0.2434614,0.4106093,0.4257853,0.0,0.0,0.0,0.92554486,0.08118568,0.0,1.0958991,0.6030654,0.71895427,1.5030398,0.0,0.16930316,0.0,1.5655468,0.7995956,0.0,0
0.41594088,0.0,0.4247996,1.1495036,0.0,3.4338522,2.0044482,0.03963712,0.74278706,1.2423692,0.9877681,0.0,1.6239891,0.2793887,3.16885,1.2478075,0.0,0.0,2.97563,0.0,0.056978796,1.4861662,0.0,1.3592676,0.0,0.66582173,2.561974,0.0,0.0,1.2891194,0.0,0.30411676,0.0,0.26899335,0.0,0.0,0.17491865,0.8335879,0.0,0.0,0.0,0.098513,1.9275304,2.5340314,0.0,0.0,0.91352683,0.0,1.6367143,0.0,0.0,1.9129556,1.2717327,0.17066082,0.0,0.5484169,0.0,1.9580399,0.89778036,0.64148426,3.1941602,3.1347406,0.0,0.0,1.7096757,0.0,0.0,0.52160466,0.74410963,0.0,0.26513037,0.0,0.0,1.4599333,0.062135838,0.42617136,0.0,0.3095414,0.0,1.2569792,1.9236221,1.7173839,1.0940673,0.97781414,0.0,0.0,0.0,0.0,0.7731513,0.0,0.0,0.9295651,1.1619451,0.0,0.26592863,3.0771134,0.0,1.6215307,0.0,0.0,0.45704126,0.5872728,0.5966181,0.0,0.6104013,1.8058876,0.0,0.20427267,2.5981143,1.4718714,0.07943891,0.24890722,0.50215125,0.0,1.5168502,0.0,0.10614929,0.0,0.18568808,0.0,0.0,1.9418405,1.0924827,0.3526565,0.0,0.36189234,0.0,0.0,1.1254884,0.40524167,0.0,1.6006677,0.0,0.04279332,0.8083595,0.09329187,0.0,0.0,0.26541713,0.44252193,0.0,0.54978514,0.08468276,1.5704287,0.2403698,1.6888481,1.049633,0.0,1.8261973,0.0,0.0,2.3600986,2.625666,0.87087876,2.2431815,0.0,0.67365795,1.3817555,0.0,0.0,1.5707161,0.64318496,0.0,0.0,0.59783167,0.0,0.3677413,0.30979493,1.8391834,1.2418013,0.4175082,1.3554171,0.0,2.357825,0.0,0.465573,0.061859366,0.205837,2.229912,0.0,0.0,0.0,0.10485014,0.0,0.16692084,0.0,1.8258896,0.66465014,0.42357117,0.0,0.0,0.0,1.1328337,1.8186896,1.3011774,0.0,0.0,1.355953,0.0,2.0228271,0.0,0.0,0.0,0.0,0.0,0.0,0.0,0.61906284,1.6410469,2.4201224,0.2998015,0.0,0.0,1.3821604,0.0,1.8534503,0.0,0.0,1.7784158,2.2229462,1.6413411,1.0952053,0.0,0.518094,0.0,2.586728,1.1497251,0.97942364,0.0,0.0,0.9296644,0.3750055,0.0,0.0,2.0416496,0.0,0.0,2.3233142,1.05728,1.1049643,0.0,0.0,0.0,0.15806384,0.46540582,0.0,0.24269553,2.159577,1.4818587,1.306811,0.0,0.0,0.0,0.32471555,2.0322053,0.0,1
0.8573594,0.0,0.33193007,0.74893624,0.0,2.9500914,1.2509336,0.20210938,0.45703626,1.5479797,0.77332085,0.0,1.2295896,0.5346266,2.479948,0.8517001,0.0,0.0,1.3442906,0.28442562,0.23765239,1.4512644,0.0,1.2891606,0.2221027,0.8762793,1.8569093,0.0,0.0,1.1731778,0.0,0.29674435,0.6459045,0.2947055,0.0,0.0,0.5779986,0.46409145,0.0,0.0,0.0,0.19545278,1.2025062,1.7740585,0.0,0.0,0.87419975,0.0,1.7250367,0.0,0.0,1.5885266,1.0681162,0.0,0.0,1.0593356,0.0,1.1981394,0.68007237,0.63972855,2.551396,2.0936775,0.0,0.0,1.1630114,0.081326745,0.0,0.71301085,0.48528755,0.0,0.28568423,0.21891576,0.0,1.4554477,0.0,0.68298817,0.0,0.0,0.0,1.3034751,1.3669225,1.4628412,1.1614307,0.7597192,0.0,0.0,0.0,0.0,0.66240287,0.0,0.0,0.74248415,1.401137,0.0,0.6404995,2.4116259,0.007952153,1.3780615,0.0,0.0,0.123003535,0.6404492,0.8291388,0.0,0.34357157,1.5585628,0.058403753,0.31184837,2.0201638,0.795441,0.0,0.45708147,0.061485287,0.2041589,0.8185462,0.0,0.32184598,0.0,0.009455943,0.0,0.0,1.3993429,0.8267881,0.79693323,0.0,0.65505856,0.0,0.0,0.3647784,0.6120005,0.0,1.7860893,0.0,0.42693636,0.45097783,0.0,0.0,0.0,0.5447232,0.18823126,0.0,0.44149408,0.108811036,1.512962,0.52332544,1.1610476,1.0000927,0.0,1.5407134,0.0,0.0,1.6709588,2.1379836,0.8516533,1.9242359,0.0,0.66348714,1.2353877,0.0,0.0,1.3340769,0.40790027,0.42698163,0.0,0.44415697,0.0,0.43019927,0.0,1.5455545,1.1868101,0.58334714,1.0034573,0.0,2.1620603,0.0,0.2643931,0.7413221,0.07850124,1.411717,0.0,0.03071524,0.0,0.12481023,0.0,0.0,0.0,1.4426486,0.55247444,0.58502114,0.0,0.0,0.0,0.7323919,1.5750587,1.2113818,0.0,0.11736116,1.4853137,0.20231037,1.721014,0.0,0.15103579,0.0,0.0,0.0,0.0,0.0,0.49682996,1.0955231,2.019962,0.28629953,0.0,0.0,0.81483823,0.0,1.5234822,0.0,0.0,1.6319538,1.753903,1.6625159,0.857121,0.0,0.697952,0.0,2.300416,0.8846296,0.932781,0.0,0.0,0.74531364,0.0,0.0,0.0,2.0172188,0.0,0.0,2.3579895,0.7843079,0.6222976,0.0,0.0,0.0,0.019206923,0.30527416,0.0,0.5685249,1.5646001,1.2865418,0.88482267,0.0,0.0,0.0,0.3480369,1.8090421,0.0,1
1.2784,0.0,0.19181006,0.37617764,0.0,2.7444701,1.6499152,0.38239065,0.4579433,1.382451,1.2090241,0.0,1.2243111,1.189104,2.746208,0.7561416,0.0,0.0,1.8032634,0.36439392,0.45185977,1.2224972,0.074026905,1.2254273,0.0,1.0089258,1.6371847,0.0,0.18026534,0.7781453,0.0,1.1508017,0.22122094,1.224284,0.0,0.0,0.2615487,0.32762185,0.15712278,0.0,0.0,0.32150578,1.042545,1.8221163,0.0,0.0,1.38987,0.0,2.1154985,0.0,0.0,1.9294574,1.1828893,0.3185756,0.0,0.9069454,0.0,1.5546298,0.78121406,0.8210703,2.779024,2.5889091,0.0,0.0,1.4647337,0.36850587,0.0,1.1100943,0.63326097,0.0,0.22367749,0.2244187,0.0,1.1657468,0.0,0.42475325,0.0,0.0,0.0,1.2778934,2.1174567,1.3879393,1.0894208,0.71777767,0.0,0.0,0.0,0.0,0.6065055,0.0,0.0,1.1042843,1.5916467,0.0,1.3483152,2.8331907,0.21906276,1.7680873,0.0,0.0,0.1570717,0.0071811657,0.39208192,0.0,0.6535083,1.6060251,0.31260294,0.3252334,1.4696023,0.71641374,0.0,0.6911091,0.059198882,0.29956755,0.8723756,0.0,0.39820385,0.0,0.0,0.0,0.0,1.3108898,0.80395544,0.42396614,0.0,1.0376993,0.0,0.0,1.1873394,0.5153548,0.0,1.4169629,0.40471095,1.0621455,0.55650926,0.03086858,0.0,0.0,1.0239592,0.19939752,0.0,0.4500601,0.14886785,1.4328078,0.40914094,1.1761382,1.0196365,0.0,1.3614049,0.0,0.0,1.0131278,1.428021,1.0528681,2.1991875,0.0,0.9930456,1.4331087,0.0,0.0,1.339367,0.7563717,0.16381457,0.0,0.60446495,0.0,0.8566245,0.9838687,1.0085665,0.7443495,0.70536995,0.62068325,0.0,1.9055161,0.0,0.6777516,0.12715888,0.41276827,1.5807954,0.31431526,0.3894459,0.0,0.49665096,0.0,0.0,0.0,1.2871255,0.057764824,0.47171932,0.0,0.0,0.0,0.79228264,1.7102008,1.0118084,0.0,0.35325012,1.3380978,0.50226295,1.9004688,0.0,0.0,0.0,0.0,0.2560825,1.2571336,0.0,0.35268316,1.749353,2.3226786,0.27437705,0.07200591,0.0,1.104195,0.0,1.4743853,0.0,0.0,1.2648526,1.5355438,1.8537927,1.1792998,0.0,0.2561187,0.0,2.138475,0.538649,0.76031137,0.2284657,0.0,1.3527989,0.0,0.0,0.0,2.0724564,0.0,0.0,1.7051321,0.7778384,0.99665093,0.0,0.0077071353,0.0,0.0,0.62431693,0.0,0.0,1.7782289,1.137766,1.0054274,0.0,0.0,0.0,0.8726764,1.8450001,0.0,1
0.89507806,0.0,0.1544799,0.7069772,0.0,2.9322786,1.7169158,0.4809986,0.31362823,1.2645484,0.83301437,0.0,1.4220968,0.37531036,2.3912246,0.77442497,0.0,0.0,2.2284124,0.36128515,0.42827678,1.4733793,0.0,1.1824085,0.0,0.576011,2.2961154,0.0,0.0,1.2795271,0.0,0.2836769,0.11469851,0.26766956,0.0,0.0,0.071117386,0.88116705,0.1362968,0.0,0.0,0.33303866,1.4143701,1.7525661,0.13592929,0.0,0.63609,0.0,1.8291,0.0,0.0,1.9296178,1.2232893,0.0,0.0,0.8336243,0.0,1.5125321,0.81950456,0.47353673,2.390595,2.7558494,0.0,0.0,1.4947373,0.1284624,0.0,0.8231169,0.56928194,0.0,0.37989327,0.0,0.0,1.4712143,0.10599748,0.25518245,0.0,0.08042559,0.0,1.3495325,1.5310217,1.3459586,0.63097733,1.1973456,0.0,0.0,0.0,0.0,0.5343723,0.0,0.0,0.91160846,0.82489985,0.0,0.37814227,2.399068,0.0,1.3941413,0.0,0.0,0.14090478,0.47631362,1.6447355,0.0,0.8640714,1.7533888,0.0,0.31950653,1.7579389,1.1176285,0.13444762,0.567309,0.058798827,0.0,1.0093515,0.0,0.15258585,0.0,0.18233995,0.0,0.0,1.66948,0.8963404,0.14685325,0.0,0.3572212,0.0,0.0,0.81795996,0.9521944,0.0,1.9334717,0.0,0.029105691,0.5364614,0.16299342,0.0,0.0,0.46523175,0.28254718,0.0,0.52219623,0.4467878,1.1511647,0.3409225,1.19162,0.65835685,0.0,1.7475691,0.0,0.0,1.9959061,2.3034658,0.7087216,1.3000863,0.0,0.5307388,1.1419284,0.0,0.0,1.3346949,0.6952288,0.09757429,0.0,0.27525008,0.0,0.43491945,0.13908719,1.2118807,1.4144895,0.32086593,1.0511088,0.057289347,2.1935325,0.0,0.17269811,0.4022763,0.2330047,1.2011158,0.0,0.0,0.30395103,0.06751318,0.0,0.0,0.0,1.65431,0.8313931,0.39603302,0.0,0.0,0.0,0.36830875,1.6771092,1.1199089,0.0,0.013141687,1.7794461,0.345836,1.6199248,0.0,0.0,0.0,0.0,0.0,0.0,0.0,0.8006206,1.2682868,1.7674624,0.0,0.0,0.0,0.76984537,0.0,1.4235551,0.0,0.0,1.5803849,1.8709648,1.6373338,1.2084355,0.0,0.71843225,0.0,2.218759,0.8110197,0.5838058,0.0,0.0,0.8322458,0.20507546,0.0,0.0,1.6814421,0.0,0.12150909,1.7366718,0.98622483,1.2184125,0.0,0.0,0.0,0.21729656,0.082210764,0.0,0.27831474,1.4391465,1.7539297,0.5446262,0.0,0.0,0.0,0.18852828,1.7693642,0.0,1
0.42649096,0.0,0.6159434,0.48540714,0.0,3.4432275,1.5012854,0.0,0.7785875,1.4015328,1.0179149,0.0,1.4543381,0.1821257,2.847557,0.9151011,0.0,0.0,1.7396863,0.26743144,0.09999382,1.2795573,0.0,2.0055737,0.0,0.3995536,2.2243528,0.0,0.0,1.4729573,0.0,0.0,0.0,0.05242684,0.0,0.0,0.33469558,0.48392078,0.0,0.0,0.0,0.2948156,1.3211592,2.2563996,0.0,0.0,0.47558677,0.0,2.0218067,0.0,0.0,1.6589502,1.1641561,0.0,0.0,0.43926692,0.0,1.3698564,0.58566946,0.68102753,3.1975725,2.692438,0.0,0.0,1.5378407,0.17098662,0.0,0.4454178,0.35360658,0.0,0.3254059,0.31115878,0.0,1.4021943,0.03443081,0.27192438,0.038424797,0.0,0.0,1.4419382,1.3168421,1.1545821,1.3211683,1.1608478,0.0,0.0,0.0,0.0,0.38349214,0.0,0.0,0.70345825,1.0669622,0.0,0.43392482,2.8588643,0.0,1.8173934,0.0,0.0,0.0,0.0,0.6556141,0.0,0.09698117,1.9181378,0.0,0.39027855,2.3090363,0.93457097,0.0,0.25132254,0.19383442,0.18568903,1.3393934,0.0,0.0,0.0,0.0,0.0,0.0,1.5766,1.0047065,1.0124377,0.0,0.6633354,0.0,0.0,0.4560418,0.4720185,0.0,1.5053302,0.0,0.21745457,0.0,0.0,0.0,0.0,0.13192151,0.44642863,0.0,0.5923686,0.18304804,1.3005887,0.33355376,1.5084162,0.87565553,0.0,1.7959211,0.0,0.0,1.7552651,2.7102678,0.8386082,2.0641484,0.0,0.24139151,1.6742954,0.0,0.0,1.6433815,0.5261976,0.09420696,0.0,0.0,0.0,0.49122423,0.0,1.3697627,1.3331155,0.40079793,1.241398,0.0,2.8840973,0.0,0.40925822,0.51122206,0.034707256,1.4380614,0.0,0.0,0.19086869,0.0,0.0,0.094465956,0.0,2.0977128,0.31338415,0.4594761,0.0,0.0,0.0,1.3531878,1.9378159,1.7094351,0.0,0.0,1.8083072,0.064925514,2.310557,0.0,0.0,0.0,0.0,0.0,0.0,0.0,0.3027017,1.1238701,2.2385528,0.36921346,0.0,0.0,1.0411496,0.15488862,1.4685967,0.0,0.0,1.3241857,2.3686101,1.5064644,0.35247633,0.0,0.61713386,0.0,2.6004965,1.3867406,0.92546,0.0,0.0,0.92718947,0.0,0.0,0.0,1.6594275,0.0,0.011754822,2.3333385,0.8920436,0.6219604,0.0,0.0,0.0,0.0,0.6576395,0.0,0.12663303,1.4644942,1.6481481,0.78956676,0.0,0.0,0.0,0.30366117,2.3213518,0.0,1
0.96910894,0.0,0.28138593,0.7755786,0.0,2.5167868,1.5379632,0.3276852,0.31931376,0.97198516,0.7493511,0.0,1.1880046,0.6454288,2.0966291,1.4767454,0.0,0.0,1.7737422,0.0,0.32283255,1.5231789,0.0,1.1442542,0.122275464,0.8284874,1.4313605,0.0,0.0,1.8359967,0.0,0.21191598,0.4353623,0.62632114,0.0,0.0,0.6140301,0.4518387,0.039445154,0.0,0.0,0.0,1.111707,2.0302546,0.23976742,0.0,0.74404854,0.0,1.6725103,0.0,0.0,1.4060917,1.0119492,0.07452538,0.0,0.996523,0.0,1.5474664,0.62493795,0.3130132,2.1498344,2.320929,0.0,0.0,1.180788,0.5101376,0.0,0.880579,0.15054268,0.0,0.321922,0.0,0.0,1.3876774,0.0,0.43647814,0.0,0.0,0.0,1.4028217,1.4221786,1.3934662,0.6800798,0.7730239,0.0,0.0,0.0,0.0,0.4039384,0.0,0.0,0.6584704,1.1316501,0.0,0.6979468,2.7193587,0.0,1.204225,0.0,0.0,0.38196358,0.40223068,1.3640763,0.0,0.7946735,1.5105615,0.05792985,0.0,1.7471039,1.0597725,0.0,1.239888,0.4040777,0.0,0.9732855,0.0,0.2481581,0.0,0.38588414,0.0,0.0,1.176465,0.762996,0.31395712,0.0,0.2625718,0.0,0.0,1.034715,0.71827894,0.0,1.6294602,0.0126293795,0.32640722,0.6441044,0.0,0.0,0.0,0.91216475,0.5305413,0.0,0.5295187,0.39140376,1.3007926,0.771961,1.193413,0.68234235,0.0,1.3352524,0.0,0.0,1.3507969,2.4257495,0.9447772,1.4068741,0.0,0.4266054,1.6032828,0.0,0.0,1.2879597,0.18760882,0.75472414,0.0,0.79395574,0.0,0.6323789,0.0023056099,1.0341083,1.2650157,0.5021743,0.5329975,0.0,2.228967,0.0,0.05556965,0.40957886,0.28609857,1.5379926,0.20232797,0.02721013,0.0,0.27568954,0.0,0.0,0.0,1.2405372,0.8332517,0.6837315,0.0,0.0,0.0,0.061205674,1.6158108,1.0269941,0.0,0.089822434,1.3144028,0.16867818,1.9398334,0.0,0.0,0.0,0.0,0.07711272,0.33759928,0.0,0.6153996,1.6444112,1.062759,0.4480121,0.0,0.0,0.9615289,0.0,0.6604558,0.0,0.0,1.846222,1.5736743,1.3474146,1.1513269,0.0,0.5394668,0.0,2.6300957,0.8157914,0.55629486,0.3660259,0.0,0.928487,0.0,0.0,0.0,1.6101899,0.0,0.0,1.6411028,0.5157696,1.1750197,0.0,0.0,0.0,0.5270108,0.2644673,0.0,0.43855417,1.6383797,1.5082867,0.873251,0.0,0.0,0.0,0.7945809,1.7920831,0.0,1
0.94464785,0.0,0.7494525,0.60582083,0.0,2.957073,1.818222,0.19549716,0.04884211,2.1170118,0.7042288,0.0,1.2381268,1.1283276,3.6613042,0.86716527,0.0,0.0,0.5058006,0.43573824,0.69432944,1.4790541,0.0,1.8235537,0.47866064,1.3022789,2.5013769,0.0,0.0,0.5764232,0.0,1.0452039,1.3863711,0.6814205,0.023200879,0.0,0.2900054,1.3169326,0.0,0.0,0.0,0.45822293,1.377646,1.7998182,0.13698892,0.0,1.3496333,0.0,1.4633974,0.0,0.0,1.5034313,1.0159551,0.54490936,0.80136514,1.1109948,0.0,1.2768639,1.0692832,0.43773466,2.3331501,2.0454986,0.15095408,0.0,1.1387331,0.29371777,0.0,0.9337475,0.12437476,0.0,0.48933166,1.1039059,0.0,1.4861166,0.11112908,0.4084791,0.0,0.0,0.0,1.294527,0.39454138,1.141735,1.2948465,0.083965205,0.0,0.0,0.0,0.0,1.0288485,0.0,0.0,0.18103781,2.449623,0.0,0.88401467,2.6493843,0.44563174,2.0647671,0.0,0.0,0.6534676,0.70720524,1.1337705,0.0,1.2554706,1.4170469,0.9891561,1.3872988,1.6741824,1.0713058,0.0,0.62625486,0.59188455,0.14665401,1.1717181,0.0,0.8937875,0.0,0.0,0.0,0.0,2.4997473,0.91151506,0.9234702,0.0,0.2850701,0.0,0.0,0.6069386,1.0137779,0.0,1.6102372,0.3609975,0.7992982,0.33460727,0.0,0.0,0.0,1.8040808,0.12048226,0.0,0.55691063,0.8802036,0.9702825,0.63056254,0.704776,1.3440328,0.66601056,1.6810256,0.0,0.0,1.6470091,1.5264362,1.2343795,2.2368028,0.0,0.90556085,1.6417681,0.0,0.5045609,1.7830155,0.9976677,0.887199,0.0,0.16847104,0.0,1.1692202,0.56188756,1.7968454,1.3981518,0.0,0.7379904,0.08000511,2.6022651,0.0,0.3588973,0.17081505,0.60541433,1.2511982,0.09082616,0.33118457,0.12709372,0.5575352,0.0,0.0,0.0,1.7738497,0.973534,0.40835992,0.0,0.0,0.0,0.75737846,2.0620227,1.2491606,0.0,0.0,1.0286925,0.16983767,1.7178272,0.0,0.48943073,0.0,0.0,0.7491013,0.50207853,0.0,0.3580032,1.0668892,1.5756255,0.8231667,0.0,0.0,0.41731286,0.0,1.787165,0.0,0.0,0.724646,1.7038251,2.3406353,0.9486527,0.0,1.7627606,0.0,2.7912917,1.0940231,0.99749625,0.2906976,0.0,1.0227821,0.0,0.0,0.0,1.6921977,0.0,0.0,2.0982778,1.2460904,0.42399824,0.0,0.0,0.0,0.61285025,0.46421927,0.0,0.93169004,1.420982,1.6274132,1.4454093,0.0,0.0,0.0,0.19914968,1.2088723,0.0,1
2.0581713,0.0,0.54371184,1.5136509,0.0,2.189375,0.70255226,0.12600055,0.0,1.0885849,0.18185484,0.0,0.33596626,1.8759285,2.2209089,1.2110071,0.0,0.0,1.184655,0.0,0.81989896,3.0666184,0.0,0.6151503,0.89973694,0.65963405,0.86171854,0.0,0.0,1.9683127,0.0,1.3424685,1.8357059,1.5685377,0.0,0.0,1.315656,0.5884462,0.0,0.0,0.0,0.115469314,0.30373794,1.897945,0.0,0.0,2.5271194,0.0,0.73323905,0.0,0.0,1.1014571,0.56629467,0.18910189,0.07145731,1.7742596,0.0,0.92373455,1.8463686,0.13967729,1.8358214,1.4391506,0.0,0.0,0.84926945,0.7933498,0.0,1.5447389,0.5722302,0.0,0.016327996,0.24328524,0.0,1.0255699,0.0,1.1593493,0.0,0.0,0.0,0.9596056,1.3833992,1.7515657,0.8483356,0.18736109,0.0,0.0,0.0,0.0,1.2619864,0.0,0.0,0.7349751,2.093035,0.28720838,1.3920368,1.204928,0.08457984,0.48149556,0.0,0.0,0.5909844,1.7240185,1.8834755,0.0,1.4182975,1.1637034,1.5866512,0.16345167,1.2701151,0.3000266,0.0,2.1123912,0.10556309,0.0,0.54959404,0.0,0.6547686,0.0,0.2784897,0.0,0.0,1.4736573,0.0,1.0141575,0.0,0.0,0.0,0.0,1.5122141,1.0465081,0.0,1.533083,0.7343203,1.3052585,1.2359962,0.0,0.0,0.0,1.8275453,0.4033547,0.0,0.80025744,1.0530815,0.97359085,1.0849452,0.6609851,1.1632748,0.22952121,0.68476987,0.0,0.0,0.46318892,1.776158,1.3232152,0.7603101,0.0,1.1314791,1.0940765,0.0,0.8680554,0.94752854,0.0001836227,1.9316077,0.0,0.75310665,0.0,0.47221515,0.3645883,1.1419984,0.81244385,0.6799379,0.3370013,0.0,1.5121593,0.0,0.6826551,0.2094903,1.0197457,1.4398061,1.7374816,0.0,0.0,1.192191,0.0,0.7404042,0.0,0.7496605,1.4627506,0.567491,0.0,0.0,0.010930979,0.0,1.7673764,0.5157538,0.0,0.629143,0.79528636,0.46497846,1.4165779,0.0,1.1116621,0.0,0.0,0.90303934,1.6295863,0.0,0.5195114,1.6477096,0.7731645,1.1577137,0.0,0.0,1.0743232,0.031327248,0.8547918,0.0,0.0,1.2195877,0.81805706,2.6444347,1.3839585,0.0,1.4057393,0.0,2.613693,0.37017456,0.27884817,0.35778138,0.0,1.7364128,0.0,0.0,0.0,1.9234312,0.0,0.0,1.0080981,0.4063333,0.99726903,0.0,0.0,0.0,1.0272186,0.0,0.0,0.9922747,1.1744086,0.5189914,1.2212003,0.0,0.0,0.0,1.8086101,1.2066317,0.0,0
2.3608096,0.0,0.337602,1.5463775,0.0,1.6929135,0.67110896,0.8947785,0.0,0.923955,0.0,0.0,0.12978907,1.89525,1.9057361,0.9133955,0.0,0.0,0.3913205,0.0,1.1794819,2.5408094,0.22549625,0.5092322,1.0761184,0.85208744,0.62998784,0.0,0.0,1.377093,0.0,1.9181104,2.1711879,1.8676984,0.0,0.0,1.1686519,0.21100388,0.0,0.0,0.0,0.34229383,0.5439536,1.5418545,0.0,0.0,2.7105885,0.0,0.66200894,0.0,0.0,1.0495515,0.4382766,0.079177245,0.31406125,2.249261,0.0,0.47526088,1.403932,0.0,1.1853932,0.6389525,0.0,0.0,0.3305242,0.9154938,0.0,1.5996408,0.7301145,0.0,0.032750864,0.259853,0.0,0.69596463,0.010916658,1.0325205,0.0,0.0,0.0,0.78450817,1.5811346,1.3850152,0.96394897,0.22186007,0.0,0.0,0.0,0.0,1.5192417,0.0,0.0,0.7159833,1.9609956,0.22361743,1.142156,0.84133863,0.64909756,0.11843044,0.0,0.0,0.9660259,1.4356811,1.9808835,0.0,1.6626972,0.596813,1.6407074,0.0,0.5449216,0.19758672,0.0,2.1838512,0.1852838,0.0,0.37167165,0.0,0.86373967,0.0,0.534489,0.0,0.0,1.3925833,0.0,0.9312163,0.0,0.21381702,0.0,0.0,1.3237844,0.94052917,0.0,1.1643581,1.0105996,1.4677491,1.8442299,0.18685566,0.0,0.036145326,2.488635,0.62804425,0.0,0.51467943,1.2478812,0.8253971,1.1544476,0.29138622,1.1251093,0.16760373,0.3583596,0.0,0.0,0.074436575,0.8063755,1.6262065,1.0355012,0.0,1.5433915,0.6724262,0.0,0.99688905,0.7395654,0.19042985,1.8927072,0.0,1.1813931,0.0,0.39607897,0.9985154,0.17262694,0.17136897,0.89726585,0.36970764,0.0,1.3767272,0.0,0.3210832,0.42665392,1.202467,1.3593322,1.9410017,0.3055228,0.0,1.5832366,0.0,1.0262454,0.0,0.44970325,1.8814762,0.45402932,0.0,0.0,0.0,0.26618087,1.9331532,0.8625172,0.0,0.56467116,0.31375176,0.62697035,0.9384018,0.0,1.284643,0.0,0.0,1.7673984,2.32037,0.0,0.34238535,1.9443847,0.5728731,1.290618,0.0,0.0,0.76063645,0.26301304,0.41703078,0.0,0.0,0.9691473,0.30230388,2.9081492,1.4532714,0.0,1.6829463,0.0,1.9238496,0.58644015,0.0,0.640016,0.0,1.7201521,0.0,0.0,0.0,1.932203,0.0,0.0,0.2440381,0.15529671,0.95156753,0.0,0.0,0.12186439,0.73470306,0.1277691,0.0,1.1676388,0.9134599,0.3203214,1.2954931,0.0,0.0,0.0,1.6930989,0.95537317,0.0,0
1.5235989,0.0,0.91506463,1.1329067,0.0,3.5463457,1.4084067,0.32122773,0.0,2.3544505,1.008172,0.0,0.82276255,0.8205466,3.1351213,0.58746827,0.71995157,0.0,0.72335064,0.0,1.0217452,2.045081,0.0,2.0862956,0.32955003,1.1064525,2.2774947,0.0,0.0,0.98637134,0.0,0.61403906,1.3115672,0.6296501,1.0737809,0.0,0.12585704,0.84542257,0.0,0.0,0.0,0.0,0.34092802,1.4380862,0.28899646,0.0,0.9912303,0.0,1.0583646,0.0,0.0,1.6916476,0.6458591,0.5957543,0.80870295,0.3647477,0.0,1.1629041,1.5710742,0.5315482,1.8695934,1.7085847,0.26715592,0.0,0.7223444,0.0,0.0,0.40484446,0.23163505,0.0,0.31677988,1.1509641,0.0,0.8590193,0.6162779,0.6650061,0.0,0.0,0.0,0.35753998,0.7078056,0.6325353,1.2358224,0.13667512,0.0,0.0,0.0,0.0,1.3802391,0.1516155,0.0,0.2022945,1.5511979,0.0,0.8600492,2.6199806,0.99988115,1.2132155,0.0,0.0,0.5734602,0.81386524,0.83902234,0.0,1.9101112,0.8225762,0.879949,0.9244225,1.2737362,1.4591558,0.0,0.71846175,0.9336863,0.0,0.98162585,0.0,0.43416634,0.0,0.0,0.0,0.0,1.8389403,0.7840045,0.5886192,0.0,0.47689253,0.0,0.0,1.1392461,1.0150397,0.0,1.5421073,0.6716404,0.6402802,0.46474576,0.24046569,0.0,0.0,1.4426879,0.69825435,0.0,0.092063725,0.5086645,1.3344649,0.63570344,0.45130563,1.1894364,1.0515538,1.5694101,0.0,0.0,1.4935956,1.7646505,1.496493,2.4685466,0.0,1.281517,2.0163772,0.0,0.7176124,1.812856,1.4843779,0.69838965,0.0,0.48541844,0.0,1.0776154,0.013942344,2.063831,0.51727384,0.4058525,0.2714976,0.0,1.4809495,0.0,0.452214,0.0,0.8825523,1.6042451,0.2774699,0.5417053,0.0,0.54064727,0.0,0.1668936,0.0,2.0032604,1.042853,0.0,0.0,0.0,0.06468601,1.0854555,1.8882985,1.3727958,0.0,0.1480649,0.9798001,0.05055078,1.2307187,0.0,0.5932258,0.0,0.3369934,1.3760298,0.4966925,0.0,0.911966,2.0147846,1.34967,0.9170134,0.0,0.0,0.40884513,0.0,1.2477914,0.0,0.0,0.53481317,1.4691778,1.8789238,1.2470406,0.0,0.9748944,0.0,3.0609913,0.51651436,1.0875162,0.3584929,0.0,0.62801015,0.0,0.0,0.0,1.7524896,0.0,0.0,1.9884433,1.7546092,0.5499348,0.0,0.0,0.0,0.14088573,0.30353546,0.0,1.1448677,0.89273393,0.8444306,1.4336287,0.0,0.15507601,0.0,0.9195413,1.1019892,0.0,1
0.7366694,0.0,0.7108068,1.1299882,0.0,2.852765,1.2732595,0.37955463,0.0,1.0937285,0.7319964,0.0,0.3054256,1.033824,2.6601253,0.9205684,0.0,0.0,0.8434014,0.0,1.1420898,1.7509056,0.0,1.0564591,0.74787855,0.5144225,1.6400213,0.0,0.0,1.3676608,0.0,1.6605422,1.556532,1.4606199,0.20192154,0.0,0.572421,1.055372,0.0,0.0,0.0,0.020679394,0.69062006,1.4713309,0.0,0.0,1.5281397,0.0,0.83881885,0.0,0.0,1.3913437,0.9114897,0.43016514,0.03807457,1.6953151,0.0,0.9533776,1.324266,0.0,1.3747394,1.6805707,0.0,0.0,0.77111775,0.11687163,0.0,1.0647814,0.2180825,0.0,0.03274564,0.38711357,0.0,1.1059738,0.49172148,0.8785705,0.0,0.0,0.0,0.8053823,0.88820666,0.57756245,1.1466169,0.0,0.0,0.0,0.0,0.0,1.2216964,0.0,0.0,0.4123639,1.7852412,0.536243,0.4284592,2.0780096,0.54853386,1.1329935,0.0,0.0,0.38883838,1.2279669,1.2703722,0.0,1.5200125,0.47721264,1.2542274,0.65214115,0.6428613,0.14166851,0.0,0.93033344,0.35369408,0.0,0.5742359,0.0,0.8508111,0.0,0.2907055,0.0,0.0,1.3856822,0.057850856,1.2474947,0.0,0.3994343,0.0,0.0,1.0295876,0.61025685,0.0,0.7118874,0.86340415,0.61961573,1.0463712,0.11441671,0.0,0.0,1.8968291,0.46825996,0.0,0.0,0.97785854,0.71997267,1.547613,0.6679441,0.74284685,0.056394678,1.0877947,0.0,0.0,0.19258372,1.136402,0.6695289,2.0308182,0.0,1.4110895,1.3758843,0.0,0.44125402,1.4583294,0.43150443,0.96974033,0.0,0.41007438,0.0,0.31407973,0.6744714,1.2403729,0.8559994,0.39293483,0.1467132,0.0,1.796114,0.0,0.35912022,0.28944778,1.0173466,0.85000914,0.9589438,0.6391227,0.0,1.0631166,0.0,1.3259828,0.0,0.7866099,1.2461869,0.0,0.0,0.0,0.0,0.5313868,1.8455709,1.2556509,0.0,0.0,0.4976547,0.27591422,1.1935024,0.0,0.95699847,0.0,0.0,1.3802991,1.5609514,0.0,0.9990052,1.4446627,0.8852494,0.8483279,0.0,0.0,1.1301259,0.09180012,0.9660418,0.0,0.0,0.1875799,1.2585077,2.1078188,1.0323887,0.0,1.1948828,0.0,1.9237106,0.7905957,0.11188217,0.72862273,0.0,1.2271297,0.0,0.0,0.0,1.1950717,0.0,0.0,1.1586825,0.78296316,0.7206669,0.0,0.0,0.0,0.17096074,0.25164896,0.0,0.59579146,1.0336614,0.5403946,0.92481583,0.0,0.0,0.0,0.87785155,1.4958359,0.0,1
0.47342432,0.0,0.27437845,0.5844241,0.0,2.4634552,1.5526773,0.248656,0.241102,1.2916892,0.8868758,0.0,1.2368149,0.9451268,2.3802338,0.7483092,0.0,0.0,1.282464,0.2523752,0.5902627,1.0793413,0.0,0.7341429,0.5615023,0.6598279,1.8299315,0.0,0.0,1.1422219,0.0,1.0284159,0.65070784,0.7698754,0.36593854,0.0,0.093452185,0.7983636,0.0,0.0,0.0,0.009721064,0.65464854,2.0136063,0.113734886,0.0,1.5265849,0.0,1.5537276,0.0,0.0,1.7932911,0.9847208,0.81463057,0.0,1.1030045,0.0,1.1264431,0.8596253,0.6963159,2.0772138,1.8276272,0.0,0.0,1.2915214,0.1169749,0.0,1.0051242,0.37560785,0.0,0.011199786,0.23116523,0.0,0.9864632,0.41703787,0.7055122,0.0,0.0,0.0,0.6705056,1.4600335,0.95587957,0.9642228,0.4725268,0.0,0.0,0.0,0.0,0.36306787,0.0,0.0,0.64902085,1.6684439,0.0,0.59182066,2.3061478,0.42288983,1.3000928,0.0,0.0,0.10618123,0.4936166,0.41806084,0.11658618,0.51489455,1.2283279,0.5616852,0.37531626,0.48781386,0.44549832,0.0,0.6651318,0.0,0.0,0.4940301,0.0,0.55575484,0.0,0.0,0.0,0.0,1.3977104,0.39670676,0.77551454,0.0,0.6990021,0.0,0.0,0.9186395,0.35060543,0.0,1.1896054,0.3400996,0.6414489,0.66824144,0.035773445,0.0,0.0,1.1151371,0.09599743,0.0,0.053033058,0.89516056,1.1192685,0.5693368,0.7345784,0.9469683,0.061335813,1.3721691,0.0,0.0,0.90971774,1.1624328,0.6077655,2.0799952,0.0,1.2212784,1.3233751,0.0,0.0,1.3718239,0.60166276,0.6488363,0.0,0.0,0.0,0.07910216,1.2400548,0.91683346,0.9499129,0.115717374,0.5374325,0.0,1.4030689,0.0,0.79148084,0.5156036,0.4073198,0.97131515,0.57830787,0.9312476,0.0,0.5960298,0.0,0.45059824,0.0,1.2050314,0.19209158,0.102463916,0.0,0.0,0.0,0.80356055,1.5667753,0.7017531,0.0,0.0,0.7110404,0.47559753,1.3062618,0.0,0.53944093,0.0,0.008522341,0.7168831,1.1341845,0.0,0.8044969,1.2008678,2.1348593,0.38966414,0.045196414,0.0,0.97965395,0.0,1.4537463,0.0,0.0,0.26010734,1.5457149,1.6811411,1.0877942,0.0,0.60401845,0.0,1.9171807,0.67026824,0.39121088,0.3180464,0.0,1.2155585,0.0,0.0,0.0,1.8155618,0.0,0.0,1.4077971,0.9361761,0.20842277,0.0,0.0,0.0,0.18103094,0.66053516,0.0,0.44459575,1.3342882,0.6646592,0.9871449,0.0,0.0,0.0,0.5027662,1.2603816,0.0,1
1.21027,0.0,0.0,0.3596913,0.0,2.271118,1.57439,0.30939415,0.15415241,1.397807,0.6339447,0.0,1.029963,1.3570952,2.2820206,0.8293375,0.0,0.0,1.4307584,0.4730987,0.49298394,1.954798,0.0,1.0699373,0.1310808,1.038449,1.3835821,0.0,0.0,1.1661004,0.0,1.5396695,0.91844964,0.99981797,0.0,0.0,0.2869251,0.3694388,0.47574928,0.0,0.0,0.09538013,0.95109344,1.8694316,0.0,0.0,1.5218277,0.0,1.989753,0.0,0.0,1.6585555,0.6703259,0.45890585,0.0,1.4241664,0.0,1.2756617,0.8039292,0.7572227,2.4522395,2.2595181,0.0,0.0,1.602034,0.54563713,0.0,1.2092525,0.41810688,0.0,0.11636149,0.44219613,0.0,1.784458,0.0,0.56400347,0.0,0.0,0.0,1.3921329,2.057226,1.0501987,1.0758703,0.39588884,0.0,0.0,0.0,0.0,0.16900232,0.0,0.0,0.854259,1.8407182,0.0,1.2316861,2.2067273,0.2548272,0.89518625,0.0,0.0,0.12217933,0.8174927,0.76271236,0.0,0.46636346,1.4325442,0.82315516,0.45985964,1.0788053,0.48152184,0.0,1.2874913,0.22911413,0.0,0.36122283,0.0,0.5614713,0.0,0.0,0.0,0.0,1.2029276,0.43657362,0.49873286,0.0,0.7411337,0.0,0.0,1.2663031,0.26964992,0.0,1.8146048,0.4282621,1.2410384,0.7504136,0.0,0.0,0.0,1.1447822,0.08487349,0.0,0.6229007,1.0444965,1.347033,0.70326614,1.0848279,1.224847,0.0,1.4107517,0.0,0.0,0.7068217,1.2037414,0.98125917,1.4593725,0.0,0.80114645,1.4636251,0.0,0.0,0.9333306,0.8926598,0.9074689,0.0,0.43334073,0.0,0.4622984,1.0355366,0.8128298,0.927433,0.35588786,0.9103022,0.0,2.0562136,0.0,0.78362364,0.567953,0.6296576,1.3849384,0.5959542,0.3306061,0.060063716,0.7731892,0.0,0.33650845,0.0,1.0287145,0.46354204,0.4348055,0.0,0.0,0.0,0.10881274,1.8114083,0.9155308,0.0,0.24271874,1.1694391,0.63045216,1.8278735,0.0,0.0,0.0,0.0,0.64272094,1.1035944,0.0,0.27436844,1.4310635,2.3056462,0.26079175,0.35493276,0.0,0.7506393,0.0,1.517595,0.0,0.0,0.963229,1.4362359,2.0991638,1.509401,0.0,0.5827149,0.0,1.7677805,0.35839853,0.41454306,0.51887256,0.0,1.4305005,0.0,0.0,0.0,2.186914,0.0,0.0,1.5194083,0.59381163,1.247935,0.0,0.0,0.0,0.30290848,0.37675261,0.0,0.44847715,1.2234266,0.7517009,0.9057304,0.0,0.0,0.0,0.8578523,1.0716404,0.0,1
1.2688333,0.0,0.0,0.7225316,0.0,2.3182094,1.7624856,0.41456413,0.2463841,1.5036967,0.8669326,0.0,1.0620373,1.2685359,2.4307199,1.0957865,0.0,0.0,1.7803869,0.41705015,0.2686908,1.0002536,0.012236557,1.0697869,0.0,0.81605726,1.829448,0.0,0.0,0.9559839,0.0,1.1851935,0.19609502,1.2265077,0.0,0.0,0.4201972,0.08370391,0.587889,0.0,0.0,0.23977871,1.1584721,1.823638,0.0,0.0,1.3415008,0.0,2.044721,0.0,0.0,1.6013261,0.84944844,0.18612503,0.0,1.0449945,0.0,1.4727174,0.68828297,0.8720085,2.3314161,2.3852189,0.0,0.0,1.5182176,0.3992072,0.0,1.36508,0.88451755,0.0,0.39747632,0.17984062,0.0,0.855794,0.0,0.48963517,0.0,0.0,0.0,1.4579375,2.140077,1.4394923,0.97254884,0.62378854,0.0,0.0,0.0,0.0,0.2587095,0.0,0.0,0.82634735,1.3972255,0.0,1.2299404,2.6749418,0.20927097,1.1335949,0.0,0.0,0.38450578,0.29043904,0.6705611,0.0,0.6402368,1.6955575,0.34713888,0.0,1.0411365,0.39905626,0.05206196,0.74493355,0.4457639,0.0,0.5226329,0.0,0.7871304,0.0,0.15124299,0.0,0.0,1.2839502,0.94819516,0.25624543,0.0,0.931587,0.0,0.0,1.4780089,0.3705249,0.0,1.9584231,0.46961474,0.7669915,0.9047559,0.0,0.0,0.0,0.76850766,0.04009657,0.0,0.8617261,0.4588876,2.1255162,0.2908326,1.07671,1.2838206,0.0,1.5801492,0.0,0.0,1.1838936,0.8424809,1.2299488,1.3634329,0.0,1.1339417,1.4623429,0.0,0.0,1.2538322,0.71710056,0.49843517,0.0,0.7159927,0.0,0.92904717,0.8418057,0.6871346,0.21306174,0.36327752,0.7142048,0.0,2.3477685,0.0,0.3016032,0.5699012,0.5124612,1.6483705,0.8840536,0.3818196,0.052463483,0.6401183,0.0,0.0,0.0,1.1779466,0.31067443,0.6693343,0.0,0.0,0.0,0.22742395,1.4836327,1.0954324,0.0,0.5993745,1.2522327,0.59065765,1.9642544,0.0,0.0,0.0,0.0,0.4215373,0.90228766,0.0,0.3672075,1.6226147,2.290411,0.2599555,0.49381548,0.0,1.0538155,0.0,1.2459952,0.0,0.0,1.6068382,1.5925589,1.713482,1.3638687,0.0,0.85116005,0.0,1.7777818,0.37857565,0.7250688,0.062101096,0.0,1.4206055,0.0,0.0,0.0,2.3211224,0.0,0.0,1.5711646,0.6921808,1.0998316,0.0,0.0,0.0,0.11604086,0.16407622,0.0,0.18671894,1.1632605,1.5491072,0.41301346,0.0,0.0,0.0,0.74602926,0.996504,0.0,1
1.0139861,0.0,0.34535077,0.26512328,0.0,2.4682405,1.6349965,0.12670574,0.24837726,1.6735733,0.7056043,0.0,1.3661523,0.9836364,2.2723415,0.9676258,0.0,0.0,1.417642,0.3885545,0.2593542,1.4641962,0.0,1.3978518,0.0,0.75349176,1.785986,0.0,0.0,1.157329,0.0,0.98216724,0.0,0.6550864,0.0,0.0,0.26952845,0.42004618,0.37566057,0.0,0.0,0.03926257,1.1049789,1.8992625,0.0,0.0,1.2420532,0.0,1.8887111,0.0,0.0,1.6101218,0.9079876,0.4568744,0.0,1.2230814,0.0,1.4460096,0.65782315,0.70520675,2.5263047,2.4697397,0.0,0.0,1.4702731,0.42725775,0.0,1.1168689,0.5731612,0.0,0.24124503,0.17474174,0.0,1.2064316,0.0,0.41797128,0.0,0.0,0.0,1.5931242,1.5038779,1.1269928,0.9598917,0.6326692,0.0,0.0,0.0,0.0,0.33174744,0.0,0.0,0.5393578,1.3651751,0.0,0.89170754,2.5846827,0.12837124,1.0994567,0.0,0.0,0.14633766,0.3852807,0.75925606,0.0,0.52693564,1.5953801,0.1451158,0.23657984,1.0723193,0.51953053,0.06258924,0.6882659,0.31121287,0.0,0.57542276,0.0,0.48953405,0.0,0.10570237,0.0,0.0,1.3333503,0.6684734,0.35219774,0.0,0.6574929,0.0,0.0,0.8599487,0.59863436,0.0,1.6098921,0.22305028,0.70524853,0.6233163,0.0,0.0,0.0,0.6693798,0.10820945,0.0,0.66713154,0.5315908,1.4401125,0.23936813,1.026793,1.1158868,0.0,1.7250831,0.0,0.0,1.1558285,1.333787,0.89748365,1.31989,0.0,0.6301612,1.4275994,0.0,0.0,1.3100293,0.7630645,0.3152587,0.0,0.7262672,0.0,0.5785532,0.62665415,0.8828272,0.7953451,0.52716374,0.8157987,0.0,2.221032,0.0,0.53443617,0.31475723,0.32870552,1.4825512,0.13814557,0.14283068,0.094450705,0.19738267,0.0,0.0,0.0,1.2263144,0.39659333,0.48547354,0.0,0.0,0.010989812,0.3099408,1.5704024,1.0413423,0.0,0.10905471,1.1270945,0.5443098,2.1726453,0.0,0.0,0.0,0.0,0.34132683,0.70660096,0.0,0.14524646,1.3788954,2.1797593,0.2973401,0.20531057,0.0,0.80276155,0.0,1.2678325,0.0,0.0,1.6123431,1.6916243,1.5148205,1.0790718,0.0,1.0006582,0.0,1.9624065,0.5912007,0.8362905,0.04170248,0.0,1.2523471,0.0,0.0,0.0,1.972815,0.0,0.0,1.4817244,0.6942977,0.85475945,0.0,0.0,0.0,0.27529237,0.30984968,0.0,0.557919,1.4033289,1.3253673,0.34969902,0.0,0.0,0.0,0.6248485,1.3112175,0.0,1
0.95097953,0.0,0.3206304,0.5180692,0.0,2.3748903,1.421361,0.0,0.42332086,1.2864456,0.9156393,0.0,1.1286155,0.91856784,2.5244336,1.1196439,0.0,0.0,1.8268982,0.38177213,0.60438305,0.8424648,0.0,0.8683372,0.08210372,0.75141716,1.9970732,0.0,0.0,0.7171806,0.0,1.4615791,0.0,0.7800738,0.0,0.0,0.08217792,0.9470328,0.22514181,0.0,0.0,0.3457945,1.0725343,1.7521938,0.0,0.0,1.157907,0.0,1.8351926,0.0,0.0,1.947754,1.058418,0.17431627,0.0,0.99612373,0.0,1.4202579,0.4803732,0.92972875,2.5504367,2.0401874,0.05238479,0.0,1.5250261,0.045355253,0.0,0.994255,0.43358624,0.0,0.14836536,0.12851423,0.0,1.0933604,0.5157046,0.7840564,0.0,0.0,0.0,1.452189,1.5405816,0.7750604,0.99736583,0.3244403,0.0,0.0,0.0,0.0,0.48314834,0.0,0.0,0.5466111,1.4521798,0.0,0.7718322,2.5731132,0.1632653,1.1539668,0.0,0.0,0.08217726,0.44997796,0.4363191,0.35001013,0.6975302,1.4729744,0.121005826,0.50578004,0.74276054,0.24036261,0.0,0.4727792,0.11721647,0.0,0.48859003,0.0,0.34710962,0.0,0.0,0.0,0.0,1.2510909,0.52706337,0.7013919,0.0,0.83997655,0.0,0.0,0.94415414,0.3152898,0.0,1.468421,0.3970316,0.7533246,0.8887445,0.0,0.0,0.0,0.8565718,0.0,0.0,0.103781015,0.31585082,1.2153157,0.41541585,0.94329286,1.0106972,0.0,1.3558347,0.0,0.0,0.8117797,0.90416276,0.85658765,1.86189,0.0,1.0015335,1.2181418,0.0,0.0,1.3693616,0.81820536,0.0,0.0,0.0,0.0,0.51645184,1.2027265,0.75307983,0.40830764,0.15415716,0.6383405,0.0,2.054519,0.0,0.7893341,0.38151532,0.6316856,1.0977348,0.50767815,0.53787285,0.046086606,0.24955513,0.0,0.24511693,0.0,1.2764293,0.023497937,0.09791748,0.0,0.0,0.0,0.7520607,1.5464206,0.7831389,0.0,0.09942809,0.5873909,0.6562185,1.055162,0.0,0.0,0.0,0.0,0.2967934,0.9810146,0.0,0.63014007,1.4115194,2.3508332,0.490189,0.15036869,0.0,0.96342385,0.0,1.3105923,0.0,0.0,1.0145785,1.532147,1.6593701,1.4331219,0.0,0.8359029,0.0,1.6073058,0.84683156,0.59505546,0.2137163,0.0,1.2170887,0.0,0.0,0.0,1.8051575,0.0,0.0,1.4191493,1.1113721,0.41530538,0.0,0.0,0.0,0.19172238,0.66449594,0.0,0.1198341,1.4278717,0.96156055,0.4704353,0.0,0.0,0.0,0.3575114,1.2488626,0.0,1
0.8840934,0.0,0.483814,0.35891518,0.0,2.3733141,1.3517992,0.0,0.23171552,1.1453574,0.71781796,0.0,1.087178,1.107644,2.2140846,0.80054325,0.0,0.0,1.3397069,0.27030408,1.0107268,0.7625478,0.0,0.849003,0.49220523,0.72600824,1.5188266,0.0,0.09797358,0.6520588,0.0,1.4578867,0.46703127,0.91011983,0.13533576,0.0,0.2173322,0.6963798,0.174342,0.0,0.0,0.17825992,0.8779292,1.8681027,0.0,0.0,1.3745937,0.0,1.5663135,0.0,0.0,1.9978062,0.83550906,0.40113387,0.0,0.7810602,0.0,1.1577433,0.43400005,0.7413986,1.9828874,1.4866947,0.0,0.0,0.98664933,0.029690184,0.0,1.0141597,0.21765913,0.0,0.0,0.41428024,0.0,0.5867231,0.47142798,0.6173871,0.0,0.0,0.0,0.9176137,1.6729041,0.72157305,1.0397519,0.2944672,0.0,0.0,0.0,0.0,0.4085098,0.0,0.0,0.4549061,1.5245543,0.24464157,0.83970714,2.535113,0.3793803,0.9726203,0.0,0.0,0.0817044,0.2603114,0.30784363,0.6331436,0.7654106,1.0471531,0.21283986,0.26100165,0.35218218,0.34937525,0.0,0.41568008,0.13232644,0.0,0.21989988,0.0,0.37481606,0.0,0.0,0.0,0.0,1.0286568,0.83727896,0.75788504,0.0,0.9561846,0.0,0.0,1.1735077,0.3867783,0.0,1.5780036,0.64137185,0.914968,0.8454599,0.09649306,0.0,0.0,1.3049957,0.061158497,0.0,0.29970548,0.40566418,1.3912368,0.43415982,0.48001346,0.7401514,0.0,1.1785004,0.0,0.0,0.6755343,0.24252315,0.96276647,1.8178118,0.0,1.2504771,1.1506199,0.0,0.0,1.43046,0.46372357,0.1281404,0.0,0.15200303,0.0,0.6138629,1.2023377,0.53292364,0.48159558,0.13373667,0.42477715,0.0,1.7239084,0.0,0.5740991,0.32098466,0.68246543,1.180073,0.5850035,0.7119322,0.0,0.5271376,0.0,0.4514818,0.0,1.2513013,0.0,0.0,0.0,0.0,0.0,0.85029316,1.264325,0.8227493,0.0,0.0,0.5035141,0.6768386,0.9020105,0.0,0.0,0.0,0.33428732,0.61924505,1.0927408,0.0,0.7439518,1.2281889,2.040749,0.4877859,0.16757841,0.0,0.809039,0.0,0.82903546,0.0,0.0,0.34383935,1.186772,1.6689208,1.6316929,0.0,0.7983155,0.0,1.3720413,0.69601095,0.28645054,0.4261688,0.0,1.0807102,0.0,0.0,0.0,1.6023962,0.0,0.0,1.0219002,1.1406312,0.5256107,0.0,0.0,0.0,0.06430779,0.59755564,0.0,0.41974184,1.5491521,0.88740224,0.5909209,0.0,0.0,0.0,0.70559883,1.270965,0.0,1
1.3607045,0.0,0.6516471,1.7804961,0.0,2.6077547,0.8240607,0.6013811,0.080228336,1.7128775,0.45835522,0.0,0.62342656,1.0401126,2.599689,0.46134982,0.0,0.0,1.1472707,0.0,0.4113459,2.6985717,0.22588532,0.9521085,0.7855075,0.52015483,1.551322,0.0,0.0,1.5502244,0.0,1.3519578,2.0952652,1.5991229,0.0,0.0,1.4609953,0.08908365,0.0,0.0,0.0,0.5683404,0.87387973,1.7539396,0.0,0.0,1.540291,0.0,1.639332,0.0,0.0,1.8157991,0.67956305,0.17355017,0.5742231,1.2705603,0.0,0.69895965,1.5814903,0.28342256,2.2369137,1.6955919,0.0,0.0,0.9476769,0.20101517,0.0,0.6962759,0.6754801,0.0,0.19156636,1.2705389,0.0,0.9799112,0.13631359,0.8715121,0.0,0.0013887294,0.0,0.50997245,1.2522756,1.06019,1.4149934,0.8269654,0.0,0.0,0.0,0.0,1.647112,0.0,0.0,0.5978912,2.0451024,0.07071592,0.24440975,1.6742389,0.2896684,0.71216583,0.0,0.0,0.0,1.4858093,0.8454719,0.0,1.4220356,1.4355474,1.0669699,0.31475404,1.1715845,0.48810455,0.0,1.2020427,0.3505446,0.0,0.8248004,0.0,0.17299718,0.0,0.0,0.0,0.0,1.8190328,0.72323644,1.5054479,0.0,0.030752324,0.0,0.0,1.5977801,0.4291178,0.0,1.1124635,0.8304845,0.23797716,1.149349,0.8004219,0.0,0.0,2.0344129,0.63827485,0.0,0.6131165,0.74677515,0.9148285,1.403994,0.84764624,1.1462474,0.50260335,0.9851694,0.0,0.0,0.47628522,1.8297757,0.93441755,2.081619,0.0,1.433173,1.7457637,0.0,0.525667,1.1838332,0.0,1.3048184,0.0,0.5274919,0.0,0.6914261,0.0,1.4620447,0.6022041,0.0,0.54489887,0.0,1.8633261,0.0,0.27143392,0.102261655,0.85128546,1.3051739,0.44927907,0.704398,0.0,1.0575044,0.0,1.1181164,0.0,1.7843744,1.8373024,0.0,0.0,0.0,0.0,0.71300185,1.4420846,1.3116956,0.0,0.0,1.1283567,0.16740839,0.8974821,0.0,0.8770922,0.0,0.010357747,1.6518822,0.76307464,0.0,1.1822989,1.7931957,1.303128,0.6254672,0.0,0.0,1.2181407,0.14422128,0.8482103,0.0,0.0,0.1337138,1.4173993,2.6700242,1.0312792,0.0,1.2865357,0.0,2.6029556,0.59792566,0.17002806,0.15912923,0.0,1.3709823,0.0,0.0,0.0,2.15667,0.0,0.0,0.86369675,0.77028686,0.4631635,0.0,0.0,0.06938914,0.0,0.8514486,0.0,0.5700442,1.1752708,0.11044064,1.7828838,0.0,0.0,0.0,0.7679843,1.3141156,0.0,1
1.3664013,0.0,0.38932145,1.4933345,0.0,2.119135,1.4945756,0.78284866,0.0,0.9504263,0.04879058,0.0,4.3350126e-05,1.4178681,1.8671489,0.30382055,0.0,0.0,0.54333586,0.0,1.159262,2.572442,0.30889067,0.37730232,1.0318782,1.0981764,0.8286751,0.09675831,0.0,1.9157765,0.0,1.979856,2.5920892,2.2367065,0.0,0.0,0.9782174,0.76168877,0.0,0.0,0.0,0.104984075,0.40191928,1.3545778,0.123255074,0.0,2.453238,0.0,0.59225476,0.0,0.0,1.4093937,0.50213647,0.33627728,0.22636247,1.9583806,0.0,0.5409159,1.4081526,0.0,1.1003945,0.92580146,0.0,0.0,0.7081069,0.28332156,0.0,1.3446628,0.14497887,0.0,0.0,0.36177766,0.0,1.1137555,0.30945376,0.96534276,0.0,0.0,0.0,0.669454,1.1931407,0.9582672,0.73790145,0.30615336,0.0,0.0,0.0,0.0,1.0285308,0.0,0.0,0.58350337,2.098467,0.06444746,1.4074761,1.4130629,0.65239173,0.6027858,0.0,0.0,0.70717627,1.601428,1.4762331,0.0,1.6485038,0.4412731,1.8785703,0.8238657,0.22315823,0.0,0.0,2.1048574,0.0,0.0,0.13617809,0.0,1.3864653,0.0,0.38286114,0.0,0.0,1.228352,0.0,1.3219385,0.0,0.2665068,0.0,0.0,1.3581105,0.77638763,0.0,0.65581256,1.2635036,1.5148495,1.0610024,0.3929981,0.0,0.0,2.618421,0.11225443,0.0,0.0695616,1.7000617,0.94012004,1.2088449,0.13330837,1.0016785,0.15889497,0.72655654,0.0,0.0,0.0,0.77423584,0.82701546,1.6316177,0.0,1.3617694,0.99642277,0.0,1.2473832,1.2118106,0.0809078,1.9864701,0.0,0.76018107,0.0,0.24601442,1.2173657,0.6633924,1.1220607,0.9053196,0.148529,0.0,1.2695801,0.0,0.6743862,0.4363535,1.2636017,0.86250216,2.0561666,0.40774038,0.0,1.8068494,0.0,1.2608383,0.0,0.07440242,1.4367038,0.39321205,0.0,0.0,0.0,0.44838712,1.6947831,0.7541822,0.0,0.1988757,0.13628063,0.491808,0.86136633,0.0,1.5515143,0.0,0.0,1.485523,2.1578474,0.0,1.2173481,1.2134389,0.7074249,1.0227848,0.0,0.0,1.0804869,0.0,1.1036346,0.0,0.0,0.6319913,0.83111894,2.8063982,1.0954778,0.0,1.4578528,0.0,2.2130127,0.17085966,0.0,0.7971576,0.0,1.6064817,0.0,0.0,0.0,1.6605262,0.0,0.0,0.33633316,0.3100648,0.8713706,0.0,0.0,0.0,1.1288401,0.11093852,0.0,0.9241074,0.7534901,0.2121971,1.4888511,0.0,0.0,0.0,1.797871,0.99590313,0.0,0
2.2653337,0.0,0.33167145,1.4226241,0.0,1.5321567,0.058997687,0.6443932,0.0,0.65169847,0.0,0.0,0.0,1.5085335,1.4268508,0.2545665,0.0,0.0,0.07866378,0.0,1.4073455,2.651672,0.0,0.0,1.3623198,0.7019175,0.17280783,0.23120661,0.0,1.1366231,0.0,2.2409027,2.8590984,1.9670856,0.0,0.0,1.2832334,0.152979,0.0,0.0,0.0,0.5540631,0.5131344,1.1890091,0.0,0.0,2.7138383,0.0,0.25863963,0.0,0.0,1.1779553,0.20338257,0.09181738,0.32908583,2.205581,0.0,0.24485107,1.5862725,0.0,1.0070037,0.0,0.0,0.0,0.0,0.39676303,0.0,1.5970314,0.5657538,0.0,0.0,0.64247054,0.0,1.1197177,0.0,1.2943721,0.0,0.10469216,0.0,0.42266512,1.554749,1.3117492,0.8301553,0.00914585,0.0,0.0,0.0,0.0,1.7036917,0.0,0.0,0.672309,2.5729814,0.7452372,1.3449538,0.46779245,0.58287585,0.14871414,0.0,0.0,0.8182575,1.8138736,1.5186903,0.0,1.879669,0.22909574,1.981129,0.23222727,0.24347119,0.11783379,0.0,2.252186,0.0,0.0,0.24792264,0.0,0.9064974,0.0,0.3767586,0.0,0.0,1.5402192,0.0,1.5820091,0.0,0.26182622,0.0,0.0,1.1651411,0.7237761,0.0,0.9382148,0.8568741,1.7442281,1.5054154,0.27377397,0.0,0.0,2.780353,0.43540892,0.0,0.44170913,1.1378587,0.81165236,1.1666552,0.18915714,0.68424374,0.113095485,0.0,0.0,0.0,0.0,0.6493632,1.3756872,1.4562634,0.0,1.806826,0.3936887,0.0,1.4605359,0.87217176,0.0,2.4515657,0.0,0.9208484,0.0,0.28561208,0.2789747,0.1231428,0.4988808,0.90202194,0.027087756,0.0,1.4344959,0.0,0.41237527,0.47414804,1.3065275,0.9087388,1.8672631,0.16508897,0.0,1.9119595,0.0,1.5357738,0.0,0.14159557,1.8573325,0.46938166,0.0,0.0,0.0,0.26133412,1.6093061,0.42367956,0.0,0.61564136,0.2700191,0.48286396,0.64180714,0.0,1.9757539,0.0,0.0,1.5994754,2.411208,0.0,0.74649286,1.4025253,0.42058954,1.2149962,0.0,0.0,0.87367064,0.12659918,0.43844625,0.0,0.0,0.51073074,0.10490912,3.2881064,1.2151971,0.0,2.071428,0.0,1.8629503,0.0,0.0,0.78797615,0.0,1.4815103,0.0,0.0,0.0,1.5264695,0.0,0.0,0.11375767,0.28513947,0.9984968,0.0,0.0,0.13596055,0.7132195,0.041262522,0.0,1.1789849,0.5984746,0.0,1.3523108,0.0,0.29366356,0.0,1.7317017,0.9551952,0.0,0
1.0667514,0.0,0.19153701,0.9030263,0.0,3.022066,1.2572858,0.18962556,0.15484138,1.6956638,0.9586544,0.0,1.1154618,0.6657094,3.158722,0.81620896,0.0,0.0,1.826419,0.16309404,0.42203867,1.4198005,0.0,1.2654116,0.34932366,0.6376279,2.2756934,0.0,0.0,1.1684155,0.0,0.657033,0.841038,0.63280237,0.0,0.0,0.35290384,0.67006373,0.0,0.0,0.0,0.27835184,1.5044587,2.000291,0.0,0.0,1.3798327,0.0,1.7240787,0.0,0.0,1.5797837,0.9311125,0.30817845,0.0,1.4507629,0.0,1.3500348,0.9107694,0.6010498,3.0447698,2.5813694,0.0,0.0,1.4309894,0.0,0.0,0.51360905,0.49773604,0.0,0.23148105,0.18493783,0.0,1.4293021,0.24321754,1.0704412,0.0,0.0,0.0,1.4062974,1.4975024,1.3340445,1.0078802,0.5618851,0.0,0.0,0.0,0.0,0.7869153,0.0,0.0,1.2269125,1.46017,0.0,0.56217605,2.2911148,0.0,1.7863857,0.0,0.0,0.21647352,0.8284834,1.0801839,0.0,0.32358858,1.7497698,0.6284114,0.48952374,1.9850622,0.66772646,0.0,0.65051067,0.12360509,0.101034045,0.96294814,0.0,0.2982218,0.0,0.0,0.0,0.0,1.6279,0.53200835,0.83777183,0.0,0.17882566,0.0,0.0,0.8468084,0.5043875,0.0,1.8017099,0.34357518,0.94366246,0.51533645,0.0,0.0,0.0,0.5690693,0.13885863,0.0,0.51314616,0.604176,0.8238844,0.9152175,1.4369375,1.320963,0.0,1.849305,0.0,0.0,1.2778741,2.008374,0.564037,2.0035477,0.0,0.61072904,1.2001324,0.0,0.0,1.4819707,0.61933905,0.75865096,0.0,0.20403261,0.0,0.084707886,0.14794104,1.6554767,1.5673563,0.14669208,0.8318667,0.0,2.3523097,0.0,0.4151228,0.67885154,0.4558462,1.38112,0.07006187,0.07836987,0.0,0.50790983,0.0,0.5978251,0.0,1.2917165,0.7301425,0.6009374,0.0,0.0,0.0,0.54704046,1.7275368,1.1283368,0.0,0.17865804,1.7398176,0.18555154,1.8778642,0.0,0.23068178,0.0,0.0,0.58821684,0.22008531,0.0,0.36760822,1.1052881,2.0919206,0.46036005,0.0,0.0,0.8012953,0.0,2.305253,0.0,0.0,1.1504414,1.8332235,2.307984,1.0661759,0.0,1.2059182,0.0,2.3777997,0.71438825,0.59976476,0.0,0.0,1.249136,0.0,0.0,0.0,2.2761936,0.0,0.019352209,2.1690915,0.8948336,0.52061695,0.0,0.0,0.0,0.2750854,0.10254218,0.0,0.4571763,1.1847376,1.2382034,0.9491504,0.0,0.0,0.0,0.35301208,1.6475699,0.0,1
1.4717469,0.0,0.16123764,0.9852416,0.0,2.3278494,1.3770752,0.6068578,0.07604698,1.3917373,0.7770018,0.0,0.8420255,1.0109731,2.515715,1.1501429,0.0,0.0,1.1968377,0.07874894,0.65055877,1.6740574,0.0,1.0765687,0.6633528,1.0359795,1.460264,0.0,0.0,1.0186926,0.0,0.6444563,1.5861026,1.0057328,0.0,0.0,0.665758,0.8855709,0.044053428,0.0,0.0,0.2401231,1.0262849,1.6401614,0.0,0.0,1.6754485,0.0,1.4444209,0.0,0.0,1.2749941,0.9159957,0.0,0.0,1.2094235,0.0,0.7285186,1.1741023,0.27559876,1.988634,1.8231044,0.0,0.0,1.1424053,0.3093864,0.0,1.1786655,0.46552855,0.0,0.13368195,0.326459,0.0,1.1461585,0.17997426,0.69384396,0.0,0.0,0.0,1.0634891,1.3533466,1.4333688,0.88861686,0.42667645,0.0,0.0,0.0,0.0,1.0162108,0.0,0.0,0.946355,1.4963355,0.0,0.9422837,2.2488904,0.3650816,1.2372802,0.0,0.0,0.6518583,0.8946904,1.4177282,0.0,1.249121,1.4985329,0.7841262,0.23856142,1.447463,0.9558775,0.0,1.0738108,0.47796047,0.0,0.47609165,0.0,0.695016,0.0,0.14626282,0.0,0.0,1.4909714,0.59627527,0.6929851,0.0,0.17386155,0.0,0.0,1.2330455,1.0587201,0.0,1.281312,0.41664523,0.7124562,0.9819823,0.0,0.0,0.0,1.4647156,0.3220717,0.0,0.4985624,0.65279704,1.699276,0.8020261,0.76110977,0.88134253,0.3758499,1.6118249,0.0,0.0,0.95738065,1.4244357,1.3954345,1.4115753,0.0,0.888897,1.2761422,0.0,0.5870134,1.1094325,0.18446352,1.0297537,0.0,0.6110565,0.0,0.59152114,0.033322494,1.2009262,0.84590244,0.47129595,0.62644416,0.0,1.8780746,0.0,0.35642362,0.5750731,0.6189418,1.6448046,0.4866707,0.2638284,0.0,0.51898956,0.0,0.5703073,0.0,1.128063,1.2994843,0.5008086,0.0,0.0,0.023613216,0.44400197,1.7654606,1.2394363,0.0,0.33684686,1.3412943,0.5367559,1.2722137,0.0,0.30367294,0.0,0.0,0.73867726,0.7145814,0.0,0.6731436,1.4491369,1.1721597,0.65239495,0.0,0.0,0.9200501,0.0,1.2035425,0.0,0.0,1.6544634,1.2649636,2.0726485,1.3214241,0.0,1.2903242,0.0,2.4988704,0.55805117,0.6626846,0.36467376,0.0,1.1111348,0.0,0.0,0.0,1.7720695,0.0,0.0,1.5180961,0.72735447,0.8401483,0.0,0.0,0.0,0.6748721,0.19096838,0.0,0.7098224,1.2065048,0.9016138,1.349431,0.0,0.0,0.0,0.9084519,1.5519334,0.0,1
0.46878305,0.0,0.4293572,0.7730476,0.0,3.100254,1.309493,0.17734635,0.34570342,1.5947366,1.0697317,0.0,1.2299691,0.595742,3.0028434,1.2040801,0.0,0.0,1.7061615,0.4614144,0.4721273,1.5376772,0.0,1.7229877,0.085531466,0.7954087,2.4136734,0.0,0.0,1.1632925,0.0,0.5241329,0.0,0.0,0.0,0.0,0.17102315,0.6564567,0.0,0.0,0.0,0.12092948,1.4687511,2.3285155,0.0,0.0,1.0516505,0.0,1.6508135,0.0,0.0,1.6389374,1.2861043,0.0,0.08469763,0.98680514,0.0,1.5897061,0.999667,0.76045835,3.1147873,2.6810331,0.0,0.0,1.3212261,0.20450214,0.0,0.77474785,0.60334617,0.0,0.28784022,0.23054856,0.0,1.7794684,0.10779414,0.4531954,0.0,0.0,0.0,1.5712626,1.4494832,1.4607183,1.0773305,0.6004067,0.0,0.0,0.0,0.0,0.83367324,0.0,0.0,0.7871952,1.190342,0.0,0.380694,2.9794242,0.0,1.3757578,0.0,0.0,0.40564573,0.34494,1.0556551,0.0,0.23235339,1.6591601,0.38540903,0.39628062,2.0537431,1.0423617,0.0,0.4134862,0.312257,0.0042981533,1.0352737,0.0,0.1096612,0.0,0.0,0.0,0.0,1.9118775,0.95891905,1.1741931,0.0,0.33026624,0.0,0.0,0.6563326,0.70444286,0.0,1.8722413,0.0,0.44413066,0.6344771,0.0,0.0,0.0,0.6081953,0.27072215,0.0,0.5894211,0.48584732,1.4369949,0.57098746,1.2943156,1.0849054,0.0,1.8244357,0.0,0.0,1.8323307,2.2753172,1.0625715,1.9294502,0.0,1.1405784,1.5450536,0.0,0.0,1.3426424,0.8770065,0.2724468,0.0,0.0,0.0,0.38147986,0.0,1.550533,1.1540697,0.1004611,1.098618,0.0,2.7109377,0.0,0.05863361,0.5460846,0.2652799,1.8393985,0.0,0.056083873,0.18208499,0.0,0.0,0.07492912,0.0,1.8925517,0.75021213,0.4917341,0.0,0.0,0.0,0.91011256,1.93461,1.5798889,0.0,0.0,1.798556,0.15501519,2.2032747,0.0,0.08080776,0.0,0.0,0.1075543,0.0,0.0,0.33372992,0.8944273,2.0321157,0.36110556,0.0,0.0,0.9517398,0.068073764,1.9259988,0.0,0.0,1.5252923,1.8486036,1.767721,0.9229312,0.0,1.0830418,0.0,2.4001832,0.9714667,0.93191457,0.0,0.0,1.0166271,0.0069668493,0.0,0.0,2.172572,0.0,0.0,2.1260006,1.1506693,0.70271206,0.0,0.0,0.0,0.03231768,0.3324907,0.0,0.5005779,1.688839,1.7260925,0.66650134,0.0,0.0,0.0,0.23942335,1.8902024,0.0,1
0.0,0.0,0.0,0.84504557,0.0,2.4727025,1.2819848,0.037918538,0.20013426,1.6909659,0.7605888,0.0,1.5527463,0.7004062,3.1129336,1.5008105,0.016299987,0.0,1.4040589,0.7391802,0.29944104,1.0396173,0.0,1.5380169,0.0,1.0364692,2.2090502,0.0,0.0,1.211859,0.0,0.4879452,1.0979418,0.0,0.09275646,0.0,0.22812392,0.75621027,0.09458878,0.0,0.0,0.39592385,1.2360144,1.8958572,0.22866383,0.0,0.4465778,0.0,1.2794551,0.0,0.0,1.4433719,1.3136228,0.0,0.0,1.0165505,0.0,1.1612395,0.7352473,0.96408856,2.300553,2.4608355,0.0,0.0,1.2132139,0.0,0.0,0.7369548,0.2201624,0.0,0.61966574,0.6323613,0.0,1.6506642,0.1730515,0.23635736,0.010402971,0.0,0.0,0.7896451,0.9184528,1.2496305,0.98494565,0.5010673,0.0,0.0,0.0,0.04871414,0.51800454,0.0,0.0,0.7241205,1.5364428,0.0,0.74028826,2.708464,0.0,1.7149036,0.0,0.0,0.5590718,0.7510109,1.0477276,0.0,1.0122606,1.6688066,0.7014255,0.30482256,1.6383421,1.4201065,0.0,0.60752857,0.70726794,0.0,1.4947662,0.0,0.7278363,0.0,0.0,0.0,0.0,1.6837832,0.81030107,0.9998545,0.0,0.34810996,0.0,0.0,1.0382261,0.72699106,0.0,1.4081755,0.0,0.4939026,0.40690717,0.31982797,0.0,0.0,1.2155479,0.7578089,0.0,0.67809427,0.6258724,1.625938,0.73079437,0.9511692,0.9170313,0.057619426,2.149621,0.0,0.0,1.8010489,2.208648,0.9507931,2.205199,0.0,0.76872915,1.9748354,0.0,0.3782779,0.9729769,0.98165303,0.63748753,0.0,0.0,0.0,0.62134445,0.019279344,1.3030617,0.23423707,0.0,0.39414024,0.21560939,2.4946334,0.0,0.32459936,0.6142935,0.6050344,1.7871648,0.0,0.41954362,0.0,0.12757485,0.0,0.0,0.0,1.9216895,1.0101106,0.22406091,0.0,0.0,0.0,0.59876245,1.8574913,1.8114132,0.0,0.0,1.0938224,0.33804184,1.3359534,0.0,0.047310386,0.0,0.0,0.18043466,0.0,0.0,0.7302038,1.0534511,2.2435348,0.2364173,0.0,0.0,0.9280888,0.27689758,1.5340563,0.0,0.0,0.795995,1.8470156,1.9444652,0.8051476,0.0,0.9534617,0.0,2.458645,0.65667945,0.9524628,0.0,0.0,0.7298413,0.0,0.0,0.0,1.9358103,0.0,0.0,1.9850628,1.1735411,0.59258235,0.0,0.0,0.0,0.3428979,0.019440874,0.0,0.5728434,1.6183175,1.2264333,1.3106201,0.0,0.015517249,0.0,0.0,1.6473328,0.0,1
0.6565175,0.0,0.21718179,0.8923234,0.0,3.4269295,1.5366989,0.29501548,0.5651511,1.235513,1.1055274,0.0,1.4046918,0.64029795,2.5442326,1.0779243,0.0,0.0,1.9622462,0.119550884,0.0,1.6921617,0.0,1.1302537,0.33919793,0.9127354,1.8831167,0.0,0.0,1.9450933,0.00013850641,0.07864588,0.6546984,0.28717592,0.0,0.0,0.17157902,0.4796539,0.0,0.0,0.0,0.0,1.6049622,2.1255264,0.12118757,0.0,0.35533658,0.0,1.9936615,0.0,0.0,2.2148318,1.0134581,0.47375417,0.0,0.6684446,0.0,1.8694948,0.9154394,0.78404486,3.0366778,2.4824476,0.0,0.0,1.502653,0.27846453,0.0,0.5898491,0.7401905,0.0,0.34460002,0.18267906,0.0,1.3987553,0.0,0.5975135,0.0,0.0,0.0,0.9763504,1.5957081,1.525579,1.0765946,0.891416,0.0,0.0,0.0,0.0,0.14827308,0.0,0.0,1.2345091,1.1461517,0.0,0.7722369,2.6681497,0.0,1.6217268,0.0,0.0,0.09291863,0.8471189,1.0546074,0.0,0.8372768,1.827047,0.0,0.3547364,2.0310404,1.0494034,0.005664394,0.7124405,0.64986473,0.0,1.1855413,0.0,0.34121585,0.0,0.23486182,0.0,0.0,1.5063626,0.76961726,0.20681214,0.0,0.6030851,0.0,0.0,0.93043846,0.3937723,0.0,1.2740886,0.096841745,0.2878994,0.3847619,0.0,0.0,0.0,0.89702135,0.67239434,0.0,0.78652215,0.20965736,1.577258,0.3251833,1.4035215,1.2716374,0.0,1.7720996,0.0,0.0,1.5808496,2.748132,0.5367261,1.9366235,0.0,0.6005246,1.5107461,0.0,0.0,1.3643018,0.0,0.6348733,0.0,0.4707646,0.0,0.23569053,0.025569601,1.6225075,1.2064718,0.95218605,1.09835,0.0,2.3341358,0.0,0.28070104,0.7145598,0.34135422,1.7139457,0.0,0.0,0.0,0.2003857,0.0,0.06476404,0.0,2.0445464,0.48786443,0.8675063,0.0,0.0,0.0,0.8659406,1.9026823,1.3232142,0.0,0.0,1.7507349,0.081397675,2.0719423,0.0,0.0,0.0,0.13855006,0.08271001,0.0,0.0,0.70367616,1.6026707,2.1284695,0.4234387,0.02260424,0.0,1.0027056,0.0,1.6312411,0.0,0.0,1.5890263,2.0027657,1.5269073,0.9941095,0.0,0.1965486,0.0,2.66761,0.82181597,0.86716795,0.0,0.0,1.1017427,0.0,0.0,0.0,1.8388213,0.0,0.0,2.0298524,0.69536173,0.8784414,0.0,0.0,0.0,0.20671117,0.3746189,0.0,0.38522467,1.6836228,1.0970836,0.7489007,0.0,0.0,0.0,0.6526522,1.7413567,0.0,1
1.486271,0.0,0.43953872,1.2686744,0.0,2.123261,1.1196733,0.5186064,0.017039457,1.0881991,0.0,0.0,0.03279147,1.5021776,2.2061977,0.8957521,0.0,0.0,0.6536256,0.004988075,0.9543296,2.3471797,0.0,0.59086925,0.74517155,0.6934545,1.2886125,0.0,0.0,1.516776,0.0,1.8535316,2.0741596,1.489259,0.0,0.0,0.84648323,0.6341934,0.0,0.0,0.0,0.53671795,0.8897942,1.6042963,0.0,0.0,2.2035868,0.0,0.60437113,0.0,0.0,1.1567631,0.48903763,0.04304567,0.0,1.8047225,0.0,0.83695644,1.4161351,0.0,1.2898957,1.019687,0.0,0.0,0.45838273,0.4450543,0.0,1.1359416,0.0,0.0,0.16016738,0.5038775,0.0,1.2722312,0.081551425,1.0275772,0.0,0.10095009,0.0,0.8965105,1.1214938,0.87699115,1.103347,0.0,0.0,0.0,0.0,0.0,1.2466501,0.0,0.0,0.48182493,2.0065267,0.6003093,1.214323,1.1735158,0.0,0.8936902,0.0,0.0,0.7217375,1.5410255,2.2955456,0.0,1.1272032,0.44797403,1.7795066,0.36189818,0.53666455,0.0,0.0,1.9455435,0.0,0.0,0.5421784,0.0,0.68212086,0.0,0.41947415,0.0,0.0,1.4594206,0.0,1.7927566,0.0,0.23200347,0.0,0.0,1.0328374,1.0501878,0.0,1.2930646,0.62856686,1.1591227,1.1134797,0.49526292,0.0,0.0,2.101162,0.6847302,0.0,0.066034585,1.173275,0.57588005,1.425269,0.4038971,0.7551656,0.0,0.56557375,0.0,0.0,0.16292149,0.7952663,1.0562235,1.3840709,0.0,1.4187636,0.84629923,0.0,0.9133079,0.8350535,0.60222954,1.6189083,0.0,0.4251921,0.0,0.027899742,0.4400179,0.67835623,1.1047704,0.45031554,0.55072254,0.0,1.4752203,0.0,0.27193227,0.56368697,1.1294605,0.9906217,1.552345,0.3898843,0.0,1.1247882,0.0,0.9867385,0.0,0.44766966,1.3269641,0.3071773,0.0,0.0,0.0,0.29811513,1.9898024,0.80436105,0.0,0.26779437,0.28495997,0.43373394,0.91296244,0.0,1.238099,0.0,0.0,1.1872183,1.8090113,0.0,0.66839737,1.2528617,0.5527564,0.70729345,0.0,0.0,0.7875296,0.39228025,1.0374676,0.0,0.0,0.9232514,0.93224645,2.52252,1.0080802,0.0,1.6084855,0.0,2.024026,0.13351437,0.3327192,0.615908,0.0,0.9315397,0.0,0.0,0.0,1.8469884,0.0,0.0,0.37721518,0.5000027,0.70804924,0.0,0.0,0.0,0.882866,0.0,0.0,0.90233624,1.042761,0.83592105,1.2107793,0.0,0.0,0.0,1.3294429,1.5468975,0.0,0
1.4831852,0.0,0.28695416,1.0347619,0.0,1.9139658,0.6899545,0.44472352,0.0,0.81808746,0.17579517,0.0,0.13493669,1.3646674,1.6106554,0.5549852,0.0,0.0,0.80546916,0.0,1.1271228,2.1197436,0.0,0.31405377,1.0009748,0.8364563,1.0742626,0.0,0.0,1.2088219,0.0,1.7123854,2.210582,1.3996198,0.16191246,0.0,0.87199587,0.11459712,0.0,0.0,0.0,0.3066724,0.64185405,1.4535676,0.067749694,0.0,2.0807366,0.0,0.6504352,0.0,0.0,1.8349427,0.6752633,0.29384667,0.0,1.4860646,0.0,0.80554664,1.2695577,0.35143277,1.4783682,0.5939158,0.0,0.0,0.50205946,0.0,0.0,1.1707393,0.42039022,0.0,0.0,0.14946723,0.0,0.7886596,0.11662375,1.2726843,0.0,0.0,0.0,0.31119454,1.4140897,1.1673613,0.66622907,0.0,0.0,0.0,0.0,0.0,1.2967988,0.0,0.0,0.6454039,2.288322,0.6556774,1.3469332,0.95067763,0.5437697,0.71737266,0.0,0.0,0.5091421,1.5020938,0.8429521,0.0,1.2748511,0.6592097,1.321497,0.48054236,0.47324744,0.1279255,0.0,1.5959153,0.0,0.0,0.54412013,0.0,0.66671956,0.0,0.015298688,0.0,0.0,1.4049886,0.0689116,0.96286577,0.0,0.36878383,0.0,0.0,1.1981592,0.5601905,0.0,0.8225455,0.5745138,1.4411172,1.2350974,0.10404598,0.0,0.0,1.9742616,0.6751639,0.0,0.30233815,0.7880234,0.79511285,0.91788477,0.28966594,0.8011483,0.12140482,0.4636465,0.0,0.0,0.0,0.8853385,1.0107801,2.080651,0.0,1.2806718,0.7386572,0.0,0.82074136,0.894209,0.0,1.5451535,0.0,0.4362989,0.0,0.19150577,0.6982394,0.5596239,0.29961613,0.5069433,0.1487049,0.0,1.5135583,0.0,0.38967204,0.5589406,0.96229225,0.9062645,1.1422144,0.4629398,0.0,1.3044497,0.0,1.2060466,0.0,0.8502631,0.7107335,0.20034443,0.0,0.0,0.0,0.8630345,1.4152787,0.7970943,0.0,0.24844688,0.60946125,0.44757006,0.9992644,0.0,1.6328202,0.0,0.0,1.2630793,1.516996,0.0,0.8494825,1.1674361,0.7786634,1.1517806,0.0,0.0,0.6173994,0.198198,0.8814921,0.0,0.0,0.48826805,0.7100808,2.6000764,1.4211742,0.0,1.4066588,0.0,1.8345165,0.16841064,0.0,0.62299496,0.0,0.947634,0.0,0.0,0.0,1.2958336,0.0,0.0,0.8093799,0.5167967,0.6655217,0.0,0.0,0.0,0.38899934,0.032940164,0.0,0.8478181,1.0261959,0.031154545,1.0435706,0.0,0.47886416,0.0,1.4415997,1.2925688,0.0,0
0.3999637,0.0,0.3050662,0.83549035,0.0,3.4048111,1.2949371,0.0685558,0.9487675,1.6177076,0.9244445,0.0,1.3809636,0.01279061,3.396824,1.1873306,0.0,0.0,2.5390348,0.28276062,0.0,1.214341,0.0,1.5984975,0.0,1.0383452,2.7061346,0.0,0.0,0.87103724,0.0,0.33258578,0.0,0.090823196,0.12920417,0.0,0.515849,0.66714907,0.0,0.0,0.0,0.21319425,1.7267501,2.6381636,0.0,0.0,1.0195501,0.0,2.0708878,0.0,0.0,1.7074859,1.2464001,0.592148,0.0,0.9147888,0.0,1.6870112,1.0310091,0.84177756,3.6837173,2.8605714,0.055710148,0.0,1.6796423,0.0,0.0,0.37131232,0.8553702,0.0,0.32550266,0.0,0.0,1.4088157,0.024498276,0.8278786,0.02444067,0.16099674,0.0,1.2399752,1.7073202,1.4727986,1.0661144,0.6661821,0.0,0.0,0.0,0.0,1.0895363,0.0,0.0,1.0485876,1.5740058,0.0,0.51340044,2.7243078,0.0,1.8721733,0.0,0.0,0.0012875604,0.49812344,0.17544132,0.0,0.3311436,2.0106697,0.0,0.62595385,2.9880352,1.3559496,0.0,0.4155491,0.20823036,0.0,1.3446422,0.0,0.0,0.0,0.0,0.0,0.0,2.1174645,0.82129747,0.7147203,0.0,0.4819585,0.0,0.0,0.47617733,0.0,0.0,1.5832696,0.0,0.47546098,0.17953464,0.0,0.0,0.0,0.14443411,0.4410841,0.0,0.34381112,0.15082097,1.4759496,0.5465312,1.7260622,0.9908026,0.0,1.7789823,0.0,0.0,1.6180232,2.6971998,0.83449954,2.9440546,0.0,0.70054203,1.1256621,0.0,0.0,1.7737741,0.55757064,0.0,0.0,0.0,0.0,0.45849034,0.68233496,2.0080273,1.3340983,0.5584771,0.67647207,0.0,2.206299,0.0,0.73938316,0.6413436,0.0,1.7432467,0.0,0.15126486,0.0,0.20805669,0.0,0.35709763,0.0,1.9127656,0.4765671,0.6296836,0.0,0.0,0.0,1.7377319,1.8825512,1.6693231,0.0,0.19178362,1.9335961,0.030179642,2.3168411,0.0,0.25418168,0.0,0.0,0.15280697,0.078593306,0.0,0.4788728,1.3101814,2.811285,0.44132963,0.0,0.0,1.2832649,0.0,1.8381885,0.0,0.0,1.4572359,1.8302237,1.9240566,1.0029819,0.0,0.2258109,0.0,2.8435483,1.3751484,0.903601,0.0,0.0,1.0613761,0.0,0.0,0.0,2.1228814,0.0,0.31465644,2.5883727,0.80363977,0.74732,0.0,0.0,0.0,0.0,0.506874,0.0,0.35830095,1.9952447,1.2664499,1.2567453,0.0,0.00946845,0.0,0.27367413,2.0748196,0.0,1
0.76656955,0.0,0.24229859,0.7000285,0.0,2.605316,1.2782515,0.0,0.34462667,1.4099904,0.7622865,0.0,1.109152,0.30113542,3.2345433,0.8442726,0.0,0.0,1.4856772,0.18117481,0.7490129,1.2138449,0.0,1.3599943,0.08829748,0.56808555,2.211976,0.0,0.0,1.0319904,0.0,0.9756005,0.8032381,0.7205593,0.0,0.0,0.65472263,1.0390483,0.0,0.0,0.0,0.3341187,1.0454686,2.3243403,0.0,0.0,1.2429494,0.0,1.1926442,0.0,0.0,1.5566429,0.86903787,0.332512,0.0,1.4169396,0.0,1.4066907,1.0125533,0.558175,2.6513064,2.0327156,0.027189802,0.0,1.6088799,0.0,0.0,0.58685875,0.30262238,0.0,0.25534824,0.23202312,0.0,1.5119039,0.37232718,1.0711036,0.0,0.19118112,0.0,1.2545215,1.1812706,0.87560093,0.69088316,0.46804142,0.0,0.0,0.0,0.0,0.6491699,0.0,0.0,0.89386415,1.4383199,0.0,0.44096807,2.2846506,0.0,1.6241591,0.0,0.0,0.08581632,0.58916706,1.1159843,0.0,0.21154532,1.651927,0.436121,0.62632924,1.6433755,0.7612875,0.0,1.0555925,0.0172061,0.0,0.8958433,0.0,0.19334681,0.0,0.0,0.0,0.0,1.4849926,0.7467304,1.0239325,0.0,0.56593746,0.0,0.0,0.8923263,0.16917908,0.0,1.418042,0.11925148,0.7638136,0.713999,0.0,0.0,0.0,0.7110955,0.1939047,0.0,0.41384286,0.30682302,0.9427127,0.7060488,1.2281599,0.9774316,0.0,1.4481422,0.0,0.0,0.9193585,1.8083194,0.6359912,1.941545,0.0,0.5186466,1.1056687,0.0,0.0,1.591527,0.896531,0.41685006,0.0,0.0,0.0,0.42328414,0.5656976,1.0826907,1.2854458,0.15422422,0.32942805,0.0,2.1096587,0.0,0.7157395,0.6503788,0.38511345,1.3056349,0.16752827,0.2617393,0.0,0.45513615,0.0,0.6830428,0.0,1.1590765,0.7436231,0.30462402,0.0,0.0,0.0,1.2932575,2.10616,0.95320517,0.0,0.016593019,1.0856947,0.17519067,1.5019485,0.0,0.66701156,0.0,0.0,0.70380217,0.49989408,0.0,0.60385,1.2280266,2.2001965,0.54542994,0.0,0.0,1.0294936,0.0,1.6582855,0.0,0.0,0.7753506,1.6049432,2.0160222,0.98113215,0.0,1.1356604,0.0,2.2864506,0.7129251,0.69216293,0.11676946,0.0,1.2626591,0.0,0.0,0.0,2.104116,0.0,0.0036645646,1.9664056,0.99706244,0.37421912,0.0,0.0,0.0,0.31835708,0.17454575,0.0,0.7457582,0.9101981,1.1952784,1.0149796,0.0,0.035521343,0.0,0.5728118,1.6539475,0.0,1
2.155563,0.0,0.67631054,1.3461004,0.0,1.809571,0.5468404,0.6917918,0.0,1.03428,0.0,0.0,0.0031944688,1.4746544,1.9828862,0.44062653,0.0,0.0,0.004159775,0.0,0.9088411,2.4997516,0.0,0.43945065,1.1264393,0.78171843,0.734274,0.0,0.0,1.5678929,0.0,1.7423584,2.710802,1.6019598,0.0,0.0,1.2241472,0.44131938,0.0,0.0,0.0,0.1589815,0.56642425,1.3683662,0.0,0.0,2.605222,0.0,0.6675441,0.0,0.0,0.8383995,0.2699669,0.2723254,0.24937414,2.2792945,0.0,0.5289533,1.6672828,0.0,1.3089517,0.42621678,0.0,0.0,0.44704533,0.5519434,0.0,1.5353881,0.47053227,0.0,0.026624013,0.70567304,0.0,1.0622915,0.08171777,1.0824249,0.0,0.0,0.0,0.9539722,1.1085603,1.0742295,0.9779291,0.32990885,0.0,0.0,0.0,0.0,1.4682051,0.0,0.0,0.35203224,2.1944015,0.20181298,1.1516765,0.6967975,0.8579342,0.32370394,0.0,0.0,0.7902289,1.6770711,2.0126984,0.0,1.2550151,0.42797583,1.8946306,0.24130361,0.6113248,0.3008646,0.0,2.1464548,0.0,0.0,0.26199195,0.0,1.0534153,0.0,0.37515748,0.0,0.0,1.5620645,0.0,1.156801,0.0,0.0,0.0,0.0,0.8535767,0.93009436,0.0,1.1521533,0.8038183,1.8101566,1.3659873,0.0115610855,0.0,0.0,2.3178284,0.3013095,0.0,0.29176015,1.3620999,0.58437103,1.1866273,0.2638218,0.7374583,0.1774148,0.40535316,0.0,0.0,0.112105936,0.6778715,1.0062561,0.92005056,0.0,1.3979596,0.9399703,0.0,1.238912,1.0042741,0.21611954,2.0095558,0.0,0.8468314,0.0,0.23350224,0.44212613,0.57932687,0.90353125,0.6640758,0.1671253,0.0,1.3604466,0.0,0.23353288,0.6196262,1.0727285,0.9692783,1.7753212,0.04319103,0.0,1.5222775,0.0,0.89548147,0.0,0.25019702,1.8120805,0.54727566,0.0,0.0,0.0,0.0,1.519575,0.6226724,0.0,0.7384789,0.6403189,0.5388384,1.0472561,0.0,1.6163309,0.0,0.0,1.5724313,1.8481213,0.0,0.5533086,1.1346059,0.48871526,1.0634267,0.0,0.0,0.74287415,0.108377494,0.8816495,0.0,0.0,0.7195788,0.41207087,2.814621,1.1719129,0.0,2.114091,0.0,2.2148278,0.09890565,0.0,0.68188363,0.0,1.3125747,0.0,0.0,0.0,1.5853996,0.0,0.0,0.5184128,0.08150011,0.56480753,0.0,0.0,0.0,0.8316666,0.0,0.0,1.2858309,0.8566175,0.39245012,1.3635716,0.0,0.0,0.0,1.5382196,0.84626734,0.0,0
0.8856974,0.0,0.48598546,0.8082754,0.0,2.3673677,1.3063734,0.07984643,0.08234117,1.2131877,0.80030924,0.0,0.9710147,0.7054892,2.4006348,0.76482594,0.0,0.0,1.8062193,0.35089087,0.7415767,1.4108298,0.0,1.0060856,0.098174505,0.76467484,2.0618618,0.0,0.0,1.0671388,0.0,0.9202642,0.68983775,0.70691574,0.0,0.0,0.035304442,0.39130887,0.0,0.0,0.0,0.4668538,0.97811216,2.0420928,0.0,0.0,1.4468299,0.0,1.3964796,0.0,0.0,1.4655018,1.0105776,0.0,0.0,1.1050388,0.0,1.2387344,1.1498218,0.42048573,2.3461523,2.260055,0.0,0.0,1.1584779,0.0,0.0,0.73517245,0.31087694,0.0,0.38633457,0.29687762,0.0,1.7122519,0.182173,0.49071252,0.0,0.0,0.0,1.3867278,1.5152693,0.9759077,0.97925854,0.36217463,0.0,0.0,0.0,0.0,0.8442914,0.0,0.0,0.925127,1.3845594,0.0,0.8052408,2.133351,0.18926303,1.2731451,0.0,0.0,0.29889375,0.24897772,1.0361838,0.0,0.6218954,1.4791836,0.527218,0.34037504,1.336648,0.7173315,0.0,0.996237,0.09903402,0.0,0.9639594,0.0,0.10488162,0.0,0.12097932,0.0,0.0,1.8466319,0.43285745,1.2438154,0.0,0.5023464,0.0,0.0,0.86309445,0.6556904,0.0,1.4780191,0.17529438,0.89520836,0.643545,0.18856071,0.0,0.0,1.0714287,0.34556934,0.0,0.2754951,0.65868366,1.008766,0.6776503,0.9683862,0.95579386,0.0,1.3978548,0.0,0.0,0.8535572,1.6001166,1.0450723,2.1223183,0.0,0.91687334,1.0659797,0.0,0.47019175,1.2119886,0.71012574,0.59036267,0.0,0.08213264,0.0,0.24168825,0.25801083,0.90962267,1.1058283,0.066584714,0.6013256,0.0,2.566507,0.0,0.14081307,0.23352078,0.5649018,1.3080848,0.6416415,0.0066124927,0.0,0.7141331,0.0,0.5208873,0.0,1.1004828,0.890073,0.6727743,0.0,0.0,0.0,0.8686344,1.7548387,1.2605021,0.0,0.15792422,1.6008368,0.45770872,1.6445602,0.0,0.6202547,0.0,0.0,0.51700187,0.47741485,0.0,0.6317023,1.1207683,1.5789496,0.7321389,0.0,0.0,1.0224661,0.0,1.3830274,0.0,0.0,1.053842,1.8260704,1.9785357,1.0951002,0.0,1.482558,0.0,1.8710172,0.5419332,0.36666375,0.0,0.0,1.1069231,0.0,0.0,0.0,1.3555431,0.0,0.0,1.4380628,1.0697304,1.1507931,0.0,0.0,0.0,0.3778123,0.13118269,0.0,0.3990204,1.3266878,1.6452422,0.884672,0.0,0.0,0.0,0.53405356,2.1591938,0.0,1
1.581588,0.0,0.25195345,1.2647685,0.0,1.802198,0.692774,0.58105433,0.0,0.84763247,0.080842085,0.0,0.0,1.2076405,1.3930722,0.3127845,0.0,0.0,0.65574884,0.019396722,1.1508402,2.3959944,0.0,0.06680802,1.1641668,0.8100867,0.7749935,0.0,0.0,1.0893102,0.0,1.7628818,2.1945384,1.5677531,0.07580722,0.0,0.7916465,0.31597772,0.0,0.0,0.0,0.28177387,0.6614463,1.1010774,0.0,0.0,2.2617989,0.0,0.60575694,0.0,0.0,1.3547144,0.46566418,0.25090995,0.15496461,1.8612045,0.0,0.38894328,1.1554236,0.003972783,1.467124,0.6204406,0.0,0.0,0.29034746,0.21830256,0.0,1.2504109,0.4359542,0.0,0.0,0.21167648,0.0,1.0891552,0.004938774,1.1411606,0.0,0.0,0.0,0.68339235,1.5614939,1.2276073,0.8156704,0.17549056,0.0,0.0,0.0,0.0,1.2338964,0.0,0.0,0.4286648,2.1460161,0.46131745,1.1365542,1.0220693,0.4705259,0.559512,0.0,0.0,0.5703869,1.4131913,1.2671248,0.0,1.4572158,0.71263754,1.394128,0.27929613,0.6831843,0.087555215,0.0,1.6839406,0.0,0.0,0.39488366,0.0,0.6871655,0.0,0.33989447,0.0,0.0,1.457179,0.0,1.1237588,0.0,0.0032493686,0.0,0.0,0.89841175,0.64693874,0.0,1.031659,0.61479867,1.457341,1.2316989,0.17821042,0.0,0.0,2.2740278,0.4383212,0.0,0.3885421,1.0004798,0.9567569,0.9153999,0.44209206,0.8231842,0.0,0.4109113,0.0,0.0,0.0,0.617487,1.3387713,1.7322687,0.0,1.5256213,0.68970937,0.0,1.0512027,0.980518,0.0,1.7539219,0.0,0.63588715,0.0,0.2754825,0.19997449,0.41773018,0.8569727,0.6577149,0.21919258,0.0,1.5959938,0.0,0.2589054,0.39624226,1.0526441,0.96761924,1.3614573,0.01724,0.0,1.6662877,0.0,1.1814413,0.0,0.42309722,1.4595166,0.49501073,0.0,0.0,0.0,0.5098616,1.5159057,0.70217913,0.0,0.35548183,0.64901197,0.42113748,0.7369372,0.0,1.6165534,0.0,0.0,1.1432889,1.5992996,0.0,0.8451842,1.106806,0.67833227,0.97624403,0.0,0.0,0.7895658,0.052893713,0.74131966,0.0,0.0,0.72570086,0.5656167,2.8291588,1.1590061,0.0,1.7653621,0.0,1.7270812,0.09786789,0.0,0.6373249,0.0,1.282057,0.0,0.0,0.0,1.2227433,0.0,0.0,0.78878105,0.25827268,1.0867889,0.0,0.0,0.0,0.67421174,0.14737613,0.0,1.0148302,0.79324865,0.20847043,1.2360494,0.0,0.122758046,0.0,1.4509299,1.1187371,0.0,0
1.5988289,0.0,0.61322236,1.4977738,0.0,2.0310192,0.7284638,0.1816946,0.0,1.602553,0.3234409,0.0,0.6209612,1.5341865,2.8003185,0.8081922,0.0,0.0,0.30375427,0.04992926,0.8061834,2.3029878,0.0,1.03167,0.39229122,0.9042434,1.1175475,0.0,0.0,1.326909,0.0,1.6608338,1.9780583,1.2721859,0.0,0.0,0.7585048,0.6216568,0.0,0.0,0.0,0.29751214,1.0990378,1.492911,0.0842284,0.0,2.2685978,0.0,0.53999597,0.0,0.0,0.8091303,0.5744565,0.0,0.76441646,1.5616789,0.0,0.5884861,1.6367934,0.11385526,1.773306,1.5326368,0.0,0.0,0.601682,0.770891,0.0,1.1127504,0.11108194,0.0,0.058154482,1.0999088,0.0,1.2590634,0.1838283,1.0147965,0.0,0.0,0.0,0.7604185,0.3826216,1.2371819,0.8160166,0.0,0.0,0.0,0.0,0.0,1.7192712,0.0,0.0,0.53582644,2.2146435,0.0,1.00071,1.9140351,1.0468979,0.9454301,0.0,0.0,0.9451094,1.7317564,1.851762,0.0,1.247766,0.6104977,1.4999549,0.40933743,0.9406678,0.6413292,0.0,1.3577017,0.25332102,0.0,0.68404263,0.0,1.0105857,0.0,0.33785143,0.0,0.0,1.8797423,0.2752315,0.77156454,0.0,0.0,0.0,0.0,1.0273097,0.5659415,0.0,1.7483073,0.6242845,1.3685374,1.4679698,0.19895034,0.0,0.0,2.493156,0.59635675,0.0,0.43165326,1.2111094,0.42725736,1.3665999,0.64870507,1.5573897,0.20941955,0.9997601,0.0,0.0,1.2135642,1.0377363,1.002265,1.8572879,0.0,1.0066661,1.2161564,0.0,0.86512685,0.97310126,0.8341583,1.5825101,0.0,0.3886339,0.0,0.53811777,0.4056262,1.2143221,0.6399659,0.25897196,0.0,0.0,1.8163409,0.0,0.0,0.47560734,1.2985212,1.3578117,1.3742107,0.7300744,0.0,0.9445875,0.0,0.35533175,0.0,0.7535899,1.8415525,0.0,0.0,0.0,0.0,0.0,1.6042883,1.0875835,0.0,0.51018137,0.6365316,0.3488055,1.0704706,0.0,1.2445694,0.0,0.0,1.5228231,1.4094017,0.0,0.6756496,1.117001,0.6889691,1.132925,0.0,0.0,0.24338934,0.28772968,1.0536029,0.0,0.0,0.59096545,0.8164891,2.7922544,1.0955623,0.0,1.9970176,0.0,2.4721842,0.031822786,0.51751196,0.34266475,0.0,0.8409295,0.0,0.0,0.0,2.3799653,0.0,0.0,0.813896,1.2662706,0.3511696,0.0,0.0,0.0,0.6155719,0.0,0.0,1.1747378,0.7255379,1.0702462,1.7524519,0.0,0.0,0.0,0.88475406,0.77684486,0.0,0
1.7917999,0.0,0.60529613,0.9953963,0.0,1.8879805,0.9831136,0.6270159,0.0,1.0520442,0.3051569,0.0,0.28840038,1.4362115,1.4958243,0.37993088,0.0,0.0,0.15753424,0.0,0.9715956,1.662487,0.0,0.0,0.9604171,0.74279165,0.612077,0.0,0.0,0.81424624,0.0,1.8636224,1.867249,1.2777642,0.14132024,0.0,0.48607844,0.07904134,0.0,0.0,0.0,0.3567464,0.9261306,0.9554951,0.049169507,0.0,1.9890103,0.0,0.9932202,0.0,0.0,1.57231,0.4651772,0.0,0.042284857,1.5130037,0.0,0.11488115,1.3882966,0.35669303,1.1641958,0.45872828,0.0,0.0,0.4728243,0.2383313,0.0,1.4276285,0.22313677,0.0,0.0,0.78542787,0.0,0.67314786,0.36691055,0.9724009,0.0,0.0,0.0,0.6889969,1.2700737,1.2395966,0.51710343,0.17864385,0.0,0.0,0.0,0.0,0.98208714,0.0,0.0,0.29279828,2.1075544,0.16239816,1.2230599,1.716293,0.8104859,0.31792602,0.0,0.0,0.2999392,1.2793648,1.1681234,0.0277169,1.3977919,0.76055586,0.89012724,0.0,0.0,0.064129725,0.0,0.91802806,0.1351829,0.0,0.16851336,0.0,1.2439804,0.0,0.12859498,0.0,0.0,1.1177477,0.15526931,0.8917836,0.0,0.5084929,0.0,0.0,0.69122225,0.7310488,0.0,1.4425455,0.6299406,1.2093061,1.2499719,0.13942532,0.0,0.0,2.201824,0.1625771,0.0,0.3140531,0.7629026,1.0375828,0.7979826,0.0,1.0396749,0.191473,0.6635523,0.0,0.0,0.044961635,0.0,0.79382247,1.5141728,0.0,1.2761426,0.8383374,0.0,0.56739336,0.8572842,0.116338976,1.5307461,0.0,0.6696953,0.0,0.30488762,1.1678451,0.14586967,0.4142006,0.8212233,0.0,0.0,1.4458375,0.0,0.34294993,0.719794,0.93049264,0.9651721,1.1616083,0.6485688,0.0,0.9235317,0.0,1.1272926,0.0,0.4357818,0.82398915,0.2167873,0.0,0.0,0.0,0.19473498,0.9082858,0.44488147,0.0,0.40658435,0.3732778,0.5757592,0.3555305,0.0,1.023109,0.0,0.16653974,1.3159498,1.590145,0.0,0.97324485,1.1509198,0.9403135,0.87685895,0.024157358,0.0,0.386806,0.0,0.7969559,0.0,0.0,0.67256033,0.6016721,2.803306,1.5586616,0.0,1.5913222,0.0,1.7394391,0.047714204,0.3234334,0.69900274,0.0,1.0928687,0.0,0.0,0.0,1.6525142,0.0,0.0,0.6849419,0.53117514,0.20416395,0.0,0.0,0.0,0.39118195,0.08270772,0.0,1.1516554,0.6244192,0.19978753,0.8757228,0.0,0.32757837,0.0,1.301599,0.5804922,0.0,0
1.7577665,0.0,0.59912294,0.8969276,0.0,1.8167708,0.718962,0.475871,0.0,1.2205331,0.15990686,0.0,0.18190736,1.8936584,1.9519597,0.7048072,0.1106131,0.0,0.254837,0.0,1.0119569,2.6472301,0.0,0.8183437,1.1016766,0.8440908,0.64389926,0.0,0.0,1.4353966,0.0,1.8355473,2.2099974,1.6157504,0.1164229,0.0,0.59038347,0.062446695,0.0,0.0,0.0,0.09859439,0.68160063,1.544875,0.0,0.0,2.4442728,0.0,0.6693385,0.0,0.0,1.2464688,0.40134573,0.3946497,0.44928405,1.4656909,0.0,0.43702617,1.4228587,0.011258152,1.2341526,1.0278753,0.0,0.0,0.48144326,0.75192213,0.0,1.7255049,0.37721413,0.0,0.08395555,1.0558128,0.0,0.7323323,0.1687596,0.9852422,0.0,0.0,0.0,0.4681201,0.91286576,1.188721,0.8471242,0.0,0.0,0.0,0.0,0.0,1.1676998,0.0,0.0,0.45818502,2.083304,0.42224118,1.5743928,1.1418331,0.76533973,0.6224458,0.0,0.0,0.60802996,1.7636027,1.6173631,0.0,0.9365678,0.3540823,1.3679976,0.5711327,0.35104468,0.13908754,0.0,1.568676,0.02661656,0.0,0.19863571,0.0,0.8687905,0.0,0.112960376,0.0,0.0,1.5178407,0.07309042,0.7105287,0.0,0.18480317,0.0,0.0,1.1643258,0.7428864,0.0,1.3412763,1.0680238,1.5277483,1.4872144,0.12635891,0.0,0.0,2.2352915,0.33656767,0.0,0.44759414,1.1524835,0.6374336,1.1607202,0.120769456,0.95870316,0.3605678,0.5793542,0.0,0.0,0.33091128,0.8063086,0.94472444,1.312743,0.0,1.0948997,1.028672,0.0,0.86450624,0.87475127,0.0,1.8349444,0.0,0.6562456,0.0,0.031368762,0.8100635,0.83410615,0.5266964,0.6332025,0.0,0.0,1.4367843,0.0,0.3631466,0.16470093,0.95700943,1.1137035,1.5184639,0.16653956,0.0,1.0815356,0.0,0.7376148,0.0,0.32524416,1.1702149,0.23920488,0.0,0.0,0.0,0.0,1.5483277,0.56380767,0.0,0.48963594,0.059020035,0.47492078,1.1532563,0.0,1.2991211,0.0,0.0,1.3819722,1.6241673,0.0,0.95433074,1.1063346,0.34099412,1.3080425,0.0,0.0,0.6007364,0.033633254,0.75182617,0.0,0.0,0.61659604,0.62526023,2.3335633,1.4515085,0.0,1.713732,0.0,2.0103948,0.30084017,0.23540212,0.5974923,0.0,0.94445646,0.0,0.0,0.0,1.6240638,0.0,0.0,0.76568544,0.8686703,0.1453685,0.0,0.0,0.0,0.8834113,0.0,0.0,1.3729963,0.86650765,0.6397943,0.94062895,0.0,0.0,0.0,1.5317367,0.5948266,0.0,0
1.7287159,0.0,0.42978755,1.1845379,0.0,1.6928271,0.7792956,0.39387223,0.0,0.93764496,0.33869743,0.0,0.5160823,1.3330443,2.0540516,1.0639642,0.0,0.0,0.56492144,0.036405444,1.1106728,1.8688463,0.0,0.29314715,0.8923022,0.7203881,0.8799715,0.0,0.0,1.024059,0.0,1.6601024,1.7239971,1.5584022,0.0,0.0,0.84697413,0.5259259,0.29276568,0.0,0.0,0.05029551,0.919199,1.571422,0.0,0.0,2.1171205,0.0,1.0827897,0.0,0.0,1.6142226,0.4618388,0.0,0.12196004,1.6175966,0.0,0.8785455,1.6557019,0.3284459,1.448066,0.91205364,0.0,0.0,0.61140823,0.51028365,0.0,1.4899133,0.5570131,0.0,0.12975045,0.5060946,0.0,0.80676717,0.4087979,1.3297708,0.0,0.0,0.0,0.9073186,1.0637158,1.187153,0.47860384,0.0,0.0,0.0,0.0,0.0,0.89747185,0.0,0.0,0.60370255,1.9445307,0.32610866,0.6468716,1.9566673,0.29274106,0.6198636,0.0,0.0,0.58982474,1.3411863,1.796681,0.28395522,1.2024572,0.7994423,0.9510007,0.0,0.3873217,0.31071725,0.0,1.3817375,0.71866167,0.0,0.13721214,0.0,1.0652609,0.0,0.40209994,0.0,0.0,1.0499948,0.49824607,1.0261554,0.0,0.104325674,0.0,0.0,1.3052504,0.93837565,0.0,1.4288433,0.7925243,0.79638255,1.3762357,0.17411838,0.0,0.0,2.200053,0.3014523,0.0,0.5394615,0.4810827,1.0672793,1.1922985,0.39198744,0.7708145,0.06575679,0.7772737,0.0,0.0,0.5889441,0.42762682,0.95920736,1.1193323,0.0,1.3025815,0.7470469,0.0,0.41225713,0.76244533,0.117878295,1.488137,0.0,0.5125935,0.0,0.54103553,0.8686716,0.6100066,0.53398883,0.59321374,0.0,0.0,1.4936956,0.0,0.21471131,0.691194,0.84708226,1.3315209,1.2637278,0.5989515,0.0,0.8497512,0.0,0.9089027,0.0,0.7515285,1.4027154,0.4008494,0.0,0.0,0.0,0.21317123,1.3831683,0.51763356,0.0,0.55436206,0.23418483,0.6945447,0.6607583,0.0,1.14246,0.0,0.0,1.0937564,1.9216989,0.0,0.7841366,1.476113,0.64980567,0.98516935,0.0,0.0,0.6797404,0.0,0.5546268,0.0,0.0,0.8439423,0.6682242,2.4333944,1.6192706,0.0,1.4887009,0.0,2.1246364,0.019947633,0.41950247,0.83030224,0.0,0.92219365,0.0,0.0,0.0,1.6440536,0.0,0.0,0.8452237,1.1177281,0.52674866,0.0,0.0,0.0,0.7361218,0.0,0.0,1.2144808,0.94373477,0.5566067,0.85043615,0.0,0.020289406,0.0,1.2869935,1.1102165,0.0,0
0.90875226,0.0,0.48379257,0.7239594,0.0,3.4463363,1.6832812,0.10551223,0.4307227,1.9819372,1.27826,0.0,1.5789162,0.7541111,2.7221181,1.2615892,0.0,0.0,1.9700298,0.22585654,0.043382835,1.6232431,0.0,1.6584858,0.0013683379,0.6809424,2.3201623,0.0,0.0,1.203185,0.0,0.0,0.115182854,0.0,0.0,0.0,0.09632,0.771666,0.0,0.0,0.0,0.26718187,1.6812526,2.300487,0.14918584,0.0,0.36963302,0.0,2.196944,0.0,0.0,1.5796307,1.1296585,0.0,0.0,0.8093789,0.0,1.6244587,0.9941069,0.3689696,2.9979415,2.6536756,0.0,0.0,1.4414297,0.44091418,0.0,0.609208,0.1779446,0.0,0.3041573,0.48171186,0.0,1.2408453,0.3711973,0.38865218,0.0,0.0,0.0,1.6208452,1.2033087,1.4851209,0.96639526,1.1248127,0.0,0.0,0.0,0.0,0.7673855,0.0,0.0,1.0258557,1.1353729,0.0,0.39852425,3.0320835,0.0,1.6479348,0.0,0.0,0.23089604,0.49972782,1.2414135,0.0,0.8662254,2.2254283,0.06481418,0.17852685,2.3161104,1.2846485,0.1896631,0.644308,0.7333981,0.04120839,1.2893885,0.0,0.0,0.0,0.48324987,0.0,0.0,1.5849215,0.6317436,0.5479833,0.0,0.25127876,0.0,0.0,0.83300644,1.1284361,0.0,1.5776267,0.0,0.16374564,0.26772615,0.0,0.0,0.0,0.82941467,0.34110904,0.0,0.3541474,0.28857806,1.4761962,0.72265923,1.373985,1.085156,0.0,1.9176136,0.0,0.0,1.9739752,3.0020545,0.95694065,1.8784037,0.0,0.31940833,1.4958806,0.0,0.0,1.5183133,0.5276288,0.1471219,0.0,0.55034405,0.0,0.4044059,0.0,1.845514,1.437263,0.24824864,0.8894821,0.0,2.3638234,0.0,0.1525782,0.3422493,0.23997666,1.6542691,0.0,0.0,0.08835358,0.0,0.0,0.0,0.0,1.9793882,1.0964665,0.5130937,0.0,0.0,0.0,0.6311904,2.0599673,1.5481585,0.0,0.0,1.8302944,0.34187078,2.0867965,0.0,0.0,0.0,0.0,0.0,0.0,0.0,0.27233553,1.2952236,1.5709287,0.31253317,0.0,0.0,0.81495345,0.0,1.3585792,0.0,0.0,1.8541883,2.1660073,1.4057717,0.67948663,0.0,0.88356566,0.0,2.765777,1.0848678,1.1172447,0.0,0.0,0.6776274,0.058244873,0.0,0.0,1.5007758,0.0,0.0,2.2162569,1.4396559,0.59041494,0.0,0.0,0.0,0.31306463,0.35495877,0.0,0.45841864,1.5855855,1.7338074,0.78979343,0.0,0.0,0.0,0.17124344,2.3049152,0.0,1
1.5525473,0.0,0.45043674,0.94818455,0.0,1.8360586,0.8696314,0.53982395,0.0,0.8199503,0.25301516,0.0,0.56570786,1.2779555,2.080835,0.8105475,0.0,0.0,0.8084159,0.0006062989,0.5990833,1.785401,0.0,0.28974873,0.52337116,0.90236217,1.1858732,0.0,0.0,1.5942148,0.0,1.4283247,1.789369,1.3531103,0.0,0.0,0.7052644,0.5439099,0.2650133,0.0,0.0,0.10115651,0.9776554,1.4973956,0.0,0.0,2.2247279,0.0,0.9240356,0.0,0.0,1.3819258,0.41587698,0.31409642,0.0,1.8126472,0.0,0.7433116,1.3185725,0.20113888,1.7092156,1.248773,0.0,0.0,0.85277635,0.46754852,0.0,1.3728358,0.35728803,0.0,0.1926981,0.1826042,0.0,1.2178335,0.0,0.8405582,0.0,0.13999759,0.0,1.0510885,1.334757,1.26749,0.46083868,0.24191804,0.0,0.0,0.0,0.0,0.6414552,0.0,0.0,0.8110026,1.8554127,0.11822623,1.0747732,1.4398692,0.135747,0.6324089,0.0,0.0,0.69092935,1.126544,1.7799145,0.0,0.89700466,0.89461714,1.1431022,0.19089566,0.6393834,0.2959265,0.0,1.8707781,0.053802434,0.0,0.39165938,0.0,1.0764865,0.0,0.28473938,0.0,0.0,1.4746869,0.0,0.8361179,0.0,0.3856475,0.0,0.0,1.1028246,0.61847603,0.0,1.0488579,0.5951829,1.3219457,0.9936503,0.0,0.0,0.0,1.6740979,0.031428684,0.0,0.43004942,0.8515573,1.0766512,0.9047847,0.5599934,0.8744187,0.0,0.95702946,0.0,0.0,0.23275577,1.0637892,0.91099757,0.97761625,0.0,1.1149482,1.0184228,0.0,0.45575064,0.7848134,0.23832603,1.3593396,0.0,0.549501,0.0,0.24774532,0.7458138,0.38818058,1.0609009,0.6579394,0.2960935,0.0,1.7247238,0.0,0.36487484,0.48551416,0.7139323,1.0494641,1.2469717,0.1990744,0.0,0.9585142,0.0,0.6914602,0.0,0.74104404,1.2821902,0.52131426,0.0,0.0,0.0,0.0,1.7146049,0.5521781,0.0,0.49208003,0.7979445,0.3395197,1.153707,0.0,1.0211433,0.0,0.0,0.69061255,1.6267132,0.0,0.47359607,1.2230303,1.0393617,0.7344392,0.0,0.0,0.6805095,0.0,1.1463361,0.0,0.0,1.2727687,0.71857953,2.4817023,1.2504538,0.0,1.4659412,0.0,2.1737223,0.0054697534,0.31306633,0.7576238,0.0,1.321038,0.0,0.0,0.0,1.7640095,0.0,0.0,0.73191935,0.22934747,0.7455676,0.0,0.0,0.0,0.9385406,0.0,0.0,0.8487371,0.8497952,0.8111815,0.7060901,0.0,0.0,0.0,1.3629799,1.0843049,0.0,0
1.9646975,0.0,0.44045576,1.404611,0.0,1.4566072,0.4751589,0.79913956,0.0,0.6619179,0.0,0.0,0.0,1.2163705,1.2270559,0.24343644,0.0,0.0,0.27296114,0.0,1.1211349,2.2303455,0.1935891,0.18400088,1.0765978,0.73991543,0.5598707,0.0,0.0,0.98814416,0.0,1.9387088,2.5225508,2.0422785,0.0,0.0,0.91104776,0.36442086,0.0,0.0,0.0,0.28427607,0.5156899,1.1338588,0.0,0.0,2.5406406,0.0,0.33076525,0.0,0.0,1.0293674,0.21369046,0.06927836,0.18911654,2.1287577,0.0,0.17132473,1.5681285,0.0,1.072168,0.25303006,0.0,0.0,0.13521111,0.40523693,0.0,1.582162,0.6365344,0.0,0.04939424,0.29229534,0.0,1.0786476,0.11158695,1.2044374,0.0,0.0,0.0,0.6598482,1.3572028,1.0889075,0.69933534,0.23877054,0.0,0.0,0.0,0.0,1.5123225,0.0,0.0,0.4497245,2.3962111,0.55545545,1.0432874,0.8463683,0.84035075,0.38401043,0.0,0.0,0.6758593,1.5481969,1.764989,0.0,1.6554611,0.2637263,1.7259592,0.098464765,0.32880625,0.0,0.0,2.0118284,0.0,0.0,0.23956014,0.0,0.97898275,0.0,0.55899394,0.0,0.0,1.7058057,0.0,1.3701241,0.0,0.21962255,0.0,0.0,0.8479412,0.5302162,0.0,0.98295707,0.6745566,1.5356123,1.637276,0.32861972,0.0,0.0,2.456785,0.40615708,0.0,0.19200248,0.964307,0.8973307,1.0305694,0.20048542,0.6891122,0.27570197,0.14631714,0.0,0.0,0.0,0.21914892,1.2527854,1.4177411,0.0,1.7862152,0.50511247,0.0,1.4862982,0.98843324,0.17587136,1.9257811,0.0,0.8914666,0.0,0.21015501,0.59408253,0.15436044,0.64135486,0.67551345,0.19439323,0.0,1.3050143,0.0,0.37018758,0.506622,1.2963998,1.134812,1.7785475,0.16348638,0.0,1.8049424,0.0,1.2672007,0.0,0.061360393,1.9699315,0.24070682,0.0,0.0,0.0,0.49843478,1.4125706,0.81673807,0.0,0.552442,0.4548217,0.6110072,0.71800256,0.0,1.7272563,0.0,0.0,1.6471825,2.147451,0.0,0.7734592,1.2800988,0.25851864,0.9504458,0.0,0.0,1.0704565,0.0,0.8161434,0.0,0.0,0.40730187,0.47465464,2.8619552,1.1674463,0.0,2.0696619,0.0,1.4558072,0.16554995,0.0,0.8119419,0.0,1.4159461,0.0,0.0,0.0,1.3297684,0.0,0.0,0.17790109,0.22456144,0.96598023,0.0,0.0,0.0,0.62571084,0.059413597,0.0,1.2187072,0.5451618,0.2921284,0.9623008,0.0,0.23738559,0.0,1.3958641,0.944811,0.0,0
1.9217774,0.0,0.7934877,1.3098682,0.0,1.6963906,0.8837823,0.48499465,0.0,0.8964209,0.0,0.0,0.50894153,1.3046011,1.9513731,0.70842856,0.0,0.0,0.65640426,0.0,0.89981246,2.221534,0.0,0.36374295,0.9422203,0.91536677,0.40082234,0.0,0.0,1.457562,0.0,1.5371709,1.9305806,1.433797,0.0,0.0,0.9061384,0.28217605,0.0,0.0,0.0,0.17957598,0.5216351,1.6511387,0.0,0.0,2.3082693,0.0,0.58868986,0.0,0.0,0.5975214,0.17903423,0.017403485,0.13876556,1.9832017,0.0,0.58457464,1.4926618,0.0,1.2177435,0.74304366,0.0,0.0,0.42847067,0.8103201,0.0,1.5542454,0.5080954,0.0,0.041192193,0.23159134,0.0,0.9416529,0.15569358,0.8526102,0.0,0.0,0.0,0.8553385,1.18532,1.4404632,0.915915,0.39222664,0.0,0.0,0.0,0.0,1.456108,0.0,0.0,0.45257327,2.0145473,0.19196647,1.0522563,1.0793828,0.5345636,0.43701035,0.0,0.0,0.66674274,1.7284299,2.1107922,0.0,1.3782394,0.62770414,1.4629387,0.0,0.68914765,0.34958404,0.033559397,1.8203098,0.22986962,0.0,0.110954925,0.0,0.9062724,0.0,0.6449935,0.0,0.0,1.5915815,0.0,1.0605068,0.0,0.009876541,0.0,0.0,1.1072086,0.9768076,0.0,1.4330224,0.76028335,1.3508257,1.5121028,0.20756112,0.0,0.0,2.1279926,0.28049755,0.0,0.44670966,1.1735253,0.5823734,1.0967593,0.50162935,0.7236151,0.2107353,0.6599465,0.0,0.0,0.5804805,0.8509934,0.93109494,0.865614,0.0,1.1702245,0.8916471,0.0,1.1354456,0.98546135,0.24482651,2.0185964,0.0,1.1848806,0.0,0.26434004,0.68896407,0.78399163,0.9707927,0.77936965,0.5390588,0.0,1.3716849,0.0,0.31647682,0.3202814,1.0768201,1.2842495,1.4774477,0.0,0.0,1.2723066,0.0,0.89556783,0.0,0.29713312,1.6124938,0.4376098,0.0,0.0,0.0,0.0,1.5798173,0.66965044,0.0,0.8425226,0.5567377,0.592105,1.0886602,0.0,1.074839,0.0,0.0,1.2975072,1.8166748,0.0,0.52922624,1.11546,0.26572827,0.96776545,0.0,0.0,0.8985113,0.017597884,0.6960844,0.0,0.0,0.8308673,0.6550248,2.3885021,1.1715432,0.0,1.8739889,0.0,2.094858,0.28945976,0.19605774,0.6249496,0.0,1.0247446,0.0,0.0,0.0,1.4042253,0.0,0.0,0.6879929,0.2559823,0.6568638,0.0,0.0,0.0,0.8779584,0.0,0.0,1.3406165,0.7498548,0.6455519,1.1530768,0.0,0.0,0.0,1.3228105,0.9783218,0.0,0
2.144747,0.0,0.28641024,1.4964931,0.0,2.0375724,0.52714884,0.71289724,0.0,1.193013,0.14397758,0.0,0.050466944,1.385186,1.3895283,0.50693506,0.0,0.0,0.8380326,0.0,1.242472,2.7324576,0.0,0.121631734,1.1241494,0.7604755,0.57348156,0.0,0.0,1.0646013,0.0,1.6852545,2.1473372,1.763368,0.0,0.0,0.8672355,0.116896905,0.0,0.0,0.0,0.49069798,0.50786126,1.2272226,0.0,0.0,2.406834,0.0,0.6941587,0.0,0.0,1.5158814,0.3626332,0.04254876,0.20909996,1.7818408,0.0,0.39533457,1.526669,0.0,1.5660181,0.8538671,0.0,0.0,0.017108196,0.2695204,0.0,1.4522537,0.50875646,0.0,0.0,0.4862675,0.0,1.3613269,0.0,1.3165091,0.0,0.0,0.0,0.8371477,1.5656035,1.557547,0.86977506,0.30521116,0.0,0.0,0.0,0.0,1.6511089,0.0,0.0,0.5098816,2.1486511,0.3541077,1.2469281,1.0143127,0.41080943,0.5198977,0.0,0.0,0.53819865,1.7134706,1.3897597,0.0,1.814962,0.8094551,1.5352223,0.0,0.8145102,0.29249352,0.0,1.7094078,0.0,0.0,0.484641,0.0,0.65832764,0.0,0.5482087,0.0,0.0,1.4490932,0.0,1.257647,0.0,0.03522762,0.0,0.0,1.1039062,1.0082742,0.0,1.1581435,0.49489182,1.369076,1.3925672,0.3023969,0.0,0.0,2.342156,0.60132897,0.0,0.6805281,0.97090083,0.961126,1.055852,0.4649645,0.87301147,0.1554039,0.5497243,0.0,0.0,0.0,0.8828737,1.4616009,1.7989964,0.0,1.592128,0.70956343,0.0,1.3641344,1.1529434,0.0,1.8712803,0.0,0.8658574,0.0,0.46980396,0.0,0.7441132,0.68694854,0.68343335,0.2017935,0.0,1.8379883,0.0,0.25475854,0.26040477,1.281884,1.1990653,1.3361273,0.032845512,0.0,1.4673176,0.0,1.1268294,0.0,0.41212842,1.7721927,0.52900165,0.0,0.0,0.0,0.3356445,1.4219775,0.55910337,0.0,0.56828284,0.7400917,0.42054462,1.0725806,0.0,1.3840929,0.0,0.0,1.0967268,1.5868679,0.0,0.8839148,1.5327117,0.6555042,1.0487436,0.0,0.0,0.74888885,0.015778914,0.5303783,0.0,0.0,0.9537373,0.7031647,2.9255154,1.0815609,0.0,2.1203718,0.0,1.8947184,0.26755217,0.0,0.36242226,0.0,1.3524951,0.0,0.0,0.0,1.329133,0.0,0.0,0.9753578,0.5856935,1.1120663,0.0,0.0,0.0,0.61426777,0.0,0.0,1.2030433,0.93288434,0.4659033,1.2577643,0.0,0.09481688,0.0,1.4924258,1.2221985,0.0,0
2.098029,0.0,0.5988351,1.0481848,0.0,1.8108401,0.4735924,0.6691344,0.0,1.0477021,0.0,0.0,0.07684187,1.678444,2.182488,0.6798119,0.0,0.0,0.27856386,0.0,0.69997907,2.2618425,0.0,0.24644214,1.1114554,1.125208,0.48425364,0.0,0.0,1.1627342,0.0,2.0561113,2.4653754,1.8453598,0.0,0.0,1.1243742,0.4231154,0.06987267,0.0,0.0,0.2155669,0.58907557,1.4199849,0.0,0.0,2.831109,0.0,0.4646675,0.0,0.0,1.2622575,0.29398286,0.40456006,0.0,2.2112336,0.0,0.36764148,1.5566691,0.17281854,1.4936988,0.5262656,0.0,0.0,0.59895486,0.67710155,0.0,1.6698366,0.4817425,0.0,0.0,0.69834167,0.0,0.820377,0.0,1.5180717,0.0,0.0,0.0,0.7027693,1.4069102,1.4313526,0.8678658,0.0,0.0,0.0,0.0,0.0,1.3189399,0.0,0.0,0.71123815,2.5842357,0.006630483,1.5662675,1.0487758,0.6112076,0.3947006,0.0,0.0,0.76791805,1.7172801,1.7365029,0.0,1.1229914,0.4618702,1.5686156,0.26893142,0.0,0.085133776,0.0,2.1310618,0.0,0.0,0.22658965,0.0,1.5648568,0.0,0.25223753,0.0,0.0,1.4525533,0.0,0.9577635,0.0,0.39156926,0.0,0.0,1.1742197,0.89344007,0.0,0.9015026,0.53328794,1.5239786,1.4584688,0.0,0.0,0.030053739,2.4272847,0.19133292,0.0,0.6413974,1.1891589,0.981804,1.3242921,0.4949338,1.1793835,0.0,0.6111836,0.0,0.0,0.0,0.5466186,0.83903694,1.1002034,0.0,1.3052918,0.59966135,0.0,0.7799971,0.9152926,0.29368827,2.0438025,0.0,0.8052572,0.0,0.23987147,0.7492714,0.4022365,0.6350927,0.8287001,0.14569895,0.0,1.3992337,0.0,0.45713136,1.0687816,1.0659896,0.7801879,1.7693582,0.4402743,0.0,0.9686789,0.0,1.0509329,0.0,0.37624982,1.4227042,0.17365606,0.0,0.0,0.0,0.0,1.6365867,0.4877859,0.0,0.762579,0.310612,0.6823461,0.9439439,0.0,1.38088,0.0,0.0,1.483942,2.337537,0.0,0.53043973,1.1197107,0.88218284,0.8216994,0.0,0.0,0.941048,0.0,1.092186,0.0,0.0,1.0139891,0.3618837,2.9381747,1.2906184,0.0,2.0361147,0.0,2.2802572,0.0,0.39118716,0.4059673,0.0,1.4306834,0.0,0.0,0.0,1.918578,0.0,0.0,0.48484766,0.17592874,0.49136972,0.0,0.0,0.0,0.8547454,0.0,0.0,1.1699432,0.6230852,0.26285884,1.0908009,0.0,0.0,0.0,1.4584839,0.51674545,0.0,0
1.2320892,0.0,0.56750643,0.30221656,0.0,2.5447965,1.2480206,0.0,0.19709218,1.0542293,0.8095319,0.0,0.7085359,0.7001509,1.78952,0.59736186,0.0,0.0,1.0379956,0.0,0.58774054,1.8375617,0.0,1.0896207,0.59695035,0.7912501,1.4222887,0.0,0.0,1.3917354,0.0,1.1033268,1.2270132,1.0022379,0.19659175,0.0,0.54246324,0.82958037,0.0,0.0,0.0,0.14154363,0.4556067,1.7248162,0.1732525,0.0,1.0444471,0.0,1.2679063,0.0,0.0,1.4596819,0.58160573,0.38829115,0.0830563,1.0623981,0.0,1.0059372,0.9362487,0.37394914,1.9546974,1.3154234,0.0,0.0,0.98147273,0.25458395,0.0,0.98426193,0.28825855,0.0,0.0,0.42957956,0.0,0.8285239,0.37368196,0.6521932,0.0,0.0,0.0,0.6925844,0.9535408,0.68964326,0.80687016,0.50094426,0.0,0.0,0.0,0.0,0.52254117,0.0,0.0,0.41342872,1.7348909,0.0,1.0113132,1.6693423,0.62260264,1.2334536,0.0,0.0,0.14682175,0.7447645,0.8883584,0.0,0.66641325,1.0838331,0.5475721,0.5864882,0.6616451,0.4321005,0.0,0.9141661,0.0,0.0,0.22266479,0.0,0.41442633,0.0,0.10823845,0.0,0.0,1.1554383,0.40921408,0.4267584,0.0,0.40964544,0.0,0.0,0.9680553,0.55414885,0.0,1.2540009,0.29405826,0.6310581,0.62595916,0.0077692172,0.0,0.0,1.3563731,0.21106964,0.0,0.15047702,0.68823326,0.9757468,0.86516887,0.5752373,0.918006,0.0,1.1324698,0.0,0.0,0.81842625,1.1935496,0.54200494,1.5400426,0.0,0.73102933,0.7725895,0.0,0.0,1.4422286,0.2680901,0.90743816,0.0,0.5763684,0.0,0.10172826,0.40376577,1.2548418,0.7711467,0.59046286,0.30336112,0.0,1.6252198,0.0,0.6065623,0.3778812,0.6307105,1.062327,0.638479,0.0071180593,0.0,0.69265306,0.0,0.75141627,0.0,0.7919924,0.83144754,0.032639645,0.0,0.0,0.0,0.6687153,1.422779,1.1545526,0.0,0.06481204,0.8273944,0.52676845,1.3657522,0.0,0.48920682,0.0,0.0,0.9129033,0.83404964,0.0,0.6795041,1.2468175,1.0927624,0.57415617,0.0,0.0,0.80647385,0.0,0.9604511,0.0,0.0,0.2993081,1.2848319,1.6585959,0.9605957,0.0,1.2966378,0.0,1.8340566,0.53566676,0.31792167,0.2930037,0.0,1.0763729,0.0,0.0,0.0,1.4819915,0.0,0.0,1.06247,0.9050412,0.23522054,0.0,0.0,0.0,0.48590904,0.27227765,0.0,0.6361893,1.0772234,0.68779606,0.7605967,0.0,0.0,0.0,1.0177311,1.1656657,0.0,1
1.1009816,0.0,0.191016,0.77325565,0.0,2.460654,0.9182321,0.35355276,0.14079846,1.3922945,0.6825895,0.0,0.83331203,0.5793787,2.2567444,0.5916875,0.0,0.0,1.3302379,0.29445887,0.5360691,1.4857823,0.0,0.8959803,0.39536446,0.7831703,1.8624091,0.0,0.0,0.87172675,0.0,0.92723894,0.90634674,0.6802701,0.0,0.0,0.64281017,0.3967062,0.0,0.0,0.0,0.42171127,1.1417915,1.6316754,0.0,0.0,1.4951204,0.0,1.3972126,0.0,0.0,1.6732821,0.82868993,0.17215252,0.0,1.2153574,0.0,0.95374,0.75976735,0.46807936,2.3492954,1.9848276,0.0,0.0,1.0789286,0.11575965,0.0,0.8950825,0.25121498,0.0,0.12909512,0.29609758,0.0,1.4031007,0.060184486,0.9068319,0.0,0.0,0.0,1.2535634,1.4318962,1.163865,0.9745649,0.47246987,0.0,0.0,0.0,0.0,0.86061794,0.0,0.0,0.77263117,1.687941,0.0,0.6436869,2.078059,0.15910566,1.5119514,0.0,0.0,0.17654519,0.60954773,0.83546966,0.0,0.6103914,1.4449824,0.69697285,0.3556402,1.4789171,0.48239365,0.0,0.8471592,0.0,0.08313483,0.91234285,0.0,0.18905537,0.0,0.0,0.0,0.0,1.4958117,0.3480355,0.94778985,0.0,0.7084982,0.0,0.0,0.54436356,0.5311398,0.0,1.4541125,0.043889333,0.9397912,0.4653484,0.0,0.0,0.0,0.9816387,0.28890115,0.0,0.29854152,0.5927601,1.1946108,0.77853286,0.95444584,0.7982634,0.0,1.5412463,0.0,0.0,0.5032282,1.5449835,1.1699927,1.9943104,0.0,1.0578996,1.1183022,0.0,0.17651106,1.502625,0.5018522,0.7370553,0.0,0.36472595,0.0,0.3344313,0.0,1.0091004,1.0491395,0.29854628,0.61853343,0.0,2.0894966,0.0,0.40450114,0.45391944,0.41612977,1.165474,0.35193962,0.28797,0.0,0.68678117,0.0,0.4130392,0.0,1.1455529,0.8070563,0.3788061,0.0,0.0,0.0,0.9062256,1.7528512,1.1827382,0.0,0.0,1.3229766,0.31375837,1.7669423,0.0,0.4269746,0.0,0.0,0.32765505,0.6040174,0.0,0.42086425,1.0081362,1.7224997,0.45413646,0.0,0.0,1.0644076,0.0,1.4945697,0.0,0.0,1.1717213,1.5083288,2.196199,0.9310734,0.0,1.1284091,0.0,2.060458,0.52446425,0.48240966,0.0038727229,0.0,1.0198363,0.0,0.0,0.0,1.540554,0.0,0.0,1.7473115,0.6120426,0.7768719,0.0,0.0,0.0,0.1619416,0.23001389,0.0,0.53262067,1.0011268,0.956093,0.6784663,0.0,0.0,0.0,0.5889609,1.6300558,0.0,1
0.7283744,0.0,0.25026676,1.0750624,0.0,2.7181563,1.2569951,0.2279115,0.2850962,1.1506274,0.7242169,0.0,1.090643,0.4355695,2.3065736,0.8160314,0.0,0.0,1.7657186,0.22279799,0.42527702,1.6518606,0.0,1.0495611,0.28884584,0.67480916,1.930725,0.0,0.0,1.2055746,0.0,0.52959377,0.4617097,0.40401554,0.124224015,0.0,0.3446468,0.63131577,0.0,0.0,0.0,0.24109828,0.8754184,1.9275004,0.16942263,0.0,1.0164045,0.0,1.2822179,0.0,0.0,1.5358323,0.8349944,0.027082535,0.0,0.98738116,0.0,1.1279719,1.0796205,0.3935706,2.315416,1.963921,0.0,0.0,0.9876956,0.0,0.0,0.5969769,0.28501666,0.0,0.12768282,0.04280293,0.0,1.4345111,0.21164243,0.33075473,0.0,0.0,0.0,1.0746908,1.1918162,0.97672445,0.76829207,0.7752418,0.0,0.0,0.0,0.0,0.5690746,0.0,0.0,0.6034031,1.3326566,0.0,0.24341148,2.583315,0.0,1.127091,0.0,0.0,0.2827414,0.6226429,1.1101906,0.0,0.69174075,1.1745603,0.5151107,0.04581961,1.7464552,0.7915631,0.0,0.4586235,0.2880192,0.06097478,0.8439299,0.0,0.044854976,0.0,0.15472806,0.0,0.0,1.7283075,0.6734548,0.66642076,0.0,0.2499455,0.0,0.0,0.8722643,0.519465,0.0,1.420067,0.083197765,0.26665854,0.5139341,0.23502348,0.0,0.0,0.8087662,0.32115436,0.0,0.30482912,0.6262306,0.95783406,0.5170725,1.2085485,0.72379816,0.0,1.3935477,0.0,0.0,1.0689656,1.9739285,0.9262829,1.9731207,0.0,0.91715413,1.4117974,0.0,0.06729115,1.5838027,0.43536106,0.42301437,0.0,0.3626787,0.0,0.17737858,0.0,1.2488875,1.2520033,0.19212386,0.6632746,0.0,2.0403492,0.0,0.15192717,0.08668142,0.57120425,1.4597814,0.02129871,0.025220944,0.0,0.4656638,0.0,0.18791084,0.0,1.4257745,1.0057644,0.53528285,0.0,0.0,0.0,1.0079434,1.4828671,1.1786357,0.0,0.0,1.2026956,0.13260885,1.5055577,0.0,0.25434712,0.0,0.0,0.21802996,0.0,0.0,0.49041495,1.0202087,1.4785483,0.4085574,0.0,0.0,1.0994631,0.0,1.3669895,0.0,0.0,1.2876555,1.8169624,1.6970494,1.1405998,0.0,0.8515376,0.0,2.148831,1.104091,0.28892788,0.05352989,0.0,0.89681375,0.09851437,0.0,0.0,1.3292227,0.0,0.0,1.4446325,0.9013396,1.0960715,0.0,0.0,0.0,0.27307874,0.2880904,0.0,0.41514906,1.5156552,1.4666038,0.6517717,0.0,0.0,0.0,0.51068723,1.8151959,0.0,1
0.13197243,0.0,0.33748814,0.5217406,0.0,3.3348677,1.3850633,0.145058,0.50950724,1.6583838,1.2447364,0.0,1.666375,0.44705695,3.480198,1.3305119,0.0,0.0,2.2248397,0.41758287,0.05228669,1.3343493,0.0,1.7620485,0.0,0.7623413,2.5224614,0.0,0.0,1.3871313,0.0,0.04072932,0.0,0.0,0.0,0.0,0.0,0.8749832,0.1328203,0.0,0.0,0.124963515,1.5616488,2.3010616,0.0,0.0,0.5865624,0.0,2.0683565,0.0,0.0,1.5267359,1.4889575,0.0,0.0,0.89651626,0.0,1.8697721,1.105765,0.9870748,3.2240674,2.8818107,0.0,0.0,1.7271734,0.0,0.0,0.41997465,0.25199863,0.0,0.39375025,0.0,0.0,1.813627,0.4004748,0.32631817,0.0,0.13291591,0.0,1.5890342,1.2531141,1.4150001,0.7928542,0.8284002,0.0,0.0,0.0,0.0,0.7417722,0.0,0.0,1.1932669,1.2116536,0.0,0.12702422,3.3291247,0.0,1.7607222,0.0,0.0,0.1409411,0.48257276,1.0336881,0.0,0.2777216,2.1802485,0.0,0.38857368,2.68833,1.5014645,0.0,0.20641406,0.6803986,0.20058864,1.3951031,0.0,0.0,0.0,0.0,0.0,0.0,1.9599153,1.1604059,0.7006854,0.0,0.301997,0.0,0.0,0.6906604,0.38772747,0.0,1.8512385,0.0,0.0,0.1274853,0.0,0.0,0.0,0.105985895,0.5005823,0.0,0.6743648,0.31988928,1.2175708,0.49831662,1.6652485,0.97345144,0.14993197,2.3602319,0.0,0.0,2.1990101,3.130593,0.8908589,2.173317,0.0,0.2711455,1.918806,0.0,0.0,1.4752976,0.6083512,0.0,0.0,0.0,0.0,0.44711775,0.0,1.7050065,1.4761202,0.28873113,1.1694776,0.0,2.5909085,0.0,0.41269863,0.5926217,0.02490548,1.5851785,0.0,0.0,0.24624714,0.0,0.0,0.0,0.0,2.2988381,0.6912048,0.5709319,0.0,0.0,0.029599736,1.055829,1.9293401,1.7805454,0.0,0.0,1.9811559,0.20225741,2.1018672,0.0,0.0,0.0,0.0,0.0,0.0,0.0,0.13550635,1.1569415,2.2280366,0.2176035,0.0,0.0,0.94608116,0.0,1.7722638,0.0,0.0,1.810598,2.2060957,1.5112054,0.9796039,0.0,0.43368888,0.0,2.379635,1.4482698,1.0745286,0.0,0.0,0.90314835,0.0,0.0,0.0,2.2446876,0.0,0.021485817,2.2287161,1.2806779,1.143564,0.0,0.0,0.0,0.09977544,0.6766259,0.0,0.32559285,2.0624263,1.639869,0.536202,0.0,0.0,0.0,0.0,2.2474678,0.0,1
1.6717526,0.0,0.8702175,0.97040933,0.0,2.0026095,1.1529989,0.07517019,0.0,1.1765695,0.0431794,0.0,0.41251996,1.889631,2.187745,0.4721619,0.0,0.0,0.29545498,0.0,1.0382093,2.3770711,0.14202596,0.5213763,0.78111416,1.4563375,0.9267085,0.0,0.0,1.0549847,0.0,2.3277376,2.3611414,2.1032526,0.0,0.0,0.6627026,1.0393375,0.0,0.0,0.0,0.16953152,0.64176625,0.9317364,0.0,0.0,2.5353863,0.0,0.62826115,0.0,0.0,1.2676603,0.49886924,0.6807962,0.75160444,1.8589157,0.0,0.84418994,1.4585731,0.16800363,1.8076291,0.7955007,0.0,0.0,0.86966896,0.7960512,0.0,1.5215648,0.4811766,0.0,0.036407117,0.8931931,0.0,0.8746549,0.22565943,1.2738913,0.0,0.0,0.0,0.82719475,1.380734,0.8513371,1.1687154,0.0,0.0,0.0,0.0,0.0,0.99926746,0.0,0.0,0.44851744,2.429578,0.0,1.5577031,1.4439318,0.6967236,0.64895713,0.0,0.0,0.686738,1.8122933,1.6229404,0.0,1.2355028,0.47816747,1.806623,0.8013405,0.086815484,0.0,0.0,1.7753984,0.036696542,0.0,0.0,0.0,1.3942006,0.0,0.10611241,0.0,0.0,1.5300454,0.0,0.8656053,0.0,0.46230972,0.0,0.0,1.3505646,0.9199426,0.0,1.16013,1.5716968,1.9888248,1.2015841,0.1839839,0.0,0.0,2.7556243,0.0,0.0,0.070062846,1.3470625,0.75636554,1.1184428,0.16453479,1.2653326,0.0,0.5167515,0.0,0.0,0.0,0.05428733,0.681261,1.2789611,0.0,1.168087,0.98292696,0.0,1.0621499,0.8614675,0.7858786,1.6088912,0.0,0.67344034,0.0,0.3413033,1.6257699,0.58786434,0.9387907,0.058453042,0.21207134,0.0,0.8675097,0.0,1.0059552,0.46483427,1.2857215,1.0056549,2.0747368,0.40240833,0.0,1.4545803,0.0,0.8274626,0.0,0.51976234,1.2453933,0.33632302,0.0,0.0,0.0,0.12734897,1.8689072,0.6035315,0.0,0.48430172,0.6165857,0.73436064,0.7405973,0.0,1.0919517,0.0,0.0,1.4794227,2.623121,0.0,0.67922664,1.2752942,0.97191584,1.0266786,0.1470191,0.0,0.6243044,0.0,1.438976,0.0,0.0,0.15428568,0.54991394,2.9931962,1.4023849,0.0,1.4693823,0.0,1.8139048,0.0,0.08087238,1.0498943,0.0,1.9483315,0.0,0.0,0.0,2.1224394,0.0,0.0,0.28428864,0.3205339,0.8345776,0.0,0.0,0.0,0.8676488,0.59435534,0.0,1.0034237,0.7541227,0.19685987,1.5080757,0.0,0.0,0.0,1.371526,0.4314987,0.0,0
2.014784,0.0,0.55723405,1.4213336,0.0,1.6822958,0.75703275,0.96634257,0.0,1.1209131,0.0,0.0,0.004725012,1.8756921,1.9289621,0.32668552,0.0,0.0,0.05212519,0.0,1.2793353,2.4817142,0.14114864,0.2626048,1.2423532,0.76703423,0.70977414,0.0,0.0,1.4717304,0.0,2.0240788,2.4107175,1.7722175,0.0,0.0,0.80726266,0.58836234,0.0,0.0,0.0,0.31026295,0.85120887,1.3753328,0.0,0.0,2.762701,0.0,0.47964746,0.0,0.0,0.848049,0.48136976,0.17288168,0.13428171,2.1558232,0.0,0.3052387,1.8256468,0.0,1.0028838,0.51050085,0.0,0.0,0.5978713,0.82878834,0.0,1.6161417,0.47916806,0.0,0.30238605,0.44009483,0.0,0.9311737,0.35756972,1.2783442,0.0,0.0,0.0,0.6708281,1.4932444,1.4050255,0.67178285,0.29801458,0.0,0.0,0.0,0.0,1.814275,0.0,0.0,0.54600346,2.2574303,0.3260035,1.2229993,0.86011237,0.6009164,0.67600334,0.0,0.0,0.74632937,1.7595017,2.2119184,0.0,1.522925,0.4250648,2.0148957,0.14598605,0.35831487,0.0,0.0,1.955734,0.0,0.0,0.45731443,0.0,1.2871864,0.0,0.47040385,0.0,0.0,1.8021406,0.0,1.2987926,0.0,0.10025328,0.0,0.0,0.8456461,0.8757113,0.0,0.8805111,0.767251,1.7087593,1.4282501,0.05930387,0.0,0.01621576,2.5970273,0.3801898,0.0,0.24542108,1.3681508,0.68740726,1.1257882,0.1901855,0.93254,0.048168924,0.38092548,0.0,0.0,0.0,0.71423125,1.2574912,1.2378848,0.0,1.4039956,0.75895166,0.0,1.4067943,0.9882987,0.33755404,1.9299413,0.0,0.6431414,0.0,0.24002397,0.983727,0.38780704,0.9080672,0.641083,0.2827087,0.0,1.3933983,0.0,0.52206,0.7086055,1.2659934,0.9355935,1.7969726,0.118846014,0.0,1.5532992,0.0,1.19069,0.0,0.42386404,1.6542487,0.0,0.0,0.0,0.0,0.0,1.6978648,0.5720778,0.0,0.69462085,0.54556453,0.5343516,0.69480795,0.0,1.6222221,0.0,0.0,1.4340792,2.2530582,0.0,0.7350322,1.188034,0.5847907,1.0634758,0.0,0.0,0.5928966,0.0016600037,1.0660133,0.0,0.0,0.83701426,0.42986017,3.208282,1.4301512,0.0,2.0760434,0.0,1.8730453,0.17852002,0.07302344,0.7596585,0.0,1.6898541,0.0,0.0,0.0,1.6551044,0.0,0.0,0.3582077,0.047369327,0.65549594,0.0,0.0,0.0,0.86694527,0.3628477,0.0,1.2342436,0.6294583,0.24803981,1.2340747,0.0,0.1111203,0.0,1.3777063,0.7557897,0.0,0
2.0061665,0.0,0.62543607,0.9496482,0.0,1.8153622,0.6772466,0.51622266,0.0,0.9878941,0.0,0.0,0.0,1.5751265,2.0325873,0.2958276,0.0,0.0,0.0,0.082802296,1.2663327,2.4595127,0.0,0.46764866,0.8143274,0.7461837,0.85766786,0.0,0.0,1.464538,0.0,2.1710126,2.4564183,1.4687127,0.0,0.0,0.9847579,0.5453455,0.0,0.0,0.0,0.17597114,0.8042763,1.4430932,0.0,0.0,2.5138514,0.0,0.76782274,0.0,0.0,1.0499467,0.29050168,0.33335564,0.0715976,2.3526936,0.0,0.3183977,1.399379,0.20834108,1.1162077,0.6072163,0.0,0.0,0.5825999,0.45237997,0.0,1.6622969,0.37003827,0.0,0.1367922,0.53244656,0.0,1.1664723,0.10431286,1.1016153,0.0,0.029430658,0.0,0.81371,1.1766396,1.0696833,0.64752495,0.1268065,0.0,0.0,0.0,0.0,1.3259095,0.0,0.0,0.4635088,2.4792643,0.5917594,1.3794242,0.8255067,0.36925665,0.67666256,0.0,0.0,0.6668516,1.4839269,1.9489243,0.0,1.2447788,0.5735489,1.7682621,0.49844873,0.48274985,0.08489713,0.0,1.9552815,0.0,0.0,0.21446766,0.0,1.1548896,0.0,0.19956684,0.0,0.0,1.8684341,0.0,1.5842328,0.0,0.42166278,0.0,0.0,0.7586564,0.7863448,0.0,1.3119885,0.44383022,1.7037191,1.4003067,0.021210244,0.0,0.0,2.1598392,0.22241803,0.0,0.4462805,1.2566702,0.5815595,1.238887,0.18762253,0.7591431,0.0,0.46332127,0.0,0.0,0.0126856305,0.7714245,1.0570937,1.2453868,0.0,1.308914,0.6030884,0.0,1.1540874,1.0728494,0.26960045,1.782302,0.0,0.36665264,0.0,0.25379613,0.73512626,0.3453811,1.1335928,0.7465438,0.3406995,0.0,1.5805926,0.0,0.563675,0.885593,1.0473928,0.69439703,1.6652336,0.34543872,0.0,1.3121424,0.0,1.033488,0.0,0.38598105,1.5961368,0.43962073,0.0,0.0,0.0,0.07339864,1.5756032,0.7821025,0.0,0.46110466,0.38656634,0.52576005,0.9004084,0.0,1.5820733,0.0,0.0,1.408072,2.144223,0.0,0.7588111,0.89577365,0.8030791,0.85725176,0.0,0.0,0.7825014,0.0,1.0387791,0.0,0.0,0.9608711,0.48087665,2.8865976,1.1576071,0.0,1.9614394,0.0,1.9109707,0.12268461,0.07876002,0.8609683,0.0,1.275526,0.0,0.0,0.0,1.888171,0.0,0.0,0.517462,0.12156524,0.33624792,0.0,0.0,0.0,0.88495076,0.12436123,0.0,1.4948658,0.77819425,0.14404956,1.0146136,0.0,0.03884889,0.0,1.454934,0.78375965,0.0,0
0.9376882,0.0,0.3331596,0.40707877,0.0,2.727736,1.6280136,0.1671629,0.20769723,1.3157859,1.0465891,0.0,1.21795,0.6140428,2.8106759,0.6437786,0.0,0.0,1.8849142,0.6300082,0.19179647,1.4021187,0.0,0.8879524,0.0,1.0073495,2.3436232,0.0,0.0,1.2402086,0.0,0.8792732,1.0295247,0.46533266,0.0,0.0,0.3654647,0.78541464,0.6163309,0.0,0.0,0.2115828,1.577446,1.9050137,0.0,0.0,0.7537554,0.0,1.9180826,0.0,0.0,1.88043,1.4301177,0.47556558,0.0,1.4416277,0.0,1.6873835,1.1842481,0.9978062,3.1683455,2.1631632,0.0,0.0,1.6788871,0.0,0.0,0.7547581,0.8796724,0.0,0.006082033,0.30241835,0.0,1.3806179,0.14752491,0.6141939,0.0,0.0,0.0,1.1699991,2.0048091,1.5335723,0.8078133,0.45397848,0.0,0.0,0.0,0.0,0.43088058,0.0,0.0,1.202734,1.7522467,0.0,0.73245245,2.6178215,0.0,1.6556344,0.0,0.0,0.3231068,0.5091667,0.6423928,0.0,0.37083977,2.1692843,0.18028682,0.47843397,1.7233735,0.9171842,0.0,0.93322444,0.4041837,0.0,0.84626895,0.0,0.6848887,0.0,0.0,0.0,0.0,1.8770872,0.85052305,0.67156243,0.0,0.97757673,0.0,0.0,0.7222785,0.36469322,0.0,1.9428937,0.0,0.54450965,0.39475968,0.0,0.0,0.0,0.44983152,0.17115878,0.0,0.59401715,0.117867544,1.3338569,0.46620843,1.3077695,1.2316704,0.0,1.7039015,0.0,0.0,1.3091142,1.8959168,0.6505163,2.1419072,0.0,0.7931341,1.1151767,0.0,0.0,1.0980352,0.6837729,0.5211434,0.0,0.2907364,0.0,0.47463223,1.0269802,1.0982103,1.3487257,0.6732917,0.9690853,0.1131963,2.130497,0.0,0.5419542,1.0891874,0.011816215,1.416834,0.0,0.5104334,0.08370316,0.09101118,0.0,0.2607584,0.0,1.6361493,0.6119694,0.8689014,0.0,0.0,0.0,0.91430134,1.7233329,1.2549866,0.0,0.23688501,1.7634275,0.35022083,1.384061,0.0,0.0,0.0,0.0,0.1739946,0.4919141,0.0,0.7475091,1.484783,2.5070245,0.034496192,0.26175523,0.0,1.0337893,0.0,1.9485233,0.0,0.0,1.5857255,1.7898084,2.0240011,1.2480502,0.0,0.40988842,0.0,2.5611708,0.6196915,0.9031966,0.0,0.0,1.2369089,0.0,0.0,0.0,2.347508,0.0,0.11004682,1.7903316,0.7614008,0.7569117,0.0,0.075231075,0.0,0.11015213,0.39161178,0.0,0.3905755,1.6170571,0.9833918,1.1723228,0.0,0.0,0.0,0.25354546,1.5907781,0.0,1
1.9825975,0.0,0.044022784,1.199722,0.0,1.953659,0.7879609,0.72490007,0.023400346,0.8543023,0.15273091,0.0,0.15525909,1.1216342,1.5874414,0.8130953,0.0,0.0,0.99598694,0.07205671,0.99534136,2.608215,0.0,0.21597515,1.0154153,0.9541695,0.8441307,0.0,0.0,1.2759995,0.0,1.5553861,1.9835165,1.5441056,0.0,0.0,1.0411787,0.31392148,0.0,0.0,0.0,0.34856653,0.553562,1.4207611,0.0,0.0,2.128001,0.0,0.8232605,0.0,0.0,1.6038696,0.64000666,0.0,0.07233971,1.8671426,0.0,0.75576746,1.1904289,0.14731073,1.6076491,0.74880296,0.0,0.0,0.34822565,0.22564934,0.0,1.2479662,0.37278908,0.0,0.0,0.2264868,0.0,1.1277202,0.0,1.0713766,0.0,0.04046938,0.0,0.9286453,1.5107543,1.3147548,0.7790599,0.37114978,0.0,0.0,0.0,0.0,1.2034042,0.0,0.0,0.5663227,1.9869473,0.2934823,1.0270934,1.4664748,0.21864109,0.4416074,0.0,0.0,0.53373307,1.2866876,1.3823633,0.0,1.7257724,0.87810713,1.3334469,0.06439469,0.7917064,0.4363837,0.0,1.8616245,0.0,0.0,0.27953872,0.0,0.70401365,0.0,0.404292,0.0,0.0,1.2205174,0.23429185,0.935579,0.0,0.06009411,0.0,0.0,1.1638014,0.9471826,0.0,1.479691,0.4610643,1.0142109,1.177525,0.25290555,0.0,0.0,2.2415316,0.47834644,0.0,0.38719338,0.98138905,1.1783309,0.9496025,0.4640119,0.8350158,0.14812037,0.6953827,0.0,0.0,0.05549631,0.6990135,1.3693479,1.5445361,0.0,1.5125654,0.7382251,0.0,0.8250699,1.0996621,0.028504323,1.7629066,0.0,0.92533964,0.0,0.4061232,0.023185773,0.5839778,0.768317,0.7849676,0.5444203,0.0,1.7018026,0.0,0.081786975,0.24873579,1.0105335,1.2303456,1.2072569,0.17977108,0.0,1.1829295,0.0,0.7467354,0.0,0.53352207,1.616128,0.55445963,0.0,0.0,0.0,0.5514311,1.528777,0.7875065,0.0,0.38821772,0.56380546,0.49863055,1.0675014,0.0,1.2603241,0.0,0.0,1.1903512,1.4027056,0.0,0.7135127,1.5695661,0.59489924,0.90202916,0.0,0.0,0.83589315,0.062585786,0.6619979,0.0,0.0,1.3298414,0.82777536,2.5912023,1.2703245,0.0,1.7465931,0.0,2.1379704,0.3593363,0.0,0.3979351,0.0,1.2813401,0.0,0.0,0.0,1.7104609,0.0,0.0,0.72829473,0.4044947,1.295354,0.0,0.0,0.05815552,0.72211605,0.0,0.0,1.0493275,1.1344663,0.6430827,0.9694734,0.0,0.0,0.0,1.6883274,1.3238207,0.0,0
0.9988857,0.0,0.29721925,1.0306737,0.0,2.664082,1.4897158,0.31586012,0.018454919,1.0788609,0.62060475,0.0,0.45609674,0.56909204,2.4575489,0.36414382,0.0,0.0,1.5643749,0.07467133,0.8351597,1.8579006,0.0,0.8011013,0.52362174,0.82511675,1.6650229,0.0,0.0,1.4209973,0.0,0.9762964,1.6486934,0.7649547,0.0,0.0,0.53488886,0.7341482,0.0,0.0,0.0,0.3654359,1.0716153,1.8058091,0.1545093,0.0,1.4131571,0.0,1.2652094,0.0,0.0,1.5364345,0.9224907,0.09907232,0.0,1.3573592,0.0,0.8319169,1.1133856,0.23519465,2.1764336,1.7948822,0.0,0.0,1.3812852,0.05301401,0.0,1.0245816,0.33611545,0.0,0.054200474,0.43367648,0.0,1.3260525,0.38497823,0.73273844,0.0,0.0,0.0,0.83147216,1.3469276,0.9212779,0.92245823,0.33161134,0.0,0.0,0.0,0.0,0.8169342,0.0,0.0,0.97783136,1.5758954,0.0,0.7847294,1.890191,0.016478842,1.4496889,0.0,0.0,0.40191177,1.1419779,1.0756797,0.0,0.9658707,1.350478,1.0874913,0.62268394,1.0019554,0.4486315,0.0,1.332836,0.18135822,0.0,0.8338235,0.0,0.8540608,0.0,0.012578332,0.0,0.0,1.5540224,0.28077412,0.98947644,0.0,0.50305796,0.0,0.0,1.0507016,0.5954711,0.0,1.0191913,0.57467747,0.77790344,0.6835877,0.4355093,0.0,0.0,1.4005787,0.23983942,0.0,0.35518843,0.8377737,0.99591213,0.9044046,1.0324346,0.8335347,0.0,1.2942814,0.0,0.0,0.2583423,1.6254265,0.6429915,1.7068148,0.0,1.0581632,1.3837622,0.0,0.5383305,1.4019597,0.303582,1.1773816,0.0,0.39244702,0.0,0.2529858,0.39044234,0.9727267,1.326358,0.023769727,0.50341994,0.0,1.7079078,0.0,0.5381034,0.42047834,0.6196375,1.1366475,0.5291432,0.14522536,0.0,0.99161595,0.0,1.2822329,0.0,1.1980973,1.0755063,0.67199373,0.0,0.0,0.0,1.0140724,1.8080771,1.1537663,0.0,0.0,1.153861,0.258765,1.047943,0.0,0.7828715,0.0,0.0,0.9257304,0.9972314,0.0,0.9060074,1.163941,1.5279528,0.5426263,0.0,0.0,1.4868239,0.0,1.2775863,0.0,0.0,0.8535063,1.4457406,2.3633342,1.0354208,0.0,0.8452196,0.0,2.5143762,0.5622459,0.17876425,0.54431623,0.0,1.1689678,0.0,0.0,0.0,1.2663671,0.0,0.10486467,1.4339412,0.6937475,0.7209175,0.0,0.0,0.0,0.5369506,0.30361924,0.0,0.5617003,0.9135823,0.65484124,1.2588854,0.0,0.0,0.0,0.96179914,1.5009485,0.0,1
1.061756,0.0,0.8355842,1.1705567,0.0,2.857895,1.7321064,0.0,0.0,2.3028462,1.422734,0.0,1.4055309,0.61729676,3.2258592,1.1942155,0.5027367,0.0,1.3725669,0.12620682,0.9839105,1.3120761,0.0,2.0674238,0.04097441,0.6516765,2.4971237,0.0,0.0,0.5146855,0.0,0.37137643,0.37578937,0.0,0.40055692,0.0,0.5795833,0.6605413,0.0,0.0,0.0,0.2986069,1.225937,2.3887994,0.7306606,0.0,0.554488,0.0,1.7565925,0.0,0.0,1.1092308,1.283775,0.22578861,0.30613118,0.3858319,0.0,1.4888725,0.8496198,0.35425264,2.7812726,2.5806828,0.36354038,0.0,1.0473887,0.0,0.0,0.72209436,0.46859103,0.0,0.6350821,0.48017573,0.0,1.7071381,0.4952572,0.4200054,0.0,0.0,0.0,0.60472894,0.56018615,1.2788159,1.7524582,0.38538307,0.0,0.0,0.0,0.0,1.2472395,0.3709582,0.0,0.0,1.826922,0.0,1.0161858,3.1680381,0.7666588,2.038008,0.0,0.0,0.5489981,0.55523694,0.8556683,0.0,1.497106,1.1647893,0.55269164,0.91704845,2.0900342,1.5682788,0.0,0.0,1.1316566,0.18624038,1.3453593,0.0,0.50954837,0.0,0.0,0.0,0.0,1.9966964,1.1487118,0.4574853,0.0,0.31710058,0.0,0.0,0.78714204,1.2059698,0.0,1.5117209,0.37112123,0.0,0.3207434,0.0,0.0,0.0,1.2174292,0.9158137,0.0,0.56446755,0.0,1.525671,0.37328094,0.9230264,0.7642191,1.2515024,1.5274839,0.0,0.0,2.3923132,2.4875154,1.5825042,1.8780715,0.0,0.8109551,1.8514506,0.0,0.6303672,1.9157152,0.9292838,0.588084,0.0,0.38898402,0.0,1.5675911,0.0,2.544463,0.9173889,0.06326995,0.3225116,0.0,2.5019186,0.0,0.033056527,0.0,0.3874376,1.3700765,0.09644783,0.33640802,0.0,0.30196014,0.0,0.0,0.0,1.9923416,0.74990183,0.59340405,0.0,0.0,0.0,0.8145451,1.7285393,1.2188888,0.0,0.0,1.5201768,0.0,1.6175449,0.0,0.25464892,0.0,0.0,0.32891768,0.0,0.0,0.46368125,1.8246297,1.7083663,0.46443087,0.0,0.0,0.29326162,0.0,1.4011288,0.0,0.0,0.80340713,1.479583,1.919321,0.688146,0.0,1.2931943,0.0,3.176717,1.1101772,1.1604224,0.3476995,0.0,0.10979696,0.0,0.0,0.0,1.0845901,0.0,0.0,2.6358109,2.0219386,1.1228853,0.0,0.0,0.0,0.043913644,0.49982706,0.0,0.6638314,1.9834665,1.9783579,1.2952809,0.0,0.1713651,0.0,0.0,1.4547759,0.0,1
1.718551,0.0,0.29850677,1.2606707,0.0,1.6321276,0.49974504,0.38984957,0.0,1.1331314,0.4000224,0.0,0.24121907,1.3812001,1.6064056,0.47490352,0.0,0.0,0.40399337,0.0,0.9286485,1.382376,0.0,0.23557344,0.9020443,0.6836404,0.9402547,0.101467974,0.0,0.4865269,0.0,1.743276,1.3405589,1.7085006,0.0,0.0,0.58377904,0.17728327,0.0,0.0,0.0,0.5700682,0.68671185,1.0474713,0.0,0.0,2.1171763,0.0,0.85839534,0.0,0.0,1.4820291,0.4389057,0.0,0.0,1.3489819,0.0,0.37196213,1.1539934,0.32382548,1.5655543,0.8680354,0.0,0.0,0.37578213,0.044192307,0.0,1.2619947,0.28351665,0.0,0.0,0.40664577,0.0,1.0711541,0.27188447,1.1752634,0.0,0.0,0.0,0.7243848,1.5095686,1.2633289,0.75050825,0.0,0.0,0.0,0.0,0.0,1.2617813,0.0,0.0,0.43059775,1.9379839,0.0,1.134449,1.5936632,0.741158,0.36438292,0.0,0.0,0.4991245,1.3200521,0.88149077,0.392114,1.3744991,0.71702135,1.144704,0.24250874,0.011519303,0.0,0.0,1.1952518,0.002531173,0.0,0.27213916,0.0,0.83153576,0.0,0.08690707,0.0,0.0,0.9710562,0.0,0.92093617,0.0,0.65198386,0.0,0.0,1.0765021,0.53346634,0.0,1.4677815,0.7596638,1.4758809,1.3850477,0.3355016,0.0,0.0,1.9472953,0.3582343,0.0,0.18566772,0.60468215,0.9587453,0.8986879,0.2809682,1.0124413,0.0,0.6011856,0.0,0.0,0.0,0.0,0.8261194,1.6245319,0.0,1.1594518,0.5134191,0.0,0.43538505,0.80619884,0.62503433,1.5121471,0.0,0.60853446,0.0,0.029388458,0.94469327,0.19889602,0.31880632,0.7478188,0.0,0.0,1.5373967,0.0,0.210006,0.42425132,1.0197728,1.2810162,1.1943034,0.73291767,0.0,0.6848816,0.0,0.83909315,0.0,0.18222776,1.1076341,0.07781951,0.0,0.0,0.0,0.281235,1.1482797,0.4370316,0.0,0.51797676,0.4862939,0.45358914,0.57208556,0.0,1.0169785,0.0,0.0,1.0590158,1.7925109,0.0,0.78601503,1.1427208,1.1501321,0.78859675,0.0,0.0,0.53344744,0.0,1.0001698,0.0,0.0,0.45827493,0.47075728,2.725289,1.368406,0.0,1.894808,0.0,1.3931012,0.25533253,0.22491592,0.6987485,0.0,1.2794958,0.0,0.0,0.0,1.7467538,0.0,0.0,0.8658824,0.6859763,0.55375063,0.0,0.0,0.0,0.34891295,0.0,0.0,0.9196747,0.6093656,0.49553862,0.5867106,0.0,0.2537355,0.0,0.93833274,0.5224428,0.0,0
2.0958707,0.0,0.3190652,1.8509111,0.0,1.6090708,0.56413484,0.7676916,0.0,0.7969778,0.0,0.0,0.0,1.6207612,1.9654284,0.52116036,0.0,0.0,0.84773445,0.0,1.5874218,2.748959,0.0,0.0,1.3817731,1.0463672,0.37517592,0.0,0.0,1.2342886,0.0,2.285612,2.5252001,2.1703835,0.0,0.0,1.0175781,0.3512815,0.0,0.0,0.0,0.1551222,0.7447806,1.3849033,0.0,0.004585718,3.1183853,0.0,0.37519333,0.0,0.0,1.2035072,0.36256635,0.19702883,0.4417729,2.2448993,0.0,0.4392748,2.0212512,0.0,1.2769918,0.0773835,0.0,0.0,0.0956135,0.37100866,0.0,1.5052104,0.85547054,0.0,0.0,0.16600955,0.0,1.0280715,0.16581206,1.5898557,0.0,0.51666677,0.0,0.45242578,1.740771,1.63917,0.825471,0.09145743,0.0,0.0,0.0,0.0,2.0446224,0.0,0.0,0.6347755,2.9183483,0.85499144,1.1531078,1.0790321,0.40384606,0.0,0.0,0.0,0.8796851,2.4081194,1.99362,0.0,1.8301716,0.12667392,2.1823251,0.0692784,0.4130703,0.0,0.0,1.9412998,0.0,0.0,0.12156515,0.0,1.2696505,0.0,0.25748518,0.0,0.0,1.8911363,0.0,1.5696306,0.0,0.0,0.0,0.0,1.4477959,0.51420176,0.0,1.1129198,1.0762068,1.3186897,1.9267597,0.5111166,0.0,0.0,2.8604856,0.30774447,0.0,0.55741173,1.1347889,1.0866176,1.2017992,0.5658654,0.79617244,0.06561864,0.22539796,0.0,0.0,0.0,0.41411206,1.3947699,1.5352864,0.0,2.2763479,0.4880179,0.0,1.5755643,0.98725766,0.07502443,2.0343215,0.0,0.836517,0.0,0.5216523,0.7170123,0.5511535,0.8878734,0.45743015,0.029987339,0.0,1.2782059,0.0,0.8484014,0.3610831,1.3553321,1.2066095,1.9592924,0.30494553,0.0,1.8555069,0.0,1.4467721,0.0,0.1992676,1.9835775,0.21417527,0.0,0.0,0.0,0.0,1.5083026,0.23358427,0.0,0.7101041,0.19655636,0.6430476,0.43122435,0.0,2.007573,0.0,0.0,1.6031021,2.7028494,0.0,1.0061067,1.4768339,0.6271279,0.88625175,0.0,0.0,1.106262,0.0,0.72976,0.0,0.0,0.65256983,0.12357396,3.4306674,1.5637677,0.0,2.0531325,0.0,1.9034666,0.066299744,0.0,0.78474355,0.0,1.6909075,0.0,0.0,0.0,1.6063737,0.0,0.0,0.21380162,0.048922952,1.0514538,0.0,0.0,0.19211516,0.78054357,0.0,0.0,1.2212363,0.8440304,0.10015395,1.2525337,0.0,0.23331921,0.0,1.8703686,0.6625824,0.0,0
1.4792353,0.0,0.42096266,1.008893,0.0,2.2597158,0.8510727,0.64229035,0.03624127,1.146329,0.30246174,0.0,0.34174082,1.0130404,2.2126694,0.60376227,0.0,0.0,0.6946007,0.27513748,0.642344,1.8907002,0.0,0.6124393,0.81162435,0.9581915,1.0137815,0.0,0.0,1.0652109,0.0,1.1655643,1.626627,1.1205803,0.0,0.0,0.53988236,0.38022992,0.0,0.0,0.0,0.40189204,0.8522597,1.1998979,0.0,0.0,1.9576665,0.0,0.83820295,0.0,0.0,1.042385,0.62110245,0.0,0.042626534,1.4990528,0.0,0.6335787,1.2391992,0.16713044,1.911546,1.2648042,0.0,0.0,0.6134793,0.49301913,0.0,1.3284371,0.49035197,0.0,0.13582473,0.38452053,0.0,1.3481294,0.13141309,0.71240205,0.0,0.0,0.0,1.0722579,1.2439988,1.2036663,0.8910248,0.53318447,0.0,0.0,0.0,0.0,1.2377034,0.0,0.0,0.413406,1.7406927,0.0,1.2321011,1.7891049,0.34695563,0.65940136,0.0,0.0,0.58683705,1.2872169,1.3712298,0.0,1.3358678,1.151657,1.0415381,0.2734253,1.2270417,0.33530775,0.0,1.3808317,0.0,0.0,0.432239,0.0,0.70108074,0.0,0.42851442,0.0,0.0,1.5254647,0.060947392,0.98624223,0.0,0.28551012,0.0,0.0,0.6837272,0.72769046,0.0,1.3605214,0.46272397,1.395012,0.9209735,0.2477511,0.0,0.0,2.065253,0.12134262,0.0,0.23632157,0.9053809,1.3436874,0.8375766,0.6095243,1.1218119,0.12271048,0.9034638,0.0,0.0,0.3634729,1.086843,1.0946484,1.7509067,0.0,1.1401863,1.0761471,0.0,0.7828667,1.126214,0.6175133,1.1777033,0.0,0.63730115,0.0,0.16271439,0.33776662,0.69591683,0.9979885,1.0017829,0.23981458,0.0,1.6300553,0.0,0.33471256,0.49420494,0.81256247,1.3361295,0.88031536,0.0,0.0,0.83291537,0.0,0.5467375,0.0,0.79753953,1.4269333,0.37734047,0.0,0.0,0.0,0.474524,1.4076083,1.1316578,0.0,0.44900784,0.86116695,0.36664006,1.1692176,0.0,1.1328154,0.0,0.0,0.87257576,1.1898869,0.0,0.48325592,0.85770106,0.93971574,0.6412444,0.0,0.0,1.0085336,0.0,1.1102108,0.0,0.0,1.3738557,1.0466942,2.3560922,0.9444588,0.0,1.7213039,0.0,2.0747042,0.43751827,0.28579372,0.16022012,0.0,1.279089,0.0,0.0,0.0,1.5239666,0.0,0.0,1.0296863,0.7135179,0.7572768,0.0,0.0,0.0,0.55753624,0.0,0.0,1.0631388,0.9545835,0.96955705,0.72461945,0.0,0.0,0.0,0.8403977,1.168979,0.0,0
1.7449495,0.0,0.56685877,1.331038,0.0,1.9488128,0.9448396,0.48830363,0.0,0.8260768,0.0,0.0,0.11027609,1.5575827,1.9832201,0.49210533,0.0,0.0,0.038395893,0.0,1.3643444,2.5575514,0.018842034,0.39040256,0.9961202,0.5821139,0.87487173,0.010464679,0.0,1.4612654,0.0,1.9514488,3.2061472,1.4971033,0.038900983,0.0,0.8299379,0.24111317,0.0,0.0,0.0,0.20782621,0.77685434,1.5217544,0.0,0.0,2.6380572,0.0,0.7492457,0.0,0.0,0.8603207,0.4540511,0.23687612,0.31038144,1.9811544,0.0,0.31639242,1.744077,0.0035533686,1.430759,0.42984805,0.0,0.0,0.4242752,0.7057584,0.0,1.2559073,0.66052556,0.0,0.0,0.9409533,0.0,0.74691194,0.050432436,1.4158994,0.0,0.0,0.0,0.48493493,1.3096594,1.291485,1.2599456,0.23054501,0.0,0.0,0.0,0.0,1.4296514,0.0,0.0,0.48763454,2.4293394,0.50244755,1.4687021,1.0164478,1.2169904,0.4482573,0.0,0.0,0.5585654,1.5440487,1.8701986,0.0,1.5820106,0.39610213,1.8412763,0.37508845,0.23367803,0.17437258,0.0,1.8691032,0.0,0.0,0.3212237,0.0,1.1710842,0.0,0.23172337,0.0,0.0,1.4979403,0.0,1.25954,0.0,0.20824078,0.0,0.0,1.1186945,0.64503664,0.0,1.0264574,0.935734,1.5681539,1.420594,0.27516484,0.0,0.0,2.8302238,0.52108717,0.0,0.34281316,1.3244404,0.864693,1.0760808,0.17310442,0.8115735,0.17200775,0.27487525,0.0,0.0,0.035675082,0.6797347,0.9918223,1.1494387,0.0,1.5162516,0.9747749,0.0,1.2716988,1.089637,0.0678326,2.200795,0.0,0.55579555,0.0,0.43521705,0.8154301,0.57161134,0.9163955,0.7476476,0.18752326,0.0,1.2978904,0.0,0.58532244,0.7976509,1.3624502,1.1947131,1.5027826,0.28306115,0.0,1.6026675,0.0,1.5096672,0.0,0.30576226,1.6283491,0.35077867,0.0,0.0,0.0,0.3864913,1.641593,0.78074765,0.0,0.6278558,0.3708605,0.55292904,0.7147237,0.0,1.7757032,0.0,0.0,1.863199,1.8365403,0.0,0.86001706,1.3216469,0.7996017,1.1440706,0.0,0.0,0.48992133,0.17484128,1.0320339,0.0,0.0,0.24901418,0.39629182,2.9321573,1.3557253,0.0,1.6896157,0.0,2.0961041,0.13434784,0.0,0.75886333,0.0,1.4202114,0.0,0.0,0.0,1.6967335,0.0,0.0,0.5656303,0.35345805,0.43538404,0.0,0.0,0.0,0.74858814,0.0,0.0,1.311761,0.57944065,0.20802906,1.5161465,0.0,0.10002549,0.0,1.6680366,0.8585322,0.0,0
2.6029181,0.0,0.86801136,1.8786976,0.0,1.9802215,0.55815583,0.39457858,0.0,1.7000515,0.2648428,0.0,0.25529873,1.3734938,2.5309494,0.7792041,0.5934813,0.0,0.0,0.0,1.3268543,2.3977115,0.0,1.2781101,1.4057447,1.0815363,1.2735512,0.0,0.0,0.47381017,0.0,1.4063691,3.4435153,1.6501523,0.0,0.0,1.538753,0.738497,0.0,0.0,0.0,0.20653531,0.35630858,1.0877547,0.86689484,0.0,3.058143,0.0,0.66748595,0.0,0.0,1.1605648,0.7404702,0.50009215,0.46081161,2.002515,0.0,0.5471462,1.4828753,0.090383835,1.530479,0.81706196,0.3094182,0.0,0.39520597,0.6632362,0.0,1.3959547,0.0,0.0,0.061607767,1.367009,0.0,1.0179198,0.0,1.143712,0.0,0.0,0.0,0.8815222,0.9058567,1.36912,1.2888159,0.32394502,0.0,0.0,0.0,0.09591931,1.6642579,0.0,0.0,0.42740571,2.6231234,0.0,1.6204121,1.7264333,1.0701381,1.1989768,0.0,0.0,0.9977097,1.610836,1.7967303,0.0,2.338699,0.5750772,1.7790687,0.8463626,0.5818742,0.8445919,0.0,2.1380415,0.48207012,0.0,0.7878149,0.0,1.1907489,0.0,0.15316108,0.0,0.0,1.9134451,0.33760038,1.1149266,0.0,0.0,0.0,0.0,1.5692546,1.3651603,0.0,1.2893285,1.2957971,1.380651,0.8699774,0.0,0.0,0.0,2.8837132,0.47225767,0.0,0.3637826,1.220512,1.1759661,1.4010218,0.24535833,1.2750983,0.9391053,0.8032615,0.16440819,0.0,0.0,1.2448441,1.3789353,1.353761,0.0,1.5777034,1.6509798,0.0,1.8045031,1.2135059,0.6726765,2.3803864,0.0,0.6242182,0.0,0.48365054,0.0,1.0745506,0.76383245,0.18522218,0.078770004,0.0,1.263061,0.0,0.56250215,0.0,1.2577245,1.03628,1.3864429,0.8567825,0.0,1.038347,0.0,0.62979317,0.0,1.2560672,1.7947893,0.08929506,0.0,0.0,0.098878086,0.44813138,1.7799278,0.53192705,0.0,0.2783424,0.33866256,0.10396465,1.1312991,0.0,1.3728666,0.0,0.0,1.7632918,1.8382485,0.0,0.57565546,1.665735,0.8978358,1.5506072,0.0,0.0,0.4787996,0.095158085,1.0671206,0.0,0.0,0.7564392,0.762915,2.8707435,1.3362011,0.0,2.1566312,0.0,3.7894022,0.0,0.50630015,1.1553111,0.0,0.818764,0.0,0.0,0.0,1.3539894,0.0,0.0,1.3232024,1.1394595,0.57842207,0.0,0.0,0.0,0.8394327,0.07711546,0.0,1.261054,1.0580647,0.49574867,2.1971455,0.0,0.0,0.0,1.6481081,1.0678468,0.0,0
2.3178291,0.0,0.5062781,2.2785997,0.0,2.2189384,0.46548972,1.097351,0.0,1.6587927,0.0,0.0,0.0,2.062665,2.4878895,0.34487572,0.0,0.0,0.0,0.0,1.0329747,2.859786,0.0,0.9928718,1.5067962,1.0253775,1.3104978,0.0,0.0,1.3435785,0.0,1.9145658,3.674903,2.2363336,0.13316204,0.0,1.2462437,0.17893766,0.0,0.0,0.0,0.47893298,0.18728538,1.0254196,0.5341514,0.0,2.7067335,0.0,0.42101157,0.0,0.0,1.6241609,0.37617284,0.2624172,1.5936029,1.3106569,0.0,0.18150398,2.1789014,0.0,1.0624344,0.15767811,0.15410449,0.0,0.0,0.2873006,0.0,1.1553081,0.0,0.0,0.221884,1.9763154,0.0,1.1649411,0.29017475,1.1703422,0.0,0.0,0.0,0.57483596,0.64515454,1.3980516,0.60336107,0.30378735,0.0,0.0,0.0,0.0,1.9829546,0.0,0.0,0.10767981,2.8126407,0.0,1.3489791,1.4385946,1.3388609,0.8057042,0.0,0.0,0.6599802,2.3931677,1.947366,0.0,2.3010533,0.26038444,2.216076,0.9037767,0.42582646,0.6931054,0.0,1.4928079,0.13588317,0.0,0.40859762,0.0,1.0438168,0.0,0.1899763,0.0,0.0,1.9450297,0.5296333,1.6022155,0.0,0.06906006,0.0,0.0,1.0317199,0.95735437,0.0,0.96396166,1.1617212,1.7520008,1.3451644,0.5244476,0.0,0.0,3.7635674,0.91685605,0.0,0.34564736,1.5304202,0.7511206,1.4886642,0.04600097,1.2440679,1.6134839,0.7375241,0.0,0.0,0.118314356,0.5022416,1.5425315,2.3979678,0.0,1.8077071,1.3867551,0.0,2.1056485,1.3570035,0.03745727,2.547439,0.0,0.9413908,0.0,0.61850536,0.0,1.209305,0.6383395,0.4987637,0.01961412,0.0,1.618908,0.0,0.0,0.07640319,1.705389,1.498462,1.4325984,0.34316704,0.0,2.2702122,0.0,0.8624198,0.0,1.0123806,2.3486025,0.0,0.0,0.0,0.011961664,0.25907394,1.371598,1.284205,0.0,0.38491854,0.31625438,0.0,1.1463988,0.0,2.2587864,0.0,0.0,2.2649987,1.3838259,0.0,1.1028335,1.5434403,0.4390053,1.5857308,0.0,0.0,0.6826459,0.16620949,0.782104,0.0,0.0,0.18557064,0.29584795,3.5358152,1.2255137,0.0,2.7219872,0.0,2.7627182,0.0,0.09203527,0.5372247,0.0,1.2371153,0.0,0.0,0.0,2.081337,0.0,0.0,0.67620623,1.2485012,0.0024903906,0.0,0.0,0.0,0.5732011,0.0,0.0,1.2782781,0.84119046,0.10221234,1.7613709,0.0,0.1563669,0.0,1.7504579,0.6141938,0.0,0
0.53900003,0.0,0.22453313,1.0460405,0.0,2.8876421,1.1811969,0.022049101,0.5483993,1.08339,0.889115,0.0,1.2764723,0.557739,2.6151054,0.9429942,0.0,0.0,2.0816126,0.11867714,0.15633222,1.3862174,0.0,1.5738298,0.3823362,0.73265094,2.1195235,0.0,0.0,1.2141676,0.0,0.1732114,0.0,0.11951112,0.0,0.0,0.33519104,0.42756826,0.0,0.0,0.0,0.07796684,1.2690209,2.5238528,0.0045704297,0.0,0.8983168,0.0,1.5831861,0.0,0.0,1.8072556,1.0827224,0.17177474,0.0,0.66245735,0.0,1.6995288,0.8258774,0.7207702,2.7894711,2.1833553,0.06374283,0.0,1.2848369,0.024176672,0.0,0.48049557,0.6582627,0.0,0.33836028,0.0,0.0,1.2932577,0.38625598,0.67404324,0.022680404,0.082570314,0.0,1.1288698,1.9550158,1.2769233,0.75773954,0.9947818,0.0,0.0,0.0,0.0,0.5267874,0.0,0.0,0.7832534,1.317704,0.0,0.2930911,2.646016,0.0,1.4961429,0.0,0.0,0.2836659,0.6287555,0.65603,0.0,0.43079454,1.342981,0.0,0.2901012,2.402817,1.166733,0.0,0.17410101,0.17040451,0.0,1.0283846,0.0,0.0,0.0,0.027518148,0.0,0.0,1.6734174,0.9685675,0.5159077,0.0,0.16999982,0.0,0.0,0.89701945,0.21668246,0.0,1.4605125,0.0,0.4752837,0.634485,0.039562333,0.0,0.0,0.6779518,0.54094595,0.0,0.59393513,0.11641368,1.3633343,0.093070336,1.4670318,0.98612493,0.0,1.7770897,0.0,0.0,1.664173,2.360532,1.1285089,2.111023,0.0,0.7918684,1.2743943,0.0,0.0,1.4646248,0.36898723,0.10508585,0.0,0.4267075,0.0,0.09541893,0.0,1.6406091,0.9728065,0.56516844,0.9060711,0.0,2.2010221,0.0,0.41045576,0.03209665,0.244622,1.8088745,0.0,0.0,0.0,0.3568813,0.0,0.34838778,0.0,1.7629544,0.5380489,0.2819437,0.0,0.0,0.0,1.0309362,1.696387,1.2634137,0.0,0.0,1.2821305,0.0,1.9440279,0.0,0.06935136,0.0,0.01775969,0.0,0.0,0.0,0.24420024,1.4127387,2.0072262,0.43362606,0.0,0.0,1.1090348,0.0,1.3036095,0.0,0.0,1.2782757,1.8270526,1.5547874,0.9704186,0.0,0.65384984,0.0,1.992322,0.97471875,0.7393526,0.0,0.0,0.7247272,0.043452192,0.0,0.0,1.8702542,0.0,0.0,1.9112222,1.0268557,0.99644893,0.0,0.0,0.0,0.018862393,0.4563181,0.0,0.3244848,1.8897198,1.1136439,0.6606957,0.0,0.0,0.0,0.52940917,1.8242308,0.0,1
1.3600134,0.0,0.015957192,2.0228996,0.0,2.721194,1.0813648,0.7564301,0.0,1.3910177,0.9354972,0.0,0.5942904,1.6412448,2.3429022,1.6091962,0.0,0.0,1.0231936,0.0,0.6715489,2.127973,0.18329813,1.3367931,0.5852742,1.002053,1.6773058,0.0,0.0,1.7700337,0.0,1.2828814,1.6638603,1.891169,0.0,0.0,1.605475,0.35714456,0.0,0.0,0.0,0.0,0.71959805,2.1498055,0.042478707,0.0,2.223471,0.0,1.5660585,0.0,0.0,2.0149832,1.0653439,0.045022145,0.33104175,1.6419159,0.0,1.319936,2.2387376,0.2552574,2.1523252,1.3392707,0.0,0.0,1.0810436,0.30610007,0.0,1.2751439,0.23202552,0.0,0.0,0.70752,0.0,1.0889165,0.17952386,1.5236983,0.0,0.0,0.0,0.64458597,1.6611593,1.7537204,0.6308145,0.5582985,0.0,0.0,0.0,0.0,1.6692797,0.0,0.0,0.88326055,2.2051346,0.0,0.5914152,2.7731755,0.38120857,1.4235972,0.0,0.0,0.8742698,1.5192574,1.0403007,0.0,1.3699375,1.3189555,0.8720626,0.23887053,1.6703717,1.1141909,0.0,1.0365393,0.71401435,0.0,0.608076,0.0,1.2510703,0.0,0.15542533,0.0,0.0,1.958895,0.86144775,1.0675424,0.0,0.0,0.0,0.0,1.6653048,0.6711471,0.0,1.2108884,1.1096016,0.1546764,1.6173818,0.2370132,0.0,0.0,2.0474257,0.84444743,0.0,0.65128654,0.41544357,1.4604007,1.2859412,0.97701836,1.1825261,1.0745016,1.0920571,0.0,0.0,0.86753494,2.1839075,1.5482434,2.7137847,0.0,2.2006834,1.8183144,0.0,0.6233056,1.2692893,0.0,1.4352853,0.0,0.6961488,0.0,1.2576528,0.13807254,1.2732383,0.8866372,0.3489028,0.30621803,0.0,0.9232621,0.0,0.7638427,0.24925047,1.2123984,1.8510543,1.7879542,1.3220539,0.0,1.3589,0.0,0.92238075,0.0,1.5812252,1.5999758,0.32991898,0.0,0.0,0.5632213,1.1244912,1.7462255,1.6096203,0.0,0.0,0.9692019,0.19553415,1.3641576,0.0,0.53230065,0.0,0.0,1.5195549,2.2673748,0.0,1.0109843,1.9676847,1.0441666,0.69628245,0.0,0.0,1.3791108,0.0,0.7116145,0.0,0.0,1.817428,1.4465328,2.960702,1.9146336,0.27391332,1.021819,0.0,3.221621,0.35328394,0.19531825,0.36762074,0.0,1.3690627,0.0,0.0,0.0,2.8712118,0.0,0.0,0.46619558,1.2577428,1.3427631,0.0,0.0,0.26566175,0.39706933,0.64882976,0.0,0.41257092,1.7666562,0.6062821,1.9118097,0.0,0.0,0.0,1.9903411,1.0619849,0.0,1
1.3438331,0.0,0.4352483,1.2547791,0.0,2.1806161,0.7177595,0.25806537,0.0,0.73685855,0.26170796,0.0,0.0,1.3162838,1.7625384,0.5617421,0.0,0.0,0.68622136,0.0,0.86048144,1.9347564,0.116779886,0.51728094,0.7148764,0.84810615,1.2558547,0.16537048,0.0,1.4088544,0.0,1.9131303,1.9386475,1.3353034,0.0,0.0,1.1332419,0.33417436,0.0,0.0,0.0,0.22348887,0.65391004,1.5338885,0.0,0.0,2.308716,0.0,0.8149314,0.0,0.0,1.2858984,0.507481,0.25674728,0.1882873,2.0193188,0.0,0.82247436,1.3134708,0.23429295,1.5833201,0.88393956,0.0,0.0,0.82680726,0.34053704,0.0,1.2548747,0.23172946,0.0,0.031426016,0.47396863,0.0,1.3145175,0.09448356,1.0586647,0.0,0.0,0.0,0.6855161,1.189721,0.7378651,0.79154694,0.0,0.0,0.0,0.0,0.0,1.1192175,0.0,0.0,0.6170258,2.0058506,0.5909361,1.25965,1.5092278,0.48095247,0.7452263,0.0,0.0,0.46702042,1.1375468,1.3270074,0.0,0.85340977,0.6199004,1.4653716,0.22484483,0.4104543,0.07114814,0.0,1.620265,0.0,0.0,0.35952702,0.0,0.81529605,0.0,0.0,0.0,0.0,1.4748129,0.16005424,1.4168632,0.0,0.32037967,0.0,0.0,0.866703,0.3693053,0.0,0.9632202,0.8100243,1.1116914,0.811892,0.0,0.0,0.0,1.837855,0.40264687,0.0,0.23299615,0.72664994,0.7596376,1.1089755,0.6437918,0.8314295,0.0,0.5514897,0.0,0.0,0.0,1.0019302,0.820966,1.4988979,0.0,1.273354,0.9678336,0.0,0.6570344,1.1443839,0.19447546,1.5750325,0.0,0.3231633,0.0,0.4234831,0.7181239,0.35869098,1.1345482,0.41246358,0.20575428,0.0,1.4749303,0.0,0.7144006,0.79852885,0.7541966,0.8290762,1.4639986,0.70611227,0.0,1.5367465,0.0,1.2243123,0.0,0.65372235,1.0487039,0.52197444,0.0,0.0,0.059961222,0.7743953,1.4593184,1.0550761,0.0,0.119759105,0.54214734,0.36373273,1.0664102,0.0,1.1262941,0.0,0.0,1.3131394,1.8480226,0.0,0.5250176,1.3467346,1.2757154,0.856109,0.0,0.0,0.81233186,0.18209499,0.9367747,0.0,0.0,0.8536698,0.8056755,2.5686848,1.2412518,0.0,1.1091512,0.0,2.282056,0.31712532,0.0,0.8263127,0.0,1.1736331,0.0,0.0,0.0,1.6134106,0.0,0.0,0.5584134,0.28886196,0.64208555,0.0,0.0,0.12397168,0.27658808,0.19849141,0.0,0.72201055,1.1128384,0.44792846,1.0642052,0.0,0.13118435,0.0,1.3671125,1.125552,0.0,0
0.8354638,0.0,0.43782106,0.8305175,0.0,2.850762,0.83035886,0.34839937,0.0,1.554509,0.71715564,0.0,0.96700656,0.85989773,2.5259938,1.0404896,0.0,0.0,1.3452617,0.0,0.5073305,1.65261,0.0,1.2841778,0.15465495,0.31666446,1.850471,0.0,0.0,1.3762457,0.0,1.1115588,0.6316162,0.7822526,0.0,0.0,0.4224632,0.8994916,0.1281939,0.0,0.0,0.464548,1.0438504,2.6328902,0.0,0.0,1.8060588,0.0,1.651282,0.0,0.0,1.5645535,0.90075505,0.0752053,0.10310345,1.2618318,0.0,1.3340456,1.6649919,0.75097126,2.076972,1.9056897,0.0,0.0,1.2627064,0.13726637,0.0,0.8374685,0.12266345,0.0,0.30882344,0.679719,0.0,1.5462444,0.39190292,0.953372,0.0,0.0,0.0,0.8500116,1.218672,1.4751126,0.8526153,0.031528544,0.0,0.0,0.0,0.0,0.75748503,0.0,0.0,0.8411932,1.8722268,0.022784803,0.5866166,2.2388475,0.017328897,1.31488,0.0,0.0,0.25461903,1.2486289,1.186308,0.0,0.41310766,0.91953,1.1434177,0.7729069,0.8243815,0.78983253,0.0,0.8559164,0.3739484,0.0,0.5325847,0.0,0.72601664,0.0,0.0,0.0,0.0,1.5605843,0.27516526,0.9699283,0.0,0.3943124,0.0,0.0,1.0952103,0.61693215,0.014568254,1.5579531,0.0,0.5148829,1.1020517,0.21445258,0.0,0.0,0.96898395,0.804055,0.0,0.68338853,0.38591585,0.56157863,1.0993513,1.0712131,0.86014056,0.0,1.7324835,0.0,0.0,1.2638106,0.8893547,0.54096776,1.6875869,0.0,0.72419924,1.3649577,0.0,0.0,1.445888,0.90052277,1.1604733,0.0,0.0,0.0,0.3028656,0.3642635,0.9916881,0.95120835,0.3780692,0.7181874,0.0,1.8857682,0.0,0.5311495,0.6799846,0.525107,1.3911855,0.46731582,0.7621849,0.0,0.5071141,0.0,0.74860054,0.0,1.3730485,1.0844933,0.14946784,0.0,0.0,0.0,0.58992994,1.9115798,1.5131842,0.0,0.21175738,1.1876853,0.4622596,1.4484222,0.0,0.30491725,0.0,0.0,0.9192294,1.0094144,0.0,0.4835441,1.1884658,1.8139948,0.8867906,0.0,0.0,0.96442664,0.0,1.5370978,0.0,0.0,0.34170222,1.7249614,2.4395957,1.0540336,0.0,1.3369218,0.0,2.1226454,0.47870103,0.82157856,0.19401416,0.0,0.9887952,0.0,0.0,0.0,2.4482358,0.0,0.0,1.2381941,0.944857,0.5912163,0.0,0.0,0.0,0.12641047,0.031774625,0.0,0.66939265,0.97142184,0.8555093,1.0142747,0.0,0.55468476,0.0,0.67392355,1.0233452,0.0,1
1.6398993,0.0,0.39637992,1.1289763,0.0,2.1684005,0.60164607,0.5098839,0.0,1.1169999,0.310277,0.0,0.094741255,1.5711962,1.2673315,0.6462261,0.0,0.0,0.30817053,0.14687526,0.95211494,2.3635745,0.20416404,0.5113747,0.82298297,0.7596682,0.72005653,0.0,0.0,1.1965748,0.0,1.867502,1.6614994,1.5663611,0.0,0.0,0.9090199,0.20377003,0.0,0.0,0.0,0.2643683,0.8684787,1.0091823,0.0,0.0,2.0497506,0.0,0.9873854,0.0,0.0,1.7860588,0.4581765,0.03030947,0.3363097,1.6364995,0.0,0.5343871,1.2417907,0.23680374,1.4361945,0.76215714,0.0,0.0,0.4699879,0.18166704,0.0,1.3875748,0.4156175,0.0,0.0,0.5413401,0.0,0.7537825,0.031454943,1.1097088,0.0,0.0,0.0,0.81786686,1.3001734,1.0603614,0.7877196,0.3867346,0.0,0.0,0.0,0.0,1.1626399,0.0,0.0,0.4083017,2.0691886,0.21388835,1.3146975,1.3632885,0.7671292,0.16620675,0.0,0.0,0.68274194,1.3256154,1.3182129,0.0,1.4429209,0.37993973,1.1515319,0.04454737,0.08728114,0.0,0.0,1.1073167,0.0,0.0,0.1247239,0.0,0.69487226,0.0,0.22241715,0.0,0.0,1.0483257,0.21814528,0.48228192,0.0,0.5606075,0.0,0.0,0.88650215,1.071026,0.0,1.5976424,0.53059316,1.1112072,1.4074442,0.005625834,0.0,0.028479535,2.153456,0.41439626,0.0,0.38224477,0.91729015,1.0526365,1.135677,0.09049164,0.90573734,0.0,0.74620956,0.0,0.0,0.32617316,0.3787688,1.1388112,1.5214363,0.0,1.4215938,0.6065762,0.0,0.39192155,1.0780312,0.22034417,1.411642,0.0,0.9641915,0.0,0.14102042,0.68734527,0.37379465,0.3175541,0.80034155,0.52826804,0.0,1.6458193,0.0,0.05073753,0.54851854,0.986345,1.0113883,1.2045848,0.6529651,0.0,0.9771566,0.0,0.84532326,0.0,0.39758876,1.0119516,0.04686136,0.0,0.0,0.0,0.29893106,1.0659647,0.8955357,0.0,0.5017365,0.5373066,0.609814,0.8588869,0.0,1.0163964,0.0,0.0,1.2094997,1.5161527,0.0,0.7607574,1.4544178,0.8947252,0.8081865,0.0,0.0,0.3757513,0.0,0.8809509,0.0,0.0,1.058858,0.60754037,2.7765667,1.6707691,0.0,1.6279917,0.0,1.6922934,0.42235118,0.21368049,0.52556974,0.0,0.85821724,0.0,0.0,0.0,1.8723872,0.0,0.0,0.77327156,0.68284154,0.6655354,0.0,0.0,0.11261493,0.2257286,0.0,0.0,1.150852,1.0872312,0.26584682,0.5820305,0.0,0.02990605,0.0,1.3210356,0.8377638,0.0,0
0.41480577,0.0,0.43145946,0.8453527,0.0,2.383867,1.2070168,0.020151379,0.0,1.6129179,0.79672563,0.0,0.8926306,1.158726,3.1239402,0.9190921,0.0,0.0,1.1332257,0.2312125,0.565288,1.3210377,0.0,1.5423416,0.002674216,0.80357987,2.081097,0.0,7.4362266e-05,1.3611351,0.0,1.4024501,0.41535193,1.0101826,0.49577606,0.0,0.067283764,1.0866662,0.0,0.0,0.0,0.2652093,0.9620806,1.974326,0.0,0.0,1.4980897,0.0,1.0074744,0.0,0.0,1.2378813,0.73643583,0.1189445,0.0,1.6543895,0.0,1.1763572,1.1992987,0.37484095,1.863507,1.9588705,0.14015682,0.0,0.6717652,0.0,0.0,1.118105,0.2125654,0.0,0.2694423,0.52394986,0.0,1.5906963,0.0,0.4421662,0.0,0.05363518,0.0,1.1836662,0.8614467,0.76323164,0.67235154,0.0,0.0,0.0,0.0,0.0,1.0247301,0.0,0.0,0.60103714,1.6793475,0.0,0.58577645,2.4474704,0.0,1.2539669,0.0,0.0,0.851943,0.78974235,1.0291178,0.1218253,0.6727338,0.7704091,1.004838,0.0,1.4663874,0.7789046,0.0,0.75478125,0.33542737,0.0184989,0.98334634,0.0,0.8401868,0.0,0.0,0.0,0.0,2.052374,0.30333018,0.94746965,0.0,0.22415067,0.0,0.0,0.63523084,0.599852,0.020109762,1.7173989,0.28141928,0.88077843,1.275198,0.0,0.0,0.0,1.174348,0.36598867,0.0,0.84361494,0.90775084,0.37633178,1.2319866,0.976959,0.96049345,0.11642313,1.8748373,0.0,0.0,0.9905427,1.1947802,0.78809035,1.871816,0.0,1.005293,1.163768,0.0,0.07553188,0.8029951,1.0487956,0.7809634,0.0,0.11405589,0.0,0.35947296,0.6400174,1.0503609,0.6675909,0.0,0.028585155,0.0,2.3178093,0.0,0.36896738,0.29483414,0.61259955,1.017998,0.750929,0.7938555,0.0,0.3501116,0.0,0.0,0.0,0.60087425,0.6166057,0.5836309,0.0,0.0,0.0,0.0,1.6522515,0.8028083,0.0,0.0,1.1505942,0.2857367,1.1930764,0.0,0.40279588,0.0,0.0,0.23614995,0.55175525,0.0,0.42380688,0.998613,1.2270526,0.43775326,0.0,0.0,0.7344711,0.0,1.5839938,0.0,0.0,0.70404816,1.7253939,2.2949,1.6051604,0.0,1.1768309,0.0,2.1301932,0.83592254,0.6280263,0.42738476,0.0,1.175099,0.21743079,0.0,0.0,2.056787,0.0,0.026725005,1.1361123,1.160468,0.67299813,0.0,0.0,0.21751574,0.4076329,0.19914337,0.0,0.6201402,1.5778981,1.3929888,0.51707464,0.0,0.19472815,0.0,0.22017924,1.0076137,0.0,1
1.1839198,0.0,0.47401205,0.5031176,0.0,2.7238202,1.2091078,0.27019647,0.25713992,1.6425238,0.8390464,0.0,1.010553,0.81964034,2.5452323,0.804941,0.0,0.0,1.1868052,0.47542465,0.46279246,1.6382767,0.0,1.2363037,0.21614674,0.976543,1.8742552,0.0,0.0,1.0311195,0.0,1.2065903,1.0422078,0.5814635,0.0,0.0,0.6534378,0.62778497,0.030575654,0.0,0.0,0.2243646,1.1903921,1.5266578,0.0,0.0,1.0949377,0.0,1.6006927,0.0,0.0,1.6184064,0.7789643,0.034816846,0.0,1.5187813,0.0,1.0660207,1.0096464,0.4565299,2.5214202,2.191639,0.0,0.0,1.2248265,0.24657403,0.0,1.1454804,0.451474,0.0,0.20455435,0.33532047,0.0,1.7697327,0.0053294674,0.85684806,0.0,0.0,0.0,1.4867647,1.4102632,1.4202251,0.77430546,0.3665196,0.0,0.0,0.0,0.0,0.72236246,0.0,0.0,0.9223889,1.4601446,0.0,0.9752998,2.176417,0.0,1.4534516,0.0,0.0,0.17856663,0.7103022,1.1354868,0.0,0.5553826,1.5184319,0.33863655,0.5237736,1.5256419,0.55879664,0.0,1.1397684,0.0,0.0,0.7002287,0.0,0.7086858,0.0,0.0,0.0,0.0,1.7124084,0.46392736,0.94996434,0.0,0.76709145,0.0,0.0,0.59522396,0.6619056,0.0,1.3797815,0.0059598577,0.96687716,0.5443791,0.0,0.0,0.0,0.95175546,0.079772465,0.0,0.40827063,0.5013447,1.0982288,0.7878676,1.162521,1.2921689,0.0,1.458903,0.0,0.0,1.0142329,1.7201594,0.5167083,1.603176,0.0,0.7862101,0.985607,0.0,0.030359218,1.476759,0.80803686,0.9345772,0.0,0.4794864,0.0,0.15600815,0.054757934,1.0371295,1.3808968,0.6133678,0.7897487,0.0,2.2950754,0.0,0.34702253,0.7425361,0.32476363,1.3428091,0.20935577,0.028623475,0.11533713,0.26152608,0.0,0.22419697,0.0,0.9528285,0.86903405,0.53795296,0.0,0.0,0.0,0.4633274,1.6945014,1.1006331,0.0,0.19668642,1.3800744,0.29785922,1.804022,0.0,0.5453439,0.0,0.0,0.4096178,0.6822469,0.0,0.45757946,0.98023224,1.8624766,0.4924465,0.0,0.0,0.70586514,0.0,1.5064186,0.0,0.0,1.7552785,1.5569247,2.0316925,0.9933931,0.0,1.5996984,0.0,2.3907824,0.42046443,0.8030516,0.0,0.0,1.0564096,0.09939813,0.0,0.0,1.9629633,0.0,0.0,1.8411516,0.8486336,0.44235158,0.0,0.0,0.0,0.43888253,0.18220057,0.0,0.5919109,1.1273158,1.3870828,0.8631582,0.0,0.0,0.0,0.5831709,1.5428724,0.0,1
0.49793154,0.0,0.2438675,0.8778382,0.0,2.4972816,0.99637127,0.10195932,0.0,1.901818,1.0199075,0.0,0.7480321,1.0209618,2.9649892,0.8356523,0.0,0.0,1.073623,0.46022195,0.9397067,1.3952633,0.0,1.1527839,0.6262342,0.8686215,1.9662561,0.0,0.0,0.81867266,0.0,1.0980314,0.9135278,0.9311327,0.0,0.0,0.36212385,0.5602616,0.0,0.0,0.0,0.45304883,1.0416873,1.8962318,0.0,0.0,1.5214971,0.0,1.1254389,0.0,0.0,1.6119779,0.7834189,0.03422097,0.0,1.4453235,0.0,1.3265771,1.126779,0.58087945,2.6887667,2.2419124,0.0,0.0,0.8879541,0.0,0.0,0.97329944,0.29672253,0.0,0.121158995,0.38197863,0.0,1.8873582,0.27237335,0.91355383,0.0,0.0,0.0,1.2273991,1.3108464,1.058565,1.0848305,0.0,0.0,0.0,0.0,0.0,0.7944989,0.0,0.0,0.85206604,1.4489775,0.0,0.4006555,2.2140837,0.26875684,1.3577826,0.0,0.0,0.44566667,1.0458751,0.9732291,0.0,0.7547537,1.5122836,0.89115614,0.62300235,1.1594206,0.48536092,0.0,0.9730081,0.32093757,0.10950881,0.95715207,0.0,0.44603524,0.0,0.0,0.0,0.0,1.5488056,0.30228114,0.8988667,0.0,0.6916056,0.0,0.0,0.87970847,0.70877475,0.0,1.4316072,0.23072843,0.91589546,0.75821584,0.14271067,0.0,0.0,1.0543438,0.22006984,0.0,0.5837919,0.8710976,0.9842387,0.6854062,0.78818125,1.1770754,0.0,1.6602741,0.0,0.0,0.9742834,1.2637682,0.5644657,2.0313017,0.0,0.88545376,1.1831172,0.0,0.3158441,1.0366452,0.96926284,1.2427406,0.0,0.24295464,0.0,0.44930124,0.20737772,1.1938995,0.6991956,0.11351765,0.54313356,0.0,2.2270832,0.0,0.0,0.63029104,0.5747341,1.3062676,0.41765517,0.21126403,0.0,0.58385175,0.0,0.28751543,0.0,0.7448038,0.9751027,0.46345112,0.0,0.0,0.0,0.39793828,1.7928343,0.9720271,0.0,0.2694109,1.3571612,0.31722838,1.6709869,0.0,0.837525,0.0,0.0,0.45767036,0.7580663,0.0,0.6717452,0.8603217,1.748744,0.6700609,0.0,0.0,0.7207407,0.049459063,1.5027359,0.0,0.0,0.9439653,1.508109,2.3438754,1.1004567,0.0,1.4655769,0.0,2.058241,0.52703625,0.4805666,0.10744718,0.0,1.4379344,0.0,0.0,0.0,1.5492365,0.0,0.0,1.8260959,1.1727724,0.943318,0.0,0.0,0.0,0.44651553,0.010722057,0.0,0.49645892,1.0452912,1.2827227,0.8964096,0.0,0.0,0.0,0.1817816,1.2054576,0.0,1
0.8310965,0.0,0.27797994,0.602893,0.0,2.5766082,1.0043379,0.41427603,0.16277783,1.3620609,0.76519626,0.0,1.051651,0.73240924,2.714765,1.0710123,0.0,0.0,0.920489,0.44186294,0.52559865,1.4101523,0.0,1.4045485,0.0,0.9316503,1.8852623,0.0,0.0,1.4135156,0.0,0.73353493,1.3610884,0.12079012,0.0,0.0,0.7031544,0.71870244,0.0,0.0,0.0,0.19491045,1.1943537,2.1420434,0.0,0.0,1.3509618,0.0,1.5885624,0.0,0.0,1.3555154,1.0087548,0.0,0.0,1.2818836,0.0,1.0520467,0.93212056,0.5880747,2.1288705,1.8713571,0.0,0.0,1.1612928,0.3240018,0.0,1.0789777,0.056285426,0.0,0.46708304,0.3860445,0.0,1.5192585,0.067956574,0.8029286,0.0,0.0,0.0,1.4651053,1.0235009,1.2809625,0.89889795,0.5974931,0.0,0.0,0.0,0.0,0.82907796,0.0,0.0,0.9047518,1.473528,0.0,0.600471,2.256792,0.08232098,1.4414066,0.0,0.0,0.45552132,0.5961699,1.5452534,0.0,0.7746756,1.6231078,0.5961034,0.23038703,1.6670392,1.0677402,0.0,0.9796509,0.41918066,0.0,1.0290594,0.0,0.2593099,0.0,0.07239453,0.0,0.0,1.77305,0.5637072,0.7748559,0.0,0.6356457,0.0,0.0,0.7966853,0.67009103,0.0,1.2697647,0.0,0.88206285,0.8091095,0.0,0.0,0.0,1.182782,0.4497113,0.0,0.56845105,0.6894678,1.393004,0.8872321,0.9610557,0.6709743,0.091098465,1.3292178,0.0,0.0,1.3258591,2.0800905,1.1598111,1.4206638,0.0,0.9359447,1.5874856,0.0,0.30998522,1.3554686,0.5568511,0.65746856,0.0,0.23982437,0.0,0.50087327,0.0,1.2407063,0.87658596,0.099910475,0.81252486,0.0,2.2921808,0.0,0.14046836,0.6682474,0.381446,1.2968414,0.29695517,0.26439846,0.0,0.43369788,0.0,0.3285931,0.0,1.8103856,1.2837334,0.50452155,0.0,0.0,0.0,0.98311406,1.9412744,1.6551514,0.0,0.075611226,1.3272122,0.32544026,1.5898949,0.0,0.27663234,0.0,0.0,0.42958337,0.5370951,0.0,0.44103697,1.0108298,1.4231308,0.45751965,0.0,0.0,1.0242058,0.27341387,1.2492658,0.0,0.0,1.3985593,1.5146011,1.9818313,1.0180498,0.0,1.1707745,0.0,2.6363752,0.59618866,0.8639443,0.21943286,0.0,0.5147565,0.0,0.0,0.0,1.749652,0.0,0.1459655,1.8293601,0.65111655,0.65045244,0.0,0.0,0.0,0.5514188,0.19690453,0.0,0.8203261,1.2739494,1.1794404,1.0903466,0.0,0.0,0.0,0.6426551,1.8759667,0.0,1
1.4095681,0.0,0.40630162,1.1143808,0.0,1.7724924,0.78669393,0.5851485,0.0,0.68919486,0.41270033,0.0,0.26546693,1.0412087,1.4736396,0.62892455,0.0,0.0,1.2412434,0.0,0.82784027,1.6650374,0.0,0.13597685,0.8007985,0.92477804,1.0718919,0.08687664,0.0,1.151252,0.0,1.263752,1.7563089,1.227324,0.0,0.0,0.6328462,0.4599854,0.0,0.0,0.0,0.30876297,0.6458812,1.3878298,0.03876355,0.0,1.8624079,0.0,0.9156783,0.0,0.0,1.310451,0.65855014,0.009201967,0.012524966,1.4472504,0.0,0.55783623,0.955826,0.16026473,1.6113014,1.1511652,0.0,0.0,0.6028161,0.16389413,0.0,1.422386,0.36417016,0.0,0.046868164,0.21184409,0.0,1.2823676,0.15882853,0.780582,0.0,0.0,0.0,0.9346479,1.36821,0.9008007,0.95120263,0.15109123,0.0,0.0,0.0,0.0,0.76104426,0.0,0.0,0.7487297,1.4717476,0.087521195,0.9574594,1.4255751,0.19673665,0.7895378,0.0,0.0,0.49256578,0.68238,1.0661727,0.0,1.286638,1.0118355,1.0317,0.09811062,0.86658245,0.21851651,0.0,1.5292432,0.0,0.0,0.6162713,0.0,0.3333153,0.0,0.15313223,0.0,0.0,1.0263791,0.18772411,1.0592439,0.0,0.08202081,0.0,0.0,0.9864387,0.6610838,0.0,1.1060197,0.6095836,0.9477947,0.9463837,0.22477816,0.0,0.0,1.668418,0.29601154,0.0,0.47805846,0.5770097,1.1724641,0.6491604,0.57840466,0.6277458,0.25901788,0.70046073,0.0,0.0,0.21578409,0.91644335,1.0715249,1.3222705,0.0,1.1004723,0.85599166,0.0,0.6140273,1.0658191,0.0,1.493877,0.0,0.6371413,0.0,0.47391218,0.27455616,0.41747296,0.7515038,0.37551084,0.14522947,0.0,1.6501641,0.0,0.42468587,0.4163313,0.6538386,0.98012596,1.0998778,0.0,0.0,1.350057,0.0,0.8182643,0.0,0.8593468,1.1478382,0.65275073,0.0,0.0,0.0,0.45145428,1.6618468,0.38508093,0.0,0.18668763,0.77586174,0.35636303,0.96302086,0.0,1.1236167,0.0,0.0,0.7677605,1.1477336,0.0,0.5488903,1.3879349,0.7165144,0.79920864,0.0,0.0,1.0369302,0.0,0.8855189,0.0,0.0,0.8875368,0.90998876,2.2909794,1.1265186,0.0,1.4034718,0.0,1.9909129,0.28445414,0.0,0.40950376,0.0,1.3799926,0.0,0.0,0.0,1.0608224,0.0,0.0,0.88748515,0.6377556,1.2471713,0.0,0.0,0.0,0.5139502,0.16249873,0.0,0.7421446,0.954401,0.7626075,0.9825279,0.0,0.0,0.0,1.2023338,1.2978967,0.0,1
1.4097059,0.0,0.38499275,0.84130424,0.0,2.887589,1.2023029,0.0898031,0.031244913,1.3205689,0.6005935,0.0,0.68169785,1.0932837,2.4357512,0.84777206,0.0,0.0,1.3828285,0.16881967,0.45592576,2.1347497,0.0,0.8561632,0.58189654,0.82754445,1.3796437,0.0,0.0,1.8214804,0.0,1.154203,1.4804217,0.67630816,0.0,0.0,0.64271694,0.6369173,0.0,0.0,0.0,0.03718832,1.0926214,1.8938054,0.0,0.0,1.4193695,0.0,1.4784154,0.0,0.0,1.4010371,0.7289431,0.45704168,0.0,1.5173819,0.0,1.3108466,1.465817,0.3960392,2.2257533,1.6083049,0.0,0.0,0.9509457,0.28710327,0.0,1.1933434,0.3969221,0.0,0.006765266,0.32832688,0.0,1.8202987,0.0,0.8545278,0.0,0.0,0.0,1.159442,1.3147563,1.2235627,1.0125517,0.13409734,0.0,0.0,0.0,0.0,0.9819325,0.0,0.0,0.7473091,1.6311256,0.0,1.0658987,1.8601938,0.0,0.96414816,0.0,0.0,0.3021921,1.1138484,1.4244019,0.0,0.87716025,1.3973264,0.904668,0.57539576,1.3835516,0.7836923,0.0,1.37756,0.10805425,0.0,0.6062806,0.0,0.6163847,0.0,0.08148678,0.0,0.0,1.3219156,0.120071135,0.9006204,0.0,0.29015374,0.0,0.0,0.8530061,0.5530032,0.0,1.5415771,0.10565262,0.7649227,0.75703645,0.0,0.0,0.0,1.2766963,0.33506426,0.0,0.5318326,0.627528,1.0014664,0.69675004,1.1296942,1.0042499,0.0,1.0684638,0.0,0.0,1.0253618,1.830068,0.51953083,1.6644332,0.0,0.82605463,1.1007721,0.0,0.18547393,1.0587071,0.33700368,1.1156745,0.0,0.3422492,0.0,0.58088046,0.35606262,1.1712205,1.3844975,0.75971466,0.7555198,0.0,1.7746292,0.0,0.46185583,0.6055747,0.5659745,1.1637872,0.646324,0.0,0.0,0.5451237,0.0,0.48725715,0.0,0.8435418,1.1781787,0.68197626,0.0,0.0,0.0,0.1306807,1.6964167,0.8059823,0.0,0.48009363,1.1520535,0.38302544,1.4506263,0.0,0.7583011,0.0,0.0,0.6380125,0.86646444,0.0,0.47300506,1.2612606,1.4142481,0.45151109,0.0,0.0,0.7550392,0.0,1.4319317,0.0,0.0,1.2463628,1.0751885,2.2498088,1.1548147,0.0,1.13676,0.0,2.5276706,0.37792572,0.29808974,0.36667737,0.0,1.3848201,0.0,0.0,0.0,1.6917013,0.0,0.0,1.46704,0.6274247,0.84979874,0.0,0.0,0.0,0.4962531,0.0,0.0,0.7026141,1.4695529,0.9185096,1.129777,0.0,0.0,0.0,0.9652271,1.3439223,0.0,1
1.3799895,0.0,0.5949687,0.66963583,0.0,2.310112,1.467146,0.22215003,0.0,1.3404382,0.6395655,0.0,0.80041885,0.92471045,2.2873118,0.8463518,0.0,0.0,0.6662445,0.17337996,0.77432203,1.4872069,0.0,0.8997343,0.26400504,0.8611472,1.6508602,0.0,0.0,1.179463,0.0,1.2694336,1.6671396,0.83275616,0.0,0.0,0.26752543,0.3511311,0.0,0.0,0.0,0.20590554,1.1245278,1.8566545,0.0,0.0,1.5183252,0.0,1.4673524,0.0,0.0,1.1343617,0.5917152,0.3882772,0.0,1.4264952,0.0,1.0261708,1.1606982,0.40922612,1.9403684,1.8786479,0.0,0.0,1.0099751,0.14143348,0.0,0.8868288,0.28178644,0.0,0.1586657,0.6071082,0.0,1.5294263,0.05352851,0.5228092,0.0,0.0,0.0,1.3679156,1.0586195,0.92931116,1.2622839,0.22299792,0.0,0.0,0.0,0.0,0.9158069,0.0,0.0,0.57556456,1.5637064,0.0,1.1872158,2.0570927,0.5073659,1.1677617,0.0,0.0,0.4157841,0.80471987,1.4163471,0.0,0.59296817,1.2724175,0.83922315,0.3214703,0.7599692,0.55690324,0.0,1.168414,0.3653486,0.0,0.6471046,0.0,0.6311577,0.0,0.12501912,0.0,0.0,1.3046159,0.1902036,0.8086489,0.0,0.5237357,0.0,0.0,0.64717716,0.66831225,0.0,1.2055073,0.4856442,1.0992132,0.8671529,0.11757552,0.0,0.0,1.5790654,0.31825727,0.0,0.26769382,0.75032306,0.98510456,0.76481193,0.5379548,1.12374,0.0,1.1541978,0.0,0.0,0.76162946,0.98887074,0.879913,1.5255053,0.0,0.68422395,1.1846912,0.0,0.41386697,1.112443,0.6843543,1.0734799,0.0,0.46894947,0.0,0.53415227,0.71991515,0.9223803,1.010431,0.42372087,0.41060004,0.0,1.8496871,0.0,0.3479818,0.50555825,0.5924293,1.3694077,0.77107483,0.16510828,0.0,0.6852104,0.0,0.39357057,0.0,0.7820102,0.83996683,0.74905425,0.0,0.0,0.0,0.36444703,1.5468663,0.6801314,0.0,0.28211072,1.1928315,0.44286984,1.3449607,0.0,0.6261268,0.0,0.034883928,1.0053148,0.94893545,0.0,0.5778624,1.3853134,1.3742176,0.7295019,0.26925516,0.0,0.7157903,0.0,1.4532388,0.0,0.0,1.0803343,1.1985852,1.9899613,1.2256879,0.0,1.2296096,0.0,2.068804,0.3573517,0.4675379,0.5566321,0.0,1.0738289,0.0,0.0,0.0,1.7432942,0.0,0.0,1.3718103,0.5318337,0.8641336,0.0,0.0,0.0,0.58153677,0.0,0.0,0.9826321,1.2897781,0.9080406,1.2863137,0.0,0.0,0.0,0.79811954,1.3842831,0.0,1
1.1040021,0.0,0.76091224,1.1623652,0.0,3.295181,1.4003942,0.28653482,0.14004655,1.4914478,1.2877588,0.0,0.51048946,1.2601371,2.598824,1.0439243,0.0,0.0,1.032038,0.0,1.2046561,2.411265,0.0,1.4946855,0.59991604,0.38042974,1.7521722,0.0,0.0,2.0389585,0.0,0.9042706,1.0068347,1.1246386,0.19036402,0.0,0.3369658,0.8173607,0.0,0.0,0.0,0.0,0.7434497,2.138774,0.0044930256,0.0,1.3976272,0.0,1.3528045,0.0,0.0,1.8571016,0.997284,0.26140824,0.6143135,0.84174806,0.0,1.1153486,1.1660467,0.09534432,1.7300531,2.0900347,0.0,0.0,1.3954173,0.59542626,0.0,1.2703555,0.54618835,0.0,0.04809766,0.3214301,0.0,0.8294451,0.24332756,1.1645712,0.0,0.0,0.0,0.40121543,1.249408,0.8898505,1.2838606,0.321582,0.0,0.0,0.0,0.0,1.3472308,0.0,0.0,0.535895,1.2422693,0.30880848,0.7521597,2.2010672,0.60855913,1.2483636,0.0,0.0,0.44441208,0.9404517,0.78398794,0.0,1.4378123,1.0234896,0.7961012,0.20772383,1.1023679,0.61591774,0.0,0.7860722,0.2693171,0.0,0.73591495,0.0,0.35932398,0.0,0.07754096,0.0,0.0,1.5852209,0.75141305,0.32536006,0.0,0.38429865,0.0,0.0,1.2212796,0.505768,0.023044392,1.5014175,0.41388243,0.17837846,1.291635,0.0,0.0,0.0,1.4365834,0.75509644,0.0,0.47024158,0.486133,1.5191736,1.010799,0.6835211,1.1283631,0.74568033,1.1132557,0.0,0.0,1.3993045,1.9157006,1.340749,2.0668201,0.0,1.2016267,1.7441087,0.0,0.0,1.7027055,0.364671,0.89440596,0.0,0.5543729,0.0,0.7410218,0.34269515,1.6388603,0.6307119,0.40763155,0.6681996,0.0,2.113082,0.0,0.41213262,0.059478696,0.8279841,1.3369573,0.57139975,0.246404,0.0,0.98443973,0.0,0.8078118,0.0,1.5781481,1.1150672,0.1230482,0.0,0.0,0.0,0.69185716,1.5340967,1.2833123,0.0,0.055126112,0.8823521,0.101461254,1.0785359,0.0,0.67046446,0.0,0.08687241,0.9886988,0.6596999,0.0,0.7206295,2.0066535,1.4044908,0.8952655,0.156634,0.0,0.54258925,0.0,1.01931,0.0,0.0,0.86750275,1.488434,1.9743521,1.1260395,0.0,1.0525137,0.0,2.220313,1.070355,0.27341723,0.0,0.0,1.1841447,0.0,0.0,0.0,1.6939983,0.0,0.0,1.884223,1.2066147,0.9679027,0.0,0.0,0.0,0.0,0.75153935,0.0,0.66763264,1.3098631,0.9328255,0.9490968,0.0,0.0,0.0,1.0360702,1.4508332,0.0,1
1.3221425,0.0,0.34638807,1.8187728,0.0,1.7863336,0.8194562,1.0981411,0.0,1.3591461,0.1998199,0.0,0.062871546,1.3404338,2.0523353,0.4157498,0.0,0.0,1.2252486,0.21350193,0.90176195,2.1937225,0.77412045,0.87044907,0.62663096,1.285035,1.4089464,0.015638422,0.0,1.416539,0.0,1.1122209,1.6818116,1.9002495,0.046354543,0.0,1.292162,0.23479043,0.0,0.0,0.0,0.36258554,0.4971929,1.8486574,0.13528728,0.0,1.5072383,0.0,1.3000166,0.0,0.0,1.8532835,0.50547445,0.72853994,0.50592786,1.8393047,0.0,0.941397,1.7570997,0.5110419,1.4154928,1.3609136,0.0,0.0,0.88362455,0.29685277,0.0,1.0258209,0.0,0.0,0.0,0.53827226,0.0,0.9607377,0.34976396,1.329077,0.0,0.0,0.0,0.82181025,1.5256045,1.4036726,0.3952909,0.3974957,0.0,0.0,0.0,0.0,1.5458955,0.0,0.0,0.43805453,2.0134614,0.29737544,0.7906025,1.2022296,0.51834446,1.0634663,0.0,0.0,0.37820813,1.3384438,0.99398094,0.0,1.5332335,0.9743178,1.1389999,0.5451272,0.5828538,0.46921048,0.0,1.4882121,0.16326363,0.0,0.692268,0.0,0.60805804,0.0,0.049183212,0.0,0.0,1.8700104,0.029161993,0.84296757,0.0,0.0,0.0,0.0,1.409346,0.20605499,0.0,0.6285647,0.2981913,1.0139406,1.5679508,0.33284846,0.0,0.0,2.147489,1.1153684,0.0,0.96977067,0.48752746,0.774775,1.3282502,0.7165046,1.0503228,0.9132415,1.0349363,0.0,0.0,0.8316487,1.555627,1.0998948,2.37037,0.0,1.6464406,1.4186502,0.0,0.9307506,0.8826723,0.16902043,1.6092796,0.0,0.48582324,0.0,0.6555721,0.0,0.66268,0.0,0.3856233,0.69126827,0.0,1.510844,0.0,0.22778352,0.38945663,0.93561745,0.91296774,1.0118499,0.80184954,0.0,1.4014122,0.0,0.69992465,0.0,1.7450924,1.0844284,0.0,0.0,0.0,0.22055125,0.59472907,1.5157366,1.1926866,0.0,0.0,0.75031817,0.60901725,1.3488921,0.0,1.3167592,0.0,0.0,1.5730147,1.5411202,0.0,0.85123736,1.4925463,1.1200678,0.8287205,0.049711436,0.0,1.5143296,0.0,0.9287373,0.0,0.0,0.5298774,1.1142379,2.972527,1.4438622,0.0,1.0378293,0.0,2.5526807,0.77168196,0.0,0.2973979,0.0,1.5377734,0.0,0.0,0.0,1.916367,0.0,0.0,0.7695557,0.47463807,0.68610775,0.0,0.0,0.0,0.16931428,0.7052667,0.0,0.5252077,1.7991226,0.0,1.3825743,0.0,0.079968914,0.0,0.88531256,0.73727036,0.0,1
1.4419775,0.0,0.80757546,0.8356014,0.0,2.7598436,1.605038,0.54778767,0.0,2.418134,0.90812546,0.0,1.0924762,0.51629806,3.3139436,0.7566399,0.46875814,0.0,1.0233897,0.0,0.93882054,1.6347791,0.0,2.2419968,0.417798,1.0795896,2.1144958,0.0,0.0,0.84611136,0.0,0.4474911,1.9968505,0.6056619,0.19703855,0.0,0.45687574,0.8703765,0.0,0.0,0.0,0.12187528,0.63919586,1.94199,0.41593513,0.0,1.256217,0.0,1.6164355,0.0,0.0,1.1557133,1.0696987,0.44692358,0.3332629,0.7826011,0.0,1.3791434,1.1638844,0.38565728,2.5958788,2.0630455,0.26131845,0.0,0.77905047,0.103286974,0.0,0.35774028,0.16651975,0.0,0.28388885,1.2386494,0.0,1.3118067,0.5625312,0.6953748,0.0,0.0,0.0,0.7702359,0.81164473,1.2847532,1.5744432,0.6256961,0.0,0.0,0.0,0.0,0.8991742,0.0,0.0,0.50501466,2.0673554,0.0,0.9480004,2.678665,0.85919875,1.9616114,0.0,0.0,0.5255941,1.1372362,0.92171335,0.0,1.3660575,1.4585066,0.6155616,0.749864,2.2007306,1.6117864,0.0,0.9842119,0.9849436,0.24845847,0.90835285,0.0,0.5877639,0.0,0.0,0.0,0.0,1.9849141,0.78486514,0.56277746,0.0,0.07222795,0.0,0.0,1.376562,0.9461736,0.0,1.6389363,0.6720037,0.80969006,0.0069334954,0.32340288,0.0,0.0,1.8091513,0.48807853,0.0,0.24407521,0.5544075,1.189007,0.54041547,0.8366335,1.2441225,0.58352304,1.9781442,0.0,0.0,1.207519,1.8100694,1.25736,2.112981,0.0,0.49479645,1.7853565,0.0,0.7827932,1.7350618,0.8230992,0.73622173,0.0,0.526882,0.0,0.73903775,0.0,1.9832004,1.4887621,0.051571164,0.5699768,0.0,1.7858356,0.0,0.34999305,0.0,0.52504575,1.8324472,0.0,0.0,0.0,0.76577955,0.0,0.31249765,0.0,1.4798424,1.2316716,0.0,0.0,0.0,0.0,0.80707115,2.0559537,1.4241176,0.0,0.2492202,1.2747319,0.056693695,1.9282331,0.0,0.40347663,0.0,0.24375917,1.1697712,0.13427772,0.0,0.6615849,1.613726,1.6140157,0.86024505,0.0,0.0,0.5459757,0.0,1.4827558,0.0,0.0,0.49700433,1.4910637,1.8612318,1.2971945,0.0,1.1792061,0.0,3.1854005,0.47254983,0.9932922,0.45639095,0.0,0.61724865,0.0,0.0,0.0,1.6863551,0.0,0.1223215,2.189114,1.4364069,0.74371207,0.0,0.0,0.0,0.5653719,0.2533629,0.0,0.77309436,1.0096918,1.2924616,1.7744377,0.0,0.0,0.0,0.64774793,1.6259184,0.0,1
0.75801224,0.0,0.4568265,0.6443653,0.0,2.4280999,1.3196708,0.03191945,0.2830096,1.3408774,0.91347915,0.0,1.0388607,0.84452677,2.2445884,0.54300505,0.0,0.0,1.4082717,0.21265692,0.4703158,1.2481083,0.0,0.9566826,0.23352262,0.7072402,1.8023717,0.0,0.0,0.99572134,0.0,1.1434128,0.93265194,0.6749284,0.0,0.0,0.33712462,0.103213705,0.0,0.0,0.0,0.21376878,1.0690483,1.7824044,0.0,0.0,1.3015282,0.0,1.3921585,0.0,0.0,1.4247749,0.729206,0.56678826,0.0,1.262199,0.0,1.1999289,0.6508582,0.60459703,2.3279796,1.9157027,0.0,0.0,0.99420905,0.10838664,0.0,0.9854571,0.2565242,0.0,0.0,0.56617856,0.0,1.1566021,0.2248642,0.6072757,0.0,0.0,0.0,0.9362397,1.6832372,1.2361234,1.2044243,0.45546073,0.0,0.0,0.0,0.0,0.61448526,0.0,0.0,0.7519058,1.5287421,0.0,0.98915094,2.087124,0.059436634,1.1259124,0.0,0.0,0.058179133,0.22344767,0.28056073,0.0,0.5253341,1.3022226,0.5082804,0.10067084,1.0491228,0.23123619,0.0,0.6317832,0.0,0.0,0.5988958,0.0,0.46338192,0.0,0.0,0.0,0.0,1.2942547,0.36583668,1.0568603,0.0,0.5841025,0.0,0.0,0.7369959,0.31969142,0.0,1.0979221,0.464378,1.1022596,0.5379604,0.02427732,0.0,0.0,1.0248641,0.1638204,0.0,0.51446486,0.37676296,1.406185,0.5340217,0.8403437,1.1272922,0.0,1.3440286,0.0,0.0,0.34895825,0.6024779,0.78496104,1.9223585,0.0,0.7100741,0.992521,0.0,0.13191123,1.2992747,0.050524633,0.7065775,0.0,0.34298384,0.0,0.4557486,0.50652665,0.75753456,0.71892047,0.3620715,0.31368664,0.0,2.103106,0.0,0.62546533,0.61256737,0.47577673,1.1261543,0.5685207,0.42758536,0.0,0.952131,0.0,0.72223854,0.0,1.0364443,0.2451601,0.70337796,0.0,0.0,0.0,0.51437014,1.5646317,0.65670186,0.0,0.106904864,1.1738641,0.42104837,1.7838471,0.0,0.5662989,0.0,0.088843115,0.8108439,0.7352889,0.0,0.26406622,1.2571664,2.0052066,0.3332137,0.0,0.0,0.9460722,0.0,1.2169199,0.0,0.0,1.1836785,1.4579463,1.787127,0.9939798,0.0,0.9768187,0.0,1.9596694,0.23348196,0.28216466,0.04828897,0.0,1.3940196,0.0,0.0,0.0,1.5001262,0.0,0.0,1.5517865,0.56050897,0.74748605,0.0,0.0,0.0,0.123816706,0.60711133,0.0,0.35820845,1.1247178,0.8235369,0.74595493,0.0,0.0,0.0,0.68537116,1.5029814,0.0,1
0.7085965,0.0,0.40407202,0.43577856,0.0,3.031721,1.3978593,0.21313646,0.13078125,1.884423,0.62603164,0.0,1.3601313,1.0467622,3.1427553,0.58271384,0.0,0.0,1.2856507,0.30382258,0.4856806,1.95232,0.0,1.7513465,0.13153625,0.9443654,2.388518,0.0,0.0,1.6723629,0.0,0.794434,1.5081198,0.6809949,0.0,0.0,0.3271206,0.9111568,0.0,0.0,0.0,0.25909212,0.86943537,1.7486496,0.20035668,0.0,1.2692858,0.0,1.7199582,0.0,0.0,1.4675422,1.0235631,0.5506006,0.0,1.2773918,0.0,1.0801433,0.9099315,0.39049894,2.6167614,2.371903,0.0,0.0,1.220065,0.2811345,0.0,0.69218177,0.0,0.0,0.45519924,0.7423062,0.0,1.9636676,0.34492072,0.6995285,0.0,0.0,0.0,1.6890249,1.0306752,0.9952842,0.9151048,0.3763971,0.0,0.0,0.0,0.0,0.7062224,0.0,0.0,0.8524864,1.303561,0.0,0.7254965,2.4030795,0.18245816,1.8363837,0.0,0.0,0.16203792,0.83150744,1.3026029,0.0,0.54431134,1.4676645,0.9510106,1.221689,1.8174992,0.81339103,0.0,1.1865342,0.18195504,0.27525795,1.0961367,0.0,0.49237266,0.0,0.0,0.0,0.0,1.6998869,0.62959,1.0589998,0.0,0.4377644,0.0,0.0,0.7385629,0.7797144,0.0,1.5486042,0.24381326,1.2453996,0.0,0.0,0.0,0.0,1.0636109,0.27672127,0.0,0.50845027,1.0265752,0.7887514,0.90943193,1.0232822,1.184381,0.0,1.973549,0.0,0.0,1.3493629,2.3482165,0.9675649,2.1845915,0.0,0.5606788,1.691285,0.0,0.440481,1.7291005,0.9801081,0.9868223,0.0,0.0119459955,0.0,0.22287297,0.05593608,1.6864873,1.8479062,0.1437208,0.9391071,0.041221365,2.4326727,0.0,0.58649546,0.5449478,0.6278614,1.2165599,0.043839786,0.0,0.04766875,0.94311935,0.0,0.18194513,0.0,1.3288767,1.0762112,0.18104005,0.0,0.0,0.20519373,0.28929842,1.9332919,1.5332125,0.0,0.09127048,1.3907893,0.11461427,2.1180031,0.0,0.6926556,0.0,0.0,0.44852206,0.36465204,0.0,0.5917877,0.93415654,1.9372087,0.82412803,0.0,0.0,0.81465554,0.0,1.907028,0.0,0.0,0.79896504,2.092752,2.184205,0.91667086,0.0,1.3663958,0.0,2.570534,0.5923752,0.63658476,0.0,0.0,1.140805,0.0,0.0,0.0,1.9448817,0.0,0.0,1.8488966,0.92102385,0.89459944,0.0,0.0,0.0,0.7557523,0.099160805,0.0,0.6030074,1.1937063,1.240046,1.2180271,0.0,0.0,0.0,0.3196422,1.9031785,0.0,1
1.1682359,0.0,0.24601649,0.6527232,0.0,2.1036344,1.2300476,0.5793014,0.2430375,1.5383282,0.3741994,0.0,0.94612694,0.8614407,2.5483916,0.82598484,0.0,0.0,1.0979486,0.15313339,0.53752327,1.8305974,0.0,0.8191142,0.1661627,1.2161491,1.618229,0.0,0.0,1.3683063,0.0,1.0000983,1.6123102,0.7599413,0.0,0.0,0.56652516,0.44345096,0.0,0.0,0.0,0.28104207,1.2541591,2.009179,0.0,0.0,1.7429818,0.0,1.2456912,0.0,0.0,1.2655493,0.7889335,0.42677495,0.0,1.5562302,0.0,1.1575056,1.0659016,0.4508528,2.4967856,1.9586939,0.0,0.0,1.4244589,0.4865326,0.0,0.7873578,0.3641184,0.0,0.22034235,0.45667607,0.0,1.3910873,0.0,1.1186776,0.0,0.0,0.0,1.1293229,1.4802446,1.2660561,1.1378918,0.4388435,0.0,0.0,0.0,0.0,0.83626854,0.0,0.0,0.9429021,1.6551696,0.0,0.99399024,1.7216012,0.4569934,1.1088892,0.0,0.0,0.37903374,0.6917711,1.435937,0.0,0.6828202,1.3952876,0.80091536,0.2849906,1.2645466,0.5381867,0.0,1.4474298,0.05476133,0.0,0.71913576,0.0,0.58531344,0.0,0.017385894,0.0,0.0,1.4900441,0.15851448,0.5845428,0.0,0.551982,0.0,0.0,0.8818227,0.4681783,0.0,1.2719802,0.42578083,1.224017,0.90186214,0.0,0.0,0.0,1.3917111,0.14815463,0.0,0.51539683,0.869885,0.94375324,0.73919857,0.8032204,1.2342492,0.0,1.0987049,0.0,0.0,0.9348039,1.661476,0.9127751,1.220557,0.0,0.6636613,1.0589648,0.0,0.22513188,1.4016023,0.5838761,1.106464,0.0,0.57195485,0.0,0.54547256,0.6892291,1.090271,1.0666384,0.48182988,0.6655004,0.0,2.0225742,0.0,0.3118417,0.8823191,0.5226359,1.4559743,0.40649676,0.21943225,0.0,0.6678923,0.0,0.8529012,0.0,1.1317016,0.9169652,0.67832625,0.0,0.0,0.0,0.7464449,1.7304883,1.0915391,0.0,0.4614657,1.0540982,0.5134423,1.6861937,0.0,0.40403858,0.0,0.0,1.2408414,0.8837986,0.0,0.36081812,1.1773083,1.5660527,0.7378507,0.0,0.0,0.85045034,0.1324637,1.4739017,0.0,0.0,0.96602994,1.2201694,2.1944475,1.1266829,0.0,0.9571441,0.0,2.5645797,0.5767671,0.49667287,0.23705617,0.0,1.2095046,0.0,0.0,0.0,2.0864305,0.0,0.0,1.7564389,0.37629104,0.5816559,0.0,0.0,0.0,0.49622825,0.14926066,0.0,0.7524636,1.1269113,0.7850055,0.98366934,0.0,0.0,0.0,0.8754505,1.3604885,0.0,1
2.1464748,0.0,0.5310396,1.0795548,0.0,1.9239426,0.78479904,0.65605134,0.0,1.0939225,0.012057489,0.0,0.3307691,1.6108146,1.8657497,0.67399734,0.018940682,0.0,0.42826062,0.0,0.88963854,2.6691415,0.14420499,0.2824366,1.2274876,1.0322944,0.24489963,0.0,0.0,1.5538315,0.0,1.5041053,2.419433,1.7218562,0.0,0.0,1.0102477,0.43899032,0.0,0.0,0.0,0.21247339,0.6152955,1.3307664,0.0,0.0,2.4372654,0.0,0.89650095,0.0,0.0,1.0631849,0.385822,0.09102028,0.47687683,1.7687429,0.0,0.57619345,1.8948073,0.0,1.1873586,0.36777672,0.0,0.0,0.31008175,0.7699815,0.0,1.6440667,0.68723387,0.0,0.018013407,0.8124833,0.0,0.529891,0.0,0.98716927,0.0,0.0,0.0,0.80961645,1.4772372,1.7836632,0.8955343,0.2927754,0.0,0.0,0.0,0.0,1.3502835,0.0,0.0,0.6606813,2.1592467,0.042724434,1.8829763,1.1072912,0.84245306,0.32152098,0.0,0.0,0.4317687,1.8750961,1.5363238,0.0,1.6235647,0.58036655,1.6645741,0.034047373,0.4361017,0.27492645,0.0,1.9460506,0.08932327,0.0,0.047843534,0.0,1.1733896,0.0,0.3532023,0.0,0.0,1.236411,0.0,0.97630477,0.0,0.11707469,0.0,0.0,1.2575293,0.69408023,0.0,1.0751146,1.038127,1.5127938,1.3040035,0.13427798,0.0,0.24704579,2.6606078,0.49799183,0.0,0.45533094,1.3459549,0.9500678,0.9867169,0.39522317,0.7425117,0.2721835,0.34305564,0.0,0.0,0.0,0.846854,1.2084663,1.0972507,0.0,1.2413106,1.0169026,0.0,1.3149637,0.992364,0.0,2.4822514,0.0,0.89541435,0.0,0.218544,0.4310637,0.7493686,0.7490766,0.77262574,0.46636844,0.0,1.2910391,0.0,0.694417,0.39435363,1.2620889,1.0810682,1.873386,0.04616417,0.0,1.6210107,0.0,1.1223578,0.0,0.5462075,1.4073683,0.32355702,0.0,0.0,0.0,0.0,1.6006329,0.7272132,0.0,0.6166436,0.44418225,0.72665036,0.98174477,0.0,1.3285366,0.0,0.0,1.4519103,2.101128,0.0,0.7713296,1.6370426,0.5039995,1.1938037,0.0,0.0,0.6100963,0.0,0.55338943,0.0,0.0,0.57306004,0.6426501,2.8299866,1.3655088,0.0,1.8205932,0.0,2.1243796,0.014391056,0.11727431,0.6753433,0.0,1.8979201,0.0,0.0,0.0,1.6228378,0.0,0.0,0.46577692,0.0,0.788594,0.0,0.0,0.0,0.9631576,0.0,0.0,0.98800945,0.7047341,0.17792359,1.2566137,0.0,0.019198194,0.0,1.7641433,0.80746806,0.0,0
1.8136325,0.0,0.22738685,1.2529036,0.0,1.8853692,0.7635702,0.61773264,0.0,0.79200035,0.027465349,0.0,0.11926825,1.1544076,1.8732632,0.80852836,0.0,0.0,0.53818095,0.0,0.9018389,1.941559,0.0,0.3368784,0.83844274,0.85222805,0.68055606,0.0,0.0,1.0307021,0.0,1.5273983,2.1408544,1.3095266,0.0,0.0,1.108984,0.28957096,0.06799146,0.0,0.0,0.24260262,0.8026601,1.3055235,0.0,0.0,2.3708699,0.0,0.79781663,0.0,0.0,1.1515359,0.38571075,0.046138532,0.061410148,1.8956406,0.0,0.5629402,1.2180896,0.16127689,1.2915182,0.39228526,0.0,0.0,0.513518,0.31152493,0.0,1.4668807,0.5081337,0.0,0.08790337,0.36568648,0.0,0.8711331,0.0,1.1095052,0.0,0.0,0.0,0.73254836,1.3958548,1.2304536,0.9859076,0.17735578,0.0,0.0,0.0,0.0,1.1221912,0.0,0.0,0.62854135,2.0519516,0.15372658,1.3596478,1.476038,0.5959941,0.5526932,0.0,0.0,0.7138304,1.3051866,1.3265011,0.0,1.4580517,0.691147,1.1931639,0.05707798,0.6442072,0.33613634,0.0,1.4152234,0.027417826,0.0,0.41678244,0.0,1.1151938,0.0,0.31644553,0.0,0.0,1.2460458,0.15003708,0.97509784,0.0,0.36030823,0.0,0.0,0.8247248,1.0281571,0.0,0.9300741,0.65953994,1.2331544,1.0922484,0.0,0.0,0.0,2.102986,0.21273378,0.0,0.5739039,0.9792224,1.3886503,1.0427678,0.416502,0.7143539,0.23409094,0.7655049,0.0,0.0,0.0,0.578257,1.2859669,1.1622859,0.0,1.4857628,0.8001464,0.0,0.9142015,1.0222163,0.036408525,1.4774846,0.0,0.7191199,0.0,0.46074364,0.48944515,0.4653814,0.49157834,0.731572,0.1432163,0.0,1.3374732,0.0,0.41195524,0.6105614,0.76727355,1.2100424,1.326642,0.43395007,0.0,1.2233211,0.0,1.1788784,0.0,0.6993124,1.3203492,0.56511056,0.0,0.0,0.0,0.4462929,1.4715871,0.7038805,0.0,0.3610893,0.5660353,0.494822,1.0450641,0.0,1.1134824,0.0,0.0,1.1586328,1.5318223,0.0,0.47839046,1.3509903,1.2031806,0.7260524,0.0,0.0,0.7985851,0.0,0.66191137,0.0,0.0,1.0684698,0.4640944,2.5660357,1.2576902,0.0,1.50106,0.0,2.1935833,0.34152833,0.122095756,0.61944705,0.0,1.0765145,0.0,0.0,0.0,1.5614107,0.0,0.0,1.1488303,0.21942934,0.80917186,0.0,0.0,0.0,0.522522,0.0,0.0,0.99270177,0.90588963,0.40873495,1.0203602,0.0,0.10383846,0.0,1.5347689,0.95942986,0.0,0
1.4917607,0.0,0.21543245,1.0591722,0.0,1.9507809,0.98080647,0.43416986,0.08395321,1.1019435,0.18540108,0.0,0.60193205,1.6466017,1.6164408,0.57490945,0.0,0.0,0.90186024,0.22808969,0.86259186,2.1016335,0.08925595,0.38235104,0.5255044,0.82491195,1.149803,0.0,0.0,1.1945003,0.0,1.7986928,0.9909087,1.2368962,0.0,0.0,0.64400166,0.3699824,0.0,0.0,0.0,0.22508606,0.7797624,1.4244276,0.0,0.0,1.9649624,0.0,1.343197,0.0,0.0,1.4600763,0.48458162,0.43437064,0.0,1.5399959,0.0,0.61262566,1.1385499,0.4117571,1.8674878,1.2560775,0.0,0.0,0.96646845,0.2586386,0.0,1.4727682,0.7818867,0.0,0.11453817,0.30029917,0.0,1.088448,0.0,0.8457405,0.0,0.0,0.0,0.9049654,1.4559344,1.0760248,0.75381434,0.33405277,0.0,0.0,0.0,0.0,0.8755317,0.0,0.0,0.53610736,1.6612949,0.0,1.0417325,1.8013462,0.4311463,0.49669445,0.0,0.0,0.29278117,1.1766393,1.3981515,0.0,1.2792276,0.87994635,0.84966934,0.0,0.6520866,0.030684665,0.0,0.9213049,0.07152136,0.0,0.37013775,0.0,0.8503601,0.0,0.13983956,0.0,0.0,1.417174,0.11632995,0.6236947,0.0,0.43195695,0.0,0.0,0.9814406,0.5792942,0.0,1.3761108,0.5744597,1.0713172,1.1624761,0.109484725,0.0,0.0,1.6489183,0.22975606,0.0,0.56203985,0.8510057,1.0142344,0.368493,0.6436998,0.95601845,0.0,0.8896828,0.0,0.0,0.57940894,0.78591895,0.84607905,1.2839402,0.0,1.3491356,0.8768786,0.0,0.34414753,1.0953697,0.38198102,1.0691774,0.0,0.7776036,0.0,0.3304424,1.309731,0.5643922,0.4552214,0.6354483,0.44215983,0.0,1.7332687,0.0,0.50332284,0.27288455,0.84995997,1.1852254,0.8129895,0.54836965,0.0,0.7844288,0.0,0.8309554,0.0,0.78547764,0.925005,0.37558347,0.0,0.0,0.0,0.02495857,1.3258419,0.6643865,0.0,0.29130724,0.49267957,0.44777057,0.70130223,0.0,0.0443814,0.0,0.0,0.86301947,1.3280925,0.0,0.45712292,1.4050452,1.5670937,0.62805223,0.0,0.0,0.64826876,0.0,1.2067751,0.0,0.0,0.8517177,1.0722073,2.7557411,1.4421066,0.0,1.3810425,0.0,1.5684037,0.56235605,0.3258782,0.43849227,0.0,1.5185766,0.0019321194,0.0,0.0,1.5919969,0.0,0.0,1.0428443,0.4014097,0.9534968,0.0,0.0,0.0,0.40379998,0.10766436,0.0,0.81469864,0.9627502,0.7722883,0.6004976,0.0,0.0,0.0,1.150508,0.55767787,0.0,0
0.65154004,0.0,0.42137772,1.2155551,0.0,3.3411121,2.262659,0.58785003,0.106686115,2.417805,0.98757976,0.0,1.3485061,0.76304567,4.0455294,1.2770548,0.10195686,0.0,1.5392524,0.4074158,0.16983475,1.5569509,0.0,2.1790547,0.0,2.1772466,3.056442,0.0,0.0,1.2676618,0.0,0.09666366,0.9911791,0.0,0.0,0.0,0.43243492,1.8861152,0.0,0.0,0.0,0.34402162,1.3443004,2.4101305,0.37230587,0.0,0.9665688,0.0,2.0747938,0.0,0.0,1.7744168,1.6655488,0.9158154,0.77922183,0.88510567,0.0,1.7963936,1.2548625,0.88963133,2.8249466,3.2672858,0.40176693,0.0,1.6826841,0.17563333,0.0,0.31040865,0.0,0.0,0.6345643,0.5000975,0.0,1.8394588,0.6302586,0.56915826,0.0,0.0,0.0,1.2589552,0.48723412,1.4384018,0.9425427,0.5513871,0.0,0.0,0.0,0.098136,1.4565538,0.0,0.0,0.6535999,2.106516,0.0,0.6283099,3.594065,0.57881653,2.656115,0.0,0.0,0.9191191,0.42348742,1.6524671,0.0,1.59574,1.604601,0.83151066,1.3111969,2.777384,1.9064549,0.0,0.6124741,1.1621529,0.0,1.41193,0.0,1.0300633,0.0,0.0,0.0,0.0,3.1012921,0.61081564,0.14537834,0.0,0.0,0.0,0.0,1.070999,0.45873064,0.0,1.6258214,0.004406932,0.17651017,0.6049014,0.0,0.0,0.0,1.7717597,0.5667645,0.0,0.8190969,0.7279616,1.6231874,0.91271204,1.303871,1.3966293,1.2140867,2.717795,0.0,0.0,2.5022192,3.3671284,1.2122153,2.9233563,0.0,1.4536824,2.2527566,0.0,0.5648159,1.4044632,1.1319759,0.34914127,0.0,0.109521635,0.0,1.7821245,0.0,2.6217499,1.3599716,0.0,0.38955706,0.0,2.698121,0.0,0.31530273,0.0,0.79719645,1.918334,0.0,0.6314867,0.0,0.53992206,0.0,0.0,0.0,2.4725773,1.2484862,0.34075135,0.0,0.0,0.03989468,0.8963372,2.1316557,1.8871549,0.0,0.0,1.3560493,0.2823457,2.2636423,0.0,0.04149285,0.0,0.053810257,0.7551948,0.031148931,0.0,0.5121738,1.5107794,2.045881,0.44102123,0.0,0.0,0.9437557,0.030647831,2.249483,0.0,0.0,1.209415,2.3253598,2.555713,1.2896453,0.0,0.7057478,0.0,3.764049,1.1894926,1.2874552,0.19717313,0.0,1.1309973,0.0,0.0,0.0,2.2871585,0.0,0.0,2.182818,1.452836,0.9442983,0.0,0.0,0.0,0.47955665,0.07974909,0.0,0.59617376,2.479189,1.5373559,1.8202696,0.0,0.0,0.0,0.263085,1.5345209,0.0,1
