0,1,2,3,4,5,6,7,8,9,10,11,12,13,14,15,16,17,18,19,20,21,22,23,24,25,26,27,28,29,30,31,32,33,34,35,36,37,38,39,40,41,42,43,44,45,46,47,48,49,50,51,52,53,54,55,56,57,58,59,60,61,62,63,64,65,66,67,68,69,70,71,72,73,74,75,76,77,78,79,80,81,82,83,84,85,86,87,88,89,90,91,92,93,94,95,96,97,98,99,100,101,102,103,104,105,106,107,108,109,110,111,112,113,114,115,116,117,118,119,120,121,122,123,124,125,126,127,128,129,130,131,132,133,134,135,136,137,138,139,140,141,142,143,144,145,146,147,148,149,150,151,152,153,154,155,156,157,158,159,160,161,162,163,164,165,166,167,168,169,170,171,172,173,174,175,176,177,178,179,180,181,182,183,184,185,186,187,188,189,190,191,192,193,194,195,196,197,198,199,200,201,202,203,204,205,206,207,208,209,210,211,212,213,214,215,216,217,218,219,220,221,222,223,224,225,226,227,228,229,230,231,232,233,234,235,236,237,238,239,240,241,242,243,244,245,246,247,248,249,250,251,252,253,254,255,label
0.004880305,0.0,0.5494292,0.891993,2.2948313,0.0,0.07972116,0.5657097,2.7281601,0.9648534,1.6913093,0.0,0.16614154,1.5113882,0.0,2.1772768,0.0,1.3997265,1.2501615,1.2523597,0.0,1.6315358,0.41991282,0.6206104,1.6057272,0.0,0.53742737,0.053764146,0.5732994,1.3026874,0.6329367,0.93776095,0.0,0.0,0.0,2.31179,2.5485592,1.0885301,2.54305,0.0,0.1260622,2.4481447,0.0,1.6033558,0.3264803,0.7964428,0.0,0.70058435,1.028694,0.0,0.0,1.8909314,0.0,0.0,0.4240048,0.0,0.39534795,0.79503304,0.0,0.0,1.9710033,0.0,0.0,0.0,0.0,1.8714142,0.26081738,1.1686952,0.3439053,1.2108793,0.000120640034,0.0,0.0,0.0,0.46357325,0.0,0.0,0.0,0.0,0.0,0.61196536,0.810035,0.0,0.47982708,0.0,0.0,0.9206407,1.3031402,1.2954237,2.2411444,0.0,0.0,0.0,0.6288947,0.0,0.0,1.668077,0.0,0.0,1.4318751,2.1388898,0.7314307,1.4681664,0.0,0.6323857,1.1027204,0.0,0.0,2.4344726,0.32489792,2.5475814,0.5087601,0.5799773,1.6541898,0.0,1.8823197,0.92887086,0.0,1.4460938,1.1762713,0.5403989,0.0,0.17177992,0.12716904,0.0,0.32322297,0.0,1.218672,0.7236818,0.7501469,0.83342206,0.04264085,0.6630787,0.0,1.2619824,0.0,0.67603624,0.0,0.0,1.4908942,0.602526,0.0,0.0,0.29908583,0.42623422,1.430212,0.0,0.0,3.1016574,1.4090889,0.035500966,0.0,1.0551727,0.0,1.2483042,0.0,1.7256178,0.0,1.3343962,1.0056694,2.1563315,0.0,1.3358095,0.5890871,0.07776206,0.0,0.8035477,0.0,0.0,1.9829944,0.7120531,0.30671626,0.8129481,0.0,0.0,1.5834197,0.0,0.8888551,0.0,3.295463,1.2620527,1.5204711,1.4397144,1.4299676,0.0,0.0,0.0,0.0,1.0230613,3.159854,0.54352254,1.9710352,0.9490434,0.887032,2.452468,1.2656759,1.3529004,0.0,0.5757815,0.0,0.48583442,0.0,0.0,0.0,1.2661284,0.7128813,1.4204714,1.107314,0.0,1.5514162,1.9428821,0.0,0.0,0.19084094,0.0,1.8060771,1.1985557,1.1904167,1.4474773,0.5599195,0.0,1.7155215,0.83078265,0.66715217,0.0,0.0,1.1760398,0.5106552,0.43893734,0.0,0.0,1.2630781,0.0,0.3011142,0.0,0.0,0.0,0.0,0.36791962,0.0,0.0,1.8152189,0.20966157,0.10261573,2.718672,1.7095133,0.2730891,0.0,1.4600015,0.7302046,1.1422324,0.34189734,0.8049402,0.0,0.0,0.78326976,0
1.6128318,0.0,2.0065665,2.545672,0.10275023,0.0,1.2859302,1.4876829,1.2279683,2.9530318,0.94898266,0.0,1.0554769,0.43096867,0.41138744,0.66273737,0.0,0.0,1.4901016,1.4651951,0.0,0.42579567,0.0,1.1509001,2.022445,0.0,1.4029717,0.0,2.0669975,2.665667,2.5653331,2.4144294,0.0,0.0,0.0,0.5138811,1.3820347,0.0,1.6977701,0.0,0.0,0.48102358,0.0,2.59965,0.74483806,1.2928584,0.0,1.7546216,2.2889974,0.0,0.0,0.0,0.0,0.0,1.2004559,0.0,2.4408722,0.16002207,0.0,0.0,0.09925784,0.0,0.0,0.0,0.0,3.1373765,2.367855,0.0,1.7475817,0.5665631,0.0,0.0,0.0,0.0,0.0,0.0,0.0,0.0,0.0,0.0,0.8327776,0.0,0.8320405,1.655937,0.0,0.0,3.4203072,0.0,0.0,0.4915669,0.0,0.0,0.0,1.5699861,0.0,0.7791848,3.7517493,0.0,0.05631915,0.53571224,0.0,1.902993,0.1806095,0.0,1.3493029,0.0,0.0,0.0,0.8550418,1.7009746,0.52275705,1.3730564,0.0,0.70870304,0.0,0.08723386,2.775316,0.0,0.0,2.8620024,2.131118,0.0,0.0,1.2457533,0.94617254,0.0,0.37309653,0.99590856,2.9436262,0.0,1.5815113,2.3487387,0.0,0.0,0.0,0.0,1.7348584,0.0,0.0,0.38379273,3.0537395,0.0,0.0,0.6085811,0.8374535,2.2860217,0.0,0.0,0.37686887,1.7540009,0.0,0.0,3.912902,0.0,0.0,0.0,0.0,0.20422879,0.03705874,2.7018263,0.7953677,0.0,2.4091597,0.6259718,0.0,0.0,2.108447,1.94132,0.0,0.0,2.595781,1.8784039,2.1705751,0.0,0.8061101,3.2490435,0.0,0.2880917,0.0,0.5420329,0.0,0.0,0.52769345,0.0,0.0,0.0,0.0,0.0,1.9143844,1.2295852,1.6685506,2.8470347,0.401859,0.0,0.6340275,0.15421343,0.0,0.0,0.2983823,0.0,1.9559274,0.0,0.0,0.0,1.8450708,2.085723,0.0,0.0,0.0,0.38933018,0.6921383,0.0,0.0,1.3639512,0.0,0.113191694,2.04812,1.5063126,0.0,0.4736793,0.0,0.39635485,1.189844,0.12844098,0.6611869,0.0,0.0,2.3564258,2.0068371,0.0,0.0,0.08543077,0.0,1.7535,0.0,0.0,0.0,0.0,2.3086433,0.0,0.0,0.4293633,3.287508,1.9118816,0.5473669,0.053405643,0.07263595,0.0,0.53053117,2.4911616,2.5175545,0.0,1.7185713,0.0,0.0,0.0,1
0.0,0.0,0.8995706,1.1829456,2.2212443,0.0,0.0,0.7391201,2.2020571,0.68069756,1.6360649,0.0,0.051770657,1.8238461,0.0,2.0854394,0.0,1.2241169,1.0334692,0.79667324,0.0,1.1349592,0.80999994,0.653418,2.0020454,0.0,0.19301829,0.6774527,0.59296024,1.1153187,0.565304,0.77820265,0.0,0.0,0.0,2.6734436,2.384786,0.6475059,1.8959812,0.0,0.20875208,1.8330519,0.0,1.2143344,0.4697692,0.82610834,0.0,0.36721763,0.70610315,0.0,0.0,1.6304507,0.24394932,0.0,0.15242967,0.0,0.073281966,0.54829407,0.0,0.0,1.3125184,0.0,0.0,0.0,0.0,1.75404,0.8669943,1.1943898,0.16655828,1.1018527,0.0,0.0,0.0,0.0,0.6746274,0.0,0.0,0.0,0.0,0.0,0.61553574,0.72115535,0.0,0.45992303,0.0,0.0,0.58349884,1.017126,0.8235025,1.6925119,0.0,0.0,0.0,0.5116075,0.0,0.0,1.4911485,0.0,0.0,1.5454547,1.5066707,0.52762896,1.2141783,0.0,0.3881718,1.0555264,0.0,0.0,2.3256583,0.28358927,2.2178955,0.3928127,1.0348436,1.3541919,0.0,1.1863325,1.1158282,0.0,1.0971688,0.8008869,0.53323495,0.0,0.0,0.0,0.0,0.24627046,0.0,0.737524,0.9487154,0.7622367,0.9355676,0.60156995,0.6385931,0.0,1.5921319,0.0,0.49405512,0.0,0.0,1.623404,0.3982777,0.0,0.0,0.31161654,0.31789014,1.0307757,0.0,0.2663789,2.5442042,1.3807662,0.1935705,0.0,0.62047803,0.0,0.99025345,0.0,1.0655214,0.0,1.5240736,0.5858484,1.8019787,0.0,0.60493386,0.8990341,0.5625244,0.0,0.4819022,0.0,0.0,2.2295744,0.570048,0.0,0.22515468,0.0,0.015461249,0.9679587,0.0,1.2619812,0.0,2.6928701,1.3804858,1.6712474,1.4120624,1.2971846,0.0,0.0,0.0,0.0,1.3639451,2.8628023,0.6938626,2.0424283,0.7319836,0.6719162,2.316503,1.2463659,0.90156275,0.0,0.082101114,0.0,0.48299026,0.0,0.0,0.0,0.9085554,0.19236426,1.0736327,1.3807333,0.0,1.1914787,1.5980822,0.0,0.0,0.5182124,0.0,1.6416051,0.789759,1.2508718,1.151163,0.30457133,0.0,1.9034324,0.97310424,1.0920042,0.0,0.1719146,1.2491161,0.7252066,0.0,0.0,0.0,1.6348673,0.0,0.41061938,0.0,0.0,0.0,0.0,0.39446935,0.0,0.0,1.5241549,0.0,0.1796676,2.5943031,1.6859808,0.12636442,0.0,1.6925725,0.8267609,0.48598158,0.0,0.7113656,0.0,0.0,0.47798532,0
0.11975937,0.0,1.2826966,0.94294584,2.028758,0.0,0.28314704,0.7392802,2.330922,0.36461568,1.7517256,0.0,0.0,1.9097717,0.0,1.8046203,0.0,1.4313415,1.141471,1.0797164,0.0,1.6333952,1.0463703,1.1589493,2.1022267,0.0,0.47398016,0.39926174,0.6092823,1.209148,0.7568071,1.018168,0.0,0.0,0.0,2.3055081,2.1734326,0.7825867,2.2028658,0.0,0.08232753,1.702582,0.0,0.69748354,0.29129145,1.5214281,0.0,0.98983926,1.0526209,0.0,0.0,2.3940463,0.15991925,0.0,0.6332152,0.0,0.10081049,0.3972879,0.0,0.0,1.6015491,0.0,0.0,0.0,0.0,2.0595155,0.8439598,1.020452,0.491177,1.372193,0.0,0.0,0.0,0.0,0.99081624,0.0,0.0,0.0,0.0,0.0,0.72147995,1.0734329,0.0,0.5461717,0.0,0.0,0.71853,1.1123393,1.1042804,1.8939915,0.0,0.0,0.0,1.0654745,0.0,0.0,1.9953618,0.0,0.0,2.0146532,1.9887763,0.8080333,1.3821522,0.0,0.8285489,0.9118131,0.0,0.0,2.4964583,0.1310852,1.9795367,0.49035048,0.84291387,1.9733629,0.0,1.2327989,1.0536093,0.0,0.9611301,1.0689136,0.6729731,0.0,0.0,0.16498747,0.0,0.16619809,0.12331118,1.4987146,0.7798281,0.8611205,1.268235,0.66962534,0.34097502,0.0,1.0005367,0.0,0.6116286,0.0,0.0,1.3214288,0.42782477,0.0,0.0,0.4136304,0.3610924,1.2350025,0.0,0.0,2.4913516,1.8384581,0.0,0.0,1.3164078,0.0,1.0032598,0.0,1.1180297,0.0,1.1234485,0.94864875,1.7599407,0.0,0.95344776,0.882522,0.26403287,0.0,0.4598664,0.2754784,0.0,2.2097852,0.8109709,0.06878578,0.2978507,0.0,0.6156007,1.0540267,0.0,1.0693423,0.0,2.6327255,1.1623249,1.1550189,1.4411987,1.2801414,0.0,0.0,0.0,0.0,1.0258251,2.7363155,0.6257675,2.3229752,0.6027035,0.46671027,2.1035664,1.0943446,1.2596769,0.0,0.33236033,0.0,0.7639784,0.0,0.0,0.0,0.61744833,0.14521052,1.4072052,1.1949311,0.0,1.4109468,1.2795712,0.0,0.0,0.8711688,0.0,1.6410263,1.0923057,1.2191058,1.330117,0.0,0.0,1.920065,0.7608689,1.0111738,0.0,0.2018356,1.4182541,0.9684825,0.1694663,0.0,0.0,1.2847737,0.0,0.16268362,0.0,0.0,0.0,0.0,0.47934055,0.0,0.0,1.6182072,0.60633504,0.6316459,2.4901757,1.7383671,0.47480047,0.0,1.6495544,0.7770451,1.2400732,0.0,0.31398255,0.0,0.0,0.6914347,0
0.0,0.0,0.5912664,1.1266663,2.1234682,0.0,0.0,0.5873398,2.339408,0.35587907,1.6177446,0.0,0.0,1.3376541,0.0,1.979073,0.0049073445,1.1888865,1.3587849,1.0291861,0.0,1.3714981,0.918758,0.65483767,1.775516,0.0,0.2997869,0.28874275,0.66294444,1.2068043,0.61973804,0.84993863,0.0,0.0,0.0,2.275762,2.3843615,1.0411757,2.250661,0.0,0.14171074,2.2862616,0.0,1.1979243,0.1366502,1.1217859,0.0,0.72530824,0.77235174,0.0,0.0,1.9659274,0.17171128,0.0,0.22695513,0.0,0.0664764,0.40642443,0.0,0.0,1.8044626,0.0,0.0,0.0,0.0,1.762367,0.7891811,1.0773044,0.3417606,1.1258961,0.0,0.0,0.0,0.0,0.5884106,0.0,0.0,0.0,0.0,0.0,0.85330856,1.0269972,0.0,0.4046137,0.0,0.0,0.47542092,1.2148676,1.4016724,2.285041,0.0,0.0,0.0,0.49792725,0.0,0.0,1.5367678,0.0,0.0,1.5314056,1.5121355,0.6012913,1.4607955,0.0,0.6114894,1.297589,0.0,0.0,2.650279,0.5764823,2.3872242,0.6293772,0.7200873,1.7868398,0.0,1.5805781,0.88153,0.0,1.4244615,0.6554453,0.68108505,0.0,0.0,0.0,0.0,0.099855796,0.0,1.0353663,0.48386988,0.8069994,0.9720719,0.3668243,0.46853366,0.0,1.4252361,0.0,0.23186661,0.0,0.0,1.5543123,0.26375973,0.0,0.0,0.37447697,0.55146104,0.951916,0.0,0.062474914,2.7762234,1.5553559,0.0,0.0,0.69876105,0.0,0.839587,0.0,1.2611928,0.0,1.2749542,1.1020856,1.7732294,0.0,0.6851932,0.8059213,0.48272493,0.0,0.75816846,0.0,0.0,2.3907292,0.6982105,0.0,0.67933875,0.0,0.2564107,1.1696244,0.0,1.0350599,0.0,3.2871146,1.536406,1.5001248,1.5283105,1.0615299,0.0,0.0,0.0,0.0,1.0848697,2.8109019,0.48391873,1.7514496,1.0601866,0.9576358,2.277435,1.1217006,1.5652122,0.0,0.3346625,0.0,0.6887918,0.0,0.0,0.0,0.8821157,0.36577675,1.5381726,1.127548,0.0,1.6712565,2.024376,0.0,0.0,0.19977485,0.0,1.8303177,1.1638606,1.2817907,1.7034602,0.5405132,0.0,1.9780997,0.75397456,0.88592356,0.0,0.0,1.3720782,0.46133906,0.0,0.0,0.0,1.3315449,0.0,0.0661167,0.0,0.0,0.0,0.0,0.5287083,0.0,0.0,1.7321546,0.0,0.123425856,2.571718,1.9119906,0.16544376,0.0,1.3707,0.6178681,1.2543776,0.008771133,0.47997263,0.0,0.0,0.69950664,0
1.8029728,0.0,2.6738033,2.3009524,0.0,0.0,1.2759409,1.1508033,1.9371254,2.5770993,1.3017104,0.0,0.53086686,0.45014808,0.0,0.19096997,0.0,0.0,1.2880534,1.821356,0.0,0.33329898,0.0,1.0716397,2.2139182,0.0,1.5942591,0.0,1.8506027,2.647525,2.6901495,2.307346,0.0,0.0,0.0,0.24650618,1.3875046,0.0,1.1759479,0.0,0.0,0.28968403,0.0,2.6965814,0.679152,1.773518,0.0,2.5251577,2.3583078,0.0,0.0,0.40779972,0.0,0.0,1.1576214,0.0,2.6192746,0.0,0.0,0.0,0.3859274,0.0,0.0,0.0,0.0,3.5680907,2.341855,0.0,2.3785617,0.6984595,0.0,0.0,0.0,0.0,0.0,0.0,0.0,0.0,0.0,0.0,1.0813924,0.0,1.2137259,1.6779537,0.0,0.0010776052,3.1764328,0.0,0.0,0.5207568,0.0,0.0,0.0,2.2885609,0.0,0.5824395,4.28007,0.0,0.0071139885,0.7396347,0.13407177,2.0997355,0.11063391,0.0,1.3124539,0.0,0.0,0.0,1.0677667,1.70133,1.0036244,1.7262434,0.0,0.6338091,0.0,0.4306632,2.931585,0.0,0.0,2.9300323,2.1915667,0.0,0.0,1.5725394,0.6973895,0.23317863,0.54052293,1.453892,2.724894,0.035360955,1.2268049,2.0540965,0.0,0.0,0.0,0.0,1.7475452,0.0,0.0,0.27052668,2.7700663,0.0,0.0,0.1836809,0.68258977,2.634435,0.0,0.0,0.7232927,2.8298552,0.0,0.0,4.0287786,0.0,0.0,0.0,0.0,0.5385748,0.3251263,3.0883577,0.7738041,0.0,2.7706542,0.0,0.0,0.0,2.2686045,1.4081196,0.0,0.22166157,2.6046858,1.527421,2.2608457,0.0,1.1425703,3.8221874,0.0,0.19729449,0.0,1.0716025,0.0,0.0,0.45450178,0.31779012,0.0,0.0,0.0,0.0,2.2507114,1.6892169,2.5673463,2.7757564,0.57428247,0.0,1.0096117,0.5486957,0.0,0.0,0.4236491,0.0,2.0646577,0.0,0.0,0.0,1.7086573,2.0211396,0.07755058,0.0,0.0,0.6588187,0.6370314,0.0,0.0,1.877557,0.0,0.13955593,2.580271,1.259894,0.022290273,0.96574867,0.0,0.5065878,0.7194875,0.44103816,1.101317,0.03512133,0.0,2.6624403,2.315225,0.0,0.0,0.13623068,0.0,1.6385616,0.0,0.0,0.0,0.0,2.255383,0.0,0.0,0.4365852,3.5122242,2.136137,1.1349872,0.49883378,0.47458497,0.0,0.8478718,2.2998264,2.755318,0.0,1.873553,0.0,0.0,0.0,1
1.5086322,0.0,2.378604,2.22068,0.0,0.0,1.6196306,1.1333008,1.7029946,3.3513236,0.9394965,0.0,0.6055519,0.0,0.20481457,0.0,0.0,0.0,1.2037069,1.8375834,0.0,0.4525575,0.0,1.4513928,2.2210193,0.0,1.5362803,0.0,2.6614196,2.754135,2.9464073,2.7961416,0.0,0.0,0.0,0.0,1.573406,0.0,1.5675609,0.0,0.0,0.6840602,0.0,2.9361804,0.38332614,2.394553,0.0,2.5897894,2.835208,0.0,0.0,0.13702847,0.0,0.0,0.8935077,0.0,3.24648,0.0,0.0,0.0,0.26650286,0.0,0.0,0.0,0.0,3.6595538,2.497408,0.0,2.1463103,0.35267588,0.0,0.0,0.0,0.0,0.0,0.0,0.0,0.0,0.0,0.0,1.3797995,0.0,1.1095504,1.892724,0.0,0.5358638,4.0912275,0.0,0.0,0.3700355,0.0,0.0,0.0,2.4245963,0.0,0.61185694,4.2148905,0.0,0.0,0.44748163,0.47825712,2.411463,0.32492402,0.0,1.3205087,0.0,0.0,0.0,1.2538908,2.027287,0.678967,1.7927822,0.15567376,0.44712633,0.0,0.0,3.023897,0.0,0.0,3.25415,2.5040543,0.0,0.0,1.502525,1.3098176,0.58163315,0.76480246,1.471531,3.038433,0.28713965,1.2339715,2.5402725,0.0,0.0,0.0,0.0,2.083833,0.0,0.0,0.0,3.2781627,0.0,0.0,0.25659078,0.82700086,2.8276107,0.0,0.0,0.42947966,2.6137083,0.0,0.0,4.1880965,0.0,0.0,0.0,0.23828393,0.68842256,0.09288518,3.259536,0.61290276,0.0,2.9266748,0.0,0.0,0.0,2.7507315,1.6139158,0.0,0.26214403,2.902787,1.5323107,2.4585931,0.0,0.9226543,3.884432,0.0,0.4978864,0.0,0.9024417,0.0,0.0,0.76033044,0.3566659,0.0,0.0,0.0,0.0,2.003376,1.5664134,2.689016,2.8803272,0.17595287,0.0,0.84733933,0.36242914,0.0,0.0,0.8142982,0.0,2.1107984,0.0,0.0,0.0,1.8827049,2.1628008,0.0,0.0,0.0,0.4436243,0.49807698,0.0,0.0,2.021049,0.0,0.0,2.4531536,1.5109407,0.0,1.0931473,0.0,0.0071321623,1.0228099,0.0,0.94795924,0.15603971,0.0,3.0880368,2.7551706,0.0,0.0,0.626953,0.0,1.9344053,0.0,0.0,0.0,0.0,2.4672246,0.0,0.0,0.4826039,4.388558,2.2684922,0.7352806,0.0,0.6810059,0.0,0.597449,2.9148176,2.6973245,0.0,1.9460363,0.0,0.0,0.1307296,1
0.68931466,0.0,2.212245,2.2493846,0.33037356,0.0,1.2553887,1.1019268,1.6474047,2.129911,1.295475,0.0,0.23586258,0.7118671,0.0,0.5935152,0.2791635,0.0,1.357054,1.8338506,0.0,0.9834397,0.2044611,0.8953834,1.8471411,0.0,1.1958449,0.0,1.3861462,2.0884783,2.0696878,2.312528,0.0,0.0,0.0,0.37350628,1.9950514,0.0,1.4798512,0.0,0.0,0.778033,0.0,2.3132684,0.51804507,1.6733826,0.0,1.8378576,1.727485,0.0,0.0,0.5679368,0.0,0.0,0.9170188,0.0,2.3150263,0.099795096,0.0,0.0,0.6382032,0.0,0.0,0.0,0.0,2.803106,2.0704832,0.0,1.6923802,0.8178643,0.0,0.0,0.0,0.0,0.061715867,0.0,0.0,0.0,0.0,0.0,0.9639229,0.06840097,0.61183715,1.2919848,0.0,0.0,2.4834478,0.20649299,0.08183772,0.8490434,0.0,0.0,0.0,1.2619076,0.0,0.22462757,2.7693558,0.0,0.0,1.3426178,0.78565955,1.4357833,0.2717776,0.0,0.9102976,0.13463235,0.0,0.0,1.6271032,1.3492157,0.7070088,1.5243794,0.39710593,0.8253554,0.0,0.52089137,2.0083175,0.0,0.20681168,2.2203436,1.7029245,0.0,0.0,0.79276127,0.24539769,0.52608347,0.009223549,0.7826276,1.7875124,0.17182122,0.91572505,1.732662,0.0,0.0,0.4664866,0.0,1.4005668,0.0,0.0,0.84143233,2.1321323,0.0,0.0,0.3572084,0.8025183,2.0786672,0.0,0.0,0.97457284,2.4863565,0.0,0.0,3.0312526,0.0,0.0,0.0,0.0,0.0,0.4459662,3.108359,0.873984,0.0,2.173539,0.5193894,0.0,0.0,1.9977359,1.5274727,0.0,1.6146058,2.1183069,0.69604325,1.9137142,0.0,1.0758004,2.752199,0.0,0.49074313,0.0,1.2569473,0.581542,0.113027476,0.87643045,0.58675516,0.0,0.0,0.0,0.0,1.6162467,1.604497,1.7727518,2.541399,0.5160511,0.14165373,0.97689724,0.36656442,0.0027467718,0.0,0.06368085,0.0,2.0559833,0.0,0.0,0.0,2.0810354,1.9132507,0.64599997,0.2553833,0.0,0.44328836,0.60850394,0.0,0.0,1.5361632,0.0,0.36671227,2.5505238,0.836071,0.6243346,0.6272133,0.0,0.8026558,0.38351476,0.5569986,0.34781784,0.0,0.46325433,2.1563063,1.7134168,0.0,0.0,0.70721775,0.0,1.4604886,0.0,0.0,0.0,0.0,1.9659485,0.0,0.0,0.40760338,2.597574,0.9920179,1.0174596,0.71298754,0.32941973,0.0,0.5715458,1.7565922,2.3121638,0.0,1.7090144,0.0,0.0,0.0,1
1.2159464,0.0,2.5767884,2.1694832,0.0,0.0,1.3251327,1.2767828,1.7771897,2.5509129,1.1247817,0.0,0.380829,0.4462715,0.1824172,0.15772557,0.16402577,0.0,1.5416515,1.9691532,0.0,0.643082,0.0,1.3159045,1.9626659,0.0,1.475893,0.0,1.9281662,2.0233164,2.629432,2.6582215,0.0,0.0,0.0,0.2965084,1.5254741,0.0,0.97682804,0.0,0.0,0.36843452,0.0,1.994514,0.9032009,1.9266772,0.0,2.3260152,2.4655643,0.0,0.0,0.10505885,0.0,0.0,1.2491783,0.0,2.6349208,0.0,0.0,0.0,0.2796893,0.0,0.0,0.0,0.0,3.5211568,2.3936472,0.0,2.1385477,0.0858552,0.0,0.0,0.0,0.0,0.0,0.0,0.0,0.0,0.0,0.0,1.2349179,0.0,0.55729043,2.0209126,0.0,0.0,3.2971704,0.0,0.0,0.34408057,0.0,0.0,0.0,1.9265553,0.0,0.3060875,3.6344616,0.0,0.0,1.1163058,0.39911133,2.1989996,0.45313525,0.0,1.4745704,0.0,0.0,0.0,1.3690987,1.5979992,0.8190037,2.122678,0.0,0.84875286,0.0,0.043049768,2.642086,0.0,0.0,2.8316164,2.159603,0.0,0.0,1.0669885,1.1316311,0.8220259,0.39562693,1.2595153,2.377905,0.17382379,1.1325073,2.144081,0.0,0.0,0.0,0.0,1.670929,0.0,0.0,0.25356296,2.766957,0.0,0.0,0.03297061,0.6699512,2.5591843,0.0,0.0,0.4387631,2.5653915,0.0,0.0,4.086858,0.0,0.0,0.0,0.0,0.6581128,0.306017,3.281315,0.6602534,0.0,2.047398,0.0,0.0,0.0,1.8715543,1.5455519,0.0,0.43481258,2.4839222,1.0237526,2.5068917,0.0,1.0575275,3.1523995,0.0,0.43557158,0.0,0.85799885,0.0,0.0,0.53671926,0.17298925,0.0,0.0,0.0,0.0,2.1869924,1.7504582,2.4369805,2.7981553,0.23558219,0.0,0.6356138,0.15738916,0.0,0.0,0.0041956715,0.0,2.1427088,0.0,0.0,0.0,2.4453359,2.129328,0.1312403,0.0,0.0,0.5996131,0.26831564,0.0,0.0,1.7713577,0.0,0.017744837,2.630425,1.0091298,0.48436162,0.8828147,0.0,0.18662195,0.8063153,0.3289785,0.6235408,0.0,0.0,2.5226653,2.0915432,0.0,0.0,0.34715098,0.0,1.7086273,0.0,0.0,0.0,0.0,1.798937,0.0,0.0,0.24895589,3.2476985,1.841663,0.99809664,0.7891073,0.6335524,0.055931933,0.9441393,2.336529,2.6183925,0.0,1.9145272,0.0,0.0,0.0,1
1.2200482,0.0,2.0686986,1.9312714,0.0,0.0,1.3679531,0.92057884,1.9811203,2.4512696,1.0977293,0.0,0.28333548,0.81574863,0.0,0.6430332,0.0,0.60510653,1.3054326,1.84347,0.0,0.7725549,0.0,1.4200699,2.0103776,0.0,1.6434405,0.0,1.7438956,2.2772722,2.2969096,2.0202763,0.0,0.0,0.0,0.63836914,1.9746441,0.0,1.665477,0.0,0.0,1.1304067,0.0,2.1290994,0.37179905,1.602691,0.0,1.9066901,2.158424,0.0,0.0,0.52592003,0.0,0.0,0.7406876,0.0,2.0480404,0.35655245,0.0,0.0,1.1661031,0.0,0.0,0.0,0.0,3.2347767,1.8528515,0.0,1.6610472,0.7706722,0.0,0.0,0.0,0.0,0.0,0.0,0.0,0.0,0.0,0.0,0.97729707,0.22762565,0.8094309,1.6113614,0.0,0.0,2.663806,0.32656768,0.48683,1.1240566,0.0,0.0,0.0,1.5157063,0.0,0.3291244,3.2922063,0.0,0.0,0.8383003,0.7382725,1.7810569,0.64139193,0.0,1.323825,0.0609447,0.0,0.0,1.5638002,1.254552,1.1788219,1.5027969,0.05266715,1.0852244,0.0,0.59195423,2.5799568,0.0,0.18518212,2.5222545,1.8131169,0.0,0.0,0.8536713,0.19948673,0.28780672,0.6886436,1.2840275,2.070573,0.21474622,0.99525416,1.6629368,0.0,0.0,0.3296748,0.0,1.7985058,0.0,0.0,0.8109975,2.8156817,0.0,0.0,0.0,0.64772534,2.4131043,0.0,0.0,1.1152312,2.2442148,0.0,0.0,3.3576808,0.0,0.0,0.0,0.46687797,0.19991419,0.5800375,2.5630436,1.1483005,0.0,2.0752232,0.0,0.0,0.0,2.1554825,1.2888644,0.0,0.79528546,2.1516938,1.1956711,1.9890305,0.0,0.995171,2.9322517,0.0,0.41719908,0.0,1.1316289,0.16243504,0.2950599,0.82610863,1.1393851,0.0,0.0,0.0,0.0,1.6980486,1.5444403,1.7324257,3.0068748,0.5083446,0.0,1.3312861,0.7496739,0.0,0.0,0.3144636,0.0,1.599842,0.0,0.0,0.0,1.9146013,1.7589546,0.71375036,0.4018977,0.0,0.4983593,0.98539317,0.0,0.0,1.7628984,0.0,0.31619036,2.5349836,1.041252,0.1188937,0.6376807,0.0,0.82112265,0.904848,0.4875077,0.014553132,0.0,0.13749686,2.3487165,2.191227,0.0,0.0,0.78465384,0.0,1.7499943,0.0,0.0,0.0,0.0,1.4638894,0.0,0.0,0.6904703,2.7552738,1.2334797,0.94919235,0.70185506,0.4741848,0.0,0.8842115,2.0961401,2.2609463,0.0,1.7364291,0.0,0.0,0.1923827,1
0.6639119,0.0,2.2026205,2.0033534,0.0,0.0,1.2846364,0.90242267,1.431431,1.9854201,0.8445165,0.0,0.5489773,0.8700703,0.07350953,0.35953438,0.07947207,0.0,1.3641677,1.715185,0.0,0.6290677,0.18839073,1.3332485,1.9288768,0.0,1.2208531,0.0,1.5862557,2.017248,2.1929095,2.2919874,0.0,0.0,0.0,0.5942734,1.5892428,0.0,0.84593034,0.0,0.0,0.4626772,0.0,1.7054803,0.6027404,1.8235586,0.0,1.813034,1.9157264,0.0,0.0,0.27467692,0.0,0.0,1.1228048,0.0,2.1090257,0.08282318,0.0,0.0,0.38999936,0.0,0.0,0.0,0.0,2.9275858,2.0846314,0.0,1.7111051,0.19832642,0.0,0.0,0.0,0.0,0.0,0.0,0.0,0.0,0.0,0.0,1.0480602,0.0,0.46645758,1.2780174,0.0,0.0,2.400278,0.0,0.28028095,0.659733,0.0,0.0,0.0,1.6506625,0.0,0.23811102,3.0373218,0.0,0.0,1.3085067,0.6651718,1.8227942,0.38240167,0.0,1.2405027,0.1544747,0.0,0.0,1.4240539,1.3668317,0.8783573,1.6382247,0.0,0.889259,0.0,0.2415616,2.0467587,0.0,0.184293,2.1830533,1.5996711,0.0,0.0,0.6947296,0.6298446,0.4943217,0.48486567,0.95820624,2.1731064,0.27486876,0.7883072,1.7938629,0.0,0.0,0.22918062,0.0,1.3020405,0.0,0.0,0.5521893,2.1321144,0.0,0.0,0.0,0.45692444,2.3345053,0.0,0.0,0.53396165,2.1735973,0.0,0.0,3.2125018,0.0,0.023144431,0.0,0.32853782,0.1728054,0.64151937,2.6241596,0.89838326,0.0,1.7901851,0.02281515,0.0,0.0,1.6093158,1.363116,0.0,0.6703818,2.031286,0.64582384,2.104669,0.0,0.93879175,2.6428149,0.0,0.59076804,0.0,0.9121413,0.0,0.33378744,0.66918725,0.30040818,0.0,0.0,0.0,0.0,2.0347745,1.7923901,1.9073416,2.6896665,0.10365854,0.014089895,0.6090521,0.51779854,0.082731254,0.0,0.0,0.0,1.4789293,0.0,0.0,0.0,2.083886,1.4718277,0.7077203,0.0,0.0,0.6451477,0.5298414,0.0,0.0,1.4588509,0.0,0.08487953,2.3064046,1.0218539,0.7261825,0.65682375,0.0,0.43192077,0.58658624,0.86138105,0.5226696,0.0,0.35046482,2.1752465,1.5637059,0.0,0.0,0.54371053,0.0,1.4110688,0.0,0.0,0.0,0.0,1.3995636,0.0,0.0,0.012693501,2.5052066,1.1822631,1.0414219,0.66112465,0.4423737,0.0,0.9348796,2.1902916,2.3437855,0.0,1.679901,0.0,0.0,0.0,1
0.0,0.0,0.56546205,0.7033398,3.101173,0.0,0.15375085,0.4914641,2.9371538,0.10772199,1.5812687,0.0,0.0,1.3040133,0.0,2.4535701,0.0,1.3420463,0.8094675,0.85109746,0.0,1.5252395,0.99185276,0.72020787,1.4979217,0.0,0.16282608,0.060687106,0.09129658,0.6904074,0.16551504,0.33027464,0.0,0.0,0.0,2.544725,2.0881462,1.6122437,2.6577332,0.0,0.0,2.0440996,0.0,0.990769,0.13263059,0.37330994,0.0,0.14786413,0.64890814,0.0,0.0,2.569999,0.24769075,0.0,0.21484964,0.0,0.43226472,1.0956889,0.0,0.0,2.6064043,0.0,0.0,0.0,0.0,1.4959269,0.23058733,1.7528806,0.0,1.1806703,0.0,0.0,0.0,0.0,1.0434821,0.0,0.0,0.0,0.0,0.0,0.19847219,1.3379716,0.16109261,0.0,0.0,0.0,0.30711666,2.212562,1.7050924,1.9357526,0.0,0.0,0.0,0.08356884,0.0,0.0,1.0314798,0.0,0.0,1.0634787,2.1729202,0.29978997,1.2054468,0.0,0.0,1.3539006,0.0,0.0,2.944526,0.008951349,2.4688456,0.5047839,0.872832,1.8743134,0.0,1.9783376,0.67423385,0.0,1.9730402,0.0,0.010870132,0.0,0.22483565,0.0,0.0,0.0,0.0,0.30422437,0.07381907,1.0472629,0.9613715,0.10063355,0.05794816,0.0,1.6688823,0.0,0.5763999,0.0,0.0,1.5824805,0.02968246,0.0,0.0,0.06668817,0.39328435,0.6271359,0.0,0.0,3.242133,1.2737472,0.41140416,0.0,0.41316375,0.0,1.0418433,0.0,1.6638876,0.0,1.437733,0.03720987,2.2066994,0.0,0.6384744,1.0021205,0.2683628,0.0,0.87893724,0.0,0.0,2.6604822,0.50007534,0.0,0.09378843,0.0,0.0,0.65672505,0.0,0.8033102,0.0,3.1829,2.122652,2.0410457,1.8822284,1.9662868,0.0,0.0,0.0,0.0,0.72923,2.7224956,0.0,1.4008796,1.2439384,1.3438443,2.6352825,1.6471212,1.4697651,0.0,0.34023482,0.0,0.18206033,0.0,0.0,0.0,0.6599789,0.3667784,1.6812437,1.7294883,0.0,1.0099766,1.6025887,0.0,0.0,0.011265025,0.0,2.2237928,1.004262,0.57718736,1.2406399,0.0,0.0,2.2319603,1.0068202,0.80907196,0.0,0.0,1.7442318,0.37994614,0.0,0.0,0.0,1.5906452,0.0,0.2070219,0.0,0.0,0.0,0.0,0.7531856,0.0,0.0,1.6788492,0.0,0.0,2.5164518,1.2742765,0.0,0.0,1.3670541,0.13148898,0.61499083,0.5121083,0.84384865,0.0,0.0,0.94438833,0
0.0,0.0,0.12225497,0.6916266,3.7107868,0.0,0.0,0.6677308,3.1847124,0.0,1.6731685,0.0,0.0,1.8116097,0.0,2.7394254,0.0,2.040469,0.8157844,0.8242164,0.0,1.6643302,1.1830066,0.5132966,1.7423815,0.0,0.0,0.42419833,0.0,0.3002041,0.16569698,0.0,0.0,0.0,0.0,3.2132225,2.3881974,2.0613685,2.7197943,0.0,0.0,2.642892,0.0,0.93529207,0.0,0.2682723,0.0,0.1766662,0.27987054,0.0,0.0,2.4946938,0.58535033,0.0,0.0,0.0,0.0,1.5831617,0.0,0.0,2.4262912,0.0,0.0,0.0,0.0,1.1121991,0.0797578,2.2938592,0.0,1.5402051,0.0025603177,0.0,0.0,0.0,1.581916,0.0,0.0,0.0,0.0,0.0,0.31686744,1.7018263,0.0,0.0,0.0,0.0,0.0034270207,2.1799502,1.595694,2.5294223,0.0,0.0,0.0,0.0,0.0,0.0,1.4433899,0.0,0.0,1.1772778,2.371634,0.024888817,1.7212056,0.0,0.0,1.5078181,0.0,0.0,3.0401764,0.017867727,2.8756104,0.0,1.3168744,1.6092728,0.0,2.1719694,0.8487949,0.0,2.1409323,0.06981773,0.0,0.0,0.006716361,0.010278082,0.0,0.0549099,0.0,0.3886782,0.1868935,1.3962537,1.2372226,0.0067837248,0.48956534,0.0,1.8394705,0.0,0.5339104,0.0,0.0,1.7718558,0.0,0.0,0.0,0.25871226,0.2943458,0.76214194,0.0,0.121013544,3.9744582,1.1904867,1.0469416,0.0,0.0,0.0,1.4129153,0.0,2.2994127,0.0,1.7712599,0.0,2.687976,0.0,0.4074114,1.1541615,0.82377815,0.0,0.5679693,0.0,0.0,3.011271,0.22811002,0.0,0.0,0.0,0.0,0.41657117,0.0,1.3425975,0.0,3.5383172,2.7878036,2.669242,2.29917,2.1531339,0.0,0.0,0.0,0.0,0.69892323,3.4065967,0.0,1.5318885,1.5194534,1.4365087,2.922403,1.4922987,1.3951677,0.0,0.4537874,0.0,0.0,0.0,0.0,0.0,0.19402786,0.33265302,1.8289362,1.9191749,0.0,0.95877206,2.2625113,0.0,0.0,0.0,0.0,3.0379035,1.0485176,0.43008593,1.0003552,0.18676592,0.0,2.7157817,1.2092707,0.54565084,0.0,0.0,2.2552812,0.27980852,0.0,0.0,0.0,1.704904,0.0,0.03216166,0.0,0.0,0.0,0.0,0.78154236,0.0,0.0,1.5574752,0.0,0.0,3.029479,1.5502663,0.0,0.0,1.6327045,0.0,0.5329781,0.32141376,0.8448657,0.0,0.0,0.7838626,0
0.18372707,0.0,0.81113017,1.1610452,2.449193,0.0,0.0,0.44349864,2.8594546,0.7366098,1.8181816,0.0,0.0,1.6847763,0.0,2.090551,0.037586454,1.3376373,1.0836661,0.9317899,0.0,1.3161094,0.5937056,0.75876945,1.8384696,0.0,0.36038914,0.011911551,0.4357449,0.59026396,0.6672309,0.60799915,0.0,0.0,0.0,2.6114612,2.0981011,1.0303969,2.3393776,0.0,0.02526139,2.1845515,0.0,0.7734246,0.37001088,0.8472704,0.0,0.7138702,1.1255275,0.0,0.0,2.1256456,0.26113486,0.0,0.106632404,0.0,0.4055432,1.0688671,0.0,0.0,1.8314892,0.0,0.0,0.0,0.0,1.6969991,0.504397,1.2720369,0.39539045,1.2670633,0.0,0.0,0.0,0.0,1.061977,0.0,0.0,0.0,0.0,0.0,0.4695742,1.1392896,0.043136623,0.5763237,0.0,0.0,0.95725965,1.3700346,1.1806661,1.7952795,0.0,0.0,0.0,0.6702999,0.0,0.0,1.5970274,0.0,0.0,1.2771239,2.1318398,0.68273914,1.1654195,0.0,0.5236091,1.2381178,0.0,0.0,2.737565,0.11623721,2.639457,0.6977499,1.1632621,1.4643239,0.0,1.7358581,1.2448573,0.0,1.307014,0.8819811,0.15702799,0.0,0.0,0.0,0.0,0.32977304,0.0,0.66981226,0.9379829,0.6689492,1.1899012,0.3636341,0.3726644,0.0,1.4015536,0.0,0.82243276,0.0,0.0,1.4883287,0.18452723,0.0,0.0,0.0,0.39738744,1.0585845,0.0,0.0,2.9043517,1.6868542,0.0,0.0,0.8249763,0.0,1.2196268,0.0,1.6518974,0.0,1.5961279,0.8934768,1.8773562,0.0,0.7081597,0.772197,0.17551956,0.0,0.887797,0.0,0.0,2.3697655,0.7097009,0.0,0.50555444,0.0,0.08222352,0.86840105,0.0,0.79704577,0.0,2.92689,1.5177279,1.869199,1.6457433,1.3613034,0.0,0.0,0.0,0.0,1.4565483,2.9018981,0.40420115,1.7719061,0.9488663,0.94082755,2.417635,1.5112954,1.0697727,0.0,0.19937879,0.0,0.6123597,0.0,0.0,0.0,0.9829415,0.4121056,1.6258601,1.5878947,0.0,1.2714233,1.2351037,0.0,0.0,0.40516958,0.0,2.1820543,1.4265611,0.63434863,1.2789085,0.20502864,0.0,1.9848304,0.6467435,0.73175913,0.0,0.0,1.4087299,0.5965221,0.6153364,0.0,0.0,1.563092,0.0,0.2154447,0.0,0.0,0.0,0.0,0.6098309,0.0,0.0,1.8266666,0.12363729,0.28039372,2.4178176,1.5202932,0.18334243,0.0,1.5156137,0.68800545,1.1514882,0.0,0.7785167,0.0,0.0,0.6336111,0
0.0,0.0,0.7210123,0.75456625,2.3039799,0.0,0.038614165,0.5212604,1.8506368,0.42115945,1.4030108,0.0,0.13964093,1.6925015,0.0,2.187117,0.17467427,1.5553097,0.98438627,0.38661975,0.0,0.9202631,0.88207203,0.05569457,1.4463903,0.0,0.30096725,0.48775527,0.13904092,0.91930884,0.4499328,0.6214762,0.0,0.0,0.0,2.5898786,2.2135134,0.78086656,1.9781461,0.0,0.0,1.6876258,0.0,1.085117,0.28962088,0.7367832,0.0,0.22834432,0.77881336,0.0,0.0,1.8179812,0.32512847,0.0,0.08110087,0.0,0.0,0.45237768,0.0,0.0,1.6192572,0.0,0.0,0.0,0.0,1.6983395,0.41536564,1.240541,0.0,1.3258255,0.27212837,0.0,0.0,0.0,0.7033013,0.0,0.0,0.0,0.0,0.0,0.49616367,0.8360437,0.0,0.0,0.0,0.0,0.4871447,0.92106897,1.020759,1.9205618,0.0,0.0,0.0,0.32493144,0.0,0.0,1.2189646,0.0,0.0,1.7889087,1.9360793,0.6842816,1.4389117,0.0,0.42345086,1.1847254,0.0,0.0,1.9799366,0.3313662,1.9695144,0.5011044,0.8564872,1.5458324,0.0,1.550033,0.79711044,0.0,1.2940285,0.808294,0.0016019072,0.0,0.26502955,0.0,0.0,0.38372266,0.0,0.6565394,0.7487073,0.72757304,0.9669491,0.599443,0.41024324,0.0,1.157943,0.0,0.5101871,0.0,0.0,1.6951128,0.32976565,0.0,0.0,0.390868,0.3902921,1.0347362,0.0,0.2543493,2.551663,1.079282,0.19518335,0.0,0.49943867,0.0,0.91016036,0.0,0.95921206,0.0,1.398687,0.4154207,1.9182462,0.0,0.5518164,1.0121034,0.22479106,0.0,0.5410593,0.0,0.0,1.8447767,0.5795921,0.070379764,0.4445776,0.0,0.0,0.6967628,0.0,1.213999,0.0,2.8975744,1.5865985,1.5496815,1.2293968,1.3321152,0.0,0.0,0.031923123,0.0,1.2116783,2.5247874,0.5002193,1.9306092,0.6611425,1.4436344,1.9321404,1.2524718,1.2634486,0.0,0.079039484,0.0,0.32902142,0.0,0.0,0.0,0.6354051,0.0006796817,1.36015,1.0794021,0.0,0.8897302,1.1782631,0.0,0.0,0.2511892,0.0,1.523001,0.81041414,1.2151963,1.4798261,0.21015927,0.0,1.909961,0.7125883,0.7395064,0.0,0.007795537,1.6239326,0.4067428,0.0,0.0,0.0,1.7751805,0.0,0.18669178,0.0,0.0,0.0,0.0,0.29880872,0.0,0.0,1.4065208,0.0,0.0,2.387704,1.1921694,0.17584747,0.0,1.1913477,0.77911,0.8785317,0.0,0.41215286,0.0,0.0,0.3341346,0
0.0,0.0,0.026778637,0.5349132,3.5348473,0.0,0.0,0.7200964,2.862135,0.0,2.0248704,0.0,0.03802046,1.8122964,0.0,3.028835,0.011845966,2.2487717,0.92464983,0.429318,0.0,1.3637525,1.118884,0.40609887,2.076343,0.0,0.0,0.5433419,0.04518548,0.41911238,0.0,0.23174924,0.0,0.0,0.0,3.1860058,2.3410103,1.8641999,2.9275434,0.0,0.078182206,2.7095068,0.0,0.7752907,0.0,0.46592483,0.0,0.0,0.2063174,0.0,0.0,2.6469378,0.46775588,0.0,0.107289314,0.0,0.0,1.1674563,0.0,0.0,2.4230723,0.0,0.0,0.0,0.0,0.8352487,0.35405466,2.0696728,0.0,1.9459836,0.3744438,0.0,0.0,0.0,1.2134013,0.0,0.0,0.0,0.0,0.0,0.20503984,1.5392656,0.0,0.08011171,0.0,0.0,0.0,1.7420932,1.9092873,2.698325,0.0,0.0,0.0,0.0,0.0,0.0,1.1054242,0.0,0.0,1.68841,2.5918455,0.28717333,2.1494374,0.0,0.0,1.5466484,0.0,0.0,3.3608756,0.0,2.5056942,0.011154757,0.9373245,1.8916171,0.0,2.046526,0.378075,0.0,1.7689333,0.29571718,0.0,0.0,0.44550136,0.0,0.0,0.0049927104,0.0,0.88074946,0.15292248,0.99177283,1.1209747,0.082744926,0.6570373,0.0,1.9934564,0.0,0.38559365,0.0,0.0,1.7296895,0.0,0.0,0.0,0.6200011,0.3001809,0.45713165,0.0,0.29328838,3.984542,0.87837285,0.67936563,0.0,0.0,0.0,1.3374877,0.0,1.9563903,0.0,1.8206469,0.0,2.7893486,0.0,0.6191477,1.3508935,0.49995703,0.0,0.0,0.0,0.0,3.1766853,0.08518657,0.0,0.0,0.0,0.0,0.0,0.0,1.2164488,0.0,3.6463492,2.4156733,2.2030468,1.736496,1.9599624,0.0,0.0,0.23644665,0.0,0.71252733,3.3516235,0.0,1.3596932,1.3345466,1.5852634,2.9093173,1.7363039,1.5744382,0.0,0.59597856,0.0,0.0,0.0,0.0,0.0,0.11730805,0.0,1.9942508,1.996758,0.0,1.2635355,2.2757878,0.0,0.0,0.0,0.0,2.726516,0.43866345,1.354805,1.560076,0.0432039,0.0,2.7244396,1.2590055,1.0476353,0.0,0.0,2.3241963,0.22570543,0.0,0.0,0.0,1.5552408,0.0,0.05167485,0.0,0.0,0.0,0.0,0.26124173,0.0,0.0,2.2959294,0.0,0.0,3.0188692,1.7818724,0.014493078,0.0,1.776101,0.01110596,0.39669365,0.08455025,0.4798868,0.0,0.0,0.93840736,0
0.91373074,0.0,2.0330708,2.1699805,0.1596512,0.0,1.1374468,1.2380991,2.019756,2.4085708,0.8451934,0.0,0.2996351,0.25034708,0.0,0.5244424,0.092491455,0.0,1.4921153,1.5180379,0.0,0.54925233,0.1157684,1.1432923,1.9954134,0.0,1.3798546,0.0,1.7758926,1.9276385,2.135754,2.2070048,0.0,0.0,0.0,0.35326037,1.5054717,0.0,1.2623993,0.0,0.0,1.0095122,0.0,2.0827699,0.4733101,1.3176874,0.0,1.8727193,2.1556215,0.0,0.0,0.11377667,0.0,0.0,1.025058,0.0,2.3339787,0.3067919,0.0,0.0,0.5653433,0.0,0.0,0.0,0.0,2.7665026,2.166231,0.14371598,1.820003,0.625209,0.0,0.0,0.0,0.0,0.0,0.0,0.0,0.0,0.0,0.0,1.0451071,0.0,0.4100398,1.6201754,0.0,0.27800426,2.5881934,0.057277266,0.016406957,0.6471763,0.0,0.0,0.0,1.6633546,0.0,0.08464324,3.7006109,0.0,0.0,0.9810284,0.54662454,1.6560804,0.5184075,0.0,0.67522323,0.1323469,0.0,0.0,1.3286854,1.2540622,0.87113935,1.6722249,0.57293606,0.8111797,0.0,0.018251019,2.120282,0.0,0.0,2.4718723,1.6104028,0.0,0.0,0.84764606,0.6878189,0.33904716,0.09381252,0.7475889,2.141108,0.10713106,0.92956626,2.0036006,0.0,0.0,0.45772377,0.0,1.4535203,0.0,0.0,0.5749774,2.3495736,0.0,0.0,0.32923,0.32353985,2.1881561,0.0,0.0,1.1450429,2.0832849,0.0,0.0,2.9457285,0.0,0.0,0.0,0.28145903,0.4375582,0.57200456,2.40148,1.0220592,0.0,2.0002687,0.19535504,0.0,0.0,1.7932647,1.0935442,0.0,0.91520065,2.263839,0.96738595,1.877319,0.0,1.0640454,2.4364724,0.0,0.19848196,0.0,1.0853983,0.2986974,0.0034863118,0.5905281,0.32888815,0.0,0.0,0.0,0.0,1.5769647,1.9196757,1.9093603,2.7133958,0.72599417,0.071119204,0.9881913,0.42349404,0.26661342,0.0,0.090955384,0.0,1.6565019,0.0,0.0,0.0,1.7018207,1.7166593,0.22627275,0.5348789,0.0,0.7038663,0.59209055,0.0,0.0,1.3671433,0.0,0.1089931,2.2507656,0.7106581,0.081425935,0.8356676,0.0,0.5223696,0.76979715,0.004557841,0.6541139,0.0,0.3111213,2.1159558,1.9288253,0.0,0.0,0.5675821,0.0,1.2864447,0.0,0.0,0.0,0.0,1.6452265,0.0,0.0,0.7302933,3.0039942,1.3771378,1.3296443,0.5481282,0.42363673,0.0,0.6586865,1.982286,1.9923676,0.0,1.9119301,0.0,0.0,0.0,1
1.5140147,0.0,2.2963252,2.171605,0.0,0.0,1.4254633,1.355288,1.4056437,2.955752,0.6946365,0.0,0.6685238,0.0,0.03526562,0.0,0.0,0.0,1.2837172,1.5500516,0.0,0.085395366,0.0,1.1722629,1.9338996,0.0,1.3778985,0.0,2.1112223,2.7147276,2.6531496,2.485208,0.0,0.0,0.0,0.0,1.4485118,0.0,0.8204276,0.0,0.0,0.45628813,0.0,2.6359782,0.5059469,1.6563927,0.0,2.1722043,2.6392384,0.0,0.0,0.0,0.0,0.0,1.1055201,0.0,3.038816,0.0,0.0,0.0,0.053196415,0.0,0.0,0.0,0.0,3.4553435,2.19162,0.0,2.3877094,0.836912,0.0,0.0,0.0,0.0,0.0,0.0,0.0,0.0,0.0,0.0,1.1653837,0.0,0.7211417,1.8941476,0.0,0.43711898,3.4340348,0.0,0.0,0.34007525,0.0,0.0,0.0,1.8221625,0.0,0.7762757,3.9580412,0.0,0.21863343,0.81164145,0.0,2.112189,0.0,0.0,1.0455186,0.0,0.0,0.0,0.9838631,1.5848352,0.27871805,2.0418534,0.22893219,0.6201842,0.0,0.0,2.7642987,0.0,0.0,2.7645512,2.0496511,0.0,0.0,1.0719532,1.124615,0.2828569,0.40782833,0.90829235,2.6439023,0.0,1.2098951,2.3101525,0.0,0.0,0.0,0.0,1.6772609,0.0,0.0,0.2830197,2.9620178,0.0,0.0,0.37564176,0.41243008,2.5536149,0.0,0.0,0.20173801,2.3920012,0.0,0.0,3.779168,0.0,0.0,0.0,0.002937821,1.0456275,0.40899864,3.1796432,0.7245462,0.0,2.5603662,0.0,0.0,0.0,2.3034859,1.8176186,0.0,0.40797254,2.487261,1.4089584,2.3269289,0.0,0.91896874,3.0488563,0.0,0.0,0.0,0.3127376,0.0,0.0,0.3357329,0.08797469,0.0,0.0,0.0,0.0,2.215837,1.3282449,2.5116384,2.6950815,0.27509934,0.0,0.46217734,0.4582464,0.0,0.0,0.24286374,0.0,2.0147367,0.0,0.0,0.0,1.7472112,1.9332244,0.0,0.033561032,0.0,0.6252172,0.034372594,0.0,0.0,1.7405857,0.0,0.0,2.5344284,0.8608184,0.0,1.1511995,0.0,0.0,0.826818,0.08315781,1.2161689,0.048801407,0.0,2.332705,2.6898246,0.0,0.0,0.4658135,0.0,1.8853492,0.0,0.0,0.0,0.0,2.0464804,0.0,0.0,0.6498253,3.7433898,1.882623,0.57530546,0.5246701,0.5197168,0.08530152,0.47678033,2.5500853,2.1325836,0.0,1.9148545,0.0,0.0,0.0,1
0.0,0.0,0.2452054,1.1563534,2.3780582,0.0,0.20834304,0.47385505,2.4177556,0.6430487,1.2176462,0.0,0.031833977,1.1791745,0.0,2.1444395,0.4886254,1.1057854,0.98279995,0.9293474,0.0,1.3604201,0.8248383,0.41354632,1.4936978,0.0,0.09431563,0.0,0.16092929,0.7331623,0.42653337,0.69626385,0.0,0.0,0.0,2.4087207,2.073109,1.6385478,2.267709,0.0,0.0,1.8875493,0.0,1.0948048,0.5624642,0.55300385,0.0,0.2090032,0.6852711,0.0,0.0,1.7329912,0.41107148,0.0,0.22212595,0.0,0.31164414,0.7269235,0.0,0.0,1.770652,0.0,0.0,0.0,0.0,1.3326243,0.61380553,1.407129,0.07229903,1.0325991,0.13833198,0.0,0.0,0.0,0.9496708,0.0,0.0,0.0,0.0,0.0,0.50102836,0.7571252,0.0,0.5521757,0.0,0.0,0.35511616,1.4063363,1.4289292,1.8441968,0.0,0.0,0.0,0.0,0.0,0.0,1.55366,0.0,0.0,1.4793001,1.9106598,0.4433366,1.4485688,0.0,0.5349145,1.0149436,0.0,0.0,2.4596465,0.20891826,2.0380695,0.6712414,1.122946,1.5765543,0.0,1.626115,0.8392696,0.0,1.756995,0.55106956,0.18435624,0.0,0.0,0.0,0.0,0.34195507,0.0,0.06638907,0.3319014,0.7654606,1.1834332,0.59833634,0.3357472,0.0,1.3412794,0.0,0.23385546,0.0,0.0,1.6906934,0.019476788,0.0,0.0,0.37645024,0.15151307,0.6104347,0.0,0.28800437,2.6347117,1.1321204,0.5121167,0.0,0.5815769,0.0,0.72528523,0.0,1.3828876,0.0,1.0520581,0.3728938,1.8274955,0.0,0.5856342,0.8571457,0.47426113,0.0,0.6052908,0.0,0.0,2.4636767,0.6566094,0.0,0.6714393,0.0,0.0,0.64091766,0.0,1.0091348,0.0,2.99258,1.772294,1.770005,1.3323214,1.1435589,0.0,0.0,0.0,0.0,0.8772558,2.9650183,0.41763023,1.4461862,1.1516547,1.0588781,2.0043228,1.084345,1.3448123,0.0,0.25844628,0.0,0.53213626,0.0,0.0,0.0,0.99625003,0.37035286,1.6741178,1.3374343,0.0,1.1627519,1.6637168,0.0,0.0,0.15516369,0.0,1.7232915,1.1904817,0.39474884,1.5330799,0.18989952,0.0,1.6102564,0.9785874,0.48581588,0.0,0.0,1.563009,0.4298813,0.0,0.0,0.0,1.1299509,0.0,0.4914391,0.0,0.0,0.0,0.0,0.95825976,0.0,0.0,1.29028,0.0,0.0,2.3506405,1.6016867,0.0,0.0,1.4136888,0.49549443,0.7133421,0.01321448,1.145378,0.0,0.0,0.3989479,0
0.0,0.0,0.6837137,1.0163723,2.2816265,0.0,0.1297911,0.42042413,1.9112089,0.5509054,1.1471452,0.0,0.47211465,1.4699315,0.0,1.4808515,0.4348015,1.3803284,1.240158,0.92948055,0.0,1.5806462,0.86185825,0.3776245,1.5877987,0.0,0.51550925,0.0,0.3387352,1.0881137,0.7226678,0.6709627,0.0,0.0,0.0,2.2507374,1.868413,0.9311252,2.013827,0.0,0.0,1.6506337,0.0,1.2417461,0.37488216,0.28450754,0.0,0.21050254,0.9313213,0.0,0.0,0.9385707,0.3161137,0.0,0.54141104,0.0,0.4045976,0.84963316,0.0,0.0,1.5641844,0.0,0.0,0.0,0.0,1.2272544,0.39176714,1.4151311,0.2421886,1.2666787,0.0,0.0,0.0,0.0,0.7457039,0.0,0.0,0.0,0.0,0.0,0.65251946,0.81957644,0.0,0.28608525,0.0,0.0,0.7111825,1.3627669,0.727651,1.5337303,0.0,0.0,0.0,0.11818573,0.0,0.0,1.1105232,0.0,0.0,1.5434594,1.9482994,0.58577394,1.1314734,0.0,0.38877264,0.39925888,0.0,0.0,2.2385895,0.15078072,1.6271771,0.48858446,1.1030667,1.8249636,0.0,1.0115086,0.78094125,0.0,0.9535144,0.72322434,0.10945681,0.0,0.19044296,0.018043052,0.0,0.14953075,0.0,0.601592,0.662465,0.29573044,0.9362166,0.26443106,0.4448596,0.0,1.3384457,0.0,0.48222616,0.0,0.0,1.4507086,0.0,0.0,0.0,0.045979243,0.23901844,0.7474446,0.0,0.0,2.5217853,0.9883024,0.2613625,0.0,0.8974156,0.0,0.9009675,0.0,1.1963129,0.0,1.1490614,0.6626806,1.5042667,0.0,0.9650808,0.82270265,0.0,0.0,0.78427106,0.15427886,0.0,2.2395463,0.59381527,0.0,0.44131044,0.0,0.03850399,0.47048074,0.0,0.8156344,0.0,2.1643596,1.7638564,1.3498027,0.9946069,1.2710003,0.0,0.0,0.009911159,0.0,1.3257618,2.4264073,0.5738085,1.485136,0.8573053,0.8555903,1.5239614,1.258935,1.0145892,0.0,0.3705948,0.0,0.4619737,0.0,0.0,0.0,0.87482876,0.41588357,1.2145575,0.88741535,0.0,0.9088465,1.3118631,0.0,0.0,0.099851,0.0,1.5617015,1.1690538,0.6940406,1.2209508,0.3138437,0.0,1.6923634,0.83644485,0.5184882,0.0,0.0,1.5764371,0.749991,0.33036828,0.0,0.0,0.9847888,0.0,0.81454265,0.0,0.0,0.0,0.0,0.5875181,0.0,0.0,1.1661985,0.07161656,0.029172432,2.0760527,1.3141708,0.15850133,0.0,1.2561612,0.52113056,0.35683027,0.0,1.3826525,0.0,0.0,0.48534405,0
1.7630873,0.0,2.1712742,2.3770046,0.0,0.0,1.5204521,1.4227484,0.88116795,2.998147,1.2333586,0.0,1.5899036,0.011938678,0.0,0.31757453,0.02897579,0.0,2.4843788,1.633221,0.0,0.33141875,0.0,1.6061385,2.0509255,0.0,1.2144116,0.0,2.1442711,3.498356,3.5501878,2.43833,0.0,0.0,0.0,0.0,0.60116583,0.0,1.7122817,0.0,0.0,0.064142734,0.0,2.9617276,0.11701158,1.1648948,0.0,1.993552,2.7390914,0.0,0.0,0.0,0.0,0.0,1.5228075,0.0,2.5268812,0.8195389,0.0,0.0,0.0,0.0,0.0,0.0,0.0,3.5109475,1.2711535,0.0,2.3414567,1.0929283,0.0,0.0,0.0,0.0,0.0,0.0,0.0,0.0,0.0,0.0,0.95135224,0.0,0.6502521,1.6246048,0.0,0.14972752,3.889484,0.0,0.0,0.594582,0.0,0.0,0.0,2.485011,0.0,1.5307348,4.725966,0.0,0.4779624,0.09050247,0.0,2.7505643,0.16635683,0.0,2.0451193,0.0,0.0,0.0,0.23902641,1.8503735,0.17336354,1.906325,0.05844883,0.7435012,0.0,0.0,2.871897,0.0,0.0,3.1668255,2.3768632,0.0,0.0,1.6419177,1.1523659,0.2152508,0.85039383,1.5719763,4.0722933,0.0,1.7472947,2.3669035,0.0,0.0,0.0,0.0,1.6573857,0.0,0.0,0.1802902,2.9040363,0.0,0.0,0.0,0.928876,2.1598613,0.0,0.0,0.5392778,1.8182065,0.0,0.0,4.296245,0.0,0.0,0.0,0.0,0.0,0.0,2.5734644,0.6051848,0.0,2.630263,0.0,0.0,0.0,2.470596,2.4326568,0.0,0.0,1.9214028,2.5761626,2.0777326,0.0,0.99074775,3.162407,0.0,0.49039313,0.0,0.0,0.0,0.0,0.0,0.0,0.0,0.0,0.0,0.0,2.8571382,0.562835,2.0808556,3.065519,0.5954885,0.0,0.0,0.06393963,0.0,0.0,0.41018105,0.0,1.8961889,0.0,0.0,0.0,1.5888156,1.950222,0.0,0.0,0.0,0.39063206,0.025112469,0.0,0.0,2.0120015,0.0,0.87681466,1.93135,1.7342019,0.0,0.7170237,0.0,0.0,0.63817424,0.0,1.310231,0.0,0.0,3.1435587,2.9662142,0.0,0.0,0.0,0.0,1.998572,0.0,0.0,0.0,0.0,2.0019815,0.0,0.0,0.0,4.127529,2.5008702,0.0,0.6717665,0.788242,0.59249586,0.4604349,3.2980235,2.7063189,0.0,1.640338,0.0,0.24828915,0.1987567,1
1.8607976,0.0,2.2654767,2.005837,0.25556654,0.0,1.3134607,1.0740376,1.4603168,2.5703125,1.4679884,0.0,1.145208,0.86760587,0.0,0.75171375,0.0,0.18285958,1.3839337,1.5862331,0.0,0.7972445,0.0,1.3113312,1.8256577,0.0,1.2814134,0.0,1.8178984,2.6923296,2.6228335,2.3109317,0.0,0.0,0.0,0.5337523,1.853159,0.0,1.4875594,0.0,0.0,0.29216555,0.0,2.489872,0.7823108,1.6551461,0.0,2.1195736,2.4553072,0.0,0.0,0.13936576,0.0,0.0,1.0305747,0.0,2.1966143,0.17233887,0.0,0.0,0.50126463,0.0,0.0,0.0,0.0,3.5615118,1.8405513,0.0,2.135389,1.317756,0.0,0.0,0.0,0.0,0.0,0.0,0.0,0.0,0.0,0.0,0.8580896,0.0,0.7856885,1.5091889,0.0,0.0,3.3211553,0.0,0.05441064,1.0017452,0.0,0.0,0.0,1.7577536,0.0,0.5238244,3.8492866,0.0,0.010018553,1.0630647,0.04069084,2.3427243,0.23926753,0.0,1.6079792,0.11798688,0.0,0.0,1.1135634,1.2360033,0.7299051,1.4727427,0.0,0.7826493,0.0,0.07702847,2.8041394,0.0,0.0,2.8197682,2.0838563,0.0,0.0,1.2966087,0.6780585,0.42475313,1.0054587,1.4346958,2.9828827,0.14796321,1.587268,1.9273007,0.0,0.0,0.010634594,0.0,1.5053934,0.0,0.0,0.34360567,2.6418712,0.0,0.0,0.5330838,0.5884787,2.5881903,0.0,0.0,0.59969497,2.2718432,0.0,0.0,3.8933861,0.0,0.0,0.0,0.0,0.10030194,0.5629902,2.8238614,0.8262523,0.0,2.2607584,0.53747857,0.0,0.0,2.009399,1.7071538,0.0,0.008625662,2.4383376,1.5139489,2.0923433,0.0,0.51966166,3.6240687,0.0,0.5713158,0.0,0.4405661,0.0,0.16318636,0.82208246,0.42930976,0.0,0.0,0.0,0.0,1.9784222,1.3056657,2.1642578,2.843395,0.0004313112,0.0,0.4352344,0.59572804,0.0,0.0,0.45521513,0.0,1.6602014,0.0,0.0,0.0,1.911156,1.5167034,0.0,0.0,0.0,0.48923627,0.29219905,0.0,0.0,1.771525,0.0,0.37135825,1.5684762,1.9473544,0.2243624,0.67495763,0.0,0.36804017,1.0188794,0.87342066,0.6170499,0.03564147,0.0,2.1378005,2.1531625,0.0,0.0,0.24099194,0.0,1.6278253,0.0,0.0,0.0,0.0,1.4906721,0.0,0.0,0.15389025,2.6410396,1.7281919,0.7949095,0.91340476,0.51884556,0.0,0.99518025,2.3383386,2.5889125,0.0,1.0677947,0.0,0.0,0.0,1
0.0,0.0,0.6659718,0.63104916,2.1794806,0.0,0.026898216,0.429321,2.055585,0.33631906,1.6062413,0.0,0.21389243,1.6655213,0.0,2.083116,0.16659078,1.523745,1.056688,1.2567558,0.0,1.4986029,0.5660357,0.8472919,1.7878712,0.0,0.46255445,0.54696697,0.5865998,1.2602808,0.8760517,0.6062275,0.0,0.0,0.0,2.4437356,2.1406462,0.93149376,2.2734785,0.0,0.0,2.1992812,0.0,1.5674156,0.24864756,0.73617053,0.0,0.41517857,0.883823,0.0,0.0,1.603358,0.0,0.0,0.17229764,0.0,0.0,0.66993904,0.0,0.0,1.4757583,0.0,0.0,0.0,0.0,1.617373,0.010775469,1.133195,0.3360083,1.5308678,0.0,0.0,0.0,0.0,0.86737496,0.0,0.0,0.0,0.0,0.0,0.9549544,0.8917117,0.047057148,0.40993097,0.0,0.0,0.5572791,1.2368592,1.2038242,1.9443865,0.0,0.0,0.0,0.8609188,0.0,0.0,1.5417852,0.0,0.0,1.7341361,2.225169,0.33553818,1.3246922,0.0,0.888278,0.6912145,0.0,0.0,2.6075811,0.05579714,2.194755,0.30254674,0.9800486,1.7700434,0.0,1.2662919,0.8501975,0.0,1.1317357,0.6761418,0.78662133,0.0,0.042653162,0.15859467,0.0,0.239906,0.0,0.8685108,0.6829097,1.3634707,1.0373192,0.38849813,0.7539027,0.0,1.1087118,0.0,0.24881975,0.0,0.0,1.4264337,0.23348176,0.0,0.0,0.0494738,0.41911504,0.7164946,0.0,0.0,2.5989118,1.059596,0.0,0.0,0.5815011,0.0,1.2579606,0.0,1.3007799,0.0,1.0659496,0.50619966,1.4650853,0.0,0.88108534,0.85447514,0.5585042,0.0,0.81126773,0.0,0.0,2.2434976,0.67477167,0.14512224,0.29665872,0.0,0.0,0.78505206,0.0,1.1048589,0.0,2.6052198,1.4442894,1.7389303,1.6291748,1.4895078,0.0,0.0,0.0,0.0,0.9833025,2.6679778,0.5992309,1.6788392,0.75703514,0.8372554,2.171684,1.1210762,1.551487,0.0,0.5709971,0.0,0.27403626,0.0,0.0,0.0,0.58974856,0.32665354,1.5141379,0.9607418,0.0,1.1660267,1.4864368,0.0,0.0,0.17575298,0.0,1.9384239,0.98014647,0.9461098,1.6079284,0.0,0.0,1.9122064,0.81019646,0.44269732,0.0,0.0,1.1737095,0.81811565,0.0,0.0,0.0,1.2840452,0.0,0.3817164,0.0,0.0,0.0,0.0,0.79466695,0.0,0.0,1.3904245,0.0,0.0,2.5346465,1.8051424,0.33855447,0.0,1.5723718,0.67778367,0.6667571,0.0,0.49908972,0.0,0.0,0.76649827,0
0.9747252,0.0,2.2436285,1.882242,0.0,0.0,1.2612597,0.62025887,1.5272287,1.7325426,0.9932672,0.0,0.56751174,0.9673858,0.059146967,0.38079435,0.0,0.31835723,1.5772511,1.3441784,0.0,0.9744784,0.26459244,0.90690655,2.1480892,0.0,1.2805636,0.0,1.249682,1.5557187,1.8786466,2.166685,0.0,0.0,0.0,0.8303243,1.7850724,0.0,1.3974981,0.0,0.0,0.38117608,0.0,1.3542317,0.7977201,1.145598,0.0,1.8451035,2.1009068,0.0,0.0,0.78783363,0.0,0.0,0.7284579,0.0,1.7874603,0.525792,0.0,0.0,0.6604254,0.0,0.0,0.0,0.0,2.74987,1.6984981,0.0,1.832074,0.8094331,0.0,0.0,0.0,0.0,0.0,0.0,0.0,0.0,0.0,0.0,0.5669465,0.0,0.6156609,1.1620332,0.0,0.0,2.119825,0.13844205,0.32031754,0.2973477,0.0,0.0,0.0,1.2299237,0.0,0.298159,2.6763444,0.0,0.0,1.1110888,0.5033678,2.1445577,0.15483072,0.0,1.2275969,0.21814618,0.0,0.0,1.3828269,0.64743084,1.1586777,1.2357281,0.0,1.3156178,0.0,0.17445202,1.826861,0.0,0.27497792,2.4020195,1.108648,0.0,0.1305223,0.5931666,0.115310125,0.0,0.6078022,0.9458044,2.1054325,0.092519455,0.97265697,1.5665194,0.0,0.0,0.35033697,0.0,1.7536042,0.0,0.0,0.4770324,2.2656686,0.0,0.0,0.082723774,0.71545714,2.178262,0.0,0.0,0.78810024,1.9487097,0.0,0.0,3.0327265,0.0,0.21935947,0.0,0.0,0.0,0.66913307,2.3743548,0.65946674,0.0,1.6570845,0.0,0.0,0.0,1.5433966,1.4309038,0.0,0.5505498,2.0027907,0.4214244,2.0145643,0.0,0.55364895,2.3631258,0.0,0.8427965,0.0,0.9133451,0.0,0.6284649,0.90377706,0.3870491,0.0,0.0,0.0,0.0,2.443811,1.3827772,1.4321476,2.614383,0.10122247,0.0,1.1389091,0.6352335,0.0,0.0,0.13216881,0.0,1.374112,0.0,0.0,0.0,1.3890411,0.9357243,0.61699635,0.28210285,0.0,0.6751351,0.51542497,0.0,0.0,1.1069713,0.0,0.38309288,1.6831957,1.2566724,0.0065279286,0.552221,0.0,0.3727739,0.668925,0.85218287,0.0,0.0,0.0,1.6674778,2.0065317,0.0,0.0,0.0,0.0,0.9321189,0.0,0.0,0.0,0.0,0.8374559,0.0,0.0,0.8765633,2.2374558,1.0639373,0.73038495,0.9699901,0.14902708,0.35574734,0.96919894,1.723554,2.1484318,0.0,1.2641274,0.0,0.0,0.0,1
1.5224767,0.0,2.1342063,2.0172398,0.0,0.0,1.4419242,1.2779931,2.164144,2.2915654,0.6995044,0.0,0.91453344,0.4118502,0.0,0.2496554,0.034904573,0.18919495,1.4904691,1.2980715,0.0,0.89462286,0.0,1.1222439,2.4242136,0.0,1.2272823,0.0,2.032318,2.3846645,2.9553027,2.4948368,0.0,0.0,0.0,0.48815474,1.7002745,0.0,1.546341,0.0,0.0,0.70194125,0.0,1.9384017,0.41237867,1.7500358,0.0,1.8914783,2.51892,0.0,0.0,0.26249048,0.0,0.0,0.8055178,0.0,2.5851476,0.37711436,0.0,0.0,0.3251188,0.0,0.0,0.0,0.0,3.301735,1.9316943,0.0,2.120914,0.98714775,0.0,0.0,0.0,0.0,0.0,0.0,0.0,0.0,0.0,0.0,0.98612857,0.0,0.77596956,1.3829541,0.0,0.22302677,2.9742732,0.0,0.020395044,0.86951977,0.0,0.0,0.0,1.4591905,0.0,0.6883467,3.8624518,0.0,0.0,1.1793702,0.6850411,2.1526954,0.0,0.0,1.291147,0.0,0.0,0.0,1.2061635,0.99973285,0.98201704,1.5002204,0.20886047,0.7460731,0.0,0.30169907,2.5387352,0.0,0.0,2.267688,1.6917068,0.0,0.0,0.8571669,0.5651827,0.0,0.6186005,1.0535932,2.6048725,0.20327614,1.4243064,1.8811498,0.0,0.0,0.063217275,0.0,1.8330626,0.0,0.0,0.0,2.7281866,0.0,0.0,0.14802855,0.47768304,2.4854655,0.0,0.0,0.76833135,2.0386894,0.0,0.0,3.8373013,0.0,0.0,0.0,0.0,0.0,0.5175528,2.5102067,0.9237513,0.0,2.5309803,0.0,0.0,0.0,2.0017188,2.213914,0.0,0.6912861,2.6745052,1.7512473,1.7707564,0.0,0.64664847,2.7649527,0.0,0.29602447,0.0,0.36271438,0.0,0.0,0.28058887,0.36689472,0.0,0.0,0.0,0.0,2.6194267,1.3724986,2.0813627,2.7012422,0.3277193,0.0,0.61790466,0.4528129,0.0,0.0,0.4583791,0.0,1.8263758,0.0,0.0,0.0,1.6339396,1.3232653,0.0,0.23815718,0.0,0.28577793,0.4731487,0.0,0.0,1.6223266,0.0,0.18208152,2.2630718,1.5459254,0.0,0.44310382,0.0,0.459426,1.2479993,0.7653672,0.6455182,0.0,0.0,2.466606,2.7446218,0.0,0.0,0.0,0.0,1.2113814,0.0,0.0,0.0,0.0,1.4784802,0.0,0.0,0.40763912,3.0785654,1.8792051,0.6923824,0.57297295,0.7310372,0.30466887,0.6825184,2.298102,1.9422566,0.0,1.897305,0.0,0.0,0.0,1
0.0,0.0,0.058716863,1.0174248,3.6688604,0.0,0.0,0.56812376,3.7135983,0.24488771,1.7230928,0.0,0.0,1.3877748,0.0,2.7634645,0.10941108,2.1333256,0.72182316,0.9335547,0.0,1.6675779,0.8281022,0.6219218,1.6899898,0.0,0.09704329,0.11214683,0.27345136,0.46715724,0.29615834,0.0,0.16401201,0.0,0.0,3.0017214,2.4670017,2.2571125,3.002442,0.0,0.0,2.8714235,0.0,1.3042246,0.013785426,0.3505806,0.0,0.21843973,0.35292068,0.0,0.0,2.7336257,0.2193155,0.0,0.0,0.0,0.0,1.499961,0.0,0.0,2.3762434,0.0,0.0,0.0,0.0,1.6644636,0.08362832,2.2341704,0.0,1.7510126,0.23788916,0.0,0.0,0.0,1.5699297,0.0,0.0,0.0,0.0,0.0,0.3582497,1.4243699,0.0,0.13714698,0.0,0.0,0.4704202,2.325839,1.6663243,2.792679,0.0,0.0,0.0,0.0,0.0,0.0,1.3699695,0.0,0.0,0.83121246,2.5532966,0.0,1.6418712,0.0,0.21508507,1.7556823,0.0,0.0,3.256908,0.1259859,3.3226643,0.19154458,1.7118388,1.3611058,0.0,2.3940635,1.1294662,0.0,2.0272658,0.30018073,0.0,0.0,0.0,0.025124991,0.0,0.18418504,0.0,0.17956834,0.0,1.0209041,1.3363191,0.028827816,0.5741578,0.0,1.9279525,0.0,0.43961114,0.0,0.0,2.1540942,0.08966885,0.0,0.0,0.50647104,0.4594377,0.62482625,0.0,0.0073473235,4.0564637,1.3171684,0.9367057,0.0,0.0,0.0,1.4733698,0.0,2.1774955,0.0,1.9458112,0.17733018,2.765562,0.0,0.37352467,1.146066,0.5565428,0.0,0.76466393,0.0,0.0,2.9931781,0.36268288,0.0,0.0,0.0,0.0,0.5892743,0.0,0.9602201,0.0,3.9756818,2.834218,2.1911345,2.1216471,2.0479946,0.0,0.0,0.14028858,0.0,0.7284115,3.63415,0.019573225,1.5366458,1.8632337,1.5867442,3.2900023,1.470107,1.5370574,0.0,0.597674,0.0,0.14144628,0.0,0.0,0.0,0.48141637,0.853266,2.0792513,2.3198483,0.0,1.026634,2.1447346,0.0,0.0,0.12855624,0.0,2.8211567,1.1650755,0.38884956,1.0527575,0.3659428,0.0,2.7641506,1.1913308,0.2587326,0.0,0.0,2.0553474,0.11894103,0.0,0.0,0.0,1.8940557,0.05276547,0.04679758,0.0,0.0,0.0,0.0,0.8187317,0.0,0.0,2.0055027,0.0,0.0,3.0614994,1.9215966,0.0,0.0,1.5894445,0.10846683,0.61381334,0.60840315,1.0114334,0.0,0.0,0.9215333,0
0.12839302,0.0,0.89773214,1.1056563,2.2673364,0.0,0.0,0.58759433,2.026158,0.5160547,1.9559395,0.0,0.050033778,2.1106603,0.0,2.3634417,0.0,1.4340788,0.7552026,1.2716608,0.0,1.5348966,0.6819324,0.8869049,2.1609106,0.0,0.67437834,0.9623404,0.7178352,1.7169034,0.5862266,0.8433204,0.0,0.0,0.0,2.547873,2.432513,0.4536686,2.5223858,0.0,0.017171131,2.031078,0.0,1.5049381,0.3169809,1.1489389,0.0,0.5265092,0.45869377,0.0,0.0,1.675245,0.0,0.0,0.0,0.0,0.0,0.71206564,0.0,0.0,1.5198206,0.0,0.0,0.0,0.0,1.7538509,0.6002954,1.1762478,0.0,1.905507,0.0,0.0,0.0,0.0,0.88632953,0.0,0.0,0.0,0.0,0.0,0.6223221,0.92284846,0.09354713,0.35016802,0.0,0.0,0.9025654,1.1521583,0.8010369,2.0730064,0.0,0.0,0.0,1.217316,0.0,0.0,1.7705256,0.0,0.0,1.8040587,1.6806082,0.33854544,1.4733244,0.0,0.7791424,0.7356802,0.0,0.0,2.2465303,0.0,2.1178024,0.038062826,0.88045746,1.6840646,0.0,1.4391423,1.4397058,0.0,0.73393434,1.3391601,0.48743322,0.0,0.22688214,0.31688896,0.0,0.0,0.08610608,1.3335369,1.1055582,1.463945,0.9734254,0.36055177,0.57642996,0.0,1.3697443,0.0,0.7415694,0.0,0.0,1.3498727,0.98918825,0.0,0.0,0.4170779,0.6546914,1.2956332,0.0,0.0,2.4625053,1.247335,0.0,0.0,0.64733106,0.0,1.1561514,0.0,1.1276543,0.0,1.1709291,0.5379547,2.1663785,0.0,1.210944,0.98784876,0.05226177,0.0,0.38422516,0.20239082,0.0,1.9722872,0.7604684,0.48893118,0.279717,0.0,0.006109638,1.1817342,0.0,1.0885807,0.0,2.4910145,1.1630716,1.2466619,1.1406646,1.4163285,0.0,0.0,0.0,0.0,0.9289469,2.7945166,0.8685734,2.4076595,0.5429366,0.50386083,2.593588,1.3599494,1.1604133,0.0,0.68843883,0.0,0.42857242,0.118911654,0.0,0.0,0.7376803,0.0,1.3019097,1.0144962,0.0,1.2141713,1.6748668,0.0,0.0,0.45576867,0.0,1.8056709,0.41180828,1.709049,0.97298616,0.0,0.0,1.636384,0.93661785,0.87206775,0.0,0.0,1.0784444,1.0131419,0.202575,0.0,0.0,1.4512883,0.0,0.30230707,0.0,0.0,0.0,0.0,0.37555373,0.0,0.0,2.065371,0.0,0.4229687,2.8369398,1.2568275,0.56843686,0.0,1.4874084,1.164004,0.77757686,0.0,0.47489157,0.0,0.0,0.74788034,0
0.45337406,0.0,0.9702848,1.3469113,1.6240592,0.0,0.0,0.5127782,1.8117898,1.0261755,1.4946003,0.0,0.66185594,1.455008,0.0,1.6666197,0.18093212,1.0796642,0.6846275,1.00853,0.0,1.2144053,0.0,0.374125,1.564293,0.0,0.4364695,0.16883694,0.87744623,1.6380422,0.95095223,1.1609229,0.0,0.0,0.0,2.2644775,1.92607,0.25231582,1.9461658,0.0,0.29196486,1.3741987,0.0,1.9573784,0.4373038,0.7090456,0.0,0.63118094,1.0843561,0.0,0.0,0.89044505,0.0,0.0,0.44757387,0.0,0.55524206,0.5553018,0.0,0.0,1.5077085,0.0,0.0,0.0,0.0,1.8172421,1.2464513,0.43496698,0.27434605,1.6132143,0.0,0.0,0.0,0.0,0.0,0.0,0.0,0.0,0.0,0.0,0.40001732,0.0,0.2892899,1.0439339,0.0,0.0,1.3206935,0.5438798,0.8608886,1.5803242,0.0,0.0,0.0,0.61725056,0.0,0.0,1.4650576,0.0,0.0,1.5935953,1.0780182,0.8740273,0.8041989,0.0,0.91404855,0.7540222,0.0,0.0,1.9713544,0.008222623,1.7211891,0.7460207,0.37976697,1.2049356,0.0,1.1687171,1.572919,0.0,0.88765323,1.3166465,0.5559543,0.0,0.0,0.0,0.0,0.08728577,0.42498577,0.68719053,1.0047385,0.41382235,1.1619397,0.5165111,0.031507213,0.0,0.8586497,0.0,0.72566754,0.0,0.0,1.2984582,0.8313084,0.0,0.0,0.1892466,0.31260386,0.9022798,0.0,0.0,2.0794964,1.146875,0.0,0.0,0.98441035,0.0,0.4853518,0.0,0.51985973,0.0,1.3417422,1.1810411,1.333125,0.0,1.5109315,0.63618374,0.0,0.0,0.5385561,0.3798651,0.0,1.4565085,1.450561,0.2652093,1.2555826,0.0,0.0,1.6429662,0.0,0.7543223,0.0,2.5149903,0.90165406,0.89543426,1.2858881,0.7076664,0.0,0.0,0.0,0.0,0.7913655,2.0451052,0.9731464,1.8293631,0.55192876,0.6782037,1.4554598,1.368929,0.88987863,0.0,0.48502505,0.0,0.37889448,0.0,0.0,0.0,1.1793532,0.71705866,1.0878452,0.6496326,0.0,0.9435931,1.2702931,0.0,0.0,0.4443026,0.0,1.2109995,0.53037316,1.6469383,0.87371653,0.52606183,0.0,1.8054338,0.87486506,0.85240394,0.0,0.038932167,0.89578736,0.68320245,0.48762038,0.0,0.0,0.91952056,0.0,0.4559363,0.0,0.0,0.0,0.0,0.7221536,0.0,0.0,1.1893065,0.6774433,0.5101097,2.425294,1.4738469,0.27539444,0.0,1.0080041,1.0280951,1.1453801,0.0,0.5702148,0.0,0.0,0.47614974,0
0.0,0.0,0.5877941,1.0714384,2.446804,0.0,0.0008400781,0.5095662,2.4739969,0.38915098,1.5804936,0.0,0.105033964,1.5955262,0.0,2.2312117,0.21681844,1.680131,1.3076707,1.0603145,0.0,1.7695025,1.061374,0.8955759,1.8207549,0.0,0.3417784,0.3838839,0.3757868,0.86931247,0.7473051,0.6224194,0.0,0.0,0.0,2.5864909,2.097591,1.4119263,2.2979636,0.0,0.0,2.1713765,0.0,0.99235946,0.5679747,1.0281407,0.0,0.33190134,0.91359204,0.0,0.0,2.2101,0.29978308,0.0,0.31640562,0.0,0.058757566,0.8001617,0.0,0.0,1.7330813,0.0,0.0,0.0,0.0,1.8738999,0.39099082,1.2815804,0.4441464,1.2614774,0.0,0.0,0.0,0.0,0.94396025,0.0,0.0,0.0,0.0,0.0,0.76611567,0.94474113,0.0,0.3508039,0.0,0.0,0.40845436,1.3906724,0.93791777,1.7482927,0.0,0.0,0.0,0.32920796,0.0,0.0,1.724285,0.0,0.0,1.7709608,1.7257519,0.16592428,1.1789616,0.0,0.68997043,1.2023312,0.0,0.0,2.4300976,0.14197151,2.5030036,0.5494026,1.2327992,1.6429281,0.0,1.6461512,0.9139847,0.0,1.647441,0.48180842,0.6296692,0.0,0.0,0.030233255,0.0,0.59766454,0.0,0.80983377,0.3909559,0.95345384,1.014922,0.25703496,0.5352192,0.0,1.4708002,0.0,0.40199393,0.0,0.0,1.752087,0.116084896,0.0,0.0,0.43603355,0.43718925,0.7706748,0.0,0.0,2.7118816,1.4133308,0.48658785,0.0,0.54269415,0.0,1.2766159,0.0,1.4543489,0.0,1.1110821,0.42428726,1.5172253,0.0,0.25567874,0.75449115,0.40681073,0.0,0.7558833,0.0,0.0,2.5469127,0.4704429,0.0,0.39860326,0.0,0.12566887,0.8098028,0.0,1.1082361,0.0,3.0212011,1.8588592,1.905616,1.778705,1.4844524,0.0,0.0,0.020780511,0.0,1.0685912,3.0959506,0.5251149,1.8279287,1.2087483,1.0729904,2.3420103,1.1534272,1.3437933,0.0,0.27679884,0.0,0.6316377,0.0,0.0,0.0,0.87680465,0.5804999,1.5409769,1.5624373,0.0,1.1397872,1.7934232,0.0,0.0,0.0537325,0.0,1.9325676,1.1157852,0.5937652,1.676732,0.34641,0.0,2.2050364,0.80984634,0.1950906,0.0,0.03816714,1.2176467,0.47687036,0.0,0.0,0.0,1.3650568,0.0,0.26288092,0.0,0.0,0.0,0.0,0.8239283,0.0,0.0,1.3954778,0.0,0.0,2.621852,1.6808102,0.08071278,0.0,1.6621578,0.6607663,0.8829318,0.02631798,1.0667229,0.0,0.0,0.6756471,0
0.09685357,0.0,0.0,0.86693335,3.7083385,0.0,0.0,0.4185355,3.4852052,0.18945403,1.8230197,0.0,0.0,1.1957128,0.0,2.8560455,0.0,1.5668424,0.4700198,0.6217389,0.0,1.5991187,0.53175527,0.21697542,1.3279263,0.0,0.49728253,0.5894927,0.5461766,0.6265841,0.026802521,0.0,0.37001836,0.0,0.0,2.8114076,2.822025,1.9996245,3.4721415,0.0,0.008198098,2.6608298,0.0,1.3090893,0.0,0.2066938,0.0,0.26713273,0.04501077,0.0,0.0,2.3583004,0.0,0.0,0.0,0.0,0.09427651,1.3596036,0.0,0.0,2.3762136,0.0,0.0,0.0,0.0,1.8207259,0.0,2.2984736,0.0,1.7847155,0.39906916,0.0,0.0,0.0,1.2550491,0.0,0.0,0.0,0.0,0.0,0.15948693,1.029038,0.0,0.10053119,0.0,0.0,0.60394806,2.0372977,1.8116769,2.9987583,0.0,0.0,0.0,0.1270077,0.0,0.0,1.2503194,0.0,0.0,0.52499443,2.5084784,0.0,1.9488025,0.0,0.085037306,1.7751894,0.0,0.0,3.3010993,0.38521615,3.225809,0.42438918,1.4019457,1.2419784,0.0,2.1329563,1.4432079,0.0,1.9808505,0.18196315,0.0,0.0,0.08671629,0.027580587,0.0,0.25452143,0.0,0.06808345,0.0,1.0293736,1.3347942,0.10243359,1.1286107,0.0,1.8777187,0.0,0.3562988,0.0,0.0,2.4668257,0.29443255,0.0,0.0,0.65029514,0.31852832,0.8918864,0.0,0.2546212,4.126207,1.2292061,0.73539567,0.0,0.0,0.0,1.0095004,0.0,2.0595696,0.0,1.4999621,0.0,2.782204,0.0,1.0956979,1.4778981,0.67696863,0.0,0.8923607,0.0,0.0,2.8169842,0.39088684,0.0,0.045445133,0.0,0.0,0.92102253,0.0,0.8874594,0.0,3.9723926,2.7920165,2.1891172,1.64833,1.9642715,0.0,0.0,0.085047,0.0,0.32490972,3.5972877,0.052173212,1.6267704,1.7037915,1.1495221,3.330618,1.3603487,1.3144597,0.0,0.57896906,0.0,0.33747873,0.0,0.0,0.0,0.01371131,0.70811,1.8964541,2.5691793,0.0,1.2137114,2.1801205,0.0,0.0,0.0,0.0,3.008506,0.8844069,0.6198077,0.878792,0.30789572,0.0,3.1563022,1.3291112,0.0,0.0,0.0,1.6566997,0.12695676,0.0,0.0,0.0,2.0455854,0.0,0.43294036,0.0,0.0,0.0,0.0,0.8768433,0.0,0.0,2.6449676,0.0,0.13819464,3.1056871,1.2165527,0.0,0.0,1.3604802,0.13925108,0.71735746,0.6722029,0.75426346,0.0,0.0,0.80757827,0
1.4730244,0.0,2.3835583,2.4000385,0.0,0.0,1.6098918,1.2860343,1.3090518,3.2246013,0.79489696,0.0,0.7906316,0.0,0.07560716,0.0,0.0,0.0,1.1511196,1.5011115,0.0,0.040414143,0.0,1.4901173,2.1309364,0.0,1.4720218,0.0,2.1369464,2.5355928,2.6659899,2.589709,0.0,0.0,0.0,0.0,1.3109608,0.0,0.95711184,0.0,0.0,0.26594082,0.0,2.1586032,0.5865452,1.9573278,0.0,2.3155282,2.619173,0.0,0.0,0.0,0.0,0.0,1.3894558,0.0,2.4205408,0.039817475,0.0,0.0,0.02779679,0.0,0.0,0.0,0.0,3.3447433,2.2676024,0.0,2.3453012,0.7447727,0.0,0.0,0.0,0.0,0.0,0.0,0.0,0.0,0.0,0.0,1.1431578,0.0,0.72292,1.9936582,0.0,0.0,3.3213346,0.0,0.0,0.46078664,0.0,0.0,0.0,2.448264,0.0,0.61235183,4.126602,0.0,0.5976319,0.6209646,0.0,2.4475257,0.27886918,0.0,1.0056205,0.06315913,0.0,0.0,0.5354225,1.8736463,0.1057609,1.8426644,0.0,0.43003505,0.0,0.0,2.6622648,0.0,0.0,3.02409,2.4552689,0.0,0.0,1.4551437,1.1778334,0.27112448,0.7016943,1.4173412,2.9122365,0.0,1.2205378,2.5883842,0.0,0.0,0.0,0.0,1.9131496,0.0,0.0,0.27740845,2.7883327,0.0,0.0,0.23771448,0.6803808,2.3643901,0.0,0.0,0.19995451,2.3487763,0.0,0.0,4.0273795,0.0,0.0,0.0,0.2966273,0.9026754,0.27192134,2.6505377,0.8903978,0.0,2.1230495,0.0,0.0,0.0,1.9759458,1.892998,0.0,0.0,2.478112,1.6483105,2.0964122,0.0,1.0196967,3.2608202,0.0,0.38331997,0.0,0.3015965,0.0,0.0,0.60111386,0.030057872,0.0,0.0,0.0,0.0,1.8260843,1.4593335,2.418813,2.9934316,0.32813203,0.0,0.36195576,0.1880781,0.0,0.0,0.16649996,0.0,2.0368793,0.0,0.0,0.0,2.0079422,2.0909567,0.0,0.030611094,0.0,0.41704968,0.0,0.0,0.0,1.8211554,0.0,0.022338537,2.0825272,1.246857,0.0,1.0109657,0.0,0.08242767,1.0972039,0.56311,0.5496021,0.0,0.0,2.5231416,2.1912732,0.0,0.0,0.049568474,0.0,1.8651596,0.0,0.0,0.0,0.0,1.8548422,0.0,0.0,0.26632702,4.0251236,2.1151757,0.57364744,0.39235795,0.79542786,0.0,0.41866422,2.4194105,2.3645003,0.0,1.7846973,0.0,0.0,0.37239617,1
1.8123419,0.0,2.5874069,2.6820216,0.0,0.0,1.8669378,1.6407564,1.4486668,3.3920467,0.61537576,0.0,1.1034571,0.0,0.30413705,0.0,0.0,0.0,1.5911381,1.4034104,0.0,0.07618426,0.0,1.5583358,2.2332063,0.0,1.462102,0.0,2.3379617,3.1169727,3.2237139,3.0941637,0.0,0.0,0.0,0.0,0.9963951,0.0,1.4637715,0.0,0.0,0.39568838,0.0,2.8661356,0.9063302,1.8427674,0.0,2.2058666,3.1620896,0.0,0.0,0.0,0.0,0.0,1.3986473,0.0,3.3350859,0.18756147,0.0,0.0,0.0015652026,0.0,0.0,0.0,0.0,3.675075,2.0430844,0.0,2.6509492,0.74798095,0.0,0.0,0.0,0.0,0.0,0.0,0.0,0.0,0.0,0.0,1.2905667,0.0,0.66470087,2.2101982,0.0,0.006035058,3.9541361,0.0,0.0,0.38135168,0.0,0.0,0.0,2.565926,0.0,0.8308825,4.7800865,0.0,0.625617,0.49336582,0.0,2.8162372,0.13943607,0.0,1.2880268,0.0,0.0,0.0,0.33126435,2.0551696,0.13566783,2.1367316,0.0,0.17897664,0.0,0.0,2.7678022,0.0,0.0,3.2411451,2.7776,0.0,0.0,1.5619981,1.5919659,0.31461138,0.7272606,1.3702998,3.5172684,0.0,1.5404148,2.7064502,0.0,0.0,0.0,0.0,2.1043258,0.0,0.0,0.0,3.2401168,0.0,0.0,0.5610647,0.663658,2.7710211,0.0,0.0,0.09662511,2.4205897,0.0,0.0,4.4135017,0.0,0.0,0.0,0.0,0.94487983,0.029693512,3.550892,0.6173471,0.0,2.440422,0.21424608,0.0,0.0,2.4704096,2.390786,0.0,0.0,3.1513596,2.4711804,2.5439706,0.0,1.1494548,3.364338,0.0,0.21439679,0.0,0.03197918,0.0,0.0,0.20572644,0.0,0.0,0.0,0.0,0.0,2.1023986,1.2746837,2.4103568,3.0582216,0.61537087,0.0,0.0,0.0,0.0,0.0,0.2621811,0.0,1.9223474,0.0,0.0,0.0,2.2140324,2.4468732,0.0,0.0,0.0,0.22247748,0.24476448,0.0,0.0,2.0009892,0.0,0.0,2.681415,1.5415092,0.0,1.1140854,0.0,0.0,1.0805014,0.033102177,0.8667783,0.0,0.0,2.6749277,2.6958864,0.0,0.0,0.09810301,0.0,2.0158248,0.0,0.0,0.0,0.0,2.1686258,0.0,0.0,0.0,4.735886,2.4980164,0.0877276,0.48549616,0.8724642,0.19102181,0.24015547,2.5491164,3.0481749,0.0,2.082382,0.0,0.0,0.0,1
1.7646867,0.0,2.4397469,2.3370163,0.0,0.0,1.5239576,1.0047864,1.2863917,3.053547,1.312736,0.0,0.85035723,0.54194593,0.0,0.06913363,0.0,0.0,1.1858748,1.7953454,0.0,0.21803132,0.0,1.5860095,1.881167,0.0,1.2955736,0.0,2.0770106,2.624277,2.2466328,2.4282942,0.0,0.0,0.0,0.26558536,1.6554139,0.0,1.1149232,0.0,0.0,0.41694096,0.0,2.455463,0.96705,1.8405141,0.0,2.1756356,2.4164972,0.0,0.0,0.0,0.0,0.0,1.3090625,0.0,2.5327754,0.048152052,0.0,0.0,0.0,0.0,0.0,0.0,0.0,3.6771734,2.5238073,0.0,2.1391256,1.2333233,0.0,0.0,0.0,0.0,0.0,0.0,0.0,0.0,0.0,0.0,0.8436899,0.0,0.5802237,2.069983,0.0,0.0,3.4328856,0.0,0.0,0.5880503,0.0,0.0,0.0,2.3336241,0.0,0.58394945,4.1041803,0.0,0.26428533,0.8916715,0.0,2.162671,0.39857483,0.0,1.5111349,0.0,0.0,0.0,0.45843908,1.7728751,0.3687925,1.7512239,0.0,0.6928345,0.0,0.0,2.7998698,0.0,0.0,3.1317806,2.4218194,0.0,0.0,1.418375,0.9349931,0.19480716,0.82188314,1.2444717,3.1765912,0.0,1.3527442,2.3118398,0.0,0.0,0.0,0.0,1.7170442,0.0,0.0,0.16084807,2.6765664,0.0,0.0,0.20586261,0.83790475,2.5100696,0.0,0.0,0.34828812,2.1540968,0.0,0.0,3.8398156,0.0,0.0,0.0,0.0,0.6858785,0.13613833,2.8123686,0.812583,0.0,2.2041965,0.15984745,0.0,0.0,1.705859,1.5456383,0.0,0.0,2.6264853,1.7261264,2.448333,0.0,1.0137429,3.384308,0.0,0.4376966,0.0,0.5996059,0.0,0.0,0.43449542,0.0,0.0,0.0,0.0,0.0,1.9199929,1.577161,2.329552,3.2429988,0.43769783,0.0,0.6543802,0.29777077,0.0,0.0,0.21667513,0.0,1.937593,0.0,0.0,0.0,1.8037364,2.0595098,0.0,0.0,0.0,0.50313413,0.26877475,0.0,0.0,1.7548121,0.0,0.15648782,1.8961586,1.5161254,0.0,0.56912726,0.0,0.24247299,0.83854884,0.49177313,0.4099031,0.0,0.0,2.7812986,2.284311,0.0,0.0,0.18875587,0.0,1.616333,0.0,0.0,0.0,0.0,1.9821935,0.0,0.0,0.41363072,3.7407725,2.0678134,0.8185951,0.49596024,0.7570956,0.072774716,0.6982622,2.5480464,2.366246,0.0,1.5131186,0.0,0.0,0.0,1
0.0,0.0,0.20794529,0.9921576,2.4910965,0.0,0.0,0.6587285,2.7974634,0.32062855,1.428501,0.0,0.13956518,1.4422812,0.0,2.1368425,0.17821416,1.0886986,0.98329765,0.97778475,0.0,1.3253379,0.33404514,0.6018818,1.2759064,0.0,0.0,0.20627935,0.41706088,0.72449476,0.40574068,0.33180505,0.0,0.0,0.0,2.3559546,2.050001,1.1963029,2.3710039,0.0,0.0,2.1333416,0.0,1.1158968,0.0,0.061604057,0.0,0.4852265,0.7400523,0.0,0.0,1.7773457,0.23909062,0.0,0.33809966,0.0,0.48484313,0.9363579,0.0,0.0,2.0567489,0.0,0.0,0.0,0.0,1.123971,0.23605107,1.4051802,0.19399884,0.9567953,0.3028045,0.0,0.0,0.0,0.68486476,0.0,0.0,0.0,0.0,0.0,0.4822988,0.99415433,0.08721981,0.37103724,0.0,0.0,0.4922603,1.5668283,1.2828721,2.0119107,0.0,0.0,0.0,0.2684066,0.0,0.0,1.4898895,0.0,0.0,1.1362462,2.1065001,0.20438755,1.171766,0.0,0.49358,1.4578168,0.0,0.0,2.705488,0.12433939,2.4647675,0.38565698,1.0682952,1.4383457,0.0,1.940496,0.7411485,0.0,1.3865649,0.3943613,0.0,0.0,0.0,0.0,0.0,0.57247347,0.0,0.4340427,0.31725022,0.6533008,1.0796793,0.21214032,0.30201954,0.0,1.4159927,0.0,0.6466727,0.0,0.0,1.6537029,0.07654086,0.0,0.0,0.19630688,0.14656845,0.550325,0.0,0.22004203,2.89254,1.3384718,0.43456385,0.0,0.6121759,0.0,0.9232093,0.0,1.4015577,0.0,1.444138,0.13010935,1.9666439,0.0,0.46701324,0.5841985,0.25163084,0.0,0.72775435,0.0,0.0,2.4854321,0.76655376,0.0,0.31503907,0.0,0.0,0.6461866,0.0,0.8595588,0.0,3.2158446,1.8186258,1.8839447,1.4947445,1.5959316,0.0,0.0,0.0,0.0,1.0831909,3.1782613,0.45943785,1.7181404,1.0281172,1.1034092,2.1152925,1.3335122,1.4886215,0.0,0.34313053,0.0,0.21580938,0.0,0.0,0.0,0.74663943,0.42216656,1.5959226,1.3414686,0.0,1.0844083,1.5416226,0.0,0.0,0.0,0.0,2.0470428,1.3698943,0.46322593,0.8412332,0.38784906,0.0,1.8074832,0.960646,0.44651598,0.0,0.0,1.9982822,0.170298,0.038257163,0.0,0.0,1.2863126,0.0,0.14007743,0.0,0.0,0.0,0.0,0.89753777,0.0,0.0,1.6192658,0.041891903,0.16061796,2.127377,1.2138149,0.05089273,0.0,1.3392167,0.38804427,0.58364135,0.112310186,0.9015288,0.0,0.0,0.55390805,0
0.0,0.0,0.6669581,1.1186801,1.7168472,0.0,0.040719997,0.67155015,2.3203626,0.72018886,1.4292673,0.0,0.016250106,1.454496,0.0,1.5316778,0.0,1.015946,0.84934896,0.85601664,0.0,1.4629192,0.51547116,0.45100516,1.4657696,0.0,0.16008402,0.32374218,0.6111544,1.3887498,0.3636728,0.60168916,0.0,0.0,0.0,2.231029,2.1420903,0.89869124,1.9275523,0.0,0.01602559,1.8656014,0.0,1.3537477,0.14555857,0.7059333,0.0,0.57912785,0.9859561,0.0,0.0,1.4529425,0.10257839,0.0,0.2452517,0.0,0.48622745,0.62905043,0.0,0.0,1.5827332,0.0,0.0,0.0,0.0,1.6543164,0.64947087,0.99498826,0.40045738,1.2016102,0.056245107,0.0,0.0,0.0,0.4730669,0.0,0.0,0.0,0.0,0.0,0.607924,0.5827316,0.0,0.78522646,0.0,0.0,0.895229,1.1115474,0.9956772,1.9086838,0.0,0.0,0.0,0.49328637,0.0,0.0,1.6124696,0.0,0.0,1.210801,1.7608446,0.42170218,1.1745012,0.0,0.46268904,1.1996853,0.0,0.0,2.2563822,0.2600223,2.3276339,0.4912082,0.7191549,1.211645,0.0,1.4486792,0.9918922,0.0,0.84768194,0.77007765,0.3102233,0.0,0.0,0.0,0.0,0.335101,0.0,0.697385,0.68200976,0.5351157,0.90176433,0.5650031,0.36000362,0.0,1.2021618,0.0,0.7065919,0.0,0.0,1.5271033,0.31263894,0.0,0.0,0.2796181,0.367835,0.9630812,0.0,0.07055772,2.7263012,1.2510169,0.0,0.0,0.8442889,0.0,0.76286906,0.0,0.9503436,0.0,1.1810855,0.6706234,1.7705866,0.0,0.718667,0.43213746,0.2705574,0.0,0.548978,0.0,0.0,2.0597498,1.1422544,0.0,0.49243537,0.0,0.1756412,1.0403773,0.0,0.8558455,0.0,2.85387,1.4915766,1.3614856,1.4558984,1.2200134,0.0,0.0,0.0,0.0,1.2121054,2.636231,0.76798356,2.056264,0.83386755,0.7826091,1.7086895,1.170219,1.1727852,0.0,0.51822966,0.0,0.5750888,0.0,0.0,0.0,0.9264928,0.3487858,1.3808949,1.0777813,0.0,0.99488294,1.3717506,0.0,0.0,0.23628281,0.0,1.5256798,1.2038546,0.79116267,0.87194943,0.60545367,0.0,1.3717138,0.78399366,0.80243963,0.0,0.0010769012,1.3696725,0.50295824,0.2705971,0.0,0.0,1.2104173,0.0,0.38152432,0.0,0.0,0.0,0.0,0.644497,0.0,0.0,1.594625,0.61376953,0.12906821,2.1760173,1.1840298,0.24510634,0.0,1.4058582,0.8125993,0.76756424,0.0,0.66535497,0.0,0.0,0.7034312,0
0.0,0.0,0.91818637,1.0293941,2.0647557,0.0,0.061071526,0.06499522,1.9925888,0.28361434,1.3783363,0.0,0.54581106,1.785888,0.0,1.6980386,0.008737882,1.7656736,0.9068759,1.0250899,0.0,1.7553697,0.62935,0.60694546,1.7217815,0.0,0.41096285,0.04950891,0.2351971,1.167346,0.73273575,0.74319226,0.0,0.0,0.0,2.851629,2.1884031,0.86182576,2.0127373,0.0,0.0,1.6609563,0.0,1.3912771,0.7389276,0.04629037,0.0,0.21419111,1.2011402,0.0,0.0,1.1989567,0.25925958,0.0,0.09150805,0.0,0.15635683,0.94232327,0.0,0.0,1.6660011,0.0,0.0,0.0,0.0,1.1219499,0.35012862,1.1678426,0.34114292,1.4774401,0.0,0.0,0.0,0.0,0.34063902,0.0,0.0,0.0,0.0,0.0,0.49946296,0.83190745,0.006471242,0.29936478,0.0,0.0,0.27507496,1.108281,1.1438909,1.410689,0.0,0.0,0.0,0.48609656,0.0,0.0,1.8252425,0.0,0.0,2.0015657,1.6575987,0.45024076,0.8656753,0.0,0.7499509,0.63818455,0.0,0.0,1.902083,0.0,1.7560663,0.0,0.8622488,1.5121353,0.0,1.1245029,0.59514934,0.0,0.5287502,0.84945244,0.3621756,0.0,0.113669984,0.0,0.0,0.0,0.0,0.95166534,0.71495533,0.83562684,1.0929998,0.2968982,0.11215599,0.0,1.2514894,0.0,0.41230574,0.0,0.0,1.63435,0.024095679,0.0,0.0,0.16243178,0.1417135,0.6609931,0.0,0.093654536,2.5321288,1.1904323,0.29087225,0.0,0.60061276,0.0,0.64316213,0.0,0.46275675,0.0,0.8396492,0.1364636,1.6274472,0.0,0.5743928,0.7524445,0.25281528,0.0,0.48013455,0.5688384,0.0,2.375874,0.62210906,0.0,0.36134475,0.0,0.0,0.60686946,0.0,1.2404559,0.0,2.3684177,1.4302499,1.6455187,1.3207253,1.0711683,0.0,0.0,0.0052542333,0.0,1.2894378,2.329784,0.8215212,1.8211998,0.7457697,0.9961804,1.7100953,1.1511166,1.5101422,0.0,0.47223642,0.0,0.411406,0.0,0.0,0.0,0.45273143,0.0,1.1153907,1.3099588,0.0,0.801587,1.225273,0.0,0.0,0.06573789,0.0,1.3897758,0.85448354,0.9092206,1.2289045,0.10529931,0.0,1.6518359,0.80726707,0.5951069,0.0,0.0,1.5673559,0.72568053,0.22902803,0.0,0.0,0.9233018,0.0,0.38262933,0.0,0.0,0.0,0.0,0.7373386,0.0,0.0,1.3876637,0.0,0.0,1.9899787,1.3453162,0.2573553,0.0,1.3512706,0.45244804,0.20569794,0.0,0.8127107,0.0,0.0,0.5894499,0
0.0,0.0,1.1471018,0.9044206,2.1109195,0.0,0.09185208,0.27167422,1.9574456,0.5971873,1.7618599,0.0,0.17861775,1.7364557,0.0,1.9818878,0.0,1.6578566,1.2516123,1.213227,0.0,1.435746,0.9901067,0.83660096,1.9768145,0.0,0.66956913,0.50022453,0.2567856,1.3194585,0.6078307,0.5382448,0.0,0.0,0.0,2.501024,2.311946,0.7061715,1.9040172,0.0,0.0,1.7159184,0.0,1.4393556,0.43626875,1.0788703,0.0,0.36313018,0.57632726,0.0,0.0,1.7364655,0.0056854608,0.0,0.31796688,0.0,0.0,0.548827,0.0,0.0,1.4907176,0.0,0.0,0.0,0.0,1.8292133,0.57481945,1.071155,0.47677162,1.4583273,0.0,0.0,0.0,0.0,1.1847144,0.0,0.0,0.0,0.0,0.0,0.6387875,1.0397996,0.3068087,0.28863594,0.0,0.0,0.048731558,1.4797211,1.0268975,1.8046685,0.0,0.0,0.0,0.9680926,0.0,0.0,1.489932,0.0,0.0,2.106567,1.9295843,0.5273191,1.372362,0.0,1.024973,0.55042356,0.0,0.0,2.4896665,0.031211896,1.4557072,0.42785928,0.8611932,1.9907906,0.0,1.5917746,0.7038416,0.0,1.374711,1.034855,0.13994703,0.0,0.54253906,0.31708643,0.0,0.5795283,0.0,0.85894376,0.788026,1.4816595,1.0018672,0.43326554,0.82032984,0.0,1.0189024,0.0,0.6183685,0.0,0.0,1.6532186,0.15731938,0.0,0.0,0.0,0.492491,0.85095507,0.0,0.0,2.4029007,1.4175031,0.0,0.0,0.5865429,0.0,1.704665,0.0,1.0989732,0.0,0.8984409,0.5469156,1.9786922,0.0,0.7975437,0.85807043,0.10099059,0.0,0.7202659,0.28180417,0.0,2.1373365,0.78864366,0.066297255,0.42167294,0.0,0.0696951,0.6858239,0.0,1.0164793,0.0,2.779418,1.3260939,1.8798594,1.1286811,1.4750143,0.0,0.0,0.0,0.0,1.010854,2.7608273,0.5341081,1.7899458,0.44456512,0.7275326,2.2562306,1.3775071,1.303063,0.0,0.41571477,0.0,0.31563452,0.0,0.0,0.0,0.6736329,0.15877074,1.3240484,1.0573263,0.0,1.2710266,1.4119066,0.0,0.0,0.3207471,0.0,1.9250506,1.1386502,0.99876523,1.5741818,0.0,0.0,1.742473,1.0169433,0.68909186,0.0,0.0,1.4348015,0.8558974,0.0,0.0,0.0,1.218571,0.0,0.25025636,0.0,0.0,0.0,0.0,0.67355514,0.0,0.0,1.2896374,0.033276856,0.0,2.6573904,1.6999276,0.5962811,0.0,1.7468728,1.0570197,0.3524326,0.0,0.92107445,0.0,0.0,0.70317626,0
0.0,0.0,0.5831157,1.0138462,2.000653,0.0,0.31837994,0.7570078,2.6354475,0.6250721,1.3754431,0.0,0.36664447,1.41527,0.0,1.637553,0.33828104,1.5026944,1.3931806,0.8676188,0.0,1.6211406,1.0480984,0.72936136,1.7500584,0.0,0.15810943,0.0,0.40415582,0.8283709,0.7518019,0.9413339,0.0,0.0,0.0,2.4722705,1.9495806,1.3521744,2.1507876,0.0,0.02729951,1.7783765,0.0,1.0040988,0.56816953,0.66407937,0.0,0.2713275,0.839506,0.0,0.0,1.9485159,0.48039895,0.0,0.32243603,0.0,0.4798382,0.915194,0.0,0.0,1.7776216,0.0,0.0,0.0,0.0,1.6575189,0.74158376,1.3589137,0.47425374,1.2843695,0.049611583,0.0,0.0,0.0,0.96504205,0.0,0.0,0.0,0.0,0.0,0.3135475,0.7946465,0.0,0.4181399,0.0,0.0,0.5479145,1.351804,0.95577264,1.723772,0.0,0.0,0.0,0.042043775,0.0,0.0,1.6017722,0.0,0.0,1.6361581,1.7434605,0.24058041,1.0008914,0.0,0.5103157,0.83782417,0.0,0.0,2.3307793,0.3506538,2.1348782,0.69758844,1.078627,1.6558799,0.0,1.6745085,1.0057781,0.0,1.2978816,0.51919574,0.5901974,0.0,0.0,0.18590017,0.0,0.23300503,0.0,0.5104028,0.3436037,0.81662333,1.2148229,0.10358104,0.41735825,0.0,1.5203904,0.0,0.6355093,0.0,0.0,1.6763072,0.26267645,0.0,0.0,0.110111065,0.5327927,0.8354356,0.0,0.0,2.5286503,1.3437605,0.4185088,0.0,0.8385419,0.0,1.2090917,0.0,1.0885004,0.0,1.0884415,0.6026536,1.8762386,0.0,0.51537377,0.5715883,0.07617035,0.0,0.8802023,0.12407362,0.0,2.4628267,0.7819591,0.0,0.5136625,0.0,0.08549319,0.7253463,0.0,0.98837644,0.0,2.8550518,1.6161858,1.6519983,1.7254837,1.5693164,0.0,0.0,0.0,0.0,1.269067,2.87491,0.5447311,1.4098952,1.1892537,0.99142224,1.9539636,1.1273361,1.2581725,0.0,0.32751685,0.0,0.54727846,0.0,0.0,0.0,1.0891403,0.57878953,1.3979546,1.367401,0.0,0.87849796,1.762358,0.0,0.0,0.2244954,0.0,1.8816643,1.1122072,0.25403598,1.2571901,0.20761804,0.0,1.9143064,0.83416134,0.21444133,0.0,0.0,1.4995849,0.5609017,0.0102815125,0.0,0.0,1.1537482,0.009118538,0.18340279,0.0,0.0,0.0,0.0,0.79978764,0.0,0.0,1.1467222,0.2403295,0.0,2.2518792,1.5145278,0.1406658,0.0,1.3672358,0.6613418,0.65456957,0.07111922,1.3426496,0.0,0.0,0.6769079,0
0.0,0.0,0.3556224,0.640779,2.9158864,0.0,0.0,0.5755276,2.5485802,0.0,1.9290303,0.0,0.008827241,2.1220682,0.0,2.9403625,0.16600388,1.6864719,0.52319014,0.76525164,0.0,1.2346057,1.3008358,0.14637353,2.0524259,0.0,0.36617282,0.8232144,0.41180435,0.8669109,0.0,0.77317137,0.0,0.0,0.0,2.9826298,2.67202,1.0759206,2.4839818,0.0,0.03840612,2.1666238,0.0,1.0470136,0.18281198,0.7960335,0.0,0.3310799,0.09646323,0.0,0.0,2.315705,0.3002822,0.0,0.0,0.0,0.0,0.562853,0.0,0.0,2.0046248,0.0,0.0,0.0,0.0,1.3204358,0.57354325,1.6966292,0.0,1.5809823,0.0,0.0,0.0,0.0,1.3084128,0.0,0.0,0.0,0.0,0.0,0.43215683,1.4635195,0.1808297,0.17944649,0.0,0.0,0.086464785,1.372316,1.346975,2.250239,0.0,0.0,0.0,0.5144352,0.0,0.0,1.3081112,0.0,0.0,2.0103364,2.5428543,0.12327684,1.7963544,0.0,0.239922,1.0844808,0.0,0.0,3.1861196,0.0,2.0494814,0.16137461,0.78552836,1.7571958,0.0,1.73512,0.7193672,0.0,1.3214971,0.69108534,0.0,0.0,0.47857702,0.0,0.0,0.21850263,0.0,1.0238099,0.24049094,1.3169156,1.0871431,0.42616245,0.9354251,0.0,1.7240101,0.0,0.29685947,0.0,0.0,1.7987944,0.2519253,0.0,0.0,0.7392112,0.363247,1.0383477,0.0,0.23586921,3.2289848,1.3436646,0.37214187,0.0,0.29067454,0.0,0.9967104,0.0,1.202855,0.0,1.3011475,0.07903955,2.261869,0.0,1.0565474,1.1704489,0.38138416,0.0,0.30621073,0.0,0.0,2.882201,0.36805433,0.0,0.0,0.0,0.0,0.78637123,0.0,1.4333756,0.0,3.0992675,2.1875756,1.9291102,1.1644685,1.4146688,0.0,0.0,0.20762186,0.0,0.6767139,2.935701,0.52419025,1.8473111,0.79202855,0.98978806,2.6068819,1.4002604,1.7949325,0.0,0.5911128,0.0,0.11378618,0.0,0.0,0.0,0.05318506,0.0,1.4592506,1.5306532,0.0,1.2128319,1.503207,0.0,0.0,0.066358075,0.0,2.316759,0.5395882,1.5518636,1.3592607,0.0,0.0,2.3099995,0.91964996,1.1865948,0.0,0.0,1.7614702,0.3602128,0.0,0.0,0.0,1.5771838,0.0,0.228242,0.0,0.0,0.0,0.0,0.36952028,0.0,0.0,2.0310044,0.0,0.0,3.0913405,1.4338045,0.2926153,0.0,1.7003516,0.52596545,0.0,0.0,0.43456882,0.0,0.0,1.1500909,0
0.0,0.0,0.83710784,0.754477,2.403832,0.0,0.0,0.3930981,1.7202481,1.0120934,1.2914327,0.0,0.33796576,1.4245546,0.0,2.190656,0.0,1.2435769,1.148572,0.6759152,0.0,1.540489,0.39078924,0.7727178,1.6760422,0.0,0.45234302,0.5857383,0.48948917,1.6438153,0.4015684,0.64982074,0.0,0.0,0.0,2.4988787,1.8206567,0.30676267,1.5136489,0.0,0.13704605,1.5983652,0.0,1.4814252,0.56580323,0.9303739,0.0,0.0,0.90361077,0.0,0.0,1.5800102,0.0,0.0,0.020557636,0.0,0.0,0.2749572,0.0,0.0,1.2343442,0.0,0.0,0.0,0.0,1.7649343,0.4531904,0.7629932,0.08623232,1.8081203,0.0,0.0,0.0,0.0,0.5989691,0.0,0.0,0.0,0.0,0.0,0.8183553,0.40086377,0.3035724,0.5388482,0.0,0.0,0.3081157,0.8134573,1.0086535,1.9861526,0.0,0.0,0.0,0.8203361,0.0,0.0,1.3198693,0.0,0.0,2.0895314,1.3942385,0.27261126,1.3120979,0.0,1.187779,0.8949524,0.0,0.0,2.0965352,0.22180884,1.7262446,0.0,0.972594,2.0444818,0.0,1.259161,0.783405,0.0,0.55564135,0.8495794,0.45769975,0.0,0.0902457,0.0,0.0,0.21252237,0.0,0.6750963,0.88821197,1.2710987,1.1349782,0.423473,0.62275225,0.0,0.8293633,0.0,0.0,0.0,0.0,1.6362797,0.23350407,0.0,0.0,0.21935147,0.08626703,0.71393037,0.0,0.24737799,2.0453706,0.97432256,0.0,0.0,0.35995352,0.0,1.1574179,0.0,1.0589671,0.0,0.94645256,0.44516537,1.6882098,0.0,0.6737519,0.9562334,0.4735222,0.0,0.77290416,0.3523508,0.0,2.1717005,0.7891513,0.0,0.6018705,0.0,0.0,0.8000201,0.0,1.0654298,0.0,2.3865864,0.93125206,1.5824361,1.3098145,1.1549621,0.0,0.0,0.046475302,0.0,0.81781405,2.315632,1.0645269,1.6950886,0.6799684,0.77198964,1.9210383,1.0248318,1.2672976,0.0,0.8542095,0.0,0.52002496,0.0,0.0,0.0,0.90157527,0.12092869,0.9482395,0.67818147,0.0,1.285062,1.1150392,0.0,0.0,0.4346302,0.0,1.0054259,0.7409937,1.7222531,1.553121,0.0,0.0,1.7927957,0.8038529,0.4816953,0.0,0.03915731,1.0809906,0.5660245,0.0,0.0,0.0,1.2886864,0.0,0.35994026,0.0,0.0,0.0,0.0,0.44303334,0.0,0.0,1.6207852,0.0,0.0,2.4200191,1.5274343,0.21834971,0.0,1.3456786,0.8879719,0.908523,0.0,0.46712613,0.0,0.0,0.763015,0
0.0,0.0,0.5941107,0.7182723,2.4226685,0.0,0.0,0.3813803,2.3926837,0.5855999,1.671594,0.0,0.0,1.5659373,0.0,2.5332568,0.21970865,0.9839924,1.0565023,0.82456434,0.0,1.4300634,0.64782155,0.5147274,1.6296606,0.0,0.600388,0.3354122,0.4227641,0.91413516,0.37677023,0.77170515,0.0,0.0,0.0,2.499927,2.128059,1.0672376,2.2825165,0.0,0.07768731,1.8942852,0.0,0.98708373,0.028893057,0.88745236,0.0,0.5810102,0.33638895,0.0,0.0,2.098473,0.31129837,0.0,0.0,0.0,0.1737607,0.49154136,0.0,0.0,1.7372892,0.0,0.0,0.0,0.0,1.5855794,0.45904,1.2213577,0.024656227,1.063165,0.13862611,0.0,0.0,0.0,0.88427144,0.0,0.0,0.0,0.0,0.0,0.36359546,0.91819197,0.09843408,0.33853492,0.0,0.0,0.47881013,1.2772821,1.5813346,1.8429236,0.0,0.0,0.0,0.44964057,0.0,0.0,1.1465799,0.0,0.0,1.2285558,2.161283,0.5326534,1.5336736,0.0,0.4990683,1.4315997,0.0,0.0,2.6829567,0.37026295,2.4413106,0.35439,0.94147444,1.5094754,0.0,1.906853,1.1794915,0.0,1.521638,0.33177775,0.15551576,0.0,0.48349246,0.0,0.0,0.2206618,0.0,0.57877034,0.27537498,0.7010602,0.72022676,0.37180635,0.33491573,0.0,1.3837867,0.0,0.61060005,0.0,0.0,1.3659409,0.43600824,0.0,0.0,0.4545709,0.36689702,1.0286726,0.0,0.027810313,2.7995422,1.3295169,0.047677282,0.0,0.504747,0.0,1.0569739,0.0,1.3513844,0.0,1.3154631,0.6491154,2.0051854,0.0,0.931308,0.9437287,0.16916157,0.0,0.47604743,0.0,0.0,2.045969,0.6148704,0.0,0.63310426,0.0,0.13897006,1.0509019,0.0,1.0429174,0.0,3.0977864,1.5080884,1.7714543,1.3747942,1.1683902,0.0,0.0,0.0,0.0,0.78815234,3.0531461,0.33185008,1.8708884,0.51761645,0.9510762,2.3765626,1.1150416,1.3860401,0.0,0.30750778,0.0,0.32015866,0.0,0.0,0.0,0.825434,0.1933807,1.5471247,1.1901642,0.0,1.2611303,1.8176053,0.0,0.0,0.03289549,0.0,1.7547884,0.8623045,0.99182826,1.4510708,0.409565,0.0,2.0840294,0.9201723,0.8320026,0.0,0.0,1.5640686,0.51034707,0.10015317,0.0,0.0,1.6063864,0.0,0.35765222,0.0,0.0,0.0,0.0,0.51515925,0.0,0.0,1.7507477,0.0,0.0,2.6644666,1.4217423,0.24143809,0.0,1.3643278,0.7356592,0.68279105,0.0,0.4144509,0.0,0.0,1.1087298,0
0.0,0.0,0.53810817,0.9753041,2.33852,0.0,0.021039795,0.3912864,2.5805774,0.75252545,1.6579696,0.0,0.0,1.6253843,0.0,2.2039664,0.038095962,1.5071244,0.8266518,0.96153843,0.0,1.5018167,0.7439782,0.7996685,2.130935,0.0,0.4298584,0.0,0.49363634,1.4862305,0.599201,0.991379,0.0,0.0,0.0,2.5443902,2.1594088,1.1046395,2.186042,0.0,0.0,2.2879474,0.0,1.3212391,0.0,0.6328729,0.0,0.3128926,0.8249453,0.0,0.0,1.6849773,0.0,0.0,0.32862687,0.0,0.086681835,0.9225665,0.0,0.0,2.2338665,0.0,0.0,0.0,0.0,1.4727612,0.6946132,1.0863354,0.110081606,1.3801975,0.0,0.0,0.0,0.0,0.45648715,0.0,0.0,0.0,0.0,0.0,0.5568859,0.984404,0.0,0.705397,0.0,0.0,0.758268,1.3352563,1.3130852,2.0278513,0.0,0.0,0.0,0.63482666,0.0,0.0,1.5906553,0.0,0.0,1.3959258,1.9630326,0.68191904,1.4369215,0.0,0.5825734,0.8643465,0.0,0.0,2.5424032,0.13739388,2.1441886,0.2632903,0.58721995,1.867939,0.0,1.6506965,0.856891,0.0,1.1279876,0.903244,0.4087611,0.0,0.0,0.0,0.0,0.0,0.0,0.8498657,0.13479456,0.89615333,1.0891225,0.20590441,0.45135453,0.0,1.4693766,0.0,0.25675413,0.0,0.0,1.6190658,0.6454816,0.0,0.0,0.21214986,0.25901324,1.0399075,0.0,0.0,3.1008255,1.1727598,0.0,0.0,0.68247235,0.0,0.8446735,0.0,1.1132284,0.0,1.3192672,0.58774835,2.0111756,0.0,1.1677332,0.47189385,0.1527097,0.0,0.8753043,0.0,0.0,2.441268,0.75914663,0.116740905,0.7839739,0.0,0.0,1.1548572,0.0,1.048661,0.0,3.2774038,1.4519267,1.4336317,1.2883484,1.4816036,0.0,0.0,0.0,0.0,0.79567,2.8017387,0.7841636,2.2504497,0.8588772,0.83243597,2.2013085,1.5446091,1.4070843,0.0,0.5869329,0.0,0.17417583,0.0,0.0,0.0,0.71853036,0.17003058,1.658282,1.4249029,0.0,1.4295157,1.6593167,0.0,0.0,0.24989896,0.0,1.3591287,1.058444,1.1462458,1.0132875,0.2578744,0.0,1.9651755,0.8894315,0.67341834,0.0,0.0,1.5265703,0.56883824,0.468543,0.0,0.0,1.2277017,0.0,0.60592204,0.0,0.0,0.0,0.0,0.52311254,0.0,0.0,1.7739875,0.29399487,0.0,2.6267178,1.3535826,0.25425184,0.0,1.2896818,0.8296838,0.7638839,0.0,1.0253246,0.0,0.0,0.8348045,0
0.0,0.0,0.0,1.0225242,2.7477226,0.0,0.0,0.58991736,2.6850953,0.46247122,1.3749448,0.0,0.04510212,1.8233522,0.0,2.3505304,0.07686118,1.5276436,1.1850314,0.82097197,0.0,1.5223994,0.7212286,0.27470896,1.6143876,0.0,0.052211538,0.23280971,0.22126594,0.6842933,0.38633126,0.43577814,0.0,0.0,0.0,2.750576,2.2047067,1.4303555,2.5111792,0.0,0.0,2.5248625,0.0,0.9384354,0.4805782,0.2477983,0.0,0.18348747,0.5420134,0.0,0.0,2.1307714,0.51067466,0.0,0.04277682,0.0,0.08313417,1.1547718,0.0,0.0,1.9776745,0.0,0.0,0.0,0.0,1.2061967,0.3765627,1.755308,0.0,1.1626837,0.1954677,0.0,0.0,0.0,0.8466847,0.0,0.0,0.0,0.0,0.0,0.3782437,1.0213504,0.0,0.3042078,0.0,0.0,0.20717497,1.5897902,1.2605457,2.1372056,0.0,0.0,0.0,0.0,0.0,0.0,1.04816,0.0,0.0,1.4447145,2.091502,0.41154003,1.3849291,0.0,0.2021281,1.2053094,0.0,0.0,2.824285,0.15073042,2.7910476,0.34693784,1.2497326,1.3895772,0.0,1.7481447,0.8635263,0.0,1.9292023,0.36770132,0.14991483,0.0,0.0,0.0,0.0,0.293737,0.0,0.15838175,0.25178877,0.6455107,1.1696134,0.0,0.48835027,0.0,1.4702787,0.0,0.5160525,0.0,0.0,1.8526007,0.009117389,0.0,0.0,0.21919152,0.19715807,0.7760946,0.0,0.18558685,3.0296457,1.1264172,0.6482595,0.0,0.25570258,0.0,1.0112846,0.0,1.5503494,0.0,1.3438085,0.52246755,1.950721,0.0,0.5321041,0.9313039,0.39539772,0.0,0.68910426,0.0,0.0,2.5108838,0.36982933,0.0,0.46719876,0.0,0.0,0.7784158,0.0,1.1414566,0.0,3.4799776,1.9585961,2.1512303,1.6140465,1.6666895,0.0,0.0,0.0,0.0,0.8839773,3.2178593,0.21571903,1.4061,1.0156356,1.1616995,2.462833,1.2005498,1.3628317,0.0,0.36886746,0.0,0.4270983,0.0,0.0,0.0,1.0855525,0.47166476,1.7748326,1.3954005,0.0,1.1126075,1.9551165,0.0,0.0,0.0,0.0,2.1371377,1.277556,0.5944283,1.3931375,0.34236088,0.0,2.3071918,0.9025568,0.69075376,0.0,0.0,1.7480083,0.21501218,0.0,0.0,0.0,1.5119588,0.0,0.37046707,0.0,0.0,0.0,0.0,0.8765118,0.0,0.0,1.3738687,0.0,0.0,2.7920973,1.6385123,0.0,0.0,1.4982829,0.18808325,0.76228756,0.27184376,1.0625757,0.0,0.0,0.60041004,0
0.0,0.0,0.6512377,0.6959803,2.4502134,0.0,0.0,0.50046873,2.1839967,0.13295966,1.7831097,0.0,0.23734567,2.2736533,0.0,2.8865914,0.06224831,2.018072,0.7260814,1.0150315,0.0,1.8389548,1.2739323,1.2025604,2.0583727,0.0,0.68296826,0.93003064,0.22534654,1.1147887,0.49235237,0.68417156,0.0,0.0,0.0,2.8986359,2.235303,0.9752018,2.3258178,0.0,0.0,2.4478774,0.0,1.0117584,0.50544596,1.2635975,0.0,0.16826585,0.15034378,0.0,0.0,2.311279,0.21729796,0.0,0.0,0.0,0.099005364,0.76722676,0.0,0.0,1.8867614,0.0,0.0,0.0,0.0,1.5686047,0.0,1.2016345,0.0,2.0459473,0.0,0.0,0.0,0.0,1.107594,0.0,0.0,0.0,0.0,0.0,0.1473596,1.2568762,0.0,0.08769706,0.0,0.0,0.12068414,1.4681526,0.9705598,1.9304231,0.0,0.0,0.0,0.72620595,0.0,0.0,1.8342355,0.0,0.0,2.189086,2.2144747,0.52353543,1.6819249,0.0,0.5969532,0.50876665,0.0,0.0,2.7273788,0.011518879,2.0424337,0.0,1.1126943,2.3472788,0.0,1.3565031,0.79951847,0.0,0.8859082,0.54759485,0.561337,0.0,0.6447473,0.0,0.0,0.0,0.0,1.5156475,0.40021768,1.5061306,1.2026682,0.0,0.8685789,0.0,1.0926783,0.0,0.0,0.0,0.0,1.4430479,0.0,0.0,0.0,0.7984756,0.17798081,0.83004093,0.0,0.0,2.9439106,1.0514168,0.20801318,0.0,0.43306428,0.0,1.0001005,0.0,1.0577134,0.0,0.76879394,0.38922417,1.7591616,0.0,0.741468,0.8533527,0.3449388,0.0,0.0,0.3903606,0.0,2.6090014,0.37416598,0.0,0.026235554,0.0,0.0,0.6151618,0.0,0.9818106,0.0,2.5410943,1.2096846,1.7685678,1.163645,1.279065,0.0,0.0,0.13462372,0.0,0.86360544,2.7146878,0.25078407,2.1295767,1.0516416,0.7339848,2.31089,1.1611931,1.7321141,0.0,0.6008851,0.0,0.2434438,0.08267479,0.0,0.0,0.25280353,0.0565047,1.3717997,1.4028696,0.2819424,1.1769878,1.389151,0.0,0.0,0.0,0.0,1.823346,0.60416925,1.8941256,1.6926315,0.0,0.0,2.1155887,0.94258976,0.83990926,0.0,0.0,1.3250482,0.88544315,0.0,0.0,0.0,1.3393843,0.0,0.12539245,0.0,0.0,0.0,0.0,0.10195987,0.0,0.0,1.6659781,0.0,0.08472927,3.123784,2.0214357,0.22598454,0.30928904,1.8843478,0.5778823,0.20883094,0.0,0.042255588,0.0,0.0,1.0232563,0
0.0,0.0,1.0340092,0.9280063,2.8662937,0.0,0.0,0.627573,2.0910192,0.0,1.9039983,0.0,0.020083578,1.9517438,0.0,2.7261956,0.03722221,1.7381335,0.9609328,1.1187972,0.0,1.7176701,1.1635277,0.5091889,2.0591023,0.0,0.6208612,0.9822816,0.4643471,1.0088654,0.18969695,0.76761955,0.0,0.0,0.0,2.878983,2.4875627,0.53748816,2.6613214,0.0,0.09736912,2.471589,0.0,1.0301353,0.27464738,1.2384936,0.0,0.60811275,0.34357148,0.0,0.0,2.463903,0.0,0.0,0.0,0.0,0.0,0.2642059,0.0,0.0,2.174173,0.0,0.0,0.0,0.0,1.8847318,0.6081087,1.1436274,0.0,1.493943,0.0,0.0,0.0,0.0,1.1058996,0.0,0.0,0.0,0.0,0.0,0.5557817,1.3844689,0.066776894,0.118417114,0.0,0.0,0.17900003,1.2973905,1.1402642,2.0455635,0.0,0.0,0.0,1.0421295,0.0,0.0,1.5650412,0.0,0.0,2.2403681,2.3211207,0.22559756,1.7386165,0.0,0.5420009,0.894823,0.0,0.0,2.8345528,0.21371023,2.1926525,0.19624896,0.9441881,2.1403694,0.0,1.60932,1.4966844,0.0,1.2301675,0.7828154,0.3501999,0.0,0.19985093,0.10303493,0.0,0.03510879,0.0,1.4704196,0.63718075,1.4880999,1.043516,0.5495005,0.79839736,0.0,1.1606219,0.0,0.495697,0.0,0.0,1.5072728,0.25352958,0.0,0.0,0.8423593,0.5990227,1.1315919,0.0,0.0,3.1533246,1.5375477,0.0,0.0,0.5530042,0.0,1.1909263,0.0,1.0541321,0.0,1.2455788,0.55587775,2.0432987,0.0,0.7758334,1.1382225,0.35762876,0.0,0.23170704,0.0,0.0,2.4346025,0.6511512,0.09486348,0.0,0.0,0.17712216,1.0631918,0.0,1.2657633,0.0,3.1193845,1.5136642,1.6172895,1.5262594,1.467156,0.0,0.0,0.0,0.0,0.7619948,2.8049426,0.35003212,2.431965,0.94823784,0.6766364,2.754548,1.5600039,1.5906984,0.0,0.55801636,0.0,0.5728696,0.011592242,0.0,0.0,0.74361414,0.0,1.6029553,1.4173034,0.0,1.3889419,1.6266155,0.0,0.0,0.2534705,0.0,2.0334451,0.5370867,1.6649582,1.3117387,0.0,0.0,2.5076914,1.1801021,1.003013,0.0,0.14407653,1.2776879,0.692571,0.0,0.0,0.0,1.4057227,0.0,0.25171793,0.0,0.0,0.0,0.0,0.275814,0.0,0.0,1.7656138,0.0,0.1072271,3.210325,1.7162877,0.47854912,0.0,1.7969462,0.5162888,0.5767879,0.0,0.24842076,0.0,0.0,1.0135845,0
0.7176674,0.0,2.2710533,2.6243129,0.0,0.0,1.5268613,1.1149995,1.4424841,2.6515357,0.52056754,0.0,0.7283798,0.54219246,0.030185994,0.0,0.34734803,0.0,1.62562,1.2415967,0.0,1.0032822,0.15571286,0.980543,2.2436087,0.0,1.237123,0.0,1.9558588,1.995208,2.0412498,2.8872647,0.0,0.0,0.0,0.38056087,1.2113945,0.0,1.1518786,0.0,0.0,0.165826,0.0,1.8961323,1.5441731,1.7230843,0.0,2.1523833,2.4704478,0.0,0.0,0.0,0.0,0.0,1.0172633,0.0,2.520506,0.22238053,0.0,0.0,0.3117497,0.0,0.0,0.0,0.0,3.0721452,2.350328,0.0,1.9913069,0.09619296,0.0,0.0,0.0,0.0,0.0,0.0,0.0,0.0,0.0,0.0,1.3733664,0.0,0.3935152,1.9080032,0.0,0.0,2.8364596,0.0,0.0,0.14080617,0.0,0.0,0.0,1.436845,0.0,0.060207415,3.2611976,0.0,0.0,1.2497945,0.69019216,2.0998375,0.0,0.0,1.1209724,0.00061335554,0.0,0.0,0.97418714,0.95693386,0.863364,1.8513709,0.15688945,0.65862143,0.0,0.0,2.2017748,0.0,0.0,2.4043741,1.3787711,0.0,0.0,0.89004904,0.4940072,0.63827974,0.09556858,0.5049254,2.5791922,0.0,0.93855757,2.0643373,0.0,0.0,0.44076684,0.0,1.4436747,0.0,0.0,0.5136937,2.276921,0.0,0.0,0.0,0.6541914,2.537542,0.0,0.0,0.41420648,2.1601284,0.0,0.0,3.569155,0.0,0.0,0.0,0.09791463,0.16876975,0.58194304,3.2333167,0.54287374,0.0,1.8957417,0.0,0.0,0.0,1.9455456,1.8939111,0.0,0.40153423,2.5220034,0.49499837,2.314284,0.0,0.6967467,2.6486106,0.0,0.86465514,0.0,0.6582254,0.0,0.10998121,0.4918334,0.0,0.0,0.0,0.0,0.0,2.364687,1.9133778,2.2852566,2.5128872,0.0,0.0,0.5836437,0.2899987,0.0,0.0,0.22093238,0.0,2.1327772,0.0,0.0,0.0,2.1856618,1.7345886,0.5286579,0.0,0.0,0.52444154,0.41354007,0.0,0.0,1.7110324,0.0,0.0,2.4536324,1.0809234,0.37087992,0.88100976,0.0,0.0,0.59663033,0.6181338,0.365024,0.0,0.12517264,1.8743496,1.9913565,0.0,0.0,0.02005814,0.0,1.2935483,0.0,0.0,0.0,0.0,1.665971,0.0,0.0,0.026649252,3.0201752,1.0613397,0.76466644,0.6325215,0.38437024,0.0,0.66715086,2.2412107,2.1829169,0.0,2.2352827,0.0,0.0,0.0,1
0.295227,0.0,1.0975767,1.169921,1.1440463,0.0,0.7895657,0.36021832,1.822205,1.4941965,1.3449384,0.0,0.45129287,1.1324049,0.0,1.3584433,0.12352166,0.79372704,1.0995837,1.1472741,0.0,1.2341897,0.0,0.72419626,1.9733747,0.0,1.2748022,0.0,0.8402376,1.497826,1.147012,1.4503883,0.0,0.0,0.0,1.5415149,2.0378394,0.5568338,1.7069254,0.0,0.0,1.2038617,0.0,1.4404517,0.3547163,1.1754001,0.0,0.57440275,1.1954556,0.0,0.0,0.6226064,0.0,0.0,1.0975897,0.0,0.9067852,0.46720564,0.0,0.0,1.2860146,0.0,0.0,0.0,0.0,2.280183,1.5065713,0.35120678,0.8012518,0.9756949,0.0,0.0,0.0,0.0,0.06423279,0.0,0.0,0.0,0.0,0.0,0.18931879,0.24516438,0.52675015,0.5689651,0.0,0.0,1.4869442,0.45545235,0.58816206,1.6718059,0.0,0.0,0.0,0.87632495,0.0,0.0,1.976031,0.0,0.0,1.5911819,1.4010746,1.2960308,0.81412405,0.0,1.0337534,0.49686226,0.0,0.0,1.6490072,0.78287524,1.3442314,0.9488462,0.0,1.6419091,0.0,1.2220103,1.3254138,0.0,0.5163394,1.393076,0.49083814,0.0,0.0,0.25220475,0.0,0.090115264,0.24094449,0.74314505,1.0598114,0.447838,0.894039,0.90809655,0.018206837,0.0,0.75803,0.0,1.1452329,0.0,0.0,1.0066768,1.3862884,0.0,0.0,0.09911252,0.294292,1.3958445,0.0,0.0,1.647079,1.2586293,0.0,0.0,1.8778296,0.0,0.7702667,0.0,0.7857065,0.0,1.158959,1.6744871,1.7526448,0.0,1.9650128,0.48440677,0.0,0.0,1.2521565,0.5491759,0.0,1.1985877,1.329844,0.77922595,1.6495118,0.0,0.0034581851,1.9398849,0.0,0.82426304,0.0,2.2619302,0.41711614,0.64905083,1.0138526,1.0062746,0.0,0.0,0.0,0.0,1.1358638,2.0650415,1.1870433,1.9703243,0.51474047,0.5672063,1.8258626,1.2693133,0.57613283,0.0,0.40046203,0.0,0.6214201,0.0,0.0,0.0,1.3426363,0.8246374,0.89935577,0.4582314,0.0,1.0768423,0.98146266,0.0,0.0,0.6851677,0.0,1.0438217,1.3249909,1.2115198,0.75082684,0.055462055,0.0,1.083109,0.9007546,0.40900838,0.083243616,0.0,0.54462713,1.251182,1.1554177,0.0,0.0,0.82559574,0.0,1.0350336,0.0,0.0,0.0,0.0,0.8061455,0.0,0.0,0.9848289,1.0778096,0.666776,1.447589,0.92660636,0.38621977,0.0,1.1988087,1.3194124,1.4107759,0.0,1.4657409,0.0,0.0,0.18216786,1
1.2810113,0.0,2.1602597,1.8112377,0.0,0.0,1.6267542,1.0347989,1.3085898,2.1819332,0.6855546,0.0,0.9654238,0.4265579,0.0,0.25846645,0.059854392,0.0,1.103626,1.7225195,0.0,0.3401053,0.0,0.97696465,2.3303483,0.0,1.1779189,0.0,2.0742576,2.2444408,2.5414643,2.6416268,0.0,0.0,0.0,0.29853815,1.1557747,0.0,1.2590266,0.0,0.0,0.057210177,0.0,1.8823155,0.7049457,1.7096375,0.0,2.1698387,2.6156049,0.0,0.0,0.20079389,0.0,0.0,0.6488719,0.0,2.556992,0.0004488764,0.0,0.0,0.5470021,0.0,0.0,0.0,0.0,3.1455715,1.7725061,0.0,2.0105505,0.4873043,0.0,0.0,0.0,0.0,0.0,0.0,0.0,0.0,0.0,0.0,1.2999209,0.0,0.78269446,1.4236896,0.0,0.0,3.0245366,0.0,0.10158072,0.40999338,0.0,0.0,0.0,1.9668397,0.0,0.7574033,3.614265,0.0,0.0,1.0943819,0.32693383,2.2559578,0.0,0.0,1.352488,0.030434811,0.0,0.0,0.9580747,0.9598126,1.0801816,1.3827455,0.0,0.65408033,0.0,0.19967045,2.3936095,0.0,0.0,2.4870183,1.5243236,0.0,0.0,1.0053291,0.7318117,0.29252896,0.65688115,1.2414104,2.7024333,0.37491822,1.005378,1.9152877,0.0,0.0,0.0,0.0,1.3078623,0.0,0.0,0.09616278,2.7926552,0.0,0.0,0.19732809,0.61824995,2.5010788,0.0,0.0,0.4336385,2.4906788,0.0,0.0,3.8405144,0.0,0.0,0.0,0.0,0.09183129,0.32411572,2.595611,0.6956049,0.0,2.0260773,0.0,0.0,0.0,2.1898458,1.9147987,0.0,0.2783395,2.4625638,1.5641485,2.1893167,0.0,0.7639691,3.2770123,0.0,0.3053573,0.0,0.59757125,0.0,0.0,0.7585239,0.13390765,0.0,0.0,0.0,0.0,2.3026328,0.99125695,2.0132682,2.4705899,0.081285074,0.0,0.25776508,0.3723554,0.0,0.0,0.4588641,0.0,1.7065879,0.0,0.0,0.0,1.680323,1.421577,0.0054676454,0.0,0.0,0.23910363,0.39787143,0.0,0.0,1.648591,0.0,0.072038,2.11562,1.3535073,0.0,0.5191754,0.0,0.0,0.95188546,0.121567,0.8222872,0.0,0.0,1.947801,2.2215302,0.0,0.0,0.0,0.0,1.3199182,0.0,0.0,0.0,0.0,1.7194021,0.0,0.0,0.27899477,3.1173172,1.4726633,0.6681628,0.40311044,0.70162493,0.027259156,0.5871878,2.6602657,2.1239502,0.0,1.8293457,0.0,0.0,0.0,1
0.0,0.0,0.37274244,1.010901,3.294872,0.0,0.24456789,0.800442,2.6012764,0.037236474,1.6698687,0.0,0.1474208,1.7684557,0.0,2.1347368,0.32214168,2.0673816,1.1007496,0.84296227,0.0,1.5334367,1.3424882,0.37628958,1.8568236,0.0,0.0,0.29444113,0.09759238,0.9394524,0.016812589,0.37085807,0.0,0.0,0.0,3.117759,2.3355098,1.7341077,2.5560167,0.0,0.0,2.2702708,0.0,0.8019693,0.1787456,0.6285971,0.0,0.0,0.53047585,0.0,0.0,1.9239751,0.4463284,0.0,0.2871684,0.0,0.0,1.1359832,0.0,0.0,2.1059046,0.0,0.0,0.0,0.0,1.4662197,0.41472355,1.8922167,0.0,1.5797563,0.09144888,0.0,0.0,0.0,1.2635685,0.0,0.0,0.0,0.0,0.0,0.37127173,1.3568896,0.0,0.0,0.0,0.0,0.17340975,1.6842978,1.3620636,2.2907567,0.0,0.0,0.0,0.0,0.0,0.0,1.2606834,0.0,0.0,1.6656411,2.3300045,0.24799061,1.6219608,0.0,0.17717077,1.2008348,0.0,0.0,2.7702818,0.0,2.0032063,0.4779659,1.0420849,2.0853088,0.0,1.9564558,0.4819677,0.0,1.7691796,0.34329087,0.021266254,0.0,0.12212556,0.041357376,0.0,0.3647913,0.0,0.7226372,0.31860533,0.93290573,1.1794305,0.1432188,0.43160838,0.0,1.7158204,0.0,0.4068134,0.0,0.0,1.7989758,0.11989874,0.0,0.0,0.41731158,0.34313083,0.67855936,0.0,0.0,3.3974676,0.87128085,0.5671453,0.0,0.20506616,0.0,1.1106178,0.0,1.5616788,0.0,1.4351517,0.0,2.4973745,0.0,0.42300665,1.0860453,0.17765482,0.0,0.33865598,0.0,0.0,2.8645434,0.7280281,0.0,0.05008881,0.0,0.0,0.16118647,0.0,1.1108595,0.0,3.0792933,2.0482442,1.8214483,1.6099322,1.8262066,0.0,0.0,0.0,0.0,1.1472464,2.9130578,0.2618409,1.7884041,1.2875826,1.438624,2.3080604,1.5943954,1.1931055,0.0,0.3831908,0.0,0.055575144,0.0,0.0,0.0,0.66001916,0.22733037,1.624712,1.673105,0.0,1.0414784,1.6736228,0.0,0.0,0.11876176,0.0,2.2287247,0.7218898,1.0334662,1.5623255,0.05088566,0.0,2.099463,1.0667524,0.4610768,0.0,0.0,2.0880518,0.14035375,0.0,0.0,0.0,1.6030548,0.0,0.072701104,0.0,0.0,0.0,0.0,0.5649984,0.0,0.0,1.6204524,0.0,0.0,2.654273,1.5069427,0.20383298,0.0,1.4800339,0.076931685,0.61237115,0.06412758,0.9758731,0.0,0.0,0.8002718,0
0.0,0.0,0.43272927,0.96566665,3.021112,0.0,0.0,0.5093779,3.318247,0.14579922,1.7982352,0.0,0.0,1.5723951,0.0,2.5185106,0.3114974,1.5678746,1.0449648,0.71451586,0.0,1.4647554,0.9452414,0.47051877,1.572539,0.0,0.103948325,0.18020125,0.17831567,0.49903834,0.3141166,0.4658122,0.0,0.0,0.0,2.7209144,2.3825505,1.7647256,2.5596693,0.0,0.0,2.4795651,0.0,1.1244069,0.025541726,0.35566667,0.0,0.36098832,0.44967887,0.0,0.0,2.2892585,0.4954245,0.0,0.16936612,0.0,0.5605408,1.219863,0.0,0.0,2.4665375,0.0,0.0,0.0,0.0,1.5817456,0.2466836,2.1749094,0.0,1.1754966,0.21834613,0.0,0.0,0.0,0.98646015,0.0,0.0,0.0,0.0,0.0,0.4953138,1.3657674,0.0,0.12451431,0.0,0.0,0.20462058,2.0602264,1.7139157,2.2817955,0.0,0.0,0.0,0.10327992,0.0,0.0,1.2597765,0.0,0.0,1.1884434,2.4522362,0.3098082,1.570949,0.0,0.031535342,1.4111071,0.0,0.0,3.0446968,0.11336796,2.671018,0.55561256,1.2537463,1.5216439,0.0,2.238291,0.5709488,0.0,2.0387404,0.10425288,0.0,0.0,0.10624247,0.0,0.0,0.29554367,0.0,0.46738905,0.0076901033,0.7167158,0.9174381,0.1366581,0.48925373,0.0,1.7940466,0.0,0.37940064,0.0,0.0,1.831684,0.19677803,0.0,0.0,0.1440629,0.317112,0.6107903,0.0,0.2675595,3.6095126,1.4750447,0.69362664,0.0,0.4692801,0.0,1.1770418,0.0,1.9185983,0.0,1.7907156,0.29704368,2.5534973,0.0,0.6811908,0.71245253,0.20711641,0.0,1.0424131,0.0,0.0,2.9185672,0.19992636,0.0,0.22286479,0.0,0.0,0.6166204,0.0,0.94433266,0.0,3.6089058,2.3712685,2.07846,1.8095357,1.822811,0.0,0.0,0.0,0.0,0.7891183,3.4558372,0.16910188,1.576592,1.3155152,1.1630522,2.5741308,1.7210298,1.6112806,0.0,0.42043945,0.0,0.002588692,0.0,0.0,0.0,0.7395717,0.5652442,1.8444166,1.86597,0.0,1.3175471,1.9345568,0.0,0.0,0.05856715,0.0,2.1608694,1.3669063,0.50442064,1.1969221,0.5126149,0.0,2.361017,0.90342987,0.59238636,0.0,0.0,2.053931,0.21358094,0.0,0.0,0.0,1.73908,0.0,0.09630305,0.0,0.0,0.0,0.0,0.79966724,0.0,0.0,1.6191248,0.0,0.0,2.7841246,1.7339957,0.0,0.0,1.4344935,0.25802726,0.48053014,0.45532826,1.0704257,0.0,0.0,0.9632154,0
0.3679192,0.0,1.5168923,1.3315703,1.4373533,0.0,0.3577088,0.7085746,1.9276162,1.0347736,1.6854872,0.0,0.0,1.5018852,0.0,1.377946,0.29928777,0.38003436,0.73386544,1.3262552,0.0,1.1017348,0.6370739,0.54618496,1.8928124,0.0,0.92880523,0.4416448,1.2154453,1.5116162,0.86690253,1.3256925,0.0,0.0,0.0,1.6537449,1.9625587,0.20843613,1.9231398,0.0,0.0,1.3233023,0.0,1.7483116,0.5535234,1.4786798,0.0,1.2263848,0.9379752,0.0,0.0,1.1836863,0.0,0.0,0.17808113,0.0,0.7784417,0.26848817,0.0,0.0,1.1571823,0.0,0.0,0.0,0.0,2.108565,1.2209352,0.20036072,0.8479588,1.5089495,0.0,0.0,0.0,0.0,0.5171591,0.0,0.0,0.0,0.0,0.0,0.46436954,0.34054023,0.21867427,0.64245856,0.0,0.0,1.3302122,0.46963337,0.7545837,1.344425,0.0,0.0,0.0,1.1568606,0.0,0.0,1.8931121,0.0,0.0,1.5519024,1.5871603,1.0063813,0.93707263,0.0,0.755707,0.7104734,0.0,0.0,2.2238383,0.3714516,1.8362421,0.65862924,0.47843742,1.1528313,0.0,0.96855366,1.7264854,0.0,0.39295232,1.6096035,0.8196556,0.0,0.30090326,0.27248865,0.07017731,0.2481602,0.009597554,1.1812344,1.6013619,0.7774464,0.60195065,1.2337711,0.37979442,0.0,1.0364119,0.0,0.84645236,0.0,0.0,1.1576643,1.134156,0.0,0.0,0.3289504,0.6582489,1.6178137,0.0,0.0,2.1946008,2.0537395,0.0,0.0,1.7467325,0.0,0.59736234,0.0,0.7897319,0.0,1.1130955,1.4415209,1.5497984,0.0,1.6845267,0.8587035,0.0,0.0,0.87167865,0.6467527,0.0,1.8497056,1.3166511,0.19724444,0.9270116,0.0,0.39127597,1.9881381,0.0,0.93646306,0.0,2.1366446,0.89170283,1.1576861,0.88854015,0.9552123,0.0,0.0,0.0,0.0,1.3558404,2.39931,1.2558948,2.4054322,0.35381785,0.42337814,2.1295195,0.9266682,1.0514038,0.0,0.3696187,0.0,0.98810375,0.0,0.0,0.0,1.0795448,0.62819207,1.0220146,0.57260346,0.0,0.9426729,0.9775991,0.0,0.0,1.0107328,0.0,1.3514906,1.3135397,1.02437,0.6850128,0.44420013,0.0,1.3286065,0.9139192,1.0292678,0.0,0.14211637,0.5601291,1.0430025,0.82493144,0.0,0.0,1.2141027,0.0,0.9474026,0.0,0.0,0.0,0.0,0.71601003,0.0,0.0,1.5379698,0.9666947,0.45750156,2.1439178,1.1959808,0.5692945,0.0,1.133197,1.3882939,0.81589526,0.0,1.1075814,0.0,0.0,0.5380706,1
0.0,0.0,0.10982311,0.78330857,2.8332272,0.0,0.0,0.6123583,3.0973005,0.0,1.7722439,0.0,0.0,1.8665825,0.0,3.0654128,0.0,1.5504568,0.6130532,0.77076155,0.0,1.3975511,1.173922,0.64879215,1.9885855,0.0,0.31966624,0.22175638,0.070928246,0.20476,0.03390567,0.59602153,0.0,0.0,0.0,2.8555465,2.3461044,1.7050362,2.9118626,0.0,0.1309403,2.6736333,0.0,0.9245685,0.001231167,0.5784784,0.0,0.0,0.5922067,0.0,0.0,2.9429657,0.088572845,0.0,0.0,0.0,0.0,1.1840745,0.0,0.0,2.6179209,0.0,0.0,0.0,0.0,1.1587842,0.25351992,1.6102505,0.0,1.240011,0.08205583,0.0,0.0,0.0,1.0227797,0.0,0.0,0.0,0.0,0.0,0.004905387,1.438883,0.0,0.1818501,0.0,0.0,0.0,1.9044703,1.705695,2.5391972,0.0,0.0,0.0,0.0,0.0,0.0,0.9350555,0.0,0.0,1.1297358,2.4567652,0.42705074,2.063829,0.0,0.066543505,1.5597297,0.0,0.0,3.2848282,0.0,3.0603807,0.0392258,0.7389656,1.5091853,0.0,1.9061313,0.6121565,0.0,1.8128445,0.08820496,0.0,0.0,0.07452502,0.0,0.0,0.0,0.0,1.0024366,0.0,1.1142477,1.3570001,0.060654998,0.43485957,0.0,1.572823,0.0,0.48604077,0.0,0.0,1.7165648,0.23339939,0.0,0.0,0.4327563,0.05480811,0.8032697,0.0,0.22726713,3.8586512,1.5503435,0.23164399,0.0,0.0,0.0,0.9322147,0.0,2.0442424,0.0,1.5850734,0.16391759,2.3042476,0.0,0.7430809,0.9770335,0.32735705,0.0,0.21847716,0.0,0.0,2.7451274,0.44189107,0.0,0.14529242,0.0,0.0,1.0309217,0.0,1.0721755,0.0,4.116516,2.2417824,2.1968904,1.9823335,1.979377,0.0,0.0,0.25316277,0.0,0.5728099,3.646686,0.0,1.8289105,1.0245335,1.3400744,3.1538422,1.4685872,1.5838319,0.0,0.4676119,0.0,0.0,0.0,0.0,0.0,0.48294717,0.0,2.0709567,2.342678,0.0,1.8056841,2.2160203,0.0,0.0,0.0,0.0,2.1346104,0.94180125,1.3010807,1.4433112,0.1808817,0.0,2.700999,1.3469319,1.1536596,0.0,0.019144798,1.9230652,0.1627465,0.0,0.0,0.0,1.7121006,0.0,0.40363944,0.0,0.0,0.0,0.0,0.26264897,0.0,0.0,2.2549973,0.0,0.0,3.4617808,1.4960115,0.0,0.0,1.4654876,0.48680222,0.3456775,0.20031174,0.81582844,0.0,0.0,1.1230344,0
0.0,0.0,0.42508924,1.0953939,2.7209256,0.0,0.0,0.7317201,2.097928,0.43462646,1.4158677,0.0,0.12475905,1.7979915,0.0,2.38347,0.24781477,1.2228942,1.1886023,0.72297776,0.0,1.9001399,0.8909388,0.28765994,1.7511531,0.0,0.16240631,0.87082237,0.5149495,0.73336846,0.054533716,0.7588216,0.0,0.0,0.0,2.5234313,2.2500408,0.8603094,2.256036,0.0,0.13318269,1.8595127,0.0,1.2423676,0.46109638,0.7191444,0.0,0.25346535,0.56793416,0.0,0.0,2.030108,0.4786452,0.0,0.04330449,0.0,0.0,0.60363555,0.0,0.0,1.7198583,0.0,0.0,0.0,0.0,1.6339812,0.3855264,1.3973522,0.20928317,1.3338332,0.18140945,0.0,0.0,0.0,0.80904603,0.0,0.0,0.0,0.0,0.0,0.67563176,0.80777097,0.0,0.25814563,0.0,0.0,0.3184623,1.2961304,0.89579016,2.0097811,0.0,0.0,0.0,0.34525928,0.0,0.0,1.091863,0.0,0.0,2.0743175,2.0334988,0.1553902,1.462389,0.0,0.44644132,1.1259,0.0,0.0,2.4675584,0.1737191,2.3995967,0.41197747,1.2086731,1.5696939,0.0,1.6829872,0.68892914,0.0,1.1662185,0.46218163,0.35530236,0.0,0.20233513,0.0,0.0,0.20475869,0.0,0.6570059,0.25972173,0.9365656,1.0319626,0.29328728,0.42271355,0.0,1.3372416,0.0,0.2677268,0.0,0.0,1.8046482,0.1374544,0.0,0.0,0.74429524,0.46594578,0.84182906,0.0,0.40887216,2.6882372,1.1631747,0.25546077,0.0,0.5338791,0.0,1.0845491,0.0,0.9277268,0.0,1.3262731,0.28246891,1.7766062,0.0,0.7599773,1.239383,0.44888657,0.0,0.49921227,0.0,0.0,2.3696795,0.4838249,0.0,0.16666709,0.0,0.0,0.78851616,0.0,1.2982955,0.0,2.9747715,1.7490987,1.7297565,1.4622505,1.2364067,0.0,0.0,0.0,0.0,0.94378597,2.9279194,0.2659616,1.9295381,0.7399402,0.88824314,2.372992,1.0087142,1.419643,0.0,0.23775372,0.0,0.6819107,0.06690934,0.0,0.0,0.9870861,0.31554893,1.3332069,1.25198,0.0,1.1237539,1.7015146,0.0,0.0,0.294964,0.0,1.6055789,0.903487,1.277459,1.3927562,0.037779998,0.0,2.2198055,1.0201344,0.6754002,0.0,0.0,1.6135843,0.42975983,0.0,0.0,0.0,1.4794619,0.0,0.23960455,0.0,0.0,0.0,0.0,0.5412063,0.0,0.0,1.5139732,0.0,0.0,2.5865393,1.6685559,0.1516027,0.0,1.2275053,0.46686402,0.45911098,0.0,0.74530125,0.0,0.0,0.81594676,0
0.9102311,0.0,1.5464722,1.9564375,0.46989706,0.0,1.1000055,0.9598725,1.737305,2.1301937,1.2139739,0.0,0.59802026,0.68293005,0.11343513,0.48516718,0.071937956,0.17486314,1.3584926,1.5930105,0.0,0.9472225,0.48699936,0.4367323,1.9829386,0.0,1.3590666,0.0,1.5831358,2.1794434,2.0743713,1.93646,0.0,0.0,0.0,0.9870973,1.6524317,0.0,1.5180582,0.0,0.0,0.86112034,0.0,2.0630784,0.36603373,1.4107832,0.0,1.371806,1.8805331,0.0,0.0,0.16522275,0.0,0.0,1.0282787,0.0,1.8642036,0.17848593,0.0,0.0,1.0512226,0.0,0.0,0.0,0.0,2.6145356,1.9491769,0.0,1.3201656,0.65605336,0.0,0.0,0.0,0.0,0.0,0.0,0.0,0.0,0.0,0.0,1.0782675,0.0,0.619084,0.96709424,0.0,0.0,2.6772451,0.28258732,0.13071734,1.2258679,0.0,0.0,0.0,1.398226,0.0,0.0,2.5872574,0.0,0.0,1.2744762,0.8820797,1.7064738,0.27378553,0.0,1.0315499,0.0,0.0,0.0,1.8063333,1.1251987,1.1993299,1.2305133,0.0017315822,1.1589144,0.0,0.50106436,2.0185986,0.0,0.27785036,2.1368742,1.0586032,0.0,0.0,0.5497555,0.2816475,0.52531856,0.2612864,0.72137105,1.8273624,0.36340788,1.2189715,1.3113396,0.0,0.0,0.5788135,0.0,1.5161858,0.0,0.0,0.58417666,2.338905,0.0,0.0,0.20451239,0.7335112,2.0828283,0.0,0.0,1.2844077,2.001102,0.0,0.0,2.7678692,0.0,0.0,0.0,0.4423603,0.0,0.4906189,2.1566784,1.2315153,0.0,2.3220887,0.5579257,0.0,0.0,1.7063694,1.1324891,0.0,1.2751735,2.1424968,1.0240337,1.9085624,0.0,0.5082357,2.6442614,0.0,0.16422914,0.0,1.5393754,0.35278532,0.0,0.8870451,0.7141972,0.0,0.0,0.0,0.0,1.6511598,1.7292471,1.7336246,2.3481143,0.5696966,0.0,0.7878602,0.8801914,0.14553459,0.0,0.53055745,0.0,1.5273939,0.0,0.0,0.0,1.658858,1.3662138,0.6459306,0.0,0.0,0.82488906,0.66003287,0.0,0.0,1.4746817,0.0,0.3027132,2.115065,1.2529368,0.32549638,0.36092284,0.0,0.7784145,1.0671273,0.12439247,0.66739947,0.0,0.31163827,1.9485012,1.7456983,0.0,0.0,0.7068353,0.0,1.6073533,0.0,0.0,0.0,0.0,1.8162763,0.0,0.0,0.72521996,2.5888512,1.0596431,1.1690012,0.3231365,0.62363803,0.0,1.0209253,1.8773884,2.2653034,0.0,1.6017878,0.0,0.0,0.0,1
0.07314373,0.0,0.37128437,0.95333254,2.4660144,0.0,0.0,0.5025958,2.73352,0.66624475,1.6671773,0.0,0.078081995,1.7835567,0.0,2.609459,0.21051818,1.4540803,0.5473607,0.7297115,0.0,1.014292,0.48748624,0.0,1.5276319,0.0,0.11519722,0.23598628,0.38943318,0.8073419,0.1635859,0.6860099,0.0,0.0,0.0,2.502058,2.385962,1.1735389,2.3124287,0.0,0.27637005,2.3198147,0.0,1.5631312,0.0,0.590243,0.0,0.36779085,0.4169982,0.0,0.0,1.887173,0.0,0.0,0.0,0.0,0.0,0.98619395,0.0,0.0,2.190016,0.0,0.0,0.0,0.0,1.1572716,0.61430526,1.53928,0.0,1.5356898,0.2209297,0.0,0.0,0.0,0.6410335,0.0,0.0,0.0,0.0,0.0,0.019020125,1.0727211,0.28361496,0.436164,0.0,0.0,0.8895635,1.2323555,1.3658297,2.3499196,0.0,0.0,0.0,0.0,0.0,0.0,1.0814631,0.0,0.0,1.1492078,1.8082688,0.51692873,1.2065583,0.0,0.13490762,1.041268,0.0,0.0,2.6601446,0.0,2.8630884,0.03953691,0.6819433,0.91837454,0.0,1.8877151,1.2591856,0.0,1.5866847,0.3521211,0.0033474292,0.0,0.0,0.0,0.0,0.0,0.0,0.16820954,0.036126107,0.6874417,1.1477159,0.0,0.0,0.0,1.5288558,0.0,0.83755285,0.0,0.0,1.6682868,0.58663523,0.0,0.0,0.3540535,0.43061283,0.91012985,0.0,0.012615391,2.9258237,1.1652217,0.0,0.0,0.20180644,0.0,0.37730598,0.0,1.2962058,0.0,1.6359011,0.14261016,2.2630932,0.0,1.3557184,0.6355258,0.20683,0.0,0.5002404,0.0,0.0,2.5699048,0.9070223,0.0,0.2656777,0.0,0.0,1.0003811,0.0,1.2789845,0.0,3.4959915,1.9021649,1.7770045,1.6305753,1.2865912,0.0,0.0,0.0,0.0,0.56830347,2.7580075,0.26707965,1.8702875,0.5700369,0.8875861,2.902353,1.4737469,1.3142012,0.0,0.56054306,0.0,0.1116889,0.0,0.0,0.0,0.59935343,0.40311536,1.554559,1.6701658,0.0,1.2820895,1.9871868,0.0,0.0,0.0,0.0,2.0474842,0.79180306,0.96096694,0.7884902,0.38434434,0.0,2.1022906,1.2627076,0.82027847,0.0,0.28725526,1.6681211,0.0,0.22425725,0.0,0.0,1.4165227,0.0,0.30767983,0.0,0.0,0.0,0.0,0.86901957,0.0,0.0,1.8277385,0.0,0.0,2.9341574,1.2697937,0.0,0.0,1.0508522,0.38822445,0.37650734,0.0,1.1209865,0.0,0.0,0.68900496,0
0.0,0.0,0.3632172,0.89864004,2.7165751,0.0,0.0,0.57184696,2.565423,0.22177033,1.5618875,0.0,0.0,2.1523566,0.0,2.7789605,0.28752074,1.713201,1.0219479,0.762114,0.0,1.2930477,1.360914,0.22534701,1.9701339,0.0,0.18550877,0.48893255,0.40490273,0.5116787,0.5418498,0.86738455,0.0,0.0,0.0,2.9840593,2.2177968,1.1128658,2.4232357,0.0,0.0,2.1837304,0.0,0.65110934,0.27730846,0.43370166,0.0,0.15526024,0.42692462,0.0,0.0,2.3023372,0.44187105,0.0,0.0,0.0,0.0,1.0445768,0.0,0.0,2.0029545,0.0,0.0,0.0,0.0,1.235567,0.40602258,1.7261205,0.0,1.0939996,0.002451461,0.0,0.0,0.0,0.8999894,0.0,0.0,0.0,0.0,0.0,0.18287806,1.5392832,0.2293042,0.2634246,0.0,0.0,0.38211185,1.7150762,1.131051,1.9539688,0.0,0.0,0.0,0.0,0.0,0.0,1.2560275,0.0,0.0,1.4735714,2.1300988,0.19383785,1.7650876,0.0,0.24099492,0.92026126,0.0,0.0,3.0752506,0.09081189,2.1997952,0.2927344,1.0621346,1.4288228,0.0,1.6591291,1.0100579,0.0,1.4154773,0.16465941,0.24900618,0.0,0.0,0.0,0.0,0.17000906,0.0,0.62957,0.16583452,0.9957169,1.2111763,0.19461396,0.057041127,0.0,1.4415742,0.0,0.6281997,0.0,0.0,1.21789,0.12917171,0.0,0.0,0.21269962,0.0,0.8822777,0.0,0.13231944,3.0963864,1.2538114,0.12055638,0.0,0.28268763,0.0,0.9963645,0.0,1.4576849,0.0,1.4702188,0.22147313,1.8971589,0.0,0.9007562,1.0257365,0.3395495,0.0,0.57852703,0.0,0.0,2.595906,0.3822933,0.0,0.36080456,0.0,0.036760494,0.58273697,0.0,1.2776209,0.0,3.3815312,2.016263,1.9595803,1.4664751,1.4448203,0.0,0.0,0.0,0.0,1.0474638,2.8647475,0.07214458,1.7195348,0.6751713,0.8644939,2.4576206,1.1296332,1.2614065,0.0,0.57147163,0.0,0.32665393,0.0,0.0,0.0,0.5271366,0.08080273,1.8116957,1.851792,0.0,1.2138985,2.0482378,0.0,0.0,0.0,0.0,2.036323,0.9054011,1.2910028,1.3818638,0.2001139,0.0,2.1952114,1.431878,0.9968064,0.0,0.0,1.6608727,0.32200956,0.0,0.0,0.0,1.5762056,0.0,0.16942425,0.0,0.0,0.0,0.0,0.6720819,0.0,0.0,1.5751679,0.0,0.0,2.8768263,1.4286562,0.0,0.0,1.1921023,0.7716811,0.1900865,0.0,0.91315585,0.0,0.0,0.9488604,0
0.0,0.0,0.6490806,1.0154809,1.9491984,0.0,0.19189562,0.58540803,2.2148328,0.39333737,1.3496953,0.0,0.13824412,1.7116687,0.0,2.109007,0.2781986,1.2067521,1.1853546,0.79175085,0.0,1.280647,1.2059051,0.38389692,1.9897807,0.0,0.37843415,0.14118885,0.18550387,0.63624483,0.66379833,1.4177006,0.0,0.0,0.0,2.3643112,2.0169375,0.90464896,2.2031415,0.0,0.0,1.7391382,0.0,0.58013767,0.58768404,1.0030041,0.0,0.25688615,0.8289524,0.0,0.0,2.041569,0.4170965,0.0,0.0,0.0,0.29997072,0.6114114,0.0,0.0,1.5758213,0.0,0.0,0.0,0.0,1.571976,0.8944045,1.3764864,0.0,1.0795312,0.0,0.0,0.0,0.0,0.88231456,0.0,0.0,0.0,0.0,0.0,0.50008017,1.1442578,0.26262596,0.41687244,0.0,0.0,0.24235004,1.4499124,0.9441454,1.377167,0.0,0.0,0.0,0.30523902,0.0,0.0,1.0112692,0.0,0.0,1.6689391,1.6444697,0.6440919,1.0429093,0.0,0.4614365,0.67473346,0.0,0.0,2.5547695,0.0,2.0160155,0.47320977,0.98723465,1.7878932,0.0,1.5886377,0.83531326,0.0,1.3323921,0.3568687,0.2914255,0.0,0.0,0.0,0.0,0.0,0.0,0.4992364,0.07051006,1.1504029,1.23981,0.49342662,0.0,0.0,1.3022974,0.0,0.5627656,0.0,0.0,1.2855295,0.28306213,0.0,0.0,0.19033019,0.14713618,0.83014274,0.0,0.09456348,2.3952014,1.6010525,0.0,0.0,1.1212019,0.0,0.73286796,0.0,0.9812394,0.0,1.0113255,0.551691,1.5290239,0.0,0.96350247,1.1107132,0.038002715,0.0,0.724634,0.30629736,0.0,2.41962,0.9495277,0.0,0.59462744,0.0,0.45709375,0.756413,0.0,1.3856416,0.0,2.656983,1.4159801,1.8817459,1.2841115,1.1279776,0.0,0.0,0.0,0.0,0.8832347,2.7891586,0.4392885,1.7016345,0.48157665,0.8576609,2.1620543,1.0516164,1.069117,0.0,0.3251239,0.0,0.6146919,0.113327816,0.0,0.0,0.8482004,0.014442611,1.5207787,1.2997088,0.0,1.0605806,1.6821915,0.0,0.0,0.084328756,0.0,1.7272756,0.910108,0.97815037,1.4994614,0.037832957,0.0,1.8079429,1.0901994,1.1606075,0.0,0.0,1.586809,0.8795119,0.028150598,0.0,0.0,1.0986372,0.0,0.0080834115,0.0,0.0,0.0,0.0,0.59366053,0.0,0.0,1.4290423,0.0,0.0,2.6413443,1.3038671,0.0,0.0,1.2680386,0.94691217,0.2625705,0.0,1.159453,0.0,0.0,0.81381327,0
0.72678584,0.0,1.3073138,0.9258373,1.5676537,0.0,0.08205847,0.53135526,1.3348944,0.88880956,1.7957149,0.0,1.0536286,1.4442136,0.0,1.5332004,0.0,1.0367064,1.3303248,0.9771924,0.0,1.1251729,0.15768978,0.6675909,1.8514566,0.0,0.77349377,0.576919,0.8305978,1.4912945,1.47296,0.9469774,0.0,0.0,0.0,2.3697257,1.3086276,0.0,2.0959845,0.0,0.0,0.8945394,0.0,1.4810015,1.0057001,0.67074704,0.0,0.5441931,1.0471665,0.0,0.0,0.46266463,0.0,0.0,0.83439875,0.0,0.3725798,0.33132333,0.0,0.0,0.84600383,0.0,0.0,0.0,0.0,1.9312928,0.62671024,0.39878368,1.1437902,1.6645193,0.0,0.0,0.0,0.0,0.0,0.0,0.0,0.0,0.0,0.0,0.40709478,0.16653483,0.5900019,0.6760312,0.0,0.20662704,1.0139357,0.12479899,0.2356224,1.0251608,0.0,0.0,0.0,1.7598628,0.0,0.2057085,2.3310912,0.0,0.0,1.8980142,1.0604448,1.0145819,0.7026366,0.0,1.4435959,0.30448368,0.0,0.0,1.3292956,0.47463277,1.1650002,0.53339255,0.31599602,1.8383235,0.0,0.8939515,1.5776901,0.0,0.18741366,1.7269408,0.8767493,0.0,0.18824436,0.6373656,0.13456047,0.0,0.47478655,0.8378636,1.6105388,1.3029696,1.5286022,0.6029745,0.09779216,0.0,0.7157096,0.0,0.7215335,0.0,0.0,0.8166705,0.791784,0.0,0.0,0.04338522,0.34166238,1.0899118,0.0,0.0,2.0578964,1.0942817,0.0,0.0,1.2617751,0.0,0.9294682,0.0,0.0,0.0,0.99368685,0.6675481,1.2339779,0.0,1.4588645,0.72692025,0.0,0.0,0.49280766,0.891875,0.0,0.99806404,1.1048331,0.63689375,0.7907551,0.0,0.1889594,1.0628881,0.0,0.88804954,0.0,1.4567907,0.4870067,0.8512893,0.6432549,0.7395063,0.0,0.0,0.0,0.0,1.5010725,1.9401841,1.2485013,1.8199594,0.4953818,0.3777558,1.2536113,0.6544184,1.2381516,0.0,0.2995516,0.0,0.51773685,0.0,0.0,0.0,0.30174464,0.27638873,0.5109676,0.5481762,0.12859027,0.870921,0.6806716,0.0,0.0,0.76281875,0.0,1.3881404,0.4773397,1.4335924,0.7621058,0.0,0.0,1.4575032,0.735769,0.40416315,0.0,0.0,0.7043808,1.4000102,0.8027742,0.0,0.0,0.68519753,0.0,0.1147661,0.0,0.0,0.0,0.0,1.0576129,0.0,0.0,0.8622584,0.46232304,0.8253661,1.7768042,1.417672,0.5862245,0.30098736,1.338746,1.0684941,1.2397927,0.0,0.5247819,0.0,0.0,0.2704477,1
0.56082577,0.0,1.5041777,2.0657015,0.011439337,0.0,1.1072282,0.7664759,1.3358836,1.9102759,0.87310076,0.0,1.1086878,0.9660525,0.0,0.23082212,0.14296012,0.08232798,1.8382964,1.6524514,0.0,0.99766433,0.0,0.5551332,1.607678,0.0,0.756835,0.0,1.3556291,2.4813328,2.327357,1.9248958,0.0,0.0,0.0,0.8848657,1.8973461,0.0,1.4475894,0.0,0.072673246,0.037243456,0.0,2.2475827,0.78502166,0.83241665,0.0,1.1457138,1.9063573,0.0,0.0,0.0,0.0,0.0,0.9678738,0.0,1.5259179,0.5174103,0.0,0.0,0.9774956,0.0,0.0,0.0,0.0,2.9959846,1.3770602,0.0,1.1931995,0.50993997,0.0,0.0,0.0,0.0,0.0,0.0,0.0,0.0,0.0,0.0,0.8560761,0.0,0.0,0.9318089,0.0,0.0,2.3758078,0.3322304,0.0,0.98989743,0.0,0.0,0.07137165,1.2178153,0.0,0.20985006,2.4187887,0.0,0.0,1.1179147,0.8615942,1.923238,0.211942,0.0,1.4621679,0.39734915,0.0,0.0,0.93616486,1.0546333,1.0023081,1.6812049,0.06780798,1.0010312,0.0,0.124389485,1.9022585,0.0,0.0,1.9514519,0.88996106,0.0,0.20697825,0.74833995,0.16281801,0.5646798,0.47697634,0.80104965,1.6375501,0.48343045,0.84069866,1.1616068,0.0,0.0,0.21780667,0.0,1.3951015,0.0,0.0,1.1084594,2.0335016,0.0,0.0,0.0,0.7709018,1.8930507,0.0,0.0,0.8551352,1.5151509,0.0,0.0,2.9205678,0.0,0.0,0.0,0.0,0.0,0.8527132,2.2456746,0.9587817,0.0,1.6228725,0.0,0.0,0.0,1.582785,1.2803395,0.0,0.56660444,2.0104027,1.0902084,2.197166,0.0,0.3994192,2.2206676,0.0,1.1638583,0.0,1.3416102,0.0,0.14947544,0.77824485,0.4377119,0.0,0.0,0.0,0.0,2.4765422,1.7379651,1.5159683,2.7388768,0.05674232,0.16983582,0.7430107,0.6446037,0.0,0.0,0.39529106,0.0,1.030074,0.0,0.0,0.0,2.1541297,1.2004641,0.6391413,0.0,0.0,0.37268868,0.48529807,0.0,0.0,1.3810964,0.0,0.1093861,1.6132418,1.4292357,0.37846515,0.65300053,0.0,0.41484094,0.9271784,0.4498807,0.4112045,0.0,0.58141136,1.6613065,1.6206702,0.0,0.0,0.40972704,0.0,1.180613,0.0,0.0,0.0,0.0,1.1049672,0.0,0.0,0.07517297,2.4776328,0.8703748,0.76565737,1.2319613,0.5032594,0.0,0.85377985,2.2243676,2.275704,0.0,1.8672674,0.0,0.0,0.0,1
1.3725101,0.0,2.440456,2.0333066,0.0,0.0,1.3773245,1.0790799,1.1355116,2.6081605,1.0408123,0.0,0.96310765,0.8425661,0.0,0.0,0.0,0.01785724,1.6597174,1.5152624,0.0,0.59803694,0.03221695,0.859873,1.7592112,0.0,1.2087556,0.0,1.9204959,2.458025,2.6773,2.4420326,0.0,0.0,0.0,0.48768285,1.5721487,0.0,1.5856513,0.0,0.0,0.32015607,0.0,2.2567434,0.7571242,1.5808811,0.0,2.4368753,2.3941178,0.0,0.0,0.0,0.0,0.0,0.47603485,0.0,2.3653774,0.24752276,0.0,0.0,0.6113881,0.0,0.0,0.0,0.0,3.4831717,1.7258573,0.0,2.110215,0.82821745,0.0,0.0,0.0,0.0,0.0,0.0,0.0,0.0,0.0,0.0,1.2885541,0.0,0.6381036,1.1835517,0.0,0.0,2.631402,0.0,0.07867239,0.79435384,0.0,0.0,0.0,1.5555215,0.0,0.52554363,3.4390986,0.0,0.0892824,1.2010128,0.31586307,2.223044,0.0,0.0,1.4997787,0.0,0.0,0.0,0.7207849,1.3248625,1.1273378,1.4512714,0.0,0.93615496,0.0,0.0,2.6175408,0.0,0.009442151,2.404827,1.785289,0.0,0.0,1.2219594,0.64835066,0.6155952,0.47802675,0.97697216,2.7320979,0.40237954,1.3014153,1.5994534,0.0,0.0,0.23685057,0.0,1.3191808,0.0,0.0,0.2420405,2.624976,0.0,0.0,0.0,0.9942211,2.7224162,0.0,0.0,0.67873496,2.0286775,0.0,0.0,3.345432,0.0,0.15579806,0.0,0.0,0.07214316,0.48822647,2.6090395,1.0763726,0.0,2.1645017,0.0,0.0,0.0,2.258655,1.68608,0.0,0.13424894,2.6052525,1.2622892,2.4086838,0.0,0.7910954,3.092976,0.0,0.7937341,0.0,0.70326895,0.0,0.14041212,0.7324222,0.15484273,0.0,0.0,0.0,0.0,2.40063,1.4979656,1.9876839,2.777392,0.07357146,0.0,0.46769866,0.6741048,0.0,0.0,0.3899361,0.0,1.7163962,0.0,0.0,0.0,1.8879715,1.328725,0.23748718,0.0,0.0,0.49027047,0.7298919,0.0,0.0,1.3022966,0.0,0.33443254,1.8895513,1.5227919,0.14891344,0.7409213,0.0,0.14609165,0.7202912,0.20881855,0.5428851,0.0,0.06325796,2.1334867,1.963322,0.0,0.0,0.0,0.0,1.1488531,0.0,0.0,0.0,0.0,1.6779401,0.0,0.0,0.13352996,3.0095215,1.3821647,0.7215746,0.46581995,0.48875976,0.0,0.77538055,2.5114727,2.3620052,0.0,1.4025682,0.0,0.0,0.0,1
0.08420267,0.0,0.934849,0.7979158,2.2146497,0.0,0.0,0.65434086,2.4666228,0.10743166,2.1825457,0.0,0.0,1.7067938,0.0,2.2069156,0.0,1.224661,0.5694631,0.8115918,0.0,1.5285789,0.9787992,0.984392,1.8069212,0.0,0.39790505,0.63571835,0.28179446,0.71907073,0.08699709,0.8589636,0.0,0.0,0.0,2.0492873,2.2501733,0.86439127,2.3480961,0.0,0.052971527,2.1170793,0.0,1.0844043,0.0,1.152184,0.0,0.75395375,0.46968898,0.0,0.0,2.3744936,0.0,0.0,0.0,0.0,0.27632016,0.25001842,0.0,0.0,2.1489468,0.0,0.0,0.0,0.0,1.7694716,0.6172808,1.1629074,0.07166586,1.6895831,0.10296719,0.0,0.0,0.0,0.74723804,0.0,0.0,0.0,0.0,0.0,0.29599112,1.2221351,0.13919026,0.66511685,0.0,0.0,0.42674628,1.4264241,1.3789629,2.1122131,0.0,0.0,0.0,1.0212743,0.0,0.0,1.5439698,0.0,0.0,1.6600868,2.0243266,0.47515586,1.8283736,0.0,0.21487959,1.3748261,0.0,0.0,2.982524,0.1287766,2.2639692,0.47252285,0.73673695,1.7706718,0.0,1.7890706,1.129041,0.0,0.8481751,0.6065472,0.35658637,0.0,0.49478778,0.0,0.058116492,0.0,0.0,1.5444942,0.51387656,0.96890694,0.8601509,0.6704756,0.54816973,0.0,1.1257842,0.0,0.38539487,0.0,0.0,1.4540602,0.5844045,0.0,0.0,0.72185665,0.3939822,1.1057506,0.0,0.08383388,3.1331596,1.6030989,0.0,0.0,0.6205694,0.0,0.99160993,0.0,1.2771324,0.0,1.4674278,0.7863365,2.447815,0.0,1.2420908,0.8358887,0.060987167,0.0,0.4844998,0.0,0.0,2.5328162,0.9218947,0.29178932,0.10744953,0.0,0.04889165,1.3499042,0.0,0.5971553,0.0,3.1635046,1.5771511,1.6051278,1.5179362,1.4839919,0.0,0.0,0.0,0.0,0.82527256,3.0383556,0.66397333,2.1366813,0.8505303,0.9372458,2.3655682,1.5778358,1.8673084,0.0,0.4893856,0.0,0.11851032,0.0,0.0,0.0,0.64203376,0.03645942,1.4137905,1.5858145,0.0,1.5731403,1.4627011,0.0,0.0,0.23617993,0.0,1.8042434,0.89723116,1.6387377,1.049837,0.04659775,0.0,2.0271344,0.81512856,0.9604673,0.010349745,0.044093154,1.4236438,0.66679865,0.41486186,0.0,0.0,1.5609407,0.0,0.36901894,0.0,0.0,0.0,0.0,0.11201246,0.0,0.0,2.2454467,0.10064337,0.5777237,2.8789504,1.5548142,0.36836237,0.0,1.4074572,0.7327664,0.7536088,0.034335505,0.26679444,0.0,0.0,0.79475874,0
0.4714813,0.0,1.0843165,1.3120188,1.5789772,0.0,0.39090133,0.46158755,2.581422,1.1874554,1.6349709,0.0,0.0,1.207296,0.0,1.7326065,0.2166885,0.7583625,1.297112,0.88548464,0.0,1.0942812,0.6912565,0.74030435,1.8762496,0.0,0.48046634,0.0,1.2692066,1.408822,0.5892951,1.3590505,0.0,0.0,0.0,1.3530363,1.8796508,1.0400975,2.098965,0.0,0.0,1.6477185,0.0,1.4620808,0.1638903,1.2242299,0.0,1.1765463,0.92606115,0.0,0.0,1.457485,0.0,0.0,0.32350698,0.0,0.6310584,0.5527862,0.0,0.0,1.5271066,0.0,0.0,0.0,0.0,1.9798052,1.0350442,0.85651195,0.81237537,0.8824705,0.16662782,0.0,0.0,0.0,0.7840698,0.0,0.0,0.0,0.0,0.0,0.43102938,0.96268517,0.0,0.7843213,0.0,0.0,1.1484286,0.9722427,0.79228073,1.568526,0.0,0.0,0.0,0.8476614,0.0,0.0,2.1233945,0.0,0.0,1.0134046,1.6078451,0.5118397,1.0365447,0.0,0.5876949,0.9121098,0.0,0.0,2.3597813,0.97531044,2.0585632,0.81038034,1.0141102,1.4077494,0.0,1.5424303,1.1949788,0.0,0.74364287,1.3787211,0.71498674,0.0,0.0,0.2723041,0.0,0.35926032,0.0,0.68849087,0.4606537,0.4517848,0.8177366,1.1474532,0.2168059,0.0,1.2455387,0.0,0.7564641,0.0,0.0,1.355555,0.92317146,0.0,0.0,0.15717204,0.36856648,1.4516828,0.0,0.0,2.2932045,1.9899218,0.0,0.0,1.4109197,0.0,0.33579016,0.0,1.2587101,0.0,1.1355383,1.3972659,1.6383435,0.0,1.2521604,0.7732306,0.0014052168,0.0,1.4867774,0.0,0.0,2.3901393,1.0489411,0.0,0.7896592,0.0,0.626736,2.1819992,0.0,0.9371688,0.0,2.8568077,1.5395632,0.9461515,1.1117492,0.86709577,0.0,0.0,0.0,0.0,1.128089,2.7179961,0.67905074,2.1829684,0.6406598,0.5288081,1.9107467,0.8709266,1.1744685,0.0,0.45576367,0.0,1.3100933,0.0,0.0,0.0,1.3123542,0.9761412,1.1285166,1.3094063,0.0,1.1917574,1.1700643,0.0,0.0,0.7807814,0.0,1.2406039,1.659215,0.7008392,0.77714247,0.56246334,0.0,1.5523628,0.5952562,0.6522434,0.0,0.13955471,0.69224036,0.7543108,0.98394775,0.0,0.0,1.2071986,0.0,0.822084,0.0,0.0,0.0,0.0,1.3164968,0.0,0.0,1.5687522,1.3763491,0.2612723,2.0467126,1.0437595,0.38441902,0.0,1.0851995,1.0337005,1.4331052,0.11859523,1.4587674,0.0,0.0,0.61767936,1
0.39745116,0.0,1.2815461,1.3575014,1.2602897,0.0,0.19933124,0.40442947,2.52966,0.99890465,1.5239395,0.0,0.45467508,1.1971301,0.0,1.6505365,0.0,1.0923547,1.3132812,1.0780371,0.0,1.6315037,0.51094633,0.7290524,2.059134,0.0,0.7215783,0.0,0.7901188,1.1176128,1.0637251,1.4430995,0.0,0.0,0.0,1.8637145,2.1259248,0.827569,2.0677447,0.0,0.075551495,1.4281296,0.0,1.5365287,0.31763154,0.69544154,0.0,1.315485,0.93273807,0.0,0.0,1.8678019,0.0,0.0,0.53668225,0.0,0.54222316,0.46086845,0.0,0.0,1.4324198,0.0,0.0,0.0,0.0,2.3403366,1.4060162,0.81684613,0.620779,1.3821071,0.0,0.0,0.0,0.0,0.25108346,0.0,0.0,0.0,0.0,0.0,0.5399252,0.8244078,0.34416777,0.9497098,0.0,0.0,1.0489607,1.2183298,1.1591898,1.4878134,0.0,0.0,0.0,0.90807736,0.0,0.010242824,2.044313,0.0,0.0,1.0589136,1.0478244,0.84967804,0.9177028,0.0,0.7774372,0.67792153,0.0,0.0,2.3411393,0.5124462,2.2761416,0.9242244,0.48744717,1.4448513,0.0,0.73812664,1.2570167,0.0,0.8010476,1.119074,0.932623,0.0,0.0,0.32398638,0.0,0.0,0.12285057,0.5570902,0.6681013,0.6226013,1.0519581,0.91999763,0.0,0.0,1.0987215,0.0,0.89306444,0.0,0.0,1.3056818,1.2064229,0.0,0.0,0.29546925,0.47421166,1.3171887,0.0,0.0,2.0602055,1.7586975,0.0016198348,0.0,1.6537764,0.0,0.53302413,0.0,0.6704189,0.0,1.0653099,1.4757926,1.7127541,0.0,1.3207408,0.7333974,0.31208757,0.0,1.2025547,0.3674935,0.0,2.1762376,1.1539265,0.58004326,0.715176,0.0,0.5180123,2.1442623,0.0,1.0735012,0.0,2.273163,1.218843,1.196655,1.5507059,0.95937365,0.0,0.0,0.0,0.0,1.2516147,2.6756892,0.67118233,1.59878,0.6518157,0.40104026,1.9523174,1.008089,1.2509805,0.0,0.17989922,0.0,0.95962554,0.0,0.0,0.0,1.114272,0.7990824,1.0364208,1.2469652,0.0,1.2474239,1.9290546,0.0,0.0,0.47171673,0.0,1.7167614,1.6374713,1.1088269,1.0522511,0.2762449,0.0,1.6634196,0.805393,1.3428905,0.0,0.0,1.2364889,1.1793271,0.6128339,0.0,0.0,0.6581959,0.0,0.77238566,0.0,0.0,0.0,0.0,1.1806267,0.0,0.0,1.3687072,0.99981076,0.42119667,1.9479127,1.4687028,0.0,0.0,1.4459201,0.74954116,1.6695473,0.0,1.0337548,0.0,0.0,0.35657087,1
1.3591058,0.0,2.3118079,1.8974854,0.0,0.0,1.6780449,1.5541794,1.7890846,2.1122773,1.2117561,0.0,0.57857895,0.13882829,0.0,0.19291648,0.10870097,0.0,1.6375741,1.6007496,0.0,0.0,0.0,1.5395343,1.9459496,0.0,1.1141267,0.0,2.0220253,2.6841133,2.872532,2.3930075,0.0,0.0,0.0,0.0,1.4839537,0.0,1.5191582,0.0,0.0,0.4758418,0.0,2.0209975,0.47452906,1.8651733,0.0,1.9883046,2.1994941,0.0,0.0,0.0,0.0,0.0,1.1085328,0.0,2.557303,0.0,0.0,0.0,0.10005075,0.0,0.0,0.0,0.0,3.231177,2.1680527,0.0,2.130208,0.99826276,0.0,0.0,0.0,0.0,0.0,0.0,0.0,0.0,0.0,0.0,0.8677475,0.0,1.1723746,1.2245376,0.0,0.54859906,3.0548139,0.0,0.08205677,0.46086943,0.0,0.0,0.0,1.7094272,0.0,0.8106747,3.7210088,0.0,0.30529845,1.1013653,0.08051723,2.3002064,0.30551824,0.0,1.1746997,0.13141671,0.0,0.0,1.250247,0.8227554,0.3225083,1.8454243,0.0,0.88281924,0.0,0.18458106,2.7251906,0.0,0.0,2.3407967,1.9239178,0.0,0.0,1.0680209,0.8789052,0.27040172,0.6212326,1.0042765,2.769396,0.4109822,1.2180606,2.0223823,0.0,0.0,0.31199452,0.0,1.8229033,0.0,0.0,0.109453425,3.1403904,0.0,0.0,0.42728508,0.4781711,2.2218802,0.0,0.0,0.9169026,1.9981377,0.0,0.0,3.6922247,0.0,0.0,0.0,0.0,0.33827338,0.12781616,2.9474747,0.9296222,0.0,2.3370488,0.0,0.0,0.0,1.6782913,2.1325014,0.0,0.0,2.4193618,1.6420513,2.1505466,0.0,0.8392266,2.6250415,0.0,0.27477363,0.0,0.0,0.0,0.0,0.0234597,0.3063301,0.0,0.0,0.0,0.0,2.2590537,1.0288473,2.2529643,3.0173795,0.29780716,0.0,0.88571185,0.1475879,0.0,0.0,0.30700836,0.0,1.6078764,0.0,0.0,0.0,1.6405926,1.7787645,0.27285707,0.0,0.0,0.1377338,0.43124533,0.0,0.0,1.747924,0.0,0.4285021,2.2174082,1.4578052,0.34389067,0.72572017,0.0,0.15680496,0.99302924,0.69727516,0.86769956,0.0,0.0,2.474467,2.3778777,0.0,0.0,0.09812708,0.0,1.1193857,0.0,0.0,0.0,0.0,1.6118963,0.0,0.0,0.41178757,3.0026028,1.7320553,0.54789,0.5376303,0.5587171,0.04829501,0.7164182,2.617119,2.2659166,0.0,1.6302133,0.0,0.0,0.0,1
2.220732,0.0,2.8411615,2.412887,0.0,0.0,1.6593237,1.574347,1.7929747,3.4604764,1.2974588,0.0,0.4021398,0.0,0.0,0.0,0.069949426,0.0,1.2377207,2.4213064,0.0,0.48692417,0.0,1.8433502,2.2886488,0.0,1.985815,0.0,2.5830307,2.9729483,3.0320137,2.8974469,0.0,0.0,0.0,0.0,1.3937274,0.0,1.290822,0.0,0.0,0.5144907,0.0,3.31536,0.23774362,2.3341136,0.0,3.1952577,3.1505542,0.0,0.0,0.074699864,0.0,0.0,1.1757617,0.0,3.3697124,0.0,0.0,0.0,0.025299147,0.0,0.0,0.0,0.0,4.1889367,2.5058608,0.0,3.0927773,1.3442311,0.0,0.0,0.0,0.0,0.0,0.0,0.0,0.0,0.0,0.0,1.2711141,0.0,1.3794359,2.2663825,0.0,0.2584143,4.065573,0.0,0.0,0.77747667,0.0,0.0,0.0,3.0332263,0.0,0.6477601,5.10798,0.0,0.3851663,0.6723532,0.08861303,2.3795419,0.31951472,0.0,1.6162878,0.25203475,0.0,0.0,0.7369601,2.299355,0.6979783,2.308566,0.001515873,0.5379725,0.0,0.41719767,3.6255243,0.0,0.0,4.07555,3.319573,0.0,0.0,1.8835658,1.6103065,0.887294,0.6245222,1.7416406,3.1889937,0.0,1.4297276,3.205391,0.0,0.0,0.0,0.0,2.206726,0.0,0.0,0.12156765,3.8212883,0.0,0.0,0.5502542,1.1610101,2.9249318,0.0,0.0,0.57520324,3.1896298,0.0,0.0,4.768157,0.0,0.0,0.0,0.0,1.0857154,0.094827116,3.5353267,1.3395782,0.0,3.1237392,0.0,0.0,0.0,2.8675692,1.8310089,0.0,0.0,3.0178468,2.2082648,2.5337048,0.0,1.2208341,4.460153,0.0,0.0,0.0,0.8141008,0.0,0.0,0.15440528,0.27418044,0.0,0.0,0.0,0.0,2.0995502,1.4559274,3.4578784,3.587994,0.8851368,0.0,1.0579443,0.2928081,0.0,0.0,0.6654111,0.0,2.6783462,0.0,0.0,0.0,2.0596626,2.5516193,0.0,0.029560596,0.0,0.68569815,0.07609009,0.0,0.0,2.130633,0.0,0.1593796,2.7808208,1.2253174,0.0,1.4288816,0.0,0.0,0.8435868,0.0,1.3407258,0.0,0.0,3.5127282,3.301591,0.0,0.0,0.43865803,0.0,2.1376326,0.0,0.0,0.0,0.0,2.6082506,0.0,0.0,1.0431823,4.609668,2.319103,0.5835995,0.36084455,1.0249498,0.0,0.6109966,3.5311854,3.1233387,0.0,2.001207,0.0,0.0,0.0,1
2.20355,0.0,2.6624293,2.0630798,0.0,0.0,1.3610083,0.84599465,1.7554,2.7784522,1.4001518,0.0,0.64444023,0.006805407,0.0,0.0,0.11967019,0.0,0.88625294,1.9162432,0.0,0.29239202,0.0,1.8073574,2.1546335,0.0,1.8696067,0.0,1.8972001,3.2506435,2.7905288,2.1295364,0.0,0.0,0.0,0.0,1.2916788,0.0,1.0668634,0.0,0.0,0.5979895,0.0,3.112464,0.005040619,1.6924914,0.0,2.3873856,2.9612956,0.0,0.0,0.0,0.0,0.0,1.0388279,0.0,2.8034105,0.0965839,0.0,0.0,0.062792435,0.0,0.0,0.0,0.0,3.2656763,2.0554335,0.0,2.0188959,1.3342313,0.0,0.0,0.0,0.0,0.0,0.0,0.0,0.0,0.0,0.0,0.7540955,0.0,1.0920622,1.9662871,0.0,0.53679174,3.392312,0.0,0.0,0.49180412,0.0,0.0,0.0,2.9166656,0.0,0.63973624,4.640997,0.0,0.0018479779,0.8013981,0.10009524,2.1171362,0.16901258,0.0,1.4657414,0.0,0.0,0.0,0.8498053,1.498652,0.70382535,1.2513626,0.0,0.5509436,0.0,0.4124345,3.0023448,0.0,0.0,3.7860336,2.3798583,0.0,0.0,1.5964328,0.9742405,0.5492423,0.71311855,1.5352575,2.7529986,0.33733806,1.248362,2.1981425,0.0,0.0,0.0,0.0,1.7634033,0.0,0.0,0.6035684,3.2753477,0.0,0.0,0.15529303,0.8102166,2.4393263,0.0,0.0,0.5785666,2.1140287,0.0,0.0,3.813467,0.0,0.0,0.0,0.0,0.67441493,0.10284197,2.910879,1.0262842,0.0,3.1035237,0.0,0.0,0.0,2.441529,1.762912,0.0,0.37609234,2.4579442,1.5280524,2.0763006,0.0,0.6661376,3.7847257,0.0,0.104637764,0.0,1.1097916,0.0,0.0,0.21933232,0.3035226,0.0,0.0,0.0,0.0,1.66344,1.3564569,3.0510454,3.1622198,0.7167249,0.0,1.3042701,0.37556148,0.0,0.0,0.84299195,0.0,2.1807578,0.0,0.0,0.0,1.741031,2.1143706,0.0,0.035685137,0.0,0.91401386,0.0,0.0,0.0,1.835857,0.0,0.0,2.3043609,1.4037714,0.0,1.0540553,0.0,0.03651746,0.50313824,0.0,1.4488012,0.060276896,0.0,2.8558905,2.65238,0.0,0.0,0.4865544,0.0,1.6977198,0.0,0.0,0.0,0.0,2.333273,0.0,0.0,1.1605651,4.2309365,2.0418797,0.59078014,0.52313083,0.80462825,0.28292558,0.5642265,2.9605935,2.5337694,0.0,1.8579001,0.0,0.0,0.0,1
1.9093575,0.0,2.6455793,2.6462674,0.0,0.0,1.3864117,1.5990335,1.4941638,2.68999,1.1137446,0.0,0.86795175,0.23764776,0.0,0.32991296,0.0,0.0,1.2530215,1.9554489,0.0,0.33408993,0.0,1.9055606,2.4229202,0.0,1.3653574,0.0,2.1195512,2.9801562,3.115066,2.6030784,0.0,0.0,0.0,0.0,1.6717949,0.0,1.5052211,0.0,0.0,0.92202926,0.0,2.3990319,0.0,2.066285,0.0,2.79713,2.5149364,0.0,0.0,0.0,0.0,0.0,1.7308162,0.0,2.4836664,0.23064843,0.0,0.0,0.0,0.0,0.0,0.0,0.0,3.7936862,2.1770477,0.0,1.9366841,0.98637503,0.0,0.0,0.0,0.0,0.0,0.0,0.0,0.0,0.0,0.0,0.54288167,0.0,0.7305396,2.156176,0.0,0.26758614,3.4600523,0.0,0.0,0.8585886,0.0,0.0,0.0,2.4046192,0.0,1.2946857,4.4330864,0.0,0.10659372,0.4740153,0.0,2.2595947,0.30373555,0.0,1.4648837,0.0,0.0,0.0,1.0392134,2.1177635,0.44934544,1.653311,0.0,0.21032058,0.0,0.0,3.285988,0.0,0.0,3.5936406,2.7989705,0.0,0.0,1.6913018,1.2528713,0.23776929,1.0558705,1.5008634,3.0359347,0.0,1.3320261,2.352495,0.0,0.0,0.0,0.0,1.789722,0.0,0.0,0.0,3.5232284,0.0,0.0,0.26069707,0.78107744,2.5285583,0.0,0.0,0.30023658,2.2690096,0.0,0.0,4.210473,0.0,0.0,0.0,0.0,0.2802218,0.66349846,2.7082593,0.7094956,0.0,2.8570914,0.45953324,0.0,0.0,2.0506444,1.887318,0.0,0.0,2.6673598,2.292816,1.9440755,0.0,1.0328391,3.5906115,0.0,0.6152407,0.0,0.3759819,0.0,0.0,0.92482954,0.32355762,0.0,0.0,0.0,0.0,1.9232783,1.2175682,2.6331668,2.891549,0.5482675,0.0,0.7315679,0.0,0.0,0.0,0.14274251,0.0,1.9099436,0.0,0.0,0.0,1.6641041,2.4126115,0.0,0.0,0.0,0.7479783,0.29145083,0.0,0.0,1.5244799,0.0,0.56281537,2.0317655,1.6634226,0.0,1.0155344,0.0,0.19490026,0.8414016,0.33191165,0.91938543,0.1677429,0.0,2.9623406,2.1710672,0.0,0.0,0.0,0.0,1.7085865,0.0,0.0,0.0,0.0,2.394208,0.0,0.0,0.2205633,4.338225,2.802133,0.13160942,0.4254408,0.48504308,0.0,0.49212354,2.7219355,3.1714976,0.0,1.585459,0.0,0.0,0.1600202,1
0.69237196,0.0,1.7739409,1.4328424,0.0,0.0,0.9948776,0.7618207,2.051482,1.5117937,0.9905858,0.0,0.26793882,0.93399084,0.0,0.68252647,0.3504101,0.07863288,1.0967402,1.241252,0.0,0.83267695,0.33765915,0.8515125,1.7413628,0.0,0.87925076,0.0,1.1349071,1.2317313,1.6462646,1.6380459,0.0,0.0,0.0,0.6988631,1.1416254,0.10510611,1.317365,0.0,0.0,0.9241271,0.0,1.3055627,0.020164136,1.0064843,0.0,1.5933136,1.6570325,0.0,0.0,0.344383,0.0,0.0,0.7750349,0.0,1.6660243,0.7147993,0.0,0.0,1.0580405,0.0,0.0,0.0,0.0,2.028476,1.6130248,0.13792264,1.1645582,0.381454,0.0,0.0,0.0,0.0,0.0,0.0,0.0,0.0,0.0,0.0,0.554356,0.4482516,0.20497492,1.0814795,0.0,0.0,1.7568266,0.20362526,0.42732704,0.7449855,0.0,0.0,0.0,0.86014825,0.0,0.07342129,2.614486,0.0,0.0,1.0086114,0.7586152,1.4693298,0.48792818,0.0,0.76966757,0.68565893,0.0,0.0,1.6710163,1.105579,1.0832202,1.3431358,0.30269513,1.1679341,0.0,0.6905587,1.3659862,0.0,0.2321059,2.1548913,0.72955006,0.0,0.0,0.36204296,0.18089578,0.521003,0.12811668,0.27615553,1.357893,0.1916403,0.6797154,1.3858957,0.0,0.0,0.57431686,0.0,1.4078381,0.0,0.0,1.0929183,1.5645323,0.0,0.0,0.0,0.30585077,1.8172704,0.0,0.0,1.2530634,1.8388854,0.0,0.0,2.1417098,0.0,0.007943162,0.0,0.5756897,0.0,0.87213355,2.161955,1.333055,0.0,1.7217289,0.12751286,0.0,0.0,1.4037533,0.74107915,0.0,0.9702592,1.5402375,0.37099534,1.3640164,0.0,0.7868185,1.8752055,0.0,0.59245795,0.0,1.5476164,0.4766146,0.5512544,0.74645746,0.45287192,0.0,0.0,0.0,0.0,1.5236018,1.5865932,1.2932364,2.1811657,0.35725152,0.006807817,1.2913408,0.5062561,0.15472646,0.0,0.0,0.0,1.5239624,0.0,0.0,0.0,1.4337735,1.1278445,0.753807,0.70924824,0.0,0.93633556,0.38559076,0.0,0.0,0.6983147,0.0,0.6466369,2.1138613,0.34028006,0.13850208,0.6766505,0.0,0.6250904,0.6616779,0.6281168,0.52000076,0.0,0.3786301,1.3832184,1.4409608,0.0,0.0,0.7804139,0.0,1.1194168,0.0,0.0,0.0,0.0,1.3332564,0.0,0.0,1.0783187,2.471996,0.55070907,0.8408074,0.51162225,0.31856117,0.0,0.4366009,1.3763603,1.7842385,0.0,1.6438485,0.0,0.0,0.0,1
1.3631171,0.0,1.8617617,2.041986,0.38329393,0.0,0.6997394,1.2952418,1.5335705,2.729381,0.87047654,0.0,0.5227937,0.6020155,0.0,0.43114427,0.0,0.0,1.2999321,1.5147326,0.0,0.45753944,0.020605823,1.1268035,2.2254534,0.0,1.2385519,0.0,1.8570744,2.6112192,2.4203973,2.1716852,0.0,0.0,0.0,0.12847236,1.5752674,0.0,1.476012,0.0,0.0,0.59731734,0.0,2.2658734,0.2905959,1.3466185,0.0,1.8893744,1.9453652,0.0,0.0,0.3418029,0.0,0.0,1.0677533,0.0,2.2121367,0.0,0.0,0.0,0.6019931,0.0,0.0,0.0,0.0,2.7814586,2.0566459,0.0,1.7619796,0.80916566,0.0,0.0,0.0,0.0,0.0,0.0,0.0,0.0,0.0,0.0,0.5054773,0.0,0.7725503,1.6923933,0.0,0.36571637,2.770657,0.0,0.0,0.7173262,0.0,0.0,0.0,1.6991032,0.0,0.6851656,3.407178,0.0,0.0,1.1301847,0.27040112,1.7165828,0.2361112,0.0,1.2666781,0.0,0.0,0.0,1.0530518,1.596991,0.8448547,1.478773,0.24323006,0.4699887,0.0,0.0,2.6375635,0.0,0.025557283,2.6257281,2.4458804,0.0,0.0,1.0925567,0.65965444,0.39402264,0.35454375,0.9155776,2.0890367,0.0,1.314554,2.1463897,0.0,0.0,0.0,0.0,1.7280273,0.0,0.0,0.17303817,2.7111747,0.0,0.0,0.54623264,0.65359455,2.2252662,0.0,0.0,0.5248793,1.9790207,0.0,0.0,3.231198,0.0,0.0,0.0,0.0,0.3209416,0.33291006,2.1975145,0.8358275,0.0,2.4485078,0.15497948,0.0,0.0,1.5887206,1.4784422,0.0,0.62323743,2.4921694,1.6401083,1.9499475,0.0,0.93260974,2.8370528,0.0,0.43390337,0.0,1.1044452,0.042906422,0.0,0.50726783,0.521206,0.0,0.0,0.0,0.0,1.478914,1.7167888,1.8977824,2.6763225,0.53865844,0.0,0.993192,0.15118778,0.0,0.0,0.24374276,0.0,1.6108226,0.0,0.0,0.0,1.3397398,1.7904263,0.08491623,0.37557015,0.0,0.55314505,0.60978705,0.0,0.0,1.1743839,0.0,0.18590952,1.7178466,1.4143509,0.07038323,0.77621335,0.0,0.5501919,1.0016049,0.014789067,0.36911947,0.0,0.104013234,2.2363288,2.0566862,0.0,0.0,0.46964207,0.0,1.6305354,0.0,0.0,0.0,0.0,1.8920898,0.0,0.0,0.5227528,3.1250937,1.6796153,1.0253426,0.2100845,0.31305173,0.0,0.5486267,2.2702675,2.0739186,0.0,1.8957453,0.0,0.0,0.0,1
1.9788816,0.0,2.867118,2.8179688,0.0,0.0,2.3041022,1.7951508,1.2399294,3.7824054,0.585184,0.0,1.3819865,0.0,0.26744065,0.0,0.4244829,0.0,2.5204194,1.7221849,0.0,0.085816234,0.0,0.8755004,2.0768838,0.0,1.3709235,0.0,2.5226312,2.9273582,3.231676,3.3078613,0.0,0.0,0.0,0.0,1.4102212,0.0,1.1447079,0.0,0.0,0.0,0.0,2.874013,1.3384999,1.6873354,0.0,2.553688,3.248981,0.0,0.0,0.0,0.0,0.0,1.3260083,0.0,3.6388726,0.17033912,0.0,0.0,0.051900372,0.0,0.0,0.0,0.0,4.0689096,2.2484279,0.0,2.7904,0.20678692,0.0,0.0,0.0,0.0,0.0,0.0,0.0,0.0,0.0,0.0,1.2740086,0.0,0.53468597,1.9879031,0.0,0.0,4.2300425,0.0,0.0,0.29229587,0.0,0.0,0.0,1.997847,0.0,0.6211722,4.388792,0.0,0.74082446,0.8835668,0.0,3.1045706,0.0,0.0,1.7379131,0.0064522265,0.0,0.0,0.27029312,1.7721642,0.14605993,2.3926454,0.0,0.37332684,0.0,0.0,2.860624,0.0,0.0,3.555607,2.1620367,0.0,0.0,1.5216506,1.3960592,0.70395404,0.66059035,0.6209085,3.651705,0.0,1.4879086,3.0376601,0.0,0.0,0.0,0.0,2.2776337,0.0,0.0,0.015763622,3.7642233,0.0,0.0,0.39493957,1.1367489,2.9297807,0.0,0.0,0.0,2.503826,0.0,0.0,5.163284,0.0,0.0,0.0,0.0,0.9969676,0.0,4.086504,0.20747377,0.0,2.3340218,0.0,0.0,0.0,2.7166147,2.6406546,0.0,0.0,3.4972126,2.1740794,3.2588217,0.0,1.3803084,3.623411,0.0,0.28958544,0.0,0.0,0.0,0.0,0.0,0.0,0.0,0.0,0.0,0.0,3.1100032,0.8113853,2.6277409,2.965924,0.0,0.0,0.0,0.1919145,0.0,0.0,0.1684728,0.0,2.102207,0.0,0.0,0.0,2.6125827,2.3930073,0.0,0.0,0.0,0.021094067,0.0,0.0,0.0,2.267086,0.0,0.0,2.9025183,1.4152576,0.0,1.1043819,0.0,0.0,0.7574607,0.111642204,1.5777342,0.0,0.0,2.3842568,3.2198176,0.0,0.0,0.043658704,0.0,1.844024,0.0,0.0,0.0,0.0,1.8368735,0.0,0.0,0.0,4.706392,2.2026572,0.0,0.20558846,0.6759821,0.11430622,0.28786254,2.7482681,3.1316838,0.0,2.108117,0.0,0.024976471,0.0,1
0.73049074,0.0,1.202076,1.7298323,1.4002229,0.0,0.22818048,0.8989983,2.2568605,1.240959,1.5305334,0.0,0.19971943,1.2483798,0.0,1.6676576,0.17455912,0.7023944,0.9030637,1.1449736,0.0,1.279243,0.23094666,0.598477,1.6258178,0.0,0.68552196,0.105502166,1.0283185,1.3920244,1.0261884,1.2190324,0.0,0.0,0.0,1.6679051,2.0858223,0.37048858,1.9016001,0.0,0.0,2.0029569,0.0,1.8371445,0.2387638,1.4085587,0.0,1.1417595,1.2309427,0.0,0.0,1.4961042,0.0,0.0,0.5023849,0.0,0.7044235,0.36389637,0.0,0.0,1.1112417,0.0,0.0,0.0,0.0,2.1608787,1.1980242,0.49190933,0.6689566,1.2945093,0.0,0.0,0.0,0.0,0.16609594,0.0,0.0,0.0,0.0,0.0,0.56995225,0.4117183,0.5089084,0.89180666,0.0,0.0,1.5261347,0.5251041,0.71635234,1.76737,0.0,0.0,0.0,1.1120267,0.0,0.0,2.2561283,0.0,0.0,1.250428,1.2341104,0.87759835,0.81752443,0.0,0.68269503,0.7770307,0.0,0.0,2.1536615,0.7687549,2.4517555,0.79373515,0.61885524,0.99049735,0.0,1.3020827,1.9283782,0.0,0.62050635,1.577166,1.2339209,0.0,0.0,0.31849754,0.22219604,0.13523026,0.0,0.7991916,1.263821,0.29074767,1.0928322,1.015038,0.32681417,0.0,0.7482113,0.0,0.92342556,0.0,0.0,1.298507,1.1259261,0.0,0.0,0.30929178,0.5858953,1.4526385,0.0,0.0,2.1631975,1.6704088,0.0,0.0,1.7494841,0.0,0.38320154,0.0,0.68998593,0.0,1.2651298,1.7165468,1.69028,0.0,1.5009267,0.80890393,0.0,0.0,1.1374568,0.2397932,0.0,1.6394781,1.5193858,0.24893428,0.9465433,0.0,0.21488427,2.273596,0.0,0.8483655,0.0,2.6654122,0.9167872,1.0011355,1.3632618,0.72749704,0.0,0.0,0.0,0.0,1.0516641,2.3770113,1.2048676,2.2316597,0.77116245,0.38449052,2.0034575,0.8188927,1.1967291,0.0,0.40173364,0.0,1.1069263,0.0,0.0,0.0,1.5362915,0.9591826,0.9997541,1.049907,0.0,1.4025023,1.3932327,0.0,0.0,0.8711607,0.0,1.1059324,1.4016364,1.2884995,0.909401,0.46518505,0.0,1.5279324,0.8528774,0.6783057,0.0,0.015808905,0.53228486,0.9472744,0.67775613,0.0,0.0,1.1875818,0.0,0.8102144,0.0,0.0,0.0,0.0,0.81659657,0.0,0.0,1.4268187,1.1003212,0.52203405,2.1101263,1.35215,0.16043197,0.0,1.1730877,1.2063127,1.6056167,0.0,0.95053345,0.0,0.0,0.46510106,1
0.0,0.0,0.5570196,0.63411164,2.7217703,0.0,0.0,0.65149176,2.3008091,0.45679858,1.9530041,0.0,0.2624285,1.8414391,0.0,2.4512985,0.0,1.4418477,1.0706884,0.71398497,0.0,1.3243598,0.8121331,0.45711365,1.8336655,0.0,0.0,0.7529974,0.41507193,1.3329381,0.13515414,0.70812726,0.0,0.0,0.0,2.7627592,2.4038928,0.7901078,2.6435635,0.0,0.11626683,2.167555,0.0,1.4165474,0.19958283,0.9349807,0.0,0.47360945,0.6653739,0.0,0.0,2.0450132,0.21428454,0.0,0.0,0.0,0.0,0.47541255,0.0,0.0,2.1357162,0.0,0.0,0.0,0.0,1.6887119,0.31926793,1.3402117,0.23093456,1.6085812,0.09877612,0.0,0.0,0.0,0.94032204,0.0,0.0,0.0,0.0,0.0,0.48775035,1.2759391,0.0,0.27927062,0.0,0.0,0.048107557,1.3971316,1.1776961,2.1319783,0.0,0.0,0.0,0.33555076,0.0,0.0,1.3634168,0.0,0.0,2.0474184,2.1783564,0.23368222,1.2577648,0.0,0.5127137,1.0556123,0.0,0.0,2.6245284,0.11526315,2.3229709,0.46024692,1.0587596,1.7999077,0.0,1.6327685,0.6872121,0.0,1.3254764,0.21586958,0.30385795,0.0,0.075356,0.0,0.0,0.25692174,0.0,1.0273824,0.51781297,1.0321416,0.955855,0.29294705,0.59360695,0.0,1.4462347,0.0,0.4615934,0.0,0.0,1.7163538,0.011650393,0.0,0.0,0.2650989,0.6252119,0.910089,0.0,0.35347232,3.141221,1.6222409,0.5122095,0.0,0.3412455,0.0,0.9209977,0.0,0.91093457,0.0,1.3684719,0.42516273,1.8631848,0.0,0.8223994,0.98247564,0.4578147,0.0,0.4979503,0.0,0.0,2.6936905,0.40583146,0.0,0.09121652,0.0,0.0,0.83302236,0.0,1.3483744,0.0,2.9622765,1.9336082,1.7669734,1.5760491,1.6369779,0.0,0.0,0.14034075,0.0,0.79564255,2.8610415,0.4969566,1.9279151,0.8969814,0.98180896,2.420695,1.524488,1.5530854,0.0,0.39095473,0.0,0.51158744,0.0,0.0,0.0,0.2251485,0.19564702,1.2666144,1.5817175,0.0,1.278761,1.6162053,0.0,0.0,0.19708852,0.0,2.0226116,0.46244267,1.4292401,1.3832633,0.23846099,0.0,2.460682,0.6546228,0.8283463,0.0,0.3695595,1.4824063,0.32774767,0.0,0.0,0.0,1.8468677,0.0,0.22460891,0.0,0.0,0.0,0.0,0.72011095,0.0,0.0,1.9455829,0.0,0.0,2.4705,1.4940727,0.2390114,0.0,1.5629534,0.35495913,0.27208668,0.0,0.2808433,0.0,0.0,1.0619427,0
1.4540751,0.0,2.6819515,1.947213,0.0,0.0,1.7699146,0.7399542,1.0243559,2.4775178,1.059217,0.0,0.8237871,0.6891266,0.0,0.0,0.0,0.0,1.3186266,1.586097,0.0,0.45381546,0.0,1.132356,1.9479043,0.0,1.4085542,0.0,1.6726431,2.1471143,2.70536,2.3380017,0.0,0.0,0.0,0.42712545,1.4762812,0.0,0.7841555,0.0,0.0,0.0,0.0,1.6792539,1.0529447,1.9338925,0.0,2.4646075,2.7740517,0.0,0.0,0.0,0.0,0.0,0.73151374,0.0,2.6005645,0.02613976,0.0,0.0,0.102795914,0.0,0.0,0.0,0.0,3.4716525,1.7733892,0.0,2.2098286,1.1709583,0.0,0.0,0.0,0.0,0.0,0.0,0.0,0.0,0.0,0.0,0.95392096,0.0,0.39063558,1.4999294,0.0,0.0,2.8025908,0.0,0.0,0.30016023,0.0,0.0,0.0,2.292972,0.0,0.6855071,3.9465544,0.0,0.010584916,1.3882093,0.17902982,2.9687479,0.0,0.0,1.7426693,0.0,0.0,0.0,0.62688446,0.99713653,0.7910186,1.6843233,0.0,0.9661186,0.0,0.0,2.2359607,0.0,0.0,2.7933364,1.7858354,0.0,0.2386808,0.87622124,0.7282556,0.4176357,0.9297253,1.3436316,2.9408624,0.39946282,1.26365,1.8571653,0.0,0.0,0.0,0.0,1.3662945,0.0,0.0,0.37605253,2.1418998,0.0,0.0,0.0,0.6838651,2.571619,0.0,0.0,0.202095,2.308183,0.0,0.0,3.7364113,0.0,0.36132273,0.0,0.0,0.12699804,0.25010923,2.9789574,0.84641075,0.0,2.1654534,0.0,0.0,0.0,1.9789568,1.9562941,0.0,0.0,2.3299952,1.0572361,2.4204412,0.0,0.91500133,2.875935,0.0,0.46124998,0.0,0.37594232,0.0,0.16107334,0.38644722,0.0,0.0,0.0,0.0,0.0,2.6851435,1.1815232,2.38293,2.4551597,0.0,0.0,0.36475077,0.6300348,0.0,0.0,0.23892555,0.0,1.6483264,0.0,0.0,0.0,2.0027196,1.1337895,0.1469991,0.0,0.0,0.35927436,0.0,0.0,0.0,2.1061323,0.0,0.122536495,2.1387832,1.0813278,0.27579442,0.43766657,0.0,0.0667946,0.40945366,0.50953627,0.5656517,0.17289768,0.0,2.288696,2.4906144,0.0,0.0,0.0,0.0,1.1201421,0.0,0.0,0.0,0.0,1.1987214,0.0,0.0,0.27690384,3.338476,1.9363755,0.52983785,0.97393817,0.85784566,0.3756266,0.9486941,2.3746917,2.016131,0.0,1.2705053,0.0,0.0,0.0,1
0.0,0.0,0.4970724,0.5081902,2.800465,0.0,0.049028825,0.6127553,2.9092445,0.10801747,1.9118001,0.0,0.0,1.3159736,0.0,2.2586863,0.0,1.7490326,0.7837952,0.69005936,0.0,1.7831037,0.5446969,0.3330947,1.766183,0.0,0.09481135,0.30630055,0.4555008,0.9455245,0.12827994,0.309312,0.0,0.0,0.0,2.856955,2.4024165,1.5472775,2.987976,0.0,0.0,2.5553982,0.0,1.1796049,0.04911572,0.42677596,0.0,0.5836506,0.5090581,0.0,0.0,2.2701142,0.32984206,0.0,0.0,0.0,0.022196343,0.8599746,0.0,0.0,1.7835743,0.0,0.0,0.0,0.0,1.5110517,0.17799959,1.5926408,0.060096648,1.700708,0.18373908,0.0,0.0,0.0,1.1155866,0.0,0.0,0.0,0.0,0.0,0.8007805,1.2062757,0.0,0.28394094,0.0,0.0,0.5235648,1.6643975,1.4953275,2.469403,0.0,0.0,0.0,0.31690687,0.0,0.0,1.5519277,0.0,0.0,1.5953952,2.1547742,0.05964953,1.4646486,0.0,0.41528878,1.4720229,0.0,0.0,2.6873763,0.16590051,2.4841409,0.5043045,1.1146966,1.7950255,0.0,2.0737062,0.5713049,0.0,1.4752834,0.4307755,0.17477468,0.0,0.09035527,0.0030245248,0.0,0.14908858,0.0,0.67236066,0.33905002,0.9836244,1.0641655,0.09586312,0.65350884,0.0,1.7623994,0.0,0.38081944,0.0,0.0,1.7455088,0.0,0.0,0.0,0.387278,0.4244035,0.76434356,0.0,0.014018425,3.5668328,1.4518486,0.6039502,0.0,0.2360337,0.0,1.1282877,0.0,1.139054,0.0,1.2117113,0.25634897,2.2393396,0.0,0.58011544,1.4403015,0.5584057,0.0,0.6683576,0.0,0.0,2.5118096,0.6089671,0.0,0.0,0.0,0.0,0.7460779,0.0,1.0949125,0.0,3.3360534,2.3065841,1.7764249,1.6951152,1.6633996,0.0,0.0,0.18575525,0.0,1.0006194,2.7622447,0.2070432,1.5242555,1.2690339,1.3889745,2.5536554,1.4678656,1.7213775,0.0,0.4214881,0.0,0.19256808,0.0,0.0,0.0,0.14231014,0.32628807,1.5046599,1.782122,0.0,0.8810959,2.0391927,0.0,0.0,0.0,0.0,2.7140129,1.0721767,0.41736332,1.3469118,0.2971045,0.0,2.3276207,0.7430797,0.58705103,0.0,0.0,1.7570562,0.40667006,0.0,0.0,0.0,1.612456,0.0,0.15881808,0.0,0.0,0.0,0.0,1.0164654,0.0,0.0,2.1322505,0.0,0.0,2.508284,1.5160947,0.27079326,0.0,1.6648214,0.0,0.5870045,0.117861316,0.27470976,0.0,0.0,0.9016963,0
0.0,0.0,0.5589636,0.98133445,2.8176408,0.0,0.0,0.6639512,2.6176605,0.17811564,2.2613878,0.0,0.15631846,1.8649437,0.0,2.6361017,0.0,1.713552,0.66681933,1.0215383,0.0,1.8417792,0.618875,0.59027666,2.1017902,0.0,0.48615053,0.55132926,0.39580265,1.17527,0.0,0.8004434,0.0,0.0,0.0,2.8242455,2.4835331,0.75099117,2.4857488,0.0,0.26932287,2.0872734,0.0,1.3178097,0.26347682,1.0014077,0.0,0.53607106,0.651268,0.0,0.0,2.3342416,0.0,0.0,0.0,0.0,0.0,0.3959711,0.0,0.0,1.9947959,0.0,0.0,0.0,0.0,1.7504022,0.61213136,1.3415403,0.08981903,2.007674,0.059721723,0.0,0.0,0.0,1.153949,0.0,0.0,0.0,0.0,0.0,0.3230885,0.9751826,0.05406603,0.18789825,0.0,0.0,0.30445647,1.3557898,1.5993317,2.3798416,0.0,0.0,0.0,0.94725347,0.0,0.0,1.761587,0.0,0.0,2.1990986,2.0739455,0.18407655,1.4109515,0.0,0.43944594,1.3068826,0.0,0.0,2.897761,0.0,2.4561572,0.4257896,0.69699585,2.0476243,0.0,1.832604,1.280133,0.0,0.9718285,0.70227814,0.0,0.0,0.47222808,0.032371845,0.0,0.0,0.0,1.1677053,0.6548717,1.4249094,1.3482586,0.5593064,0.61886984,0.0,1.4451573,0.0,0.70242333,0.0,0.0,1.4710108,0.57091606,0.0,0.0,0.91544116,0.49705803,1.0057598,0.0,0.16455482,3.2518044,1.4352485,0.0,0.0,0.67275935,0.0,1.1903328,0.0,0.81223583,0.0,1.3145643,0.501333,2.421756,0.0,1.0891399,0.96121424,0.4048037,0.0,0.11879557,0.0,0.0,2.5053113,0.80187875,0.16870002,0.0,0.0,0.0,0.80857754,0.0,1.2203794,0.0,3.0844724,1.3492367,1.8890547,1.7050682,1.5552365,0.0,0.0,0.0,0.0,1.1380682,3.0378284,0.53013843,2.2918344,0.6730029,1.0340661,2.873633,1.474746,1.5082037,0.0,0.7967441,0.0,0.24074538,0.05117512,0.0,0.0,0.16968182,0.0,1.377231,1.6218925,0.14389686,1.3120453,1.6229739,0.0,0.0,0.21045463,0.0,2.3208058,0.12134454,1.6674612,1.3258984,0.0,0.0,2.2719052,0.9699845,1.2820579,0.0,0.0,1.6902394,0.62906307,0.051430028,0.0,0.0,1.5772417,0.0,0.16847934,0.0,0.0,0.0,0.0,0.3865787,0.0,0.0,2.3830755,0.0,0.34375376,2.9289122,1.4637709,0.48140883,0.0,1.703129,0.52501863,0.43162626,0.0,0.0,0.0,0.0,1.2500068,0
0.4632988,0.0,1.0675472,1.6886696,0.73847276,0.0,0.7572799,0.8582893,2.2680264,1.7874547,1.0585855,0.0,0.20415214,0.8200358,0.0,0.97882086,0.0,0.57491654,1.3603361,1.313985,0.0,1.0905404,0.116455995,0.8820723,2.129144,0.0,0.7378187,0.0,1.2261267,1.9181376,1.4974619,1.9416624,0.0,0.0,0.0,1.1588645,1.875459,0.3457452,1.7479167,0.0,0.0,1.3459345,0.0,2.1091983,0.33390474,1.2421758,0.0,1.1006619,1.3369777,0.0,0.0,1.0410007,0.0,0.0,0.38411954,0.0,1.1891115,0.17209092,0.0,0.0,1.3245125,0.0,0.0,0.0,0.0,2.3855674,1.7497056,0.31944078,0.9137108,0.5538762,0.02168937,0.0,0.0,0.0,0.0,0.0,0.0,0.0,0.0,0.0,1.1393338,0.39731365,0.3950313,1.3574156,0.0,0.06493667,2.0681791,0.7967344,0.5856999,1.4561468,0.0,0.0,0.0,0.8145957,0.0,0.15023504,2.5313582,0.0,0.0,0.79878783,1.3580812,0.9701977,0.6932066,0.0,0.916919,0.40457562,0.0,0.0,1.9732977,1.0825921,1.7101098,1.14311,0.52170694,0.8970624,0.0,0.9286574,1.8929855,0.0,0.4508502,1.6836098,1.1511261,0.0,0.0,0.48538312,0.0,0.12560011,0.022749707,0.6679626,0.8209354,0.03856673,1.0243499,1.2310443,0.0,0.0,1.1076683,0.0,1.008419,0.0,0.0,1.2017325,1.5434054,0.0,0.0,0.120211564,0.41861632,1.8211083,0.0,0.0,1.5378344,2.138952,0.0,0.0,2.0300567,0.0,0.08871556,0.0,0.90864456,0.0,0.89973885,2.0323904,1.4323673,0.0,2.0732603,0.2857167,0.0,0.0,1.70213,0.38505232,0.0,1.698959,1.536333,0.639414,1.8301741,0.0,0.18324499,2.6786485,0.0,0.5920513,0.0,2.4378285,0.87002754,0.4436735,0.81805205,0.5821602,0.0,0.0,0.0,0.0,0.95450026,2.5012295,1.2727515,2.3508065,0.5320645,0.022860242,1.4876113,0.6499548,0.73399097,0.0,0.4825412,0.0,1.063131,0.0,0.0,0.0,1.4208916,1.2861311,1.1434256,0.42839482,0.0,1.0269804,1.119636,0.0,0.0,0.74399555,0.0,0.6360703,1.9323702,1.0188605,0.4059368,0.605942,0.0,0.84075814,0.9556638,0.2009339,0.24577701,0.11176755,0.60647124,1.2053065,1.4253951,0.0,0.0,0.9223473,0.0,1.3907652,0.0,0.0,0.0,0.0,1.6334857,0.0,0.0,0.92702955,1.8317144,0.3219126,1.7127439,0.5626955,0.03410938,0.0,0.68346673,1.6873552,1.3796948,0.0,1.8004594,0.0,0.0,0.39275056,1
1.378731,0.0,2.1460316,2.4683528,0.0,0.0,1.8276776,2.580626,1.4095427,3.16644,0.8027202,0.0,1.0762408,0.0,0.19089095,0.0,0.16875136,0.0,1.8525348,1.7854036,0.0,0.11956346,0.0,2.1688683,2.620464,0.0,1.3497919,0.0,2.74344,3.6167724,3.548885,3.2331288,0.0,0.0,0.0,0.0,1.7426264,0.0,1.8980526,0.0,0.0,0.97531366,0.0,2.8297994,0.0,2.2608352,0.0,2.6263134,2.7179298,0.0,0.0,0.0,0.0,0.0,1.6679896,0.0,2.7723527,0.5888983,0.0,0.0,0.0,0.0,0.0,0.0,0.0,4.4837875,2.024782,0.0,2.773755,0.7457386,0.0,0.0,0.0,0.0,0.0,0.0,0.0,0.0,0.0,0.0,0.86292416,0.0,0.6555127,1.9288137,0.0,0.40683427,4.353798,0.0,0.0,0.9489569,0.0,0.0,0.0,2.563424,0.0,1.0166013,4.837902,0.0,0.56842935,0.48774734,0.0,2.835082,0.47272143,0.0,1.5326978,0.049094878,0.0,0.0,0.7853087,2.0600445,0.0,2.4415362,0.25052756,0.45119628,0.0,0.0,3.5487351,0.0,0.0,3.3479934,2.5043514,0.0,0.0,1.6915112,1.4352882,0.45279032,1.0475683,1.8016279,3.7567356,0.0,1.5955789,2.7521267,0.0,0.0,0.0,0.0,1.8918532,0.0,0.0,0.0,3.7282665,0.0,0.0,0.045741018,0.8949003,2.629572,0.0,0.0,0.5691909,2.2256486,0.0,0.0,4.747099,0.0,0.0,0.0,0.0,0.5430841,0.24170887,3.1841624,0.82546484,0.0,2.678691,0.2587716,0.0,0.0,2.2256057,2.3861368,0.0,0.072084285,2.7947237,2.8411825,2.390162,0.0,1.1766514,3.7026162,0.0,0.6795117,0.0,0.0,0.0,0.0,0.11421183,0.025887126,0.0,0.0,0.0,0.0,2.1496434,1.193676,2.6302636,3.4628022,0.0,0.0,0.26418686,0.0,0.0,0.0,0.21204871,0.0,2.0944905,0.0,0.0,0.0,1.9689454,2.6048365,0.0,0.0,0.0,0.34127685,0.17853631,0.0,0.0,2.3067214,0.0,0.66430724,2.4895194,1.9733949,0.0,1.0899149,0.0,0.0,1.2925196,0.477355,0.9877543,0.0,0.0,3.2269535,2.7177348,0.0,0.0,0.043295152,0.0,2.0781069,0.0,0.0,0.0,0.0,2.5036333,0.0,0.0,0.0,4.90737,2.8259387,0.0,0.5173127,0.86083305,0.0,0.30044433,3.077041,2.9726217,0.0,2.226988,0.0,0.0,0.6196067,1
1.335129,0.0,2.208024,2.395873,0.0,0.0,1.427493,1.4912007,1.978056,2.9852722,0.5359489,0.0,0.45516002,0.38848263,0.1410048,0.19318573,0.33296922,0.0,1.6031053,1.6113142,0.0,0.5777931,0.0,1.0728455,1.7396802,0.0,1.2103304,0.0,2.0715094,2.4238236,2.3314352,2.689528,0.0,0.0,0.0,0.14496115,1.5672522,0.0,1.158148,0.0,0.0,0.6763264,0.0,2.53393,0.8237249,1.7789629,0.0,2.0122523,2.6890705,0.0,0.0,0.0,0.0,0.0,1.2295144,0.0,3.03473,0.15208101,0.0,0.0,0.14753549,0.0,0.0,0.0,0.0,3.1257777,2.079937,0.0,2.0254529,0.120236985,0.0,0.0,0.0,0.0,0.0,0.0,0.0,0.0,0.0,0.0,1.2442834,0.0,0.32798108,2.0044484,0.0,0.047984805,3.759298,0.0,0.0,0.63046944,0.0,0.0,0.0,1.3775507,0.0,0.30191973,3.8779163,0.0,0.0,0.6815944,0.4009493,2.2991726,0.05210468,0.0,1.1457646,0.05832567,0.0,0.0,1.242478,1.2676891,0.82559717,1.7428716,0.16731293,0.29871407,0.0,0.20732923,2.5309465,0.0,0.0,2.9418573,1.7784204,0.0,0.0,1.009989,1.0313821,0.9358042,0.28563222,0.5036448,2.7875133,0.0,1.0710248,2.1611886,0.0,0.0,0.29783225,0.0,1.6754464,0.0,0.0,0.11745624,2.3723528,0.0,0.0,0.09279113,0.57150185,2.7364051,0.0,0.0,0.2248387,2.4327676,0.0,0.0,3.7430031,0.0,0.0,0.0,0.09436688,0.8268234,0.23519908,3.2832892,0.43601537,0.0,2.2967138,0.0,0.0,0.0,2.167598,1.4477758,0.0,0.2145625,2.667363,0.9945261,2.8289793,0.0,1.0739558,3.1578002,0.0,0.20190586,0.0,1.051251,0.0,0.0,0.19251789,0.0,0.0,0.0,0.0,0.0,2.1637657,1.5458992,2.1767056,2.5522616,0.0,0.0,0.31218973,0.07365686,0.0,0.0,0.14724948,0.0,1.984619,0.0,0.0,0.0,2.2822967,2.2850149,0.18904813,0.0,0.0,0.57716286,0.3614746,0.0,0.0,1.7128311,0.0,0.0,2.8373518,1.1739131,0.24124531,1.2334998,0.0,0.0,0.7635656,0.16142905,0.8231599,0.0,0.0,2.0196962,2.2213376,0.0,0.0,0.46986294,0.0,1.5484219,0.0,0.0,0.0,0.0,1.8795593,0.0,0.0,0.40199906,3.8479097,1.4356587,0.8809441,0.28073043,0.43624806,0.0,0.45097363,2.2083306,2.834885,0.0,2.131355,0.0,0.0,0.0,1
1.6445026,0.0,2.422463,2.156521,0.0,0.0,1.4072646,1.4658012,1.1518927,3.5690546,0.7683958,0.0,1.5427754,0.0,0.16178514,0.0,0.0,0.0,1.8017542,1.5108653,0.0,0.0,0.0,1.1389093,2.047693,0.0,1.1793535,0.0,2.7030864,3.3883152,3.4953938,3.3044364,0.0,0.0,0.0,0.0,1.3280363,0.0,1.2589058,0.0,0.0,0.0,0.0,2.7352755,0.7401264,1.4692361,0.0,2.4975314,3.0000653,0.0,0.0,0.0,0.0,0.0,1.0858376,0.0,3.454661,0.0,0.0,0.0,0.0,0.0,0.0,0.0,0.0,3.9034855,2.0191793,0.0,2.5641708,0.5445881,0.0,0.0,0.0,0.0,0.0,0.0,0.0,0.0,0.0,0.0,1.3072064,0.0,0.8985127,1.5620741,0.0,0.0,4.32564,0.0,0.0,0.10933566,0.0,0.0,0.04062632,1.9831616,0.0,1.2669986,4.720217,0.0,0.70607877,0.4071436,0.10238874,2.7782664,0.0,0.0,1.9700531,0.0,0.0,0.0,0.37437627,1.799632,0.0,1.8583305,0.13565524,0.17391513,0.0,0.0,2.9675095,0.0,0.0,3.3022714,2.498743,0.0,0.0,1.6433126,1.5833194,0.067022815,0.595149,1.0516586,3.5999181,0.0,1.6178164,3.1255221,0.0,0.0,0.0,0.0,1.9509171,0.0,0.0,0.0,3.4929845,0.0,0.0,0.40393242,0.66894734,2.7524402,0.0,0.0,0.3156899,2.1783345,0.0,0.0,4.698893,0.0,0.0,0.0,0.0,0.9402459,0.12270608,3.0574276,0.6228365,0.0,3.0942175,0.0,0.0,0.0,3.0034833,2.3440504,0.0,0.0,2.5851955,2.2822368,2.5038147,0.0,0.92931545,3.8652687,0.0,0.26863393,0.0,0.0,0.0,0.0,0.33818644,0.0,0.0,0.0,0.0,0.0,2.8435674,0.6704927,2.323407,3.4307,0.3328622,0.0,0.0,0.16882479,0.0,0.0,0.27791283,0.0,2.617683,0.0,0.0,0.0,1.6632664,2.085649,0.0,0.0,0.0,0.065222785,0.0,0.0,0.0,2.279372,0.0,0.28325397,2.803804,1.4602433,0.0,1.0894477,0.0,0.0,0.9064066,0.0,1.3621495,0.0,0.0,2.6001463,3.2877903,0.0,0.0,0.0603082,0.0,1.7518164,0.0,0.0,0.0,0.0,2.3664517,0.0,0.0,0.0,4.584177,1.9234762,0.0,0.0,0.7474014,0.1893973,0.40799814,3.594872,2.4364867,0.0,2.2577982,0.0,0.1432439,0.0,1
1.5175622,0.0,2.1132936,2.3398767,0.0,0.0,1.7538015,2.1098087,1.3775216,2.7651515,0.43327972,0.0,1.07479,0.0,0.3433129,0.22166422,0.0,0.0,1.8432654,1.396896,0.0,0.047833834,0.0,1.4988581,2.1324198,0.0,1.2619064,0.0,2.5346556,3.3308504,3.4031312,2.819522,0.0,0.0,0.0,0.0,1.6386591,0.0,1.809758,0.0,0.0,0.8895451,0.0,2.48694,0.44155115,1.8421307,0.0,1.9091176,2.60049,0.0,0.0,0.0,0.0,0.0,1.2725043,0.0,2.9385438,0.22172572,0.0,0.0,0.0,0.0,0.0,0.0,0.0,4.212673,1.7650576,0.0,2.4238577,0.3202039,0.0,0.0,0.0,0.0,0.0,0.0,0.0,0.0,0.0,0.0,1.4378449,0.0,0.48019496,1.6933204,0.0,0.0,4.0176544,0.0,0.0,0.9361629,0.0,0.0,0.0,2.0996742,0.0,0.6104382,4.1069617,0.0,0.56738305,0.74775213,0.0148184905,3.0361426,0.48936117,0.0,1.6890519,0.0,0.0,0.0,1.134043,1.5680201,0.0054644016,2.2958522,0.23646452,0.8086915,0.0,0.0,2.7151535,0.0,0.0,2.5646362,2.2680836,0.0,0.0,1.3826301,1.6706449,0.558657,0.8621451,1.428644,3.8577406,0.0,1.7406757,2.7970295,0.0,0.0,0.0,0.0,1.6760086,0.0,0.0,0.0,3.2524202,0.0,0.0,0.36445943,0.48360023,2.3934705,0.0,0.0,0.8736192,1.7056239,0.0,0.0,4.3376994,0.0,0.0,0.0,0.0,0.3749303,0.0,3.12621,0.68552876,0.0,2.1284246,0.2619122,0.0,0.0,2.3731802,2.4253855,0.0,0.0,2.6219525,2.5732114,2.6696372,0.0,0.8827224,2.8817403,0.0,0.24957807,0.0,0.0,0.0,0.0,0.13649328,0.3013262,0.0,0.0,0.0,0.0,2.4620132,0.99368906,2.2447512,3.379053,0.0,0.0,0.0,0.24667999,0.0,0.0,0.0,0.0,1.8559242,0.0,0.0,0.0,1.9890342,2.506123,0.0,0.0,0.0,0.0,0.027113695,0.0,0.0,2.077212,0.0,0.3430976,2.4721437,1.8491845,0.0,1.0517812,0.0,0.044291664,1.2224101,0.2358915,1.1798964,0.0,0.0,2.6756172,2.520743,0.0,0.0,0.47784293,0.0,2.0771167,0.0,0.0,0.0,0.0,2.1296754,0.0,0.0,0.13010432,4.014528,2.351005,0.0,0.509272,1.0789213,0.057808608,0.30236235,2.8770745,2.5835202,0.0,1.9279494,0.0,0.0,0.37083372,1
1.6152248,0.0,1.8187436,2.2851305,0.061838195,0.0,1.5073375,1.8359413,1.3925574,2.5617056,1.0443976,0.0,1.2064725,0.066899285,0.22265808,0.3432263,0.0,0.0,1.9085823,1.6631876,0.0,0.23217171,0.0,1.3162956,2.3682702,0.0,1.0760522,0.0,2.091083,3.1525528,3.244159,2.6182911,0.0,0.0,0.0,0.18312395,1.6780535,0.0,1.8740056,0.0,0.0,0.5403802,0.0,2.2757711,0.11048866,1.269815,0.0,1.9979099,2.313901,0.0,0.0,0.0,0.0,0.0,1.0187786,0.0,2.3596096,0.23543325,0.0,0.0,0.0,0.0,0.0,0.0,0.0,3.8501487,1.781756,0.0,2.1060011,0.86406684,0.0,0.0,0.0,0.0,0.0,0.0,0.0,0.0,0.0,0.0,1.2684474,0.0,0.6556885,1.3147812,0.0,0.0,3.5349169,0.0,0.1532399,1.1038628,0.0,0.0,0.0,2.1536367,0.0,0.9006437,4.1801944,0.0,0.27171975,0.9942764,0.080242634,2.5622532,0.5790258,0.0,1.6454419,0.06353416,0.0,0.0,0.8134366,1.476796,0.28209892,1.661192,0.0,0.79318976,0.0,0.30740795,2.9770553,0.0,0.0,2.8075786,1.9288694,0.0,0.0,1.664743,1.385349,0.33996317,0.7158954,1.5443617,3.499754,0.0,1.8996445,2.4272838,0.0,0.0,0.0,0.0,1.8520033,0.0,0.0,0.022975963,3.359351,0.0,0.0,0.8643622,0.6495683,2.1809704,0.0,0.0,0.9865038,1.808904,0.0,0.0,4.134866,0.0,0.0,0.0,0.0,0.09181591,0.0,2.786481,0.8217164,0.0,2.292793,0.23676936,0.0,0.0,2.1617074,2.6235375,0.0,0.067952074,2.150392,2.9915302,2.1709864,0.0,0.76681876,3.1084619,0.0,0.07516896,0.0,0.0,0.0,0.0,0.42626673,0.48932356,0.0,0.0,0.0,0.0,2.4300623,0.85687137,1.5621423,3.3232074,0.45370382,0.0,0.0,0.4330984,0.0,0.0,0.23278725,0.0,1.840779,0.0,0.0,0.0,1.643779,2.0554466,0.0,0.0222302,0.0,0.13516323,0.44113815,0.0,0.0,1.8994653,0.0,0.80076724,1.8621612,2.0601404,0.0,0.37457535,0.0,0.18483944,1.1173939,0.08757662,0.94178504,0.0,0.10246548,2.5160155,2.313519,0.0,0.0,0.19849126,0.0,1.7547987,0.0,0.0,0.0,0.0,2.209219,0.0,0.0,0.0,3.7924037,2.1482472,0.0,0.6421449,1.1496929,0.1657042,0.47136334,3.1158202,2.5344234,0.0,1.9036856,0.0,0.0,0.28225356,1
0.0,0.0,0.7518411,0.6010198,2.5032792,0.0,0.0,0.33577034,2.668859,0.0,2.0205872,0.0,0.32062533,1.7849782,0.0,2.6740832,0.28125712,1.678344,1.1410388,1.0663155,0.0,1.8187405,0.91787755,0.44815075,2.0444357,0.0,0.4423792,0.33971298,0.27834156,0.7168204,0.329646,0.74069256,0.0,0.0,0.0,2.9907916,2.2885716,0.9308978,2.4004953,0.0,0.04837303,2.0643604,0.0,1.1910249,0.61618954,0.7915419,0.0,0.76675504,0.76671076,0.0,0.0,1.9124467,0.37369907,0.0,0.11918174,0.0,0.0,0.7798181,0.0,0.0,1.918469,0.0,0.0,0.0,0.0,1.6224036,0.4063382,1.2563121,0.26354116,1.1845825,0.0,0.0,0.0,0.0,0.7331043,0.0,0.0,0.0,0.0,0.0,0.45794553,1.0147563,0.0,0.4977453,0.0,0.0,0.08098277,1.1564891,1.2927574,1.8552263,0.0,0.0,0.0,1.0118068,0.0,0.0,1.6779635,0.0,0.0,2.1862996,2.0591526,0.33335173,1.2410268,0.0,0.83390945,0.9249987,0.0,0.0,2.696096,0.09805314,2.3610923,0.0,0.64771134,2.016037,0.0,1.9209094,0.43734875,0.0,1.0218687,0.7846719,0.49661344,0.0,0.16821812,0.00402199,0.0,0.0,0.0,1.1975656,0.62348664,1.696437,0.8885075,0.0,0.56815207,0.0,1.3993385,0.0,0.7429419,0.0,0.0,1.3043834,0.12423598,0.0,0.0,0.30579308,0.40513024,0.8275941,0.0,0.048331864,2.9751325,1.5525837,0.20533432,0.0,0.74100554,0.0,1.0931972,0.0,0.66579366,0.0,1.2694744,0.48582357,1.8578916,0.0,0.52686286,1.0611335,0.42569417,0.0,0.7039562,0.0,0.0,2.6768584,0.4397707,0.0,0.089297995,0.0,0.0,1.1747341,0.0,1.5687438,0.0,3.2004414,1.420409,1.9927679,1.6609617,1.3496876,0.0,0.0,0.0,0.0,1.058276,3.111114,0.5116899,1.5803059,1.1753798,1.0722612,2.6244562,1.3560572,1.8739483,0.0,0.5072412,0.0,0.3156729,0.0,0.0,0.0,0.9664001,0.0,1.2937659,1.3589671,0.0,1.2244716,1.6027871,0.0,0.0,0.23729561,0.0,1.9206657,0.7428868,0.9862324,1.5660336,0.09105188,0.0,2.36302,0.5860236,0.8954448,0.0,0.0,1.356741,0.52494246,0.00862352,0.0,0.0,1.1664325,0.0,0.0,0.0,0.0,0.0,0.0,0.66252905,0.0,0.0,1.4793916,0.0,0.07086916,2.959726,2.107304,0.3375246,0.0,1.9480247,0.23289,0.7876156,0.0,0.4803854,0.0,0.0,0.78844684,0
0.0,0.0,0.40257823,0.70898277,3.1403818,0.0,0.0,0.85954875,2.970003,0.34052935,1.5825042,0.0,0.0,1.6641853,0.0,2.602398,0.31557968,1.8048118,1.1466051,0.88113403,0.0,1.9398674,1.4888774,0.5723365,1.8662617,0.0,0.2593133,0.27108896,0.23119763,0.26440984,0.29634392,0.42619044,0.0,0.0,0.0,2.587465,2.3496175,1.6818072,2.6002,0.0,0.09450202,2.5885057,0.0,0.5701952,0.0,0.837887,0.0,0.3197087,0.42081136,0.0,0.0,2.5784836,0.3530771,0.0,0.032450195,0.0,0.0,1.2189384,0.0,0.0,2.4367301,0.0,0.0,0.0,0.0,1.6014103,0.13668504,1.7902904,0.05096905,1.3331351,0.22843845,0.0,0.0,0.0,1.5131314,0.0,0.0,0.0,0.0,0.0,0.38207644,1.838287,0.0,0.0,0.0,0.0,0.08119928,1.6160393,1.4773321,2.6182735,0.08078041,0.0,0.0,0.008398682,0.0,0.0,1.4664426,0.0,0.0,1.4459261,2.3770335,0.19338506,1.7696284,0.0,0.2356884,1.4313799,0.0,0.0,3.067566,0.071387574,2.598438,0.49493182,1.1967286,1.9496706,0.0,2.1132338,0.7331688,0.0,1.7986822,0.639928,0.0,0.0,0.2768867,0.0,0.0,0.13815601,0.0,0.5849537,0.0,0.7733959,1.1380273,0.4584689,0.7168103,0.0,1.755902,0.0,0.42540056,0.0,0.0,1.5991007,0.25470698,0.0,0.0,0.3485409,0.51817566,0.8012993,0.0,0.0,3.389162,1.5260316,0.7119856,0.0,0.10476049,0.0,1.4602028,0.0,2.0883336,0.0,1.6183494,0.34101534,2.6475513,0.0,0.8046419,1.2571003,0.36703292,0.0,0.5486467,0.0,0.0,2.8621006,0.414905,0.017147157,0.0,0.0,0.0,0.40483078,0.0,1.1294181,0.0,3.5814338,2.297146,2.1083152,1.9915607,2.0147424,0.0,0.0,0.24184659,0.0,0.55303407,3.2080154,0.0,1.5587997,1.3408477,1.1454084,2.6251407,1.7007095,1.2464162,0.0,0.37594473,0.0,0.14908658,0.0,0.0,0.0,0.547089,0.032143354,1.7679976,1.8713003,0.0,1.4170179,1.8315163,0.0,0.0,0.0,0.0,2.4349833,1.0438077,0.61989063,1.4391556,0.0,0.0,2.1789567,1.1939325,0.49858516,0.0,0.0,1.6136932,0.12465863,0.0,0.0,0.0,1.4896305,0.0,0.23628177,0.0,0.0,0.0,0.0,0.34150285,0.0,0.0,1.7392313,0.0,0.0,2.9722161,1.4476595,0.0,0.0,1.5016345,0.26207304,0.64904064,0.2535493,0.8196003,0.0,0.0,0.8736139,0
0.0,0.0,0.5621315,0.77551323,2.6992717,0.0,0.0,0.28764388,2.7919302,0.583375,1.7306236,0.0,0.0,1.5430009,0.0,2.3050077,0.070949145,1.6241726,0.8090399,0.9715476,0.0,1.3258381,0.6059068,0.320748,1.5678861,0.0,0.4793645,0.0,0.51827824,0.4049456,0.4540898,0.44413966,0.11794508,0.0,0.0,2.2763162,2.2603188,1.381389,2.4686568,0.0,0.0,1.9800787,0.0,1.0092695,0.15228549,0.41315943,0.0,0.24774544,0.4135407,0.0,0.0,1.9996836,0.0,0.0,0.073596716,0.0,0.0,0.9792871,0.0,0.0,1.9951367,0.0,0.0,0.0,0.0,1.5541801,0.19689432,1.2600555,0.052954737,1.3377568,0.12883265,0.0,0.0,0.0,0.67314684,0.0,0.0,0.0,0.0,0.0,0.1390499,1.0105776,0.0,0.43289664,0.0,0.0,0.80456185,1.253271,1.4279912,2.3613172,0.0,0.0,0.0,0.0,0.0,0.0,1.4261937,0.0,0.0,1.5016539,1.9379661,0.5886156,1.5224104,0.0,0.65486616,1.2842435,0.0,0.0,2.880237,0.21996205,3.1138794,0.47765183,1.0068489,1.4925902,0.0,1.5565163,1.355688,0.0,1.6681819,0.9997666,0.09493068,0.0,0.04276811,0.0,0.0,0.0,0.0,0.11196463,0.0,0.5408623,1.5056361,0.5528871,0.5943729,0.0,1.2788788,0.0,0.5529418,0.0,0.0,1.5634471,0.19376554,0.0,0.0,0.57206905,0.04983315,0.8734714,0.0,0.113696404,3.4173465,0.8683413,0.49913505,0.0,0.11733963,0.0,0.9903198,0.0,1.8216866,0.0,1.6592942,0.461141,2.470509,0.0,1.1439968,1.074081,0.2631533,0.0,0.84749913,0.0,0.0,2.3406272,0.79486877,0.0,0.8086863,0.0,0.0,1.1930151,0.0,0.8865309,0.0,3.7547302,1.9016519,1.9113679,1.5600363,1.2930219,0.0,0.0,0.0828145,0.0,0.64759713,2.9868352,0.30013278,1.6966285,0.84399796,0.9992128,2.435782,1.1191746,1.5910448,0.0,0.22788812,0.0,0.41095302,0.0,0.0,0.0,0.7089394,0.25516745,1.3547088,1.3963959,0.0,1.3903646,1.5332191,0.0,0.0,0.0,0.0,2.1634588,1.352008,0.61593693,1.2390527,0.07773694,0.0,1.9774461,1.2528108,0.37940645,0.0,0.0,1.6497505,0.48968357,0.17526053,0.0,0.0,1.4945214,0.0,0.5732737,0.0,0.0,0.0,0.0,0.7129598,0.0,0.0,1.9614828,0.048948318,0.17310901,2.8121452,1.2872415,0.0,0.0,1.3115588,0.4552965,0.9423079,0.256148,0.98153216,0.0,0.0,0.56001014,0
0.0,0.0,0.5078386,0.87212956,2.7218292,0.0,0.0,0.64484286,2.5316925,0.49400562,1.5807317,0.0,0.0,1.2604105,0.0,2.5696437,0.008621876,1.6151873,0.30734012,0.8467879,0.0,1.3307298,0.665555,0.7070199,1.8113197,0.0,0.4982985,0.038338643,0.44329467,1.1334395,0.7145748,0.5530126,0.0,0.0,0.0,2.1419811,2.5808203,1.2697512,2.2839158,0.0,0.0,2.5360553,0.0,1.5078498,0.0,1.070673,0.0,0.20990601,0.63223195,0.0,0.0,1.9160151,0.0,0.0,0.0,0.0,0.121294014,1.0322205,0.0,0.0,2.0256348,0.0,0.0,0.0,0.0,1.4528066,0.0,1.435159,0.09260539,1.8803911,0.0,0.0,0.0,0.0,1.2009493,0.0,0.0,0.0,0.0,0.0,0.64766955,1.1625977,0.0,0.05334112,0.0,0.0,0.71888465,1.3336314,1.4564642,2.66314,0.0,0.0,0.0,0.46765333,0.0,0.0,1.7519201,0.0,0.0,1.3236343,1.9403639,0.6002963,1.6695464,0.0,0.5031283,1.1087548,0.0,0.0,2.7039042,0.15468399,2.1857553,0.25521368,1.0676924,1.6290343,0.0,1.622652,0.80900884,0.0,0.8197637,0.73593444,0.15454116,0.0,0.0954959,0.0,0.0,0.31887105,0.0,1.203399,0.5943315,1.3670038,1.2302581,0.57939065,0.5878347,0.0,1.2234796,0.0,0.1498271,0.0,0.0,1.7303431,0.33604723,0.0,0.0,0.5315436,0.104551405,0.49135587,0.0,0.0,3.2101803,1.2342432,0.15282801,0.0,0.21259202,0.0,0.71583515,0.0,1.5940759,0.0,1.0344173,0.543726,2.0850282,0.0,1.0222294,0.9064697,0.7747038,0.0,0.65337336,0.0,0.0,2.5249894,0.8117561,0.0,0.31326607,0.0,0.0,0.5968108,0.0,1.0584531,0.0,2.924509,1.8892138,1.5379292,1.2399797,1.353479,0.0,0.0,0.21286194,0.0,0.5320063,2.6883128,0.54673773,1.9718329,1.0575483,1.136503,2.3352695,1.0345988,1.4031754,0.0,0.50711733,0.0,0.0,0.0,0.0,0.0,0.38346168,0.1841227,1.7448496,1.6681108,0.0,1.0801661,1.3211454,0.0,0.0,0.24974118,0.0,1.6244752,1.0191306,1.3893672,1.0485259,0.22707401,0.0,1.7529905,0.79831094,0.3394553,0.0,0.0,1.3952566,0.5391285,0.3783262,0.0,0.0,1.3841926,0.0,0.31531882,0.0,0.0,0.0,0.0,0.43499532,0.0,0.0,1.8761883,0.03870353,0.13464661,2.7003164,1.4585412,0.23754928,0.0,1.1671715,0.7597021,0.47855395,0.119419575,0.30275106,0.0,0.0,1.1368194,0
1.3103677,0.0,2.198522,2.3019252,0.09160353,0.0,1.376606,1.800925,1.6967924,2.5628176,0.71164006,0.0,0.913736,0.6478719,0.0,0.5660629,0.0,0.0,1.3692285,1.3991791,0.0,0.48593342,0.0,1.1511517,1.9485065,0.0,0.9609561,0.0,1.8355834,2.59117,2.5293984,2.355468,0.0,0.0,0.0,0.02256188,1.3929825,0.0,1.569405,0.0,0.0,0.58605444,0.0,2.5875359,0.51519585,1.5500355,0.0,1.7316489,2.7028127,0.0,0.0,0.11556351,0.0,0.0,1.0954514,0.0,2.4707701,0.22446808,0.0,0.0,0.5888142,0.0,0.0,0.0,0.0,3.1845777,1.5911332,0.0,2.1555407,0.6796875,0.0,0.0,0.0,0.0,0.0,0.0,0.0,0.0,0.0,0.0,1.4763,0.0,0.8720811,1.6795087,0.0,0.0,3.3984737,0.0,0.40415266,0.84379256,0.0,0.0,0.0,1.0232316,0.0,0.37295738,3.563768,0.0,0.36654884,0.8314788,0.024882676,2.409087,0.34111583,0.0,1.2949296,0.50759363,0.0,0.0,1.5894191,0.6469781,0.7770913,1.4706067,0.22074564,0.4019198,0.0,0.20464946,2.5781984,0.0,0.0,2.6981132,1.8738401,0.0,0.0,0.86774856,1.3386065,0.50050473,0.5565876,1.1307617,3.0612562,0.0,1.6857996,2.5693367,0.0,0.0,0.0,0.0,1.689869,0.0,0.0,0.0,2.8061497,0.0,0.0,0.76758504,0.4555681,2.1027215,0.0,0.0,0.7381091,2.0983934,0.0,0.0,3.62458,0.0,0.0,0.0,0.0,0.39207104,0.13860908,3.0980282,0.4376806,0.0,1.7909269,0.19189058,0.0,0.0,1.5061244,2.1292071,0.0,0.08393375,2.581988,1.7533405,2.4098282,0.0,0.71044606,2.5619462,0.0,0.36437902,0.0,0.0,0.0,0.18924728,0.5359302,0.0,0.0,0.0,0.0,0.0,2.2740119,1.1983485,1.5764599,3.0898561,0.0,0.0,0.19673242,0.06007278,0.0,0.0,0.27521652,0.0,1.725284,0.0,0.0,0.0,1.8022256,1.800967,0.37863284,0.0,0.0,0.23511188,0.16635688,0.0,0.0,1.6291977,0.0,0.06511313,2.1741674,2.0721703,0.23637918,0.79397386,0.0,0.0,1.2219225,0.8204347,1.2807363,0.0,0.0980576,1.9549526,2.2359993,0.0,0.0,0.08577519,0.0,1.6272421,0.0,0.0,0.0,0.0,1.4506075,0.0,0.0,0.5511835,3.3450212,1.8083732,0.15758501,0.57594705,0.34502146,0.0,0.42202273,2.5197794,2.4494321,0.0,1.7048779,0.0,0.0,0.4220962,1
1.8988999,0.0,2.0027359,1.7751738,0.4033018,0.0,0.9353956,1.479156,1.1586459,2.1582694,0.9670547,0.0,1.4225794,0.2945525,0.0,0.6488765,0.0,0.0,1.3477695,1.2345028,0.0,0.35908428,0.0,0.8311499,2.0237553,0.0,1.1084929,0.0,1.8856022,3.1409028,2.7473059,2.3466306,0.0,0.0,0.0,0.043077856,0.93352014,0.0,1.4229981,0.0,0.0,0.3250164,0.0,2.7432084,0.41580135,1.1142501,0.0,2.3727396,2.2628057,0.0,0.0,0.0,0.0,0.0,0.81062174,0.0,2.0227451,0.28985462,0.0,0.0,0.12175885,0.0,0.0,0.0,0.0,3.028695,1.3586079,0.0,1.7816678,0.64872825,0.0,0.0,0.0,0.0,0.0,0.0,0.0,0.0,0.0,0.0,1.1448046,0.0,1.2133328,1.304928,0.0,0.28222752,3.1157513,0.0,0.24759525,0.34621653,0.0,0.0,0.0,2.0930588,0.0,0.9581298,3.7151284,0.0,0.41494912,0.73270136,0.0,2.4608703,0.0,0.0,1.6892811,0.0,0.0,0.0,1.2495476,0.79287314,0.58499205,1.2504928,0.0,0.7545303,0.0,0.14177473,2.7330759,0.0,0.0,2.6489449,1.5929923,0.0,0.0,1.4229748,0.92482084,0.0,0.465375,1.1076043,3.135916,0.20168763,1.4016184,1.9087185,0.0,0.0,0.0,0.0,1.8016868,0.0,0.0,0.050209742,2.6196673,0.0,0.0,0.51815504,0.8528872,2.1049757,0.0,0.0,0.75749177,1.6969653,0.0,0.0,3.3777058,0.0,0.0,0.0,0.0,0.1260787,0.45898905,2.4314787,0.36279738,0.0,2.368806,0.4190869,0.0,0.0,1.6362573,2.1313207,0.0,0.20902184,2.1814148,1.8424419,1.8537899,0.0,0.54365176,2.8492548,0.0,0.6105291,0.0,0.0,0.0,0.0,0.124030694,0.0,0.0,0.0,0.0,0.0,1.6986607,0.8163913,1.8984432,2.8106182,0.0,0.0,0.64008904,0.19308797,0.0,0.0,0.50120294,0.0,1.7168254,0.0,0.0,0.0,1.4473013,1.9540825,0.0,0.0,0.0,0.5061141,0.5957938,0.0,0.0,1.566974,0.0,0.74328417,1.6045101,1.4749053,0.0,0.29978022,0.0,0.016287703,0.70051503,0.6178368,1.2396333,0.0,0.024324238,2.3240547,2.4408965,0.0,0.0,0.07665216,0.0,1.4317623,0.0,0.0,0.0,0.0,1.8142021,0.0,0.0,0.32737505,3.3790166,1.7379464,0.0,0.7038369,0.51625806,0.14752458,0.5375524,2.0368521,2.4889808,0.0,1.4628377,0.0,0.084517755,0.0,1
0.080059744,0.0,0.62980247,0.82262963,2.1452985,0.0,0.0,0.35654378,2.8795195,0.39115512,1.8024234,0.0,0.0,1.6797684,0.0,2.4245727,0.03699887,1.4040846,0.67349184,0.7370736,0.0,1.57232,0.61433595,0.24989644,1.5723317,0.0,0.3870431,0.12805705,0.39033827,0.7083889,0.22403678,0.62734586,0.0,0.0,0.0,2.6187768,2.1611013,1.5149028,2.4019763,0.0,0.0,2.242584,0.0,1.0139153,0.36540127,0.8049061,0.0,0.48318103,0.78355116,0.0,0.0,2.0829911,0.2763256,0.0,0.0,0.0,0.14378317,0.7818824,0.0,0.0,1.8695202,0.0,0.0,0.0,0.0,1.5031214,0.5100929,1.2556844,0.0,1.3441663,0.10313904,0.0,0.0,0.0,0.74318165,0.0,0.0,0.0,0.0,0.0,0.5498641,1.0961843,0.0,0.7400015,0.0,0.0,0.43694583,1.248541,1.2125382,2.0118124,0.0,0.0,0.0,0.33267936,0.0,0.0,1.4268032,0.0,0.0,1.6488297,2.0743172,0.23541227,1.4653802,0.0,0.46248785,1.1380974,0.0,0.0,2.6742008,0.009179754,2.5175078,0.25846562,0.8927376,1.5980053,0.0,1.729491,0.79729384,0.0,1.1479506,0.6790545,0.12685654,0.0,0.0,0.0,0.0,0.43112883,0.0,0.5980121,0.3146328,0.8311088,0.8786805,0.058091223,0.50453895,0.0,1.2647748,0.0,0.44748962,0.0,0.0,1.8299035,0.058961153,0.0,0.0,0.37641394,0.32320592,1.0831473,0.0,0.0,2.8749442,1.4130905,0.1180108,0.0,0.25475684,0.0,0.83977866,0.0,1.2296729,0.0,1.0176634,0.68436617,1.9286873,0.0,0.73711765,0.7136516,0.28735462,0.0,0.6380705,0.0,0.0,2.4270267,0.4715121,0.0,0.4546695,0.0,0.23566596,1.1428336,0.0,1.0155332,0.0,3.5117636,1.5590374,1.5981767,1.6131681,1.3084441,0.0,0.0,0.07540987,0.0,1.094919,2.683872,0.55965525,1.8600155,0.9626749,0.78617203,2.4631617,1.4155378,1.5819384,0.0,0.3674578,0.0,0.6723745,0.0,0.0,0.0,0.72920275,0.21517359,1.4181467,1.5657932,0.0,1.4317182,1.4658417,0.0,0.0,0.0,0.0,1.5566297,1.1451323,0.74671376,1.5163287,0.3740328,0.0,1.7122866,0.8851425,0.6865502,0.0,0.058379315,1.5429274,0.25389352,0.26492116,0.0,0.0,1.4121813,0.0,0.49265307,0.0,0.0,0.0,0.0,0.60405666,0.0,0.0,1.8950455,0.0,0.0,2.6946375,1.3256545,0.0897633,0.0,1.4263484,0.44749254,0.5068801,0.0,0.5935953,0.0,0.0,0.75498056,0
0.0,0.0,0.0,0.557505,3.7124395,0.0,0.0,0.63519514,3.1670911,0.073269986,1.6513549,0.0,0.0,1.3779011,0.0,3.0737045,0.0,1.9221796,0.7049791,0.7365074,0.0,1.4057581,1.1742848,0.6041139,1.8148105,0.0,0.21629705,0.5273604,0.07267764,0.43457383,0.0,0.17815912,0.06044287,0.0,0.0,3.1193402,2.5589528,2.2878342,3.0346897,0.0,0.13460772,2.691808,0.0,1.0070513,0.0,0.3670821,0.0,0.0,0.071430296,0.0,0.0,2.6877167,0.523549,0.0,0.05446687,0.0,0.0,1.2444631,0.0,0.0,2.730764,0.0,0.0,0.0,0.0,1.2628796,0.0,2.321172,0.0,1.5143416,0.21021973,0.0,0.0,0.0,1.4204035,0.0,0.0,0.0,0.0,0.0,0.09129976,1.5238601,0.0,0.0,0.0,0.0,0.09377616,2.0976706,2.0516715,2.8881118,0.0,0.0,0.0,0.0,0.0,0.0,1.2611401,0.0,0.0,1.0787946,2.823935,0.22231966,2.1227744,0.0,0.0,1.613679,0.0,0.0,3.2829044,0.00054470985,2.8671365,0.2986591,0.86705714,1.6911342,0.0,2.371498,0.668603,0.0,2.1939428,0.040326837,0.0,0.0,0.19800545,0.0,0.0,0.0,0.0,0.53898436,0.0,1.0621735,1.190884,0.038349427,0.7053629,0.0,2.1734643,0.0,0.37491676,0.0,0.0,1.8040863,0.3093361,0.0,0.0,0.4979752,0.14300188,0.55433065,0.0,0.2848225,3.8839154,1.2143462,0.7304359,0.0,0.0,0.0,1.1786944,0.0,2.3248863,0.0,1.7668638,0.0,2.8442864,0.0,0.54496056,1.2330587,0.39849213,0.0,0.64543724,0.0,0.0,2.8935573,0.2259318,0.0,0.04961239,0.0,0.0,0.4144533,0.0,1.1172459,0.0,3.9840949,2.6896558,2.2843738,1.8839235,2.1992705,0.0,0.0,0.29379916,0.0,0.27159163,3.729031,0.0,1.3321443,1.4023119,1.6383244,3.1347594,1.6122029,1.8249621,0.0,0.57028085,0.0,0.0,0.0,0.0,0.0,0.38777894,0.20826042,2.1353908,2.214893,0.0,1.501873,2.3877316,0.0,0.0,0.0,0.0,2.73506,1.074293,0.76831615,1.4161773,0.22840449,0.0,2.6974287,1.4354302,0.45574123,0.0,0.0,2.1720412,0.016357157,0.0,0.0,0.0,1.9369576,0.0,0.25674623,0.0,0.0,0.0,0.0,0.469158,0.0,0.0,2.093794,0.0,0.0,3.3393912,1.692368,0.0,0.0,1.7722415,0.07793628,0.30054182,0.53119284,0.9258161,0.0,0.0,0.9266252,0
1.4901693,0.0,2.383226,2.1112661,0.0,0.0,1.8659436,1.0631461,2.0773544,2.624757,1.1489481,0.0,0.68147314,0.735433,0.0,0.0,0.32268903,0.0,1.5978638,1.9286336,0.0,0.38921466,0.04981319,1.2494181,2.0869987,0.0,1.4499599,0.0,1.8413619,2.3108652,2.515981,2.6061192,0.0,0.0,0.0,0.18164432,1.5031176,0.0,1.0070574,0.0,0.0,0.6779572,0.0,2.290131,0.25900584,1.8695725,0.0,2.3224413,2.8584628,0.0,0.0,0.0,0.0,0.0,1.2339334,0.0,2.9624257,0.3930523,0.0,0.0,0.61962485,0.0,0.0,0.0,0.0,2.7424085,2.1495864,0.0,2.2233162,0.6391056,0.0,0.0,0.0,0.0,0.0,0.0,0.0,0.0,0.0,0.0,1.2713884,0.0,0.8012954,1.8586924,0.0,0.5935956,3.2749786,0.0,0.0,0.5708623,0.0,0.0,0.0,1.8467824,0.0,0.06681918,3.8619676,0.0,0.19904806,0.7779858,0.847881,2.2025766,0.15389213,0.0,0.8537514,0.41273734,0.0,0.0,1.4421881,1.4316291,0.7232452,1.6680346,0.0,0.40114248,0.0,0.669218,2.0686626,0.0,0.0,2.970924,1.5730168,0.0,0.0,0.8591173,1.0720918,0.81963474,0.45018643,0.72713125,2.1124816,0.0,0.8107405,1.9328067,0.0,0.0,0.49245456,0.0,1.9661762,0.0,0.0,0.7808609,2.7478063,0.0,0.0,0.23589611,0.67910993,2.7423136,0.0,0.0,0.60813963,2.7745097,0.0,0.0,3.4049685,0.0,0.0,0.0,0.13848245,0.87648785,0.37370524,3.2465365,0.65563565,0.0,2.4755929,0.0,0.0,0.0,2.05857,1.7424496,0.0,0.44000295,2.37348,0.6032994,2.1090035,0.0,1.4987528,3.1945155,0.0,0.087877594,0.0,1.0788687,0.0,0.0,0.13762249,0.0,0.0,0.0,0.0,0.0,2.661034,1.5797403,2.4373453,2.9429295,0.13690151,0.0,0.5381475,0.50227666,0.0,0.0,0.28545794,0.0,1.7339815,0.0,0.0,0.0,2.2421412,1.5692569,0.3057722,0.11538323,0.0,0.7758219,0.0,0.0,0.0,1.5464896,0.0,0.0,2.770456,0.9225656,0.2304821,1.1478292,0.0,0.0,0.5704572,0.10805165,1.5861602,0.0,0.0,2.2527273,3.0015442,0.0,0.0,0.277451,0.04118256,1.4425396,0.0,0.0,0.0,0.0,1.6789424,0.0,0.0,1.0938481,3.8341367,1.4984409,0.5588385,0.42940933,0.6684584,0.0,0.748575,2.384797,2.5398078,0.0,2.0543613,0.0,0.0,0.0,1
0.0,0.0,0.3495209,0.7072687,2.6607518,0.0,0.0,0.51877457,2.5070019,0.13280287,1.6942229,0.0,0.021362456,1.7285421,0.0,2.6829283,0.0,1.4077586,0.7132364,0.9203399,0.0,1.4141777,0.71945477,0.68508124,1.7811002,0.0,0.060427368,0.6122346,0.15093616,1.0344166,0.1278567,0.61261225,0.0,0.0,0.0,2.771627,2.3847198,1.111577,2.6182568,0.0,0.16963793,2.4052627,0.0,1.2237265,0.0,0.82626647,0.0,0.30639473,0.6893388,0.0,0.0,2.4778888,0.0,0.0,0.11551357,0.0,0.0,0.45513603,0.0,0.0,2.0421731,0.0,0.0,0.0,0.0,1.4754746,0.5101486,1.3302788,0.0,1.6205385,0.0,0.0,0.0,0.0,0.8873538,0.0,0.0,0.0,0.0,0.0,0.4125382,1.1892672,0.0,0.40692782,0.0,0.0,0.4779775,1.467995,1.441237,2.2727334,0.0,0.0,0.0,0.685386,0.0,0.0,1.4584357,0.0,0.0,1.5437257,2.4309192,0.33817536,1.4956716,0.0,0.31484896,1.3059016,0.0,0.0,2.8093414,0.0,2.512688,0.19760391,0.753273,1.4799498,0.0,1.5864216,0.8399027,0.0,1.2808889,0.3277077,0.36037126,0.0,0.11508887,0.0,0.059709724,0.026291447,0.0,1.157817,0.3661823,0.9984672,1.0583135,0.1199161,0.54453194,0.0,1.3014758,0.0,0.43376827,0.0,0.0,1.8243681,0.105075546,0.0,0.0,0.6269542,0.47329804,0.8381575,0.0,0.27163863,3.1373844,1.3527062,0.16645488,0.0,0.17572977,0.0,1.0633827,0.0,1.3067689,0.0,1.3934752,0.2849722,2.0136893,0.0,0.7798359,0.9684358,0.5349425,0.0,0.38328657,0.0,0.0,2.8185782,0.50822806,0.013441083,0.0,0.0,0.0,0.8469354,0.0,0.9859493,0.0,3.0243456,1.6873392,1.8497951,1.4957771,1.4511781,0.0,0.0,0.17720401,0.0,0.819482,2.9644942,0.55996436,1.9182566,0.7503828,1.1765099,2.3548214,1.4466075,1.5328218,0.0,0.508303,0.0,0.11519721,0.0,0.0,0.0,0.6893518,0.032152295,1.5608293,1.6259953,0.0,1.3608998,1.7158643,0.0,0.0,0.1964405,0.0,2.3021052,0.7528062,1.4556562,1.5441599,0.19575666,0.0,2.2768195,0.99744475,0.86983925,0.0,0.1387138,1.621712,0.5172245,0.20196752,0.0,0.0,1.5634195,0.0,0.037530906,0.0,0.0,0.0,0.0,0.4289591,0.0,0.0,1.9965711,0.0,0.21154113,2.9117818,1.5758476,0.20585299,0.0,1.4509366,0.36568767,0.5691708,0.0,0.28080493,0.0,0.0,1.0403666,0
1.7229366,0.0,2.8775048,2.1545665,0.0,0.0,1.7222193,1.3019974,1.2335074,2.433471,1.2079871,0.0,1.1967356,0.26417467,0.0,0.0,0.16507965,0.0,1.7068958,1.9512116,0.0,0.34239814,0.0,1.223872,2.0622041,0.0,1.8076179,0.0,2.471198,2.8214967,3.236914,2.9490361,0.0,0.0,0.0,0.037139177,1.0477141,0.0,1.3727342,0.0,0.0,0.13980767,0.0,2.6443157,0.51679265,1.5560952,0.0,2.4302828,2.1908162,0.0,0.0,0.0,0.0,0.0,1.0104439,0.0,3.448957,0.14929086,0.0,0.0,0.52800363,0.0,0.0,0.0,0.0,3.6443932,1.9785739,0.0,2.2735069,0.91847503,0.0,0.0,0.0,0.0,0.0,0.0,0.0,0.0,0.0,0.0,1.2342246,0.0,0.9255235,1.7145246,0.0,0.3575137,3.9529014,0.0,0.0,0.59602004,0.0,0.0,0.0,2.4336128,0.0,0.9109304,4.464167,0.0,0.03347816,1.0082101,0.5167927,2.4849896,0.0,0.0,1.2443205,0.0,0.0,0.0,1.1521964,1.6839354,0.8792002,2.0505648,0.0,0.9054039,0.0,0.24331076,3.0136144,0.0,0.0,3.2021465,1.9282942,0.0,0.0,1.5187237,0.9323993,0.2325973,0.7153604,1.3359923,3.3606474,0.0,1.4684395,2.383935,0.0,0.0,0.0,0.0,1.676686,0.0,0.0,0.0,3.268439,0.0,0.0,0.24252546,0.31024608,2.8787746,0.0,0.0,0.5503626,2.5209954,0.0,0.0,3.9083412,0.0,0.0,0.0,0.0,0.63811207,0.16083905,3.1638577,1.2507807,0.0,3.001727,0.10386081,0.0,0.0,2.753214,2.026939,0.0,0.16262358,3.008878,2.307807,2.290743,0.0,1.1349733,3.3627985,0.0,0.0,0.0,0.104214765,0.0,0.0,0.0,0.15613043,0.0,0.0,0.0,0.0,2.4583478,0.9395425,2.5933607,3.132467,0.51520425,0.0,0.27638206,0.50773096,0.0,0.0,0.6620431,0.0,2.3093054,0.0,0.0,0.0,1.6689631,1.7983062,0.0,0.0,0.0,0.19395454,0.83954376,0.0,0.0,1.9622625,0.0,0.23846765,2.5135536,1.4425237,0.0,0.69700414,0.0,0.0,0.8426647,0.0,1.566159,0.0,0.0,2.7694988,2.9022202,0.0,0.0,0.0,0.0,1.9378029,0.0,0.0,0.0,0.0,2.145869,0.0,0.0,0.4782185,3.8822742,1.9986748,0.61491007,0.1297723,0.6503187,0.106516905,0.39389497,2.8037138,2.771373,0.0,1.7048566,0.0,0.0,0.0,1
1.9403069,0.0,2.603922,1.9458452,0.0,0.0,1.1986094,1.2535697,1.6917899,2.3465726,1.4322723,0.0,0.8900939,0.6292122,0.0,0.06825494,0.0,0.0,1.2553369,1.7841309,0.0,0.09798883,0.0,1.1652467,2.333433,0.0,1.5405877,0.0,2.2841647,2.774466,2.7164984,2.3507195,0.0,0.0,0.0,0.18719858,1.3744513,0.0,1.2289753,0.0,0.0,0.5514159,0.0,2.467185,0.47707778,1.5973175,0.0,2.2214675,2.3250356,0.0,0.0,0.0,0.0,0.0,1.0696067,0.0,2.8227553,0.10526749,0.0,0.0,0.46478236,0.0,0.0,0.0,0.0,3.3765094,1.9014392,0.0,2.3410122,1.3589872,0.0,0.0,0.0,0.0,0.0,0.0,0.0,0.0,0.0,0.0,0.79133517,0.0,1.0374159,1.5631723,0.0,0.41640547,3.6165624,0.0,0.04605699,0.5280697,0.0,0.0,0.0,2.3813736,0.0,1.136158,4.1685486,0.0,0.16781972,0.7496251,0.31352025,2.3851068,0.0,0.0,1.3698431,0.0,0.0,0.0,1.4237127,1.1168772,1.1201941,1.4342228,0.0,0.58483523,0.0,0.10687454,2.9036548,0.0,0.0,2.8599849,1.6634679,0.0,0.0,1.3324832,0.7608685,0.0,0.6100906,1.3342295,3.017944,0.0,1.383454,2.2864745,0.0,0.0,0.0,0.0,1.8439331,0.0,0.0,0.0,2.9677777,0.0,0.0,0.45375594,0.5994402,2.5093102,0.0,0.0,0.924606,2.449788,0.0,0.0,3.6055732,0.0,0.0,0.0,0.08292812,0.39981654,0.327742,2.866226,1.1531227,0.0,3.029214,0.19152997,0.0,0.0,2.0117474,1.8661902,0.0,0.24224988,2.5436814,1.9026835,1.7395078,0.0,0.94435644,3.3593013,0.0,0.0,0.0,0.0,0.0,0.0,0.0,0.0,0.0,0.0,0.0,0.0,1.9837217,1.0584577,2.1346543,3.1252263,0.17427368,0.0,0.5692577,0.52689815,0.0,0.0,0.49042556,0.0,1.7219943,0.0,0.0,0.0,1.2422084,1.6694372,0.0,0.0,0.0,0.5883584,0.56822705,0.0,0.0,1.8129734,0.0,0.31392232,1.9402766,1.6231195,0.0,0.48191437,0.0,0.44061399,1.1123788,0.3963517,1.1960495,0.0,0.0,2.4493182,2.77039,0.0,0.0,0.0,0.0,1.297808,0.0,0.0,0.0,0.0,1.846936,0.0,0.0,1.0093415,3.3077233,2.1213498,0.6905046,0.61554044,0.7069605,0.22916752,0.59517044,2.46582,2.2377043,0.0,1.6489546,0.0,0.0,0.036463857,1
0.0,0.0,0.68688774,0.98941875,2.0497594,0.0,0.08196265,0.717842,2.570464,0.46249294,1.5903159,0.0,0.08660963,1.5970659,0.0,2.1599894,0.113264166,1.112565,1.1782199,1.4829258,0.0,1.4440721,0.6839746,0.53363436,1.6586522,0.0,0.25758728,0.19787548,0.36648962,0.6836047,0.46400017,0.7220617,0.0,0.0,0.0,2.328922,2.350886,0.94993794,2.360428,0.0,0.07078169,2.1788623,0.0,1.1848292,0.47993618,0.83127433,0.0,0.6752341,0.6626532,0.0,0.0,1.928866,0.13074677,0.0,0.34850118,0.0,0.3708614,0.5832489,0.0,0.0,2.1462564,0.0,0.0,0.0,0.0,1.9902148,0.6686714,1.0180646,0.52521974,1.1419556,0.0,0.0,0.0,0.0,0.4480302,0.0,0.0,0.0,0.0,0.0,0.47737584,0.92599237,0.0,0.65828055,0.0,0.0,0.8959441,1.2066495,0.8280456,2.0629601,0.0,0.0,0.0,0.4493281,0.0,0.0,1.4076973,0.0,0.0,1.6348901,1.7860676,0.44763476,1.2622483,0.0,0.7220572,1.369619,0.0,0.0,2.1886222,0.2978731,2.5149705,0.7963449,0.39133802,1.4873579,0.0,1.7752802,1.1718501,0.0,1.3696858,0.9135764,0.49724522,0.0,0.0,0.0,0.0,0.33733848,0.0,0.9455622,0.6331305,0.8930556,0.9251777,0.114883706,0.4015816,0.0,1.0320059,0.0,0.9581744,0.0,0.0,1.205212,0.455237,0.0,0.0,0.24540317,0.67083335,1.286106,0.0,0.0,2.952806,1.8032726,0.0,0.0,1.1694502,0.0,1.3708488,0.0,1.302341,0.0,1.2800313,1.1688173,1.930019,0.0,0.569527,0.62112135,0.20850568,0.0,0.6062455,0.0,0.0,1.9321903,1.0707593,0.0,0.79224634,0.0,0.07086007,1.2697294,0.0,1.0342708,0.0,3.4109318,1.3363392,1.9562494,1.6545103,1.4925667,0.0,0.0,0.0,0.0,1.2245389,2.8770814,0.38032693,1.970924,0.93437284,0.9205382,2.3490741,1.4354479,1.26728,0.0,0.21502009,0.0,0.57655245,0.0,0.0,0.0,1.4903265,0.43821678,1.2867175,1.095356,0.0,1.0917199,1.4763457,0.0,0.0,0.12396173,0.0,2.338517,1.45551,0.7464771,1.1599014,0.6152624,0.0,1.6675392,0.7800023,0.6752898,0.0,0.0,1.1983697,0.49621633,0.2285129,0.0,0.0,1.3610991,0.0,0.0717398,0.0,0.0,0.0,0.0,0.48014808,0.0,0.0,1.3976506,0.0969263,0.18142243,2.5897808,1.5908735,0.28937453,0.0,1.3725988,0.605591,0.9712168,0.0,0.5526296,0.0,0.0,0.8038081,0
0.85644954,0.0,2.104199,2.5908523,0.0,0.0,1.743316,0.7670126,1.388582,2.369627,0.3586205,0.0,0.7566816,0.8280547,0.0,0.0,0.16730055,0.1131119,1.3910359,1.6306081,0.0,0.71256584,0.06494358,0.98971486,2.2313988,0.0,1.212451,0.0,1.651336,2.0859263,2.1746747,2.4003675,0.0,0.0,0.0,0.35096276,1.0939491,0.0,0.8316258,0.0,0.0,0.0,0.0,1.878354,0.92876494,1.2489241,0.0,2.048219,2.079598,0.0,0.0,0.0,0.0,0.0,0.9867433,0.0,1.9675883,0.173394,0.0,0.0,0.31158373,0.0,0.0,0.0,0.0,2.855224,2.419274,0.0,1.8689911,0.2795096,0.0,0.0,0.0,0.0,0.0,0.0,0.0,0.0,0.0,0.0,1.2659156,0.0,0.6881609,1.5489863,0.0,0.0,2.3617697,0.0,0.0,0.12963498,0.0,0.0,0.0,1.0208838,0.0,0.05692606,2.9295454,0.0,0.0,1.0738091,0.33049995,1.9550747,0.0,0.0,0.89100814,0.07879361,0.0,0.0,1.0260656,0.9845895,0.7118665,1.6691564,0.0,0.7692533,0.0,0.0,2.1181276,0.0,0.0,2.6164646,0.9251424,0.0,0.0,0.8714897,0.0069145816,0.53063405,0.0,0.41148722,1.9653249,0.0,0.88408136,1.9722872,0.0,0.0,0.5868971,0.0,1.499479,0.0,0.0,0.9150133,2.4091082,0.0,0.0,0.0,0.41402534,2.0331144,0.0,0.0,0.29194352,2.6055667,0.0,0.0,3.4433148,0.0,0.0,0.0,0.22314973,0.52571064,0.4394507,2.8752549,0.4844355,0.0,2.0635889,0.0,0.0,0.0,1.5268022,1.4758745,0.0,0.5046299,2.1293585,0.5119854,2.482438,0.0,0.82608676,2.4811733,0.0,0.42707404,0.0,0.6059693,0.051138047,0.0,0.5378788,0.07460647,0.0,0.0,0.0,0.0,1.8998585,1.4787085,1.9143761,2.6526127,0.09987648,0.0,0.89234024,0.3434644,0.0,0.0,0.4193911,0.0,2.0534363,0.0,0.0,0.0,1.7692393,1.6641484,0.96768034,0.18610364,0.0,0.6635818,0.4602717,0.0,0.0,1.8611621,0.0,0.0,2.4519682,0.6968667,0.061472118,1.0118356,0.0,0.22012074,0.4936585,0.7968586,0.20984706,0.0,0.139635,1.7238027,1.7142752,0.0,0.0,0.04998564,0.0,1.4338613,0.0,0.0,0.0,0.0,1.6439527,0.0,0.0,0.35249624,2.8830886,0.7852994,0.87428194,0.501591,0.38016692,0.0,0.45345134,1.9783757,1.9354389,0.0,2.4281056,0.0,0.0,0.0,1
1.0786284,0.0,2.21814,2.3867235,0.0,0.0,1.5540047,0.75490594,1.7374272,2.2069516,0.7986651,0.0,0.62548393,0.93114746,0.0,0.007210188,0.0,0.0,1.5227822,1.7311494,0.0,0.81135744,0.0,1.2741841,1.9689702,0.0,1.4052532,0.0,1.8491994,1.9820361,2.1676407,2.2658572,0.0,0.0,0.0,0.3824081,1.2619575,0.0,1.1639283,0.0,0.0,0.22374794,0.0,1.9335989,0.5592617,1.4540243,0.0,1.9013519,2.0553346,0.0,0.0,0.0,0.0,0.0,1.1339663,0.0,2.4043417,0.46605948,0.0,0.0,0.50017846,0.0,0.0,0.0,0.0,3.0276506,2.3553948,0.0,1.72173,0.29328594,0.0,0.0,0.0,0.0,0.0,0.0,0.0,0.0,0.0,0.0,0.948632,0.0,0.40693244,1.9845221,0.0,0.0,2.7683377,0.0,0.0,0.60918564,0.0,0.0,0.0,1.6591893,0.0,0.2357571,3.0807025,0.0,0.0,1.1301634,0.42872876,1.8445098,0.33524755,0.0,1.2233453,0.07496261,0.0,0.0,1.4522476,1.2000692,0.966366,1.537146,0.0,0.8533052,0.0,0.12581237,2.5282042,0.0,0.0,2.8109431,1.6448114,0.0,0.0,0.71704835,0.5355238,0.63358575,0.18146448,1.0577505,2.274014,0.0,0.8609991,1.8510242,0.0,0.0,0.14129452,0.0,1.3541617,0.0,0.0,0.8974192,2.2291958,0.0,0.0,0.0,0.2514778,2.43967,0.0,0.0,0.29079473,2.2164314,0.0,0.0,3.4067366,0.0,0.0,0.0,0.17624038,0.18098238,0.4079971,2.7073247,0.46335763,0.0,1.8380963,0.0,0.0,0.0,1.8428556,1.4744663,0.0,0.63781726,2.2429912,0.573925,2.0783963,0.0,0.9404913,2.8216949,0.0,0.50419635,0.0,0.9077354,0.0,0.0062505067,0.5748232,0.28321108,0.0,0.0,0.0,0.0,1.9690523,1.7114472,1.9822639,3.1307285,0.0,0.0,0.7723886,0.41834632,0.0,0.0,0.34345245,0.0,1.7883035,0.0,0.0,0.0,2.0279293,1.5162836,0.31576204,0.0,0.0,0.6601188,0.13348784,0.0,0.0,1.3893543,0.0,0.013614876,2.1868553,0.88066864,0.0,1.0083692,0.0,0.13814788,0.8390274,0.65267605,0.26032498,0.0,0.022769183,1.935789,2.261698,0.0,0.0,0.21205314,0.0,1.7789644,0.0,0.0,0.0,0.0,1.6867461,0.0,0.0,0.7136485,3.1922982,1.5081967,0.9089872,0.3447777,0.46503705,0.0,0.7251755,2.3349607,1.9945579,0.0,1.7982991,0.0,0.0,0.0,1
0.0,0.0,0.74798,1.2790704,1.7711873,0.0,0.21156336,0.88651145,2.541798,0.56354594,1.3963927,0.0,0.0,1.2913275,0.0,1.881315,0.5344936,0.7878101,1.0224559,0.9282736,0.0,1.142665,0.6747879,0.6130393,1.7067378,0.0,0.19686975,0.0,0.47169033,0.70322627,0.69000155,1.2349564,0.0,0.0,0.0,1.9679941,1.8880949,0.8487286,1.9136959,0.0,0.0,1.5575551,0.0,1.050005,0.22266957,0.8933211,0.0,0.5294266,1.164543,0.0,0.0,1.4093891,0.25458863,0.0,0.34954798,0.0,0.6268814,0.8656568,0.0,0.0,1.6867055,0.0,0.0,0.0,0.0,1.701993,0.8137222,1.1586803,0.24794418,0.5232949,0.0,0.0,0.0,0.0,0.5644508,0.0,0.0,0.0,0.0,0.0,0.8206266,0.629416,0.0,0.91810876,0.0,0.0,0.89828575,1.1616265,1.0922745,1.9158727,0.0,0.0,0.0,0.29389492,0.0,0.0,1.6054205,0.0,0.0,1.183143,1.8645964,0.7836269,1.0506307,0.0,0.46431467,1.3430922,0.0,0.0,2.5092077,0.38595095,1.9992669,0.78362393,0.72813106,1.3629048,0.0,1.6071413,0.9992067,0.0,0.9689173,0.69374114,0.12136391,0.0,0.0,0.0,0.0,0.7535981,0.0,0.6147763,0.39223263,0.6416236,1.0634222,0.6108245,0.31371066,0.0,1.0443685,0.0,0.54776007,0.0,0.0,1.4769737,0.45241866,0.0,0.0,0.043388296,0.21463344,1.0678632,0.0,0.0,2.4521568,1.8346226,0.0,0.0,1.0554252,0.0,0.46198705,0.0,1.1376387,0.0,1.1372691,0.80376184,1.4657403,0.0,0.6189609,0.650389,0.012429072,0.0,0.8661841,0.18682744,0.0,2.122494,1.0547163,0.0,0.7928639,0.0,0.17786781,0.956324,0.0,1.1154033,0.0,2.851317,1.638478,1.5347787,1.444865,1.3982905,0.0,0.0,0.0,0.0,1.2119166,2.678459,0.61983556,1.9671963,0.5397342,0.8449788,1.6864392,1.2191643,1.0869416,0.0,0.29473883,0.0,0.42740497,0.0,0.0,0.0,1.3542705,0.6039408,1.2956656,1.0505127,0.0,1.1025152,0.9011833,0.0,0.0,0.22891657,0.0,1.4406383,1.6391779,0.6890735,1.0521224,0.5137525,0.0,1.6221356,0.826857,0.38864738,0.0,0.0,1.6335137,0.4779828,0.25023618,0.0,0.0,1.2932125,0.0,0.4522524,0.0,0.0,0.0,0.0,0.89172035,0.0,0.0,1.1476934,0.95065737,0.17370357,2.2045774,1.1344092,0.2181472,0.0,0.9492764,1.1142011,1.0611387,0.0,1.2185614,0.0,0.0,0.6655739,0
0.0,0.0,0.0,0.6580988,3.2306957,0.0,0.0,0.48281106,3.1195912,0.0,1.6905162,0.0,0.0,1.920721,0.0,3.0695446,0.025543338,1.7884616,0.6965281,0.6491475,0.0,1.8746402,1.3725433,0.6129902,1.8585032,0.0,0.07468439,0.8088594,0.23461607,0.5023522,0.0,0.38415188,0.0,0.0,0.0,3.1352916,2.5306883,1.6746335,3.2043984,0.0,0.26420033,2.8723023,0.0,1.0730066,0.0,0.70361793,0.0,0.16812655,0.0155960005,0.0,0.0,2.8366058,0.1762264,0.0,0.0,0.0,0.0,0.9852255,0.0,0.0,2.5659595,0.0,0.0,0.0,0.0,1.3253721,0.22389758,2.13759,0.0,1.7008172,0.06596738,0.0,0.0,0.0,1.6079588,0.0,0.0,0.0,0.0,0.0,0.09632896,1.5537518,0.0,0.0,0.0,0.0,0.0,2.0220938,1.2671763,2.5427983,0.0,0.0,0.0,0.1853989,0.0,0.0,1.3611704,0.0,0.0,1.2980489,2.6021996,0.0,1.8592273,0.0,0.009535298,1.4646152,0.0,0.0,3.0915327,0.0,3.0067568,0.09321709,1.2920797,1.5298218,0.0,2.076344,0.90086204,0.0,1.9208816,0.13068998,0.20850274,0.0,0.3832548,0.0,0.0,0.0006197262,0.0,0.54051346,0.0,1.376926,1.1453352,0.0,1.1781082,0.0,1.7016512,0.0,0.26880485,0.0,0.0,1.9325957,0.111700274,0.0,0.0,0.5247168,0.5359972,0.7937136,0.0,0.31594443,3.9003496,1.4237075,0.57142186,0.0,0.0,0.0,1.490817,0.0,1.6852834,0.0,1.6427466,0.20033744,2.8213878,0.0,0.5855937,1.3711233,0.5537523,0.0,0.31727907,0.0,0.0,3.0474854,0.30104673,0.0,0.0,0.0,0.0,0.7992457,0.0,1.1184583,0.0,3.5789163,2.5531712,2.3763852,1.9271252,1.8626964,0.0,0.0,0.30205682,0.0,0.38144335,3.641116,0.0,1.355525,1.3829743,1.4868218,3.0135546,1.6040576,1.9816357,0.0,0.5910492,0.0,0.052467484,0.0,0.0,0.0,0.329272,0.0,1.7160112,2.1866531,0.0,1.4407911,2.2081666,0.0,0.0,0.0,0.0,2.920037,0.6238241,1.3344232,1.2465107,0.31362385,0.0,2.7981088,1.0593312,0.64896977,0.0,0.0,1.7678242,0.08718513,0.0,0.0,0.0,1.7139575,0.0,0.0,0.0,0.0,0.0,0.0,0.3535763,0.0,0.0,2.1184916,0.0,0.0,3.4834213,1.7901092,0.06989885,0.0,1.7364483,0.0,0.20529957,0.0,0.33954966,0.0,0.0,1.0952405,0
0.0,0.0,0.6235463,0.68982345,2.5923343,0.0,0.0,0.61990154,2.5104704,0.25349432,1.7399007,0.0,0.028884651,1.7383883,0.0,2.4411616,0.16088353,1.5700599,1.456963,0.6587212,0.0,1.3554211,0.76678866,0.32523835,1.707667,0.0,0.29944453,0.53389496,0.1660383,0.70345217,0.29578137,0.48154688,0.0,0.0,0.0,3.0062857,2.0091686,1.361046,2.6641533,0.0,0.0,2.362131,0.0,1.0177512,0.21538162,0.26484928,0.0,0.6218334,0.46792784,0.0,0.0,2.2297199,0.51468074,0.0,0.18192719,0.0,0.0,0.9187276,0.0,0.0,2.258162,0.0,0.0,0.0,0.0,1.3963305,0.3940127,1.6301045,0.0,1.2019747,0.2411017,0.0,0.0,0.0,0.94490737,0.0,0.0,0.0,0.0,0.0,0.55555093,1.5306468,0.0,0.46404237,0.0,0.0,0.12741964,1.7472934,1.1331239,1.8373384,0.0,0.0,0.0,0.017070979,0.0,0.0,1.2494193,0.0,0.0,1.2414156,2.0967512,0.24168748,1.5948915,0.0,0.39276645,1.2428615,0.0,0.0,2.678196,0.079138204,2.2868078,0.12302859,1.0343108,1.9599466,0.0,1.7538636,0.6626756,0.0,1.669404,0.19699267,0.2323794,0.0,0.12293845,0.0,0.0,0.24300219,0.0,0.6785145,0.26346174,0.9807374,0.70017564,0.10516907,0.26391846,0.0,1.5858164,0.0,0.43526757,0.0,0.0,1.5801543,0.0,0.0,0.0,0.34193388,0.43027708,0.7360342,0.0,0.11110101,3.2395587,1.179468,0.5127053,0.0,0.18124475,0.0,0.98177946,0.0,1.3403455,0.0,1.369876,0.11385486,2.2041037,0.0,0.40858012,1.2752945,0.75442874,0.0,0.6202257,0.0,0.0,2.53869,0.09339595,0.0,0.0,0.0,0.1529194,0.33717313,0.0,1.0791249,0.0,3.439137,2.0535643,1.9555821,1.9026356,1.6157976,0.0,0.0,0.15142155,0.0,1.123205,3.0474503,0.0,1.4783108,1.4231765,1.0722351,2.5266042,1.5901791,1.3915603,0.0,0.17032711,0.0,0.21850954,0.0,0.0,0.0,0.82106364,0.17211418,1.4804158,1.6177815,0.0,1.1688527,2.0909433,0.0,0.0,0.0,0.0,2.2467368,0.92761856,0.49313885,1.353641,0.5322936,0.0,2.3540902,0.7999855,1.0663716,0.0,0.28445402,2.085845,0.49513575,0.0,0.0,0.0,1.4687426,0.0,0.3243,0.0,0.0,0.0,0.0,0.7929252,0.0,0.0,1.7701902,0.0,0.0,2.645771,1.4846637,0.0,0.0,1.6281772,0.32851925,0.3798983,0.2110913,0.52267313,0.0,0.0,0.58783644,0
0.0,0.0,0.73040813,1.1152624,3.0755825,0.0,0.0015860302,0.80314654,3.0758913,0.2546475,1.8390517,0.0,0.0,1.5399488,0.0,2.329282,0.0,1.5964425,1.0086883,0.8616462,0.0,1.2819852,0.96659356,0.5436821,1.7936553,0.0,0.30578688,0.2305658,0.439464,0.69676876,0.38650322,0.62871057,0.0,0.0,0.0,2.6390285,2.490907,1.476199,2.9589112,0.0,0.015189693,2.5540724,0.0,0.907836,0.0,1.020396,0.0,0.4382414,0.6382402,0.0,0.0,2.3288558,0.0,0.0,0.076194875,0.0,0.03401556,1.0402608,0.0,0.0,2.2841477,0.0,0.0,0.0,0.0,1.7988551,0.7340862,1.5108624,0.0,1.5946497,0.14418428,0.0,0.0,0.0,1.1402972,0.0,0.0,0.0,0.0,0.0,0.44565457,1.3258334,0.10010304,0.16536245,0.0,0.0,0.35985512,1.7497088,1.5148159,2.411115,0.0,0.0,0.0,0.47275308,0.0,0.0,1.703535,0.0,0.0,1.2219795,2.2189739,0.53964347,1.6276586,0.0,0.36351773,1.4203364,0.0,0.0,2.7812538,0.30013505,2.4953725,0.7919382,0.9170788,1.8259555,0.0,2.043479,0.98923796,0.0,1.3555877,0.66950727,0.25516835,0.0,0.119525306,0.0,0.0,0.16839267,0.0,0.8498748,0.27958128,1.2217714,1.0551021,0.4654745,0.49096224,0.0,1.3172071,0.0,0.40259928,0.0,0.0,1.4323133,0.3838345,0.0,0.0,0.33684117,0.39682332,1.0501548,0.0,0.0,3.4115705,1.5531583,0.2313682,0.0,0.33438244,0.0,1.2639855,0.0,1.7934567,0.0,1.8628098,0.44380653,2.6396887,0.0,0.95126945,1.2103684,0.5181873,0.0,0.8071997,0.0,0.0,2.7075222,0.80437255,0.0,0.2764083,0.0,0.34881064,1.0763975,0.0,1.1812706,0.0,3.6404247,2.1339777,1.8289481,1.6682146,1.89014,0.0,0.0,0.0,0.0,0.54263896,3.271037,0.20977762,2.1100724,1.08134,1.181343,2.5561535,1.4836726,1.4924558,0.0,0.27295238,0.0,0.018426003,0.0,0.0,0.0,0.71877426,0.528728,1.760754,1.841843,0.0,1.1903051,2.0003042,0.0,0.0,0.21132205,0.0,2.4001958,1.2255263,0.91508615,1.3487998,0.21332192,0.0,2.2820168,0.93460625,0.88556397,0.0,0.0,1.9264517,0.7286192,0.03609998,0.0,0.0,1.5156946,0.0,0.14875676,0.0,0.0,0.0,0.0,0.2896511,0.0,0.0,1.6396849,0.05161068,0.050497603,2.757856,1.5530422,0.1625149,0.0,1.2238222,0.30390605,0.8547613,0.0,0.34991702,0.0,0.0,0.90980613,0
0.20418411,0.0,0.84553933,1.0086371,1.8999207,0.0,0.0,0.46610558,2.7343373,0.5983926,1.8417846,0.0,0.0,1.599839,0.0,2.0510767,0.051144827,1.355835,0.7502424,1.0678672,0.0,0.9741954,0.04841522,0.61864454,1.9527001,0.0,0.6811119,0.22771089,0.6270232,0.86916184,0.57726467,0.86078143,0.0,0.0,0.0,2.0849175,1.8376333,1.035145,2.3383129,0.0,0.08286248,2.1418188,0.0,1.3235277,0.056227807,0.68657726,0.0,0.49014932,0.837806,0.0,0.0,1.3711134,0.0,0.0,0.17051415,0.0,0.1565399,0.969758,0.0,0.0,1.8736329,0.0,0.0,0.0,0.0,1.3397708,0.41235772,1.2507651,0.17116863,1.3142471,0.0066161603,0.0,0.0,0.0,0.28148875,0.0,0.0,0.0,0.0,0.0,0.570651,0.67002565,0.0,0.5860348,0.0,0.0,0.93122023,1.1459986,1.2945863,1.980217,0.0,0.0,0.0,0.6864298,0.0,0.0,1.8201884,0.0,0.0,1.3145856,1.7950575,0.6912953,1.1930455,0.0,0.48100686,1.2078564,0.0,0.0,2.4607263,0.20459239,2.551244,0.50151104,0.7923366,1.3537898,0.0,1.4778041,1.3491423,0.0,0.83945847,1.0511333,0.05596218,0.0,0.0,0.0,0.0,0.16410495,0.0,0.92904437,0.61813515,0.7981963,0.73280644,0.4949015,0.6469608,0.0,1.1994716,0.0,0.89613694,0.0,0.0,1.4464704,0.630838,0.0,0.0,0.25291815,0.126468,1.328233,0.0,0.0,3.098763,1.5354304,0.08991892,0.0,0.48315266,0.0,0.49454167,0.0,1.44675,0.0,1.4473263,1.047601,1.7718618,0.0,1.3510195,0.7260612,0.33486882,0.0,0.84726727,0.0,0.0,2.281197,0.5026786,0.031324137,0.331481,0.0,0.22969078,1.3304471,0.0,0.81258076,0.0,2.8028398,1.6364735,1.6039559,1.0448143,1.2954667,0.0,0.0,0.0,0.0,1.0216784,2.8490987,0.84331703,1.7963123,0.84704584,0.73197377,2.295838,1.3562474,1.3292019,0.0,0.3856042,0.0,0.44847608,0.0,0.0,0.0,0.7307398,0.46480632,1.3628832,1.6064686,0.0,1.2341063,1.6297576,0.0,0.0,0.33294097,0.0,1.8022152,1.2535596,0.93585664,0.8996834,0.65078074,0.0,1.7812225,0.6930769,0.9497926,0.10633288,0.0,1.3966491,0.4755536,0.7209312,0.0,0.0,1.336125,0.0,0.53255767,0.0,0.0,0.0,0.0,0.5471703,0.0,0.0,2.289396,0.15045765,0.31465316,2.5533943,1.6489029,0.263709,0.0,1.3813608,0.6510749,1.0177845,0.05099685,0.6415357,0.0,0.0,0.6592824,0
0.008342706,0.0,0.51836544,0.7790909,3.341992,0.0,0.008271943,0.13886847,3.7287598,0.12483495,1.9235533,0.0,0.0,1.4073788,0.0,2.8895075,0.0,1.6536583,0.3456698,0.9224992,0.0,1.4744684,0.9487181,0.61481607,1.4980841,0.0,0.35153353,0.0,0.45889977,0.408889,0.0,0.21673208,0.2096883,0.0,0.0,2.8274627,2.3143253,2.216291,3.1069322,0.0,0.0,2.6938264,0.0,0.9900531,0.0,0.31979468,0.0,0.26458815,0.20220265,0.0,0.0,2.3139002,0.03177021,0.0,0.0,0.0,0.33735973,1.2733458,0.0,0.0,2.658502,0.0,0.0,0.0,0.0,1.6759143,0.07445919,2.0883207,0.0,1.3684624,0.0,0.0,0.0,0.0,1.2327545,0.0,0.0,0.0,0.0,0.0,0.44124234,1.4343554,0.0,0.1423854,0.0,0.0,0.5420444,2.2008138,1.7800758,2.564548,0.0,0.0,0.0,0.05640456,0.0,0.0,1.6238433,0.0,0.0,0.6509419,2.5319479,0.23568687,1.6790088,0.0,0.08011453,1.7309763,0.0,0.0,3.0865257,0.08993916,3.0264812,0.66435593,0.9664396,1.458362,0.0,2.3418796,1.1394382,0.0,1.7808181,0.41431248,0.12618688,0.0,0.31636256,0.0,0.0,0.1816326,0.0,0.3431871,0.0,1.0097727,0.91293,0.0,0.87575924,0.0,1.8863521,0.0,0.44184506,0.0,0.0,1.8986561,0.35410324,0.0,0.0,0.46371362,0.4604629,1.1788061,0.0,0.0,3.8849826,1.1564194,0.42207596,0.0,0.22609885,0.0,0.7054957,0.0,2.1412177,0.0,1.5659587,0.10591878,2.6628728,0.0,0.7986904,1.0815296,0.35629684,0.0,0.9763828,0.0,0.0,2.7898946,0.46269816,0.0,0.12983648,0.0,0.0,0.9243581,0.0,0.89380115,0.0,3.8472452,2.3555133,2.0951438,1.8436757,1.9772583,0.0,0.0,0.11906273,0.0,0.45842576,3.3324442,0.0,1.9566363,1.3754144,1.1787549,3.0265644,1.7246252,1.6923132,0.0,0.55748504,0.0,0.2857486,0.0,0.0,0.0,0.42234302,0.6213349,1.8792325,2.3548481,0.0,1.3087816,1.6947873,0.0,0.0,0.0,0.0,2.4785073,1.2873874,0.6361906,1.0214524,0.69964254,0.0,2.421228,1.1430871,0.34605676,0.0,0.0,1.7401038,0.03884998,0.120145,0.0,0.0,1.8831515,0.0,0.50282115,0.0,0.0,0.0,0.0,0.8642376,0.0,0.0,2.196261,0.0,0.0,3.1464424,1.2627153,0.052197743,0.0,1.2186513,0.17507564,0.81331664,0.5949663,0.8390789,0.0,0.0,1.176145,0
0.0,0.0,0.08650118,0.6779298,3.146205,0.0,0.0,0.3609315,3.2589993,0.14103816,2.0702615,0.0,0.0,1.5031122,0.0,2.7897892,0.10720322,1.7934812,0.30210492,0.7371165,0.0,1.2836516,0.49396548,0.50251174,1.3633803,0.0,0.1627606,0.28728065,0.41120264,0.5507035,0.028057959,0.035926644,0.32870996,0.0,0.0,2.7411532,2.4783986,1.9639893,3.0769603,0.0,0.0,2.938193,0.0,1.2639697,0.0,0.14699444,0.0,0.1927867,0.17071566,0.0,0.0,1.8428918,0.0,0.0,0.0,0.0,0.0,1.2313324,0.0,0.0,2.4054134,0.0,0.0,0.0,0.0,1.2140383,0.0,2.0930715,0.0,1.8013299,0.1981272,0.0,0.0,0.0,1.2203151,0.0,0.0,0.0,0.0,0.0,0.16205744,1.3504044,0.0,0.23000583,0.0,0.0,0.4185626,1.8425831,1.6164064,2.673988,0.0,0.0,0.0,0.019921571,0.0,0.0,1.5094079,0.0,0.0,0.97703964,2.4461894,0.1305401,1.8212171,0.0,0.21772327,1.6253842,0.0,0.0,3.05328,0.0,3.0828784,0.4255467,1.2229881,1.3992841,0.0,2.2432673,1.2960665,0.0,1.4817545,0.38975555,0.0,0.0,0.39285478,0.016487686,0.0,0.15180846,0.0,0.35401058,0.094336,1.3874906,1.2019869,0.0,0.9209687,0.0,1.5398157,0.0,0.6731813,0.0,0.0,2.0390458,0.0,0.0,0.0,0.26221502,0.3152219,0.7239605,0.0,0.0,3.9806178,0.9144241,0.5634303,0.0,0.0,0.0,1.2656071,0.0,1.9589354,0.0,1.7242203,0.0,2.688121,0.0,1.0893797,1.0926416,0.45950282,0.0,0.7696669,0.0,0.0,2.923993,0.52416545,0.0,0.17456742,0.0,0.0,0.6117859,0.0,0.8791072,0.0,3.8841715,2.3691068,2.1010537,1.455064,1.8146566,0.0,0.0,0.17915156,0.0,0.5549572,3.2364798,0.27640304,1.7055942,1.0870125,1.3475274,3.0611322,1.7885034,1.7394115,0.0,0.5015952,0.0,0.0,0.0,0.0,0.0,0.23692559,0.40609345,1.6120411,2.2168095,0.0,1.3134723,1.7587723,0.0,0.0,0.0,0.0,2.7618735,0.8249687,0.413813,0.945935,0.37989852,0.0,2.1663022,1.1933212,0.1801132,0.0,0.18167356,1.8872511,0.09133637,0.08835962,0.0,0.0,1.7076586,0.0,0.0869819,0.0,0.0,0.0,0.0,0.9888434,0.0,0.0,2.3536649,0.0,0.0,3.071937,1.3836206,0.097000405,0.0,1.2796248,0.049359042,0.5048133,0.48022687,0.5556368,0.0,0.0,1.1748958,0
0.0,0.0,0.7191604,1.1086508,2.3527465,0.0,0.15429868,0.9381243,2.4181595,0.21863855,1.7600652,0.0,0.07141352,1.5880625,0.0,2.159436,0.2727547,1.5755454,1.2342272,0.84970665,0.0,1.2078068,0.99338245,0.19419152,1.8050054,0.0,0.12732111,0.18545847,0.45441642,0.8793219,0.5064346,0.99470663,0.0,0.0,0.0,2.7161214,2.4129078,1.1431031,2.2671812,0.0,0.0,2.0836837,0.0,0.8764927,0.38119793,1.1821353,0.0,0.6494297,0.5410007,0.0,0.0,1.7202755,0.19505854,0.0,0.0746749,0.0,0.15187667,0.6977937,0.0,0.0,1.9854074,0.0,0.0,0.0,0.0,1.918479,0.8117166,1.2573211,0.42479575,1.347367,0.20559718,0.0,0.0,0.0,0.9682106,0.0,0.0,0.0,0.0,0.0,0.49000993,0.9275485,0.0,0.0,0.0,0.0,0.6747445,1.0343152,0.87282753,2.0521712,0.0,0.0,0.0,0.41186357,0.0,0.0,1.5500067,0.0,0.0,1.8680055,1.8517251,0.4331959,1.3220764,0.0,0.587436,1.0464443,0.0,0.0,2.425079,0.0,2.08337,0.64239156,0.74002326,1.816606,0.0,1.9036399,0.8957097,0.0,1.335515,0.8711872,0.11972329,0.0,0.08299249,0.06178926,0.0,0.24738552,0.0,0.8181673,0.50158626,1.391354,1.1432401,0.58574903,0.0,0.0,1.410476,0.0,0.86162287,0.0,0.0,1.4074043,0.5107637,0.0,0.0,0.21451019,0.40706182,0.95609826,0.0,0.0,2.9720116,1.6116672,0.0,0.0,0.7402252,0.0,1.4510142,0.0,1.3062869,0.0,1.4858001,0.6284026,2.2056098,0.0,0.8168235,0.79506654,0.06641704,0.0,0.68719023,0.26353094,0.0,2.515218,0.925945,0.0,0.22346471,0.0,0.120332286,0.5966226,0.0,1.2599146,0.0,3.0681162,1.7567606,1.6361717,1.4874824,1.4720775,0.0,0.0,0.0,0.0,1.3245349,3.0222738,0.3893032,2.0563345,0.90456027,1.0243773,2.3883688,1.3752245,1.0127066,0.0,0.32657915,0.0,0.24072947,0.0,0.0,0.0,0.74591327,0.013662661,1.3487865,1.4863107,0.0,0.8911751,1.4643509,0.0,0.0,0.33099172,0.0,2.1804054,1.0922078,0.9070035,1.117515,0.1895995,0.0,1.7389097,0.937947,0.6547571,0.0,0.0,1.5721364,0.44218248,0.0,0.0,0.0,1.5925696,0.0,0.0,0.0,0.0,0.0,0.0,0.28266585,0.0,0.0,1.1076087,0.16652614,0.0,2.8541493,1.4529722,0.4112119,0.0,1.4128615,0.73567945,0.5148042,0.0,0.7203935,0.0,0.0,0.85761124,0
0.0,0.0,0.4910973,0.92300576,2.7599602,0.0,0.0,0.622564,2.6139522,0.28817052,1.7642088,0.0,0.0,1.7844117,0.0,2.5170176,0.11132363,1.5093518,0.9539884,1.0246228,0.0,1.150126,0.9017922,0.54047984,1.6909974,0.0,0.19335645,0.28363898,0.26311132,0.6488083,0.0,0.37315798,0.0,0.0,0.0,2.9161437,2.312233,1.3131626,2.4791234,0.0,0.0,2.3129573,0.0,0.9293432,0.2397101,0.7303153,0.0,0.41484496,0.47563118,0.0,0.0,2.1015434,0.3909406,0.0,0.14437522,0.0,0.0,0.8419202,0.0,0.0,2.0545094,0.0,0.0,0.0,0.0,1.4894588,0.3711362,1.6143439,0.0,1.4627244,0.0,0.0,0.0,0.0,0.9505067,0.0,0.0,0.0,0.0,0.0,0.22197656,1.0505605,0.0,0.26411048,0.0,0.0,0.18238778,1.5374131,1.0688426,1.99687,0.0,0.0,0.0,0.23237696,0.0,0.0,1.4276673,0.0,0.0,1.5412511,2.155604,0.046259288,1.4187284,0.0,0.23413046,1.4173886,0.0,0.0,2.7561946,0.066451,2.5208764,0.31912673,0.7941931,1.6299845,0.0,1.8945453,1.0126649,0.0,1.4547093,0.31474388,0.23729768,0.0,0.33052632,0.0,0.0,0.19626068,0.0,0.6017235,0.27429202,1.2095116,0.94348556,0.04234472,0.82636696,0.0,1.3244632,0.0,0.55767095,0.0,0.0,1.5228797,0.097527325,0.0,0.0,0.29101327,0.2677177,0.9568241,0.0,0.044803478,3.2693326,1.4775008,0.23224871,0.0,0.12170907,0.0,1.3349874,0.0,1.785144,0.0,1.6788279,0.43887487,2.1358202,0.0,0.7129856,0.92404056,0.35455745,0.0,0.4821857,0.0,0.0,2.591663,0.48619848,0.0,0.26624736,0.0,0.020918949,0.9121052,0.0,1.0640731,0.0,3.4939628,1.9065108,1.9696565,1.5803381,1.4845906,0.0,0.0,0.11625675,0.0,0.78453153,3.2767906,0.3272799,1.714353,1.1007068,1.0934681,2.6406956,1.5106657,1.3697869,0.0,0.48386958,0.0,0.32801524,0.0,0.0,0.0,0.7974465,0.1648985,1.7349666,1.627696,0.0,1.2242855,1.8949494,0.0,0.0,0.0,0.0,2.3458362,1.0398058,0.8145653,1.3548017,0.47640952,0.0,2.1418252,1.1080718,0.8846977,0.0,0.006159747,1.5607598,0.3685806,0.0,0.0,0.0,1.5494697,0.0,0.021853574,0.0,0.0,0.0,0.0,0.45769197,0.0,0.0,1.7703488,0.0,0.00864936,3.1880932,1.571245,0.23800254,0.0,1.3558116,0.395775,0.6255529,0.064906195,0.63087004,0.0,0.0,1.1029499,0
0.0,0.0,0.28376257,0.70975983,2.8345835,0.0,0.0,0.47604957,3.0105455,0.28472203,1.5049436,0.0,0.05255243,1.340204,0.0,2.3542826,0.39737055,1.677863,0.9112363,0.7782738,0.0,1.3619205,0.62402195,0.48915622,1.4946032,0.0,0.0,0.10002682,0.13575265,0.84952575,0.0,0.25284356,0.15300691,0.0,0.0,2.5071507,2.5288837,1.69817,2.6365705,0.0,0.0,2.342159,0.0,1.3292683,0.0,0.24451336,0.0,0.26629034,0.53012097,0.0,0.0,1.9524179,0.48784366,0.0,0.118381,0.0,0.35343638,1.129927,0.0,0.0,2.2064924,0.0,0.0,0.0,0.0,1.428645,0.0,1.9267358,0.17963049,1.0055813,0.10522946,0.0,0.0,0.0,0.7798377,0.0,0.0,0.0,0.0,0.0,0.40054357,1.2134506,0.0,0.2781795,0.0,0.0,0.6444051,1.5945895,1.3400532,1.9784935,0.0,0.0,0.0,0.0,0.0,0.0,1.2977465,0.0,0.0,1.1669605,2.1981487,0.0026614713,1.3588992,0.0,0.06751867,1.6094744,0.0,0.0,2.8005679,0.33381715,2.5947795,0.44546598,1.197507,1.2124583,0.0,2.1551936,0.64569783,0.0,1.8423008,0.24386325,0.16798708,0.0,0.0,0.0,0.0,0.57550126,0.0,0.42658758,0.0,0.8347908,0.9263965,0.0,0.44342187,0.0,1.8224261,0.0,0.70934176,0.0,0.0,2.0096617,0.07885603,0.0,0.0,0.5183624,0.36268383,0.8672748,0.0,0.20908454,3.3890395,1.3398058,0.6393166,0.0,0.0,0.0,0.8694859,0.0,1.5978501,0.0,1.4587176,0.09729701,2.1071436,0.0,0.573915,0.7521974,0.43482742,0.0,0.813028,0.0,0.0,2.8180537,0.53588605,0.0,0.20715882,0.0,0.0,0.7821897,0.0,1.0648954,0.0,3.7161956,2.4456115,1.973254,1.7401662,1.3529528,0.0,0.0,0.116308995,0.0,0.93809646,3.0173712,0.07998079,1.3369662,1.0865026,1.2052311,2.3262918,1.5900743,1.7328074,0.0,0.34811917,0.0,0.32819593,0.0,0.0,0.0,1.013005,0.5929624,1.5598644,1.5754714,0.0,1.0528669,1.8219606,0.0,0.0,0.022684798,0.0,2.491811,1.3600802,0.39341784,1.186302,0.6640677,0.0,2.0556605,0.67555517,0.27123514,0.0,0.0,1.6771874,0.05981143,0.0,0.0,0.0,1.6279638,0.0,0.30324036,0.0,0.0,0.0,0.0,0.99380726,0.0,0.0,1.7944845,0.14843479,0.0,2.6378255,1.5079286,0.0,0.0,1.5222386,0.0,0.37955686,0.2779346,1.029581,0.0,0.0,0.8733675,0
0.0,0.0,0.07119614,0.7270326,3.5436451,0.0,0.0,0.7864641,3.2105308,0.0,1.7062644,0.0,0.0,1.6573659,0.0,2.8077781,0.25198305,1.7049615,0.8190089,0.93239427,0.0,1.5259312,0.8037427,0.2516506,1.155993,0.0,0.0,0.22575401,0.0,0.35918534,0.15399215,0.08778132,0.11352379,0.0,0.0,3.059435,2.317391,1.9055123,2.9841595,0.0,0.0,2.7222297,0.0,0.98680663,0.0,0.37615958,0.0,0.070654176,0.27942374,0.0,0.0,2.1747591,0.5432107,0.0,0.0,0.0,0.0,1.516446,0.0,0.0,2.3424013,0.0,0.0,0.0,0.0,1.2133923,0.0,2.2989218,0.0,1.213932,0.26910147,0.0,0.0,0.0,1.0406326,0.0,0.0,0.0,0.0,0.0,0.28356025,1.706357,0.0,0.0,0.0,0.0,0.12899499,2.1278033,1.4561913,2.3620646,0.0,0.0,0.0,0.0,0.0,0.0,1.3581694,0.0,0.0,1.1774144,2.6176064,0.0,1.8532392,0.0,0.01268895,1.9031934,0.0,0.0,3.195427,0.22457282,3.0061703,0.5304652,1.1616391,1.6005219,0.0,2.531772,0.8378992,0.0,1.9120882,0.0,0.0,0.0,0.0,0.0,0.0,0.5653929,0.0,0.3834309,0.0,1.2833815,1.2016771,0.0,0.73866844,0.0,1.8154945,0.0,0.6166448,0.0,0.0,1.7802781,0.0,0.0,0.0,0.30860522,0.4197431,0.5209707,0.0,0.30648246,3.8276157,1.2027386,0.88367575,0.0,0.0,0.0,1.2566342,0.0,2.0454357,0.0,1.7122865,0.0,2.633034,0.0,0.4124487,1.0327501,0.51149476,0.0,0.57626235,0.0,0.0,2.750433,0.22981,0.0,0.0,0.0,0.0,0.40531743,0.0,1.1708491,0.0,3.7593808,2.7517445,2.6543686,2.0685532,2.0660453,0.0,0.0,0.10013459,0.0,0.4538966,3.3631425,0.0,1.2475185,1.4563602,1.46934,2.6357198,1.8075587,1.6890793,0.0,0.2816885,0.0,0.0,0.0,0.0,0.0,0.7118859,0.5511748,1.7834852,1.9359705,0.0,1.055148,2.103307,0.0,0.0,0.0,0.0,3.0536168,1.1939896,0.3078945,1.3220328,0.22791937,0.0,2.4449477,1.21883,0.26403135,0.0,0.0,2.132472,0.0,0.0,0.0,0.0,1.9800085,0.0,0.11776168,0.0,0.0,0.0,0.0,0.9714188,0.0,0.0,1.8017619,0.0,0.0,2.8375967,1.4384284,0.063470006,0.0,1.6097617,0.0,0.48224458,0.62249047,0.6291815,0.0,0.0,0.90988547,0
0.0,0.0,0.2248975,1.1483134,3.3753076,0.0,0.0,0.7632301,3.13377,0.28606707,1.7119163,0.0,0.0,1.5554016,0.0,2.721851,0.24583721,1.7448443,0.98281074,0.9203397,0.0,1.4832635,0.755746,0.50880873,1.6193162,0.0,0.2604749,0.20552392,0.0035859672,0.44893885,0.4167818,0.26973933,0.0,0.0,0.0,2.8883498,2.5135102,1.9223906,3.049301,0.0,0.0,2.5181756,0.0,0.9682705,0.13461396,0.5471696,0.0,0.3398244,0.48329917,0.0,0.0,2.2546182,0.4168098,0.0,0.22497743,0.0,0.2851287,1.4742496,0.0,0.0,2.3824382,0.0,0.0,0.0,0.0,1.5746117,0.24671975,2.3232417,0.0,1.3535045,0.15939876,0.0,0.0,0.0,1.2735921,0.0,0.0,0.0,0.0,0.0,0.28578538,1.213099,0.0,0.11001745,0.0,0.0,0.39634234,1.8525485,1.6420001,2.6513467,0.0,0.0,0.0,0.07101455,0.0,0.0,1.4228835,0.0,0.0,0.98823726,2.6064978,0.3262725,1.6581441,0.0,0.32060313,1.7150601,0.0,0.0,2.9214847,0.20625143,3.02064,0.58276445,1.2796311,1.4656408,0.0,2.3390608,0.9767355,0.0,2.2407687,0.53020066,0.0,0.0,0.039786328,0.0,0.0,0.7166402,0.0,0.44740862,0.48213646,1.1121922,1.2339613,0.21358699,0.43442598,0.0,1.7264206,0.0,0.696597,0.0,0.0,1.8503078,0.19129264,0.0,0.0,0.27789298,0.36151114,0.6438632,0.0,0.20713066,3.8613405,1.5792251,0.57821304,0.0,0.3074647,0.0,1.28097,0.0,2.2890055,0.0,1.6188192,0.0,2.678564,0.0,0.5065814,0.90146416,0.39322782,0.0,0.65220195,0.0,0.0,2.7652326,0.45069855,0.0,0.32673135,0.0,0.0,0.51933455,0.0,1.170886,0.0,3.852681,2.4243524,2.357111,1.8728516,1.9741563,0.0,0.0,0.032602403,0.0,1.1236482,3.831873,0.08918847,1.63124,1.2134563,1.3877662,2.8695004,1.54492,1.2791121,0.0,0.40236217,0.0,0.04481047,0.0,0.0,0.0,0.7272302,0.7913178,2.1472213,1.9741263,0.0,1.2266631,2.042903,0.0,0.0,0.0,0.0,3.1055498,1.316771,0.20240551,1.5380912,0.44864088,0.0,2.4260168,1.0115452,0.40553927,0.0,0.0,2.3001032,0.306319,0.0,0.0,0.0,1.6764264,0.0,0.0042907083,0.0,0.0,0.0,0.0,0.67193174,0.0,0.0,1.7789468,0.0,0.009762537,2.94636,1.922671,0.03364176,0.0,1.6507312,0.56055206,0.59782356,0.3045459,1.1351222,0.0,0.0,0.8952674,0
0.0,0.0,0.341842,0.86359763,3.20466,0.0,0.0,0.72057366,2.9787993,0.4456491,1.5708942,0.0,0.0,1.3471985,0.0,2.492945,0.37108937,1.4350158,1.2075429,0.964093,0.0,1.5738546,1.1444349,0.52210766,1.4708248,0.0,0.14793383,0.0,0.20761052,0.5132865,0.22859056,0.09045798,0.053716127,0.0,0.0,2.7016764,2.3735697,1.8417665,2.9920619,0.0,0.0,2.6176946,0.0,0.9633393,0.33146143,0.5292062,0.0,0.26260433,0.5861186,0.0,0.0,2.4189184,0.58285815,0.0,0.22288127,0.0,0.4132893,1.4763724,0.0,0.0,2.3661466,0.0,0.0,0.0,0.0,1.5442579,0.19756496,1.9262956,0.21457517,1.658892,0.09215103,0.0,0.0,0.0,1.2560458,0.0,0.0,0.0,0.0,0.0,0.17123626,1.1549767,0.0,0.0,0.0,0.0,0.31669274,1.8864311,1.5578394,2.1138232,0.0,0.0,0.0,0.0,0.0,0.0,1.6343617,0.0,0.0,1.2097497,2.455988,0.37034693,1.5037242,0.0,0.44702005,1.503373,0.0,0.0,2.904945,0.28945962,2.613517,0.62097037,1.247666,1.6948721,0.0,2.069292,0.788014,0.0,2.085807,0.30842677,0.18778577,0.0,0.2059472,0.0020003475,0.0,0.66410595,0.0,0.4323575,0.4578112,1.1338674,1.0887904,0.122658595,0.56998724,0.0,1.7680176,0.0,0.4350615,0.0,0.0,1.865321,0.0,0.0,0.0,0.1371153,0.36753735,0.6721152,0.0,0.21355428,3.532243,1.3058174,0.8811433,0.0,0.3393937,0.0,1.1715597,0.0,2.0286205,0.0,1.6117142,0.12997164,2.384984,0.0,0.44124147,1.1249487,0.42731452,0.0,0.76534,0.0,0.0,2.707172,0.5874285,0.0,0.064844325,0.0,0.0,0.6371782,0.0,1.2224308,0.0,3.3072348,2.3221993,2.1532874,1.929148,1.967251,0.0,0.0,0.0926386,0.0,0.98723465,3.486332,0.0058007077,1.4689369,1.3358232,1.5351964,2.6438005,1.584017,1.5555683,0.0,0.2188219,0.0,0.24230285,0.0,0.0,0.0,0.6355706,0.7264085,1.8398246,1.8017972,0.0,1.1668034,2.115309,0.0,0.0,0.052799568,0.0,2.53049,1.107717,0.2640929,1.4617825,0.47432145,0.0,2.4204082,0.87652016,0.28810817,0.0,0.0,1.798063,0.3607313,0.0,0.0,0.0,1.6844407,0.0016537119,0.06330336,0.0,0.0,0.0,0.0,0.7359211,0.0,0.0,1.6387358,0.0,0.0,2.6204498,1.9241731,0.08907707,0.0,1.5388783,0.4479104,0.8293088,0.2332821,0.8942595,0.0,0.0,1.0540065,0
1.3058167,0.0,2.1358364,2.2665854,0.0,0.0,1.2309303,1.1355661,1.3688082,2.8681812,1.2579376,0.0,1.0645282,0.26023033,0.1600365,0.0,0.0,0.0,2.151969,1.489024,0.0,0.57471454,0.0,0.9857715,2.1696057,0.0,1.1010487,0.0,1.9823109,2.9023728,2.4636884,2.6319842,0.0,0.0,0.0,0.14389983,1.4367834,0.0,1.969043,0.0,0.0,0.1138213,0.0,2.4531345,0.72011065,1.4252986,0.0,1.8794931,2.6462543,0.0,0.0,0.0,0.0,0.0,1.0353647,0.0,2.698759,0.15176925,0.0,0.0,0.31054634,0.0,0.0,0.0,0.0,3.1576526,2.0118685,0.0,1.9818846,0.919303,0.0,0.0,0.0,0.0,0.0,0.0,0.0,0.0,0.0,0.0,0.65326893,0.0,1.0427054,1.3501467,0.0,0.21292134,3.0639486,0.0,0.0,0.29060048,0.0,0.0,0.0,2.0192952,0.0,0.55872035,3.9962144,0.0,0.16286848,0.98208004,0.08787498,2.0687022,0.27964404,0.0,1.2405328,0.0,0.0,0.0,0.43090045,1.3722309,0.40732935,1.7923456,0.0,0.8154319,0.0,0.14675649,2.5297074,0.0,0.0,2.8337898,2.020357,0.0,0.0,1.4743767,0.88505244,0.0,0.4186147,1.2500632,2.9586184,0.5527308,1.6460998,2.5009112,0.0,0.0,0.0,0.0,1.9169936,0.0,0.0,0.5224831,2.8498635,0.0,0.0,0.23808265,0.4916374,2.2490852,0.0,0.0,0.50587815,1.8254483,0.0,0.0,3.862085,0.0,0.0,0.0,0.0,0.41264,0.2178644,2.4779932,0.7039849,0.0,2.600227,0.0,0.0,0.0,2.1464505,1.956079,0.0,0.23278806,2.7186146,2.006008,2.1083322,0.0,0.97936594,2.8668275,0.0,0.27179116,0.0,0.7556394,0.0,0.0,0.5650355,0.0,0.0,0.0,0.0,0.0,2.3155415,1.1792797,2.0327616,3.0611184,0.4510128,0.0,0.5938921,0.12562656,0.0,0.0,0.46108544,0.0,1.9215916,0.0,0.0,0.0,1.2533633,1.6101532,0.0,0.03473389,0.0,0.4247966,0.19843245,0.0,0.0,1.5997498,0.0,0.21187077,1.7337258,1.4959813,0.0,0.6820135,0.0,0.0,1.0111427,0.049981795,0.7931566,0.0,0.0,2.4409347,2.8316255,0.0,0.0,0.030352801,0.0,1.7786523,0.0,0.0,0.0,0.0,2.0794263,0.0,0.0,0.5311505,3.6056387,1.9041492,0.48890772,0.059797704,0.36289668,0.10772438,0.4805713,3.0674899,1.7578675,0.0,1.854394,0.0,0.0,0.0,1
0.016847845,0.0,1.0833138,1.3820564,1.7161753,0.0,0.31156963,0.699384,2.8197737,0.6671995,1.6349503,0.0,0.20314083,1.8789899,0.0,1.7868891,0.17349924,1.4009666,1.2707194,1.0183293,0.0,1.5371354,0.3969957,0.5535079,1.6335431,0.0,0.5159889,0.0,0.47363386,1.0294303,0.74446535,1.1133717,0.0,0.0,0.0,2.4405866,2.0575135,0.7969249,2.2372696,0.0,0.0,1.8929459,0.0,1.4719187,0.8776921,0.80552435,0.0,0.652209,1.0847778,0.0,0.0,2.1023514,0.0,0.0,0.4618996,0.0,0.6401829,0.63189936,0.0,0.0,1.9564989,0.0,0.0,0.0,0.0,1.6187879,1.0728183,0.86656266,0.25924945,1.1440411,0.0,0.0,0.0,0.0,0.77685094,0.0,0.0,0.0,0.0,0.0,0.5396884,0.7357877,0.479535,0.66588223,0.0,0.0,0.9464042,1.1016172,1.122403,1.7058909,0.0,0.0,0.0,0.49898595,0.0,0.0,1.5453105,0.0,0.0,1.5492947,1.8329631,0.50434,0.88649523,0.0,0.61296844,0.77400386,0.0,0.0,2.2099385,0.23918621,2.292498,0.54106873,0.8464593,1.5531852,0.0,1.5934212,1.0165406,0.0,1.2625477,0.8347187,0.14053747,0.0,0.0,0.0,0.0,0.09399451,0.0,0.7011244,0.45060173,0.84535104,1.0744476,0.65483135,0.0,0.0,1.1793882,0.0,0.9150454,0.0,0.0,1.4826976,0.5779164,0.0,0.0,0.0,0.3697002,0.95553976,0.0,0.0,2.424055,1.643303,0.0,0.0,1.3426763,0.0,0.6974822,0.0,0.7993583,0.0,1.0837697,0.99023485,1.5992644,0.0,1.0805708,0.57263595,0.012575254,0.0,1.0151801,0.5541768,0.0,1.9250245,1.0310711,0.020064902,0.86131746,0.0,0.16844796,1.3194951,0.0,0.89414144,0.0,2.8566892,1.0822884,1.4876662,1.2674273,1.3815577,0.0,0.0,0.0,0.0,1.5306538,2.550271,0.82846874,1.9368107,0.77638125,0.89380765,2.1071832,1.2739025,1.1065985,0.0,0.53683674,0.0,0.50545555,0.0,0.0,0.0,1.1236746,0.46976462,1.3262352,1.2633995,0.0,1.0119545,1.7430748,0.0,0.0,0.45851913,0.0,1.3556607,1.1990469,0.9613366,1.3372567,0.3709112,0.0,1.79608,0.89697033,0.8176621,0.0,0.0,1.3440466,0.97375053,0.5473679,0.0,0.0,1.1911352,0.0,0.31805554,0.0,0.0,0.0,0.0,0.7604811,0.0,0.0,1.4992454,0.2573833,0.0,2.4815793,1.3145134,0.07830583,0.0,1.2986084,1.1018997,0.92172813,0.0,1.1326269,0.0,0.0,0.587081,0
0.7643269,0.0,1.5717131,1.1471201,0.536927,0.0,0.83022445,0.6231583,1.7371366,1.7786094,1.2929078,0.0,0.22255489,1.0296714,0.0,0.6746114,0.0,0.55729026,1.3670939,1.3162045,0.0,0.32786357,0.30199578,0.8163397,2.0144727,0.0,0.657743,0.0,1.1713188,1.7899685,1.1776552,1.4708806,0.0,0.0,0.0,1.1495503,1.5769038,0.21235198,1.6493644,0.0,0.0,1.1454256,0.0,1.6736375,0.34005904,1.9174057,0.0,1.3844585,1.7167351,0.0,0.0,0.7751891,0.0,0.0,0.76514363,0.0,1.3711921,0.30542454,0.0,0.0,1.073504,0.0,0.0,0.0,0.0,2.4712837,1.4183366,0.14524525,1.6240265,1.1767778,0.0,0.0,0.0,0.0,0.0,0.0,0.0,0.0,0.0,0.0,0.7130912,0.2626117,0.37787822,0.951701,0.0,0.1279209,1.8638358,0.21727616,0.65288675,1.1215283,0.0,0.0,0.0,1.1242058,0.0,0.39523387,2.5011797,0.0,0.0,1.4917738,0.8100781,1.5366358,0.6940084,0.0,0.87068987,0.7672674,0.0,0.0,1.3718201,0.9947022,1.3374614,1.4164354,0.09256289,1.2354711,0.0,0.8105941,1.3851477,0.0,0.55277437,2.1938806,1.1577584,0.0,0.0,0.4234209,0.42887875,0.24604078,0.5896299,0.67367727,1.6552151,0.3047602,0.8312533,1.2714031,0.0,0.0,0.6129945,0.0,1.3826388,0.0,0.0,0.83476096,1.5985001,0.0,0.0,0.0,0.41846272,2.2473009,0.0,0.0,1.5073675,1.8880862,0.0,0.0,1.8065603,0.0,0.5922624,0.0,0.51357996,0.0,0.73002774,2.1760294,1.3988833,0.0,1.6534756,0.35319212,0.0,0.0,1.5251802,0.75205606,0.0,0.8952304,1.5046284,0.617707,1.2988505,0.0,0.6855482,2.3694248,0.0,0.738358,0.0,1.5443947,0.12312333,0.35787132,0.647266,0.39892316,0.0,0.0,0.0,0.0,1.6080302,1.8567867,1.464658,2.382738,0.36799005,0.19702508,1.0472461,1.0587596,0.5061149,0.0,0.09581924,0.0,1.0336093,0.0,0.0,0.0,1.4095948,0.98436856,0.5283462,0.4708407,0.0,1.0831661,0.74082434,0.0,0.0,1.1088475,0.0,0.98646134,1.5468202,0.99527293,0.8183395,0.5457041,0.0,0.8277117,0.47925663,0.34396917,0.6285371,0.10508754,0.38612634,1.6091746,1.5234978,0.0,0.0,0.77482885,0.0,0.6792646,0.0,0.0,0.0,0.0,0.7617935,0.0,0.0,1.3707778,1.7407993,0.7130545,1.1415108,1.0079727,0.3526494,0.0,0.8635844,1.7146097,1.9025866,0.0,0.9054569,0.0,0.0,0.0,1
0.0,0.0,1.1596543,1.0601335,2.1861646,0.0,0.40535134,0.37985572,1.8951874,0.48526597,1.6934912,0.0,0.119359106,2.3520122,0.0,2.0643003,0.043997943,1.3189199,1.2163167,1.1601202,0.0,1.5230258,1.3196529,0.8992115,2.312181,0.0,0.46822712,0.6932195,0.32580504,1.006912,0.4331236,0.7859298,0.0,0.0,0.0,2.7162688,2.115201,0.749597,2.295662,0.0,0.0,1.8530198,0.0,0.9133152,0.8296142,1.6897504,0.0,0.30911046,0.47649541,0.0,0.0,2.0724232,0.18217055,0.0,0.405235,0.0,0.1862955,0.3297334,0.0,0.0,1.778799,0.0,0.0,0.0,0.0,1.9899433,1.0234888,0.93610704,0.13781434,1.1998065,0.0,0.0,0.0,0.0,0.8245945,0.0,0.0,0.0,0.0,0.0,0.59152275,0.61856896,0.015179778,0.18566933,0.0,0.0,0.39401177,1.2592009,0.8593451,1.5946983,0.0,0.0,0.0,0.8798635,0.0,0.0,1.19884,0.0,0.0,2.2880888,2.1342418,0.7196962,1.4406623,0.0,0.6668854,0.8152241,0.0,0.0,2.5466275,0.07913862,2.3778737,0.3888953,0.67696005,2.1420765,0.0,1.4243662,1.1795285,0.0,1.2363338,0.73796374,0.69745284,0.0,0.4022953,0.0,0.0,0.023667442,0.05193253,1.2478824,0.8719332,1.2722368,0.99858874,0.43476284,0.4553416,0.0,1.3446953,0.0,0.5182875,0.0,0.0,1.4939661,0.4185028,0.0,0.0,0.50670135,0.12902406,1.3616632,0.0,0.0,2.2996986,1.3261464,0.0,0.0,0.81445396,0.0,0.9619309,0.0,1.3224314,0.0,1.224357,1.0252047,1.4428881,0.0,0.5461404,0.90992486,0.0,0.0,0.6159016,0.0067985775,0.0,2.0096693,0.6365923,0.0,0.57464415,0.0,0.22222684,1.0662704,0.0,1.1617393,0.0,2.588396,1.0075889,1.6250823,1.4152783,1.4617565,0.0,0.0,0.0,0.0,1.306878,2.9456854,0.4189906,2.5264082,0.50196695,0.7034307,2.6366243,1.4119549,1.0299892,0.0,0.46106666,0.0,0.45147896,0.20286109,0.0,0.0,0.6594091,0.0,1.6324215,0.98133093,0.0,1.3453162,1.6614398,0.0,0.0,0.43191645,0.0,1.2861159,0.8396007,1.7209609,1.6564109,0.15525289,0.0,1.9378855,1.0147228,1.223542,0.0,0.15391172,1.193845,0.865576,0.12933566,0.0,0.0,1.4843831,0.0,0.21718337,0.0,0.0,0.0,0.0,0.15714413,0.0,0.0,1.3733602,0.0,0.17053826,2.823191,1.8160406,0.1339876,0.0,1.7056229,0.9568554,0.81720537,0.0,0.53640574,0.0,0.0,0.62662745,0
0.0,0.0,1.13084,1.4653189,1.8636613,0.0,0.038614463,0.40632877,2.154356,0.70045304,1.5905542,0.0,0.28789607,1.8227059,0.0,2.0789564,0.29607183,1.3554688,0.9177313,0.911481,0.0,1.4634247,0.92081326,0.2435625,2.2068293,0.0,0.48668185,0.45660737,0.5338725,0.77125317,0.32919368,1.0629537,0.0,0.0,0.0,2.5209715,2.190052,0.6035981,2.071019,0.0,0.050898656,1.8548754,0.0,0.8473312,0.6464242,0.87604207,0.0,0.7227064,0.69017416,0.0,0.0,1.6469531,0.6050126,0.0,0.22843853,0.0,0.1363342,0.51258844,0.0,0.0,1.8359725,0.0,0.0,0.0,0.0,1.675775,1.1287078,0.9126848,0.0,1.1244086,0.0,0.0,0.0,0.0,0.34786382,0.0,0.0,0.0,0.0,0.0,0.4205173,0.7728308,0.0,0.5619182,0.0,0.0,0.54451746,0.7740932,0.67321086,1.3980886,0.0,0.0,0.0,0.3351821,0.0,0.0,1.2475927,0.0,0.0,1.8241125,1.6978381,0.6748189,1.1397792,0.0,0.47703663,0.9034236,0.0,0.0,2.2429447,0.06521122,2.2215827,0.53696847,0.5648861,1.4966565,0.0,1.2430179,0.87489754,0.0,1.3547527,1.1335655,0.41864905,0.0,0.0,0.0,0.0,0.0,0.0,0.8182808,0.7914006,0.8004333,0.823916,0.6223783,0.0,0.0,1.2623445,0.0,0.93374217,0.0,0.0,1.5265657,0.8045914,0.0,0.0,0.39666015,0.33113638,1.2873683,0.0,0.04438845,2.4417953,1.6581185,0.0,0.0,0.86795473,0.0,0.77685565,0.0,1.0211362,0.0,1.4851619,0.7618069,1.3155268,0.0,0.6976262,0.79572856,0.14238612,0.0,0.57476354,0.33958673,0.0,2.0888195,0.9294482,0.0,0.84409034,0.0,0.28923157,1.2692727,0.0,1.1366147,0.0,2.730509,1.2458637,1.521507,1.5718105,1.2255515,0.0,0.0,0.0,0.0,1.6076304,2.8059092,0.43195695,2.1231842,0.41100165,0.8795092,2.1712952,1.3295864,1.1360708,0.0,0.23322919,0.0,0.7737688,0.0,0.0,0.0,0.9511535,0.30220997,1.2258606,1.3687608,0.0,1.0365825,1.6033417,0.0,0.0,0.46280906,0.0,1.3981638,0.83145547,1.2135434,1.3338532,0.5638909,0.0,1.5284054,1.0082561,1.5226303,0.0,0.19643965,1.247554,0.16509067,0.30745703,0.0,0.0,1.4722886,0.0,0.43653265,0.0,0.0,0.0,0.0,0.300317,0.0,0.0,1.3925099,0.12466976,0.0,2.5432305,1.2735941,0.10237178,0.0,1.2733724,0.70009106,0.8563636,0.0,0.89425087,0.0,0.0,0.5233514,0
0.0,0.0,0.44418997,0.87462115,3.420582,0.0,0.0,0.50000596,2.6643138,0.0,1.7552242,0.0,0.09376946,2.2423825,0.0,3.0834458,0.05266932,1.4770391,0.9783756,0.65575147,0.0,1.8243965,1.2945945,0.13781314,1.9687276,0.0,0.0,0.86556536,0.106641084,0.35437083,0.030023687,0.64398396,0.0,0.0,0.0,3.3888898,2.5168552,1.3771915,2.4441178,0.0,0.11048238,2.4075801,0.0,0.79775107,0.74851894,0.86446875,0.0,0.31530914,0.21966594,0.0,0.0,2.5704594,0.7548113,0.0,0.0,0.0,0.0,0.51626927,0.0,0.0,1.9403872,0.0,0.0,0.0,0.0,1.4641974,0.44735724,1.8326561,0.0,1.4710472,0.0,0.0,0.0,0.0,1.3508579,0.0,0.0,0.0,0.0,0.0,0.18289255,1.0897255,0.0,0.13568023,0.0,0.0,0.0,1.3275204,1.2888539,2.2681339,0.0,0.0,0.0,0.36701098,0.0,0.0,1.1311581,0.0,0.0,2.1726515,2.2966843,0.10199831,1.683782,0.0,0.3506106,1.3973612,0.0,0.0,2.9217582,0.0,2.6754146,0.0,1.1306607,1.5193942,0.0,2.031163,0.5989963,0.0,1.5356758,0.51830953,0.19776228,0.0,0.40917984,0.0,0.0,0.0,0.0,1.0670679,0.4496288,1.3036757,1.115481,0.086538956,0.38094947,0.0,1.6814545,0.0,0.37771738,0.0,0.0,1.5327926,0.0,0.0,0.0,0.57664186,0.5431006,0.9563828,0.0,0.47466707,3.2182717,1.6415944,0.31388453,0.0,0.2035069,0.0,1.5548002,0.0,1.3405601,0.0,1.531099,0.0,2.1952813,0.0,0.34999043,1.1777556,0.50395703,0.0,0.08660853,0.0,0.0,2.8396163,0.21969563,0.0,0.0,0.0,0.07730822,0.48478243,0.0,1.7711158,0.0,3.45803,1.9061844,2.3277783,1.8513243,1.3257664,0.0,0.0,0.06311557,0.0,1.1681881,3.5268664,0.058943808,1.9303588,1.1315025,0.94155765,3.0370104,1.1443146,1.5055038,0.0,0.41248643,0.0,0.31480515,0.2801074,0.0,0.0,0.34783095,0.0,1.5995271,1.7890768,0.0,0.9444961,2.2463446,0.0,0.0,0.10433851,0.0,2.5258155,0.40880755,1.112444,1.5930667,0.071690835,0.0,2.4630177,0.9834392,1.317281,0.0,0.005618239,1.8638105,0.07227482,0.0,0.0,0.0,1.388357,0.0,0.0,0.0,0.0,0.0,0.0,0.1625925,0.0,0.0,1.5153801,0.0,0.0,3.1438186,1.9547827,0.22771339,0.0,1.9479438,0.044951532,0.38648465,0.0,0.52714187,0.0,0.0,0.8914527,0
0.6793975,0.0,1.9577014,2.0634627,0.43153673,0.0,1.1080285,0.92148304,1.753778,2.0916238,1.057531,0.0,0.71752477,0.97684735,0.0,0.5778553,0.40765342,0.0,1.416239,1.4191473,0.0,1.2711387,0.0,0.5480815,1.6458756,0.0,0.8664809,0.0,1.6593442,1.8695812,1.8648895,2.3538566,0.0,0.0,0.0,0.8404078,1.8433461,0.0,1.1953781,0.0,0.0,0.6310443,0.0,2.1002345,1.1896956,1.576424,0.0,1.635753,2.1208076,0.0,0.0,0.5550549,0.0,0.0,0.74272704,0.0,1.9720197,0.24008894,0.0,0.0,0.5741296,0.0,0.0,0.0,0.0,2.7328632,1.9294236,0.0,1.416947,0.6003656,0.0,0.0,0.0,0.0,0.0,0.0,0.0,0.0,0.0,0.0,1.1500725,0.0,0.29807743,1.4301956,0.0,0.0,2.5226836,0.0,0.4314886,0.8373109,0.0,0.0,0.0,1.1465156,0.0,0.0,3.0111885,0.0,0.0,1.5475478,0.77123183,1.6592486,0.48605144,0.0,1.1265367,0.3773343,0.0,0.0,1.7530159,0.9492513,1.006777,1.4469861,0.40590757,0.81358254,0.0,0.45568213,1.8462117,0.0,0.002805792,2.1589212,1.2334493,0.0,0.0,0.5435809,0.5643754,0.6297229,0.11976337,0.68149465,2.1652687,0.35461733,1.1445171,1.5436659,0.0,0.0,0.31626058,0.0,1.4317452,0.0,0.0,0.5468535,1.6651261,0.0,0.0,0.1720815,0.3504502,1.83315,0.0,0.0,0.811656,2.172548,0.0,0.0,2.7941463,0.0,0.0,0.0,0.32312742,0.15041909,0.71811414,2.559283,0.9332395,0.0,1.7591254,0.0,0.0,0.0,1.6405673,1.2094686,0.0,1.0133435,2.3524692,0.68236893,1.8449506,0.0,0.7715246,2.2394872,0.0,0.69008267,0.0,1.2810878,0.0,0.45142114,0.7565255,0.30351388,0.0,0.0,0.0,0.0,2.0516167,2.0455341,1.8921105,2.3945365,0.0,0.0,0.84531426,0.6198704,0.083608754,0.0,0.4605832,0.0,1.598195,0.0,0.0,0.0,2.0878222,1.1985363,0.37303978,0.3189256,0.0,0.5196353,0.6789386,0.0,0.0,1.4186946,0.0,0.0,2.2407753,1.1870342,0.7591872,0.5792765,0.0,0.40751845,1.1083533,0.4567266,0.4569666,0.021364657,0.49468315,1.5084631,1.611689,0.0,0.0,0.3219414,0.0,0.8620288,0.0,0.0,0.0,0.0,1.231647,0.0,0.0,0.56233704,2.1718824,1.0828495,1.2274343,0.79101723,0.60150665,0.0,1.2662731,1.598711,1.9485451,0.0,1.7517655,0.0,0.0,0.0,1
0.18834567,0.0,0.54260087,1.046192,2.19206,0.0,0.0,0.7783927,2.8879762,0.5386766,1.6607474,0.0,0.024284394,1.3670688,0.0,2.503444,0.17678905,1.2936246,0.8504938,0.77689856,0.0,1.5003445,0.45898363,0.1923856,1.5804722,0.0,0.46638718,0.11187071,0.41884705,0.84541565,0.21080726,0.7509571,0.0,0.0,0.0,2.1824787,2.3917644,1.2449083,2.3903663,0.0,0.15299036,2.449484,0.0,1.5363971,0.0,1.0192058,0.0,0.83197564,0.4484005,0.0,0.0,2.2664537,0.0,0.0,0.0,0.0,0.012290081,0.5997668,0.0,0.0,2.075926,0.0,0.0,0.0,0.0,1.6247003,0.8167114,1.2733591,0.0,1.506652,0.2698115,0.0,0.0,0.0,0.5542731,0.0,0.0,0.0,0.0,0.0,0.36179686,1.4317973,0.00085117953,0.7562265,0.0,0.0,0.79136664,1.1900501,1.7019199,2.3969805,0.0,0.0,0.0,0.5328558,0.0,0.0,1.3450105,0.0,0.0,1.3361553,2.0152586,0.11290217,1.1706516,0.0,0.40842488,1.255944,0.0,0.0,2.9074233,0.3738084,2.8966918,0.73185766,0.73402077,1.4548476,0.0,1.9365958,1.1233089,0.0,1.2676928,0.58785176,0.0407289,0.0,0.0,0.0,0.0,0.0,0.0,0.6931646,0.06364098,0.6242283,1.1055282,0.4577557,0.58094305,0.0,1.1585591,0.0,0.9874022,0.0,0.0,1.6882623,0.82574534,0.0,0.0,0.48900312,0.733028,1.0604554,0.0,0.0,2.8203285,1.5075167,0.18891469,0.0,0.33348987,0.0,0.64660686,0.0,1.2216209,0.0,1.2995068,0.8450902,2.2661004,0.0,1.1321114,0.87483156,0.36962354,0.0,0.53208923,0.0,0.0,2.4791055,0.97909445,0.15836956,0.17495553,0.0,0.16607402,1.2956187,0.0,0.81191856,0.0,3.3498633,1.904404,1.4597459,1.7336767,1.4060535,0.0,0.0,0.0,0.0,0.539553,2.6351442,0.4182639,1.6525562,1.0619463,0.95167345,2.385647,1.7214359,1.3855984,0.0,0.39897662,0.0,0.41555595,0.0,0.0,0.0,0.99025023,0.10489672,1.5087328,1.8829881,0.0,1.2745707,1.6419545,0.0,0.0,0.036213085,0.0,1.9045289,0.96154743,1.1300845,1.5153024,0.15040128,0.0,2.0660324,0.9950237,0.71671826,0.0,0.020142341,1.4411913,0.43319923,0.26824456,0.0,0.0,1.5652616,0.0,0.5579257,0.0,0.0,0.0,0.0,0.52603304,0.0,0.0,2.3736544,0.06602362,0.0,2.3872714,1.24208,0.13203445,0.0,1.4065051,0.40432063,0.92914546,0.27418247,0.681981,0.0,0.0,0.7742366,0
0.0,0.0,0.2757647,0.71713895,2.9237955,0.0,0.0,0.44275936,2.5653439,0.16734046,1.5105046,0.0,0.0,1.7484912,0.0,2.4783614,0.1004952,1.3700984,1.1633943,0.77163565,0.0,1.5358633,1.0006163,0.33632377,1.7354499,0.0,0.045560658,0.51645195,0.2821289,0.50151294,0.11113292,0.23942089,0.0,0.0,0.0,2.7961614,2.3062334,1.5006346,2.5960944,0.0,0.018167065,2.2618175,0.0,0.8363715,0.3720315,0.59793204,0.0,0.32703707,0.30876416,0.0,0.0,2.1236143,0.72903216,0.0,0.002234654,0.0,0.0,0.8218288,0.0,0.0,2.043865,0.0,0.0,0.0,0.0,1.4276867,0.37454003,1.532795,0.07346878,1.0690154,0.058092043,0.0,0.0,0.0,0.93885684,0.0,0.0,0.0,0.0,0.0,0.40934572,1.1999272,0.0,0.019615738,0.0,0.0,0.04886543,1.5160314,1.173481,1.9919199,0.0,0.0,0.0,0.18316805,0.0,0.0,1.1521823,0.0,0.0,1.5642451,2.2654958,0.12667868,1.6700202,0.0,0.21176334,1.302869,0.0,0.0,2.9712753,0.14356534,2.6611586,0.3500117,1.0486816,1.661102,0.0,1.9430506,0.5216883,0.0,1.7376142,0.3077468,0.2549235,0.0,0.28722304,0.0,0.0,0.38947865,0.0,0.6316859,0.042162687,1.1068153,0.9273652,0.06814258,0.6663413,0.0,1.4916825,0.0,0.43211725,0.0,0.0,1.584344,0.0730669,0.0,0.0,0.4152184,0.3929232,0.77052516,0.0,0.38012052,3.0923367,1.2322602,0.5311066,0.0,0.21450455,0.0,1.0861893,0.0,1.4708565,0.0,1.3861257,0.122028336,2.0281525,0.0,0.38621888,1.0594602,0.43717408,0.0,0.64444435,0.0,0.0,2.5400357,0.24134147,0.0,0.0,0.0,0.0,0.69586825,0.0,1.2893772,0.0,3.3352046,1.877073,2.0625775,1.6518074,1.7571608,0.0,0.0,0.0,0.0,1.0627408,3.1533523,0.0063091205,1.4767967,1.1978153,1.0970477,2.5687516,1.3091819,1.521519,0.0,0.26522,0.0,0.19690908,0.0,0.0,0.0,0.7101904,0.23286818,1.5980549,1.7601024,0.0,1.2228858,1.9930891,0.0,0.0,0.05278741,0.0,2.1751516,0.90624356,0.8049439,1.5428512,0.2580187,0.0,2.4974096,0.9196494,0.7597609,0.0,0.03222897,1.4845084,0.18427096,0.0,0.0,0.0,1.4703445,0.0,0.20234264,0.0,0.0,0.0,0.0,0.68343025,0.0,0.0,1.617048,0.0,0.0,2.5524447,1.7391993,0.0,0.0,1.5143567,0.12416751,0.51901644,0.20589244,0.6313295,0.0,0.0,0.79013735,0
0.0,0.0,0.6682836,0.8932692,2.5109744,0.0,0.061280143,1.0763382,2.8013225,0.27119493,1.6471009,0.0,0.0,1.5658942,0.0,2.2037413,0.5830764,1.2079029,1.0714806,1.011712,0.0,1.6582532,1.0382968,0.7451619,1.8358586,0.0,0.09676726,0.08896939,0.33407238,0.96126395,0.52526593,0.94255877,0.0,0.0,0.0,2.4716957,2.571376,1.2147789,2.6334126,0.0,0.14527051,2.533631,0.0,1.0726057,0.0,1.2692448,0.0,0.6660528,0.6704941,0.0,0.0,2.5194862,0.022593778,0.0,0.0,0.0,0.34279194,0.87019,0.0,0.0,2.3212683,0.0,0.0,0.0,0.0,1.7932205,0.6884479,1.468477,0.26859796,1.1341965,0.0,0.0,0.0,0.0,0.91400975,0.0,0.0,0.0,0.0,0.0,0.6329303,1.315915,0.0,0.022893993,0.0,0.0,0.54955816,1.8158052,1.6480697,2.2586465,0.0,0.0,0.0,0.71539146,0.0,0.0,1.3734295,0.0,0.0,1.5643711,2.1634145,0.40489876,1.2088479,0.0,0.514317,1.529664,0.0,0.0,2.828382,0.1480376,2.7976246,0.732965,1.1910896,1.8582511,0.0,2.042188,0.7081844,0.0,1.4991286,0.5150607,0.39069125,0.0,0.0,0.0,0.0,0.19383843,0.0,0.9326494,0.32492587,1.1321632,0.9666726,0.3464688,0.6174888,0.0,1.4126935,0.0,0.73573583,0.0,0.0,1.7392745,0.4112322,0.0,0.0,0.2699068,0.86551684,0.7564363,0.0,0.0,3.2601078,1.7788417,0.070327826,0.0,0.7854982,0.0,1.1754645,0.0,1.3599027,0.0,1.5631936,1.0317156,2.1014116,0.0,0.4222693,0.86744183,0.3105601,0.0,0.8026125,0.0,0.0,2.7939296,0.75490177,0.06532172,0.24465568,0.0,0.19617228,1.0649688,0.0,1.1182551,0.0,3.3713818,1.8790812,1.907124,1.8884745,1.6283425,0.0,0.0,0.0,0.0,1.1859347,3.0943263,0.28212285,1.8544551,0.9444712,1.1689461,2.6469505,1.6098173,1.3323325,0.0,0.42395273,0.0,0.38539228,0.0,0.0,0.0,0.9773813,0.19725518,1.5398737,1.696485,0.0,1.3205006,1.8698168,0.0,0.0,0.477168,0.0,2.2856953,1.2669284,0.9860143,1.4232554,0.40466157,0.0,2.2010365,0.79716855,0.5127271,0.0,0.0,1.5766513,0.40784803,0.0,0.0,0.0,1.5980455,0.0,0.0,0.0,0.0,0.0,0.0,0.48659778,0.0,0.0,1.8823026,0.103741676,0.0033199901,2.6020775,1.730125,0.36400232,0.0,1.3975576,0.43808684,0.88244534,0.049039196,0.66818535,0.0,0.0,1.0621725,0
0.0,0.0,0.40818995,0.7285166,2.932312,0.0,0.039824795,0.44225457,3.1281013,0.1987598,1.4987832,0.0,0.0,1.3690275,0.0,2.42503,0.07428754,1.4556462,0.81135994,0.99464846,0.0,1.3809042,0.86376375,0.48345152,1.3890386,0.0,0.28222683,0.05101527,0.29545882,0.43614924,0.45418447,0.31898987,0.0,0.0,0.0,2.7470927,2.189128,1.6516924,2.5969698,0.0,0.0,2.3740518,0.0,0.96381164,0.0,0.49308977,0.0,0.16315162,0.49368185,0.0,0.0,2.0649202,0.084361896,0.0,0.4464228,0.0,0.30869853,0.9881943,0.0,0.0,2.452848,0.0,0.0,0.0,0.0,1.2420244,0.13438311,1.8104919,0.0,1.0670382,0.21910252,0.0,0.0,0.0,0.9164619,0.0,0.0,0.0,0.0,0.0,0.58946764,1.2894328,0.0,0.12910742,0.0,0.0,0.5711328,1.6406189,1.7489773,2.3421423,0.0,0.0,0.0,0.0,0.0,0.0,1.309641,0.0,0.0,1.0103896,2.116013,0.34434992,1.5016668,0.0,0.28154826,1.2741121,0.0,0.0,2.7656846,0.40605983,2.5454726,0.49497828,0.97994864,1.6121235,0.0,2.0607753,0.9187015,0.0,1.6865737,0.19317114,0.16295287,0.0,0.0,0.0,0.0,0.21350203,0.0,0.6359235,0.0,0.95429957,1.0477294,0.0,0.54711086,0.0,1.4899248,0.0,0.62280416,0.0,0.0,1.935419,0.21282811,0.0,0.0,0.5062946,0.26865584,0.906243,0.0,0.0,3.4072886,0.956966,0.56853455,0.0,0.03443279,0.0,0.75965935,0.0,1.6691034,0.0,1.347236,0.22274537,2.2148,0.0,0.65597,0.75497144,0.40507698,0.0,0.7018733,0.0,0.0,2.551176,0.4034269,0.0,0.3128302,0.0,0.0,0.52179444,0.0,0.87263685,0.0,3.488521,2.0269966,1.9137105,1.9468842,1.6774095,0.0,0.0,0.0,0.0,0.60293,3.1217518,0.12234688,1.6793115,1.3026391,1.2421163,2.4227676,1.1812,1.4971474,0.0,0.33929953,0.0,0.29281193,0.0,0.0,0.0,0.6681915,0.7906874,1.8691192,1.8432639,0.0,1.2885458,1.6451718,0.0,0.0,0.0,0.0,1.9988127,1.2891488,0.6288382,1.1690905,0.6451446,0.0,2.2114048,1.0693307,0.29738864,0.0,0.0,1.7331114,0.21387166,0.0,0.0,0.0,1.6133263,0.0,0.3919254,0.0,0.0,0.0,0.0,0.92692083,0.0,0.0,1.7824519,0.0,0.0,2.6116304,1.4189637,0.0,0.0,1.0288607,0.13288632,0.7966993,0.35784912,0.89612806,0.0,0.0,0.7866354,0
0.0,0.0,0.0,0.76477873,3.4845653,0.0,0.0,0.3557832,3.242794,0.0,1.6550295,0.0,0.0,1.7489297,0.0,2.8430989,0.0,2.0851848,0.7655256,0.6860886,0.0,1.2144243,0.74043715,0.4470266,1.525097,0.0,0.030179614,0.6198947,0.13122728,0.5740416,0.15123405,0.0,0.28184968,0.0,0.0,3.3665586,2.5849257,2.1304905,3.1220362,0.0,0.05384879,2.674432,0.0,0.8123322,0.0,0.055614684,0.0,0.0,0.0,0.0,0.0,2.4258182,0.2715353,0.0,0.0,0.0,0.0,1.3502842,0.0,0.0,2.552813,0.0,0.0,0.0,0.0,1.3751514,0.0011230039,2.193557,0.0,1.6594207,0.2774146,0.0,0.0,0.0,1.2765876,0.0,0.0,0.0,0.0,0.0,0.0795856,1.4831467,0.0,0.048298925,0.0,0.0,0.3108343,1.930883,1.8096842,2.753393,0.0,0.0,0.0,0.0010651648,0.0,0.0,1.339578,0.0,0.0,0.6056436,2.475223,0.07898549,1.8613266,0.0,0.0,1.4929676,0.0,0.0,2.9428082,0.13367252,3.2412808,0.19341694,1.178312,1.3496263,0.0,2.3021758,1.1413472,0.0,2.1158772,0.0,0.0,0.0,0.06922721,0.0,0.0,0.0,0.0,0.28350383,0.0,1.1093204,1.3423743,0.0,0.6912795,0.0,1.890195,0.0,0.41326085,0.0,0.0,1.887587,0.16677023,0.0,0.0,0.24941766,0.059806377,0.66209227,0.0,0.0982962,4.0196695,1.1034265,0.94657516,0.0,0.0,0.0,1.3358022,0.0,2.2995896,0.0,1.8274542,0.0,2.808549,0.0,0.816828,1.0882535,0.36169708,0.0,0.63522613,0.0,0.0,2.9347355,0.317814,0.0,0.0,0.0,0.0,0.48135257,0.0,0.68421644,0.0,3.9818754,2.645104,2.2206304,1.7805732,2.2108552,0.0,0.0,0.22367084,0.0,0.38881263,3.740152,0.07134101,1.4694786,1.2028884,1.5256511,3.0427015,1.7082942,1.5013318,0.0,0.43923485,0.0,0.0,0.0,0.0,0.0,0.368836,0.41283023,2.015034,2.3440213,0.0,1.4232423,2.2962005,0.0,0.0,0.0,0.0,2.827688,0.8689014,0.7721977,1.0214046,0.48160943,0.0,2.6536841,1.4356253,0.38585594,0.0,0.0,2.1231568,0.0,0.0,0.0,0.0,2.003959,0.0,0.1598254,0.0,0.0,0.0,0.0,0.6597778,0.0,0.0,2.0955462,0.0,0.0,3.352788,1.5821054,0.0,0.0,1.2515192,0.0584773,0.11826305,0.576556,0.8731722,0.0,0.0,0.9282091,0
1.4138881,0.0,1.8027953,1.729627,0.34098077,0.0,0.74977165,0.47077748,1.5329742,2.427297,1.0680336,0.0,0.94353426,0.8001043,0.0,0.76411605,0.08318136,0.0,0.8120042,1.4478604,0.0,0.5689797,0.0,0.3352158,1.8427258,0.0,1.210042,0.0,1.8678168,2.601144,2.102555,2.363808,0.0,0.0,0.0,0.4529791,1.7819717,0.0,1.392649,0.0,0.0,0.9260625,0.0,2.2462683,0.52534914,1.5022624,0.0,1.6848515,1.9569271,0.0,0.0,0.20838198,0.0,0.0,0.5089512,0.0,2.4194665,0.0,0.0,0.0,0.55428463,0.0,0.0,0.0,0.0,2.4126985,1.9522299,0.0,1.0549769,0.99706876,0.0,0.0,0.0,0.0,0.0,0.0,0.0,0.0,0.0,0.0,0.7543061,0.0,0.8808605,1.1893412,0.0,0.0,2.8735209,0.19722137,0.21351075,0.30797184,0.0,0.0,0.0,1.2279582,0.0,0.33049554,3.0130725,0.0,0.0,0.78366655,0.3219349,1.6750697,0.0,0.0,1.114768,0.0,0.0,0.0,1.5060519,0.7587054,0.69774866,0.90109843,0.0,0.5641135,0.0,0.45518866,2.263456,0.0,0.23267579,2.4275637,1.185279,0.0,0.0,0.8395971,0.06387346,0.0,0.0074101607,0.82295936,2.0518634,0.31309146,1.189072,1.777631,0.0,0.0,0.62760156,0.0,1.6910458,0.0,0.0,0.51069725,2.388838,0.0,0.0,0.40984142,0.02926603,2.1700435,0.0,0.0,0.75866294,1.8560845,0.0,0.0,2.9380033,0.0,0.0,0.0,0.11943421,0.14717332,0.3258355,2.5199456,0.7995291,0.0,2.6659315,0.26454118,0.0,0.0,1.807252,1.5427272,0.0,0.43896604,2.2498825,0.8408416,1.8031563,0.0,0.4403756,2.769074,0.0,0.40036163,0.0,0.8694745,0.0,0.0,0.5990415,0.10707503,0.0,0.0,0.0,0.0,1.4664099,1.3369906,1.7396213,2.7930138,0.321689,0.0,1.4620199,0.4398604,0.0,0.0,0.8470431,0.0,1.7945062,0.0,0.0,0.0,1.0798707,1.7185863,0.46479207,0.43808514,0.0,0.77784973,1.0643715,0.0,0.0,1.0998436,0.0,0.0,1.4877441,1.4655683,0.13487984,0.8165664,0.0,0.572255,1.1030601,0.54639995,0.63623834,0.0,0.041674048,2.0185423,1.8726941,0.0,0.0,0.46285018,0.0,1.4850358,0.0,0.0,0.0,0.0,1.8645236,0.0,0.0,0.99926454,2.7414155,1.0034689,1.2487146,0.22543573,0.0053259917,0.0,0.6962439,1.9605774,1.6197761,0.0,1.7803389,0.0,0.0,0.23321933,1
0.0,0.0,0.89921373,1.3312432,1.555134,0.0,0.3827917,0.4611719,2.3427982,0.64771104,1.3457516,0.0,0.3026292,1.7101603,0.0,1.7816229,0.27675763,1.0480427,1.248666,0.96602136,0.0,1.1060054,1.069488,0.6085322,1.7166433,0.0,0.35613808,0.0,0.60375845,0.87120765,0.7145448,0.95849043,0.0,0.0,0.0,2.2941575,2.0692768,0.77021956,1.7593323,0.0,0.0,1.447092,0.0,0.8704012,0.83393466,0.66883814,0.0,0.65611666,0.87367237,0.0,0.0,1.4392273,0.5518486,0.0,0.34967694,0.0,0.677515,0.7870159,0.0,0.0,1.7353075,0.0,0.0,0.0,0.0,1.6025987,1.009206,0.8848661,0.22842503,0.41314813,0.0,0.0,0.0,0.0,0.4500393,0.0,0.0,0.0,0.0,0.0,0.37759775,0.64327824,0.0,0.59071636,0.0,0.0,0.78443927,1.0612733,0.89949787,1.1167333,0.0,0.0,0.0,0.2948017,0.0,0.0,1.2580907,0.0,0.0,1.5125923,1.5585647,0.65136147,0.9219144,0.0,0.69333124,0.6017768,0.0,0.0,2.2994878,0.31179538,1.699048,0.59828824,0.64312255,1.5763807,0.0,1.3772246,1.1579841,0.0,1.4495257,0.721059,0.2080108,0.0,0.12842284,0.0,0.0,0.7313219,0.0,0.4658097,0.45912752,0.7895164,0.9033544,0.20028849,0.0,0.0,1.280082,0.0,0.5610797,0.0,0.0,1.2905953,0.49854204,0.0,0.0,0.0,0.37536094,0.8756816,0.0,0.0,2.0336041,1.4881045,0.0,0.0,1.1463728,0.0,0.7504451,0.0,1.0524457,0.0,0.99014753,0.98949504,1.4891682,0.0,0.59322697,0.3639727,0.0,0.0,0.88237184,0.12021805,0.0,2.1870308,1.1441878,0.0,1.1263361,0.0,0.46999595,0.84544384,0.0,1.1511775,0.0,2.921086,1.0692996,1.4335866,1.509992,1.292188,0.0,0.0,0.0,0.0,1.5467099,2.6305275,0.3508791,1.7580951,0.588917,0.5510902,1.9786623,1.2564831,0.88906866,0.0,0.17241026,0.0,0.69426805,0.0,0.0,0.0,1.2619191,0.4017509,1.4849218,0.74176365,0.0,1.1107445,1.3646096,0.0,0.0,0.11180161,0.0,1.2800117,1.3820668,0.49337783,1.0214211,0.33627358,0.0,1.5271139,1.0294856,0.73075813,0.0,0.0,1.2523732,0.53113794,0.21193506,0.0,0.0,0.9096183,0.0,0.4400253,0.0,0.0,0.0,0.0,0.89470845,0.0,0.0,0.94181293,0.77571416,0.04597081,2.212929,1.4344752,0.11587673,0.0,1.3820099,1.0128597,0.87550426,0.0,1.440839,0.0,0.0,0.41689742,0
0.0,0.0,0.6087453,1.0195966,2.56576,0.0,0.005715738,0.6125816,2.4663715,0.19567657,1.6213031,0.0,0.0,1.7193604,0.0,2.6206577,0.2327089,1.4872772,0.9093844,0.9255258,0.0,1.5697348,1.2354248,0.23807476,1.8529911,0.0,0.6882922,0.41143522,0.42352274,0.43470973,0.26097855,1.0816226,0.0,0.0,0.0,2.6913111,2.1589088,1.0910147,2.3442929,0.0,0.0,2.0477216,0.0,0.830399,0.43858296,0.8964799,0.0,0.3212564,0.49891838,0.0,0.0,2.2380083,0.1451628,0.0,0.0,0.0,0.0,0.7101634,0.0,0.0,2.0883658,0.0,0.0,0.0,0.0,1.8988723,0.7584345,1.5196534,0.0,1.0074828,0.0,0.0,0.0,0.0,1.1112015,0.0,0.0,0.0,0.0,0.0,0.12963425,1.1226437,0.07923051,0.16257063,0.0,0.0,0.3819259,1.5033231,1.0936123,2.033606,0.0,0.0,0.0,0.30517897,0.0,0.0,1.3112476,0.0,0.0,1.4919648,2.2350597,0.27712056,1.4782097,0.0,0.3046165,1.1461493,0.0,0.0,2.7933767,0.0,2.4283578,0.40288007,0.6555036,1.5220026,0.0,2.0031257,1.1978871,0.0,1.5565581,0.46784455,0.007610294,0.0,0.12171846,0.0025549445,0.0,0.08848955,0.0,0.64739835,0.18949279,1.3092242,1.126431,0.571842,0.27321392,0.0,1.4032406,0.0,0.44753286,0.0,0.0,1.4792517,0.7999037,0.0,0.0,0.37989432,0.3065461,0.9859177,0.0,0.0,3.031927,1.4190888,0.0,0.0,0.85638,0.0,1.0749134,0.0,1.2570847,0.0,1.3268491,0.46238592,1.9315358,0.0,0.76709646,1.0216591,0.27618548,0.0,0.6605277,0.0,0.0,2.3070529,0.8535617,0.18218882,0.46711862,0.0,0.02526675,1.0171727,0.0,1.1291656,0.0,3.3031528,1.6750548,1.9318993,1.6342278,1.7027467,0.0,0.0,0.0,0.0,0.8929623,3.1529586,0.12757525,1.8545446,0.79169166,1.0269231,2.8697789,1.168151,1.1784648,0.0,0.40741384,0.0,0.43086362,0.0,0.0,0.0,0.7198197,0.14326563,1.6953801,1.8695146,0.0,1.0888982,1.5600945,0.0,0.0,0.08737229,0.0,1.9374785,0.96845526,1.0493319,1.372478,0.0,0.0,2.3098354,1.5175451,0.8922872,0.0,0.0,1.3845708,0.13404007,0.07442742,0.0,0.0,1.5551864,0.0,0.28859818,0.0,0.0,0.0,0.0,0.4590325,0.0,0.0,1.6272024,0.0,0.0,3.0975652,1.3865092,0.09352808,0.0,1.3066288,0.87885785,0.5449929,0.0,1.2909122,0.0,0.0,0.78913015,0
1.0420146,0.0,1.9615439,1.7640756,0.0,0.0,1.0990688,1.0107946,1.7883689,2.252513,1.041289,0.0,0.22946963,0.45240194,0.0,0.6532381,0.31229618,0.033418342,1.0192518,1.9477023,0.0,0.55459976,0.0,1.5057908,2.0317535,0.0,1.904474,0.0,2.0581179,2.4527495,2.2319622,2.3263273,0.0,0.0,0.0,0.39042392,1.5857303,0.0,1.4962223,0.0,0.0,1.1932504,0.0,2.1723623,0.50408244,1.7335466,0.0,1.9674848,1.8414847,0.0,0.0,0.028997738,0.0,0.0,0.6600344,0.0,2.0164847,0.34130776,0.0,0.0,0.7459536,0.0,0.0,0.0,0.0,3.1555378,1.3288151,0.0,2.1234107,0.7211263,0.0,0.0,0.0,0.0,0.0,0.0,0.0,0.0,0.0,0.0,1.4112642,0.1409028,0.7644804,1.4542904,0.0,0.0093598645,3.0916553,0.0,0.0,1.120021,0.0,0.0,0.0,2.3618004,0.0,0.59223634,3.9220443,0.0,0.0,1.1958852,1.0379893,1.9191248,0.23148963,0.0,1.3828206,0.038066052,0.0,0.0,1.51927,0.9147969,1.2080626,1.2679986,0.13562395,1.127225,0.0,0.81077504,2.4790106,0.0,0.0,2.3713846,1.6293029,0.0,0.0,0.7425281,0.81668824,0.23438056,0.45466888,1.5499861,2.0560951,0.23172887,0.99103564,1.43383,0.0,0.0,0.259389,0.0,1.2403996,0.0,0.0,0.51634544,2.5271032,0.0,0.0,0.021253014,0.3176939,2.4707832,0.0,0.0,1.5796244,2.488469,0.0,0.0,3.235453,0.0,0.0,0.0,0.5073679,0.49935564,0.51692086,2.538435,1.2278409,0.0,2.5505428,0.0,0.0,0.0,1.9840689,1.6881087,0.0,1.0308061,2.1404798,1.2128187,2.1447992,0.0,0.5909552,3.1516943,0.0,0.018324275,0.0,1.1610242,0.19982047,0.02107639,0.0,0.1585544,0.0,0.0,0.0,0.0,1.638603,1.5480919,2.0916314,3.2298841,0.14768054,0.05237277,1.151157,0.64518213,0.6589619,0.0,0.6728254,0.0,2.0090134,0.0,0.0,0.0,1.4192563,1.7912242,0.22524302,0.1441285,0.0,0.99673223,0.77220285,0.0,0.0,1.3264624,0.0,0.26415923,2.656413,0.8299989,0.0,0.3960457,0.0,0.0,0.7488331,0.0,0.4875019,0.0,0.0,1.9712306,2.5273647,0.0,0.0,0.62183267,0.0,1.4722235,0.0,0.0,0.0,0.0,1.646389,0.0,0.0,1.0645922,3.2299707,1.2753105,1.3688334,0.5691859,0.9264114,0.124551654,0.7415002,2.474124,1.9333663,0.0,1.7558601,0.0,0.0,0.48719501,1
0.19194143,0.0,1.2746334,0.82714546,1.8074306,0.0,0.0,0.43595654,1.9275291,0.8167046,1.707661,0.0,0.30318087,2.1044002,0.0,1.90464,0.0,1.2467707,1.0336267,0.85806733,0.0,1.3910806,0.5482355,0.30436188,1.9673082,0.0,0.6753389,0.7228643,0.66255397,0.93791085,0.27053177,0.781656,0.0,0.0,0.0,2.336519,2.0703285,0.45909208,1.8387889,0.0,0.0,1.5891719,0.0,0.99861246,0.7271648,0.6482977,0.0,0.867649,0.7700953,0.0,0.0,1.4010116,0.2738291,0.0,0.055303395,0.0,0.23611258,0.6893683,0.0,0.0,1.4469626,0.0,0.0,0.0,0.0,1.6857109,0.44478983,0.72699773,0.58396155,1.1155331,0.0,0.0,0.0,0.0,0.2769142,0.0,0.0,0.0,0.0,0.0,0.37850562,0.84297,0.16688976,0.41514498,0.0,0.0,0.5699698,0.6689021,0.55574334,1.2109238,0.0,0.0,0.0,0.5990898,0.0,0.0,1.4885677,0.0,0.0,2.0032656,1.4793956,0.85125947,0.9417617,0.0,0.71307397,0.5902456,0.0,0.0,2.157591,0.09422211,1.8573974,0.39451802,0.84736323,1.6231456,0.0,1.3126862,1.0052743,0.0,0.9384508,1.1920514,0.24432582,0.0,0.20826681,0.026758624,0.0,0.0,0.0,0.8307716,0.58833194,0.8967791,0.7715074,0.6286901,0.24845052,0.0,0.8765505,0.0,0.86030835,0.0,0.0,1.157839,0.845199,0.0,0.0,0.22625098,0.5851574,1.1664015,0.0,0.0,2.1986542,1.2996106,0.0,0.0,1.0999665,0.0,0.6667927,0.0,0.56461436,0.0,1.2369791,0.8246184,1.499856,0.0,1.0573506,0.7857757,0.04123307,0.0,0.60113597,0.33504727,0.0,1.7685463,0.8140121,0.0,0.20815796,0.0,0.33427918,0.9315318,0.0,1.2682791,0.0,2.0933807,1.1176473,1.7139087,1.0854942,1.038325,0.0,0.0,0.0,0.0,1.2771153,2.3905635,0.67952967,1.960939,0.53312606,0.3024943,1.897874,1.321449,1.2453483,0.0,0.35213855,0.0,0.6940189,0.0,0.0,0.0,0.93304455,0.1864757,0.8140013,1.0100282,0.0,1.0105253,1.3039032,0.0,0.0,0.6315815,0.0,1.506243,1.0163801,1.3477458,1.0742984,0.08509595,0.0,1.8991762,0.5728338,1.30695,0.0,0.0,1.1332489,0.7163982,0.4486579,0.0,0.0,1.3595588,0.0,0.203353,0.0,0.0,0.0,0.0,0.42463237,0.0,0.0,1.6133281,0.28183365,0.19677909,2.2663407,1.5464673,0.31153718,0.0,1.4195634,0.48498806,0.7465134,0.0,0.4681748,0.0,0.0,0.69613504,0
2.7112727,0.0,3.4458506,2.7345252,0.0,0.0,2.2720377,1.9168606,1.2253618,3.6257637,0.9318018,0.0,1.1001116,0.0,0.0,0.0,0.014175807,0.0,2.23957,2.076801,0.0,0.0,0.0,1.6409281,2.4504547,0.0,1.8070639,0.0,2.740641,3.8483484,3.6251075,3.4638329,0.0,0.0,0.0,0.0,1.1234932,0.0,1.2694476,0.0,0.0,0.0,0.0,2.9285502,0.7962754,1.8754817,0.0,3.2897055,3.2367737,0.0,0.0,0.0,0.0,0.0,1.4654019,0.0,4.0461845,0.0,0.0,0.0,0.0,0.0,0.0,0.14527678,0.0,3.9773302,2.688654,0.0,2.8687074,1.0493658,0.0,0.0,0.0,0.0,0.0,0.0,0.0,0.0,0.0,0.0,1.1708676,0.0,1.2231193,2.5244582,0.0,0.0,4.775301,0.0,0.0,0.0,0.0,0.0,0.0,3.2361436,0.0,1.6165975,6.1113234,0.0,0.5653634,0.44172382,0.0,2.9160428,0.0,0.0,1.7035358,0.0,0.0,0.0,0.45357707,2.0565279,0.0,2.0844092,0.0,0.114269935,0.0,0.0,3.88332,0.0,0.0,4.083632,3.2874413,0.0,0.0,2.111233,1.7023213,0.0,0.9209626,0.8678388,3.823153,0.0,1.5067827,3.2739825,0.0,0.0,0.0,0.0,2.4569378,0.0,0.0,0.0,4.3430324,0.0,0.0,0.62050176,1.1145338,3.0190358,0.0,0.0,0.0,2.8052528,0.0,0.0,5.389215,0.0,0.0,0.0,0.0,1.0472627,0.0,3.7869837,0.48457342,0.0,3.4036982,0.0,0.0,0.0,2.8756292,3.066751,0.0,0.0,3.4002147,3.0066292,2.5425925,0.0,1.6247315,4.176696,0.0,0.0,0.0,0.0,0.0,0.0,0.0,0.0,0.0,0.0,0.0,0.0,2.8015568,0.6069553,3.4150527,3.5110056,0.5111385,0.0,0.038580596,0.14420342,0.0,0.0,0.6280977,0.0,2.7178266,0.0,0.0,0.0,1.8705543,2.673206,0.0,0.0,0.0,0.19539602,0.0,0.0,0.0,2.4507656,0.0,0.0,2.6749313,1.3901942,0.0,1.3109996,0.0,0.0,0.5323951,0.0,1.9205382,0.0,0.0,3.178597,4.1080666,0.0,0.0,0.0,0.0,1.8626837,0.0,0.0,0.0,0.0,2.813076,0.0,0.0,0.3744716,5.5656443,2.667139,0.0,0.0,1.1259478,0.37122437,0.14251049,3.6157775,3.4546106,0.0,2.1798327,0.0,0.2572151,0.0,1
0.19333993,0.0,1.2327648,1.9303977,0.7813676,0.0,0.6674864,0.7326341,2.1192088,1.4181216,1.0420054,0.0,0.39960876,1.3006532,0.0,0.9375399,0.3346769,0.32278273,1.6908901,0.9803581,0.0,1.1055071,0.51979923,0.7093664,1.8295608,0.0,0.30164906,0.0,0.96680653,1.4211582,0.9686811,1.350493,0.0,0.0,0.0,1.7250196,1.6300673,0.4088745,1.0634608,0.0,0.0,0.9278419,0.0,1.5042254,1.0267127,0.9896379,0.0,0.9461792,1.5890298,0.0,0.0,0.67616165,0.24934508,0.0,0.6882587,0.0,1.3153527,0.49690956,0.0,0.0,0.9764769,0.0,0.0,0.0,0.0,2.0027397,1.5660828,0.24543482,0.8458218,0.4234103,0.0,0.0,0.0,0.0,0.2702823,0.0,0.0,0.0,0.0,0.0,0.9388646,0.0,0.0,1.0557095,0.0,0.0,1.5392582,0.42178124,0.24856168,0.9224473,0.0,0.0,0.0,0.47254792,0.0,0.0,1.8584557,0.0,0.0,1.244694,1.2687944,1.0141809,0.46909392,0.0,0.67162263,0.5532258,0.0,0.0,1.7962453,0.6169342,1.4549224,1.138698,0.3994577,1.0012717,0.0,0.84087026,1.3174733,0.0,0.7640085,1.5179119,0.73194873,0.0,0.0,0.33381018,0.0,0.5825245,0.0,0.51525044,1.1884854,0.2848317,1.0008479,0.9101819,0.0,0.0,0.9969111,0.0,0.77229416,0.0,0.0,1.3297833,0.7458056,0.0,0.0,0.0,0.5882709,1.5065029,0.0,0.0,1.3272448,1.8035812,0.0,0.0,1.9227141,0.0,0.1604227,0.0,0.78377384,0.0,0.7105002,1.7017441,0.79243577,0.0,0.7403969,0.21710323,0.0,0.0,1.1836009,0.545757,0.0,1.3600909,1.3837968,0.0,1.3222314,0.0,0.38243377,1.3063228,0.0,1.1336688,0.0,1.9048998,0.5865274,1.0588988,1.2591861,0.74878097,0.0,0.0,0.0,0.0,1.8192585,2.3197846,1.0450525,2.117997,0.42838016,0.12980847,1.3291045,0.7663717,0.39880985,0.0,0.109514944,0.0,1.243501,0.0,0.0,0.0,1.7221032,0.8552563,0.964646,0.5396676,0.0,0.72405213,0.6408828,0.0,0.0,0.9834932,0.0,0.5570224,1.6717538,0.6616148,0.7574972,0.7543355,0.0,1.2208478,0.52352065,0.78088814,0.0,0.09114545,0.7995425,0.6942151,0.55456537,0.0,0.0,0.80150497,0.0190836,0.65836287,0.0,0.0,0.0,0.0,1.1328669,0.0,0.0,0.60931367,1.3578993,0.41331938,1.4614745,1.2038245,0.34134853,0.0,0.9392511,1.0911733,1.4609219,0.0,1.491485,0.0,0.0,0.06019005,1
0.6700445,0.0,1.8129475,1.5976166,0.4778076,0.0,0.8136205,1.0468451,1.668761,1.6569685,0.953319,0.0,0.20840235,0.6739815,0.0,0.5718944,0.2211094,0.17447571,1.515286,1.1605197,0.0,0.65253365,0.0,0.72502655,1.625977,0.0,1.0035627,0.0,1.1238774,1.7300677,1.5550823,1.4938235,0.0,0.0,0.0,0.8879086,1.4555614,0.09604185,1.3629718,0.0,0.0,1.1752894,0.0,1.7798648,0.28666556,1.3447281,0.0,1.5202956,1.5695133,0.0,0.0,0.40799403,0.0,0.0,0.85751784,0.0,1.7224833,0.25085127,0.0,0.0,0.80519086,0.0,0.0,0.0,0.0,2.2253323,1.3168129,0.0,1.2636404,0.54772484,0.0,0.0,0.0,0.0,0.0,0.0,0.0,0.0,0.0,0.0,1.2488747,0.3021251,0.38881162,1.1220546,0.0,0.02788323,2.2016969,0.31414464,0.20716727,0.9019992,0.0,0.0,0.0,1.2906848,0.0,0.24213614,2.5100687,0.0,0.0,0.76626056,1.0253999,1.6193013,0.37937918,0.0,0.6664261,0.6185462,0.0,0.0,1.489675,1.1242293,1.3433405,1.4732553,0.32393023,0.9231426,0.0,0.6565215,1.5971411,0.0,0.50214905,2.121986,1.126394,0.0,0.0,0.38116068,0.6582024,0.8458268,0.0,0.82036424,1.2959181,0.0,0.75113684,1.2006061,0.085760854,0.0,0.61581826,0.0,1.2355129,0.0,0.0,0.95994633,1.5986322,0.0,0.0,0.0037414902,0.56923413,2.043667,0.0,0.0,1.2707546,2.3502405,0.0,0.0,2.171322,0.0,0.0,0.0,0.86678165,0.18223497,0.7412333,2.2955704,0.9956015,0.0,1.4964526,0.626228,0.0,0.0,1.8074949,0.47496545,0.0,1.004977,1.7250397,0.63395274,1.573556,0.0,0.5914727,2.2354407,0.0,0.3546145,0.0,1.5689212,0.5473892,0.5302074,0.57686394,0.5874564,0.0,0.0,0.0,0.0,1.4580495,1.8935791,1.6326673,1.9890691,0.4653757,0.227134,0.8613978,0.9232865,0.37026143,0.0,0.0,0.0,1.7311817,0.0,0.0,0.0,2.0052989,1.3810039,0.8939873,0.18069264,0.0,0.8452516,0.6551649,0.0,0.0,1.0984807,0.0,0.44298765,2.2020528,0.85931766,0.7751543,1.1101291,0.0,0.92931014,0.28010502,0.6473838,0.68725556,0.0,0.5261373,1.5744495,1.4268299,0.0,0.0,0.8791353,0.0,1.1280667,0.0,0.0,0.0,0.0,0.95316416,0.0,0.0,1.254058,1.7513931,0.6381953,1.447546,0.91401905,0.1977917,0.0,0.8858209,1.2762096,1.9372369,0.0,1.3183668,0.0,0.0,0.0,1
0.10185842,0.0,1.3502078,1.6817199,0.7685861,0.0,0.86274886,0.7315522,1.967989,1.2170103,1.1064625,0.0,0.3733148,1.1423889,0.0,1.0367851,0.46609297,0.1443335,1.4199449,1.2332387,0.0,1.0497216,0.4732076,0.3486606,1.6651167,0.0,0.25990126,0.0,0.9402504,1.5756148,1.2933215,1.9436343,0.0,0.0,0.0,1.3374659,1.8494396,0.35818058,1.5160425,0.0,0.0,1.1048839,0.0,1.5976216,0.8309813,0.9635851,0.0,1.1248888,1.5470208,0.0,0.0,0.54780114,0.0,0.0,0.113290735,0.0,1.3851386,0.66865724,0.0,0.0,0.8680581,0.0,0.0,0.0,0.0,1.8366966,1.4559025,0.347947,0.853719,0.44209328,0.0,0.0,0.0,0.0,0.14770088,0.0,0.0,0.0,0.0,0.0,1.2110914,0.19983672,0.07357695,0.90051806,0.0,0.0,1.9113877,0.72296655,0.5691957,0.8016568,0.0,0.0,0.0,0.7288174,0.0,0.0,1.9610416,0.0,0.0,1.1162975,1.2441226,1.0444028,0.27298012,0.0,0.70970416,0.82296115,0.0,0.0,1.6793321,0.55259395,1.3218874,1.1417923,0.83168465,1.1397808,0.0,0.86905193,1.032323,0.0,0.65987,1.7424053,0.48852426,0.0,0.0,0.22082049,0.20847178,0.5806932,0.0,0.3594144,1.2341206,0.20399278,0.7530175,1.2624147,0.0,0.0,1.275088,0.0,1.1846756,0.0,0.0,1.331704,1.1016943,0.0,0.0,0.06491795,0.5357122,1.410549,0.0,0.0,1.5684127,2.0231566,0.0,0.0,1.6739182,0.0,0.112606175,0.0,0.7330077,0.0,0.6368535,1.9089113,0.8182616,0.0,1.3084353,0.3336648,0.0,0.0,1.5348259,0.7486596,0.0,1.5108649,1.6424179,0.0,1.5853161,0.0,0.4581517,1.4861255,0.0,1.2004857,0.0,1.7208169,1.1470919,0.78929514,0.803559,0.5861136,0.0,0.0,0.0,0.0,1.8807802,1.8473291,1.1951405,2.2918072,0.42803335,0.3249942,0.98936874,0.6205505,0.54879385,0.0,0.2577129,0.0,1.2273005,0.0,0.0,0.0,1.7241262,0.67934245,0.8564492,0.44280943,0.0,0.5830979,0.65012306,0.0,0.0,0.7174815,0.0,0.57082254,2.144662,0.589941,1.0087751,0.8207951,0.0,0.6515238,0.37296095,0.6699779,0.16123235,0.0,1.0492374,1.0332614,0.7961013,0.0,0.0,0.81110847,0.0,0.49263537,0.0,0.0,0.0,0.0,1.3150791,0.0,0.0,0.80832726,1.5034355,0.043205153,1.4199241,0.6784057,0.3010517,0.0,0.92119384,1.4220133,1.3426889,0.0,1.7991257,0.0,0.0,0.13282913,1
0.36787,0.0,1.017766,1.2001334,1.3855247,0.0,0.44125557,0.8694984,2.8825946,1.0177518,1.527182,0.0,0.15663463,1.2083176,0.0,1.5368441,0.23317233,0.976626,1.1258421,1.2054614,0.0,1.2665449,0.28241527,0.56720537,1.5086219,0.0,0.35781363,0.0,0.90452456,1.3088006,0.84484863,0.9220066,0.0,0.0,0.0,1.7282019,2.070629,0.60823107,1.9903656,0.0,0.0,1.6986401,0.0,1.6206503,0.09580752,0.59521157,0.0,1.1674465,1.0534258,0.0,0.0,1.4008827,0.0,0.0,0.5390725,0.0,0.82827085,0.6605385,0.0,0.0,1.7220199,0.0,0.0,0.0,0.0,1.7566631,0.7917682,0.8861223,0.6609599,0.83343804,0.009218771,0.0,0.0,0.0,0.35293475,0.0,0.0,0.0,0.0,0.0,0.7796644,0.62919676,0.0,1.0177994,0.0,0.0,1.4689695,0.8503683,0.8223798,1.5680674,0.0,0.0,0.0,0.49147078,0.0,0.0,1.9413257,0.0,0.0,1.28897,1.6391373,0.7097838,0.92402214,0.0,0.68621904,1.1463803,0.0,0.0,2.4016511,0.42579302,1.9983157,0.7369205,0.77215135,1.1731598,0.0,1.5813867,1.2202896,0.0,1.0602615,1.2811679,0.44562992,0.0,0.0,0.0,0.027684864,0.71600026,0.0,0.41707683,0.6270956,0.6607109,0.843035,0.63705546,0.0910376,0.0,1.0305853,0.0,1.3124729,0.0,0.0,1.2082578,1.1180507,0.0,0.0,0.32340086,0.84129494,1.2710325,0.0,0.0,2.4770646,1.541734,0.0,0.0,1.3522186,0.0,0.56015456,0.0,0.836423,0.0,0.93904203,1.2999398,1.5973712,0.0,1.0868527,0.35636464,0.2617977,0.0,0.79235685,0.35403293,0.0,1.692079,1.3399878,0.0,1.0143068,0.0,0.3239246,1.2643951,0.0,0.7129937,0.0,2.8891563,0.9922516,1.3540127,1.5159549,1.0517243,0.0,0.0,0.0,0.0,1.5170658,2.5028338,0.811023,2.2590969,0.8984876,0.6282364,1.9648129,1.1773052,0.83934367,0.0,0.32620773,0.0,0.7571093,0.0,0.0,0.0,1.4458083,0.63494056,1.3193218,0.788203,0.0,0.9687681,1.0612776,0.0,0.0,0.2035921,0.0,1.526639,1.5614473,0.65206325,0.7183356,0.6571055,0.0,1.0631945,0.6464497,0.518756,0.13236104,0.0,1.2050349,0.7791576,0.6813428,0.0,0.0,1.2520543,0.0,0.37917787,0.0,0.0,0.0,0.0,1.0578161,0.0,0.0,1.5933895,1.3280256,0.40580666,1.8259593,1.0507333,0.32866463,0.0,1.0389336,1.0915017,1.2525579,0.0,0.8692556,0.0,0.0,0.38885546,1
0.42799634,0.0,1.3637125,1.622755,1.0355974,0.0,0.782333,0.38883564,1.8345542,1.4744108,1.1454924,0.0,0.8367773,1.2987686,0.0,1.281425,0.46444067,0.8233452,1.4821024,1.1683182,0.0,1.7590511,0.6602616,0.3651928,1.6566416,0.0,0.93059224,0.033613484,1.118774,1.5862435,1.2946285,1.4198713,0.0,0.0,0.0,1.8684695,1.8937495,0.0,1.697797,0.0,0.0,1.1990142,0.0,1.4730829,1.1055006,1.0509019,0.0,1.0522577,1.6075431,0.0,0.0,0.5572496,0.26524997,0.0,0.76962006,0.0,1.029757,0.41315064,0.0,0.0,0.948735,0.0,0.0,0.0,0.0,2.044163,0.98349553,0.5482288,0.8963558,0.70391023,0.0,0.0,0.0,0.0,0.0,0.0,0.0,0.0,0.0,0.0,1.0464739,0.0,0.0,1.1881298,0.0,0.0,1.3604376,0.27157918,0.18063968,1.2150052,0.0,0.0,0.0,0.7312376,0.0,0.0,2.007836,0.0,0.0,2.1020572,0.978849,0.9079701,0.57093203,0.0,1.1678201,0.42210203,0.0,0.0,1.7870587,0.74160624,1.263215,1.0544528,0.5220852,1.6509206,0.0,0.79271954,1.1299318,0.0,0.46168622,1.4474369,0.7422704,0.0,0.0,0.36585072,0.0,0.4651885,0.0,0.9189437,1.1568736,0.5383937,1.1381534,0.65436435,0.08119901,0.0,0.84912276,0.0,0.8117487,0.0,0.0,1.3554794,0.6701545,0.0,0.0,0.0,0.61127985,1.583807,0.0,0.0,1.4375813,1.4189483,0.0,0.0,1.9956111,0.0,0.5206225,0.0,0.017488686,0.0,0.82066053,1.465327,0.84389555,0.0,1.4214286,0.40047774,0.0,0.0,1.1108935,0.87783986,0.0,1.5892164,1.283313,0.058210168,1.218237,0.0,0.38617688,1.4834244,0.0,1.1691166,0.0,2.0414944,0.5246842,0.7050472,1.025773,0.63931936,0.0,0.0,0.0,0.0,1.8891947,2.171237,1.0313634,1.9649526,0.5267194,0.29270923,1.3362837,0.86089295,0.6075581,0.0,0.21249005,0.0,1.4117569,0.0,0.0,0.0,1.5958142,0.94541764,0.7361767,0.2628313,0.0,0.88657105,1.0476567,0.0,0.0,0.17401944,0.0,1.0459208,1.5741721,0.7325191,1.1614295,0.18632874,0.0,1.1317241,0.74170816,0.47307163,0.0,0.0,0.8902325,1.207229,0.5546685,0.0,0.0,0.5687207,0.0,0.88709056,0.0,0.0,0.0,0.0,1.2432389,0.0,0.0,0.8692216,1.3063389,0.41118374,1.7214214,0.9910819,0.05861923,0.0,1.288997,0.8177817,1.3870755,0.0,1.3163941,0.0,0.0,0.006056728,1
0.51942545,0.0,1.3810083,1.706652,0.7482886,0.0,0.88279384,1.1221792,1.7051556,1.3489325,1.2486948,0.0,0.58328676,0.9549524,0.0,1.2174011,0.09830348,0.5058601,1.1443133,1.5062145,0.0,0.7328686,0.14609057,1.169212,1.7085179,0.0,0.8494721,0.0,1.0337926,2.2753813,1.4971526,1.9233375,0.0,0.0,0.0,1.4324377,1.8182957,0.0,1.6846414,0.0,0.0,1.0199575,0.0,1.8163317,0.5307047,1.4851329,0.0,1.0876106,1.554274,0.0,0.0,0.7630522,0.0,0.0,0.77050936,0.0,1.297988,0.19167794,0.0,0.0,0.8504727,0.0,0.0,0.0,0.0,2.6056957,1.448177,0.094860084,1.1376222,1.0894026,0.0,0.0,0.0,0.0,0.040841665,0.0,0.0,0.0,0.0,0.0,0.9236902,0.0,0.2849497,1.2371993,0.0,0.0,2.1281435,0.21906379,0.46727797,1.396253,0.0,0.0,0.0,1.5286821,0.0,0.25409842,3.0149777,0.0,0.0,1.3598433,0.9745443,1.4309003,0.6688567,0.0,1.2453824,0.6109461,0.0,0.0,1.5485653,0.663869,1.2344114,1.2172654,0.19067581,1.2004092,0.0,0.7087571,1.968757,0.0,0.5060978,1.8036438,1.2810022,0.0,0.0,0.43599272,0.5580453,0.26126018,0.4089228,0.9278304,1.7922862,0.4776301,1.2608342,1.2695447,0.0,0.0,0.5610558,0.0,1.0744237,0.0,0.0,0.6835903,1.6838474,0.0,0.0,0.45468777,0.40891662,1.5698286,0.0,0.0,1.4775162,1.7774191,0.0,0.0,2.4435606,0.0,0.24512224,0.0,0.5079933,0.0,0.45010415,1.7268603,1.3305299,0.0,1.4312247,0.3336492,0.0,0.0,0.9989468,1.3214047,0.0,0.92449886,1.852108,1.2715836,1.6227012,0.0,0.5931794,1.9821422,0.0,0.562287,0.0,1.476666,0.40033162,0.43494925,0.55317473,0.57305044,0.0,0.0,0.0,0.0,1.5136691,1.9340954,1.6945444,2.4909534,0.57968533,0.1092162,0.8090919,0.7384902,0.36649123,0.0,0.32865587,0.0,0.8900047,0.0,0.0,0.0,1.4382927,0.89870566,0.7307443,0.5136368,0.0,0.66110015,0.8305733,0.0,0.0,1.0898672,0.0,0.9809848,1.2685729,1.1350174,0.9301009,0.2706673,0.0,0.72245944,0.8040668,0.50215,0.1600598,0.0,0.6470003,1.3642745,1.1151099,0.0,0.0,0.6158065,0.0,0.7318294,0.0,0.0,0.0,0.0,1.3131897,0.0,0.0,0.96819764,1.7806878,0.93889624,1.426817,1.0361242,0.64274937,0.05653818,1.1412128,1.6692666,1.5334537,0.0,1.5036774,0.0,0.0,0.43829918,1
0.46814102,0.0,1.2134498,1.8801492,0.84562844,0.0,0.47462782,0.5010701,2.2353914,1.4839236,1.3210722,0.0,0.26664808,1.4911587,0.0,1.5162375,0.16197827,0.6410042,1.271728,1.1834763,0.0,1.2011118,0.4629733,0.5411155,1.8353516,0.0,0.86485374,0.0,0.9725008,1.1050843,1.3891335,1.8910471,0.0,0.0,0.0,1.7019513,1.7729433,0.43400246,1.6352575,0.0,0.0,1.2292848,0.0,1.3609017,0.48383138,1.1034184,0.0,1.2791564,1.4071293,0.0,0.0,0.8871592,0.0,0.0,0.85384667,0.0,0.7992485,0.58134955,0.0,0.0,1.1333576,0.0,0.0,0.0,0.0,2.2247121,1.7349259,0.43131733,0.3713086,0.8929115,0.0,0.0,0.0,0.0,0.3359957,0.0,0.0,0.0,0.0,0.0,0.66441154,0.15584074,0.33766,0.9936469,0.0,0.0,1.6569407,0.46079704,0.34564164,1.4705812,0.0,0.0,0.0,0.42817992,0.0,0.06408825,2.165489,0.0,0.0,1.2520244,1.4082774,1.0229807,0.6952315,0.0,0.8125977,0.43404153,0.0,0.0,1.8586526,0.61873597,1.5044206,0.8259475,0.2885099,1.041413,0.0,0.81304973,1.6661456,0.0,0.78613454,1.6062261,0.83026654,0.0,0.0,0.3801305,0.0,0.18269734,0.14280643,0.3978179,1.1325158,0.0,1.2035222,0.96156055,0.0,0.0,1.1834171,0.0,1.1315393,0.0,0.0,0.92329365,1.2644122,0.0,0.0,0.0,0.3106242,1.5176988,0.0,0.0,1.7179587,1.8353045,0.0,0.0,2.1075072,0.0,0.2377208,0.0,0.8316708,0.0,1.1957679,1.6216757,1.2480246,0.0,1.8499193,0.45908576,0.0,0.0,1.0193416,0.47194394,0.0,1.3375008,1.566905,0.36411354,1.4393681,0.0,0.514524,2.0846705,0.0,1.0159183,0.0,2.3184638,0.7381614,0.72964966,1.2309241,0.7706355,0.0,0.0,0.0,0.0,1.713613,2.4553416,0.93440497,2.1986547,0.40322143,0.010649694,1.9742091,0.92784303,0.34328276,0.0,0.047205236,0.0,1.4240578,0.0,0.0,0.0,1.2026412,1.0903592,1.017073,0.7930094,0.0,1.167306,1.3297188,0.0,0.0,0.2911962,0.0,1.1217726,1.53002,1.025021,0.75336623,0.21179537,0.0,1.2800586,0.95055634,1.098029,0.0,0.0,0.9521619,1.2338607,0.66465986,0.0,0.0,0.6836627,0.0,0.9176105,0.0,0.0,0.0,0.0,0.98353034,0.0,0.0,0.8400872,1.4802467,0.60204333,1.9723477,0.7496454,0.028241472,0.0,1.0743433,1.3710111,1.7008735,0.0,1.4847594,0.0,0.0,0.16524991,1
0.0,0.0,0.34881276,1.331184,1.9627445,0.0,0.20084049,0.4656304,2.5132704,1.2209765,1.1418754,0.0,0.037074775,1.35223,0.0,1.9760108,0.39870057,0.87879246,0.85843295,0.84650886,0.0,0.7554731,0.404937,0.15235564,1.4343717,0.0,0.12737186,0.0,0.7299666,0.9317375,0.5030247,1.072353,0.19619572,0.0,0.0,2.2799919,2.1143677,1.0819608,2.2559078,0.0,0.0,1.7406516,0.0,1.420834,0.2846143,0.25136903,0.0,0.48814294,0.78788644,0.0,0.0,1.0335388,0.29710713,0.0,0.063218676,0.0,0.5989229,0.7683677,0.0,0.0,1.8060544,0.0,0.0,0.0,0.0,1.5280293,1.0665411,1.1812348,0.0,0.73049444,0.08370183,0.0,0.0,0.0,0.5757117,0.0,0.0,0.0,0.0,0.0,0.5558512,0.4750479,0.0,0.8006763,0.0,0.0,1.1944208,0.96311414,0.86510193,1.6400971,0.0,0.0,0.0,0.0,0.0,0.0,1.4923059,0.0,0.0,0.8119262,1.583621,0.6374432,1.0331389,0.0,0.41433826,1.0680627,0.0,0.0,2.250534,0.4954541,2.1137018,0.76442266,0.85585064,1.0169224,0.0,1.3777176,1.3112366,0.0,1.5304887,0.75663555,0.19433692,0.0,0.0,0.0,0.0,0.29957214,0.0,0.0,0.103882104,0.437329,1.0874854,0.45061982,0.23208301,0.0,1.2057568,0.0,0.8132618,0.0,0.0,1.7511377,0.47629797,0.0,0.0,0.25837284,0.25318095,0.945447,0.0,0.0,2.5454047,1.0992626,0.0,0.0,0.735105,0.0,0.20747362,0.0,1.1930442,0.0,1.2905564,0.5192307,1.7894816,0.0,0.8908841,0.4895246,0.13322656,0.0,0.9893077,0.034153078,0.0,1.9827477,1.0351441,0.0,1.2235708,0.0,0.0,0.87871265,0.0,1.0907767,0.0,3.2637215,1.4471791,1.4254869,1.2536955,1.1290975,0.0,0.0,0.0,0.0,1.1839235,2.6660764,0.55574626,1.9202241,0.52745575,0.822811,2.0555909,1.119604,0.8116999,0.0,0.26721993,0.0,0.7802183,0.0,0.0,0.0,1.2174565,0.55592346,1.407691,1.410994,0.0,1.0499637,1.3926064,0.0,0.0,0.0,0.0,1.3895478,1.2720962,0.6861043,0.832921,0.70833415,0.0,1.4582107,1.0862454,0.40954328,0.0,0.03626611,1.3924525,0.31120065,0.561731,0.0,0.0,1.2849398,0.0,0.5400821,0.0,0.0,0.0,0.0,1.0674963,0.0,0.0,1.2715985,0.65636456,0.0,2.413743,0.91230005,0.10850316,0.0,0.8588983,0.8891714,0.62654215,0.13856722,1.4717991,0.0,0.0,0.4465628,0
0.17784345,0.0,0.91266185,0.8400767,1.8390093,0.0,0.0,0.9965211,2.652837,0.8160728,1.5815111,0.0,0.09096575,1.6068906,0.0,2.0465105,0.14360385,1.257326,1.2112974,0.8713107,0.0,1.2773576,0.13350642,0.2087805,1.5596046,0.0,0.30184165,0.054456275,0.10773519,0.9161705,0.68630433,0.88117707,0.0,0.0,0.0,2.1452487,2.2406952,0.91060984,2.2194674,0.0,0.04724525,2.3729594,0.0,1.1960362,0.09942871,0.791686,0.0,0.8454227,1.1098788,0.0,0.0,1.4665847,0.0,0.0,0.0367405,0.0,0.38758835,0.9642479,0.0,0.0,1.8029974,0.0,0.0,0.0,0.0,1.7678268,0.6743026,0.9138776,0.42028522,1.079474,0.0,0.0,0.0,0.0,0.52354825,0.0,0.0,0.0,0.0,0.0,0.29609564,1.0975398,0.0,0.6438236,0.0,0.0,1.3113352,0.94041795,1.2911135,1.84202,0.0,0.0,0.0,0.46367678,0.0,0.0,1.6924129,0.0,0.0,1.3067291,1.6916236,0.91541106,0.9430074,0.0,0.37331274,1.323887,0.0,0.0,2.2447069,0.36374322,2.4618194,0.52094007,0.6539894,1.1208577,0.0,1.6001672,1.1560283,0.0,1.5409448,1.0884761,0.24973276,0.0,0.0,0.0,0.0,0.00087346317,0.012863948,0.72505975,0.7195764,0.5104504,0.9122056,0.4003577,0.14178248,0.0,1.2543402,0.0,1.2538369,0.0,0.0,1.3177651,0.70191604,0.0,0.0,0.19195542,0.5870775,1.1287382,0.0,0.0,2.7559361,1.5399581,0.0,0.0,0.6810415,0.0,0.5190844,0.0,1.0383251,0.0,1.3255553,1.0073552,1.81036,0.0,0.996212,0.693481,0.10381376,0.0,0.92129326,0.0,0.0,1.8182335,0.8942928,0.0,0.4060185,0.0,0.20743601,1.3304392,0.0,0.9172613,0.0,3.041895,1.0921698,1.5861453,1.3613203,1.2677107,0.0,0.0,0.0,0.0,1.3176163,2.356729,0.43123788,1.8370422,0.57044375,0.79805005,2.0579786,1.4620967,1.0368018,0.0,0.29528576,0.0,0.36976925,0.0,0.0,0.0,1.291892,0.31987485,1.3352877,1.2471387,0.0,1.2437532,1.3570739,0.0,0.0,0.3054103,0.0,1.8522406,1.3485281,0.8525265,1.2177699,0.62589294,0.0,1.6754318,0.6285018,1.1554056,0.0,0.0,1.2057366,0.7161641,0.6555572,0.0,0.0,1.3827236,0.0,0.22689508,0.0,0.0,0.0,0.0,0.54776555,0.0,0.0,1.6549182,0.2848744,0.10990246,2.235831,1.3830848,0.16877736,0.0,1.1657299,0.46186015,1.1476438,0.007869583,0.56390655,0.0,0.0,0.70859265,0
