0,1,2,3,4,5,6,7,8,9,10,11,12,13,14,15,16,17,18,19,20,21,22,23,24,25,26,27,28,29,30,31,32,33,34,35,36,37,38,39,40,41,42,43,44,45,46,47,48,49,50,51,52,53,54,55,56,57,58,59,60,61,62,63,64,65,66,67,68,69,70,71,72,73,74,75,76,77,78,79,80,81,82,83,84,85,86,87,88,89,90,91,92,93,94,95,96,97,98,99,100,101,102,103,104,105,106,107,108,109,110,111,112,113,114,115,116,117,118,119,120,121,122,123,124,125,126,127,label
0.12280049,0.0,0.0,0.7908542,1.8918885,0.0,0.4922257,0.0,0.56128234,0.0,1.8820935,1.8364565,0.0,0.22496551,1.7598138,0.068746306,0.0,2.4382408,1.3445158,1.3341097,0.06077233,0.0,0.0,0.03278749,0.0,0.24095418,0.0,0.0,1.4816687,0.0,0.0,0.31170967,0.0,0.0,1.6974562,0.0,0.0,0.08647301,1.1337175,0.2995758,0.33126283,0.0,1.0047861,0.5103102,0.14716922,0.0,0.0,0.0,1.144807,1.1751648,0.0,0.0,1.1963769,0.4555503,0.0,0.20855972,0.06293218,0.0,0.22117932,1.6410147,0.9404541,1.417769,1.6972048,0.0,0.0,0.56461465,1.9421898,1.4467165,0.85634327,1.4811155,0.0,0.0,0.0,0.0,0.0,0.0,0.87373215,1.8339908,0.21703926,0.19657199,0.0,1.6919135,0.44724798,0.0,1.363563,0.0,0.0,0.0,0.0,1.0665756,0.0,1.995113,0.0,0.2744181,0.0,1.7126422,0.38288125,0.0,0.0,0.0,0.11336163,0.2550188,1.5861127,1.4454232,0.0,1.2986683,0.0,0.075791836,0.89590377,0.0,0.0,0.019422863,0.0,0.0,0.09297066,0.0,0.0,0.055364247,1.245836,0.0,0.0,0.0,0.531247,0.021852724,0.0,0.93623894,0.0,0.16002741,0
0.74679595,0.0,0.0,1.2669277,1.5543299,0.0,0.45951563,0.0,0.20968838,0.34713024,1.1472201,0.6886217,0.0,0.23200116,0.48117772,1.0706594,0.0,1.7956666,0.79421866,0.93222207,1.1525503,0.17990872,0.90695804,0.7516792,0.03585032,1.1053764,0.0,0.20238498,0.25837085,0.0,0.0,1.0980706,1.2087041,0.0,0.71567273,0.0,0.028097799,0.41521257,0.5603152,0.566887,0.25190896,0.0,0.54316723,0.6304613,0.0,0.0,0.0,0.0,0.8349528,0.16201715,0.0,0.0,0.4073102,1.1416204,0.68440455,0.3739083,0.261829,0.16784307,0.85675895,0.66934806,0.60742384,1.2456244,1.0169997,0.0,0.43017116,0.6322213,0.8619678,0.7479186,0.67204505,0.96192914,0.0,0.0,0.2619088,0.0,0.0,0.0,0.5200596,1.4231226,0.92059934,0.21381737,0.0,0.5089086,0.48178652,0.0,0.47611728,0.0,0.0,0.09364798,0.66902316,0.7318421,0.6497875,1.1186075,0.0,0.40984523,0.0,0.8663986,0.37008783,0.0,0.39981532,0.0,0.2245964,0.6391557,0.75107574,1.0748591,0.0,0.6315541,0.30996367,0.0,0.7164893,0.81017834,0.3912775,0.06951741,0.0,0.0,0.131323,0.0,0.0,1.043568,0.46479732,0.63227564,0.0,0.0,0.4256713,0.83527917,0.0,0.6233208,0.0,0.38365862,1
0.6906784,0.0,0.0,0.8299401,2.5478134,0.0,1.0497811,0.0,0.48365027,0.0,2.263296,2.1357355,0.0,0.7540775,1.5398724,0.0,0.0,2.4372275,1.4803038,1.9532899,0.0,0.0,0.0,0.0,0.0,0.3511193,0.0,0.0,1.459859,0.0,0.0,0.0,0.3693625,0.0,2.3257148,0.0,0.0,0.0,1.5771608,0.0,0.35627666,0.0,0.7825049,0.37187847,0.0,0.0,0.0,0.0,1.5057929,1.2303537,0.15416043,0.0,1.4067302,0.57429206,0.0,0.17988601,0.15391195,0.1568675,0.0,1.968896,1.0637879,1.3659832,2.0634582,0.0,0.0,0.12879005,2.3686218,1.5292078,1.1481131,1.5757884,0.2267188,0.0,0.13515091,0.0,0.0,0.0,1.0198987,2.1439314,0.26926512,0.7097245,0.0,2.0668693,0.17908846,0.0,1.7019713,0.0,0.0,0.0,0.0,1.285115,0.0,2.522588,0.0,0.121246524,0.0,2.3381507,0.0,0.0,0.035317566,0.0,0.09113304,0.0,1.6822225,1.9279045,0.0,1.4400755,0.0,0.031619668,1.1894233,0.0,0.0,0.01367103,0.0,0.0,0.0,0.0,0.0,0.0,0.8479141,0.0,0.0,0.0,0.6977194,0.0,0.0,1.1899477,0.0,0.0,0
0.52872944,0.0,0.0,0.6729169,2.4611979,0.0,1.1090804,0.0,0.48289147,0.0,2.6186907,2.0008192,0.0,0.9566734,1.7935703,0.0,0.0,2.5309336,1.5766655,1.9465634,0.0,0.0,0.0,0.038434435,0.0,0.25305286,0.0,0.0,1.3900647,0.0,0.0,0.39087716,0.41637933,0.0,2.1931672,0.0,0.0,0.0,1.4836566,0.0,0.4965741,0.037407394,0.65956175,0.4180169,0.0,0.0,0.0,0.0,1.7255262,1.4466953,0.07747882,0.0,1.6621661,0.8351145,0.0,0.2619441,0.45296386,0.0,0.21258406,1.7624024,1.1905674,1.2216775,1.9742414,0.0,0.0,0.10478877,2.2587137,1.8426483,1.7008096,1.6340916,0.24436463,0.0,0.16521172,0.0,0.0,0.0,0.9165352,2.5037625,0.29724354,0.48718706,0.0,2.3101065,0.60414696,0.0,1.5137534,0.0,0.0,0.0,0.0,1.6384474,0.0,2.701819,0.0,0.39259014,0.0,2.698019,0.0,0.0,0.0,0.0,0.3132212,0.0,1.4566773,2.0463831,0.0,1.7553008,0.0,0.0,1.2862912,0.0,0.12905556,0.29562318,0.0,0.0,0.06742924,0.0,0.0,0.0,1.278147,0.0,0.0,0.0,0.4753606,0.0,0.0,1.2646736,0.0,0.0,0
0.46036446,0.0,0.0,0.7604359,2.7175703,0.0,0.8852756,0.0,0.41532066,0.0,2.2229414,2.2358592,0.0,0.8057764,1.5477052,0.0,0.0,2.3321245,1.3120406,1.8929646,0.0,0.0,0.0,0.11559929,0.0,0.28132498,0.0,0.0,1.3070729,0.0,0.0,0.0,0.31366196,0.0,1.7571032,0.0,0.0,0.0,1.452497,0.0,0.24929738,0.0,0.74083483,0.62374306,0.12234049,0.0,0.0,0.0,1.6367154,1.3841149,0.027764237,0.0,1.4606357,0.9209932,0.0,0.12813023,0.18403992,0.0,0.17204191,2.0222816,1.064583,1.5660932,1.9411318,0.0,0.010967653,0.18909344,2.4808815,1.7335973,1.6175094,1.7825842,0.1360035,0.02101409,0.0,0.0,0.0,0.0,1.0198969,2.4377375,0.0,0.57315296,0.0,2.0487247,0.7308721,0.0,1.8030819,0.0,0.0,0.0,0.0,1.5664749,0.0,2.4572074,0.0,0.112226,0.0,2.200866,0.050781112,0.0,0.0,0.0,0.0,0.0,1.6786815,1.8312689,0.0,1.6013664,0.0,0.08396309,1.2145652,0.0,0.0,0.05794898,0.0,0.0,0.0,0.0,0.0,0.0,1.2440147,0.0,0.0,0.0,0.517247,0.0,0.0,1.0830351,0.0141277425,0.0,0
0.96557057,0.0,0.0,1.1874744,0.81960744,0.0,0.5710228,0.0,1.0233573,0.44749826,1.0220538,0.5612455,0.0,0.36030424,0.7286768,1.098089,0.0,1.7402259,1.0835102,0.659379,1.079822,0.1418679,0.9171822,0.99991584,0.33392015,1.2293189,0.0,0.44267204,0.49824104,0.0,0.0,1.0402397,1.4460852,0.0,0.64298564,0.0,0.793953,0.3936491,0.8085647,0.8361873,0.54244,0.0,0.5578484,0.80878645,0.11788522,0.0,0.0,0.0,1.103755,0.47601902,0.0,0.0,0.5575534,1.4858332,0.9211626,0.26111883,0.81306,0.7161867,0.80121696,0.5800852,0.42314452,1.0615339,0.53236276,0.0,0.2649751,0.39359882,0.66843486,0.9379361,0.45673692,0.5449375,0.0,0.0,0.41891435,0.0,0.0,0.0,0.0,1.0413793,1.1976737,0.3060248,0.41550252,0.6746779,0.6375051,0.0,0.3431947,0.0,0.0,0.044583615,0.8117888,0.69733727,0.76588494,1.1391326,0.0,0.81794715,0.0,0.7171516,0.41836914,0.0,0.73297536,0.0,0.0,0.9380255,0.74219996,0.6417062,0.0,0.9648531,0.055055328,0.0,0.95878345,0.8299853,0.07424857,0.29698682,0.0,0.0,0.10245561,0.0,0.0,0.80675864,0.31234396,0.6663829,0.43005642,0.0,0.37603053,1.0409213,0.0,0.4719509,0.0,0.8464053,1
0.9631047,0.0,0.0,1.575538,0.5554195,0.0,0.41865498,0.0,1.0381172,0.43030465,0.6052675,0.5866342,0.0,0.41254115,0.65767944,1.2117859,0.0,1.6311164,0.91743124,0.20729442,1.7587489,0.21704812,1.0658414,1.2923042,0.13828868,1.0197116,0.0,0.5931649,0.49698958,0.0,0.0,1.0584582,1.3613465,0.0,0.45083556,0.0,0.99936646,0.45321482,0.55359274,0.75931525,0.24576852,0.0,0.49050578,0.7517069,0.25156808,0.0,0.0,0.0,0.88971454,0.13930848,0.0,0.0,0.25943297,1.1932561,0.7835759,0.3839467,0.9996647,0.62402004,0.9995984,0.5116457,0.9095762,0.6813846,0.0,0.0,0.4051692,0.7828412,0.83018833,0.73389953,0.43026426,0.82523847,0.0,0.0,0.63444144,0.0,0.0,0.0,0.09242717,0.64587176,1.2815249,0.48624197,0.060655568,0.33209607,0.67762953,0.0,0.0,0.0,0.18448447,0.10757824,0.50290465,0.4572235,0.78259474,1.0815406,0.0,1.2315718,0.0,0.48253086,0.61668473,0.0,0.63869596,0.0,0.0,1.3046638,0.45740128,0.5043606,0.0,0.5089788,0.0,0.10492095,0.8621139,0.83684933,0.0,0.26677427,0.0,0.0,0.59245133,0.0,0.0,0.7767041,0.03353122,0.9912468,0.53285736,0.0,0.12161005,1.1497245,0.0,0.17109726,0.0633519,0.65840364,1
1.0234225,0.0,0.0,1.0336151,1.3259977,0.0,0.8222088,0.0,0.9614127,0.9431675,1.5907322,1.4465218,0.0,0.29562327,0.905296,0.9732281,0.0,2.1228776,1.4466116,1.2792636,0.76417303,0.0,0.5235473,0.7752924,0.29899928,0.68685776,0.0,0.0,0.87943876,0.0,0.0,0.7666033,0.58042806,0.0,0.9187402,0.0,0.859222,0.53505087,1.4209905,0.28849426,0.67146003,0.0,0.34569553,0.48536277,0.18813974,0.0,0.0,0.0,1.5357904,0.68698865,0.0,0.0,1.0496719,1.0320466,0.4307575,0.4174467,0.196698,0.7091669,0.9107123,1.0942942,0.74848396,1.1885563,0.7777036,0.0,0.6549267,0.55804706,1.4234229,1.2735404,1.0055552,0.93494093,0.0,0.0,0.5099204,0.0,0.0,0.0,0.6222835,1.8718361,1.1624314,0.90231603,0.08335483,1.8519233,1.0573671,0.0,1.082517,0.0,0.0,0.097456984,0.0,0.60578436,0.13117146,1.616841,0.0,0.869362,0.0,1.0812505,0.19944029,0.0,0.0,0.0,0.0,0.9728322,1.0109385,1.3856692,0.0,1.4382874,0.0,0.0,1.0817226,0.030631686,0.0,0.0,0.0,0.0,0.40016115,0.0,0.0,0.29513666,0.48925978,0.3176401,0.4252458,0.0,0.2696629,0.64855784,0.0,1.0294869,0.0,0.8449969,1
1.2226835,0.0,0.0,1.0260752,1.33407,0.0,0.77416104,0.0,1.1619049,0.6046019,1.0245231,0.7556543,0.0,0.46046883,0.9634109,0.9948811,0.0,1.8399912,1.1950439,1.1354529,1.1087466,0.0,0.6636134,0.9555444,0.0,0.43410003,0.0,0.44756123,0.79095674,0.0,0.0,1.0036144,1.239434,0.0,0.99431133,0.0,0.745292,0.46729517,0.90092224,0.18664059,0.6261021,0.0,0.33645034,0.542016,0.36683303,0.0,0.0,0.0,1.1497242,0.4713559,0.0,0.0,0.8936168,1.0726238,0.6427758,0.34886265,0.7447867,0.52069986,0.7391883,1.0033753,0.7105089,1.0782167,0.784164,0.0,0.3574964,0.0,1.1870291,1.0784763,0.62043214,1.1072356,0.12051998,0.0,0.64496374,0.0,0.0,0.0,0.4128563,1.7793826,1.0226433,0.715105,0.044578027,1.1692528,0.5610382,0.0,0.72512585,0.0,0.0,0.12417131,0.31482437,0.89437884,0.06378613,1.2571173,0.0,1.1015291,0.0,1.127638,0.17674589,0.0,0.61285377,0.0,0.07938428,0.8596108,0.85627985,1.4156888,0.0,1.0070813,0.0,0.0,1.0329933,0.68105316,0.0,0.06475899,0.0,0.0,0.37055528,0.0,0.0,0.28230274,0.16573317,0.56947076,0.18847436,0.0,0.10808674,0.77708894,0.0,0.52200216,0.0,0.625522,1
0.86062384,0.0,0.0,1.0142275,1.1827272,0.0,0.35088882,0.0,1.060571,0.4596986,1.0700068,0.819248,0.0,0.37128532,0.8137697,0.9808383,0.0,1.9710389,0.91855675,0.87515587,1.2154217,0.0,0.7900862,0.51410085,0.0,1.1543784,0.0,0.33716765,0.53795743,0.0,0.0,1.2886821,0.9814207,0.0,0.72798353,0.0,0.55074745,0.3377927,0.81540805,0.6529425,0.5476935,0.0,0.22153635,0.43099314,0.03928761,0.0,0.0,0.0,0.6306598,0.32078567,0.0,0.0,0.9147838,1.2138714,0.6049688,0.050287303,0.57135,0.6326608,0.82829607,0.7841918,0.64401007,1.1425028,0.88595444,0.0,0.5425705,0.3104253,0.6746759,0.62889725,0.5007614,0.71317595,0.0,0.0,0.7583924,0.0,0.0,0.0,0.2893969,1.4046968,1.3888124,0.46986654,0.014107078,0.9166089,0.6380521,0.0,0.69092506,0.0,0.0,0.0,0.2508018,0.6947612,0.28938016,1.3027116,0.0,0.7790151,0.0,0.7463696,0.3863272,0.0,0.36534238,0.0,0.0,0.89556473,0.90453565,0.9384139,0.0,0.8491502,0.0,0.0,0.8969363,0.7973971,0.041025374,0.25910604,0.0,0.0,0.39828256,0.0,0.0,0.6159826,0.57960725,0.4326078,0.12613423,0.0,0.19399397,0.952953,0.0,0.28378117,0.0,0.53153795,1
1.2433232,0.0,0.0,1.0798409,1.4907607,0.0,0.68907726,0.0,1.0882007,0.7897436,1.3499072,1.0152974,0.0,0.6014149,0.9433185,0.9785122,0.0,1.6493407,1.2357645,1.26969,0.91947854,0.0,0.82076216,0.83699274,0.24468143,0.749043,0.0,0.11473169,0.79043776,0.0,0.0,0.9239413,1.2596389,0.0,0.7841152,0.0,0.65037245,0.44797415,1.2081897,0.5697818,0.778537,0.0,0.31679744,0.68089545,0.34444565,0.0,0.0,0.0,1.2963632,0.5981607,0.0,0.0,0.7501179,1.3736066,0.63142824,0.45706436,0.64485425,0.75828564,0.97560024,0.9559588,0.7429888,1.2334099,0.7069183,0.0,0.5441321,0.0,1.1453208,1.2948809,0.8824066,0.8889621,0.099601656,0.0,0.5554867,0.0,0.0,0.0,0.69645566,1.6003654,0.9368217,0.8751349,0.24048877,1.4860914,0.76168525,0.0,0.76871085,0.0,0.0,0.13071479,0.5141263,0.78344905,0.117388554,1.520039,0.0,1.1504896,0.0,1.1040825,0.1120228,0.0,0.44674885,0.0,0.14910842,1.2053337,0.58497024,1.3493893,0.0,1.2282065,0.0,0.0,1.2447306,0.5175935,0.0,0.119977854,0.0,0.0,0.5137381,0.0,0.0,0.32787362,0.22587746,0.5351763,0.143628,0.0,0.2683853,0.7515299,0.0,0.6551071,0.0,0.78770816,1
0.7058326,0.0,0.0,0.9391891,2.081038,0.0,0.23564973,0.0,0.50032717,0.28639886,2.4767854,2.422932,0.0,0.22573459,1.5184327,0.18279888,0.0,2.6322649,1.6478202,2.1942813,0.0,0.0,0.0,0.1140589,0.0884846,0.350688,0.0,0.0,1.8391677,0.0,0.0,0.2193378,0.24354227,0.0,2.433816,0.0,0.0,0.07306128,1.7275833,0.0,0.23124114,0.0,0.093177676,0.13732061,0.21905456,0.0,0.0,0.0,1.6445471,1.2523291,0.0,0.0,1.5042124,1.0865176,0.0,0.0,0.17391123,0.18458465,0.20918022,2.0734692,0.8159474,1.548521,2.0503163,0.0,0.26182964,0.103118055,2.5524945,1.8324785,1.1443774,1.5098314,0.025393777,0.0,0.19755487,0.0,0.0,0.0,0.82895213,2.2358267,0.34571987,0.68119156,0.0,2.6952302,0.7597772,0.0,1.8653411,0.0,0.0,0.0,0.0,1.2206423,0.0,2.521439,0.0,0.31187516,0.0,2.569289,0.0,0.0,0.0,0.0,0.0,0.34209993,2.0015512,1.5551718,0.0,1.7768157,0.0,0.0135476515,1.2224697,0.0,0.0,0.0,0.0,0.0,0.1733906,0.0,0.0,0.0,0.9496455,0.0,0.0,0.0,0.66414195,0.030694634,0.0,1.3466926,0.0,0.38033518,0
0.57563037,0.0,0.0,0.7267064,2.6385791,0.0,0.27963495,0.0,0.0,0.0,2.651292,2.7885227,0.0,0.38716936,1.2668884,0.0,0.0,3.071068,1.672006,2.488848,0.0,0.0,0.0,0.0,0.0,0.0,0.0,0.0,2.4760926,0.0,0.18843298,0.0,0.0,0.0,2.703462,0.0,0.0,0.0,1.744989,0.0,0.0,0.0,0.42006254,0.50893605,0.0,0.0,0.0,0.0,1.720102,1.5183668,0.0,0.0,1.6846796,0.7060086,0.0,0.0,0.21939568,0.013629317,0.0,2.2881222,1.3272681,1.8585334,2.5298176,0.0,0.0,0.0,2.9911497,2.223542,1.2882167,1.9250886,0.04130298,0.33830032,0.0,0.0,0.0,0.0,0.8871661,2.4014516,0.10052684,0.8131507,0.0,2.7508101,0.3866924,0.0,2.0608451,0.0,0.0,0.0,0.0,1.6006747,0.0,3.0149524,0.0,0.20856495,0.0,2.8839626,0.13449323,0.0,0.0,0.0,0.051869273,0.0,2.2848217,1.5954947,0.0,2.152365,0.0,0.06488181,1.1725608,0.0,0.0,0.0,0.0,0.0,0.0,0.0,0.0,0.0,1.0618227,0.0,0.0,0.0,0.8635313,0.0,0.0,1.1538302,0.0,0.0,0
0.35768867,0.0,0.0,0.79696417,2.091947,0.0,0.1898742,0.0,0.42820042,0.0,2.31534,2.3068862,0.0,0.26927093,1.3190305,0.0,0.0,2.5240567,1.676596,2.024208,0.0,0.0,0.0,0.0,0.10695985,0.108924404,0.0,0.0,2.3085794,0.0,0.20660117,0.08747795,0.0,0.0,2.2051845,0.0,0.0,0.1309967,1.7581555,0.23016171,0.06942536,0.0,0.29175025,0.45350075,0.04041682,0.0,0.0,0.0,1.6286911,1.5949997,0.0,0.0,1.3747808,0.5843427,0.0,0.31513795,0.08730558,0.0,0.0,1.8674344,1.3282404,1.7011181,2.020335,0.0,0.2541084,0.2456296,2.539776,1.4918325,0.99222684,1.5482423,0.0,0.007446166,0.0,0.0,0.0,0.0,0.7208289,1.744534,0.4309158,0.5699635,0.0,2.5367231,0.7079162,0.0,1.8043576,0.0,0.0,0.0,0.0,1.2403283,0.0,2.469666,0.0,0.077895515,0.0,2.3595264,0.0,0.0,0.0,0.0,0.0,0.054558173,1.8488461,1.409199,0.0,1.6790377,0.0,0.021780662,0.86030227,0.0,0.0,0.0,0.0,0.0,0.043334153,0.0,0.0,0.005176303,0.8465424,0.0,0.0,0.0,0.78445286,0.0,0.0,1.1810246,0.0,0.40836474,0
0.61557883,0.0,0.0,0.47689778,2.9812112,0.0,1.1967437,0.0,0.33536053,0.062137015,2.1634824,1.8982389,0.0,0.5935687,1.1672261,0.0,0.0,2.2627428,1.5247064,1.6640201,0.0,0.0,0.0,0.0025723753,0.0,0.42723754,0.0,0.0,1.3055656,0.23512131,0.0,0.09707805,0.2056721,0.0,2.11323,0.0,0.0,0.0,1.4139932,0.0,0.47960347,0.11185794,0.8723766,0.3098164,0.0,0.0,0.0,0.0,1.6605173,1.3446463,0.038961403,0.0,1.2574867,0.8426993,0.0,0.20293573,0.3935906,0.0,0.0,1.7627301,1.1285069,1.4286253,1.5304608,0.0,0.3140829,0.0,2.3004704,1.7497687,1.1028258,1.3249714,0.0,0.0,0.0,0.0,0.0,0.0,1.0654819,2.3093042,0.04972829,0.4057803,0.0,2.1489127,0.5018161,0.0,1.3660315,0.0,0.0,0.0,0.0,1.4469752,0.0,2.4865081,0.0,0.0,0.0,2.024307,0.0,0.0,0.0,0.0,0.0,0.0,1.4412909,1.9871358,0.0,1.5913391,0.0,0.0,1.2006112,0.0,0.0,0.23805253,0.0,0.0,0.0,0.0,0.0,0.0,0.80787754,0.0,0.0,0.0,0.6207673,0.0,0.0,1.2366074,0.0,0.0,0
0.54998136,0.0,0.0,0.55543154,2.4981027,0.0,0.8237523,0.0,0.120401256,0.0,2.5368397,2.659324,0.0,0.3412594,1.6185868,0.0,0.0,2.646896,1.5677824,1.9102634,0.0,0.0,0.0,0.0,0.0,6.512995e-05,0.0,0.0,2.1593578,0.0,0.012404157,0.027372941,0.066345796,0.0,2.6217103,0.0,0.0,0.0,1.6621822,0.0,0.13535169,0.0,0.65819037,0.44296598,0.0,0.0,0.0,0.0,1.4703074,1.4295769,0.0,0.0,1.6402894,0.52587444,0.0,0.14328262,0.2548783,0.0,0.0,2.4007087,1.1710494,1.6484734,2.2687216,0.0,0.21186331,0.107227385,2.6416142,1.7308185,1.1643274,1.9355088,0.11063162,0.02408206,0.0,0.0,0.0,0.0,0.90220016,2.2376828,0.1331036,0.49632972,0.0,2.4869962,0.41358316,0.0,1.8009676,0.0,0.0,0.0,0.0,1.3563715,0.0,2.8313344,0.0,0.32875308,0.0,2.608135,0.0,0.0,0.0,0.0,0.18731582,0.0,1.8309273,1.8331141,0.0,1.983069,0.0,0.12968208,1.2520815,0.0,0.12538007,0.0,0.0,0.0,0.0,0.0,0.0,0.0,1.1736056,0.0,0.0,0.0,0.76361036,0.0,0.0,1.2380924,0.0,0.0,0
1.1447296,0.0,0.0,1.0641615,1.2564597,0.0,0.59681803,0.0,0.8210604,0.5186586,1.5763113,1.2899673,0.0,0.26665282,1.0962799,0.38843113,0.0,2.1150923,1.2369683,1.1834381,0.90902,0.0,0.27683225,0.59973955,0.0,0.46856445,0.0,0.38146165,1.2561165,0.0,0.0,0.7029948,0.82641816,0.0,1.2908049,0.0,0.488305,0.142495,1.1494313,0.43373147,0.24347553,0.0,0.42189094,0.85969734,0.0,0.0,0.0,0.0,1.0337363,0.49506563,0.0,0.0,1.0080216,0.9713758,0.6034987,0.33065596,0.547427,0.2612499,0.7634281,1.2527014,0.92914486,1.1403608,1.0910889,0.0,0.36451653,0.20080826,1.477796,1.2396705,0.74257594,1.1250873,0.09341195,0.0,0.44741046,0.0,0.0,0.0,0.5214074,1.578707,0.80033684,0.5539796,0.0,1.2370278,0.7478943,0.0,0.973212,0.0,0.0,0.0,0.4926887,0.957673,0.030403025,1.5791903,0.0,0.9163426,0.0,1.3303865,0.29340664,0.0,0.43671504,0.0,0.3176207,0.6337729,0.9821581,1.3486307,0.0,1.3371577,0.0,0.0,1.2224209,0.26824027,0.0,0.20804243,0.0,0.0,0.2079801,0.0,0.0,0.39828944,0.37969768,0.39819622,0.12829077,0.0,0.39596567,0.59953,0.0,0.742508,0.0,0.42660013,1
1.1083332,0.0,0.0,0.9330735,0.9250565,0.0,0.41618085,0.0,0.88336194,0.4986824,0.8543556,0.8101942,0.0,0.14986166,0.6227916,1.2509394,0.0,1.5604585,0.930086,0.68036675,1.3161696,0.117486246,0.8307893,0.98126674,0.17516635,0.646062,0.0,0.98440075,0.5929515,0.0,0.0,0.5637587,0.8624302,0.0,0.71619725,0.0,0.61045724,0.1168158,0.47256503,0.8192107,0.2812313,0.0,0.45021445,0.8569546,0.0,0.0,0.0,0.0,0.8504663,0.19706354,0.0,0.0,0.6037974,1.1513766,0.65907216,0.31103957,0.54897857,0.45317885,0.89613736,0.85688674,0.782413,1.0291665,0.39670599,0.0,0.40491346,0.5493897,0.9091176,0.4699252,0.5437164,1.1306915,0.0,0.12632896,0.68432045,0.0,0.0,0.0,0.44444066,1.2632295,1.1796037,0.33810344,0.047472876,0.70965314,0.608885,0.0,0.2952926,0.0,0.0,0.0,1.0086749,0.51485485,0.6473189,1.1379629,0.0,0.96397215,0.0,0.7283024,0.43502578,0.0,0.5726118,0.0,0.040294126,0.8439502,0.83696324,0.79065025,0.0,0.67209476,0.0,0.0,0.7449278,0.76757,0.0,0.109683536,0.0,0.0,0.5777564,0.0,0.0,0.61047614,0.2556978,0.5781467,0.39237303,0.0,0.4533748,0.94455385,0.0,0.29064164,0.0,0.2319459,1
0.6192412,0.0,0.0,0.61783403,3.1893969,0.0,0.8464485,0.0,0.22511421,0.0,2.6898227,3.0463548,0.0,0.41917717,1.6290689,0.0,0.0,2.8816583,1.8568459,2.5431218,0.0,0.0,0.0,0.0,0.0,0.0,0.0,0.0,1.81048,0.0,0.0,0.0,0.06590654,0.0,2.5175588,0.0,0.0,0.0,1.7187432,0.0,0.0,0.0,0.49763137,0.5259167,0.01818347,0.0,0.0,0.0,1.834381,1.4591651,0.0,0.0,1.5474209,0.9403182,0.0,0.0,0.0028399157,0.0,0.0,2.5490417,0.8693398,2.0753205,2.658516,0.0,0.053320285,0.0,3.0815146,2.0687532,1.2692407,2.0820491,0.0,0.401117,0.0,0.0,0.0,0.0,1.3571036,3.1146646,0.0,1.1464137,0.0,3.1190825,0.47549564,0.0,2.0979152,0.0,0.0,0.0,0.0,1.6601584,0.0,3.0984328,0.0,0.30078578,0.0,2.948904,0.097055145,0.0,0.0,0.0,0.0,0.0,2.2418237,2.0780647,0.0,2.4582913,0.0,0.09192417,1.3745489,0.0,0.0,0.0,0.0,0.0,0.0,0.0,0.0,0.0,1.0946983,0.0,0.0,0.0,1.0070218,0.0,0.0,1.197664,0.0,0.0,0
0.9764457,0.0,0.0,0.25714093,1.8604991,0.0,0.7268279,0.0,0.34894538,0.28876048,1.8773203,1.7506368,0.0,0.43234205,1.3296465,0.42321837,0.0,2.3316712,1.0620439,1.0722095,0.0,0.0,0.0,0.3979564,0.08223009,0.68790734,0.0,0.0,1.5842577,0.0,0.0,0.6790533,0.48661014,0.0,1.94887,0.0,0.017558752,0.0,1.8718076,0.3278077,0.450245,0.0,0.69853765,0.19600627,0.0,0.0,0.0,0.0,1.4675955,1.0082574,0.0,0.0,1.3678386,0.8242203,0.0,0.37146446,0.018658705,0.013703033,0.1374786,1.2212691,0.90217024,1.534794,1.449546,0.0,0.41905934,0.16180956,1.7084213,1.518305,0.32044104,0.90995216,0.0,0.0,0.014712809,0.0,0.0,0.0,0.6279072,1.7496531,0.6092426,0.16480087,0.0,1.6239954,0.7822982,0.0,1.606667,0.0,0.0,0.0,0.12294755,0.7787463,0.0634192,2.0706644,0.0,0.5437793,0.0,1.8130531,0.18111353,0.0,0.0,0.0,0.20043315,0.63497585,1.3201905,1.1460419,0.0,1.6508012,0.0,0.0,1.1719362,0.084763676,0.0,0.24302292,0.0,0.0,0.0,0.0,0.0,0.06055778,0.5640749,0.0,0.04417186,0.0,0.5351489,0.32641596,0.0,0.9206767,0.0,0.35523176,0
1.0417838,0.0,0.0,0.8125588,0.0,0.0,0.7353356,0.0,0.6586394,0.3223548,0.27039194,0.17735721,0.0,0.0,0.102244705,0.8417911,0.0,1.5483212,0.4775498,0.055050973,1.471158,0.20939305,1.1252376,0.8714489,0.40684226,0.5983689,0.0,1.1434324,0.19605103,0.0,0.0,1.3307977,1.0133528,0.0,0.77144855,0.21175139,0.6379074,0.42048213,0.54514,0.915477,0.35899228,0.05733822,0.426251,0.34294224,0.0,0.0,0.0,0.0,0.4841063,0.4855525,0.08307934,0.0,0.6369039,1.1266623,1.0650688,0.5205179,0.6190891,0.0,0.9341036,0.0,0.68021166,0.56687236,0.1582987,0.0,0.9691566,0.617562,0.6502723,0.15613586,0.21907036,0.72515965,0.0,0.0,0.8316233,0.0,0.0,0.0,0.0,0.31416067,1.6277127,0.0,0.22468123,0.103779815,0.50164384,0.0,0.0,0.0,0.29480258,0.19344622,1.2360829,0.23652983,0.9744229,0.39462683,0.0,0.9624806,0.0,0.5469404,0.40994918,0.0,0.36124936,0.0,0.08908838,0.98379797,0.63782907,0.6712608,0.0,0.19442703,0.3675091,0.0,0.90490025,0.48004252,0.25070053,0.38864,0.04193519,0.0,0.13052565,0.0,0.0,0.91584903,0.053221688,0.5795138,0.7626885,0.0,0.19242822,1.0973604,0.0,0.2847245,0.0,0.22575912,1
0.7685875,0.0,0.0,1.0487717,1.4021554,0.0,0.29741314,0.0,0.70006466,0.24072644,1.0210562,0.49238625,0.0,0.421216,0.899738,0.9809646,0.0,1.5412408,0.8050293,1.0151489,0.97283685,0.0,0.62313765,0.86703527,0.0,0.84392416,0.0,0.33989972,0.08886473,0.0,0.0,1.3318051,1.1489537,0.0,0.4787172,0.0,0.37504902,0.80733263,0.52137905,0.35957536,0.44135693,0.15617272,0.42187947,0.75319624,0.41862732,0.0,0.0,0.0,1.1510215,0.57220715,0.0,0.0,0.6918058,1.0360307,0.3322171,0.32967484,0.47844926,0.3297132,0.7971494,0.8722636,0.3741883,0.85455877,0.77871454,0.0,0.3517883,0.58228123,0.8512138,0.60292065,0.90953547,0.7090013,0.0,0.0,0.26983455,0.0,0.0,0.0,0.22688389,1.1018375,0.81301653,0.082080215,0.16026287,0.7471909,0.62579745,0.0,0.42270163,0.0,0.0,0.13431571,0.25798193,1.011778,0.64071876,1.6470915,0.0,0.8251167,0.0,0.9128824,0.22242546,0.12160416,0.6788263,0.0,0.2878379,0.4484786,0.7322771,1.0917361,0.0,0.65609074,0.17057118,0.0,0.79871804,0.61449695,0.4261182,0.3164185,0.0,0.0,0.4556326,0.0,0.0,0.4755795,0.39465082,0.18249539,0.0,0.0,0.12003935,1.1371502,0.0,0.4523847,0.0,0.69525254,1
0.6014578,0.0,0.0,0.72013855,2.1061723,0.0,0.9715481,0.0,0.7456026,0.0,2.0416877,1.6626976,0.0,0.5943426,1.5621119,0.08047634,0.0,2.45316,1.3228855,1.7275668,0.24311477,0.0,0.09214552,0.007400709,0.0,0.47197238,0.0,0.0,1.164948,0.0,0.0,0.60145205,0.44819388,0.0,1.5991455,0.0,0.21097055,0.20341513,1.6089305,0.0,0.34473816,0.0,0.64290875,0.5683006,0.066911384,0.0,0.0,0.0,1.6304322,1.3748747,0.0,0.0,1.4138328,1.0072913,0.0,0.1305314,0.30930486,0.0,0.24004658,1.5035949,0.8883934,1.3694769,1.6250994,0.0,0.0,0.07689689,1.8953143,1.6545264,0.9924324,1.4033027,0.028058287,0.019127797,0.0,0.0,0.0,0.0,0.52274615,1.7782859,0.5294775,0.5976556,0.0,1.758741,0.66969526,0.0,1.146268,0.0,0.0,0.0,0.0,1.3711429,0.0,2.2602098,0.0,0.29989025,0.0,2.113684,0.3275713,0.0,0.0,0.0,0.18041822,0.0,1.5858264,1.5206358,0.0,1.6868371,0.0,0.04062694,1.1483165,0.0,0.0,0.11739733,0.0,0.0,0.017049903,0.0,0.0,0.0,0.6746936,0.0,0.0,0.0,0.48359424,0.377796,0.0,1.2115618,0.0,0.34657374,0
0.93036765,0.0,0.0,0.5029183,1.7554348,0.0,0.28735837,0.0,0.8922068,0.4402665,1.4047164,1.3879683,0.0,0.521668,0.90914226,0.68702376,0.0,1.4029123,1.2789922,1.2356254,0.22948547,0.0,0.36216798,0.5942462,0.19544335,0.5542314,0.0,0.0,0.8885138,0.07920372,0.0,0.4646283,0.5956645,0.0,1.179282,0.0,0.023326261,0.33267203,0.9893159,0.7818679,0.53499067,0.12233051,0.5611518,0.7184962,0.36173415,0.0,0.0,0.0,1.3828881,0.7976719,0.0,0.0,0.73666406,0.99574775,0.0,0.2832412,0.69684327,0.46930262,0.7958889,1.0278001,0.5643737,1.690034,1.1197898,0.0,0.41969898,0.986175,0.96326184,0.74933106,0.66650176,1.1556515,0.0,0.0,0.12370035,0.0,0.0,0.0,0.2796111,1.3019098,0.9886911,0.19885392,0.27219415,1.0762196,0.5432759,0.0,0.6388496,0.0,0.0,0.0,0.4241654,0.72253877,0.84207815,1.4299988,0.0,0.44856477,0.0,0.7142934,0.14760979,0.0,0.28721556,0.0,0.0,0.8164993,1.2316839,0.8770774,0.0,0.9759924,0.0,0.0,0.4979057,0.13529798,0.0,0.27358925,0.0,0.0,0.04370111,0.0,0.0,0.48535618,0.1770377,0.0,0.011191879,0.0,0.5823198,0.45424026,0.0,0.6544567,0.0,0.71620697,1
0.90801984,0.0,0.0,0.7209686,0.39261568,0.0,0.69231397,0.0,0.90910006,1.0958369,0.9748942,0.49682873,0.0,0.46762493,0.5167271,1.2891701,0.0,1.6856998,0.9768348,0.56127524,1.6106116,0.0,0.93702936,1.3509961,1.1376727,1.2766839,0.0,0.80889124,0.726194,0.0,0.0,1.1039622,1.4214294,0.0,0.7719066,0.14371268,0.9848758,0.40420312,0.9110972,0.5916852,0.32564503,0.0,0.08946601,0.65755534,0.0,0.0,0.0,0.0,0.7456207,0.5971112,0.0,0.0,0.5709156,1.2341574,0.7029244,0.6022454,0.9208054,0.8178864,1.3647467,0.42964354,0.39723808,0.6674881,0.49464744,0.0,1.2957329,0.3159521,0.489701,0.5647425,0.059049893,0.57334155,0.0,0.0,0.69695985,0.0,0.0,0.0,0.0,0.9308444,1.5900174,0.23937067,0.3644112,0.6220039,1.251769,0.0,0.45942053,0.0,0.0,0.0,0.71639776,0.56729066,0.3931957,0.86786205,0.0,1.0315391,0.0,0.30911526,0.4580384,0.0,0.60785246,0.0,0.2780741,1.2671746,0.90301484,0.73663324,0.0,0.8668153,0.36970618,0.0,0.37015632,0.49510145,0.016759057,0.08777351,0.0,0.0,0.26562473,0.0,0.0,1.0202541,0.056631163,0.28413373,0.73202485,0.0,0.0,0.94043195,0.0,0.40500703,0.0,1.1195158,1
0.38341752,0.0,0.0,0.7864833,3.0770674,0.0,0.30903783,0.0,0.0,0.0,3.0618482,3.2573853,0.0,0.46977133,1.8658197,0.0,0.0,3.1005592,2.0594256,2.810552,0.0,0.0,0.0,0.0,0.0,0.0,0.0,0.0,2.6374028,0.0,0.3442515,0.0,0.0,0.0,2.6860406,0.0,0.0,0.0,1.645833,0.0,0.0,0.0,0.39605364,0.73262644,0.0,0.0,0.0,0.0,1.6959759,1.7785493,0.0,0.0,1.8769081,0.7745767,0.0,0.0,0.023479931,0.0,0.0,2.6735053,1.3275442,2.2733953,2.901176,0.0,0.0,0.0,3.5467868,2.409675,1.8069423,2.4048052,0.0,0.26532587,0.0,0.0,0.0,0.0,1.1613744,2.8967497,0.0,0.70812017,0.0,3.0616193,0.32501122,0.0,2.286496,0.0,0.0,0.0,0.0,2.0848806,0.0,3.4307973,0.0,0.0,0.0,3.5769935,0.33680013,0.0,0.0,0.0,0.3179755,0.0,2.5667193,1.8124512,0.0,2.173992,0.0,0.3951687,1.5595385,0.0,0.07670562,0.0,0.0,0.0,0.0,0.0,0.0,0.0,1.5888981,0.0,0.0,0.0,0.91619575,0.0,0.0,1.1822803,0.0,0.0,0
0.32003328,0.0,0.0,0.6066006,2.235351,0.0,1.2122002,0.0,0.36491543,0.0,2.0840075,1.5983827,0.0,0.6739067,1.794941,0.0,0.0,2.3146002,1.2737856,1.7172606,0.15386389,0.0,0.0,0.0,0.0,0.4378555,0.0,0.0,1.022049,0.0,0.0,0.45549986,0.2631085,0.0,1.8839793,0.0,0.0,0.112126745,1.0312866,0.0,0.5739276,0.0,1.0192469,0.49830693,0.0,0.0,0.0,0.0,1.1377399,1.3258399,0.38227352,0.0,1.319578,0.5416819,0.0,0.09391293,0.074922696,0.0,0.08437033,1.9075933,1.212954,0.9562197,1.6088289,0.0,0.18294159,0.37090302,1.7836365,1.339172,1.1998101,1.1279755,0.028664894,0.0,0.0,0.0,0.0,0.0,0.8651015,1.7345234,0.0,0.0696113,0.0,1.6227007,0.24657539,0.0,1.2392882,0.0,0.0,0.0,0.0,1.116754,0.0,1.9173201,0.0,0.0,0.0,2.0752225,0.0,0.0,0.0,0.0,0.1463783,0.0,1.419872,1.6401694,0.0,1.0094746,0.0,0.080033794,0.97600734,0.0,0.36976767,0.38715607,0.0,0.0,0.09055921,0.0,0.0,0.0,1.4387788,0.0,0.0,0.0,0.5989645,0.0,0.0,1.1080074,0.0,0.0,0
0.48779342,0.0,0.0,0.9460503,2.610021,0.0,0.9404186,0.0,0.19201182,0.0,1.933746,1.6834122,0.0,0.49363902,1.3791282,0.075925775,0.0,2.2625806,1.1809425,1.973231,0.0,0.0,0.0,0.24906059,0.0,0.06558584,0.0,0.0,0.6509237,0.10353023,0.0,0.40005532,0.3899788,0.0,1.116844,0.0,0.0,0.31720486,1.0530523,0.048397202,0.23799205,0.0,0.9306234,0.7710723,0.0,0.0,0.0,0.0,1.3266647,1.1758327,0.36388424,0.0,1.0728672,0.61496544,0.0,0.10940537,0.099026956,0.0,0.4071266,1.5188949,0.6311981,1.1745179,1.5592772,0.0,0.03616592,0.61687624,1.9786836,1.1167989,1.482073,1.5207417,0.0,0.04673889,0.0,0.0,0.0,0.0,0.8016875,1.8549739,0.29987758,0.047728814,0.0,1.6552798,0.42696556,0.0,1.0545789,0.0,0.0,0.0,0.0,1.714678,0.0,2.2739756,0.0,0.09712622,0.0,2.011823,0.19939071,0.0,0.0,0.0,0.12754498,0.0,1.6499428,1.9490302,0.0,1.001514,0.0,0.046787716,1.2492894,0.17068638,0.32944366,0.15690295,0.0,0.0,0.10662251,0.0,0.0,0.0,0.9806686,0.0,0.0,0.0,0.6435552,0.1804697,0.0,0.8587546,0.0,0.15128481,0
0.46274886,0.0,0.0,0.8171042,2.7698238,0.0,0.63821167,0.0,0.11433976,0.0,2.819705,2.5165267,0.0,0.7061409,1.9608079,0.0,0.0,2.930331,2.0176256,2.530342,0.0,0.0,0.0,0.0,0.0,0.0,0.0,0.0,2.0962718,0.0,0.21511218,0.0,0.0,0.0,2.4307687,0.0,0.0,0.08856105,1.4692855,0.0,0.0,0.0,0.42209253,0.5174343,0.015301868,0.0,0.0,0.0,1.5268041,1.5603373,0.0,0.0,1.4685514,1.1791776,0.0,0.0,0.2960079,0.0,0.0,2.2658722,1.4902029,1.7151299,2.376021,0.0,0.0,0.0,3.0725842,2.262641,1.5386986,1.7776796,0.12437195,0.36820364,0.0,0.0,0.0,0.0,1.103895,2.6624155,0.0,0.83271044,0.0,2.7087767,0.84473646,0.0,1.9121408,0.0,0.0,0.0,0.0,1.9208231,0.0,3.2656236,0.0,0.7005677,0.0,3.355039,0.24662703,0.0,0.0,0.0,0.04209973,0.0,1.7817882,1.5822647,0.0,2.421499,0.0,0.14096437,1.5182714,0.0,0.0,0.0,0.0,0.0,0.09029781,0.0,0.0,0.0,0.90083194,0.0,0.0,0.0,1.0467823,0.0,0.0,1.3111967,0.0,0.14338976,0
0.0,0.07193297,0.0,0.8715267,2.8491762,0.0,0.68765163,0.0,0.0,0.0,3.205481,2.7521515,0.0,0.41782516,2.1950405,0.0,0.0,3.4110467,1.6600548,2.4156902,0.0,0.0,0.0,0.0,0.0,0.0,0.0,0.0,2.5303729,0.024866806,0.30696684,0.0,0.0,0.0,2.4776256,0.0,0.0,0.0,1.8094207,0.0,0.0,0.0,0.68195826,0.65083313,0.0,0.0,0.0,0.0,1.5980787,1.7255676,0.0,0.0,1.7734207,0.45322514,0.0,0.0,0.0,0.0,0.0,2.522662,1.686817,1.7350577,2.5139217,0.0,0.0,0.0,3.611821,2.112472,1.9063617,2.437817,0.024658218,0.4447607,0.0,0.0,0.0,0.0,1.253764,2.7437654,0.0,0.42179748,0.0,2.9347742,0.2724813,0.0,2.1479514,0.0,0.0,0.0,0.0,2.0983174,0.0,2.932101,0.0,0.0,0.0,3.5572371,0.2271128,0.0,0.0,0.0,0.3328896,0.0,2.576026,2.1031625,0.0,1.7048177,0.0,0.10326678,1.5822026,0.0,0.15891214,0.0,0.0,0.0,0.0,0.0,0.0,0.0,1.8068224,0.0,0.0,0.0,0.92673016,0.0,0.0,1.3167354,0.0,0.0,0
1.2222533,0.0,0.0,0.7883448,0.9419252,0.0,0.065088265,0.0,0.9390671,0.76950336,0.86164504,0.84678686,0.0,0.0,0.37444857,1.2843722,0.0,1.490331,1.0836122,0.4585269,1.2287159,0.21122386,1.082719,0.7865461,0.7022188,0.6157744,0.0,0.91577667,0.6370771,0.0,0.0,0.92759436,1.4037325,0.0,0.4155168,0.0,0.49132305,0.21777391,0.5315053,1.0718443,0.32805225,0.015370096,0.12465709,0.9165065,0.0,0.0,0.0,0.0,0.960298,0.6467834,0.0,0.0,0.4696773,1.200905,0.55023384,0.29958075,0.67347807,0.4742694,1.2025715,0.75647265,0.18244171,0.8509963,0.7396225,0.0,0.664623,0.23893389,0.7534243,0.7695747,0.37417623,0.66599965,0.0,0.0,0.8273983,0.0,0.0,0.0,0.150067,0.93764484,1.3314772,0.39416385,0.59764606,0.94518006,1.0167751,0.0,0.36893314,0.0,0.03463495,0.0742878,0.5591017,0.652412,0.8937258,1.0113337,0.0,0.89689976,0.0,0.521629,0.35759836,0.0,0.44487005,0.0,0.0,1.0186576,0.7807544,0.026781054,0.0,0.41878814,0.23769996,0.0,0.6058437,0.7937021,0.087535575,0.051264122,0.0,0.0,0.0,0.0,0.0,0.7864167,0.3353132,0.38842854,0.14587757,0.0,0.20564607,0.6731901,0.0,0.2316377,0.0,0.43299225,1
1.1089914,0.0,0.0,0.8471485,0.6834162,0.0,0.21810749,0.0,1.0198766,0.7183069,0.4710617,0.39133388,0.0,0.03690184,0.18715714,1.6506585,0.0,1.496118,0.73599946,0.28400496,1.6196948,0.50924337,1.3110943,0.8968879,0.29907608,0.6360585,0.0,1.2167667,0.31095266,0.0,0.0,1.4386135,1.4832629,0.0,0.33346754,0.0,0.7404427,0.25009796,0.3548604,0.8757549,0.5548632,0.0,0.0,0.65452677,0.0,0.0,0.0,0.0,0.65739983,0.35364622,0.0,0.0,0.32465473,1.5202211,0.7660657,0.48457837,1.1536154,0.4933718,1.2789456,0.3113275,0.29590517,0.90345544,0.11733545,0.0,0.926743,0.0,0.3271611,0.25384566,0.449754,0.9140575,0.0,0.0,0.74812734,0.0,0.0,0.0,0.14351624,1.1790048,1.5829934,0.2951529,0.38818842,0.6278463,0.92511255,0.0,0.24336262,0.0,0.08202696,0.09804898,0.74144644,0.45382237,0.9306906,0.92111474,0.0,0.8849912,0.0,0.2918669,0.313675,0.0,0.6826051,0.0,0.0,1.161248,0.5686462,0.48605645,0.0,0.3898989,0.12396742,0.0,0.5858665,0.96233773,0.095187165,0.0,0.0,0.0,0.27248597,0.0,0.0,0.83996433,0.3145414,0.74452305,0.6594797,0.0,0.06719453,0.80526215,0.0,0.14173841,0.0,0.314638,1
1.2878617,0.0,0.0,0.9113088,1.0481302,0.0,0.24192166,0.0,0.7498883,0.3567338,0.8712409,0.7959754,0.0,0.25351906,0.4869368,1.0529176,0.0,1.5654285,0.9745189,0.448393,1.5511893,0.11879527,0.9496694,0.86436456,0.4350613,0.81313044,0.0,0.6927571,0.547041,0.0,0.0,1.0755308,1.4530222,0.0,0.23582545,0.0,0.6406036,0.6824087,0.5449274,0.58963543,0.5579152,0.0,0.2731616,0.92266816,0.0,0.0,0.0,0.0,1.0133307,0.48532063,0.0,0.0,0.44486463,1.2107981,0.547193,0.3646365,0.69754547,0.52182305,0.8134684,0.8741575,0.5240224,0.95438814,0.29636446,0.0,0.56018865,0.46780273,0.71354866,0.47338358,0.4992585,0.5366353,0.0,0.0,0.6001435,0.0,0.0,0.0,0.36969173,0.86571664,1.3225087,0.116123326,0.47791666,0.71420014,0.95368266,0.0,0.38309768,0.0,0.19194232,0.04611683,0.3325988,0.78487533,0.7138062,0.96930444,0.0,0.6424646,0.0,0.52585125,0.35520914,0.0,0.6110916,0.0,0.0,0.8394384,0.52564204,0.6440396,0.0,0.40352413,0.040837727,0.0,0.45003602,0.5896921,0.05203479,0.33399093,0.0,0.0,0.114496745,0.0,0.0,0.6006058,0.38295132,0.39642304,0.17807281,0.0,0.055704154,0.83206683,0.0,0.32664105,0.0,0.46666977,1
0.52777624,0.0,0.0,0.7440117,2.3619316,0.0,0.14681467,0.0,0.22699083,0.0143284295,2.0296273,2.4178953,0.0,0.14012006,1.5555921,0.0,0.0,2.6741693,1.6504288,1.9420773,0.0,0.0,0.0,0.0,0.0,0.0,0.0,0.0,1.9673002,0.0,0.0,0.0,0.062336195,0.0,2.400429,0.0,0.0,0.037331816,1.7262635,0.40177825,0.0,0.0,0.6984979,0.39204288,0.14371417,0.0,0.0,0.0,1.2559432,1.3418527,0.0,0.0,1.6107422,0.6478416,0.0,0.059213188,0.26628104,0.0,0.030410213,2.0362084,0.93501824,1.5144138,1.8606068,0.0,0.20759892,0.0,2.485601,1.4612292,0.9146643,1.9438648,0.1608541,0.24431667,0.0,0.0,0.0,0.0,1.1295162,2.6296265,0.19189616,0.3953208,0.0,2.2635624,0.5312019,0.0,1.9795849,0.0,0.0,0.0,0.0,1.3335553,0.0,2.513891,0.0,0.0,0.0,2.3584502,0.052931476,0.0,0.0,0.0,0.073204875,0.0,1.9971915,1.9164656,0.0,1.7791878,0.0,0.111246474,1.0816933,0.0,0.0,0.0,0.0,0.0,0.0,0.0,0.0,0.0,1.1321234,0.0,0.0,0.0,0.6406435,0.0,0.0,1.137901,0.0,0.0,0
0.5577419,0.0,0.0,0.7976433,2.4218657,0.0,0.5300405,0.0,0.21999948,0.0,2.0653162,2.1046782,0.0,0.3224727,1.6872613,0.0,0.0,2.3240118,1.4836962,1.5843164,0.0,0.0,0.0,0.043601144,0.0,0.18215331,0.0,0.0,1.5842812,0.0576233,0.0,0.10211006,0.0,0.0,1.9935968,0.0,0.0,0.12719765,1.5203742,0.26559773,0.24900025,0.0,0.9706823,0.5331199,0.0,0.0,0.0,0.0,1.291071,1.2840567,0.0,0.0,1.3408232,0.74571276,0.0,0.008044867,0.19427137,0.0,0.23092408,1.9852769,0.9431767,1.5219223,1.7943676,0.0,0.04379822,0.3135676,2.4579108,1.3685561,0.97929716,1.7773557,0.0,0.0,0.0,0.0,0.0,0.0,1.0122536,2.5988677,0.34875897,0.3359743,0.0,2.1563022,0.5335707,0.0,1.5147501,0.0,0.0,0.0,0.0,1.5216442,0.0,2.0831935,0.0,0.011232541,0.0,1.9076692,0.1378026,0.0,0.0,0.0,0.2879475,0.0,1.7326512,1.8500956,0.0,1.1854067,0.0,0.06097969,0.94782454,0.0,0.0,0.0,0.0,0.0,0.0,0.0,0.0,0.08100593,0.990545,0.0,0.0,0.0,0.5168442,0.0,0.0,1.0890409,0.0,0.0,0
0.8830402,0.0,0.0,0.027136384,2.0520437,0.0,1.0051306,0.0,0.20982592,0.11894719,1.8279252,2.0130348,0.0,0.5167357,1.1713775,0.028919533,0.0,2.1429095,1.3107325,1.4988176,0.0,0.0,0.0,0.45246583,0.0,0.30011806,0.0,0.0,1.0172424,0.0,0.0,0.045596156,0.25637627,0.0,1.6834466,0.0,0.0,0.0,1.4665265,0.30863845,0.0,0.0,0.6346591,0.5190878,0.0,0.0,0.0,0.0,1.2183037,1.0638078,0.040115077,0.0,1.2287544,0.8562648,0.0,0.43392563,0.0,0.0,0.12384595,1.5056506,0.7045528,1.5223157,1.4573843,0.0,0.3537179,0.0,1.8595201,1.1360208,0.8020904,0.9809967,0.0,0.17609628,0.0,0.0,0.0,0.0,0.7580939,2.0218422,0.05550523,0.7325574,0.0,2.3106632,0.70975906,0.0,1.6284503,0.0,0.0,0.0,0.0,1.0377321,0.0,2.527638,0.0,0.025335079,0.0,1.8430336,0.0,0.0,0.0,0.0,0.0,0.11099036,1.6770437,1.5931108,0.0,1.4552376,0.0,0.0,0.99488765,0.0,0.0,0.13709033,0.0,0.0,0.0,0.0,0.0,0.0,0.29824346,0.0,0.0,0.0,0.8036005,0.0,0.0,1.0323843,0.0,0.0,0
0.8497407,0.0,0.0,0.7926066,1.5254524,0.0,1.0618316,0.0,0.6598889,0.4085694,1.9204773,1.5979991,0.0,0.6519289,1.6305491,0.40220827,0.0,2.32956,1.5993421,1.5358113,0.21380423,0.0,0.2786212,0.39169365,0.38948628,0.42817488,0.0,0.0,1.268496,0.0,0.0,0.53571874,0.5633844,0.0,1.6237056,0.0,0.013873977,0.12535882,1.2315774,0.0,0.45567417,0.0,0.3292885,0.33149213,0.10072221,0.0,0.0,0.0,1.2442461,1.4491786,0.16123322,0.0,1.2407771,0.62072784,0.4037218,0.32959005,0.16653877,0.24404593,0.26203406,1.5653635,1.2738825,1.4376692,1.6069779,0.0,0.26319414,0.35236126,1.8819641,1.2580394,0.5562972,0.99798465,0.00488665,0.0,0.0,0.0,0.0,0.0,0.36527243,1.3669436,0.78095573,0.7107611,0.0,1.8815855,0.53113073,0.0,1.1328324,0.0,0.0,0.0,0.0,0.73898363,0.0,2.3230803,0.0,0.5468668,0.0,1.8955532,0.26672643,0.0,0.0,0.0,0.007457139,0.5156556,1.5481387,1.3926785,0.0,1.7203474,0.0,0.0,1.0760357,0.0,0.0,0.5194518,0.0,0.0,0.2701256,0.0,0.0,0.03164118,0.15706444,0.0,0.14728905,0.0,0.40669104,0.4894239,0.0,1.2414813,0.0,0.4461948,0
0.73526955,0.0,0.0,0.86695576,2.3952208,0.0,0.78130573,0.0,0.42525345,0.079987355,2.226861,2.4340448,0.0,0.3051911,1.521817,0.0,0.0,2.9379609,1.8508875,2.2667396,0.0,0.0,0.0,0.07711254,0.0071455,0.020591035,0.0,0.0,1.845736,0.0,0.0,0.012082927,0.3070027,0.0,2.2864645,0.0,0.0,0.106182925,1.6768514,0.19894232,0.119550444,0.0,0.47168377,0.52776927,0.012226805,0.0,0.0,0.0,1.3403978,1.4661307,0.0,0.0,1.5122653,0.76981944,0.0,0.086215734,0.09297351,0.082421765,0.16304602,1.9624074,1.1341137,1.7573116,2.12005,0.0,0.40247533,0.0,2.5632224,1.8182441,1.0213145,1.7632301,0.07614229,0.35629424,0.0,0.0,0.0,0.0,0.8058986,2.4931355,0.18293764,0.6270736,0.0,2.3481827,0.5602166,0.0,1.957874,0.0,0.0,0.0,0.0,1.3716134,0.0,2.7410777,0.0,0.26613784,0.0,2.7112935,0.09591582,0.0,0.0,0.0,0.0,0.0,1.9817615,1.6758001,0.0,2.1000621,0.0,0.22697882,1.2137315,0.0,0.0,0.0077943997,0.0,0.0,0.0,0.0,0.0,0.0,0.9474824,0.0,0.0,0.0,0.6304212,0.0,0.0,1.1446514,0.0,0.18195271,0
0.29628474,0.0,0.0,0.6481679,2.4609666,0.0,1.0835409,0.0,0.29791942,0.0,2.1711621,1.9703774,0.0,0.75586385,1.6718018,0.0,0.0,2.1699421,1.2789311,1.5828663,0.0,0.0,0.0,0.21998362,0.0,0.44572797,0.0,0.0,1.3243905,0.0,0.0,0.22311479,0.24244273,0.0,1.89381,0.0,0.0,0.06910049,1.314654,0.0,0.36730605,0.0,0.8226465,0.40525475,0.0,0.0,0.0,0.0,1.2965621,1.2449731,0.27172065,0.0,1.3365223,0.6544545,0.0,0.0,0.2004,0.0,0.0,2.1079788,1.1539571,1.0479844,1.811058,0.0,0.07771011,0.14762259,2.1263964,1.3706776,1.2345488,1.1351613,0.08930932,0.0,0.002921184,0.0,0.0,0.0,1.0417973,1.8965412,0.02699594,0.45725015,0.0,2.2318695,0.65517884,0.0,1.5090748,0.0,0.0,0.0,0.0,1.1728878,0.0,2.3780406,0.0,0.0,0.0,1.9914207,0.0,0.0,0.0,0.0,0.0,0.07437332,1.3986609,1.6195285,0.0,1.2835845,0.0,0.0,1.0777849,0.0,0.1392312,0.015002196,0.0,0.0,0.0,0.0,0.0,0.0,1.0417278,0.0,0.0,0.0,0.50320673,0.0,0.0,1.3564632,0.0,0.0,0
0.49847695,0.0,0.0,0.25105292,2.7078106,0.0,1.2705712,0.0,0.27879778,0.0,2.252735,1.5493674,0.0,0.61687064,1.8666887,0.0,0.0,2.3022566,1.1437998,1.9599514,0.0,0.0,0.0,0.0,0.011907723,0.27536103,0.0,0.0,0.9884753,0.0,0.0,0.0,0.31444928,0.0,1.7974176,0.0,0.0,0.0,1.466046,0.0,0.4610256,0.0,1.176672,0.15992409,0.0,0.0,0.0,0.0,1.686872,1.444505,0.0575196,0.0,1.2940893,0.463096,0.0,0.0,0.10922939,0.02515456,0.2968725,1.599712,1.2212147,1.2075828,2.0598598,0.0,0.0,0.1519167,2.0918732,1.3268197,0.9270735,1.1779054,0.0,0.27535132,0.0,0.0,0.0,0.0,0.63624984,2.1606443,0.0,0.0,0.0,2.1884584,0.40630925,0.0,1.4554416,0.0,0.0,0.0,0.0,1.1195159,0.0,2.5437033,0.0,0.0,0.0,2.455036,0.14919536,0.0,0.0,0.0,0.3335748,0.0,1.6422836,1.7718418,0.0,1.4833431,0.0,0.0,1.024457,0.0,0.0,0.3623731,0.0,0.0,0.063530125,0.0,0.0,0.0,0.9649695,0.0,0.0,0.0,0.9227682,0.0,0.0,1.1842929,0.0,0.0,0
0.05653418,0.0,0.0,0.8733821,2.5688381,0.0,0.86677366,0.0,0.49361318,0.0,2.5466728,2.1946547,0.0,0.68767905,1.8394561,0.0,0.0,2.5909421,1.678412,1.9549071,0.0,0.0,0.0,0.0,0.0,0.36578444,0.0,0.0,1.5413058,0.0,0.0,0.14333954,0.06307393,0.0,2.2400854,0.0,0.0,0.033724066,1.5279301,0.0,0.46091405,0.0,0.9066265,0.5189631,0.0,0.0,0.0,0.0,1.5116974,1.5288054,0.068273075,0.0,1.6595988,0.2689613,0.0,0.19431522,0.05209253,0.0,0.078447565,2.127214,1.0396943,1.3737329,1.9150019,0.0,0.002760675,0.0,2.7135377,1.7493719,1.4136868,1.7942865,0.12853797,0.0,0.0,0.0,0.0,0.0,1.1446825,2.611577,0.16080427,0.41286615,0.0,2.2006676,0.48436353,0.0,1.6114472,0.0,0.0,0.0,0.0,1.6234188,0.0,2.5088234,0.0,0.22155944,0.0,2.599839,0.14724861,0.0,0.0,0.0,0.24571739,0.0,1.9153922,2.0761044,0.0,1.6090757,0.0,0.0082566105,1.0944995,0.0,0.0,0.2113018,0.0,0.0,0.0,0.0,0.0,0.0,1.2981706,0.0,0.0,0.0,0.702905,0.0,0.0,1.0938935,0.0,0.0,0
0.42991745,0.0,0.0,0.5580634,2.2126267,0.0,0.87609065,0.0,0.4094453,0.0,2.3251214,2.1664636,0.0,0.3677984,1.9771156,0.02824507,0.0,2.2708733,1.3530947,1.4143177,0.0,0.0,0.0,0.20723091,0.0,0.66786015,0.0,0.0,1.4041843,0.0,0.0,0.3660651,0.18968083,0.0,1.9502689,0.0,0.0,0.0,1.738852,0.565309,0.10883254,0.0,0.81623626,0.70159256,0.044980615,0.0,0.0,0.0,1.3442754,1.1114221,0.0,0.0,1.5154464,0.7797291,0.0,0.3630603,0.0,0.0,0.5104345,1.6664292,0.9159845,1.5603449,1.945645,0.0,0.0,0.51634204,1.942712,1.4653133,1.026998,1.1027035,0.0,0.0,0.0,0.0,0.0,0.0,0.6712936,1.537284,0.35616794,0.25949723,0.0,1.9027591,0.5694192,0.0,1.4421594,0.0,0.0,0.0,0.0,1.2153883,0.0,2.3161166,0.0,0.0,0.0,1.831701,0.36819968,0.0,0.0,0.0,0.22942014,0.0,1.8098451,1.5305538,0.0,1.4645054,0.0,0.0,0.95556414,0.0,0.0,0.24574603,0.0,0.0,0.0,0.0,0.0,0.049178418,0.911198,0.0,0.0,0.0,0.61271554,0.25612772,0.0,1.0937259,0.0,0.3248058,0
0.74389267,0.0,0.0,0.72323716,3.2450526,0.0,0.7012424,0.0,0.18856193,0.0,2.803461,2.7152946,0.0,0.4671489,1.6704427,0.0,0.0,3.1539574,1.9793291,2.6497355,0.0,0.0,0.0,0.0,0.0,0.0,0.0,0.0,2.2774665,0.0,0.0,0.0,0.0,0.0,2.788151,0.0,0.0,0.0,2.014026,0.0,0.09541482,0.0,0.8206041,0.47705418,0.0,0.0,0.0,0.0,1.6404313,1.2220898,0.0,0.0,1.4933757,0.65865815,0.0,0.0,0.0,0.0,0.0,2.5353906,0.96213996,2.024793,2.2940116,0.0,0.0,0.0,2.9537568,2.1746836,1.3080627,2.328116,0.014101505,0.2646362,0.0,0.0,0.0,0.0,1.2256814,3.0297227,0.0,0.7014545,0.0,2.902329,0.005251949,0.0,2.1421392,0.0,0.0,0.0,0.0,1.5693762,0.0,3.063167,0.0,0.0,0.0,2.88295,0.12323559,0.0,0.0,0.0,0.09114009,0.0,2.410008,2.0391848,0.0,2.2072961,0.0,0.0,1.4466641,0.0,0.0,0.0,0.0,0.0,0.0,0.0,0.0,0.0,1.0610503,0.0,0.0,0.0,1.1389891,0.0,0.0,1.2979327,0.0,0.0,0
0.41649365,0.0,0.0,0.20995088,2.4994571,0.0,1.1389341,0.0,0.4233752,0.0,2.2562113,1.6211021,0.0,0.842803,1.6594361,0.04383269,0.0,2.4185565,1.5380728,2.0699983,0.015693495,0.0,0.0,0.0,0.0,0.18269478,0.0,0.0,0.98241603,0.15429631,0.0,0.08874341,0.033234682,0.0,2.2119443,0.0,0.076874346,0.0,1.1630682,0.0,0.07995579,0.0,0.7774112,0.18401206,0.0051559657,0.0,0.0,0.0,1.5243334,1.5501884,0.12010388,0.0,1.3866363,0.5934769,0.0,0.42012945,0.123634756,0.052730575,0.2500467,1.5540562,1.2305269,1.1734045,1.9840543,0.0,0.0,0.18046233,2.0583324,1.4545097,1.4931897,1.1979678,0.0,0.23200145,0.24269952,0.0,0.0,0.0,0.48063064,2.1221712,0.0,0.4857727,0.0,2.2168713,0.18003628,0.0,1.6358054,0.0,0.0,0.0,0.0,1.270824,0.0,2.6978333,0.0,0.38813764,0.0,2.71092,0.2070158,0.0,0.0,0.0,0.021386208,0.0,1.1274104,1.6825582,0.0,2.0156088,0.0,0.0,1.2217965,0.0,0.0626632,0.35508317,0.0,0.0,0.0,0.0,0.0,0.0,0.92250514,0.0,0.0,0.0,0.93733984,0.0,0.0,1.1728784,0.0,0.0,0
0.24095413,0.0,0.0,0.56412053,2.8580313,0.0,1.1451211,0.0,0.7033504,0.0,2.6149244,2.1170676,0.0,0.9597031,1.6657827,0.0,0.0,2.3358889,1.6414217,2.1547127,0.0,0.0,0.0,0.0,0.0,0.4371339,0.0,0.0,1.3211594,0.0,0.0,0.18318327,0.29584903,0.0,1.9740379,0.0,0.0,0.0,1.3581696,0.0,0.51017463,0.0,0.9115508,0.49435568,0.0,0.0,0.0,0.0,1.648383,1.7356995,0.20058607,0.0,1.4951916,0.63674843,0.0,0.26943967,0.23211958,0.0,0.0,2.0891464,1.1716805,1.3624724,1.9951062,0.0,0.0,0.06736691,2.2626817,1.6834806,1.5014273,1.4971943,0.26967126,0.0,0.0,0.0,0.0,0.0,0.8315177,2.4353147,0.0,0.7105487,0.0,2.32377,0.3903093,0.0,1.3533593,0.0,0.0,0.0,0.0,1.3168297,0.0,2.7173212,0.0,0.0,0.0,2.7408953,0.0,0.0,0.0,0.0,0.067971185,0.0,1.3890184,1.7700993,0.0,1.6085479,0.0,0.0,1.3001329,0.0,0.10163811,0.24666256,0.0,0.0,0.0,0.0,0.0,0.0,1.1987752,0.0,0.0,0.0,0.49993134,0.0,0.0,1.4566419,0.0,0.0,0
1.5125614,0.0,0.0,0.88372755,1.2224792,0.0,0.641884,0.0,1.3991578,1.2868652,0.7678436,1.0398388,0.0,0.23944211,0.5664588,1.5563269,0.0,1.6570758,1.5042453,1.1960706,1.1768767,0.0,1.1029526,1.1028978,0.4150204,0.39073825,0.0,0.6681223,0.81378484,0.0,0.0,1.0065229,1.4109142,0.0,0.44123748,0.0,1.1043367,0.74210143,0.9438525,0.9917447,0.98371553,0.03638747,0.09078964,0.3465105,0.30377272,0.0,0.0,0.0,1.0785086,0.18878505,0.0,0.0,0.702949,1.3291807,0.7098497,0.38296336,0.4656956,0.5668615,1.1915389,0.79025584,0.34316197,1.0066032,0.22546066,0.0,0.9892077,0.34976587,1.006085,0.8320877,0.18107255,0.6824778,0.0,0.0,0.55901134,0.0,0.0,0.0,0.41769183,1.4197978,1.4768883,0.81287193,0.66009784,1.1666626,0.98322093,0.0,0.51288646,0.0,0.0,0.20084316,0.9194924,0.3704352,0.27427104,1.349931,0.0,1.0838466,0.0,0.6700086,0.36645177,0.0,0.2592215,0.0,0.0,1.812617,1.0157715,0.8724951,0.0,1.2971957,0.0,0.0,1.1260681,0.7015615,0.0,0.38372812,0.0,0.0,0.17585349,0.0,0.0,0.4886681,0.0,0.23471704,0.54222935,0.0,0.4183127,0.9222431,0.0,0.5194809,0.0,0.95767343,1
0.72867876,0.0,0.0,0.482059,1.8282919,0.0,0.5316806,0.0,0.6512672,0.22346513,1.7341393,1.0879161,0.0,0.42926046,1.1882224,0.6082756,0.0,1.7558968,1.196227,1.2330103,0.23146747,0.0,0.2430666,0.32977307,0.0852962,0.4561014,0.0,0.0,0.67308927,0.0,0.0,0.47948983,0.13707522,0.0,0.8521192,0.0,0.04210986,0.4121828,1.1294662,0.6575719,0.35966495,0.0,0.48593128,0.42152637,0.25847465,0.0,0.0,0.0,1.4234984,0.834091,0.0,0.0,0.72500443,0.8245478,0.1398699,0.3865743,0.042992033,0.0,0.7407712,0.9928094,0.5179072,1.0908239,1.078008,0.0,0.053288024,0.5968487,1.4967746,1.1443548,0.91189426,0.85215485,0.0,0.0,0.0,0.0,0.0,0.0,0.6354894,1.08557,0.7259783,0.5927153,0.09962265,1.4972805,0.69120675,0.0,0.84958184,0.0,0.0,0.0,0.0,1.233616,0.21586663,1.9248616,0.120277084,0.31774306,0.0,1.3267995,0.23447557,0.0,0.035077967,0.0,0.0,0.42347214,1.0396491,1.3033233,0.0,1.4219506,0.0,0.0,1.0083528,0.23247734,0.0,0.41698,0.0,0.0,0.3459738,0.0,0.0,0.0,0.40026903,0.0,0.0,0.0,0.50915736,0.53830934,0.0,0.98249865,0.0,0.51025814,1
0.9082749,0.0,0.0,0.9735225,0.5298907,0.0,0.5015997,0.0,1.3352183,0.7179119,0.94051933,0.27316347,0.0,0.3352579,0.55803907,1.5200588,0.0,1.7188016,0.7846205,0.37463182,1.6128136,0.06755089,1.3915734,1.1840307,0.3169119,0.91541696,0.0,1.3384062,0.61630136,0.0,0.0,1.398473,1.5900675,0.0,0.19773765,0.0,1.2039375,0.8804958,0.42905018,0.73599243,0.8384993,0.0,0.2993668,0.79334253,0.12794791,0.0,0.0,0.0,0.6225414,0.08491337,0.0,0.0,0.5918517,1.5271348,1.0003626,0.3685617,0.8081129,0.62049586,1.6126133,0.6980578,0.59914964,0.5757737,0.23106158,0.0,0.8982609,0.019626062,0.55482006,0.74958175,0.23300017,0.58877456,0.0,0.0,0.5718204,0.0,0.0,0.0,0.25464487,0.6291959,1.7257143,0.19214661,0.4238398,0.6223419,0.9066583,0.0,0.41739473,0.0,0.0,0.2267192,1.2782577,0.45263425,0.53351706,0.8835232,0.0,1.2303371,0.0,0.20412698,0.11558988,0.0,0.81562495,0.0,0.27798748,1.6145363,0.6514547,0.65573657,0.0,0.3627007,0.43446627,0.0,0.86935705,0.67442816,0.0,0.13751477,0.0,0.0,0.45079353,0.0,0.0,0.6872429,0.0,0.8433202,0.8479428,0.0,0.0,1.205372,0.0,0.18043362,0.0,0.9550319,1
0.77395046,0.0,0.0,0.57544965,2.5394645,0.0,0.9613237,0.0,0.17258678,0.0,2.2823997,2.4575744,0.0,0.62699604,1.7914112,0.0,0.0,2.7250574,1.39049,1.8660499,0.0,0.0,0.0,0.15492983,0.0,0.0,0.0,0.0,2.0153954,0.0,0.051278967,0.0,0.043878008,0.0,2.6240866,0.0,0.0,0.0,2.0342467,0.0,0.06097205,0.0,0.4652824,0.49691233,0.0,0.0,0.0,0.0,1.5300293,1.3796145,0.0,0.0,1.6156423,0.60895324,0.0,0.175816,0.11184815,0.0,0.0,1.9722813,1.0681351,1.711376,2.1291285,0.0,0.31315973,0.0,2.7326512,2.0775971,1.3542244,1.8135349,0.0,0.29791695,0.0,0.0,0.0,0.0,0.9033862,2.3773928,0.14217226,0.76963145,0.0,2.5495086,0.5936546,0.0,1.9926909,0.0,0.0,0.0,0.0,1.5647376,0.0,2.6409862,0.0,0.2260488,0.0,2.7593122,0.0,0.0,0.0,0.0,0.13861491,0.0,1.8442203,1.881735,0.0,2.024249,0.0,0.1404406,1.1953093,0.0,0.0,0.0,0.0,0.0,0.0,0.0,0.0,0.0,1.1283098,0.0,0.0,0.0,0.62780553,0.0,0.0,1.4157844,0.0,0.0,0
0.53822196,0.0,0.0,0.7973151,2.4921355,0.0,0.44391084,0.0,0.14109038,0.0,2.4922428,2.7668052,0.0,0.30116647,2.0739439,0.0,0.0,3.0850146,2.0958014,2.1233282,0.0,0.0,0.0,0.0,0.0,0.0,0.0,0.0,2.4999025,0.0,0.06800251,0.0,0.0,0.0,2.5047586,0.0,0.0,0.0,1.7028078,0.0,0.013989957,0.0,0.5971199,0.42466983,0.0,0.0,0.0,0.0,1.5158118,1.4004811,0.0,0.0,1.6459156,0.42823577,0.0,0.03949162,0.01347398,0.0,0.0,2.4451458,1.2692426,1.9454497,2.5344434,0.0,0.16950867,0.0,2.9430923,2.0544603,1.2180072,2.0979927,0.26739648,0.07557058,0.0,0.0,0.0,0.0,1.1159339,2.7132454,0.11206195,0.7824865,0.0,2.570931,0.4414529,0.0,2.1242223,0.0,0.0,0.0,0.0,1.562037,0.0,3.0087698,0.0,0.083809726,0.0,2.6271067,0.23070887,0.0,0.0,0.0,0.3045038,0.0,2.4395273,2.09093,0.0,2.0441353,0.0,0.2654496,1.412707,0.0,0.0,0.0,0.0,0.0,0.0,0.0,0.0,0.0,1.3666838,0.0,0.0,0.0,0.7795157,0.0,0.0,1.2510239,0.0,0.0,0
0.652264,0.0,0.0,1.0278141,2.1384735,0.0,0.9255987,0.0,0.70246625,0.0,1.7705697,1.8058947,0.0,0.76383,1.5391604,0.30911276,0.0,1.9434968,1.3405569,1.6686095,0.49518636,0.0,0.0,0.19764374,0.0,0.66769266,0.0,0.0,1.1223415,0.0,0.0,0.52034324,0.44940707,0.0,1.6069534,0.0,0.0,0.48532516,1.2609147,0.08435946,0.6836419,0.0,0.7272072,0.50357705,0.0,0.0,0.0,0.0,1.2557094,1.1080003,0.18030113,0.0,1.3178322,0.50558573,0.11593806,0.101563185,0.2924299,0.13151723,0.08323339,1.615154,1.079324,0.92275923,1.2354112,0.0,0.1930257,0.28489122,2.1134915,1.3766383,1.1971146,1.1432862,0.0,0.0,0.0,0.0,0.0,0.0,0.8105464,1.8118403,0.36450437,0.47628134,0.0,1.6437856,0.636753,0.0,1.1233078,0.0,0.0,0.0,0.0,1.1713649,0.0,2.0005622,0.0,0.27749136,0.0,1.8910139,0.2225309,0.0,0.021850558,0.0,0.04170896,0.35354993,1.1829969,1.4926656,0.0,1.1507432,0.0,0.0,1.019637,0.0,0.0,0.27174354,0.0,0.0,0.0,0.0,0.0,0.0,0.9617419,0.0,0.0,0.0,0.44456294,0.0,0.0,0.9310044,0.0,0.08535645,1
0.19018087,0.0,0.0,0.7716139,2.7303813,0.0,0.7172133,0.0,0.41391566,0.0,2.7109466,2.681986,0.0,0.43183964,1.9205222,0.0,0.0,2.6951737,1.5688227,2.0775886,0.0,0.0,0.0,0.0,0.0,0.4031346,0.0,0.0,1.7458458,0.0,0.033284914,0.20545128,0.112893194,0.0,1.9403425,0.0,0.0,0.0,1.6081105,0.0,0.28243536,0.0,0.878183,0.42390323,0.0,0.0,0.0,0.0,1.5025107,1.481704,0.0,0.0,1.5169572,0.40072748,0.0,0.0,0.13949855,0.0,0.0,2.2013483,1.1168749,1.3835069,2.427065,0.0,0.0,0.38670745,2.6906714,1.7068794,1.2249933,1.7133611,0.0,0.0,0.0,0.0,0.0,0.0,1.3301747,2.5422544,0.0,0.46766695,0.0,2.6388113,0.63433987,0.0,1.6086367,0.0,0.0,0.0,0.0,1.3623593,0.0,2.6420488,0.0,0.0,0.0,2.4429734,0.003574478,0.0,0.0,0.0,0.35372806,0.0,1.9273838,1.6874139,0.0,1.6091591,0.0,0.0,1.0442172,0.0,0.0,0.0,0.0,0.0,0.0,0.0,0.0,0.016556915,1.404844,0.0,0.0,0.0,0.6758532,0.0,0.0,1.1800619,0.0,0.0,0
0.75408363,0.0,0.0,0.7599207,2.8258264,0.0,0.85292834,0.0,0.40643704,0.0,2.32938,2.3442087,0.0,0.74466085,1.87683,0.0,0.0,2.4916103,1.7170088,2.335594,0.0,0.0,0.0,0.0,0.0,0.35716245,0.0,0.0,1.8573859,0.0,0.0,0.0,0.16120522,0.0,2.339614,0.0,0.0,0.0,1.6331917,0.0,0.32321244,0.0,0.8389714,0.6767049,0.0,0.0,0.0,0.0,1.6595423,1.5339017,0.0,0.0,1.4072968,0.55006725,0.0,0.17922285,0.03468316,0.0,0.0,2.059641,0.9156977,1.5746384,2.172176,0.0,0.0,0.0,2.7140563,1.9455769,1.3541459,1.8869288,0.061658762,0.0,0.0,0.0,0.0,0.0,1.0545821,2.7115507,0.0,0.81422144,0.0,2.1731162,0.23217489,0.0,1.7280885,0.0,0.0,0.0,0.0,1.5917534,0.0,3.089656,0.0,0.39252302,0.0,2.7377558,0.0,0.0,0.007681763,0.0,0.30039763,0.0,1.7078191,2.1058986,0.0,1.593807,0.0,0.20119306,1.474569,0.0,0.0,0.22092162,0.0,0.0,0.0,0.0,0.0,0.0,1.2208188,0.0,0.0,0.0,0.89325047,0.0,0.0,1.2764368,0.0,0.0,0
0.90669656,0.0,0.0,0.68428296,1.4510897,0.0,0.5992322,0.0,0.8191521,0.34554547,1.6418532,1.3282202,0.0,0.10813824,0.9863932,0.8364577,0.0,2.0175006,1.3617165,0.57451785,0.6484982,0.0,0.7385297,0.69963014,0.10629427,0.86498684,0.0,0.079184614,0.97544694,0.0,0.0,0.87171954,0.6330071,0.0,1.2749172,0.0,0.33498946,0.115650184,1.496467,1.130848,0.49307355,0.0,0.9241903,0.4281795,0.0,0.0,0.0,0.0,1.4716886,0.5601429,0.0,0.0,0.62785935,0.9512907,0.23399794,0.24828029,0.27978346,0.21679711,0.85546494,1.0318841,0.7414173,0.9535526,0.54525465,0.0,0.35821384,0.6892812,1.539452,1.3831923,0.4058816,1.0553607,0.0,0.0,0.40247747,0.0,0.0,0.0,0.7520626,1.2554291,1.0855035,0.2652698,0.100195244,1.1544478,0.94822377,0.0,0.67478687,0.0,0.0,0.0,0.1885794,0.8003966,0.2975279,1.5726013,0.0,0.8594617,0.0,0.61975646,0.13026732,0.0,0.061322045,0.0,0.030761698,0.92908806,1.1777194,1.1567261,0.0,1.4010584,0.0,0.0,1.0156372,0.26311168,0.0,0.47008932,0.0,0.0,0.007811511,0.0,0.0,0.3949262,0.22713678,0.23558775,0.2612519,0.0,0.60364133,0.42739454,0.0,1.0914037,0.0,0.694001,1
0.05262462,0.0,0.0,0.71048576,2.7080774,0.0,0.23094425,0.0,0.49689475,0.0,2.477024,2.645543,0.0,0.26668078,1.7111483,0.0,0.0,2.5816612,1.5885446,2.378266,0.0,0.0,0.0,0.0,0.0,0.39146858,0.0,0.0,1.5449669,0.0,0.0,0.0,0.0,0.0,1.9465196,0.0,0.0,0.0,1.5890651,0.13523771,0.07500003,0.0,0.8695481,0.6858364,0.0,0.0,0.0,0.0,1.4158278,1.3520088,0.0,0.0,1.2727041,0.4256202,0.0,0.07060942,0.0,0.0,0.26603532,2.0678098,0.7833106,1.7982987,2.5766969,0.0,0.0,0.66015047,2.5067992,1.5541214,1.0265359,1.762256,0.0,0.0,0.0,0.0,0.0,0.0,1.1721764,2.396933,0.000292702,0.2673487,0.0,2.3600655,0.33995298,0.0,1.5126277,0.0,0.0,0.0,0.0,1.42499,0.0,2.5419362,0.0,0.0,0.0,2.3348308,0.025221312,0.0,0.0,0.0,0.29920864,0.0,2.261627,1.8151814,0.0,1.5217357,0.0,0.060389392,1.0006981,0.0,0.017198402,0.0,0.0,0.0,0.0,0.0,0.0,0.15864605,1.5109698,0.0,0.0,0.0,0.8367068,0.0,0.0,1.2865282,0.0,0.0,0
0.59471905,0.0,0.0,1.0367062,2.2962623,0.0,0.4745455,0.0,0.56341815,0.08982542,2.1348352,2.4493241,0.0,0.48701695,1.2617761,0.009980799,0.0,2.4360726,1.886472,2.1838923,0.057313185,0.0,0.0,0.024424033,0.0,0.22809362,0.0,0.0,1.7902832,0.0,0.0,0.0,0.2916156,0.0,2.305537,0.0,0.0,0.0,1.6134446,0.0978094,0.110734425,0.0,0.6680932,0.34978423,0.69389164,0.0,0.0,0.0,1.519683,1.0809959,0.0,0.0,1.2279729,0.5709523,0.0,0.022456316,0.0,0.0,0.23836221,2.105942,1.0497558,1.402774,2.0875854,0.0,0.0,0.54900205,2.3435493,1.4552256,1.2296592,1.9881864,0.33036402,0.0,0.0,0.0,0.0,0.0,1.0628508,2.4775329,0.111019865,0.45813942,0.0,2.202465,0.5727703,0.0,1.4486197,0.0,0.0,0.0,0.0,0.8279671,0.0,2.547078,0.0,0.2987148,0.0,2.1669693,0.06325678,0.0,0.0,0.0,0.033009753,0.3227252,1.535098,1.9456522,0.0,1.777549,0.0,0.0,1.3672698,0.0,0.0,0.0,0.0,0.0,0.17100936,0.0,0.0,0.03146028,1.0162091,0.0,0.0,0.0,0.79875964,0.0,0.0,1.1982713,0.0,0.17100948,0
0.7012626,0.0,0.0,0.87780595,2.1640308,0.0,0.603066,0.0,0.87610316,0.17992057,2.426056,2.3025057,0.0,0.4715461,1.5288742,0.47044787,0.0,2.301596,1.7739401,2.313841,0.0,0.0,0.05801873,0.0,0.0,0.19423088,0.0,0.0,1.8197767,0.0,0.0,0.0,0.49740592,0.0,2.1410832,0.0,0.0,0.0,1.7985853,0.0,0.26482671,0.0,0.3428269,0.3028561,0.3467167,0.0,0.0,0.0,1.6220042,1.3712218,0.0,0.0,1.4083078,0.5362875,0.0,0.04136839,0.069020145,0.11939858,0.14552607,1.939087,0.9840735,1.3299634,2.0102808,0.0,0.043100413,0.08537339,2.2192814,1.6501449,1.3308915,1.7025259,0.4234559,0.0,0.04360355,0.0,0.0,0.0,0.8633371,2.677267,0.24947597,0.82537013,0.0,2.450925,0.7986705,0.0,1.2771777,0.0,0.0,0.0,0.0,1.1359696,0.0,2.6978633,0.0,0.4420685,0.0,2.214282,0.0,0.0,0.0,0.0,0.0,0.29253015,1.6640292,1.8730816,0.0,1.681397,0.0,0.0,1.126473,0.0,0.0,0.0,0.0,0.0,0.0,0.0,0.0,0.0,0.8239835,0.0,0.0,0.0,0.56287867,0.0,0.0,1.0018784,0.0,0.105828024,0
0.40784466,0.0,0.0,0.36915708,2.1392956,0.0,0.94100887,0.0,0.7462451,0.26955265,1.747511,1.0670578,0.0,1.095675,1.1990438,0.6070283,0.0,2.006648,1.0298557,1.2307898,0.7393904,0.0,0.0,0.536158,0.0,1.1203138,0.0,0.0,0.7967831,0.0,0.0,0.61444956,0.84854823,0.0,1.9308801,0.0,0.45692158,0.3665771,1.170613,0.018841034,0.4280032,0.3376642,0.91169107,0.35949188,0.37938678,0.0,0.0,0.0,1.3996438,1.1745791,0.0014330496,0.0,1.2920496,0.5135676,0.0,0.49914953,0.7279964,0.22889481,0.6044198,0.89359164,0.93697315,1.2247076,1.4737395,0.0,0.092144564,0.53985375,1.645686,1.1570936,0.8545337,0.5830984,0.0,0.042880144,0.40921924,0.0,0.0,0.0,0.39384922,1.2658311,0.9331803,0.0,0.0,1.159687,0.16819774,0.0,0.75623906,0.0,0.0,0.0,0.0,1.050389,0.17032823,1.9381738,0.0,0.46044,0.0,2.1746502,0.0,0.0,0.204214,0.0,0.101845086,0.0,1.1709081,1.8173065,0.0,1.4447558,0.0,0.0,1.0373601,0.1711212,0.0,0.77254736,0.0,0.0,0.12349708,0.0,0.0,0.0,0.54954463,0.0,0.0,0.0,0.2348194,0.5541082,0.0,1.0129707,0.0,0.0,1
0.89893,0.0,0.0,0.607512,1.7954348,0.0,0.68617016,0.0,0.8026687,0.56505007,1.1611488,1.0000176,0.0,0.009338534,1.1642721,0.70249134,0.0,1.3757765,1.0002862,0.8618447,0.7944116,0.0,0.9845535,0.3277581,0.0,0.3641876,0.0,0.42813316,0.36320022,0.14860806,0.0,1.298527,0.8822862,0.0,0.044350937,0.0,0.63860035,0.7825488,1.0035968,0.7797364,0.59582365,0.1811504,0.6285815,0.48857766,0.0,0.0,0.0,0.0,0.9760961,0.41221708,0.0,0.0,0.68856674,1.3866664,0.0,0.2768393,0.38455516,0.0,0.812873,0.60699064,0.17791739,1.3139279,0.69128627,0.0,0.47504526,0.20986407,1.0661496,0.971656,0.84938705,1.1863884,0.0,0.0,0.0,0.0,0.0,0.0,0.57792324,1.5676948,0.6970754,0.29095373,0.34358868,1.1725993,0.6946307,0.0,0.39634457,0.0,0.0,0.058390252,0.6015306,1.0230308,0.4477021,1.9843371,0.0,0.869013,0.0,0.7923847,0.0,0.0,0.6457709,0.0,0.17419222,1.122171,1.0447992,1.1987765,0.0,1.3719879,0.017540347,0.0,1.3120171,0.4578445,0.0,0.23727672,0.0,0.0,0.23841706,0.0,0.0,0.17779613,0.1295132,0.0,0.082588464,0.0,0.49965772,1.1191722,0.0,0.7071607,0.0,0.67597425,1
1.1177398,0.0,0.0,1.0393999,0.74676174,0.0,0.833473,0.0,1.2316692,0.7299195,1.0566608,0.81408936,0.0,0.7820401,0.99102604,1.4699214,0.0,1.7218761,1.1188562,1.0819788,1.5177817,0.0,1.3314404,1.4632523,0.41040438,0.48032075,0.0,0.4790338,0.84848225,0.0,0.0,0.90311986,1.3980132,0.0,0.8061194,0.0,1.3350631,0.88518775,1.1185328,0.7530184,0.5392063,0.0,0.68784356,0.78006655,0.39224562,0.0,0.0,0.0,1.3110977,0.60835475,0.0,0.0,0.67003644,1.3129874,0.83515906,0.7639506,0.49341944,0.39026958,0.87539744,0.79699856,1.0319469,0.7501142,0.09060337,0.0,0.6802351,0.39565796,1.1967174,1.0647689,0.5846457,0.29478306,0.0,0.0,0.49498376,0.0,0.0,0.0,0.28887317,0.9866712,1.2985915,0.76804256,0.56630486,1.0116826,1.3591461,0.0,0.29735345,0.0,0.0,0.14687827,0.26786414,0.5113555,0.32260233,1.6540394,0.0,1.3009768,0.0,0.56285655,0.4249777,0.0,0.3671495,0.0,0.0,1.128924,0.39512774,0.8852957,0.0,1.0922226,0.0,0.0,0.8058131,0.50534046,0.0,0.96135,0.0,0.0,0.3440205,0.0,0.0,0.29759523,0.0,0.62773395,0.4104315,0.0,0.19368975,1.260789,0.0,1.0993948,0.0,1.1167021,1
0.31881112,0.0,0.0,1.0006833,2.2031531,0.0,0.7739023,0.0,0.3212025,0.0,2.154589,1.9180444,0.0,0.6788199,1.9640007,0.021258242,0.0,2.4470453,1.485538,1.4656571,0.0476517,0.0,0.0,0.24821998,0.0,0.28713596,0.0,0.0,1.6648464,0.0,0.0,0.10843218,0.34824976,0.0,2.2864468,0.0,0.0,0.26644647,1.3155648,0.0,0.38881746,0.0,1.06813,0.48060042,0.22432081,0.0,0.0,0.0,1.379432,1.4277616,0.094022006,0.0,1.4227821,0.5474497,0.0,0.227738,0.08100115,0.0,0.0,1.8581352,1.2886455,1.0380535,1.9488747,0.0,0.0,0.4164438,2.3096306,1.5180044,1.5986284,1.5865567,0.2803849,0.0,0.09495391,0.0,0.0,0.0,0.84997153,2.1919472,0.16593002,0.038487785,0.0,1.6532794,0.44806457,0.0,1.1887617,0.0,0.0,0.0,0.0,1.5696483,0.0,2.381828,0.0,0.16948864,0.0,2.2310581,0.16475908,0.0,0.0,0.0,0.036591083,0.110826924,1.1904434,1.6314516,0.0,1.2417125,0.0,0.059468538,1.1290832,0.0,0.14588967,0.0,0.0,0.0,0.07798117,0.08755351,0.0,0.0,1.3585304,0.046346433,0.0,0.0,0.41534752,0.048711326,0.0,1.2080907,0.0,0.0,0
0.5739019,0.0,0.0,1.1605649,1.6667922,0.0,0.46737173,0.0,0.45181057,0.1124018,1.7195005,1.9472525,0.0,0.35275608,1.1186041,0.2560054,0.0,2.0850306,1.4571764,1.5792351,0.3885831,0.0,0.0,0.20127271,0.0,0.29265657,0.0,0.0,1.2580792,0.0,0.0,0.0,0.28393292,0.0,1.6914202,0.0,0.0,0.26344055,1.3221146,0.3074393,0.31168947,0.0,0.49489948,0.7405536,0.1258489,0.0,0.0,0.0,1.2045587,1.327398,0.0,0.0,1.1344634,0.66298395,0.30761188,0.41235545,0.0,0.2122477,0.12680449,1.5913192,1.0310019,1.3583424,1.6454391,0.0,0.25057602,0.40009004,1.9848285,1.0838633,1.1095772,1.4279463,0.149065,0.021781322,0.0,0.0,0.0,0.0,0.59545165,1.5984099,0.71966535,0.5801812,0.0,1.6730337,0.80210906,0.0,1.360557,0.0,0.0,0.0,0.11247473,1.0129033,0.0,2.0394626,0.0,0.38067135,0.0,1.5500163,0.2853803,0.0,0.17783223,0.0,0.0,0.46441117,1.6315233,1.062465,0.0,1.3176695,0.0,0.11853942,1.0244977,0.04412382,0.0,0.0,0.0,0.0,0.10906457,0.0,0.0,0.09167212,0.79403067,0.09406314,0.0,0.0,0.44984743,0.2809821,0.0,0.855832,0.0,0.44574308,1
0.44583312,0.0,0.0,0.79947436,2.064248,0.0,0.46066716,0.0,0.38745284,0.110146835,2.0483363,1.9495615,0.0,0.21573058,1.1121091,0.1705574,0.0,2.1972969,1.3623455,1.9082681,0.16496901,0.0,0.0,0.31110802,0.039069187,0.44983697,0.0,0.0,1.1694483,0.0,0.0,0.0,0.13787784,0.0,1.6676891,0.0,0.0,0.047502425,1.5510479,0.34366003,0.13545464,0.0,0.48763624,0.57515085,0.563254,0.0,0.0,0.0,1.6611468,1.5018678,0.0,0.0,1.1096106,0.9834853,0.0,0.21813229,0.0,0.23462577,0.53262496,1.7926322,0.6521959,1.596891,1.8824515,0.0,0.03363834,0.3261542,1.8380219,1.4352353,1.0382831,1.3716338,0.035283487,0.093165666,0.0,0.0,0.0,0.0,0.6016527,1.9543184,0.44314477,0.6103224,0.0,1.995849,0.9214183,0.0,1.5517035,0.0,0.0,0.0,0.054977484,1.0858431,0.037112627,2.18025,0.0,0.24580988,0.0,1.8215461,0.120250575,0.0,0.06186143,0.0,0.0,0.0,1.7276582,1.4030914,0.0,1.4321659,0.0,0.121197976,0.9933874,0.0,0.01730195,0.14941399,0.0,0.0,0.058977958,0.0,0.0,0.0,0.7616923,0.0,0.0,0.0,0.9272225,0.20617835,0.0,1.340783,0.0,0.48503652,1
0.89623404,0.0,0.0,0.8487153,0.9383908,0.0,0.62142676,0.0,0.8425606,0.2981686,0.7140378,0.338359,0.0,0.21056709,0.7121136,0.8953091,0.0,1.711516,0.68464625,0.9727008,1.2341189,0.041832197,0.8540421,0.9379426,0.0,0.7307388,0.0,0.7813664,0.44384876,0.0,0.0,0.836942,1.1852213,0.0,1.4331099,0.06771438,0.93615097,0.657014,0.5919524,0.14837153,0.43269825,0.081369065,0.27774686,0.24746306,0.43353757,0.0,0.0,0.0,1.1306404,0.48794132,0.0,0.0,0.8262641,0.95213336,0.92446977,0.82747006,0.65528935,0.20832422,0.80208826,0.97568196,0.5470298,0.4169138,0.7755193,0.0,0.7071043,0.26866832,1.0772271,0.59703046,0.59242374,0.87359893,0.21655966,0.027574968,0.8631904,0.0,0.0,0.0,0.23140435,1.3503834,1.1610912,0.14289479,0.23080413,0.8962101,0.62399846,0.0,0.6092626,0.0,0.0,0.017500795,0.22121549,0.29152367,0.6965594,1.1364639,0.0,0.9201524,0.0,0.9604001,0.18741977,0.0,0.16766173,0.0,0.0,0.66193855,0.7538294,1.0680412,0.0,1.0307776,0.0,0.0,0.68229043,0.51730967,0.0,0.21925381,0.0,0.0,0.36021346,0.0,0.0,0.37863314,0.14008717,0.56254494,0.601874,0.0,0.34909287,0.6906782,0.0,0.80136716,0.0,0.4723562,1
0.625636,0.0,0.0,1.3131497,0.0,0.0,0.0,0.0,1.2236607,0.7017756,0.50554866,0.24816325,0.0,0.0,0.6666168,1.1274123,0.0,2.0305035,0.73364985,0.30620965,1.5205612,0.6095713,0.89362055,1.0110308,0.3569174,0.65483856,0.0,0.69715124,0.19748,0.0,0.0,1.4573867,1.0845261,0.0,0.44276193,0.0,0.8947882,0.35210687,0.2539555,0.8546611,0.38440531,0.0,0.33889002,0.8662538,0.0,0.0,0.0,0.0,0.6075112,0.40624037,0.0,0.0,0.4769352,0.99353445,1.1514586,0.30646983,0.71199924,0.8332118,1.2164829,0.5124286,1.0353495,0.54018235,0.0,0.0,0.53049165,0.60700524,0.7403492,0.4983266,0.4612716,0.9641963,0.0,0.0014756584,0.5886791,0.0,0.0,0.0,0.081811495,0.61048496,1.3605174,0.22323848,0.072980225,0.58603436,0.6475971,0.0,0.0805276,0.0,0.16332854,0.04291991,0.71281993,0.40260065,0.9341862,0.60170156,0.0,1.1159464,0.0,0.44584426,0.6284905,0.0,0.5439034,0.0,0.094711944,1.3797268,0.4934571,0.29702467,0.0,0.57353014,0.1271065,0.0,0.9553863,0.77238363,0.16480006,0.040388305,0.0,0.0,0.74642533,0.0,0.0,0.76890916,0.1285411,1.5651113,0.79031473,0.0,0.0,1.5827886,0.0,0.27351844,0.1409349,0.36215213,1
0.57131946,0.0,0.0,1.2113503,0.4168924,0.0,0.23861346,0.0,0.90598845,0.4716146,0.35896835,0.05087279,0.0,0.043473996,0.56737125,0.9831192,0.0,1.7986475,0.5387902,0.10715659,1.441662,0.45150688,0.78169614,0.7906078,0.2986224,0.6995155,0.0,0.90891665,0.19972432,0.0,0.0,1.4634635,1.0668738,0.0,0.7386091,0.0,0.80452365,0.36661145,0.26430744,0.8525489,0.26862454,0.0,0.52776134,0.6409729,0.3542024,0.0,0.0,0.0,0.73976344,0.36814412,0.0,0.0,0.46527377,1.1230325,1.2617773,0.60076666,0.6824791,0.678644,1.0958737,0.37092313,0.5332567,0.5364394,0.22764347,0.0,0.55689126,0.67438805,0.5666663,0.21746036,0.5360679,0.66103745,0.0,0.0,0.55909497,0.0,0.0,0.0,0.0,0.37598565,1.0123476,0.0,0.26206842,0.35053724,0.5961229,0.0,0.18317562,0.0,0.07895737,0.18682712,0.49053025,0.41614917,0.92516065,0.77588254,0.0,0.65513206,0.0,0.46416962,0.45374498,0.0,0.5073323,0.0,0.05840783,1.0702659,0.65721685,0.32989332,0.0,0.41430035,0.41388634,0.014119873,0.8227264,0.8072557,0.5468142,0.33625865,0.0,0.0,0.6222409,0.0,0.0,0.74904275,0.07868786,1.1936002,0.51793164,0.0,0.094180144,1.2907737,0.0,0.4531673,0.0,0.5407357,1
0.9997246,0.0,0.0,0.79662585,0.8267573,0.0,0.5845965,0.0,1.2958598,0.5232758,0.48546466,0.22651899,0.0,0.09058664,0.55099475,1.3210652,0.0,1.1740642,0.94098175,0.3077184,1.1637032,0.18087675,1.2329942,0.968936,0.9326669,0.7482209,0.0,0.8549325,0.12037665,0.0,0.0,0.8779401,1.1177436,0.0,0.0,0.0,0.73299843,0.6155203,0.63129896,0.8486845,0.2167629,0.0,0.14943288,0.74957585,0.08200595,0.0,0.0,0.0,1.2564416,0.25648767,0.0,0.0,0.38294435,1.3346546,0.9598609,0.49780113,0.5167886,0.66869205,1.3269581,0.23545387,0.41676205,0.8474092,0.0,0.0,0.6977051,0.7966572,0.6176189,0.4270472,0.50184643,0.47723284,0.0,0.0,0.4927594,0.0,0.0,0.0,0.06790104,0.5713022,0.81851774,0.2614794,0.54616284,0.8137775,0.7320467,0.0,0.31662676,0.0,0.0,0.37057325,0.82245773,0.08405962,1.0285401,0.61534303,0.0,0.6879865,0.0,0.07155355,0.1437695,0.0,0.5081725,0.0,0.0,1.4789789,0.272687,0.23329623,0.0,0.6415786,0.0,0.0,0.94975716,0.8562857,0.18638764,0.0,0.0,0.0,0.40593573,0.0,0.0,0.7871766,0.0,0.6345399,0.48875895,0.0,0.40196252,0.99380785,0.0,0.54020137,0.0,0.7464806,1
0.69549614,0.0,0.0,0.74869066,1.6013371,0.0,0.17497757,0.0,0.6108575,0.31059593,1.332174,1.8237717,0.0,0.41998613,0.6326039,0.41111645,0.0,2.0227869,1.0764211,1.4554132,0.12585162,0.0,0.04453581,0.32195908,0.06395339,0.0,0.0,0.0,1.2066962,0.0,0.0,0.31671298,0.2729267,0.0,1.3714156,0.0,0.0,0.26760292,1.2803777,0.48144272,0.21026883,0.0,0.6096713,0.8416405,0.419729,0.0,0.0,0.0,1.4127845,1.179564,0.0,0.0,1.1040224,0.61261183,0.5062681,0.4875565,0.100401275,0.42847025,0.6138288,1.2335923,0.49385807,1.2944394,1.205633,0.0,0.35612568,0.38312846,1.6028353,0.8649669,0.6338649,1.1706063,0.0,0.0,0.0,0.0,0.0,0.0,0.56975746,1.3922399,0.5594042,0.4245589,0.0,1.8954551,0.90877116,0.0,1.2579132,0.0,0.0,0.0,0.40883726,0.52592254,0.0,1.6659095,0.0,0.1301217,0.0,0.95913726,0.0,0.0,0.0,0.0,0.0,0.64389724,1.4283018,0.96019286,0.0,1.2305112,0.0,0.0,0.8465021,0.0580901,0.0,0.052402325,0.0,0.0,0.0,0.0,0.0,0.17388466,0.3139902,0.0,0.29527563,0.0,0.51924103,0.0,0.0,0.8365021,0.0,0.30442932,1
0.89857966,0.0,0.0,0.9442039,1.1196494,0.0,0.2719799,0.0,1.208667,0.48378873,1.3850034,1.0249434,0.0,0.12510753,0.4777807,1.026962,0.0,1.6233131,1.01131,0.9275708,1.0598291,0.0,1.0624831,0.7596381,0.57873917,0.53696257,0.0,0.34242144,0.4768665,0.0,0.0,0.88610196,0.88400227,0.0,0.38160217,0.0,0.8743755,0.248424,0.740433,0.573974,0.4521593,0.0,0.3916547,0.8856854,0.0610262,0.0,0.0,0.0,1.4153714,0.4070301,0.0,0.0,0.6765489,1.0155146,0.8084529,0.50003445,0.43080276,0.60042137,1.0182757,0.7607699,0.2977304,0.9940555,0.55151355,0.0,0.094688326,0.47535136,1.1601486,0.8152147,0.7515872,0.8826571,0.0,0.065439984,0.28842407,0.0,0.0,0.0,0.20959312,1.1994646,0.60804594,0.56079257,0.2357906,1.2532182,1.0032022,0.0,0.4133721,0.0,0.0,0.03456098,0.34849426,0.63188213,0.32227862,1.3863614,0.0,0.8204584,0.0,0.9083417,0.4153087,0.0,0.43023083,0.0,0.17807242,1.2264329,0.5173333,0.7984856,0.0,1.0379695,0.0,0.0,0.9767808,0.90539026,0.0,0.032222126,0.0,0.0,0.3689882,0.0,0.0,0.71390253,0.2045749,0.79593074,0.2035268,0.0,0.19246612,0.81869334,0.0,0.7567117,0.0,0.47765508,1
1.0194484,0.0,0.0,0.7751117,1.1604375,0.0,0.39310136,0.0,0.84397954,0.9507757,0.96924275,0.16344188,0.0,0.3546946,0.0,1.4139527,0.0,1.5714216,0.6183872,0.3428144,1.236679,0.44159546,1.4560335,1.0576499,0.18869887,0.64811885,0.0,1.124692,0.0,0.0,0.0,1.3478413,1.4786506,0.0,0.3981455,0.038683437,0.7874767,0.86511934,0.31260583,0.81658435,0.55694044,0.53304136,0.42323378,0.7944163,0.09811275,0.0,0.0,0.0,0.7942929,0.0077952286,0.0,0.0,0.06594766,1.4267125,0.50329006,0.6883706,1.0215162,0.33666486,1.3635535,0.45941156,0.03349509,1.1309981,0.11848332,0.0,0.8547019,0.13739124,0.0,0.32273728,0.24287157,0.9649102,0.0,0.0,0.58675283,0.0,0.0,0.0,0.32479388,1.4481043,1.5290554,0.43852755,0.5011414,0.40239307,0.793264,0.0,0.17301896,0.0,0.0678561,0.41738832,0.71673137,0.50847405,1.2546439,0.96247536,0.0,1.0712842,0.0,0.14789154,0.32000852,0.11886586,0.6257475,0.0,0.0,1.1948351,0.540445,1.0735226,0.0,0.37675476,0.2176689,0.10174276,0.5621555,0.73867774,0.0,0.3929969,0.0,0.0,0.0,0.0,0.0,0.8708875,0.03989801,0.46753794,0.5067484,0.0,0.0,0.82976145,0.0,0.0,0.0,0.61482155,1
0.24894887,0.0,0.0,0.96908426,2.564776,0.0,0.880283,0.0,0.50251955,0.0,2.3109848,2.2605615,0.0,0.5010739,1.6853716,0.01649966,0.0,2.3883104,1.5493835,1.7831444,0.0,0.0,0.0,0.006672549,0.0,0.3041816,0.0,0.0,1.4746308,0.0,0.0,0.0,0.0,0.0,1.5762919,0.0,0.0,0.20899771,1.3794715,0.0,0.3789817,0.0,0.9325414,0.7281846,0.0,0.0,0.0,0.0,1.4395263,1.3958638,0.039985422,0.0,1.2926868,0.5319466,0.0,0.11719659,0.0,0.0,0.09923263,2.170614,1.0269692,1.2404027,1.9733975,0.0,0.0,0.3693432,2.3449764,1.8265891,1.3420894,1.590925,0.0,0.0,0.0,0.0,0.0,0.0,1.0410202,2.0343137,0.0,0.67854244,0.0,2.061419,0.2557716,0.0,1.5509375,0.0,0.0,0.0,0.0,1.4541154,0.0,2.4187424,0.0,0.07486837,0.0,2.2199068,0.04893844,0.0,0.0,0.0,0.0,0.0,1.6797023,1.7184331,0.0,1.4539033,0.0,0.0,1.0747687,0.0,0.0,0.04605772,0.0,0.0,0.0,0.0,0.0,0.0,1.4308056,0.0,0.0,0.0,0.78811854,0.0,0.0,1.0872666,0.0,0.030043624,1
0.3539603,0.0,0.0,0.8260714,2.5968194,0.0,1.0356733,0.0,0.3026099,0.0,2.1354141,1.9512186,0.0,0.6896919,1.3889282,0.0,0.0,2.3446982,1.3709366,2.0326462,0.0,0.0,0.0,0.0,0.0,0.25809857,0.0,0.0,1.3225886,0.0,0.0,0.108842775,0.012933824,0.0,2.1588087,0.0,0.0,0.0,1.2294298,0.0,0.24504529,0.0,0.5532002,0.32904506,0.0,0.0,0.0,0.0,1.3835303,1.2439986,0.36709392,0.0,1.3840586,0.57594925,0.0,0.13477132,0.17545809,0.0,0.0,1.9520003,1.1529682,1.1877842,1.8588864,0.0,0.0,0.11701404,2.248214,1.5269352,1.500173,1.4688047,0.10106767,0.0,0.0,0.0,0.0,0.0,0.91550964,2.3451319,0.024336768,0.63748556,0.0,2.1968532,0.4027994,0.0,1.5649539,0.0,0.0,0.0,0.0,1.4830184,0.0,2.3246791,0.0,0.0,0.0,2.3226254,0.043776285,0.0,0.0,0.0,0.02503355,0.0,1.7245946,1.8801211,0.0,1.3443521,0.0,0.0,1.279016,0.0,0.0,0.1442247,0.0,0.0,0.0,0.0,0.0,0.0,1.1155065,0.0,0.0,0.0,0.63709134,0.0,0.0,1.2446551,0.0,0.0,0
1.6336092,0.0,0.0,0.8402253,0.68858886,0.0,0.77348036,0.0,0.91659236,1.0866413,0.7850146,0.34673962,0.0,0.6727567,0.3414722,1.8943483,0.0,1.9434214,1.3933516,1.1025456,1.5325896,0.0,1.0476524,1.7094747,0.7479824,0.5605304,0.0,1.034194,0.54594564,0.0,0.0,1.1260362,1.6817459,0.0,0.9622023,0.0,1.4636835,0.9583276,0.6204649,1.1479954,0.9242882,0.15565595,0.26671332,0.46761966,0.6426755,0.0,0.0,0.0,1.243324,0.7361655,0.0,0.0,0.61104894,1.6282704,1.5596614,0.8987907,1.1008841,0.72165066,1.5646106,0.39161298,0.7252475,0.660642,0.23844504,0.0,0.7661898,0.644806,0.4418147,0.6707489,0.40279153,0.33486918,0.0,0.0,1.2753093,0.0,0.0,0.0,0.0,0.27925214,1.7081488,0.83793706,1.0993959,0.54712903,1.2026747,0.0,0.49655414,0.0,0.0,0.20068893,0.7326443,0.7478336,0.9143597,1.3211282,0.0,1.5925899,0.0,0.5296049,0.47809306,0.0,0.28221434,0.0,0.0,1.3864676,0.43458438,0.8483164,0.0,1.2510728,0.0,0.0,0.8270975,0.7605129,0.0,0.9541598,0.0,0.0,0.32753244,0.0,0.0,0.18002656,0.0,0.4290102,0.94896764,0.0,0.008986035,1.5343201,0.0,0.36572513,0.0,1.2576574,1
0.14118329,0.0,0.0,0.6362533,2.618091,0.0,0.8233945,0.0,0.20433812,0.0,2.6239376,2.4176316,0.0,0.39661154,1.858962,0.0,0.0,2.597527,1.6560241,2.1682668,0.0,0.0,0.0,0.0,0.0,0.0,0.0,0.0,2.119428,0.13760461,0.12485376,0.0,0.0,0.0,2.084472,0.0,0.0,0.0,1.6403824,0.0,0.23058106,0.0,0.5312488,0.5957206,0.0,0.0,0.0,0.0,1.5022533,1.5222001,0.13765016,0.0,1.5994707,0.6736446,0.0,0.0,0.0,0.0,0.0,2.5023272,1.2680758,1.7387987,2.2643065,0.0,0.0,0.0,3.069691,2.0381608,1.5880476,1.8539835,0.0,0.016493466,0.0,0.0,0.0,0.0,1.0371193,2.4600122,0.0,0.8518819,0.0,2.7296557,0.40652004,0.0,1.7765633,0.0,0.0,0.0,0.0,1.8012136,0.0,2.6411624,0.0,0.0,0.0,2.7242901,0.14242662,0.0,0.0,0.0,0.0,0.0,2.099113,1.5668304,0.0,1.8286088,0.0,0.10844554,1.1925942,0.0,0.110294014,0.0,0.0,0.0,0.0,0.0,0.0,0.0,1.4899696,0.0,0.0,0.0,0.6123263,0.0,0.0,1.3859718,0.0,0.0,0
0.0,0.0,0.0,0.37667578,2.8375297,0.0,1.2959548,0.0,0.39647138,0.0,2.857073,2.106129,0.0,0.89334613,2.0703406,0.0,0.0,2.3855605,1.651309,1.8427266,0.0,0.0,0.0,0.0,0.0,0.36410338,0.0,0.0,1.4088981,0.0,0.0,0.0,0.055560965,0.0,2.0878637,0.0,0.0,0.0,1.4330167,0.0,0.4365641,0.0,0.96062016,0.60913,0.0,0.0,0.0,0.0,1.3300127,1.5511777,0.3496958,0.0,1.5712781,0.36319923,0.0,0.0,0.08867652,0.0,0.0073464056,2.2946603,1.2668514,1.0838464,2.072894,0.0,0.0,0.0054636486,2.3016798,1.836599,1.6150216,1.4674426,0.13620329,0.0,0.0,0.0,0.0,0.0,1.0522652,2.4854178,0.0,0.019217469,0.0,2.083964,0.29143748,0.0,1.2885656,0.0,0.0,0.0,0.0,1.6137401,0.0,2.6123724,0.0,0.0,0.0,2.64867,0.0,0.0,0.0,0.0,0.26929176,0.0,1.4935515,1.8536131,0.0,1.407713,0.0,0.0,1.094398,0.0,0.14609328,0.05681305,0.0,0.0,0.0,0.0,0.0,0.0,1.6460553,0.0,0.0,0.0,0.6181615,0.0,0.0,1.3359959,0.0,0.0,0
0.3407628,0.0,0.0,0.75498307,1.8211098,0.0,0.81088084,0.0,0.321517,0.39085752,1.757278,1.9650034,0.0,0.11093599,1.2501446,0.27194342,0.0,1.9192715,1.462501,1.4096425,0.3123042,0.0,0.10005359,0.5058441,0.16509838,0.7859361,0.0,0.0,1.1601461,0.0,0.0,0.14051658,0.38278353,0.0,1.380509,0.0,0.0,0.003250073,1.3193871,0.46104607,0.007982487,0.0,0.92122793,0.5353308,0.0,0.0,0.0,0.0,1.335591,0.9813581,0.025044685,0.0,1.0763402,0.99486107,0.0,0.3467704,0.0,0.025293708,0.70062053,1.538,0.74354523,1.4772819,1.6129899,0.0,0.34152827,0.4737054,2.010767,1.1580755,0.8709704,1.2434696,0.0,0.08993608,0.0,0.0,0.0,0.0,0.7212638,1.7613488,0.27337164,0.16277681,0.0,1.4067376,0.5581875,0.0,1.2524463,0.0,0.0,0.0,0.0,0.9191193,0.026072748,1.9286793,0.0,0.20417233,0.0,1.2497685,0.35733366,0.0,0.0,0.0,0.1038166,0.36621997,1.5133045,1.3631189,0.0,1.5018979,0.0,0.0,0.83794457,0.18520638,0.0,0.04738875,0.0,0.0,0.2531499,0.0,0.0,0.14432034,0.755098,0.100554086,0.0,0.0,0.77865565,0.09595937,0.0,1.187134,0.0,0.42113614,1
1.0729036,0.0,0.0,1.017767,0.33585855,0.0,0.3627207,0.0,1.4411615,1.0109619,0.59803486,0.063481025,0.0,0.0,0.13234356,1.7674383,0.0,1.4752089,0.7919571,0.4206775,1.7955514,0.88908124,1.5679793,0.97093225,0.6792469,0.66649264,0.0,1.4507519,0.3744216,0.0,0.0,1.3794782,1.4818938,0.0,0.2841584,0.060297668,0.85725766,0.30048013,0.5587319,0.9053497,0.40384334,0.0,0.022309206,0.82348084,0.0,0.0,0.0,0.0,0.45024365,0.19733563,0.0,0.0,0.5191723,1.4149921,1.0782739,0.20539194,1.1492969,0.59484416,1.6547172,0.23004767,0.6846288,0.84722584,0.12617458,0.0,1.3796413,0.14596085,0.48917374,0.55909324,0.17387675,0.69431084,0.0,0.0,1.0516617,0.0,0.0,0.0,0.070666976,0.8914993,1.8222094,0.46341497,0.53897554,0.6273299,0.9224263,0.0,0.042690083,0.0,0.2544589,0.22473462,1.3719063,0.05345048,0.84513354,0.33022976,0.0,1.1437448,0.0,0.26864496,0.34868532,0.0,0.568857,0.0,0.0,1.5141989,0.7343312,0.098668955,0.0,0.44223392,0.26453224,0.0,0.7889522,0.99037707,0.12346916,0.0,0.0,0.0,0.36604714,0.0,0.0,0.94227654,0.18812515,1.0008636,0.56702656,0.0,0.023544827,1.0213697,0.0,0.030507315,0.1861545,0.42670938,1
1.2037612,0.0,0.0,1.2516831,1.0978057,0.0,0.43655446,0.0,1.1561257,0.81036806,0.6971989,0.7023246,0.0,0.31936824,0.47653687,1.423818,0.0,1.9575963,1.0211933,0.8567727,1.4199067,0.20645484,0.9238885,0.8252622,0.23972,0.5984241,0.0,0.66771656,0.47856846,0.0,0.0,0.9104423,1.3903937,0.0,0.30858436,0.0,0.712763,0.2863931,0.6806723,0.7218761,0.6601149,0.0,0.3368209,0.90664077,0.16863222,0.0,0.0,0.0,0.77195555,0.34596232,0.0,0.0,0.5101499,1.1635315,0.6780228,0.3870908,0.6748414,0.60562783,1.2487738,0.95943886,0.5054409,1.0001153,0.35189578,0.0,0.54043335,0.23610851,0.77524465,0.6813269,0.55997294,1.0019224,0.0,0.0,0.4307193,0.0,0.0,0.0,0.6870901,1.4279791,1.2586704,0.47528377,0.007763819,0.6951928,0.87240773,0.0,0.5596215,0.0,0.0,0.0,0.8627172,0.46101707,0.662919,1.0434555,0.0,0.8462266,0.0,0.31737623,0.23378135,0.0,0.4932153,0.0,0.07913758,1.1890641,0.7207398,0.8915904,0.0,0.7155661,0.0,0.0,0.8785725,0.7113724,0.0,0.27418602,0.0,0.0,0.3330831,0.0,0.0,0.7577327,0.30569327,0.69229496,0.08851307,0.0,0.11070169,0.63837415,0.0,0.05290241,0.0,0.5532468,1
0.9997366,0.0,0.0,1.0403194,0.8097004,0.0,0.34091267,0.0,1.0238898,0.45592904,0.46342856,0.25098825,0.0,0.24263288,0.2195565,1.5093755,0.0,1.520784,0.71109354,0.43353143,1.8795115,0.445643,0.9309364,1.1726215,0.15908812,0.607708,0.0,0.7915174,0.31516734,0.0,0.0,1.2262781,1.2067072,0.0,0.7126759,0.0,1.0501612,0.5476475,0.26308414,0.63926375,0.28625417,0.0,0.6184664,0.4499251,0.18642174,0.0,0.0,0.0,0.620906,0.13231258,0.0,0.0,0.29395553,0.9497905,1.3516705,0.8745737,0.5977132,0.45669818,1.1309294,0.5268278,0.8039422,0.6527738,0.22524984,0.0,0.73779684,0.5617253,0.53497875,0.498574,0.64502966,0.82678944,0.0,0.0,0.7995363,0.0,0.0,0.0,0.14256899,0.72023046,1.6087636,0.530875,0.24397787,0.16369447,0.46998957,0.0,0.28700826,0.0,0.19949569,0.013587918,0.98931277,0.42426103,0.61991936,0.91042674,0.0,1.0202509,0.0,0.5291547,0.47740278,0.0,0.76717484,0.0,0.0,1.118134,0.52521104,0.6368121,0.0,0.7731338,0.29252893,0.0,0.84038895,0.82572365,0.0,0.580833,0.0,0.0,0.56204295,0.0,0.0,0.61612684,0.018428743,1.0248741,0.45412743,0.0,0.26218528,1.1547803,0.0,0.448186,0.0,0.6787503,1
0.9156363,0.0,0.0,0.8074712,0.581281,0.0,0.50777954,0.0,1.3225267,1.106043,0.34243944,0.14831747,0.0,0.03922943,0.104221426,1.8151091,0.0,1.6575376,0.65673614,0.44236785,2.0792506,0.34288222,1.6559064,1.4435974,0.37110248,0.7805634,0.0,1.7298671,0.24283676,0.0,0.0,1.8397099,1.6544247,0.0,0.36313105,0.0,0.7737695,0.74211967,0.6244881,0.888169,0.8906046,0.04304452,0.08715915,0.48712206,0.0,0.0,0.0,0.0,0.3009978,0.0,0.0,0.0,0.45082977,1.5939145,1.3799672,0.8701447,1.1553859,0.268718,1.4896412,0.4068356,0.40533504,0.7539046,0.10697253,0.0,1.5006034,0.18010111,0.19862674,0.5223861,0.13957603,0.5392623,0.0,0.0,1.0792642,0.0,0.0,0.0,0.052581698,0.9020114,1.8505799,0.39731604,0.56866395,0.6697965,0.9371763,0.0,0.16901134,0.0,0.0,0.51605123,1.0046755,0.0,1.041601,0.2825169,0.0,1.0601841,0.0,0.17043447,0.2268016,0.0,0.64475906,0.0,0.0,1.4269012,0.38751638,0.57880276,0.0,0.4494881,0.18260176,0.06273784,0.6686857,0.5193277,0.47158447,0.37417284,0.0,0.0,0.60968876,0.0,0.0,0.7477799,0.094468966,0.9759388,0.72454196,0.0,0.099987276,0.82344645,0.0,0.21724908,0.039583024,0.300232,1
0.6844087,0.0,0.0,0.5302418,0.37495524,0.0,0.4645986,0.0,1.0764,0.50984585,0.39503187,0.0,0.0,0.0,0.33243096,1.4898804,0.0,1.3443207,0.5731785,0.0,1.6938071,0.37875372,1.6501791,1.2931316,0.2294455,0.665696,0.0,1.5423033,0.0,0.0,0.0,1.650392,1.577659,0.0,0.2607882,0.060918916,0.8535984,0.7242027,0.24119082,0.41868123,0.6655036,0.023724671,0.3397373,0.45454317,0.0,0.0,0.0,0.0,0.3121931,0.24462713,0.058924187,0.0,0.29311973,1.3432561,1.0147691,0.7762648,1.2894697,0.11993683,1.4631509,0.42707688,0.45641658,0.51758003,0.0,0.0,1.151558,0.13527599,0.19125433,0.0,0.39879104,0.58874863,0.0,0.0,0.712077,0.0,0.0,0.0,0.15267588,0.69761944,1.6609107,0.15030281,0.5457349,0.45476586,0.7736235,0.0,0.0,0.0,0.0,0.33211833,0.6635614,0.22256956,1.2197472,0.44317356,0.0,1.0191562,0.0,0.06542846,0.18228978,0.0,0.63595074,0.0,0.10775407,1.2048279,0.33871725,0.27359703,0.0,0.19697097,0.23552828,0.04586851,0.5359639,0.60529333,0.4649365,0.27443096,0.0,0.0,0.31935266,0.0,0.0,0.9236961,0.0,0.7409611,0.7536954,0.0,0.0,0.8017393,0.0,0.3060238,0.0,0.33837068,1
0.68515843,0.0,0.0,0.60284245,2.5808003,0.0,0.80151755,0.0,0.4500316,0.0,2.4400115,2.2338314,0.0,0.6253905,1.647396,0.10941055,0.0,2.552634,1.3911879,2.1787894,0.0,0.0,0.0,0.0,0.0,0.23068145,0.0,0.0,1.1971002,0.0,0.0,0.12927958,0.0,0.0,2.0321007,0.0,0.0,0.033998396,1.3620192,0.08228152,0.23782642,0.0,0.93084246,0.41320476,0.0,0.0,0.0,0.0,1.631124,1.7245183,0.0169069,0.0,1.4292206,0.62062186,0.0,0.2662752,0.0,0.20862383,0.104445085,1.8554336,0.94582605,1.5882379,2.314422,0.0,0.0,0.41472653,2.0166032,1.5367676,0.9825177,1.6735144,0.06284142,0.0,0.0,0.0,0.0,0.0,0.6939506,2.0629783,0.0,0.67807335,0.0,2.3753994,0.43509677,0.0,1.832934,0.0,0.0,0.0,0.0,1.3009732,0.0,2.7491167,0.0,0.16389745,0.0,2.323578,0.1118774,0.0,0.0,0.0,0.049730673,0.0,1.8633627,1.675981,0.0,1.9417456,0.0,0.17995323,1.0702695,0.0,0.11731513,0.39071888,0.0,0.0,0.0,0.0,0.0,0.0,1.0242115,0.0,0.0,0.0,0.89493006,0.0,0.0,1.2924863,0.0,0.0,0
0.34586516,0.0,0.0,0.8219391,3.0754478,0.0,0.68435943,0.0,0.15202786,0.0,2.9080873,2.7453582,0.0,0.541446,1.7902243,0.0,0.0,2.82004,1.7556306,2.7146432,0.0,0.0,0.0,0.0,0.0,0.0,0.0,0.0,2.1142185,0.0,0.085503645,0.0,0.0,0.0,2.6682665,0.0,0.0,0.06263732,1.6802312,0.0,0.0,0.0,0.48937845,0.7372681,0.0,0.0,0.0,0.0,1.7642306,1.8037581,0.0,0.0,1.5248394,0.636125,0.0,0.0,0.0,0.0,0.0,2.4089622,1.1357635,1.7521738,2.559426,0.0,0.0,0.0,3.135527,2.3015916,1.6949358,2.3296602,0.1549757,0.24089304,0.0,0.0,0.0,0.0,1.1311698,2.4714012,0.0,0.8331279,0.0,3.1462305,0.42905805,0.0,1.8651458,0.0,0.0,0.0,0.0,1.907322,0.0,3.2677536,0.0,0.107987486,0.0,3.3131828,0.03116844,0.0,0.0,0.0,0.0,0.0,1.926948,2.0240984,0.0,1.9312105,0.0,0.12348422,1.5356032,0.0,0.0,0.0,0.0,0.0,0.0,0.0,0.0,0.0,1.1489036,0.0,0.0,0.0,1.2435704,0.0,0.0,1.3028965,0.0,0.0,0
0.0020386644,0.0,0.0,0.5634979,2.5044694,0.0,0.19988373,0.0,0.23229127,0.0,2.5137572,2.3011332,0.0,0.21427724,2.1030369,0.018124796,0.0,2.474254,1.613991,2.1016798,0.0,0.0,0.0,0.0,0.16968767,0.24998948,0.0,0.0,1.8486683,0.0,0.06510958,0.0,0.0,0.0,2.6164622,0.0,0.0,0.0,1.9467494,0.46164462,0.0,0.0,0.9782244,0.6244016,0.06451298,0.0,0.0,0.0,1.8300344,1.491639,0.0,0.0,1.3410045,0.32280666,0.0,0.0,0.16040224,0.0,0.31967196,2.0107374,1.0795128,1.7931557,2.1394045,0.0,0.0,0.4909784,2.5275843,1.6608503,1.3436077,1.7366139,0.0,0.11768144,0.089121446,0.0,0.0,0.0,1.1824089,2.0835357,0.028889595,0.17719655,0.0,2.3362162,0.7942218,0.0,1.6154164,0.0,0.0,0.0,0.0,1.4788127,0.0,2.5194228,0.0,0.0,0.0,2.2026153,0.0,0.0,0.0,0.0,0.0,0.0,1.8089554,1.5310136,0.0,1.5398223,0.0,0.0,1.0059272,0.0,0.0,0.08337907,0.0,0.0,0.0,0.0,0.0,0.0,1.3013207,0.0,0.0,0.0,0.94929343,0.0,0.0,1.3090024,0.0,0.0,0
0.47503352,0.0,0.0,0.42946792,1.8285489,0.0,0.86834353,0.0,0.40506834,0.0,1.856295,1.4594864,0.0,0.51757765,1.7392437,0.16679528,0.0,2.4213076,1.3093164,1.6000696,0.0,0.0,0.0,0.2588165,0.0,0.0,0.0,0.0,1.4363123,0.15735652,0.0,0.0,0.0,0.0,1.4579049,0.0,0.031254675,0.13647908,1.2035638,0.0,0.014523933,0.0,0.7901665,0.29727593,0.22212057,0.0,0.0,0.0,1.5060025,1.2156028,0.062766,0.0,1.192761,0.36082038,0.038658317,0.35310805,0.21342812,0.0,0.17200632,1.3168043,1.1718302,0.9641333,1.9161155,0.0,0.0,0.41324487,2.1886086,1.1167127,1.3020593,1.3243806,0.0,0.1498468,0.09762334,0.0,0.0,0.0,0.6860826,2.0000427,0.01845376,0.31924233,0.0,2.01752,0.3998508,0.0,1.6150408,0.0,0.0,0.0,0.0,1.3669707,0.0,2.5302494,0.0,0.22423473,0.0,2.0945282,0.209042,0.0,0.0,0.0,0.0,0.25392324,1.4724239,1.4149275,0.0,1.4829406,0.0,0.0056193727,1.3014834,0.0,0.23009157,0.0,0.0,0.0,0.009456361,0.0,0.0,0.0,1.0402516,0.0,0.0,0.0,0.5439729,0.0,0.0,1.2951636,0.0,0.0,0
0.8747268,0.0,0.0,0.8844311,0.84680134,0.0,0.22420773,0.0,0.9618776,0.946165,0.71026665,0.0,0.0,0.21171904,0.055972554,1.1604944,0.0,1.5096654,0.46186706,0.72625095,1.6308289,0.35864672,1.4855258,1.0478187,0.0,0.7114644,0.0,1.2039021,0.23666444,0.0,0.0,1.2882166,1.6910378,0.0,0.7282706,0.0,0.7904084,0.69345003,0.22423267,0.46070418,0.2793877,0.1096772,0.32167807,0.52690065,0.15446243,0.0,0.0,0.0,0.2972808,0.0,0.0,0.0,0.14249195,1.1804651,0.4040711,0.5678281,0.8060635,0.08327171,1.1793743,0.47805962,0.23502438,0.7081244,0.50693935,0.0,0.6879781,0.10392363,0.3213624,0.071113296,0.0,0.98077303,0.014644265,0.0,0.6333805,0.0,0.0,0.0,0.2897661,1.2755679,1.3714883,0.0,0.085123666,0.31023762,0.3923212,0.0,0.15926084,0.0,0.24090932,0.07819588,0.9338667,0.54596615,0.67531735,0.57597244,0.0,1.10565,0.0,0.37783232,0.04580504,0.0,0.8679366,0.0,0.15107745,0.9146241,0.29496264,1.1608274,0.0,0.2577262,0.55884355,0.022664584,0.70039886,0.5901348,0.40821534,0.18793587,0.0,0.0,0.1707725,0.0,0.0,1.0018624,0.062504515,0.84529054,0.23881683,0.0,0.21212322,0.58609635,0.0,0.012275372,0.0,0.7183908,1
0.55053157,0.0,0.0,1.002412,0.63463145,0.0,0.16236505,0.0,0.81902945,0.08182973,0.4953528,0.016398052,0.0,0.2129033,0.3242085,1.4344305,0.0,1.7397834,0.6494568,0.75549084,1.3046535,0.0,0.92574424,0.9798022,0.044555377,1.2372518,0.0,0.5905609,0.0,0.012396398,0.0,1.1996646,1.1973201,0.0,0.6260645,0.0,0.99215925,0.523236,0.0,0.30939206,0.336575,0.0062834877,0.6581601,0.49145368,0.0,0.0,0.0,0.0,0.52334404,0.40992793,0.04236089,0.0,0.4681823,1.0589406,0.8222009,0.65461904,0.19587871,0.07412301,0.80298454,0.52532077,0.7888672,0.44862598,0.36254528,0.0,0.41558394,0.8092776,0.94452775,0.25973585,0.31517026,0.47948474,0.0,0.0,0.39905208,0.0,0.0,0.0,0.0,0.67759895,0.9986856,0.0,0.20347147,0.3645095,0.2069072,0.0,0.1589041,0.0,0.0,0.2186784,0.49868238,0.86352736,0.5810127,1.082727,0.0,0.8325052,0.0,0.95116776,0.34675905,0.0,0.67844474,0.0,0.0,0.45788404,0.66585684,0.97087127,0.0,0.23439352,0.31474173,0.0,0.9250499,0.4867139,0.35466748,0.43445683,0.0,0.0,0.5200787,0.0,0.0,0.6809497,0.0,0.7362257,0.39614084,0.0,0.1050537,1.3275659,0.0,0.5760568,0.0,0.6729274,1
0.58822453,0.0,0.0,0.5640112,2.1874444,0.0,0.5873604,0.0,0.4285411,0.0,2.1410072,2.321551,0.0,0.26027864,1.6550983,0.0028526122,0.0,2.1992118,1.6210388,1.6605753,0.0,0.0,0.0,0.13049339,0.0,0.6197479,0.0,0.0,1.4601808,0.0,0.0,0.09063644,0.05905557,0.0,1.750442,0.0,0.0,0.015367295,1.7102505,0.3644674,0.2572976,0.0,0.7562909,0.31915826,0.056978673,0.0,0.0,0.0,1.6015576,1.2555313,0.0,0.0,1.2203811,0.8936702,0.0,0.16969472,0.0,0.004693493,0.36212838,1.9362557,0.89246273,1.7033042,1.948448,0.0,0.03531262,0.49480736,2.1031911,1.4497555,0.9260763,1.1333296,0.0,0.0,0.0,0.0,0.0,0.0,0.929172,1.7947072,0.048006073,0.5123961,0.0,1.9125925,0.7824417,0.0,1.7862597,0.0,0.0,0.0,0.0,1.0877502,0.0,2.2364895,0.0,0.020713126,0.0,1.660686,0.22943048,0.0,0.0,0.0,0.056490958,0.17975767,1.4784598,1.2910641,0.0,1.8231896,0.0,0.10592916,1.0990855,0.0,0.0,0.18476741,0.0,0.0,0.0,0.0,0.0,0.0,1.2284186,0.0,0.0,0.0,0.6715576,0.0,0.0,1.3845288,0.0,0.35592383,0
0.44414288,0.0,0.0,0.7354513,2.782156,0.0,0.6062812,0.0,0.003187885,0.0,2.57194,2.5240397,0.0,0.43976945,1.5814874,0.0,0.0,2.8353188,1.5429549,2.4693067,0.0,0.0,0.0,0.0,0.0,0.0,0.0,0.0,1.9970391,0.079463616,0.020857735,0.0,0.0,0.0,2.4953287,0.0,0.0,0.0,1.590722,0.0,0.0,0.0,0.36663887,0.68236125,0.0,0.0,0.0,0.0,1.3923107,1.3928406,0.0,0.0,1.6451794,0.4236148,0.0,0.0,0.055800118,0.0,0.0,2.2936866,1.0964947,1.4941123,2.3340492,0.0,0.0,0.0,3.0172155,2.0766177,1.4234042,2.0062425,0.0,0.37326372,0.0,0.0,0.0,0.0,1.1400826,2.569762,0.0,0.5830695,0.0,2.6715734,0.44631758,0.0,1.8038594,0.0,0.0,0.0,0.0,1.6511074,0.0,3.0031202,0.0,0.0,0.0,3.0906966,0.04278058,0.0,0.0,0.0,0.15480086,0.0,2.3304517,2.0901384,0.0,1.9121655,0.0,0.098086394,1.2256522,0.0,0.080653265,0.0,0.0,0.0,0.0,0.0,0.0,0.0,1.1102911,0.0,0.0,0.0,0.80365866,0.0,0.0,1.1645073,0.0,0.0,0
1.2677543,0.0,0.0,1.1067083,0.40511656,0.0,0.48401502,0.0,1.0640327,1.2094308,0.81577235,0.92547095,0.0,0.39132735,0.6927394,1.4692059,0.0,2.0569916,0.96584636,0.41218746,1.3908242,0.08483111,0.7522751,1.0893244,0.48646387,0.9723993,0.0,0.14838225,0.7604704,0.0,0.0,1.2542112,0.688442,0.0,1.1121539,0.0,1.241747,1.0002193,1.4077425,1.2055908,0.50686896,0.0,0.47530964,0.6553111,0.084404126,0.0,0.0,0.0,1.2155713,0.43526265,0.0,0.0,0.69072926,0.86999923,0.8559346,0.8766755,0.7782964,0.61475533,1.3546851,0.52468795,0.975242,0.7863457,0.07253812,0.0,1.2032416,0.8210738,0.9668083,0.75454736,0.29686555,0.99031633,0.17691897,0.15277116,0.74760073,0.0,0.0,0.0,0.526378,0.8111346,2.0691316,0.42012343,0.23443216,0.78850085,1.1091475,0.0,0.5848757,0.0,0.0,0.0053854664,0.8370534,0.12833901,0.8890006,0.8587816,0.0,1.231818,0.0,0.33860528,0.55181587,0.0,0.0017615461,0.02773449,0.09819679,1.3644124,0.9162747,0.7573044,0.0,1.2528949,0.0,0.0,0.75883394,0.44268313,0.0,0.2578134,0.0,0.0,0.45203492,0.0,0.0,0.47364855,0.23026325,0.9289043,1.1197153,0.0,0.0,1.0304631,0.0,0.55787104,0.0,0.9933017,1
0.27422735,0.0,0.0,0.53031164,2.4670668,0.0,1.0922816,0.0,0.20852493,0.0,2.204482,2.3238568,0.0,0.31172976,1.713102,0.0,0.0,2.3353164,1.4525659,1.6571921,0.0,0.0,0.0,0.0,0.0,0.31404948,0.0,0.0,1.4163005,0.0,0.0,0.0,0.0,0.0,2.2005043,0.0,0.0,0.0,1.4442642,0.0,0.23353377,0.0,0.94402313,0.46144283,0.0,0.0,0.0,0.0,1.3352829,1.3908615,0.08378294,0.0,1.4456363,0.557376,0.0,0.14439768,0.08490662,0.0,0.02721144,1.9590665,0.9961406,1.185236,1.9617469,0.0,0.004639771,0.0,2.3716667,1.5001158,1.1423916,1.4270399,0.0903488,0.04522186,0.0,0.0,0.0,0.0,0.9485741,2.39125,0.0,0.28569,0.0,2.3363035,0.38169542,0.0,1.7320424,0.0,0.0,0.0,0.0,1.2307916,0.0,2.4337199,0.0,0.0,0.0,2.395426,0.0,0.0,0.0,0.0,0.11995375,0.0,1.6264012,1.8192396,0.0,1.553638,0.0,0.0,1.0945688,0.0,0.14748344,0.049952153,0.0,0.0,0.0,0.0,0.0,0.0,1.3855466,0.0,0.0,0.0,0.6450884,0.0,0.0,1.2917525,0.0,0.0,0
0.9175278,0.0,0.0,0.7552921,0.31469,0.0,0.3148055,0.0,1.1949395,0.6831104,0.88007206,0.6421885,0.0,0.4730796,0.7640439,1.5911531,0.0,2.220454,0.6407466,0.6365052,1.644879,0.0,1.1759535,1.4420308,0.31288967,0.76094496,0.0,0.61599874,0.3536,0.0,0.0,1.4482844,1.3177564,0.0,1.1422465,0.023855686,1.2191732,0.6372584,0.9441764,0.62798256,0.65996075,0.0,0.44225544,0.61117077,0.0,0.0,0.0,0.0,0.99385935,0.6502398,0.092586204,0.0,0.69381,1.1937983,0.79539883,0.59900063,0.7199436,0.0058473903,1.0851779,0.62470233,0.85698754,0.7685909,0.1914301,0.0,0.8671236,0.9203203,0.8937943,0.44988802,0.28608507,1.2890767,0.0,0.0,0.6466452,0.0,0.0,0.0,0.17262337,1.1309313,1.8142738,0.0,0.0,0.72095704,0.9736782,0.0,0.4658397,0.0,0.0,0.07365426,0.9658827,0.26909456,0.7082057,1.0418084,0.0,1.0411204,0.0,0.7571717,0.35178465,0.0,0.67618245,0.0,0.0,0.7842526,0.64558434,0.9513144,0.0,0.560176,0.5110087,0.0,0.84938765,0.7093823,0.093581885,0.50639796,0.0,0.0,0.505239,0.0,0.0,0.87502533,0.36700857,0.86420774,0.6851132,0.0,0.0,1.3785857,0.0,0.61538905,0.0,0.93132377,1
0.59736174,0.0,0.0,0.77441037,0.33316576,0.0,0.50154895,0.0,0.75201654,0.5891687,0.6730376,0.17914066,0.0,0.1655856,0.8380821,1.4989598,0.0,1.8508414,0.5515395,0.28402615,1.6272923,0.059301216,1.2070365,1.2956699,0.32095054,0.7906177,0.0,0.97786874,0.46408698,0.0,0.09260366,1.2811161,1.0299705,0.0,0.892067,0.025891632,1.0738901,0.49903917,0.43070686,0.32096505,0.55158305,0.0,0.43985325,0.47778687,0.0,0.0,0.0,0.0,0.61165833,0.37609503,0.10581311,0.0,0.60107,1.005217,0.69751495,0.5604454,0.81162244,0.07362888,1.0790175,0.46734995,0.86979735,0.6305834,0.29522827,0.0,0.7475612,0.7128678,0.5003318,0.16857122,0.3628731,0.7116608,0.0,0.0,0.66657186,0.0,0.0,0.0,0.0318361,0.8932303,1.5505253,0.0,0.03208288,0.5976408,0.5199907,0.0,0.4216474,0.0,0.0,0.102654345,0.7814345,0.1663462,1.0366572,0.7406343,0.0,1.0958289,0.0,0.72831935,0.39439553,0.0,0.5465652,0.07842586,0.008951979,0.6640178,0.34422383,0.6497095,0.0,0.57136756,0.37385798,0.0,0.49110848,0.6166588,0.15435413,0.21915877,0.05869101,0.0,0.6897897,0.0,0.0,0.7072179,0.027974755,0.5835674,0.94331086,0.0,0.0,1.1292378,0.0,0.2958804,0.0,0.50780255,1
0.4894299,0.0,0.0,0.77995175,2.589025,0.0,0.5326675,0.0,0.36455616,0.0,2.4252348,2.2616444,0.0,0.5179416,1.8373044,0.0,0.0,2.6918256,1.4976525,2.1956532,0.0,0.0,0.0,0.0,0.0,0.11188069,0.0,0.0,1.8017454,0.0,0.0,0.10475315,0.10825822,0.0,2.0967517,0.0,0.0,0.0,1.7132276,0.27498963,0.3239038,0.0,0.94725084,0.7383953,0.0,0.0,0.0,0.0,1.5488902,1.5496709,0.0,0.0,1.448563,0.54707235,0.0,0.11931482,0.27849838,0.15117969,0.3341214,2.2214527,0.8921577,1.6975557,2.2170975,0.0,0.0,0.25742403,2.4280117,1.8854471,1.0340639,1.7139472,0.015496861,0.0,0.0,0.0,0.0,0.0,1.1248701,2.2198088,0.32592046,0.5104944,0.0,2.2832575,0.501775,0.0,1.9422063,0.0,0.0,0.0,0.0,1.4308939,0.0,2.5311482,0.0,0.061895363,0.0,2.4538114,0.13298407,0.0,0.0,0.0,0.0,0.0,1.998811,1.6953163,0.0,1.9010171,0.0,0.045817822,0.9745885,0.0,0.0,0.021832291,0.0,0.0,0.0,0.0,0.0,0.0,1.2418063,0.0,0.0,0.0,0.7049193,0.0,0.0,1.065451,0.0,0.06407171,0
1.5722537,0.0,0.0,1.1381577,1.3599606,0.0,0.7456954,0.0,1.3336507,1.2458862,0.8372406,1.1718266,0.0,0.2697507,0.5419966,1.2769365,0.0,1.9277047,1.4357567,1.0465018,1.054263,0.0,1.0329542,0.7510958,0.5616112,0.7469922,0.0,0.5147274,0.8740578,0.0,0.0,0.974526,1.5274355,0.0,0.56575054,0.0,1.1019266,0.9427694,1.1966134,0.56024855,0.72784364,0.0,0.46166185,0.6889388,0.27228677,0.0,0.0,0.0,1.1722769,0.3836409,0.0,0.0,0.8259046,1.4473587,0.822458,0.39467692,0.64021325,0.887307,1.0398546,0.84645015,0.34869355,1.0649256,0.43033504,0.0,0.6221972,0.5261142,1.2003198,0.84859484,0.22017272,1.1410894,0.0,0.0,0.22998022,0.0,0.0,0.0,0.68740934,1.3982464,1.5258669,0.7014733,0.3480387,1.3680779,0.9885859,0.0,0.59966874,0.0,0.0,0.025113456,0.9974146,0.5258723,0.4978771,1.3175166,0.0,0.85491806,0.0,0.55801433,0.26758233,0.0,0.354636,0.0,0.003712179,1.5267507,1.4190896,1.1148641,0.0,1.2238785,0.0,0.0,1.2440419,0.5222508,0.0,0.15436105,0.0,0.0,0.055652257,0.0,0.0,0.6886667,0.07992537,0.3201842,0.1035654,0.0,0.43042946,0.6735901,0.0,0.5364023,0.0,0.9324882,1
1.2831863,0.0,0.0,0.9625283,1.6258608,0.0,0.91042453,0.0,0.9045599,0.6675117,0.93580896,1.4304498,0.0,0.47853482,0.7638229,1.1244146,0.0,1.9001106,1.2960705,0.85614496,0.48811015,0.0,0.70443183,0.99705076,0.5745989,0.83420014,0.0,0.2588822,0.7267566,0.0,0.0,0.9799548,1.0507439,0.0,0.87804437,0.0,0.57487994,0.6449894,1.3949741,0.59402376,0.6210935,0.0,0.8247877,0.6251335,0.25533277,0.0,0.0,0.0,1.5149031,0.5838541,0.0,0.0,0.9689371,1.5311388,0.9179746,0.5496038,0.44445112,0.61156243,0.85673344,0.93189234,0.66322064,1.2654141,0.7276818,0.0,0.6829949,0.5422216,0.99063087,1.0812465,0.49422288,0.73678046,0.0,0.0028420205,0.3190131,0.0,0.0,0.0,0.29175597,1.287865,1.0308758,0.55657,0.26089162,0.98670584,0.7577633,0.0,0.70708436,0.0,0.0,0.0,0.4794763,0.640117,0.25091785,1.2104585,0.0,0.6048677,0.0,0.76024336,0.2859226,0.0,0.2906685,0.0,0.0,1.060714,1.0510864,1.0477042,0.0,1.5740676,0.0,0.0,1.0840217,0.51081985,0.0,0.24363683,0.0,0.0,0.124339305,0.0,0.0,0.55955476,0.09966343,0.21154866,0.0,0.0,0.24414422,0.74976397,0.0,0.72571594,0.0,0.93682104,1
1.0349953,0.0,0.0,0.929474,2.4533772,0.0,0.7157703,0.0,0.6839379,0.11131036,2.0499907,2.601341,0.0,0.28431457,1.4841726,0.0,0.0,2.5783052,1.7151084,1.9085279,0.0,0.0,0.0,0.0,0.0,0.3670375,0.0,0.0,1.9478734,0.0,0.0,0.20340899,0.6657619,0.0,1.8010515,0.0,0.01194,0.10101106,1.6028432,0.092391275,0.33816564,0.0,0.5398387,0.41907787,0.035991132,0.0,0.0,0.0,1.4502804,1.0737973,0.0,0.0,1.3335322,0.7667357,0.0,0.25178522,0.17536332,0.06002237,0.0,2.0895233,0.82585573,1.4396924,2.0632515,0.0,0.22995356,0.17706202,2.1632538,1.642456,0.6755221,1.4998977,0.04481732,0.0,0.0,0.0,0.0,0.0,1.0225489,2.3953483,0.64407754,0.7763844,0.0,2.2980652,0.708005,0.0,1.7611898,0.0,0.0,0.0,0.0,1.1404853,0.0,2.4380589,0.0,0.2563982,0.0,1.8659707,0.0,0.0,0.0,0.0,0.1917506,0.46283922,1.8681475,1.5385246,0.0,1.7896363,0.0,0.057472195,1.2146091,0.0,0.0,0.045145232,0.0,0.0,0.0,0.0,0.0,0.0,1.0326947,0.0,0.0,0.0,0.6239527,0.0,0.0,0.96428096,0.0,0.24437386,0
0.0,0.0,0.0,0.72305703,2.9862099,0.0,0.853162,0.0,0.101129375,0.0,2.873503,2.6497772,0.0,0.6549725,1.9035399,0.0,0.0,2.6865919,1.6291449,2.2042553,0.0,0.0,0.0,0.0,0.0,0.09254226,0.0,0.0,1.7601645,0.0,0.07988179,0.0,0.0,0.0,2.2971196,0.0,0.0,0.0,1.3820938,0.0,0.17112166,0.0,0.91705537,0.45061713,0.0,0.0,0.0,0.0,1.2850372,1.7418232,0.0,0.0,1.6145748,0.34937403,0.0,0.0,0.0,0.0,0.0,2.234579,1.156659,1.6466849,2.4035182,0.0,0.0,0.06933761,2.9980538,1.768181,1.3897091,1.792911,0.18842188,0.0,0.0,0.0,0.0,0.0,1.3212886,2.6099102,0.0,0.55904156,0.0,2.6106842,0.16284351,0.0,1.7718353,0.0,0.0,0.0,0.0,1.5695548,0.0,2.7933125,0.0,0.08675774,0.0,2.9166944,0.0216214,0.0,0.0,0.0,0.23228513,0.0,1.9007602,1.658908,0.0,1.8029503,0.0,0.12817886,1.3944397,0.0,0.0,0.0,0.0,0.0,0.0,0.0,0.0,0.0,1.5252173,0.0,0.0,0.0,0.6703153,0.0,0.0,1.369308,0.0,0.0,0
0.8126078,0.0,0.0,0.63845253,2.5715477,0.0,0.69365036,0.0,0.05477299,0.0,2.680209,2.8397326,0.0,0.5216217,1.4727964,0.0,0.0,2.5932682,1.705894,2.2990556,0.0,0.0,0.0,0.0,0.0,0.063757725,0.0,0.0,1.9678795,0.03341944,0.108538024,0.0,0.0,0.0,2.4375775,0.0,0.0,0.0,2.0103502,0.0,0.0,0.0,0.65397763,0.6055434,0.0,0.0,0.0,0.0,1.6808358,1.6250674,0.0,0.0,1.7216067,0.7941222,0.0,0.107872516,0.17082992,0.0,0.0,2.338852,1.1845778,1.9336442,2.536176,0.0,0.13541417,0.32146367,2.5427558,1.6219599,1.2211096,1.793101,0.0,0.19043806,0.0,0.0,0.0,0.0,0.7537225,2.2147224,0.17259209,0.7313395,0.0,2.6709552,0.67204595,0.0,2.1168873,0.0,0.0,0.0,0.0,1.757954,0.0,2.8389764,0.0,0.0,0.0,2.6268804,0.06458731,0.0,0.0,0.0,0.0024879144,0.0,2.2736018,1.8917562,0.0,1.9374431,0.0,0.1897577,1.21076,0.0,0.0,0.056520183,0.0,0.0,0.0,0.0,0.0,0.0,1.036104,0.0,0.0,0.0,0.83777124,0.0,0.0,1.440332,0.0,0.0,0
0.23451182,0.0,0.0,0.82997274,1.7156831,0.0,0.46032748,0.0,0.45553708,0.0,2.5135715,2.0655913,0.0,0.45696026,1.5968473,0.0,0.0,2.6581705,1.8039485,1.741419,0.0,0.0,0.0,0.0,0.01497755,0.18478823,0.0,0.0,1.8078613,0.0,0.0,0.31230816,0.0,0.0,2.2184033,0.0,0.0,0.0,1.7799672,0.049362976,0.38501352,0.0,0.63229406,0.54370606,0.0,0.0,0.0,0.0,1.3963374,1.4645653,0.0,0.0,1.4494259,0.8390833,0.0,0.014335124,0.2235847,0.0,0.0,1.7889305,1.2918361,1.4238639,1.9217148,0.0,0.0,0.19520402,2.2597225,1.8723636,1.1669476,1.47351,0.0,0.08655575,0.0,0.0,0.0,0.0,0.86451215,1.8109896,0.38444802,0.72140294,0.0,2.3616672,0.72955805,0.0,1.6790489,0.0,0.0,0.0,0.0,1.415698,0.0,2.3713775,0.0,0.3477572,0.0,2.0581155,0.23290609,0.0,0.0,0.0,0.060884878,0.281311,1.7674171,1.5098639,0.0,1.7419008,0.0,0.0,1.1146547,0.0,0.0,0.0,0.0,0.0,0.0,0.0,0.0,0.0,1.0953958,0.0,0.0,0.0,0.52200764,0.21396424,0.0,1.0886562,0.0,0.32803375,0
0.55718595,0.0,0.0,0.7606698,1.9583534,0.0,0.6673664,0.0,0.5835241,0.041655257,2.0543623,2.147337,0.0,0.38919035,1.8282859,0.0,0.0,2.566918,1.3432361,1.5713615,0.0,0.0,0.0,0.09186457,0.0065869074,0.2656705,0.0,0.0,1.5086794,0.0,0.0,0.3269788,0.048413817,0.0,2.1630518,0.0,0.0,0.0,1.6851083,0.2778583,0.1596856,0.0,0.99841404,0.6890972,0.018523976,0.0,0.0,0.0,1.5834931,1.5032662,0.0,0.0,1.4053626,0.47436392,0.0,0.39757138,0.06379285,0.006913274,0.0,1.6702183,1.0249783,1.5322713,1.8505341,0.0,0.14403017,0.6556218,2.0312798,1.3439766,0.9479637,1.3919238,0.0,0.019540887,0.0,0.0,0.0,0.0,0.91075087,1.7815682,0.39578474,0.14975016,0.0,1.8511806,0.5895204,0.0,1.8159982,0.0,0.0,0.0,0.0,0.92155796,0.0,1.9841906,0.0,0.115076914,0.0,1.9949952,0.059393886,0.0,0.0,0.0,0.03560716,0.0,1.8048232,1.4496896,0.0,1.3752594,0.0,0.0,0.91594386,0.0,0.021360043,0.23974913,0.0,0.0,0.0,0.0,0.0,0.0,1.0740103,0.0,0.0,0.0,0.69493383,0.0,0.0,1.228461,0.0,0.0,0
0.2875409,0.07001819,0.0,0.8517442,2.2702065,0.0,0.3625773,0.0,0.17532213,0.0,2.4745586,2.751032,0.0,0.30570006,1.599704,0.0,0.0,2.7628038,1.7273887,1.8362094,0.0,0.0,0.0,0.0,0.0,0.0,0.0,0.0,2.2646322,0.0,0.38688803,0.10701398,0.0,0.0,2.0489025,0.0,0.0,0.0,1.5548654,0.0,0.0,0.0,0.2525187,0.7529768,0.0,0.0,0.0,0.0,1.356809,1.5708055,0.0,0.0,1.4017715,0.617639,0.0,0.15555209,0.056700952,0.0,0.0,1.95852,1.191325,1.8837435,2.2898688,0.0,0.0,0.033671495,2.620528,1.5738395,1.2358636,1.6652865,0.05118699,0.3396993,0.0,0.0,0.0,0.0,0.951384,1.794289,0.19909973,0.67718333,0.0,2.3636107,0.5864637,0.0,1.9194669,0.0,0.0,0.0,0.0,1.5273083,0.0,2.5917425,0.0,0.15925355,0.0,2.2205763,0.031060146,0.0,0.0,0.0,0.055116817,0.026400225,2.2684464,1.2664423,0.0,1.6348588,0.0,0.17458369,1.184763,0.0,0.0,0.0,0.0,0.0,0.0,0.0,0.0,0.0,1.3355228,0.0,0.0,0.0,0.90987045,0.0,0.0,1.0338295,0.0,0.0,0
0.0,0.07717712,0.0,0.9461201,2.073831,0.0,0.21076459,0.0,0.000993242,0.0,2.1040742,2.5137277,0.0,0.1767576,1.3369093,0.0,0.0,2.4898493,1.435531,1.7541894,0.0,0.0,0.0,0.0,0.0,0.020915847,0.0,0.0,1.747734,0.0,0.3695576,0.25642475,0.0,0.0,2.3459375,0.0,0.0,0.0,1.411909,0.0,0.0,0.0,0.43183592,0.65204906,0.0,0.0,0.0,0.0,1.142888,1.4106193,0.0,0.0,1.6687905,0.57526714,0.0,0.21177933,0.0,0.0,0.0,1.9081367,0.93393946,1.8450387,2.2117634,0.0,0.11707987,0.26527435,2.2817733,1.2699752,0.72054046,1.5203071,0.0,0.2375367,0.0,0.0,0.0,0.0,0.7215435,1.6482426,0.09844343,0.3880771,0.0,2.2196784,0.2958649,0.0,1.9393132,0.0,0.0,0.0,0.0,1.4151461,0.0,2.3964589,0.0,0.0,0.0,2.1200168,0.17151244,0.0,0.0,0.0,0.17170554,0.0,2.1724973,1.4435925,0.0,1.2774723,0.0,0.2918866,0.9852458,0.0,0.009008902,0.0,0.0,0.0,0.0,0.0,0.0,0.0,1.0965017,0.0,0.0,0.0,0.59931743,0.0,0.0,0.9165427,0.0,0.0,0
0.7262974,0.0,0.0,0.89215744,2.5132113,0.0,1.1187003,0.0,0.40686542,0.0,2.291057,2.3610432,0.0,0.8550998,1.4380274,0.0037242034,0.0,2.66767,1.7607489,2.2303813,0.0,0.0,0.0,0.0,0.0,0.06967059,0.0,0.0,1.6932621,0.037849013,0.062262665,0.0,0.3829065,0.0,2.1599915,0.0,0.0,0.0,1.5801913,0.0,0.44955754,0.0,0.6626158,0.6502651,0.0,0.0,0.0,0.0,1.659971,1.459668,0.055025,0.0,1.7275244,0.6728734,0.0,0.0006596723,0.2671322,0.11070679,0.34548405,2.195972,1.2315645,1.4178822,2.1582441,0.0,0.1389817,0.30977157,2.4258244,2.013164,1.4525595,1.9700179,0.26315698,0.0,0.0,0.0,0.0,0.0,0.8718689,2.4848404,0.0,0.60065657,0.0,2.1784036,0.3907866,0.0,1.6019958,0.0,0.0,0.0,0.0,1.3277934,0.0,2.509046,0.0,0.098077856,0.0,2.5510097,0.0,0.0,0.0,0.0,0.10343613,0.0,2.0173998,2.0479476,0.0,1.8985993,0.0,0.015530426,1.265483,0.0,0.0,0.1272094,0.0,0.0,0.0,0.0,0.0,0.0,1.0886589,0.0,0.0,0.0,0.56774217,0.0,0.0,1.2319983,0.0,0.0,0
0.6007768,0.0,0.0,0.80715036,2.6035047,0.0,1.0146953,0.0,0.29731265,0.0,2.3859894,2.5126624,0.0,0.5030232,1.6335595,0.0,0.0,2.5969112,1.6197073,2.1738286,0.0,0.0,0.0,0.0,0.0,0.1457552,0.0,0.0,1.5957379,0.0,0.07415038,0.042927377,0.21876888,0.0,2.1851475,0.0,0.0,0.0,1.4346868,0.0,0.28213292,0.0,0.6717993,0.6166443,0.0,0.0,0.0,0.0,1.4008248,1.5157719,0.013492388,0.0,1.6540176,0.35427827,0.0,0.026732294,0.0,0.0,0.0,2.3003273,1.2203821,1.4719447,2.2757847,0.0,0.0910805,0.0,2.5561938,1.7653352,1.2596267,1.7534007,0.26362666,0.1854972,0.0,0.0,0.0,0.0,0.9564937,2.345653,0.0,0.48732755,0.0,2.29468,0.32661912,0.0,1.9816834,0.0,0.0,0.0,0.0,1.4666482,0.0,2.4740202,0.0,0.014755142,0.0,2.542917,0.0,0.0,0.0,0.0,0.0376914,0.0,1.9554614,1.7891932,0.0,1.659905,0.0,0.071601994,1.0355443,0.0,0.0,0.092301525,0.0,0.0,0.0,0.0,0.0,0.0,1.5002767,0.0,0.0,0.0,0.71355397,0.0,0.0,0.9859808,0.0,0.0,0
0.28974015,0.0,0.0,0.93196046,2.8611355,0.0,0.3410687,0.0,0.04174759,0.0,2.4883227,2.7775035,0.0,0.19760555,1.360883,0.0,0.0,2.8216457,1.7309391,2.6952484,0.0,0.0,0.0,0.0,0.0,0.0,0.0,0.0,2.1537573,0.00434761,0.10730496,0.0,0.0,0.0,2.4117591,0.0,0.0,0.0,1.8999709,0.0,0.0,0.0,0.33894697,0.52241194,0.0,0.0,0.0,0.0,1.4049737,1.6635877,0.0,0.0,1.8077403,0.8677971,0.0,0.0,0.08183896,0.0,0.0,2.347651,1.0196408,1.881366,2.380508,0.0,0.093909755,0.0,3.1031601,1.8115271,1.2839988,2.2072978,0.0,0.27344844,0.0,0.0,0.0,0.0,1.2342848,2.8363268,0.0,0.696036,0.0,3.00634,0.48559242,0.0,2.3337195,0.0,0.0,0.0,0.0,1.7324353,0.0,2.9303448,0.0,0.0,0.0,2.9499645,0.2253834,0.0,0.0,0.0,0.016911866,0.0,2.47189,1.9165885,0.0,2.0973518,0.0,0.045152947,1.1687797,0.0,0.0,0.0,0.0,0.0,0.0,0.0,0.0,0.0,1.2659806,0.0,0.0,0.0,0.8055922,0.0,0.0,1.2154994,0.0,0.0,0
0.3857177,0.07793129,0.0,0.783744,2.8681755,0.0,0.21969432,0.0,0.0,0.0,2.52316,2.93781,0.0,0.25859472,1.9816954,0.0,0.0,3.1748974,1.8988566,2.593503,0.0,0.0,0.0,0.0,0.0,0.0,0.0,0.0,2.5985215,0.0,0.39085293,0.0,0.0,0.0,2.8770547,0.0,0.0,0.0,1.8245386,0.0,0.0,0.0,0.39174083,0.4200104,0.043485895,0.0,0.0,0.0,1.4193552,1.7502611,0.0,0.0,1.731307,0.55609214,0.0,0.0,0.120490216,0.0,0.0,2.4787722,1.3330184,2.320835,2.6577013,0.0,0.039330807,0.0,3.1625602,1.9307851,1.2842224,2.4893107,0.012344342,0.42647883,0.0,0.0,0.0,0.0,1.1247517,2.9782958,0.0,0.9415687,0.0,3.0742717,0.36326212,0.0,2.5609426,0.0,0.0,0.0,0.0,1.7838342,0.0,2.9517305,0.0,0.0,0.0,3.250309,0.20454824,0.0,0.0,0.0,0.0691383,0.0,2.6456232,2.0266402,0.0,2.291668,0.0,0.18407045,1.3914284,0.0,0.0,0.0,0.0,0.0,0.0,0.0,0.0,0.0,1.3428205,0.0,0.0,0.0,0.9056565,0.0,0.0,1.3380685,0.0,0.0,0
0.5250842,0.007830612,0.0,0.64101803,2.7135854,0.0,0.69145006,0.0,0.103067,0.0,2.5751994,2.9982111,0.0,0.23344302,1.9070988,0.0,0.0,3.317689,2.0469384,2.3305218,0.0,0.0,0.0,0.0,0.0,0.0,0.0,0.0,2.6010664,0.0,0.0,0.2075396,0.0,0.0,2.482167,0.0,0.0,0.0,1.7528831,0.0,0.0,0.0,0.597978,0.55340326,0.0,0.0,0.0,0.0,1.4901102,1.5666384,0.0,0.0,1.6505117,0.67042965,0.0,0.0,0.36327812,0.0,0.0,2.4403927,1.2732848,1.7558366,2.4949358,0.0,0.054099467,0.0,3.1652176,2.1739953,1.0656025,2.118419,0.0,0.35083014,0.0,0.0,0.0,0.0,1.0207307,2.7366061,0.042034745,0.7899333,0.0,2.9388444,0.6081049,0.0,2.0648272,0.0,0.0,0.0,0.0,1.7293115,0.0,3.0754373,0.0,0.3288904,0.0,3.0821443,0.030061083,0.0,0.0,0.0,0.1835152,0.0,2.299161,1.7521851,0.0,2.5154078,0.0,0.07006283,1.315626,0.0,0.0,0.0,0.0,0.0,0.0,0.0,0.0,0.0,1.2270936,0.0,0.0,0.0,0.7494689,0.0,0.0,1.1303247,0.0,0.0,0
0.6616124,0.026106656,0.0,0.64674735,3.1536086,0.0,0.5776977,0.0,0.038571972,0.0,2.7850163,3.0887315,0.0,0.57427144,1.6386861,0.0,0.0,3.2164795,2.033719,2.718952,0.0,0.0,0.0,0.0,0.0,0.0,0.0,0.0,2.4499683,0.032638986,0.09557766,0.0,0.0,0.0,2.7876487,0.0,0.0,0.0,1.9691356,0.0,0.0,0.0,0.25663334,0.7063672,0.0,0.0,0.0,0.0,1.85598,1.4080695,0.0,0.0,1.7565614,0.7822362,0.0,0.0,0.0,0.0,0.0,2.5217407,1.1995083,2.0261672,2.641035,0.0,0.0,0.0,3.4635613,2.2745838,1.5264257,2.255403,0.11160886,0.3046691,0.0,0.0,0.0,0.0,1.0576918,2.6394935,0.0,1.112438,0.0,3.0382483,0.31819358,0.0,2.1662726,0.0,0.0,0.0,0.0,1.9577528,0.0,3.4553323,0.0,0.23668137,0.0,3.2924416,0.17552227,0.0,0.0,0.0,0.08181861,0.0,2.3930604,2.0497034,0.0,2.4202557,0.0,0.32269186,1.4979244,0.0,0.0,0.0,0.0,0.0,0.0,0.0,0.0,0.0,1.0600655,0.0,0.0,0.0,1.0357189,0.0,0.0,1.3468692,0.0,0.0,0
1.125523,0.0,0.0,1.1015809,0.76650304,0.0,0.77145296,0.0,0.6080942,0.28489512,0.75427705,0.69321674,0.0,0.30047,0.44167984,0.8761087,0.0,1.4481176,1.0099409,0.88157004,0.79895663,0.0,0.73062307,1.0134937,0.018671414,0.6395824,0.0,0.5071943,0.79102534,0.0,0.0,0.7012511,0.91682523,0.0,1.1492077,0.0,0.3399467,0.4107911,0.571354,0.61116695,0.31302613,0.0,0.57051134,0.6594442,0.32610196,0.0,0.0,0.0,0.91887933,0.581728,0.053669386,0.0,0.7425404,0.8382986,0.7899005,0.51220775,0.6418939,0.14783254,0.8686483,0.5445024,0.8424236,0.7117308,0.50779206,0.0,0.82956845,0.616297,1.0398524,0.53547996,0.7072587,1.1114985,0.0,0.0,0.5075098,0.0,0.0,0.0,0.17617796,0.63459927,0.995989,0.23875849,0.2087321,0.77173436,0.9662359,0.0,0.22863701,0.0,0.014268909,0.058896538,0.97677153,0.36363867,0.4831465,1.3160635,0.0,0.9629512,0.0,0.7692203,0.27980426,0.0,0.37798944,0.0,0.0,1.1243236,0.7409475,0.70313865,0.0,0.7609462,0.092393465,0.16483611,0.9153665,0.5890451,0.0,0.37486553,0.0,0.0,0.026519204,0.0,0.0,0.7094775,0.1955419,0.6506138,0.5561501,0.0,0.3291744,0.63112223,0.0,0.8344017,0.0,0.5171534,1
0.46744952,0.0,0.0,0.72162724,2.062524,0.0,0.5948021,0.0,0.7565147,0.26132685,1.9900554,1.5676262,0.0,0.37819287,1.0805968,0.36292136,0.0,2.2037663,1.4052615,1.2983403,0.062752046,0.0,0.0,0.27086866,0.0,0.5311999,0.0,0.0,1.0896829,0.0,0.0,0.34179083,0.4458874,0.0,1.6419699,0.0,0.0,0.02892762,1.3911642,0.2363311,0.7854583,0.022156563,0.6819462,0.36304015,0.0,0.0,0.0,0.0,1.2809476,0.7462243,0.0,0.0,0.9526727,0.66806424,0.0,0.45534644,0.13635002,0.15420875,0.5737592,1.4810797,0.8530255,1.4026207,1.4382591,0.0,0.17325833,0.4413511,1.6766521,1.290722,1.0131248,1.2272228,0.03572389,0.0,0.19472858,0.0,0.0,0.0,0.7778148,2.187356,0.3852709,0.26844352,0.0,1.531228,0.37288553,0.0,0.9929711,0.0,0.0,0.0,0.0,0.926822,0.0,2.0873556,0.0,0.41283295,0.0,1.7014546,0.078737035,0.0,0.0,0.0,0.19608214,0.3356972,1.4773848,1.59582,0.0,1.2896292,0.0,0.0,1.1335492,0.10754994,0.0,0.22341852,0.0,0.0,0.1293644,0.0,0.0,0.0,0.9559618,0.0,0.0,0.0,0.4427012,0.30082148,0.0,1.0417565,0.0,0.38213772,0
0.832885,0.0,0.0,0.507477,1.4212265,0.0,0.73832285,0.0,0.46507356,0.56015056,1.7914602,1.4060766,0.0,0.29024482,0.95276845,0.743926,0.0,1.6964952,1.2493354,1.0535828,0.25146547,0.0,0.02595292,0.83625925,0.37902614,0.6154052,0.0,0.0,0.6757123,0.0,0.0,0.5016109,0.4123921,0.0,1.2529883,0.0,0.4504373,0.44915432,1.1639992,0.2209404,0.67187124,0.0,0.6093104,0.5219812,0.242582,0.0,0.0,0.0,1.8076646,1.0458173,0.0,0.0,0.8580728,0.83909804,0.1425825,0.50748265,0.31572178,0.44758248,0.68641216,1.3780493,1.0377386,1.1289501,0.7733364,0.0,0.6247254,0.506986,1.5809463,0.80573833,0.93587387,0.8288363,0.0,0.0,0.200241,0.0,0.0,0.0,0.7074666,1.5503982,0.89522487,0.6964962,0.529936,1.8548082,1.1016085,0.0,1.0623388,0.0,0.0,0.05292798,0.0,0.961608,0.284546,1.6771119,0.0,0.2175965,0.0,0.72579616,0.0,0.0,0.0,0.0,0.0,0.7466002,0.90257436,1.0728784,0.0,1.1380191,0.0,0.0,0.6994226,0.0,0.0,0.35450143,0.0,0.0,0.36267143,0.0,0.0,0.0,0.16312474,0.0,0.045801844,0.0,0.5351743,0.5006378,0.0,1.2382956,0.0,0.72019994,1
0.83098775,0.0,0.0,0.6009723,2.9009912,0.0,0.9321151,0.0,0.7470596,0.27217007,2.4204082,2.0870082,0.0,1.0713849,1.6508696,0.29298985,0.0,2.3543916,1.6125343,2.032946,0.24564007,0.0,0.0,0.12509494,0.0,0.47256514,0.0,0.0,1.3430219,0.0,0.0,0.17484696,0.8444994,0.0,1.7987257,0.0,0.19143777,0.18885922,1.70691,0.0,0.61829495,0.0,0.66509074,0.55468273,0.19904248,0.0,0.0,0.0,1.7247318,1.3021587,0.0,0.0,1.264657,0.6763858,0.0,0.26159266,0.26882672,0.21071634,0.45615435,1.854719,0.9861162,1.5647454,1.9306302,0.0,0.0,0.16184321,2.1547568,1.9680845,1.2896372,1.2506001,0.11980054,0.0,0.083234474,0.0,0.0,0.0,1.0226605,2.2510743,0.42669034,0.8633482,0.0,2.1322954,0.6442947,0.0,1.2801193,0.0,0.0,0.0,0.0,1.3979788,0.0,2.7838686,0.0,0.62287927,0.0,2.3218815,0.0130213145,0.0,0.0479842,0.0,0.013646336,0.37721947,1.2381382,1.7303467,0.0,2.0344055,0.0,0.0,1.1884023,0.0,0.0,0.29628074,0.0,0.0,0.0,0.0,0.0,0.0,0.8269334,0.0,0.0,0.0,0.5921088,0.07662488,0.0,1.1339638,0.0,0.1506829,0
0.8150577,0.0,0.0,0.7093355,2.497881,0.0,0.58150315,0.0,0.5045709,0.0,1.8060226,2.054772,0.0,0.6042768,1.0897818,0.23861313,0.0,2.246667,1.5179017,1.9257288,0.0,0.0,0.0,0.22023715,0.0,0.2718008,0.0,0.0,1.3977771,0.0,0.0,0.0,0.24348031,0.0,1.7357217,0.0,0.0,0.18931136,1.2827191,0.2348269,0.57768255,0.0,0.8797555,0.5606109,0.33184445,0.0,0.0,0.0,1.4439813,1.1698258,0.0,0.0,1.0910255,0.5640949,0.0,0.15724424,0.1324423,0.17061332,0.42281863,1.7086476,0.71926343,1.6500125,1.9580793,0.0,0.0,0.7059991,1.8733424,1.3085761,0.925876,1.3853018,0.0,0.0,0.0,0.0,0.0,0.0,0.99068147,1.7860941,0.30388612,0.49979797,0.0,1.7208617,0.28038904,0.0,1.1178609,0.0,0.0,0.0,0.0,0.87517864,0.0,2.440099,0.0,0.2915459,0.0,1.8561656,0.039932307,0.0,0.0,0.0,0.12956055,0.03616871,1.4584378,1.4424872,0.0,1.2928437,0.0,0.16606557,1.0264326,0.0,0.0,0.27167648,0.0,0.0,0.0,0.0,0.0,0.0,1.0677431,0.0,0.0,0.0,0.91871965,0.0,0.0,0.95418507,0.0,0.091277204,0
0.6030884,0.0,0.0,0.52629817,3.333149,0.0,1.2786002,0.0,0.48558158,0.0,2.6721098,2.3532104,0.0,0.8165096,1.8355122,0.0,0.0,2.666181,1.651885,2.6191978,0.0,0.0,0.0,0.0,0.0,0.27389672,0.0,0.0,1.4843261,0.0,0.0,0.0,0.09511879,0.0,1.9130718,0.0,0.0,0.0,1.3035852,0.0,0.5788476,0.0,0.80788887,0.23521504,0.0,0.0,0.0,0.0,1.8109035,1.6311464,0.1700392,0.0,1.4903209,0.30355698,0.0,0.0,0.31488207,0.07651786,0.0,2.414279,1.325015,1.438939,2.466745,0.0,0.0,0.31474316,2.7068331,1.7440283,1.334811,1.8470659,0.34300423,0.0,0.0,0.0,0.0,0.0,1.1252865,2.7517757,0.0,0.85371876,0.0,2.7078056,0.13749856,0.0,1.780732,0.0,0.0,0.0,0.0,1.4288367,0.0,2.9006772,0.0,0.0,0.0,2.7747757,0.0,0.0,0.0,0.0,0.21501333,0.0,1.9073627,1.8472703,0.0,1.7350678,0.0,0.02394662,1.23713,0.0,0.027957324,0.15869178,0.0,0.0,0.0,0.0,0.0,0.0,1.5972749,0.0,0.0,0.0,0.8137011,0.0,0.0,1.4558328,0.021155167,0.0,0
1.1482198,0.0,0.0,1.0798345,1.8224754,0.0,0.5915012,0.0,1.0728995,0.55383337,1.2264376,1.0224227,0.0,0.39613953,0.7991003,0.9269077,0.0,1.8625386,1.4395633,1.176792,1.4417793,0.040957186,0.48821202,0.6023149,0.0,0.80173004,0.0,0.31440023,1.0854876,0.0,0.0,1.012924,1.3824587,0.0,1.1339592,0.0,0.5803136,0.3818353,0.86225736,0.52837634,0.5337203,0.12509698,0.5143933,0.45997283,0.092764065,0.0,0.0,0.0,1.1753336,0.4332466,0.0,0.0,0.6362332,1.147139,0.23967534,0.55822146,0.88370305,0.30907822,0.6720893,1.1668662,0.7099416,1.0261588,0.7702107,0.0,0.3858162,0.061595056,1.1377221,1.1843039,0.6425041,1.2744079,0.01224418,0.0,0.80051816,0.0,0.0,0.0,0.79442775,2.1911669,1.0798521,0.6824638,0.024376262,0.8137375,0.7481181,0.0,0.5477966,0.0,0.0,0.26608825,0.2155179,0.8358106,0.10147733,1.6769044,0.0,0.93108505,0.0,1.091363,0.07852985,0.0,0.3472385,0.0,0.24668044,0.7343753,0.9533342,1.4179742,0.0,0.98382217,0.0,0.0,0.86536556,0.37247708,0.0,0.36792636,0.0,0.0,0.0075022224,0.0,0.0,0.61871743,0.7382325,0.49513638,0.13943884,0.0,0.07901985,0.59429985,0.0,0.3535522,0.0,0.54298484,1
0.36503142,0.0,0.0,1.0147822,2.044491,0.0,0.43022975,0.0,0.47107115,0.0,2.2178717,2.027628,0.0,0.24848509,1.5655136,0.00983403,0.0,2.2325222,1.4938977,1.3756688,0.0,0.0,0.0,0.050088037,0.0,0.46706077,0.0,0.0,1.4667861,0.0,0.0,0.12659495,0.0,0.0,1.7401145,0.0,0.0,0.0,1.4999522,0.06279885,0.27908242,0.0,0.7188055,0.61401796,0.29920086,0.0,0.0,0.0,1.5096942,1.0614902,0.0,0.0,1.3553292,0.51730275,0.0,0.061227407,0.0,0.0,0.30297095,1.6946694,0.9173392,1.4651775,1.8176458,0.0,0.0,0.49864125,2.4384665,1.3890587,1.3229736,1.690142,0.09735218,0.0,0.0,0.0,0.0,0.0,1.0067152,2.0362072,0.11728855,0.5655715,0.0,1.5928977,0.52601236,0.0,1.2064116,0.0,0.0,0.0,0.0,1.4590027,0.0,2.2915561,0.0,0.0445931,0.0,1.5521017,0.0,0.0,0.0,0.0,0.08226183,0.07270141,1.6489116,1.7753241,0.0,1.0910778,0.0,0.0,1.2354741,0.0,0.030117203,0.015674237,0.0,0.0,0.031717893,0.0,0.0,0.036297675,1.5452915,0.0,0.0,0.0,0.70940924,0.046975285,0.0,1.0800755,0.0,0.0,0
0.49257118,0.0,0.0,0.8370383,2.9654436,0.0,0.7139488,0.0,0.11556878,0.0,2.6145856,2.4648645,0.0,0.6756503,1.8111042,0.0,0.0,2.8428724,1.4634955,2.4297147,0.0,0.0,0.0,0.0,0.0,0.0,0.0,0.0,2.156051,0.0,0.087647706,0.0,0.0,0.0,2.5200639,0.0,0.0,0.0,1.6762708,0.0,0.03713457,0.0,0.83568114,0.620796,0.0,0.0,0.0,0.0,1.6270028,1.4821479,0.0,0.0,1.6280587,0.38335866,0.0,0.0,0.15662862,0.0,0.0,2.316965,1.0725181,1.5426856,2.5562797,0.0,0.0,0.0,2.9820995,2.122207,1.39359,2.1221573,0.20302086,0.0,0.0,0.0,0.0,0.0,1.1157004,2.7433317,0.0,0.6539497,0.0,2.9677727,0.18691058,0.0,2.1669097,0.0,0.0,0.0,0.0,1.777515,0.0,3.0160801,0.0,0.064961135,0.0,3.1734006,0.0,0.0,0.0,0.0,0.031214284,0.0,2.1850693,2.1914415,0.0,1.7884412,0.0,0.20745572,1.5188321,0.0,0.0,0.0,0.0,0.0,0.0,0.0,0.0,0.0,1.4864808,0.0,0.0,0.0,0.76786304,0.0,0.0,1.1422503,0.0,0.0,0
0.29636028,0.0,0.0,0.96561027,2.3285344,0.0,0.47210553,0.0,0.46587795,0.0,2.36385,2.3788476,0.0,0.5881318,1.7971867,0.0,0.0,2.6173253,1.6778977,2.0956044,0.0,0.0,0.0,0.0,0.0,0.0,0.0,0.0,1.8172933,0.0,0.0,0.0,0.0,0.0,2.1231012,0.0,0.0,0.0,1.489689,0.0,0.12634176,0.0,0.5631652,0.6055269,0.27083465,0.0,0.0,0.0,1.3182603,1.5799854,0.0,0.0,1.4356254,0.4268611,0.0,0.0,0.07570184,0.0,0.0,2.1137233,1.1326566,1.3780878,2.026356,0.0,0.0,0.0,2.703179,1.675639,1.5956417,2.1981533,0.24889018,0.037862416,0.0,0.0,0.0,0.0,0.9083994,2.5349572,0.0,0.4491214,0.0,2.243525,0.31021848,0.0,1.7053677,0.0,0.0,0.0,0.0,1.6594489,0.0,2.4965901,0.0,0.20549564,0.0,2.5616324,0.09613892,0.0,0.0,0.0,0.050367862,0.0,1.9190272,1.724465,0.0,1.5472554,0.0,0.22155872,1.298166,0.0,0.02247766,0.0,0.0,0.0,0.024272019,0.0,0.0,0.0,1.4846789,0.0,0.0,0.0,0.55795294,0.0,0.0,1.1564579,0.08673018,0.0,0
0.35303485,0.0,0.0,0.72571325,2.3792698,0.0,0.3388914,0.0,0.4661003,0.0,2.1132965,2.346981,0.0,0.18987894,1.6939845,0.0,0.0,2.509553,1.5319332,1.9248701,0.0,0.0,0.0,0.0,0.0,0.0,0.0,0.0,1.8518441,0.0,0.0,0.28373182,0.0,0.0,2.095735,0.0,0.0,0.0,1.7440369,0.0,0.083633415,0.0,0.4527913,0.37132472,0.0,0.0,0.0,0.0,1.5248652,1.3065317,0.0,0.0,1.3626082,0.6327434,0.0,0.19311586,0.1863416,0.0,0.009116783,1.7881688,0.97859806,1.504761,1.9888041,0.0,0.0,0.12947412,2.4327135,1.4952884,0.88066995,1.5552933,0.0,0.06758538,0.0,0.0,0.0,0.0,0.8744594,2.1467469,0.2655422,0.4806402,0.0,2.2429686,0.6630915,0.0,1.6749611,0.0,0.0,0.0,0.0,1.2187628,0.0,2.331081,0.0,0.0,0.0,2.2192786,0.0,0.0,0.0,0.0,0.20419359,0.0,1.9755133,1.7636572,0.0,1.5836518,0.0,0.15594809,1.1639462,0.0,0.0,0.0,0.0,0.0,0.0,0.0,0.0,0.0,0.94533086,0.0,0.0,0.0,0.62843674,0.0,0.0,1.2870027,0.0,0.0,0
0.18937506,0.0,0.0,0.78951436,2.5968468,0.0,0.56571484,0.0,0.0,0.0,2.5967004,2.678968,0.0,0.19629902,2.005682,0.0,0.0,2.8068097,1.4292443,2.2481039,0.0,0.0,0.0,0.0,0.0,0.25037897,0.0,0.0,2.13409,0.0,0.18253815,0.0,0.0,0.0,2.349403,0.0,0.0,0.0,1.739634,0.0,0.0,0.0,0.5759599,0.397911,0.0,0.0,0.0,0.0,1.4821149,1.4619231,0.0,0.0,1.527082,0.40087286,0.0,0.0,0.10953265,0.0,0.0,2.050796,1.3219299,1.8446294,2.4835935,0.0,0.0,0.21611777,2.8234544,1.6498481,1.2233274,1.713421,0.0,0.25301355,0.0,0.0,0.0,0.0,1.1912,2.2559607,0.0,0.34856027,0.0,2.8009624,0.6522446,0.0,1.9834504,0.0,0.0,0.0,0.0,1.577864,0.0,2.7387242,0.0,0.0,0.0,2.6396663,0.08168168,0.0,0.0,0.0,0.068577856,0.0,2.6278687,1.6424513,0.0,1.7084427,0.0,0.16490221,0.97909373,0.0,0.06631324,0.0,0.0,0.0,0.0,0.0,0.0,0.0,1.2489814,0.0,0.0,0.0,0.9273649,0.0,0.0,1.281815,0.0,0.0,0
0.09725488,0.0,0.0,0.8187276,1.7272222,0.0,0.4997333,0.0,0.13948156,0.01510513,1.3292595,1.0175797,0.0,0.0,0.63423467,0.5696589,0.0,1.8579396,0.6102646,1.459534,0.6238824,0.0,0.6191321,0.41879404,0.0,0.83591795,0.0,0.051709007,0.2042202,0.0,0.0,0.56819266,0.94013286,0.0,0.6940434,0.0,0.09250742,0.13218658,0.5453139,0.18424006,0.1115606,0.0,0.79608727,0.46617436,0.0190873,0.0,0.0,0.0,0.7252669,0.29022393,0.10073629,0.0,0.46049267,0.7427761,0.17324607,0.15117098,0.0,0.2049225,0.7822319,0.8433479,0.6930778,0.69268084,1.0848191,0.0,0.028378751,0.772765,1.2456115,0.7091915,0.6759956,0.98202133,0.0,0.0,0.0,0.0,0.0,0.0,0.53338146,1.4571705,0.33378544,0.0,0.0,1.0405096,0.36985442,0.0,0.4520032,0.0,0.0,0.0,0.17695658,0.8860955,0.35468498,1.6241629,0.0,0.026397174,0.0,0.9771926,0.0,0.0,0.51990384,0.0,0.27218854,0.45242897,0.8401886,0.9056174,0.0,0.3673979,0.03324458,0.0,0.9522671,0.5296233,0.4349516,0.24471469,0.0,0.0,0.32346228,0.0,0.0,0.5499365,0.3582702,0.4449557,0.0,0.0,0.42182854,0.73892593,0.0,0.6185149,0.0,0.07544529,1
0.87183845,0.0,0.0,0.8853373,2.0070033,0.0,0.15324661,0.0,0.96493524,0.5209962,1.5224417,1.7709984,0.0,0.32780218,1.1144469,0.8739373,0.0,2.314842,1.4793451,1.5999563,0.3363984,0.0,0.16896859,0.33617046,0.2151721,0.37873396,0.0,0.0,1.5029652,0.0,0.0,0.25524694,0.5667466,0.0,1.649793,0.0,0.021440951,0.32442722,1.4671905,0.7393044,0.6201636,0.0,0.58959514,0.2765452,0.44561335,0.0,0.0,0.0,1.0949758,0.8924496,0.0,0.0,0.88602436,0.6896528,0.1955013,0.32703465,0.008607827,0.6027328,0.5742689,1.6123643,0.6605205,1.3119204,1.5795822,0.0,0.1877096,0.70849943,1.6887181,1.3128774,0.59142625,1.3527188,0.0,0.0,0.38296887,0.0,0.0,0.0,0.7493022,1.96265,0.7435302,0.3424452,0.0,1.5383031,0.6872521,0.0,1.5835701,0.0,0.0,0.0,0.053352244,0.53958046,0.0,1.8358523,0.0,0.2995133,0.0,1.1910827,0.0,0.0,0.0,0.0,0.0,0.77510315,1.7557844,1.3123372,0.0,1.4420983,0.0,0.0,1.1052761,0.2167086,0.0,0.26669174,0.0,0.0,0.0,0.0,0.0,0.009500918,0.67760146,0.0,0.0,0.0,0.58675104,0.0,0.0,0.71130556,0.0,0.56226426,0
0.8471773,0.0,0.0,0.9025185,2.8506336,0.0,0.8828693,0.0,0.3541453,0.0,2.262998,2.435525,0.0,0.5603937,1.574545,0.0,0.0,2.610319,1.7084138,2.5896587,0.0,0.0,0.0,0.0,0.0,0.039704654,0.0,0.0,1.869257,0.0,0.0,0.0,0.5220628,0.0,2.1602504,0.0,0.0,0.0,1.5135988,0.0,0.13052328,0.0,0.6355645,0.6036059,0.08730093,0.0,0.0,0.0,1.5014777,1.2042884,0.0,0.0,1.3525723,0.61676896,0.0,0.0,0.10395459,0.0,0.0,2.1457272,0.66642433,1.6311663,2.312122,0.0,0.0,0.0,2.3389533,1.775413,1.060397,1.9610125,0.23958369,0.0,0.0,0.0,0.0,0.0,1.1840492,2.7008476,0.21708077,0.97549134,0.0,2.3382905,0.45744666,0.0,1.7454358,0.0,0.0,0.0,0.0,1.3648313,0.0,3.1187608,0.0,0.3211973,0.0,2.6843903,0.0,0.0,0.0,0.0,0.075748876,0.06277557,2.045368,2.0762923,0.0,1.8252238,0.0,0.1300328,1.2291578,0.0,0.0,0.16281193,0.0,0.0,0.0,0.0,0.0,0.0,0.82385856,0.0,0.0,0.0,0.8716508,0.0,0.0,0.92019546,0.0,0.15612459,0
0.79637975,0.0,0.0,0.82192,0.33636168,0.0,0.64972454,0.0,0.70714396,0.66961235,1.2348542,0.5849569,0.0,0.6194854,0.68224555,1.2906231,0.0,1.9737133,0.9322667,0.79989314,1.3134547,0.0,0.5207083,0.8026581,0.51483995,0.77060163,0.0,0.34589067,0.6742138,0.0,0.0,1.1811177,0.9016725,0.0,0.9638047,0.0,0.6902985,0.6221195,0.71838754,0.60612667,0.5512953,0.0,0.55735004,0.35605776,0.18945013,0.0,0.0,0.0,0.76053965,0.48234287,0.0,0.0,0.6082703,1.0047042,0.6937087,0.2953215,0.5709862,0.6051531,0.8722205,0.48247907,0.8949855,0.92529726,0.3490607,0.0,0.6169329,0.43499863,0.80256987,0.725923,0.3916385,0.37542945,0.0,0.0,0.55099,0.0,0.0,0.0,0.24722952,0.6233543,1.119491,0.49179155,0.20652658,0.45637742,0.7723443,0.0,0.29047105,0.0,0.0,0.0,0.63426495,0.5399415,0.5847592,1.2775096,0.0,1.1490549,0.0,0.78646135,0.47786322,0.0,0.50512904,0.0,0.058266103,0.9505809,0.50330514,0.5455733,0.0,0.91180027,0.0,0.0,0.82376695,0.53357387,0.0,0.4249174,0.0,0.0,0.5699575,0.0,0.0,0.4931683,0.18031406,0.68108773,0.7454195,0.0,0.0,1.3898934,0.0,0.72539717,0.0,0.76834315,1
0.7948543,0.0,0.0,0.2882765,2.575793,0.0,0.80397505,0.0,0.5080414,0.0,2.0029075,1.5173781,0.0,0.9453327,1.2638803,0.57834077,0.0,2.1736138,1.2619144,1.8179604,0.0,0.0,0.0,0.18347444,0.0,0.52505213,0.0,0.0,1.1180224,0.0,0.0,0.23972861,0.6279988,0.0,2.0393255,0.0,0.0,0.14287482,1.1241022,0.19843756,0.4294192,0.13328013,0.9616439,0.6098261,0.0,0.0,0.0,0.0,1.3886535,1.2805529,0.09798065,0.0,1.0755082,0.5071862,0.0,0.32128716,0.1867189,0.1532135,0.18160339,1.3727868,0.7574348,1.3969147,1.9150468,0.0,0.031800162,0.44588408,1.6425639,0.94921565,0.9403901,1.1303864,0.02541311,0.0,0.08347465,0.0,0.0,0.0,0.8090723,1.7289572,0.39183554,0.28819206,0.0,1.8456019,0.33537835,0.0,1.3878087,0.0,0.0,0.0,0.0,0.86774886,0.0,2.0933118,0.0,0.27168098,0.0,1.9606862,0.045185417,0.0,0.0,0.0,0.0,0.0,1.2579832,1.6417773,0.0,1.1679038,0.0,0.0,0.91118795,0.0,0.0,0.49858972,0.0,0.0,0.0,0.0,0.0,0.0,0.8891223,0.0,0.0,0.0,0.98943514,0.0,0.0,1.0246626,0.0,0.047402747,0
1.2054503,0.0,0.0,1.263995,0.25607085,0.0,0.667097,0.0,1.1000404,0.692635,0.09007895,0.0,0.0,0.27790287,0.0,1.6767159,0.0,1.6284714,0.7235441,0.0,1.5754291,0.94277596,1.2343882,1.3133594,0.14404488,0.6996653,0.0,1.2578115,0.0,0.0,0.0,1.5506914,1.3269691,0.0,0.31630826,0.29751414,1.0045972,0.8242606,0.35718974,0.9551228,0.37509316,0.05457991,0.41277245,0.64851564,0.1795843,0.0,0.0,0.0,0.69841737,0.17690793,0.0,0.0,0.32138658,1.6350737,1.502566,0.9094999,1.1346958,0.59861207,1.227741,0.0,0.45700166,0.66633594,0.081853926,0.0,1.008379,0.6660526,0.12344748,0.079413734,0.2940881,0.4755728,0.0,0.0,1.0057455,0.0,0.0,0.0,0.0,0.7938287,1.464488,0.35168552,0.13258217,0.024792818,0.7593006,0.0,0.0,0.0,0.0,0.24918608,1.1114558,0.08809838,1.1534691,0.6219343,0.0,1.04584,0.0,0.46874917,0.90475434,0.0,0.5641785,0.0,0.0,1.3646197,0.550412,0.46215823,0.0,0.6404883,0.56828165,0.11194458,0.8166336,1.1840258,0.002952735,0.26526055,0.0,0.0,0.2948242,0.0,0.0,0.9828224,0.21373154,1.1476966,0.9623077,0.0,0.038783334,1.1666716,0.0,0.35462925,0.0,0.6329992,1
0.95515597,0.0,0.0,0.6681004,2.5745826,0.0,1.0300281,0.0,0.68038267,0.27000868,1.9245147,2.2517755,0.0,0.58684886,1.1598605,0.51976407,0.0,2.462159,1.561969,1.82275,0.0,0.0,0.044910386,0.35291162,0.0,0.14377743,0.0,0.0,1.2722392,0.0,0.0,0.38187078,0.6141356,0.0,1.5971341,0.0,0.0,0.20568708,1.4494737,0.21758968,0.5790987,0.0,0.6598062,0.589126,0.0,0.0,0.0,0.0,1.497255,1.1272738,0.0,0.0,1.0753617,0.9421735,0.0,0.1493873,0.062490575,0.34741986,0.49335268,1.7902988,0.59510595,1.526467,1.633171,0.0,0.14247653,0.07144922,2.009397,1.4940985,0.83533466,1.4761225,0.0,0.0,0.0,0.0,0.0,0.0,0.9626948,2.4717493,0.5153306,1.0032414,0.0,2.0870833,0.5646128,0.0,1.5521214,0.0,0.0,0.0,0.0,1.0494391,0.0,2.2951899,0.0,0.2984657,0.0,1.8672965,0.0,0.0,0.0152036715,0.0,0.0,0.4687052,1.6597093,1.6261644,0.0,2.0180767,0.0,0.0,1.0516965,0.0,0.0,0.15992709,0.0,0.0,0.0,0.0,0.0,0.1554879,0.7765527,0.0,0.0,0.0,0.5757897,0.0,0.0,1.0780526,0.0,0.46296427,1
0.81398666,0.0,0.0,0.9115345,1.6271541,0.0,0.65898067,0.0,0.5622827,0.5356757,1.711476,1.6529281,0.0,0.5636748,0.9836643,0.5845964,0.0,2.2216341,1.2849061,1.4303945,0.26777068,0.0,0.041645885,0.58545566,0.11973394,0.32135668,0.0,0.0,1.0166155,0.0,0.0,0.5394874,0.48219824,0.0,1.0732931,0.0,0.40385985,0.40027127,1.3087128,0.3415363,0.42870963,0.0,0.4900807,0.66503084,0.28621852,0.0,0.0,0.0,1.7002877,1.0123873,0.0,0.0,0.9115566,1.1761553,0.07944798,0.36423242,0.33247772,0.45421714,0.42280853,1.3559436,1.0707849,1.6082095,1.2112803,0.0,0.3028199,0.15611254,1.7178015,1.3653693,0.9168302,1.0713313,0.0,0.0,0.20987236,0.0,0.0,0.0,0.9917156,1.8233296,0.81927556,0.89892524,0.110002056,1.9213743,1.029996,0.0,0.9379922,0.0,0.0,0.0,0.0,1.0798187,0.2849232,1.6516532,0.0,0.4734752,0.0,1.3648939,0.12265804,0.0,0.0,0.0,0.0,0.6556669,1.0772039,1.4147053,0.0,1.4813025,0.0,0.0,0.9737384,0.0,0.0,0.109784625,0.0,0.0,0.24390441,0.0,0.0,0.0,0.32906282,0.0,0.12734611,0.0,0.23878364,0.51702577,0.0,0.98993635,0.0,0.4802309,1
0.95301604,0.0,0.0,0.6647803,1.8358248,0.0,0.8210018,0.0,0.8418121,0.46376163,1.263616,1.6008897,0.0,0.22241867,1.1646712,0.91773194,0.0,1.9118863,1.3558201,1.558468,0.5653797,0.0,0.54822713,0.6750546,0.1860815,0.2514044,0.0,0.0,1.3058894,0.0,0.0,0.1244047,0.19835868,0.0,1.1720246,0.0,0.55903035,0.30057144,1.6580896,0.38397664,0.31939384,0.0,0.79882574,0.34584183,0.3980109,0.0,0.0,0.0,1.4560205,1.0525396,0.0,0.0,0.9337644,1.0184208,0.2628325,0.24683094,0.06869958,0.2749477,0.42828664,1.1727539,0.909358,1.3411443,0.9641171,0.0,0.41504955,0.16313991,1.6029304,1.3115423,0.7130832,1.1639198,0.0,0.0,0.27942815,0.0,0.0,0.0,0.9567327,1.9756355,0.6523581,0.64489603,0.10227999,2.04358,1.0271182,0.0,1.2125522,0.0,0.0,0.0,0.0,0.9005965,0.057354964,1.8783681,0.0,0.09806361,0.0,1.0936538,0.0,0.0,0.0,0.0,0.009503247,0.87063515,1.2796614,1.1971369,0.0,1.4708704,0.0,0.0,1.2008326,0.02646696,0.0,0.10288561,0.0,0.0,0.056810346,0.0,0.0,0.0,0.37882304,0.051110394,0.19891246,0.0,0.46055135,0.3724679,0.0,1.0800018,0.0,0.49236253,1
0.42936367,0.0,0.0,0.91908944,1.9046798,0.0,0.5413623,0.0,0.8908468,0.01738696,1.5710431,1.7484403,0.0,0.083031006,1.7254616,0.35999247,0.0,2.4487355,1.400272,1.4411045,0.083336994,0.0,0.097561955,0.27139044,0.0,0.2300316,0.0,0.0,1.5103804,0.0,0.0,0.35571492,0.3637078,0.0,1.6170238,0.0,0.14178495,0.26440376,1.297511,0.43930486,0.23786075,0.0,0.6586451,0.6844537,0.09031816,0.0,0.0,0.0,1.1800951,1.088177,0.0,0.0,1.1565479,0.8396835,0.0,0.18941799,0.16817774,0.063498415,0.49899548,1.7680914,0.6210029,1.1455702,1.5003693,0.0,0.09592304,0.42009363,1.8777966,1.059653,0.95115864,1.8212831,0.0,0.0,0.0,0.0,0.0,0.0,0.93550175,2.4018846,0.6379091,0.1974353,0.0,1.6401203,0.58090556,0.0,1.4511766,0.0,0.0,0.0,0.0,1.136631,0.33981687,1.5684621,0.0,0.09988468,0.0,1.6695219,0.14800376,0.0,0.0,0.0,0.06789392,0.23850526,1.6863588,1.6711912,0.0,1.4020015,0.0,0.0,0.81872624,0.20911156,0.0,0.02746788,0.0,0.0,0.0,0.0,0.0,0.14381653,1.1124223,0.0,0.0,0.0,0.58698577,0.016133107,0.0,1.0374911,0.0,0.15681091,1
1.1244115,0.0,0.0,0.3920275,1.9512528,0.0,1.0018208,0.0,0.7692661,0.4376176,1.7687976,1.4247031,0.0,0.71937937,0.7062193,1.0962468,0.0,2.150235,1.2977751,1.5521119,0.14628996,0.0,0.11684474,0.6398618,0.40693405,0.59925306,0.0,0.08333968,0.94675374,0.0,0.0,0.38641295,0.6710398,0.0,1.5823016,0.0,0.08573334,0.33443004,1.5831416,0.6568804,0.82879263,0.25362894,0.64489496,0.27972496,0.2605695,0.0,0.0,0.0,1.4820348,0.9746604,0.0,0.0,1.2972682,0.60942024,0.1834563,0.47236636,0.0,0.47362632,0.55110514,1.4093367,0.7602393,1.2217038,0.8613474,0.0,0.39202243,0.32940754,1.3581978,1.0800108,0.31741512,0.8570611,0.01759754,0.0,0.3080475,0.0,0.0,0.0,0.6175591,1.5971586,0.5989002,0.80377156,0.20282647,1.7498654,0.8297001,0.0,1.3496791,0.0,0.0,0.09584499,0.057654597,0.89414424,0.070976615,2.29205,0.0,0.5907884,0.0,1.6192657,0.08476285,0.0,0.003578143,0.0,0.0,1.0156697,1.2218238,1.5297375,0.0,1.4881119,0.0,0.14092474,1.1932548,0.0,0.0,0.9219479,0.0,0.0,0.094776906,0.0,0.0,0.0,0.22413446,0.0,0.0,0.0,0.84769183,0.56738096,0.0,1.2546153,0.0,0.44736522,1
0.61490536,0.0,0.0,0.5814936,1.3224574,0.0,0.67329603,0.0,0.95564055,0.43725765,1.1992693,1.1398242,0.0,0.24269521,1.1278988,0.89378816,0.0,1.9120476,0.7373351,1.1410807,1.1206847,0.0,0.36975834,0.47689578,0.050533276,0.68629444,0.0,0.3886872,0.61500156,0.0,0.0,1.0365664,0.72282565,0.0,0.99743557,0.0,0.30728975,0.29816064,0.7236814,0.28519705,0.54908943,0.0,0.6409458,0.38246417,0.0,0.0,0.0,0.0,0.9202153,0.73445874,0.037496638,0.0,0.8525158,0.64790154,0.34596753,0.31735066,0.56928045,0.17445081,0.7414089,1.1133713,0.9148785,0.77034366,0.5793483,0.0,0.37265646,0.08865634,1.1880909,0.6791233,0.62634206,0.61395574,0.0,0.0,0.28177115,0.0,0.0,0.0,0.6312843,1.6112679,0.51004577,0.13727948,0.0,1.1672093,0.7132818,0.0,0.675584,0.0,0.0,0.0,0.05415813,0.51378363,0.21213132,1.2014381,0.0,0.39838296,0.0,1.2814122,0.0,0.0,0.124258295,0.0,0.13882014,0.41569254,0.9241854,1.3358009,0.0,0.77052015,0.0,0.0,0.7208618,0.26152647,0.26124752,0.43182424,0.0,0.0,0.23009154,0.0,0.0,0.3685476,0.7771604,0.18340194,0.029434372,0.0,0.07329767,0.23900633,0.0,0.7332883,0.0,0.010609321,1
0.67678696,0.0,0.0,0.79631245,2.170749,0.0,0.47110024,0.0,0.4299233,0.4394799,1.9674467,2.297072,0.0,0.23414159,1.4144073,0.3582953,0.0,2.3982701,1.4789116,1.63716,0.0,0.0,0.0,0.062736556,0.3092545,0.6978059,0.0,0.0,1.4508574,0.0,0.0,0.40724626,0.2553884,0.0,1.4538234,0.0,0.0,0.14435294,1.7716782,1.0508008,0.38988626,0.0,0.60996264,0.54082423,0.0,0.0,0.0,0.0,1.6385782,1.0979522,0.0,0.0,1.0530072,0.7747839,0.0,0.2915205,0.0,0.15462413,0.63823384,1.3467644,0.7747417,1.8234168,1.752415,0.0,0.3160788,0.5851052,1.6674781,1.4314994,0.7401802,1.1874771,0.0,0.0,0.0,0.0,0.0,0.0,0.73892236,1.8182981,0.6712768,0.4145599,0.0,2.0888267,0.9030641,0.0,1.0773256,0.0,0.0,0.0,0.07872818,1.0628234,0.03698135,1.9907223,0.0,0.20160083,0.0,1.6173368,0.0,0.0,0.0,0.0,0.0,0.480922,1.5924845,1.4856263,0.0,1.802433,0.0,0.0,0.8877241,0.0,0.0,0.22647357,0.0,0.0,0.0,0.0,0.0,0.20520198,1.1439403,0.0,0.0,0.0,1.0022441,0.18255226,0.0,1.0042535,0.0,0.59643763,1
0.6047367,0.0,0.0,0.5152391,2.7537374,0.0,0.5841364,0.0,0.5689889,0.0,2.0219889,2.3392355,0.0,0.17927277,1.4492149,0.0,0.0,2.4543183,1.3192054,1.9822778,0.0,0.0,0.0,0.0,0.0,0.0,0.0,0.0,1.4718006,0.0,0.0,0.064522035,0.11281948,0.0,1.6964273,0.0,0.0,0.0,1.5926923,0.31150928,0.026725167,0.0,0.9143507,0.4326326,0.0,0.0,0.0,0.0,1.3310944,1.0787042,0.0,0.0,0.9328328,0.6355279,0.0,0.20755756,0.0,0.0,0.2951978,1.7113606,0.502878,1.6601659,1.7542367,0.0,0.0,0.13432813,2.1150243,1.3179308,0.902624,1.8050758,0.0,0.21093215,0.0,0.0,0.0,0.0,1.1602042,2.5629559,0.09878931,0.5993932,0.0,2.3987365,0.6751033,0.0,1.5264575,0.0,0.0,0.0,0.0,1.1620787,0.0,2.1778076,0.0,0.0,0.0,1.7496096,0.052927207,0.0,0.0,0.0,0.0,0.048003808,2.255366,1.6007613,0.0,1.713007,0.0,0.0,1.0196688,0.0,0.0,0.0,0.0,0.0,0.0,0.0,0.0,0.0,1.0523361,0.0,0.0,0.0,0.8049229,0.0,0.0,0.8200221,0.0,0.0,0
0.51989734,0.0,0.0,0.6040103,2.235079,0.0,0.2585237,0.0,0.42868385,0.0,1.9562083,2.0006464,0.0,0.34228194,1.2714679,0.24995968,0.0,1.8827132,1.2028484,1.4232033,0.0,0.0,0.0,0.0075629232,0.0,0.48916757,0.0,0.0,1.3889351,0.0,0.0,0.32650208,0.0,0.0,1.6439434,0.0,0.0,0.18789673,1.6456431,0.6439148,0.19539735,0.0,0.8365399,0.40788442,0.0,0.0,0.0,0.0,1.557005,1.3493409,0.0,0.0,0.9545443,0.69475806,0.0,0.15367511,0.22131836,0.2495343,0.33056146,1.6254807,1.0205995,1.9930487,1.9213793,0.0,0.0,0.76467645,1.8719383,1.3590295,0.96250004,1.345061,0.0,0.0077132694,0.0,0.0,0.0,0.0,0.81998235,1.6626334,0.37712607,0.5257525,0.0,1.9474463,0.81543773,0.0,1.4140874,0.0,0.0,0.0,0.0,1.2406592,0.027795114,1.7470472,0.0,0.0,0.0,1.6486467,0.15398137,0.0,0.0,0.0,0.0,0.0,1.7328315,1.1819521,0.0,1.3373638,0.0,0.0022009308,0.76686466,0.0,0.0,0.24974693,0.0,0.0,0.0,0.0,0.0,0.056792136,0.9715303,0.0,0.0,0.0,0.8488974,0.16986784,0.0,0.9320106,0.0,0.07311445,0
