0,1,2,3,4,5,6,7,8,9,10,11,12,13,14,15,16,17,18,19,20,21,22,23,24,25,26,27,28,29,30,31,32,33,34,35,36,37,38,39,40,41,42,43,44,45,46,47,48,49,50,51,52,53,54,55,56,57,58,59,60,61,62,63,64,65,66,67,68,69,70,71,72,73,74,75,76,77,78,79,80,81,82,83,84,85,86,87,88,89,90,91,92,93,94,95,96,97,98,99,100,101,102,103,104,105,106,107,108,109,110,111,112,113,114,115,116,117,118,119,120,121,122,123,124,125,126,127,label
0.2749704,0.7666099,0.20815617,0.0,1.6899266,0.3533068,0.31967813,0.0,1.4417729,0.0,1.0589865,0.0,1.8011712,0.0,2.1895497,0.22638173,0.5351838,0.0,0.0,0.77474344,0.6572413,0.0,0.7273623,0.0,0.0,1.0197793,1.4446341,0.0,0.671851,0.0,0.0,0.79317975,0.0,2.0975718,0.0,1.726354,0.0,0.0,0.0,0.0,1.8716607,0.0,0.20626244,0.0,0.0,1.2600808,1.0030776,0.0,0.0,0.0,0.0,2.017931,0.8050421,0.74379796,1.2099975,0.0,0.0,0.7194782,0.10779422,0.0,0.27966657,0.0,0.3048213,0.99467707,0.0,0.0,0.08223099,0.7142412,0.0,0.0,0.68062437,0.0,0.0,0.0,0.0,0.7943864,0.0,0.0,0.0,0.0,1.5479364,0.0,0.0,0.0,2.0057395,0.43883827,0.0,0.0,0.0,0.0,0.019232482,0.103639945,0.0,0.0,0.0,0.44201046,2.1605506,0.0,0.0,1.0146531,0.5683063,0.8334961,0.0,1.5159585,1.5553167,1.7166092,0.0,2.9410443,1.4645792,1.3707645,1.1824753,0.26397157,0.0,0.0,0.0,0.0,1.3122112,0.20255925,0.25976336,1.9246123,0.0785954,0.3105647,0.54256964,0.0,0.0,0.0,0.0,0.0,1
0.0,1.2889966,1.1463448,0.0,1.0782018,0.94057244,1.0896497,0.0,0.90246224,0.0,1.1135441,0.0,1.1602179,0.0,1.1841784,0.5063893,0.30760756,0.0,0.0,0.261871,0.09530847,0.0,1.1102577,0.0,0.0,0.0,1.5603939,0.1274129,1.3428645,0.0,0.9090035,1.3618486,0.0,2.3317544,0.0,1.482974,0.0,0.0,0.0,0.0,1.0117472,0.0,0.4886306,0.71013933,0.0,0.25427908,0.4939161,0.0,0.0,0.0,0.0,1.2686344,0.30052826,1.0987974,0.55776983,0.0,0.0,0.570703,0.026206842,0.0,0.45645824,0.0,0.7289697,0.8399953,0.0,0.0,1.074796,0.84598064,0.0,0.0,0.6781493,0.06384504,0.0,0.6035108,0.0,0.41064188,0.0,0.4557888,0.0,0.0,1.5523652,0.0,0.0,1.4343994,0.74791193,0.98722225,0.0,0.0,0.0,0.0,0.0,0.39433423,0.0,0.0,0.0,0.045838438,2.248838,0.0,0.0,0.49499553,0.49314657,0.68060875,0.0,0.8337254,2.0801148,0.67562234,0.0,1.067132,1.915411,0.42217237,0.34726545,0.16219419,0.0,0.72919333,0.0,0.0,0.88476497,0.6277803,0.34906286,0.780685,0.48562875,0.0,0.2344197,0.0,0.0,0.91069007,0.0,0.0,1
0.0,0.92132896,0.92641264,0.0,0.7920166,0.98382425,0.67668605,0.0,0.35758787,0.0,0.60041493,0.0,1.6819057,0.0,0.14873387,0.3430469,0.32234222,0.0,0.0,1.0397751,0.07891292,0.0,0.2699021,0.0,0.0,0.0,0.877766,1.0182694,1.4812783,0.0,0.383463,1.6962491,0.0,1.2018489,0.28749517,0.32793343,0.0,0.0,0.5132275,0.0,1.2508289,0.0,0.70761764,1.2435654,0.0,0.14732236,1.493594,0.0,0.0,0.0,0.22203255,0.48797172,1.0378733,0.714894,0.96979743,0.0,0.0,0.0,0.9418425,0.0,0.0,0.0,0.7904071,0.48608857,0.9941275,0.0,1.342066,0.7672031,0.0,0.0,1.388978,0.211561,0.0,0.6646317,0.0,0.044343963,0.0,0.0,0.0,0.0,0.89653456,0.01335725,0.0,1.6437616,0.4051284,0.7928981,0.0,0.0,0.0,0.0,0.0,1.1654595,0.0,0.0,0.0,0.024339056,2.705654,0.0,0.0,0.0,0.32809636,0.67349,0.0,0.262968,2.3956366,0.0,0.0,0.50430423,0.8931801,0.31088835,0.0,0.0,0.0,0.75389534,0.0,0.0,0.33183265,0.21680278,0.2701053,0.0860101,0.47594994,0.021639228,1.0542072,0.0,0.0,0.27650988,0.40682572,0.0,0
0.0,0.5963073,0.26200524,0.0,1.1715224,0.56184065,0.52833056,0.0,0.8376569,0.0,0.82036597,0.0,1.1761649,0.0,0.8666244,0.33604372,0.65507954,0.0,0.0,0.6433546,0.40654114,0.0,0.3224785,0.0,0.0,0.19084041,1.4348036,0.4582309,1.010773,0.0,0.0,1.3251021,0.0,1.7875823,0.0,1.1791849,0.0,0.0,0.072068,0.0,1.3684276,0.0,0.0364696,0.47660416,0.0,0.58298516,0.8960844,0.12700753,0.0,0.0,0.05204578,1.7580293,0.7347375,0.73152125,0.6882324,0.0,0.0,0.6267625,0.099953406,0.0,0.85019433,0.0,0.47412622,0.72050136,0.5884791,0.0,0.9192693,0.8870527,0.0,0.0,0.43055317,0.0,0.0,0.60006213,0.0,0.23779453,0.0,0.0,0.0,0.0,1.414695,0.0,0.0,0.8015234,0.91954947,0.6786862,0.0,0.0,0.0,0.0,0.0,0.25979295,0.0,0.0,0.0,0.62739444,1.6376787,0.0,0.0,0.5985788,0.62443507,1.141163,0.0,0.22230336,1.8412813,0.9813747,0.0,1.5423148,0.6760068,0.9031488,0.04358651,0.12540951,0.0,0.83999735,0.0,0.0,1.0753736,0.22358458,0.0,0.7929332,0.43553653,0.0,0.34540588,0.0,0.0,0.35373846,0.21179515,0.0,1
0.0,1.4181207,1.4400201,0.0,0.17587318,1.0938251,1.3052509,0.0,0.16095248,0.0,0.009396812,0.0,1.946279,0.0,0.0,0.72204554,0.045435622,0.0,0.0,1.4464707,0.0,0.0,0.65260494,0.0,0.0,0.0,0.53185874,1.0488571,1.3725953,0.0,0.5193786,1.676699,0.0,0.98322636,0.3909619,0.056007,0.0,0.0,0.42854908,0.0,0.44544253,0.0,1.0765548,1.0971161,0.0,0.0,0.89521444,0.18590826,0.0,0.0,0.2681919,0.0,0.9593501,0.3653724,1.2052898,0.0,0.0,0.059504014,0.98019266,0.0,0.08734912,0.0,0.64977235,0.0,1.1736633,0.0,1.54694,0.23480214,0.0,0.0,1.2236952,0.62306386,0.0,0.8203982,0.0,0.044320777,0.0,0.04501158,0.0,0.0,1.1389575,0.0,0.0,1.8830758,0.18640605,0.87565106,0.0,0.0,0.0,0.1392469,0.13392597,1.2394291,0.0,0.0,0.0,0.0,2.6376429,0.0,0.0,0.0,0.4229332,0.41149524,0.0,0.6179368,2.4108756,0.0,0.0,0.28530878,1.2096313,0.0,0.0,0.0,0.0,0.94994754,0.0,0.0,0.9281349,0.4860642,0.47647145,0.0,0.0,0.35974032,1.3287547,0.0,0.0,0.60390866,0.30354467,0.0,0
0.0,1.441215,1.5387913,0.0,0.0,1.4965665,1.4114261,0.0,0.0,0.0,0.0,0.0,2.247893,0.0,0.14329125,0.48910412,0.0,0.0,0.0,1.287367,0.0727427,0.0,0.40376416,0.0,0.0,0.0,0.5117937,0.8643586,1.1117108,0.0,0.8618993,1.6651626,0.0,1.1515785,0.32127398,0.029288491,0.0,0.0,0.35628408,0.0,0.704104,0.0,0.94642067,1.3601207,0.0,0.0,1.1979886,0.14175996,0.0,0.0,0.18819714,0.0,0.83453774,0.22392152,1.2843169,0.0,0.0,0.3752009,0.9312962,0.0,0.3822003,0.0,1.1195209,0.08368177,0.9783049,0.0,1.4858358,0.26663598,0.0,0.0,1.2450768,0.43745092,0.0,0.7067309,0.0,0.0,0.0,0.0,0.0,0.0,0.9723943,0.0,0.0,2.037458,0.13892108,1.0414611,0.0,0.0,0.0,0.0,0.23310506,1.2468435,0.0,0.0,0.0,0.0,3.31071,0.0,0.0,0.0,0.35266918,0.40917456,0.0,0.6182527,2.478211,0.0026806085,0.0,0.43691152,0.85153145,0.0,0.0,0.0,0.0,1.275261,0.0,0.0,1.090329,0.48189342,0.47598818,0.0,0.0,0.17555805,1.4731847,0.0,0.0,0.6670791,0.2544861,0.0,0
0.0,0.22351103,0.5996459,0.0,1.2807463,1.071742,0.482193,0.0,0.8677572,0.0,1.0757275,0.0,1.0224601,0.0,0.75514865,0.0,0.9642295,0.0,0.0,0.6661214,0.10319422,0.0,0.6930276,0.0,0.0,0.277086,1.5949103,0.37691784,1.2238016,0.0,0.0,1.3977578,0.0,1.8257134,0.0,0.7990757,0.0,0.0,0.0,0.0,1.4129685,0.0,0.3712621,0.94971955,0.0,0.6295427,0.8476343,0.0,0.0,0.079737365,0.0,1.517841,0.753929,1.1396661,0.67781895,0.0,0.0,0.59439754,0.22381577,0.0,0.7094124,0.0,0.47410128,1.1832179,0.4912764,0.0,0.5108837,1.2475325,0.0,0.0,0.92085296,0.0,0.0,0.78994465,0.0,0.35671958,0.0,0.0,0.0,0.0,1.405489,0.0,0.0,0.75156546,0.67184263,0.41533265,0.0,0.0,0.0,0.0,0.0,0.009068054,0.0,0.0,0.0,0.4221481,1.7107557,0.0,0.0,0.503074,0.31541166,0.83437943,0.0,0.0,1.6888056,0.5292009,0.0,1.2906195,0.9592685,0.6241981,0.1369487,0.0,0.0,1.3393885,0.0,0.0,1.0531709,0.45152596,0.0,0.75207585,0.6536111,0.018438429,0.48518252,0.0,0.0,0.4925569,0.09163462,0.0,1
0.0,0.618703,0.88079304,0.0,1.0025586,0.6387558,0.0,0.0,0.9050882,0.0,0.95886195,0.0,1.4701672,0.0,0.809656,0.020337865,1.1923883,0.16583373,0.0,0.25132853,0.56371844,0.0,0.5992993,0.0,0.0,0.03737316,2.0879204,0.0,1.1079974,0.0,0.0,1.4177114,0.0,2.0905433,0.0,0.8717691,0.0,0.0,0.0,0.0,0.79545593,0.0,0.0,0.34819776,0.0,0.6109377,0.55273044,0.030145654,0.0,0.07289989,0.086006925,1.4068466,0.37315002,0.7876708,0.75538975,0.0,0.0,0.87560296,0.0,0.0,0.829708,0.0,0.3667909,0.7829672,0.19489363,0.0,0.23460992,1.2830055,0.0,0.0,0.042425558,0.0,0.0,0.9404504,0.27414683,0.15740919,0.0,0.0,0.0,0.0,1.4117361,0.0,0.0,0.67438364,0.6348307,0.30427653,0.0,0.0,0.0,0.0,0.0,0.0,0.0,0.0,0.0,0.47940823,1.4453056,0.0,0.0,1.1015488,0.5448629,1.0723118,0.0,0.033093397,1.2795027,1.0022738,0.0,1.3561604,0.52048653,0.461778,0.27081218,0.11415031,0.0,1.2559286,0.0,0.0,1.475721,0.45582286,0.0,0.62928236,0.9415247,0.0056600864,0.0,0.0,0.0,0.5776737,0.22699115,0.0,1
0.0,1.2418351,1.4859458,0.0,0.0,1.2373513,0.42049655,0.0,0.57789385,0.0,0.61031693,0.0,1.594012,0.0,0.3490379,0.10989776,0.045463964,0.05280956,0.0,0.62368566,0.0371958,0.0,0.5053253,0.0,0.0,0.0,1.1472715,0.6561461,1.4227448,0.0,0.36326492,1.4217131,0.0,1.2743766,0.01836003,0.15249299,0.0,0.0,0.0,0.0,0.9760611,0.0,0.5504853,1.313161,0.0,0.18551317,1.0846831,0.4071106,0.0,0.0,0.08312529,0.2503845,0.8670817,0.58778137,1.1338123,0.0,0.0,0.42177504,0.61370814,0.0,0.553797,0.0,0.5266979,0.66970795,1.0143214,0.0,1.0808591,0.7575101,0.0,0.0,1.2193657,0.0,0.0,0.9001809,0.0,0.0,0.0,0.0,0.0,0.0,1.423076,0.0,0.0,1.2132545,0.56063116,0.5279191,0.0,0.0,0.0,0.0,0.0,0.5467458,0.0,0.0,0.0,0.28393453,2.873029,0.0,0.0,0.29168335,0.28748965,0.66341186,0.0,0.35474637,2.2187562,0.07208859,0.0,1.0516146,0.54865164,0.0,0.20370618,0.0,0.0,1.4183217,0.0,0.0,1.5186073,0.21884929,0.19250871,0.46067932,0.1555275,0.4853051,1.1210685,0.0,0.0,0.7005363,0.0,0.0,1
0.0,0.94966966,1.3150828,0.0,0.2979322,1.420459,0.63147247,0.0,0.381843,0.0,0.38491198,0.0,1.702755,0.0,0.31619442,0.19096461,0.37141976,0.0,0.0,0.8268332,0.32476473,0.0,0.6978964,0.0,0.0,0.0,1.0772964,0.6251023,1.0323255,0.0,0.48055807,1.5369525,0.0,1.2663997,0.0,0.42784822,0.0,0.0,0.0,0.0,0.6413234,0.0,0.63859606,0.89885485,0.0,0.0,1.0663321,0.44879285,0.0,0.0,0.44501346,0.27176523,0.40568033,1.1462694,1.1819761,0.0,0.0,0.6196951,0.2244167,0.0,0.45686072,0.0,0.6588968,0.43801835,1.0594453,0.0,0.62594914,1.0183878,0.0,0.0,1.1681142,0.08585479,0.0,0.854352,0.0,0.0,0.0,0.06614965,0.0,0.0,1.5440099,0.0,0.0,1.5140557,0.6083467,0.46399054,0.0,0.0,0.0,0.0,0.0,0.12374519,0.0,0.0,0.0,0.085748136,3.0871058,0.0,0.0,0.30794272,0.42575496,0.8827722,0.0,0.30754134,1.9292556,0.65619826,0.0,0.82667464,0.968784,0.16289155,0.08119192,0.0,0.0,1.5086949,0.0,0.0,1.5469401,0.5033392,0.123803854,0.40350345,0.0,0.45500785,0.91274047,0.0,0.0,0.536342,0.044505533,0.0,1
0.0,0.6920232,1.1933987,0.0,0.7097227,1.13713,0.37373438,0.0,0.69687986,0.0,0.8906699,0.0,1.4795523,0.0,0.59216607,0.067703724,0.65625954,0.0,0.0,0.48046806,0.35614315,0.0,0.7584803,0.0,0.0,0.12232275,1.4993974,0.5933156,1.1124351,0.0,0.0242931,1.2877245,0.0,1.521885,0.0,0.75519043,0.0,0.0,0.048515774,0.0,0.57768875,0.0,0.3697357,0.43658295,0.0,0.12848796,0.8000567,0.24128886,0.0,0.0,0.1530489,0.9302261,0.98341966,1.1263448,0.798332,0.0,0.0,0.7621885,0.1350578,0.0,0.8240557,0.0,0.5946368,0.54694414,0.8121839,0.0,0.13418695,1.1555967,0.0,0.0,0.841588,0.23782644,0.0,0.80119264,0.1977285,0.0,0.0,0.09268063,0.0,0.0,1.1000096,0.0,0.0,1.34116,0.6267401,0.38783732,0.0,0.0,0.0,0.0,0.0,0.027330799,0.0,0.0,0.0,0.52560234,1.955058,0.0,0.0,0.61035746,0.50167733,1.1049725,0.0,0.10733509,1.7797669,0.55522287,0.0,1.2787375,1.0039432,0.29602864,0.21484056,0.0,0.0,1.2891248,0.0,0.0,1.2601925,0.32199028,0.0,0.5663109,0.46739972,0.112315536,0.36169067,0.0,0.0,0.66884255,0.0,0.0,1
0.0,0.71617836,0.89401317,0.0,0.78536093,0.7382908,0.4928275,0.0,0.7738466,0.0,1.0438596,0.0,1.1091931,0.0,0.79837155,0.4115305,0.580037,0.0,0.0,0.7168134,0.006853825,0.0,0.3497183,0.0,0.0,0.27815607,1.2858914,0.5378882,1.1594172,0.0,0.0,1.507622,0.0,1.7778304,0.0,0.8949977,0.0,0.0,0.0148134,0.0,1.1162969,0.0,0.4628946,0.691643,0.0,0.25872287,0.91492903,0.0,0.0,0.102577075,0.0,1.5339624,0.94538045,0.91175556,0.74458075,0.0,0.0,0.34673122,0.48142463,0.0,0.9224198,0.0,0.36549857,0.6046708,0.756697,0.0,0.71642095,0.84023756,0.0,0.0,0.93492997,0.18468769,0.0,0.6412977,0.0,0.19643192,0.0,0.0,0.0,0.0,1.2652321,0.0,0.0,0.9797951,0.67014736,0.17890652,0.0,0.0,0.0,0.0,0.0,0.13749228,0.0,0.0,0.0,0.38959345,1.7726622,0.0,0.0,0.5300666,0.44628897,0.8898389,0.0,0.31568435,1.8926334,0.60243267,0.0,1.2703677,0.8432405,0.7073264,0.0,0.05640232,0.0,0.9793484,0.0,0.0,1.2611306,0.0,0.08112643,0.5845645,0.43647698,0.3844379,0.38528335,0.0,0.0,0.22917105,0.016754765,0.0,1
0.0,1.0109844,1.6015582,0.0,0.0,1.1721882,0.9945257,0.0,0.0,0.0,0.20302732,0.0,1.9080586,0.0,0.1866117,0.6007646,0.0,0.0,0.0,1.1083773,0.0,0.0,0.17734092,0.0,0.0,0.0,0.48253635,1.132285,1.5952247,0.0,0.45306754,1.6541884,0.0,0.86347336,0.36127457,0.0,0.0,0.0,0.5771891,0.0,0.89604247,0.0,0.9083884,1.1628106,0.0,0.0,1.0726615,0.26032165,0.0,0.0,0.11982115,0.0,1.0321848,0.5821617,1.3633366,0.0,0.0,0.23351441,1.0283338,0.0,0.062036544,0.0,0.70244294,0.0,1.008829,0.0,1.6117226,0.0,0.0,0.0,1.2858286,0.53274584,0.0,0.9312375,0.0,0.20321243,0.0,0.0,0.0,0.0,1.2107208,0.0,0.0,1.9244193,0.42965716,0.7340557,0.0,0.0,0.0,0.0,0.5124765,1.2576083,0.0,0.0,0.0,0.0,2.8093724,0.0,0.0,0.0,0.16209918,0.69413483,0.0,0.67554516,2.5839062,0.0,0.0,0.3793031,0.5711553,0.0,0.0,0.0,0.0,0.8402522,0.0,0.0,1.0568656,0.56466615,0.0,0.0,0.056693587,0.32546416,0.8814086,0.00401163,0.0,0.3262937,0.16716506,0.0,0
0.0,0.9320835,1.8612956,0.0,0.112337455,1.1695732,0.9939544,0.0,0.0,0.0,0.0,0.0,1.6649966,0.0,0.0,0.92735046,0.0,0.0,0.0,1.6389331,0.0,0.0,0.2592209,0.0,0.0,0.0,0.46679142,1.3209474,1.466989,0.0,0.40726465,1.5651475,0.0,1.2644228,0.35547757,0.0,0.0,0.0,0.9627903,0.0,0.70069104,0.0,1.895834,0.983054,0.0,0.0,1.2109053,0.12323092,0.0,0.0,0.0,0.0,1.2215079,0.46939245,1.673003,0.0,0.0,0.019633379,0.8551676,0.0,0.0,0.0,0.6748071,0.0,1.3203924,0.0,1.4066268,0.057052184,0.0,0.0,1.8895077,0.91152817,0.0,0.9699695,0.0,0.0,0.0,0.0,0.0,0.0,1.3077483,0.0,0.0,2.0697412,0.5717598,0.59445304,0.0,0.0,0.0,0.29702243,0.92968416,1.728444,0.0,0.0,0.0,0.0,3.304068,0.042878192,0.0,0.0,0.3498041,0.48194295,0.0,1.1553512,2.6021507,0.0,0.0,0.5037835,0.8042695,0.0,0.0,0.0,0.0,0.73408514,0.0,0.0,1.2293752,0.4652623,0.31133637,0.0,0.0,0.15570554,1.2636646,0.24409291,0.0,0.44913432,0.0,0.0,0
0.0,1.0033572,1.5022142,0.0,0.0,0.9617065,1.03324,0.0,0.0,0.0,0.0,0.0,2.1877291,0.0,0.0,0.8675101,0.0,0.0,0.0,1.415042,0.0,0.0,0.16433224,0.0,0.0,0.0,0.41412246,1.5572128,1.3433783,0.0,0.47683293,1.383667,0.0,0.70281404,0.67269874,0.0,0.0,0.0,0.50945634,0.0,0.92563796,0.0,1.5123007,1.2450428,0.0,0.0,1.4216369,0.23803851,0.0,0.0,0.0015362159,0.0,0.980685,0.16366594,1.5943847,0.0,0.0,0.048678618,1.0360825,0.0,0.0,0.0,0.79560566,0.0,1.5570127,0.0,1.7841947,0.0,0.0,0.0,1.4434836,0.6307826,0.0,0.9131996,0.0,0.0,0.0,0.0,0.0,0.0,1.1482719,0.0,0.0,2.0998783,0.0,1.3243039,0.0,0.0,0.0,0.0,0.6159888,1.7276412,0.0,0.0,0.0,0.0,3.2522771,0.012135428,0.0,0.0,0.24351047,0.6741686,0.0,0.8236266,2.5897012,0.0,0.0,0.46183783,0.7402798,0.0,0.0,0.0,0.0,0.55249035,0.0,0.0,0.770256,0.82089484,0.24140537,0.0,0.1305396,0.4249858,1.4106013,0.0,0.0,0.49618858,0.0,0.0,0
0.0,0.5260486,1.1434276,0.0,0.7829948,1.1241125,0.41870597,0.0,0.45777804,0.0,0.5519278,0.0,1.5828342,0.0,0.6928561,0.1467045,0.6083582,0.0,0.0,0.81790525,0.26948112,0.0,0.55439657,0.0,0.0,0.0353656,1.1676339,0.3285725,1.3525321,0.0,0.0,1.5864677,0.0,1.5947472,0.0,0.62431574,0.0,0.0,0.34138897,0.0,0.9916507,0.0,0.548835,0.53542477,0.0,0.41599366,0.8544356,0.58304495,0.0,0.0,0.05255052,0.5687236,1.0758811,1.0074677,0.8531566,0.0,0.0,0.6684364,0.0,0.0,0.35959417,0.0,0.44351944,0.35890588,0.6855588,0.0,0.7830521,0.7395256,0.0,0.0,0.8324245,0.057099294,0.0,0.5493361,0.0,0.01401241,0.0,0.0,0.0,0.0,1.4490341,0.0,0.0,1.3894132,0.6875324,0.54497457,0.0,0.0,0.0,0.13267542,0.0,0.42673972,0.0,0.0,0.0,0.37303814,2.3902664,0.0,0.0,0.4454289,0.273662,0.9414252,0.0,0.4510996,2.175082,0.5086082,0.0,1.5452752,1.1158597,0.28880775,0.17547646,0.0,0.0,1.1696573,0.0,0.0,1.2350565,0.27036023,0.13819541,0.6324442,0.44711432,0.0,0.47038794,0.0,0.0,0.645199,0.006253224,0.0,1
0.0,0.42825377,0.7194635,0.0,0.6941951,0.62782633,0.3132173,0.0,0.72739404,0.0,0.6611732,0.0,1.2988997,0.0,1.1396326,0.11842002,0.73818856,0.0,0.0,0.6175425,0.38573903,0.0,0.27623683,0.0,0.0,0.0,1.4816309,0.29352722,0.73354024,0.0,0.0,1.1564515,0.0,1.7524006,0.0,0.85455203,0.0,0.0,0.10679164,0.0,1.0928639,0.0,0.124423586,0.59768736,0.0,0.49836224,0.7086284,0.33166516,0.0,0.0,0.0,0.94140023,0.5417763,0.81808734,0.7324709,0.0,0.0,0.7307082,0.0,0.0,0.6961536,0.0,0.541649,0.5204579,0.6346446,0.0,0.37706256,0.91917425,0.0,0.0,0.44833753,0.0,0.0,0.82377017,0.0,0.021940181,0.0,0.0,0.0,0.0,1.4096725,0.0,0.0,1.0089682,0.8725444,0.084358126,0.0,0.0,0.0,0.0,0.0,0.3375999,0.0,0.0,0.0,0.5182445,1.5540408,0.0,0.0,0.87871444,0.61997294,0.96615076,0.0,0.38855895,1.3639979,0.8480793,0.0,1.5167779,0.81548446,0.20013756,0.0,0.22857404,0.0,0.63811636,0.0,0.0,0.897475,0.019961195,0.0,0.7280074,0.80423033,0.0,0.29615736,0.0,0.0,0.2881394,0.31978875,0.0,1
0.0,0.81721336,1.2496961,0.0,0.22515485,0.6986526,0.5635344,0.0,0.3145592,0.0,0.42138776,0.0,1.112355,0.0,0.076397054,0.5661816,0.0,0.0,0.0,1.2749822,0.0,0.0,0.43863738,0.0,0.0,0.0,0.5288449,1.2736709,1.1062745,0.0,0.39755553,1.2648855,0.0,1.7153137,0.1537046,0.0,0.0,0.0,0.64178103,0.0,1.1332302,0.0,1.2635825,0.831174,0.0,0.09385529,0.9106443,0.0,0.0,0.0,0.0,0.0,1.0837955,0.704308,1.060204,0.0,0.0,0.2862363,0.54279786,0.0,0.0,0.0,1.0561337,0.5583816,1.5376003,0.0,1.1724203,0.80182225,0.0,0.0,1.3798376,0.18789819,0.0,0.6549718,0.0,0.14830452,0.0,0.0,0.0,0.0,1.1724224,0.0,0.0,1.5945737,0.31365055,0.24748108,0.0,0.0,0.0,0.012638735,0.2992288,1.3988535,0.0,0.0,0.0,0.14758606,2.6625767,0.0,0.0,0.0,0.051674258,0.44795555,0.0,0.6175002,2.2143676,0.2040434,0.0,0.64103884,0.91676307,0.12453685,0.3262483,0.0,0.0,0.6578387,0.0,0.0,0.6246264,0.38862842,0.42391354,0.16090667,0.13832192,0.14306198,1.3847389,0.06767695,0.0,0.038864963,0.0,0.0,0
0.0,1.0026366,0.701587,0.0,0.953844,0.9122797,0.80342114,0.0,0.7990941,0.0,0.6031239,0.0,1.2324021,0.0,0.7155773,0.28369266,0.8364595,0.0,0.0,0.758334,0.14998004,0.0,0.9947646,0.0,0.0,0.0,1.2547926,0.3091387,1.1327612,0.0,0.5985008,1.3230096,0.0,1.759846,0.0,0.74444824,0.0,0.0,0.0,0.0,1.3426329,0.0,0.3116257,0.88651836,0.0,0.62596595,0.9075698,0.0,0.0,0.0,0.20159677,1.068571,1.0816487,0.9137514,1.0846856,0.0,0.0,0.1758942,0.22074471,0.0,0.13201925,0.0,0.8464434,0.808113,0.21356489,0.0,0.8397033,1.0082216,0.0,0.0,0.69061923,0.0,0.0,0.42092323,0.0,0.7249231,0.0,0.0,0.0,0.0,1.1589813,0.0,0.0,0.81163013,1.0132564,0.3514393,0.0,0.0,0.0,0.0,0.0,0.19284908,0.0,0.0,0.0,0.0,2.2997074,0.0,0.0,0.36710083,0.5101515,0.51329803,0.0,0.5952779,1.6902575,0.6815051,0.0,1.1904337,1.2418468,0.79406476,0.17206717,0.0,0.0,0.7041249,0.0,0.0,1.2944108,0.34127063,0.0,0.94257987,0.17379677,0.13629097,0.6491953,0.0,0.0,0.19530918,0.10427539,0.0,1
0.0,1.7432684,1.7017064,0.0,0.0,1.3803557,1.4658846,0.0,0.0,0.0,0.0,0.0,2.5606933,0.0,0.14677185,0.30483717,0.19511054,0.0,0.0,1.2640066,0.11759707,0.0,0.50098115,0.0,0.0,0.0,0.74775755,0.8190424,1.1967592,0.0,0.7093499,1.6063387,0.0,0.9765445,0.5567045,0.318134,0.0,0.0,0.4839153,0.0,0.6610722,0.0,0.7960954,1.3339013,0.0,0.0,1.210398,0.31705716,0.0,0.0,0.44524786,0.0,0.5344832,0.068685845,1.3673837,0.0,0.0,0.41707286,1.1226524,0.0,0.21734747,0.0,0.8859422,0.0,1.2413635,0.0,1.462911,0.41268912,0.0,0.0,1.4778137,0.4536952,0.0,0.76915914,0.0,0.0,0.0,0.30465615,0.0,0.0,0.9716217,0.0,0.0,2.165368,0.20802075,0.9307175,0.0,0.0,0.0,0.0,0.056557056,1.1531569,0.0,0.0,0.0,0.062383987,3.0886595,0.0,0.0,0.105726615,0.49947506,0.26256752,0.0,0.5287078,2.047063,0.0,0.0,0.4931157,0.9652614,0.0,0.0,0.0,0.0,0.9608817,0.0,0.0,1.1612773,0.36246583,0.6643197,0.0,0.0,0.24544308,1.5355653,0.0,0.0,0.5866705,0.0,0.0,0
0.0,0.75252753,0.5609167,0.0,0.8347421,0.6125008,0.53718114,0.0,0.56760985,0.0,1.0558811,0.0,1.1051571,0.0,0.9030458,0.29111665,0.8954036,0.0,0.0,0.31843227,0.1752542,0.0,0.8194544,0.0,0.0,0.042359997,1.5482361,0.37453422,0.702713,0.0,0.46284196,1.2110459,0.0,1.6535121,0.0,1.0986291,0.0,0.0,0.0,0.0,1.1754498,0.0,0.0,0.7607353,0.0,0.6307167,0.79823583,0.0,0.0,0.0,0.1915864,1.6016129,0.6781311,0.7252074,0.5433703,0.0,0.0,0.4917635,0.18211411,0.0,0.73948807,0.0,0.6561242,0.9370117,0.26137844,0.0,0.5472497,1.5607139,0.0,0.0,0.62787205,0.0,0.0,0.64013445,0.0,0.4079333,0.0,0.0,0.0,0.0,1.238113,0.0,0.0,1.0174654,0.9451691,0.66608626,0.0,0.0,0.0,0.0,0.0,0.2647824,0.0,0.0,0.0,0.43599164,2.0903285,0.0,0.0,0.64568543,0.52062166,0.97360253,0.0,0.36553225,1.6869351,0.85565877,0.0,1.0402938,0.9276626,0.7188621,0.12511869,0.42714924,0.0,1.0014971,0.0,0.0,0.76546544,0.31419736,0.15043475,0.7264116,0.52196467,0.0,0.0801337,0.0,0.0,0.2593382,0.29714707,0.0,1
0.0,1.3457705,1.42951,0.0,0.60377395,1.3475266,0.8701619,0.0,0.0,0.0,0.058083076,0.0,1.882165,0.0,0.0031435774,0.19771288,0.20910807,0.0,0.0,1.2844883,0.0,0.0,0.27582178,0.0,0.0,0.0,0.812689,0.8548616,1.6183966,0.0,0.49394953,1.6358843,0.0,1.1371598,0.49846303,0.059068758,0.0,0.0,0.25785944,0.0,0.8990487,0.0,0.82281613,1.2825702,0.0,0.29488638,1.1509043,0.0,0.0,0.0,0.1424582,0.0,1.1657078,0.64933497,1.3283939,0.0,0.0,0.20622742,0.88048816,0.0,0.4740856,0.0,0.7184614,0.49712437,1.0341321,0.0,1.4689765,0.5789191,0.0,0.0,1.5647616,0.28004786,0.0,0.85243744,0.0,0.0,0.0,0.0,0.0,0.0,1.4933016,0.0,0.0,1.6260098,0.2131875,0.8784664,0.0,0.0,0.0,0.0,0.116525926,1.2483484,0.0,0.0,0.0,0.0,2.9962773,0.0,0.0,0.0,0.51232916,0.5344517,0.0,0.6073528,2.552241,0.083453365,0.0,0.56212085,0.8845321,0.0,0.14978671,0.0,0.0,1.2958138,0.0,0.0,0.9526794,0.5861702,0.38631108,0.05261314,0.43421614,0.09759909,1.1001257,0.0,0.0,0.053187277,0.016301429,0.0,0
0.0,0.61754364,0.7668149,0.0,0.5769674,0.62551546,0.7242495,0.0,0.9295341,0.0,0.58540964,0.0,0.82358915,0.0,0.3907856,0.09862745,0.56709576,0.0,0.0,0.77120376,0.0,0.0,0.6636896,0.0,0.0,0.0,0.9125189,0.8878227,0.8476626,0.0,0.44531164,1.6501858,0.0,1.423802,0.0,0.23570584,0.0,0.0,0.3558625,0.0,1.690601,0.0,0.7552844,1.1097597,0.0,0.33101174,1.1580263,0.0,0.0,0.0,0.19009848,1.0650578,1.0538028,0.78413,0.49878028,0.0,0.0,0.39400083,0.29097188,0.0,0.06272943,0.0,0.6410217,0.7081864,0.43656617,0.0,0.62209547,0.9300235,0.0,0.0,1.081685,0.11239343,0.0,0.5290448,0.0,0.33475074,0.0,0.0,0.0,0.0,0.84408975,0.0,0.0,1.0093876,0.7314646,0.6604777,0.0,0.0,0.0,0.0,0.0,0.5045666,0.0,0.0,0.0,0.029290076,2.4612162,0.0,0.0,0.08861704,0.3266611,0.368044,0.0,0.5484329,1.7271254,0.53970456,0.0,0.65265095,0.7301331,0.9077604,0.06659035,0.0,0.0,0.3544873,0.0,0.0,0.7609594,0.28779557,0.0,0.5840514,0.33145025,0.13340308,0.8233354,0.059287686,0.0,0.011771254,0.14907295,0.0,1
0.0,0.46505785,0.85876215,0.0,1.3722153,0.55701315,0.15898024,0.0,0.6893923,0.0,1.2422032,0.0,0.9382804,0.0,0.56966114,0.046935618,0.91403025,0.3577426,0.0,0.67238384,0.28435752,0.0,0.7897632,0.0,0.0,0.37052575,1.3172445,0.21623926,1.0581601,0.0,0.011344918,1.5153722,0.0,2.0444722,0.0,0.7743101,0.0,0.0,0.0,0.0,1.5918708,0.0,0.0,0.62599874,0.0,0.6611438,0.63447547,0.0,0.0,0.0,0.0,1.3293091,0.8772665,0.82623297,0.3666572,0.0,0.0,0.79747266,0.0,0.0,0.63589746,0.0,0.36830667,1.2540928,0.40890014,0.0,0.62452084,1.2904413,0.0,0.0,0.23191594,0.022568094,0.0,0.61273503,0.0,0.3340997,0.0,0.0,0.0,0.0,1.2443585,0.0,0.0,0.5028859,0.65359914,0.09621908,0.0,0.0,0.0,0.0,0.0,0.093600795,0.0,0.0,0.0,0.5152436,1.5270485,0.0,0.0,0.54645544,0.29309818,1.0029582,0.0,0.2607839,1.5477322,1.1495458,0.0,1.4491823,0.80277574,0.6783219,0.15616898,0.0,0.0,0.9938591,0.0,0.0,1.2183477,0.2374113,0.0,0.7557567,0.45508263,0.079304606,0.3172786,0.0,0.0,0.032242723,0.0,0.0,1
0.0,0.7725116,1.0951649,0.0,0.8313224,0.6635902,0.954345,0.0,1.1227719,0.0,0.7202101,0.0,0.87214726,0.0,0.9400456,0.09725776,0.65415883,0.0,0.0,0.9926461,0.0,0.0,0.9037955,0.0,0.0,0.011947412,1.100629,0.56819826,1.103314,0.0,0.562702,1.7523749,0.0,1.5155189,0.0,0.372579,0.0,0.0,0.113404654,0.0,1.1572678,0.0,0.55767417,0.73850405,0.0,0.42282197,1.0710491,0.26453662,0.0,0.0,0.09061794,1.0651107,1.0394726,1.0543144,0.7623265,0.0,0.0,0.5149351,0.17726986,0.0,0.22660294,0.0,0.30675206,0.9336763,0.432574,0.0,0.47985047,1.0450184,0.0,0.0,0.7474748,0.0,0.0,0.2041542,0.0,0.40049353,0.0,0.0,0.0,0.0,1.2740043,0.16059002,0.0,0.910022,0.97198236,0.5792081,0.0,0.0,0.0,0.0,0.0,0.43285993,0.0,0.0,0.0,0.16765559,2.3928418,0.0,0.0,0.24208808,0.36914977,0.3247166,0.0,0.3790914,1.8597312,0.82809323,0.0,0.8212945,1.1125666,0.9799619,0.15559582,0.0,0.0,0.7811891,0.0,0.0,1.440307,0.39931244,0.17386116,1.107968,0.26650235,0.0,0.88774997,0.21107885,0.0,0.084626414,0.0,0.0,1
0.0,0.40160656,1.4782398,0.0,0.54638463,0.45149088,0.6099582,0.0,0.4399907,0.0,0.70941544,0.0,1.0402565,0.0,0.36875933,0.68111765,0.0,0.0,0.0,0.74802756,0.27309155,0.0,0.6130948,0.0,0.0,0.0,0.7185375,0.8704293,0.8475979,0.0,0.59798265,1.2171366,0.0,1.4616512,0.03724816,0.5041128,0.0,0.0,0.6382738,0.0,0.9528749,0.0,0.53542525,0.53686666,0.0,0.19728683,0.6880181,0.010183479,0.0,0.0,0.0,0.0,0.89703345,1.001449,0.93244225,0.0,0.0,0.41603318,0.2873803,0.0,0.0,0.0,0.71150136,0.8070492,0.9966083,0.0,1.091289,0.48292035,0.0,0.0,1.3136823,0.41862682,0.0,0.7007622,0.0,0.06528312,0.0,0.0,0.13337232,0.0,1.0677432,0.0,0.0,1.3671257,0.3786099,0.51613086,0.0,0.0,0.0,0.0,0.29764393,1.1192782,0.0,0.0,0.0,0.11506342,2.8883004,0.0,0.0,0.0667044,0.022836046,0.3797902,0.0,0.20722324,2.1460907,0.08566421,0.0,0.711876,0.9929286,0.3982525,0.22843206,0.0,0.0,0.34195516,0.0,0.0,0.49384412,0.50988054,0.10289118,0.40332946,0.46144226,0.3535328,1.1942693,0.0,0.0,0.0,0.0,0.0,0
0.0,1.0823368,0.859109,0.0,0.43947536,0.7304143,0.8584917,0.0,0.0,0.0,0.28476107,0.0,2.0571997,0.0,0.0,0.33538407,0.21918125,0.0,0.0,1.2439395,0.0,0.0,0.16834629,0.0,0.0,0.0,0.5379271,0.5751799,1.1295433,0.0,0.3352581,1.7971543,0.0,0.65920436,0.8189072,0.0,0.0,0.0,0.5371725,0.0,0.550144,0.0,0.39525542,0.9681007,0.0,0.06861011,1.3132224,0.0,0.0,0.0,0.07580755,0.08734626,0.6727369,0.08425252,0.77300346,0.0,0.0,0.16554606,0.8758885,0.0,0.38031393,0.0,0.4901038,0.18703061,0.8548007,0.0,1.6680361,0.42488813,0.0,0.0,1.5122215,0.20592622,0.0,0.59279686,0.0,0.0047430242,0.0,0.0,0.0,0.0,1.3995674,0.0,0.0,1.6212153,0.1339002,1.107636,0.0,0.0,0.0,0.0,0.0,0.7360693,0.0,0.0,0.0,0.0,2.4647114,0.0,0.0,0.0,0.36706766,0.19417334,0.0,0.29401207,2.0953686,0.16130531,0.0,0.35772586,0.54639995,0.1862534,0.0,0.0,0.0,0.8328831,0.0,0.0,0.64040935,0.4182542,0.49414054,0.02103737,0.6683156,0.51598275,0.86350566,0.0,0.0,0.21944086,0.39226112,0.0,0
0.0,1.0868444,1.0291127,0.0,0.4069966,1.0994716,0.96785665,0.0,0.34719452,0.0,0.67586714,0.0,1.8793583,0.0,0.7599838,0.6597528,0.015581637,0.0,0.0,0.8479885,0.0,0.0,0.7527121,0.0,0.0,0.0,0.7948672,0.50117475,0.8781897,0.0,0.85962415,1.392603,0.0,1.4845961,0.006545226,0.62382674,0.0,0.0,0.15516888,0.0,1.0544814,0.0,0.73843247,0.93120044,0.0,0.0,0.7042444,0.0,0.0,0.0,0.0,0.3614198,1.0183796,0.8471778,0.8744312,0.0,0.0,0.2425091,0.64770967,0.0,0.0612776,0.0,1.283219,0.29936036,0.23697202,0.0,1.446013,0.37072727,0.0,0.0,1.2069535,0.23712699,0.0,0.45386678,0.0,0.21824166,0.0,0.023837628,0.0,0.0,1.4821199,0.0,0.0,1.7496462,0.38430235,1.2390921,0.0,0.0,0.0,0.0,0.0,1.1340098,0.0,0.0,0.0,0.022697901,2.963655,0.0,0.0,0.16177258,0.128249,0.4482864,0.0,0.7830151,2.706558,0.18407448,0.0,0.48738432,1.1582371,0.6438634,0.0,0.0,0.0,0.6404188,0.0,0.0,0.38412556,0.7014672,0.10335507,0.3525366,0.3719725,0.0,0.9376481,0.0,0.0,0.51751417,0.19647072,0.0,0
0.0,0.65238917,1.0863668,0.0,1.2397604,0.73371536,0.8102658,0.0,1.138037,0.0,0.9089406,0.0,1.2758197,0.0,1.3828241,0.0044737156,0.62276715,0.103724375,0.0,0.6856533,0.57199967,0.0,0.9028989,0.0,0.0,0.56650865,1.6972803,0.0,1.3580267,0.0,0.46302548,1.232554,0.0,2.3796074,0.0,1.6358808,0.0,0.0,0.0,0.0,1.3002928,0.0,0.36003077,0.5877136,0.0,0.44045845,0.7752519,0.49548012,0.0,0.0,0.2883816,1.9641647,0.5165793,0.98176044,0.50701535,0.0,0.0,1.108227,0.0,0.0,0.4153221,0.0,0.5831532,1.2460454,0.15827954,0.0,0.4849477,1.5496112,0.0,0.0,0.17070219,0.0,0.0,0.24953759,0.0,0.20984973,0.0,0.0,0.0,0.0,1.4594015,0.0,0.0,0.7995222,1.441731,0.6133502,0.0,0.0,0.0,0.0,0.0,0.24550991,0.0,0.0,0.0,0.62041,1.8019269,0.0,0.0,0.7797344,0.94892687,0.90353596,0.0,0.430265,1.7685177,1.1369833,0.0,1.8366786,1.286774,1.3011974,0.98484904,0.05188184,0.0,1.1724199,0.0,0.0,1.446883,0.25386572,0.3117239,1.4701517,0.5137506,0.0,0.32708767,0.0,0.0,0.25435492,0.0,0.0,1
0.0,1.2128551,1.5622268,0.0,0.0,0.9690229,1.2385064,0.0,0.0,0.0,0.0,0.0,1.6203933,0.0,0.0,0.62004614,0.1800041,0.0,0.0,1.196946,0.0,0.0,0.0,0.0,0.0,0.0,0.3651182,1.0223228,1.378726,0.030827675,0.4376613,1.5265592,0.0,0.898734,0.4587469,0.0,0.0,0.0,0.50103134,0.0,0.80156577,0.0,1.0483713,1.0607404,0.0,0.0,1.2676796,0.0,0.0,0.0,0.29418036,0.0,1.1896876,0.1530885,1.0594723,0.0,0.0,0.07193093,1.1041753,0.0,0.064367205,0.0,0.9581249,0.061225474,1.514806,0.0,1.6775824,0.25178018,0.0,0.0,1.3124952,0.6106473,0.0,0.7037918,0.0,0.0,0.0,0.0,0.0,0.0,1.1141188,0.0,0.0,1.9201994,0.18941903,0.8709661,0.0,0.0,0.0,0.0,0.68953305,1.6129922,0.0,0.0,0.0,0.10492892,3.045121,0.0,0.0,0.0,0.22030784,0.5038857,0.0,0.9740305,2.5946774,0.0,0.0,0.3198551,0.42989618,0.007660394,0.0,0.0,0.0,0.6800898,0.0,0.0,0.80335665,0.13554843,0.4135843,0.0,0.0,0.321381,0.84368706,0.0,0.0,0.015481619,0.39827657,0.0,0
0.0,1.2710893,1.6734145,0.0,0.048970625,1.150276,1.163273,0.0,0.0,0.0,0.0,0.0,2.2727892,0.0,0.0,0.7919189,0.08226363,0.0,0.0,1.3734063,0.0,0.0,0.09267629,0.0,0.0,0.0,0.6283205,1.1979384,1.7092714,0.0,0.23911992,1.3005209,0.0,1.2422812,0.943967,0.0,0.0,0.0,0.76021457,0.0,0.8094051,0.0,1.4345664,1.4360651,0.0,0.0,1.0522257,0.2891371,0.123025104,0.0,0.050274838,0.0,1.2598,0.0,1.731766,0.0,0.0,0.28309715,1.1763927,0.0,0.0,0.0,1.2879261,0.0,1.6659725,0.0,1.8200458,0.0,0.0,0.0,1.3695223,1.1785572,0.0,0.9151328,0.0,0.0,0.0,0.0,0.0,0.0,1.0754573,0.0,0.0,2.5073776,0.52422625,0.67894065,0.0,0.0,0.0,0.0,0.9194742,1.733936,0.0,0.0,0.0,0.0,3.0927885,0.028725518,0.0,0.0,0.26984933,0.5915127,0.0,1.0579766,2.6027102,0.0,0.0,0.2607153,0.25672898,0.0,0.0,0.0,0.0,0.58592194,0.0,0.0,1.0697374,0.19705404,0.45070937,0.0,0.13595295,0.08974534,1.3898776,0.0,0.0,0.4002695,0.0,0.0,0
0.0,0.1330692,0.14353655,0.0,1.1785023,0.50597894,0.28435284,0.0,1.0875671,0.0,0.74203527,0.0,0.98133206,0.0,0.8583975,0.0884172,0.74507064,0.07700167,0.0,0.71333367,0.6737626,0.0,0.64552844,0.0,0.0,0.5125695,1.6322533,0.32918045,0.99158764,0.0,0.0,1.5294361,0.0,2.026072,0.0,0.9774374,0.0,0.0,0.09036148,0.0,1.3296111,0.0,0.07833258,0.15678711,0.0,0.6361241,1.1265345,0.13346502,0.0,0.0,0.1697077,1.6777593,0.6499378,0.9869264,0.7727241,0.0,0.0,0.9157473,0.0,0.0,0.58871096,0.0,0.5456136,1.057911,0.25641632,0.0,0.24361803,1.3463123,0.0,0.0,0.955544,0.0,0.0,0.23321787,0.0,0.16586022,0.0,0.0,0.0,0.0,1.6020743,0.0,0.0,0.40576628,1.1921018,0.18582511,0.0,0.0,0.0,0.0,0.0,0.031450313,0.0,0.0,0.0,1.1246918,1.9639438,0.0,0.0,0.6039342,0.38589415,0.87000126,0.0,0.032443438,1.7159073,0.7982971,0.0,1.2808347,0.7016549,0.78233504,0.2276741,0.0,0.0,0.84505236,0.0,0.0,1.0016472,0.14690192,0.0,0.6949391,0.6108485,0.08913374,0.42658153,0.0,0.0,0.019839121,0.3373028,0.0,1
0.0,0.013569356,0.27490497,0.0,0.970305,0.34600446,0.2165109,0.0,0.7139051,0.0,0.87174416,0.0,1.0975199,0.0,1.1975687,0.06953839,0.8109868,0.2743023,0.0,0.76166636,0.6323808,0.0,0.56564105,0.0,0.0,0.38363433,1.3990482,0.11417805,0.8763718,0.0,0.0,1.3708568,0.0,2.2226963,0.0,0.98433834,0.0,0.0,0.015340871,0.0,1.4365029,0.0,0.0,0.039260156,0.0,0.77876234,0.75831074,0.26659608,0.0,0.0,0.0,1.6772714,0.7009925,1.1827445,0.6424698,0.0,0.0,1.1496863,0.19663088,0.0,0.79685247,0.0,0.32394734,1.0608194,0.58009833,0.0,0.0,1.3106252,0.0,0.0,0.33933678,0.0,0.0,0.41405606,0.18805735,0.004799317,0.0,0.0,0.0,0.0,1.6555493,0.0,0.0,0.32316276,0.7957226,0.28946602,0.0,0.0,0.0,0.0,0.0,0.21993153,0.0,0.0,0.0,1.2834373,1.4525164,0.0,0.0,0.89585495,0.44488332,1.3553005,0.0,0.1855062,1.5963558,1.0343217,0.0,1.7098893,0.6140622,0.5274761,0.13025777,0.71798897,0.0,1.0477302,0.0,0.0,1.0702922,0.087418266,0.0,0.6555644,0.66404265,0.121306345,0.11910061,0.0,0.0,0.0,0.07152596,0.0,1
0.0,0.368541,0.45946616,0.0,0.9527424,0.24891366,0.5529591,0.0,0.63830125,0.0,0.9058305,0.0,1.127299,0.0,0.95707864,0.09833917,1.0785464,0.14487755,0.0,0.72994745,0.6518981,0.0,0.3291822,0.0,0.0,0.33649275,1.5120155,0.0,0.97212946,0.0,0.0,1.2630985,0.0,1.8646336,0.0,0.97531456,0.0,0.0,0.09991173,0.0,1.3032267,0.0,0.15133376,0.48853374,0.0,0.44454002,0.86024946,0.0,0.0,0.0,0.19078751,1.6527325,0.57266957,0.6868491,0.7091421,0.0,0.0,0.79742754,0.0,0.0,0.5434824,0.0,0.41636834,0.68114215,0.5514336,0.0,0.21917275,1.4577246,0.0,0.0,0.6846137,0.29226524,0.0,0.33040506,0.0,0.43854472,0.0,0.0,0.0,0.0,1.4442133,0.0,0.0,0.65839076,1.0114634,0.81723744,0.0,0.0,0.0,0.0,0.0,0.19295524,0.0,0.0,0.0,1.0459589,1.6288325,0.0,0.0,0.42050287,0.36752424,0.90174055,0.0,0.1712003,1.5448302,0.84072226,0.0,1.2712017,0.69591117,0.76463133,0.16335328,0.0,0.0,0.78627425,0.0,0.0,0.9265799,0.1798491,0.0,0.45421156,0.695914,0.0,0.24284247,0.0,0.0,0.17440228,0.37644798,0.0,1
0.0,0.95331275,1.6363493,0.0,0.0,1.0731632,0.89046586,0.0,0.018035881,0.0,0.0,0.0,1.4808545,0.0,0.05800399,0.87296015,0.0,0.0,0.0,1.5072111,0.0,0.0,0.36134616,0.0,0.0,0.043184284,0.54271865,1.124489,1.4748495,0.0,0.2768525,1.465168,0.0,0.882591,0.19696964,0.0,0.0,0.0,0.8174792,0.0,0.8585595,0.0,1.3252585,0.9579612,0.0,0.0,0.9974997,0.31914157,0.0,0.0,0.0,0.0,1.3418424,0.6368394,1.3085341,0.0,0.0,0.0,0.91652554,0.0,0.0,0.0,0.7822544,0.0,1.4960666,0.0,1.3396763,0.2246171,0.0,0.0,1.3435075,0.508071,0.0,0.623044,0.0,0.0,0.0,0.0,0.0,0.0,1.4319519,0.0,0.0,1.6815462,0.31252062,0.8764803,0.0,0.0,0.0,0.0,0.37104568,1.4753687,0.0,0.0,0.0,0.0,3.028767,0.0,0.0,0.0,0.0,0.69993424,0.0,0.7628718,2.630755,0.0,0.0,0.60552233,0.8716167,0.061791632,0.0,0.0,0.0,0.59779614,0.0,0.0,0.8546753,0.39711636,0.30072054,0.119332075,0.0,0.2944247,1.2722324,0.0,0.0,0.24625911,0.03074579,0.0,0
0.0,0.67817515,1.521786,0.0,0.44314837,0.5245012,0.8504751,0.0,0.104590766,0.0,0.22948046,0.0,1.3421708,0.0,0.04781054,0.65485436,0.0,0.0,0.0,1.124107,0.0,0.0,0.45114475,0.0,0.0,0.0,0.33229047,1.1234449,1.275691,0.07118232,0.7014831,1.2899169,0.0,1.0431589,0.3347669,0.0,0.0,0.0,0.5114553,0.0,0.86733437,0.0,0.89966774,0.9046406,0.0,0.113147125,0.9149682,0.0,0.0,0.0,0.0,0.017721422,1.2867576,0.6935265,0.92510694,0.0,0.0,0.14898188,0.4284302,0.0,0.0,0.0,0.71881396,0.47463793,1.1724705,0.0,1.1833283,0.0,0.0,0.0,1.1676222,0.17389138,0.0,0.4681656,0.0,0.11093286,0.0,0.0,0.0,0.0,1.2746841,0.0,0.0,1.3249122,0.33303723,0.4715022,0.0,0.0,0.0,0.0,0.67075986,1.3089329,0.0,0.0,0.0,0.0,2.9909666,0.0,0.0,0.0,0.24949354,0.26802236,0.0,0.82445496,2.4109383,0.0,0.0,0.7552205,0.44489834,0.013734584,0.19130795,0.0,0.0,0.5946751,0.0,0.0,0.72278833,0.69688624,0.0,0.33109558,0.13743138,0.39797655,1.3841735,0.0,0.0,0.075309426,0.0,0.0,0
0.0,0.9874966,1.6182275,0.0,0.0,1.2849767,1.5781783,0.0,0.27928296,0.0,0.06279018,0.0,1.7746181,0.0,0.0,0.98806715,0.0,0.0,0.0,1.8368657,0.0,0.0,0.53607005,0.0,0.0,0.0,0.4410664,1.7181592,1.5401759,0.0,0.75802755,1.6897438,0.0,1.0691004,0.37407294,0.1056534,0.0,0.0,0.97114414,0.0,0.70609504,0.0,1.4248788,1.0321282,0.0,0.0,1.3578339,0.017092587,0.0,0.0,0.09966296,0.0,1.0022839,0.56810856,1.3862177,0.0,0.0,0.109374925,1.2730438,0.0,0.0,0.0,0.71869886,0.0,2.0085816,0.0,1.2786783,0.0,0.0,0.0,1.9265308,0.88775,0.0,0.75584966,0.0,0.1413519,0.0,0.0,0.0,0.0,1.4432945,0.0,0.0,1.9582425,0.5198221,0.6004813,0.0,0.0,0.0,0.5149569,0.90559375,1.8756382,0.0,0.0,0.0,0.055516846,3.635051,0.0,0.0,0.0,0.25077906,0.5800501,0.0,1.2508205,2.575614,0.0,0.0,0.72922546,1.467633,0.0,0.0,0.0,0.0,0.6315982,0.0,0.0,1.3329073,0.3027217,0.31598336,0.0,0.0,0.27942714,1.6820749,0.08880092,0.0,0.8634131,0.0,0.0,0
0.0,0.8696577,1.332165,0.0,0.3826274,1.3165143,1.1679405,0.0,0.14115807,0.0,0.034629244,0.0,1.6947436,0.0,0.28396174,0.60988194,0.0,0.0,0.0,1.5287985,0.03821595,0.0,0.6485013,0.0,0.0,0.0,0.79457486,1.1792719,1.4308531,0.0,0.51140857,1.8395994,0.0,1.4100988,0.31312397,0.0,0.0,0.0,0.4105347,0.0,0.88005686,0.0,1.3556503,1.1704967,0.0,0.0,1.0764912,0.43554652,0.0,0.0,0.0,0.0,1.0123775,0.8917198,1.3456376,0.0,0.0,0.46048597,1.2028301,0.0,0.10821371,0.0,0.46036193,0.0,1.0790175,0.0,1.0173336,0.28530425,0.0,0.0,1.4725688,0.33977416,0.0,0.6058754,0.0,0.080034316,0.0,0.0,0.0,0.0,1.6622688,0.0,0.0,1.6983343,0.60433424,0.82067794,0.0,0.0,0.0,0.19810177,0.21168731,1.2040552,0.0,0.0,0.0,0.0,2.9669743,0.0,0.0,0.0,0.33830544,0.42563468,0.0,0.6670245,2.2536366,0.0,0.0,0.86421365,1.2610524,0.0,0.016055819,0.0,0.0,0.8608313,0.0,0.0,1.19675,0.46559122,0.13244388,0.021211445,0.0,0.26885504,1.484154,0.0,0.0,0.4296233,0.0,0.0,1
0.0,1.4510461,1.5668756,0.0,0.0,0.9678062,0.9521389,0.0,0.0,0.0,0.0,0.0,1.8941987,0.0,0.0,0.6198153,0.0441543,0.0,0.0,1.0695764,0.0,0.0,0.36476162,0.0,0.0,0.0,0.3992453,0.946367,1.3508269,0.0,0.64262354,1.2923241,0.0,0.5080116,0.5339712,0.0,0.0,0.0,0.69545275,0.0,0.73715806,0.0,0.81890285,1.1072038,0.0,0.0,1.0173825,0.10135671,0.0,0.0,0.11124013,0.0,0.84511495,0.0,1.3132477,0.0,0.0,0.39844522,1.0078338,0.0,0.10833126,0.0,0.7087032,0.0,1.3054202,0.0,1.9033285,0.0637321,0.0,0.0,1.1446701,0.43870413,0.0,0.76054144,0.0,0.10845016,0.0,0.0,0.0,0.0,0.99742705,0.0,0.0,1.7971573,0.02372021,0.99843305,0.0,0.0,0.0,0.0,0.27381873,1.1579068,0.0,0.0,0.0,0.08023948,3.1504288,0.0,0.0,0.0,0.19328953,0.257528,0.0,0.6892237,2.2544012,0.0,0.0,0.640651,0.5199753,0.0,0.0055833263,0.0,0.0,0.9048392,0.0,0.0,0.94221556,0.25316653,0.4501792,0.0,0.0,0.46666378,1.2391913,0.0,0.0,0.35028133,0.22252624,0.0,0
0.0,0.53993887,0.78834456,0.0,0.83265126,0.5540389,0.6357939,0.0,0.8620293,0.0,0.7242411,0.0,0.68344927,0.0,0.5551526,0.09251283,0.61671674,0.27978784,0.0,0.43480083,0.2989183,0.0,0.17005852,0.0,0.0,0.0,1.5390399,0.04015319,1.2153182,0.0,0.46882507,1.3030249,0.0,2.034151,0.16838486,0.49240372,0.0,0.0,0.0,0.0,1.2284969,0.0,0.42137763,0.887067,0.0,0.48625964,0.40194383,0.15306298,0.0,0.0,0.057436366,1.3192436,0.44245353,0.97037786,0.6663733,0.0,0.0,0.6991911,0.0,0.0,0.5534414,0.0,0.37053075,0.52550775,0.4452983,0.0,0.57586306,1.0083007,0.0,0.0,0.4781729,0.0,0.0,0.8135532,0.0,0.24691679,0.0,0.0,0.0,0.0,1.7244583,0.13524821,0.0,0.81139076,0.7023752,0.62677354,0.0,0.0,0.0,0.0,0.0,0.0,0.0,0.0,0.0,0.0,1.7569512,0.0,0.0,0.5468297,0.22699668,0.40932155,0.0,0.3904269,1.2832259,0.6946198,0.0,1.2367988,0.6248033,0.71232533,0.025498357,0.0,0.0,1.1550258,0.0,0.0,1.4056573,0.6530651,0.0,0.8790728,0.54884446,0.18182099,0.65946907,0.0,0.0,0.4115449,0.07537851,0.0,1
0.0,1.7174854,1.4515882,0.0,0.0,1.1808028,1.2880936,0.0,0.19399354,0.0,0.050008077,0.0,2.622521,0.0,0.19518167,0.6782781,0.0,0.0,0.0,1.2496011,0.0,0.0,0.4878394,0.0,0.0,0.0,0.88739467,0.88935906,1.0542407,0.0,0.74719274,1.4131242,0.0,0.85829276,0.59400314,0.0,0.0,0.0,0.68587,0.0,0.3784809,0.0,0.9212322,1.3133305,0.0,0.0,1.31351,0.09905272,0.0,0.0,0.0,0.0,0.86306804,0.15582924,0.9510724,0.0,0.0,0.23106171,1.2164037,0.0,0.29461506,0.0,0.72459614,0.06033771,1.3380545,0.0,1.585574,0.17997028,0.0,0.0,1.6730908,0.51581705,0.0,0.46211764,0.0,0.009775891,0.0,0.0,0.0,0.0,0.92372906,0.0,0.0,2.2109756,0.0,0.9986828,0.0,0.0,0.0,0.0,0.24187778,1.3560383,0.0,0.0,0.0,0.46599752,2.9026494,0.0,0.0,0.06876275,0.39103872,0.55911744,0.0,0.86370546,2.5159185,0.0,0.0,0.54987353,0.6530109,0.0,0.026311405,0.0,0.0,0.46088174,0.0021493211,0.0,0.75244695,0.18115123,0.4726332,0.0,0.116481245,0.18522604,1.1467861,0.0,0.0,0.47784254,0.4351978,0.0,0
0.0,1.4130512,0.9379849,0.0,0.3675905,0.82567686,0.59016097,0.0,0.0,0.0,0.35063,0.0,1.8854289,0.0,0.0,0.3440238,0.0,0.0,0.0,1.3770256,0.0,0.0,0.42935318,0.0,0.0,0.0,0.7804516,1.0856924,0.902154,0.0,1.1080933,1.5562521,0.0,0.778917,0.74855024,0.0,0.0,0.0,0.8782105,0.0,0.7249176,0.0,0.77738583,1.1440189,0.0,0.3084894,1.4383808,0.0,0.0,0.0,0.0,0.0,0.71242267,0.45248502,0.7778688,0.0,0.0,0.21609059,0.9841113,0.0,0.36246195,0.0,0.74938077,0.3878596,1.2718521,0.0,1.8004962,0.10004024,0.0,0.0,2.1056714,0.21150458,0.0,0.6065742,0.0,0.0,0.0,0.0,0.0,0.0,1.1363645,0.0,0.0,1.3574319,0.0,1.041034,0.0,0.0,0.0,0.0,0.26412085,1.3876094,0.0,0.0,0.0,0.06590945,2.766758,0.0,0.0,0.0,0.35122672,0.16898596,0.0,0.92153245,1.9772935,0.10971268,0.0,0.3577547,0.546487,0.0,0.22683795,0.023789397,0.0,0.7632148,0.0,0.0,0.31069267,0.74065715,0.5407068,0.058309644,0.5062044,0.45876732,1.4001026,0.016885323,0.0,0.0,0.36264795,0.0,0
0.0,1.4635044,1.3996004,0.0,0.28869778,1.135549,0.44162524,0.0,0.053687476,0.0,0.19559811,0.0,2.395582,0.0,0.14648464,0.09826511,0.0,0.0,0.0,0.7788471,0.17988299,0.0,0.42897597,0.0,0.0,0.0,0.8806333,0.63416135,1.3413731,0.0,0.5116297,1.4370611,0.0,1.1356235,0.44100544,0.1395024,0.0,0.0,0.21584421,0.0,0.5683964,0.0,0.62029374,1.2549967,0.0,0.1324529,1.1460315,0.10114374,0.0,0.0,0.14974657,0.0,0.9534371,0.423924,1.1127174,0.0,0.0,0.6164265,0.7985359,0.0,0.5170694,0.0,0.67084223,0.44615066,0.8732507,0.0,1.3096052,0.47534433,0.0,0.0,1.1981497,0.39462474,0.0,0.77076364,0.0,0.0,0.0,0.0,0.0,0.0,1.0421296,0.0,0.0,1.6504238,0.087115504,0.8376837,0.0,0.0,0.0,0.0,0.0,0.9467089,0.0,0.0,0.0,0.0,2.5628521,0.0,0.0,0.34113127,0.07806543,0.39842772,0.0,0.29964432,2.4166312,0.14167894,0.0,0.67652756,0.763575,0.0,0.0,0.061582766,0.0,1.1896923,0.0,0.0,0.6981651,0.53287715,0.4521031,0.18652162,0.3666673,0.392161,1.1856381,0.0,0.0,0.44692904,0.08860764,0.0,0
0.0,0.9984346,1.851009,0.0,0.29003257,1.1748908,1.0735849,0.0,0.0,0.0,0.0,0.0,1.9401429,0.0,0.0,0.88913786,0.0,0.0,0.0,1.8695594,0.0,0.0,0.5854181,0.0,0.0,0.0,0.8196747,1.5766964,1.7242305,0.0,0.516485,1.7092456,0.0,1.110243,0.52122813,0.0,0.0,0.0,0.91449296,0.0,0.9028686,0.0,1.699534,1.4178501,0.0,0.0,1.364366,0.037198994,0.0,0.0,0.0,0.0,1.4402066,0.7878826,1.452656,0.0,0.0,0.0931233,1.1580064,0.0,0.0,0.0,0.6860337,0.0,1.655666,0.0,1.5012065,0.0,0.0,0.0,2.0118778,0.5810405,0.0,0.6276039,0.0,0.016186044,0.0,0.0,0.0,0.0,1.5336711,0.0,0.0,2.2592645,0.5145555,0.98314834,0.0,0.0,0.0,0.13311332,0.87887895,1.6664535,0.0,0.0,0.0,0.0,3.3861601,0.0,0.0,0.0,0.3478126,0.62029475,0.0,1.053324,2.9077706,0.0,0.0,0.61969936,1.34486,0.0,0.0,0.0,0.0,0.58575225,0.0,0.0,0.9381706,0.605849,0.07385331,0.0,0.14504483,0.1959768,1.5968381,0.08662481,0.0,0.5479533,0.0,0.0,0
0.0,1.7350585,1.1337851,0.0,0.16135654,1.1220953,1.261982,0.0,0.0,0.0,0.08822169,0.0,2.444861,0.0,0.048006058,0.67250496,0.0,0.0,0.0,0.9750107,0.0,0.0,0.7432286,0.0,0.0,0.0,0.6533143,0.74495447,0.6826362,0.0,0.75486284,1.741044,0.0,0.6181825,0.8551533,0.12856661,0.0,0.0,0.443759,0.0,0.20374377,0.0,0.79605657,1.3989024,0.0,0.0,1.2055585,0.0,0.0,0.0,0.0,0.0,0.6899392,0.08464877,0.8777639,0.06416979,0.0,0.1101913,1.0241851,0.0,0.34024888,0.0,0.67559266,0.14578208,1.177913,0.0,1.7257209,0.39459962,0.0,0.0,1.9921583,0.066127814,0.0,0.776174,0.0,0.48661166,0.0,0.14408636,0.0,0.0,0.87226266,0.0,0.0,1.87238,0.0,0.75793797,0.0,0.0,0.0,0.0,0.17323801,1.6469158,0.0,0.0,0.0,0.3327605,2.8012285,0.0,0.0,0.004158141,0.3110747,0.0,0.0,0.7269423,2.2679274,0.11245685,0.0,0.5325944,0.7909298,0.0,0.0,0.0,0.0,0.8925168,0.0,0.0,0.6873299,0.64942795,0.53192115,0.06723423,0.39192185,0.40588441,0.9046322,0.0,0.0,0.16254331,0.39610782,0.0,0
0.0,1.5997161,1.3447185,0.0,0.040914863,1.5238204,1.2956573,0.0,0.0,0.0,0.0,0.0,2.4549067,0.0,0.0,0.5226459,0.026474817,0.0,0.0,1.4672966,0.100486256,0.0,0.578692,0.0,0.0,0.0,0.3752591,0.67450064,1.3061496,0.0,0.6198367,1.8583553,0.0,0.67765737,0.8376094,0.0,0.0,0.0,0.6659876,0.0,0.5702755,0.0,0.597051,1.4594581,0.0,0.0,1.200106,0.31608987,0.0,0.0,0.3435546,0.0,0.7153461,0.12733458,1.4001998,0.0,0.0,0.33236066,1.2471745,0.0,0.33012512,0.0,0.77998304,0.0,1.0424144,0.0,1.7247444,0.20755672,0.0,0.0,1.5009483,0.42156875,0.0,0.8740201,0.0,0.0,0.0,0.052752733,0.0,0.0,0.9000927,0.0,0.0,2.1187272,0.07082746,1.0309894,0.0,0.0,0.0,0.0,0.046512406,1.3406203,0.0,0.0,0.0,0.021677768,3.0927274,0.0,0.0,0.0,0.45220658,0.16631728,0.0,0.6165553,2.5426729,0.0,0.0,0.4875202,0.7330716,0.0,0.0,0.0,0.0,1.1512152,0.0,0.0,1.029173,0.46426737,0.5596791,0.0,0.0,0.236833,1.3180914,0.0,0.0,0.4809402,0.31097296,0.0,0
0.0,0.92029935,0.81477076,0.0,0.28997272,0.9937708,0.54183835,0.0,0.5579433,0.0,0.34847346,0.0,1.2262263,0.0,0.6131326,0.11144692,0.49621543,0.0,0.0,0.7622604,0.1368603,0.0,0.28965843,0.0,0.0,0.0,0.9451067,0.649692,1.2544453,0.0,0.16805662,1.3291262,0.0,1.3476975,0.18581836,0.31611854,0.0,0.0,0.2086537,0.0,1.2632779,0.0,0.44798362,0.71690166,0.0,0.079110034,1.0472707,0.18147753,0.0,0.0,0.25153652,0.45262468,1.0294061,0.47715646,0.95993704,0.0,0.0,0.47262558,0.3774214,0.0,0.13983819,0.0,0.38494772,0.4886257,0.7494843,0.0,0.93989825,0.35725367,0.0,0.0,0.6786995,0.31858435,0.0,0.74417377,0.0,0.0,0.0,0.0,0.0,0.0,1.3156059,0.01759204,0.0,1.5412071,0.7653081,0.8065328,0.0,0.0,0.0,0.0,0.0,0.8088996,0.0,0.0,0.0,0.0,2.489126,0.0,0.0,0.41906887,0.26583853,0.51827645,0.0,0.6728464,1.9610028,0.26238045,0.0,0.878486,0.582941,0.41697997,0.0,0.0,0.0,0.8288969,0.0,0.0,1.0486425,0.66083086,0.1961003,0.51570666,0.09532672,0.4882706,0.75003046,0.0,0.0,0.27575937,0.10799773,0.0,1
0.0,0.92467034,0.74162215,0.0,0.43395188,0.8059539,0.90219903,0.0,0.96605796,0.0,0.91669285,0.0,0.81451315,0.0,0.83787376,0.4559844,0.47654957,0.0,0.0,0.78947043,0.0,0.0,1.038771,0.0,0.0,0.098064706,0.9348584,0.90851027,0.9883194,0.08937186,0.7940247,1.22779,0.0,1.6605746,0.0,0.624614,0.0,0.0,0.23360704,0.0,1.4349577,0.0,0.8895003,0.9057579,0.0,0.52606016,0.5638798,0.0,0.0,0.0,0.0,1.4510164,0.59801465,1.0800731,0.7360246,0.0,0.0,0.59007394,0.2734035,0.0,0.49773315,0.0,0.5495749,0.6070517,0.70813715,0.0,0.23173146,1.2873796,0.0,0.0,1.0754721,0.0,0.0,0.14488527,0.0,0.5424183,0.0,0.047566175,0.0,0.0,1.1107095,0.035855006,0.0,1.1374149,0.7229152,0.5782051,0.0,0.0,0.0,0.0,0.15529916,0.52588844,0.0,0.0,0.0,0.32211614,2.099321,0.0,0.0,0.34107152,0.679024,0.6068014,0.0,0.28212607,1.6068482,0.39874893,0.0,0.77193165,1.1213164,0.6449912,0.39573926,0.0,0.0,0.5503832,0.0,0.0,0.8419268,0.54750913,0.0,0.67970043,0.1686829,0.0,1.2090889,0.0,0.0,0.6075313,0.0,0.0,1
0.0,0.92137676,1.8699527,0.0,0.057895854,1.1455028,1.0481156,0.0,0.0,0.0,0.12626271,0.0,1.7798753,0.0,0.056113854,0.85638684,0.0,0.0,0.0,1.1702378,0.0,0.0,0.54606116,0.0,0.0,0.0,0.5607282,1.2593155,1.2802039,0.0,0.92443717,1.4953772,0.0,0.89305574,0.3879159,0.0,0.0,0.0,0.5423514,0.0,1.0861619,0.0,1.251783,1.2051674,0.0,0.0,0.92911834,0.22723256,0.0,0.0,0.0,0.0,1.275052,0.22819398,1.4665747,0.0,0.0,0.3913069,0.9678938,0.0,0.0,0.0,0.83078,0.08310196,1.5589603,0.0,1.5170721,0.102757245,0.0,0.0,1.362717,0.8563533,0.0,0.65631145,0.0,0.091070876,0.0,0.0,0.0,0.0,1.2896097,0.0,0.0,2.1654787,0.14074951,0.625331,0.0,0.0,0.0,0.16803686,0.75284123,1.8097891,0.0,0.0,0.0,0.13269582,3.2007453,0.0,0.0,0.0,0.34147713,0.4519152,0.0,0.77470297,2.6684926,0.0,0.0,0.68224174,0.7297961,0.0,0.0,0.0,0.0,0.79515046,0.0,0.0,1.0328413,0.5555105,0.27774844,0.0,0.0,0.5477725,1.2843277,0.0,0.0,0.26923585,0.0,0.0,0
0.0,1.0170952,1.6665219,0.0,0.0,1.437401,1.0529649,0.0,0.19273268,0.0,0.0,0.0,1.9576838,0.0,0.0,0.89383006,0.0,0.0,0.0,1.2498219,0.0,0.0,0.42329472,0.0,0.0,0.0,0.59312665,1.6344147,1.8616837,0.0,0.4457048,1.7414842,0.0,1.2120302,0.46017957,0.0,0.0,0.0,0.70015085,0.0,0.91800034,0.0,1.3390869,1.1353242,0.0,0.0,1.1274729,0.3842359,0.0,0.0,0.111413844,0.0,1.3664495,0.29127535,1.8113501,0.0,0.0,0.24426292,0.92624915,0.0,0.0,0.0,0.6941661,0.0,1.5115564,0.0,1.5272903,0.11621708,0.0,0.0,1.2681646,0.95250416,0.0,0.7555764,0.0,0.0,0.0,0.0,0.0,0.0,1.3607821,0.0,0.0,1.9509869,0.2663951,0.66226435,0.0,0.0,0.0,0.19906631,0.41455048,1.6671214,0.0,0.0,0.0,0.0,3.2548206,0.0,0.0,0.0,0.24181454,0.50803745,0.0,0.9927559,2.7387037,0.0,0.0,0.503774,0.92629176,0.0,0.0,0.0,0.0,0.8908016,0.0,0.0,1.0830232,0.3019358,0.6619591,0.0,0.0,0.48826626,1.562896,0.0,0.0,0.7243131,0.0,0.0,0
0.0,1.2665843,1.4136689,0.0,0.0,1.3498225,1.1522412,0.0,0.111645885,0.0,0.004979124,0.0,2.24333,0.0,0.0,0.64946353,0.0,0.0,0.0,1.4872335,0.0,0.0,0.8092301,0.0,0.0,0.0,0.5104392,1.1234672,1.3033724,0.0,0.63050777,1.6432716,0.0,0.93670136,0.5728451,0.0,0.0,0.0,0.68807703,0.0,0.8018385,0.0,1.0874039,1.23738,0.0,0.0,1.2513295,0.20661707,0.0,0.0,0.13124356,0.0,0.9595375,0.37774652,1.3503177,0.0,0.0,0.10456079,1.0923082,0.0,0.0,0.0,0.74701786,0.0,1.1981869,0.0,1.444218,0.2310503,0.0,0.0,1.3246281,0.5919096,0.0,0.66625947,0.0,0.18826662,0.0,0.03921765,0.0,0.0,1.3269358,0.0,0.0,2.209115,0.07404446,0.8834403,0.0,0.0,0.0,0.025939329,0.32272008,1.2584404,0.0,0.0,0.0,0.0,3.0720944,0.0,0.0,0.0,0.4258503,0.38086197,0.0,0.6679911,2.2512305,0.0,0.0,0.6120989,1.0211916,0.0,0.0,0.0,0.0,0.6810709,0.0,0.0,0.8486023,0.7236305,0.4830477,0.0,0.33279917,0.4505233,1.2086699,0.2727527,0.0,0.8398268,0.041749965,0.0,0
0.0,0.9838014,1.4357989,0.0,0.0,1.367519,1.1449438,0.0,0.4571621,0.0,0.08644851,0.0,1.7169192,0.0,0.17061028,0.7475808,0.0,0.0,0.0,1.1534271,0.0,0.0,0.5244765,0.0,0.26710638,0.0,1.071277,0.9295667,1.8058708,0.0,0.20834062,1.6735796,0.0,1.0053043,0.13150387,0.1569972,0.0,0.0,0.7697666,0.0,0.67226124,0.0,1.1990975,1.3404895,0.0,0.026406532,1.3851516,0.46164432,0.0,0.0,0.2818177,0.0,1.2133052,0.79397607,1.3468153,0.0,0.0,0.0,1.0940293,0.0,0.0,0.0,0.4842231,0.0,1.0274322,0.0,1.3818258,0.37124053,0.0,0.0,1.4858336,0.72325224,0.0,0.7808261,0.0,0.2548245,0.0,0.0,0.0,0.0,1.0115781,0.0,0.0,1.8234268,0.6299573,0.633311,0.0,0.0,0.0,0.21340026,0.50884235,1.324394,0.0,0.0,0.0,0.0,2.9575064,0.0,0.0,0.0,0.26996866,0.43253478,0.0,0.48482287,2.4218283,0.0,0.0,0.6511843,1.2019064,0.05199975,0.0,0.0,0.0,0.6385433,0.0,0.0,1.3262666,0.31303483,0.09947535,0.011910378,0.027952258,0.06344131,1.4090012,0.0,0.0,0.8726612,0.00054090103,0.0,0
0.0,1.1578375,1.4507928,0.0,0.0,1.4297929,0.94372463,0.0,0.38339594,0.0,0.0,0.0,2.1218793,0.0,0.19675104,0.47325242,0.0,0.0,0.0,1.4140177,0.047117516,0.0,0.46050143,0.0,0.23357177,0.0,0.6903612,0.86288434,1.4038147,0.0,0.4985368,1.6805542,0.0,0.98738307,0.3989881,0.12654717,0.0,0.0,0.5322719,0.0,0.51707715,0.0,0.93449175,1.3134999,0.0,0.0,1.4833066,0.3720596,0.0,0.0,0.15497099,0.0,1.0979655,0.5754414,1.2759063,0.0,0.0,0.08662987,0.9946892,0.0,0.02355179,0.0,0.5466417,0.081226915,1.385046,0.0,1.2489628,0.45510927,0.0,0.0,1.4187994,0.81902194,0.0,0.929563,0.0,0.0,0.0,0.0,0.0,0.0,0.7400831,0.0,0.0,1.8824742,0.25588447,0.6096452,0.0,0.0,0.0,0.42926696,0.4383045,0.9096521,0.0,0.0,0.0,0.0,3.1111293,0.0,0.0,0.0,0.3943271,0.56305146,0.0,0.7146973,2.1843798,0.26694882,0.0,0.9630053,1.261839,0.0,0.0,0.0,0.0,0.6643919,0.0,0.0,1.5148576,0.5525325,0.47796056,0.0,0.0,0.464418,1.3010272,0.016535169,0.0,0.8406499,0.0,0.0,0
0.0,1.1824665,1.1566223,0.0,0.0,0.8254487,1.1552054,0.0,0.6525866,0.0,0.36543623,0.0,1.9071262,0.0,0.5202254,0.6677376,0.0,0.0,0.0,1.1293772,0.0,0.0,0.8068131,0.0,0.0,0.0,0.62483007,1.1108942,1.0660753,0.0,0.9583192,1.3220143,0.0,1.3209049,0.24207701,0.029748699,0.0,0.0,0.9233722,0.0,0.939623,0.0,1.0137104,1.3873193,0.0,0.13341528,1.2856331,0.0,0.0,0.0,0.0,0.0,1.1051493,0.63903046,1.0220127,0.0,0.0,0.0,0.71010745,0.0,0.0,0.0,1.0461342,0.62856793,1.4002441,0.0,1.325441,0.75320137,0.0,0.0,1.8261355,0.21639436,0.0,0.68381816,0.0,0.2673131,0.0,0.008135737,0.0,0.0,1.0899014,0.0,0.0,1.7830667,0.23328486,0.78879094,0.0,0.0,0.0,0.0,0.19694318,1.7360355,0.0,0.0,0.0,0.17513862,3.2376227,0.0,0.0,0.0,0.0,0.38275987,0.0,0.7678984,2.271731,0.08616222,0.0,0.47033292,1.2167448,0.23035297,0.025038358,0.0,0.0,0.32441643,0.0,0.0,0.35745668,0.47435,0.18543987,0.0,0.28309354,0.052381366,1.3480874,0.0,0.0,0.008387996,0.27939147,0.0,0
0.0,1.7236515,1.036896,0.0,0.41949323,0.8309742,1.2810389,0.0,0.0,0.0,0.588451,0.0,1.9418681,0.0,0.088972434,0.4938716,0.31401387,0.0,0.0,1.2110407,0.27492923,0.0,0.22944137,0.0,0.0,0.0,0.37682864,0.9861161,0.65486926,0.0,0.8836806,1.4822665,0.0,1.293239,0.68553346,0.28332835,0.0,0.0,0.12750818,0.0,0.5085318,0.0,0.7225635,1.2660853,0.0,0.14962147,0.93091476,0.0,0.0,0.0,0.29845288,0.03305099,0.6282878,0.4780655,0.19770521,0.0,0.0,0.0,0.9410265,0.0,0.66476345,0.0,0.93320817,0.66033363,0.9669665,0.0,1.3122762,1.1106664,0.0,0.0,1.2958264,0.28951904,0.0,0.7297282,0.0,0.14343259,0.0,0.0,0.0,0.0,0.8336037,0.0,0.0,1.8210847,0.0,0.68372625,0.0,0.0,0.0,0.0,0.0,0.92515856,0.0,0.0,0.0,0.0,2.182377,0.0,0.0,0.11584307,0.17368218,0.253122,0.0,0.8282586,1.8674872,0.7749952,0.0,0.57147306,0.61431587,0.60865295,0.18217197,0.3083979,0.0,0.47887036,0.0,0.0,0.47425896,0.0019550496,0.4953866,0.0,0.67142814,0.0,1.2731814,0.0,0.0,0.0,0.122008145,0.0,1
0.0,0.7030749,1.0500729,0.0,0.5727101,0.7173044,0.5629196,0.0,0.906892,0.0,0.6273086,0.0,0.9798734,0.0,0.794031,0.3926253,0.6381468,0.0,0.0,0.5411492,0.0,0.0,1.1516833,0.0,0.0,0.14362532,1.3437928,0.75176054,0.9612158,0.120185725,0.52469563,0.91721,0.0,1.6769582,0.0,0.88093007,0.0,0.0,0.1883607,0.0,1.8458829,0.0,0.6573856,1.0898105,0.0,0.7328902,0.7225285,0.06790025,0.0,0.0,0.10335283,1.0695806,0.63930964,1.0306113,0.7783909,0.0,0.0,0.5222452,0.1657272,0.0,0.23083189,0.0,0.7904143,1.0901399,0.48821366,0.0,0.6782032,0.8680522,0.0,0.0,1.255076,0.0,0.0,0.4534669,0.0,0.41981664,0.0,0.0,0.0,0.0,1.6010405,0.0,0.0,0.7734874,1.1320945,0.9476401,0.0,0.0,0.0,0.0,0.0,0.41204926,0.0,0.0,0.0,0.062609695,2.695343,0.0,0.0,0.45500815,0.48206416,0.57309055,0.0,0.9995648,1.8574971,0.57975006,0.0,0.88152826,1.0426443,0.8405677,0.5634951,0.0,0.0,0.6808458,0.0,0.0,0.5734435,0.99823517,0.0,1.0151256,0.2582975,0.0,0.37070215,0.0,0.0,0.12848406,0.0,0.0,1
0.0,1.0661858,1.0039306,0.0,1.2544345,0.7864056,0.8707246,0.0,0.70495415,0.0,0.48550627,0.0,1.5910213,0.0,0.99102604,0.0,0.9071811,0.033350594,0.0,0.48405555,0.5586535,0.0,0.8657992,0.0,0.0,0.0,1.5667818,0.0,1.9621977,0.0,0.39529803,1.9310467,0.0,2.0547047,0.0,1.0300869,0.0,0.0,0.2357678,0.0,1.0900761,0.0,0.2895623,0.79044,0.0,0.5633769,0.6800271,0.0,0.0,0.0,0.1058795,0.76371044,0.77390087,1.1025121,1.0666515,0.0,0.0,0.7396819,0.019710893,0.0,0.94907206,0.0,0.8499255,1.0648043,0.025684128,0.0,1.2623322,1.5645629,0.0,0.0,0.5159123,0.0,0.0,0.79923797,0.0,0.69260406,0.0,0.0,0.0,0.0,1.5048453,0.0,0.0,0.8924122,0.9385249,0.37942094,0.0,0.0,0.0,0.0,0.0,0.24881975,0.0,0.0,0.0,0.36394513,2.3229506,0.0,0.0,0.5444298,0.3737276,0.8081225,0.0,0.0,1.6703113,0.9961016,0.0,1.1364932,1.5786221,0.5496782,0.45286006,0.0,0.0,0.98668075,0.0,0.0,1.7626805,0.6434502,0.0,0.85280156,0.8680541,0.034859866,0.76668996,0.0,0.0,0.6896687,0.0,0.0,1
0.0,1.3113638,1.4956058,0.0,0.0,1.0786189,1.0974652,0.0,0.0,0.0,0.0,0.0,2.1230881,0.0,0.0,0.8049214,0.0,0.0,0.0,1.3860854,0.0,0.0,0.380811,0.0,0.0,0.0,0.6058148,1.1843804,1.0976112,0.0,0.8510408,1.3686013,0.0,0.44844434,0.891025,0.0,0.0,0.0,0.9219814,0.0,0.62713003,0.0,1.0862055,0.9459666,0.0,0.0,1.2484001,0.25862485,0.0,0.0,0.0,0.0,1.234582,0.19303761,1.1250186,0.0,0.0,0.0,1.0677859,0.0,0.0,0.0,0.82224274,0.0,1.1256348,0.0,1.5206493,0.0,0.0,0.0,1.8008373,0.72436064,0.0,0.7531878,0.0,0.14224465,0.0,0.0,0.0,0.0,1.059726,0.0,0.0,2.1072803,0.0,0.76874363,0.0,0.0,0.0,0.14838482,0.5134775,1.4608936,0.0,0.0,0.0,0.0,2.935649,0.0,0.0,0.0,0.15424113,0.5220642,0.0,0.79337543,2.3879046,0.0,0.0,0.43632388,0.3635869,0.0,0.0,0.0,0.0,0.55243206,0.0,0.0,0.76589894,0.40905595,0.25426388,0.0,0.0,0.4643601,0.8720142,0.025418563,0.0,0.37838784,0.02842072,0.0,0
0.0,1.1232729,1.4120226,0.0,0.14107217,1.0833588,0.9125511,0.0,0.2605982,0.0,0.32206604,0.0,1.460523,0.0,0.018135374,0.459426,0.0033202013,0.0,0.0,1.3174316,0.0,0.0,0.5193008,0.0,0.0,0.0,0.8514688,1.2042645,1.6640043,0.0,0.47710884,1.382684,0.0,0.7995438,0.38251662,0.3381884,0.0,0.0,0.2266301,0.0,1.0020667,0.0,1.1077266,1.0355567,0.0,0.0,1.3723183,0.0,0.0,0.0,0.0,0.43702966,1.1727351,0.6681234,1.2867173,0.0,0.0,0.0,0.8714794,0.0,0.12366092,0.0,0.7160054,0.12239913,0.92222583,0.0,1.408241,0.08664253,0.0,0.0,1.158903,0.016304964,0.0,0.60145193,0.0,0.3314834,0.0,0.0,0.0,0.0,1.3507574,0.022020487,0.0,1.5774077,0.5136188,1.0246675,0.0,0.0,0.0,0.0,0.2521214,1.259831,0.0,0.0,0.0,0.0,2.6402352,0.0,0.0,0.0,0.6956395,0.515678,0.0,0.620992,2.2265816,0.0,0.0,0.2944922,1.1554017,0.49754924,0.0,0.01666644,0.0,0.71792126,0.0,0.0,0.87201273,0.6133315,0.0,0.3822781,0.3017942,0.24100356,1.3388598,0.12610736,0.0,0.4755995,0.07209457,0.0,1
0.0,0.94453484,1.1037428,0.0,0.3809445,1.4225658,1.1041152,0.0,0.33095255,0.0,0.2691248,0.0,1.316454,0.0,0.23903036,0.34255,0.0,0.0,0.0,1.1626649,0.04466237,0.0,0.57834655,0.0,0.0,0.0,1.0057764,1.0233897,1.4049137,0.028332073,0.55122715,1.3827386,0.0,1.0396518,0.41402623,0.009530609,0.0,0.0,0.11611558,0.0,1.1362686,0.0,0.917228,1.404507,0.0,0.0,1.269121,0.15872304,0.0,0.0,0.0,0.25137818,1.0631511,0.57667786,1.194186,0.0,0.0,0.22255866,0.8641026,0.0,0.35579047,0.0,0.5106666,0.49965546,0.79923713,0.0,1.1636589,0.38581023,0.0,0.0,1.3852196,0.034735616,0.0,0.52283293,0.0,0.25366166,0.0,0.0,0.0,0.0,1.2035468,0.0,0.0,1.4774063,0.6132753,0.66893464,0.0,0.0,0.0,0.0,0.23709016,1.1166638,0.0,0.0,0.0,0.0,2.4660525,0.0,0.0,0.0,0.29825637,0.37493712,0.0,0.3110497,2.2944956,0.0,0.0,0.57530075,0.73877543,0.22427389,0.0,0.0,0.0,1.1171266,0.0,0.0,1.2232581,0.58200455,0.03177693,0.35847384,0.018305037,0.30026266,1.1441208,0.08329039,0.0,0.48037487,0.16536453,0.0,1
0.0,0.23284806,0.6323411,0.0,1.4053285,0.6413628,0.6784371,0.0,0.92436236,0.0,0.9289439,0.0,1.2115659,0.0,0.902472,0.20191556,1.000534,0.08194397,0.0,0.73016447,0.3744555,0.0,0.35499302,0.0,0.0,0.21869536,1.3841648,0.22767185,1.1066734,0.0,0.0,1.3918114,0.0,1.9034021,0.0,1.3936368,0.0,0.0,0.13326392,0.0,0.9449651,0.0,0.17175019,0.8689234,0.0,0.07621156,1.0633632,0.27711698,0.0,0.20228247,0.0,1.5904651,0.89610106,1.1602181,0.627217,0.0,0.0,0.7538141,0.0,0.0,0.6794937,0.0,0.27852097,0.50393176,0.42024258,0.0,0.47925788,1.0746995,0.0,0.0,0.8805303,0.08442642,0.0,0.18246514,0.0,0.30991748,0.0,0.0,0.0,0.0,1.4640938,0.013770102,0.0,0.8289284,0.85360444,0.520947,0.0,0.0,0.0,0.0,0.0,0.0,0.0,0.0,0.0,0.3984156,2.0175123,0.0,0.0,0.48855937,0.6303343,0.6696301,0.0,0.043228272,1.765091,0.8735494,0.0,1.5136681,1.0859885,1.2933478,0.07565563,0.0,0.0,1.2292749,0.0,0.0,1.6474372,0.2704587,0.23551258,0.9742956,0.9226528,0.047660083,0.37187642,0.0,0.0,0.2820679,0.40671256,0.0,1
0.0,0.40988433,0.4840362,0.0,0.95134634,0.64928496,0.43264395,0.0,0.34478086,0.0,0.93154854,0.0,1.1227293,0.0,1.0372558,0.0,0.44500154,0.11868916,0.0,0.7719251,0.62091786,0.0,0.54508233,0.0,0.0,0.020829875,1.0920887,0.26593786,0.8892303,0.0,0.0,1.1792102,0.0,1.5898544,0.0,1.0584183,0.0,0.0,0.19428186,0.0,0.7849076,0.0,0.4717466,0.54649687,0.0,0.25178283,0.7495177,0.033926774,0.0,0.0,0.0,0.9418403,0.8311286,0.9685222,0.44648027,0.0,0.0,0.8596697,0.3164981,0.0,0.9404657,0.0,0.4888576,0.46952215,0.7660576,0.0,0.92642164,1.1797764,0.0,0.0,0.6606334,0.42630428,0.0,0.4710279,0.0,0.0,0.0,0.0,0.0,0.0,1.2524574,0.0,0.0,0.7011383,0.4885028,0.32161728,0.0,0.0,0.0,0.0,0.0,0.0,0.0,0.0,0.0,0.44866377,1.7746714,0.0,0.0,0.3418434,0.35084158,1.0037318,0.0,0.0,2.1002638,0.95982945,0.0,1.2395467,0.72683144,0.5447339,0.09835895,0.2717553,0.0,1.4346557,0.0,0.0,1.2367138,0.035951186,0.63627803,0.8959483,0.46656126,0.39833334,0.58625275,0.0,0.0,0.0,0.0,0.0,1
0.0,1.0875341,1.5785751,0.0,0.17942382,1.5830026,1.340238,0.0,0.11421738,0.0,0.0,0.0,1.9756883,0.0,0.02653378,0.462608,0.0,0.0,0.0,1.1856891,0.0,0.0,0.51178104,0.0,0.0,0.0,0.73940665,1.1723422,1.6456099,0.0,0.37578142,1.833314,0.0,1.1032522,0.25394544,0.0,0.0,0.0,0.60848063,0.0,0.72682047,0.0,1.1800201,1.2274675,0.0,0.0,1.2728928,0.39992362,0.0,0.0,0.2816386,0.0,0.967658,0.60574883,1.5400848,0.0,0.0,0.333958,0.66651756,0.0,0.0,0.0,0.73808134,0.0,1.2466122,0.0,1.4082023,0.113775656,0.0,0.0,1.3524351,0.67154944,0.0,0.76786935,0.0,0.0,0.0,0.0,0.0,0.0,1.2197216,0.0,0.0,1.9586132,0.39434972,0.7915525,0.0,0.0,0.0,0.074079044,0.39506325,1.3753468,0.0,0.0,0.0,0.0,3.311172,0.0,0.0,0.0,0.5157501,0.2809837,0.0,0.8574999,2.3455224,0.0,0.0,0.6065415,1.0551412,0.0,0.0,0.0,0.0,0.8288832,0.0,0.0,1.3958164,0.64023525,0.118192874,0.0,0.03895131,0.2964693,1.4163408,0.029076664,0.0,0.8178601,0.032070782,0.0,0
0.0,0.0,0.2710145,0.0,1.2463615,0.54997987,0.0,0.0,0.7214353,0.0,1.0020814,0.0,1.2313707,0.0,0.77424526,0.0,1.319881,0.42459682,0.0,0.2801335,0.9677472,0.0,0.4213451,0.0,0.0,0.18212806,1.9411938,0.0,1.5297638,0.0,0.0,1.4117926,0.0,2.2317917,0.0,0.7933639,0.0,0.0,0.0,0.0,1.0653542,0.0,0.0355065,0.23170276,0.0,0.6236963,0.6649186,0.29194295,0.0,0.22776924,0.17028028,1.5359706,0.80324686,1.2070091,0.7506489,0.0,0.0,0.91380143,0.0,0.0,0.99668777,0.0,0.15714106,1.0395485,0.15583345,0.0,0.14051293,1.2975411,0.0,0.0,0.28595173,0.0,0.0,0.8179894,0.03481283,0.0,0.0,0.0,0.0,0.0,1.5385332,0.0,0.0,0.9687282,1.142668,0.3712376,0.0,0.0,0.0,0.0,0.0,0.0,0.0,0.0,0.0,0.52141607,1.2725047,0.0,0.0,1.0542659,0.6921599,0.9006795,0.0,0.0,1.3514451,0.8330693,0.0,1.530524,0.3773654,1.1653161,0.0,0.025562162,0.0,1.9064149,0.0,0.0,1.3959819,0.5397366,0.0,0.97107494,1.0063591,0.22882935,0.0,0.0,0.0,0.0,0.0,0.0,1
0.0,0.0,0.055201527,0.0,1.3215501,0.20458704,0.0,0.0,0.6846814,0.0,1.1032287,0.0,1.1211364,0.0,0.6790093,0.0,1.186855,0.43523112,0.0,0.0074989726,0.8664118,0.0,0.2122601,0.0,0.0,0.12320793,1.7515475,0.0,1.0589483,0.0,0.0,1.5077028,0.0,1.7782061,0.0,0.8747163,0.0,0.0,0.0,0.0,1.181949,0.0,0.0,0.27202997,0.0,0.78811944,0.5834055,0.0,0.0,0.30198947,0.09110147,1.5498708,0.82995033,1.1184944,0.5629722,0.0,0.0,0.92975193,0.0,0.0,0.96699053,0.0,0.06930174,1.2997086,0.26934338,0.0,0.3396142,1.027465,0.0,0.0,0.31726015,0.0,0.0,0.95037735,0.0,0.21166359,0.0,0.0,0.0,0.0,1.5189165,0.07567707,0.0,0.57072127,0.92585343,0.44058517,0.0,0.0,0.0,0.0,0.0,0.09776668,0.0,0.0,0.0,0.37875372,1.1882132,0.0,0.0,0.7264351,0.52320635,0.90740347,0.0,0.0,1.4904305,0.8311473,0.0,1.4378859,0.21888897,1.0544074,0.0,0.031691734,0.0,1.6021906,0.0,0.0,1.0079012,0.47371885,0.0,0.97553885,1.2730842,0.06686017,0.0,0.0,0.0,0.030802755,0.061440106,0.0,1
0.0,0.26180685,0.44955245,0.0,1.4685516,0.93472755,0.23493096,0.0,1.1837645,0.0,1.1946937,0.0,0.6533161,0.0,1.0256532,0.06817001,0.9809009,0.2418227,0.0,0.41470057,0.43187565,0.0,0.47479558,0.0,0.0,0.27040464,1.7731465,0.0,1.0307138,0.0,0.0,1.292092,0.0,1.6111509,0.0,1.1166067,0.0,0.0,0.0,0.0,1.6805946,0.0,0.0,0.36120138,0.0,0.8110129,0.5683377,0.0057771974,0.0,0.0,0.109745346,1.50253,0.72785026,1.0214986,0.9242919,0.0,0.0,0.7234172,0.0,0.0,0.5861139,0.0,0.031149495,0.8845006,0.114536285,0.0,0.6136266,1.0393461,0.0,0.0,0.46344763,0.0,0.0,0.51093006,0.0,0.43723318,0.0,0.0,0.0,0.0,1.228672,0.0,0.0,0.38738075,0.9992622,0.32277098,0.0,0.0,0.0,0.0,0.0,0.17061858,0.0,0.0,0.0,0.28902522,1.6149138,0.0,0.0,0.3352012,0.4275603,0.8456158,0.0,0.21000555,1.3204464,0.7822515,0.0,1.8929484,0.7828192,0.71302867,0.2642312,0.0,0.0,1.2915947,0.0,0.0,1.2955647,0.27737632,0.0,1.4229661,0.5214837,0.18991616,0.27935687,0.0,0.0,0.15232232,0.20626393,0.0,1
0.0,0.73250484,0.7418591,0.0,0.94182426,0.96385145,0.04931296,0.0,0.86074895,0.0,0.70830023,0.0,1.137835,0.0,0.65169483,0.1500271,1.1076281,0.0,0.0,0.4328351,0.4097446,0.0,0.82409966,0.0,0.0,0.0,1.596583,0.15671428,1.4301373,0.0,0.0,1.2082434,0.0,1.8563291,0.0,0.8754802,0.0,0.0,0.28332552,0.0,1.1526072,0.0,0.4201406,0.73364496,0.0,0.9298152,0.68711615,0.11729925,0.0,0.0708746,0.0,0.88486856,0.99006337,0.9736471,0.87661713,0.0,0.0,0.4837562,0.10260323,0.0,0.41676497,0.0,0.45419434,0.88850796,0.3807141,0.0,0.46341062,1.4707313,0.0,0.0,0.90590703,0.0,0.0,0.6068935,0.0,0.07294054,0.0,0.0,0.0,0.0,1.5373597,0.0,0.0,1.0927742,1.1665915,0.49160063,0.0,0.0,0.0,0.0,0.0,0.31699494,0.0,0.0,0.0,0.62375736,2.1387901,0.0,0.0,0.6357582,0.5406256,0.9620844,0.0,0.11907706,1.9771017,0.44248486,0.0,1.2165748,1.1696671,0.39871562,0.18209144,0.0,0.0,1.4885575,0.0,0.0,1.481661,0.30278414,0.0,0.79040706,0.79804,0.0,0.5004971,0.0,0.0,0.47249693,0.28745776,0.0,1
0.0,1.2216953,1.3421811,0.0,0.0,1.1127045,1.0161434,0.0,0.030482985,0.0,0.68447345,0.0,1.344059,0.0,0.5038074,0.18465474,0.51054454,0.0,0.0,1.1787778,0.18044513,0.0,0.7146853,0.0,0.0,0.03411292,0.6638858,0.8794281,0.93638426,0.0,0.91361064,1.2724016,0.0,1.2655449,0.034772705,0.39962885,0.0,0.0,0.24496868,0.0,1.0034605,0.0,0.6069839,0.7107346,0.0,0.098616555,1.107984,0.0,0.0,0.0,0.27854717,0.8143584,0.4917624,0.75001013,0.66243356,0.0,0.0,0.37323532,0.27738374,0.0,0.39222094,0.0,1.0936444,0.599071,1.2134087,0.0,0.7162595,1.1850375,0.0,0.0,0.9957145,0.22428763,0.0,0.40672314,0.0,0.10168086,0.0,0.3238846,0.0,0.0,1.3769348,0.0,0.0,1.7416434,0.23922119,0.96064603,0.0,0.0,0.0,0.0,0.0,0.51033235,0.0,0.0,0.0,0.0,2.4482915,0.0,0.0,0.255037,0.7173608,0.67265344,0.0,0.5224117,2.31212,0.11270452,0.0,0.28197214,1.4030169,0.34742758,0.18719116,0.0,0.0,1.0278523,0.0,0.0,0.4830105,0.38860777,0.3824677,0.3983445,0.4770616,0.0,0.9513369,0.0,0.0,0.44480717,0.35691905,0.0,1
0.0,0.5553308,0.37605786,0.0,0.753771,0.51094705,0.4330822,0.0,0.6316957,0.0,0.8571798,0.0,0.8779137,0.0,1.0768465,0.1603215,0.52121174,0.0,0.0,0.49323705,0.4240136,0.0,0.644441,0.0,0.0,0.19776003,1.2366542,0.1026762,0.91647226,0.0,0.11645541,0.9124826,0.0,1.8076543,0.0,1.0336906,0.0,0.0,0.0,0.0,0.99662226,0.0,0.17058392,0.28330538,0.0,0.42149153,0.46243197,0.0,0.0,0.0,0.0,1.6279634,0.4454932,0.8490575,0.7847055,0.0,0.0,0.44796875,0.0,0.0,0.48352602,0.0,0.3042173,0.4768731,0.1761747,0.0,0.35252398,1.0266725,0.0,0.0,0.19089888,0.04164487,0.0,0.75521505,0.0,0.39281526,0.0,0.0,0.0,0.0,1.2751322,0.0,0.0,0.68567795,0.99417746,0.48527387,0.0,0.0,0.0,0.0,0.0,0.17448126,0.0,0.0,0.0,0.143994,1.2135549,0.0,0.0,0.55903673,0.3427676,0.62942445,0.0,0.1545321,1.4403489,0.846693,0.0,0.9887747,0.9499466,0.88270056,0.14021909,0.6442577,0.0,0.70315665,0.0,0.0,0.75163305,0.45944625,0.0,0.6839105,0.3548958,0.0,0.29930595,0.0,0.0,0.41035885,0.0,0.0,1
0.0,1.0660661,1.6552645,0.0,0.23832516,1.3443865,1.1896195,0.0,0.0,0.0,0.0012372932,0.0,1.6790359,0.0,0.0,0.8595175,0.0,0.0,0.0,1.3369925,0.0,0.0,0.2914496,0.0,0.0,0.0,0.5073201,1.3305559,1.5468609,0.0,0.11923986,1.570647,0.0,0.9525497,0.69601417,0.0,0.0,0.0,0.62329566,0.0,0.9466413,0.0,1.3087875,1.2431256,0.0,0.0,1.4136683,0.10975664,0.0,0.0,0.0,0.0,1.5787427,0.5737218,1.5182483,0.0,0.0,0.18422629,1.1798637,0.0,0.0,0.0,0.66310924,0.115354635,1.2602793,0.0,1.56038,0.0,0.0,0.0,1.6693065,0.5049554,0.0,0.6118455,0.0,0.0,0.0,0.0,0.0,0.0,1.2746356,0.0,0.0,1.8347641,0.45926005,0.747241,0.0,0.0,0.0,0.06617708,0.4183648,1.5253844,0.0,0.0,0.0,0.0,3.2013047,0.0,0.0,0.0,0.4289591,0.5015438,0.0,0.7117936,2.9249148,0.0,0.0,0.5744205,0.6793947,0.0,0.0,0.0,0.0,0.72556823,0.0,0.0,1.0827187,0.62631583,0.18966687,0.0,0.09242946,0.24786882,1.0744221,0.26366943,0.0,0.36529067,0.0,0.0,0
0.0,0.37377355,0.73846674,0.0,1.0072179,0.011186076,0.569172,0.0,1.3072202,0.0,1.4735608,0.0,0.66828346,0.0,1.429773,0.2529095,0.71136016,0.0,0.0,0.88211536,0.33658513,0.0,0.9531348,0.0,0.0,0.78274316,1.66075,0.52003473,0.9291765,0.0,0.0,0.8539871,0.0,2.4824874,0.0,1.6027281,0.0,0.0,0.0,0.0,1.5366559,0.0,0.065777995,0.014594595,0.0,0.3578902,0.6537169,0.36590397,0.0,0.15247495,0.067140676,2.3081954,0.45205697,1.0705695,0.91186935,0.0,0.0,0.9293128,0.25244904,0.0,0.6455628,0.0,0.0,0.8745111,0.5723694,0.0,0.0,1.3478376,0.0,0.0,0.35782653,0.0,0.0,0.1642006,0.0,0.44866863,0.0,0.0,0.0,0.0,1.1640215,0.27150318,0.0,0.3375273,1.1938359,0.23062155,0.0,0.0,0.0,0.0,0.0,0.282083,0.0,0.0,0.0,1.2476711,1.469828,0.0,0.0,0.8666917,1.1314497,1.2088622,0.0,0.14204806,1.4827745,0.99161285,0.0,1.3302313,1.1530075,1.2343832,0.6035022,0.7387753,0.0,0.80414027,0.0,0.0,0.7351331,0.0,0.0,0.55381453,0.526149,0.0,0.0,0.0,0.0,0.04328852,0.0,0.0,1
0.0,1.2072971,1.2651364,0.0,0.28366557,1.2055581,1.1069639,0.0,0.056056835,0.0,0.34730262,0.0,1.6182299,0.0,0.0,0.5057091,0.5280956,0.0,0.0,1.2449578,0.0,0.0,0.36439952,0.0,0.0,0.0,0.96970534,1.1046526,1.4909997,0.0,0.7410768,1.5308925,0.0,0.70811313,0.41418687,0.052457448,0.0,0.0,0.13458672,0.0,1.1336048,0.0,0.8243519,1.2035563,0.0,0.024101479,1.2697622,0.0785378,0.0,0.0,0.26222906,0.4366557,1.2197579,0.5117192,1.0854969,0.0,0.0,0.052669507,0.80479056,0.0,0.0,0.0,0.85851485,0.101208456,1.0179864,0.0,1.4833279,0.44774547,0.0,0.0,1.5201883,0.49702373,0.0,0.6401798,0.0,0.31565636,0.0,0.0,0.0,0.0,1.5085418,0.014587102,0.0,2.0558443,0.23982891,1.0788515,0.0,0.0,0.0,0.0,0.12271102,0.8895633,0.0,0.0,0.0,0.0,2.812972,0.0,0.0,0.0,0.42728218,0.30614194,0.0,0.22663778,2.453872,0.0,0.0,0.051977415,1.0427661,0.13362435,0.0,0.0,0.0,1.0505074,0.0,0.0,0.7356559,0.52943975,0.07512163,0.0,0.29137543,0.2547547,0.9366612,0.0,0.0,0.3321851,0.34971234,0.0,1
0.0,1.5071044,1.6164596,0.0,0.0,1.3127966,1.2805827,0.0,0.0,0.0,0.0,0.0,2.031197,0.0,0.09448393,0.6824445,0.111397415,0.0,0.0,1.1057963,0.0,0.0,0.25260723,0.0,0.0,0.0,0.64103156,0.8273832,1.20982,0.0,0.7375635,1.4465735,0.0,0.69599,0.42561993,0.14436513,0.0,0.0,0.46682966,0.0,0.6584946,0.0,0.9999924,1.1803433,0.0,0.0,0.9623396,0.17319058,0.0,0.0,0.23239842,0.0,0.9717243,0.06301372,1.2856578,0.0,0.0,0.34563327,1.1524609,0.0,0.1556324,0.0,0.6819307,0.0,1.1331068,0.0,1.6788633,0.15214057,0.0,0.0,1.2600737,0.40037656,0.0,0.5595321,0.0,0.0,0.0,0.0,0.0,0.0,0.95441276,0.0,0.0,1.9431195,0.06877779,0.8997598,0.0,0.0,0.0,0.0,0.40045625,1.4255522,0.0,0.0,0.0,0.09284157,2.599292,0.0,0.0,0.0,0.29747978,0.37619746,0.0,0.63121194,2.589455,0.0,0.0,0.25132284,0.59960437,0.0,0.0,0.0,0.0,0.8503763,0.0,0.0,0.8991654,0.31360447,0.35200095,0.0,0.004572902,0.36022586,1.1510363,0.0,0.0,0.45694527,0.26848316,0.0,0
0.0,1.0963467,0.62800175,0.0,0.8381272,0.6784159,0.60128546,0.0,0.3763596,0.0,0.5722729,0.0,1.4962461,0.0,0.066336,0.0,0.5064019,0.0,0.0,0.834887,0.22520758,0.0,0.6577593,0.0,0.0,0.0,1.0608113,0.6201614,1.467939,0.0,0.41038454,1.6965833,0.0,1.3366538,0.13491945,0.2856831,0.0,0.0,0.24079369,0.0,0.67115074,0.0,0.5125937,1.0838224,0.0,0.4185142,1.0795304,0.0,0.0,0.0,0.0,0.566462,1.0654788,0.57661736,0.47766182,0.0,0.0,0.27169338,0.53284234,0.0,0.57198113,0.0,0.5498469,0.6619349,1.0418173,0.0,1.182109,0.78344226,0.0,0.0,1.2715946,0.07605689,0.0,0.65195507,0.0,0.17384085,0.0,0.0,0.0,0.0,1.2920327,0.033133935,0.0,1.3655365,0.35242024,0.87859595,0.0,0.0,0.0,0.0,0.0,0.7909166,0.0,0.0,0.0,0.0,2.068382,0.0,0.0,0.28492382,0.11107638,0.3950191,0.0,0.008468631,1.8013204,0.39584067,0.0,0.6959581,0.98646593,0.37948358,0.0,0.0,0.0,1.0511599,0.0,0.0,0.65772086,0.54812974,0.0,0.4138692,0.94104785,0.16191486,0.9651585,0.12882599,0.0,0.30811846,0.40821886,0.0,1
0.0,0.3734531,0.14796287,0.0,1.0156456,0.41075283,0.13463275,0.0,0.38797918,0.0,0.57566005,0.0,1.3360199,0.0,0.3928296,0.07316598,0.8664491,0.21078488,0.0,0.6511636,0.6276496,0.0,0.5664443,0.0,0.0,0.0,1.3951576,0.0,1.0783484,0.0,0.0,1.4892728,0.0,1.5903286,0.0,0.5971181,0.0,0.0,0.13127942,0.0,0.8260053,0.0,0.0,0.54966086,0.0,0.5078088,0.79841876,0.0,0.0,0.0014159746,0.0,0.8437173,0.7486893,0.6429268,0.77017784,0.0,0.0,0.5337089,0.1616322,0.0,1.1026087,0.0,0.42061013,0.7708234,0.4853989,0.0,0.74240845,0.9385797,0.0,0.0,0.2221222,0.32447785,0.0,1.0007241,0.04549209,0.1523919,0.0,0.0,0.0,0.0,1.4100308,0.031667512,0.0,0.8252656,0.82808256,0.47125632,0.0,0.0,0.0,0.0,0.0,0.0,0.0,0.0,0.0,0.3655291,1.400894,0.0,0.0,0.74914294,0.4194972,0.7583027,0.0,0.0,1.265945,0.68099654,0.0,1.2297395,0.44855982,0.47267133,0.0,0.165365,0.0,1.4619416,0.0,0.0,0.91503626,0.39603108,0.1608466,0.29861304,1.0452095,0.44231436,0.34281692,0.0,0.0,0.32558602,0.08838837,0.0,1
0.0,0.6742238,0.71814275,0.0,0.74297136,0.48214573,0.9812323,0.0,0.8868891,0.0,0.9013094,0.0,1.5556839,0.0,1.1443188,0.09883426,0.6416053,0.037396222,0.0,0.39095676,0.43990332,0.0,0.8394455,0.0,0.0,0.0,1.4107862,0.10792689,0.787913,0.0,0.38751838,1.6651262,0.0,2.2228127,0.0,0.99734974,0.0,0.0,0.0,0.0,0.82242364,0.0,0.010934166,0.45284584,0.0,0.53757226,0.4021376,0.0,0.0,0.0,0.044383828,1.3102796,0.3857347,1.3445225,0.7575982,0.0,0.0,0.6675257,0.2232192,0.0,1.0240884,0.0,0.7672918,1.0816221,0.2605384,0.0,0.28844047,2.0761478,0.0,0.0,0.96446687,0.08198537,0.0,1.0209941,0.0,0.2222709,0.0,0.0,0.0,0.0,1.5857942,0.0,0.0,0.48360455,0.8339289,0.18524882,0.0,0.0,0.0,0.0,0.0,0.21674488,0.0,0.0,0.0,0.67641485,2.2347689,0.0,0.0,0.41113847,0.48278636,0.55972743,0.0,0.0,1.5487003,1.4179995,0.0,1.1130816,0.9614433,0.72996384,0.4471064,0.0,0.0,1.1383841,0.0,0.0,1.3894075,0.0,0.0,0.80252427,0.9152253,0.094629735,0.34716174,0.0,0.0,0.051972806,0.0,0.0,1
0.0,1.2119906,1.7356694,0.0,0.0051617627,1.1544116,1.0799973,0.0,0.0,0.0,0.04639088,0.0,1.8501896,0.0,0.34190542,0.9112595,0.0,0.0,0.0,1.0230328,0.0,0.0,0.48677245,0.0,0.0,0.0,0.64948887,1.032364,1.1179311,0.0,0.6288834,1.3158568,0.0,0.7932555,0.5567167,0.0,0.0,0.0,0.43391517,0.0,0.8215172,0.0,1.288506,1.0866038,0.0,0.0066257133,0.8778795,0.24560013,0.0,0.0,0.0,0.0,0.9685535,0.05588929,1.2917604,0.0,0.0,0.23342064,1.3658587,0.0,0.0,0.0,0.7556403,0.0,1.70485,0.0,1.5119447,0.0,0.0,0.0,1.2211951,0.34623334,0.0,0.92991906,0.0,0.05152145,0.0,0.027875306,0.0,0.0,0.88210475,0.0,0.0,1.7353616,0.19888157,0.56894505,0.0,0.0,0.0,0.0,0.7515453,1.8506032,0.0,0.0,0.0,0.0,2.7028213,0.0,0.0,0.0,0.13331176,0.7134434,0.0,0.9973584,2.4709625,0.0,0.0,0.33855224,0.43471852,0.0,0.0,0.0,0.0,0.58963335,0.0,0.0,0.82647514,0.18953772,0.24506363,0.0,0.0,0.29682267,1.2250657,0.15301883,0.0,0.27810526,0.0,0.0,0
0.0,0.95251834,1.9272009,0.0,0.0,0.8759224,1.0915065,0.0,0.0,0.0,0.0,0.0,1.9417434,0.0,0.0,0.90461177,0.025769992,0.0,0.0,1.6020178,0.0,0.0,0.34200802,0.0,0.0,0.0,0.693929,1.0747005,1.682761,0.0,0.69209653,1.3837107,0.0,1.0289537,0.39603657,0.0,0.0,0.0,0.81053334,0.0,1.0222461,0.0,1.0801368,1.3313304,0.0,0.0,1.2988497,0.14428894,0.0,0.0,0.04575592,0.0,1.0966094,0.3364176,1.8161585,0.0,0.0,0.1547689,0.91448563,0.0,0.0,0.0,0.88772917,0.061141167,1.7483195,0.0,1.5241344,0.0,0.0,0.0,1.7121645,0.6893837,0.0,0.7850837,0.0,0.120930865,0.0,0.0,0.0,0.0,1.121849,0.0,0.0,1.9311204,0.747022,0.7195551,0.0,0.0,0.0,0.040851057,0.8186702,1.7833499,0.0,0.0,0.0,0.0,3.3421822,0.0,0.0,0.0,0.3121308,0.25964057,0.0,0.97994715,2.8037424,0.0,0.0,0.37439612,0.41756582,0.0,0.0,0.0,0.0,0.78792006,0.0,0.0,0.6790186,0.42940342,0.017692441,0.0,0.0,0.20380795,1.2243563,0.08799689,0.0,0.21460812,0.0,0.0,0
0.0,0.7394973,0.0,0.0,0.9235759,0.34991956,0.504576,0.0,0.5927539,0.0,1.0424641,0.0,0.8739407,0.0,1.1887852,0.09772408,0.5243123,0.21841608,0.0,0.010897927,0.4006015,0.0,0.7026905,0.0,0.0,0.0,1.2291114,0.0800675,0.77507365,0.0,0.18904924,0.9467313,0.0,1.7470573,0.0,1.2232581,0.0,0.0,0.0,0.0,0.35159814,0.0,0.37759903,0.02118706,0.0,0.6346064,0.0,0.0,0.0,0.0,0.0,1.1537563,0.47640058,0.95115083,0.4792026,0.05827605,0.0,0.787008,0.09619204,0.0,0.78883034,0.0,0.7075967,0.9884514,0.008156555,0.0,0.47068846,1.4970767,0.0,0.0,0.03921309,0.0,0.0,0.9727285,0.0,0.5006182,0.0,0.0,0.0,0.0,1.1329924,0.018497579,0.0,0.8482862,0.8962063,0.47638017,0.0,0.0,0.0,0.0,0.0,0.34566268,0.0,0.0,0.0,0.4349824,1.3975341,0.0,0.0,0.80123496,0.08422065,0.4584361,0.0,0.0,1.8656697,0.9678304,0.0,1.2953107,0.9768169,0.9436746,0.012485716,0.7203728,0.0,0.9425257,0.0,0.0,1.1552275,0.7114512,0.11729046,0.9405749,0.4295023,0.0,0.0,0.0,0.0,0.23813403,0.0,0.0,1
0.0,1.5499352,1.2572727,0.0,0.21826673,0.9070042,1.2753441,0.0,0.0,0.0,0.0,0.0,2.383187,0.0,0.0,0.66866505,0.18826585,0.0,0.0,1.6048821,0.01566845,0.0,0.16175026,0.0,0.0,0.0,0.30084473,1.0758735,1.3159286,0.0,0.85234666,1.4265451,0.0,0.7352596,0.95649517,0.0,0.0,0.0,0.6753642,0.0,0.680116,0.0,0.919227,1.2071903,0.0,0.0,1.3345135,0.0,0.0,0.0,0.006538409,0.0,0.89770544,0.107603535,0.83249635,0.0,0.0,0.3296357,1.1662169,0.0,0.34710276,0.0,1.100494,0.14701909,1.2396698,0.0,1.8576499,0.38569385,0.0,0.0,1.3607923,0.7049676,0.0,0.7931462,0.0,0.2061687,0.0,0.0,0.0,0.0,1.1214195,0.0,0.0,2.2458806,0.027219718,1.2214892,0.0,0.0,0.0,0.0,0.0,1.0599605,0.0,0.0,0.0,0.0,2.9486248,0.0,0.0,0.0,0.13529001,0.403309,0.0,0.51670873,2.5109198,0.0,0.0,0.19799636,0.7221247,0.11779814,0.0,0.11501061,0.0,0.89461213,0.0,0.0,0.63455766,0.44505534,0.7897323,0.0,0.16089737,0.37692037,1.098658,0.01396349,0.0,0.40841568,0.2989873,0.0,0
0.0,0.38603163,1.2568294,0.0,0.40164194,1.0142812,0.4914865,0.0,0.37961915,0.0,0.04645141,0.0,1.0643318,0.0,0.16172048,0.5009317,0.0,0.0,0.0,0.95079714,0.4761411,0.0,0.24562132,0.0,0.0,0.0,0.8507485,0.86289525,1.6933141,0.0,0.0,1.6994069,0.0,1.4452715,0.0,0.32515353,0.0,0.0,0.21028963,0.0,1.2395023,0.0,0.7785602,0.9548665,0.0,0.13220829,1.0291759,0.55224425,0.0,0.0,0.07941053,0.17097206,1.0906999,0.88254046,1.0343406,0.0,0.0,0.36925903,0.38780946,0.0,0.030944852,0.0,0.3902793,0.289199,0.6654106,0.0,0.81237566,0.21900214,0.0,0.0,0.91539973,0.26278594,0.0,0.9921967,0.0,0.18211536,0.0,0.0,0.0,0.0,1.538003,0.0,0.0,1.1948051,0.9154141,0.9530864,0.0,0.0,0.0,0.17155993,0.21405278,0.7203768,0.0,0.0,0.0,0.0,2.7021756,0.0,0.0,0.2488266,0.20628427,0.48054576,0.0,0.6120189,2.232266,0.0,0.0,0.8267786,0.9564109,0.17448789,0.0,0.0,0.0,1.2665215,0.0,0.0,1.4110082,0.5659086,0.0,0.40742248,0.103471994,0.34346923,0.9503776,0.0,0.0,0.43249685,0.058396373,0.0,1
0.0,0.31601205,0.916151,0.0,0.7475392,0.50306946,0.2682038,0.0,1.032996,0.0,1.1227125,0.0,0.9404467,0.0,0.95721817,0.25674215,0.71922904,0.06070111,0.0,0.8400664,0.33800226,0.0,0.5224208,0.0,0.0,0.3282779,1.462066,0.374541,1.206584,0.0,0.0,1.5179555,0.0,1.8916034,0.0,1.0289483,0.0,0.0,0.012227393,0.0,1.2988045,0.0,0.21755104,0.52333784,0.0,0.36061072,0.90702546,0.19098702,0.0,0.12612958,0.0028843016,1.4853507,0.7363154,1.0501301,0.81156516,0.0,0.0,0.6046736,0.0,0.0,0.692784,0.0,0.27243054,0.8151951,0.46471354,0.0,0.1672369,0.7998081,0.0,0.0,0.77876616,0.018944165,0.0,0.3318033,0.1438876,0.24945349,0.0,0.0,0.0,0.0,1.4381559,0.050457533,0.0,1.0403371,1.0962099,0.42989865,0.0,0.0,0.0,0.0,0.0,0.1331328,0.0,0.0,0.0,0.6876621,1.5898212,0.0,0.0,0.785094,0.93226373,0.8560117,0.0,0.33310917,1.6314267,0.692528,0.0,1.7263163,1.071535,0.95162904,0.0577653,0.0,0.0,0.84982413,0.0,0.0,1.2764033,0.0713111,0.0,0.6828427,0.6410895,0.13222134,0.3961862,0.0,0.0,0.2850266,0.15983555,0.0,1
0.0,0.49360144,0.0,0.0,0.8606568,0.23972458,0.15801801,0.0,0.6732273,0.0,0.96221787,0.0,1.3508177,0.0,1.2042277,0.0,0.8689977,0.0,0.0,0.678145,0.6007759,0.0,0.53980976,0.0,0.0,0.3642432,1.5108174,0.0,0.7134035,0.0,0.0,0.8690903,0.0,1.8672183,0.0,1.4713798,0.0,0.0,0.0,0.0,0.8312595,0.0,0.0,0.18014266,0.0,0.7885025,0.83075845,0.0,0.0,0.0,0.0,2.021154,0.2726964,0.82712346,1.069529,0.0,0.0,0.29452452,0.013095367,0.0,0.6660536,0.0,0.57741326,0.60062003,0.1279523,0.0,0.14687222,1.0011518,0.0,0.0,0.30031747,0.0063766786,0.0,0.53517026,0.0,0.13728751,0.0,0.0,0.0,0.0,1.2749271,0.0,0.0,0.66256595,1.0022304,0.73755175,0.0,0.0,0.0,0.0,0.0,0.0,0.0,0.0,0.0,0.96476585,1.1940143,0.0,0.0,0.95889455,0.52757335,0.60143113,0.0,0.0,1.5359544,0.760074,0.0,1.2180891,0.688406,1.2449713,0.16491884,0.6587204,0.0,0.71951395,0.0,0.0,0.9861683,0.32718623,0.1363762,0.7264875,0.63297296,0.1711843,0.0,0.0,0.0,0.11610944,0.0,0.0,1
0.0,0.14233102,0.08206163,0.0,0.88845366,0.46674708,0.33203864,0.0,0.88342947,0.0,1.2762368,0.0,0.82619923,0.0,1.2588263,0.0,0.8940705,0.31145337,0.0,0.50908875,0.8559503,0.0,0.48528135,0.0,0.0,0.5360555,1.5749497,0.0,0.5773207,0.0,0.0,1.3366458,0.0,2.4624476,0.0,1.2763226,0.0,0.0,0.0,0.0,1.1473678,0.0,0.0,0.25557947,0.0,0.36240086,0.18221942,0.14541118,0.0,0.0,0.42287314,1.7333001,0.4105008,1.1580629,0.4749056,0.0,0.0,0.8093443,0.03014115,0.0,0.687429,0.0,0.3405414,0.91116476,0.050179806,0.0,0.33046097,1.1302719,0.0,0.0,0.27469882,0.04704881,0.0,1.0700195,0.16321658,0.39751807,0.0,0.0,0.0,0.0,1.2857392,0.0,0.0,0.53824055,1.0520552,0.20324135,0.0,0.0,0.0,0.0,0.0,0.0,0.0,0.0,0.0,0.6339136,1.3567055,0.0,0.0,0.9716091,0.12519692,0.77084947,0.0,0.0,1.1993594,1.3198137,0.0,1.3136762,1.1370441,0.9936261,0.11735381,0.3530104,0.0,0.70387214,0.0,0.0,1.5897508,0.12947357,0.07632842,0.577702,0.59761536,0.109007,0.25828317,0.0,0.0,0.16424857,0.0,0.0,1
0.0,0.077419534,0.30480987,0.0,1.2198057,0.3916292,0.0,0.0,0.8997208,0.0,1.1757889,0.0,1.166488,0.0,1.141036,0.0,1.096889,0.07445906,0.0,0.44885534,0.46689728,0.0,0.7265893,0.0,0.0,0.7026004,1.916357,0.0,0.9946926,0.0,0.0,1.3407184,0.0,2.1466572,0.0,1.4497426,0.0,0.0,0.0,0.0,1.6170454,0.0,0.0,0.47268626,0.0,1.0028403,0.59979844,0.0,0.0,0.15310411,0.6103525,2.2870567,0.2092913,1.0847046,0.8419623,0.0,0.0,0.589501,0.0,0.0,0.51833296,0.0,0.27322575,1.1036944,0.20580143,0.0,0.0,1.2087061,0.0,0.0,0.22931546,0.0,0.0,0.7612677,0.0,0.5197308,0.0,0.0,0.0,0.0,1.4327086,0.0,0.0,0.40381578,1.5212734,0.2989079,0.0,0.0,0.0,0.0,0.0,0.0,0.0,0.0,0.0,0.92545116,1.3277665,0.0,0.0,1.004026,0.9847228,0.68293095,0.0,0.0,1.3166466,0.854412,0.0,1.473687,0.7998668,1.1946673,0.030861977,0.5393106,0.0,1.0476484,0.0,0.0,1.00098,0.31802705,0.0,0.7911443,0.9403986,0.0,0.04792139,0.0,0.0,0.24913849,0.0,0.0,1
0.0,0.14123322,0.37321487,0.0,1.1390504,0.47813174,0.06962617,0.0,0.6530475,0.0,1.2055546,0.0,1.1613431,0.0,1.1121616,0.0,1.330551,0.2867912,0.0,0.45274514,0.54537445,0.0,0.34120533,0.0,0.0,0.36028287,1.7881616,0.0,1.0317011,0.0,0.0,1.0322491,0.0,2.2647145,0.0,1.2058487,0.0,0.0,0.0,0.0,1.4355557,0.0,0.0,0.3678819,0.0,0.8246645,0.6597631,0.0,0.0,0.0,0.30950764,1.9418646,0.6252497,0.45739168,0.7196215,0.0,0.0,0.66603005,0.056468368,0.0,0.7769652,0.0,0.36796433,0.8913512,0.14210144,0.0,0.517128,1.0989622,0.0,0.0,0.3491099,0.03643715,0.0,0.5318818,0.123189114,0.12016685,0.0,0.0,0.0,0.0,1.3613161,0.0,0.0,0.5441787,1.2058657,0.57241994,0.0,0.0,0.0,0.0,0.0,0.0,0.0,0.0,0.0,1.2171677,1.2196618,0.0,0.0,0.8396087,0.6203248,0.99142194,0.0,0.09383795,1.4428614,0.9783992,0.0,1.5731963,0.75087947,0.82581854,0.23991105,0.2708974,0.0,1.1653322,0.0,0.0,0.9595474,0.0,0.0,0.8332144,0.7326915,0.015155225,0.29788408,0.0,0.0,0.19433898,0.08893619,0.0,1
0.0,0.053723276,0.0,0.0,1.1923429,0.0,0.0752701,0.0,0.9510043,0.0,1.0868026,0.0,0.96365386,0.0,1.1144642,0.0,0.6335768,0.42796054,0.0,0.18837509,0.74839234,0.0,0.14869641,0.0,0.0,0.70253557,1.6083723,0.0,0.5333785,0.0,0.0,1.1916088,0.0,2.0884461,0.0,1.4597116,0.0,0.0,0.0,0.0,1.3308582,0.0,0.0,0.0,0.0,0.930821,0.2767187,0.49779683,0.0,0.03595852,0.0459203,2.3881266,0.35900608,0.82136476,0.5335863,0.0,0.0,0.9401371,0.0,0.0,0.7322692,0.0,0.0,1.0784937,0.14462306,0.0,0.11639116,1.5667013,0.0,0.0,0.014624644,0.0,0.0,0.45613474,0.0,0.40999785,0.0,0.0,0.0,0.0,1.5542219,0.08862111,0.0,0.29244378,1.0444406,0.0,0.0,0.0,0.0,0.0,0.0,0.1469963,0.0,0.0,0.0,1.0318098,1.1031909,0.0,0.0,0.80649424,0.38667473,0.9145211,0.0,0.0,1.0761454,1.1319352,0.0,1.5354698,0.6313678,1.338305,0.029690681,0.60348165,0.0,0.74204975,0.0,0.0,0.7608161,0.0,0.0,0.8891654,0.9317579,0.14833611,0.23709063,0.0,0.0,0.0,0.0,0.0,1
0.0,1.151474,1.6526107,0.0,0.124533415,1.4759314,1.4271868,0.0,0.0,0.0,0.0,0.0,2.3376136,0.0,0.0,0.69316226,0.0,0.0,0.0,1.1973068,0.0,0.0,0.7682291,0.0,0.0,0.0,0.6615717,1.4996537,1.602057,0.0,0.73021036,1.5190399,0.0,0.78501576,0.45735505,0.0,0.0,0.0,0.88074917,0.0,0.75839084,0.0,1.463313,1.1623676,0.0,0.06955193,1.2940999,0.5738587,0.0,0.0,0.013525628,0.0,0.860238,0.042936604,1.9884429,0.0,0.0,0.32645887,1.32235,0.0,0.0,0.0,1.0228989,0.0,1.2839711,0.0,1.4525025,0.19072926,0.0,0.0,1.6500474,0.5616604,0.0,1.1540374,0.0,0.0,0.0,0.035456955,0.0,0.0,1.220722,0.0,0.0,2.2279844,0.47403747,0.58155245,0.0,0.0,0.0,0.09065462,0.68441653,1.5637352,0.0,0.0,0.0,0.07898108,3.7343683,0.0,0.0,0.0,0.6803795,0.5233682,0.0,0.8249893,2.6825223,0.0,0.0,0.39833215,0.9753002,0.0,0.0,0.0,0.0,0.9324437,0.0,0.0,0.9123351,0.5703419,0.4464647,0.0,0.0,0.24449724,1.4445058,0.063843906,0.0,0.76406837,0.04836699,0.0,0
0.0,1.1427004,0.83858114,0.0,0.0,0.9010935,1.2274414,0.0,0.0,0.0,0.0,0.0,1.8846374,0.0,0.0,0.8059016,0.040772773,0.0,0.0,1.8385113,0.0,0.0,0.0,0.0,0.0,0.0,0.53187674,1.2187561,1.3605795,0.0,0.72387457,1.8088038,0.0,1.0361419,0.55897355,0.0,0.0,0.0,0.75366646,0.0,0.93343604,0.0,1.4272528,1.158954,0.0,0.16072042,1.5270144,0.0,0.0,0.0,0.0,0.0,1.2109475,0.45948467,1.2132194,0.0,0.0,0.0049240403,0.97169054,0.0,0.0,0.0,1.1509625,0.15991503,1.5180786,0.0,1.8397988,0.47532925,0.0,0.0,2.079657,0.3306523,0.0,0.83873093,0.0,0.0013521755,0.0,0.0,0.0,0.0,1.4334737,0.0,0.0,1.8817354,0.20084618,0.9867886,0.0,0.0,0.0,0.0,0.5384605,1.4314901,0.0,0.0,0.0,0.13306901,3.3246279,0.0,0.0,0.0,0.44506824,0.6581625,0.0,0.5235631,2.3676302,0.0,0.0,0.2700956,0.7234349,0.41979495,0.0,0.0,0.0,0.31081992,0.0,0.0,0.66107,0.29184675,0.20582333,0.0,0.66336936,0.281517,1.2365489,0.0,0.0,0.0,0.50157064,0.0,0
0.0,0.60102516,1.0576296,0.0,0.39488664,0.41064653,0.5474632,0.0,0.072732665,0.0,0.32036188,0.0,0.76586396,0.0,0.36731905,0.3882672,0.29626378,0.0,0.0,1.019001,0.0,0.0,0.34884983,0.0,0.0,0.0,0.52821463,0.6693323,0.8493306,0.0,0.40008554,1.2430334,0.0,1.6317073,0.0,0.0,0.0,0.0,0.29159066,0.0,1.551878,0.0,1.0329703,0.78048795,0.0,0.6435276,0.60543746,0.0028483667,0.0,0.0,0.0,0.23382159,0.88419795,0.7865929,0.5515963,0.0,0.0,0.19283605,0.63913995,0.0,0.30367994,0.0,1.0679973,0.6318072,0.9857548,0.0,0.87882113,0.73017555,0.0,0.0,0.9073379,0.0,0.0,0.62142575,0.0,0.09646897,0.0,0.0,0.0,0.0,1.0357336,0.15070096,0.0,1.4577705,0.4406171,0.726848,0.0,0.0,0.0,0.0,0.27862647,0.9776828,0.0,0.0,0.0,0.4154495,2.2603478,0.0,0.0,0.0,0.31913388,0.4759577,0.0,0.36990923,2.204948,0.5663438,0.0,0.8981903,0.95913935,0.57275903,0.0,0.0,0.0,0.40188858,0.0,0.0,0.4839956,0.29842666,0.0,0.4086953,0.49067074,0.13220705,1.1651963,0.116622955,0.0,0.0,0.062473964,0.0,1
0.0,0.39614278,0.77474976,0.0,1.1024244,0.52739197,0.17476507,0.0,0.0885429,0.0,0.7027304,0.0,1.0171959,0.0,0.33043867,0.011775701,0.6601249,0.0,0.0,0.6205546,0.19432704,0.0,0.5431487,0.0,0.0,0.0,0.85610014,0.47114944,1.1678964,0.083694644,0.12593259,1.2458028,0.0,1.5807782,0.12725376,0.36210227,0.0,0.0,0.0,0.0,1.1005625,0.0,0.08189161,0.9691901,0.0,0.7187276,0.70000863,0.0,0.0,0.0,0.0,0.8548751,0.8976927,0.7652089,0.4768531,0.0,0.0,0.51027393,0.0,0.0,0.5704655,0.0,0.65221554,1.0711118,0.62357795,0.0,1.0039775,0.9211316,0.0,0.0,0.8322399,0.0,0.0,0.71030784,0.0,0.32578534,0.0,0.0,0.0,0.0,1.3300599,0.05164906,0.0,1.1093866,0.56028265,0.9082145,0.0,0.0,0.0,0.0,0.0,0.69877553,0.0,0.0,0.0,0.0,1.9620916,0.0,0.0,0.34302762,0.45441455,0.516814,0.0,0.19810218,1.7118149,0.6422441,0.0,0.7068508,1.054675,0.49316368,0.27165768,0.0,0.0,1.0511132,0.0,0.0,0.78912944,0.61478716,0.0,0.8065258,0.84842247,0.07367025,0.835674,0.0,0.0,0.0,0.19707893,0.0,1
0.0,0.8168085,0.36251613,0.0,0.79167664,0.36432362,0.7857174,0.0,0.0789238,0.0,0.83574927,0.0,1.1302093,0.0,0.47008806,0.5694402,0.34083608,0.15527016,0.0,0.17418875,0.122932896,0.0,0.004862869,0.0,0.0,0.0,1.1546646,0.054983452,0.32907107,0.0,0.64336884,0.60849434,0.0,1.5686895,0.10487247,1.1678143,0.0,0.0,0.0,0.0,1.2189646,0.0,0.43507668,0.71166825,0.0,0.28488132,0.4230968,0.0025274032,0.0,0.0,0.0,0.9278109,0.3942549,0.65434355,0.29469097,0.0,0.0,0.5818831,0.41206932,0.0,0.45363727,0.0,0.98299676,0.73381966,0.31588036,0.0,0.6957344,1.2149459,0.0,0.0,0.78433675,0.055092517,0.0,0.5104961,0.0,0.43672493,0.0,0.0,0.0,0.0,1.1865826,0.034582626,0.0,0.9459381,0.35801706,0.69194275,0.0,0.0,0.0,0.0,0.0,0.82040703,0.0,0.0,0.0,0.0,1.8505052,0.0,0.0,0.6637846,0.0,0.15421736,0.0,0.4210045,1.6087654,1.022772,0.0,1.1508743,0.81253517,0.73624253,0.53130937,0.20395544,0.0,0.4438657,0.0,0.0,0.8967203,0.17008917,0.2654201,0.87289286,0.26882085,0.026232347,0.047268905,0.0,0.0,0.0,0.17122929,0.0,1
0.0,0.76440376,0.20679218,0.0,1.0620807,0.61063784,0.6492365,0.0,0.56137776,0.0,1.0438179,0.0,1.0314581,0.0,0.94977033,0.0,0.9974613,0.0,0.0,0.18427151,0.6255802,0.0,0.33615407,0.0,0.0,0.52331656,1.4672172,0.17095147,0.8303053,0.0,0.057491995,1.4235682,0.0,2.2437313,0.0,1.27694,0.0,0.0,0.06978191,0.0,1.439542,0.0,0.0,0.34757838,0.0,0.57981765,0.57399833,0.0,0.0,0.0,0.31820723,1.8544332,0.045674015,0.5071955,0.53518957,0.0,0.0,0.8282032,0.1580131,0.0,0.8449708,0.0,0.43956468,0.84885615,0.0,0.0,0.46294883,1.3496951,0.0,0.0,0.0,0.0,0.0,0.8185264,0.0,0.16444008,0.0,0.0,0.0,0.0,1.24321,0.0,0.0,1.2041904,1.0093094,0.558775,0.0,0.0,0.0,0.0,0.0,0.2284547,0.0,0.0,0.0,0.9141755,1.5266455,0.0,0.0,1.0433391,0.34236914,1.0023552,0.0,0.41233283,1.6226665,1.0886172,0.0,1.2946035,0.6462422,1.1937615,0.1635163,0.28653258,0.0,0.67781764,0.0,0.0,1.0420005,0.36058465,0.0,1.0087844,0.67869115,0.0,0.043893643,0.0,0.0,0.2229182,0.0,0.0,1
0.0,0.9209129,0.7244071,0.0,1.1844976,0.6953166,0.26679245,0.0,1.3226671,0.0,1.5234617,0.0,0.8746392,0.0,1.0617778,0.43121397,0.15422745,0.0,0.0,0.33348876,0.36487493,0.0,0.6304524,0.0,0.0,0.0,1.0373496,0.3732391,1.0506201,0.0,0.02752507,0.9264402,0.0,1.5081164,0.0,1.622382,0.0,0.0,0.0,0.0,1.0110471,0.0,0.7604906,0.18973146,0.0,0.0,0.57753354,0.0,0.0,0.0,0.0,1.6865742,1.1274593,1.5921507,0.2088578,0.0,0.0,0.43174654,0.43772328,0.0,0.73099667,0.0,0.42906457,1.1059169,0.23120664,0.0,0.58215934,1.1842906,0.0,0.0,0.99501985,0.0,0.0,0.46465492,0.0,0.2801099,0.0,0.0,0.0,0.0,1.5017502,0.0,0.0,0.9004912,0.75139356,0.7654095,0.0,0.0,0.0,0.0,0.0,0.39350805,0.0,0.0,0.0,0.2454148,1.9436996,0.0,0.0,0.0,0.28810123,0.9105181,0.0,0.0,2.0948265,0.5918652,0.0,1.2302967,1.2745723,1.4136468,0.58068544,0.11185598,0.0,1.2940296,0.0,0.0,1.1411948,0.008767712,0.43033227,1.3954831,0.5234501,0.07867962,0.5302543,0.0,0.0,0.2542768,0.0,0.0,1
0.0,0.7592592,0.940753,0.0,0.8808706,0.43101913,0.6216569,0.0,0.89388376,0.0,1.2716469,0.0,0.8054793,0.0,0.7201499,0.41110212,0.5524327,0.0,0.0,0.37505937,0.3080881,0.0,0.60642356,0.0,0.0,0.27343813,1.2785665,0.43256843,1.2873676,0.0,0.29341838,0.9453449,0.0,1.8316531,0.0,1.1091686,0.0,0.0,0.17059441,0.0,1.4561809,0.0,0.49994543,0.30748984,0.0,0.0,0.36631313,0.0,0.0,0.0,0.0,1.6166276,0.9254106,1.1156505,0.68524784,0.0,0.0,0.5275542,0.24054977,0.0,0.5057141,0.0,0.69526714,0.7146298,0.13313401,0.0,0.5406701,0.94552577,0.0,0.0,0.6417587,0.10827699,0.0,0.34085387,0.0,0.53992355,0.0,0.0,0.0,0.0,1.274268,0.13593486,0.0,0.79677576,0.72927153,0.6759928,0.0,0.0,0.0,0.0,0.0,0.42135784,0.0,0.0,0.0,0.21559724,2.0731637,0.0,0.0,0.183093,0.3486317,1.1515087,0.0,0.22491778,1.6019033,1.0150977,0.0,1.0679299,1.1092356,1.1193707,0.5406786,0.0,0.0,0.60567194,0.0,0.0,0.7656687,0.23993115,0.20515689,0.85020626,0.24463794,0.0,0.54884404,0.0,0.0,0.28290588,0.0,0.0,1
0.0,0.6439131,0.7749286,0.0,0.79343146,0.54755336,0.34988102,0.0,0.7444475,0.0,1.2545143,0.0,1.0267482,0.0,0.8819576,0.15917662,0.87315917,0.015515782,0.0,0.2046651,0.4757548,0.0,0.5923362,0.0,0.0,0.52384436,1.529112,0.17219259,0.7047264,0.0,0.09539852,0.7772593,0.0,1.8314432,0.0,1.3892301,0.0,0.0,0.0,0.0,1.0959117,0.0,0.31731352,0.39680305,0.0,0.36982942,0.34590054,0.0,0.0,0.0,0.26308164,1.8694845,0.44862846,1.13731,0.7919167,0.0,0.0,0.57780504,0.0820095,0.0,0.8616235,0.0,0.83238095,0.93247145,0.20180361,0.0,0.28696185,1.4363279,0.0,0.0,0.3852175,0.0,0.0,0.67890733,0.0,0.3377941,0.0,0.0,0.0,0.0,1.0775455,0.0,0.0,0.83035433,0.8302764,0.7531573,0.0,0.0,0.0,0.0,0.0,0.0,0.0,0.0,0.0,0.090504736,1.7074574,0.0,0.0,0.35385126,0.34709963,0.89993346,0.0,0.0754118,1.5917207,0.64800406,0.0,0.9721118,1.411389,1.095425,0.37581596,0.44094342,0.0,0.56186926,0.0,0.0,0.759111,0.15069051,0.0919077,0.7791595,0.46267632,0.0,0.051722743,0.0,0.0,0.0,0.0,0.0,1
0.0,0.52294636,0.50446856,0.0,1.3824735,0.05820114,0.3630865,0.0,0.6363986,0.0,1.2035784,0.0,0.81980306,0.0,0.7984879,0.0012367562,1.0905602,0.0,0.0,0.11567386,0.48484752,0.0,0.436689,0.0,0.0,0.49842933,1.3762721,0.0,0.9378439,0.0,0.05966268,0.9280491,0.0,1.9047858,0.0,1.4599618,0.0,0.0,0.0,0.0,0.96750057,0.0,0.18339047,0.3496326,0.0,0.66486514,0.44669756,0.0,0.0,0.0,0.0,1.4506803,0.51330894,0.79360867,0.81029737,0.0,0.0,0.39066043,0.1303783,0.0,0.74901736,0.0,0.94992524,1.0871599,0.1399621,0.0,0.7204496,1.2936779,0.0,0.0,0.23281004,0.0,0.0,0.64467937,0.0,0.61410934,0.0,0.0,0.0,0.0,1.2015609,0.15753923,0.0,0.8524287,0.52964413,0.46083397,0.0,0.0,0.0,0.0,0.0,0.0,0.0,0.0,0.0,0.5129775,1.1691097,0.0,0.0,0.45108593,0.5228532,0.45821682,0.0,0.1757895,1.5175128,0.9749762,0.0,1.4385483,0.9890817,1.2327566,0.35420713,0.5479535,0.0,0.81026644,0.0,0.0,1.2069372,0.4686977,0.026815528,0.99716234,0.8103456,0.0,0.0019432531,0.0,0.0,0.16134788,0.0,0.0,1
0.0,0.0,0.0,0.0,1.555654,0.0,0.0366763,0.0,1.4308776,0.0,1.5341125,0.0,1.2099681,0.0,1.0603161,0.09063698,0.7015681,0.38471675,0.0,0.099736474,1.0638733,0.0,0.43938893,0.0,0.0,0.55482805,1.9114206,0.0,1.0869873,0.0,0.0,1.4883288,0.0,1.7996953,0.0,2.006277,0.0,0.0,0.0,0.0,0.9881586,0.0,0.0,0.0,0.0,0.7536269,0.52696484,0.0,0.0,0.021470536,0.0,2.399616,0.4264704,1.1715915,0.91987586,0.08546796,0.0,0.8387894,0.11924445,0.0,1.1742464,0.0,0.33531472,1.3275183,0.42908573,0.0,0.36925536,1.5000474,0.0,0.0,0.0,0.0,0.0,0.3322884,0.0,0.7567249,0.0,0.0,0.0,0.0,1.7756469,0.0,0.0,0.0,1.1532308,0.0,0.0,0.0,0.0,0.0,0.0,0.0,0.0,0.0,0.0,0.79159313,1.1465331,0.0,0.0,0.52521497,0.33855245,0.6203774,0.0,0.0,1.0365518,1.419611,0.0,1.8460039,0.4702894,1.5631061,0.5720818,0.48383433,0.0,1.0798628,0.0,0.0,1.252972,0.023959497,0.030073537,1.4909256,0.90983254,0.19970009,0.0,0.0,0.0,0.0,0.0,0.0,1
0.0,0.9127889,1.4341989,0.0,0.07073785,1.4814073,1.1421269,0.0,0.0,0.0,0.0,0.0,1.141089,0.0,0.1456276,0.653116,0.02799846,0.0,0.0,1.5943274,0.0,0.0,0.2905001,0.0,0.0,0.0,0.43439463,1.2401392,1.762106,0.0,0.2767289,1.8507237,0.0,1.1038767,0.33921546,0.0,0.0,0.0,0.53344923,0.0,0.8732114,0.0,1.2088456,1.4273785,0.0,0.0,1.2480762,0.07180787,0.0,0.0,0.0,0.0,1.0816197,0.7938568,1.5744493,0.0,0.0,0.28094372,0.9050011,0.0,0.0,0.0,0.5994926,0.075691774,1.3573395,0.0,1.2145069,0.08628884,0.0,0.0,1.5952083,0.45934993,0.0,0.7238536,0.0,0.09170632,0.0,0.0,0.0,0.0,1.3275331,0.0,0.0,1.9001548,0.2946686,0.641553,0.0,0.0,0.0,0.14880928,0.384692,1.614639,0.0,0.0,0.0,0.0,3.003597,0.0,0.0,0.0,0.113606505,0.34652254,0.0,0.27324694,2.7573314,0.0,0.0,0.4752971,1.2382013,0.0,0.0,0.0,0.0,0.96165663,0.0,0.0,1.3012034,0.51237774,0.15234795,0.0,0.0,0.30869842,1.1784968,0.0,0.0,0.6436333,0.02263398,0.0,0
0.0,0.8671198,1.738958,0.0,0.0,1.0117273,1.0752541,0.0,0.0,0.0,0.0,0.0,1.7011635,0.0,0.0,0.7878517,0.0,0.0,0.0,1.3922004,0.0,0.0,0.2786549,0.0,0.0,0.0,0.3855503,1.3243703,1.5573835,0.0,0.20891827,1.197871,0.0,0.84531003,0.6195831,0.0,0.0,0.0,0.76682997,0.0,0.9125309,0.0,1.4236498,0.91408384,0.0,0.0,1.074022,0.15094663,0.0,0.0,0.096283324,0.0,1.1461323,0.09344129,1.2912998,0.0,0.0,0.10534595,0.78397584,0.0,0.0,0.0,0.63042206,0.0,1.292739,0.0,1.5269545,0.0,0.0,0.0,1.233344,0.7307818,0.0,0.9854783,0.0,0.0,0.0,0.0,0.0,0.0,1.3955834,0.0,0.0,1.7764223,0.5059588,0.81613094,0.0,0.0,0.0,0.257479,0.7860053,1.4400882,0.0,0.0,0.0,0.0,3.0698783,0.0,0.0,0.0,0.4465095,0.715412,0.0,1.0542704,2.5235696,0.0,0.0,0.52430755,0.365229,0.0,0.0,0.0,0.0,0.7492459,0.0,0.0,1.0350152,0.40776777,0.2877085,0.0,0.0,0.22014105,1.2442635,0.0,0.0,0.2703816,0.0,0.0,0
0.0,0.24648984,1.1295503,0.0,0.5770051,0.6218298,0.46051133,0.0,0.87271035,0.0,0.6405559,0.0,0.5549758,0.0,1.2197305,0.0,0.5823928,0.43205917,0.0,0.71576935,0.48450723,0.0,0.4099821,0.0,0.0,0.0,1.2832922,0.30571476,1.2808503,0.0,0.0,1.5714016,0.0,2.4499247,0.0,0.4065352,0.0,0.0,0.20277682,0.0,1.4201564,0.0,0.4248828,0.42063245,0.0,0.24833184,0.6417288,0.4865719,0.0,0.0,0.32584742,0.7034949,0.73427325,1.0045998,0.63740784,0.0,0.0,1.0522529,0.124524616,0.0,0.5386885,0.0,0.62469816,0.71376646,0.7368868,0.0,0.66556585,0.992658,0.0,0.0,0.0,0.31910238,0.0,0.3743183,0.0,0.0,0.0,0.0,0.0,0.0,1.2243047,0.5427372,0.0,0.8619313,0.8727265,0.23035029,0.0,0.0,0.0,0.0,0.0,0.47862557,0.0,0.0,0.0,0.30007547,1.7714285,0.0,0.0,0.6421764,0.19967765,0.83932966,0.0,0.29974708,1.6903703,0.9596733,0.0,1.109245,0.81522226,0.60218024,0.0,0.0,0.0,1.2319475,0.0,0.0,1.2805849,0.25734472,0.0,0.30337825,0.65189147,0.095570594,0.55829626,0.0,0.0,0.09672919,0.0,0.0,1
0.0,0.45945355,1.0091668,0.0,0.53256947,0.7248103,0.82159626,0.0,0.14337781,0.0,0.24882893,0.0,1.1316783,0.0,0.30278006,0.09768987,0.67668587,0.0,0.0,1.0518857,0.022771558,0.0,0.5756985,0.0,0.0,0.0,1.0781058,0.5740424,1.550349,0.08683164,0.0,1.7714093,0.0,1.4538964,0.0,0.0,0.0,0.0,0.3070006,0.0,1.2710999,0.0,0.72893536,1.2029278,0.0,0.19662173,0.96292335,0.0,0.0,0.0,0.22469285,0.40623528,1.2074597,0.7670903,1.1343741,0.0,0.0,0.32841873,0.5613381,0.0,0.035530686,0.0,0.77974683,0.39397198,1.1231434,0.0,0.9839377,0.4733207,0.0,0.0,1.3945106,0.16452712,0.0,0.8422047,0.0,0.0,0.0,0.0,0.0,0.0,1.4125007,0.16389897,0.0,1.4963591,0.6162815,0.757213,0.0,0.0,0.0,0.044959128,0.258907,0.7552095,0.0,0.0,0.0,0.2718324,2.5867085,0.0,0.0,0.20085976,0.12591012,0.39101568,0.0,0.006886366,2.0252945,0.218599,0.0,0.5807969,1.0027165,0.22382566,0.0,0.0,0.0,0.6359714,0.0,0.0,1.0934852,0.37413126,0.0,0.0,0.78209496,0.20079193,1.2960696,0.0,0.0,0.4186206,0.015377235,0.0,1
0.0,0.49383816,1.0507565,0.0,0.41273558,0.8713782,0.41262838,0.0,0.64989376,0.0,0.04551967,0.0,1.1464974,0.0,0.476453,0.47065276,0.027356578,0.0,0.0,0.8272784,0.7107854,0.0,0.63070416,0.0,0.0,0.0,1.3279289,0.59436107,1.604769,0.0,0.08049489,1.4358975,0.0,1.5953833,0.035439473,0.29224834,0.0,0.0,0.24243991,0.0,1.1273078,0.0,0.6972289,0.88383234,0.0,0.0,0.76709557,0.2730418,0.0,0.0,0.0,0.19865532,0.919487,0.9354096,1.1903582,0.0,0.0,0.6581481,0.39872354,0.0,0.23317769,0.0,0.66668016,0.19834597,1.0370618,0.0,0.79303086,0.51831037,0.0,0.0,0.7770457,0.4398017,0.0,0.9054369,0.0,0.0,0.0,0.0,0.0,0.0,1.3443258,0.023957832,0.0,1.3956585,0.600965,0.21547551,0.0,0.0,0.0,0.0,0.0,0.5937307,0.0,0.0,0.0,0.060367517,2.363221,0.0,0.0,0.2958039,0.19490783,0.65714955,0.0,0.2909358,2.2442105,0.0,0.0,0.6508856,0.78171694,0.29933083,0.0,0.0,0.0,1.0019792,0.0,0.0,1.1489744,0.42521223,0.0,0.0,0.47057778,0.3050471,0.39961758,0.0,0.0,0.32388437,0.0,0.0,1
0.0,0.13556983,0.92438114,0.0,1.4042754,0.37737906,0.18864985,0.0,0.7822105,0.0,1.3119457,0.0,1.4085747,0.0,1.0494213,0.0,1.1739471,0.32466316,0.0,0.74997014,0.58017737,0.0,0.7148942,0.0,0.0,0.45286223,1.971946,0.1043518,1.2538757,0.0,0.0,1.4507413,0.0,2.6950116,0.0,1.7470068,0.0,0.0,0.0,0.0,1.2817423,0.0,0.0,0.09919495,0.0,1.006024,0.5328901,0.18116866,0.0,0.11300847,0.25049475,2.2178092,0.7522995,1.3134189,0.7199465,0.0,0.0,1.0568961,0.0,0.0,1.122503,0.0,0.26362124,1.0497988,0.17640746,0.0,0.103391,1.5813085,0.0,0.0,0.5066488,0.0,0.0,0.60525626,0.179406,0.09045543,0.0,0.0,0.0,0.0,1.3859439,0.0,0.0,0.7020317,1.4636471,0.0,0.0,0.0,0.0,0.0,0.0,0.0,0.0,0.0,0.0,1.0421507,1.6081812,0.0,0.0,1.2077917,0.8889611,1.3025185,0.0,0.0,1.7803754,1.250848,0.0,2.040663,1.0945817,0.92827713,0.33362246,0.61824083,0.0,1.1650753,0.0,0.0,1.2040313,0.0,0.0,0.821675,0.984511,0.0,0.14363597,0.0,0.0,0.0,0.0,0.0,1
0.0,0.6018966,1.1738963,0.0,0.6095411,1.049813,0.99375665,0.0,0.68221575,0.0,0.70456946,0.0,1.3690221,0.0,1.1073152,0.12490859,0.77035856,0.0,0.0,0.8796204,0.69343,0.0,0.6445418,0.0,0.0,0.3165793,1.2103523,0.22725044,1.4698666,0.0,0.0045819823,1.7356168,0.0,2.0225925,0.0,1.0953438,0.0,0.0,0.028645553,0.0,1.0062805,0.0,0.41902462,0.44422153,0.0,0.044920906,0.978997,0.36903274,0.0,0.0,0.0,1.3118294,0.81872314,1.4594693,1.0401223,0.0,0.0,0.6597647,0.0,0.0,0.56764597,0.0,0.3979321,0.69179666,0.47254536,0.0,0.33474416,1.1008059,0.0,0.0,0.4776705,0.2580618,0.0,0.5902766,0.0,0.0,0.0,0.0,0.0,0.0,1.1821711,0.0,0.0,1.0535786,0.7945733,0.18109038,0.0,0.0,0.0,0.0,0.0,0.11362158,0.0,0.0,0.0,0.3371547,2.4890256,0.0,0.0,0.8085835,0.7243897,1.1537825,0.0,0.25737134,1.9823526,0.79882276,0.0,1.3710976,1.1574888,0.8470457,0.0,0.3519812,0.0,1.3349528,0.0,0.0,1.4645869,0.0,0.1539754,0.46498832,0.41201907,0.15768114,0.1520571,0.0,0.0,0.19818892,0.0,0.0,1
0.0,1.4719093,1.5953691,0.0,0.0,1.4680417,1.4084582,0.0,0.0,0.0,0.0,0.0,1.9356834,0.0,0.0,0.6061954,0.0,0.0,0.0,1.6765158,0.0,0.0,0.39227313,0.0,0.0,0.0,0.48875377,1.5014813,1.7142905,0.0,0.60414666,1.6094517,0.0,0.79694396,0.6639614,0.0,0.0,0.0,0.6722532,0.0,0.7589446,0.0,1.1733809,1.4057599,0.0,0.0,1.2870167,0.2527254,0.0,0.0,0.41247645,0.0,1.0454562,0.16010074,1.4580088,0.0,0.0,0.3667147,1.2278795,0.0,0.0,0.0,0.7966818,0.0,1.323322,0.0,1.5898074,0.055114392,0.0,0.0,1.5421793,0.6403413,0.0,0.6861012,0.0,0.022958085,0.0,0.0,0.0,0.0,1.4239982,0.0,0.0,2.1540942,0.20620939,1.0870183,0.0,0.0,0.0,0.015918972,0.45103678,1.5784793,0.0,0.0,0.0,0.0,3.146231,0.0,0.0,0.0,0.43264315,0.58831966,0.0,0.8481944,2.6741762,0.0,0.0,0.20704569,0.7535422,0.0,0.0,0.0,0.0,1.0349282,0.0,0.0,1.1605158,0.30613685,0.5731985,0.0,0.0,0.30487508,1.3394785,0.097545296,0.0,0.695128,0.022922937,0.0,0
0.0,0.72368413,1.3376745,0.0,0.2600117,1.4178712,1.2720046,0.0,0.0,0.0,0.066209875,0.0,1.6293783,0.0,0.0,0.4183847,0.0,0.0,0.0,1.4334095,0.0,0.0,0.63769424,0.0,0.0,0.0,0.47223786,1.1611917,1.0161042,0.0,0.56073904,1.7124951,0.0,1.1885818,0.13802375,0.0,0.0,0.0,0.5349831,0.0,0.70276976,0.0,1.1848392,0.94639826,0.0,0.04508681,1.1718324,0.0,0.0,0.0,0.0,0.0,0.8773209,0.8185514,1.2604412,0.0,0.0,0.1427973,0.7356918,0.0,0.0,0.0,0.6809768,0.021521393,0.91230845,0.0,1.017099,0.6434576,0.0,0.0,1.5636182,0.38420758,0.0,0.60640603,0.0,0.0,0.0,0.0,0.0,0.0,1.2240705,0.0,0.0,1.9946473,0.2629659,0.7462804,0.0,0.0,0.0,0.0,0.40695226,1.4356762,0.0,0.0,0.0,0.0,3.0810957,0.0,0.0,0.0,0.12312894,0.24008167,0.0,0.5030076,2.2361681,0.0,0.0,0.5284844,0.989554,0.08593104,0.0,0.0,0.0,0.7638081,0.0,0.0,0.5054575,0.20133986,0.21039361,0.0,0.22254008,0.1503279,1.21885,0.0,0.0,0.27826774,0.18900985,0.0,0
0.0,0.46246928,1.4523284,0.0,1.1161885,1.0630652,0.84899676,0.0,1.320361,0.0,0.962734,0.0,0.8399768,0.0,0.7364959,0.20463514,0.22864251,0.0,0.0,0.8240371,0.11668956,0.0,1.0435506,0.0,0.0,0.10774119,1.2540168,0.36132053,1.2922976,0.28816172,0.0,1.5488497,0.0,2.0670426,0.0,0.82795274,0.0,0.0,0.17527089,0.0,1.3429638,0.0,0.53032124,0.7199493,0.0,0.19458005,0.64243436,0.025333041,0.0,0.058949854,0.15463713,0.75933677,1.0080806,1.2267836,1.1279168,0.0,0.0,0.7147397,0.17944752,0.0,0.27472916,0.0,0.417466,0.79952526,0.70766973,0.0,0.40473732,0.73944366,0.0,0.0,0.76232594,0.31655663,0.0,0.5597101,0.0,0.35634044,0.0,0.0,0.0,0.0,1.3888515,0.004633901,0.0,0.8605077,0.9425498,0.50752205,0.0,0.0,0.0,0.0,0.009527784,0.24321078,0.0,0.0,0.0,0.06918682,2.477756,0.0,0.0,0.4221766,0.63332754,0.30700532,0.0,0.6472135,1.9931755,0.8285738,0.0,1.6612359,1.1956403,0.59603995,0.0,0.0,0.0,0.9907771,0.0,0.0,1.5791289,0.48060754,0.0,0.7441123,0.061590288,0.27854663,1.0329559,0.0,0.0,0.5418604,0.0,0.0,1
0.0,0.41881478,1.3623983,0.0,0.81111676,0.9740757,0.85613763,0.0,0.8017302,0.0,0.77753997,0.0,0.8475156,0.0,0.6318458,0.0,0.5709716,0.0,0.0,0.83928657,0.0027915821,0.0,0.6524489,0.0,0.0,0.0,1.2964845,0.53170246,1.2726284,0.11132582,0.52092284,1.2917585,0.0,1.8517532,0.0,0.60204256,0.0,0.0,0.060825773,0.0,1.2637342,0.0,0.8418394,0.9282614,0.0,0.41221732,0.6800319,0.20028491,0.0,0.0,0.010721105,1.078253,1.3206041,1.2243421,1.0573702,0.0,0.0,0.5551532,0.0,0.0,0.37989795,0.0,0.8367442,0.85031205,0.9264964,0.0,0.50789106,1.0194415,0.0,0.0,0.6831801,0.0,0.0,0.48144677,0.0,0.1231785,0.0,0.0,0.0,0.0,1.4356971,0.38468775,0.0,1.1906164,0.5166074,0.6479957,0.0,0.0,0.0,0.0,0.055016134,0.533468,0.0,0.0,0.0,0.0,2.310575,0.0,0.0,0.24653207,0.46936315,0.5653807,0.0,0.3515766,2.0169327,0.28685334,0.0,0.78544843,1.3459796,0.64343405,0.09404235,0.0,0.0,1.0194588,0.0,0.0,1.2699219,0.44852814,0.0,0.74764663,0.38244978,0.0,1.1033994,0.0,0.0,0.5148955,0.0,0.0,1
0.0,0.9518371,1.8607587,0.0,0.0,1.2129774,0.8231118,0.0,0.0,0.0,0.0,0.0,1.769847,0.0,0.13430135,0.8854827,0.0,0.0,0.0,0.96258706,0.0,0.0,0.44947413,0.0,0.0,0.0,0.57269454,1.3658111,1.6860704,0.0,0.3803146,1.5934598,0.0,1.0869586,0.35329047,0.0,0.0,0.0,0.7518725,0.0,1.1056229,0.0,1.3770428,1.0627373,0.0,0.0,1.299902,0.38087782,0.0,0.0,0.0,0.0,1.4379606,0.47263196,1.4885693,0.0,0.0,0.4163504,0.72393996,0.0,0.0,0.0,0.6551972,0.0,1.6532124,0.0,1.2292148,0.0,0.0,0.0,1.2111573,0.4282245,0.0,0.86735255,0.0,0.0,0.0,0.009634317,0.0,0.0,1.266599,0.0,0.0,1.8163899,0.2830526,0.7420518,0.0,0.0,0.0,0.0,0.44687715,1.2485012,0.0,0.0,0.0,0.0,3.3274155,0.0059138066,0.0,0.0,0.30055204,0.6418524,0.0,1.0846353,2.951518,0.0,0.0,0.30539265,0.7510799,0.0,0.0,0.0,0.0,1.0212884,0.0,0.0,1.0730758,0.51705486,0.43134996,0.0,0.0,0.60875314,1.1917889,0.0,0.0,0.5098619,0.0,0.0,0
0.0,0.016398894,0.5491966,0.0,1.9014802,0.5340924,0.08017863,0.0,1.0713141,0.0,1.4714736,0.0,0.2898595,0.0,0.5365325,0.0,0.89387614,0.5073609,0.0,0.23030144,0.62403154,0.0,0.6405855,0.0,0.0,0.5108336,1.9857899,0.0,1.3915728,0.0,0.0,1.4115987,0.0,2.659484,0.0,1.4286447,0.0,0.0,0.0,0.0,0.91340744,0.0,0.0,0.066549666,0.0,0.52688193,0.18835953,0.20932874,0.0,0.0010151967,0.24245523,1.8416921,0.041373417,1.1152074,0.31776312,0.0,0.0,1.070612,0.27718315,0.0,1.3181689,0.0,0.0696571,0.9215698,0.0,0.0,0.64278984,1.4132019,0.0,0.0,0.10752249,0.0,0.0,0.57810616,0.0,0.412382,0.0,0.0,0.0,0.0,1.8554602,0.07187703,0.0,0.0,1.2867422,0.0,0.0,0.23670533,0.0,0.0,0.0,0.0,0.0,0.0,0.0,0.4902062,1.3640128,0.0,0.0,0.6834581,0.55074847,0.90587634,0.0,0.040541265,1.238111,1.0993468,0.0,1.6841451,1.0701524,0.9984379,1.076851,0.11466167,0.0,1.0108954,0.0,0.0,1.5869697,0.31592578,0.0,1.3547648,0.9679023,0.0,0.0069660246,0.12737438,0.0,0.33796728,0.0,0.0,1
0.0,0.962354,1.635623,0.0,0.108042106,1.4984819,1.0540417,0.0,0.340943,0.0,0.22376697,0.0,1.7999821,0.0,0.14213777,0.53183514,0.0,0.0,0.0,1.2474585,0.0,0.0,0.3922045,0.0,0.0,0.0,0.5395629,1.2850072,1.6383388,0.0,0.3306401,1.6783416,0.0,0.98712873,0.21836166,0.18722591,0.0,0.0,0.62612695,0.0,0.9845643,0.0,1.1723639,0.9769659,0.0,0.0,1.3784705,0.32383645,0.0,0.0,0.035031166,0.0,1.329592,0.71564376,1.5152801,0.0,0.0,0.2719407,0.7353176,0.0,0.0,0.0,0.7437486,0.0,1.204098,0.0,1.1324447,0.2948508,0.0,0.0,1.5523478,0.42753187,0.0,0.9195721,0.0,0.0,0.0,0.0,0.0,0.0,1.4339929,0.0,0.0,1.7095921,0.32675153,0.81825674,0.0,0.0,0.0,0.33229792,0.4324715,1.1840333,0.0,0.0,0.0,0.14571136,3.103424,0.0,0.0,0.0,0.43610555,0.736378,0.0,0.76538104,2.5882683,0.0,0.0,0.7530044,1.0821111,0.0,0.0,0.0,0.0,0.8036082,0.0,0.0,1.2071787,0.5212272,0.543109,0.0,0.03211287,0.44289726,1.4598889,0.0,0.0,0.79349273,0.06661683,0.0,0
0.0,1.5898299,1.2571242,0.0,0.08892536,1.0439459,1.253779,0.0,0.0,0.0,0.0,0.0,2.3069737,0.0,0.0,0.73153216,0.09701206,0.0,0.0,1.2682012,0.0,0.0,0.33025563,0.0,0.0,0.0,0.5155267,1.0016129,1.4401937,0.0,0.5285624,1.6619403,0.0,0.35599253,0.768713,0.0,0.0,0.0,0.86202455,0.0,0.55626464,0.0,0.9234452,1.3236774,0.0,0.0,1.3366532,0.25143605,0.0,0.0,0.0,0.0,0.920732,0.035092574,1.1350015,0.0,0.0,0.12640841,1.4422444,0.0,0.08271873,0.0,0.8155559,0.0,1.6388723,0.0,1.8136159,0.0,0.0,0.0,1.9852058,0.44918862,0.0,0.6891751,0.0,0.20918374,0.0,0.0,0.0,0.0,1.1823676,0.0,0.0,2.202319,0.017591959,0.65245885,0.0,0.0,0.0,0.0,0.57750624,1.592451,0.0,0.0,0.0,0.0,3.0098553,0.0,0.0,0.0,0.26755705,0.40238845,0.0,0.60524035,2.7874265,0.0,0.0,0.49036986,0.506281,0.0,0.0,0.0,0.0,0.63799334,0.0,0.0,0.7663294,0.41166,0.22929445,0.0,0.28345326,0.26601908,1.0304036,0.13189591,0.0,0.62685776,0.39584187,0.0,0
0.0,1.0237576,1.3829099,0.0,0.47815877,1.0550752,1.0163858,0.0,0.0,0.0,0.17089899,0.0,1.5307274,0.0,0.07181113,0.568056,0.24633266,0.0,0.0,1.1740121,0.0,0.0,0.31854343,0.0,0.0,0.0,0.85951847,1.0606186,1.6799371,0.0,0.5047914,1.7134361,0.0,1.248071,0.2676449,0.0,0.0,0.0,0.4932497,0.0,1.1082231,0.0,0.80576956,1.188718,0.0,0.0,1.0481502,0.0,0.0,0.0,0.11366316,0.0,1.2522049,0.68676144,1.3299587,0.0,0.0,0.104227275,1.1092148,0.0,0.0,0.0,1.0039628,0.12954286,1.2283949,0.0,1.6929511,0.46072295,0.0,0.0,1.3961021,0.37400693,0.0,0.672389,0.0,0.24937929,0.0,0.0,0.0,0.0,0.92765045,0.0,0.0,1.8011314,0.29382107,0.9727048,0.0,0.0,0.0,0.0,0.29586977,1.3567684,0.0,0.0,0.0,0.051192053,2.5145984,0.0,0.0,0.0,0.06772909,0.4088269,0.0,0.22963029,2.6112235,0.0,0.0,0.25079432,0.3930978,0.256465,0.0,0.0,0.0,0.9038711,0.0,0.0,0.5005683,0.1279131,0.049442362,0.0,0.3092298,0.09964013,0.96838564,0.0,0.0,0.034087375,0.11824897,0.0,0
0.0,0.7883754,1.7846166,0.0,0.13292265,1.1929146,1.1458505,0.0,0.0,0.0,0.0,0.0,1.3447664,0.0,0.0,0.5585087,0.30834338,0.0,0.0,1.3723264,0.0,0.0,0.010936936,0.0,0.0,0.0,0.7107602,1.4203008,1.6448462,0.0,0.0,1.4569597,0.0,1.0544193,0.2728669,0.0,0.0,0.0,0.57776874,0.0,0.94169486,0.0,1.5086273,1.1742946,0.0,0.0,1.2473009,0.09435938,0.0,0.0,0.2508918,0.03024114,0.9378495,0.36775222,1.412157,0.0,0.0,0.18206201,0.81614393,0.0,0.0,0.0,0.90786713,0.0,1.0590689,0.0,1.3272766,0.17507994,0.0,0.0,1.2881849,0.43854243,0.0,0.95584375,0.0,0.0,0.0,0.0,0.0,0.0,1.4121804,0.0,0.0,1.9907756,0.82149386,0.65825456,0.0,0.0,0.0,0.0,0.6160353,1.3129841,0.0,0.0,0.0,0.0,2.8719115,0.0,0.0,0.0,0.14925916,0.09266052,0.0,0.8693707,2.691339,0.0,0.0,0.3420111,0.60055894,0.15747851,0.0,0.0,0.0,0.7378251,0.0,0.0,1.2943581,0.22006561,0.21020058,0.0,0.0,0.20327988,0.7562191,0.10648282,0.0,0.15670569,0.0,0.0,0
0.0,0.7107188,1.4323925,0.0,0.0,0.98617864,1.1211764,0.0,0.0,0.0,0.0,0.0,1.1578255,0.0,0.0,0.7998865,0.22875258,0.0,0.0,1.3207966,0.0,0.0,0.0,0.0,0.0,0.0,0.5856976,1.1327682,1.3395106,0.0,0.22402114,1.3778486,0.0,1.2420598,0.30823132,0.13326547,0.0,0.0,0.47157806,0.0,1.0627842,0.0,1.1055859,1.2146271,0.0,0.0,0.80409646,0.0,0.0,0.0,0.099575154,0.0,1.1435169,0.40324,1.2813742,0.0,0.0,0.0,1.0011778,0.0,0.0,0.0,0.77113104,0.0,0.98501015,0.0,1.6786765,0.0,0.0,0.0,1.2067486,0.43495193,0.0,0.9744317,0.0,0.0,0.0,0.0,0.0,0.0,1.1449708,0.0,0.0,1.7748344,0.745154,0.78408843,0.0,0.0,0.0,0.0,0.5853035,1.8732322,0.0,0.0,0.0,0.0,2.7460275,0.08921181,0.0,0.0,0.0,0.44578898,0.0,0.8629784,2.5267904,0.0,0.0,0.73511934,0.4941554,0.010558103,0.0,0.0,0.0,0.6557763,0.0,0.0,0.88071716,0.20289671,0.09775265,0.0,0.061923344,0.0,0.8470426,0.10299275,0.0,0.04735277,0.15447457,0.0,0
0.0,0.7095201,0.7199671,0.0,1.1257365,0.59740365,0.23396869,0.0,1.2300286,0.0,0.84887147,0.0,1.0201635,0.0,0.78402567,0.0,0.5596397,0.061342068,0.0,0.58660614,0.3697972,0.0,1.0675079,0.0,0.0,0.0,1.9153754,0.0,1.3768914,0.0,0.24868283,1.4775792,0.0,1.9031748,0.0,0.87878406,0.0,0.0,0.100472026,0.0,1.2901297,0.0,0.101732224,0.76061267,0.0,0.9902773,0.60306,0.0,0.0,0.0,0.016856346,1.0142778,0.49253902,0.96778077,0.82183677,0.0,0.0,0.35414276,0.0,0.0,0.21422079,0.0,0.28139496,1.060769,0.2867803,0.0,0.4718862,1.2561566,0.0,0.0,0.43750852,0.033444088,0.0,0.98971725,0.0,0.21690173,0.0,0.0,0.0,0.0,1.4931294,0.0,0.0,0.95442116,0.9857181,0.0,0.0,0.0,0.0,0.0,0.0,0.0628687,0.0,0.0,0.0,0.09759736,1.9951963,0.0,0.0,0.8847424,0.8088439,0.35304418,0.0,0.26698402,1.261769,0.8147276,0.0,1.4447818,0.82464886,0.6048974,0.2373866,0.0,0.0,1.0237082,0.0,0.0,1.7136594,0.28861588,0.0,0.9958887,0.8976164,0.15544695,0.770296,0.0,0.0,0.37393147,0.0,0.0,1
0.0,1.2179209,1.4558954,0.0,0.0,1.4813087,1.1659105,0.0,0.0,0.0,0.0,0.0,1.7703357,0.0,0.0,0.49938494,0.05885838,0.0,0.0,1.4926304,0.0,0.0,0.19186115,0.0,0.0,0.0,0.5334756,1.1418631,1.4098014,0.0,0.4596736,1.9066334,0.0,0.9612969,0.49945155,0.0,0.0,0.0,0.7225118,0.0,0.69371307,0.0,0.9626435,1.1687672,0.0,0.0,1.2514452,0.31165558,0.0,0.0,0.1605321,0.0,0.915758,0.40090582,1.2091002,0.0,0.0,0.30070838,1.1659148,0.0,0.11656132,0.0,0.69626874,0.0,1.2112575,0.0,1.4683686,0.13030192,0.0,0.0,1.5566238,0.5773679,0.0,0.74144334,0.0,0.15149571,0.0,0.0,0.0,0.0,1.2890537,0.0,0.0,1.9692111,0.1931375,0.8992221,0.0,0.0,0.0,0.38318902,0.41724834,1.3392333,0.0,0.0,0.0,0.012690968,3.0028045,0.0,0.0,0.0,0.31807607,0.5081508,0.0,0.5146598,2.359357,0.0,0.0,0.43906066,0.6713735,0.0,0.0,0.0,0.0,0.9460539,0.0,0.0,1.0467147,0.13837482,0.21863964,0.0,0.0,0.26161775,1.2695496,0.0,0.0,0.44614702,0.5477319,0.0,0
0.0,1.0955144,1.752643,0.0,0.0,1.4222844,0.9420547,0.0,0.0,0.0,0.0,0.0,1.8721513,0.0,0.0,1.050042,0.0,0.0,0.0,1.6674203,0.0,0.0,0.5661315,0.0,0.0,0.0,0.6979464,1.3227623,1.6635226,0.0,0.3823568,1.4168866,0.0,1.0918758,0.11102993,0.12217308,0.0,0.0,0.7614278,0.0,0.7658535,0.0,1.6865332,1.1994652,0.0,0.0,1.035009,0.35499606,0.0,0.0,0.0,0.0,1.3481332,0.28561655,1.7356954,0.0,0.0,0.0,1.108027,0.0,0.0,0.0,0.7994358,0.07764552,1.54596,0.0,1.4266491,0.0,0.0,0.0,1.592017,0.8471128,0.0,0.8277302,0.0,0.040811285,0.0,0.0,0.0,0.0,1.464423,0.0,0.0,1.8704822,0.80639625,0.6272201,0.0,0.0,0.0,0.0,0.7914141,1.9435552,0.0,0.0,0.0,0.0,3.541652,0.0,0.0,0.0,0.1777209,0.53622437,0.0,1.3014033,2.6914392,0.0,0.0,0.7646306,0.96453375,0.0,0.0,0.0,0.0,0.6059266,0.0,0.0,1.1164503,0.5509139,0.3390406,0.0,0.0,0.11726479,1.3789394,0.19256857,0.0,0.53617877,0.0,0.0,0
0.0,1.1979213,1.8091722,0.0,0.032946914,1.6234841,1.1218431,0.0,0.028702684,0.0,0.0,0.0,1.739534,0.0,0.0,1.1747748,0.0,0.0,0.0,1.5040303,0.0,0.0,0.43163088,0.0,0.0,0.0,0.66118264,1.3075249,1.752706,0.0,0.76550704,1.7285888,0.0,0.99532557,0.28708604,0.0,0.0,0.0,0.7260631,0.0,0.43727964,0.0,1.781309,1.1104308,0.0,0.0,1.1484511,0.27789658,0.0,0.0,0.08584432,0.0,1.2658598,0.21971367,1.8206422,0.0,0.0,0.2845465,1.3518195,0.0,0.0,0.0,0.5644798,0.0,1.8102914,0.0,1.4493264,0.0,0.0,0.0,1.541941,0.96878505,0.0,0.8041376,0.0,0.0,0.0,0.0,0.0,0.0,1.1567907,0.0,0.0,2.1806579,0.51358074,0.5286397,0.0,0.0,0.0,0.0,0.6054592,1.768879,0.0,0.0,0.0,0.0,3.3251023,0.14137118,0.0,0.0,0.3554577,0.14093591,0.0,0.9848284,2.678328,0.0,0.0,0.5043288,0.90962577,0.0,0.0,0.0,0.0,0.6007549,0.0,0.0,1.2863106,0.63704115,0.25745663,0.0,0.0,0.29570007,1.412632,0.4576333,0.0,0.68066424,0.0,0.0,0
0.0,0.84162337,2.0983846,0.0,0.054105774,1.7106674,1.3189377,0.0,0.0,0.0,0.0,0.0,2.020037,0.0,0.0,0.80716735,0.15618,0.0,0.0,1.8487827,0.0,0.0,0.64767337,0.0,0.0,0.0,0.49216178,1.8336644,1.7199023,0.0,0.6769699,1.69069,0.0,1.1131314,0.32926372,0.0,0.0,0.0,0.88165027,0.0,0.9028634,0.0,1.7308104,1.2148575,0.0,0.0,1.0912629,0.2119062,0.0,0.0,0.24170133,0.0,1.1505363,0.5783182,1.6724615,0.0,0.0,0.35453203,0.9844738,0.0,0.0,0.0,0.72010195,0.0,1.574937,0.0,1.5259529,0.0,0.0,0.0,1.6012489,0.839851,0.0,0.9890648,0.0,0.19590251,0.0,0.0,0.0,0.0,1.6252828,0.0,0.0,2.252226,0.56540024,0.5122987,0.0,0.0,0.0,0.20923828,0.6848933,1.5725291,0.0,0.0,0.0,0.0,3.6362274,0.0,0.0,0.0,0.41791096,0.43308854,0.0,0.9890953,2.786111,0.0,0.0,0.48919928,1.1967865,0.0,0.0,0.0,0.0,0.57846993,0.0,0.0,1.3268204,0.47335097,0.23728919,0.0,0.0578374,0.23007,1.489466,0.21229143,0.0,0.7213702,0.0,0.0,0
0.0,0.9369905,1.3951589,0.0,0.23389678,1.2332714,1.3331461,0.0,0.61411726,0.0,0.0,0.0,1.5349505,0.0,0.0,0.83974,0.0,0.0,0.0,1.9733697,0.0,0.0,0.6289047,0.0,0.19589217,0.0,0.5922916,1.7348728,1.6678712,0.0,0.308357,1.4787815,0.0,1.0421517,0.45873985,0.08877949,0.0,0.0,1.0663764,0.0,0.7948269,0.0,1.9067107,0.980393,0.0,0.0,1.7506108,0.01780715,0.0,0.0,0.0,0.0,1.4004462,1.0421383,1.3251061,0.0,0.0,0.11273664,0.96278137,0.0,0.0,0.0,0.57739073,0.0,1.5247232,0.0,1.032442,0.14440258,0.0,0.0,1.9155408,0.48707446,0.0,0.61642694,0.0,0.0,0.0,0.0,0.0,0.0,1.2553941,0.0,0.0,1.707872,0.5841085,0.7818449,0.0,0.0,0.0,0.4089866,0.8291568,1.4527055,0.0,0.0,0.0,0.0,3.3545773,0.0,0.0,0.0,0.32749155,0.44942737,0.0,0.83214444,2.6800766,0.0,0.0,0.73172504,1.5818022,0.20052066,0.0,0.0,0.0,0.28467646,0.0,0.0,0.9214332,0.43530065,0.11912643,0.0,0.0,0.38256606,1.5371265,0.18362963,0.0,0.84545046,0.0,0.0,0
0.0,1.03053,0.9346574,0.0,0.45010364,0.45167372,0.4958155,0.0,0.3463483,0.0,0.084844284,0.0,1.2425911,0.0,0.18281934,0.18928403,0.5321686,0.0,0.0,0.872294,0.5130156,0.0,0.229745,0.0,0.0,0.0,1.1986558,0.34163463,1.2932304,0.0,0.3727336,1.5540189,0.0,1.5773956,0.2597748,0.0,0.0,0.0,0.07251421,0.0,1.1093899,0.0,0.46794137,1.0709468,0.0,0.4721775,0.90349567,0.0,0.0,0.0,0.21390168,0.11587227,0.5442336,0.35035014,1.0192372,0.0,0.0,0.47386447,0.29423827,0.0,0.35058445,0.0,0.8614052,0.6664534,1.0154753,0.0,1.1284095,0.85633904,0.0,0.0,0.78913754,0.31750464,0.0,0.84764206,0.0,0.04287167,0.0,0.0,0.0,0.0,1.2409391,0.1840347,0.0,1.1809925,0.25951213,0.76426595,0.0,0.0,0.0,0.0,0.0,0.7888721,0.0,0.0,0.0,0.16470939,2.0705256,0.0,0.0,0.32122838,0.058278736,0.51813805,0.0,0.11340797,1.7420058,0.051918663,0.0,0.5234055,0.533473,0.20491597,0.0,0.0,0.0,1.1927246,0.0,0.0,0.79403657,0.37541255,0.0,0.12799111,0.6094052,0.033145532,0.68771106,0.0,0.0,0.02443227,0.32789657,0.0,1
0.0,0.41518393,0.6433408,0.0,0.8756276,0.6288379,0.43888384,0.0,1.0110354,0.0,1.1192364,0.0,1.0379256,0.0,0.8731526,0.14707625,0.7956235,0.16827346,0.0,0.6369602,0.46233472,0.0,0.7769896,0.0,0.0,0.08456913,1.7056079,0.29641557,1.1255153,0.0,0.0,1.392827,0.0,2.0734322,0.0,1.1659522,0.0,0.0,0.16539489,0.0,1.1508851,0.0,0.2660539,0.42468527,0.0,0.20588544,0.8359755,0.10798229,0.0,0.0,0.0,1.4168609,0.5756359,1.3227494,0.75433475,0.0,0.0,0.90022016,0.09679439,0.0,1.0027426,0.0,0.2750511,0.5659118,0.65177476,0.0,0.40429026,1.4030855,0.0,0.0,0.7694602,0.0,0.0,0.4818469,0.2351365,0.21063678,0.0,0.0,0.0,0.0,1.5840743,0.10702209,0.0,0.7488005,0.74724084,0.56262535,0.0,0.0,0.0,0.0,0.0,0.0,0.0,0.0,0.0,0.9579971,1.9319481,0.0,0.0,0.84930193,0.7161324,1.0232679,0.0,0.11304408,1.4258189,1.0086766,0.0,1.665444,0.9236236,0.6245399,0.31919315,0.0,0.0,1.2748297,0.0,0.0,1.5029714,0.18699919,0.0,0.6334337,0.92781204,0.0,0.20934804,0.0,0.0,0.35286662,0.33682704,0.0,1
0.0,0.2885923,0.7064468,0.0,0.86278266,0.7796286,0.5050932,0.0,0.873145,0.0,0.79230475,0.0,1.0916001,0.0,0.7103496,0.09892681,0.48757684,0.29646498,0.0,0.25559813,0.708112,0.0,0.24522814,0.0,0.0,0.0,1.3102187,0.3665308,1.1305122,0.0,0.05161016,1.3896686,0.0,2.084659,0.0,0.98905075,0.0,0.0,0.2863546,0.0,1.173665,0.0,0.23842397,0.35072568,0.0,0.45489603,0.65392303,0.28204638,0.0,0.0,0.4459764,1.2519011,0.56302613,0.88229126,0.71093684,0.0,0.0,1.1853038,0.23056383,0.0,0.59964705,0.0,0.56385124,0.72424257,0.5426645,0.0,0.37497953,0.7944404,0.0,0.0,0.1909344,0.0,0.0,1.21043,0.0,0.08630783,0.0,0.0,0.0,0.0,1.3124626,0.0,0.0,0.7616596,0.84138393,0.196954,0.0,0.0,0.0,0.0,0.0,0.70680654,0.0,0.0,0.0,0.4693092,1.9566011,0.0,0.0,0.3328906,0.36149654,0.9664804,0.0,0.11320093,1.8086247,0.95342934,0.0,1.5357054,0.36151156,0.74197507,0.0,0.031688396,0.0,0.87898445,0.0,0.0,1.2410074,0.6384813,0.0,0.45540732,0.6376249,0.05676362,0.57487375,0.0,0.0,0.20011373,0.0,0.0,1
0.0,0.65508044,1.2596586,0.0,0.14393875,0.52783555,0.74862695,0.0,0.31146464,0.0,0.33841097,0.0,1.520544,0.0,0.6207254,0.46125877,0.0919898,0.0,0.0,0.9163287,0.34418854,0.0,0.59454584,0.0,0.0,0.0,0.80185187,0.5010102,1.1938059,0.17352243,0.3212541,1.4610165,0.0,1.2383975,0.0,0.14797418,0.0,0.0,0.34961507,0.0,1.1143783,0.0,0.5370411,1.0481093,0.0,0.024265297,0.94217,0.09170848,0.0,0.0,0.19348475,0.21250816,0.9781737,0.754351,1.3380774,0.0,0.0,0.47847483,0.30169308,0.0,0.0,0.0,0.8094339,0.6859541,0.94843006,0.0,0.8993464,0.5597067,0.0,0.0,1.1826266,0.42920923,0.0,0.58129513,0.0,0.15843931,0.0,0.07883072,0.0,0.0,1.1860721,0.0,0.0,1.1284701,0.53170085,0.8309459,0.0,0.0,0.0,0.0,0.0,1.0351988,0.0,0.0,0.0,0.44750595,2.9684286,0.0,0.0,0.24443868,0.3057082,0.38651398,0.0,0.6043714,2.6057162,0.28773117,0.0,0.7371021,1.0729709,0.40038994,0.0,0.0,0.0,0.64294565,0.0,0.0,0.86568063,0.6388739,0.0726328,0.33688462,0.3934792,0.14377058,1.183873,0.0,0.0,0.0476366,0.093600556,0.0,1
0.0,1.7644954,1.4928036,0.0,0.7978089,1.2414017,1.3778982,0.0,0.069976844,0.0,0.37866423,0.0,2.5615256,0.0,0.26160803,0.7227494,0.21573934,0.0,0.0,1.281058,0.0,0.0,0.73227453,0.0,0.0,0.0,0.97634083,0.83658963,1.2190049,0.0,0.98120046,1.8833466,0.0,1.2229843,0.46241063,0.567701,0.0,0.0,0.24990842,0.0,0.8962254,0.0,0.6315989,1.2479894,0.0,0.2570897,1.1282271,0.0,0.0,0.0,0.0,0.20702316,1.0013431,0.52190334,1.216274,0.0,0.0,0.08358863,1.1042385,0.0,0.13001743,0.0,1.2825364,0.59303004,0.89553267,0.0,2.039876,0.81894535,0.0,0.0,1.6069258,0.10005001,0.0,0.77554846,0.0,0.20347759,0.0,0.22986156,0.0,0.0,1.2872083,0.0,0.0,2.259537,0.22055665,1.524126,0.0,0.0,0.0,0.0,0.0,1.6277385,0.0,0.0,0.0,0.0,3.163113,0.0,0.0,0.0,0.50145596,0.6389476,0.0,0.6928362,2.5641322,0.17623089,0.0,0.6140024,1.2910857,0.2144812,0.14134896,0.14495409,0.0,0.9000259,0.0,0.0,0.831627,0.72467095,0.42415074,0.24630475,0.5787152,0.0,1.1123396,0.0,0.0,0.75113857,0.34773305,0.0,0
0.0,1.5173651,1.5087769,0.0,0.0,1.1812898,1.2085516,0.0,0.0,0.0,0.0,0.0,2.1037223,0.0,0.0,0.8914661,0.0,0.0,0.0,1.5177447,0.012341491,0.0,0.28157046,0.0,0.0,0.0,0.30036244,0.9218302,1.5403078,0.0,0.757288,1.9983172,0.0,0.6712115,0.64848936,0.0,0.0,0.0,0.63855773,0.0,0.7431404,0.0,0.7383971,1.4828542,0.0,0.0,1.5439087,0.07761528,0.0,0.0,0.25083932,0.0,1.0137621,0.28421125,1.2784085,0.0,0.0,0.0,1.093268,0.0,0.0,0.0,0.698671,0.0,1.6445093,0.0,1.8582109,0.12254737,0.0,0.0,1.7017761,0.74435276,0.0,0.8645683,0.0,0.2866482,0.0,0.0,0.0,0.0,1.3919151,0.0,0.0,1.7560287,0.07927955,1.2319382,0.0,0.0,0.0,0.0,0.3015364,1.6247342,0.0,0.0,0.0,0.0,3.228572,0.0,0.0,0.0,0.3322053,0.36088508,0.0,0.8988585,2.616756,0.0,0.0,0.3038918,0.99693817,0.0,0.0,0.0,0.0,1.069887,0.0,0.0,0.8218902,0.5611024,0.534228,0.0,0.0,0.35900742,1.6172783,0.0,0.0,0.5737645,0.52881396,0.0,0
0.0,1.5108775,1.5314606,0.0,0.0,1.2345281,1.5534185,0.0,0.116192915,0.0,0.0,0.0,2.0859997,0.0,0.0,0.7596572,0.0,0.0,0.0,1.6129137,0.0,0.0,0.53003335,0.0,0.0,0.0,0.2635091,1.1702338,1.0786719,0.0,0.80548835,1.8414876,0.0,0.6269229,0.69522434,0.0,0.0,0.0,0.8072467,0.0,0.38954392,0.0,0.7120285,1.0441432,0.0,0.0,1.5983962,0.12423175,0.0,0.0,0.14764063,0.0,1.0281651,0.4623591,1.0960857,0.0,0.0,0.13802902,1.0118676,0.0,0.0,0.0,0.34225163,0.0,1.533761,0.0,1.5009178,0.0,0.0,0.0,1.6282216,0.6329603,0.0,0.63230956,0.0,0.2615861,0.0,0.0,0.0,0.0,1.2879643,0.0,0.0,2.0692172,0.034621913,1.138983,0.0,0.0,0.0,0.008511348,0.3532188,1.3831154,0.0,0.0,0.0,0.062497653,3.2116,0.0,0.0,0.0,0.44682887,0.4096291,0.0,0.7828118,2.5989068,0.0,0.0,0.27218452,0.8308627,0.0,0.0,0.0,0.0,0.96455294,0.0,0.0,0.54090637,0.5849516,0.37053987,0.0,0.0,0.40359658,1.4932325,0.0,0.0,0.75627065,0.69608164,0.0,0
0.0,0.8756965,1.0399975,0.0,0.5754915,0.6739248,0.6470641,0.0,0.7767311,0.0,1.0172256,0.0,1.6834245,0.0,0.91402686,0.21109888,0.36092162,0.0,0.0,1.0028696,0.17589986,0.0,0.7169957,0.0,0.0,0.0015483979,1.1972079,0.6966528,1.1667291,0.0,0.0,1.654649,0.0,1.6982044,0.0,0.8328464,0.0,0.0,0.39461175,0.0,1.2224873,0.0,0.45130777,0.5632024,0.0,0.25544068,1.2534243,0.0010692092,0.0,0.0,0.0,1.1356593,0.9611369,1.0850344,0.9704816,0.0,0.0,0.94631773,0.11576448,0.0,0.55392087,0.0,0.5203134,0.26108173,0.62906766,0.0,0.52114266,1.3467063,0.0,0.0,0.9480789,0.34452978,0.0,0.34115243,0.22432594,0.0,0.0,0.0,0.0,0.0,1.2212489,0.0,0.0,1.4054874,0.82569426,0.9267228,0.0,0.0,0.0,0.0,0.0,0.11936985,0.0,0.0,0.0,0.7128494,2.456848,0.0,0.0,0.72999144,0.6397228,1.2114433,0.0,0.32986858,1.9930458,0.70881826,0.0,1.1579244,1.3374655,0.31667918,0.16083278,0.0742661,0.0,1.026194,0.0,0.0,1.306736,0.31177393,0.04979274,0.22876352,0.46981928,0.22313339,0.7262142,0.0,0.0,0.79022413,0.04680268,0.0,1
0.0,1.0853361,1.4364582,0.0,0.0,1.3199742,1.1039436,0.0,0.2150442,0.0,0.07772633,0.0,1.7164494,0.0,0.0,0.61715174,0.028639091,0.0,0.0,0.9987878,0.056262508,0.0,0.8026079,0.0,0.0,0.0,0.5115282,1.091711,1.3088328,0.0,0.42641118,1.6398942,0.0,0.90937656,0.34875268,0.12650704,0.0,0.0,0.52219164,0.0,0.67495257,0.0,0.83049345,1.155145,0.0,0.0,1.135758,0.39717966,0.0,0.0,0.33104688,0.0,0.601025,0.28569677,1.3421072,0.0,0.0,0.37176976,0.856468,0.0,0.082674414,0.0,0.78557587,0.0,1.0247419,0.0,1.3640324,0.13158654,0.0,0.0,1.1885694,0.43868142,0.0,0.9312363,0.0,0.049384877,0.0,0.0,0.0,0.0,1.2677839,0.0,0.0,1.9344788,0.2726773,0.771612,0.0,0.0,0.0,0.0,0.23130101,1.3115517,0.0,0.0,0.0,0.0,2.9440386,0.0,0.0,0.0,0.45777485,0.4623061,0.0,0.42908525,2.2905364,0.0,0.0,0.5917317,0.72875166,0.0,0.0054680957,0.0,0.0,0.8580286,0.0,0.0,1.4813898,0.47564888,0.10861655,0.094334096,0.012859289,0.57033324,1.2200632,0.0,0.0,0.7106172,0.11044515,0.0,0
0.0,0.58680356,1.292508,0.0,0.7294032,0.8404749,0.49154666,0.0,0.31875333,0.0,0.24483187,0.0,1.1214455,0.0,0.3237459,0.0,0.63325775,0.0,0.0,0.65433747,0.3133384,0.0,0.37430382,0.0,0.0,0.0,1.0431302,0.67320806,1.6778203,0.0,0.13494664,1.5472304,0.0,1.5333241,0.2622943,0.3095426,0.0,0.0,0.0,0.0,1.168721,0.0,0.4896382,1.2266496,0.0,0.46052125,0.51846445,0.108823515,0.0,0.0,0.34186614,0.40454596,1.0158849,0.74013764,1.3263239,0.0,0.0,0.17026617,0.3157255,0.0,0.2711399,0.0,0.53492934,0.6643656,0.58292305,0.0,1.0967683,0.7980137,0.0,0.0,0.47812256,0.13437895,0.0,1.191696,0.0,0.317382,0.0,0.0,0.0,0.0,1.1804981,0.03130346,0.0,1.1366887,0.7705078,0.7286863,0.0,0.0,0.0,0.0,0.0,0.8212264,0.0,0.0,0.0,0.0,2.3829544,0.0,0.0,0.0,0.07561476,0.11533341,0.0,0.18434364,2.078518,0.44210875,0.0,0.8073603,0.84093976,0.13686709,0.0,0.0,0.0,1.3652607,0.0,0.0,1.2238858,0.51636994,0.0,0.33080196,0.47568837,0.1859189,0.82580507,0.0,0.0,0.046945386,0.0,0.0,1
0.0,0.58019453,0.56349665,0.0,0.3989871,0.70118403,0.9417703,0.0,0.58774686,0.0,0.47333464,0.0,1.3959947,0.0,0.9031067,0.0,0.6187352,0.0,0.0,0.38290423,0.35674462,0.0,0.3684216,0.0,0.0,0.0,1.1340828,0.30499226,1.1226432,0.0,0.3941997,1.4459137,0.0,1.670471,0.27309394,0.70772874,0.0,0.0,0.057194494,0.0,1.2243638,0.0,0.47812524,0.8718001,0.0,0.28708488,0.828376,0.140171,0.0,0.0,0.0,0.96731514,0.7046763,0.5921149,0.95552146,0.0,0.0,0.65716326,0.40347236,0.0,0.27162313,0.0,0.72666174,0.714159,0.75757253,0.0,0.7032164,0.849451,0.0,0.0,0.7479658,0.0,0.0,0.60026336,0.0,0.2887167,0.0,0.0,0.0,0.0,1.101614,0.0,0.0,1.2380701,0.5441487,0.44786367,0.0,0.0,0.0,0.0,0.0,0.6089249,0.0,0.0,0.0,0.27121505,1.9338259,0.0,0.0,0.29323894,0.56718117,0.42561755,0.0,0.18864915,1.7900167,0.43455222,0.0,0.7606034,0.40453833,1.0051644,0.0,0.0,0.0,1.2200931,0.0,0.0,0.90990615,0.17159788,0.20405866,0.617113,0.5905044,0.08103341,0.13538864,0.0,0.0,0.0,0.21477036,0.0,1
0.0,0.8781672,0.8388081,0.0,0.0,0.6093979,0.69043386,0.0,0.48076704,0.0,0.79233927,0.0,1.2436173,0.0,0.3736902,0.29525587,0.0,0.0,0.0,0.8777187,0.056268327,0.0,0.5440825,0.0,0.0,0.0,0.77253705,0.7790831,1.0512512,0.0,0.40651897,1.2773699,0.0,1.1357576,0.02285738,0.11455699,0.0,0.0,0.34589645,0.0,1.2008759,0.0,0.6935792,1.0390872,0.0,0.19518012,0.8631438,0.0,0.0,0.0,0.0,0.52754974,1.0288241,0.95343536,1.0468287,0.0,0.0,0.22953127,0.5995456,0.0,0.25631765,0.0,0.8474281,0.5437125,0.6284778,0.0,0.8788675,0.5099445,0.0,0.0,1.5934931,0.032788236,0.0,0.8136361,0.0,0.39337736,0.0,0.0,0.0,0.0,1.3499675,0.0,0.0,1.1529346,0.28329915,0.9656711,0.0,0.0,0.0,0.0,0.10999842,1.0453595,0.0,0.0,0.0,0.4708784,2.5915205,0.0,0.0,0.1962786,0.18891148,0.30168736,0.0,0.5305529,2.411148,0.24695347,0.0,0.65440875,0.704555,0.42028874,0.063851126,0.0,0.0,0.32659808,0.0,0.0,0.24851638,0.5337731,0.0,0.3520142,0.40428406,0.2791755,1.0634758,0.0,0.0,0.0,0.25057486,0.0,0
0.0,1.4119148,1.6959859,0.0,0.0,1.3224927,1.2510921,0.0,0.029600628,0.0,0.0,0.0,1.8982062,0.0,0.0,0.59688246,0.0,0.0,0.0,1.4076205,0.0,0.0,0.42782888,0.0,0.0,0.0,0.44418678,1.3981507,1.4856611,0.0,0.46965793,1.4412196,0.0,0.8453215,0.47520834,0.0,0.0,0.0,0.86948454,0.0,0.52730507,0.0,1.3362561,1.2147118,0.0,0.0,1.4671726,0.16849609,0.0,0.0,0.065332234,0.0,1.0586503,0.03665809,1.4336827,0.0,0.0,0.17860536,1.2701621,0.0,0.0,0.0,0.836149,0.0,1.7204524,0.0,1.3382112,0.15211289,0.0,0.0,1.8494228,0.8159362,0.0,0.8280959,0.0,0.0,0.0,0.0,0.0,0.0,1.0650884,0.0,0.0,2.0407128,0.26814246,0.6953204,0.0,0.0,0.0,0.21296299,0.6495031,1.4997612,0.0,0.0,0.0,0.0,3.3901396,0.0,0.0,0.0,0.3719657,0.54975796,0.0,0.84242976,2.605691,0.0,0.0,0.5511847,0.89727294,0.0,0.0,0.0,0.0,0.609392,0.0,0.0,1.0800103,0.306706,0.42559928,0.0,0.0,0.37011683,1.4595858,0.0,0.0,0.9125311,0.1745056,0.0,0
0.0,1.2652445,1.4466385,0.0,0.0,1.6355699,0.8490901,0.0,0.1940574,0.0,0.0,0.0,2.133621,0.0,0.013510017,0.4896218,0.0,0.0,0.0,0.88186234,0.24324322,0.0,0.7128972,0.0,0.0,0.0,0.925042,0.6804961,1.6738861,0.0,0.43034655,1.7009501,0.0,0.6642739,0.33146575,0.03577334,0.0,0.0,0.4099068,0.0,0.5107604,0.0,0.6125182,1.2832041,0.0,0.0,1.3362187,0.38891786,0.0,0.0,0.2791407,0.0,0.9118918,0.504265,1.3779042,0.0,0.0,0.49344373,0.9660243,0.0,0.39132637,0.0,0.50616354,0.0,1.0037147,0.0,1.264815,0.2263364,0.0,0.0,1.304434,0.5108038,0.0,0.79002804,0.0,0.0,0.0,0.0,0.0,0.0,1.0805986,0.0,0.0,1.9177077,0.3173706,0.7162715,0.0,0.0,0.0,0.0,0.0440025,1.1758436,0.0,0.0,0.0,0.0,2.7446156,0.0,0.0,0.1016826,0.32345966,0.40937483,0.0,0.27560428,2.4788375,0.0,0.0,0.40256196,0.6242861,0.0,0.0,0.0,0.0,1.1367757,0.0,0.0,1.226383,0.4722245,0.36014095,0.0,0.12490937,0.34880254,0.86199,0.0,0.0,0.58246714,0.18531911,0.0,0
0.0,0.8325233,1.3408823,0.0,0.059315756,1.1884211,0.758795,0.0,0.0,0.0,0.047510404,0.0,1.6147935,0.0,0.0,0.5353254,0.0,0.0,0.0,1.2779063,0.0,0.0,0.4235381,0.0,0.0,0.0,0.32145515,1.2703966,1.396358,0.0,0.27400026,1.0903916,0.0,0.9649628,0.18687303,0.0,0.0,0.0,0.54967517,0.0,0.8795494,0.0,1.3892294,1.090389,0.0,0.024569986,1.23198,0.061170537,0.0,0.0,0.0,0.0,1.4936035,0.51240104,1.2600241,0.0,0.0,0.09154929,0.8602336,0.0,0.0,0.0,0.91250265,0.0,1.2544898,0.0,1.5255195,0.16532099,0.0,0.0,1.3174232,0.46330556,0.0,0.8459418,0.0,0.0,0.0,0.0,0.0,0.0,1.2412096,0.0,0.0,2.0280414,0.23314305,0.7486709,0.0,0.0,0.0,0.14942765,0.37288684,1.3558275,0.0,0.0,0.0,0.0,3.2196047,0.0,0.0,0.0,0.085333176,0.5890269,0.0,0.71977174,2.5986843,0.0,0.0,0.15771686,0.75584793,0.0,0.0,0.0,0.0,0.9138316,0.0,0.0,0.96606743,0.56767184,0.22064783,0.0,0.0,0.2831788,1.2843449,0.0,0.0,0.19572367,0.0,0.0,0
0.0,1.0067786,1.4560227,0.0,0.20441647,0.87654227,1.1616626,0.0,0.0,0.0,0.0,0.0,1.427208,0.0,0.0,0.95883125,0.0,0.0,0.0,1.7891756,0.0,0.0,0.0,0.0,0.0,0.0,0.27003935,1.31849,1.1851536,0.0,0.2767443,1.3348348,0.0,1.0547607,0.6703296,0.0,0.0,0.0,0.580622,0.0,1.1030258,0.0,1.4527103,1.2812009,0.0,0.0,1.2208148,0.03885496,0.0,0.0,0.0,0.0,1.4698967,0.30722633,1.2258947,0.0,0.0,0.0,0.85950184,0.0,0.0,0.0,1.0152493,0.0,1.5218676,0.0,1.8117553,0.0,0.0,0.0,1.6850456,0.72571564,0.0,0.7687668,0.0,0.0,0.0,0.0,0.0,0.0,1.3233159,0.0,0.0,1.9756305,0.20415576,0.87495494,0.0,0.0,0.0,0.21398757,0.54666036,1.5898293,0.0,0.0,0.0,0.0,3.05226,0.0,0.0,0.0,0.2963803,0.631672,0.0,1.0252417,2.7956665,0.0,0.0,0.4893612,0.6257691,0.0,0.0,0.0,0.0,0.33885723,0.0,0.0,1.044892,0.33932322,0.3403525,0.0,0.0,0.37206152,1.4508771,0.0,0.0,0.25038975,0.0,0.0,0
0.0,1.1912344,1.5994543,0.0,0.0,1.2574238,1.2670567,0.0,0.11955253,0.0,0.50091934,0.0,2.0946944,0.0,0.3700487,0.8234336,0.0,0.0,0.0,1.5026857,0.0,0.0,0.58398753,0.0,0.0,0.0,0.46945092,1.0965338,0.9627009,0.0,0.8086295,1.6077238,0.0,0.96813995,0.31403753,0.29020262,0.0,0.0,0.5880769,0.0,0.8625309,0.0,0.99483955,1.0591538,0.0,0.0,0.951269,0.11588319,0.0,0.0,0.0,0.0,1.1498567,0.3817019,1.3841331,0.0,0.0,0.42798796,1.0938622,0.0,0.35783726,0.0,0.9000808,0.43462557,1.6048428,0.0,1.393627,0.65499586,0.0,0.0,1.1492937,0.30900222,0.0,0.63485587,0.0,0.050230026,0.0,0.0,0.0,0.0,1.2761425,0.0,0.0,1.8049476,0.0,0.5848073,0.0,0.0,0.0,0.0,0.12879603,1.3022887,0.0,0.0,0.0,0.15046933,2.9984286,0.0,0.0,0.0,0.32355255,0.50578016,0.0,0.9669468,2.197295,0.03530451,0.0,0.47423565,1.1712277,0.0,0.0,0.0,0.0,0.99729437,0.0,0.0,0.5936886,0.17903715,0.62184244,0.0,0.54387635,0.32957646,1.4892572,0.0,0.0,0.16232122,0.16469581,0.0,0
0.0,0.52874184,0.82267964,0.0,0.7001974,0.51616544,0.6671779,0.0,1.018368,0.0,0.9671977,0.0,0.92170185,0.0,0.53178215,0.021697909,0.6105976,0.0,0.0,0.6699968,0.04043439,0.0,0.9735221,0.0,0.0,0.0,1.1144798,0.7766808,0.8237234,0.039370973,0.5749936,1.5319896,0.0,1.8670076,0.0,0.6122894,0.0,0.0,0.23961706,0.0,1.0888507,0.0,0.70449805,0.98436785,0.0,0.7240913,0.62176025,0.05565404,0.0,0.18956184,0.0,1.0468308,0.8703928,1.3394368,0.7093933,0.0,0.0,0.46104276,0.13911904,0.0,0.49052256,0.0,0.7143096,0.905807,0.595619,0.0,0.5926633,1.2424428,0.0,0.0,1.1144979,0.0,0.0,0.215446,0.0,0.44931766,0.0,0.0,0.0,0.0,0.85243803,0.08827926,0.0,1.3032012,0.5716224,0.29548943,0.0,0.0,0.0,0.0,0.0,0.7516854,0.0,0.0,0.0,0.054809637,2.2301693,0.0,0.0,0.66119707,0.22830735,0.27453238,0.0,0.09736709,1.7651577,0.5595467,0.0,1.2940446,1.1994293,0.74390686,0.0,0.0,0.0,0.5834171,0.0,0.0,0.8938914,0.14106853,0.0,0.9913805,0.525595,0.0,0.68325084,0.06769355,0.0,0.24915098,0.11177972,0.0,1
0.0,0.6485359,0.84750557,0.0,0.3465873,0.79248583,0.7537744,0.0,0.18584889,0.0,0.15834047,0.0,1.4189935,0.0,0.09697155,0.4980898,0.26517195,0.0,0.0,1.1246406,0.2258607,0.0,0.19141611,0.0,0.0,0.0,0.45252892,0.9785953,1.1625872,0.0,0.08807605,1.5603085,0.0,1.1848302,0.15675844,0.0,0.0,0.0,0.43388805,0.0,1.0398455,0.0,0.8862846,1.0956283,0.0,0.31012347,0.82009834,0.0,0.0,0.0,0.0,0.0,0.96282816,0.49827513,1.1919303,0.0,0.0,0.43161663,0.75304407,0.0,0.17087808,0.0,0.8793575,0.31189987,0.9048672,0.0,1.2275679,0.43851003,0.0,0.0,0.88610166,0.17967214,0.0,0.81187457,0.0,0.16017763,0.0,0.0,0.0,0.0,1.3895093,0.0,0.0,1.2054322,0.29574865,0.3818108,0.0,0.0,0.0,0.0,0.37706274,1.3559169,0.0,0.0,0.0,0.0,2.5304391,0.0,0.0,0.0,0.0,0.19042134,0.0,0.54359084,2.3657374,0.0,0.0,0.5868384,0.467007,0.2969933,0.0,0.0,0.0,0.8817826,0.0,0.0,0.77627915,0.37811604,0.1571831,0.23581722,0.48228723,0.3694404,0.9426764,0.0,0.0,0.18498304,0.0077636167,0.0,1
0.0,0.8042453,0.57007605,0.0,0.588768,0.6700064,0.47228193,0.0,0.03257025,0.0,0.3148744,0.0,1.8689034,0.0,0.4781214,0.4667529,0.69196707,0.0,0.0,0.9307603,0.30897638,0.0,0.08923749,0.0,0.0,0.31072134,0.98850757,0.3543827,0.797352,0.0,0.16004106,1.0602744,0.0,1.6641434,0.0,0.69225484,0.0,0.0,0.17977493,0.0,1.0118904,0.0,0.25911358,0.6228232,0.0,0.28046605,0.90668404,0.0,0.0,0.0,0.0089989295,1.140529,0.64687395,0.35876134,1.3319833,0.0,0.0,0.28359663,0.59101856,0.0,0.4958037,0.0,0.73822266,0.39398426,0.64604825,0.0,1.0069232,0.96230733,0.0,0.0,0.36194628,0.43345436,0.0,0.631346,0.0,0.14527501,0.0,0.0011764778,0.0,0.0,1.099454,0.0,0.0,1.4458914,0.70141447,0.50849134,0.0,0.0,0.0,0.0,0.0,0.47772005,0.0,0.0,0.0,0.93697876,1.9365531,0.0,0.0,0.59802616,0.3689671,0.83242166,0.0,0.1418559,1.8906422,0.60026085,0.0,0.7687214,0.543291,0.69865954,0.0,0.46584165,0.0,0.7203956,0.0,0.0,0.62697774,0.11579327,0.0,0.0025799861,0.33863804,0.2033065,0.58411884,0.0,0.0,0.13114718,0.0,0.0,0
0.0,0.71346587,0.94804007,0.0,1.0116477,0.6509469,0.29759294,0.0,0.30421907,0.0,1.2357081,0.0,1.3877013,0.0,0.7223405,0.0,0.78746164,0.10299893,0.0,0.46348637,0.44697297,0.0,0.6250201,0.0,0.0,0.0,1.4975705,0.0,1.2112372,0.0,0.13287205,1.5557534,0.0,1.8703891,0.0,0.53958964,0.0,0.0,0.04195174,0.0,0.8463084,0.0,0.3116047,0.53916454,0.0,0.5449627,0.5035428,0.0,0.0,0.0,0.0,1.070956,0.6494976,1.3807647,0.84153765,0.0,0.0,1.0487801,0.0,0.0,1.301747,0.0,0.46500713,1.1994276,0.20943248,0.0,0.90027064,1.4870347,0.0,0.0,0.9931109,0.2970766,0.0,0.5466434,0.0,0.23569246,0.0,0.0,0.0,0.0,1.2222729,0.0,0.0,1.1847844,0.6693712,0.5165183,0.0,0.0,0.0,0.0,0.0,0.037802916,0.0,0.0,0.0,0.07977327,1.9989785,0.0,0.0,1.062081,0.060926016,0.58320343,0.0,0.0,1.8203429,0.93518496,0.0,1.2505994,1.296783,0.6204381,0.29320645,0.0,0.0,1.2961673,0.0,0.0,1.0435978,0.40697926,0.0,0.5505719,1.1760064,0.19712058,0.4838563,0.0,0.0,0.15959838,0.0,0.0,1
0.0,1.6667219,0.9953942,0.0,0.0,0.9850575,1.4852409,0.0,0.2652537,0.0,0.24462713,0.0,1.7096145,0.0,0.0,0.584215,0.0,0.0,0.0,1.3389372,0.0,0.0,0.53533965,0.0,0.0,0.0,0.5761382,0.9334142,1.0250224,0.0,0.9391172,1.3470129,0.0,1.1547117,0.348622,0.0,0.0,0.0,0.7436042,0.0,1.0016361,0.0,0.8837894,1.044601,0.0,0.0,1.3903378,0.0,0.0,0.0,0.0,0.0,0.6924711,0.4165491,0.82042277,0.0,0.0,0.049885925,1.1067162,0.0,0.08105627,0.0,0.8787981,0.00079674687,1.235134,0.0,1.378378,0.49125496,0.0,0.0,1.466354,0.4222695,0.0,0.57052857,0.0,0.08023755,0.0,0.0,0.0,0.0,1.0348102,0.0,0.0,1.7845242,0.005402317,0.53673226,0.0,0.0,0.0,0.0,0.27143797,1.217265,0.0,0.0,0.0,0.22920437,2.5556617,0.0,0.0,0.0,0.23415183,0.3215978,0.0,0.6033433,2.1860728,0.20707703,0.0,0.11994873,0.63834345,0.65531313,0.0,0.0,0.0,0.69518936,0.0,0.0,0.2858925,0.0,0.47340658,0.0,0.39414194,0.0,0.9861695,0.17306095,0.0,0.11067818,0.48835373,0.0,0
0.0,0.0,0.0,0.0,1.5477548,0.2830889,0.525106,0.0,1.116725,0.0,1.2256714,0.0,0.5260835,0.0,1.2167017,0.0,0.8908803,0.59615874,0.0,0.18129784,0.9343614,0.0,0.6001505,0.0,0.0,0.64502114,1.9554374,0.0,0.7415995,0.0,0.0,1.1187552,0.0,2.3470354,0.0,1.4444239,0.0,0.0,0.0,0.0,1.1169674,0.0,0.0,0.08398212,0.0,0.7125822,0.0723501,0.40601033,0.0,0.0,0.0,2.4136271,0.8256254,1.2151421,0.4838317,0.0,0.0,1.1507051,0.0,0.0,1.1575031,0.0,0.06827025,0.96831685,0.22985563,0.0,0.081703186,1.288685,0.0,0.0,0.0,0.0,0.0,0.46580833,0.0,0.45593968,0.0,0.0,0.0,0.0,1.8334662,0.04166701,0.0,0.0,0.9339031,0.12927626,0.0,0.111858375,0.0,0.0,0.0,0.0,0.0,0.0,0.0,0.82635677,0.9840387,0.0,0.0,1.0943731,0.43416587,0.8600923,0.0,0.0,1.6317663,1.1219035,0.0,1.4069976,0.57554823,1.1337947,0.3915854,0.5394671,0.0,1.6439323,0.0,0.0,1.2290645,0.41313317,0.0,1.1156753,1.1639264,0.0,0.0,0.0,0.0,0.114565134,0.0,0.0,1
0.0,0.90790373,1.4787112,0.0,0.17929387,1.2148364,1.2098843,0.0,0.44304377,0.0,0.4496483,0.0,1.0647398,0.0,0.22432783,0.40458053,0.016837073,0.0,0.0,1.3063985,0.0,0.0,0.7407094,0.0,0.0,0.0,0.8268147,1.2929518,1.4037488,0.22679973,0.70801115,1.563288,0.0,1.3697318,0.12426133,0.076515034,0.0,0.0,0.4816385,0.0,1.3270123,0.0,1.2381319,0.89005613,0.0,0.0,1.2771149,0.087226115,0.0,0.0,0.07706556,0.20757069,0.94663787,1.1414773,0.89706093,0.0,0.0,0.20338249,0.7983045,0.0,0.0,0.0,0.6416963,0.37917617,1.3522687,0.0,0.7961625,0.29928124,0.0,0.0,1.4380933,0.24972075,0.0,0.40961543,0.0,0.1338294,0.0,0.0,0.0,0.0,1.6010108,0.0,0.0,1.9195261,0.5816541,0.9123377,0.0,0.0,0.0,0.0,0.57136923,0.7407396,0.0,0.0,0.0,0.21002102,2.9849296,0.0,0.0,0.0,0.48061597,0.3634513,0.0,0.46164012,2.4248924,0.0,0.0,0.423854,1.4750913,0.24157244,0.13221982,0.0,0.0,0.67039675,0.0,0.0,0.80484885,0.38601792,0.0,0.24168694,0.02125809,0.1708129,1.3578258,0.0,0.0,0.48008233,0.1370321,0.0,1
0.0,0.30694872,1.2854023,0.0,0.84039474,0.9885812,0.25904873,0.0,0.64710194,0.0,0.81136596,0.0,1.2962943,0.0,1.1800084,0.0,0.95158154,0.0,0.0,0.6048144,0.36548457,0.0,0.9942742,0.0,0.0,0.43604538,1.8201201,0.0,1.5637364,0.0,0.0,1.5877177,0.0,2.1720624,0.0,1.0273106,0.0,0.0,0.0037454437,0.0,1.1510761,0.0,0.17390111,0.6004792,0.0,0.5780214,0.916467,0.25099173,0.0,0.10825099,0.042105444,1.2951916,0.5974907,1.3348851,1.0575061,0.0,0.0,1.0373479,0.14730468,0.0,0.7062478,0.0,0.6750289,0.9833615,0.67519575,0.0,0.37493175,1.2630395,0.0,0.0,0.3470988,0.10889514,0.0,0.6985742,0.24067836,0.17880882,0.0,0.0,0.0,0.0,1.0789769,0.0,0.0,0.8979453,0.99653006,0.21637446,0.0,0.0,0.0,0.0,0.0,0.0,0.0,0.0,0.0,0.513369,2.2180972,0.0,0.0,0.7950845,0.75540715,1.1933451,0.0,0.22775963,1.7688091,0.9407135,0.0,1.3515728,1.0513891,0.7116197,0.2577434,0.15227662,0.0,1.5108317,0.0,0.0,1.209218,0.11618401,0.0,0.71894443,0.7729555,0.0,0.0,0.0,0.0,0.2984984,0.0,0.0,1
0.0,0.6680088,1.225677,0.0,0.2515715,0.8243023,0.7191406,0.0,0.6484213,0.0,0.45596892,0.0,1.556551,0.0,0.43900818,0.3847902,0.15812804,0.0,0.0,1.1748844,0.09658632,0.0,0.7845768,0.0,0.0,0.0,1.2478713,0.5582458,1.3506517,0.013031398,0.5173937,1.2514863,0.0,0.9076907,0.014107863,0.36312675,0.0,0.0,0.11283808,0.0,0.64345545,0.0,0.6803448,0.82587475,0.0,0.22363076,1.3201908,0.2951149,0.0,0.0,0.0,0.11939896,1.1022251,0.73656154,1.0872552,0.0,0.0,0.00010124972,0.54355574,0.0,0.06798373,0.0,0.81065804,0.6291727,1.062929,0.0,1.0966471,0.50937337,0.0,0.0,1.3845308,0.10825638,0.0,0.859686,0.0,0.032755747,0.0,0.025478782,0.0,0.0,1.5653931,0.0,0.0,1.4489937,0.6343211,0.713004,0.0,0.0,0.0,0.0,0.102990806,0.6521232,0.0,0.0,0.0,0.07762785,2.9157634,0.0,0.0,0.30401778,0.18012653,0.44674322,0.0,0.6277723,2.1069136,0.0,0.0,0.8388589,1.0402961,0.1443284,0.0,0.0,0.0,0.6871604,0.0,0.0,0.86665106,0.43927497,0.20040044,0.3753127,0.37299153,0.691956,1.4087,0.0,0.0,0.26301417,0.0,0.0,1
0.0,0.65979487,1.4996843,0.0,0.044806734,0.89273125,1.3778622,0.0,0.32319072,0.0,0.16798355,0.0,1.4403913,0.0,0.62356997,0.5862605,0.0,0.0,0.0,1.4558965,0.059023112,0.0,0.6755024,0.0,0.0,0.0,0.6766544,0.95715016,1.3835253,0.29777625,0.83806944,1.515077,0.0,1.4212878,0.0,0.0,0.0,0.0,0.7380082,0.0,0.87651384,0.0,0.98730683,0.7825412,0.0,0.0,1.2111602,0.30771053,0.0,0.0,0.0,0.0,1.0544881,0.74937856,1.0876358,0.0,0.0,0.15165593,0.42766005,0.0,0.0,0.0,0.94836146,0.5155018,1.7876185,0.0,0.59299004,0.70591193,0.0,0.0,1.4522383,0.31550595,0.0,0.42639104,0.0,0.0,0.0,0.0,0.0,0.0,1.3622179,0.0,0.0,1.9075971,0.59622586,0.6975102,0.0,0.0,0.0,0.20047942,0.47908816,1.0152129,0.0,0.0,0.0,0.5429348,3.173986,0.0,0.0,0.06344785,0.53218406,0.4921475,0.0,0.67496526,2.6963124,0.0,0.0,0.15672408,1.3522942,0.162462,0.0,0.0,0.0,0.75459784,0.0,0.0,0.6335523,0.18026407,0.062887914,0.12845209,0.1420444,0.0,1.4885279,0.0,0.0,0.25137004,0.2018025,0.0,1
0.0,0.51521444,1.554696,0.0,0.33968115,0.8424129,1.6002527,0.0,0.82328755,0.0,0.30034477,0.0,1.1080782,0.0,0.87979937,0.69550633,0.0,0.0,0.0,1.4549941,0.0,0.0,1.1059451,0.0,0.0,0.0,0.91308415,1.1929611,1.0137688,0.19503447,0.7550996,1.2720152,0.0,1.9658955,0.0,0.06808034,0.0,0.0,0.9908419,0.0,1.3636186,0.0,1.0576988,0.8493587,0.0,0.0,1.0987617,0.27626872,0.0,0.0,0.0,0.072783776,0.83570063,0.8125164,1.1045399,0.0,0.0,0.39804068,0.43542403,0.0,0.0,0.0,1.0274636,0.41658688,1.6543012,0.0,0.54634786,0.7258277,0.0,0.0,1.353444,0.2349402,0.0,0.5738903,0.0,0.0003787422,0.0,0.0,0.0,0.0,1.3533776,0.11076201,0.0,1.5761073,0.49313283,0.58377177,0.0,0.0,0.0,0.38940713,0.5881056,1.2939156,0.0,0.0,0.0,0.78787667,3.0403636,0.0,0.0,0.0,0.58272105,0.48072174,0.0,0.6639879,2.4937863,0.0,0.0,0.4942097,1.3046826,0.28198385,0.042551454,0.0,0.0,0.41944954,0.0,0.0,0.4561057,0.3014646,0.0,0.0,0.08435744,0.044440955,1.5806097,0.0,0.0,0.48575705,0.0,0.0,1
0.0,0.9352613,1.2645724,0.0,0.2642245,0.9789442,0.705501,0.0,0.3190882,0.0,0.55289376,0.0,1.1452801,0.0,0.640573,0.5240611,0.094151184,0.0,0.0,1.1816931,0.14845112,0.0,0.4653402,0.0,0.0,0.0,0.77965695,0.9500746,1.7072794,0.0,0.22135475,1.6760106,0.0,1.0781586,0.18869172,0.20677061,0.0,0.0,0.31706253,0.0,1.4346437,0.0,0.84240496,1.0557189,0.0,0.0,1.1631247,0.089553855,0.0,0.0,0.0,0.57756287,1.2906554,1.210228,1.2361012,0.0,0.0,0.22317386,1.0571543,0.0,0.46102223,0.0,0.8001234,0.31401983,1.0715429,0.0,1.016584,0.33139238,0.0,0.0,1.2687442,0.22555403,0.0,0.7217391,0.0,0.12030703,0.0,0.0,0.0,0.0,1.5010225,0.20281228,0.0,1.4784346,0.33606604,1.1808308,0.0,0.0,0.0,0.0,0.0,0.8105759,0.0,0.0,0.0,0.122429885,2.7334564,0.0,0.0,0.0,0.4491253,0.86461556,0.0,0.26865572,2.6679072,0.110635705,0.0,0.51716226,0.97782356,0.5197977,0.0,0.0,0.0,1.1473111,0.0,0.0,0.87419325,0.58207077,0.014608825,0.34973904,0.24074683,0.22054192,0.9180834,0.0,0.0,0.038716275,0.05339143,0.0,1
0.0,0.7951399,1.135422,0.0,0.6230994,0.91695625,0.70646894,0.0,0.18093604,0.0,0.2787891,0.0,1.2320905,0.0,0.0,0.44505382,0.0,0.0,0.0,1.2733415,0.13702023,0.0,0.33321944,0.0,0.0,0.0,0.85933656,1.2814887,1.4120065,0.0,0.23285028,1.3848858,0.0,1.2574204,0.5194267,0.0,0.0,0.0,0.43850413,0.0,1.3443152,0.0,0.68697995,1.0002819,0.0,0.26906016,1.192778,0.0,0.0,0.0,0.0,0.14756443,1.4975226,1.0688533,1.319288,0.0,0.0,0.42073244,0.7021384,0.0,0.030509023,0.0,0.76603246,0.49302912,1.1988765,0.0,1.2107849,0.32989046,0.0,0.0,1.4761754,0.3306718,0.0,0.7881227,0.0,0.08428244,0.0,0.0,0.0,0.0,1.5174117,0.0,0.0,1.6409508,0.5451967,0.7341483,0.0,0.0,0.0,0.007380755,0.3609133,1.4803113,0.0,0.0,0.0,0.0,3.0037096,0.0,0.0,0.0,0.27129263,0.32065958,0.0,0.4199811,2.569097,0.0,0.0,0.47773567,0.9971565,0.23089492,0.0,0.0,0.0,0.98943114,0.0,0.0,0.81153464,0.5304457,0.06637413,0.024919957,0.17596737,0.53328496,1.2547108,0.0,0.0,0.33856818,0.0,0.0,1
0.0,0.765596,1.1751816,0.0,0.3653575,0.8496468,1.0095087,0.0,0.34979644,0.0,0.35859075,0.0,1.3531399,0.0,0.32465053,0.386661,0.0,0.0,0.0,1.2863057,0.055916473,0.0,1.1337112,0.0,0.0,0.0,0.6825822,1.2109623,1.0070989,0.0,0.9108956,1.470207,0.0,1.585617,0.031211983,0.0,0.0,0.0,0.6430179,0.0,0.7798919,0.0,0.88053966,0.7493218,0.0,0.2576805,0.9984256,0.0,0.0,0.0,0.0,0.22975005,0.9778402,0.96167076,1.1562884,0.0,0.0,0.23682307,0.8255758,0.0,0.073994815,0.0,0.7968882,0.6523162,1.5590469,0.0,0.9383594,0.68511325,0.0,0.0,1.6268308,0.29368094,0.0,0.6454505,0.0,0.23063421,0.0,0.0,0.07468875,0.0,1.0589336,0.0,0.0,1.5288231,0.46864206,0.16837882,0.0,0.0,0.0,0.0,0.32667622,0.9324627,0.0,0.0,0.0,0.1739892,3.0003576,0.0,0.0,0.21092233,0.116003536,0.2594629,0.0,0.19855219,2.2677455,0.0389402,0.0,0.67361844,1.4030492,0.3745903,0.21950208,0.0,0.0,0.79720634,0.0,0.0,0.49989098,0.60174096,0.04606427,0.2697935,0.6114184,0.28980744,1.7157539,0.14219677,0.0,0.2594647,0.0,0.0,1
0.0,0.97669667,0.75424176,0.0,0.27853838,0.47936338,0.5702793,0.0,0.23137006,0.0,0.6488946,0.0,1.3978254,0.0,0.6305034,0.0,0.6128692,0.0,0.0,0.91255254,0.4600298,0.0,0.2919597,0.0,0.0,0.2393114,0.7874272,0.34466985,0.8437833,0.0,0.0,1.4493332,0.0,1.2312423,0.32183853,0.3314978,0.0,0.0,0.17161992,0.0,0.76817983,0.0,0.25086904,0.7364619,0.0,0.2017296,1.0643822,0.2908846,0.0,0.0,0.13948607,0.7526316,0.9161355,0.45578405,0.9459998,0.0,0.0,0.51999766,0.5666339,0.0,0.804568,0.0,0.5801167,0.25804573,0.9087229,0.0,0.8178344,0.89001065,0.0,0.0,0.83848834,0.20725058,0.0,0.36311334,0.0,0.0,0.0,0.0,0.0,0.0,1.3134103,0.0,0.0,1.266968,0.42461008,0.84706205,0.0,0.0,0.0,0.0,0.0,0.02835439,0.0,0.0,0.0,0.4704617,2.0247157,0.0,0.0,0.4020347,0.44625583,0.91206676,0.0,0.16688806,1.9243311,0.51704335,0.0,1.0292659,0.6986785,0.32480338,0.11919377,0.10568699,0.0,1.0518912,0.0,0.0,1.1438998,0.0,0.2316365,0.54811555,0.38274541,0.46649477,0.6445311,0.0,0.0,0.22456415,0.26568177,0.0,1
0.0,1.1496776,1.3212374,0.0,0.23760049,0.8859494,0.79518354,0.0,0.760159,0.0,0.6507048,0.0,1.3767902,0.0,0.58494794,0.5695707,0.47745225,0.0,0.0,0.8930699,0.0,0.0,0.32427758,0.0,0.0,0.06084456,0.84960705,0.8528462,1.3523923,0.0,0.52088666,1.500717,0.0,1.2602198,0.17707343,0.32909074,0.0,0.0,0.3958481,0.0,1.216885,0.0,0.5717219,0.8905013,0.0,0.15562277,1.1255854,0.0,0.0,0.0,0.24880776,0.7577633,0.99224484,0.53856295,0.9664182,0.0,0.0,0.33860958,0.3674047,0.0,0.063994706,0.0,0.7592263,0.15030965,0.70941544,0.0,1.0140069,0.55181533,0.0,0.0,0.95838296,0.55216944,0.0,0.41274798,0.0,0.39098474,0.0,0.0,0.0,0.0,1.3642821,0.0,0.0,1.2215302,0.44456822,0.85967094,0.0,0.0,0.0,0.20463435,0.0,0.49070558,0.0,0.0,0.0,0.13020124,2.5802422,0.0,0.0,0.15366295,0.3575105,0.57418126,0.0,1.1071162,1.8794206,0.38960487,0.0,0.75860405,1.0340872,0.5553007,0.0,0.0,0.0,0.5874074,0.0,0.0,1.0130543,0.5708659,0.0,0.3508842,0.19841263,0.4082034,1.0432974,0.0,0.0,0.33956382,0.20304543,0.0,1
0.0,0.102978215,0.82495815,0.0,1.1612828,0.19510497,0.0,0.0,1.0413685,0.0,1.566349,0.0,1.2860279,0.0,1.0168072,0.24127503,0.88518286,0.084541865,0.0,0.74186015,0.44838187,0.0,0.4642407,0.0,0.0,0.5881284,1.375409,0.4191306,1.2578604,0.0,0.0,1.2615503,0.0,2.0535274,0.0,1.4299936,0.0,0.0,0.0,0.0,1.3844924,0.0,0.3879462,0.40492,0.0,0.7089639,0.7626444,0.0,0.0,0.008158895,0.0,1.6728675,0.9345419,1.0584537,0.815583,0.0,0.0,0.3032932,0.37342376,0.0,0.63868093,0.0,0.5627206,0.9492552,0.13905191,0.0,0.8245826,1.117897,0.0,0.0,0.60143787,0.165285,0.0,0.17303166,0.0,0.49453932,0.0,0.0,0.0,0.0,1.5727409,0.0,0.0,0.81482065,1.1897615,0.5258471,0.0,0.0,0.0,0.0565563,0.0,0.0,0.0,0.0,0.0,0.56897306,1.9109029,0.0,0.0,0.56485116,0.63003916,0.9279182,0.0,0.26038292,1.2860003,1.0084952,0.0,2.024163,1.1447468,0.7495433,0.5442557,0.1519486,0.0,0.7067977,0.0,0.0,1.2734188,0.0,0.17679004,0.79413855,0.67294323,0.3545756,0.9179473,0.0,0.0,0.0,0.0,0.0,1
0.0,0.6754647,1.0907917,0.0,0.19980033,1.2087002,0.6154441,0.0,0.37400487,0.0,0.5497908,0.0,1.0361416,0.0,0.01738855,0.29418606,0.14728217,0.0,0.0,1.5457205,0.0,0.0,0.26881623,0.0,0.0,0.0,0.69176453,1.3722146,1.514108,0.15626165,0.63126844,1.4960985,0.0,1.5281978,0.028176468,0.0,0.0,0.0,0.6004651,0.0,1.576045,0.0,1.2794553,1.1148537,0.0,0.0,1.3785027,0.0,0.0,0.0,0.0,0.4426443,1.288561,1.0047541,1.1014733,0.0,0.0,0.0,0.6525203,0.0,0.0,0.0,0.7940728,0.4841145,1.1680555,0.0,1.5147185,0.6151771,0.0,0.0,1.6228172,0.14826524,0.0,0.31121942,0.0,0.45272774,0.0,0.0,0.0,0.0,1.4462054,0.14202356,0.0,1.5524058,0.54335606,0.93268853,0.0,0.0,0.0,0.16809732,0.5254422,1.0638503,0.0,0.0,0.0,0.033581667,3.5119855,0.0,0.0,0.0,0.24446751,0.63107455,0.0,0.5787987,2.4076767,0.0,0.0,0.33005068,1.2133285,0.20072317,0.0,0.0,0.0,0.5940782,0.0,0.0,0.9614606,0.46061543,0.0,0.22355884,0.5401569,0.12167969,1.4282417,0.09140362,0.0,0.15912724,0.35547858,0.0,1
0.0,0.875385,1.0972649,0.0,0.0,1.0079132,0.9734701,0.0,0.0,0.0,0.0,0.0,1.3554876,0.0,0.2798056,0.44295442,0.061165467,0.0,0.0,1.2983724,0.4171673,0.0,0.0,0.0,0.0,0.0,0.2734924,0.9614956,1.3346702,0.0,0.1911375,1.5286558,0.0,1.2868154,0.123970844,0.0,0.0,0.0,0.18893361,0.0,1.1533295,0.0,1.120909,0.9247527,0.0,0.0,1.0306373,0.0,0.0,0.0,0.002099301,0.0,1.5180613,0.7691558,0.98355967,0.0,0.0,0.07814519,0.84692556,0.0,0.03879282,0.0,1.0506645,0.18866281,1.0104847,0.0,1.3537419,0.45670384,0.0,0.0,1.0814662,0.67556894,0.0,0.65915877,0.0,0.0,0.0,0.0,0.0,0.0,1.2259557,0.24095744,0.0,1.8827751,0.42469594,1.0399816,0.0,0.0,0.0,0.0,0.061934225,1.1483045,0.0,0.0,0.0,0.0,2.7696636,0.08256407,0.0,0.0,0.10670603,0.5617287,0.0,0.65691876,2.7469282,0.111045875,0.0,0.43308112,0.7673185,0.5075402,0.0,0.16737837,0.0,0.6277712,0.0,0.0,0.59507036,0.5262473,0.24460816,0.0,0.07980651,0.02767703,1.0733914,0.0,0.0,0.0,0.0,0.0,0
0.0,0.77439535,1.355145,0.0,0.26709822,1.0011601,1.1142355,0.0,0.041274674,0.0,0.29362038,0.0,1.1673577,0.0,0.0,0.5259439,0.38472244,0.0,0.0,1.6986278,0.0,0.0,0.3526466,0.0,0.0,0.0,1.0664899,1.2201554,1.5149786,0.17291367,0.33173618,1.2598252,0.0,1.0667523,0.2605044,0.0,0.0,0.0,0.9251681,0.0,1.1316154,0.0,1.2604507,1.0312086,0.0,0.13517852,1.1573191,0.0,0.0,0.0,0.0,0.19402124,1.3275975,0.90141654,1.0968056,0.0,0.0,0.0,0.83424187,0.0,0.0,0.0,0.79016775,0.09790813,1.2537309,0.0,1.08509,0.0,0.0,0.0,1.8140578,0.0,0.0,0.68195325,0.0,0.0,0.0,0.0,0.0,0.0,1.6617587,0.013872532,0.0,1.6520207,0.5503233,1.2019007,0.0,0.0,0.0,0.2052618,0.79698586,0.9409803,0.0,0.0,0.0,0.0,2.6513758,0.0,0.0,0.0,0.5602795,0.6227311,0.0,0.8560918,2.3197534,0.04403255,0.0,0.4216019,0.8827804,0.19042224,0.0,0.0,0.0,0.4842726,0.0,0.0,1.1246071,0.36376226,0.0,0.0,0.16229892,0.19054621,1.2834233,0.18294737,0.0,0.020505307,0.026189353,0.0,0
0.0,0.7196984,1.113677,0.0,0.24688967,0.8962507,1.1205319,0.0,0.0,0.0,0.12668066,0.0,1.0842273,0.0,0.22960292,0.486149,0.5856766,0.0,0.0,1.0757002,0.0,0.0,0.05775643,0.0,0.0,0.0,0.6493283,0.9329264,1.1003311,0.043192532,0.89426637,1.5300756,0.0,0.9767942,0.0,0.0,0.0,0.0,0.11096185,0.0,1.4197102,0.0,0.8164927,1.2568599,0.0,0.033645496,1.3089848,0.028890578,0.0,0.0,0.02575181,0.4277038,0.9653604,0.5036941,1.0950344,0.0,0.0,0.0,0.75996596,0.0,0.0,0.0,0.8674732,0.1375384,1.0661541,0.0,1.1240585,0.40781605,0.0,0.0,1.4267133,0.012945408,0.0,0.5271052,0.0,0.1766044,0.0,0.0,0.0,0.0,0.8754402,0.15267831,0.0,1.5747888,0.10056335,0.76782596,0.0,0.0,0.0,0.0,0.16889349,1.0043982,0.0,0.0,0.0,0.13447681,2.3558154,0.0,0.0,0.0,0.39557198,0.5446731,0.0,0.49507457,2.3321881,0.10894922,0.0,0.0,0.5393238,0.51358813,0.0,0.0,0.0,0.6204435,0.0,0.0,0.31559062,0.50708693,0.0,0.0,0.15710174,0.0,0.99622685,0.06386546,0.0,0.022511033,0.31150937,0.0,0
0.0,0.6167714,0.8489082,0.0,0.40512657,0.9449737,0.8754397,0.0,0.6348296,0.0,0.7691896,0.0,0.6262267,0.0,0.43812436,0.44898203,0.27430886,0.0,0.0,1.0999343,0.0,0.0,0.822571,0.0,0.0,0.0,0.78961915,0.8203327,1.0591834,0.007003383,0.49319518,1.5159909,0.0,1.5893549,0.0,0.0,0.0,0.0,0.2644466,0.0,1.3995987,0.0,0.9754414,0.721939,0.0,0.30584475,0.877029,0.0,0.0,0.0,0.0,0.7167504,1.2023364,1.0496534,0.9742589,0.0,0.0,0.39303753,0.5222102,0.0,0.36535034,0.0,0.8218112,0.97092056,1.1537131,0.0,0.6787537,1.0804169,0.0,0.0,1.1145053,0.049923792,0.0,0.28239873,0.0,0.18892917,0.0,0.0,0.0,0.0,1.2966723,0.0,0.0,0.90938044,0.41065377,0.28502563,0.0,0.0,0.0,0.034981772,0.08557928,0.681187,0.0,0.0,0.0,0.3532895,2.5330875,0.0,0.0,0.0,0.21463346,0.40834367,0.0,0.7221579,1.9650755,0.1611594,0.0,0.4910319,1.0679108,0.74644,0.18082099,0.0,0.0,0.6390367,0.0,0.0,0.77348065,0.18660322,0.0,0.5516796,0.2610433,0.076616734,0.94434077,0.0,0.0,0.0,0.0,0.0,1
