0,1,2,3,4,5,6,7,8,9,10,11,12,13,14,15,16,17,18,19,20,21,22,23,24,25,26,27,28,29,30,31,32,33,34,35,36,37,38,39,40,41,42,43,44,45,46,47,48,49,50,51,52,53,54,55,56,57,58,59,60,61,62,63,64,65,66,67,68,69,70,71,72,73,74,75,76,77,78,79,80,81,82,83,84,85,86,87,88,89,90,91,92,93,94,95,96,97,98,99,100,101,102,103,104,105,106,107,108,109,110,111,112,113,114,115,116,117,118,119,120,121,122,123,124,125,126,127,label
0.0,0.0,0.0,0.0,0.0,0.77648044,0.37159276,0.0,0.0,0.91058284,0.0,0.5172956,0.55522597,0.20452015,0.42515495,0.59999335,1.1372514,0.29960543,0.0,0.70352244,0.0,0.51784647,0.0,0.1161312,1.116351,0.8625846,0.85238147,0.0,0.0,0.30836335,1.7601509,1.2184374,1.0212376,0.3711486,0.0,1.3132087,1.4354612,0.9800547,0.09474082,1.0062261,0.0,0.31930292,0.0,0.0,0.0,0.9321292,0.26363525,0.6767733,0.21352498,0.0,0.5728594,1.2092217,0.0,0.87586933,0.3495703,0.54032075,0.0,0.0,0.0,0.8141583,0.42481756,0.7265293,0.29704386,0.5483591,1.2453331,1.4648755,0.45800772,0.31297898,0.0,0.0,1.2026026,0.0,0.0,0.79730326,1.3222758,0.63907135,0.98235524,0.5837768,0.0,0.0,0.0,1.3964207,0.10028063,0.5390004,0.07035298,0.024463853,1.0497593,0.0,0.0,0.0,0.35255218,0.18623866,1.3933878,0.3584134,0.0,0.19917056,0.34771314,0.90804225,0.0,0.456319,0.86328876,0.6750686,1.3781303,0.0,0.4800963,0.7502653,0.5922103,1.0741615,0.0,0.0,0.0,1.2811364,1.0540513,0.0,0.59314835,0.7285956,1.2050017,0.19962005,0.0,0.32442918,0.9312274,0.061619285,0.6166971,0.60235924,0.047562115,0.420453,0.0,0.8073913,1
0.0,1.425531,0.0,0.0,0.0,2.8072762,0.0,2.0679543,0.0,1.0769016,0.0,0.6163239,0.10208354,0.0,1.4332637,0.0,1.374158,0.23914781,1.3095169,0.0,0.0,0.0,0.0,0.0,0.70144403,0.2221842,0.0,0.36700484,0.0,2.4991465,0.7321197,0.1490763,0.6009847,1.2485086,0.0,0.18158884,3.763367,1.199441,0.0,0.6848871,0.0,0.0,0.1370625,0.0,0.0,0.13504,0.88377196,0.0,0.0,1.0832076,0.41869867,0.33718053,0.03100057,3.0921082,0.0,0.81514263,0.8136673,0.0,0.0,0.0,0.7453246,0.61259127,1.8024052,0.16186814,3.5650346,0.0,1.7434118,0.0,0.0,0.0,2.5134246,0.0,0.0,0.0,0.38172677,0.20473705,1.0408676,0.0,0.0,0.0,0.0,2.8922307,1.7084837,2.3064184,0.0,0.5408431,0.81965977,0.0,0.2129587,0.0,0.9068547,1.1215311,0.62494963,1.533571,0.0,0.61797214,3.1906736,1.8365711,0.0,0.0,1.4925504,0.0,4.2960606,2.4556391,0.0024204769,0.0,0.840701,1.7215796,0.0,0.0,0.0,3.41238,3.0635052,0.0,2.5403302,2.1834524,3.5304022,0.0,0.17346384,0.0,0.04703778,0.0,0.6724441,0.38985097,0.0,0.0,0.0,0.45548877,0
0.0,1.3749533,0.0,0.0,0.0,3.2873836,0.0,2.6247048,0.0,1.7472575,0.0,0.5228456,0.018421307,0.0,2.3086452,0.0,2.2926936,0.0,1.3138728,0.0,0.0,0.0,0.0,0.0,0.34699228,0.5803716,0.0,0.533406,0.0,1.9425564,1.4042228,0.0,0.0,0.7920955,0.0,0.0,3.4188054,1.429,0.0,0.47381702,0.0,0.0,0.0,0.0,0.0,1.4500797,0.118365616,0.0,0.0,0.78711486,0.0,0.0,0.0,3.6176658,0.020669421,1.030986,0.20552112,0.0,0.15171628,0.0,0.90378207,0.35393885,2.1976657,0.0,4.443606,0.0,2.1962929,0.0,0.0,0.0,2.5808914,0.0,0.0,0.0,0.014217986,0.27337593,1.8327248,0.0,0.0,0.0,0.0,3.3132026,2.348926,2.4187546,0.0,1.3809369,0.48606646,0.0,0.26555336,0.0,1.1722062,0.5673954,0.0,2.175152,0.0,1.4816068,3.1089108,3.2197332,0.0,0.0,0.8774727,0.23403744,5.0075855,2.1040812,0.23254625,0.0,0.8045548,1.6314135,0.0,0.0,0.0,3.6408288,3.1935153,0.0,1.6233007,2.3880017,4.336715,0.0,0.0,0.0,0.0,0.0,0.83177775,1.5558325,0.0,0.0,0.0,0.07517801,0
0.0,0.54353195,0.0,0.049017467,0.0,1.2071825,0.035897434,1.1681736,0.0,0.65723956,0.0,0.52375966,0.28995743,0.24038282,0.9811184,0.5098711,0.61391073,0.2759668,0.38234666,0.0,0.0,0.0,0.0,0.0,0.0,0.3998099,0.6179279,0.0,0.0,0.91493934,1.8003378,0.6661661,0.22837138,0.5808882,0.0,0.9527295,1.8586254,0.45071208,0.23381253,0.8221324,0.0,0.33126757,0.0,0.0,0.0,0.45778167,0.2311512,0.04239943,0.0,0.17815882,0.7535641,0.23793463,0.0,1.6522924,0.35121265,0.5114559,0.0,0.0,0.0,0.0,0.2838951,1.4162799,0.37080032,0.36314717,1.652419,0.4047228,0.9063307,0.007319565,0.0,0.0,1.3159566,0.0,0.0,0.801826,0.57684577,0.51656497,1.4280596,0.14077994,0.0,0.0,0.0,1.1598781,0.28030336,0.663468,0.3669042,0.5956383,0.76445556,0.0,0.42064133,0.0,0.5877344,0.48576733,0.6389836,0.062438693,0.0,0.49425393,1.2932745,0.68050987,0.0,1.1331186,0.32887447,0.37637854,1.8099632,0.63713497,0.0,0.59148115,0.4832191,0.79174745,0.0,0.0,0.0,1.2130347,1.6204134,0.0,1.217844,1.1072624,1.3916755,0.33932808,0.0,0.024415448,0.9077323,0.039319675,0.8890188,0.6018295,0.0,0.3828242,0.0,0.62959695,0
0.0,1.3300687,0.0,0.0,0.0,2.8234675,0.0,2.1462936,0.0,0.73634523,0.0,0.0,0.45467925,0.0,1.2950646,0.47191358,1.3827981,0.0,1.7587855,0.0,0.0,0.0,0.0,0.0,0.44008815,0.48842692,0.21483694,0.44914582,0.0,1.9237207,1.055863,0.0,0.19710433,0.5531882,0.0,0.28054374,3.7357483,0.8961776,0.0,0.9584084,0.0,0.25756177,0.28605416,0.0,0.0,0.9714733,0.5565926,0.0,0.0,0.7330761,0.5709196,0.6387621,0.0,2.7408755,0.0,1.0069424,0.46660835,0.0,0.0,0.24249153,0.79187864,1.2217559,1.4379631,0.22627845,3.4531643,0.030672612,0.29979485,0.0,0.25013715,0.098872826,2.1824217,0.0,0.0,0.0,0.13279028,0.2291689,2.2197785,0.0,0.0,0.0,0.0,2.4314277,0.7836734,1.9798446,0.0,0.13909133,1.075229,0.0,1.0716648,0.0,0.67387766,0.15392339,0.01188317,1.4971536,0.0,0.76719874,3.3553092,0.5651737,0.0,0.54946,1.5222275,0.34066638,3.2270982,1.5801712,0.26335302,0.0,0.5371062,1.7232686,0.0,0.0,0.0,3.442569,2.9760034,0.0,1.8268876,2.546375,2.6695461,0.04036602,0.0,0.0,0.0062650978,0.0,0.80470824,0.76990026,0.0,0.0,0.0,0.56385314,0
0.0,0.12380773,0.0,0.21235418,0.0,0.13467608,0.79395884,0.0,0.5669296,0.7566445,0.3513277,0.8915208,1.4584482,0.6301682,0.404788,1.3850855,0.5390236,1.0840936,0.6242294,1.0777752,0.0,1.1897945,0.0,0.81647295,1.3939173,1.1390053,1.656368,0.0,0.0,0.037545323,2.3029974,1.6888688,1.6778058,0.14219455,0.0,1.848267,1.3636867,0.5036651,0.67781174,1.2950194,0.0,0.8629554,0.0,0.0,0.0,0.46533313,0.19923204,0.8274549,0.22216113,0.0,1.0160246,1.7793783,0.0,0.18158875,1.6692245,0.56153655,0.12274267,0.0,0.0,2.077077,0.22326577,1.4150027,0.0,0.44839653,0.43817115,1.8541318,0.0,1.335349,0.0,0.34843546,0.76048094,0.0,0.0,1.2291043,1.7188836,1.4672053,0.26702976,1.0996104,0.50601804,0.0,0.0,0.753571,0.0,0.0,0.56273556,0.044825923,1.8754979,0.0,0.4972734,0.0,0.0,0.10984245,1.8520254,0.38326764,0.0,0.0,0.23198768,0.6179921,0.0,1.6966999,0.23009308,1.3176252,0.72647864,0.0,0.68502635,1.0432457,0.0,0.15964167,0.0,0.0,0.0,0.5085368,1.0309907,0.0,0.10843895,0.0,0.20018792,1.510523,0.0,0.0,1.4540402,0.43574378,1.3645175,0.075852215,1.4438539,1.0037168,0.0,1.2415147,1
0.0,1.0412341,0.0,0.0,0.0,2.7502944,0.0,2.7546957,0.0,1.2720709,0.41428286,0.15328188,0.0,0.16522627,0.9909026,0.0,1.8471354,0.0,1.0240122,0.0,0.0,0.0,0.0,0.0,0.0,0.0,0.38448703,0.05591939,0.0,1.5127995,0.58536005,0.0,0.019282814,0.29697102,0.0,0.5495975,3.3736238,1.5163711,0.0,0.4733919,0.0,0.0,0.0,0.0,0.0,0.0,0.0,0.14115226,0.0,0.9829252,0.8517754,0.0,0.0,2.908906,0.5138295,0.28414935,0.0,0.0,0.0,0.0,0.96986693,0.7538146,0.96582526,0.13610189,4.409585,0.0,1.1671665,0.0,0.0,0.46844143,2.556615,0.0,0.10591585,0.03600172,1.068851,0.5224846,1.6171846,0.0,0.0,0.0,0.0,2.9352942,1.1437342,1.8583657,0.0,0.0,0.28378963,0.0,0.41296878,0.0,1.2031142,1.2381234,0.033507854,1.7165822,0.0,0.85468733,3.0262105,0.9347249,0.0,0.0,1.4907053,0.0,3.5432196,2.598999,0.0,0.0,0.748381,1.81292,0.0,0.0,0.0,3.1941183,2.7053087,0.0,2.5114667,2.6718538,2.4588215,0.0,0.0,0.0,0.3496523,0.0,0.49238306,0.9824688,0.0,0.0,0.0,0.7823137,0
0.0,1.1034505,0.0,0.07762059,0.0,0.9950569,0.3471634,0.71445113,0.25946835,0.44025347,0.0,0.43718797,0.0,0.97902477,0.7962727,0.558192,0.9778772,0.4496564,1.1746165,0.69685423,0.0,0.60863644,0.0,0.4509602,0.10126915,0.5201295,0.5203329,0.0,0.0,0.69062424,1.4993597,0.91005313,0.079416126,0.7013869,0.0,0.63249236,2.8833091,0.49158758,0.0,0.74558294,0.0,0.40647835,0.24945472,0.0,0.0,0.71155554,0.5112221,0.45432353,0.0,0.81921834,0.06498644,0.7983234,0.0,1.82999,0.85262144,0.60848683,0.20975389,0.0,0.0,0.3771539,0.5642002,0.93756706,1.2102283,0.16438617,2.270024,0.73261535,0.63659054,0.0,0.0,0.3487935,1.6457211,0.0,0.0,0.8041255,0.5592215,0.23270868,1.7284436,0.40566084,0.29269227,0.0,0.0,1.5146848,0.48951206,1.5277678,0.39236158,0.96718043,0.63890624,0.0,0.10222248,0.0,0.59076875,0.31574848,0.016764613,0.45948288,0.0,0.97667164,1.603002,0.34333557,0.0,0.23023716,0.26000622,0.2153909,2.290755,1.0317739,0.33654436,0.5866021,0.0,1.451161,0.0,0.0,0.0,1.9159193,2.3868694,0.36393496,1.2506233,1.3735427,1.2216151,0.6230378,0.0,0.0,0.8152323,0.48648804,1.2309184,0.37868512,0.0,0.78145283,0.0,0.76050603,0
0.0,0.8357533,0.0,0.0,0.0,1.3481667,0.0,0.81163955,0.0,1.356569,0.0,1.0310788,0.16931991,0.10352012,1.5153191,0.27547517,1.0009744,0.88690937,1.4355431,0.0,0.0,0.0,0.0,0.0,0.45228273,0.47615516,0.8857781,0.19382255,0.0,1.0400422,2.033682,0.34210652,0.0,1.415569,0.0,0.58845735,2.3262558,0.93777376,0.0,1.6536592,0.0,0.2301317,0.0,0.0,0.0,0.60784537,0.062571615,0.0,0.0,0.30627388,0.89108413,0.036402747,0.0,1.7874184,0.0,0.6367249,0.0,0.0,0.0,0.0,0.6374405,1.0715706,0.92810494,0.0,2.6204605,0.3067969,0.56632817,0.0,0.0,0.16720073,2.4805803,0.0,0.0,0.0,0.71229565,0.0,1.561082,0.15464288,0.0,0.0,0.0,1.9404045,0.07230185,0.9873174,0.0,0.38477308,1.0013273,0.0,0.31131104,0.0,0.22205094,0.8520961,0.56668806,0.16658099,0.0,0.8457309,1.518416,1.1152126,0.0,0.33821985,0.74054855,0.0,2.24762,0.4634228,0.39641994,0.431415,0.6898827,1.5037724,0.0,0.0,0.0,2.7694213,2.330463,0.0,0.8608983,2.2369537,3.0074615,0.0,0.0,0.0,0.7077783,0.33189338,0.8864999,1.3695318,0.0,0.0,0.0,1.7488245,0
0.0,0.58137804,0.0,0.0,0.0,1.1665626,0.2963772,1.1763929,0.0,0.59341854,0.0,1.0378032,0.29576644,0.13309236,0.90026027,0.22347037,1.0113229,0.46883824,0.76859516,0.5874347,0.0,0.3619357,0.0,0.0,0.0,0.25070328,0.16803525,0.2549921,0.0,0.61918706,1.156978,0.5587635,0.27024493,0.31054208,0.0,0.23455189,2.1098485,0.67043287,0.65865606,0.4127514,0.0,0.0,0.20417793,0.0,0.0,0.9974926,0.24405064,0.0,0.01887779,0.58289045,0.20926039,0.1606008,0.0,1.8903877,0.62520564,0.31743798,0.0,0.0,0.0,0.5032032,0.13201888,1.5031694,0.5218132,0.10705858,2.755985,0.25054607,0.87319195,0.33623496,0.0,0.56151146,1.4612157,0.0,0.0,0.5839961,0.2891678,0.0,0.7592416,0.3990255,0.0,0.0,0.0,1.2711102,0.41319188,1.2354438,0.34280452,0.38219312,1.3942902,0.0,0.45109776,0.0,1.1171391,0.6469903,0.57172143,0.31899616,0.057797525,0.6893196,1.5591402,1.0412425,0.0,0.76830465,0.5482895,0.0,2.4007416,0.84286404,0.05010783,0.17629862,0.0042597177,1.0304263,0.0,0.0,0.0,1.5185629,2.3928628,0.0,1.6015778,1.52186,1.5390748,0.0,0.0,0.0,1.3697108,0.07570971,0.9552086,0.81782746,0.0,0.0,0.0,0.6547121,0
0.0,1.3106363,0.0,0.0,0.0,1.8999336,0.0,1.0024974,0.0,1.1139606,0.13443765,0.38398057,0.7063709,0.0,0.53938013,0.5860334,1.3435673,0.4972051,1.2277262,0.12397703,0.0,0.17577851,0.0,0.0,0.35841963,0.98423165,0.5244648,0.39485082,0.0,1.1487472,1.2907324,0.52963847,0.65751195,0.62262326,0.0,0.9391486,1.6527332,1.1432495,0.0,1.0680279,0.0,0.0,0.0,0.0,0.0,0.5821532,0.07473993,0.1929928,0.0,0.7016374,0.69117904,1.0099628,0.0,2.4564354,0.7329635,0.8529688,0.0,0.0,0.0,0.5751987,0.2825558,0.79104924,0.96791047,0.0,1.8422791,0.26021227,0.0,0.012103063,0.0,0.023490861,2.235778,0.0,0.0,0.3145844,0.31048158,0.55717933,1.4593105,0.4852351,0.0,0.0,0.0,1.7535093,0.7895261,1.0096217,0.15380986,0.68439955,1.5388201,0.0,0.75011975,0.0,0.0,0.0,1.0088409,0.50676227,0.0,0.95037425,1.4211416,1.5238318,0.0,0.580367,0.51892835,0.2073504,2.5434997,1.7698035,0.0,0.21121219,0.30070704,0.8405961,0.0,0.0,0.0,2.0030153,1.8756913,0.0,1.1556705,1.048841,1.9698281,0.19712552,0.0,0.0,0.55778134,0.0,0.820877,1.2016783,0.16984986,0.69856554,0.0,0.9881164,0
0.0,0.6895882,0.0,0.013291306,0.0,2.3626804,0.0,1.2210213,0.0,1.2902704,0.0,0.6299933,0.0,0.0,0.59183156,0.0,1.5549074,0.37264642,0.41601107,0.0,0.0,0.0,0.0,0.49936268,0.16908777,1.1361885,0.0,0.0,0.0,0.76535505,1.2335775,0.26154473,0.17972326,0.7753758,0.0,0.593616,2.549873,0.9962534,0.0,0.5610275,0.0,0.0,0.0,0.0,0.0,0.2800163,0.14067155,0.095332675,0.0,0.0,0.86474586,0.99743843,0.0,2.0558178,0.598172,0.6008675,0.5124482,0.0,0.0,0.11318861,0.770031,1.387607,0.9332361,0.38780698,2.964097,0.0,0.48900992,0.0,0.0,0.0,2.0662277,0.0,0.0,0.34587985,0.74456745,0.27023685,1.0649801,0.26344126,0.0,0.0,0.0,2.1709561,1.2728488,1.0075761,0.0,0.16387607,1.0048382,0.0,0.32940975,0.0,0.39023393,0.57357836,0.0,1.1869131,0.0,0.6635647,2.1060133,1.0311618,0.0,0.21097884,1.5160708,0.37566414,2.628706,1.284784,0.22269683,0.6530221,0.60058415,1.3877468,0.0,0.0,0.0,2.2066655,1.8754134,0.0,1.3228993,1.50908,1.8113316,0.07730104,0.0,0.0,0.0,0.0,0.7490653,0.79345906,0.0,0.0,0.0,0.26970628,0
0.0,0.69719595,0.0,0.0,0.0,0.61950165,0.14981082,0.81348014,0.0,0.9529038,0.0,0.43674242,0.42181653,0.0,0.45059764,0.78381026,0.9926992,0.88905406,1.3315649,0.34144062,0.0,0.0,0.0,0.0,0.06582113,0.513878,0.750372,0.5463975,0.0,1.2968683,1.2104542,0.32619852,0.38342974,1.5849146,0.0,0.78037864,2.3094928,1.040813,0.0,1.0149174,0.0,0.59786177,0.0,0.0,0.0,0.78133374,0.40305904,0.0,0.0,0.3777209,0.6089239,0.7154947,0.0,1.722003,0.6779763,0.0,0.0,0.0,0.16914107,0.31657895,0.5281275,0.9791342,0.62818867,0.0,2.1585143,0.5870241,0.3889521,0.0,0.07891406,0.47209722,2.117733,0.0,0.0,0.052452184,0.8123688,1.0688804,1.2451501,0.4966272,0.024104357,0.0,0.0,1.3066056,0.12756522,0.6537313,0.0,0.53351414,1.0181667,0.0,0.46110037,0.0,0.0,0.0,0.66689503,0.31052265,0.0,0.97144425,1.5970193,0.8894214,0.0,1.0302318,0.9734377,0.1279058,1.6634138,0.9458624,0.9362438,0.64746755,0.49922937,1.1754159,0.0,0.0,0.0,1.8551097,2.0217137,0.0,1.0611446,1.6569158,1.9689689,0.10914044,0.0,0.0,0.8984049,0.47066137,0.87450284,0.92724645,0.1183029,0.46624967,0.0,0.9679496,0
0.0,1.1976831,0.0,0.0,0.0,3.2944448,0.0,1.726911,0.0,1.3152332,0.13179936,0.6501537,0.0,0.0,1.4419813,0.0,1.509709,0.49719593,0.58261627,0.33703235,0.0,0.0,0.4738939,0.0,0.8274281,0.8391779,0.2860376,0.0,0.0,2.2930923,1.16308,0.0,0.83018154,0.8266824,0.0,1.0365139,3.6397147,1.2862227,0.0,0.627314,0.0,0.025071915,0.0,0.0,0.0,0.596588,0.0,0.0,0.0,1.5591812,0.028630957,0.048210755,0.50960517,3.1938033,0.7812831,1.3145573,1.1263437,0.0,0.0,0.0,1.3196659,0.8312249,1.4940468,0.39255717,4.4285407,0.0,1.0188363,0.0,0.17345326,0.0,3.076908,0.0,0.0,0.0,0.62927145,0.41145113,1.954011,0.0,0.0,0.0,0.0,3.275206,1.0626549,2.826923,0.0,1.0277469,0.55501056,0.0,0.52634877,0.0,1.3460492,1.2622231,0.057847768,1.5162449,0.0,1.3325344,2.973828,1.3114752,0.0,0.65411127,1.1390262,0.31960943,3.9697015,2.339424,0.0,0.026856896,0.9533221,2.206151,0.0,0.0,0.0,3.7601511,2.7133298,0.0,1.651016,2.737989,3.2761629,0.09349194,0.0,0.0,0.0,0.0,0.5418647,1.038282,0.0,0.0,0.0,0.84814227,0
0.0,0.0,0.0,0.0,0.0,2.0304775,0.0,1.0698245,0.0,0.56948304,0.0,1.1927799,0.58457106,0.0,1.1535699,0.0,1.0604558,0.6872092,1.3478944,0.8265834,0.0,0.6079879,0.0,0.0,0.49416614,1.3053393,0.5897035,0.0,0.0,1.008839,1.5855118,0.6868705,0.60929674,0.0,0.0,0.66966516,2.1582327,0.83229756,0.0,0.57318115,0.0,0.017657768,0.058054682,0.0,0.0,0.18148471,0.47679523,0.0,0.06547879,0.30817744,0.469987,0.8806757,0.0,1.5189204,0.27095807,0.9552444,0.4964284,0.0,0.0,0.0,0.0,1.2843692,0.45978895,0.1150834,1.9763216,0.0092364615,0.7906623,0.8070635,0.0,0.0,1.9687082,0.0,0.0,0.38784692,1.0023491,0.30173838,1.0371121,0.29744413,0.0,0.0,0.0,2.0524254,0.8814292,1.741016,0.61619484,0.50054955,1.054039,0.0,0.024231499,0.0,0.48154768,0.7067253,0.78719795,0.76959527,0.0,0.6032499,1.5360463,0.6263504,0.0,0.54464513,1.0784494,0.13341491,3.5314355,0.7607764,0.0,0.510313,0.0,1.050382,0.0,0.0,0.0,1.6015626,2.3637884,0.0,1.6704092,1.4823956,1.6036355,0.5518166,0.0,0.0,0.6527532,0.20353979,0.7577183,0.7530667,0.0,0.0,0.0,0.6110902,0
0.0,1.5080922,0.0,0.0,0.0,2.3475866,0.0,1.3759619,0.0,1.0965877,0.0,0.79177606,0.8033838,0.0,1.5338322,0.0,2.482895,0.0,1.4381602,0.0,0.0,0.0,0.0,0.0,0.32132223,0.0,0.28935924,0.0,0.0,1.6502504,1.5098481,0.2219153,0.0,0.5926725,0.0,0.42698896,3.243862,1.5934224,0.04969272,1.6961895,0.0,0.0,0.0,0.0,0.0,0.83016163,0.45910433,0.0,0.0,0.5164433,0.4297266,0.124032125,0.0,3.2917233,0.0,0.04411022,0.0,0.0,0.0,0.0,0.8934823,1.7517458,1.7425027,0.0,3.57829,0.0,1.0940893,0.0,0.0,0.0,2.112335,0.0,0.0,0.4418676,0.40746516,0.0,2.5082579,0.0,0.0,0.0,0.0,2.1391053,1.0742308,1.7328655,0.0,0.0,1.0164114,0.0,0.45848146,0.0,0.21976428,0.0,0.08378726,1.2603816,0.0,0.66009325,3.1415799,1.2011817,0.0,0.0,2.3713894,0.5105072,3.260747,1.003122,0.44929636,0.0,0.81603855,1.8273206,0.0,0.0,0.0,3.3575523,3.5988731,0.0,1.5848405,2.8817759,1.1675727,0.15225914,0.0,0.0,0.11928379,0.0,0.022407055,1.1452632,0.0,0.0,0.0,0.7052575,0
0.0,0.5310058,0.0,0.0,0.0,2.8147573,0.0,1.5648328,0.0,1.3799726,0.3657426,0.14061995,0.6558045,0.0,1.1633295,0.0,1.897753,0.0,1.2414936,0.0,0.0,0.0,0.0,0.0,0.2621171,0.25662494,0.24131371,0.0,0.0,1.7355033,1.0626096,0.0,0.5626519,0.4429561,0.0,0.41116163,2.420294,1.4632785,0.60769755,1.5897461,0.0,0.0,0.0,0.0,0.0,0.5993774,0.0195314,0.0,0.0,0.7212731,0.05094491,0.35975072,0.0,2.8820176,0.17576058,0.87262475,0.0,0.0,0.0,0.0,0.78857595,1.7186061,1.2176526,0.0,3.213612,0.0,1.3706741,0.0,0.0,0.0,2.0797334,0.0,0.09439167,0.0,0.3162629,0.0,1.7830789,0.0,0.0,0.0,0.0,2.64634,1.5780652,1.8147734,0.0,0.0,0.37283474,0.0,1.0916733,0.0,0.78208166,0.0,0.32509866,1.7767584,0.0,0.5660894,2.9384105,1.0562307,0.0,0.0649045,1.3608931,0.10248084,3.334091,1.37427,0.05542793,0.0,1.1701764,1.6813754,0.0,0.0,0.0,2.4343486,2.6264086,0.0,1.576955,2.0042143,2.2320251,0.0,0.0,0.0,0.0,0.0,0.23144227,0.9675558,0.0,0.0,0.0,1.123942,0
0.0,0.2090075,0.0,0.0,0.0,2.0344987,0.0,1.0133878,0.0,1.569197,0.0,0.28249648,0.4564159,0.0,0.9268789,0.28488678,1.7643797,0.15812093,0.85768366,0.0,0.0,0.0,0.0,0.0,0.77611727,0.39254677,0.84529614,0.0,0.0,1.490893,1.722679,0.10337448,0.38210824,0.6268465,0.0,0.39235952,1.6463752,1.1282072,0.09690416,0.7818979,0.0,0.08120033,0.0,0.0,0.0,0.8523719,0.6939566,0.0,0.0,0.31335872,0.0,1.0388483,0.0,2.288175,0.73874867,0.85660344,0.5265799,0.0,0.0,0.0,0.6931531,1.2354385,1.1082686,0.20396043,2.6967912,0.24395066,0.8605548,0.0,0.0,0.0,2.5540614,0.0,0.0,0.0,0.7914293,1.0379959,1.5280893,0.0,0.0,0.0,0.0,2.462219,1.448132,1.8637455,0.0,0.61603856,0.8011399,0.0,0.32334694,0.0,0.548143,0.58246034,0.07489526,1.2163604,0.0,0.399599,2.18297,1.9134831,0.0,0.8689705,1.3128219,0.6306354,3.123914,1.0007485,0.28406435,0.25689384,0.7433713,0.93320143,0.0,0.0,0.0,2.5668616,2.682073,0.0,1.0451535,1.5622865,2.2541635,0.0,0.0,0.0,0.0,0.0,0.9312017,1.3654306,0.0,0.0,0.0,1.1342872,0
0.0,0.5640092,0.0,0.0,0.0,0.99825794,0.24185976,0.81795293,0.0,1.0586176,0.0,0.6935159,0.0,0.13317117,0.91345596,0.047849838,0.9391121,0.32371715,0.9216012,0.68515056,0.0,0.0,0.19753131,0.029080538,0.43980548,0.6728414,0.4782689,0.49421862,0.0,0.8278911,1.1566365,0.37280327,0.3782133,1.0706404,0.0,0.42711154,1.7149476,0.95715505,0.0,0.48042944,0.0,0.16461341,0.0,0.0,0.0,0.567149,0.08955158,0.11515371,0.11585542,0.65165764,0.8224427,0.49868777,0.0,0.9517218,0.0,0.72225034,0.22901829,0.0,0.0,0.1203991,0.090706386,1.1491742,0.6294559,0.13085736,1.8436768,0.09036501,0.14314914,0.0,0.0,0.0,1.8734624,0.0,0.0,0.0,0.6530986,0.5643625,1.4038517,0.11180331,0.0,0.0,0.0,1.3019385,0.5752868,0.62464434,0.1339512,0.61061245,0.627578,0.0,0.22422786,0.0,0.0,0.55997884,0.28290504,0.03779142,0.0,0.829681,1.3965086,0.839231,0.0,0.65725446,0.72549593,0.0,1.6013021,0.40564865,0.6568207,0.27424723,0.8312261,0.8394382,0.0,0.0,0.0,1.9243494,1.5915588,0.0,0.48540434,1.6783127,1.8172013,0.0,0.0,0.0,0.44759896,0.0,0.92413497,0.76428187,0.0,0.5041808,0.0,0.8314542,0
0.0,0.2631687,0.0,0.36204568,0.0,0.36328813,0.46031058,0.0,0.0,0.38124594,0.06731793,0.983554,1.1749235,0.438788,0.63080215,0.9525874,0.6264339,0.5394055,0.78134626,0.7113441,0.0,0.4996351,0.0,0.46456057,1.0142416,1.4192684,1.0332468,0.0,0.0,0.15213884,1.9817024,1.6729125,0.94615304,0.44312176,0.0,1.5440537,1.4653827,0.9410419,0.70355266,1.203511,0.0,0.79468024,0.0,0.0,0.0,0.64139175,0.0,0.7388127,0.0,0.0,0.9179653,1.622879,0.0,0.8292744,0.5186077,0.8663007,0.0,0.0,0.0,1.1598418,0.06591947,1.3396019,0.0,0.3127605,1.0248833,1.0627543,0.0,1.0908773,0.0,0.11762074,0.67076063,0.0,0.0,1.0557064,1.7758086,0.43423283,0.7587728,1.3750268,0.4054651,0.0,0.0,0.7511979,0.45298463,0.0,0.41250253,0.45591548,1.3504755,0.0,0.25717586,0.0,0.0,0.11563198,1.5118345,0.0,0.0,0.14779547,0.18883401,0.52014107,0.0,1.1683676,0.53489494,0.3288193,1.0872184,0.21964295,0.3604057,0.8156387,0.0,0.4372243,0.0,0.0,0.0,1.4140975,0.8765773,0.0,0.46553507,0.0,0.34721,1.1634902,0.0,0.0,1.021209,0.06755118,1.0043849,0.59148633,1.1668212,0.54532397,0.0,1.4871147,1
0.0,0.9157548,0.0,0.0,0.0,3.0707877,0.0,2.5153463,0.0,1.5090332,0.0,1.1765265,0.0,0.29744297,1.395878,0.0,1.5933917,0.07034499,1.1133459,0.0,0.0,0.0,0.0,0.0,0.0025163223,0.33185488,0.6282814,0.0,0.0,2.20969,0.67659914,0.0,0.0,0.7117762,0.0,0.0,3.4200726,2.1448057,0.09530092,0.70115626,0.0,0.0,0.0,0.0,0.0,0.2632388,0.4982192,0.0,0.0,0.8119551,0.0,0.57878286,0.0,3.0369132,0.047854386,0.67711794,0.52395344,0.0,0.0,0.0,0.279565,0.45240787,1.6915455,0.095273286,4.3093176,0.0,0.6203387,0.0,0.0,0.544518,1.9026579,0.14743428,0.0,0.0,0.5915902,0.31217045,1.5061784,0.0,0.06677414,0.0,0.0,2.2669344,1.4079418,2.0055642,0.0,0.0,0.7780634,0.0,0.7309384,0.0,0.64895314,0.63283825,0.41055202,1.9563552,0.0,0.39250827,3.1694708,1.5889338,0.0,0.0,2.127949,0.0,4.21655,1.2044233,0.13201039,0.0,0.55477595,1.4311894,0.0,0.0,0.0,3.046187,1.9364749,0.0,1.6318638,2.3693535,2.7671056,0.0,0.0,0.0,0.20096949,0.043470148,0.4207496,1.0588864,0.0,0.0,0.0,0.65429664,0
0.0,0.30065075,0.0,0.0,0.0,0.5559269,0.4125443,0.0363024,0.18120223,0.55239344,0.25310245,0.7705873,1.0457786,0.013438721,0.5988063,0.2577809,1.1174835,0.676714,0.90459,0.66990167,0.0,0.2964474,0.0,0.15967774,0.754578,0.6048132,0.74462646,0.0,0.0,1.0143894,1.7625486,0.76063406,1.0031466,0.6727291,0.0,1.0388002,1.6518482,0.59063965,0.0,1.3433121,0.0,0.15593664,0.0,0.0,0.0,0.42183343,0.0,0.20840591,0.0,0.6016829,0.53231776,0.604102,0.0,0.5956739,0.5073176,0.47417518,0.0,0.0,0.0,0.7878737,0.44865802,0.9607315,0.4238431,0.0,1.2402167,1.1661807,0.0,0.31716752,0.08799038,0.3098266,0.9961031,0.0,0.0,0.9921847,1.0723124,0.3301113,0.61083853,0.9624905,0.0,0.0,0.0,0.4882604,0.22340521,0.24449144,0.0,0.0,0.72248876,0.0,0.54625267,0.0,0.0,0.21114753,1.1413532,0.5179493,0.0,0.0,0.54268336,0.88179874,0.0,0.5031079,0.83397186,0.37970522,1.169341,0.098372124,0.6653062,0.6382378,0.1778735,0.9695016,0.0,0.0,0.0,1.658391,1.0626256,0.0,0.31984258,0.647217,0.49042144,0.30069306,0.0,0.0,0.36482605,0.0,0.8682434,0.26229355,0.5190849,0.6199334,0.0,1.127184,1
0.0,1.3239965,0.0,0.0,0.0,1.7353066,0.5079435,1.4089571,0.0,0.9456435,0.0,0.20185241,0.5219815,0.33395797,0.65797395,0.0,0.7571431,0.057848774,0.86215544,0.0,0.0,0.301727,0.0,0.43237507,0.76194584,0.96489054,0.567977,0.17873825,0.0,0.9153003,1.1682081,0.4235939,0.60990334,0.18730497,0.0,0.8445054,2.5387301,0.52870655,0.0,1.025804,0.0,0.5664893,0.0,0.0,0.0,0.4394371,0.37836298,0.13726184,0.0,0.09446649,0.5908667,1.0561087,0.0,1.304101,0.83530945,0.67204505,0.0,0.0,0.0,0.3762239,0.7226959,1.4096988,0.9346582,0.72634465,2.7365818,1.0799394,0.0,0.0,0.030123295,0.5520762,1.0668572,0.0,0.0,0.0924666,0.8428892,0.22230534,1.3582748,0.061004963,0.0,0.0,0.0,2.2569308,0.41019952,1.0385022,0.0,0.09321438,1.0870898,0.0,1.4509964,0.0,0.6141744,0.051952794,0.39195812,1.1275443,0.0,0.7043519,1.7993729,0.80938274,0.0,0.5895299,0.78411955,0.0,1.8372205,0.94360155,0.33220795,0.4002089,0.32969218,1.3264165,0.0,0.0,0.0,1.5042926,1.5191437,0.0,1.2910818,1.5347981,1.7456841,0.44978756,0.0,0.0,0.841161,0.013062316,1.0296874,0.8073985,0.0,0.22666408,0.0,0.76270753,0
0.0,0.48716435,0.0,0.0,0.0,1.9112034,0.03545127,1.2932277,0.0,0.9445249,0.0,0.6831454,0.0,0.17265235,1.0492046,0.071119316,1.1399114,0.4724191,1.0089415,0.09934846,0.0,0.0,0.0,0.058948904,0.14445576,0.5493433,0.4965607,0.0,0.0,1.1326592,1.2542019,0.76972455,0.4017975,1.0200531,0.0,0.78875726,1.9830196,0.91500074,0.0,0.98669285,0.0,0.18706633,0.020309577,0.0,0.0,0.5325744,0.461731,0.15444764,0.0,0.34344906,0.48710078,0.49701583,0.0,1.5134199,0.31480798,0.9015982,0.5572522,0.0,0.0,0.0,0.10788695,1.1416639,0.814927,0.29370955,1.9073132,0.42508543,0.3598506,0.0,0.0,0.0,2.0229797,0.0,0.0,0.11083293,0.5949045,0.35293293,1.9778267,0.26904035,0.011845394,0.0,0.0,1.4304167,0.6260681,1.4877548,0.06551195,0.0,1.0743698,0.0,0.6541795,0.0,0.09457439,0.6094995,0.65827346,0.64063215,0.0,1.101307,1.20733,1.1001408,0.0,0.85130507,0.95818514,0.0,2.5966187,1.0710453,0.17188403,0.21179892,0.41892216,0.9784516,0.0,0.0,0.0,1.6869768,1.8706521,0.0,1.1073358,1.4293678,1.552895,0.0,0.0,0.0,0.51691306,0.0036872132,0.6188259,1.0179039,0.0,0.0,0.0,0.04438497,0
0.0,0.35344675,0.0,0.0,0.0,0.33741817,0.3979707,0.0,0.124846034,0.861788,0.0,0.758072,0.15325624,0.52166116,0.5920324,0.99567443,0.75440097,0.87411517,0.64235085,0.6590014,0.0,0.68724245,0.0,0.31795707,0.7249896,0.83928907,0.59063137,0.2726883,0.0,0.40106195,1.0461156,1.1305948,0.70529616,0.76565313,0.0,0.9981624,1.5145617,0.7818618,0.4742508,0.7700921,0.0,0.39356875,0.0,0.0,0.0,0.34407625,0.12221548,0.8877107,0.3062258,0.0,1.0861434,1.3591133,0.0,1.0129066,1.0618429,0.28243703,0.036439817,0.0,0.0,1.2752715,0.075241305,1.3984513,0.0,0.20551123,1.4095316,1.3416251,0.0,0.61211354,0.0,0.0,1.180873,0.0,0.0,0.51194936,1.5404397,0.33774537,0.25001028,1.3827407,0.0,0.0,0.0,1.0528697,0.12783265,0.0,0.44391397,0.44712445,1.8573172,0.0,0.0,0.0,0.3238571,0.23916005,1.1977364,0.12201934,0.32390428,0.0,0.7911139,1.0320641,0.0,0.9470683,0.43884808,0.606076,0.9652621,0.2637354,0.6903612,1.0136307,0.15474331,0.5870476,0.0,0.0,0.0,1.1596338,1.0691053,0.0,0.5179802,0.79827213,0.770755,0.0,0.0,0.0,1.3272797,0.0,0.59237367,0.078871384,0.56517243,0.3394758,0.0,0.83857024,1
0.0,0.71707976,0.0,0.0,0.0,2.4756014,0.0,1.97518,0.0,1.3401463,0.0,0.38776708,0.6643413,0.036755104,1.2305008,0.0,1.5619736,0.43058237,1.1368262,0.0,0.0,0.25287428,0.0,0.0,0.3217812,0.83448714,0.20062992,0.11993773,0.0,1.6786597,1.095943,0.56849515,0.054219123,0.582619,0.0,0.38663638,2.5467257,1.098433,0.0,0.8200923,0.0,0.0,0.0,0.0,0.0,1.3303254,0.5445808,0.35298455,0.0,0.8214905,0.53095967,0.48358265,0.52914494,2.5957825,0.20565753,1.0593886,0.80218995,0.0,0.0,0.21516223,0.6435294,1.8131341,0.9353283,0.72232354,3.0330935,0.0,0.98152125,0.0,0.0,0.0,2.3079064,0.0,0.0,0.0,0.5414618,0.5481497,1.6414616,0.0,0.0,0.0,0.0,2.5223644,2.1200178,1.498075,0.0,0.09667052,1.342766,0.0,0.3959547,0.0,1.0177078,0.73125345,0.7828263,0.7738728,0.0,1.5149609,3.259314,1.7831405,0.0,0.8619502,0.9010421,0.20570748,3.214832,1.9043423,0.17986143,0.0,0.9483191,1.7306883,0.0,0.0,0.0,1.684381,2.683341,0.0,2.1364303,1.4807129,2.0975327,1.1874228,0.0,0.0,0.0,0.0,0.11493811,0.3512772,0.0,0.0,0.0,0.3443235,0
0.0,0.7897798,0.0,0.0,0.0,2.3794103,0.0,1.1643326,0.0,1.0520644,0.113934495,0.49268574,1.2629657,0.10109926,1.0826707,0.0,1.8050815,0.0,1.433941,0.08670272,0.0,0.0,0.0,0.0,0.38643163,0.61830467,0.39030948,0.0,0.0,1.3463119,1.0954841,0.55888945,0.797127,0.81794745,0.0,0.62320507,2.8238919,1.145423,0.29238057,1.1792167,0.0,0.0,0.25999263,0.0,0.0,0.8390404,0.42072356,0.15689677,0.0,0.46420088,0.0,0.9103323,0.0,2.4021962,0.011478684,0.41682565,0.0,0.0,0.0,0.0,0.24734287,1.2225671,1.6204588,0.115175545,2.9321456,0.37375098,0.25056267,0.25396127,0.06800338,0.0,1.4478102,0.0,0.08399052,0.009068973,0.85554737,0.07748214,1.0711248,0.26374778,0.0,0.0,0.0,2.1686866,1.04644,2.10016,0.0,0.0,1.0268219,0.0,1.3003438,0.0,0.36664364,0.078131825,1.0077789,1.2398207,0.0,0.22532466,2.5394285,1.4117633,0.0,0.0096041,1.2577009,0.28650102,2.486654,1.3498358,0.0,0.14189634,1.1485381,1.6010154,0.0,0.0,0.0,2.8582103,2.4218197,0.0,1.3411148,2.3890073,1.94893,1.0017954,0.0,0.0,0.70251745,0.0,0.55407345,1.1785718,0.3032989,0.0,0.0,0.9865022,0
0.0,0.2598589,0.0,0.5342537,0.0,1.3496307,0.0,0.8743005,0.0,1.1875898,0.0,0.7110191,0.3037932,0.40110412,1.5147841,0.38866064,0.30445638,0.65253234,0.52883357,0.3339427,0.0,0.0,0.0,0.0,0.0,0.5646402,0.10072105,0.0,0.0,0.3007675,1.2389197,0.8100015,1.3986701,0.49943408,0.0,0.1689042,1.6761656,0.64670664,0.23244166,0.75785667,0.0,0.40889806,0.05232944,0.0,0.0,0.37906802,0.0,0.28890994,0.0,0.7178141,0.7713605,0.6301067,0.0,0.9922129,0.09298778,1.0325425,0.45382383,0.0,0.0,0.202738,0.0,1.2699014,0.2852327,0.40904164,2.2940643,0.30189097,0.58607244,0.18429168,0.11871142,0.0,2.2496614,0.0,0.0,0.39927986,1.3306742,0.27430442,1.6293503,0.6939146,0.22903857,0.0,0.0,1.7678815,0.2699703,0.78371763,0.045215733,0.08879723,0.38266268,0.0,0.0,0.0,0.11356059,0.4770793,0.19223325,0.019191375,0.0,0.61362547,2.1328697,0.7953035,0.0,0.6679662,0.6195741,0.0,1.2762959,1.0843903,0.5925818,0.6570762,0.6638777,1.1390742,0.0,0.0,0.0,2.2647254,0.93444985,0.0,1.3798537,1.5677506,1.6748097,0.35368046,0.0,0.0,0.7824861,0.0,0.21561259,0.48952562,0.0,0.24946414,0.0,0.07586588,0
0.0,1.180106,0.0,0.0,0.0,2.9379804,0.0,2.1571665,0.0,1.4495286,0.0,0.00058169215,0.0,0.0,1.8735666,0.16991985,1.4214509,0.08357474,1.5768628,0.0,0.0,0.0,0.0,0.0,0.0,0.348795,0.38670474,0.0,0.0,2.4015567,0.9447621,0.0,0.0,0.9573161,0.0,0.3435961,3.1420493,0.8280782,0.06306043,0.0,0.0,0.0,0.0,0.0,0.0,0.6819268,0.298171,0.0,0.0,1.1988437,0.9259604,0.0,0.1922468,2.4544942,0.35351494,0.92193115,0.7765583,0.0,0.0,0.0,1.1135533,0.5594112,1.5984353,0.099440634,3.336614,0.06359268,0.9903318,0.0,0.23939332,0.0,2.932875,0.0,0.0,0.0,0.12642331,0.26600635,1.7751658,0.0,0.0,0.0,0.0,2.8832722,1.2383974,2.0589845,0.0,0.03074254,0.8771372,0.0,0.41718262,0.0,0.39650962,0.80955094,0.0,0.6931306,0.0,1.3080513,3.0646465,1.4618151,0.0,0.0,0.9928153,0.0,3.7759426,2.0234675,0.35807484,0.4878262,1.6647975,1.7015704,0.0,0.0,0.0,3.535513,1.7064909,0.0,0.87891316,2.793141,3.403717,0.0,0.0,0.0,0.0,0.0,0.4043812,1.2786063,0.0,0.0,0.0,1.0453814,0
0.0,1.4243712,0.0,0.0,0.0,3.1169279,0.0,1.9792471,0.0,0.8713539,0.089928746,0.4023946,0.11657417,0.0,1.3864489,0.0,1.7402567,0.26163736,0.37581035,0.0,0.0,0.0,0.0,0.0,0.13965915,0.0,0.6666963,0.0,0.0,1.6433791,0.7878088,0.0,0.059104618,0.2015936,0.0,0.22587925,2.7075565,1.46302,0.14833117,0.8532629,0.0,0.0,0.0,0.0,0.22211364,0.34350723,0.0,0.016500112,0.0,0.0,0.4286409,0.0017190415,0.4272708,2.7693045,0.08826548,0.7749453,0.4762753,0.0,0.0,0.0,0.46764645,1.7930543,1.378565,0.11129525,3.824432,0.21984798,0.90770817,0.0,0.19274437,0.066092506,2.0727594,0.0,0.122662805,0.29747674,0.2303238,0.10821565,1.8283943,0.0,0.0,0.0,0.0,2.4904041,1.6717122,1.8129307,0.0,0.0,0.88136363,0.0,0.74903387,0.0,0.8415777,1.1582268,0.0,1.1023645,0.0,0.5095298,3.4476402,1.0918975,0.0,0.07946939,1.1355289,0.10897212,2.2799177,1.8562907,0.16774334,0.0,0.96548206,1.261057,0.0,0.0,0.0,2.9768898,1.9328412,0.0,1.5087452,2.3531272,2.258185,0.0,0.0,0.0,0.0,0.0,0.33844873,0.9598474,0.0,0.0,0.0,0.64784414,0
0.0,0.0,0.0,0.0,0.0,0.39285493,1.0227287,0.13478614,0.0,0.5776413,0.0,0.8025103,1.1407026,0.7651188,0.0,1.0526416,0.9247475,1.015566,0.30010095,0.4971277,0.0,0.9567571,0.0,0.30032134,0.74256504,0.8549978,0.4915966,0.0,0.0,0.1409337,1.6868371,1.389342,1.686994,0.38693917,0.0,1.3615574,1.2017813,0.85386896,0.8627485,1.239944,0.0,1.0412724,0.0,0.0,0.0,0.5140639,0.21707267,0.55317664,0.0,0.0,0.7684083,1.6895839,0.0,0.44672993,0.6525685,0.5105489,0.2875766,0.0,0.0,0.89745694,0.20313983,1.4129895,0.0,0.62580603,0.8936873,1.1737959,0.0,0.7154385,0.0,0.32868046,1.2100013,0.0,0.0,1.1574324,1.9475253,1.2165861,0.9248681,1.3259077,0.13676187,0.0,0.0,0.9546069,0.15678418,0.0,0.34045222,0.236537,1.2887082,0.0,0.17268555,0.0,0.08995385,0.0,1.524087,0.79632866,0.0,0.0,0.26732343,0.65212965,0.0,1.5479249,0.7409217,0.6633938,0.82717466,0.21400179,0.646013,0.8176126,0.3425052,0.21664755,0.0,0.0,0.0,1.3509,0.95552856,0.0,0.42092115,0.18873617,0.62799895,1.0240608,0.0,0.0,1.4870791,0.63467157,1.34979,0.7884592,1.0238787,0.73887724,0.0,1.3082494,1
0.0,1.4048042,0.0,0.0,0.0,2.7153,0.0,2.3498988,0.0,1.3355386,0.0,0.34009945,0.41373217,0.0,1.2117413,0.0,1.760695,0.093634985,1.2326052,0.0,0.0,0.0,0.0,0.0,0.2773078,0.4230851,0.0,0.6488411,0.0,2.0907183,0.75946844,0.43286857,0.69880176,1.1250408,0.0,0.0,3.4593275,1.5352212,0.0,0.88921386,0.0,0.0,0.0,0.0,0.0,0.7871157,0.59942055,0.0,0.0,0.99986774,0.52128863,0.0,0.0,3.0137882,0.07937703,0.8660414,0.021556508,0.0,0.643754,0.0,0.33317465,0.8821127,1.207264,0.0,2.919964,0.10638975,1.261585,0.0,0.4970598,0.0,2.8372705,0.0,0.0,0.0,0.445444,0.0,1.3400865,0.0,0.0,0.0,0.0,2.9142358,1.1187112,1.7708961,0.0,0.0,0.35589877,0.0,0.29538667,0.0,0.44801125,0.0537254,0.13805762,0.8058227,0.0,0.61254376,2.5978596,1.7997116,0.0,0.09417661,1.2292876,0.0,3.1911814,1.5217297,0.1639836,0.0,0.15624505,1.1517574,0.0,0.0,0.0,2.6892598,2.731561,0.0,1.3321662,2.6454694,2.941091,0.0,0.0,0.0,0.58389384,0.0,0.842697,1.4137237,0.0,0.0,0.0,0.48412848,0
0.0,1.1692206,0.0,0.0,0.0,3.8994806,0.0,2.1986353,0.0,1.699411,0.6675878,1.12345,0.12572446,0.0,1.8329189,0.0,1.8822471,0.2293089,2.0164883,0.0,0.0,0.0,0.0,0.0,0.8657391,0.0,0.13765453,0.0,0.0,1.5504327,1.5567517,0.0,0.0,0.90925914,0.0,0.9148886,3.0910618,1.395349,0.12010571,0.9481362,0.0,0.0,0.0,0.0,0.0,0.9623684,0.3637515,0.0,0.0,0.8912616,0.17365883,0.0757048,0.0,2.77123,0.0,0.88766354,0.0,0.0,0.39650425,0.0,0.66598475,1.145975,1.3678834,0.0,4.3337584,0.0,1.2729032,0.0,0.0,0.0,4.4359255,0.0,0.0,0.0,1.1231682,0.18889005,2.5097706,0.0,0.0,0.0,0.0,2.6299016,1.3957201,2.141511,0.0,0.0,0.86129624,0.0,0.19421865,0.0,0.49134332,1.7232805,0.0,1.1871898,0.0,1.2392869,2.918158,2.2413545,0.0,0.0,1.5481248,0.0,4.1820145,2.4938881,0.30184418,0.6506949,1.934898,2.4501476,0.0,0.12807891,0.0,4.440075,2.6240222,0.0,1.1377201,3.221437,4.448339,0.24385962,0.0,0.0,0.0,0.0,1.4363781,1.8262408,0.0,0.0,0.0,1.4823238,0
0.0,0.62409776,0.0,0.0,0.0,0.82522273,0.08078671,0.81229615,0.2677401,1.1058288,0.0,0.904491,0.38944882,0.37948895,0.97007906,0.07068818,0.8180372,0.8860944,0.5921329,0.6693051,0.0,0.058862098,0.0,0.9201358,0.83106226,1.0177201,0.75083447,0.1031277,0.0,0.85040045,2.0260155,0.6635676,0.7650045,1.2140193,0.0,1.0234282,2.4881234,0.93958527,0.20166105,1.0907421,0.0,0.018405955,0.0,0.0,0.0,0.66254944,0.25148967,0.0,0.0,0.7699516,0.7815975,0.0,0.0,2.076555,1.0200934,0.5507483,0.8035187,0.0,0.0,0.07868253,0.65501237,0.76315516,0.4936571,0.3903747,2.594085,0.3696586,0.712397,0.28140056,0.0,0.25741178,1.8319697,0.0,0.0,0.6362147,1.5651903,0.6975997,1.0863924,0.76429194,0.29639575,0.0,0.0,1.8022302,0.6815751,1.0079315,0.0,0.7762329,1.3000046,0.0,0.29397628,0.0,0.04316211,0.6777394,0.124657154,0.4213566,0.0,0.64486736,1.5423249,0.21064715,0.0,0.6806984,1.1030903,0.09595032,1.9965273,1.5131968,0.0,0.0,0.0,1.3236182,0.0,0.0,0.0,2.2834773,1.7986003,0.0,1.1855785,1.1036221,2.0996633,0.21103072,0.038915955,0.0,0.55977994,0.0,1.098807,1.2377108,0.0,0.51638484,0.0,0.55109835,0
0.0,1.4035808,0.0,0.0,0.0,1.2981945,0.04626627,0.5784099,0.0,0.81149876,0.0,0.53136575,1.4423175,0.350938,0.78643996,0.083558895,0.8113995,0.6176812,0.6766168,0.5965209,0.0,0.38251394,0.0,0.83457524,0.22522199,0.77577084,0.6774367,0.047474038,0.0,1.1983569,2.2206185,0.7666373,0.7811027,0.011460826,0.0,0.90901196,2.0065634,1.1488851,0.25480762,0.86472833,0.0,0.593309,0.18717512,0.0,0.0,0.2466002,0.3803825,0.49674302,0.045973644,0.36798996,0.7031027,1.2830528,0.0,2.2246597,0.6905902,0.9618308,0.28525257,0.0,0.0,0.63479155,0.48819706,1.2512432,0.1664926,0.28418118,1.8325104,0.90675503,0.4884887,0.0,0.0,0.57796943,1.6581931,0.0,0.0,0.24055517,1.5531642,0.68502396,1.7609792,1.0066673,0.04316634,0.0,0.0,1.6800988,0.5698533,0.41316712,0.0,0.41705415,1.1291723,0.0,0.11138772,0.0,0.017251672,0.42706984,1.0069855,0.6147477,0.0,0.2192091,1.7008106,1.1859372,0.0,0.6653562,1.0439876,0.55023396,2.2707276,0.5838942,0.43074927,0.46335223,0.2919713,1.3404964,0.0,0.0,0.0,1.953417,1.6493882,0.0,1.2731164,0.35780987,0.81799555,0.3644191,0.0,0.0,0.94963217,0.08312568,0.657971,0.5028218,0.67059624,0.62854755,0.0,1.1031764,0
0.0,0.34148327,0.0,0.0,0.0,1.4695076,0.0,0.9196124,0.0,1.01836,0.0,1.0121392,0.6208145,0.0,0.7810258,0.24640544,1.0403897,0.9889754,0.15256202,0.7061352,0.0,0.34373093,0.035510603,0.0,0.6650573,0.61033267,0.5869759,0.0,0.0,1.1279317,1.706995,0.4421339,0.6279955,0.56641096,0.0,0.33112133,1.9491642,1.3221246,0.3735433,1.3036534,0.0,0.43750653,0.0,0.0,0.0,0.9554884,0.3347248,0.023785211,0.0,0.0,0.31311324,1.3801937,0.6663698,1.8033959,0.20463923,0.91340625,0.8682827,0.0,0.0,0.0,0.4352384,1.6566849,0.3354431,0.154312,1.7615746,0.45346072,0.099531054,0.23943636,0.0,0.0,1.5624009,0.0,0.0,0.0,1.4345838,1.0541184,1.3614509,0.5936164,0.0,0.0,0.0,1.7462199,0.7843141,1.1561087,0.6383947,0.19655456,0.86449957,0.0,0.58108485,0.0,0.40869692,0.18236086,0.6747583,0.8347864,0.050706647,0.08915529,1.8643534,0.6965566,0.0,0.7098549,0.9150128,0.362215,1.9376817,0.57104486,0.6255961,0.25550988,0.73051095,0.54285717,0.0,0.0,0.0,1.9894578,1.3235706,0.0,1.3183804,1.4209113,1.4489701,0.55837035,0.0,0.0,0.19863868,0.0,0.73499304,0.62762356,0.4082826,0.0,0.0,0.9052559,0
0.0,0.077776045,0.0,0.0,0.0,0.75020486,0.519844,0.0,0.0,0.45394194,0.17513646,0.57799923,1.6400108,0.49680755,0.24277711,0.3945814,1.1377296,0.66453815,0.11680133,0.8498427,0.0,0.99238807,0.0,0.22542392,1.0652789,1.1986634,1.3584492,0.0,0.0,0.26794335,2.0237186,1.584154,1.6115067,0.0036270472,0.0,1.3666784,1.0335244,0.8822054,0.7851967,0.9589654,0.0,0.4944025,0.0,0.0,0.0,0.5982962,0.0,1.1153572,0.0,0.0,0.5361518,1.7907001,0.0,0.67726415,0.8017582,0.24394518,0.39746702,0.0,0.0,0.7149518,0.16913703,1.7900066,0.20293806,0.2617893,0.3458159,0.9489016,0.0,1.022594,0.0,0.0042810002,1.007751,0.0,0.0,0.99879247,1.7224212,1.157091,0.63919425,1.1536386,0.20551431,0.0,0.0,0.9695865,0.73317856,0.0,0.3295593,0.0,1.1769497,0.0,0.6029873,0.0,0.08106637,0.0,2.287972,0.75596774,0.2485694,0.0,0.3217667,0.70888746,0.0,1.3659291,1.1505029,0.90370315,0.7753649,0.0,0.7057207,0.787219,0.21299976,0.16071981,0.0,0.0,0.0,1.4400691,0.82162374,0.0,0.068974234,0.29319793,0.20236029,1.1944165,0.0,0.0,0.7574593,0.0,0.79653436,0.0,1.2585163,0.49627522,0.0,1.5564768,1
0.0,0.58498454,0.0,0.0,0.0,1.5556583,0.55663466,0.9446364,0.0,1.0662357,0.040116727,0.85284865,0.8093168,0.50253254,1.004599,1.1539055,1.1943201,0.89103574,1.4867368,0.0,0.0,0.66185826,0.0,0.17396766,0.6126039,0.88348556,0.6665202,0.0,0.0,0.9753077,2.373801,0.93317866,0.9660213,0.93191046,0.0,1.0093197,1.9063941,0.5048452,0.09569104,0.8719331,0.0,0.5330051,0.0,0.0,0.0,0.7606849,0.9169207,0.32641083,0.0,0.50369376,0.5485835,0.95011026,0.0,2.1387396,0.011212862,1.1247356,0.0,0.0,0.0,0.24943325,0.45630524,1.3173901,0.9927044,0.53844815,1.923447,0.6891158,0.61539775,0.43521658,0.0,0.0,3.002226,0.0,0.0,0.0,0.7845054,0.6317896,2.236812,0.25870818,0.049022704,0.0,0.0,1.8127384,0.8519192,1.4962573,0.0539381,0.6661402,1.4649116,0.0,0.0,0.0,0.0,0.72916853,0.1509551,0.53691566,0.0,0.61229753,1.5020508,1.6743065,0.0,0.7035699,0.6380036,0.0965967,2.369917,1.1217731,0.3410304,0.4103836,0.86182314,1.0194724,0.0,0.0,0.0,2.5909555,1.7014261,0.0,0.48393148,1.3956957,2.9117072,0.0,0.0,0.0,0.442911,0.19537966,1.258779,1.1596146,0.0,0.26012596,0.0,0.73830426,0
0.0,2.6836617,0.0,0.0,0.0,3.1693099,0.0,3.0953574,0.0,2.0014822,0.0,1.0923696,0.0,0.33331883,2.6188693,0.0,1.8638005,0.0,1.7074747,0.0,0.0,0.0,0.0,0.0,0.37855422,0.412206,0.0,0.0,0.0,2.4951606,0.16243571,0.25059727,0.0,1.2387118,0.0,0.0,4.6814604,1.5411689,0.0,1.0520387,0.0,0.0,0.0,0.0,0.27208623,1.0284811,1.056089,0.0,0.0,1.5787725,0.25353372,0.0,0.0,3.0856879,0.0,0.8799565,0.0,0.0,0.6896876,0.30266067,0.35597762,1.2368473,1.9253618,0.0,5.533621,0.0,1.7839636,0.0,0.0,0.0,3.1817472,0.30439618,0.0,0.0,0.87885356,0.0,2.3687057,0.0,0.0,0.0,0.0,3.2177727,1.6242602,2.3442452,0.0,0.2700747,0.0,0.0,0.93628275,0.0,1.7707319,0.3296902,0.0,0.67166257,0.0,1.4989532,3.5715322,3.0383282,0.0,0.2721957,1.6459343,0.0,4.098548,2.079171,0.0,0.0,0.92459357,2.8207521,0.0,0.0,0.0,3.2955918,3.5819755,0.1701348,3.7576842,4.067708,3.553506,0.0,0.0,0.0,0.31593233,0.0,0.754056,1.2110298,0.0,0.0,0.0,0.5035541,0
0.0,0.92202336,0.0,0.0,0.0,1.2677509,0.0,1.2835197,0.0,1.5635535,0.0,0.6124106,0.2324879,0.0,1.5528488,0.0,0.8480009,0.3869284,1.598547,0.0,0.0,0.0,0.0,0.0,0.0,0.10824163,0.46934822,0.7527135,0.0,1.3610426,1.4672029,0.310851,0.08398199,1.0878916,0.0,0.46969467,2.5258832,1.2135451,0.0,1.0907904,0.0,0.2596472,0.0,0.0,0.0,0.98832864,0.3234664,0.0,0.0,0.6514627,0.6038922,0.41043243,0.0,1.9012046,0.587615,0.28594017,0.118060425,0.0,0.3003751,0.14169392,0.6688959,0.9428854,0.9425682,0.35755342,2.7069247,0.6248636,0.8008622,0.0,0.25909114,0.4701598,1.6980648,0.0,0.0,0.25547215,0.7162794,0.0,1.2396185,0.037994366,0.0,0.0,0.0,1.741886,0.37261653,1.5329976,0.0,0.30551377,1.3946561,0.0,0.5196485,0.0,0.2346256,0.33726645,0.54414415,0.6523723,0.0,1.0300417,2.0149536,0.77702284,0.0,0.6715965,1.1365812,0.0,2.4536502,1.0237359,0.4651437,0.29171833,0.7257448,1.1873442,0.0,0.0,0.0,2.9180121,2.1392982,0.0,0.6189276,1.7309252,2.097994,0.23956093,0.0,0.0,0.6372051,0.0,0.83321905,1.6302265,0.0,0.0,0.0,1.18704,0
0.0,2.165563,0.0,0.0,0.0,3.2332957,0.0,1.7221746,0.0,1.3311055,0.22785802,0.16194458,0.052684993,0.0,2.9135447,0.0,2.5002425,0.25233868,2.1810524,0.0,0.0,0.0,0.0,0.0,0.0,0.0,0.0,0.0,0.0,0.66189975,1.0891942,0.0,0.0,0.78550315,0.0,0.0,2.278238,1.4358145,0.36175272,0.98715925,0.0,0.0,0.0,0.0,0.0,1.6843168,0.7688004,0.0,0.16676937,0.7798644,0.0,0.0,0.40325832,2.6967475,0.0,0.8045965,0.0,0.0,1.204857,0.052795883,0.0,0.43166858,1.161467,0.0,3.445786,0.0,1.8979688,0.0,0.0,0.0,3.1368313,0.097742885,0.0,0.0,0.0,0.0,2.6127276,0.0,0.0,0.0,0.0,2.544852,1.4847178,2.1417012,0.0,0.0,0.5202167,0.0,1.0229623,0.0,1.3754543,0.9900127,0.0,1.9233605,0.0,0.6448861,2.6188688,2.4644668,0.0,0.0,0.8200305,0.5465422,3.3588178,1.5291203,0.0,0.0,1.438473,2.4717445,0.0,0.95386714,0.0,4.0516453,3.1566527,0.85421455,0.6550097,2.4427407,5.5590687,0.0,0.5388332,0.0,0.0069833337,0.0,1.2365853,3.3052013,0.0,0.0,0.4587208,0.0,0
0.0,0.0,0.0,0.0,0.0,0.29474673,0.5460152,0.0,0.0,0.43056074,0.122800335,1.0524901,0.90849906,0.20056324,0.26533163,1.4198108,0.5932042,0.60564935,0.1861651,0.9884935,0.0,1.0179437,0.0,0.2930348,0.81713355,1.1556104,1.5211642,0.0,0.0,0.42099616,2.0205026,1.4434079,1.4133027,0.052637264,0.0,1.4885896,1.3062677,0.4594177,1.1837337,1.0886275,0.0,0.7110289,0.0,0.0,0.0,0.32357597,0.0,1.3524961,0.16187079,0.0,1.0054588,1.6213225,0.0,0.3078488,0.4879248,0.5503459,0.4140486,0.0,0.0,0.8396656,0.0,1.4657212,0.0030059326,0.13113269,0.64899826,1.4771565,0.0,0.78151006,0.0,0.0,0.46544582,0.0,0.0,0.9691326,1.6513454,1.1616285,0.7002773,0.83326256,0.12996277,0.0,0.0,0.8899443,0.38172054,0.0,0.4579109,0.19484998,0.9845123,0.0,0.033292092,0.0,0.13950571,0.37087736,1.7380416,0.0,0.0,0.0,0.16271536,0.25604102,0.0,1.0308865,0.92692715,0.93483794,1.0341016,0.0,0.56823117,0.59823924,0.28099868,0.40668014,0.0,0.0,0.0,1.3087395,1.1995808,0.0,0.3701848,0.50207144,0.27779332,0.76967806,0.0,0.0,0.93159205,0.25132164,0.53897476,0.0,0.973794,0.5127284,0.0,1.1823908,1
0.0,1.5280986,0.0,0.0,0.0,2.4763315,0.0,2.0892863,0.0,1.229569,0.0,0.45062172,0.0,0.0,1.9165605,0.0,1.7124469,0.0,1.1364875,0.0,0.0,0.0,0.0,0.0,0.6505266,0.0,0.035425317,0.055113953,0.0,2.5301888,0.9615562,0.0,0.0,0.76067865,0.0,0.092659906,2.9142544,1.3049974,0.0,0.60389495,0.0,0.0,0.0,0.0,0.0,0.65914154,0.25508234,0.0,0.0,0.6482036,0.34221697,0.0,0.089538306,2.4940414,0.0,1.091127,0.0,0.0,0.20629235,0.0,0.23173197,0.66648054,1.0592394,0.0,3.689307,0.0,0.4209457,0.0,0.0,0.0,3.1743414,0.0,0.0,0.0,0.50629765,0.0,1.5094693,0.0,0.0,0.0,0.0,2.657066,0.57671076,2.0209897,0.0,0.0,0.28808135,0.0,0.40196493,0.0,0.3828311,0.7294546,0.0,0.64155203,0.0,0.5509931,2.6910877,1.3300104,0.0,0.0,1.8506964,0.0,4.045168,1.1259242,0.7557552,0.40618175,1.2471831,1.7546171,0.0,0.0,0.0,3.3409996,2.4693608,0.0,1.6432408,2.7409866,2.6154332,0.0,0.0,0.0,0.03440561,0.0,0.59767663,1.1846844,0.0,0.0,0.0,1.2159941,0
0.0,0.24759275,0.0,0.0,0.0,1.4820014,0.35033694,1.2849137,0.0,1.0516115,0.0,0.8268221,0.5191,0.0,1.617239,0.08877843,0.74155766,0.86244637,0.8281,0.20057164,0.0,0.49341837,0.0,0.0,0.8859434,0.91474307,0.028340649,0.27542698,0.0,1.411177,1.6714469,0.5894105,0.21627966,0.24286287,0.0,0.5868082,2.5449898,0.6429572,0.0,0.7144707,0.0,0.0,0.13296315,0.0,0.0,0.5488276,0.74973047,0.0,0.0,1.2678854,0.757358,0.0,0.0,1.8029737,0.5337496,1.0717425,0.0,0.0,0.0,0.0,0.16680688,1.0361389,0.5869345,0.0,2.3919377,0.2116207,1.3823055,0.0,0.0,0.0,1.5326601,0.0,0.0,0.5132001,0.2409533,0.53341895,0.7168778,0.0,0.0,0.0,0.0,1.2605752,0.8429662,1.6068515,0.0,0.44775468,1.2034947,0.0,0.74364686,0.0,0.4158597,0.8208552,0.5754063,0.70816064,0.0,0.92683005,1.830666,1.655056,0.0,1.155551,0.64491564,0.0,3.2427816,1.2455096,0.0,0.453128,0.0,1.4690092,0.0,0.0,0.0,1.474017,2.342676,0.0,1.4300414,1.7071021,2.0241745,0.35927686,0.12477929,0.0,0.72624993,0.4722095,0.72667646,0.7314525,0.0,0.0,0.0,0.7270825,0
0.0,0.05162475,0.0,0.0,0.0,1.2415773,0.5146715,0.85905695,0.010969138,1.0127928,0.18679698,0.48419756,0.03458658,0.107242115,1.2129003,0.5785626,1.1496763,0.65100634,0.7972945,0.34545454,0.0,0.47842857,0.0,0.021294294,0.42217892,1.0377799,0.27220055,0.0,0.0,0.44119,2.0046263,0.33583918,0.73922265,0.35711348,0.0,0.51017606,1.030422,0.47389287,0.3033619,0.35780698,0.0,0.78779477,0.0,0.0,0.0,0.12918387,0.40026593,0.35106763,0.0,0.5124328,0.5024272,0.0,0.0,1.3835318,0.73627573,0.9767918,0.696237,0.0,0.0,0.26154315,0.4027749,1.0392439,0.43505043,0.75952846,2.117825,0.18691297,0.70172983,0.04640012,0.0,0.0,1.2476963,0.0,0.0,0.0,0.8626658,0.41707045,0.22437894,0.0,0.55659664,0.0,0.0,1.5541915,0.051448025,1.2987422,0.24586003,1.4945683,1.1425318,0.0,0.0,0.0,0.08530703,0.0,0.19567126,0.71187043,0.40322715,0.5383058,1.032258,1.0785927,0.0,1.0313541,0.092700526,0.0,1.6244311,0.894371,0.4658468,0.25106794,0.0,0.22706138,0.0,0.0,0.0,2.3294582,1.1504059,0.0,0.845387,0.397406,1.78852,0.55592877,0.0,0.0,0.3911903,0.116139196,1.2972466,0.34197927,0.0,0.0,0.0,0.36311325,0
0.0,1.8934599,0.0,0.0,0.0,2.1561284,0.0,2.8086085,0.0,1.5097152,0.0,0.0,0.0,0.4881854,1.7714057,0.0,1.191577,0.0,1.0012088,0.0,0.0,0.0,0.0,0.0,0.0,0.44304752,0.0,0.33227926,0.0,2.6386259,1.181617,0.0,0.0,0.88728577,0.0,0.0,4.011166,1.4487954,0.0,0.5344393,0.0,0.0,0.0,0.0,0.12322131,0.0,0.13860567,0.0,0.0,0.17246394,0.87338585,0.0,0.0,2.5712042,0.0,0.5510679,0.23437682,0.0,0.5151235,0.0,0.49898252,1.1496326,2.1616294,0.0,4.62306,0.0,1.3013892,0.0,0.0,0.40951556,2.7211137,0.71658444,0.0,0.41240135,0.0,0.022633128,2.1965356,0.0,0.0,0.0,0.0,2.638797,0.64720345,1.6260768,0.037504204,0.0,0.2298361,0.0,0.42350486,0.0,0.8166988,0.9302187,0.0,1.0981922,0.0,0.4058782,3.162484,1.4692106,0.0,0.0,0.84531367,0.0,3.6967916,2.211161,0.0,0.0,1.3665849,1.2599347,0.0,0.0,0.0,3.3786762,2.1525576,0.0,2.722614,2.6229868,2.9864297,0.0,0.0,0.0,0.022925029,0.0,0.23026961,0.24387792,0.0,0.0,0.0,0.9432493,0
0.0,0.0640434,0.0,0.33296314,0.0,0.45545638,0.22350621,0.0,0.0,0.025370296,0.2453314,0.34740108,1.775308,0.33233982,0.11558303,1.1585784,0.7099672,0.7695696,0.43577784,1.1291612,0.0,0.6840072,0.0,0.19325218,0.8968406,0.7874428,1.0692968,0.0,0.0,0.16807461,2.2623308,1.9028251,1.8050289,0.37713054,0.0,1.4110997,1.4945884,0.58541185,0.4483767,1.2510473,0.0,0.9420378,0.0,0.0,0.0,0.55793923,0.0,0.87397647,0.21373457,0.0,0.47759622,2.0472445,0.0,0.6657076,0.43040437,0.4525407,0.0,0.0,0.0,1.449032,0.20693943,1.512449,0.16971008,0.0,0.645844,1.7240489,0.0,1.3816367,0.0,0.15213282,1.1464579,0.0,0.0,1.2691684,1.1850406,1.2892592,0.36814627,1.6300688,0.16467261,0.0,0.0,0.6210196,0.3027805,0.1969916,0.2347543,0.0,1.2611054,0.0,0.28372964,0.0,0.0,0.0,1.9284436,0.23497413,0.063691504,0.0,0.5163854,0.9617459,0.0,1.4197333,0.70802855,0.82443637,0.8333763,0.15568642,0.77172303,0.8934503,0.40590233,0.69924337,0.0,0.0,0.0,1.3264469,0.95903045,0.0,0.20471163,0.29766694,0.4222701,1.0191263,0.0,0.0,1.2467456,0.0009607179,0.60578835,0.2525401,1.8663831,0.6512224,0.0,1.4221143,1
0.0,0.32664803,0.0,0.0,0.0,1.1012405,0.17418173,1.2951294,0.0,1.1946952,0.0,0.59833103,0.18890733,0.0,1.1317952,0.0,0.5132366,0.4261887,0.3380086,0.0,0.0,0.0,0.0,0.3757754,0.61702514,0.2210056,0.6658215,0.37075597,0.0,0.8977785,1.8360803,0.29505548,0.42374906,0.6680795,0.0,1.2276031,2.6808136,0.8486044,0.06567985,0.7708431,0.0,0.0,0.0,0.0,0.0,0.6993826,0.0,0.18139791,0.0,0.1552936,0.44727623,0.0,0.0,1.4520893,0.52377564,0.8358652,0.14234498,0.0,0.0,0.0,0.61472374,0.5345444,0.13711558,0.32557026,2.3794868,0.17173271,0.4262615,0.0,0.33668974,0.0,2.2272127,0.0,0.0,0.24289834,0.5599027,0.27876008,0.86366206,0.0,0.0,0.0,0.0,1.6489382,0.7787506,1.311423,0.0,0.0,0.36955285,0.0,0.0,0.0,0.39988098,1.0629236,0.2754767,0.4734562,0.0,0.54437524,1.3669924,0.8056952,0.0,0.09811665,0.6297746,0.0,1.8934776,1.5877032,0.0,0.9338319,0.7467783,1.3342546,0.0,0.0,0.0,1.9309237,1.2326123,0.0,0.011414015,1.5524584,2.1624873,0.0,0.0,0.0,0.3983049,0.2648644,0.40820062,1.050538,0.0,0.0,0.0,0.8894595,0
0.0,0.81950504,0.0,0.0,0.0,0.7428322,0.0,0.5138968,0.0,1.3008554,0.0,0.28881958,0.71789414,0.1847348,0.8287361,0.21715142,1.1680987,0.68729186,1.0354986,0.0,0.0,0.0,0.0,0.0,0.3809745,0.37081945,0.97331184,0.2877612,0.0,1.3279448,1.5266483,0.53095025,0.42171574,1.2456378,0.0,0.90325576,1.8881915,0.93917966,0.033346206,1.2915498,0.0,0.24977992,0.0,0.0,0.0,0.95348567,0.19317465,0.1276122,0.0,0.0,0.5930104,0.835277,0.0,1.57712,0.18902017,0.15885992,0.0,0.0,0.15643315,0.0,0.4655776,1.5348064,0.534697,0.207506,1.935603,0.59014237,0.0,0.000852813,0.0,0.03164868,1.9487219,0.0,0.0,0.2583634,0.8304578,0.17829956,1.3158003,0.849266,0.0,0.0,0.0,1.2168928,0.3810125,0.119416624,0.0,0.0,1.1972305,0.0,0.5617851,0.0,0.0,0.0,0.90563816,0.0,0.0,0.07887793,1.3921908,1.0337002,0.0,0.4952033,0.87597865,0.0,1.2662873,0.6328598,0.35388702,0.6227699,0.7683695,1.0045863,0.0,0.0,0.0,1.923583,1.778269,0.0,0.29966915,1.4245747,0.8922771,0.0,0.0,0.0,0.8531903,0.0,0.39504105,0.49046165,0.0,0.0,0.0,1.1538767,0
0.0,0.29104283,0.0,0.0,0.0,0.57408625,0.38853997,0.50209594,0.0,0.5180574,0.0,0.8585225,1.4107122,0.21842618,0.5833437,0.27987656,0.5818922,0.6680686,0.59945804,0.65926015,0.0,0.62262464,0.0,0.12430839,0.7740116,0.45744404,0.9841621,0.0,0.0,0.16256154,2.116162,0.97512275,0.7751841,0.6440235,0.0,0.92450243,1.1461861,0.5522968,0.11532868,0.6148777,0.0,0.5836315,0.0,0.0,0.0,0.40274474,0.1443832,0.0799865,0.0,0.6760346,0.5615782,0.9606771,0.0,1.1213561,0.37937483,1.0525093,0.18748902,0.0,0.0,0.0,0.21185718,1.0434957,0.0,0.27571204,1.5562735,0.95066154,0.46677762,0.2115462,0.016229065,0.0,0.71901095,0.0,0.0,0.47515634,1.0109783,0.42640802,1.0452175,0.047920402,0.0,0.0,0.0,1.2314912,0.58192366,0.5294174,0.2887453,0.26729202,1.390015,0.0,0.35177168,0.0,0.0,0.53644145,0.85711217,0.37302187,0.0,0.1041408,1.0559995,1.0060998,0.0,0.8639333,0.6322045,0.3132568,1.8257028,1.0146344,0.65641356,0.39504948,0.0,0.8330394,0.0,0.0,0.0,1.3004382,1.0075529,0.0,0.53520924,0.09123179,1.4302369,0.48180166,0.0,0.0,0.73769855,0.13443227,1.1825105,0.76809794,0.0,0.42244157,0.0,0.7383883,0
0.0,1.1419399,0.0,0.0,0.0,1.6544241,0.0,1.3109092,0.15345758,1.1875683,0.0,0.34804606,0.0,0.14568008,1.8917998,0.34033084,0.6228597,0.47016507,0.3980634,0.0,0.0,0.046550922,0.0,0.047057837,0.008353226,0.4045176,0.61397314,0.3409152,0.0,1.1293399,0.8077843,0.3092081,0.4704631,1.1132457,0.0,0.9568513,2.4576664,1.1430818,0.0,0.7863765,0.0,0.6699806,0.0,0.0,0.0,0.69070446,0.54450214,0.16017461,0.0,0.0,0.61689776,0.49221405,0.0,2.0723124,0.59097135,0.12579048,0.0,0.0,0.0,0.18288185,0.35466057,1.1574498,0.36687878,0.13863471,2.1189811,0.43850842,0.0,0.028547276,0.0,0.1676385,2.2675266,0.0,0.0,0.17585026,0.4786939,0.13465516,0.80419713,0.2862466,0.0,0.0,0.0,1.5140369,0.5057891,0.7452002,0.0,0.027827693,0.4032521,0.0,0.07561261,0.0,0.004231782,0.2574288,0.11878836,0.15634532,0.0,0.566488,1.9862692,0.8328038,0.0,0.34487605,1.0512987,0.22364466,2.0122035,0.77993625,0.6563111,0.27757373,0.5903136,0.5110698,0.0,0.0,0.0,2.3528328,1.6961755,0.0,1.1925101,2.1443846,1.7431526,0.0,0.0,0.0,0.5834872,0.3126161,0.08593637,0.74999094,0.47224122,0.0,0.0,0.9202563,0
0.0,2.2192636,0.0,0.0,0.0,2.374917,0.0,1.8086385,0.0,0.80729437,0.0,0.42858014,0.0,0.0,1.2103984,0.0,1.319612,0.17375192,1.4020407,0.0,0.0,0.0,0.0,0.0,0.0,0.30610353,0.0,0.050755065,0.0,1.80142,0.7808621,0.091495395,0.0,0.6628013,0.0,0.29767352,2.7782536,1.0507938,0.0,0.8061003,0.0,0.0,0.0,0.0,0.0,0.70578486,0.8634261,0.0,0.0,0.7945724,0.39845914,0.0,0.0,2.1590972,0.39055267,0.6330973,0.21547523,0.0,0.0,0.0,0.7295289,1.2720646,1.1901681,0.0,2.9092176,0.059453644,0.9194541,0.0,0.23939158,0.33933514,1.7983865,0.0,0.0,0.21311872,0.34212768,0.0,1.1921326,0.0,0.0,0.0,0.0,2.110579,0.6790168,1.6622578,0.0,0.0,0.6735352,0.0,0.9552484,0.0,0.55070406,0.48557532,0.056453094,0.9200685,0.0,0.7899997,2.292498,0.8971174,0.0,0.48186675,0.988049,0.0,3.2322955,1.3907843,0.4329796,0.32404158,0.52545327,1.1789377,0.0,0.0,0.0,2.0852163,2.5429077,0.0,1.2293558,1.8976119,2.5412169,0.0,0.0,0.0,0.0,0.0,1.0419672,0.7220497,0.0,0.061272338,0.0,0.15840949,0
0.0,0.5857918,0.0,0.0,0.0,4.16714,0.0,2.679119,0.0,1.6134638,0.0023412905,0.7949042,0.0,0.0,2.0994542,0.0,3.0683587,0.0,1.1291755,0.0,0.0,0.0,0.0,0.0,0.41183877,0.0,0.0,0.0,0.0,2.3404408,1.1963738,0.0,0.0,1.1700737,0.0,0.25916418,3.1504803,1.3453014,0.23861632,0.38027826,0.0,0.0,0.0,0.0,0.0,0.9195749,0.4831609,0.0,0.0,1.1320989,0.43874234,0.0,1.1660173,3.8458476,0.0,0.6254971,0.021182578,0.0,0.0,0.0,1.0386043,0.4617613,1.2637168,0.0,4.731294,0.0,0.65935117,0.0,0.023962872,0.0,3.790795,0.0,0.07553782,0.0,0.0,0.0,1.2806078,0.0,0.0,0.0,0.0,3.0816524,1.9039819,2.75265,0.0,0.0,0.51735896,0.0,0.08012407,0.0,0.8936507,0.7220344,0.0,1.1944804,0.0,0.6222156,3.1604116,2.109901,0.0,0.0,1.6970339,0.0,4.5206833,1.5050987,0.0,0.3080717,0.8521347,1.9950842,0.0,0.0,0.0,4.5508175,2.675314,0.04862068,0.99884164,3.1729963,3.9579864,0.0,0.0,0.0,0.0,0.0,0.7403269,2.6720822,0.0,0.0,0.0,0.83352226,0
0.0,0.8175441,0.0,0.0,0.0,2.0374978,0.0,0.91666514,0.0,1.3306926,0.0,0.45622164,0.5192363,0.0,1.0698855,0.06236616,1.6103629,0.06460201,1.5282257,0.0,0.0,0.0,0.0,0.0,0.6239677,0.110360876,0.4047642,0.0,0.0,1.7991791,1.5423313,0.20443033,0.6399653,0.8384144,0.0,0.4878413,2.602011,1.056526,0.0,1.4129854,0.0,0.14040169,0.0,0.0,0.0,1.1957065,0.46476963,0.0,0.0,0.49821913,0.0,0.6936199,0.0,1.9898179,0.0,0.46294856,0.0,0.0,0.0,0.0,0.79208475,1.3323281,0.8305435,0.0,3.1037343,0.0,0.35305494,0.0,0.4633625,0.0,2.45061,0.0,0.07583337,0.016155459,0.92365235,0.0,1.3502104,0.0,0.0,0.0,0.0,1.9361839,0.8844621,1.8841943,0.0,0.08321451,1.2891368,0.0,0.5592797,0.0,0.20956784,0.3821259,0.5925828,1.4192729,0.0,0.5735078,2.4106367,1.1674819,0.0,0.1008477,1.1752021,0.0,2.6606066,1.0245957,0.39281684,0.2747,0.68968815,1.3701679,0.0,0.0,0.0,3.259244,2.5451145,0.0,0.85941994,2.113316,1.9907066,0.14076298,0.0,0.0,0.04444655,0.0,0.943571,1.019624,0.0,0.0,0.0,0.8833022,0
0.0,2.1241963,0.0,0.0,0.0,2.483763,0.0,1.8571547,0.020763462,0.93774885,0.0,0.7900403,0.80846596,0.3987084,1.1178778,0.0,0.794269,0.0,1.8559132,0.0,0.0,0.0,0.0,0.17848217,0.0,0.33582574,0.28237945,0.48088965,0.0,1.1872869,0.98594165,0.7895,0.0,0.9357998,0.0,0.062236104,3.444892,1.0231398,0.0,1.0147684,0.0,0.0,0.0,0.0,0.35014373,1.1251563,0.9135157,0.0,0.0,1.0454925,0.17036252,0.0,0.0,2.6303165,0.66388947,0.18079378,0.35399815,0.0,0.0,0.0,1.0823402,1.525201,1.114332,0.0,3.4908195,0.0,0.968534,0.2988505,0.0,0.59330773,2.9086921,0.0,0.0,0.25497806,1.0710528,0.5033316,1.8932294,0.0,0.46178842,0.0,0.0,2.6862612,0.82805693,1.718036,0.0,0.25130734,1.0086644,0.0,0.8219955,0.0,1.0335996,0.9048106,0.4529871,0.6637547,0.0,1.1320013,2.4426973,1.0286001,0.0,0.45562395,0.5192943,0.0,3.3701284,2.2407777,0.0,0.0,0.1502641,1.8112297,0.0,0.0,0.0,2.5043936,3.1713443,0.0,1.7174733,2.745663,3.1535168,0.0,0.0,0.0,0.4604955,0.0,0.37859687,0.7044739,0.0,0.42544797,0.0,0.84435904,0
0.0,1.0970423,0.0,0.0,0.0,3.4989297,0.0,2.0376072,0.0,1.8868046,0.0,0.0,0.0,0.0,1.3537253,0.0,2.1779234,0.0,1.5703039,0.0,0.0,0.0,0.0,0.0,1.321952,0.0,0.0,0.41098586,0.0,2.5882566,1.0090047,0.0,0.0,0.857746,0.0,0.0,3.4774227,1.491142,0.0,0.93561053,0.0,0.0,0.0,0.0,0.0,0.6697281,0.65531456,0.0,0.0,0.7279405,0.19269688,0.0,0.100800306,2.6082575,0.1126489,0.87467957,0.0,0.0,0.34119523,0.0,0.5627691,0.55509925,1.5477821,0.0,3.9944324,0.0,0.864463,0.0,0.06467517,0.0,2.8011813,0.0,0.3118545,0.0,0.032317262,0.0,2.3421843,0.0,0.0,0.0,0.0,3.2874186,1.2240378,2.1300042,0.0,0.06081159,0.6068282,0.0,0.84888273,0.0,0.99995404,0.86846703,0.0,1.1822727,0.0,1.0784842,3.0778751,1.2369484,0.0,0.11563093,1.6111137,0.0,4.1386614,1.2030495,0.40384212,0.2449956,1.6035575,1.4814564,0.0,0.0,0.0,3.5140312,3.5035517,0.0,1.6794865,3.1837063,2.696757,0.0,0.0,0.0,0.1361987,0.0,1.0239292,1.4394265,0.0,0.0,0.0,1.069306,0
0.0,1.3232112,0.0,0.0,0.0,2.4960334,0.0,1.2335099,0.0,1.1380872,0.0,0.34614947,0.24906132,0.0,1.5207593,0.0,1.3312289,0.33580282,0.7998184,0.0,0.0,0.0,0.0,0.0,0.005894952,0.0,0.23549779,0.24393268,0.0,1.4302173,1.0053028,0.21484669,0.0,0.5067526,0.0,0.22038071,2.3883526,1.2508898,0.0,1.1007127,0.0,0.0,0.0,0.0,0.0,0.74106455,0.028456556,0.16561633,0.0,0.3924039,0.16876797,0.0,0.2837864,2.5478997,0.0,0.19526674,0.3890057,0.0,0.0,0.0,0.47132066,0.96297973,1.3733275,0.0,2.8059835,0.44185972,0.39920613,0.12367395,0.0,0.06412546,2.3155057,0.17617853,0.0,0.3917128,0.29561254,0.0,1.9680158,0.0,0.0,0.0,0.0,2.0017536,0.9906327,1.5939837,0.0,0.0,0.6017058,0.0,0.00709244,0.0,0.43942177,0.7628994,0.068979174,0.24433164,0.0,0.43764582,2.511863,1.5073601,0.0,0.17643689,1.0561628,0.0,2.1530623,1.5578332,0.18714158,0.0,0.9897172,1.1880627,0.0,0.0,0.0,3.298551,2.4565382,0.0,1.5697905,2.0800047,2.1447725,0.0934459,0.0,0.0,0.77739275,0.0,0.0,1.0685079,0.0,0.0,0.0,0.9033799,0
0.0,0.9490469,0.0,0.0,0.0,1.9378061,0.0,1.5009067,0.0,1.0849508,0.2374486,0.099425785,0.04110819,0.0,0.59412044,0.29287422,1.6419705,0.29868737,0.9739387,0.08474045,0.0,0.0,0.0,0.0,0.0,0.05664213,0.06487517,0.0,0.0,1.7746363,1.1038787,0.29492322,0.696368,0.6398121,0.0,0.6638724,1.9361801,0.7146036,0.0,0.5906677,0.0,0.39808193,0.0,0.0,0.0,0.5469468,0.8975129,0.0,0.0,0.69829625,0.1920455,0.5206749,0.0,1.7809683,0.35356733,0.4192782,0.0,0.0,0.0,0.0,0.21039397,1.0367475,0.96205664,0.38599887,2.043459,0.0,0.4728442,0.0,0.1858866,0.0,1.5988966,0.0,0.0,0.0,0.62208676,0.0,1.303921,0.0,0.0,0.0,0.0,1.7892224,0.7421327,1.768289,0.05272568,0.40240452,0.7340145,0.0,0.3879725,0.0,0.43643832,0.49233302,0.30028987,1.5262767,0.0,0.31747442,2.0584369,0.92659515,0.0,0.6340706,0.9133091,0.051345095,2.3300302,0.6926242,0.6665295,0.80010146,0.55600643,0.79271185,0.0,0.0,0.0,2.2992265,2.3498316,0.0,0.76199275,1.4094942,1.1165695,0.060776826,0.0,0.0,0.0,0.3226629,1.3837539,1.001327,0.0,0.0,0.0,0.581312,0
0.0,0.510962,0.0,0.36877722,0.0,0.48988715,0.40132266,0.32214725,0.10628719,0.38626957,0.0,0.7172706,1.698429,0.19414328,0.5970641,0.8421369,0.8530659,0.9259942,0.95001155,1.0382465,0.0,1.0078319,0.0,0.27614033,1.727525,0.87649035,1.3379232,0.070492044,0.0,0.5383433,2.402948,1.5415244,1.2607225,0.0,0.0,1.4555075,1.927141,0.43448547,0.3436348,1.1100827,0.0,0.7474394,0.0,0.0,0.0,0.44732317,0.24084097,0.9243946,0.0,0.09481409,0.31405357,1.6400899,0.0,0.4025573,0.8544177,0.5289614,0.19042471,0.0,0.0,1.4488882,0.56757903,1.4266865,0.0,0.3258653,1.1522319,1.5717887,0.0,1.3278447,0.0,0.4798128,1.5118243,0.0,0.0,1.1065599,1.2002366,0.8778412,0.40068486,1.8116604,0.21632604,0.0,0.0,1.135051,0.0,0.0,0.4871279,0.1141568,1.7708656,0.0,0.4167184,0.0,0.0,0.2759309,1.355352,0.093337536,0.0,0.07052362,0.53687644,0.77938527,0.0,1.3185515,0.3419875,0.6501645,1.2956555,0.75615734,0.24746524,0.5909334,0.0,0.30488947,0.0,0.0,0.0,0.6948787,1.4212731,0.0,0.18521734,0.064887986,0.5470221,1.2924433,0.0,0.0,1.141565,0.42149755,1.0022541,0.0,0.96210986,0.6435451,0.0,1.0699128,1
0.0,0.8996963,0.0,0.0,0.0,1.1336505,0.074993186,0.9865002,0.0,1.2852736,0.0,0.8477063,0.085337386,0.21295649,1.0952215,0.18628405,1.2581713,0.8932061,0.7912179,0.11722901,0.0,0.0,0.0,0.0,0.55942917,0.1658919,0.68023616,0.041812222,0.0,0.943819,1.7830987,0.8111396,0.47558713,0.72601855,0.0,0.8092089,2.207015,1.3066931,0.37739953,1.2220947,0.0,0.08352499,0.0,0.0,0.0,1.3547806,0.6750874,0.0,0.0,0.7068699,0.9601494,0.43345293,0.0,1.7653713,0.4209083,0.44689924,0.12177095,0.0,0.0,0.0757356,0.74280965,0.8156266,0.33984697,0.0385364,2.3693175,0.86944115,0.9341405,0.0,0.050491974,0.055978253,2.1266236,0.0,0.0,0.50015,0.9794868,0.05896031,1.52986,0.03936213,0.0,0.0,0.0,1.4469357,0.11797467,0.8283188,0.05965925,0.3519393,1.0411432,0.0,0.0,0.0,0.45632815,0.72759026,0.38742387,0.13256572,0.0,0.7031093,1.3995516,1.5085645,0.0,0.46989745,0.94765705,0.060522452,2.69514,0.7298535,0.6794815,0.5786478,0.047248837,1.1000751,0.0,0.0,0.0,2.031513,1.8321065,0.0,1.0454755,1.531721,2.025268,0.0,0.0,0.26186934,0.28671893,0.0,0.9637764,1.2942616,0.0,0.49356556,0.0,0.9726877,0
0.0,0.0,0.0,0.0,0.0,0.39817333,1.0508169,0.3203845,0.0,0.6956655,0.038746834,0.71494544,1.3822095,0.19156082,0.07452295,1.0668784,0.8376478,0.62367463,0.23446286,1.267706,0.0,0.74102867,0.0,0.51479715,1.3027475,0.9895907,1.3411413,0.0,0.0,0.104022086,2.3621123,1.1889727,1.1975392,0.42722672,0.0,1.362876,1.1134942,0.792529,0.4060979,0.92643154,0.0,0.8445676,0.0,0.0,0.0,0.63868666,0.12160802,0.58507764,0.1512879,0.0,0.8960235,1.5014564,0.0,1.209319,0.98354375,0.67252463,0.43767962,0.0,0.0,1.2594007,0.0,0.9852434,0.0,0.9768453,0.8406146,1.6673156,0.10120767,0.7136602,0.0,0.14057666,0.7352174,0.0,0.0,1.0662287,1.0233895,0.8972449,0.65120625,0.637615,0.07283336,0.0,0.0,0.80650777,0.16405058,0.4889517,0.79972327,0.6744326,1.2586247,0.0,0.38537383,0.0,0.37887272,0.0,1.5492876,0.42804506,0.077153526,0.3828405,0.5350101,0.3017772,0.0,1.592717,0.78013223,1.1382713,1.4134469,0.023894142,0.6016149,0.8581153,0.08168128,0.09422721,0.0,0.0,0.0,1.0744447,0.80421525,0.0,0.61305124,0.0,0.7172164,1.2529519,0.0,0.0,1.323907,0.30650917,1.1398951,0.7402335,0.722525,0.44754013,0.0,1.3128704,1
0.0,0.0,0.0,0.33377495,0.0,0.37438354,0.61556935,0.0,0.049804483,0.461197,0.2025596,0.9576579,1.0215312,0.31655592,0.04500911,1.0665345,0.6708372,0.8124762,0.18589053,1.4444504,0.0,0.963069,0.0,0.90166265,1.1084824,1.0453765,1.3390224,0.0,0.0,0.4111092,1.9097054,1.4953,1.2850893,0.2580216,0.0,1.3438164,1.5373236,0.885282,0.6986882,1.1099179,0.0,0.7072163,0.0,0.0,0.0,0.3240788,0.0,0.904889,0.30092752,0.0,0.8495584,1.9177371,0.0,0.45563054,0.97711086,0.19681743,0.13822304,0.0,0.0,1.5385637,0.16333817,1.1273416,0.0,0.0,0.79269034,1.2688817,0.0,0.9156989,0.0,0.075203225,0.9076008,0.0,0.0,1.1939398,1.7832073,0.9430901,0.39436427,1.2181807,0.0,0.0,0.0,0.7544798,0.0,0.0,0.21237783,0.0011332459,1.1609238,0.0,0.35284683,0.0,0.0,0.035960793,1.613741,0.5608903,0.1953311,0.0,0.30512372,0.4980155,0.0,0.99544084,0.96029264,0.9648497,0.9555426,0.0,0.67266744,0.72609633,0.13133307,0.4838316,0.0,0.0,0.0,1.253296,1.0087588,0.0,0.58071077,0.34192508,0.106339276,1.2390937,0.0,0.0,0.9981946,0.0,0.70909375,0.0,1.4213667,0.92263013,0.0,1.2015055,0
0.0,0.8676689,0.0,0.0,0.0,0.664983,0.08513535,0.3719209,0.0,0.996566,0.0,0.0,0.03599164,0.26552054,0.99802095,1.0618663,0.5540496,0.49207819,0.79581064,0.323528,0.0,0.24086829,0.0,0.90180176,0.24135259,0.35708523,0.09565747,0.0,0.0,0.9621834,1.7794753,0.37396765,0.81688136,0.5587906,0.0,1.9214842,1.5200981,0.35146385,0.0,0.80472285,0.0,0.0,0.0,0.0,0.0,0.58914125,0.393124,0.4009824,0.0,0.0,1.0857491,1.3822289,0.0,1.9354798,0.6617551,0.30774373,0.35789457,0.0,0.0,0.0,0.19777045,1.3034565,0.9466777,0.54174817,1.3576287,0.52408075,1.2104756,0.2248128,0.0,0.026576295,1.7270663,0.0,0.0,0.0,0.8386777,0.4412287,1.7745302,0.7279245,0.0,0.0,0.0,1.515857,0.9225129,0.9768667,0.9054686,1.2029946,0.8594264,0.0,0.3080459,0.0,0.25924957,0.82780075,0.7680311,0.58520275,0.0,0.5606599,1.2855608,0.1618186,0.0,0.5600627,1.4988261,0.90467966,1.6352997,0.4967644,0.15236078,0.5395228,0.31393573,0.96580654,0.0,0.0,0.0,1.9533192,2.018994,0.06537077,1.777432,1.2288189,0.4352215,0.84827036,0.35409313,0.0,0.5729147,0.0,0.52207404,0.7437561,0.16472155,0.21186794,0.0,1.0849433,0
0.0,1.649779,0.0,0.0,0.0,2.7149193,0.0,2.044393,0.0,1.4255452,0.0,0.0,0.24187617,0.0,1.2825103,0.0,1.7466198,0.0,1.638494,0.0,0.0,0.0,0.0,0.0,0.0,0.326728,0.19136561,0.574506,0.0,1.5659778,0.9876015,0.0,0.0,1.0188955,0.0,0.0,2.8397603,1.048856,0.0,0.7513444,0.0,0.0,0.23223668,0.0,0.028741093,0.0,0.38028708,0.03897033,0.0,0.57750887,0.4037451,0.17922351,0.0,2.588007,0.0,0.93241954,0.21008946,0.0,0.0,0.0,0.06643599,0.82446,1.4452176,0.099704675,3.8285222,0.0,1.3580375,0.0,0.22248062,0.09480746,2.6292608,0.5587193,0.0,0.0,0.20861746,0.0,2.252782,0.0,0.0,0.0,0.0,2.7601345,1.1469232,2.3836205,0.055022903,0.1063322,0.0,0.0,0.35317332,0.0,0.34848878,0.7988971,0.0,0.9306473,0.0,0.2344269,3.9185185,1.2776951,0.0,0.0,1.2145734,0.0,3.8039315,1.966172,0.0,0.0,1.18775,1.4690788,0.0,0.0,0.0,2.9636645,3.183464,0.16811047,2.4478047,2.683514,2.2982285,0.0,0.13826813,0.0,0.044411585,0.0,0.113909855,0.7244876,0.0,0.0,0.0,0.495493,0
0.11685718,0.6272737,0.0,0.0,0.0,3.167903,0.13196188,1.826408,0.0,1.6840421,0.0,1.2602328,0.0,0.0,0.9049431,0.08792912,1.6996566,0.30134368,1.2471943,0.0,0.0,0.0,0.0,0.0,0.8731203,0.5923243,0.27885145,0.0,0.0,1.9034077,1.31972,0.19286396,0.047057148,1.4023348,0.0,0.44462317,2.9561949,1.8658434,0.5101054,1.1079198,0.0,0.13386089,0.0,0.0,0.0,1.2681086,0.53372645,0.03915613,0.0,0.78841835,0.3702269,0.114675894,0.0,2.8669302,0.55057454,1.1891254,0.18441589,0.0,0.0,0.23222554,0.25268042,0.5658209,0.761708,0.0,2.6114557,0.0,0.97678673,0.0,1.0870023,0.0,3.1528618,0.0,0.0,0.0,0.6659896,0.7337336,1.781162,0.0,0.0,0.0,0.0,2.1634321,1.0133257,1.5395092,0.0,1.1567111,0.4180069,0.0,0.07786553,0.0,0.49396408,0.8723769,0.29870582,1.1328984,0.0,1.1723249,2.6945705,0.92859256,0.0,0.21917349,0.90173775,0.39450848,3.0839913,1.4736149,0.5518295,0.91782326,1.4913508,2.0302277,0.0,0.0,0.0,3.7574723,2.491386,0.0,0.4193878,2.585577,3.1884604,0.02875921,0.0,0.0,0.0,0.16572519,1.7715017,1.7896702,0.0,0.0,0.0,0.92399716,0
0.0,0.44805804,0.0,0.3893029,0.0,0.762573,0.19145465,0.9302139,0.31932154,0.85320514,0.0,0.75892544,1.0683572,0.0687043,0.76123774,0.9554686,0.4711744,0.7922679,0.7007193,0.71494156,0.0,0.0,0.0,0.44058973,0.43852195,0.79107267,1.2440906,0.39983323,0.0,0.32495186,2.0693142,1.3798863,0.6295823,0.42262065,0.0,1.6889524,2.0295525,0.55687493,0.15652046,0.9762227,0.0,0.40236786,0.0,0.0,0.0,0.07913817,0.31951216,0.78706735,0.032341227,0.35304505,0.394132,1.4529623,0.0,1.2684914,1.0157738,0.42390195,0.38099584,0.0,0.0,1.1480136,0.34518144,1.3818294,0.9045326,0.19374785,0.70144403,0.98328406,0.0,0.779997,0.0,0.42232645,1.2274112,0.0,0.0,0.8319426,1.1378905,1.1235784,0.94152886,0.7996277,0.15297857,0.0,0.0,0.9484794,0.27933493,0.50393486,0.0,0.28703672,1.157212,0.0,0.62103313,0.0,0.0,0.0,1.5797218,0.48489684,0.0,0.5829873,0.8008029,0.7887899,0.0,1.2812643,0.90068763,0.58589906,1.3375022,0.39427063,0.23920226,1.0074999,0.21455558,0.2953552,0.0,0.0,0.0,1.1831435,1.4045708,0.0,0.7240907,0.6508698,0.3441143,0.9758682,0.0,0.0,1.4909995,0.1350087,0.9291996,0.25428578,1.2121285,1.0345626,0.0,0.9541884,0
0.0,0.0,0.0,0.34065592,0.0,0.0,1.0760275,0.17145368,0.6893573,0.69138455,0.08071194,0.6252511,1.2149067,0.43687713,0.019605553,1.2385823,0.61073,0.8828818,0.4556092,1.0480795,0.0,0.87005705,0.0,0.6043386,1.0507996,0.7285424,1.483328,0.08702244,0.0,0.17979442,1.6949841,1.2394698,1.4635197,0.08781825,0.0,1.3606174,1.2200998,0.40799144,0.22395974,1.0300174,0.0,0.85975057,0.0,0.0,0.0,0.6549354,0.1660063,0.83390784,0.24807836,0.0,0.9678162,1.324236,0.0,0.32529706,0.9557235,0.43956682,0.30253184,0.0,0.0,1.4334849,0.08741022,1.2681257,0.09885735,0.8639957,0.26883665,1.4561011,0.0,1.0355885,0.0,0.28957456,0.79792464,0.0,0.0,1.1365607,1.2028883,0.994771,0.5351563,0.8649843,0.22553265,0.0,0.0,0.27609155,0.0,0.1123634,0.6693581,0.3787502,1.362087,0.0,0.26174843,0.0,0.0,0.0,1.565815,0.4471318,0.20879446,0.0,0.0,0.6972444,0.0,1.6120188,0.38075832,0.8283886,0.7532702,0.033168565,0.876656,0.7370844,0.0,0.084218025,0.0,0.0,0.0,0.71156645,0.7307388,0.0,0.21831386,0.0,0.36085147,0.76739585,0.0,0.0,1.0271791,0.73828495,0.91665435,0.19030789,1.0992703,0.6074036,0.0,1.1796714,1
0.0,0.54704165,0.0,0.0,0.0,2.2711453,0.0,1.7845861,0.0,0.8053709,0.0,0.7134416,0.0,0.0,1.1009053,0.0,1.5172148,0.0,0.5141807,0.0,0.0,0.0,0.0,0.0,0.0,0.0,0.5668817,0.0,0.0,1.8401332,1.1079819,0.0,0.17829585,0.7716568,0.0,0.0,2.5423715,1.2221978,0.028705224,0.49731004,0.0,0.0,0.0,0.0,0.0,0.53020245,0.14882024,0.0,0.0,0.79191136,0.31595165,0.0,0.0,2.645468,0.35769913,0.8863594,0.0,0.0,0.0,0.0,0.87271667,1.2064246,0.5827152,0.0,3.4904132,0.03103721,0.7043135,0.0,0.0,0.0,2.277798,0.0,0.0,0.0,0.29603705,0.12603119,1.1865581,0.0,0.0,0.0,0.0,2.0905585,0.6704392,1.7666994,0.0,0.0,0.29333743,0.0,0.5004118,0.0,0.35680398,0.54149085,0.0,1.1488227,0.0,0.7555301,2.5503235,1.6146811,0.0,0.0,1.1939502,0.0,3.06073,1.3750445,0.18460706,0.0,0.05523595,1.295884,0.0,0.0,0.0,2.0775173,2.1111188,0.0,1.5646248,1.9894243,2.5433319,0.0,0.0,0.0,0.0,0.0,0.8333851,0.9668933,0.0,0.0,0.0,0.89988136,0
0.0,0.07717675,0.0,0.0,0.0,1.5308474,0.18321592,0.5550177,0.0,1.2017335,0.34842274,0.91701883,0.3300504,0.0,1.1677744,0.759751,1.9927394,0.6159827,1.4618683,0.0,0.0,0.0,0.0,0.0034788835,1.2024723,0.59465045,0.33604568,0.0,0.0,1.0815746,2.263133,1.147814,0.38623455,1.09194,0.0,1.4105786,1.9924672,0.96166044,0.24543566,1.4410856,0.0,0.25811073,0.0,0.0,0.0,1.3313729,0.7185692,0.0,0.0,0.8463802,0.32392693,0.2948669,0.0,2.388337,0.3112388,1.2404721,0.0,0.0,0.0,0.0,0.6827863,1.0392909,0.63313824,0.0,2.683166,0.42819694,0.29054707,0.0,0.027024323,0.0,2.661317,0.0,0.0,0.18471986,1.0271833,0.24393839,2.1345518,0.02428686,0.0,0.0,0.0,1.8121591,0.9765844,1.5385984,0.0,0.97361964,0.95836365,0.0,0.013831293,0.0,0.0,0.90115505,0.1136695,0.6955433,0.0,1.1039263,1.2608598,1.7863823,0.0,0.17401847,1.1409487,0.0,2.9117162,1.0966415,0.0,0.2981488,0.8296187,1.313156,0.0,0.0,0.0,3.4137797,1.9483242,0.0,0.5308425,1.6247412,2.4581475,0.0,0.0,0.0,0.39942297,0.0,1.1730855,1.8920746,0.0,0.10875942,0.0,1.1430708,0
0.0,0.9767284,0.0,0.0,0.0,1.9646773,0.0,1.6649417,0.0,1.4083216,0.26726043,0.20939185,0.20713192,0.2513258,1.423865,0.75179255,1.1153843,0.12088252,0.13640562,0.0,0.0,0.0,0.0,0.0,0.0,0.5281655,0.11549471,0.0,0.0,1.6414454,1.1514388,0.0,0.43878612,0.83938956,0.0,0.4304758,3.2418568,0.8403056,0.9924701,0.35475895,0.0,0.0,0.8091547,0.0,0.0,0.9844715,0.30133027,1.0465504,0.0,0.58076555,0.7555393,0.416945,0.0,3.0951009,0.58086395,0.2349552,0.062153142,0.0,0.0,0.0,0.3318794,1.917279,1.4405005,0.30516985,2.918069,0.0,1.0918084,0.0,0.0,0.37526074,1.8462788,0.6284921,0.0,0.16698676,0.8397378,0.69749767,1.5025685,0.28752315,0.10309303,0.0,0.0,2.430375,1.1585758,1.8827921,0.11766023,0.45813322,0.81071055,0.0,0.43509048,0.0,0.7252165,0.41461545,0.84144276,1.1833295,0.31810918,0.21248269,2.547801,0.8706067,0.0,0.0,1.0130159,0.0,2.712589,1.769218,0.0,0.0,0.7093926,1.4921362,0.0,0.0,0.0,2.7368436,1.7257286,0.15850665,2.2689955,2.235634,2.6703877,0.23795497,0.0,0.0,0.32156846,0.0,0.80343467,0.75028414,0.0,0.0,0.0,0.42457098,0
0.0,1.018726,0.0,0.18625692,0.0,1.908039,0.1283409,0.9495483,0.0,1.3242639,0.0,0.6938705,0.6856595,0.96383244,0.3111506,0.95758456,0.6326954,0.60028887,0.54949266,0.0,0.0,0.49888435,0.0,0.35086003,0.34685323,0.29805255,0.8613582,0.08170885,0.0,0.59335613,1.3752747,0.8187955,0.4608047,0.23988943,0.0,1.0886176,1.7724952,0.6075018,0.0,1.3149791,0.0,0.0,0.054025862,0.0,0.0,0.8749441,0.31446153,0.33796167,0.0,0.49671984,0.24618743,1.1402155,0.1294306,1.6476945,0.0,0.4053525,0.0,0.0,0.0,0.087141946,0.48941946,1.0363305,0.791215,0.23343554,2.201315,0.6711222,0.3809801,0.51226616,0.0,0.38842708,1.86036,0.0,0.0,0.91781914,1.0954317,0.48102084,1.757149,0.6074713,0.0,0.0,0.0,1.559103,0.59967506,1.0757264,0.0,0.06133167,1.085311,0.0,0.35183135,0.0,0.18934342,0.657521,1.0874683,0.29664373,0.0,0.0,1.687882,0.7338347,0.0,0.794201,1.1444223,0.64982176,1.8281333,1.0188906,0.0228443,0.66296595,0.37691304,1.181034,0.0,0.0,0.0,1.5370642,1.6004959,0.0,1.0494238,1.3517944,1.0436176,0.7542252,0.0,0.0,1.0757214,0.3774275,0.70582163,0.06316322,0.4449187,0.32299232,0.0,0.7345556,0
0.0,0.86368495,0.0,0.12390863,0.0,0.36887357,0.010026421,0.72052455,0.0,0.5492324,0.0,0.65178734,1.517778,0.07424604,0.17542079,0.5667542,0.90651375,1.0705085,0.511833,0.6311364,0.0,0.6820074,0.0,0.44294387,0.44038305,0.375872,0.78539455,0.0,0.0,0.5857073,2.072284,1.4857726,0.3487632,0.45984977,0.0,1.1274433,1.6972781,0.8367248,0.1748454,0.86469793,0.0,0.6060734,0.0,0.0,0.0,0.24071391,0.053976476,0.60636985,0.053123668,0.34163857,0.9043154,0.8629682,0.0,1.2072752,0.5877207,0.6762681,0.0,0.0,0.0,0.7658112,0.3420572,1.4673969,0.0,0.19619337,1.2738532,1.0275065,0.20299818,0.4839572,0.0,0.62406087,1.4692374,0.0,0.0,1.07254,1.2150545,0.70979756,1.3591083,0.27862602,0.024439335,0.0,0.0,0.7483622,0.29457188,0.48971263,0.05534286,0.5535167,1.5337552,0.0,0.097935654,0.0,0.0,0.10640703,1.2423903,0.21676962,0.0,0.4039647,0.9256065,0.7088568,0.0,1.0618672,0.9487067,0.08833684,1.7248163,0.70869285,0.22623612,0.5315906,0.0,0.946527,0.0,0.0,0.0,1.4096605,1.0285127,0.0,0.8383165,0.8629327,0.857152,0.1134161,0.0,0.0,1.0495195,0.0,0.40180576,0.3391024,0.5935195,0.28822055,0.0,0.8282976,0
0.0,0.8135777,0.0,0.0,0.0,2.9179838,0.0,1.8972679,0.0,1.4037619,0.0644542,0.91485023,0.0,0.28298846,1.573996,0.44394177,1.6664255,0.48650965,0.4768981,0.0,0.0,0.03585221,0.0,0.0,0.8022186,1.0519756,0.0,0.033086877,0.0,2.1174846,1.1408849,0.19819498,0.0,0.72934014,0.0,0.5324193,2.7464423,0.9764914,0.0,0.36542234,0.0,0.0,0.0,0.0,0.0,1.2005036,1.0702568,0.0,0.0,0.8734315,0.15263252,0.0,0.14143395,2.789656,0.71404445,0.83815366,0.24252842,0.0,0.0,0.0,0.86082083,1.0201033,1.4273025,0.0,4.0922956,0.0,1.5444494,0.0,0.0,0.0,3.1390767,0.0,0.0,0.0,0.0,0.0,1.8919258,0.0,0.0,0.0,0.0,3.0745182,1.4437096,1.8268031,0.0,0.94479185,0.74230874,0.0,0.5316575,0.0,1.5051903,0.7806599,0.0,0.95526886,0.0,1.0076628,3.2533123,1.2867955,0.0,0.0,0.96572846,0.0,3.5530725,1.2246096,0.12241497,0.6505378,0.9878463,1.3662103,0.0,0.0,0.0,2.9580386,2.264066,0.0,1.921767,2.3534787,3.1958508,0.0,0.0,0.0,0.0,0.0,0.86907554,0.89374095,0.0,0.0,0.0,0.67759764,0
0.0,1.167437,0.0,0.0,0.0,2.1055455,0.0,1.9384748,0.0,0.639321,0.0,0.62263197,0.0,0.0,1.1583548,0.0,1.1830474,0.0,1.2830064,0.23183897,0.0,0.0,0.0,0.0,0.0,0.44641232,0.0,0.3764525,0.0,1.3696902,0.8502592,0.022071566,0.0,0.8601765,0.0,0.0,2.8489556,1.341279,0.18780525,0.31776652,0.0,0.0,0.0,0.0,0.0,0.02347244,0.7447237,0.0,0.0,1.0562246,0.22921954,0.0,0.0,2.792626,0.23655804,0.7662373,0.4580013,0.0,0.0,0.0,0.0,1.1484303,1.781191,0.0,3.411254,0.08204941,0.98315716,0.0,0.0,0.62181604,2.1049638,0.0,0.0,0.0,0.2192064,0.0,0.9979861,0.0,0.1992006,0.0,0.0,2.2303612,0.4329282,1.9230651,0.14415129,0.50309616,0.28377047,0.0,0.36170965,0.0,0.5875512,0.9050306,0.0,1.3305875,0.0,0.95323,2.1096947,1.0498664,0.0,0.026342254,1.0050611,0.0,3.8967483,1.2316736,0.0,0.13016707,0.0,1.3084551,0.0,0.0,0.0,2.284695,3.086319,0.0,2.3767362,1.7926342,2.4911697,0.0,0.0,0.0,0.2793891,0.08470673,1.3848656,0.8983123,0.0,0.0,0.0,0.36021325,0
0.0,1.0507606,0.0,0.0,0.0,3.0177777,0.0,2.3360023,0.0,1.783451,0.0,1.0981674,0.6593018,0.0,2.227469,0.0,2.490464,0.0,2.4413228,0.0,0.0,0.0,0.0,0.0,0.6103164,0.0,0.0,0.0,0.0,1.1269498,1.5893204,0.0,0.0,1.1611494,0.0,0.0,2.9481325,1.7564139,0.37341034,0.87225163,0.0,0.0,0.0,0.0,0.0,1.4320023,0.20150037,0.0,0.0,1.3529388,0.0,0.0,0.3194355,3.8007903,0.0,1.3096759,0.0,0.0,0.0,0.0,1.1748432,1.1282179,1.9048021,0.0,5.2223153,0.0,1.984353,0.0,0.0,0.0,4.2103715,0.0,0.0,0.0021864546,0.0,0.0,2.9320164,0.0,0.0,0.0,0.0,3.2572677,1.2220731,1.8108629,0.0,0.0,0.23954006,0.0,0.06498068,0.0,1.1277295,1.3441819,0.0,1.0286404,0.0,1.4905692,3.5856032,3.07566,0.0,0.21037924,1.0630231,0.11173372,4.427584,1.7664204,0.16201082,0.022248354,1.9041833,2.7196999,0.0,0.25049335,0.0,4.037882,4.100779,0.30365634,1.3341497,3.6898017,4.9356203,0.0,0.0,0.0,0.0,0.0,1.9077121,2.184181,0.0,0.0,0.36558098,0.6137028,0
0.0,0.14743838,0.0,0.0,0.0,1.3228072,0.005617864,0.8906323,0.0,0.6008621,0.18335815,0.9368795,0.8317197,0.0,1.0095844,0.21506566,1.0828668,0.4856463,1.1929145,0.45387337,0.0,0.007072123,0.0,0.0,0.25710806,0.53569394,1.1071483,0.0,0.0,1.0805804,1.8194265,0.7492735,0.23754473,0.22444578,0.0,0.5266033,2.0483894,0.6923991,0.4328552,0.61771125,0.0,0.0,0.0,0.0,0.0,0.6153911,0.41339815,0.1691359,0.0,0.9482805,0.42884213,0.39044288,0.0,1.6359805,0.41889378,0.7714635,0.043295752,0.0,0.0,0.4437133,0.113990225,0.9378463,0.40410835,0.18230319,2.3745787,0.3391182,1.1950183,0.0,0.0,0.0,1.8120275,0.0,0.0,0.67885095,0.5205349,0.0,1.5899446,0.0,0.035153463,0.0,0.0,1.380266,0.7963301,1.6831852,0.0,0.42216843,0.89268106,0.0,0.0,0.0,0.4398305,0.28642133,0.66018295,0.48909116,0.0,0.12189381,1.614136,1.3858562,0.0,0.1866297,1.1611872,0.097921655,2.6049397,0.81416386,0.0,0.23988226,0.38309142,1.0467794,0.0,0.0,0.0,1.5143255,1.9041127,0.0,1.3913751,1.6215615,1.8532737,0.2948998,0.0,0.0,0.40807438,0.13592903,1.1848835,0.75966024,0.0,0.0,0.0,0.6094632,0
0.0,1.637337,0.0,0.0,0.0,1.4169396,0.45270258,1.681362,0.0,0.73872787,0.0,0.0,0.17068872,0.58877033,0.43060243,0.05256026,1.0888773,0.0,0.671226,0.006072766,0.0,0.5555841,0.0,0.2088311,0.0,0.47649157,0.29274645,0.22846709,0.0,1.1090146,1.0806265,1.2954333,0.7454872,1.1372657,0.0,0.3607672,3.396205,1.3131213,0.15019903,0.87529683,0.0,0.0,0.26176843,0.0,0.0,0.89348996,0.63331133,0.0,0.0,0.7384702,0.0,0.17767887,0.0,2.4960651,0.35104433,0.3326827,0.78647876,0.0,0.0,0.47620556,0.8053254,1.4906236,0.6820908,0.606594,3.409664,1.0252241,0.9008174,0.0,0.0,0.89624655,2.1518233,0.0,0.0,0.7596548,0.6200849,0.18352191,1.183019,0.14739302,0.0717759,0.0,0.0,2.5806642,0.7917529,1.1782228,0.0,0.5694595,0.7702186,0.0,0.70770365,0.0,0.9844009,0.57761145,0.19739886,0.711092,0.0,0.59657776,2.2363486,0.6492883,0.0,0.67662483,0.9115074,0.34524804,2.986662,1.5617268,0.07959678,0.40904745,0.7077355,1.813054,0.0,0.0,0.0,2.3264294,2.7174788,0.27002668,2.384847,2.0936134,1.9997301,0.06936666,0.0,0.0,0.8658321,0.06135333,1.3310176,0.63638884,0.0,0.0,0.0,0.9599073,0
0.0,1.0753462,0.0,0.0,0.0,1.2516071,0.06314389,0.8604945,0.0,1.0673608,0.0,0.94240206,0.51503444,0.026387352,1.0103128,0.21388285,0.7381108,1.4780589,1.2205036,0.06488879,0.0,0.0,0.0,0.0,0.49668354,0.2748858,0.76351833,0.4290519,0.0,1.3371656,1.6013159,0.7901593,0.18370587,1.9249437,0.0,0.7614049,2.1237426,0.76092046,0.0,1.1335377,0.0,0.17555404,0.0,0.0,0.0,0.7958425,0.13105729,0.0,0.0,0.93504584,0.38247788,0.14475508,0.0,2.306283,0.0032665343,0.518369,0.3459817,0.0,0.12530369,0.0,0.5676621,0.75096744,0.72540677,0.05068865,2.3762412,0.3032131,0.3114944,0.23505828,0.09137316,0.34792984,2.2920334,0.0,0.0,0.3218593,1.0428082,0.45929718,2.2268505,0.0,0.0,0.0,0.0,1.4686794,0.79839915,1.2519441,0.0499352,0.4085096,0.93873537,0.0,0.25606027,0.0,0.0,0.19465306,0.1617458,0.18848948,0.0,0.61508363,1.887313,1.187182,0.0,0.57213104,0.8906749,0.0,2.0842826,1.1092889,0.42704597,0.56035733,0.7612726,1.242812,0.0,0.0,0.0,2.6476052,1.6113716,0.0,0.7976414,1.4843973,2.483892,0.12408309,0.0,0.0,0.4544615,0.113405794,0.7773328,1.1373173,0.0,0.0,0.0,0.93320185,0
0.0,1.4067805,0.0,0.0,0.0,2.1290953,0.0,2.1635602,0.0,1.3996675,0.0,0.7612526,0.24437347,0.0,0.9866041,0.0,1.6533978,0.26229855,2.3004162,0.0,0.0,0.0,0.0,0.0,0.105037324,0.3465863,0.07102412,0.7092633,0.0,2.0494165,1.4961468,0.0,0.0,0.6739865,0.0,0.0,3.2778256,0.74207795,0.0,1.0556262,0.0,0.0,0.0,0.0,0.0,0.90679455,0.47670904,0.0,0.0,1.1852133,0.0,0.0,0.0,3.3589287,0.0,0.8855558,0.0,0.0,0.6131853,0.0,1.0080919,0.8115538,2.0366638,0.0,4.3626676,0.09863285,1.7280743,0.0,0.2622799,0.0,3.2193887,0.0,0.0,0.0,0.0,0.0,2.247396,0.0,0.0,0.0,0.0,2.6794438,1.3237195,2.454943,0.0,0.0,0.72993916,0.0,1.1139858,0.0,0.9440504,1.2606533,0.0,0.6798994,0.0,1.1372397,3.5892925,1.1716479,0.0,0.20134822,1.3580914,0.0,4.3709626,2.111203,0.0,0.0,0.0,2.7020116,0.0,0.10551444,0.0,3.0175743,3.8277035,0.37492278,1.9750211,2.8049593,3.3160882,0.0,0.0,0.0,0.025668362,0.0,1.8416464,1.6342202,0.0,0.0,0.0,0.4647792,0
0.0,0.93557626,0.0,0.5500143,0.0,1.4774685,1.3471093,1.6956351,1.0372827,1.815566,0.82044226,1.3959587,0.005424082,0.0,1.4833345,0.3987616,1.6120726,0.93153554,1.5738552,1.199159,0.0,0.38235718,0.0,0.0,1.1671365,1.0702158,1.7286747,0.0,0.0,1.476276,2.6642787,0.47746965,0.43060622,0.4007926,0.0,0.81240517,2.3272145,1.3969318,0.44664848,1.7419715,0.0,0.40674698,0.0,0.0,0.0,0.41348693,0.085394055,0.3947129,0.09568019,0.027648719,0.21041243,0.0,0.0,1.402981,0.04024919,0.99236906,0.15518723,0.0,0.4418241,1.2091305,0.605745,1.5122868,1.0717297,0.15201497,3.2009969,0.70896006,0.01200825,0.0,0.045559034,0.0,2.862467,0.0,0.0,0.26776305,1.1828611,1.0989913,1.0072868,0.95231,0.78640753,0.0,0.0,1.8818349,0.0,0.6094173,0.0,0.3350283,1.3275534,0.0,0.71832854,0.0,0.0,0.95458025,1.197076,0.0,0.0,0.7473438,1.1698539,0.86051494,0.0,0.8507561,0.62661207,0.0,2.5885065,1.2737416,0.08741865,0.77574056,0.0,1.2387731,0.0,0.0,0.0,2.8012455,1.7347252,0.0,0.511147,2.2708592,3.4063053,0.62912124,0.0,0.0,0.10868078,0.0,1.4881176,0.76947206,0.5522277,0.0,0.0,1.8027767,0
0.0,0.6440365,0.0,0.0,0.0,1.2811447,0.0,1.1383741,0.0,1.6627448,0.0,0.6046877,0.54839474,0.030272622,0.8750825,0.26227778,0.8723238,0.4519401,1.0547999,0.0,0.0,0.11007442,0.0,0.59923214,0.9994576,0.2795524,0.7552577,1.0557195,0.0,1.1695541,1.3490078,0.86327004,0.05601668,1.0945364,0.0,0.64662427,2.7881079,0.7964117,0.0,1.2616054,0.0,0.686535,0.0,0.0,0.0,0.9746645,0.2014148,0.31152156,0.0,0.29957104,0.5028307,0.8589792,0.49039167,1.7115058,0.38294736,0.7335167,0.0,0.0,0.46160665,0.15811846,0.5767004,0.66006595,0.49198744,0.317068,2.1582243,0.59248424,0.35839188,0.15749153,0.07848817,0.3476762,1.9418939,0.0,0.0,0.14852014,1.0950673,0.33302963,1.6037824,0.0,0.0,0.0,0.0,1.5485402,0.5069364,0.95610166,0.0,0.10961677,1.3445338,0.0,0.2530617,0.0,0.20456997,0.41723803,0.39950377,0.31222135,0.0,0.91999793,1.5211297,1.0726055,0.0,0.6286616,0.98223656,0.0,2.1576579,1.1740663,0.65171456,0.18044502,0.44792816,1.0298619,0.0,0.0,0.0,1.698855,1.7194602,0.0,0.97908515,1.767325,2.050885,0.28813595,0.0,0.0,0.75363946,0.94611907,0.36948895,0.8927587,0.0,0.0,0.0,0.48790923,0
0.0,0.25757352,0.0,0.0,0.0,1.9308467,0.10270137,0.9507036,0.0,1.6924895,0.0,0.99889785,0.09405741,0.0,1.3732531,0.5563675,1.3167752,0.47723326,1.24648,0.0,0.0,0.0,0.0,0.30507892,1.2114422,0.3215861,0.56011415,0.0,0.0,1.3883109,2.3848274,0.44624877,0.018773612,1.3457371,0.0,1.1240463,2.0681386,1.1596824,0.13787852,1.2958709,0.0,0.0,0.0,0.0,0.0,1.419136,0.68894917,0.0,0.0,0.54084426,0.44278935,0.0,0.0,2.2565868,0.68358314,0.9365974,0.24032538,0.0,0.0,0.0,0.8100106,0.48740283,0.8309543,0.099531,2.684134,0.0,0.7521267,0.14578639,0.18862474,0.0,3.4888704,0.0,0.0,0.0,0.58031857,0.61022496,2.2924197,0.0,0.0,0.0,0.0,1.9517428,0.89459026,1.4308461,0.0,0.73029673,0.45800003,0.0,0.0,0.0,0.32701778,0.75366193,0.0,0.3745985,0.0,0.87775487,1.4265554,1.5549842,0.0,0.25734758,0.792534,0.31079456,3.283406,1.2083999,0.2584704,0.47208023,0.8980111,1.1811588,0.0,0.0,0.0,3.1295798,1.8486246,0.0,0.45857286,1.9537216,2.8550582,0.0,0.0,0.0,0.05245523,0.0,1.2846848,1.6181116,0.0,0.0,0.0,1.1173044,0
0.0,0.9917579,0.0,0.0,0.0,1.528455,0.6518404,1.9100655,0.0,0.8832238,0.0,0.6521717,0.13462347,0.40885538,1.744203,0.15194364,1.4402547,0.25217733,0.0,0.40363094,0.0,0.86134875,0.0,0.0,0.56669545,0.7139182,0.2716405,0.0,0.0,1.6642802,1.442067,0.43298206,0.1388256,0.8199814,0.0,0.7696906,2.609746,0.95730215,0.62146527,0.630481,0.0,0.24573782,0.0,0.0,0.0,0.27826697,0.7328026,0.38912895,0.35292393,0.79238635,0.40192407,0.0,0.0,2.433092,0.29710945,0.44959655,0.45023483,0.0,0.0,0.0,0.7200609,1.4290334,0.8322525,0.3520831,2.5416505,0.88145745,0.35988364,0.0,0.0,0.35198182,1.6693922,0.056646943,0.0,0.34732464,0.3141035,0.08478432,0.6669375,0.0,0.0,0.0,0.0,1.9264108,0.3757801,0.9463636,0.07479305,0.34791788,0.95585406,0.0,0.0,0.0,0.8191479,0.6382186,0.3351766,0.5501939,0.05201651,0.035639256,2.4442766,1.8464378,0.0,0.40633512,0.85253936,0.671265,2.9794767,1.2840054,0.0,0.54392457,0.90478563,1.2136242,0.0,0.0,0.0,2.5598414,2.3617363,0.32397482,1.5871117,1.8239495,2.0759227,0.0,0.0,0.0,0.21368553,0.3513448,0.3065806,0.0,0.48482555,0.0,0.0,1.0727844,0
0.0,1.7027301,0.0,0.0,0.0,2.56906,0.0,1.9303089,0.0,1.5156486,0.0,0.6738304,0.0,0.0,1.3137313,0.0366162,0.94973963,1.0940266,1.3412157,0.10064835,0.0,0.0,0.0,0.06772381,0.74074006,0.57678384,0.7538149,0.0,0.0,1.6240766,1.1422948,0.0,0.2662931,0.9602333,0.0,0.32338274,2.9372473,0.8996018,0.0,1.0046513,0.0,0.0,0.0,0.0,0.0,0.45845634,0.5748092,0.45226237,0.0,0.0,0.45153737,0.42431065,0.0,2.3484752,0.0,0.81015843,0.0,0.0,0.0,0.0,1.1702229,1.1708307,1.716565,0.0,3.7315152,0.0,0.59400594,0.0,0.0,0.36664766,2.3533802,0.0,0.0,0.39648643,0.8909153,0.5643893,1.5860345,0.15630785,0.0,0.0,0.0,2.2318149,0.7846024,1.2721515,0.0,0.2918511,1.2352917,0.0,0.87561476,0.0,0.2728153,1.1775427,0.51677394,0.6629436,0.0,1.23656,2.9133751,0.6986029,0.0,0.06698654,1.3914858,0.17045002,2.3125134,1.3198297,0.57280844,0.58647263,1.9240066,1.7542034,0.0,0.0,0.0,3.36456,2.2388697,0.0,1.7417812,2.6859722,2.9022293,0.6308382,0.0,0.0,0.11135035,0.0,1.0184108,0.65844184,0.118810415,0.0,0.0,1.432603,0
0.0,0.3797109,0.0,0.0,0.0,1.256462,0.0,0.7043287,0.0,1.6447834,0.30497357,0.7285837,0.82915086,0.0,1.1741021,0.4658485,0.95222735,0.8085495,1.1481783,0.0,0.0,0.39709198,0.0,0.24121681,0.3815292,1.087288,0.34364426,0.0,0.0,0.6830691,2.0434031,0.8114695,0.0,0.5587972,0.0,1.3677548,1.6872462,0.5071412,0.502143,1.1580662,0.0,0.0,0.0,0.0,0.0,0.9674899,0.343551,0.11934426,0.0,0.32023817,0.0,0.0,0.27799767,1.7702113,0.03635215,1.0251889,0.0,0.0,0.0,0.0,0.31592903,1.2084155,0.5678587,0.0,2.610793,0.367685,0.86774516,0.0,0.0,0.0,2.926591,0.0,0.0,0.1540868,0.5097638,0.50666964,2.1791184,0.1923225,0.00906779,0.0,0.0,1.7689428,0.8661086,1.3004984,0.0,0.0,1.3631636,0.0,0.46432725,0.0,0.06964818,1.1316545,0.18402877,0.55790436,0.0,0.6130146,1.6784123,1.3541975,0.0,0.4589657,0.6165012,0.23874478,1.827419,1.6003786,0.0,0.4166449,0.8506154,1.5205916,0.0,0.0,0.0,2.741282,1.8344513,0.0,0.21396504,1.8708235,3.0384388,0.6051382,0.21804787,0.0,0.00588219,0.0,0.71634555,1.0148796,0.642899,0.23320873,0.0,0.8236716,0
0.0,1.3559542,0.0,0.0,0.0,2.2684824,0.0,2.2339358,0.0,2.1037648,0.0,0.48311338,0.0,0.0,0.7505735,0.0,1.4579706,0.4144865,1.8255845,0.0,0.0,0.0,0.0,0.0,0.7811811,0.0,0.0,0.14609866,0.0,1.9851947,1.1327362,0.0,0.0,0.98610497,0.0,0.0,3.0021605,0.7437265,0.0,0.64102197,0.0,0.0,0.0,0.0,0.0,0.46536633,0.60027444,0.0,0.0,0.56010777,0.0,0.0,0.0,3.086197,0.52981484,1.1200286,0.0,0.0,0.3884945,0.0,0.821813,1.1485482,1.6053493,0.3295339,3.9479961,0.0,1.9763827,0.0,0.0,0.0,3.2707355,0.0,0.0,0.0,0.05025805,0.20822616,1.8228667,0.0,0.0,0.0,0.0,2.9168856,1.4676043,2.1929123,0.0,0.0,0.014274301,0.0,0.35524157,0.0,1.1256255,0.774328,0.0,1.3241814,0.0,1.0429703,2.9584384,1.8543894,0.0,0.26846772,0.89912575,0.0,4.9832177,1.9852576,0.26439068,0.047785904,1.1645712,1.8110412,0.0,0.0,0.0,2.6672342,3.471795,0.05879581,2.2832353,2.870842,3.4331841,0.0,0.0,0.0,0.0,0.0,1.4978206,1.2404824,0.0,0.0,0.0,0.3191839,0
0.0,0.0,0.0,0.16167283,0.0,0.6331534,0.16975395,0.40077192,0.0,0.8067704,0.0,0.1962709,1.286211,0.66115576,0.6197,1.2742423,1.2593418,0.82149404,0.5998198,0.71631855,0.0,0.69527215,0.0,0.04894948,0.8631873,1.3290781,1.1355711,0.0,0.0,0.2034668,1.7763684,1.2973475,1.8090571,0.0,0.0,1.1842879,1.0829557,0.9484119,0.53795785,1.2818176,0.0,0.86228853,0.0,0.0,0.0,0.27770543,0.4215875,0.7384479,0.086569354,0.0,0.39889184,1.8870916,0.0,0.38302898,1.026071,0.43410176,0.3723414,0.0,0.0,0.7202496,0.3654879,1.5532855,0.28541577,0.7925667,0.6778664,1.1097301,0.0,0.88013846,0.0,0.36648977,1.3582627,0.0,0.0,1.0485753,1.9387109,1.0476032,0.6351393,1.3636878,0.1275709,0.0,0.0,1.3077141,0.37310028,0.030016396,0.5121251,0.24262159,1.7057651,0.0,0.3678206,0.0,0.0,0.0,2.1465855,0.7265438,0.0,0.0,0.53298604,0.77395207,0.0,1.6185011,0.97864527,1.0262165,0.46312094,0.086213745,0.44479162,0.8683793,0.17041169,0.3486858,0.0,0.0,0.0,1.4693133,1.2857575,0.0,0.31247374,0.23979302,0.61239946,1.2488728,0.0,0.0,1.0227176,0.20741214,0.9561935,0.6183024,1.2293668,0.4557296,0.0,1.3192983,1
0.0,0.078333706,0.0,0.0,0.0,1.1305832,0.28385144,0.19419082,0.0,1.0004747,0.29241687,0.973012,1.1937131,0.30258888,0.35953316,0.92557704,0.89160883,0.91304964,0.6026404,1.4188265,0.0,0.5474828,0.0,0.0,0.91715044,1.5566914,1.412337,0.0,0.0,0.6180893,2.2584932,1.34135,1.8525376,0.086022034,0.0,1.1115404,1.5877103,1.066393,0.4403029,1.481176,0.0,0.31294185,0.0,0.0,0.0,0.90232944,0.4823698,0.11235599,0.203115,0.13048078,0.57474494,1.3691292,0.0,1.2106043,0.8295514,0.92362785,0.31582567,0.0,0.0,0.94777703,0.2253114,1.272661,0.1394112,0.93057114,1.7267729,0.8912493,0.08440024,1.1533134,0.0,0.27993116,1.4820946,0.0,0.0,0.7225248,1.4466097,1.2228861,1.5178127,1.3831892,0.0,0.0,0.0,1.8866228,0.3065192,0.6022467,0.27701557,0.7208231,1.60012,0.0,0.18058081,0.0,0.0,0.5955646,1.6714724,0.36286718,0.0,0.51209915,1.0342791,1.009873,0.0,1.3154655,0.97394764,0.867313,1.5976803,0.08031262,0.6746008,0.7394784,0.4992721,0.73705375,0.0,0.0,0.0,2.1599731,1.4016422,0.0,0.9534003,0.56819654,1.0151136,1.0859628,0.0,0.0,1.1548336,0.0,0.7790004,0.7600489,0.28388798,0.6492412,0.0,1.5027193,1
0.0,0.8078516,0.0,0.0,0.0,1.2779801,0.0,1.3081545,0.0,0.43171605,0.0,0.6568448,0.0,0.0,1.3356453,0.9415414,1.0365463,1.2575833,0.2735465,0.5422359,0.0,0.6768163,0.0,0.021580247,0.0,0.82948774,0.6054788,0.0,0.0,1.5787038,1.5496452,1.2145928,0.6399365,0.37343878,0.0,0.94841695,1.9374979,0.5862846,0.15684155,0.35425508,0.0,0.055895563,0.0,0.0,0.0,0.56811213,0.07862139,0.42006415,0.0,0.06289013,0.99896693,0.27246737,0.2225781,1.6719834,0.0,0.7394883,0.0,0.0,0.0,0.0,0.11573551,1.648937,0.020298358,0.06526117,1.932794,0.7469396,0.6074256,0.0,0.0,0.0,1.0866518,0.0,0.0,0.35723707,0.5144189,0.124002986,1.0531124,0.0,0.0,0.0,0.0,1.0494925,0.4116422,1.2482105,0.3115206,0.44022426,0.6595521,0.0,0.31476873,0.0,0.2325201,0.5110865,0.5163851,0.06974857,0.0,0.09917071,1.6015263,0.77419364,0.0,0.77194875,0.4313368,0.2039067,2.0520885,0.1900124,0.5199028,0.75271827,0.5890503,0.985407,0.0,0.0,0.0,1.5302956,1.8378342,0.0,1.1490793,1.5741602,1.3505365,0.19794726,0.0,0.0,0.4884519,0.12714764,0.9360069,0.20315224,0.45542666,0.0,0.0,0.47758183,0
0.0,1.7800369,0.0,0.0,0.0,3.5005188,0.0,2.6426458,0.0,2.900709,0.0,1.6442604,0.0,0.0,2.7687051,0.0,2.7873175,0.43745297,2.0118427,0.0,0.0,0.0,0.0,0.0,0.9525499,0.28356946,0.0,0.0,0.0,2.4009016,1.082748,0.2661904,0.0,1.5410793,0.0,0.107884616,4.081129,2.1912336,0.047521994,0.6977627,0.0,0.0,0.0,0.0,0.0,1.7587268,0.72006613,0.0,0.0,1.6091015,0.0,0.0,0.56599456,4.0474343,0.0,1.210547,0.0,0.0,0.3921625,0.0,0.6333145,0.705896,2.0458655,0.0,5.195563,0.0,2.4560556,0.0,0.0,0.0,4.7239757,0.0,0.0,0.0,0.0,0.0,2.6493237,0.0,0.0,0.0,0.0,3.6920059,1.4699192,2.420183,0.0,0.31376582,0.0,0.0,0.66411966,0.0,1.0292909,1.3691654,0.0,0.98396456,0.0,1.6730062,3.5317142,2.4619741,0.0,0.0,1.6400845,0.0,5.2068715,1.9179704,0.0,0.0,1.8568524,3.2685087,0.0,0.0,0.0,5.1230407,3.9754376,0.3056027,1.4345491,4.2357383,5.041793,0.0,0.26409963,0.0,0.0,0.0,0.64929515,3.118263,0.0,0.0,0.008361974,0.6571179,0
0.0,0.5205443,0.0,0.0,0.0,1.6980237,0.0093522,1.1177992,0.0,1.2588851,0.0,0.5179947,0.3488652,0.0,1.2576486,0.39571238,1.08944,0.6435429,1.1805193,0.27649942,0.0,0.0,0.0,0.0,0.25802973,0.42268723,0.95235616,0.09301977,0.0,1.2756097,1.3542302,0.74221164,0.0,0.9300305,0.0,0.2024775,1.4825813,1.2555846,0.0,0.5045918,0.0,0.13601282,0.0,0.0,0.0,0.70616853,0.59914845,0.016213737,0.0,0.10360704,0.19030017,0.1323027,0.117635734,1.633033,0.0,0.9046979,0.0,0.0,0.0,0.0,0.6007207,0.3585858,0.7248807,0.1378766,2.3063416,0.46636263,0.057386547,0.0,0.0,0.0,2.3882878,0.0,0.0,0.15599099,0.40531775,0.708923,1.4874786,0.22133237,0.0,0.0,0.0,1.2472522,0.48464495,1.0051523,0.0,0.4883475,0.8468225,0.0,0.33270124,0.0,0.0,0.37546617,0.7075962,0.30898476,0.0,0.530059,1.0762732,1.2888101,0.0,0.4721707,1.3881701,0.103048995,2.218004,0.6709541,0.80296135,0.56968665,0.6079836,0.56256497,0.0,0.0,0.0,1.8825947,1.8062752,0.0,0.4310223,1.7673217,1.7470123,0.0,0.0,0.0,0.33043706,0.028700326,0.51295376,1.3380815,0.0,0.0,0.0,0.76091033,0
0.0,1.3241534,0.0,0.0,0.0,2.586318,0.0,2.2131102,0.0,1.799824,0.0,0.5231373,0.3954929,0.0,1.1284714,0.5366985,2.052827,0.0,0.53495586,0.0,0.0,0.0,0.0,0.0,0.393822,0.516927,0.28407228,0.0,0.0,1.5468537,2.0542479,0.45254454,0.5551568,0.5626547,0.0,0.27683318,2.6749141,0.8484409,0.0,0.7425008,0.0,0.0,0.0,0.0,0.0,0.8666874,0.5286789,0.0,0.0,0.8343266,0.08487396,0.01634924,0.4286919,3.2197344,0.42815787,0.50591326,0.43785867,0.0,0.0,0.0,1.0147533,1.5835297,1.0845878,0.0,3.5788932,0.098560505,0.69949454,0.0,0.0,0.0,3.0651543,0.0,0.0,0.3296085,0.7761519,0.1795925,2.1426048,0.0,0.0,0.0,0.0,2.768759,1.2042705,1.6201026,0.0,0.68994665,1.0242709,0.0,0.29346228,0.0,0.7740976,0.84986746,0.09741688,0.6628971,0.0,0.68468016,2.8134265,1.3687115,0.0,0.32786632,0.7432761,0.14100723,2.909426,1.7002218,0.0,0.0,0.57365346,1.547839,0.0,0.0,0.0,2.7184448,3.2442727,0.0,1.967205,2.321702,2.6378763,0.0,0.0,0.0,0.0,0.0,0.92349786,1.4455469,0.0,0.0,0.0,1.2550834,0
0.0,0.515191,0.0,0.0,0.0,2.4544609,0.0,1.6167073,0.0,1.554296,0.0,0.85746074,0.42033195,0.0,1.3433164,0.13446994,1.2947981,0.41143957,0.69916487,0.0,0.0,0.0,0.0,0.0,0.2525723,0.6202996,0.24260198,0.0,0.0,1.4387634,1.4341949,0.762483,0.33808744,1.1289419,0.0,0.7287672,2.3657174,1.4929205,0.38024127,1.3255241,0.0,0.21669099,0.0,0.0,0.0,0.8032397,0.23301233,0.0,0.0,0.79096454,0.0,0.8522857,0.7008629,1.6510419,0.4975146,1.0247506,0.3543049,0.0,0.0,0.0,0.31410208,1.1548108,0.9428219,0.0,2.552376,0.3608949,0.1141243,0.0,0.015312435,0.0,2.0639088,0.0,0.0,0.10489646,1.1321955,0.28213763,1.5217295,0.0,0.0,0.0,0.0,2.2351549,1.3911852,1.5303456,0.0,0.41489202,1.2685705,0.0,0.8429649,0.0,0.42319992,0.0,0.49080807,1.060831,0.0,0.48067093,2.1506572,1.6237111,0.0,0.7734506,1.0837406,0.042701438,2.7470133,1.5114797,0.0,0.5293462,0.90199417,1.1258484,0.0,0.0,0.0,2.8899796,2.2319794,0.0,1.4819984,1.8265415,1.854337,0.12828293,0.0,0.0,0.2570455,0.0,0.10197598,1.7123108,0.0,0.0,0.0,0.88495976,0
0.0,0.46730313,0.0,0.0,0.0,1.0922452,0.6208808,0.488653,0.0,1.093186,0.0,0.6383298,0.24211755,0.0,1.037887,0.5969727,1.2761103,0.7610381,1.208396,0.0,0.0,0.08411255,0.0,0.0,0.8674854,0.38570058,0.43681273,0.0,0.0,0.6084079,1.7093976,0.44202855,0.0,1.3223974,0.0,0.32719117,0.7788602,1.2536706,0.07232228,1.1533995,0.0,0.0,0.0,0.0,0.0,0.9328554,0.68735355,0.0,0.13966502,0.51604146,0.3879705,0.032756165,0.0,1.3778481,0.28270662,0.86319065,0.14038508,0.0,0.07742406,0.19748764,0.42162076,0.4547387,0.302019,0.11469579,1.951993,0.52190447,0.3939768,0.09650448,0.0,0.0,2.1611357,0.0,0.0,0.11451463,0.581263,0.0,1.3308471,0.0,0.0,0.0,0.0,0.9521844,0.4578393,1.1853637,0.0,0.008877946,1.1473874,0.0,0.0,0.0,0.0,0.69251966,0.38049048,0.30052182,0.0,0.69222796,0.97078276,1.3833766,0.0,0.42666882,0.80752355,0.23642102,2.1081362,0.96458304,0.47418335,0.37645584,0.9153331,0.97944033,0.0,0.0,0.0,2.808697,1.5170755,0.0,0.17671962,1.3532674,2.856398,0.0,0.0,0.0,0.87439674,0.12062081,1.9261522,1.1495821,0.0,0.16671906,0.0,0.50046635,0
0.0,1.3374738,0.0,0.0,0.0,1.6851867,0.0,1.3835584,0.0,1.4390632,0.0,0.6213835,0.2983866,0.667806,1.4993522,0.0694825,0.7728494,1.0236207,1.2237705,0.08593306,0.0,0.0,0.0,0.40508273,0.4099634,0.41162327,0.86491024,0.0,0.0,1.280759,1.6559151,0.2664397,0.58049726,1.3548157,0.0,1.5494628,2.6043546,1.3030975,0.0,1.2990822,0.0,1.0252523,0.0,0.0,0.0,0.6529057,0.106963664,0.0,0.0,0.64877486,0.24675329,0.8107231,0.0,1.8857448,0.29240277,0.85770583,0.0,0.0,0.0,0.0,0.86805576,0.3662026,0.4913153,0.0,2.5562277,0.4105729,0.37765574,0.0,0.38517973,0.0,2.5213692,0.0,0.0,0.119369514,0.98114616,0.0,1.7983673,0.45221928,0.0,0.0,0.0,2.2415757,0.65543216,1.063989,0.0,0.0,0.67018527,0.0,0.0,0.0,0.15767902,0.71279025,0.65536886,0.44836658,0.0,0.56268877,1.7493955,1.0038192,0.0,0.0018136709,0.8833371,0.0,2.4167647,1.252698,0.37250742,0.46319762,0.98988765,1.1778852,0.0,0.0,0.0,2.5360854,1.8553342,0.0,1.0655973,1.8365517,2.0222244,0.18558954,0.0,0.0,0.028925935,0.0055662664,0.98926055,0.76870245,0.0,0.0,0.0,1.2200305,0
0.0,2.2266974,0.0,0.0,0.0,2.2270257,0.0,2.3537912,0.0,1.1875154,0.106286906,0.58274925,0.0,0.0,2.4103632,0.0,1.7670527,0.0,1.0859616,0.0,0.0,0.0,0.0,0.0,0.0,0.70679915,0.0,0.2481002,0.0,2.6046352,0.6030761,0.0,0.055785533,1.5595464,0.0,0.0,4.1885877,1.6611848,0.0,0.48775464,0.0,0.0,0.0,0.0,0.0,0.28160584,0.4839663,0.0,0.0,1.0744641,0.44886717,0.0,0.1361878,3.5258372,1.0600082,0.5593672,0.58208954,0.0,0.7359689,0.0,0.92837733,0.061515816,1.5348728,0.2487332,4.9197044,0.0,1.4314368,0.0,0.0,0.0,2.9627714,0.22034997,0.0,0.0,0.5121266,0.013173543,1.8931212,0.0,0.03367666,0.0,0.0,3.2752752,1.9745148,1.9166362,0.0,0.08339323,0.16639225,0.0,0.16401437,0.0,1.8607187,0.32456917,0.0,1.2771856,0.0,1.0298117,3.6297057,2.2285495,0.0,0.33740962,1.2033079,0.0,3.97001,2.1065428,0.0,0.0,1.382397,2.4404197,0.0,0.0,0.0,3.3564444,2.6693504,0.0,2.5430884,2.835841,3.953227,0.0,0.0,0.0,0.0,0.0,0.5933398,0.5033286,0.0,0.0,0.0,1.0038352,0
0.0,1.1780734,0.0,0.0,0.0,2.259174,0.0,2.4480524,0.0,1.3860618,0.0,0.0,0.0,0.0,1.3955413,0.0,2.4642084,0.39599395,1.4611609,0.0,0.0,0.07273475,0.0,0.0,0.72189724,0.770089,0.18847978,0.0,0.0,1.996465,0.99117446,0.0,0.0,1.1984708,0.0,0.0,3.8720937,0.8020497,0.0,0.98718894,0.0,1.0416896,0.0,0.0,0.0,0.39797777,0.12559393,0.0,0.0,0.0,1.0156288,0.0,0.24493256,1.977878,0.0,1.4645258,0.0,0.0,0.61693484,0.0,0.71985453,0.9118122,1.7957871,0.0,4.2070556,0.09012627,0.99984777,0.0,0.0,0.0,3.0660348,0.0,0.0,0.0,0.286538,0.0,2.078524,0.0,0.0,0.0,0.0,3.0167582,0.51362574,1.4094454,0.0,0.10856821,0.1377449,0.0,0.15675433,0.0,0.26869807,0.586569,0.0,0.80313456,0.0,1.3858912,3.605909,0.9579245,0.0,0.0,1.0556862,0.0,3.1573694,0.8743747,0.19022943,0.0,1.6139704,2.3404415,0.0,0.0,0.0,2.4222894,2.8563855,0.0,2.2717004,3.0678897,2.2789361,0.0,0.0,0.0,0.7622785,0.0,1.146989,0.33141494,0.0,0.0,0.0,0.36823544,0
0.0,0.96551543,0.0,0.0,0.0,3.6026025,0.0,2.575673,0.0,2.171111,0.0,0.7807004,0.07870673,0.0,1.4828011,0.0,1.9498514,0.0,2.3713572,0.0,0.0,0.0,0.0,0.0,0.6327611,0.0,0.38345924,0.00018868977,0.0,2.0909908,0.8973212,0.0,0.0,0.6685138,0.0,0.16087197,4.0507107,1.5889701,0.0,0.9834826,0.0,0.0,0.0,0.0,0.0,0.58367085,0.35187873,0.0,0.0,0.84431446,0.0,0.0,0.6009992,3.303629,0.0,1.2577065,0.0,0.0,0.16262038,0.0,1.1089373,0.7055526,1.6819996,0.0,5.081121,0.0,1.3651397,0.0,0.04115516,0.049724594,2.985411,0.0,0.36900887,0.0,0.5270825,0.0,1.9838355,0.0,0.0,0.0,0.0,2.980216,1.8578775,2.1802208,0.0,0.0,0.68789685,0.0,0.89890385,0.0,0.90063566,1.2830101,0.0,1.2277877,0.0,1.048678,3.8083754,1.2923087,0.0,0.0,1.2138674,0.0,4.3237963,1.9682487,0.035117887,0.0,0.8463154,2.2896996,0.0,0.0,0.0,4.873668,3.0539212,0.0,1.6071513,3.2541046,3.0034208,0.07719591,0.0,0.0,0.0,0.0,0.66989803,1.7471943,0.0,0.0,0.0,1.2104968,0
0.0,1.6280286,0.0,0.12956429,0.0,1.0958608,0.0,0.9917723,0.0,1.0103337,0.0,0.12571378,0.52164006,0.1678945,1.3358791,0.10082441,0.5640273,0.0,0.70780647,0.0,0.0,0.09381751,0.0,0.0,0.0,0.16862015,0.3301764,0.61745924,0.0,1.3890916,1.2326658,0.5156396,0.56105137,1.1556425,0.0,0.694561,2.4593132,0.6573797,0.0,0.4932685,0.0,0.0,0.0,0.0,0.04342863,0.93500394,0.6777171,0.0,0.0,0.42240512,0.4480556,0.8173694,0.0,2.6025162,0.53618425,0.28417856,0.11774169,0.0,0.0,0.12998119,0.36187345,1.2261832,0.9457144,0.35401013,2.7293115,0.5410356,0.28609025,0.006314981,0.0818677,0.10219173,1.6376177,0.023407264,0.0,0.5681511,0.62508476,0.042681776,1.6899956,0.0,0.0,0.0,0.0,1.7438527,0.75992906,1.6000669,0.0,0.0,0.75424415,0.0,0.7533426,0.0,0.14156197,0.7030196,0.2251231,0.32169655,0.0,1.1195533,2.02146,1.1294332,0.0,0.7483034,1.0728393,0.0,2.2528608,1.781861,0.24132514,0.06391768,0.8987362,1.765692,0.0,0.0,0.0,2.7687047,2.10583,0.0,1.506643,2.012667,1.9224052,0.0,0.0,0.0,0.7861323,0.100891456,0.0,1.0436203,0.14622408,0.0,0.0,0.73999053,0
0.0,0.6831797,0.0,0.080516495,0.0,0.55091035,1.0812368,1.0801686,0.96156764,0.72647035,0.086926565,0.5522134,0.012085079,0.4562474,0.8801612,0.72644717,0.78235877,1.0236847,0.14235732,1.4866219,0.0,0.98409706,0.0,0.7613835,1.4622844,1.2900208,0.84678715,0.0,0.0,0.30422255,1.6920791,1.1048661,1.2911636,0.43193844,0.0,1.20784,1.0379395,0.21317552,0.6136208,0.6192401,0.0,0.9775699,0.33283228,0.0,0.0,0.095214315,0.19745383,0.61453897,0.77900404,0.0,0.6897289,1.1825927,0.0,0.84499085,0.7537121,0.7172769,0.5876739,0.0,0.0,0.7917106,0.2882236,1.5250121,0.14816917,1.4569114,0.910877,0.77976584,0.0,0.7202977,0.0,0.0,0.9580294,0.0,0.0,0.9459753,0.9573156,0.98989385,0.38543227,0.50366443,0.1879862,0.0,0.0,1.1829841,0.0,0.4129049,0.55727303,0.96095043,1.1777018,0.0,0.0,0.0,0.0,0.09380557,0.9589073,0.12772383,0.8364292,0.20346841,0.7871336,0.770056,0.0,0.8375043,0.23228404,0.6968073,1.04037,0.66120166,0.4981636,0.8605927,0.29927245,0.0,0.0,0.0,0.0,1.500507,0.971479,0.0,0.6013706,0.7112179,1.7111282,0.2084947,0.0,0.0,0.8277378,0.6125595,1.1146245,0.0,0.7160765,0.08480491,0.0,0.86650527,1
0.0,1.198046,0.0,0.0,0.0,0.8519642,0.19126177,1.0543393,0.0,0.43288258,0.0,0.7805101,0.6521843,0.70896876,1.1090038,0.2360361,0.4457249,1.3325021,0.7519169,0.53809345,0.0,0.6014438,0.0,0.95563585,0.61420166,0.49672055,0.59245116,0.1719877,0.0,0.9030014,1.4525299,1.4047736,0.93691367,0.71801084,0.0,1.0687357,2.9565701,0.17577459,0.25004062,0.70584226,0.0,0.02011853,0.0,0.0,0.0,0.4477545,0.28831223,0.33751148,0.0,0.79948115,0.48031747,0.8779575,0.0,1.7993196,0.075436644,0.3924149,0.0,0.0,0.060630098,0.3373677,0.26906583,1.4208211,0.3841223,0.3228672,2.3984678,0.5743594,0.05102563,0.34151265,0.0,0.32250094,1.4975606,0.0,0.0,1.2637999,1.2462698,0.42348626,1.3079969,0.4770736,0.0,0.0,0.0,1.6500412,0.17520049,1.1165606,0.0,0.5942935,0.31556442,0.0,0.45301226,0.0,1.0266923,1.1374642,0.0,0.0,0.0,0.67720556,1.644203,0.82147115,0.0,0.5393486,0.7901699,0.0,2.3021142,1.6294944,0.0,0.5154132,0.16020623,1.5185977,0.0,0.0,0.0,1.8282554,1.889553,0.0,1.41429,1.2774482,1.6921188,0.51051676,0.0,0.0,1.1202258,0.22602603,0.3568903,0.0,0.65928155,0.098408476,0.0,1.0185813,0
0.0,0.74910384,0.0,0.0,0.0,2.5500574,0.10062816,1.5159382,0.0,0.88827854,0.0,0.70489234,0.34869644,0.23877582,2.372683,0.0,1.1689861,0.17636123,0.7298025,0.0,0.0,0.20874673,0.0,0.10502419,0.2165365,0.470482,0.10199325,0.35567337,0.0,1.6076397,1.1244904,0.81156546,0.4298335,0.94582206,0.0,0.040573068,2.7705965,1.3915263,0.0,0.7557516,0.0,0.0,0.0,0.0,0.0,1.1257404,0.4968172,0.0,0.0,1.2041444,0.0,0.0,0.0,2.9451442,0.0,0.9746442,0.0,0.0,0.0,0.0,1.1347125,1.628651,1.18358,0.0,3.699937,0.21806751,1.9647362,0.0,0.0,0.0,2.4755287,0.0,0.0,0.7368288,0.12457907,0.0,1.1969581,0.0,0.0,0.0,0.0,3.0085835,1.3248215,2.7903717,0.077007,0.22870596,0.7259202,0.0,0.509735,0.0,1.1369964,1.26881,0.0,0.65894747,0.0,1.1771472,2.5817482,1.9348813,0.0,0.053368513,1.2003942,0.17813368,4.2636814,1.6047074,0.0,0.11817974,0.7975319,1.0780863,0.0,0.0,0.0,2.7542055,2.7725472,0.0,2.3514235,2.0560584,2.7975438,0.0,0.0,0.0,0.69228846,0.0,0.7407945,1.08611,0.0,0.0,0.09322294,0.31358,0
0.0,0.0,0.0,0.4535591,0.0,0.0,0.9092578,0.0,0.0,0.8515374,0.0,0.99302864,2.0064623,0.928529,0.0,0.7143051,0.16789092,1.1895524,0.19114436,0.9480393,0.0,1.0800087,0.0,0.72227126,0.83919394,0.97881603,0.76784563,0.27796724,0.0,0.0,2.130176,1.938882,1.4929577,0.2659124,0.0,1.4741545,1.2249243,0.0,0.7575903,1.0624884,0.0,0.94072217,0.0,0.0,0.0,0.51388645,0.0,0.34818524,0.0,0.33407253,0.60591453,1.2407243,0.0,0.5179993,0.33583865,0.3237315,0.09568761,0.0,0.0,1.0938953,0.0,1.9318092,0.08052943,0.20141596,0.70072615,1.2090245,0.0,1.2352818,0.0,0.0,0.65780604,0.0,0.0,1.0907893,1.4442791,0.7410238,0.9883833,1.9016812,0.056000322,0.0,0.0,1.1509802,0.0,0.0,0.712335,0.37162343,1.6779963,0.0,0.32107776,0.0,0.20242134,0.23898976,1.6664761,0.17735158,0.0,0.0,0.0,0.8024433,0.0,1.458608,0.0077124145,0.02668525,0.18880184,0.07244129,0.56355256,0.7675435,0.0,0.41522297,0.0,0.0,0.0,0.8517269,0.9646744,0.0,0.39251906,0.41218796,0.73123443,0.892404,0.0,0.0,1.4560751,0.13663986,0.7206207,0.0,1.1662183,1.7746416,0.0,1.0767101,1
0.0,0.9392291,0.0,0.0,0.0,0.7118786,0.3868701,0.8005843,0.0,0.6961248,0.1026475,0.34137058,0.826059,0.33673748,1.1861985,0.6622202,0.89573187,1.0960108,0.52194935,0.36243755,0.0,0.66643167,0.0,0.4887364,0.78114504,0.42667872,1.0388206,0.22834127,0.0,0.52965575,1.6422751,1.1479245,0.8972493,0.53956205,0.0,1.4080502,2.1729014,0.47232231,0.023935743,0.9401995,0.0,0.0,0.0,0.0,0.0,0.29656857,0.050300375,0.67088187,0.038932696,0.3248178,0.67844856,1.12366,0.0,1.6589068,0.21611024,0.4606655,0.27449876,0.0,0.0,0.874283,0.5013421,1.1962085,0.7157582,0.3553938,1.5045898,1.1338367,0.0,0.7412112,0.0,0.0,1.0414146,0.0,0.0,0.56246275,0.47985107,0.76033574,0.8331895,0.0,0.0,0.0,0.0,0.9564202,0.3552651,0.9656502,0.18359877,0.42844948,1.5553114,0.0,0.43632492,0.0,0.0,1.0175261,0.78957903,0.36152098,0.0,0.4457962,1.2896019,1.3858862,0.0,0.61774796,0.21946798,0.29097268,2.1851184,0.86625725,0.17166181,0.4074563,0.0,0.61235476,0.0,0.0,0.0,1.7262887,1.4366366,0.0,0.40642524,0.9568093,1.4422429,0.8529196,0.0,0.0,0.7277283,0.35650975,0.29639924,0.05515793,0.8332892,0.47318688,0.0,1.248756,0
0.0,1.5417968,0.0,0.0,0.0,3.0151176,0.0,3.0969915,0.0,1.0389516,0.0,0.91500133,0.0,0.29134393,1.4225802,0.0,1.3411725,0.0,1.0272775,0.0,0.0,0.0,0.0,0.0,0.0,0.13554354,0.0,0.79354733,0.0,2.1794856,0.35915002,0.0,0.0,1.2237197,0.0,0.0,3.7809815,1.388243,0.0,0.14427853,0.0,0.0,0.0,0.0,0.0,1.0971047,1.2410128,0.0,0.0,0.73065233,0.6322605,0.0,0.0,3.9853318,0.0,0.2442429,0.19329205,0.0,0.0,0.0,0.4542453,0.66744936,2.3562713,0.0,3.791936,0.0,2.0608554,0.0,0.0,0.0,2.5033975,0.15216073,0.0,0.0,0.0,0.0,2.073059,0.0,0.0,0.0,0.0,2.505528,0.8359387,2.5649953,0.0,0.73660606,0.4049612,0.0,1.0691084,0.0,1.417961,1.2468592,0.0,0.73010445,0.0,0.9774225,3.5547178,1.0174832,0.0,0.0,1.7446884,0.0,3.8377316,0.970331,0.15596287,0.0,0.97081804,1.4100885,0.0,0.0,0.0,3.059077,3.678875,0.0,2.3512313,3.5391853,3.336189,0.0,0.0,0.0,0.37536204,0.066513576,0.9755658,0.8103333,0.0,0.0,0.0,0.44200423,0
0.0,0.7797357,0.0,0.0,0.0,1.4810389,0.0,0.61785924,0.0,0.68079424,0.22507472,1.1825786,1.4559894,0.08232611,1.0381626,0.31295687,1.0758194,0.024641894,0.9777707,0.56361055,0.0,0.0,0.0,0.27596918,0.18952397,0.75022393,0.8038045,0.22684108,0.0,1.1058406,1.8614876,0.57786834,0.5637998,0.69868624,0.0,1.1296229,2.4791033,1.1619993,0.37348306,1.3358215,0.0,0.407472,0.0,0.0,0.0,0.43172902,0.60095125,0.14175478,0.0,0.790445,1.2847941,0.72473174,0.0,1.6837702,0.5786261,1.3959495,0.05318472,0.0,0.0,0.13321579,0.0,1.3685824,0.5520845,0.0,2.2366762,0.929201,0.3353279,0.0,0.10856136,0.004837082,1.4995807,0.0,0.0,0.0,1.1696348,0.30965307,1.4355505,0.2511774,0.109557346,0.0,0.0,1.7818432,0.8505151,1.1552792,0.0,0.70024216,1.0384132,0.0,0.102495186,0.0,0.0,0.49713707,0.9417641,0.24266972,0.0,0.36133656,1.68802,0.98339957,0.0,0.44066834,0.50236887,0.0,2.2282348,0.77699625,0.41088626,0.40456703,0.17515002,1.4731022,0.0,0.0,0.0,2.2607138,1.6436121,0.0,0.91357064,1.208004,1.510459,0.49983832,0.0,0.0,0.65803975,0.0,0.38620475,1.3643062,0.0,0.14123197,0.0,1.1594337,0
0.0,0.28852084,0.0,0.0,0.0,1.8703943,0.0,1.8670778,0.0,1.633932,0.17199863,0.870009,0.6134679,0.0,0.94050246,0.0,1.5243579,0.5207408,0.76948,0.3252203,0.0,0.0,0.0,0.0,0.346892,0.9108733,0.0,0.0,0.0,0.5655173,2.0735693,1.0185839,0.3014185,1.157875,0.0,1.1134212,1.3395597,1.1617582,0.20751497,0.7933078,0.0,0.5929794,0.0,0.0,0.0,0.6593471,0.3414956,0.0,0.0,0.18961205,0.57579654,0.6650115,0.0,2.7556474,0.28619978,1.3312696,0.11702995,0.0,0.0,0.03289279,1.0607231,1.9487922,1.3291719,0.68216544,3.0359933,0.14669013,1.1643656,0.0,0.0,0.0,1.6847056,0.0,0.0,0.0,1.1083965,1.0783145,1.2212884,0.3145033,0.0,0.0,0.0,2.3779132,1.1435422,1.8245465,0.0,1.4922864,1.8131783,0.0,0.29192582,0.0,0.0,0.42896828,0.0,1.3443755,0.0,0.87059724,1.5831993,1.8912771,0.0,0.82637995,0.8443932,0.0,2.8360631,0.63110125,0.35496524,0.58304274,0.43830898,0.8536712,0.0,0.0,0.0,2.5092592,1.6832951,0.0,1.6615639,1.7516861,2.7406387,0.505997,0.0,0.0,0.28516582,0.0,1.3543121,1.0641545,0.0,0.0,0.0,0.751821,0
0.0,0.385938,0.0,0.46768823,0.0,1.5430619,0.30286437,0.74712676,0.0,1.5462492,0.0,0.41716787,0.936589,0.33228436,0.89146215,0.5803703,1.1685447,0.80798525,1.1115037,0.222004,0.0,0.0,0.0,0.17855662,0.7633649,0.34966773,0.8969542,0.29211298,0.0,1.1266943,1.3695424,0.6134814,0.8575295,0.5924125,0.0,1.1077262,2.1104836,1.0904945,0.16022308,1.039098,0.0,0.22523502,0.0,0.0,0.0,1.0597824,0.6577691,0.38023823,0.0,0.0,0.9213915,1.0073079,0.0,1.3348731,0.2957891,0.9473718,0.0,0.0,0.0,0.49227977,0.3911498,0.87902045,0.6746932,0.3171152,2.1613383,0.45495903,0.063002825,0.41091698,0.0,0.4147182,2.0356426,0.0,0.0,0.35866323,1.59006,0.72679526,1.6095397,0.7144157,0.09025726,0.0,0.0,1.6961122,0.2472748,0.54277134,0.0684996,0.33701658,1.5706662,0.0,0.41897097,0.0,0.0,0.39346898,0.7303612,0.6187701,0.0,0.69155425,1.52619,1.41256,0.0,0.6420615,1.462434,0.0,1.9002304,1.1954769,0.4649038,0.3542952,0.39077398,0.82859313,0.0,0.0,0.0,1.9776335,1.5476737,0.0,0.6703524,1.3018806,1.3030573,0.5111889,0.0,0.0,1.092484,0.0,0.76590264,1.1901988,0.33888343,0.047156706,0.0,0.94403017,0
0.0,1.1901864,0.0,0.0,0.0,1.4069486,0.0,1.4339964,0.0,1.5496329,0.0,0.83199215,0.1773292,0.21403964,1.672608,0.11300879,1.1598221,0.87018967,1.5201749,0.0,0.0,0.0,0.0,0.09288439,0.18493785,0.31146345,0.23523845,0.56624967,0.0,1.1001921,1.5399127,0.6205264,0.0,1.1956767,0.0,0.7548621,2.681028,1.2170904,0.0,1.3133043,0.0,0.18661392,0.0,0.0,0.0,0.23245692,0.40266818,0.17803201,0.0,1.0720757,0.69061863,0.0,0.0,2.025949,0.47758913,0.9282319,0.0,0.0,0.0,0.25809377,0.69412285,0.764314,0.583149,0.042269185,2.5759745,0.30598947,0.81033653,0.07234726,0.0,0.5000516,2.4224005,0.0,0.0,0.20286563,0.6042508,0.3063848,1.5703956,0.0,0.0,0.0,0.0,1.7029666,0.61373776,0.98507154,0.0,0.28933445,0.73517793,0.0,0.14033033,0.0,0.0,0.5537995,0.53748745,0.0,0.0,0.44624928,2.0334136,1.2769741,0.0,0.32636115,0.7930729,0.0,2.6478612,1.3354523,0.22199614,0.82252973,0.25362337,1.504035,0.0,0.0,0.0,2.231073,1.8892831,0.0,1.0921007,1.7071109,2.8986025,0.0,0.04905046,0.0,0.4841779,0.08735749,0.70513064,1.3794764,0.0,0.0,0.0,0.9115325,0
0.0,2.237589,0.0,0.0,0.0,2.309839,0.0,2.9122996,0.0,0.7267224,0.0,0.5376108,0.0,0.3594994,2.3029745,0.15678765,1.3643363,0.0,0.84376144,0.0,0.0,0.44535092,0.0,0.0,0.0,0.3071838,0.0,0.5629963,0.0,1.4279671,0.7821468,0.0,0.017188545,2.064697,0.0,0.0,3.3512561,1.5610371,0.0,0.4573213,0.0,0.0,0.0,0.0,0.62260765,1.1854606,0.51465976,0.088271745,0.18455629,0.6846356,1.0075002,0.0,0.0,3.630815,1.1172017,0.9706549,0.7022902,0.0,0.0,0.0,1.043675,1.8280822,1.5235832,0.0,3.6990721,0.0,2.1262403,0.0,0.0,0.3677815,2.384288,0.43939653,0.0,0.0,0.0,0.0,1.1471138,0.0,0.0,0.0,0.0,2.2711172,1.8589437,2.2863233,0.22009124,1.2334511,0.46701357,0.0,0.028817365,0.0,1.4881482,1.1303562,0.0,1.42566,0.08450243,0.64946055,3.5579221,1.284446,0.0,0.0,1.7932246,0.0,3.7674944,1.4851886,0.0,0.0,0.41270003,1.348067,0.0,0.0,0.0,2.4377947,2.3735256,0.33358878,3.3917952,2.9859688,2.7197504,0.0,0.0,0.0,0.91677916,0.0,1.0429977,0.4587868,0.0,0.0,0.0,0.0,0
0.0,1.532823,0.0,0.0,0.0,3.0738616,0.0,2.4591591,0.0,2.472776,0.0,1.0988811,0.0,0.0,2.008055,0.0,2.220268,0.0,1.0102265,0.0,0.0,0.0,0.0,0.0,0.0,0.7815771,0.0,0.19964568,0.0,2.48419,0.3212748,0.0,0.0,1.6699315,0.0,0.08714603,4.6899295,1.7507842,0.0,0.76316154,0.0,0.0,0.0,0.0,0.0,1.2681519,0.0493277,0.0,0.0,0.7601593,0.0,0.0,0.7057263,2.520329,0.0,0.34521934,0.5245905,0.0,0.2923672,0.0,0.28762898,1.2851104,2.1234329,0.0,5.2063055,0.0,1.6767929,0.0,0.0,0.0,3.49486,0.0,0.0,0.0,0.34561005,0.0,1.9137737,0.0,0.0,0.0,0.0,3.1509268,2.4013596,1.8692671,0.0,0.0,0.029324466,0.0,0.28634974,0.0,1.2092938,0.93070465,0.0,1.0240651,0.0,1.9177104,3.7918127,2.2420561,0.0,0.0,1.1559064,0.0,3.8093417,3.1769338,0.0,0.051855173,1.9462864,2.3396764,0.0,0.0,0.0,3.5481236,3.5756564,0.0,2.0874832,3.6686056,4.728241,0.0,0.051998325,0.0,0.0,0.0,0.49216056,1.3625464,0.0,0.0,0.0,0.11690329,0
0.0,1.1205524,0.0,0.0,0.0,2.9055355,0.0,1.8617935,0.0,2.2146032,0.0038071112,1.2314293,0.25232607,0.0,1.9592158,0.0,1.9986157,0.0,1.9534378,0.0,0.0,0.0,0.024334911,0.20462185,1.6529324,0.68882006,0.0,0.25410673,0.0,2.328277,0.9417248,0.0,0.0,1.329754,0.0,0.0,3.3245099,1.1879647,0.0,1.4092747,0.0,0.0,0.0,0.0,0.0,1.3384725,0.5992965,0.0,0.0,1.8182158,0.4425714,0.0,0.6920214,3.4056969,0.563639,1.5629765,0.3053725,0.0,0.46625778,0.0,0.60660326,1.3702677,2.0250058,0.0,4.3085427,0.0,2.3668613,0.0,0.0,0.0,3.5575902,0.0,0.0,0.0,0.17383684,0.05160635,2.0900083,0.0,0.0,0.0,0.0,4.02441,1.848786,2.0371933,0.0,0.74660593,0.8775393,0.0,1.6211594,0.0,0.87511355,0.6292121,0.13654661,1.6772298,0.0,1.6505389,3.578067,1.8599362,0.0,0.0,0.9139118,0.0,4.07638,1.7695531,0.0,0.0,1.3912147,2.8682804,0.0,0.0,0.0,3.7673965,4.0041404,0.0,2.0214934,3.3355181,3.501382,0.0,0.0,0.0,0.0,0.0,1.258904,1.3581558,0.0,0.0,0.0,0.7013615,0
0.0,0.0,0.0,0.23135237,0.0,0.47686544,0.2719639,0.024934778,0.0,0.40912426,0.0,0.670375,1.1283475,0.22435103,0.0,0.9354196,0.63984734,0.7770705,0.5592551,0.41018954,0.0,0.4582709,0.0,0.0,0.6748988,0.9534656,0.7801532,0.0,0.0,0.67440814,1.5893266,0.9955514,1.5514897,0.4129905,0.0,1.3639296,1.0376278,0.49144527,0.23460485,0.71586126,0.0,0.52939445,0.0,0.0,0.0,0.64034885,0.0,0.4106035,0.0,0.0,0.3612402,1.1765544,0.0,0.74745077,0.14534044,0.36019176,0.18539207,0.0,0.0,0.38863486,0.06106295,1.0972431,0.6685384,0.5545756,0.8309159,0.8746872,0.0,0.61725754,0.0,0.10427834,0.7878434,0.0,0.0,0.9736939,1.483504,0.676737,0.55952775,1.4283829,0.0,0.0,0.0,0.9274821,0.42960978,0.2640278,0.051414274,0.4420475,1.0585743,0.0,0.6609541,0.0,0.23850182,0.0,1.4648638,0.49949467,0.0,0.0009685829,0.5643516,0.5427825,0.0,1.4281046,0.6346705,0.7112416,1.1550524,0.39685574,0.56837076,0.6731995,0.29493922,0.67713916,0.0,0.0,0.0,1.2866126,1.0265127,0.0,0.005947181,0.42313567,0.32793066,1.0331059,0.0,0.0,0.8539689,0.0,1.0858952,0.63682765,0.78865343,0.69885564,0.0,1.2373177,1
0.0,0.59011024,0.0,0.0,0.0,1.9598564,0.0,1.5313002,0.0,1.9209766,0.43530297,0.545018,0.5527307,0.52539855,1.3839375,0.26615244,1.1452178,0.6030252,0.0,0.38847518,0.0,0.0,0.0,0.0,0.79879344,1.0364488,0.0004853421,0.0,0.0,1.2843283,1.5100899,0.85724896,0.61767745,0.4051575,0.0,0.5484666,2.9069006,1.4996498,0.9352544,0.39383388,0.0,0.43298054,0.3625568,0.0,0.0,1.212839,0.3664059,0.543102,0.0,0.9198758,0.3019663,0.17304264,0.0,2.5455287,0.77014184,1.5323852,0.1369792,0.0,0.0,0.21580017,1.255317,2.2301655,1.6782368,0.9966763,3.3113885,0.5459646,1.113589,0.0,0.0,0.0,1.2123834,0.0,0.0,0.06436037,0.8867221,0.7820295,0.9739555,0.63358897,0.0,0.0,0.0,2.9616368,1.493562,2.467558,0.3554728,0.81550336,1.4827746,0.0,0.5419103,0.0,0.14490141,0.7995966,0.33540297,0.8726394,0.36603692,1.368386,3.006506,2.3509214,0.0,0.27148408,0.7329313,0.0,3.4243746,1.7148441,0.24755909,0.53908724,0.35540995,1.3070432,0.0,0.0,0.0,2.0317032,1.8175653,0.0,2.1649241,2.0481086,3.533181,0.7016148,0.0,0.0,1.1905688,0.0,0.71250707,1.5162953,0.0,0.15777166,0.0,0.5318228,0
0.0,0.9318915,0.0,0.0,0.0,1.9496073,0.0,2.1868098,0.0,1.6567807,0.0,0.6322996,0.0,0.0,0.41738278,0.16177447,0.67376614,0.70899934,0.97712076,0.0,0.0,0.0,0.0,0.0,0.53500986,0.0853837,0.3111661,0.3817166,0.0,1.2604502,1.049692,0.08406335,0.28952256,1.658263,0.0,0.50264734,2.1804574,0.97456926,0.09586303,0.9072006,0.0,0.0,0.0,0.0,0.0,0.42636976,0.45348045,0.08204933,0.010751232,0.6566208,0.3157347,0.0,0.0,1.9992197,0.122812755,0.5651916,0.12317729,0.0,0.08952522,0.15355305,0.7150058,0.6628364,1.0483768,0.4585385,2.2118063,0.0,0.9307947,0.0,0.10288195,0.09971951,1.7910875,0.0,0.0,0.0,0.1128621,0.0636178,0.8256006,0.09848818,0.0,0.0,0.0,1.8449473,0.88209105,1.5862178,0.0,1.2767617,1.5517542,0.0,0.8257088,0.0,0.5950369,0.503428,0.80459726,0.99036294,0.0,0.92158806,2.670381,0.7401664,0.0,0.609309,0.8668979,0.0,2.7329412,1.1075253,0.031595908,0.6987159,1.1178505,0.9463686,0.0,0.0840168,0.0,2.5316956,2.2860003,0.0,1.5528266,2.4780831,2.960642,0.0,0.0,0.0,0.0,0.0,0.5792314,1.056229,0.0,0.0,0.0,0.4460973,0
0.0,0.8511905,0.0,0.0,0.0,1.6149136,0.0,1.882643,0.0,1.5539964,0.0,1.1468784,0.38929743,0.0,2.04607,0.0,0.99346834,0.8727205,0.74600744,0.0,0.0,0.13247848,0.0,0.0,0.0,0.46554738,0.43042454,0.0,0.0,1.6965824,1.1146812,1.1240283,0.0,1.0020826,0.0,0.7326912,3.0925555,1.3897411,0.0,1.6506287,0.0,0.0,0.0,0.0,0.0,0.14473028,0.42594388,0.0,0.0,0.7244696,0.4048911,0.0,0.0,2.3844335,0.0,1.2279928,0.13754426,0.0,0.0,0.0,0.8009724,1.0864596,1.2311645,0.0,2.6294606,0.0,1.7540579,0.0,0.0,0.0,1.7776699,0.0,0.0,0.0,0.12834872,0.028438404,1.3509827,0.0,0.0,0.0,0.0,2.2096379,0.43270978,1.3235193,0.0,0.6935739,0.7991976,0.0,0.15089232,0.0,0.562607,0.8181521,0.18604739,0.6797069,0.0,0.93534195,1.8255869,1.226753,0.0,0.0,1.0922841,0.0,2.8370469,0.78154284,0.4076413,0.3000807,0.44831088,1.4311321,0.0,0.0,0.0,2.2952428,2.3326676,0.27012822,2.0483425,2.0651555,3.0039835,0.15847671,0.0,0.0,0.36921215,0.09570686,0.35248005,1.0412763,0.0,0.0,0.0,0.49432236,0
0.0,1.5111245,0.0,0.0,0.0,1.9825846,0.18262194,1.9367086,0.0,1.1939471,0.0,0.3312087,0.0,0.0,1.5354302,0.086580075,1.574119,0.14406618,1.4353795,0.010405487,0.0,0.0,0.0,0.09691149,0.39343604,0.2866861,0.22507767,0.4491413,0.0,2.0382218,0.9890381,0.30029607,0.13377535,1.4950984,0.0,0.2750001,3.4938092,1.4174838,0.0,0.47725904,0.0,0.0,0.0,0.0,0.0,0.5411803,0.5580995,0.0,0.45456675,1.0078391,0.82001996,0.0,0.0,2.3995168,0.57069296,0.8389992,0.3631052,0.0,0.1775528,0.22047791,0.42389667,0.751259,1.3970978,0.5275622,3.4320512,0.41323304,1.2062495,0.0,0.0,0.32384986,2.0765002,0.0,0.0,0.0,0.15724342,0.0,1.0725048,0.0,0.0,0.0,0.0,2.106798,0.86428136,1.3357939,0.0,0.5187519,0.8832057,0.0,0.787905,0.0,0.15112114,0.5421793,0.0,0.8002486,0.15212137,1.4071041,2.4576414,1.7089179,0.0,0.4073595,1.0644408,0.0,3.6155884,1.5068448,0.2650768,0.10316932,0.36209726,1.3188566,0.0,0.0,0.0,2.951794,2.8611062,0.09058876,1.844046,1.8255749,2.650761,0.0,0.0,0.0,0.4166779,0.0,0.93833804,1.1719184,0.0,0.0,0.0,0.66604656,0
0.0,1.2678231,0.0,0.0,0.0,1.4495431,0.059720516,1.3812646,0.0,0.9283059,0.0,0.33972353,0.4698307,0.54694784,0.9333609,0.3095904,0.909657,0.5787888,0.48968711,0.0,0.0,0.051714994,0.0,0.33532017,0.3482498,0.073773876,0.081928924,0.66201144,0.0,1.2318474,1.0704148,0.45061734,0.6109433,1.1792399,0.0,1.03738,2.3522148,0.54916626,0.0,1.0989609,0.0,0.42371237,0.023760835,0.0,0.0,0.7817688,0.38161537,0.06767172,0.0,0.36659807,0.0,0.5693348,0.0,2.2701542,0.02758511,0.0,0.0,0.0,0.47481257,0.0,0.3212285,0.5932315,0.90351856,0.43776712,2.1718104,0.6208033,0.56416076,0.307456,0.0,0.5704888,1.8968381,0.0,0.0,0.049056,0.51291424,0.3727537,1.5830884,0.0,0.0,0.0,0.0,1.5481055,0.56111455,1.5097133,0.049909703,0.346868,0.954648,0.0,0.15935194,0.0,0.33085006,0.0,0.20389378,0.13728093,0.0,0.43676966,1.6972525,0.54981416,0.0,0.73310596,0.78084105,0.14526479,2.104536,1.8871927,0.08284221,0.40037537,0.3546447,1.1542817,0.0,0.0,0.0,2.0658948,1.8223764,0.0,1.236449,1.5033435,2.5417757,0.014721644,0.0,0.0,0.7651328,0.20088403,0.55632,0.87884104,0.0,0.0,0.0,0.4777486,0
0.0,1.4458964,0.0,0.0,0.0,2.024792,0.0,1.5834645,0.0,1.3717024,0.0,0.55508536,0.0,0.28732294,1.4672215,0.0,1.3932686,0.0,1.6914777,0.0,0.0,0.0,0.0,0.0,0.0,1.0423338,0.27324253,0.0,0.0,1.7340813,0.95206285,0.0,0.0,0.84961814,0.0,0.0,3.6449857,1.5345466,0.24205412,0.9530963,0.0,0.0,0.0,0.0,0.0,0.7529576,0.33063036,0.0,0.0,0.8442943,0.24850355,0.0,0.5472997,2.0050778,0.2590024,0.9364921,0.41468304,0.0,0.00816094,0.0,0.838466,0.5483274,1.2509072,0.41072148,3.947808,0.0,1.2349701,0.0,0.0,0.19851528,2.5020463,0.35237622,0.0,0.0,0.56852037,0.7025671,1.6579366,0.0,0.8607213,0.0,0.0,2.4971082,0.78458273,1.6466974,0.0,0.53595203,0.747069,0.0,0.92371464,0.0,0.78096753,0.503354,0.058052868,0.6327919,0.0,1.0431535,2.9498527,0.084834106,0.0,0.27927718,0.9179761,0.0,3.4680135,1.6030159,0.03733536,0.043119725,0.9969609,1.546256,0.0,0.0,0.0,3.2739267,2.6589947,0.0,1.9785161,2.5368426,3.3340583,0.0,0.0,0.0,0.5668312,0.0,0.9577083,0.8460096,0.0,0.0,0.0,0.5705471,0
0.0,0.0,0.0,0.0,0.0,1.8572556,0.0,1.7031637,0.0,1.7284837,0.0,0.78350365,0.0,0.0,1.6187584,0.3345456,2.163928,0.0,1.5192599,0.0,0.0,0.0,0.0,0.0,0.5199007,0.0,0.0,0.0,0.0,1.3230462,1.753166,0.0,0.0,1.0007943,0.0,0.37128997,2.7025108,1.3987426,0.0,0.89217305,0.0,0.0,0.0,0.0,0.0,0.92115736,0.7454144,0.0,0.0,1.7803295,0.0,0.0,0.0,2.673125,0.1269113,1.7955061,0.074031025,0.0,0.0,0.0,0.7419166,0.5889831,1.446522,0.0,3.7211745,0.0,1.471811,0.0,0.0,0.0,3.3402612,0.0,0.0,0.0,0.6923353,0.8464845,1.9677908,0.0,0.0,0.0,0.0,3.0020533,1.5266006,1.6096714,0.0,0.69313765,0.5766076,0.0,0.10046982,0.0,0.65153825,1.2434869,0.0,1.2301391,0.0,0.75866747,2.0463982,1.6579555,0.0,0.0,0.5737599,0.17972563,3.5667083,1.2087555,0.36229324,0.8958173,1.402737,1.2262322,0.0,0.0,0.0,3.2697084,2.8893564,0.0,0.4088965,2.0839643,3.772246,0.0,0.5675317,0.0,0.044367813,0.0,1.1333171,1.9156363,0.0,0.0,0.0,0.46417254,0
0.0,1.1149956,0.0,0.0,0.0,1.8047233,0.2347186,2.1319351,0.0,1.3953519,0.0,0.4838083,0.13174772,0.0,1.5312469,0.30901134,1.2773944,0.33997014,1.182493,0.0,0.0,0.0,0.0,0.0,0.31144637,0.12390794,0.0,0.5626181,0.0,1.3967302,1.7145998,0.7705902,0.32933033,1.026567,0.0,0.6228817,3.2779944,0.61860263,0.0,0.4506008,0.0,0.0,0.0,0.0,0.0,0.54919547,0.7560793,0.0,0.0,0.77488846,0.48781163,0.39556584,0.0,2.430706,0.0,0.69692844,0.09371665,0.0,0.0,0.12440646,1.0846655,1.6325388,1.7303138,0.12259172,2.9803505,0.45136437,0.78133345,0.0,0.0,0.0,2.0641463,0.0,0.0,0.17049298,0.1198369,0.5643104,1.4574466,0.0,0.0,0.0,0.0,2.267255,0.4280966,1.578605,0.0,0.450125,0.7554763,0.0,0.79239875,0.0,0.5048724,0.44960266,0.0,1.5589119,0.0,1.1593264,2.267221,1.3809577,0.0,0.18889397,1.2431843,0.0,3.5284388,1.6197219,0.0,0.44128847,0.1936909,1.2914425,0.0,0.0,0.0,2.2857113,2.8088655,0.0,2.041589,2.2143583,2.398078,0.025669483,0.0,0.0,0.44100446,0.115700625,0.7449151,1.1449465,0.0,0.0,0.0,0.9925629,0
0.0,0.710349,0.0,0.0,0.0,1.8092052,0.0,1.0480663,0.0,1.6078417,0.0,1.0509714,0.316623,0.42626747,1.1068896,0.17572953,1.334015,0.6664091,1.078614,0.0,0.0,0.35654265,0.0,0.43338692,0.9801699,0.49166214,0.5205899,0.025773685,0.0,1.2080364,1.757155,0.84443283,0.0,0.69845,0.0,0.5657267,2.6277065,1.0167432,0.036882535,1.7324327,0.0,0.7869495,0.0,0.0,0.0,1.2042958,0.61305356,0.0,0.0,0.37966743,0.84896755,0.5931827,0.0,1.9603852,0.23188755,0.7118384,0.1172013,0.0,0.058412004,0.0,0.8409553,0.57871604,0.5879839,0.0,2.4583821,0.81047857,0.62627995,0.0,0.0,0.0,3.031071,0.0,0.0,0.122610725,1.1995425,0.008498959,1.5414059,0.0,0.0,0.0,0.0,2.5860763,0.4947359,0.8526851,0.0,0.22515447,1.1153483,0.0,0.13536905,0.0,0.819238,0.92793214,0.5568634,0.4944549,0.0,0.29804993,1.5914826,2.0553758,0.0,0.20819719,1.138145,0.16961262,2.86158,1.0972252,0.30100867,0.38133284,0.8908067,1.5323325,0.0,0.0,0.0,2.1733007,1.9600666,0.0,0.7690538,1.7209246,2.3604622,0.0,0.0,0.0,0.8707903,0.43117547,0.6514129,1.1204369,0.0,0.10165076,0.0,0.8312763,0
0.0,1.3033464,0.0,0.0,0.0,2.0837762,0.0,1.5630585,0.0,0.3831438,0.0,0.0087063415,0.64997214,0.0,0.81583154,0.0,1.0189766,0.007513307,0.98298806,0.07599489,0.0,0.19878875,0.0,0.2935945,0.22767764,0.3458249,0.0,0.5549548,0.0,1.2617259,0.9471836,0.22394556,0.17775634,0.33236498,0.0,0.0,3.12392,0.6860975,0.0,0.9275373,0.0,0.0,0.08768173,0.0,0.0,0.8784956,0.9590353,0.0,0.0,1.497946,0.025508389,0.0,0.0,3.5016294,0.56970626,0.30115947,0.4315811,0.0,0.0,0.0,0.058660697,1.258198,1.014537,0.12650663,3.3650284,0.1086468,1.852831,0.0,0.0,0.60471606,1.7249297,0.0,0.0,1.0655758,0.0,0.0,1.4574548,0.0,0.023204505,0.0,0.0,2.5473263,1.504197,1.9787847,0.02528555,0.16575713,1.1962951,0.0,0.69458115,0.0,1.1292584,1.2611408,0.11677213,1.079512,0.0,1.4476091,2.3879328,1.1702043,0.0,0.36995295,0.7537442,0.0,3.4806483,2.0130417,0.0,0.0,0.0,1.7205261,0.0,0.0,0.0,1.997157,3.7349432,0.029244086,1.9771504,2.34239,2.0559168,0.3930557,0.0,0.0,0.81708866,0.041164164,1.124951,0.74471056,0.0,0.3463947,0.0,0.54631037,0
0.0,0.907672,0.0,0.0,0.0,2.5163486,0.0,1.6782061,0.0,1.6368983,0.0,0.253666,0.0,0.76297987,1.6668338,0.49867672,1.8690784,0.78414947,0.4652768,0.0,0.0,0.57665867,0.0,0.15631485,1.2987597,0.9203169,0.0,0.0,0.0,1.2121354,1.439428,0.26277894,0.17141408,0.98223275,0.0,1.0804949,3.2402773,1.391557,0.039507538,0.8928741,0.0,1.2995623,0.0,0.0,0.0,1.0438852,0.55527216,0.39152262,0.0,0.0,0.07577108,0.5180886,0.08091676,2.4370303,0.26708975,1.0330589,0.4174116,0.0,0.0,0.0,1.714601,0.22514187,0.8584466,0.0,2.8298273,0.0,0.42039287,0.0,0.0,0.0,3.4508483,0.0,0.0,0.0,1.0670758,0.12073865,1.3348143,0.0,0.0,0.0,0.0,2.4740968,1.0930855,0.9395057,0.0,0.119224206,0.88202137,0.0,0.0,0.0,1.029183,1.195751,0.43006977,0.6864458,0.0,0.8951434,2.6711607,1.6897713,0.0,0.21038967,1.95998,0.3228158,3.318606,0.95870787,0.4193409,0.91433567,1.7548425,2.2229562,0.0,0.0,0.0,3.0106983,2.0823557,0.0,1.1050847,2.9746518,3.0407345,0.0,0.0,0.0,0.7599158,0.2102599,1.1935059,0.8745212,0.0,0.0,0.0,1.2366302,0
0.0,0.6843714,0.0,0.0,0.0,2.7959766,0.0,1.937503,0.0,1.2823234,0.0,0.31760257,0.0,0.0,1.7148755,0.0,2.2396426,0.0,1.0266981,0.0,0.0,0.0,0.0,0.0819394,0.8581827,0.0,0.45347723,0.0,0.0,2.5015583,1.0114563,0.0,0.0,0.67836803,0.0,0.2879613,2.8892255,1.0042577,0.08790177,0.41831714,0.0,0.36340216,0.0,0.0,0.0,0.64399445,0.3607271,0.0,0.0,0.0,0.14591204,0.52289623,0.45955488,2.359312,0.0,0.7082901,0.0,0.0,0.08962193,0.0,0.81924325,0.8242484,0.81622607,0.213892,3.9050493,0.80433136,0.5764985,0.0,0.0,0.0,2.557058,0.07240453,0.2768942,0.0,0.0,0.0,1.934668,0.0,0.0,0.0,0.0,2.1005507,0.5777449,2.2421465,0.0,0.0,0.49893266,0.0,0.056029133,0.0,0.26404148,0.6869408,0.0,1.380486,0.0,0.36167985,2.9012964,1.265064,0.0,0.0945219,1.548054,0.0,3.6382058,1.0380963,0.083726905,0.12662877,0.6284835,1.3127805,0.0,0.0,0.0,3.4467607,2.4408937,0.0,1.0908014,2.1792464,1.8263581,0.0,0.0,0.0,0.0026322543,0.0,0.7488041,0.8095079,0.0,0.0,0.0,0.7727745,0
0.0,0.87137026,0.0,0.0,0.0,2.4727564,0.0,1.3756651,0.0,1.289358,0.0,0.0,0.0,0.0,1.5877234,0.081504725,1.3042241,0.0,1.3907493,0.0,0.0,0.0,0.0,0.0,0.2279567,0.0,0.0,0.0,0.0,1.6167543,0.99987364,0.0,0.72956383,0.6238064,0.0,1.155144,2.9896088,1.45592,0.15716387,0.394636,0.0,0.4775176,0.0,0.0,0.0,0.29606816,0.78866917,0.0,0.0,0.16478689,0.42906642,0.36636755,0.444996,1.7209431,0.3229067,0.34361038,0.021784257,0.0,0.0,0.0,0.9501892,0.97914743,0.74267656,0.0,2.2594616,0.248244,0.27800292,0.0,0.3421739,0.0,2.9375708,0.0,0.0,0.0,0.97771853,0.1882904,1.4838673,0.050190683,0.0,0.0,0.0,1.9564542,0.99809897,1.7672782,0.0,0.3245538,0.86269,0.0,0.0,0.0,0.18426426,0.20338863,0.04732141,1.2660388,0.0,0.63698655,1.6799208,1.8107253,0.0,0.41615668,1.323401,0.0,2.6568816,0.81789875,0.39296475,0.4030523,1.3102305,1.3570014,0.0,0.0,0.0,2.6867416,1.7802566,0.0,0.7335762,1.7572585,2.1509924,0.0,0.0,0.0,0.0,0.0,0.12711206,1.6086041,0.0,0.0,0.0,0.3766913,0
0.0,1.029831,0.0,0.0,0.0,2.6168296,0.0,1.4549407,0.0,1.690571,0.12262292,0.0,0.0,0.25678974,1.2022973,0.0,1.1944458,0.0,0.8958319,0.0,0.0,0.0,0.3673771,0.0,0.0,0.0,0.0,0.32756078,0.0,1.4385561,0.7126734,0.0,0.0,0.30286628,0.0,0.33382842,2.5353591,1.0801058,0.0,0.61341095,0.0,0.0,0.31527945,0.0,0.2944524,0.8934374,0.7527402,0.07164952,0.0,0.46786064,0.0,0.0,0.30649817,2.7890973,0.87208956,0.6076643,0.0,0.0,0.0,0.0,0.73257524,1.6926044,1.6572237,0.07920467,3.1342263,0.1653201,1.2634629,0.0,0.0,0.65958416,1.8286953,0.52026325,0.0,0.0,0.36837763,0.0,0.93522066,0.4407834,0.0,0.0,0.0,2.7265587,1.1320032,2.441692,0.3882813,0.0,0.74239534,0.0,0.90398854,0.0,0.0,0.0,0.41440612,1.0164227,0.30863467,0.8934847,3.2397873,1.251311,0.0,0.14580107,0.68778527,0.35076454,2.919986,1.8944993,0.48218396,0.0,0.5876451,1.5001959,0.0,0.0,0.0,2.4099832,2.552546,0.23649108,2.3015032,2.0366614,2.4168704,0.33296582,0.0,0.0,1.1195083,0.0,0.6276444,1.1370574,0.0,0.0,0.0,0.61117876,0
0.0,0.65997404,0.0,0.0,0.0,1.0430479,0.5654378,1.5547475,0.4730788,0.74376976,0.0,0.45674154,1.0143142,0.23079875,0.9447281,0.03587239,1.0345834,0.9235016,0.6435877,0.3512316,0.0,0.26819924,0.0,0.32345837,0.7166095,0.4006337,0.6350714,0.0,0.0,1.6075503,1.6452897,0.95029277,0.54186356,0.8488442,0.0,1.2107129,2.1010168,0.39245343,0.11236906,1.1494465,0.0,0.46574602,0.0,0.0,0.0,0.0019112334,0.23480432,0.20060116,0.0,0.44063362,0.1297086,0.8557745,0.0,1.1628901,0.0,0.5924055,0.2597307,0.0,0.0,0.13533352,0.7123235,1.1098379,0.65200895,0.19537804,2.1159708,0.80089736,0.0,0.6520318,0.0,0.53014183,0.65360343,0.0,0.0,0.7331603,0.6628538,0.68936753,1.0518864,0.13526016,0.0,0.0,0.0,1.4386557,0.0,0.77739066,0.0,0.0,1.2040322,0.0,0.45335835,0.0,0.0,0.3023378,0.5849906,0.580004,0.0,0.31936675,1.3320359,0.8904316,0.0,0.6245131,1.0995854,0.0,1.968142,0.93654937,0.34093726,0.66190255,0.0,0.6927438,0.0,0.0,0.0,2.011537,1.8959898,0.0,0.7697369,1.2248051,1.1330125,0.68853056,0.0,0.0,0.4823457,0.27537823,0.31103265,0.21879426,0.53667337,0.009750798,0.0,0.89720154,0
0.0,1.0962474,0.0,0.0,0.0,3.371614,0.0,1.7295669,0.0,1.0855013,0.48165265,0.8962065,0.04874277,0.0,1.8446012,0.0,2.013961,0.29396898,1.8417243,0.0,0.0,0.0,0.0,0.0,0.5282935,0.18973552,0.0,0.0,0.0,1.6923556,1.3276982,0.0,0.5933461,1.300919,0.0,0.767212,3.0845928,1.2785176,0.75796515,0.67254674,0.0,0.0,0.0,0.0,0.0,1.3724389,0.40492752,0.0,0.0,0.66077507,0.0,0.0,0.94207203,2.6553564,0.0,0.79629153,0.0,0.0,0.19690518,0.0,0.82865244,0.9178261,0.8446986,0.0,3.6579578,0.33704972,0.61506844,0.0,0.6469145,0.0,3.8697248,0.0,0.0,0.1119568,0.37752816,0.0,1.8641267,0.0,0.0,0.0,0.0,2.588864,1.7596782,2.5248294,0.0,0.025552941,0.51076984,0.0,0.0,0.0,0.8091767,1.1714878,0.0,0.5416688,0.0,0.45564392,2.696317,2.07482,0.0,0.0,2.055324,0.13156326,3.616863,1.4205847,0.0,0.20124224,1.8795811,2.0782428,0.0,0.0,0.0,3.2607872,2.4168437,0.0,0.87564147,3.1913834,3.125483,0.0,0.0,0.0,0.0,0.0,0.11007583,2.5037372,0.0,0.0,0.0,0.17726012,0
0.0,0.676668,0.0,0.0,0.0,1.0351171,0.0,0.79227436,0.0,1.4418676,0.0,0.9403533,0.5125666,0.69890386,1.1135757,0.25043875,1.1050117,1.1575044,1.0971224,0.044598937,0.0,0.14211869,0.0,0.3590463,0.45598876,0.51560277,0.63070387,0.0,0.0,1.1714514,1.8307023,0.7354092,0.12440413,0.80484563,0.0,0.9787604,2.4660425,1.0799377,0.2554025,1.1972984,0.0,0.9359681,0.0,0.0,0.0,0.49130958,0.3602884,0.4903502,0.0,0.0,0.97027075,1.2896222,0.0,1.5083576,0.40770277,0.5441565,0.016468924,0.0,0.0,0.24920014,0.667105,0.6624277,0.17995147,0.23689747,2.069234,0.9333594,0.0,0.032452602,0.0,0.2622251,1.8754922,0.0,0.0,0.6329363,1.2081023,0.47928572,1.3027867,0.6951267,0.0,0.0,0.0,1.3181198,0.21156622,0.20489684,0.0,0.0,1.2719028,0.0,0.47759056,0.0,0.11735135,0.37496638,1.1283113,0.2561685,0.0,0.09234963,1.5520161,1.3688154,0.0,0.56615055,1.0913815,0.0922955,2.3457084,1.0057577,0.33851683,0.7122073,0.50223774,1.1682004,0.0,0.0,0.0,1.832062,1.8335317,0.0,0.4891828,1.4735528,1.0036218,0.44830188,0.0,0.0,0.9948363,0.32364348,0.6082026,0.82672286,0.4476369,0.5051124,0.0,1.0765837,0
0.0,0.4848359,0.0,0.0,0.0,2.2671812,0.0,1.9661918,0.0,1.9552307,0.0,0.46674418,0.0,0.0,0.7355427,0.0,1.211461,0.0,1.2057583,0.0,0.0,0.0,0.0,0.0,0.0,0.23333193,0.04674111,0.71426326,0.0,2.0725462,0.45875967,0.0,0.0,1.5005213,0.0,0.2039349,3.3892245,0.99633414,0.0,0.89077914,0.0,0.0,0.0,0.0,0.0,0.802936,0.4557514,0.0,0.0,0.753396,0.75243556,0.0,0.49864474,2.2933815,0.0,1.1293262,0.0,0.0,0.13047497,0.0,0.5073209,1.1097184,1.470152,0.0,3.2868822,0.0,1.1833422,0.0,0.51154727,0.0,2.4029174,0.0,0.0,0.0,0.48746085,0.0,1.5492151,0.0,0.0,0.0,0.0,2.8113039,1.3549728,1.7177962,0.0,0.18245246,0.48735926,0.0,0.7971927,0.0,0.6688177,0.7076601,0.0,0.81260705,0.0,1.4706097,2.890446,0.8781051,0.0,0.0,0.47478834,0.0,3.0372615,1.5018002,0.40530416,0.34651563,0.94902116,1.9986693,0.0,0.0,0.0,2.7317693,3.0710704,0.0,1.5695677,2.8221004,3.301413,0.00090543437,0.21896626,0.0,0.47422934,0.0,0.0,0.8928461,0.0,0.0,0.0,0.6118376,0
0.0,0.26421332,0.0,0.0,0.0,2.494618,0.0,1.2047801,0.0,1.7438741,0.0,0.8129588,0.0,0.021184612,1.2007302,0.0,1.462306,0.79505515,1.1672852,0.0,0.0,0.0,0.0,0.17075706,0.55498165,0.26075748,0.508836,0.0,0.0,0.9903341,1.4888076,0.0,0.22299814,0.71059906,0.0,0.801413,2.6808965,1.0969018,0.0,0.8243792,0.0,0.6360751,0.0,0.0,0.0,0.646021,0.74335134,0.09759248,0.0,0.17973594,0.53805894,0.70500773,0.5988428,1.637864,0.7998808,0.69267577,0.80159736,0.0,0.0,0.10389619,0.74360067,0.70209813,0.8284849,0.09931209,2.879387,0.0,0.4305831,0.0,0.010088097,0.0,2.5711892,0.0,0.0,0.0,0.5654521,0.59377176,1.4352603,0.010898108,0.0,0.0,0.0,2.1309052,1.1863124,1.1145173,0.0,0.3456611,0.9805416,0.0,0.0,0.0,0.27099058,0.5351838,0.06226462,0.97636366,0.0,0.8430081,1.7796565,1.1243705,0.0,0.70426685,1.67594,0.0,2.0520585,1.3873047,0.6149107,0.39523432,0.8912553,1.1350535,0.0,0.0,0.0,2.5639057,1.7178446,0.0,0.8388139,1.761952,2.02951,0.027737586,0.0,0.0,0.0,0.0,0.4501931,1.2313834,0.0,0.0,0.0,1.1094762,0
0.0,0.27938932,0.0,0.14482795,0.0,0.19325125,0.6508891,0.0,0.36249518,0.0,0.3082842,1.1176121,0.85781676,0.74121535,0.35156342,1.0974221,0.64867777,0.9531401,0.4184601,1.2739649,0.0,1.2700725,0.0,0.42772928,1.1724362,1.0063659,1.5322937,0.0,0.0,0.0,1.9553092,2.0353453,1.4146227,0.024021551,0.0,1.6266438,1.2315524,0.62549657,0.86732894,0.54506814,0.0,1.1954342,0.0,0.0,0.0,0.31154972,0.072292954,1.2943387,0.22281833,0.0,1.0106566,1.1841235,0.0,0.4324417,1.109927,0.25147408,0.16695525,0.0,0.0,1.6484814,0.044801984,1.9886408,0.12512885,0.2366351,0.48035443,1.3851078,0.0,1.2104186,0.0,0.22420135,0.7506765,0.0,0.0,1.3069018,1.5630552,0.81379896,0.07094429,1.1566658,0.04349217,0.0,0.0,0.41070315,0.0,0.27797905,0.76990235,0.49638763,1.3950816,0.0,0.44873014,0.0,0.08231563,0.45128205,1.3320168,0.039725397,0.5469152,0.14728542,0.029246336,0.24322018,0.0,0.83396894,0.062680766,0.7748893,0.62287587,0.22736181,0.5473086,0.69519407,0.0,0.0,0.0,0.0,0.0,0.4517146,1.1869892,0.0,0.11091218,0.0,0.11254078,1.4158348,0.073003866,0.0,1.1498656,0.43999818,1.1136183,0.0,1.1466683,0.8360091,0.0,1.2582165,1
0.0,1.3722569,0.0,0.0,0.0,2.13269,0.23046643,2.4578104,0.26689795,1.9240083,0.0,0.26758865,0.0,0.0,1.256814,0.16283847,1.1998515,0.22277579,0.02621987,0.0,0.0,0.81497085,0.0,0.0,0.043132685,0.59940904,0.0,0.0,0.0,1.378281,1.0441682,0.0,0.18843505,0.65137273,0.0,0.65892583,3.0267165,1.613078,0.11900885,0.7202752,0.0,0.0,0.0,0.0,0.19239727,0.34739727,0.23334046,0.0,0.6209596,0.50177866,0.71310556,0.0,0.0,2.4504912,0.677607,0.9621229,1.3375583,0.0,0.0,0.0,0.46930635,1.1575103,0.8294941,1.1414528,3.437724,0.47966534,0.7657428,0.0,0.1434227,0.0,1.8542566,0.024310885,0.0,0.026494898,0.0,0.0,0.90981317,0.0,0.19094874,0.0,0.0,2.2165256,1.2501764,2.1468918,0.0,0.94390684,0.5900428,0.0,0.0,0.0,1.5453719,0.0,0.090706706,1.1759536,0.1890575,1.1363899,2.3269763,1.5079913,0.0,0.8989276,0.2512096,0.0,2.940471,1.760203,0.0,0.06630616,0.7787027,1.2620713,0.0,0.0,0.0,1.9525379,1.972937,0.0,1.9781909,2.0375657,3.524103,0.0,0.0,0.0,1.3156122,0.035608295,1.1596607,0.7571621,0.0,0.0,0.0,0.5446832,0
0.0,1.0459851,0.0,0.0,0.0,1.7358336,0.6182457,0.8732196,0.0,0.9907208,0.0,1.2972019,0.8830552,0.22653043,0.9556796,0.1982185,0.62998044,2.0909834,0.39878523,0.9336715,0.0,0.58070827,0.2725473,0.1818831,1.3501493,0.9217005,0.6121077,0.0,0.0,1.553247,1.4744288,1.3411573,1.5879585,1.2945218,0.0,0.20257427,3.0485592,0.31060243,0.095461704,0.54896915,0.0,0.79298913,0.13345423,0.0,0.0,0.6848466,0.6764623,0.3378673,0.0,0.44889152,0.8838366,1.0306585,0.0,2.2184024,0.9380699,0.66672194,0.14152144,0.0,0.0,0.0,0.8019796,1.6498426,0.0,0.40327212,2.7978494,0.16415724,0.16025874,0.21257424,0.0,0.7811764,1.3726536,0.0,0.0,0.67207104,1.4252453,1.2882224,0.781792,0.8010304,0.0,0.0,0.0,1.5541177,0.78573644,1.158683,0.28675824,0.6045682,0.6654378,0.0,0.3354867,0.0,0.607345,1.0380945,0.99018097,0.41105795,0.40660602,0.4809219,1.6731042,0.95316964,0.0,1.1375325,0.13437848,0.0,2.002422,1.4980721,0.55588263,0.34238875,0.04135721,1.1712755,0.0,0.0,0.0,1.5923322,1.3769921,0.0,0.75011826,1.6993382,2.2780304,0.47826925,0.0,0.0,0.6106201,0.73608834,0.6174529,0.07390931,0.4199322,0.10407074,0.0,0.7099744,0
0.0,0.0,0.0,0.026990928,0.0,0.26566756,0.84581,0.0,0.08855418,0.8163424,0.17172424,0.5865981,1.0459331,0.5145348,0.0,1.2530082,1.0007004,0.3347731,0.11877172,0.8641217,0.0,0.56931233,0.0,1.1100475,1.163166,1.5060474,0.8706189,0.0,0.0,0.0,2.193081,1.2747632,1.0709857,0.0,0.0,1.2028644,0.7311326,0.8125337,0.2006287,0.5151949,0.0,0.91397125,0.0,0.0,0.0,0.38873523,0.22397771,0.6211129,0.051670298,0.0,0.6829393,1.2162328,0.0,0.8654931,0.89121336,0.08123306,0.27922967,0.0,0.0,0.9764349,0.16158257,1.2452024,0.0,0.93640465,0.96381706,1.6353287,0.0720609,0.5203505,0.0,0.27646726,0.31282723,0.0,0.0,1.2977653,1.3839498,0.7207832,0.5447584,0.580425,0.0,0.0,0.0,0.89002067,0.0,0.27023986,0.311665,0.4859363,1.251237,0.0,0.18497823,0.0,0.23974752,0.0,1.2511148,0.6641972,0.0,0.0,0.035434194,0.5709251,0.0,0.71496004,0.3656341,1.1809871,0.6126155,0.0,0.6734905,0.18539461,0.0,0.50150764,0.0,0.0,0.0,1.4538289,0.6788071,0.0,0.16286917,0.0,0.5400795,1.0780828,0.0,0.0,1.3528665,0.23852493,1.2071512,0.45589757,0.5629345,0.36379898,0.0,1.050046,1
0.0,0.8810447,0.0,0.0,0.0,4.298283,0.0,1.8341135,0.0,1.9738548,0.5430215,0.85967827,0.20788965,0.0,2.003156,0.0,2.4267914,0.30153129,1.1787682,0.0,0.0,0.0,0.0,0.0,0.7825077,0.07353331,0.0,0.0,0.0,1.3893301,1.5919951,0.0,0.0,0.88855517,0.0,0.5906534,3.241809,1.3330891,0.22536266,0.79172546,0.0,0.0,0.0,0.0,0.0,1.3387043,0.25258687,0.0,0.08526133,0.18640913,0.23996435,0.0,1.2218168,2.843775,0.0,1.0974354,0.0,0.0,0.0,0.0,1.0428138,0.47716194,1.7152592,0.0,3.506919,0.0,1.4409153,0.0,0.25047645,0.0,4.001152,0.0,0.0,0.0,0.5580717,0.0,1.3565198,0.0,0.0,0.0,0.0,3.2528365,1.5312439,2.4473298,0.0,0.234141,1.0591851,0.0,0.0,0.0,1.3028387,1.4858152,0.0,1.7024747,0.0,0.49397916,3.368553,2.0483902,0.0,0.0,1.7587281,0.01561193,4.0592246,1.5411396,0.3006992,0.4815003,1.7698189,2.7032065,0.0,0.046498,0.0,3.6411479,2.2124467,0.15929212,0.713404,3.2084296,4.629495,0.223802,0.0,0.0,0.0,0.0,1.1584902,3.2448652,0.0,0.0,0.0,0.5574498,0
0.0,1.632952,0.0,0.0,0.0,2.5656407,0.0,2.1990879,0.0,1.3063604,0.5089788,1.3865988,0.80902576,0.40659392,1.3076483,0.1947727,1.2623498,0.5022114,1.2535274,0.0,0.0,0.41917926,0.0,0.5083772,1.3644876,0.30433103,0.51301986,0.0,0.0,1.5256281,1.7666082,1.0780563,0.11606276,0.63206834,0.0,1.1683487,3.1889741,0.7628032,0.79390115,1.5459913,0.0,0.97532195,0.0,0.0,0.0,0.8449117,0.82710737,0.18384153,0.0,1.2173578,0.0,0.35726196,0.075134195,3.2273183,0.4317762,1.5447431,0.6729022,0.0,0.0,0.0,1.1318874,1.5638254,1.3378102,0.0,3.8668613,0.13222727,0.51801616,0.0,0.0,0.0,3.0083766,0.0,0.0,0.2460477,1.2779005,0.80368644,1.7124625,0.0,0.0,0.0,0.0,3.0500817,0.9987225,1.4601884,0.0,0.6976213,0.0,0.0,0.18255721,0.0,1.1863666,0.7204779,0.0,0.9499766,0.0,0.9760641,2.643944,1.3450136,0.0,0.31695795,1.4337573,0.0,3.1609745,1.607329,0.0,0.24332914,0.40321907,2.2661939,0.0,0.0,0.0,2.5361667,3.1903448,0.0,1.282573,2.4972553,3.088132,0.0,0.0,0.0,0.20669928,0.0,1.1174501,0.7169484,0.0,0.0,0.0,1.3832008,0
0.0,0.39183557,0.0,0.0,0.0,1.7849387,0.0,1.0397847,0.0,1.0054052,0.4977025,0.16232522,0.17107469,0.0,1.436306,0.07856572,1.3787245,0.60031897,1.3361101,0.0,0.0,0.03347197,0.0,0.0,0.95567274,0.14562972,0.03795802,0.0,0.0,0.9013831,1.5518279,0.098967284,0.39929855,0.8721984,0.0,0.73964286,2.1999478,0.9294085,0.0,0.69568264,0.0,0.0,0.0,0.0,0.0,0.60657674,0.44819903,0.017317347,0.0,0.641481,0.033182785,0.42601186,0.13013324,1.6659436,0.26078293,0.8865202,0.12362188,0.0,0.0,0.0,0.46612215,0.873758,0.68214214,0.065572366,2.6962974,0.31500393,0.29693395,0.0,0.0,0.0,2.7778337,0.0,0.0,0.3181361,0.49055752,0.0,1.7759551,0.0,0.0,0.0,0.0,2.1405656,1.3984016,1.7423983,0.0,0.34567642,0.7120079,0.0,0.0,0.0,0.57029843,0.8473097,0.0,1.0020906,0.0,0.93443286,1.6863216,1.9606344,0.0,0.3082059,0.5985518,0.0,2.6257894,1.573519,0.33488014,0.08465716,1.6101595,1.8092748,0.0,0.0,0.0,2.8366725,2.2055793,0.0,0.20142823,1.6650431,2.9618437,0.0,0.0,0.0,0.11186015,0.0,1.2485963,0.9816461,0.0,0.0,0.0,0.6122484,0
0.0,0.35830858,0.0,0.0,0.0,0.0,0.9024027,0.05357142,0.3205665,0.4051397,0.61432236,1.0429745,1.2412795,0.5068962,0.2634959,0.76825464,0.6010694,0.80569786,0.2135587,0.852038,0.0,0.93172985,0.0,0.17753786,1.1739502,0.7069614,1.4342824,0.0,0.0,0.09197795,1.6864953,1.5628232,1.2663735,0.454873,0.0,1.4530505,1.1176407,0.86541927,0.77301705,0.93276066,0.0,0.4594758,0.0,0.0,0.0,0.5971833,0.23902005,0.65384805,0.18252872,0.0,1.3357837,1.3878063,0.0,0.13307963,1.2201109,0.4731101,0.32262865,0.0,0.0,1.7644237,0.08256949,1.5378573,0.0,0.27246824,0.5370656,1.5902795,0.0,1.0303987,0.0,0.12328511,0.5826846,0.0,0.0,1.405151,1.2889832,0.45939988,0.20866834,0.6345075,0.028522491,0.0,0.0,0.46403155,0.0,0.0,0.17839824,0.20160195,1.4761107,0.0,0.31411356,0.0,0.02430986,0.0,1.6355191,0.41202408,0.0,0.0,0.035255082,0.6357502,0.0,1.1057087,0.4830179,0.43957654,0.6972356,0.0,0.69525045,0.6149344,0.14444005,0.04428585,0.0,0.0,0.0,0.9231999,0.7154313,0.0,0.3104613,0.06669651,0.35331607,1.1280135,0.0,0.04150705,1.402786,0.6451114,1.0549783,0.0,1.3002706,0.71280956,0.0,1.5704561,1
0.0,0.7695195,0.0,0.0,0.0,0.98258567,0.38632363,1.0261726,0.0,0.9663444,0.0,1.0104772,0.4979142,0.29838884,1.0182942,0.0,0.44660538,0.8152855,1.3165314,0.20906746,0.0,0.0,0.0,0.5594129,0.4444562,0.08297257,0.7499916,0.07955666,0.0,1.0007967,1.6366031,1.0626554,0.07512182,1.6106652,0.0,0.644692,2.4671361,1.1894796,0.0,1.1834483,0.0,0.74347997,0.0,0.0,0.0,0.7039772,0.5404205,0.03497926,0.0,0.47087187,0.35251904,0.41093338,0.0,1.0935819,0.12460797,0.6046441,0.322283,0.0,0.15999246,0.0,0.7280753,0.9427726,0.26956314,0.0,2.118855,0.22862445,0.0,0.0,0.072575524,0.0,2.4378355,0.0,0.0,0.0,0.9548597,0.48994857,1.441865,0.29208598,0.0,0.0,0.0,1.6108736,0.80033034,0.41289368,0.42781556,0.0,0.72021997,0.0,0.25124234,0.0,0.10815656,0.76081276,0.5146577,0.056447674,0.0,0.50893843,1.5039524,1.1954852,0.0,0.8754718,0.6670215,0.0,1.9220502,1.7261055,0.27675396,0.6127551,0.72011846,1.4469452,0.0,0.0,0.0,1.9359053,1.6725961,0.0,0.68078685,0.9788395,2.8292594,0.070927665,0.0,0.0,0.28020245,0.0,0.4048624,0.48544717,0.0,0.050366893,0.0,0.8109132,0
0.0,0.55191386,0.0,0.0,0.0,2.3719797,0.0,2.0307212,0.0,1.8172711,0.0,0.5711937,1.1049334,0.24415804,0.9627287,0.43325502,1.593771,1.322784,1.4738827,0.0,0.0,0.13829206,0.0,0.0,0.31341502,0.7613184,0.8164289,0.31201446,0.0,2.0446312,1.3846167,0.5494123,0.48676062,0.649569,0.0,0.20223114,1.9947721,1.2411027,0.65897036,0.61633694,0.0,0.0,0.0,0.0,0.0,0.8079907,0.83974767,0.099651165,0.0,0.466663,0.23596041,0.29478335,0.0,2.574752,0.0352638,1.5054337,0.32065675,0.0,0.0,0.17444149,0.38732037,1.008682,1.7088683,0.05662676,2.2560806,0.0,0.963891,0.32630476,0.0,0.0,2.4388084,0.0,0.0,0.0,1.0625396,0.96348804,0.9556873,0.5757211,0.0,0.0,0.0,2.3043706,1.6633779,1.8452839,0.39631248,1.0049447,1.7267843,0.0,0.12431262,0.0,0.0,0.21483268,1.0239426,1.7054672,0.06381044,0.66708314,2.133591,1.9537498,0.0,0.27859372,1.4864175,0.35715905,3.0356798,1.2836574,0.3201302,0.46065277,0.73919725,1.4784938,0.0,0.0,0.0,2.800141,1.6988171,0.0,1.6439348,2.2196546,2.90304,0.7916587,0.0,0.0,0.464476,0.0,1.110045,1.4768962,0.0,0.0,0.0,0.76684207,0
0.0,0.73630697,0.0,0.0,0.0,3.648439,0.31490758,2.0497708,0.03278259,1.5672593,0.8897461,0.71785134,0.0,0.0,1.7123625,0.0,1.9140952,0.112495415,0.7146158,0.0,0.0,0.2341451,0.6914253,0.0,0.74654186,1.3647887,0.0,0.0,0.0,0.4317469,1.4156997,0.0,0.32673633,0.16741194,0.0,0.62749445,2.9548442,2.1541095,0.5155444,0.22793418,0.0,0.0,0.02060006,0.0,0.0,1.8973588,0.10801634,0.0,0.71160764,0.41317743,0.19838493,0.0,0.8562746,2.461007,0.0,1.6755296,0.0,0.0,0.0,0.0,0.1946484,1.059123,1.2397585,0.0,3.5142865,0.0,1.3097202,0.0,0.0045705605,0.0,3.8061452,0.0,0.0,0.44851264,0.0,0.0,1.7299185,0.0,0.0,0.046279356,0.0,2.5914369,1.661535,1.9446604,0.0,0.7301256,0.2615378,0.0,0.12803656,0.0,1.9720542,1.4548655,0.0,0.65167654,0.0,0.9168283,3.288915,1.1524813,0.0,0.0,1.7240798,0.2767105,3.648834,1.5619153,0.0,0.0009847544,1.7390889,2.2846463,0.0,0.0,0.0,2.5793457,2.1061854,0.0,0.077400304,3.6610196,4.3872623,0.13868031,0.0,0.0,0.0,0.0,1.6487437,2.154342,0.0,0.0,0.0,0.0,0
0.0,0.5289691,0.0,0.0,0.0,2.274357,0.0,1.6238815,0.0,1.5376476,0.0,0.61573803,0.0,0.10915538,1.695293,0.0,1.1698834,0.32877478,1.1450622,0.0,0.0,0.0,0.0,0.0,0.0,0.0,0.0,0.0,0.0,1.5994902,1.2357733,0.39772007,0.16434741,0.6954356,0.0,0.18232042,2.4147248,1.5305583,0.0,1.1622387,0.0,0.0,0.12529303,0.0,0.0,1.0869389,0.41118255,0.0,0.0,1.2176461,0.09733789,0.10136132,0.0,2.7827299,0.39312506,1.493275,0.38764456,0.0,0.0,0.0,0.5622747,0.7568914,1.0450356,0.29061815,2.9020743,0.0,1.616727,0.0,0.0,0.0,2.4233458,0.0,0.0,0.0,0.63371414,0.064755045,1.6550906,0.0,0.0,0.0,0.0,2.3441868,0.4969984,1.8916882,0.0,0.5544689,1.489555,0.0,0.28116095,0.0,0.6226296,0.76123047,0.0,0.7996769,0.0,0.63632274,2.1277478,1.5156674,0.0,0.048674736,0.8995253,0.0,3.0630639,1.3088887,0.046642795,0.30763754,0.0,1.0702665,0.0,0.0,0.0,2.249405,2.5860105,0.0062008956,1.6251534,1.7067046,3.3446894,0.0,0.0,0.0,0.0,0.0,0.3113901,1.3689128,0.0,0.302393,0.0,1.2891573,0
0.0,0.0,0.0,0.044511966,0.0,1.594831,0.0,0.351112,0.0,0.78130877,0.051936828,0.4223926,1.2016846,0.2567007,0.42229035,0.939889,1.7481024,0.74461585,0.07043397,0.43145433,0.0,0.24890812,0.0,0.03991747,0.49966508,0.7697168,0.93547106,0.0,0.0,0.75957227,1.6218992,1.0718352,1.4476081,0.14093633,0.0,1.4664841,0.91040653,0.9313344,0.048191696,1.0467538,0.0,0.4249601,0.0,0.0,0.0,0.4144885,0.11900823,0.66055673,0.0,0.060597196,0.6887735,1.5877538,0.0,1.2654703,0.4347134,0.51293886,0.17815207,0.0,0.0,0.08655925,0.4452222,1.1344134,0.49240345,0.13531895,0.87230337,1.0514914,0.0,0.7183843,0.0,0.08533974,1.5601709,0.0,0.0,0.8642904,1.4095162,1.1625885,0.95719004,0.96023417,0.0,0.0,0.0,1.2258824,0.3356632,0.39001313,0.47704715,0.3002589,1.1068596,0.0,0.16566508,0.0,0.0,0.063209936,1.4574265,0.76038337,0.0,0.0,1.0966709,1.1417112,0.0,0.7492811,1.2670168,0.76061356,1.4019641,0.1460967,0.846803,0.6849478,0.30885112,0.5717513,0.0,0.0,0.0,2.0724514,1.1094569,0.0,0.5180721,0.5730768,0.7774368,0.6396436,0.0,0.0,0.5979389,0.0,0.3527043,0.70275855,0.779699,0.0,0.0,1.3771673,1
0.0,0.37114778,0.0,0.0,0.0,1.830045,0.0,1.0931708,0.0,1.2736181,0.0,0.91118544,0.64854825,0.0,1.3231784,0.27203715,1.4007653,0.21091989,0.91345346,0.0,0.0,0.09460614,0.0,0.0,0.13866645,1.0366749,0.0,0.0,0.0,0.96473455,1.2597237,0.7726199,0.55241114,0.8308654,0.0,0.9754485,2.7624686,1.0473384,0.47317374,0.6584114,0.0,0.0,0.0,0.0,0.0,0.61241037,0.5597972,0.0,0.0,0.9693507,0.14020993,0.39854094,0.0,2.3469737,0.88580817,0.8539747,0.15173341,0.0,0.0,0.0,0.83657783,2.0343754,0.96310574,0.09835131,2.7292743,0.25488365,1.1253204,0.0,0.03244342,0.0,1.7482674,0.0,0.0,0.0,0.8880762,0.14818032,1.0278107,0.0,0.0,0.0,0.0,3.146046,0.8264952,1.9484465,0.0,1.4798888,1.3120686,0.0,0.0,0.0,1.47097,0.623102,0.0,0.54359853,0.0,0.65189373,1.6431756,2.1700184,0.0,0.34038636,1.2894069,0.0,3.7308002,1.1702998,0.13251668,0.17720327,0.62707406,1.4731679,0.0,0.0,0.0,2.6213734,2.8373842,0.0,2.3557606,1.7794807,3.1130018,0.0,0.0,0.0,0.27376726,0.0,0.51110405,0.85224813,0.0,0.0,0.0,1.0238289,0
0.0,0.37993073,0.0,0.0,0.0,1.6287903,0.0,0.8844398,0.0,1.3281599,0.0007779136,0.7430497,1.3614348,0.0,1.3361467,0.57679296,1.5369844,0.58049405,0.9856226,0.0,0.0,0.19128333,0.0,0.0,0.7408501,0.68126637,1.1783222,0.0,0.0,1.7970777,1.4081607,1.252023,0.87715095,0.5202877,0.0,1.3911797,2.2505455,1.4781622,0.0,1.1916987,0.0,0.0,0.0,0.0,0.0,0.77421147,0.46016085,0.0,0.0,0.3003141,0.0,0.5592504,0.6061274,1.5928632,0.021253055,1.1619141,0.0,0.0,0.0,0.4959127,0.20700017,0.90785795,0.9391678,0.0,2.1243417,0.50187993,0.3312911,0.67837185,0.0,0.09406237,2.1893985,0.0,0.0,0.18834934,0.96788675,0.2475043,1.0349308,0.621694,0.0,0.0,0.0,2.0112689,0.9883696,1.4115089,0.0,0.34341308,1.7531368,0.0,0.26508334,0.0,0.0,0.4763238,1.4950962,1.3254037,0.0,0.1382771,1.3457589,1.7074726,0.0,0.036899272,1.1758031,0.1503027,2.4768555,0.4628277,0.5918669,0.7374035,0.41270062,1.3400338,0.0,0.0,0.0,2.482517,1.7194355,0.0,1.1226273,1.4277613,2.4938252,0.81481856,0.0,0.0,0.55230623,0.0,0.6444075,1.4631367,0.0,0.0,0.0,0.91637325,0
0.0,0.22185656,0.0,0.25116646,0.0,0.11815892,0.6166704,0.1675413,0.36176914,0.69845146,0.0,0.7168661,1.1983225,0.2631899,0.19452831,0.6590116,0.6467216,1.0452254,0.5798253,1.013401,0.0,0.4111135,0.0,0.59265596,1.1253369,0.9159791,1.3846537,0.050058674,0.0,0.23977517,2.1678278,1.4592541,1.030564,0.49769756,0.0,1.8250368,1.3383738,0.6400129,0.3761956,1.2345103,0.0,0.7483519,0.0,0.0,0.0,0.24544458,0.20238498,0.19441292,0.0,0.0,0.70993334,1.3281242,0.0,0.58203554,0.6862829,0.40277013,0.08334269,0.0,0.0,0.9919861,0.42974058,0.80410594,0.0,0.7409546,0.87900984,1.3680041,0.0,0.9543998,0.0,0.4379609,0.52530175,0.0,0.0,1.0980705,1.231576,1.0751427,0.49437478,0.7611711,0.0,0.0,0.0,0.6657692,0.0,0.3575694,0.21280414,0.0,1.5833298,0.0,0.549792,0.0,0.0,0.0,1.3249593,0.051958594,0.0,0.09782193,0.0,0.749409,0.0,1.0081106,0.60591805,0.75236785,0.9581738,0.46245664,0.3296262,0.88753307,0.0,0.19706939,0.0,0.0,0.0,1.3148404,1.0517896,0.0,0.3335421,0.13265014,0.42926136,1.0829273,0.0,0.0,1.1967672,0.2832088,0.52786285,0.13925904,0.92533785,0.54646474,0.0,1.1156417,1
0.0,0.0,0.0,0.2149344,0.0,0.26413715,0.60091144,0.19064787,0.090531096,0.25325844,0.0,0.4595716,0.79119855,0.5811248,0.078766935,0.97624844,0.051791042,0.59210664,0.0,0.7528617,0.0,0.96423656,0.0,0.80039746,0.5164142,1.0442126,1.1271776,0.0,0.0,0.10595729,1.7870532,1.1522819,1.0604284,0.0,0.0,0.92596626,1.1211824,0.5590289,0.6303485,0.5798822,0.0,0.23249796,0.0,0.0,0.0,0.56733906,0.13716277,0.6923002,0.0,0.0,0.9960112,0.98332363,0.0,0.6264574,0.32544723,0.54919016,0.18054911,0.0,0.0,0.58946365,0.0206537,1.1981088,0.0,0.68402797,0.8509262,0.9975643,0.045846,0.4964647,0.0,0.10856257,0.14028844,0.0,0.0,1.0585574,0.88873965,0.44855112,0.9466779,0.39891148,0.18323685,0.0,0.0,0.22104657,0.0,0.3455173,0.53014505,0.44369704,1.0521224,0.0,0.24542473,0.0,0.11179471,0.40128514,0.88425076,0.1282711,0.0,0.18113616,0.12096829,0.0,0.0,1.1486673,0.056855083,0.74482036,0.9679008,0.0,0.33910933,0.4180751,0.0,0.30742112,0.0,0.0,0.0,0.86947775,0.58934784,0.0,0.19560052,0.33326715,0.3087634,0.44584683,0.0,0.0,1.4358759,0.23283803,0.48247036,0.13671307,0.76616234,0.7945903,0.0,1.0662924,1
0.0,0.41613817,0.0,0.0,0.0,0.5349592,0.39241832,0.028277515,0.0,0.35348848,0.0,1.0015824,0.7542018,0.52017474,0.58125323,0.7448866,0.4853796,0.5613025,0.15768948,0.93288624,0.0,0.67556864,0.0,0.77479684,0.7659641,0.8304533,0.97969884,0.0,0.0,0.0,2.3060532,0.82047987,0.9024929,0.0,0.0,1.4397222,1.0616751,0.83021337,0.25899097,0.72808945,0.0,0.7177802,0.0,0.0,0.0,0.03694124,0.29568943,0.45679572,0.35526237,0.0,0.9315304,1.0012774,0.0,1.0635353,0.79049134,0.8520645,0.4410083,0.0,0.0,0.6961538,0.0,1.0650986,0.11100147,0.57293373,0.94566715,1.171429,0.26969686,0.6930858,0.0,0.27258474,0.57953626,0.0,0.0,1.2623857,1.1165535,0.4644829,0.93529016,0.62697613,0.18000525,0.0,0.0,1.004579,0.08601996,0.16706601,0.35102457,0.54816896,1.12218,0.0,0.24876484,0.0,0.4910669,0.5364423,1.1666788,0.0,0.0,0.3381198,0.06291995,0.59893376,0.0,1.3221077,0.5126002,0.7245991,1.4750407,0.08725453,0.31945246,0.6829857,0.0,0.5322968,0.0,0.0,0.0,1.1374627,0.75534624,0.0,0.7236478,0.056818232,0.42184368,0.5239465,0.0,0.0,1.0759052,0.052182484,0.8768542,0.49149913,0.55800164,0.43294564,0.0,1.1790665,1
0.0,0.0,0.0,0.0,0.0,0.82643944,0.46147436,0.4201627,0.19520614,0.7321369,0.3412538,0.65648127,0.8450263,0.0,0.41902125,0.5517269,0.7117373,0.8220131,0.0,0.36841822,0.0,0.600656,0.0,0.27804792,0.43505368,0.5776145,0.6366797,0.0,0.0,0.58234113,1.6445298,1.0931171,1.1793064,0.98906326,0.0,1.2017112,0.9639358,0.90789616,0.5857033,0.5047718,0.0,0.18064895,0.0,0.0,0.0,0.3631789,0.13694727,0.888056,0.20596877,0.0,0.48409134,0.9506324,0.0,0.85555035,0.0,0.73777014,0.49752864,0.0,0.0,0.549792,0.2246066,0.84895736,0.0,0.20361453,1.1021631,0.6950977,0.0,0.663719,0.0,0.0,0.61657083,0.0,0.0,0.32577258,0.9868037,0.6147236,0.8337114,0.83699834,0.3226833,0.0,0.0,1.3438371,0.57236505,0.40704152,0.10876579,0.70259255,1.4070832,0.0,0.0,0.0,0.2834043,0.03590128,1.2359474,0.72036,0.44767198,0.07949075,0.88324636,0.7179518,0.0,0.9196391,1.352617,0.4345805,1.2276474,0.38543183,0.0,0.4926146,0.09543602,0.7561534,0.0,0.0,0.0,1.6818538,1.0357143,0.0,0.74504673,0.6599428,1.0157212,0.5329714,0.0,0.0,0.69857377,0.29207548,0.1482261,0.13334568,0.4555866,0.0,0.0,0.8090694,1
0.0,0.85639054,0.0,0.22934875,0.0,0.5623308,0.57836825,0.7571576,0.2977388,0.68619394,0.0,0.60418445,1.1509752,0.07488295,0.5186085,0.9995074,1.0710771,0.48775306,0.9484473,0.48462433,0.0,0.09177493,0.0,0.0,0.623284,0.468097,1.3175693,0.42711842,0.0,0.84052277,1.889571,1.3227619,0.94184387,0.8473614,0.0,1.1425604,2.1741157,0.96152675,0.113205984,1.3691945,0.0,0.36093038,0.0,0.0,0.0,0.78808576,0.58127975,0.37399918,0.0,0.22384082,0.3802017,0.97389007,0.0,1.0634137,0.7814953,0.41570356,0.0,0.0,0.22804755,1.2979709,0.47371173,1.3630185,0.3494596,0.0059021353,1.1880611,1.0998039,0.0,0.37584808,0.064588316,0.53051424,1.5157167,0.0,0.0,0.80398995,1.4945285,0.16702418,0.65806603,0.85542053,0.022107303,0.0,0.0,0.86673135,0.0,0.7721598,0.0,0.1396037,1.3477885,0.0,0.3632473,0.0,0.0,0.31169602,1.166116,0.3349175,0.0,0.469333,1.01248,1.1169164,0.0,0.70284444,0.2515439,0.54043686,1.3047531,0.71894485,0.333963,0.7856721,0.25234866,0.5584628,0.0,0.0,0.0,1.6134675,1.6165601,0.0,0.54198295,0.7816759,1.2020075,0.583594,0.0,0.0,0.8971989,0.36156753,0.6565022,0.42610562,0.5802264,0.53689533,0.0,1.2644864,0
0.0,0.20339045,0.0,0.0,0.0,0.56528157,0.07812368,0.23499943,0.13440919,0.6725041,0.0,0.88507384,0.6525527,0.18936951,0.63377964,0.7765685,0.27119493,0.9915737,0.6025026,0.49391252,0.0,0.8401504,0.0,0.2774343,0.45356423,0.81846654,0.9356373,0.2572312,0.0,0.6546581,1.3283937,1.619428,0.7685816,0.53907156,0.0,1.4353001,1.8777474,0.8798372,0.16694407,0.829666,0.0,0.4805792,0.0,0.0,0.0,0.18100616,0.4136612,0.38848388,0.0,0.16270444,0.5249479,0.7689925,0.0,0.66933,0.48418579,0.48678988,0.28011644,0.0,0.0,0.27489522,0.14045009,0.81717885,0.0,0.0,1.0465965,0.7622367,0.0,0.2724674,0.0,0.010945783,1.092347,0.0,0.0,0.9079543,1.0677797,0.4860148,1.4078485,0.54423535,0.14223823,0.0,0.0,0.7810606,0.19041958,0.31455824,0.0,0.52383214,1.0289506,0.0,0.0,0.0,0.01890433,0.45896375,1.0899363,0.06033506,0.0,0.2666023,0.6188246,0.57108134,0.0,0.8040444,0.65972084,0.58600473,1.5643308,0.30598703,0.50241375,0.56524587,0.11821193,0.71969354,0.0,0.0,0.0,1.3154473,1.4261488,0.0,0.3589542,0.6722942,0.3961104,0.036124837,0.0,0.0,0.99892384,0.4673668,0.65008724,0.041216835,0.47646374,0.3713051,0.0,0.91734326,0
0.0,0.1720756,0.0,0.040129505,0.0,0.4116256,0.28739074,0.3574838,0.0,0.59133494,0.0,0.5643777,0.51124567,0.0,0.53562224,0.37706068,0.58753324,0.6516557,0.19855276,0.41529563,0.0,0.22805282,0.0,0.0,0.24475302,0.49378836,0.8275282,0.33605635,0.0,0.65835214,1.5815976,0.71436286,0.30346745,1.0965245,0.0,0.5959845,1.6320242,0.747713,0.0,0.77321994,0.0,0.36325613,0.0,0.0,0.0,0.17988999,0.014869647,0.0,0.0,0.0,0.8132338,0.4628747,0.0,0.99784034,0.7122673,0.44425255,0.12373365,0.0,0.11865795,0.53648984,0.05705482,0.33980528,0.0,0.42429605,1.3489914,0.7006533,0.0,0.44428802,0.0,0.20045626,1.374054,0.0,0.0,0.153323,0.76881486,0.64228636,0.8235346,0.0,0.0,0.0,0.0,0.57604134,0.25826636,0.10541768,0.0,0.31855345,0.76241755,0.0,0.0,0.0,0.0,0.04968608,0.66081613,0.050915662,0.0,0.15294392,0.7825196,0.7672728,0.0,0.69883657,0.6803576,0.0,1.4103918,0.40297905,0.92096627,0.49579048,0.61545724,0.5070862,0.0,0.0,0.0,1.4569162,1.2443659,0.0,0.37238917,0.89455694,1.5642008,0.23422857,0.0,0.0,0.81854767,0.33745715,0.850233,0.56588286,0.12065168,0.53004044,0.0,0.6596607,0
0.0,0.0,0.0,0.10715512,0.0,0.059788227,0.03560678,0.1710948,0.0,0.5350425,0.54778415,0.8827987,1.1336949,0.06561416,0.51506853,0.90384734,0.9792474,1.0641408,0.8567052,0.63465756,0.0,0.24878232,0.0,0.12460858,1.1767972,0.7324825,1.201385,0.0,0.0,0.5025062,2.1350887,1.7164187,1.3716427,0.5824592,0.0,1.6651483,1.3204238,0.8195754,0.3160756,1.6149629,0.0,0.9586852,0.0,0.0,0.0,0.8272819,0.28724298,0.36100793,0.08064139,0.29553396,0.63737243,1.4249582,0.0,0.9501427,0.6581374,0.9818467,0.0,0.0,0.0,0.8773293,0.0,1.4029595,0.0,0.41680247,1.3015779,1.615768,0.28640756,0.255301,0.04116892,0.713968,1.559073,0.0,0.0,0.7751124,1.8188818,0.5964387,1.068933,1.3918433,0.17725042,0.0,0.0,1.1119747,0.1252043,0.45213866,0.0,0.23800197,1.7264477,0.0,0.1625414,0.0,0.0,0.17847466,1.5022031,0.18168975,0.0,0.0,0.43146855,1.0171849,0.0,1.1757233,0.9169168,0.56323904,1.16516,0.0,0.8703521,0.6840528,0.65944034,0.71291465,0.0,0.0,0.0,1.558175,1.201156,0.0,0.8279226,0.52392477,1.0135581,0.775743,0.0,0.19785108,1.2848258,0.0,0.8755373,0.8620225,0.8493951,0.53957367,0.0,1.2318381,1
0.0,0.11206022,0.0,0.0,0.0,1.2606125,0.5125796,0.545622,0.0,0.70845914,0.0,0.12564988,1.4499897,0.7092006,0.27964598,0.4638475,0.98885596,1.2130204,0.60839856,0.52593434,0.0,0.8056705,0.0,0.356157,0.92620707,1.2861325,0.59773344,0.0,0.0,0.53058666,2.0876188,1.116225,1.4284577,0.12126641,0.0,0.8488732,1.437704,0.57687235,0.12270771,1.119687,0.0,0.86080104,0.0,0.0,0.0,0.7729861,0.16426755,0.14290673,0.0,0.0,0.73277134,1.5554804,0.0,0.8111404,0.8137321,0.628381,0.5488906,0.0,0.0,0.5992002,0.27101734,1.751403,0.65868044,0.4688584,1.1765237,0.63300157,0.0,0.42499462,0.0,0.0,1.4360965,0.0,0.0,0.171814,1.911229,1.0660715,0.75614,0.87080616,0.0,0.0,0.0,1.3189691,0.54533434,0.31670025,0.4075365,0.28529242,1.3606846,0.0,0.26898727,0.0,0.0,0.07416507,1.4572767,0.94090044,0.0,0.32372323,1.0877546,0.7889696,0.0,1.5848548,1.1340152,0.0,0.9836437,0.82906526,0.5181391,0.22191921,0.022231959,0.58396316,0.0,0.0,0.0,1.42906,1.540176,0.0,0.49112046,0.76454496,0.2568729,1.1111172,0.0,0.0,0.8061291,0.0,1.2125503,0.441318,0.758683,0.929244,0.0,0.99759936,1
0.0,0.0,0.0,0.0,0.0,0.4958234,0.43646893,0.0,0.082064964,0.75113475,0.0,0.54660475,1.1346135,0.092679165,0.8493466,0.7307089,0.96174973,0.9912506,0.58143675,0.54615164,0.0,0.781093,0.0,0.36434466,0.84621406,1.0618795,0.78084546,0.0,0.0,0.37617356,1.7602271,1.4616008,1.0179758,0.028060228,0.0,1.5740829,0.8576596,0.7909951,0.52687854,1.3267924,0.0,0.7625965,0.0,0.0,0.0,0.23488672,0.15930223,0.54796815,0.27234465,0.0,0.7251482,1.2770797,0.0,0.7487572,0.40146613,0.53667766,0.33890378,0.0,0.0,0.816039,0.0,1.144616,0.0,0.42619666,0.80209124,1.1856886,0.0,0.9938001,0.0,0.0,0.9862027,0.0,0.0,0.9983154,1.4597216,0.58073705,0.8999063,0.8777819,0.10916426,0.0,0.0,1.1310929,0.14028087,0.18713056,0.3380765,0.4059222,1.0044861,0.0,0.0,0.0,0.265264,0.19809593,1.7419845,0.0,0.0,0.0,0.19249514,0.6507164,0.0,1.1305625,0.42784676,0.6004654,0.9787606,0.0,0.6427417,0.67920107,0.0,0.42449412,0.0,0.0,0.0,1.7109718,1.0988394,0.0,0.21391906,0.34314126,0.8108448,0.33285192,0.0,0.0,1.1566905,0.3138065,0.589659,0.1683326,0.8704386,0.16766481,0.0,1.2316074,0
0.0,0.21872309,0.0,0.0,0.0,0.0,0.7415816,0.26888943,0.42842788,0.25363687,0.0,0.79501015,1.8218101,0.20084445,0.10566837,0.76274204,0.73152727,0.9516171,0.0,0.99705637,0.0,1.2857561,0.0,0.6598801,1.134784,1.0341036,1.1822401,0.0,0.0,0.0,1.7684107,1.3400587,1.3027464,0.20483224,0.0,1.1683083,1.0920105,0.63837266,0.43662104,0.632576,0.0,0.7628113,0.09648216,0.0,0.0,0.4321677,0.04121852,0.52319455,0.6603368,0.0,1.0896463,0.9799103,0.0,0.4598358,1.0644244,0.3124015,0.6161512,0.0,0.0,1.4782375,0.25619152,1.4414076,0.0,0.75041074,0.6777203,1.308436,0.1221509,0.8868797,0.0,0.4581684,0.59406286,0.0,0.0,1.8272914,1.7933621,0.5528026,0.7558986,0.692651,0.0,0.0,0.0,0.9382428,0.15593216,0.32560727,0.7298185,0.43931624,1.2567823,0.0,0.5932901,0.0,0.40799648,0.2977368,1.7290324,0.2720001,0.0,0.0,0.0,0.667513,0.0,1.4407245,0.76159716,0.5271704,0.59992445,0.053753417,0.44358328,0.6685541,0.1633211,0.5945615,0.0,0.0,0.0,0.43649334,1.018454,0.0,0.6322251,0.27159008,0.8542712,0.91738874,0.0,0.10769649,1.4905603,0.19447973,1.0170395,0.10612184,0.77082723,1.3739072,0.0,1.0569279,1
0.0,0.0,0.22448389,0.33370206,0.0,2.0185406,0.0,1.0104936,0.21771142,1.1083707,0.34979388,1.0955143,0.0725673,0.0,1.445,0.02072728,1.5387264,0.92673844,0.24872854,0.81399,0.0,0.0,0.0,0.0,0.10208329,0.80463016,0.4242915,0.0,0.0,0.20218337,1.9436346,0.2289046,1.8981613,0.8565604,0.0,0.99810344,1.6672138,1.0510514,1.0028763,0.68484807,0.0,0.0,0.0,0.0,0.0,0.38433787,0.2656477,0.0,0.0,0.0,0.8286284,0.51634586,0.22670753,1.4569579,0.12613522,1.0228155,0.0,0.0,0.0,0.15534587,0.04474075,1.356954,0.5688758,0.0066909357,1.8140281,0.42385703,0.0,0.0,0.19584501,0.0,2.1947305,0.0,0.119425885,0.0030357612,0.17858891,1.4638269,1.0359896,0.0,0.5111897,0.0,0.0,1.4696383,0.86513275,1.4882563,0.0,0.8442208,0.5135491,0.0,0.0,0.0,0.7643162,0.157721,0.14762333,0.542525,0.0,0.0,1.6294463,0.59393185,0.0,0.102694824,1.7403698,0.0,1.8772767,0.24422711,0.4056341,0.7450226,0.5201159,0.7900042,0.0,0.0,0.0,2.3876276,1.0876168,0.0,0.7104773,1.7914507,1.9493452,0.08073118,0.0,0.0,0.0,0.0,1.0189495,1.236508,0.14254189,0.0,0.0,0.41082886,0
0.0,1.3919742,0.0,0.0,0.0,2.6664238,0.0,1.8163317,0.0,1.2921534,0.013814388,0.26731032,0.7289276,0.0,1.5610776,0.0,1.9889019,0.21385482,0.6643553,0.0,0.0,0.0,0.0,0.0,0.16662818,0.0,0.0,0.0,0.0,1.3923451,1.3747816,0.094738424,0.74221265,0.47736275,0.0,0.36995038,2.0245876,1.3153628,0.0,1.1005851,0.0,0.3212014,0.0,0.0,0.0,0.50352794,0.2409262,0.10220877,0.0,0.0,0.79848653,0.51289177,0.43964094,2.4835863,0.075587116,0.6978638,0.0,0.0,0.0,0.0,1.0491621,1.3999921,1.2602816,0.34427714,2.2093306,0.09959222,0.2715208,0.07935398,0.6157743,0.0,2.3908412,0.0,0.02545344,0.51564705,1.1152704,0.3229222,1.2019039,0.2260626,0.0,0.0,0.0,2.0143795,1.5277792,1.5665087,0.0,0.0,1.263581,0.0,0.7462037,0.0,0.29086968,0.28172895,0.6616808,0.5969719,0.05623184,0.5307133,2.4382212,1.6533191,0.0,0.66566056,1.4162512,0.2488672,2.6851788,1.1514785,0.40049633,0.57810724,1.3056653,1.1854981,0.0,0.0,0.0,2.5756223,2.3809297,0.0,0.9261078,1.8140625,1.4825501,0.38888016,0.0,0.0,0.48641163,0.0,0.26596385,1.1142882,0.081014186,0.0,0.0,0.6334724,0
0.0,0.28276727,0.0,0.06775498,0.0,0.7285218,0.65842265,0.2838321,0.19912276,0.23640102,0.0,0.89857846,0.93129414,0.2522193,0.64245707,1.1158386,0.7064217,0.88907355,0.3319362,0.7212679,0.0,0.73089796,0.0,0.63596773,0.7062737,1.0748801,1.3554507,0.0,0.0,0.51583225,1.9978237,1.4759816,0.8168502,0.20390435,0.0,0.72293323,1.4685292,0.10655576,0.3160006,0.8885016,0.0,0.49933878,0.0,0.0,0.0,0.43833864,0.0,0.74853426,0.0,0.0,1.1723247,0.8255613,0.0,0.3203796,0.78181976,0.6066655,0.44597948,0.0,0.0,0.752883,0.34651634,1.4048502,0.20010962,0.27897367,1.1484891,0.9705137,0.0,0.7209269,0.0,0.13957174,0.6901041,0.0,0.0,0.90298104,1.4059747,0.31781167,0.65092045,0.57550234,0.0,0.0,0.0,0.7667432,0.08082092,0.1034429,0.26313016,0.17388254,1.0530293,0.0,0.2450492,0.0,0.0,0.08642596,0.85617393,0.0,0.0,0.14288954,0.58634895,0.4944164,0.0,0.7347191,0.27011976,0.3889254,0.9978789,0.19789644,0.3101847,0.4472011,0.15400183,0.38126162,0.0,0.0,0.0,1.0564291,1.1649965,0.0,0.30340996,0.70228785,0.2733951,0.6903564,0.0,0.0,0.9188956,0.20764667,0.89118236,0.0,0.76015,0.7369094,0.0,0.7900901,1
0.0,0.5151853,0.0,0.0,0.0,2.1690526,0.0,0.9746777,0.0,1.3967624,0.0,0.95128226,0.72872627,0.0,0.9598211,0.45599926,1.598978,0.3151448,1.150287,0.0,0.0,0.0,0.0,0.0,0.7647899,0.5549262,0.96746564,0.0,0.0,1.540574,1.6479478,0.58500665,0.59114987,1.2416205,0.0,0.7533827,2.7518167,1.3293868,0.13017541,1.4043895,0.0,0.0,0.0,0.0,0.0,0.92626035,0.7341788,0.0,0.0,0.17534183,0.38352144,0.9591914,0.10417743,1.869428,0.041001253,0.93137616,0.0,0.0,0.0,0.0,0.90719754,1.311808,0.74193305,0.20007472,3.1022515,0.37416983,0.38113868,0.08799782,0.0,0.0,2.2185328,0.0,0.0,0.0,0.9844374,0.8868285,1.428076,0.0,0.0,0.0,0.0,2.2753372,0.99580693,2.0402133,0.0,0.18137665,0.85560185,0.0,0.0,0.0,0.3516654,0.20912129,1.100463,1.1714936,0.0,0.45580575,1.8212005,1.1211182,0.0,0.5529625,1.4895273,0.36149102,2.8710663,1.1808255,0.5757748,0.3386771,1.0915898,1.5517114,0.0,0.0,0.0,2.986473,2.555269,0.0,1.3494409,1.7725233,2.474226,0.22975102,0.0,0.0,0.7224427,0.34721774,0.7630464,1.0937469,0.0,0.0,0.0,0.6432147,0
0.0,0.3424229,0.0,0.19324677,0.0,0.0,0.41011843,0.4103806,0.029311975,0.48465434,0.0,0.4475848,0.8722905,0.5163568,0.14058858,0.8881193,0.5237542,0.8477866,0.5422833,0.37142918,0.0,0.5867716,0.0,0.27567798,0.5640189,0.6590094,0.99069375,0.0,0.0,0.2576339,1.8043406,1.6410058,1.1035652,0.14011933,0.0,1.2722675,1.0043287,0.20174702,0.46122122,0.5088346,0.0,0.7623356,0.0,0.0,0.0,0.097347625,0.07130924,0.88570124,0.0,0.0,0.72254515,1.3338286,0.0,0.5109723,0.7327311,0.53108585,0.35535055,0.0,0.0,1.1327114,0.12535667,1.3489145,0.14683701,0.26038173,0.5293951,0.76111823,0.0,0.48300678,0.0,0.025741592,0.3522421,0.0,0.0,1.0618209,1.1637082,0.5243937,0.6192862,0.49636447,0.20996349,0.0,0.0,0.5807085,0.23403728,0.0,0.24801627,0.0012091822,0.95498085,0.0,0.55619776,0.0,0.0,0.12954184,1.472629,0.47589153,0.33291054,0.0,0.33675584,0.29483655,0.0,1.2384944,0.6545254,0.70513844,0.5656881,0.18046404,0.38471314,0.80056125,0.09433723,0.21094218,0.0,0.0,0.0,0.90733796,0.84496003,0.0,0.46824,0.20021522,0.2637411,0.5567488,0.0,0.0,0.6976614,0.30232757,0.5149504,0.3239404,0.9272641,0.19498025,0.0,1.1991628,1
0.0,0.6561611,0.0,0.0,0.0,1.5685054,0.0,1.1584492,0.0,0.84988654,0.0029745833,0.22432303,0.5275206,0.056563158,0.5557096,0.37634498,1.2050885,0.46209472,0.757015,0.40258822,0.0,0.2789225,0.0,0.0,0.9202334,0.733354,0.43457308,0.0,0.0,1.2929889,1.0735673,0.49841583,0.5205379,0.7127921,0.0,0.98880994,2.4618576,0.9611969,0.9871065,1.2623987,0.0,0.5801597,0.0,0.0,0.0,0.37873015,0.8207755,0.0,0.0,0.0,0.48876685,1.3816081,0.0,1.3309146,1.0043479,0.73319316,0.018374722,0.0,0.0,0.2579945,0.36196506,1.7260643,0.50804937,0.055541687,2.4908643,0.8933816,0.5634178,0.0,0.0,0.004763053,1.4011991,0.0,0.0,0.0802388,0.8257032,0.5634888,1.4040227,0.035893943,0.0,0.0,0.0,2.1723049,0.8651638,1.1181579,0.0,0.0,0.9789744,0.0,0.798462,0.0,0.32649046,0.053719066,0.9117007,1.1603311,0.0,0.2883662,1.8598766,1.3497632,0.0,0.81932557,1.4086617,0.45522735,2.0278206,0.9134169,0.7352249,0.24423698,0.14469416,0.7921854,0.0,0.0,0.0,1.7313612,2.0202413,0.0,0.7830781,1.264217,1.2816029,0.6640379,0.0,0.0,0.44399506,0.0,1.5409545,0.43998337,0.115457654,0.0,0.0,0.9622085,0
0.0,0.49092266,0.0,0.0,0.0,1.2682766,0.0,0.27761447,0.0,1.1258167,0.0,0.6259873,0.11255377,0.0,0.38810182,0.09640201,1.2969695,0.70808923,0.80820507,0.26940784,0.0,0.0,0.0,0.0,0.62395865,0.3639826,0.15370813,0.22983225,0.0,0.7456595,1.321887,0.3834614,0.18417095,0.9456319,0.0,0.9122859,1.9380949,1.2622849,0.053338986,0.8645447,0.0,0.19324768,0.0,0.0,0.0,0.7408643,0.0,0.0,0.0,0.1945204,0.36884636,1.0303034,0.0,1.562801,0.2664434,0.7533052,0.0,0.0,0.0,0.15629458,0.42408156,0.8625198,0.404383,0.0,1.5464396,0.38299394,0.0,0.0,0.52113706,0.0,1.7898082,0.0,0.0,0.0,1.3761305,0.09505031,1.1865362,0.0,0.0,0.0,0.0,1.2513642,0.52057433,0.67302567,0.0,0.16954409,1.2471322,0.0,0.2100657,0.0,0.0,0.19855085,1.0089957,0.5483307,0.0,0.39077976,1.3760166,1.0729517,0.0,0.6590643,0.7903081,0.31249893,1.7683125,0.90569425,0.73800117,0.63524616,0.6207672,0.90185857,0.0,0.0,0.0,2.2270136,1.2616881,0.0,0.6510594,1.2970684,0.9387646,0.23751748,0.0,0.0,0.21800521,0.0,0.5277127,0.8710368,0.0,0.1989301,0.0,0.8211866,0
0.0,0.8278495,0.0,0.021123298,0.0,0.1633726,0.48381948,0.41347206,0.40486068,0.68019336,0.013512714,0.49879456,0.8511417,0.5302162,0.60838854,0.71617436,1.0418903,1.0360283,0.67706156,0.7844463,0.0,0.6421024,0.0,0.5605796,0.6802683,0.89871496,0.977926,0.0,0.0,0.4283463,1.8076563,1.4723556,0.9744,0.056510285,0.0,1.2968951,1.930476,0.7793929,0.56705755,1.2907301,0.0,1.1095964,0.0,0.0,0.0,0.54080194,0.8894103,0.6477462,0.0,0.0,0.803686,0.97428584,0.0,0.7045202,1.2560494,0.23824245,0.6189905,0.0,0.0,1.3182474,0.4743022,1.3655745,0.32580546,0.31432417,0.9704118,1.3512224,0.0,1.0904493,0.0,0.2251247,1.0024482,0.0,0.0,1.3587762,1.2244996,0.6265339,0.6899053,0.9038306,0.039258763,0.0,0.0,0.879334,0.105956614,0.25825498,0.4221057,0.20651408,1.5581378,0.0,0.4842478,0.0,0.18448228,0.15092601,1.016315,0.49416384,0.0,0.0,0.35395986,0.67339456,0.0,0.96631986,0.72933865,0.40304306,1.1073377,0.22191364,0.5040073,0.5272832,0.0,0.59202564,0.0,0.0,0.0,1.3229804,1.2056667,0.0,0.35362157,0.21781223,1.094831,1.2156672,0.0,0.0,1.1235853,0.12871084,0.85925484,0.0,1.0766646,0.8252251,0.0,1.4063263,1
0.0,0.0,0.0,0.0,0.0,0.4676716,0.072492965,0.17197238,0.0,0.4126333,0.1656274,0.9592266,1.1488607,0.26725042,0.0,0.5964151,1.2091593,0.56571025,0.047946867,1.2891897,0.0,0.73179203,0.0,0.062699914,1.0569685,1.3165394,1.2226492,0.0,0.0,0.49684927,2.1599345,1.2833097,1.7274787,0.45700946,0.0,1.0653214,1.2875048,0.43836993,0.76132137,1.5011538,0.0,0.7715574,0.0,0.0,0.0,0.49406654,0.0,0.29117435,0.05764924,0.056678608,0.7806585,1.6550448,0.0,0.8207812,0.9343031,0.93943477,0.0,0.0,0.0,1.2544699,0.3366054,1.9485472,0.15730698,0.03850542,0.8065703,1.1328262,0.017369136,0.10803706,0.0,0.0,0.94659024,0.0,0.0,0.6165609,1.5342277,0.62384486,0.5079602,0.71557254,0.0,0.0,0.0,1.364265,0.45511335,0.062748395,0.23011075,0.23656113,1.4467217,0.0,0.2321208,0.0,0.10727884,0.09116319,1.652402,0.78525674,0.012061847,0.0,1.2654327,0.5748979,0.0,1.3876476,0.61950773,0.65310395,1.1968381,0.096439265,0.84691864,0.70828015,0.0,0.85861516,0.0,0.0,0.0,1.729225,1.4882637,0.0,0.6440736,0.32492706,0.39067605,1.0528728,0.0,0.0,0.82774836,0.014219808,1.1718667,0.3837995,0.39718646,0.8973487,0.0,1.1866314,1
0.0,0.3983498,0.0,0.0,0.0,0.79286695,0.33709165,0.098786205,0.31894624,0.84002596,0.08946961,1.0835754,0.9287676,0.44012344,0.7013501,0.71082133,1.4230671,0.7856074,0.8389079,1.1640551,0.0,0.6870425,0.0,0.371594,1.220784,1.2114024,0.6289719,0.0,0.0,0.49334708,1.9541613,1.4677856,0.9665036,0.097519025,0.0,1.0977515,1.3366059,1.2272403,0.3950639,1.5595897,0.0,0.91120607,0.0,0.0,0.0,0.50138134,0.17658697,0.36849368,0.40539756,0.04354115,0.7824761,1.0852122,0.0,1.1523432,0.89956707,0.79542637,0.26360056,0.0,0.0,0.78949726,0.14941871,1.542844,0.0,0.62392944,1.1203613,1.1633328,0.0,0.6857393,0.0,0.032200024,1.4292052,0.0,0.0,0.8203422,1.4675176,0.64177257,0.81846786,0.8297644,0.0,0.0,0.0,1.3475981,0.52469546,0.19705759,0.78701794,0.4691336,1.4211267,0.0,0.025209965,0.0,0.0,0.0,1.8325824,0.30109492,0.24979353,0.0,0.9748705,1.0879838,0.0,1.2560627,0.35482064,0.38294387,1.0387516,0.63477606,0.73115396,0.61628675,0.4107048,0.6390027,0.0,0.0,0.0,1.9791852,1.2633044,0.0,0.9184509,0.52225435,1.1140556,0.45570865,0.0,0.0,1.1393647,0.0,0.57766986,0.50875914,0.077382036,0.10805766,0.0,1.6465741,1
0.0,0.47529912,0.0,0.15017298,0.0,0.5837559,0.6786899,0.46534455,0.43232948,0.35062292,0.25535396,0.20661439,1.4620947,0.54202425,0.22381367,0.44260025,1.0066133,0.53980225,0.5439453,0.9978132,0.0,0.42016137,0.0,0.48994994,0.87187564,0.750868,0.86873096,0.004996773,0.0,0.81305516,2.376601,1.0314639,0.71851605,0.4288758,0.0,1.3309604,1.2800628,0.5848006,0.0,0.95444876,0.0,0.48977816,0.0,0.0,0.0,0.30456555,0.2644705,0.5885253,0.0,0.0048169657,0.11925764,1.2986042,0.0,1.258814,0.8192924,0.17695081,0.011502903,0.0,0.0,0.753882,0.37932727,1.3893586,0.31466722,0.44626912,0.9112829,1.059259,0.0,0.8219475,0.0,0.6104493,0.8589542,0.0,0.0,0.95882773,0.6194053,0.7318237,1.0772318,0.5088143,0.0,0.0,0.0,1.1818906,0.85257643,0.71429014,0.03724689,0.118779406,0.89912724,0.0,0.72763187,0.0,0.0,0.0,1.9927644,0.46917182,0.051081657,0.077293545,0.82288116,0.7688082,0.0,0.95319027,0.6877449,0.9026004,1.3455523,0.66873866,0.22805305,0.69592345,0.5533683,0.5402602,0.0,0.0,0.0,1.1536707,1.3119066,0.0,0.39389977,0.0,0.27252266,1.0972562,0.0,0.0,0.89580417,0.0,0.88947076,0.41647896,0.7341481,0.11711784,0.0,0.8331665,1
0.0,0.40487757,0.0,0.17659903,0.0,0.45299554,0.50332004,0.42392603,0.23935157,0.83891505,0.0045187534,0.93323004,1.0602667,0.123468034,0.5701722,0.9350413,0.854578,1.0782894,0.7257089,0.48551324,0.0,0.4892311,0.0,0.42919338,1.2878324,0.28516054,1.0794781,0.49899927,0.0,0.6096221,1.7670914,1.421175,0.5130776,0.768298,0.0,1.4633368,1.4211701,0.9233168,0.314102,1.3219684,0.0,0.4460389,0.0,0.0,0.0,0.48924607,0.15752572,0.8132453,0.19300056,0.15755135,0.53820825,1.5595597,0.0,0.9649905,1.1711222,0.843905,0.0,0.0,0.0,1.0108594,0.23726365,1.2167772,0.22222653,0.31977174,0.92694724,1.440333,0.0,0.7218071,0.0,0.13198353,1.1955665,0.0,0.0,1.3831828,1.4183699,0.9052293,1.0385461,0.9924261,0.11159687,0.0,0.0,0.7283885,0.35470605,0.0,0.0,0.7396794,1.2048475,0.0,0.4543178,0.0,0.0,0.32859573,1.4983104,0.1194346,0.0,0.0,0.7388654,0.9542468,0.0,1.1322746,0.71255875,0.49959892,1.3510381,0.52941966,0.31060055,0.6908881,0.0074717468,0.15043427,0.0,0.0,0.0,1.1289304,0.9452028,0.0,0.28651893,0.0058447863,0.66092896,0.40640494,0.0,0.0,1.1529899,0.4857726,0.6025878,0.4018166,0.66479343,0.47370973,0.0,1.1878377,0
0.0,0.44373408,0.0,0.0,0.0,0.25556913,0.5851788,0.9308475,0.5048098,0.7760419,0.0,0.6564585,1.5630312,0.6307276,0.4189958,0.89431554,0.96101725,1.0277163,0.5692408,1.487248,0.0,1.4189141,0.0,0.4675094,0.95436025,1.0741307,1.0999855,0.112494096,0.0,0.18646814,2.1900806,1.1022247,1.8393909,0.093472615,0.0,1.3245673,1.412319,0.37891743,0.5938066,1.2077295,0.0,1.2459667,0.094201446,0.0,0.0,0.72027236,0.3571868,0.28733826,0.6427873,0.0,0.6915982,1.646613,0.0,0.61932445,1.3684555,0.7148962,0.28031713,0.0,0.0,1.6606065,0.4643613,1.395915,0.6728955,0.8545274,0.7826593,1.6862999,0.0,1.1746085,0.0,0.22389321,1.2890671,0.0,0.0,0.7450525,1.2357098,1.2067765,0.4214531,1.5364573,0.50485843,0.0,0.0,0.52860725,0.0,0.034510534,0.3814716,0.1949168,1.6967069,0.0,0.71717286,0.0,0.0,0.0,1.1909531,0.31788158,0.53385985,0.19693927,0.578039,0.7366187,0.0,1.8399328,0.27541655,0.51990473,1.0980358,0.858476,0.348609,0.7447472,0.0,0.471456,0.0,0.0,0.0,0.93128,0.8819389,0.0,0.4029601,0.43137237,0.738824,0.7458014,0.0,0.0,1.3376383,0.2079486,1.6807979,0.025274366,1.1578604,0.8441561,0.0,1.0508951,1
0.0,0.26564062,0.0,0.0,0.0,1.3006729,0.35548583,0.32499886,0.0,0.31995258,0.09965788,0.56169355,2.3398092,0.32495508,0.0,0.6245155,1.0715588,1.1444118,0.14366187,1.4803834,0.0,1.4885671,0.0,0.6290529,1.2546864,1.8177034,1.148328,0.0,0.0,0.11639715,2.7849119,1.8641415,1.3806394,0.0,0.0,1.2704072,1.5319917,0.41983894,0.6797248,0.8725416,0.0,0.83397764,0.0,0.0,0.0,0.1542985,0.035083383,0.56817406,0.0,0.0,0.38188267,1.5986207,0.0,1.0939888,0.7120642,0.3772565,0.38318098,0.0,0.0,0.608001,0.04692528,2.1668265,0.0,0.5761083,1.2010758,0.8514143,0.0,1.4035966,0.0,0.0,1.4481112,0.0,0.0,0.7755084,1.685435,1.4448501,0.8845681,1.0655081,0.0,0.0,0.0,1.701467,0.92487425,0.4566172,1.1100396,0.16274469,1.2701763,0.0,0.64921683,0.0,0.0,0.15449707,1.9427171,0.37158212,0.6604493,0.0,0.6071256,0.5732438,0.0,2.0229895,0.3623387,0.8803312,1.0906081,1.0888842,0.19825922,0.7100355,0.28708035,0.30661732,0.0,0.0,0.0,1.2650361,1.6785659,0.0,0.6217962,0.74437284,0.72834694,1.3257834,0.0,0.0,0.5336394,0.08828089,1.249227,0.37135223,1.2029328,0.6017315,0.0,1.2040628,1
0.0,1.060936,0.0,0.0,0.0,2.6623604,0.0,1.4132375,0.0,1.1184431,0.0,0.20857802,0.0,0.0,1.4599919,0.2816998,2.2342029,0.0,0.5479249,0.0,0.0,0.0,0.0,0.0,0.0,0.0,0.0,0.0,0.0,1.6113136,1.180553,0.0,0.1858002,0.45830262,0.0,0.87849337,2.452359,1.5725038,0.0,0.5503073,0.0,0.0,0.1059534,0.0,0.0,0.6711905,0.7154757,0.0,0.0,0.18027419,0.8266828,0.3856804,0.3516053,3.029234,0.7070491,0.7268542,0.22919707,0.0,0.0,0.0,0.8568923,1.0964043,1.9690216,0.66330576,2.4224257,0.09587378,0.7752445,0.0,0.0,0.0,2.2274003,0.18246779,0.0,0.0,0.37906414,0.0,1.6049386,0.0,0.0,0.0,0.0,2.5587842,1.725744,2.147199,0.060634382,0.5074628,0.96074533,0.0,0.35180697,0.0,0.20146345,0.46513316,0.89406884,0.85209095,0.0,0.4523206,2.5595589,1.4897124,0.0,0.5426014,2.1034153,0.022396846,2.505767,1.2146327,0.20249161,0.66337746,0.9162527,0.9689243,0.0,0.0,0.0,2.993172,2.695256,0.0,1.469955,1.8055277,2.0934134,0.0,0.0,0.0,0.54752547,0.176889,0.16615902,1.237632,0.0,0.0,0.0,0.2330798,0
0.0,0.9751181,0.0,0.0,0.0,1.6223718,0.15551135,1.2032586,0.0,1.2478881,0.19160526,0.457178,0.46828744,0.35342056,0.8073923,0.5307991,1.1463629,0.9128954,1.0358527,0.09444363,0.0,0.028437944,0.0,0.5255291,0.4793915,0.79239076,0.5839414,0.0,0.0,0.9317286,1.8194771,0.71218324,0.6450977,0.57213247,0.0,0.8825163,2.690777,0.34077138,0.0,0.6651297,0.0,0.0560794,0.0,0.0,0.0,0.41627085,0.54188913,0.0,0.0,1.3527164,0.0,0.0,0.0,1.624332,0.7251899,0.97593594,0.52637833,0.0,0.0,0.14691898,0.68035305,1.6898994,1.0987041,0.3821297,3.039171,0.29036224,0.001051605,0.08862909,0.0,0.0,2.9042904,0.0,0.0,0.31670284,1.3029234,1.1716838,1.6153868,0.3896193,0.16409622,0.0,0.0,2.2001648,1.1504543,1.4922673,0.2954839,0.96945316,1.4054184,0.0,0.11512354,0.0,0.5010769,0.70012003,0.67926383,1.3013688,0.0,0.8872191,1.4622513,1.3233244,0.0,0.51196474,0.5597455,0.38769117,1.9795313,1.8399513,0.0,0.25908646,0.848431,0.88982964,0.0,0.0,0.0,2.3289251,1.8618749,0.0,0.888416,1.7792219,2.7991688,0.112956375,0.0,0.0,0.22745246,0.0,1.1122873,0.9592758,0.0,0.0,0.0,0.94228804,0
0.0,0.32207003,0.0,0.0,0.0,0.4699956,0.6123374,0.34087658,0.18677989,0.50275785,0.25135785,0.7054634,1.0753902,0.094628654,0.3770693,0.94008416,0.957693,1.0951948,0.4774867,1.1670035,0.0,0.86887264,0.0,0.1819142,1.0091375,0.5966652,0.90357405,0.0,0.0,0.80236244,1.8925943,1.4821138,1.4157413,0.3350684,0.0,1.4064202,1.5261129,0.66270155,0.26279792,0.9100924,0.0,0.8309775,0.0,0.0,0.0,0.5727056,0.38099787,0.39437947,0.0,0.0,0.5726087,1.2676951,0.0,0.7600517,0.6407739,0.79129755,0.057115328,0.0,0.0,1.1337548,0.05111735,0.9314457,0.28700927,0.5627702,1.1151646,1.5006534,0.0,0.6990062,0.0,0.30558762,0.98959625,0.0,0.0,0.7554559,1.5252419,0.9732528,0.83037215,0.86807555,0.2727333,0.0,0.0,0.6638039,0.0,0.28901473,0.14073402,0.43385744,1.1356064,0.0,0.22521606,0.0,0.0,0.0,1.3855374,0.36173844,0.0,0.0,0.491241,0.72404855,0.0,1.2309173,0.6885517,0.45527136,1.3900242,0.27584884,0.81516916,0.6801,0.04889996,0.45733202,0.0,0.0,0.0,1.1665918,0.9317073,0.0,0.4006552,0.47699565,0.41445446,0.47022432,0.0,0.0,1.0683546,0.29852933,0.9461123,0.35422736,0.5181299,0.29376337,0.0,1.2600209,1
0.0,0.14723745,0.0,0.0,0.0,0.6383028,0.505289,0.4102965,0.0,0.8184089,0.0,0.05710817,0.8039106,0.1580066,0.95351523,0.5421875,1.0049953,0.52179617,0.1495436,0.46584824,0.0,0.33741784,0.0,0.0,0.41489816,0.21876849,0.7283291,0.0,0.0,0.8229785,1.6233968,0.6655658,0.418082,0.33603424,0.0,1.1504232,1.0975527,0.81925255,0.12168572,0.65553004,0.0,0.2753982,0.0,0.0,0.0,0.5865435,0.00023697107,0.32834703,0.0,0.0,0.7082005,1.3930341,0.0,1.5397218,0.5954218,0.24746583,0.20857786,0.0,0.0,0.2280731,0.14389628,1.0178612,0.5706458,0.46631742,1.1442716,0.76456904,0.20571178,0.5946308,0.0,0.0,0.8990499,0.50665605,0.0,0.63514394,0.75424236,0.48944497,1.1178674,0.23950812,0.0,0.0,0.0,0.6278555,0.23776796,0.28933856,0.24125427,0.15690723,0.91342545,0.0,0.40621078,0.0,0.0,0.03614111,0.89508444,0.0,0.0,0.14505632,1.1040721,0.42223173,0.0,1.262673,1.1012793,0.3230578,1.0678998,0.37368804,0.77427965,0.46249053,0.8555961,0.60393965,0.0,0.0,0.0,1.7294225,1.2648365,0.0,0.60292053,0.6438971,0.59612596,0.19869363,0.0,0.0,0.86730564,0.19353516,0.44537854,0.57739586,0.54936355,0.0,0.0,0.9895576,1
0.0,0.1608941,0.0,0.0,0.0,0.48536623,0.7196578,0.08490404,0.2898606,0.72277546,0.1169585,0.9310153,1.6524783,0.73858476,0.34858382,0.8015929,0.77152306,1.0842233,0.58513516,1.5138438,0.0,1.1902094,0.0,0.25931728,1.5401776,0.9980376,1.5097923,0.0,0.0,0.19528392,2.099861,1.5899528,1.50587,0.07902406,0.0,1.3812246,1.0128835,0.7755609,0.93846506,1.3893405,0.0,1.237229,0.0,0.0,0.0,0.22929972,0.44540897,0.64430296,0.3311801,0.0,0.98780894,1.7161921,0.0,0.5707729,1.0161419,1.1667885,0.18479294,0.0,0.0,1.2133942,0.17090225,1.2966034,0.0,0.33294672,0.8281733,1.5643424,0.0,0.9063953,0.0,0.0,1.0115181,0.0,0.0,0.93007106,1.4963741,1.4596967,0.84577143,1.1432929,0.5090225,0.0,0.0,0.71836627,0.118597835,0.0,0.41890347,0.4603811,1.9613222,0.0,0.38503575,0.0,0.0,0.06435019,2.261232,0.33426803,0.01056502,0.0,0.07994104,0.9875658,0.0,1.8375205,1.2892286,0.68713236,1.0734148,0.2704803,0.91670054,0.65630746,0.0,0.1851906,0.0,0.0,0.0,1.4502856,0.53892446,0.0,0.1713122,0.0,0.5461861,0.9783848,0.0,0.0,1.3786149,0.43523586,1.2084744,0.21409872,1.1122184,0.9881404,0.0,0.95237774,1
0.0,0.024881396,0.0,0.0,0.0,0.77142334,0.026268221,0.24699664,0.0,0.0,0.0,1.0388446,1.7108713,0.46509147,0.1697922,0.42095485,0.75782585,0.99020475,0.60172033,0.37425813,0.0,0.9752282,0.0,0.15825647,0.7088954,0.6792178,0.48147786,0.0,0.0,0.57291025,1.8748404,1.5721798,1.7124051,0.24780975,0.0,0.8373553,1.7988098,0.44791123,0.36816257,0.8846774,0.0,0.854302,0.4335899,0.0,0.0,0.24694829,0.0,0.66856444,0.29482865,0.3685729,0.69609714,1.091025,0.0,0.3688975,0.32797253,0.36032277,0.23597668,0.0,0.0,0.81282437,0.24460724,1.1327881,0.4792971,0.0,1.2827934,0.674886,0.0,1.0421257,0.0,0.0,1.0038615,0.0,0.0,0.7008515,1.3595396,0.45794472,0.16254234,1.0452495,0.0,0.0,0.0,1.5069951,0.69637954,0.6685369,0.36001563,0.20007716,1.3242668,0.0,0.13875769,0.0,0.16905363,0.28122216,1.443202,0.2532625,0.0,0.02685748,0.63265926,0.86872596,0.0,0.950347,0.30808872,0.013739688,1.381999,0.79523045,0.19781727,0.081510186,0.16144714,1.2700635,0.0,0.0,0.0,1.7787343,1.6004964,0.0,0.4484744,1.0753558,1.102238,0.9628599,0.0,0.0,0.8709262,0.0,0.7362613,0.0,0.32547164,0.57478493,0.0,0.86583966,1
0.0,0.0,0.0,0.0,0.0,0.68436164,1.3150797,0.4252715,1.487655,0.053530525,0.0,0.480852,0.0,1.2087902,0.31646794,1.1540443,0.96505535,0.99672216,0.3018583,1.4760741,0.0,2.1250129,0.0,1.7203921,1.5775076,1.7185081,0.60734403,0.0,0.0,0.0,1.9847977,1.2831763,1.2608685,0.0,0.0,1.154359,0.62783176,0.0,1.2538173,0.38214836,0.0,2.5801733,0.21673672,0.0,0.0,0.45966405,0.0,0.43955448,1.6442089,0.0,0.556993,0.0,0.0,0.8145523,1.599162,1.476947,1.4582413,0.0,0.0,1.4477594,0.0,1.9197344,0.7850169,2.2531164,0.6073583,1.4061133,0.0,0.72690666,0.0,0.0,1.5118402,0.19562435,0.0,0.41208017,1.3287095,1.0835427,0.0,0.9988439,1.9160099,0.0,0.0,1.2802458,0.0,0.22092688,0.49196377,2.0201802,1.0266144,0.0,0.0,0.0,0.07934572,0.696871,1.0424428,0.0,2.060129,0.26320276,0.36594722,1.0635655,0.0,1.7226057,0.0,0.56102264,0.20772922,0.0,0.9572526,1.0052474,0.0,0.0,0.0,0.0,0.0,1.8944095,0.15156142,0.0,0.47441617,0.21533112,0.23812936,0.12305172,0.0,0.0,0.4139656,1.0407406,2.1219049,0.20867646,0.71713823,0.0,0.0,1.0036035,1
0.0,0.0,0.0,0.0,0.0,1.2348434,0.30695668,0.05433537,0.63924366,1.6187211,0.6504552,1.2562772,0.0,0.9237312,0.27192396,0.7940037,1.4019194,1.3759271,0.0,0.64577794,0.0,1.1057031,0.4589087,0.31277913,1.3076838,1.0324174,0.47930524,0.0,0.019742744,0.2464394,2.5815156,1.0463904,1.2588295,1.0157893,0.0,1.0632952,1.2430184,0.86332124,0.76076275,1.1370891,0.0,1.2256068,0.0,0.0,0.0,0.1838591,0.1932879,0.81310385,0.54811937,0.0,0.74498487,1.0273513,0.0,0.45518565,1.8031591,1.480513,0.9587996,0.0,0.0,0.9006335,0.5824557,0.69410795,0.0,0.72285587,1.2663995,1.2381043,0.0,0.24062598,0.70905066,0.0,1.72814,0.0,0.0,0.3823271,1.5637108,1.4097733,0.509608,0.5504188,0.6590298,0.0,0.0,1.6581707,0.7626392,0.03838626,0.00042832666,1.1715982,0.9717717,0.0,0.0,0.0,0.0890812,0.2806385,0.34548366,0.6121115,0.33078745,0.17461716,1.0085769,0.87779164,0.0,1.2739091,0.39259154,0.19752851,2.0965216,0.45323592,0.3671891,1.2736531,0.0,0.01579641,0.0,0.0,0.0,1.9163717,0.590622,0.0,0.2617376,0.88593733,2.277714,0.0,0.0,0.0,0.03935489,0.124051504,1.4607868,0.72147894,0.0,0.01970841,0.0,1.2615415,1
0.0,0.0154546825,0.0,0.0,0.0,0.5388642,0.6425757,0.31838077,0.54277134,1.0287843,0.0,0.5602318,0.090365395,0.0,0.9357146,0.7532559,1.1118723,1.1707143,0.15983123,0.8841028,0.0,0.71280515,0.0,0.42106515,0.74743444,1.1207968,0.6840965,0.2750167,0.0,0.40961954,2.4686275,0.8136635,0.9435879,0.6188197,0.0,0.7925766,0.60149276,1.1899128,0.4005926,0.76037073,0.0,0.84223664,0.0,0.0,0.0,0.0,0.08901727,0.14386386,0.20627235,0.0,0.7742779,0.23469262,0.0,1.1878119,1.3408909,1.1877615,0.7806699,0.0,0.0,0.7672105,0.0,0.85484606,0.27858177,0.98670465,1.404317,0.0,0.0,0.7367494,0.0,0.0,1.1573395,0.0,0.0,0.0,0.89145845,1.2268652,1.0552208,0.38864034,0.8586487,0.0,0.0,1.6303651,0.50293297,0.49244443,0.07415608,1.6418436,1.0145543,0.0,0.087318845,0.0,0.049338035,0.11284931,0.3889286,0.117805384,0.21567777,0.35126805,0.40303198,0.23811354,0.0,1.286082,0.0,0.55528843,1.0810782,0.8271455,0.60850716,0.70200264,0.0,0.0,0.0,0.0,0.0,2.2030685,1.019931,0.0,0.74268275,0.6805884,1.7873757,0.28101096,0.0,0.0,0.5323427,0.10775346,1.1538692,0.58118343,0.0,0.09234263,0.0,1.2876459,1
0.0,0.0,0.0,0.0,0.0,0.35410562,0.6523046,0.27156436,0.5327366,0.8711825,0.23162943,0.34276488,0.18219501,0.0,0.18814379,0.683063,1.0494219,0.7871578,0.0,1.0209283,0.0,0.8302793,0.0,0.10967463,0.98306984,1.1334568,0.32309398,0.14489762,0.0,0.0,1.8297532,1.0665042,1.1597463,0.89395607,0.0,0.93131024,0.4350429,1.1855638,0.5477472,0.721632,0.0,1.0805278,0.0,0.0,0.0,0.04867808,0.0,0.8182365,0.9883924,0.0,0.82048905,0.7603947,0.0,0.53600967,1.3286518,0.47655833,0.40096197,0.0,0.0,1.1256803,0.0,0.6016667,0.0,1.1409811,0.6066576,0.8720325,0.0,0.387249,0.278846,0.0,0.67341614,0.0,0.0,0.2352239,1.1520905,1.1325873,0.6352066,0.7470262,0.5440584,0.0,0.0,1.0424609,0.37073407,0.30492592,0.0,1.1517729,1.1894975,0.0,0.24114224,0.0,0.0,0.0,0.555004,0.15594698,0.5401406,0.0,0.5594462,0.40427786,0.0,1.5096716,0.14401509,1.0750996,0.7104688,0.0,0.72527736,0.87427145,0.05587543,0.1679253,0.0,0.0,0.0,1.5191755,0.5090646,0.0,0.243872,0.4875976,1.5955192,0.82557887,0.0,0.118559256,1.0183372,0.0,1.6899012,0.50788426,0.37626374,0.7162959,0.0,1.3454429,1
0.0,0.06490612,0.0,0.4186107,0.0,0.1921754,1.5975704,0.0,1.0379186,0.6793477,0.0,1.2589421,0.71195024,1.172215,0.2775161,1.3527335,0.43792364,1.7407542,0.36372095,1.8509848,0.0,1.4132156,0.26406127,1.4763842,1.7243073,1.4462018,0.9723221,0.0,0.0,0.0,2.3844097,1.7087678,1.4407202,0.53980035,0.0,0.8648889,0.7397834,0.0,1.3320487,0.99368846,0.0,1.7770988,0.0,0.0,0.0,0.0,0.24219784,0.876107,0.35554373,0.0,1.1010256,0.85738534,0.0,0.0,1.6676956,0.9900782,0.9060339,0.0,0.0,1.5077255,0.0,1.6750124,0.0,1.273664,0.065378,1.3707552,0.0,1.1589639,0.0,0.0,0.3372592,0.0,0.0,0.8077585,2.0589843,2.0847383,0.600454,1.7791063,1.4394119,0.0,0.0,1.0240899,0.10096145,0.0,0.5971773,1.5714792,1.6238052,0.0,0.031927794,0.0,0.0,0.0,1.2939248,0.024073532,0.8089519,0.06676741,0.0,0.22928652,0.0,2.2569435,0.0,0.8343816,0.057909977,0.0,0.59174246,1.1334221,0.0,0.0,0.0,0.0,0.0,0.78346574,0.40946496,0.0,0.3586284,0.0,1.124368,0.48945984,0.0,0.0,1.1421144,0.6842298,1.9626021,0.28653747,0.977556,1.1376886,0.0,1.3988031,1
0.0,0.0,0.0,0.0,0.0,0.0438472,0.8961695,0.0,0.94526255,0.5065311,0.0,0.07383623,0.0,0.41121027,0.211632,0.8733906,0.77293724,0.84054095,0.06717589,1.4932885,0.0,1.6470344,0.0,1.1816211,1.3948017,1.0559646,0.4838892,0.24968825,0.0,0.0,1.7500763,0.5156652,0.78569967,0.49862468,0.0,1.0870345,0.14101076,1.1761773,0.6677328,0.8353338,0.0,1.3390572,0.0,0.0,0.0,0.1915228,0.20420666,0.74261695,1.1310017,0.0,0.9441074,1.1331725,0.0,0.2746028,1.5968653,0.6211284,0.81831735,0.0,0.0,1.0984422,0.0,0.7327391,0.0,1.0355315,0.0,1.2386044,0.0,0.6190701,0.0,0.0,0.5696436,0.55981165,0.0,0.6122591,0.8954027,1.0781837,0.5923704,0.16985482,0.9301918,0.0,0.0,0.74925613,0.31227165,0.17669237,0.41211367,1.4737669,1.2083471,0.0,0.0,0.0,0.1863996,0.0,1.0272223,0.46248955,0.8222266,0.08807829,0.41682217,0.09772839,0.0,1.4432546,0.0,0.7725441,0.7712625,0.0,0.9096847,1.0000014,0.0,0.0,0.0,0.0,0.0,1.5668138,0.267446,0.0,0.6679113,0.0635013,1.2387769,0.51825565,0.0,0.0,1.2375761,0.4256635,1.3658638,0.54267204,0.3717869,0.4547736,0.0,0.93657804,1
0.0,0.18894207,0.0,0.0,0.0,0.0,0.8404053,0.15571459,0.19850369,1.092796,0.09493372,0.6840248,0.95469064,0.18480222,0.9630489,0.38915095,0.2865311,1.045113,0.12887993,1.2080619,0.0,0.9875114,0.0,0.5825127,0.8764602,1.0995113,0.7250118,0.46716186,0.0,0.33742553,1.3145844,0.8241522,0.39981157,0.2599001,0.0,0.92226535,0.74961144,1.0176997,0.31105596,0.60769653,0.0,0.5482212,0.0,0.0,0.0,0.49872568,0.33501527,0.524881,0.41511622,0.0,1.2123331,0.6559538,0.0,0.71453196,0.839295,0.7472554,0.44903776,0.0,0.0,1.1600834,0.0,1.0559894,0.0,0.9582673,0.260805,0.87934977,0.0,0.5978336,0.0,0.0,0.97776955,0.0,0.0,0.5902103,0.86624295,0.1563145,0.7290026,0.9662288,0.49023673,0.0,0.0,0.76717746,0.0,0.0,0.040076323,0.55935544,1.2583123,0.0,0.0,0.0,0.0,0.0,1.1983227,0.17808922,0.20867175,0.27990034,0.36230287,0.86140513,0.0,1.1784647,0.38534567,0.074741244,1.1371868,0.0,0.42439058,0.64009804,0.0,0.071032435,0.0,0.0,0.0,0.51270807,0.75706923,0.0,0.36827394,0.42367032,0.6472953,0.11368099,0.0,0.0,1.3456744,0.42869112,0.25286993,0.13776515,0.20859009,0.4103751,0.0,0.9239991,1
0.0,0.35821083,0.0,0.57679474,0.0,1.0721205,0.31051156,1.5716623,0.34402594,0.7597001,0.37961638,0.86165345,0.1523282,0.4306773,1.0959781,0.4690665,0.70964366,0.77859807,0.51176333,1.3690531,0.0,1.1355622,0.0,0.10393798,0.109807126,1.1182958,0.0,0.30698225,0.0,0.9977288,1.3085523,0.79494274,1.1483433,0.61724627,0.0,0.0,1.6062598,1.0472262,1.012466,0.0,0.0,0.5903711,0.0,0.0,0.0,0.23516734,0.48150024,0.7012757,0.3036246,0.40430468,0.7697065,0.0,0.0,1.7453372,0.7851261,1.1809404,0.55968624,0.0,0.0,0.6315626,0.3103317,1.8940401,0.30569914,1.0201144,1.7901188,0.33588472,1.2500373,0.0,0.0,0.0,1.3222352,0.17841321,0.0,0.036477186,0.0,0.45824894,0.21900597,0.60549825,0.8394081,0.0,0.0,1.1746211,0.97140664,0.9729656,0.30449018,1.0038321,1.8591985,0.0,0.0,0.0,0.57235044,0.31340775,0.09664759,0.81413114,0.75986844,0.9288915,1.5443966,1.5123878,0.0,0.7680605,0.5100481,0.0,1.7887645,1.1608495,0.25216722,0.0,0.32089263,0.3573397,0.0,0.0,0.0,1.5675943,1.8169675,0.0,1.7207127,0.7987808,2.7248678,0.0,0.0,0.0,0.75991887,0.2817601,1.3688126,0.36961687,0.0,0.004921451,0.0,0.45637423,1
0.0,0.0,0.0,0.0,0.0,0.28025925,1.0330697,0.33968812,0.25416487,1.1036274,0.41025162,0.9838008,0.6711794,0.049420808,0.869791,1.0782694,0.6354113,1.5092432,0.0,1.5612379,0.0,0.9647889,0.0,0.31963634,0.7614689,1.0077572,1.0635589,0.031813364,0.0,0.20959818,1.9075058,0.9572306,1.5043786,0.3945272,0.0,1.3490433,0.4056542,0.82944363,0.90561885,0.70005447,0.0,1.6322719,0.0,0.0,0.0,0.2018602,0.15225813,0.5735988,0.9543151,0.0,1.310665,1.1370764,0.0,0.23097973,1.00138,1.1566316,0.62000257,0.0,0.0,1.0651294,0.0,0.756777,0.05114148,1.3233838,0.18856294,1.2043744,0.0,0.82341754,0.0,0.0,0.5031476,0.0,0.0,0.27486226,1.3735269,1.2274317,0.25327125,0.8577155,0.5747673,0.0,0.0,0.5170943,0.0,0.0,0.1673293,0.69628596,1.1098487,0.0,0.0,0.0,0.0,0.0,1.2949954,0.2447194,0.5863059,0.14560579,0.0,0.6787418,0.0,1.9515147,0.61233014,0.69689417,0.95872796,0.04804824,1.0593308,1.0682564,0.0,0.0,0.0,0.0,0.0,1.6960577,0.56089705,0.0,0.13654767,0.063774675,0.648448,0.76419437,0.0,0.0,1.2559853,1.1262915,1.1348747,0.1996305,0.8408688,0.18467905,0.0,1.0585577,1
0.0,0.0,0.0,0.06708721,0.0,0.58902174,0.96632594,0.33979517,0.61729646,0.9634485,0.41351202,0.76045024,0.46868163,0.1751361,0.6635733,0.7094193,0.9914349,1.638836,0.0064684586,1.1680799,0.0,1.1041527,0.0,0.6728843,1.139421,0.82532173,0.8879101,0.05357511,0.0,0.17244865,1.8897495,1.0716338,1.3238236,0.56001866,0.0,1.1032189,0.7841551,0.8458457,0.79364073,0.49227962,0.0,1.4070349,0.0,0.0,0.0,0.2241366,0.3973252,0.45760965,0.37451854,0.0,1.1809852,0.7405992,0.0,0.57254755,1.5194838,1.1777897,0.7535969,0.0,0.0,0.4698252,0.23795862,1.1737086,0.09539927,1.1939948,0.32713866,0.9162456,0.0,0.79917043,0.0,0.0,1.001847,0.0,0.0,0.31476477,1.2434658,1.172915,0.5792054,0.88925713,0.6799788,0.0,0.0,1.2899052,0.15019946,0.0,0.039572336,1.3015286,1.4883784,0.0,0.1634218,0.0,0.0,0.0,0.80583674,0.3057164,0.8835516,0.0,0.03182497,0.63500947,0.0,1.6039069,0.186375,0.23566484,0.64324754,0.12382198,0.7089106,0.65908986,0.0,0.0286738,0.0,0.0,0.0,1.5358045,0.46512324,0.0,0.343941,0.12862694,0.6346634,0.86146045,0.0,0.0,0.46985254,0.76156086,1.116071,0.07268141,0.50737804,0.16363756,0.0,0.87822413,1
0.0,0.0,0.0,0.09034377,0.0,0.41039962,0.7773835,0.0,0.5617275,1.1774812,0.3095249,0.95578134,0.67036664,0.3423149,0.7717033,1.0817176,0.44798973,1.5649391,0.0,1.614135,0.0,1.0773463,0.0,0.41740793,1.0468875,1.2856147,0.9725209,0.3264353,0.0,0.29848453,2.0923207,0.95058787,1.4551266,0.87477356,0.0,1.3302097,0.66936153,0.4992931,0.81538785,0.51876676,0.0,1.5397254,0.0,0.0,0.0,0.42011276,0.20691022,0.71072763,0.7144869,0.0,1.6308744,1.223396,0.0,0.40796125,1.0274589,0.97048473,0.48835826,0.0,0.0,1.2438112,0.0,1.0099405,0.0,0.9549798,0.18876758,0.8451003,0.0,1.0130332,0.0,0.0,0.63851327,0.0,0.0,0.42926922,1.6567646,1.3626347,0.42842713,1.0595944,0.7290403,0.0,0.0,0.77459776,0.22981201,0.0,0.15269111,1.070916,1.4499193,0.0,0.0,0.0,0.0,0.048175275,1.2305523,0.13672145,0.5784542,0.21772145,0.03359031,0.88192934,0.0,1.523861,0.528945,0.5587001,0.70325756,0.0,0.98767585,1.076559,0.0,0.0,0.0,0.0,0.0,1.4834889,0.60601294,0.0,0.2370527,0.0155999735,0.40769058,0.53805584,0.0,0.0,1.3199018,0.93166196,0.82329166,0.24240722,0.6587643,0.73714834,0.0,1.0817221,1
0.0,0.28401235,0.0,0.0,0.0,0.8033951,0.027015287,1.171153,0.29147494,0.96790224,0.0,1.055621,0.68175477,0.5361835,0.692171,0.6432546,0.6191879,1.0539238,0.907159,0.28854656,0.0,0.040714107,0.0,0.39297312,0.6155078,0.34814563,0.5549511,0.23090582,0.0,1.235616,1.6719961,0.9493157,0.57931525,0.30669585,0.0,1.0374318,1.5620518,0.43489242,0.0,1.0526842,0.0,0.46225813,0.0,0.0,0.0,0.26108795,0.25036976,0.0,0.0,0.40988055,0.0,0.5453244,0.0,1.5255846,0.36191264,0.76144075,0.03103916,0.0,0.0,0.29497468,0.5078078,1.0924236,0.47023034,0.024469333,1.9119564,0.5666849,0.2030755,0.40813032,0.0,0.50341713,1.4996732,0.0,0.0,0.61003965,0.65163857,0.5735507,1.0347458,0.15282086,0.2525812,0.0,0.0,0.9060022,0.4010963,0.9030956,0.6146245,0.3847311,1.2093436,0.0,0.34532443,0.0,0.40498695,0.25743723,0.4555211,0.41820198,0.0,0.18553495,1.1555821,0.92817116,0.0,0.80360925,0.35386792,0.29549643,1.5911949,0.45774406,0.3801617,0.17748438,0.0,0.7989091,0.0,0.0,0.0,1.3016999,2.2113755,0.0,0.8461013,0.76103985,1.6013741,0.6022425,0.0,0.0,0.50186515,0.044575352,1.4167457,0.7568286,0.24624997,0.2562011,0.0,0.95745015,1
0.0,0.39618033,0.0,0.0,0.0,0.7697012,0.26478872,0.35132962,0.17232352,0.9555727,0.0,1.0330826,0.80669475,0.20363218,0.5733536,0.71359885,1.1013521,0.8894101,0.38507518,0.66407126,0.0,0.7322193,0.0,0.29359782,0.82882506,0.77881396,1.029784,0.0,0.0,0.7645728,1.8039613,1.4385041,0.68100625,0.09120071,0.0,1.1174821,1.241918,0.7493251,0.33170125,1.1160614,0.0,0.7416699,0.0,0.0,0.0,0.6171228,0.15311962,0.7133653,0.0,0.0,0.7469337,1.0692841,0.0,1.1690836,1.0112126,0.6717921,0.18187001,0.0,0.0,0.7581368,0.48212963,1.2671168,0.053963,0.3294552,1.0140721,1.2084872,0.18453212,0.85493606,0.0,0.36380184,1.1967212,0.0,0.0,0.92252314,1.0720655,0.4385877,0.836071,0.6147799,0.05553621,0.0,0.0,1.2052053,0.5536563,0.4531239,0.12566796,0.0,1.5229075,0.0,0.6495525,0.0,0.17984681,0.6023079,1.3323048,0.22047731,0.0,0.23550871,0.5106864,0.8894761,0.0,0.96861106,0.62869996,0.77718914,1.2332016,0.30698603,0.93725544,0.8548623,0.0,0.5486256,0.0,0.0,0.0,1.61387,1.1803483,0.0,0.69161403,0.192566,0.6189189,0.5663711,0.0,0.0,0.9950108,0.0,0.81065035,0.43807065,0.4274228,0.7350928,0.0,0.9325315,1
0.0,0.11994009,0.0,0.17781836,0.0,0.0,0.88125044,0.038783103,0.21948174,0.03123271,0.0,0.797329,1.7873995,0.47304523,0.0,1.4196025,0.50744385,1.2667123,0.57742095,0.76372707,0.0,0.96507627,0.0,0.2514051,1.2791506,0.6551737,1.3590997,0.0,0.0,0.019279212,2.2632577,2.0201278,1.4154872,0.12103973,0.0,1.387648,1.5278971,0.0,0.9340547,1.1444231,0.0,0.8544305,0.0,0.0,0.0,0.088544466,0.0,1.0058076,0.0,0.0,0.6573014,1.5552754,0.0,0.0033592684,0.8904869,0.34415364,0.497953,0.0,0.0,1.395414,0.2758018,1.7208855,0.0,0.0,0.7766362,1.3444033,0.0,1.4156067,0.0,0.54844135,0.9372266,0.0,0.0,1.2999157,1.8589253,0.8331983,0.5554721,1.458963,0.10938345,0.0,0.0,0.52435225,0.2717485,0.0,0.64133406,0.09623875,1.8166052,0.0,0.7866196,0.0,0.0,0.07533926,1.6077472,0.5105144,0.0,0.0,0.0,0.43959165,0.0,1.2427154,0.27690992,0.8747887,0.4559582,0.024956029,0.54092693,0.4019299,0.0,0.0,0.0,0.0,0.0,0.8406548,1.1172248,0.0,0.21394308,0.0,0.0,0.9018077,0.0,0.0,1.0291482,0.028608415,0.874221,0.0,1.3941749,0.77126795,0.0,1.2689408,1
0.0,0.5909224,0.0,0.22102967,0.0,0.0,0.7571866,0.39157137,0.30739388,0.3505601,0.0,0.72055966,0.93765587,0.51227987,0.41657975,0.43747014,0.20767722,1.2433419,0.4973371,0.22272927,0.0,0.72324526,0.0,0.4468494,0.9121275,0.58157283,0.733376,0.17526183,0.0,0.49822667,1.5902126,1.2004464,0.4269797,0.6539287,0.0,1.1885884,1.5332147,0.12295452,0.22500473,0.7373873,0.0,0.53952825,0.0,0.0,0.0,0.28931955,0.13268423,0.4211355,0.0,0.0,0.63713735,0.90382147,0.0,0.09662501,0.3006849,0.3022519,0.25587827,0.0,0.0,1.1797942,0.34770826,1.2408831,0.07623152,0.07556162,0.6949117,1.0663325,0.0,0.88554996,0.0,0.0,0.4635574,0.0,0.0,1.0723171,1.0169528,0.2707163,0.8608826,0.4630216,0.0,0.0,0.0,1.1906238,0.024131715,0.21456182,0.057513006,0.240689,1.0550429,0.0,0.41125777,0.0,0.0,0.065672226,1.1182034,0.30779147,0.0,0.0943387,0.4309146,0.8143884,0.0,1.2415583,0.42206207,0.43430108,0.5177291,0.0979378,0.73477906,0.81090444,0.54753095,0.58075875,0.0,0.0,0.0,1.1739595,0.9907178,0.0,0.10324546,0.60053176,0.33201715,0.94804305,0.0,0.0,0.84967816,0.14556357,1.0584208,0.0,0.7292412,0.91158223,0.0,0.80021757,1
0.0,0.11365405,0.0,0.7997857,0.0,0.18131715,1.0473346,1.1628824,1.3331732,0.52161336,0.48484364,0.48163444,0.23018074,1.0507948,1.1710263,1.295892,0.0,0.8602293,0.49832723,1.8792449,0.0,1.1468505,0.0,0.76644385,1.0401958,1.43901,0.82348955,0.0,0.058160737,0.0,2.371026,0.6808142,1.3478976,0.0,0.0,1.5338625,0.5431971,0.59225523,1.2280729,1.0315459,0.0,2.0609233,0.0,0.0,0.0,0.0,0.1790911,0.6896049,1.076644,0.0,1.0171512,0.0724452,0.0,0.16246969,1.5318891,0.989007,0.8580931,0.0,0.0,1.9028692,0.0,1.3409206,0.0,1.8773143,0.73826087,1.0096723,0.0,0.4946387,0.0,0.39043134,0.21158332,0.15545723,0.0,0.23817313,1.1132128,1.2065736,0.16728052,1.025212,1.3166598,0.0,0.0,0.69708323,0.0,0.0,0.29486144,1.8218553,1.0875231,0.0,0.0,0.0,0.0,0.12672403,0.87018836,0.0,1.6301311,0.27473187,0.23680478,0.0,0.0,1.4792292,0.0,0.49377242,0.1604475,0.37243092,0.95523256,0.96576554,0.0,0.0,0.0,0.0,0.0,1.3488677,0.7891181,0.0,0.388834,0.0,0.9155041,0.48566875,0.0,0.0,0.7502256,0.63481456,1.9789816,0.0,0.42263216,0.65054697,0.0,1.5046605,1
0.0,0.15937331,0.0,0.0045957337,0.0,0.0,0.4281037,0.20104896,0.0,0.44305545,0.16641136,0.9628339,0.5053323,0.23805347,0.5651386,0.87588745,0.5990831,0.94561815,0.76601017,0.7048273,0.0,0.39303875,0.0,0.30607012,0.8411958,0.6915516,0.80318093,0.16886114,0.0,0.46405107,1.5223647,1.4238164,0.5298183,0.8480924,0.0,1.6562127,1.520709,0.41448325,0.5307473,1.1368876,0.0,0.49274412,0.0,0.0,0.0,0.7318035,0.25762886,0.32578692,0.0,0.0,0.9156183,1.3548402,0.0,0.6349372,0.5461539,0.3567193,0.0,0.0,0.20351486,1.2379268,0.1652532,1.4398189,0.22664487,0.12411751,1.2936928,1.6979414,0.0,0.73420846,0.0,0.2070625,0.7497307,0.0,0.0,0.6855311,1.1595073,0.3159817,0.4630717,1.5221382,0.0,0.0,0.0,0.6041664,0.0,0.0,0.0,0.21501769,1.5551865,0.0,0.20695324,0.0,0.0,0.08098486,0.94780064,0.18852848,0.0,0.04987909,0.24748199,0.67604035,0.0,1.0466995,0.77082014,0.2037724,0.8037567,0.0,0.2655198,0.7435705,0.06158964,0.38496634,0.0,0.0,0.0,0.8133924,0.92958874,0.0,0.19226943,0.31308258,0.0,0.33943927,0.0,0.18677412,1.5691435,0.3095888,0.37658072,0.0,0.9308055,0.44511083,0.0,1.1788987,1
0.0,0.35556424,0.0,0.0,0.0,0.9344333,0.43133715,0.17197685,0.67758346,1.354747,0.0,1.1015694,0.0,1.1141596,0.93298113,1.1741906,0.76817924,1.6434094,0.5832664,1.0927474,0.0,0.7741305,0.0,0.97571045,1.571856,1.6652929,0.6068467,0.56300277,0.0,0.57485276,2.2150285,0.7604123,0.71526927,0.6370241,0.0,1.2357384,1.1917093,0.27498633,0.68482864,0.9872385,0.0,1.1562887,0.0,0.0,0.0,0.22492684,0.23281707,0.66994435,0.14901282,0.0,0.65117383,0.41699776,0.0,1.2884259,1.291644,0.7775513,0.74366105,0.0,0.0,0.5892677,0.28539604,1.127911,0.19809839,1.3425088,1.277624,0.0,0.056724697,1.2596674,0.0,0.021864392,1.4369215,0.0,0.0,0.6502945,1.2700747,1.4291571,0.54454774,1.5253816,0.40909907,0.0,0.0,1.8291279,0.2952702,0.4141717,0.3944056,1.7751008,1.8820649,0.0,0.31305,0.0,0.13890702,0.19600968,0.99406487,0.631791,0.11850569,0.38806826,0.520507,0.13050853,0.0,1.2462479,0.0,0.5957182,1.2825731,1.2371409,0.34888098,1.1519717,0.0,0.0,0.0,0.0,0.0,1.9614153,0.8568934,0.0,0.54963243,1.0029274,2.3529668,0.5780804,0.043888234,0.0,0.8522061,0.59419996,1.4826001,0.7653817,0.0,0.02709414,0.0,0.6560532,1
0.0,0.035739932,0.0,0.22955486,0.0,1.3761376,0.0,0.30195308,0.0,0.64756763,0.050113954,0.03237688,1.3846703,0.54980075,0.14004436,1.3707024,1.5659887,0.9548293,0.12872997,0.88677144,0.0,0.84270734,0.0,0.3628444,1.0656,1.3952407,1.0955062,0.0,0.0,0.7192076,2.445526,1.8478141,2.1542425,0.1190214,0.0,1.7355576,1.0055085,0.4986472,0.39965045,1.0634679,0.0,0.7399605,0.0,0.0,0.0,0.7191738,0.0,0.8873099,0.0,0.0,0.4071557,1.7297544,0.0,1.281042,1.1495341,0.506775,0.19324048,0.0,0.0,0.703633,0.34493476,1.5365064,0.5791204,0.8685525,0.22617127,0.8786021,0.0,1.2320663,0.0,0.1333326,1.713333,0.0,0.0,1.0849551,1.6742731,1.175696,0.53804076,1.4269142,0.36888894,0.0,0.0,1.0708934,0.535053,0.38035384,0.59020036,0.119972125,1.0422982,0.0,0.35289857,0.0,0.032300804,0.0,2.1357834,0.5305914,0.2319496,0.1814927,0.5926622,0.63276297,0.0,1.3947324,1.0626373,1.209213,1.0496175,0.24926025,0.27690753,0.554849,0.6486495,0.14710258,0.0,0.0,0.0,1.7015039,1.1539584,0.0,0.15563051,0.30410227,0.26748794,1.2367345,0.0,0.0,1.0515143,0.4364193,0.83494425,0.59880286,1.3910371,0.0,0.0,1.3009431,1
0.0,0.0,0.0,0.018938325,0.0,0.26397428,0.79598427,0.01925196,0.8288274,0.94917554,0.09582387,0.2874211,0.14853092,0.49422,0.67550653,1.165478,0.70893484,1.227673,0.09320694,1.5057782,0.0,1.1147175,0.0,0.48287818,0.90176326,1.2232529,0.2672768,0.0,0.0,0.27407143,1.3782278,0.75272006,1.1578046,0.48022008,0.0,0.8591755,0.3480064,1.0010986,1.2330527,0.85017526,0.0,1.3048172,0.0,0.0,0.0,0.007452498,0.29778594,0.74228317,0.9300613,0.0,1.2539635,0.62066257,0.0,0.0,1.3016198,0.8493701,0.77482545,0.0,0.0,0.92356974,0.0,1.3384527,0.0,1.097515,0.0,0.58235604,0.0,0.43282583,0.0,0.0,0.5681417,0.0,0.0,0.38371858,1.5756644,1.2925701,0.3150929,0.605118,1.3437334,0.0,0.0,0.5295588,0.43436122,0.0,0.381868,1.1609869,0.95922565,0.0,0.21184848,0.0,0.0,0.0,1.494597,0.42412153,1.1043825,0.0,0.47767904,0.2643053,0.0,2.094752,0.0070250463,0.98808914,0.46812862,0.027225804,1.0679775,1.0824616,0.0,0.0,0.0,0.0,0.0,1.4460678,0.4604612,0.0,0.0,0.0,0.9022136,0.712175,0.0,0.0,0.8968878,0.3182806,1.583556,0.056688607,0.6722807,0.14305373,0.0,0.8023374,1
0.0,0.0,0.0,0.05483202,0.0,1.4292132,0.54685265,0.32455516,0.06392408,1.1454322,0.3981513,0.6485315,0.0,0.24142143,0.8543353,0.75164086,1.0953525,0.7254129,0.337001,1.4458634,0.0,0.9145375,0.0,0.5228531,0.38300973,1.166304,0.9194759,0.0,0.0,0.51099586,2.057328,0.8450853,1.3709828,0.089628205,0.0,1.1549596,1.298419,0.96209484,0.8913864,0.8519616,0.0,1.3412439,0.0,0.0,0.0,0.0,0.18964557,0.40396667,0.72855586,0.0,1.0980835,0.618776,0.0,0.3543344,0.7670058,1.3492411,0.38298336,0.0,0.0,0.4246872,0.18786561,1.6690603,0.0,0.88133335,1.419742,0.6241977,0.0,0.0,0.0,0.0,1.5758634,0.0,0.0,0.0,1.5605696,1.0601772,1.1791122,0.86269623,1.4918987,0.0,0.0,1.7046311,0.38629785,0.66974044,0.120142885,1.0112311,1.4752928,0.0,0.0,0.0,0.0,0.0,0.6006824,0.5722051,0.4005049,0.5717152,0.98344874,0.43929544,0.0,1.2809974,0.49575397,0.5485644,1.1144745,0.1933925,0.6717916,1.29074,0.25738958,0.018740969,0.0,0.0,0.0,1.8814372,0.46737584,0.0,0.6921499,0.7889212,1.792486,0.73889947,0.0,0.0,0.5789901,0.08877295,1.2165883,0.75754535,0.17465617,0.0,0.0,0.83217204,1
0.0,0.07207623,0.0,0.0,0.0,0.93968797,0.91318935,0.83276284,0.0,0.74362653,0.0,0.9613697,0.5943182,0.05224703,0.03304663,0.6427912,1.1176257,1.1978154,0.7187853,1.0059777,0.0,0.9786233,0.0,0.0,0.42779756,0.6413197,0.5190422,0.0,0.0,0.924502,1.574175,1.4169322,1.0196731,0.41673896,0.0,0.6822482,1.6058615,0.54804087,0.9603489,0.4246749,0.0,0.6834431,0.055212323,0.0,0.0,0.7340478,0.6532309,0.3031615,0.007061227,0.0,0.47872245,1.0903772,0.0,0.7742404,1.0344839,0.4681414,0.0,0.0,0.0,0.37257117,0.0,1.4525161,0.11836893,0.47512648,1.3503886,0.95126504,0.03464687,0.71197546,0.0,0.0,1.4810643,0.0,0.0,0.6492402,1.3336104,0.7416368,0.5647268,0.9417133,0.0,0.0,0.0,1.111661,0.72850454,0.49436024,0.5208632,0.48341092,0.84089565,0.0,0.0,0.0,0.5380594,0.14429227,1.0836476,0.908857,0.6278996,0.052018017,0.8775896,0.6617084,0.0,1.3807907,0.62026983,0.2817122,1.5136098,0.2795565,0.23781902,0.5998504,0.0,0.9881473,0.0,0.0,0.0,0.91323566,1.9926158,0.0,1.2938263,0.9766379,1.0012251,0.3875398,0.0,0.0,1.5064079,0.0,0.85266465,0.7204242,0.0,0.30579215,0.0,0.82013386,1
0.0,0.2607912,0.0,0.0,0.0,0.4804258,1.4030502,1.0096654,0.45985097,0.6123178,0.03320066,0.2697128,0.779306,0.1333776,0.0,0.6633082,1.0868583,1.401478,0.07398414,1.380976,0.0,0.95672125,0.0,0.0,0.9808745,1.2054535,0.40500647,0.14797334,0.0,0.2385878,1.5309676,0.7660409,0.94252276,0.61554456,0.0,0.65224594,1.1082735,0.3503816,0.8519301,0.5003142,0.0,1.124668,0.0,0.0,0.0,0.28555733,0.07199588,0.33894002,0.46912235,0.0,0.50405896,0.4841594,0.0,1.274322,0.98062086,0.6715357,0.77144414,0.0,0.0,1.080736,0.32768056,1.4355774,0.48265663,1.5116758,1.3846245,1.0776854,0.01801394,0.7900567,0.0,0.0,1.0333195,0.0,0.0,0.2416338,1.5838244,0.8984334,0.012606239,0.6715649,0.5576185,0.0,0.0,0.71189046,0.6634314,0.20576087,0.18260957,0.6371414,1.8203353,0.0,0.4167324,0.0,0.0,0.0,0.8925332,0.51707643,0.692439,0.087861404,0.8330076,0.5790173,0.0,1.4725202,0.42937824,0.7331849,0.77952373,1.3877703,0.714168,0.40645343,0.065231815,0.48235556,0.0,0.0,0.0,1.6382253,0.84055966,0.0,0.38184395,0.70372725,1.5425867,0.8534024,0.0,0.0,0.93066794,0.51279837,1.4189309,0.696647,0.29799736,0.17118369,0.0,0.5000221,1
0.0,0.34280774,0.0,0.0,0.0,0.9646792,0.87795657,0.4752108,0.24991134,1.5610259,0.16433117,0.8856755,0.58895415,0.62006307,0.43495458,0.9548027,0.984345,2.1528955,0.44606593,1.1047324,0.0,1.0664625,0.0,0.9275326,1.7896186,0.91596884,0.9595755,0.0,0.0,0.30174497,2.3482237,1.3463123,1.31578,0.74953014,0.0,0.92195123,2.284683,0.0,0.9153823,0.4446862,0.0,0.9011145,0.0,0.0,0.0,0.7259401,0.2609211,0.5175147,0.21415158,0.0,0.52262485,0.21578549,0.25731522,0.42361358,1.3833847,0.5119565,0.62279904,0.0,0.0,0.7185457,0.65735006,1.5832134,0.0781543,0.625828,1.76671,0.2571627,0.0,1.6884825,0.0,0.0,1.6362429,0.0,0.0,0.8088829,1.5806329,2.3321397,0.68057454,1.3718455,0.7381716,0.0,0.0,1.5696518,0.0,0.3707864,0.45648265,0.6125575,1.2505863,0.0,0.64931685,0.0,0.0,0.0,1.417184,0.10787896,0.0,0.010676995,1.3243032,0.4403813,0.0,1.267267,0.19765154,0.14301844,0.81953007,1.3916706,0.0,0.7329158,0.39861467,0.42114305,0.0,0.0,0.0,1.486745,1.3377644,0.0,0.044491194,1.5604922,1.9694839,0.20457509,0.0,0.0,0.43913618,0.0,1.9955664,0.18440045,1.31888,0.8362021,0.0,1.2732824,1
0.0,0.19504185,0.0,0.23666325,0.0,0.33457014,0.9223108,0.0,0.3129887,0.104089685,0.21329203,1.0385089,1.5062305,0.6146956,0.023002362,1.0100927,0.6965545,1.110018,0.360927,1.0317248,0.0,1.369721,0.0,0.62041473,1.3741108,0.9951541,1.8192984,0.0,0.0,0.120232806,2.3240635,1.8746992,1.599765,0.05230923,0.0,1.2362213,1.390247,0.5372519,0.69247586,1.2726353,0.0,1.2999666,0.0,0.0,0.0,0.22363548,0.0,0.9623076,0.26707917,0.0,1.2980199,1.3881994,0.0,0.05772556,1.3855863,0.62191546,0.6765357,0.0,0.0,1.6999506,0.2995282,1.3795532,0.0,0.0,0.39301807,1.7965413,0.0,1.2053052,0.0,0.0,1.3645715,0.0,0.0,1.4914342,1.6437124,0.9854811,0.6788118,0.94462997,0.3889144,0.0,0.0,0.8166266,0.0,0.012116086,0.5743522,0.46719736,1.5643321,0.0,0.72417116,0.0,0.0,0.36121067,1.643281,0.27215463,0.38770387,0.0,0.1420789,0.3648935,0.0,1.3268415,0.6797008,1.0048636,1.0725777,0.19106324,0.7485311,0.8442047,0.0,0.15429476,0.0,0.0,0.0,0.8592403,0.778501,0.0,0.0,0.0,0.101237684,1.3675014,0.0,0.0,1.1805215,0.439004,1.5415093,0.082574815,0.9896992,1.1900434,0.0,1.4143586,1
0.0,0.06077126,0.0,0.18113379,0.0,0.8721654,0.26559174,1.1365584,0.47046942,0.28545967,0.112478174,0.33246386,1.4687301,0.53000635,0.46179205,0.5357979,1.1227084,0.9328132,0.06367788,0.95804113,0.0,0.81497306,0.38031805,0.09959546,1.313088,1.8119956,0.69243973,0.0,0.0,0.4328937,2.1907134,0.96643895,2.2194912,0.49124235,0.0,1.3233039,1.0836705,0.7450727,0.26560265,1.0719442,0.0,0.91217244,0.17985652,0.0,0.0,0.44905975,0.18158881,0.6382195,0.4142962,0.0,0.75665116,0.90026593,0.0,0.9782473,1.4402713,0.79398584,0.63953793,0.0,0.0,0.5999866,0.30810913,1.6033838,0.7224397,0.0,1.9338193,0.65977573,0.0,0.9853175,0.0,0.0,1.0354794,0.0,0.0,0.34672993,1.8866979,1.1241994,0.40131947,1.6079834,0.5757552,0.0,0.0,1.1279446,0.9283315,0.38885614,0.10273401,0.6713278,1.8047878,0.0,0.2937941,0.0,0.11959117,0.029120976,1.2036122,1.5152477,0.36970565,0.1799891,1.1257921,1.004722,0.0,1.6362567,0.53872645,0.63614255,1.3286487,0.1467727,0.0,0.24897872,0.0,0.6082844,0.0,0.0,0.0,1.1717238,0.8686777,0.0,0.6567172,0.6040517,0.7320511,0.44513938,0.0,0.0,0.62040246,0.0,1.7880309,0.9372779,0.2923376,0.8914022,0.0,0.59450716,1
0.0,0.43339625,0.0,0.36230657,0.0,1.018965,0.4277492,0.7413944,1.2562685,0.5654779,0.7913208,1.0797064,0.0,0.2990487,0.54014874,0.9370532,0.36377457,0.9653852,0.16597968,1.7534472,0.0,0.76112366,0.0,0.41075814,1.2416686,1.1308374,1.2175789,0.0,0.0,0.011224537,2.0932848,0.85073835,1.2824334,0.2756304,0.0,1.0957153,1.32219,0.6002561,1.1257925,0.65638185,0.0,1.6676247,0.0,0.0,0.0,0.0,0.0,1.2054003,0.86120445,0.0,0.8137413,0.8299553,0.0,0.65364474,1.4580193,0.9518957,1.1552587,0.0,0.0,1.6937698,0.0,1.5413214,0.04963572,1.3414809,0.90229136,0.9956142,0.0,0.8247869,0.0,0.0,1.073215,0.0,0.0,0.9746177,1.5856211,2.0158384,0.21448305,0.7519244,1.6162249,0.0,0.0,1.1266242,0.0,0.44018576,0.0,1.3354635,1.4733349,0.0,0.0814647,0.0,0.0,0.009617925,0.94098246,0.5093329,1.0344797,0.11063318,0.44802508,0.0,0.0,1.5075823,0.36853936,1.0757035,1.5412083,0.51648694,0.6714049,1.116175,0.0215647,0.0,0.0,0.0,0.0,1.5570402,0.51250315,0.0,0.5778736,0.6406438,2.0960083,0.7160217,0.0,0.0,0.0,0.24130754,1.4008551,0.20189618,0.4735869,0.0,0.0,1.6457795,1
0.0,0.0,0.0,0.0,0.0,0.5307341,0.67985743,0.0,0.2260524,0.7085384,0.25245652,0.35224253,0.9791921,0.28205627,0.0,1.042744,1.4561461,0.8404085,0.368002,1.0101988,0.0,1.4157746,0.0,0.16250375,1.7692089,1.2223464,1.0267646,0.0,0.0,0.51657027,1.6896486,1.5902969,1.6496142,0.49009928,0.0,1.0921112,1.0707296,0.91001046,0.4425842,1.1283082,0.0,1.525522,0.0,0.0,0.0,0.9558546,0.44865975,0.92643344,0.54269844,0.0,0.97013545,1.8977207,0.0,0.26030055,0.7040244,0.2974905,0.2242165,0.0,0.0,1.6065997,0.15469237,1.2343528,0.006927024,0.0,0.41270393,1.617328,0.0,0.88139373,0.0,0.0,1.2985908,0.0,0.0,1.2161717,1.8341336,0.89248925,0.288048,1.242348,0.0,0.0,0.0,0.9970759,0.47532883,0.0,0.4447512,0.0,1.4191146,0.0,0.05638755,0.0,0.0,0.0,1.8992431,0.76180863,0.74287486,0.0,0.40878505,1.0952877,0.0,1.2542943,0.8150086,1.0179669,1.3944733,0.058897834,0.8255164,0.9734227,0.36475414,0.4296312,0.0,0.0,0.0,0.67284787,1.1983684,0.0,0.0,0.18053542,0.20271285,0.8887247,0.0,0.0,1.055203,0.6685661,1.153869,0.04491195,0.94540286,0.88062197,0.0,0.7862566,1
0.0,0.1416918,0.0,0.0029038854,0.0,0.6402685,0.7108989,0.09984094,0.0,0.7454805,0.015133841,0.81710505,1.4490329,0.50494164,0.54282105,0.42673713,0.9265065,0.74376816,0.0,0.85507005,0.0,0.87795186,0.0,0.1241294,0.6936611,1.182435,1.0414145,0.032241654,0.0,0.0008977569,1.8497267,1.2620257,0.8353306,0.0,0.0,1.1591266,1.6360965,1.1758556,0.64934176,1.0999217,0.0,0.36949185,0.0,0.0,0.0,0.6318576,0.04025191,0.78494,0.4314726,0.07907803,0.9392178,1.3279396,0.0,1.0301652,1.0854164,0.49860385,0.0,0.0,0.0,0.79015684,0.38211593,1.3343045,0.0,0.4542891,1.619148,0.9697488,0.21736799,0.8770156,0.0,0.0,1.1935024,0.0,0.0,1.3859051,1.2854903,0.6241904,0.88726383,0.5748929,0.26563957,0.0,0.0,1.473839,0.27546626,0.21602643,0.14894448,0.0,1.8200163,0.0,0.62281007,0.0,0.15490976,0.2388483,1.6859769,0.53360224,0.0,0.0,0.19595963,1.0603205,0.0,1.00817,0.6746302,0.77213454,1.0361978,0.0,0.6020789,0.8670605,0.0,0.75539005,0.0,0.0,0.0,1.4684055,1.178811,0.0,0.6423868,0.4412091,0.96537447,0.9880007,0.0,0.0,1.0973476,0.0,0.550562,0.41604704,0.82702035,0.7663569,0.0,1.1597936,1
0.0,0.3732873,0.0,0.0,0.0,0.48351324,0.84555215,0.30022183,0.39021918,0.42813048,0.3341548,0.79622966,0.86762923,0.21396364,0.35364223,1.0958887,1.2563136,1.0538664,0.0,0.7753836,0.0,1.2848476,0.0,0.6773399,0.6937658,1.1880955,1.0901269,0.0,0.0,0.27595454,1.7984911,1.6630954,1.2614735,0.0,0.0,1.3339559,1.1717945,0.7957163,0.65840924,0.57464534,0.0,0.6853053,0.0,0.0,0.0,0.6217688,0.0,1.0682273,0.124094486,0.0,0.55937964,1.4817947,0.0,1.0665859,1.2173463,0.2333661,0.57129955,0.0,0.0,1.3541206,0.39080977,1.6180259,0.32083398,0.7303807,0.709183,1.4918923,0.4155931,1.0883318,0.0,0.59585077,0.8336127,0.0,0.0,1.1771718,1.2212185,0.6943744,0.65263045,0.64621294,0.039907716,0.0,0.0,0.98662287,0.0,0.71945286,0.8934001,0.662949,1.2433857,0.0,0.11864341,0.0,0.31288105,0.3925606,1.3659127,0.69781554,0.18772376,0.2625579,0.019943183,0.8270295,0.0,0.89305526,0.69270873,1.1827515,1.1084688,0.0,0.3490156,0.44858342,0.0,0.0,0.0,0.0,0.0,1.6206225,0.91423637,0.0,0.51042813,0.45789975,0.34579262,0.5979472,0.0,0.0,1.5424631,0.46643832,0.6723291,0.47074085,0.7830195,0.64638734,0.0,1.39044,1
0.0,0.4059027,0.0,0.2422236,0.0,0.18492907,0.89627516,0.0,0.7844103,0.7009215,0.14134143,1.0616571,0.78701216,1.1310439,0.08112145,1.3671988,1.0658722,0.80756575,0.46108142,0.83846676,0.0,1.0815322,0.0,0.98872846,1.2946858,1.0157329,1.6709862,0.0,0.0,0.10778304,2.1867,1.8667753,0.99269885,0.0,0.0,1.7136111,1.1848941,1.0115821,0.4808469,0.42719713,0.0,0.83029145,0.0,0.0,0.0,0.62530816,0.13064966,1.613312,0.033672586,0.0,1.0049894,1.5867482,0.0,0.81224835,1.4717866,0.0,0.40015465,0.0,0.0,1.4805949,0.45685104,1.6234955,0.12043684,0.698735,0.51470363,1.7172627,0.0,0.81577355,0.0,0.047290534,0.64135593,0.0,0.0,1.398486,1.6751477,0.45958745,0.4153027,0.8066974,0.0,0.0,0.0,0.6536082,0.246254,0.12366471,1.0087857,0.34926927,1.5366718,0.0,0.11484492,0.0,0.36396223,0.12827262,1.5127442,0.33079502,0.34079257,0.0,0.0,0.7776773,0.0,1.290771,0.25546685,0.9427947,0.736112,0.0,0.56483895,0.94497985,0.111969076,0.26447457,0.0,0.0,0.0,1.3198634,1.2556709,0.0,0.30554736,0.21703063,0.2676932,0.95850974,0.0,0.0,1.5635881,0.5907232,1.1035295,0.17934112,1.0062369,0.742047,0.0,1.2907921,1
0.0,0.0,0.0,0.16110642,0.0,0.0073887184,0.79151803,0.010169672,0.5279801,0.48801756,0.0,0.5900144,0.5049064,0.10371738,0.38789904,0.6449157,0.35629675,0.81599385,0.2521193,1.3903224,0.0,0.7920673,0.0,0.7144914,0.5693687,0.6545855,0.220535,0.19268356,0.0,0.0,1.8182021,0.7575876,0.6595053,0.3258241,0.0,0.96782464,0.0,0.5776079,0.62828326,0.73213327,0.0,1.3192202,0.0,0.0,0.0,0.0,0.060389847,0.30941528,0.7531604,0.0,0.7540329,0.56442755,0.0,0.06740523,0.782542,0.4624297,0.17979775,0.0,0.0,1.0650877,0.0,0.8558347,0.0,0.9068255,0.31207436,0.84405804,0.0,0.667485,0.0,0.0,0.8721208,0.0,0.0,0.38980258,1.0878339,0.9444517,0.17847806,0.76965576,0.51154655,0.0,0.0,0.61259454,0.04889287,0.18425328,0.11771198,1.0377253,1.11234,0.0,0.12584157,0.0,0.0,0.0,1.0622028,0.07952551,0.47867587,0.0012194365,0.37627545,0.05602421,0.0,1.5004804,0.2924815,0.88548434,0.02701181,0.0,1.0241238,0.7818194,0.0,0.0,0.0,0.0,0.0,1.0000881,0.8325885,0.0,0.4136187,0.0,0.7151295,0.3965424,0.0,0.0,1.3078333,0.052093033,1.4974716,0.38796502,0.27743846,0.91111594,0.0,0.5563881,1
0.0,0.0,0.0,0.16906373,0.0,0.27760163,0.8368761,0.0,0.67433995,0.7612338,0.21565749,0.31191036,0.7792875,0.38766965,0.6478883,0.93120605,0.45589504,0.78557557,0.30616212,1.3073547,0.0,0.6984461,0.0,0.52534527,0.40701282,0.89345044,0.8566293,0.113365814,0.05010356,0.0,2.2727997,0.6679338,1.1225072,0.3774433,0.0,1.1412019,0.32307312,0.95071906,0.30018023,0.95705664,0.0,1.2380695,0.0,0.0,0.0,0.0,0.14310166,0.70177627,0.80490786,0.0,0.93809474,0.41828212,0.0,0.0,1.0207962,0.664518,0.48937213,0.0,0.0,0.9804146,0.0,0.679058,0.0,0.9456235,0.74742806,1.0043635,0.0,0.72171503,0.0,0.0,0.7899598,0.0,0.0,0.41327778,1.2454153,0.81353724,0.8366998,0.87204754,0.9772439,0.0,0.0,0.7727929,0.42685914,0.24278484,0.32330734,0.8409477,1.1030036,0.0,0.08726316,0.0,0.0,0.0,0.744515,0.10570345,0.3127281,0.18398187,0.3792675,0.41522765,0.0,1.6360414,0.5398549,0.6341691,0.72503686,0.0,0.7721377,0.9565629,0.0419663,0.0,0.0,0.0,0.0,1.2633308,0.8483919,0.0,0.21219087,0.0,1.2215414,0.21112576,0.0,0.07126129,1.0725316,0.0,1.0822976,0.57457423,0.15830316,0.60411817,0.0,0.78697664,1
0.0,0.26191187,0.0,0.23938745,0.0,0.16313486,0.47214115,0.4030453,0.90468943,0.72313386,0.2121024,0.7187845,0.9090477,0.4146772,0.61868256,0.6083645,0.7871136,0.5289501,0.32153335,1.143493,0.0,0.34174526,0.0,0.7432081,0.58051944,0.83323866,1.2152407,0.002801191,0.0,0.11044446,1.372705,1.1064793,1.1933224,0.0,0.0,1.3065227,1.6790786,1.0615474,0.29212993,1.2046366,0.0,0.53201216,0.0,0.0,0.0,0.5581461,0.0,0.56656945,0.21958975,0.22188371,0.6776853,1.2570566,0.0,0.5996951,1.301251,0.6595133,0.0,0.0,0.0,1.6004704,0.5969212,1.280172,0.0,0.635661,1.0224181,1.3627454,0.2056207,0.8889371,0.0,0.30519754,0.7217678,0.0,0.0,1.4673704,1.3608799,0.51339096,0.47092348,1.2972842,0.089750186,0.0,0.0,0.66623527,0.17218696,0.3319082,0.03015656,0.0,1.7138156,0.0,0.69109255,0.0,0.0,0.49938062,1.3280375,0.5072487,0.0,0.25635785,0.13063526,0.8746252,0.0,0.9112516,0.47890264,0.81315565,0.5931812,0.0,0.47561708,0.5519902,0.0,0.47779813,0.0,0.0,0.0,1.2254236,0.84181476,0.0,0.4047482,0.2371733,0.4954916,0.53510183,0.0,0.0918469,1.1467575,0.18446752,0.70764625,0.66027915,1.1378453,0.9287297,0.0,1.4058819,1
0.0,0.28670284,0.0,0.47297877,0.0,0.31714228,0.4346475,0.26548728,0.16684416,0.7558115,0.0,0.9740968,0.9513966,0.41711593,0.5079075,0.650363,0.7192466,0.65397763,0.2797211,1.0706805,0.0,0.3557847,0.0,0.67251253,0.5656279,0.7401599,1.010521,0.0,0.0,0.068721615,1.8719935,0.99052364,1.0292081,0.0,0.0,1.1045098,1.1678243,0.65640694,0.46302584,1.1231366,0.0,0.50782543,0.0,0.0,0.0,0.44926834,0.0,0.40262878,0.0,0.0,0.8807613,1.1575881,0.0,0.9236121,1.2257372,0.5140204,0.37659994,0.0,0.0,0.7929396,0.18343492,1.0355202,0.0,0.35519978,1.0238203,1.4684228,0.0,0.82087815,0.0,0.0,0.70843345,0.0,0.0,1.0406724,1.5028704,0.34873313,0.7483611,0.63671803,0.0,0.0,0.0,1.1482182,0.4121169,0.10483971,0.32186824,0.025099961,1.2324082,0.0,0.04421387,0.0,0.0,0.6255637,1.2054617,0.07789733,0.0,0.15727212,0.4689285,0.48361453,0.0,1.1143334,0.46436417,0.7411696,1.1411675,0.29624543,0.48105833,0.5824519,0.031743787,0.47988,0.0,0.0,0.0,1.4038258,0.9235168,0.0,0.534552,0.2892196,0.5925512,0.13502234,0.0,0.0,1.0013704,0.0,0.9427711,0.5522398,0.8307827,0.57757205,0.0,1.1488594,1
0.0,0.89561963,0.0,0.012345946,0.0,2.020569,0.0,1.3849217,0.0,0.95910186,0.0,0.41677964,0.56941265,0.2109485,0.9019725,0.41440648,0.6973145,0.41589585,0.57780886,0.49158567,0.0,0.4761267,0.0,0.18533745,0.219849,1.3500515,0.62091917,0.0,0.26563343,0.80472803,1.765033,0.59635264,1.261557,0.4467625,0.0,1.3033525,1.4407251,0.33709878,0.18526274,0.24730973,0.0,0.21181348,0.12789929,0.0,0.0,0.4968534,0.3833074,0.28227538,0.0,0.0,0.79057854,0.29650334,0.0,1.4350961,0.7831479,0.54978263,0.38952664,0.0,0.0,0.12932464,0.28337803,1.6709255,1.0733455,0.3255915,1.5937153,0.0,0.5238761,0.105820194,0.0,0.0,1.5635412,0.0,0.0,0.0,0.53334767,0.59064204,1.5197642,0.56528485,0.0,0.0,0.0,1.5794296,0.82667303,0.54033166,0.411789,0.8784566,1.3185445,0.0,0.7669973,0.0,0.2514843,0.7448332,0.24080071,0.7398181,0.0,1.0862658,2.0193617,0.6657921,0.0,1.234582,0.692966,0.0,1.7969475,0.7877291,0.0,1.1667178,0.0,1.0360141,0.0,0.0,0.0,1.2600948,1.8478106,0.0,1.185802,1.009454,1.0523809,0.08865777,0.0,0.0,0.34855586,0.0,0.6141492,0.31601417,0.0,0.5976059,0.0,0.4295473,1
0.0,0.7268105,0.0,0.0,0.0,1.3685561,0.71428317,1.0870316,0.0,1.1166323,0.059823066,1.4469907,0.97404945,0.09680865,0.7056858,1.0247425,1.0250144,1.4740571,0.46937248,0.89630014,0.0,0.28459257,0.0,0.0,0.3543486,0.9957362,0.5397957,0.0,0.0,1.7238191,1.9883277,1.6749485,1.8964132,0.84427035,0.0,1.094196,2.3435068,0.9350633,0.8653928,0.7663597,0.0,0.31069848,0.0,0.0,0.0,0.48231396,0.29914454,0.29843011,0.0,0.2578485,0.6611998,1.4169856,0.0,1.3984537,0.868879,1.3262845,0.37545747,0.0,0.0,0.24037136,0.052366,1.6481622,0.07476456,0.65805626,2.2545273,0.67225474,0.0,0.8408808,0.0,0.074756965,1.3913598,0.0,0.0,0.38487014,1.3437599,1.2492728,0.9515693,0.7155556,0.0,0.0,0.0,1.3872083,1.6095488,0.96293855,0.52937585,0.28673244,1.2001206,0.0,0.22435652,0.0,0.38806063,0.18472296,1.3962096,0.38976568,0.042291015,0.08825117,1.5318265,1.2283353,0.0,1.3460554,0.91553897,0.0,1.7576584,1.1707927,0.39543045,0.667557,0.0,0.7708988,0.0,0.0,0.0,2.1301823,1.4229609,0.0,1.2218931,1.0531174,2.0307903,0.6198843,0.0,0.0,0.78855544,0.08528416,0.85550225,0.8020973,0.2055957,0.025615945,0.0,0.85132897,1
0.0,0.0,0.0,0.0,0.0,0.65882283,0.0,0.17281672,0.0,0.8136064,0.18250217,0.34470022,1.5562642,0.64075756,0.21052276,0.6240879,0.9607694,0.80108863,0.3350313,0.8993868,0.0,0.9608858,0.0,0.29950625,1.1204406,1.4054037,1.0344505,0.0,0.0,0.13852751,2.0454357,1.6329206,1.2209821,0.05981143,0.0,1.7343594,0.98485345,0.51433104,0.32611197,0.87217516,0.0,0.5995685,0.23342825,0.0,0.0,0.3991199,0.0,1.1135424,0.050064027,0.0,0.6123422,1.2596914,0.0,0.91482455,0.5086238,0.39366925,0.27348801,0.0,0.0,0.55786145,0.27164632,1.5196592,0.094469495,0.6275767,0.60978824,0.80130744,0.0,0.66964036,0.0,0.0,1.0015815,0.0,0.0,1.2763625,1.2108525,0.8896856,1.2156625,0.9325526,0.2061607,0.0,0.0,0.8597614,0.5659667,0.0,0.19002207,0.2663906,1.4524759,0.0,0.4686033,0.0,0.0,0.0072759613,1.9090098,0.5192951,0.0,0.18866698,0.17493713,1.1132337,0.0,1.2298905,0.9881216,0.69650483,1.1788981,0.0,0.6493313,0.5297368,0.18507525,0.46006143,0.0,0.0,0.0,1.047623,0.95668435,0.0,0.7149044,0.32481787,0.31921905,1.0150324,0.0,0.0,0.65147144,0.15384051,0.4989449,0.25060445,1.0130653,0.43650818,0.0,0.87367004,1
0.0,0.62247676,0.0,0.0,0.0,0.0077374466,0.82751036,0.0,0.67258155,0.9227158,0.08098583,0.97216624,0.3755957,0.6817014,0.41282567,0.7492395,0.0,1.4765818,0.3520695,1.0005654,0.0,1.2860262,0.47542453,0.075757295,1.5444863,0.97570574,0.5655609,0.23950605,0.0,0.64280605,2.1838186,1.0066859,0.41293544,1.2988582,0.0,0.44278562,1.8052791,0.93776596,0.40593576,0.45930016,0.0,0.59817165,0.0,0.0,0.0,0.5853141,0.10663584,0.35288256,0.79156405,0.205489,1.788008,0.17384253,0.0,1.1159594,1.3744344,1.0354747,0.4136912,0.0,0.079140894,0.9338263,0.6760627,1.1996299,0.0,0.7613383,0.56795096,0.671802,0.16080046,0.9160138,0.48435754,0.0,0.6936829,0.15420304,0.0,0.049358793,0.81612134,1.3615639,0.3382768,0.90513813,0.86606485,0.0,0.0,1.3743966,0.15975362,0.2097137,0.37531173,1.4554135,1.3428584,0.0,0.0,0.0,0.0,0.16395895,0.7887981,0.3409474,0.15076132,0.25681812,0.72559416,0.85944986,0.0,0.88415027,0.0,0.37682113,1.2658049,0.5054252,0.6597373,0.9866256,0.19046769,0.0,0.0,0.0,0.0,0.8189198,0.9079445,0.0,0.5780748,0.79413503,1.7646618,0.19887689,0.29652873,0.018936232,1.2819406,0.6164272,1.2898494,0.2991348,0.0,0.91977996,0.0,1.1065457,1
0.0,0.59636354,0.0,0.0,0.0,0.56335276,0.35558173,0.4519186,0.0,0.73400676,0.03231874,0.6672048,1.0048285,0.2639534,0.10458035,1.0408214,0.8308362,0.8119168,0.52540064,0.6735256,0.0,0.3312339,0.0,0.31820413,0.7510479,1.2322778,1.3713052,0.0,0.0,0.47759184,1.868283,0.8415382,0.76390195,0.4178902,0.0,1.4703909,1.8399578,0.7297141,0.30270416,1.0628738,0.0,0.62586313,0.10360689,0.0,0.0,0.7554804,0.0,1.2166371,0.0,0.0,0.19044167,1.8701319,0.0,1.0520021,1.1766256,0.2257137,0.34400475,0.0,0.0,1.00456,0.2584108,1.4786366,0.06425477,0.78566104,1.7976018,0.8480047,0.09298661,0.8747629,0.0,0.38927886,1.003923,0.0,0.0,0.9980908,1.313538,0.52748156,1.0036726,1.3822707,0.080427766,0.0,0.0,1.3308793,0.69364285,0.42305443,0.113925286,0.0,1.489858,0.0,0.8119125,0.0,0.315551,0.14575134,1.4726826,0.18443231,0.1383442,0.0,0.9278137,0.8939316,0.0,0.92907304,0.57418877,0.9174589,1.1236186,0.91683626,0.4406707,0.58337086,0.7939755,0.9508411,0.0,0.0,0.0,1.4608107,1.0808595,0.0,0.6730511,0.3698558,0.90638685,1.0394315,0.0,0.0,0.77693504,0.09240525,0.6634096,0.516593,0.99099845,0.36519793,0.0,1.5029715,1
0.0,0.20106319,0.0,0.1507518,0.0,0.62543505,0.07759487,0.34115613,0.0,0.6698676,0.0,0.411138,1.2045357,0.0,0.77017754,0.72969127,1.2211041,0.26094005,0.45308027,0.30630642,0.0,0.098096736,0.0,0.0,0.7638838,0.7399666,0.6927288,0.0,0.0,0.572227,1.6901643,0.9739721,1.1546596,0.62147486,0.0,1.0556711,0.98409337,1.0868195,0.453392,1.1247156,0.0,0.77571714,0.0,0.0,0.0,0.62035,0.0,0.8274574,0.14355648,0.0,0.64536035,1.1732281,0.0,1.2704061,0.48718694,0.68185157,0.005013865,0.0,0.0,0.32838982,0.19406019,1.2165151,0.42094967,0.43795127,1.0127691,0.98657656,0.45850354,0.21256734,0.0,0.0,0.7644676,0.0,0.0,0.4678549,1.3167863,0.62090427,1.0862371,1.0575875,0.046972513,0.0,0.0,1.2244979,0.3108051,0.52595913,0.0,0.1786908,1.1875684,0.0,0.694125,0.0,0.0,0.0,1.124197,0.8597088,0.0,0.06421387,1.1853427,1.0609668,0.0,0.8043896,0.9298484,0.5849265,1.315943,0.0,0.55349594,0.4767196,0.6746848,1.1373843,0.0,0.0,0.0,1.8867117,1.0880889,0.0,0.53041273,0.7803264,0.77802944,0.7888823,0.0,0.0,1.164417,0.0,0.41700813,0.49410987,0.7631944,0.20152469,0.0,1.5353729,1
0.0,0.060078714,0.0,0.0,0.0,1.2754927,0.5736172,1.1493136,0.0,1.1427728,0.0,0.41107306,0.74556494,0.15210482,0.15635279,0.9189932,1.3704015,0.37829262,0.44337186,1.5080469,0.0,0.6373936,0.0,0.0,0.84330237,1.2382976,0.7806702,0.0,0.12683593,1.0006547,1.5130308,0.57661754,1.3782346,0.43922472,0.0,0.9637832,1.7972817,0.5471544,0.6167167,0.96376187,0.0,0.8795827,0.1638375,0.0,0.0,0.55531293,0.80341136,0.0,0.0,0.14878432,0.7447179,1.554564,0.0,1.6327512,1.3832868,1.1954489,0.16974412,0.0,0.0,0.19186914,0.0,1.3712103,0.49488312,0.7385604,1.8904585,0.45179603,0.82011545,0.255421,0.0,0.0,1.1414984,0.0,0.0,0.0007349325,1.0321767,0.6441472,0.82616657,0.787788,0.10637009,0.0,0.0,1.3847965,0.9298755,0.5906274,0.5247746,0.35724926,1.5162221,0.0,0.48905268,0.0,0.0,0.23609138,1.5495964,1.1887107,0.46473154,0.5630659,1.8482872,0.86955374,0.0,1.526604,0.6280326,0.674739,1.7805779,0.4270464,0.6338979,0.28981593,0.022321183,0.8301128,0.0,0.0,0.0,1.713681,1.3565067,0.0,0.98363125,0.6452983,0.670146,1.0406543,0.0,0.0,0.9170345,0.19249487,1.3526227,0.6752964,0.022551002,0.25527754,0.0,0.4446556,1
0.0,0.0081898,0.0,0.0,0.0,0.47271666,0.47747648,0.0,0.0,1.0367626,0.2583983,0.8252945,1.210752,0.06773981,0.40527046,1.0597587,1.277103,1.0533357,0.0,0.9795418,0.0,0.84488636,0.0,0.12194899,0.9750473,1.269935,1.1353266,0.0,0.0,0.045338787,1.7995296,1.5021459,1.4876842,0.06027727,0.0,1.8347274,1.1276798,0.86768234,0.6571911,1.3845502,0.0,1.0501323,0.0,0.0,0.0,0.66761476,0.3217794,0.879987,0.41966683,0.0,0.9931561,1.4842831,0.0,0.6057792,1.1872948,0.3954262,0.43514594,0.0,0.0,0.8478667,0.10956631,1.2477566,0.3066737,0.49182448,1.0496302,1.3468804,0.08779618,1.1641425,0.0,0.0,0.7294134,0.0,0.0,0.9841229,1.907971,1.2186946,0.6284762,1.6623731,0.319703,0.0,0.0,1.3780353,0.54125476,0.0,0.20251456,0.5563362,1.7748817,0.0,0.1413912,0.0,0.0,0.26195568,1.8668077,0.39441514,0.0,0.0,0.31878737,0.7880791,0.0,1.0141335,0.8506898,0.8377201,1.4547358,0.0,0.4608325,0.9100444,0.097930804,0.14392881,0.0,0.0,0.0,1.4119632,0.8917535,0.0,0.881064,0.273972,0.68216383,0.7942695,0.0,0.0,1.0744191,0.4319738,0.5374608,0.50895643,1.1952872,0.19580562,0.0,1.7020905,1
0.0,0.6463788,0.0,0.0,0.0,0.96353704,0.23724392,0.86027384,0.0,0.51936924,0.0,0.58226025,1.0066321,0.082466505,0.26110595,0.4821626,0.6870566,1.0827581,0.50453794,1.5264959,0.0,0.86861473,0.0,0.5284192,0.88234144,1.1055083,0.8099936,0.0,0.0,0.42192253,2.123184,1.429149,1.5752885,0.43041357,0.0,1.2508818,1.4369762,0.27332088,0.19959532,0.6589645,0.0,0.7717448,0.0,0.0,0.0,0.44240445,0.5641155,0.05693763,0.0,0.3230427,1.127223,1.3034502,0.0,1.305588,0.9339713,0.5079974,0.3270652,0.0,0.0,0.6788315,0.0,1.5422999,0.04407772,0.8302115,1.3232632,0.5620971,0.27050775,0.476381,0.0,0.0,1.0779809,0.0,0.0,0.84515876,1.2423978,0.7440648,0.9282838,1.1088428,0.008748234,0.0,0.0,1.3576192,0.47198212,0.5565691,0.21922518,0.8117497,1.3551574,0.0,0.4678376,0.0,0.41669852,0.37817624,0.5617348,0.2799553,0.0,0.35850134,1.0379406,0.39463845,0.0,1.2516819,0.22765668,0.0,1.1342049,0.33676684,0.0,0.5175466,0.0,0.89716923,0.0,0.0,0.0,0.79220986,1.1870376,0.0,0.98068297,0.94644576,0.46463054,0.8434694,0.0,0.0,1.1764165,0.1284575,1.2191628,0.3928457,0.59575397,0.91432524,0.0,0.69818735,1
0.0,0.52459234,0.0,0.076426424,0.0,0.24340388,0.5943681,0.0,0.35209504,0.47169545,0.0,0.7523325,1.4516852,0.36714542,0.5902359,0.9500256,0.9080154,0.8897345,0.7442216,0.9236359,0.0,0.47335646,0.0,0.0,1.2291652,0.8099266,1.2196453,0.0,0.0,0.71681494,2.059482,2.1232617,1.0739439,0.42226428,0.0,1.3599707,2.109416,0.435964,0.5371007,1.4001684,0.0,0.9826645,0.0,0.0,0.0,0.8198376,0.30355564,0.7420795,0.0,0.0,0.8582958,1.4336523,0.0,0.9567591,1.0591046,0.52742094,0.017379683,0.0,0.033313118,1.4387916,0.44569105,1.7885548,0.17292313,0.09110683,1.0785725,1.908612,0.0,1.227019,0.0,0.11803566,1.1100681,0.0,0.0,1.5867952,2.1068423,0.8317955,0.76880527,1.6490735,0.0,0.0,0.0,0.63819987,0.0,0.0,0.4147806,0.20081145,1.4929227,0.0,0.39593342,0.0,0.0,0.08595845,1.4959882,0.3122989,0.0,0.0,0.10367281,0.9518149,0.0,1.0374473,0.46891418,0.68713564,1.1177964,0.09639431,0.5807408,0.40095052,0.0980493,0.6018833,0.0,0.0,0.0,1.2360423,1.0524355,0.0,0.5035089,0.24942143,0.88369983,1.1591359,0.0,0.0,1.6589419,0.4772451,0.87914336,0.26003233,1.1094503,0.7433793,0.0,1.2830495,1
0.0,0.0,0.0,0.28723297,0.0,1.7956886,0.0901073,0.20593296,0.0,0.5897739,0.0,0.27759334,1.484485,0.22059597,0.49920303,0.73516005,1.1389971,1.2363286,0.3561372,0.57328,0.0,0.96201015,0.0,0.45417845,1.4123408,1.1422075,0.479279,0.0,0.0,0.5009285,1.635484,1.4787955,1.8342681,0.0,0.0,0.971433,1.180216,0.6697644,0.46601295,0.78538716,0.0,1.2769183,0.0,0.0,0.0,0.5047248,0.1892272,0.57086366,0.12933196,0.0,0.6295675,1.2693189,0.0,0.81729233,0.76175594,0.9752407,0.8077715,0.0,0.0,0.3048219,0.29086927,1.3029008,0.5184703,0.17786819,0.93765265,0.41297585,0.0,0.40986797,0.0,0.0,1.0973562,0.0,0.0,0.10787349,1.8669038,1.5113411,0.8607689,1.4962788,0.0,0.0,0.0,1.9006846,0.50641644,0.21061046,0.42450136,0.6878557,1.2102517,0.0,0.20929228,0.0,0.0,0.09193659,1.5531024,0.98826975,0.6428211,0.34457415,0.8799543,0.95499516,0.0,1.5565703,1.2034059,0.615747,1.236121,0.5782416,0.4507114,0.30814052,0.0,0.2623332,0.0,0.0,0.0,0.8721533,0.8949359,0.0,0.41031116,0.46428928,0.6564518,0.8956016,0.0,0.0,0.65701884,0.0,0.71261805,0.41524762,0.5760569,0.27624157,0.0,1.0958147,1
0.0,0.0,0.0,0.0,0.0,0.81466967,0.7101076,0.33196342,0.0,0.91880095,0.0,0.5969825,1.1796092,0.0,0.33670765,0.5614057,1.2915125,1.0034515,0.3736705,1.0076989,0.0,0.8768102,0.0,0.0,0.86868984,1.114268,0.7829405,0.0,0.0,0.5436255,1.896216,1.1204551,1.808721,0.30311158,0.0,1.5821332,1.8845195,0.83414,0.66261226,1.0254843,0.0,0.80104035,0.0,0.0,0.0,0.61189437,0.9160531,0.37720263,0.3393585,0.0,0.40871224,1.8173255,0.17932622,0.94363564,0.9970762,0.67874,0.91607237,0.0,0.0,0.22460704,0.34146205,0.9827177,0.3722582,0.46311197,1.0144829,0.98431236,0.0,1.0363374,0.0,0.0,1.3269614,0.0,0.0,0.4325246,1.6800879,1.1782893,0.4526492,0.75641495,0.0,0.0,0.0,1.6440672,0.46330386,0.30524608,0.33302224,0.62175375,1.1919914,0.0,0.09481279,0.0,0.0,0.0,1.5707239,0.54593647,0.2272131,0.0,1.0915585,0.38523552,0.0,1.1344597,1.3019458,0.9211468,1.2861148,0.0,1.1347406,0.9713155,0.35056782,0.42869774,0.0,0.0,0.0,1.6738346,1.03043,0.0,0.14755525,0.7406163,0.84404266,0.6175808,0.0,0.0,0.9401666,0.0,0.41687375,0.6687757,0.9179972,0.30244318,0.0,1.4320432,1
0.0,0.0,0.0,0.0,0.0,0.16288322,0.5097388,0.31607527,0.16406964,0.7900108,0.0,0.62100375,0.30146706,0.50820893,0.91568005,0.2965869,0.29771692,0.508954,0.12287307,0.8818043,0.0,0.607982,0.0,0.65903157,0.6480539,0.4717943,0.624917,0.23671402,0.0,0.22597197,1.8260598,0.37004045,0.5816879,0.61448866,0.0,0.9277822,0.5535713,0.7165881,0.05901826,0.70692664,0.0,0.49645406,0.0,0.0,0.0,0.2691027,0.05920217,0.3744043,0.5535878,0.0,1.2058514,0.6807789,0.0,0.85404634,0.8609012,0.6911231,0.10265559,0.0,0.0,0.8567893,0.036764417,0.77786946,0.08103076,0.46648082,0.97873557,0.8572327,0.0449439,0.39169917,0.0,0.0,0.7649288,0.0,0.0,0.47495496,0.57624507,0.551062,0.6840209,0.64768857,0.4183829,0.0,0.0,0.45303807,0.019237205,0.2392677,0.21817225,0.36851195,1.153212,0.0,0.123073004,0.0,0.0,0.0,0.7645036,0.0,0.0,0.13775247,0.18757753,1.0034128,0.0,0.90779686,0.271172,0.38231316,1.2776307,0.04748368,0.8599618,0.53826785,0.0,0.0,0.0,0.0,0.0,0.9473156,0.4142429,0.0,0.5455421,0.1994042,0.8643111,0.007684377,0.0,0.0,1.131209,0.21319231,0.9559624,0.4864952,0.2871386,0.7641165,0.0,0.5364771,1
0.0,0.54006153,0.0,0.23948845,0.0,0.33082464,0.43859988,0.57215333,0.19365762,0.940754,0.0,0.92467624,0.0,0.32138836,0.5395367,0.7307366,0.78292537,1.1740931,0.51063085,1.0282993,0.0,1.0040082,0.0,0.57460654,1.0631702,0.9151824,0.31447583,0.43963605,0.0,0.38595158,1.8025656,0.96597016,0.6989463,0.996693,0.0,1.277496,1.1260287,1.0003532,0.7861567,0.75282776,0.0,1.3426011,0.0,0.0,0.0,0.5555364,0.08326654,0.0,0.6520105,0.0,1.0917507,0.72218543,0.0,1.035829,1.1345971,1.3169497,0.23158042,0.0,0.110610195,0.919849,0.53573424,1.0153241,0.51756686,0.87804717,1.3485075,0.60947126,0.0,1.0028423,0.0,0.0,1.1982055,0.0,0.0,0.028619625,0.6739242,1.1090991,0.73737335,0.9936634,0.5461091,0.0,0.0,0.9646251,0.0,0.12992525,0.30742404,0.7710956,1.1374196,0.0,0.10455902,0.0,0.3215279,0.0,0.6480978,0.0990242,0.008350775,0.53431016,1.0013847,0.33348355,0.0,1.4073924,0.40686008,0.38217613,1.1246314,0.511285,0.5542246,0.57498795,0.3001282,0.16940507,0.0,0.0,0.0,1.6454365,1.1677634,0.0,1.0339115,0.5886006,1.5604398,0.18696725,0.0,0.046147957,1.3677378,0.2928933,1.1909225,0.2954517,0.019662993,0.356888,0.0,0.65103513,1
0.0,0.1887026,0.0,0.2495273,0.0,0.5838825,0.9232579,0.112879686,0.18699093,0.91143155,0.124859706,0.9092991,0.95386946,0.2230831,0.21591088,0.99884015,0.35844645,1.3686864,0.16824597,0.8135024,0.0,1.3051393,0.0,0.85427,1.1666449,1.3791901,0.7438617,0.05669759,0.0,0.06468598,2.4151237,1.353075,1.4861525,0.30086502,0.0,1.3280097,1.1892163,0.056917224,0.26196706,0.64215946,0.0,1.4058197,0.0,0.0,0.0,0.2769227,0.4351658,0.79041827,0.0,0.0,0.61751705,0.9444639,0.074047014,0.90947574,0.9609406,0.67385703,0.47860104,0.0,0.0,0.8803273,0.16304466,1.5152302,0.0,1.0561211,1.0337662,0.63079345,0.11141108,0.61600626,0.0,0.0,1.112314,0.0,0.0,0.5833374,1.5839777,1.3699101,0.8060709,1.4376724,0.55400264,0.0,0.0,1.0801022,0.19378215,0.31836557,0.28456312,0.90172786,1.6409147,0.0,0.3633932,0.0,0.0,0.13390636,0.6609014,0.012969275,0.0,0.46237314,0.04432551,0.8687769,0.0,1.5262249,0.0837215,0.48518613,0.73967344,0.13688613,0.016470723,0.36112192,0.0075458484,0.2216806,0.0,0.0,0.0,0.8090388,0.5760495,0.0,0.6409067,0.11619309,0.88488007,0.15793894,0.0,0.0,0.9966272,0.15904394,1.0692955,0.14357716,0.6720285,0.54402333,0.0,0.9313251,1
0.0,0.55561775,0.0,0.6222226,0.0,0.93825483,0.77820915,0.13901119,0.39370623,0.7562434,0.0,0.4077191,0.9804782,0.08563297,0.35974106,1.14125,0.33510762,1.2524016,0.2667733,1.4830769,0.0,1.2241347,0.0,0.79783183,1.452621,1.294603,1.1338339,0.023124378,0.0,0.39126936,2.790795,1.2286686,1.722087,0.22024949,0.0,1.9260716,1.1092682,0.31888753,0.7387256,0.8137073,0.0,1.5364032,0.0,0.0,0.0,0.33860898,0.195345,0.85682356,0.4174652,0.0,0.88638794,1.438026,0.0,1.1984279,1.7563184,1.1919638,0.44294888,0.0,0.0,1.3860091,0.34609327,1.7978774,0.10424588,1.5184234,0.80010325,0.53021646,0.0,0.8774007,0.0,0.0,1.3526388,0.0,0.0,0.5539195,1.8083254,1.7229679,1.0843503,1.8990198,1.015226,0.0,0.0,1.1467932,0.33471188,0.39124873,0.17945547,0.8782272,1.8550881,0.0,0.0,0.0,0.0,0.09909518,1.0175813,0.48654616,0.0,0.625913,0.0,0.45119366,0.0,2.0303319,0.109103665,0.7147739,1.0067369,0.6682046,0.2626622,0.49967897,0.0,0.001456366,0.0,0.0,0.0,1.022425,0.8608187,0.0,0.8001567,0.08272909,0.42841014,0.4119313,0.0,0.0,1.3046831,0.47609493,1.2782637,0.29597437,0.71878105,0.6967545,0.0,0.88956636,1
0.0,0.0,0.0,0.015984828,0.0,0.9153406,0.6232507,0.7669792,0.74504673,1.0175236,0.44311005,1.4470515,0.0,0.6559846,0.23012295,1.2496982,1.3944113,1.5028263,0.0,1.4302555,0.0,1.0617896,0.0,0.97791725,1.4290714,1.7039404,1.1805687,0.07833229,0.0,0.5104624,1.9663067,0.77877915,1.678415,0.34980115,0.0,0.6381478,1.2848543,0.6989349,0.6663722,0.52433026,0.0,1.1995189,0.0,0.0,0.0,0.62262416,0.2115117,1.3145475,0.7173719,0.0,0.9004263,0.95280594,0.0,1.018075,1.5622014,1.107263,0.5859555,0.0,0.0,1.3901842,0.0,1.3857764,0.0,1.4238327,1.0334457,0.8966834,0.0,0.46362692,0.0,0.0,1.198293,0.0,0.0,0.4289433,1.4947108,1.5399525,0.44476292,0.95369714,1.1031594,0.0,0.0,1.2411652,0.69452363,0.04241575,0.0,1.6935848,0.8064358,0.0,0.0,0.0,0.0,0.27497813,0.59943855,0.21561983,1.068765,0.5673945,0.55569476,0.7358179,0.0,1.9935,0.3953099,0.13384542,0.921909,1.2248458,1.0602727,1.4490999,0.21789998,0.13461842,0.0,0.0,0.0,1.4981643,0.3674778,0.0,0.4992369,1.03342,1.6022758,0.56526536,0.0,0.0,0.22722068,0.7208014,1.7994478,0.47194877,0.513528,0.5985342,0.0,1.3521205,1
0.0,0.5159386,0.0,0.0,0.0,1.4034085,0.57049006,0.37307382,0.0,1.4593992,0.004339634,0.33246294,0.44746786,0.4481914,0.7054752,0.27900457,1.217474,1.2270128,0.8612826,0.5887876,0.0,0.6870881,0.0,0.25664958,1.4232967,1.5856471,1.1504968,0.043236595,0.0,1.0828347,2.0739958,0.9452155,1.2119952,1.1652824,0.0,0.5268652,2.3070645,0.6184746,0.49060705,0.95016843,0.0,1.4854393,0.0,0.0,0.0,0.8503766,0.39290324,0.60125625,0.0,0.0,0.7456678,0.37970954,0.0,1.1003149,1.0540055,0.5675037,0.299628,0.0,0.0,0.83599895,0.72948456,1.9119929,0.355153,0.913489,1.8179631,0.23917606,0.0,0.5255531,0.0,0.0,2.3580115,0.0,0.0,0.3479115,1.1579092,0.9297431,0.74815613,1.0849631,0.0,0.0,0.0,1.4879419,0.6954428,0.04087359,0.0,0.7555762,1.2149165,0.0,0.1010612,0.0,0.0,0.35099646,0.5435773,0.6739875,0.0,0.5741053,1.0688595,1.0793124,0.0,0.8620905,0.30210432,0.1928459,1.4321141,1.1483742,0.42871037,0.16142014,0.58557624,0.77443373,0.0,0.0,0.0,2.2108698,1.9537472,0.0,0.7066342,0.8727142,1.8015946,0.17876187,0.0,0.0,0.50671446,0.14110912,0.85573226,0.49913973,0.43402404,0.34773865,0.0,1.1202308,1
0.0,0.5273436,0.0,0.0,0.0,0.93004745,0.1421821,0.45137823,0.3793732,0.83995646,0.09296233,0.5907247,1.2800556,0.826609,0.56414014,0.75955117,0.89032143,0.69859105,0.7326406,1.1220924,0.0,0.4132033,0.0,0.7792285,0.98958164,1.0467083,1.11374,0.0,0.0,0.6693591,1.9049208,0.568716,0.85988694,0.2090426,0.0,1.3515706,1.9777731,0.1672631,0.48091117,1.4145075,0.0,0.25897643,0.0,0.0,0.0,0.27194563,0.05745828,0.82409203,0.0,0.0,0.7533426,1.2774864,0.0,1.3291097,1.4168913,0.24588612,0.26715633,0.0,0.0,0.91587824,0.18573907,1.7083006,0.4805246,0.53255963,1.2248529,1.0545784,0.021162577,0.76627403,0.0,0.28645846,0.74941975,0.0,0.0,0.8385748,0.891571,0.8617638,1.2920668,0.84034806,0.0,0.0,0.0,1.3719634,0.15681797,0.26141852,0.57971597,0.1916139,1.487288,0.0,0.9640192,0.0,0.24563831,0.025684241,1.5521785,0.8089969,0.13240069,0.2215353,0.831177,0.6580717,0.0,0.8302012,0.58653563,0.6986223,1.3650432,0.8964925,0.0,0.3664665,0.0,0.56773216,0.0,0.0,0.0,1.2539389,1.4998946,0.0,0.23618482,0.107657224,0.25301012,1.2556763,0.0,0.0,1.0567977,0.056493375,1.1291627,0.2803939,1.2500267,0.48876378,0.0,1.2676089,1
0.0,0.0,0.0,0.0,0.0,1.3387558,0.3621958,1.2010558,0.0,0.9789882,0.0,0.99344873,0.48343354,0.0,1.1418046,0.4655387,0.98003876,0.8996898,0.46060053,0.74202526,0.0,0.27597436,0.0,0.0,0.08117737,0.5528106,0.37292114,0.0,0.0,0.9860912,2.2043407,0.79672843,0.6611775,0.71633965,0.0,0.9477909,1.7622106,0.8743385,0.4280399,0.451817,0.0,0.18060297,0.03333723,0.0,0.0,0.10334832,0.71623003,0.1859262,0.10944532,0.73631555,0.61381537,0.22500475,0.0,1.5959175,0.0,1.3952293,0.1604352,0.0,0.0,0.0,0.28035542,1.5390692,0.62961847,0.89314175,2.1366806,0.442202,1.117972,0.0,0.0,0.0,1.6396465,0.0,0.0,0.554696,0.61544895,0.5558086,1.1315379,0.18972439,0.12971717,0.0,0.0,1.7451761,0.54350317,1.7042179,0.33226144,1.1199541,1.5503335,0.0,0.3747748,0.0,0.13492043,0.43873626,0.2239477,0.0,0.0,0.15148501,1.0886365,0.49453315,0.0,1.2105953,1.0004628,0.4213129,2.783951,0.64408886,0.62709266,0.6995434,0.0,0.95461994,0.0,0.0,0.0,2.3250353,1.812104,0.14230342,1.6896818,1.2210106,2.5031548,0.91888875,0.0,0.0,0.27848804,0.0,1.06316,0.9607169,0.0,0.0,0.0,0.6295339,1
0.0,0.0,0.0,0.359689,0.0,0.7324586,0.83982295,0.020842643,0.01915638,0.8952039,0.13314554,0.745549,0.81137645,0.53338647,0.32711315,1.1480433,1.1454284,0.42807952,0.1048261,1.098816,0.0,0.33623356,0.0,0.0,1.0806047,1.2030498,0.6897406,0.0,0.0,0.5836656,2.1434543,1.4663323,0.9875506,0.41686273,0.0,1.4701475,1.2185622,1.3084846,0.47586924,0.88486207,0.0,0.8301399,0.0,0.0,0.0,0.60282695,0.019381287,0.87378466,0.2887187,0.0,0.7283381,1.3611659,0.0,1.1860441,0.6154258,0.98357385,0.121651396,0.0,0.0,0.9285872,0.0,1.5150465,0.0,1.2749295,1.1042656,1.3036973,0.0,0.77305114,0.055343494,0.23025137,1.1048553,0.0,0.0,0.712101,1.3340275,0.96937174,0.8265763,1.2486149,0.3392066,0.0,0.0,1.2567008,0.19837514,0.5255357,0.0947886,0.2728002,1.2470568,0.0,0.06163997,0.0,0.0,0.0,1.4012855,0.35671884,0.0,0.10021205,0.38516963,1.0349975,0.0,1.0240818,0.88849086,0.7867224,1.1266396,0.03341336,0.88860554,0.5139839,0.5560623,0.0,0.0,0.0,0.0,1.4726007,0.8396748,0.0,0.54452527,0.27829486,0.84172076,0.9050216,0.0,0.0,1.5523173,0.2482326,0.88966423,1.0247501,0.42928734,0.20414193,0.0,0.98195565,1
0.0,0.0,0.0,0.248255,0.0,0.5954653,0.12687394,0.0,0.0,0.37136093,0.087230705,0.43255085,1.7960988,0.14594162,0.8775381,0.963122,1.0152117,0.9832592,0.6420998,1.0485333,0.0,0.50052273,0.0,0.0,1.1755393,0.8802841,1.3924644,0.0,0.0,0.47163424,2.3113873,1.5733424,2.1243432,0.20811464,0.0,1.6367111,1.2945554,1.023252,0.4164487,1.3553263,0.0,1.1226964,0.0,0.0,0.0,0.7482972,0.64162636,0.68728715,0.0,0.0,0.34889698,1.2008628,0.0,0.9447409,0.7732592,0.3895598,0.069245115,0.0,0.0,0.86674625,0.5977896,1.1389307,0.32854038,0.0017544342,0.64634305,1.363581,0.0,0.909679,0.0,0.44002703,1.2955667,0.0,0.0,0.7902288,1.6903677,1.3899554,1.3282576,1.3561602,0.4309949,0.0,0.0,0.6265618,0.28345013,0.12230622,0.2923786,0.76207453,1.2733474,0.0,0.098416835,0.0,0.0,0.0,1.7560626,0.8171464,0.0,0.0,0.4691114,1.1427056,0.0,1.395181,1.3531291,0.9179994,1.2240087,0.312202,0.52201927,0.83082455,0.2049128,0.43833116,0.0,0.0,0.0,1.533343,0.8916679,0.0,0.33029717,0.33158806,0.58367807,1.153704,0.0,0.0,0.4818067,0.43768567,0.92306656,0.84560615,1.3708801,0.46697932,0.0,1.3687557,1
0.0,0.75538915,0.0,0.0,0.0,0.78282267,0.5084653,0.48810545,0.55071366,0.73552233,0.0,0.9914593,0.0,0.77416986,0.6865117,0.50742686,1.3198236,0.58210224,0.0981193,1.0400317,0.0,1.0346584,0.0,0.46174303,1.3490452,0.82721734,0.87388545,0.3760014,0.0,0.0,2.3782046,1.1299081,0.8078176,0.6304339,0.0,0.9176451,1.2079887,1.19892,0.20229724,1.0377063,0.0,1.133655,0.0,0.0,0.0,0.38127843,0.0,0.53083897,0.57507676,0.012581574,0.8569882,0.29702657,0.0,1.3723017,1.4016087,0.41704887,0.33439818,0.0,0.0,0.69314176,0.52002615,1.2856112,0.15614581,0.9373109,1.7069006,1.156994,0.0,0.33614066,0.0,0.46334714,1.0081102,0.0,0.0,0.63373274,0.8292032,0.9154354,0.66538405,0.06018549,0.101263314,0.0,0.0,1.2186127,0.0,0.41875547,0.09640265,0.43419352,1.5884463,0.0,0.0,0.0,0.13611974,0.073979884,0.5098907,0.22782125,0.60004973,0.27690107,1.0212487,0.9268047,0.0,0.715667,0.32008263,0.81801647,1.4932835,0.77344024,0.17313541,0.6967748,0.16367558,0.0,0.0,0.0,0.0,1.5860783,1.246727,0.0,1.1603315,0.45945343,1.3637527,0.26184568,0.0,0.0,0.98038965,0.6497805,0.67479485,0.6891207,0.60019916,0.5544004,0.0,1.1640369,1
0.0,0.033271763,0.0,0.0,0.0,0.26905665,0.81024724,0.15583299,0.0,1.0466343,0.0,1.44538,1.2281137,0.3794124,0.32521433,0.90313536,0.7460444,0.97259355,0.5378539,0.5851524,0.0,0.3808559,0.0,0.00015678885,1.0997165,0.8277404,1.3737324,0.0,0.0,0.15813947,2.0800397,1.3675836,0.7992398,0.35004625,0.0,1.3235754,1.5270572,0.65464735,0.77763754,1.4165437,0.0,0.7082867,0.0,0.0,0.0,0.84114164,0.507524,0.016627833,0.08283566,0.29388452,1.0395445,1.0037068,0.0,0.71431774,0.81317884,0.6872888,0.20941146,0.0,0.0,0.8960678,0.3903325,0.98165756,0.20771037,0.46277556,1.4388145,1.3257891,0.3317126,0.788126,0.0,0.07093479,0.9330382,0.0,0.0,1.0790275,1.7257822,0.2790851,0.7862898,0.9548443,0.0,0.0,0.0,1.1550109,0.0,0.20725238,0.5313339,0.23163188,1.3470858,0.0,0.021689402,0.0,0.2214146,0.23502871,1.0105547,0.14315791,0.0,0.0,0.5239607,1.0984622,0.0,0.81434274,0.35606623,0.31664306,1.4357343,0.32400852,0.90583646,0.46220437,0.06638551,0.6460403,0.0,0.0,0.0,1.5329679,1.3255409,0.0,0.37942606,0.44624895,1.0963703,0.84095424,0.0,0.18878202,1.2809994,0.23133121,1.1313938,0.69271564,0.3149928,1.0411425,0.0,1.2441162,1
0.0,0.22374573,0.0,0.0,0.0,1.0210856,0.6785967,0.44898656,0.32631072,0.99647176,0.31349027,0.51974857,1.3245059,0.06533905,0.39874724,0.5753339,1.3116257,1.08753,0.3767442,0.9597796,0.0,0.15042324,0.0,0.40086925,1.1012226,0.5361902,1.0789891,0.337028,0.0,0.9704287,1.7539098,1.237214,1.0501814,0.6947236,0.0,1.6815835,1.432785,0.9681139,0.0,1.3601356,0.0,0.36473107,0.0,0.0,0.0,0.46672282,0.35645866,0.38715214,0.0,0.6447192,0.3171445,1.2190984,0.017321348,1.0410649,0.6179696,0.8119353,0.047252547,0.0,0.0,0.561745,0.35582224,0.7411561,0.51798165,0.52529764,1.4676616,1.4683015,0.0,0.94841707,0.04274988,0.23683749,1.1390519,0.0,0.0,0.38323,1.0782738,0.8262832,1.14714,0.7601735,0.0,0.0,0.0,1.1806959,0.3626011,0.7977111,0.056010105,0.37031168,2.0180745,0.0,0.3329355,0.0,0.0,0.10361586,1.5775722,0.6521337,0.0,0.48726904,1.0997255,1.4142586,0.0,0.96193594,0.9677741,0.38084856,1.6671339,0.9260447,0.1872987,0.39037153,0.0,0.64113146,0.0,0.0,0.0,2.1257117,1.1450279,0.0,0.44366398,0.8050157,1.405437,0.96404284,0.0,0.0,0.82325697,0.258969,0.5694845,0.8023539,0.4649623,0.40189397,0.0,0.97745264,1
0.0,0.2728522,0.0,0.111427374,0.0,1.5432131,0.5396338,0.8161841,0.0,0.99537474,0.06913417,0.7264088,0.9676323,0.0,0.24177802,0.5276993,0.6653444,1.3101106,0.9138721,0.73652834,0.0,0.23446633,0.07065167,0.0,0.65132415,1.0458207,0.9076417,0.0,0.0,0.8293675,1.5250735,1.1865833,1.3763,0.64255863,0.0,1.0364914,1.467073,1.2997587,0.24776676,0.9020221,0.0,0.8856975,0.0,0.0,0.0,1.1158526,0.2781153,0.085891545,0.0,0.0,0.788923,1.370062,0.0,1.0935465,0.5601213,0.7329344,0.026376706,0.0,0.0,0.3479451,0.32642785,1.7144026,0.5733462,0.030333715,0.8593805,0.7611595,0.0,0.5373374,0.0,0.11121242,1.51342,0.0,0.0,0.07772494,1.4060954,1.285651,0.6890309,1.2239366,0.0,0.0,0.0,1.5580387,0.83715105,0.3616737,0.46716642,0.51904196,1.1219589,0.0,0.6201185,0.0,0.0,0.0872975,1.9353194,0.55228025,0.47949675,0.8077485,1.0896187,1.0188278,0.0,1.0573909,1.0361582,0.30960613,1.5683866,0.6142941,0.640843,0.5766671,0.5650122,0.5276607,0.0,0.0,0.0,1.7691296,1.5542277,0.0,0.6703392,0.68188095,1.4593668,0.6902749,0.0,0.0,1.2573473,0.0,0.8928672,1.0612131,0.7109476,0.17052056,0.0,1.403763,1
0.0,0.22387871,0.0,0.0,0.0,1.194487,0.0,0.91916686,0.0,1.1597886,0.1216633,0.95042425,1.3305188,0.4820605,0.9564396,0.6716794,0.4429955,1.3686991,0.08280785,1.0605726,0.0,1.4105008,0.0,0.6228288,0.7623877,1.5511568,1.2103546,0.0,0.0,0.441044,2.4145038,1.6689076,1.5989969,0.16034125,0.0,1.2247734,1.6890087,0.61524683,0.4673761,0.88206553,0.0,0.949063,0.0,0.0,0.0,0.0,0.57603014,0.76170516,0.0,0.0,0.48258656,1.2906975,0.25751966,1.7455844,0.95963544,0.67033786,0.50561756,0.0,0.0,0.47768635,0.3575889,1.4960395,0.47929233,0.085133925,1.9888027,0.46012607,0.26261032,0.6259368,0.0,0.0,1.6156965,0.0,0.0,0.47668174,1.2678475,1.124639,1.4634032,1.1087456,0.008024902,0.0,0.0,1.564569,0.7633911,0.46542358,0.52154136,0.9313713,1.37854,0.0,0.08081669,0.0,0.09240544,0.8209069,1.1468364,0.15727693,0.0,0.3454453,0.9733518,0.6507072,0.0,1.1740648,0.60942185,0.04223214,1.6017963,0.6755542,0.0,0.32439262,0.0,1.0873216,0.0,0.0,0.0,1.5849519,1.1075255,0.0,1.0659361,0.6272175,1.0268072,1.1718154,0.0,0.0,0.9423848,0.34644794,1.1563503,0.45130327,0.9470129,0.5033591,0.0,1.1631225,1
0.0,0.20190257,0.0,0.0,0.0,1.2130759,0.9830727,1.0571107,0.09952033,1.0048358,0.103359476,1.1671354,0.3646514,1.0299081,0.21716696,1.4052718,1.3703111,1.2114637,0.41392282,1.364068,0.0,1.9656379,0.03533503,0.8404761,1.867882,2.0125337,1.1451524,0.0,0.0,0.75751793,1.9416978,1.1677862,1.7379401,0.19629757,0.0,1.2039909,1.6453478,0.0,0.6651681,0.27955708,0.0,1.9495363,0.0,0.0,0.0,0.9171161,0.92268395,0.5795376,0.1829362,0.0,1.3511724,0.62642324,0.0,1.2095473,1.1064779,1.9336188,1.175214,0.0,0.0,0.6562865,0.7195092,1.9898415,0.18412492,0.87480175,1.917554,1.2340311,0.08850956,0.5266174,0.0,0.0,2.3626142,0.0,0.0,0.42612237,1.3895836,2.123843,0.19698939,1.3078027,1.4462577,0.0,0.0,1.1570731,0.46785116,0.15056315,0.3804888,1.6465039,1.0864319,0.0,0.1925139,0.0,0.43668923,0.9172267,0.21103105,0.416784,0.31557938,0.907164,1.5200639,0.8894825,0.0,1.6238067,0.0,0.021115465,0.93180895,0.6037477,0.19719124,0.5599625,0.0,0.5499013,0.0,0.0,0.0,1.0762457,0.5963682,0.0,0.8890121,0.94231135,1.4252167,0.47073513,0.0,0.0,0.7650447,1.0444653,1.9244096,0.49843654,0.6116976,0.4056501,0.0,1.369692,1
0.0,0.5197001,0.0,0.28794757,0.0,0.57407254,0.5961756,0.38714927,0.19318104,1.1301779,0.0,0.65265155,1.2189305,0.6184687,0.17178819,0.59430224,1.4551369,1.2834791,1.1784354,0.9954856,0.0,0.688679,0.0,0.41099152,1.0841436,0.6857877,1.1428244,0.10602312,0.0,0.27634805,1.6612604,1.3759595,0.84839034,0.483612,0.0,1.563045,1.5151452,0.9541586,0.3375278,1.2466174,0.0,0.81190675,0.0,0.0,0.0,0.8196434,0.5408012,0.0,0.0,0.20274666,0.6920112,1.1556458,0.0,1.1721444,1.0888768,0.6299756,0.23735152,0.0,0.0,0.7499809,0.43791088,0.4942076,0.47961712,0.36627486,0.8291976,1.4385705,0.30324435,1.0583596,0.0,0.0,1.8830224,0.0,0.0,0.8723276,1.8471744,0.98621243,1.4853594,1.2652113,0.13182026,0.0,0.0,0.97383726,0.54822886,0.0,0.10314263,0.4244703,1.6991369,0.0,0.41255984,0.0,0.004180254,0.18966946,0.644068,0.54793304,0.0,0.1221118,0.47827724,1.4443845,0.0,1.3282928,0.8519947,0.54095876,1.2030481,0.36420003,0.45734525,0.5805406,0.0,0.6258538,0.0,0.0,0.0,1.3705691,0.74933285,0.0,0.74215615,0.08777999,0.7450629,0.47206482,0.0,0.0,0.8965433,0.0,0.8632155,0.79060006,0.1888069,0.9357738,0.0,0.79463404,1
0.0,0.0,0.0,0.056966253,0.0,1.2034198,0.47623867,0.6780533,0.6998862,1.2773434,0.0,0.56713915,0.14033137,0.2145134,0.75550747,0.6980255,0.86063284,1.3929446,0.28328112,1.1417272,0.0,1.18939,0.1871492,0.19653273,0.97465783,1.1005517,0.67789394,0.0,0.0,0.9669961,2.1924632,0.9659626,1.0189246,1.2369574,0.0,1.2829016,1.2466481,0.98122,1.2416651,0.9061314,0.0,1.0106146,0.0,0.0,0.0,0.0,0.39469793,0.35721105,0.6978991,0.078179345,1.1311281,0.55666125,0.0,1.112113,1.1139818,1.2872093,0.6510106,0.0,0.0,0.0023426837,0.2850354,1.1782609,0.4188987,1.4630268,1.0784572,0.51347566,0.23335734,0.720705,0.0,0.0,1.6126736,0.0,0.0,0.11787651,1.2363955,1.388665,0.49478158,0.47835422,0.40448865,0.0,0.0,2.210411,0.5484895,0.830932,0.21523327,1.9025987,1.2165519,0.0,0.021133335,0.0,0.329022,0.0,0.60322255,0.24135979,1.0285423,0.5349426,0.6206382,0.23393415,0.0,1.5483606,0.0,0.03947492,1.6620448,1.392335,0.76593167,1.1038208,0.047151614,0.26708496,0.0,0.0,0.0,2.3654165,1.0469941,0.0,0.8755889,1.0502083,2.7655187,1.1596675,0.0,0.0,0.51970613,0.5553028,1.1128517,0.10037483,0.0,0.0,0.0,1.1481677,1
0.06363288,0.16763285,0.0,0.06861789,0.0,0.7021224,0.50559086,0.0,0.0,0.42615637,0.16539337,0.85714567,0.7062833,0.3310318,0.8345468,0.86430043,0.8281422,1.162495,0.487187,0.5096417,0.0,0.7133414,0.0,0.6811308,0.8183137,0.6657446,0.99265516,0.0,0.0,0.4114858,1.9473926,1.1018685,0.9288776,0.44047004,0.0,1.085746,1.5702742,0.46551666,0.50217265,1.299402,0.0,0.64720726,0.0,0.0,0.0,0.18957715,0.0,0.64759105,0.0,0.25499183,1.005222,0.7825051,0.0,0.6112048,0.70481396,0.5630563,0.2747515,0.0,0.0,0.61684346,0.08112054,1.1072423,0.07214568,0.0,1.4656124,0.85104835,0.0,0.8485328,0.0,0.0,1.1292945,0.0,0.0,0.5666857,1.6889054,0.5362404,1.2979528,0.48998028,0.0,0.0,0.0,1.2522125,0.19993328,0.14511469,0.5195178,0.19693117,0.67991465,0.0,0.0,0.0,0.0913385,0.21309401,0.7459794,0.6143744,0.0,0.276473,0.19722345,0.79110116,0.0,0.38231707,0.7029052,0.511048,1.4127096,0.3105445,0.584018,0.7368472,0.53547597,0.5235066,0.0,0.0,0.0,1.72788,0.93534,0.0,0.4562451,0.6531207,0.9135237,0.14597434,0.0,0.0,0.5268448,0.40225896,1.1669557,0.46592525,0.31298074,0.3753395,0.0,0.9720012,1
0.0,0.0,0.0,1.4429497,0.0,0.063061446,1.4455459,0.0,1.6413659,0.88898206,0.85936576,0.49310562,0.41303173,0.46821803,0.87578017,1.4781327,0.336802,1.6746728,0.45876265,1.5422822,0.0,1.2356014,0.0,1.1385489,1.4002627,1.4952439,0.7634039,0.36721823,0.0,0.0,2.759331,1.5879015,1.8866818,0.6083568,0.0,1.8360556,0.5880617,0.5827964,1.2229135,1.2619058,0.0,2.1406417,0.0,0.0,0.0,0.0,0.0,1.1945497,0.80612075,0.0,0.6522872,0.92311126,0.0,0.31221572,1.7685332,1.0483242,0.6391195,0.0,0.0,1.7828219,0.0,1.6024485,0.23763455,1.2407846,0.8779054,0.97371376,0.0,0.8590102,0.0,0.0,1.4986476,0.0,0.0,0.8864721,1.8451439,2.0489497,1.2440971,1.7756939,1.8077089,0.0,0.0,0.8037288,0.0,0.14030811,0.0,2.116698,1.7742087,0.0,0.39893028,0.0,0.0,0.0,0.8828745,0.47810364,0.8932356,0.3732258,0.0,0.3074486,0.0,2.3811615,0.20256148,0.5096613,0.30611157,0.4029552,0.40560067,1.4556477,0.0,0.0,0.0,0.0,0.0,1.5694379,0.7188513,0.0,0.46142098,0.063480526,0.8542409,0.80090445,0.0,0.0,0.5760147,0.88215977,1.6492269,0.26976508,1.2586181,0.39579645,0.0,1.5051812,1
0.0,0.48491886,0.0,0.20830563,0.0,1.1031762,0.0,0.42174393,0.97807527,0.79952025,0.0,0.3759632,0.0,0.35665888,1.4748712,0.6272437,1.0595936,0.68291605,0.12689507,0.69490093,0.0,0.0,0.0,0.0,0.020953797,1.1160054,0.16410206,0.54156536,0.0,0.5213446,1.2274055,0.22826087,0.61010545,0.6469884,0.0,0.7970611,1.0653423,1.1297493,0.31732813,0.8533079,0.0,0.115832664,0.0,0.0,0.07911602,0.22042575,0.0,0.26734516,0.17758255,0.0,0.390744,0.28970107,0.0,0.8152414,1.6608433,0.33977348,0.37274286,0.0,0.0,0.781035,0.3356377,1.4901493,0.15030871,1.1968621,1.2440811,0.13688073,0.0,0.08073346,0.0,0.0,1.2640321,0.0,0.08929791,0.0,1.1324153,0.53820044,0.8047308,0.45389628,0.8327073,0.0,0.0,1.3253227,1.2043324,0.51444304,0.03827844,0.54173076,1.0237595,0.0,0.0,0.0,0.030625837,0.016625613,1.1866586,0.20882308,0.40307686,0.38173378,0.9450636,0.62846833,0.0,0.71603394,0.798734,0.527145,0.8997209,0.98766774,0.8211968,0.6853672,0.47988603,0.3341288,0.0,0.0,0.0,1.4251747,1.0879425,0.0,0.30338582,0.8543572,0.95883334,0.14737275,0.0,0.0,0.42553067,0.20953585,0.6886194,0.5052463,0.056120023,0.053585008,0.0,0.74792266,1
0.0,0.0,0.0,0.19663806,0.0,0.08948461,0.5091499,0.08690532,0.7376224,0.21264301,0.08353782,0.61635685,0.7092159,0.47770017,0.2549296,1.006426,0.5700971,0.63867676,0.0,1.11569,0.0,0.9358942,0.0,0.6196629,0.71848804,1.1440604,0.8949861,0.0,0.012307124,0.06239405,1.9142187,0.9752063,1.6341892,0.24580397,0.0,1.489644,1.1301812,0.7639078,0.334126,0.70049745,0.0,0.5531035,0.0,0.0,0.0,0.36176208,0.039438963,0.47657913,0.24375333,0.08276908,0.76475054,1.0832065,0.0,0.25387597,1.0280948,0.72287,0.074824855,0.0,0.0,1.099982,0.0,0.9131009,0.0,0.7986931,0.5409028,1.0564668,0.0,0.8798464,0.0,0.27974844,0.6425514,0.0,0.0,1.0146579,1.4525628,0.9926408,0.9629923,0.9578329,0.48341042,0.0,0.0,0.67949164,0.1447334,0.21421796,0.26419938,0.7917196,0.96553516,0.0,0.0,0.0,0.039441206,0.35914728,1.4178703,0.25922823,0.0,0.16222242,0.10112087,0.24094589,0.0,0.916241,0.5260207,0.67580867,0.8742373,0.29878932,0.5385772,0.62859434,0.0,0.52141786,0.0,0.0,0.0,0.9575718,0.6969972,0.0,0.4397604,0.0,0.5592692,0.30185264,0.0,0.0,1.4786351,0.3245206,0.92539513,0.42282754,0.7445069,0.60838526,0.0,0.97457874,1
0.057127748,0.23305726,0.0,1.434609,0.0,0.45008633,0.12160296,0.4427389,0.28546292,0.5804818,0.91141546,1.3001689,0.19017567,0.123171054,1.5711377,0.7460303,0.46350354,1.1207359,0.7384361,0.54403883,0.0,0.0,0.0,1.0844246,0.09007292,0.21432601,0.50533724,0.4053155,0.0,0.37573272,1.8018439,0.8834364,1.5069524,0.69845676,0.0,1.7450548,1.5205629,0.78212583,0.50301373,0.944991,0.0,0.49306998,0.0,0.0,0.0,0.5969998,0.0,0.42324144,0.034802154,0.0,1.1253479,0.9232891,0.1627462,0.8746628,0.7379537,0.9029281,0.0,0.0,0.0,0.8895578,0.0,1.6960295,0.0,0.5239421,0.9924684,0.7798995,0.0,0.37768885,0.24702069,0.0,1.8230249,0.0,0.0,0.7382649,1.0657825,0.7420194,1.0850352,0.9440743,0.9792529,0.0,0.0,1.0045656,0.54902565,0.58520764,0.0,0.56271464,0.6223143,0.0,0.05731774,0.0,0.0,0.32254732,0.32870236,0.0,0.0,0.19419587,0.7581851,0.5564949,0.0,0.9334643,0.8208117,0.0,0.44854307,0.40180686,0.0,0.6441065,0.47258526,1.0920303,0.0,0.0,0.0,2.1990588,0.76787347,0.0,0.47653013,1.0695227,0.95719874,0.36428258,0.0,0.0,0.5686824,0.0,0.5272051,0.71453416,1.1035328,0.0,0.0,0.47847962,1
0.0,0.0,0.0,0.0,0.0,0.0,1.3392501,0.0,1.5207205,0.41855052,0.0054436983,0.17798318,0.4216504,1.0421646,0.009205301,1.613691,0.20996039,0.7439557,0.0,1.9959395,0.0,1.400944,0.12307041,1.5045743,1.6004695,1.489138,0.3828889,0.3025867,0.0,0.0,2.1168218,1.3233488,1.5565766,0.0,0.0,1.0791926,0.0,0.68907964,0.9051841,1.1514997,0.0,2.2214959,0.0,0.0,0.0,0.020770889,0.51191014,1.130638,1.8292243,0.0,0.8218293,1.0595592,0.0,0.0,1.7972109,0.61693823,0.9004772,0.0,0.0,1.8159935,0.0,1.047568,0.0,1.6791472,0.0,1.3093144,0.0,0.9839795,0.0,0.0,0.26096573,0.0,0.0,1.2130017,2.1128778,1.5329198,0.17445266,1.3314348,1.4067833,0.0,0.0,0.69052327,0.0,0.02485782,1.0580982,2.1691253,1.1581764,0.0,0.0,0.0,0.0,0.0,1.6427579,0.0,1.4206369,0.037704438,0.19444971,0.0,0.0,2.0483034,0.0,1.0539792,0.22138709,0.033119302,0.4737955,1.022092,0.0,0.0,0.0,0.0,0.0,1.0030867,0.31705427,0.0,0.18490891,0.0,0.6215663,0.5171305,0.0,0.0,1.5029662,0.35976014,1.4728417,0.0021907385,1.1069474,0.7604831,0.0,1.0438063,1
0.0,0.0,0.0,0.059004433,0.0,0.7149382,1.0141753,0.36303365,0.8606433,0.8310963,0.56045574,0.28922516,0.16909811,0.8218359,0.258272,0.7613722,0.6438479,0.57214636,0.0,1.2336198,0.0,1.0860116,0.014887039,1.2139384,1.0733293,1.2893826,0.19174047,0.0,0.22664864,0.0,1.8581216,1.0151192,1.6622151,0.24720709,0.0,0.55679494,0.33101454,0.44253445,0.69478065,0.710993,0.0,1.5377214,0.13644151,0.0,0.0,0.0,0.4829261,0.81087106,0.8935168,0.027978318,1.2157083,0.47005084,0.0,0.4638974,1.6942806,0.88613665,0.95723665,0.0,0.0,0.9200492,0.0,1.0449544,0.0,1.1397457,0.5308548,0.43005478,0.4375612,0.337182,0.0,0.0,0.57747245,0.0,0.0,1.1001197,1.0671095,1.4162117,0.14447844,0.75307435,1.3936437,0.0,0.0,1.0454108,0.30174524,1.199011,0.689898,1.8235406,1.1532086,0.0,0.0,0.0,0.054056555,0.3623517,0.13787836,0.503942,0.9515754,0.59314656,0.33412358,0.0,0.0,1.666595,0.0,0.84715855,0.74767673,0.0,0.1400881,0.5003546,0.0,0.0,0.0,0.0,0.0,0.81906176,0.38345015,0.0,0.575399,0.17571263,1.4136748,0.6835741,0.0,0.0,1.3520645,0.4891146,2.403088,0.39871058,0.1505264,0.59476054,0.0,0.6537742,1
0.0,0.2358693,0.0,0.04790684,0.0,0.06357062,0.75437015,0.0,0.63900644,0.63087916,0.07224108,1.1605512,0.77618665,0.78151757,0.47141272,0.90960526,0.46366167,1.0171824,0.19938102,1.5118114,0.0,1.1343278,0.0,0.90285236,1.2921704,1.2967986,1.3262365,0.0,0.0,0.0,1.8982428,1.6432933,0.9065548,0.22507244,0.0,1.2927314,1.1933843,0.87320215,0.6763532,0.83005327,0.0,0.7762704,0.0,0.0,0.0,0.21607031,0.0,1.2154945,0.9732275,0.0,1.121222,0.8066389,0.0,0.2943647,1.0370274,0.8365921,0.30470878,0.0,0.0,1.7675635,0.0,1.478026,0.0,0.64279264,0.64676636,1.0819972,0.0,0.91704625,0.0,0.0,0.77295226,0.0,0.0,1.4179777,1.5127883,0.96151423,0.46305677,1.6660327,0.27242285,0.0,0.0,0.65749145,0.0,0.0,0.41387543,1.0594668,1.7417384,0.0,0.114013076,0.0,0.0,0.30638525,1.8864021,0.0,0.12656125,0.499137,0.0,0.5057891,0.0,1.4928286,0.0,0.2836693,0.821611,0.08553741,0.16670646,1.0035276,0.0,0.9110412,0.0,0.0,0.0,0.6885395,1.2010905,0.0,0.32058,0.12227769,0.9897945,0.6628258,0.052085467,0.23329367,1.4079506,0.8678066,1.0342766,0.21024185,1.2386158,0.7133691,0.0,0.93595535,1
0.0,0.0,0.0,0.44952825,0.0,0.5621683,0.34470803,0.43724146,1.005775,0.46804318,0.07983085,0.2913016,0.15925545,0.40850776,0.5274528,1.0866927,0.23816495,0.81682503,0.09981351,1.22083,0.0,1.0914751,0.0,1.3234787,0.82951015,0.9912757,0.87514466,0.33675084,0.0,0.4030714,1.5172887,0.88055676,1.171742,0.26325488,0.0,0.936901,0.46503395,0.37768126,0.2843314,0.28286988,0.0,1.0070716,0.0,0.0,0.0,0.015379603,0.01192178,0.88725567,0.49642974,0.0,1.0413092,0.32479754,0.0,0.1352703,0.5081205,1.2107303,1.0551716,0.0,0.0,1.2293643,0.013185849,1.0897377,0.0,1.0208367,0.3110663,0.4903309,0.0,0.6044233,0.0,0.0,1.0029215,0.0,0.0,0.1026861,1.3190874,0.91327375,0.44650632,0.69002026,1.27178,0.0,0.0,0.9504787,0.5163294,0.5643065,0.22414877,1.5883344,1.1400299,0.0,0.0,0.0,0.0,0.07667625,0.65286565,0.6940039,0.34120145,0.14845419,0.12884992,0.16911113,0.0,1.4782383,0.0,0.4792701,0.627715,0.0,0.7896575,0.80975485,0.0,0.0,0.0,0.0,0.0,1.2252709,0.39095607,0.0,0.3546988,0.3679711,1.4701568,0.18616696,0.0,0.0,1.1854335,0.3628019,1.2767363,0.44379988,0.0,0.18556385,0.0,0.55768555,1
0.0,0.030595753,0.0,0.22308551,0.0,0.25391397,0.65520304,0.0,0.015563648,0.7583317,0.08430968,0.8986144,0.85700464,0.7275502,0.57693756,0.56086653,0.688803,1.0420585,0.49822965,1.031129,0.0,0.9574763,0.0,0.83588463,1.377532,0.6607562,1.1812596,0.09202777,0.0,0.0,2.148904,1.3383023,0.70345676,0.5297191,0.0,1.2126511,1.2619542,0.40323353,0.16814709,0.9264977,0.0,1.0944276,0.0,0.0,0.0,0.062127482,0.0,0.6808464,0.43537098,0.17102408,1.223918,0.47169933,0.0,0.37488985,0.7556684,0.9135291,0.095437914,0.0,0.0,0.89869374,0.074531324,1.0506309,0.0,0.48850074,0.533767,0.8202007,0.0,0.7192423,0.0,0.0,1.2900909,0.0,0.0,0.92456454,1.063924,0.9475944,0.7855143,1.0175557,0.44623512,0.0,0.0,0.49502525,0.0,0.0,0.51616955,0.72035563,1.3271624,0.0,0.0,0.0,0.0,0.2736734,0.787026,0.0,0.0,0.02663788,0.13882224,0.8823566,0.0,0.8958706,0.1385739,0.22018753,1.1250151,0.0,0.6364365,0.8731465,0.0,0.43838236,0.0,0.0,0.0,1.1140618,1.0324286,0.0,0.15423216,0.06750691,0.72049165,0.17065097,0.0,0.0,1.0025532,0.48907632,0.9462884,0.33516803,0.8479343,0.65350777,0.0,0.8926383,1
0.0,0.79607636,0.0,0.1345293,0.0,0.49007425,0.6751047,0.50100917,0.20021433,1.0453309,0.17633347,0.64128727,0.8342612,0.18629974,0.19385739,0.49777535,0.48316813,0.83643657,1.1321187,0.659585,0.0,0.2615546,0.0,0.16145091,0.3318308,0.6853593,0.40276927,0.0,0.0,0.40220183,1.3790228,0.9091517,1.1955338,0.8902307,0.0,0.9302194,1.4687289,0.9287978,0.48833355,1.0990306,0.0,1.2550377,0.0,0.0,0.0,0.12751444,0.32509884,0.062238373,0.46494344,0.0,0.23185562,1.4186776,0.0,0.25226396,0.6589545,0.22087279,0.59328663,0.0,0.0,0.706804,0.14372173,1.0290529,0.14820196,0.7934665,1.1678838,0.77760494,0.0,0.2870234,0.0,0.0,1.2499356,0.0,0.0,0.77275866,1.6439095,0.9006957,0.95682037,1.3302333,0.20647222,0.0,0.0,1.2224197,0.13848379,0.0,0.0,0.06794809,1.4750175,0.0,0.23052959,0.0,0.05399756,0.0,1.1801748,0.7295674,0.0,0.0,0.84163195,0.50740147,0.0,0.81313884,0.756609,0.06861289,1.1566659,0.21357067,0.6241621,0.28878126,0.7964962,0.6626247,0.0,0.0,0.0,1.4817827,1.1853565,0.0,0.117991395,0.77984935,1.0316567,0.70835805,0.0,0.0,0.8575847,0.0,1.0512475,0.57783484,0.18970113,0.15326853,0.0,1.3253909,1
0.0,0.0,0.0,0.24715436,0.0,0.9887936,0.91326636,0.64312255,0.75266373,1.4531033,0.21260528,0.66160506,0.0021991427,0.5191249,1.0243638,0.90922385,0.7347893,0.7834859,0.5790342,0.67560434,0.0,0.17391299,0.0,0.45282918,0.6899414,0.97497267,0.08935426,0.11302321,0.0,0.46758845,2.2662022,0.565691,0.7507129,0.23160279,0.0,1.3016149,0.8874504,0.8437839,1.2005,0.91281766,0.0,0.8046418,0.0,0.0,0.0,0.0,0.44798645,0.1336292,0.41321856,0.0926058,0.653896,0.531279,0.0,0.818875,1.1102871,1.1621888,0.4759893,0.0,0.0,0.32611278,0.0,1.2800157,0.21204129,0.78437775,1.1154983,0.8367752,0.103509516,0.20286049,0.28145942,0.0,1.3464245,0.0,0.0,0.35432294,0.8464606,1.151059,1.0056043,0.42050177,0.5746286,0.0,0.0,1.353986,0.5570532,0.64552927,0.17475323,1.5658786,0.8606857,0.0,0.0,0.0,0.10404637,0.13164036,0.44492394,0.03664675,0.31591034,0.2821626,0.73603296,0.57403386,0.0,0.9815643,0.32056096,0.57971174,1.2320591,0.39896676,0.69211197,0.8561512,0.0,0.0,0.0,0.0,0.0,2.0750768,0.7195775,0.0,0.60840803,0.41135487,1.7593489,0.6149861,0.0,0.0,0.46763423,0.021128733,1.4447298,0.889474,0.058837652,0.0,0.0,0.5920997,1
0.0,0.18420309,0.0,0.35453752,0.0,0.5173486,0.6004298,0.1776313,0.22909884,0.3444033,0.26399693,0.64206666,0.9956231,0.45966128,0.3372078,0.7750039,0.63938147,0.8185963,0.0,0.842016,0.0,1.1568855,0.0,0.3843065,1.2119985,1.1562229,1.553491,0.0,0.0,0.2048372,1.7517636,2.1021821,1.5176843,0.17287768,0.0,1.1385028,1.6802516,0.7841703,0.74935645,1.4116191,0.0,0.6219601,0.0,0.0,0.0,0.73253363,0.13554093,0.70350915,0.0,0.0,1.0896466,1.2729938,0.0,0.27812877,1.0826296,0.26149127,0.027028065,0.0,0.0,1.4010504,0.2965074,1.8394656,0.15291579,0.12090199,0.75630605,1.3269262,0.06831953,0.9602139,0.0,0.33949018,1.1386089,0.0,0.0,0.9615124,2.0001602,0.9882918,0.6601734,1.7114774,0.0,0.0,0.0,1.4723724,0.38380754,0.0,0.83052105,0.29811543,1.6108648,0.0,0.54347736,0.0,0.21030192,0.31547853,1.2958878,0.22257277,0.39671186,0.16670048,0.42390606,0.66575485,0.0,1.3035022,0.34491515,0.8778683,1.1539698,0.3142205,0.29603016,0.96918654,0.0,0.48470455,0.0,0.0,0.0,0.9274296,1.136506,0.0,0.6481205,0.21036585,0.52298224,1.30173,0.0,0.035011306,1.0317687,0.16126363,1.0909032,0.11419597,0.9257815,1.4147922,0.0,1.2630123,1
0.0,0.0,0.0,0.0,0.0,0.09733643,1.012567,0.0,0.0,0.69118047,0.17076944,0.79613096,0.81845623,0.4499647,0.36440417,0.9418939,0.9886542,0.92367065,0.0,1.2329652,0.0,0.5891606,0.0,0.3080693,0.7800665,1.2335532,1.3133625,0.0,0.0,0.12337302,1.9583234,1.3370501,1.6465144,0.5001181,0.0,1.0807384,1.1512594,1.0374985,0.53185403,0.9539771,0.0,0.94860995,0.0,0.0,0.0,0.51391363,0.17422122,0.5090642,0.2981822,0.0,1.0980917,1.3712181,0.0,0.5920764,0.85707766,0.44467503,0.27007547,0.0,0.0,1.1613563,0.015557876,1.139995,0.0,0.49609786,0.85034,1.4010991,0.0,0.66747564,0.0,0.162287,1.1924193,0.0,0.0,0.9804173,1.7853173,0.8231744,0.66394514,1.4327915,0.0,0.0,0.0,1.3078517,0.0,0.07209345,0.35520124,0.52075875,1.3701763,0.0,0.022314334,0.0,0.0,0.025251389,1.0718131,0.314676,0.037540488,0.0,0.0,0.6761648,0.0,1.131222,0.6314223,0.7136885,0.980355,0.0,0.84831315,0.778241,0.15930402,0.46919653,0.0,0.0,0.0,1.567425,0.9182542,0.0,0.6199347,0.39460966,1.22555,0.69973207,0.0,0.30168375,1.0136305,0.32993907,1.0507259,0.9219972,1.0790285,0.9102571,0.0,1.1910874,1
0.0,0.0,0.0,0.0,0.0,0.5879054,0.4303632,0.0,0.0,0.6743006,0.0047276528,0.8280375,0.93910444,0.53606915,0.9091227,0.68301946,0.23530976,0.84143895,0.51251656,0.6591368,0.0,0.3941644,0.0,0.0,1.1088398,0.9459719,1.2922198,0.0,0.0,0.08415649,1.8920093,1.5330746,0.78975683,0.52649945,0.0,1.7748458,1.4172119,0.24852225,1.144273,1.4490781,0.0,0.59640425,0.0,0.0,0.0,0.37051174,0.0,0.95485634,0.0,0.0,0.7748653,1.5998087,0.0,0.62127495,0.46595734,0.3882315,0.11316599,0.0,0.0,0.8087061,0.18714976,1.8572551,0.0,0.0,1.1666151,0.8678789,0.0,0.5836045,0.0,0.0,0.6915672,0.0,0.0,0.91799736,1.4999216,1.1388209,0.66197824,1.3235872,0.0,0.0,0.0,1.1089466,0.5672474,0.28138188,0.34888232,0.16068132,1.4184217,0.0,0.48590744,0.0,0.31585032,1.038838,1.3294679,0.0,0.07340486,0.0,0.83397233,0.28361252,0.0,0.2674484,0.5314539,0.56278986,0.8304597,0.61469334,0.8256466,0.7890402,0.13811547,0.6643316,0.0,0.0,0.0,1.6491331,1.4321898,0.0,0.07847712,0.71826476,0.5613955,0.9267498,0.0,0.0,0.94091904,0.19560693,0.786072,0.0,1.2361226,0.57834667,0.0,1.544408,1
0.0,0.720859,0.0,0.24687786,0.0,1.5481955,0.1745419,1.3638996,0.5639306,0.8810929,0.29344335,0.95372504,0.0,0.43218,0.0,1.0348047,0.8378634,0.90662104,0.0,0.92279124,0.0,0.7486126,0.0,0.32995808,0.3648361,1.1500272,0.32386795,0.47528797,0.0,1.0004554,1.0369521,0.96471524,1.098424,0.5541517,0.0,0.6711376,1.7235528,0.46653548,1.0606108,0.70296097,0.0,0.73330426,0.0,0.0,0.31244597,0.049057495,0.23069225,1.0774517,0.0,0.0,0.6228037,0.81032366,0.0,1.156968,0.67532474,0.90891165,0.7456364,0.0,0.0,1.0441202,0.0,1.5857829,0.0,0.784417,1.2695414,0.44833645,0.2670287,0.02431722,0.78022736,0.0,1.0152515,0.0,0.0,0.16311178,0.8985801,1.1341221,0.5139066,0.4372469,0.75962204,0.0,0.0,1.762527,1.4537525,0.23798053,0.0,1.295017,0.8018215,0.0,0.12810096,0.0,0.57930154,0.27382785,0.0,0.006652412,1.2951491,0.81832254,1.2751316,0.0,0.0,1.1714149,0.0,0.5637851,1.4709222,1.1115822,0.9288774,1.1669081,0.61714745,0.24306174,0.0,0.0,0.0,2.1692433,1.2480496,0.0,0.5167429,0.83670825,1.9612364,0.58397067,0.0,0.0,0.3353337,0.5700081,1.3938329,0.25323915,0.5394415,0.0,0.0,0.5876086,1
0.0,0.0,0.0,0.0,0.0,0.78860635,1.4067879,0.4632581,0.0,0.6037007,0.62030345,1.0133166,0.99782985,0.0005181922,0.49933475,0.9824402,1.0831679,1.143547,0.6674861,1.3378997,0.0,0.94475406,0.30060184,0.0,1.4078275,1.1111659,0.65915906,0.0,0.0,1.2447348,2.2669494,1.001584,1.2662698,0.7128357,0.0,0.74348533,1.5670884,0.8969411,0.5158799,0.9276266,0.0,1.0624943,0.0,0.0,0.0,0.5523876,0.75549394,0.0,0.034196332,0.5926207,1.1335049,1.1032578,0.0,1.5386814,1.0339732,1.6146553,0.06719439,0.0,0.0,0.6885019,0.0,1.754547,0.0,0.38426867,1.3198004,0.7781068,0.3301715,0.50010854,0.16081883,0.0,1.5444237,0.0,0.0,0.5887086,1.5880994,0.9989365,0.8660001,0.8210147,0.35461172,0.0,0.0,1.5876703,0.8634844,1.0342724,0.33226508,0.92365676,1.1825235,0.0,0.38291976,0.0,0.0,0.26448128,1.1503345,1.1084601,0.79820776,0.49185252,1.5344598,1.0206597,0.0,0.6467663,0.352896,0.30112258,1.9756498,0.66155076,0.41641155,0.49495313,0.0,0.78858113,0.0,0.0,0.0,1.7394289,0.9950439,0.0,0.7962284,0.5031298,1.4510915,1.1304485,0.14251211,0.0,1.0554552,0.6755831,1.2694043,0.89582276,0.0,0.4489561,0.0,1.1819307,1
0.0,0.24763966,0.0,0.0,0.0,0.6786025,0.31239927,0.40900493,0.43697876,0.7803356,0.050760895,0.39089507,0.21958953,0.51349294,0.7149214,0.6136529,0.95627123,1.0074902,0.0,1.0229752,0.0,0.6036573,0.0,0.33533144,0.46639916,1.0095706,0.16539964,0.0,0.0,0.10717334,1.6414776,0.7499803,1.2505531,0.5703454,0.0,0.8311438,0.56374407,0.88378537,0.7107323,0.8736623,0.0,1.2050526,0.0,0.0,0.0,0.0,0.11874758,0.79606783,0.7067521,0.0,0.9781355,1.0232091,0.0,0.25230464,1.3307558,0.4913045,0.15773901,0.0,0.0,0.7948395,0.0,1.1485343,0.0,0.7278228,0.20955084,0.7188468,0.0,0.6459992,0.0,0.0,0.6736248,0.0,0.0,0.8544828,1.6281314,0.9620722,0.38316426,0.6534859,0.58945245,0.0,0.0,1.1227869,0.483633,0.12591259,0.2934797,0.74485475,0.97670174,0.0,0.0,0.0,0.354776,0.0,1.1508653,0.66798884,1.0512466,0.0,0.66531396,0.21086463,0.0,1.3528652,0.3894739,0.9923499,0.73139775,0.5323919,0.6237708,1.0302925,0.12282045,0.0,0.0,0.0,0.0,1.655924,0.6437743,0.0,0.1494415,0.35144463,0.86926603,0.19454822,0.0,0.0,0.7989225,0.50704384,1.040551,0.09610385,0.40482938,0.080731854,0.0,0.90145034,1
0.0,0.0,0.0,0.31114456,0.0,1.6177715,0.12795837,0.29940832,0.016699707,0.7803583,0.07687037,0.60461307,0.5818614,0.37074745,0.62797683,0.47418606,0.4484324,1.335941,0.11546823,1.4640263,0.0,0.63631284,0.0,0.6995857,0.73430794,1.5675061,0.63709426,0.0,0.0,0.62223583,1.5255855,1.5756637,1.5501269,0.9060833,0.0,0.69052666,1.454276,0.39067304,0.5725983,0.81763434,0.0,1.5372101,0.0,0.0,0.0,0.0,0.0,1.0459853,0.33034143,0.0,0.73577094,0.69606775,0.0,0.66569793,0.8371522,0.6810974,0.58697927,0.0,0.0,0.5250917,0.08351865,1.4614146,0.0,0.7321772,0.68149555,0.4814409,0.0,0.52911866,0.030856298,0.0,1.0149888,0.0,0.0,0.54903376,1.507935,0.9742401,0.4252037,1.1522439,0.2876281,0.0,0.0,1.4235845,0.7337844,0.5962553,0.40449303,0.7896275,0.79663026,0.0,0.0,0.0,0.0,0.31563488,1.2495064,0.24681623,1.2317022,0.67339957,0.8688796,0.43813112,0.0,1.4400737,0.044165086,0.19439206,1.1538363,1.2346566,0.72715545,0.9289258,0.13090608,0.3527436,0.0,0.0,0.0,1.7540098,1.3840328,0.0,0.5296713,0.8094491,1.8460803,1.0152855,0.0,0.0,0.27928114,0.5202804,1.109171,0.49551696,0.6217224,0.45782164,0.0,0.7688179,1
0.0,0.9651451,0.0,0.0,0.0,0.901199,0.06494546,0.38764507,0.2540156,0.8936781,0.015109759,0.021787804,0.9314008,0.38213402,0.56038266,0.33105993,1.1324805,0.46733138,0.78231126,0.5653827,0.0,0.7620076,0.0,0.44359338,1.0130382,1.4669374,0.85024446,0.0,0.0,0.6804287,1.4376762,0.9121762,0.61131424,0.0,0.0,0.5778181,1.9774355,0.672841,0.21608758,1.1246946,0.0,0.46527132,0.0,0.0,0.0,0.63142616,0.4062908,0.41599825,0.0,0.0,0.68027353,0.9490692,0.0,1.0412992,1.2284397,0.2999359,0.13135736,0.0,0.0,0.64486194,0.29945612,1.1554985,0.49095628,0.4391421,1.4747444,0.6594122,0.46768543,0.30333284,0.0,0.0,0.7025978,0.0,0.0,0.94759345,1.1208972,0.0,0.8695484,0.05563509,0.3191861,0.0,0.0,1.2544706,0.7703958,0.49153468,0.25401163,0.19834442,1.1773208,0.0,0.43259183,0.0,0.10879936,0.39794496,0.98584443,0.8147801,0.19794637,0.31976068,1.1238362,0.7263582,0.0,0.669648,0.5011844,0.56778145,1.1780058,0.859371,0.29323536,0.43220302,0.0,0.8671298,0.0,0.0,0.0,1.0711702,1.8291439,0.0,0.37312713,0.3744099,0.27951005,0.5512073,0.0,0.0,0.92446816,0.19953813,1.209497,0.16055429,0.07346075,0.35992,0.0,0.55044067,1
0.0,0.0,0.0,0.12386479,0.0,0.52788967,0.4448932,0.05864156,0.24546167,0.5360705,0.17099363,0.71237034,0.8421973,0.88560075,0.0,0.87116253,0.47234398,0.7743799,0.55787504,0.9523858,0.0,1.0328275,0.0,0.87213635,0.95821524,0.9883637,1.2294072,0.0,0.0,0.0,2.6616805,1.4648968,1.0139556,0.0,0.0,1.5187541,0.9844231,0.40239584,0.18500504,0.8351639,0.0,1.1998526,0.0,0.0,0.0,0.2089438,0.0,0.79435474,0.0,0.0,0.8565977,1.4630076,0.0,0.9487111,0.8815413,0.5739732,0.45023248,0.0,0.0,1.3094133,0.0,1.4120398,0.023783725,0.48946708,0.8418593,1.1436844,0.0,0.8293113,0.0,0.35897887,0.7774441,0.0,0.0,1.025529,1.1044444,0.8246135,0.72275776,0.59092885,0.2534083,0.0,0.0,0.6002498,0.24710873,0.0,0.8044858,0.50319266,1.5969588,0.0,0.32706624,0.0,0.0,0.051399782,1.3086271,0.39806932,0.0,0.20325041,0.0,0.3365475,0.0,1.6005747,0.22611918,1.0216124,0.88811785,0.0,0.25342777,0.8902058,0.0,0.031778306,0.0,0.0,0.0,1.0320868,0.6267822,0.0,0.26351866,0.0,0.0,0.84491485,0.0,0.0,1.3592063,0.0,1.3910648,0.31528968,0.62353295,0.7356449,0.0,0.96916485,1
0.0,0.0,0.0,0.0,0.0,1.4081393,0.27981874,0.3649047,0.2621629,1.0353541,0.83778805,0.6442175,0.22614557,0.7226171,0.19063368,0.7603587,1.1723758,0.5756475,0.22777423,1.300586,0.0,0.4199197,0.0,0.30370528,0.4887742,1.0926337,0.47747418,0.0,0.08158292,0.5283147,2.396684,0.835207,1.4434465,0.0,0.0,1.0968443,0.78124017,0.1757844,0.8171341,0.44808516,0.0,0.7798856,0.0,0.0,0.0,0.0,0.31456238,0.0,0.0,0.8117326,0.084490106,0.38303316,0.0,0.93839574,1.2889879,1.1241741,0.9709363,0.0,0.0,0.90644115,0.0,1.2897592,0.46113312,1.0250757,1.680365,0.34240812,0.30430377,0.0,0.08806211,0.0,1.4844486,0.0,0.0,0.5693316,1.0529622,1.3679079,0.94751006,0.08127547,1.1614479,0.0,0.0,1.4172193,0.87150615,1.3863037,0.0,1.4835863,1.0341076,0.0,0.0,0.0,0.11327639,0.56524867,0.0,0.26567543,0.44918784,0.68630624,0.67982453,0.4868912,0.0,1.0246563,0.14026862,0.4755437,1.707,1.4507035,0.0,0.8361887,0.0,0.16509993,0.0,0.0,0.0,2.6670864,0.7271834,0.0,0.19079842,0.56433266,1.9141858,0.37711936,0.0,0.0,0.0,0.0,1.8007909,0.5519552,0.25607017,0.0,0.0,0.980749,1
0.0,0.12616259,0.0,0.0,0.0,0.5907821,0.40808153,0.6008157,0.0,0.97292626,0.0,0.0,1.177517,0.23671739,0.0,0.6098226,1.1594237,0.35077175,0.06041139,0.8335303,0.0,0.28143927,0.0,0.0,0.971647,1.2170129,1.2627866,0.0,0.0,1.2851337,1.8530718,1.1653751,1.1363212,0.67343897,0.0,1.1688485,1.3978739,0.6350943,0.13004151,1.0501266,0.0,0.58021086,0.17194618,0.0,0.0,0.5473402,0.08844853,0.589671,0.0,0.0,0.37690532,1.2354666,0.0,1.0403782,0.5989763,0.5421294,0.078278884,0.0,0.0,0.1611143,0.28056154,1.5118874,0.5602356,0.8320319,1.2662708,1.0802156,0.0,0.5586664,0.0,0.0,1.0660869,0.0,0.0,0.5311951,1.4607911,0.891622,0.9552901,0.738348,0.0,0.0,0.0,1.3832558,0.8017708,1.0520992,0.19723862,0.16246773,1.1689292,0.0,0.77251774,0.0,0.10977474,0.0,1.8907107,0.8635559,0.0,0.0,1.5500755,0.35391334,0.0,1.3860354,0.84397936,0.7717929,0.68144524,0.13263975,0.61981934,0.32789204,0.890234,0.6457733,0.0,0.0,0.0,1.0227534,1.036742,0.0,0.39002267,0.35683027,0.6207366,1.6135509,0.0,0.0,1.0956784,0.0,1.2296566,0.54047906,0.67255515,0.083680294,0.0,0.98058605,1
0.0,0.32495037,0.0,0.0,0.0,0.0,1.1825751,0.0,0.018984532,1.0038843,0.0,0.96976984,0.94585997,0.6899264,0.0,0.53836316,0.8403208,1.1256377,0.30257407,1.0188434,0.0,0.43332994,0.0,0.67734164,1.3678831,0.6467268,1.1012684,0.25420675,0.0,0.0,2.3460019,1.2511889,0.95307314,0.42604437,0.0,1.3925035,1.103179,0.16205291,0.31487697,1.1363615,0.0,1.0411286,0.0,0.0,0.0,0.22761928,0.5677811,0.5109852,0.0,0.36606455,0.8723735,1.2888411,0.0,0.7201973,0.86725235,0.5424094,0.19686374,0.0,0.0,1.3177238,0.0,0.75892806,0.0,0.9952639,1.4580569,1.1974707,0.0,0.74673843,0.0,0.0,1.2626748,0.0,0.0,0.6737403,1.3502026,1.1811786,1.1582615,1.0130147,0.29441145,0.0,0.0,1.1761142,0.63423777,0.13833463,0.43225783,0.5802249,1.3365694,0.0,0.0,0.0,0.2062104,0.25718644,0.5550202,0.0,0.0,0.8775475,0.4458344,0.9612103,0.0,1.6549445,0.33966723,0.2844183,1.4268847,0.7017997,0.4623753,0.33341774,0.0,0.29164404,0.0,0.0,0.0,0.7371248,0.70282346,0.0,0.8824456,0.34553334,0.9578485,0.5016436,0.0,0.0,1.1709929,0.22380458,0.8724513,0.07026051,0.0,0.78881735,0.0,1.3823072,1
0.0,0.17031637,0.0,0.0,0.0,1.4112777,0.115418226,0.89039755,0.25361842,0.67389613,0.0,0.34434354,0.29317874,0.4524507,0.32850718,0.507701,0.48464248,0.6876374,0.5058718,1.041028,0.0,0.88840884,0.072435625,0.45540768,0.70163953,1.1235359,0.0,0.28330734,0.0,0.06237958,1.8692927,0.7635799,1.2633249,0.04973288,0.0,0.76827186,1.2972668,0.86588037,0.1919023,0.6846778,0.0,0.73688626,0.35149944,0.0,0.0,0.22290178,0.18221654,0.64991575,0.26956433,0.6213941,0.07311498,0.2274364,0.0,1.4744575,1.2095648,0.7646583,0.890496,0.0,0.0,0.80974674,0.2670912,1.2255994,0.18143906,0.7306757,2.327124,0.5604858,0.0,0.32310668,0.0,0.0,1.2259878,0.0,0.0,0.52401704,1.0955663,0.8398294,0.82494783,0.93687004,0.6372364,0.0,0.0,1.4744881,0.5007824,0.9077532,0.57503104,0.78147686,1.7887774,0.0,0.29855612,0.0,0.50970715,0.31867412,0.38621014,0.67720354,0.50799364,0.5209614,0.79281837,0.5360233,0.0,1.2803547,0.16629155,0.48254356,1.6442668,0.91925544,0.0854353,0.11110988,0.0,0.41862446,0.0,0.0,0.0,1.9977194,1.0786892,0.087781,1.1500099,0.5012235,2.3071244,0.7705352,0.0,0.0,0.7601264,0.0,1.5383303,0.76470166,0.40370113,0.5314982,0.0,0.64042413,1
0.0,0.21999016,0.0,0.0,0.0,0.33075544,0.34601688,0.39991644,0.64900964,0.7065911,0.0,0.4548195,0.12518877,0.1588874,1.0020776,0.6495235,0.7003595,0.8854367,0.05225715,1.1642315,0.0,0.6290886,0.0,0.30178022,0.65235645,0.70697814,0.44922972,0.42982432,0.0,0.29497275,1.6409583,0.41922978,0.99219453,0.8716467,0.0,1.0999538,0.7012965,0.9159567,0.46431264,0.8357893,0.0,0.7121793,0.0,0.0,0.0,0.43227223,0.28232124,0.23911503,0.6063977,0.0,1.0566264,0.6492382,0.0,0.408698,0.84143585,0.49132466,0.23179813,0.0,0.0,0.64082086,0.0,0.57166415,0.0,1.0490413,0.5378642,0.90137064,0.0,0.17371874,0.0,0.0,0.7946363,0.0,0.017892815,0.04376731,0.79140574,0.3744503,0.37740842,0.57026047,0.5153673,0.0,0.0,0.6136363,0.024153784,0.07423949,0.0,0.6167906,1.2900666,0.0,0.16865401,0.0,0.0,0.24825692,0.66135556,0.0,0.32223573,0.1532412,0.6576011,0.4590176,0.0,1.1853117,0.5194053,0.6056992,0.94349754,0.0,0.82036185,0.84765095,0.14583777,0.047268122,0.0,0.0,0.0,1.296501,1.0637616,0.0,0.4716349,0.46153405,0.7541815,0.117859975,0.0,0.0,1.0369724,0.39742488,0.66339505,0.5385942,0.4803951,0.5811977,0.0,0.71699154,1
0.0,0.0,0.0,0.29834214,0.0,0.8535596,1.0409641,0.21400622,0.8705476,0.59635264,0.103351906,0.27906403,0.0,0.65287066,0.48545158,1.0293424,0.35940626,0.68497795,0.0,1.3478554,0.0,1.2851845,0.0,1.55118,0.9148152,1.3493333,1.2338127,0.0,0.0,0.0,2.7951143,0.5279737,1.4951743,0.21344648,0.0,0.69681484,0.0518518,0.5996914,0.82301724,0.62231946,0.0,1.5540798,0.0,0.0,0.0,0.0,0.0,0.67808664,1.2212036,0.0,1.1704533,0.08208716,0.0,0.040828194,1.226356,1.211841,1.0410872,0.0,0.0,1.2093996,0.0,1.0364178,0.0,0.9269307,0.124425374,0.5420625,0.0,0.4570491,0.0,0.0,1.053154,0.0,0.0,0.3960722,1.4340591,0.9755771,0.83184934,0.33882934,1.2014704,0.0,0.0,0.7919308,0.0,0.32682392,0.78898144,1.6426433,0.9350777,0.0,0.0,0.0,0.0,0.03345114,0.6840672,0.358782,0.9753256,0.13329983,0.0,0.0,0.0,1.1301627,0.0,1.1410301,0.96574116,0.0,1.3650539,1.456052,0.0,0.0,0.0,0.0,0.0,1.6367885,0.22969653,0.0,0.0,0.0,0.940012,0.8446138,0.0,0.0,0.23093495,0.15328191,1.8702979,0.2755391,0.07022322,0.090208665,0.0,0.80776334,1
0.0,0.0,0.0,1.4355438,0.0,0.31998467,1.223106,0.17520776,1.8551371,0.8485853,0.9729404,0.947829,0.0,0.83906287,0.69686264,1.7134439,0.5090861,1.1437261,0.0,1.8231807,0.0,0.695623,0.0,1.3953898,0.95178235,1.7952791,0.48426488,0.06565504,0.0,0.0,2.0232425,0.95838803,1.9828366,0.0,0.0,1.098652,0.8690989,1.1444881,2.0262895,0.5467524,0.0,2.0071175,0.0,0.0,0.0,0.0,0.0,1.5007962,1.0721614,0.0,0.83888125,0.52647847,0.0,0.0,1.7020797,1.2469498,1.0604256,0.0,0.0,2.3890922,0.0,1.339148,0.21728805,1.0817491,0.0,0.54882574,0.0,0.62145466,0.0,0.0430059,0.951579,0.0,0.0,0.54920334,1.557068,1.8550233,0.5188899,1.8430958,1.9123775,0.0,0.0,1.1789861,0.28902677,0.124976814,0.17791963,2.0624497,1.328036,0.0,0.0,0.0,0.0,0.0,2.0132995,0.44513953,1.6083214,0.0,0.0,0.03733793,0.0,1.4214528,0.23195504,0.5562987,0.10214563,0.0,0.916452,1.3099602,0.0,0.0,0.0,0.0,0.0,1.2354321,0.53943896,0.0,0.24841769,0.0,0.7904211,1.4297248,0.0,0.0,0.483066,0.1418628,1.6488713,0.27399337,0.727994,0.36665013,0.0,0.91323483,1
0.0,0.0,0.0,0.0,0.0,0.42579213,1.3274903,0.0,1.0333484,0.3558161,0.14194797,0.19265674,0.0,0.7488195,0.28009742,1.222735,0.39897585,0.49178305,0.24936253,1.6603035,0.0,1.7224923,0.0,1.2063967,1.49874,1.5973318,0.94231683,0.0,0.0,0.036803626,2.9015067,0.9067678,0.54554516,0.31903732,0.0,1.2022153,0.0,0.81628805,0.7179676,1.132657,0.0,1.7967893,0.0,0.0,0.0,0.0,0.23578207,0.53020847,1.3548225,0.0,1.0279387,0.86883205,0.0,0.39510304,1.0144327,1.1589016,0.97857,0.0,0.0,1.4143432,0.0,0.9024057,0.0,1.3615016,0.20440565,1.0853282,0.0,0.7054107,0.0,0.0,0.5026115,0.1407725,0.0,0.031876512,1.2448814,1.4569654,0.3836642,0.55830234,0.9317514,0.0,0.0,1.0391449,0.0,0.31433234,0.36856622,1.8746419,1.1362826,0.0,0.03349279,0.0,0.31374255,0.2852662,0.89613396,0.12280776,0.9734062,0.0,0.5194142,0.0,0.0,1.5633776,0.0,1.2749697,0.488712,0.0,1.0416107,1.374263,0.0,0.0,0.0,0.0,0.0,1.4974928,0.41351995,0.0,0.4873041,0.0,1.2637341,1.0917969,0.0,0.0,0.680662,0.4454604,1.6402403,0.39783418,0.46260068,0.77982837,0.0,0.8913052,1
0.0,0.0,0.0,0.582431,0.0,0.5960406,0.9231098,0.6914427,1.3567402,0.9349011,0.29063955,0.09030549,0.0,0.0,0.81849587,1.0860418,0.6844421,0.862431,0.24084634,1.2377094,0.0,0.58819556,0.0,0.36637414,0.9013914,1.0373174,0.27821535,0.13586901,0.0,0.06350159,2.0141022,0.012502801,1.1112522,0.047800884,0.0,0.8664729,0.59340566,0.8908109,0.57356185,0.70221794,0.0,1.2873574,0.0,0.0,0.0,0.022624206,0.0,0.22531232,0.7329378,0.0,0.65483004,0.27292857,0.0,1.1030267,1.1818887,0.86576897,0.84730667,0.0,0.0,0.9058364,0.01507817,0.6490459,0.27203026,1.184167,0.8633894,0.245293,0.0,0.71992,0.0,0.015380696,0.84920037,0.195325,0.0,0.52788615,1.2792645,1.1173033,0.48913172,0.63240576,1.0475978,0.0,0.0,0.87757534,0.0,0.30583885,0.3629638,1.705812,1.5756426,0.0,0.0,0.0,0.0,0.0,0.91465664,0.010560502,1.2176899,0.40373945,0.108348526,0.0,0.0,1.357335,0.1809606,0.17336391,0.4545371,0.38838762,0.9677484,1.2773967,0.0,0.0,0.0,0.0,0.0,1.3008255,0.5233621,0.0,0.36368132,0.09733956,0.95279133,0.6309171,0.0,0.0,0.65859985,0.4947263,1.116042,0.055448715,0.0,0.3398744,0.0,0.7433303,1
0.0,0.0,0.0,0.1368027,0.0,1.1157728,0.59548455,0.25813854,0.0,0.514531,0.052565873,1.2389655,1.2785177,0.29561505,0.19375621,0.98167545,0.52528435,1.2932396,0.52009445,1.3554473,0.0,0.8620474,0.0,0.18125588,1.1325743,1.3090676,0.9604525,0.0,0.0,0.25088638,2.3685074,1.4194115,1.8215841,0.5118912,0.0,0.9614354,1.2253835,0.38132447,0.7196543,0.8668734,0.0,0.9803826,0.0,0.0,0.0,0.23614003,0.07885718,0.5998071,0.05716358,0.121838324,1.1991961,1.5697023,0.0,0.41527894,0.34573224,0.8803387,0.36473557,0.0,0.0,0.74685484,0.20294867,1.5934904,0.14418131,0.14429247,0.67120177,0.90971243,0.0,0.73517954,0.0,0.0,1.1069132,0.0,0.0,0.66502005,1.650855,1.3939567,0.88229954,1.4012878,0.026449904,0.0,0.0,1.1230887,0.6522316,0.0,0.38433355,0.5105935,1.5407716,0.0,0.29917964,0.0,0.0,0.50464827,1.3288035,0.24139005,0.08899099,0.26471543,0.37593287,0.47954184,0.0,1.5607938,0.35630774,0.07031424,1.1352506,0.1014395,0.43781152,0.84747636,0.0009807618,0.6634606,0.0,0.0,0.0,1.191827,0.62680256,0.0,0.7968283,0.67240435,1.0081385,0.9162532,0.0,0.0,0.9033768,0.0,1.335123,0.1428986,1.1548162,0.8793043,0.0,1.3656037,1
0.0,0.0,0.0,0.0,0.0,0.38467708,0.57215047,0.0,0.0,0.7061371,0.2144578,0.9942603,1.3810956,0.49765205,0.0,0.8126479,0.857732,0.96916825,0.41667315,0.7776517,0.0,0.7309119,0.0,0.7437392,1.0053841,1.160097,1.2028409,0.0,0.0,0.4731811,2.128597,1.7825431,1.1328979,0.08336486,0.0,2.0075157,1.1306211,0.43087044,0.2572136,0.9673927,0.0,0.81560034,0.0,0.0,0.0,0.5671522,0.0682022,0.9841753,0.20608254,0.0,0.71829504,1.1854348,0.0,0.31561634,0.22811419,0.5281576,0.18585034,0.0,0.0,1.0323008,0.21698377,1.2999852,0.38431433,0.1874016,0.39697665,1.3050294,0.0,0.899459,0.0,0.045713976,0.8691847,0.0,0.0,1.2852249,1.3502139,1.2226766,0.39016458,0.99829966,0.0,0.0,0.0,0.7391056,0.10217908,0.013873659,0.14999904,0.3925665,1.3272482,0.0,0.5149202,0.0,0.0,0.12974331,1.5579189,0.31110254,0.0,0.32188275,0.0,0.73005754,0.0,1.2547773,0.5625921,0.670119,0.7030815,0.0,0.3609364,0.5158425,0.09684113,0.64188623,0.0,0.0,0.0,0.9797118,1.1108739,0.0,0.0,0.13094898,0.43981674,1.1527735,0.0,0.0,0.909187,0.44996548,0.8061505,0.33849993,0.77339417,0.9085355,0.0,1.012859,1
0.0,0.39416537,0.0,0.016460627,0.0,0.32745162,0.6051014,0.5537602,0.7888874,0.8560227,0.29369962,0.69374603,0.4217723,0.6291984,0.41395885,0.46280894,0.624703,1.2107812,0.19827387,1.2357292,0.0,0.6564763,0.27617645,0.5070171,1.1777338,0.8132755,0.46174094,0.7115841,0.0,0.1937419,1.8398073,0.89111435,1.2695328,1.3256582,0.0,0.7692065,1.1076099,1.0951852,0.9169707,1.4573236,0.0,1.5271655,0.0,0.0,0.0,0.33254343,0.0,0.859208,1.2884867,0.0,1.4317313,0.8059569,0.0,0.56944335,1.6065967,1.1951238,0.57479995,0.0,0.0,1.5529655,0.24374229,1.2305194,0.0,1.1549581,0.57226723,0.63590896,0.0,0.48643628,0.79087186,0.0,1.6139774,0.0,0.0,0.28476757,1.1680405,1.3807464,0.60309577,0.9789143,0.7488027,0.0,0.0,0.7164254,0.5139388,0.21185175,0.0,1.1920965,1.1785704,0.0,0.0,0.0,0.5224842,0.0,1.0573515,0.0,0.8930187,0.5865172,0.6784783,0.35666603,0.0,1.6468266,0.27156112,0.3717462,1.0213561,0.50345564,0.4617785,0.6586254,0.41963452,0.1479155,0.0,0.0,0.0,1.6024089,1.2430645,0.0,0.76500475,1.0117888,1.4637825,0.6430598,0.0,0.0,1.4229453,0.27468643,1.7499435,0.3934199,0.5448618,1.0168148,0.0,1.3694257,1
0.0,0.07019034,0.0,0.0,0.0,0.43165234,0.63903826,0.9605604,0.8237781,1.2440312,0.32021156,0.86505216,0.91284764,0.94565314,0.10930125,1.0378567,0.25240517,0.804318,0.10077802,1.479867,0.0,0.9964972,0.112366416,1.1876793,1.2538859,1.721383,0.428574,0.0,0.0,0.0,1.9918451,1.4889404,1.5933076,0.0,0.0,1.1152982,1.0791198,0.0,0.49917978,0.7240518,0.0,1.8699342,0.0,0.0,0.0,0.23306488,0.17447591,1.506537,0.15343352,0.09502475,0.36787564,0.62743396,0.0,0.22479998,1.474395,0.7552916,1.277976,0.0,0.0,0.98489314,0.0,1.7638699,0.0,1.0557449,1.3355992,1.230236,0.0,0.9817324,0.0,0.0,1.2585108,0.0,0.0,0.82061946,2.1916862,1.8022591,0.89794004,1.4751123,0.9804019,0.0,0.0,1.1204565,0.715031,0.0,0.8593195,0.97422296,1.4937238,0.0,0.0,0.0,0.12615155,0.45927978,1.0444336,0.57450056,0.71428037,0.0,0.44782537,0.2522026,0.0,1.2457263,0.0,0.257022,0.6099602,0.8427947,0.05703336,0.59543043,0.0,0.32562304,0.0,0.0,0.0,0.76379776,1.0759941,0.0,0.51449764,0.33440617,1.4581947,0.35687265,0.0,0.0,1.3150274,0.13916615,0.4723181,0.26782063,0.609445,1.2684762,0.0,0.09639175,1
0.0,0.06303802,0.0,0.31560907,0.0,0.37664017,0.16994572,0.4866437,0.0,0.30486438,0.17119282,0.66612864,0.59829396,0.5456139,0.5352554,0.1694993,0.38485563,1.1047659,0.31809446,0.8244105,0.0,0.9331895,0.0,0.4796216,0.93031776,0.8616121,0.59039384,0.0,0.0,0.08145817,1.4741628,1.0952544,0.6054187,0.0,0.0,0.8122804,1.595226,0.35413176,1.0385432,0.58948576,0.0,0.4094936,0.16283946,0.0,0.0,0.0060417457,0.117205545,0.7875904,0.008805214,0.0,0.45570588,0.82136124,0.0,0.6944318,0.5374558,0.6163015,0.6191164,0.0,0.0,0.9195186,0.0765171,1.4778777,0.0,0.09438275,1.6247519,0.4024303,0.28450832,0.0,0.0,0.0,1.1791233,0.0,0.0,0.39591074,0.9632114,0.56137574,0.67102224,0.8534741,0.19975948,0.0,0.0,1.5288185,0.5005366,0.22720222,0.62059593,0.8065522,1.3350183,0.0,0.20018636,0.0,0.0,0.49750116,0.71934867,0.0,0.13495365,0.53101766,0.92128074,0.5193106,0.0,1.3671238,0.7641395,0.0,1.386908,0.43217647,0.77373123,0.97956264,0.0,0.49532792,0.0,0.0,0.0,0.7169502,1.5424186,0.0,0.8342225,0.9075766,0.9192667,1.1954476,0.0,0.0,0.59929967,0.0,1.230637,0.0,0.31346348,0.4289719,0.0,0.6800988,1
0.0,0.0,0.0,0.0,0.0,1.5364786,0.0,0.46432143,0.0,0.53481454,0.1997327,0.59449023,0.3662861,0.0,0.964153,0.6177455,0.75047374,0.73733705,0.45097867,0.2210701,0.0,0.32581526,0.0,0.14645189,0.7368124,1.3500208,0.33180144,0.0,0.095958844,1.2410895,1.5431442,0.96294004,0.9746633,0.03792236,0.0,0.9107347,1.7905962,0.43298095,0.44865516,0.627457,0.0,0.75202286,0.0113577945,0.0,0.0,0.624898,0.47296634,0.7267431,0.0,0.24679768,0.83701706,0.8230931,0.0,1.3213687,0.79905796,0.9646261,0.35630876,0.0,0.0,0.13386711,0.38577232,1.8224896,0.61137223,0.36810514,1.6796714,0.0,0.7707125,0.0,0.0,0.0,0.977744,0.0,0.0,0.5917273,1.0213767,0.7534479,0.88443,0.4483976,0.18504426,0.0,0.0,1.8895141,0.8990872,0.99609435,0.0,0.9531896,0.70755386,0.0,0.20535487,0.0,0.22785893,0.42972267,0.51698315,0.54616433,0.0,0.67250615,1.4698659,0.7044795,0.0,0.9695093,0.5174894,0.40747002,1.3721102,0.20899762,0.5760326,0.25579864,0.39667925,0.9759841,0.0,0.0,0.0,1.0643977,1.5959147,0.0,1.0550492,0.965817,0.84270287,0.91556144,0.0,0.0,0.82998085,0.46345478,1.2052213,0.68371487,0.0,0.09600641,0.0,0.73858404,1
0.0,0.0,0.0,0.26491532,0.0,0.71678245,1.1524233,0.6275793,1.064316,0.5327588,0.18102275,0.0,0.0,0.47932088,0.4701598,0.9795029,0.5782119,0.21951497,0.18013391,1.1397954,0.0,0.6589994,0.37331533,0.8888393,0.4575338,1.6225297,0.0,0.0,0.0,0.0,2.2547476,0.42821637,0.8694041,0.31147444,0.0,0.470492,0.17198157,0.53005975,0.8227246,0.85838145,0.0,1.5656943,0.0,0.0,0.0,0.058632147,0.0,0.65787107,0.85834455,0.0,0.581426,0.07183266,0.0,1.460054,1.2362318,1.165759,1.1346403,0.0,0.0,1.3770466,0.0,1.4049674,0.82176065,0.99511474,1.202033,0.9153911,0.39365593,0.4430939,0.0,0.0,0.3769983,0.05590365,0.0,0.0,0.6598897,1.1962813,1.2202184,0.4942982,1.0728369,0.0,0.0,1.4381884,0.18494228,0.7488426,0.31683287,1.4341902,1.3665595,0.0,0.0,0.0,0.0,0.2211236,0.35844046,0.0,0.8015502,0.018614441,0.1788469,0.0,0.0,0.6610373,0.0,0.5255836,0.29344493,0.46583924,0.5230598,0.87203014,0.0,0.48277307,0.0,0.0,0.0,1.5093794,0.41912243,0.0024805972,0.08868573,0.0,1.6610394,0.8634319,0.0,0.0,1.0582798,0.0,2.080783,0.19970995,0.0,0.46314147,0.0,0.9786289,1
0.0,1.0854675,0.0,0.9833387,0.0,2.3616745,0.13352618,1.5074931,0.12009116,1.1520302,0.28965563,0.9320703,0.0,1.115751,1.0888624,0.17076492,0.11711602,0.5952851,0.63025135,1.2197725,0.0,0.70602125,0.23027545,0.18021637,0.5381709,1.5075972,0.4297044,0.0,0.0,0.2141566,1.71942,0.16422611,1.7064624,0.45297948,0.0,0.29264992,2.8125083,0.90238917,0.47808892,0.98193645,0.0,0.90157056,0.0,0.0,0.13792142,0.0,0.0,0.8610133,0.39798355,0.77299666,0.6982731,0.0,0.0,1.8323796,1.5586952,0.84966046,0.74363697,0.0,0.16445531,0.08109492,0.58704656,2.2906277,0.91905475,1.0135268,3.154043,0.48528925,1.0693083,0.42520913,0.0,0.0,1.8720433,0.0,0.0,0.0,0.7020628,1.8131838,1.1185066,1.1868948,1.7207226,0.0,0.0,1.4823282,0.8690508,0.9724529,0.0,1.4502398,0.9978523,0.0,0.0,0.0,0.3726872,0.89466137,0.0,0.6176996,0.9594863,0.93474764,1.7592402,0.39382866,0.0,1.0585488,0.27261713,0.0,1.7289085,1.7774357,0.0,0.0,0.0,1.1424814,0.0,0.0,0.0,1.1984583,0.88958955,0.0,2.0288744,1.9824684,2.8394556,0.23904091,0.0,0.0,0.0,0.1805217,1.5234498,0.0,0.0,0.6415562,0.0,0.0,1
0.0,0.06629282,0.0,0.22856405,0.0,1.9090539,0.32640666,1.2666839,0.21869488,1.149087,0.0,0.8688917,0.0,0.44482964,1.3230131,0.3656608,1.4312974,0.93913406,0.23229027,0.06463573,0.0,0.0,0.0,0.27237496,0.51697755,1.1387436,0.59677726,0.28827766,0.0,0.75257754,2.3062055,0.5217604,0.61654043,0.5007228,0.0,0.41427308,1.7073133,1.1543027,0.9035824,0.5040261,0.0,0.9765403,0.0,0.0,0.0,0.26196933,0.16302076,0.7330034,0.43536675,0.0,0.9378834,0.0,0.1196629,1.208523,0.9779465,1.5838326,0.7542735,0.0,0.0,0.29282588,0.7406512,1.0632873,0.13706537,0.62779266,1.9088686,0.48219898,0.35479063,0.041601975,0.2713914,0.0,1.8776015,0.0,0.151179,0.12067244,0.70723647,1.3196126,1.0147338,0.15690869,1.0742462,0.0,0.0,2.1093833,0.22158071,1.1537215,0.0,1.8151906,0.94450706,0.0,0.0,0.0,0.0,0.0,0.044031918,0.33176696,0.20875487,0.5289233,1.0961022,0.49084905,0.0,0.92691237,0.5924559,0.0,2.1955311,0.9601953,0.38602728,1.023216,0.45689148,0.47573277,0.0,0.0,0.0,2.3266695,1.2890053,0.0,0.78507984,1.4702996,2.3193908,0.18766096,0.0,0.0,0.3003838,0.0,1.5109855,1.3793218,0.17034826,0.0,0.0,1.0720521,1
0.0,0.25613454,0.0,0.59400886,0.0,1.4291115,0.0,0.72412586,1.0334861,0.43747386,0.04342631,0.95428175,0.0,0.0,1.4995503,0.81805664,0.9257404,1.2500972,0.0,0.893322,0.0,0.66316766,0.0,0.22559237,0.0,1.3291836,0.69998026,0.21521805,0.0,0.33822232,1.8520985,0.110660255,0.3629924,0.70720774,0.0,0.09107676,0.943073,1.2269768,0.8900253,0.6765849,0.0,0.81027085,0.0,0.0,0.0,0.19322689,0.0,0.0034503713,0.09121819,0.0,0.9850515,0.0,0.053613905,0.6558579,1.5533787,1.2513956,0.38139847,0.0,0.0,0.77822727,0.38193125,1.0666102,0.43355146,1.3806124,1.2736778,0.13568993,0.31511113,0.0,0.123504564,0.0,2.1512158,0.0,0.0,0.0,0.63805264,0.85881877,0.72859585,0.121321015,1.5937178,0.0,0.0,1.3318058,0.13992564,0.75558066,0.0,1.7935514,0.94202787,0.0,0.036471017,0.0,0.0,0.14994952,0.3523066,0.2292103,1.0164535,0.9044563,0.4637744,0.68289727,0.0,0.82707983,0.60305953,0.20767437,1.3109379,0.63028383,1.1934494,1.4098545,0.013165404,0.0,0.0,0.0,0.0,2.0840728,0.8677508,0.0,0.71036255,1.4169544,1.8650479,0.3829215,0.0,0.0,0.0,0.32338023,0.92726004,0.47840834,0.0,0.0,0.0,0.66299784,1
0.0,0.27505484,0.0,0.29096147,0.0,1.151086,0.5982013,1.184787,0.2953638,0.75810593,0.36989325,0.5894223,0.0,0.24783422,0.7405502,0.442882,1.053337,0.49032822,0.08018299,1.1631927,0.0,0.71104807,0.0,0.0,0.58066326,1.2349105,0.5958585,0.0,0.0,0.5819013,2.1260712,0.0,0.6631333,0.3509656,0.0,0.13612477,1.109679,0.6618907,1.1868532,0.44886634,0.0,1.497732,0.0,0.0,0.0,0.0,0.0,0.26023594,0.63885546,0.0,0.5676873,0.0,0.0,1.4370617,1.7484251,1.2461566,0.9376468,0.0,0.0,0.77129585,0.053373788,1.1128057,1.3728408,0.9778318,1.5172684,0.0,0.9722605,0.3520888,0.0,0.0,1.6075222,0.0584511,0.0,0.22900039,0.79118925,1.1455894,0.35529336,0.0,1.3131433,0.0,0.0,1.5826855,0.800012,1.5219401,0.0,1.5371168,1.0845711,0.0,0.0,0.0,0.19863889,0.12830402,0.10732296,0.47365478,1.043675,0.47665983,0.5149688,0.47430873,0.0,1.3048006,0.286514,0.4091525,1.509556,0.66154754,0.13675386,0.5840425,0.0,0.0,0.0,0.0,0.0,1.6689173,1.0733823,0.0,0.8349602,0.79307836,1.7490766,0.41623256,0.0,0.0,0.0,0.0,1.7184107,0.5719427,0.0,0.22096474,0.0,0.5349395,1
0.0,0.0,0.0,0.25144514,0.0,0.75855947,0.9676674,0.8690376,1.0292714,0.744363,0.5035748,0.27623254,0.0,0.54019326,0.99426925,0.9415097,0.0,0.956367,0.049941268,1.8393705,0.0,1.4399829,0.23423487,0.35255182,1.2173742,1.2558914,0.86976904,0.0,0.0,0.29753828,1.9174905,0.41467223,1.0616734,0.0,0.0,0.5092217,1.0655028,0.13999303,1.89849,0.7064477,0.0,2.0796995,0.0,0.0,0.0,0.22540243,0.0,0.26974988,0.89780146,0.0,1.524035,0.29223713,0.0,0.8755269,1.3589754,1.8136281,1.1886532,0.0,0.0,1.3420979,0.0,1.906874,1.1329896,1.6122171,0.72248626,0.051687993,1.0574503,0.88191533,0.0,0.0,1.3105764,0.03231443,0.0,0.0,1.2304561,0.94642264,0.39814988,0.87812614,1.9410163,0.0,0.0,1.2080033,0.0,0.8609975,0.7853595,1.921274,1.2905734,0.0,0.0,0.0,0.0,0.0,0.68816227,0.055931058,0.75674695,0.21813393,0.24905273,0.034681097,0.0,1.504673,0.44072375,0.47127172,1.2740247,0.3087388,0.9123658,1.1507891,0.0,0.0,0.0,0.0,0.0,1.5913532,0.4710477,0.0,0.78861296,0.71846575,1.101435,1.926051,0.0,0.0,0.845309,0.5577679,1.012077,0.14562416,0.0050769458,0.08642097,0.0,0.5350932,1
0.0,0.0,0.0,0.044187643,0.0,0.09125239,1.1984003,0.10703181,0.0,0.21364368,0.0,0.871401,1.6504259,0.25317627,0.43394822,0.3899091,0.63609177,1.3917388,0.57511747,1.3167142,0.0,1.1221818,0.0,0.3072182,1.3045713,0.8500069,1.3553144,0.10187568,0.0,0.0,1.9296451,2.5278075,1.5479106,0.8083627,0.0,1.7845436,1.4701147,0.540906,0.94448197,1.4305102,0.0,0.65380603,0.0,0.0,0.0,0.1740153,0.20979196,0.22383776,0.0,0.16956146,1.0267915,1.5363106,0.0,0.64336646,1.0508001,0.7563708,0.0,0.0,0.0,1.1425902,0.07137283,1.7302737,0.0,0.015495383,1.0197991,1.4210895,0.0,1.4874959,0.0,0.0,1.1567789,0.0,0.0,1.2207068,2.0575936,0.93505174,0.88569814,1.189349,0.0,0.0,0.0,0.9974603,0.06256543,0.0,0.63319445,0.20225061,1.5027899,0.0,0.16670085,0.0,0.3741922,0.89182574,1.6881508,0.0,0.0,0.08395148,0.61652136,0.33933076,0.0,1.4233181,0.43750265,0.67545545,0.70344514,0.540799,0.7411084,1.0908653,0.0,0.5681387,0.0,0.0,0.0,1.6657368,0.98103225,0.0,0.23882814,0.14467563,0.57792985,1.0664892,0.0,0.0,0.9646199,0.0,1.1662781,0.0786432,1.3803035,1.1046388,0.0,1.3910354,1
0.0,0.0,0.0,0.09771701,0.0,0.0,0.85463506,0.0,0.2804949,0.2239977,0.36915866,0.84597504,1.4583176,0.65084386,0.0,1.1209542,0.37563595,1.3507298,0.255204,1.3288716,0.0,1.5876061,0.0,0.44011456,1.3653908,1.1676334,1.4533682,0.0,0.0,0.054242216,2.1027224,1.951029,1.5492322,0.173117,0.0,1.892347,1.3858227,0.44066346,0.94928914,1.2326065,0.0,0.8523358,0.0,0.0,0.0,0.19759431,0.0,0.6510109,0.30241036,0.0,0.8652533,1.6203567,0.0,0.085905045,0.8514403,0.77785486,0.03855298,0.0,0.0,1.9298636,0.0,1.7109803,0.0,0.45375755,0.614041,1.394895,0.0,1.4049034,0.0,0.0,1.0716522,0.0,0.0,1.5972918,1.7257476,1.1370244,0.5855644,1.1951983,0.17564912,0.0,0.0,0.58519715,0.0,0.0,0.51890707,0.22381327,1.4171242,0.0,0.4630429,0.0,0.0,0.26880834,2.0744314,0.0,0.0130248405,0.0,0.0,0.19848171,0.0,1.7448533,0.69770604,0.96798366,0.41840193,0.056380313,0.72396386,1.1200607,0.29708612,0.7078406,0.0,0.0,0.0,1.262739,0.8485953,0.0,0.5459267,0.0,0.43953714,1.2889154,0.0,0.0,1.1791719,0.48596877,1.1213989,0.0,1.4595388,1.0185739,0.0,1.4822723,1
0.0,0.2667329,0.0,0.34405997,0.0,0.31942466,0.40672034,0.019401582,0.3747887,0.7758658,0.11031088,0.7654317,0.81486744,0.6034596,0.17821786,1.1708729,0.8351744,0.8249878,0.39320606,0.6718646,0.0,0.45286375,0.0,1.1618845,0.61176175,0.87730473,1.3056716,0.030316722,0.0,0.04292578,1.6661494,1.4445055,1.6216071,0.18093993,0.0,1.417102,1.1540918,0.7391633,0.13755554,0.50549436,0.0,0.6116007,0.0,0.0,0.0,0.40336972,0.00062763854,0.9865352,0.2512425,0.0,0.8755733,1.487579,0.0,0.3373393,1.1566869,0.25665087,0.18773143,0.0,0.0,1.2168846,0.3419343,1.2594193,0.0,0.74914426,0.82086015,1.1633683,0.0,0.85909337,0.0,0.13864872,0.86158323,0.0,0.0,1.2012153,1.4425089,0.81105804,0.32345086,0.78962004,0.35918942,0.0,0.0,0.6385349,0.016981483,0.25725797,0.1008211,0.0,1.1988112,0.0,0.45826593,0.0,0.0,0.0,1.4226463,0.30400795,0.0,0.0,0.0,0.8614164,0.0,1.3269,0.8077927,0.704554,0.72132957,0.20506482,0.29788503,0.97192484,0.0,0.474915,0.0,0.0,0.0,0.96676326,1.0059637,0.0,0.35777813,0.031277224,0.46873057,0.8278722,0.0,0.0,1.4412354,0.47492218,0.8857219,0.042937815,1.1292198,0.3858914,0.0,0.77681625,1
0.0,0.011284742,0.0,0.0,0.0,1.4791361,0.71474004,1.5171803,1.1960316,1.2813634,0.42060122,0.46430758,0.28430524,0.6565397,0.6443108,0.9779666,0.20787574,0.551807,0.117096,0.8861061,0.0,0.6555901,0.303909,0.09417468,0.8739313,1.8016093,0.6036099,0.0031278245,0.0,0.59729004,1.2176614,0.70535195,1.2125148,0.06889705,0.0,0.28242853,1.481123,0.56029075,1.2651436,0.2472492,0.0,1.046327,0.0,0.0,0.0,0.0,0.0,1.078975,0.084036276,0.0,0.9428524,0.28500494,0.0,1.2104768,1.1227864,1.1633502,0.66035926,0.0,0.0,0.92619807,0.20277101,1.4128319,1.3449998,1.7327366,1.405353,0.01666095,0.5604445,0.31314558,0.0,0.0,1.0813473,0.0,0.0,0.0,0.82424057,1.2425662,0.7113149,0.5075452,0.9693008,0.0,0.0,1.5148607,0.74032116,0.843999,0.24830423,1.6151869,1.2329835,0.0,0.0,0.0,0.49046832,0.16185826,0.0,0.6221241,1.0591488,1.0851299,1.4320775,0.0,0.0,0.44635993,0.37281117,0.12574005,1.7605019,1.2783108,0.6983501,0.6782009,0.40464184,0.29057202,0.0,0.0,0.0,1.7930459,0.8551251,0.0,1.0984194,0.68392605,1.970211,1.2810233,0.0,0.0,0.6334852,0.0,1.1084086,0.0,0.0,0.0,0.0,0.6082728,1
0.0,0.0,0.0,0.15051362,0.0,0.37563056,0.7677102,0.21313977,0.59192216,0.6905435,0.09953992,0.4354807,0.021232203,0.23230769,0.67568934,1.3019288,0.39682424,1.243251,0.13081107,1.4772418,0.0,0.7884763,0.0,0.5212216,0.8356314,1.3562708,0.49560007,0.20044811,0.0,0.0,1.8919711,0.70678544,0.86103123,0.5898625,0.0,1.1399765,0.5193277,0.7696097,0.713554,0.79268324,0.0,1.5091785,0.0,0.0,0.0,0.0,0.32014266,0.58291376,0.70988804,0.0,1.2095637,0.73730093,0.0,0.12822372,1.1692677,0.8743685,0.8185142,0.0,0.0,1.1387688,0.0,1.0945206,0.0,1.353686,0.18756188,1.2113318,0.0,0.5082126,0.0,0.0,0.8011216,0.0,0.0,0.49695313,1.3001373,1.4439231,0.1767742,0.6489515,1.1066288,0.0,0.0,0.5653621,0.057305694,0.23048753,0.5733936,1.0222731,1.2335362,0.0,0.0,0.0,0.0,0.0,1.1797025,0.13999806,1.1460814,0.0,0.23046261,0.026544912,0.0,1.989841,0.52548313,0.8896533,0.23155747,0.0,1.0818039,1.1511673,0.0,0.0,0.0,0.0,0.0,1.565221,0.79758364,0.0,0.22533159,0.029388294,1.3235245,0.7623502,0.0,0.0,1.0517577,0.725792,1.4813365,0.1653822,0.55457026,0.16865571,0.0,0.73695636,1
0.0,0.0,0.0,0.3971166,0.0,1.0399742,0.62554157,0.48205665,0.08549715,0.7049111,0.3191617,0.4058597,0.8040145,0.47040528,0.62803155,0.6989297,0.847112,0.99976707,0.13826002,1.2254236,0.0,0.52275115,0.20035906,0.5170906,0.5980103,1.7386667,0.38402674,0.0,0.0,0.0,2.2865922,1.2128617,1.6467029,0.0,0.0,1.0489025,0.4445633,0.891687,0.7696331,0.72313774,0.0,1.5924586,0.0,0.0,0.0,0.0,0.6621883,0.6765614,0.5687632,0.0,0.8129808,1.2962533,0.0,0.6490096,0.8933013,1.2396044,0.9696428,0.0,0.0,1.270349,0.0,1.8244432,0.8757906,1.0197263,1.0944427,0.6815324,0.0,0.39646354,0.0,0.0,0.94865346,0.0,0.0,0.35145086,1.6188254,1.5466281,0.8274915,0.7124239,1.5129102,0.0,0.0,1.4301343,1.4767753,0.36799142,0.15259142,1.0838099,1.5989459,0.0,0.7406426,0.0,0.0,0.0,1.1765407,1.2617772,0.88812035,0.29372653,0.8428004,0.27379814,0.0,2.266212,0.73976684,0.28000244,0.83652544,0.29163596,0.8995844,0.39166328,0.0,0.056006804,0.0,0.0,0.0,1.5442375,0.33031267,0.0,1.2227979,0.052627586,1.3250012,1.5300317,0.0,0.0,1.2149217,0.0,1.104114,0.35125533,0.6258841,0.20602305,0.0,0.5363812,1
0.0,1.0822334,0.0,0.70886904,0.0,1.4340132,0.75137204,0.49374777,0.35663077,1.0815501,0.31174257,0.8299749,0.0,0.7750528,1.2483338,0.3678596,0.3710662,0.7756426,1.4474254,0.45681977,0.0,0.2667152,0.0,0.14519131,0.69599295,0.8978332,1.1946279,0.7207786,0.0,0.6378262,1.0120815,0.9093533,0.19100371,0.96822155,0.0,0.61806226,1.8773415,1.7012122,0.6889693,0.96657944,0.0,0.24228658,0.0,0.0,0.0,0.6982814,0.12033283,0.7739677,0.0,0.32881796,0.67312205,0.1197298,0.0,1.9546944,0.61050504,0.7074906,0.0,0.0,0.0,0.9257971,0.33018282,1.4010943,0.27851868,1.1498498,2.2042532,0.044629432,0.42922074,0.562199,0.0,0.03417529,2.2267241,0.0,0.0,0.0,0.49879116,0.546573,1.2019186,1.3943651,0.53895706,0.0,0.0,2.0030656,0.48388165,0.90977377,0.0,0.9168791,1.1424426,0.0,0.4425967,0.0,0.15978599,0.8789946,0.3392179,0.07635439,0.0,0.98404866,1.51954,0.890107,0.0,0.0,0.056013715,0.0,2.0749338,1.3076324,1.0446181,1.1178638,0.38133708,1.6716794,0.0,0.0,0.0,2.2491777,1.7064192,0.0,1.1153038,1.5091743,3.034057,0.20274526,0.0,0.06788108,1.2608607,0.0,0.8600374,0.5156727,0.0,0.20693196,0.0,0.782585,1
0.0,0.0,0.0,0.0,0.0,0.7781612,0.9325302,0.1664219,0.0,0.4479827,0.15384965,0.3644799,1.3375127,0.6765716,0.015708214,1.3353609,1.0169027,1.183743,0.2258058,1.2879748,0.0,1.405489,0.0,0.33668876,1.4551404,1.3875743,1.3873729,0.0,0.0,0.31348616,2.3272617,1.3603232,1.993363,0.0,0.0,1.5359356,1.4153123,0.3321178,0.6727701,1.0218672,0.0,1.121457,0.0,0.0,0.0,0.15271176,0.51744,0.86930645,0.44154155,0.0,1.1272365,1.8140024,0.0,0.4750911,0.89732105,0.6900779,0.4785434,0.0,0.0,1.4574753,0.20550488,1.2940396,0.23228438,0.65931433,0.41464907,1.6421807,0.0,1.0391409,0.0,0.0,1.1668589,0.0,0.0,1.3275801,1.7004541,1.4558083,0.8398882,1.2134515,0.28522974,0.0,0.0,1.1745375,0.0,0.0,0.6265777,0.41175234,1.2569798,0.0,0.5809616,0.0,0.0,0.3284485,2.1673174,0.40249908,0.4438925,0.0,0.16844156,0.5547718,0.0,1.592912,1.0622046,1.3504676,1.3125675,0.004819508,0.76387465,1.1383766,0.1856646,0.13814972,0.0,0.0,0.0,1.4169514,1.0235786,0.0,0.20384835,0.20274551,0.31377497,1.515193,0.0,0.0,1.0851866,0.25943497,1.2657815,0.013754606,1.4425669,0.67237085,0.0,1.5766841,1
0.0,0.2910365,0.0,0.45819637,0.0,1.0057191,0.8141175,0.057970963,0.8794977,0.74465007,0.0,0.3176097,0.5526121,0.32280487,0.4192527,1.1051301,0.7117881,0.78834796,0.0,1.5293928,0.0,1.0613017,0.088234894,0.13391435,1.2280488,1.7505533,0.7462082,0.0,0.0,0.0,2.7566864,0.8494842,1.2112126,0.0,0.0,0.78199947,0.8922325,0.38038602,0.9197027,0.91342163,0.0,1.4802258,0.0,0.0,0.0,0.4277862,0.07351878,0.40075925,0.17852242,0.0,0.6151068,0.6969003,0.0,1.0036858,1.4718146,1.0882366,1.2309936,0.0,0.0,1.0611236,0.11462697,2.0469403,0.10744362,1.7857343,1.7813295,0.42558968,0.0,0.583125,0.0,0.1938188,1.4178822,0.14670411,0.0,0.45114803,1.1204447,0.93684536,0.15834191,0.4687154,1.130207,0.0,0.0,0.76270795,0.4037094,0.13547441,0.24647401,1.1145827,1.2108513,0.0,0.31836417,0.0,0.0,0.0,1.1517078,0.049368564,1.1019881,0.42147246,0.97061706,0.0881006,0.0,1.7808877,0.031222222,0.84548515,0.80729437,1.1504517,0.40410084,0.80242914,0.0,0.0,0.0,0.0,0.0,1.8334688,0.77065676,0.0,0.9892647,0.38483453,1.4938589,1.1403095,0.0,0.0,0.6628818,0.27583647,1.5911754,0.7227088,0.065068394,0.0,0.0,0.6184996,1
0.0,0.0,0.0,0.038935475,0.0,0.39788362,0.53030807,0.29363388,0.31045127,0.74431646,0.3009539,0.8749291,0.7117165,0.14525478,0.32845244,0.74014646,0.6078923,0.8103656,0.6255634,1.18581,0.0,0.54037386,0.0,0.23541889,1.0370921,1.0058484,1.0441831,0.0,0.0,0.2722018,1.8578483,1.3882655,1.5422976,0.6911004,0.0,1.4986612,1.0431459,0.58098006,0.69383377,1.3032432,0.0,1.1030962,0.0,0.0,0.0,0.5813653,0.0,0.47861928,0.42213455,0.0,0.975369,1.1301664,0.0,0.20219284,0.8384563,0.5464736,0.3160817,0.0,0.0,1.2823883,0.0,1.4339794,0.0,0.31014773,0.7174672,1.7633586,0.0,0.5000681,0.0,0.20735842,0.5723034,0.0,0.0,1.0250833,1.9144204,0.5685348,0.5024527,1.0865363,0.33133984,0.0,0.0,0.703936,0.24332857,0.0,0.0,0.5951831,1.2983323,0.0,0.30921814,0.0,0.0,0.17069733,1.4426503,0.43712106,0.08341164,0.0,0.22157133,0.8885368,0.0,1.2724496,0.7271581,0.5143781,0.62892276,0.0,0.41884527,0.67450494,0.12488833,0.5191164,0.0,0.0,0.0,0.9597886,0.68853664,0.0,0.021295764,0.2802054,0.62006503,0.9655621,0.0,0.0,0.73682535,0.40436143,1.1645666,0.25452876,0.6951897,0.68376344,0.0,1.2463459,1
0.0,0.027776603,0.0,0.0,0.0,0.91695285,0.4790992,0.37003237,0.0,0.17358322,0.16967078,1.0031748,1.7195448,0.7041717,0.22139886,0.8345735,0.24280183,1.2168161,0.65411747,1.0854179,0.0,0.73255163,0.0,0.49586678,0.86774904,1.1429794,0.6048679,0.0,0.0,0.67453694,2.3301947,1.9348608,2.0068626,0.479456,0.0,1.3411282,1.7284805,0.27002785,0.8275893,0.9502617,0.0,1.1128588,0.1281506,0.0,0.0,0.0,0.073215365,1.1425908,0.0,0.0,0.3779532,1.6016983,0.0,0.68230534,0.0,0.36089474,0.13131718,0.0,0.0,0.91601473,0.15520373,2.1144905,0.0,0.5112811,1.1000367,1.0214337,0.0,0.8440513,0.0,0.38046592,0.57092685,0.0,0.0,1.365165,1.496723,0.84326154,0.926613,1.4713244,0.0,0.0,0.0,0.78908503,0.33908215,0.3449094,0.025413282,0.40945333,1.0352747,0.0,0.6774207,0.0,0.0,0.25234666,1.6883368,0.28344518,0.22751734,0.0,0.45871243,0.11307986,0.0,1.2842611,0.4202849,0.21758862,0.7508298,0.07151575,0.26352942,0.11931741,0.1413148,0.906701,0.0,0.0,0.0,0.6798798,0.9325802,0.0,0.25743166,0.25667825,0.5639001,0.8646522,0.08529798,0.0,0.42818666,0.0,0.96786624,0.0,1.5753189,0.39986,0.0,1.215863,1
0.0,0.666295,0.0,0.096865915,0.0,0.6549598,1.0722059,0.67886186,0.6526135,1.2270187,0.18564577,0.8831249,0.27834123,0.25954106,0.53642076,0.6022062,0.90160257,1.1312994,1.2217255,1.0089408,0.0,0.80080444,0.0,0.0,0.69703716,0.8717471,0.36836943,0.4040071,0.0,0.0,1.6929791,0.95092475,0.73753065,1.1593548,0.0,0.9667403,1.4019599,0.86276025,0.5656997,1.0047637,0.0,0.38647923,0.0,0.0,0.0,0.48199445,0.27454308,0.21874753,0.5960296,0.0,0.6087343,0.22856168,0.0,0.7997757,0.8793935,0.38950187,0.14668597,0.0,0.21178152,1.0443622,0.14919724,0.7957571,0.5129668,1.3226516,1.8879435,0.8852572,0.0,0.89734715,0.0,0.401005,1.2446954,0.0,0.0,0.55737406,1.1675651,1.017791,0.7670714,1.3391666,0.29345268,0.0,0.0,0.6989886,0.11984298,0.22063681,0.0,0.90024203,1.5501418,0.0,0.33448398,0.0,0.07955402,0.0,0.5910168,0.03503864,0.32878548,0.79299265,0.22994775,0.5629677,0.0,0.85296583,0.18736525,0.0,1.0328246,0.6738287,0.34707797,0.78417385,0.53026104,0.7241398,0.0,0.0,0.0,1.4795052,1.1989961,0.0,0.60041505,0.35439223,1.5347332,0.26911741,0.0,0.0,1.1084758,0.19687976,0.98225796,0.43388474,0.0,0.7782156,0.0,1.3817713,1
0.0,0.03618679,0.0,0.0074693034,0.0,0.061746255,0.9919706,0.35391146,0.7991438,1.1361573,0.0,0.83127695,0.80061036,0.5379175,0.8032873,0.71888155,0.37876907,0.9620212,0.87907076,1.3909986,0.0,0.56391275,0.0,0.3395506,0.80233276,0.9316316,0.80952543,0.0,0.0,0.16779725,2.0444365,0.92104,1.1932437,0.36697048,0.0,0.97565657,1.2757307,0.5346537,0.45465222,0.70365816,0.0,1.0033443,0.0,0.0,0.0,0.5196798,0.6308507,0.0,0.56467164,0.55069995,0.7586216,0.45890418,0.0,1.0102116,0.8748785,1.1504483,0.6030576,0.0,0.0,0.8820071,0.1906518,1.3812056,0.15320133,1.5807507,0.8639795,0.8754706,0.0,0.9171036,0.0,0.0,1.2034682,0.0,0.0,0.31846502,1.0271434,0.9787952,0.76161367,1.0571733,0.5979187,0.0,0.0,0.896037,0.30018634,0.7901795,0.28269905,1.1950594,1.967542,0.0,0.09286743,0.0,0.06624938,0.0,0.61192244,0.6979686,0.0,0.8329418,0.1775181,0.6876491,0.0,1.1840489,0.0,0.0,1.221067,0.40835056,0.15701158,0.3388503,0.0,0.30574307,0.0,0.0,0.0,1.3864267,0.5025672,0.0,0.20360361,0.38273823,1.9805117,0.2671061,0.0,0.0,1.5751302,0.251305,1.2830768,0.6355398,0.0,0.49305966,0.0,1.2030855,1
0.0,0.0,0.0,0.4123316,0.0,0.0,1.4547056,0.1313654,1.1753047,1.3144674,0.0782111,0.6154766,0.0,1.0782065,0.32540178,0.9300593,0.8518296,1.4826888,0.0017797009,1.858437,0.0,0.82613635,0.0,0.69333035,1.2936825,1.3548323,0.6853129,0.355121,0.0,0.0,2.3303564,1.2257469,1.0463513,0.7086293,0.0,1.558606,0.39890936,0.7415193,1.0162137,1.0355088,0.0,1.2076524,0.0,0.0,0.0,0.0869822,0.015219095,1.1465499,0.64707804,0.0,0.8080342,0.9599723,0.0,0.7481198,1.4203655,0.6835549,0.8411784,0.0,0.0,1.1212057,0.0,1.7446254,0.21432452,1.788336,0.8029634,0.691797,0.0,0.7949899,0.0,0.0,0.34136942,0.09494349,0.0,0.6972675,1.2622986,1.2948048,0.43552336,1.1371632,0.8231422,0.0,0.0,0.8110344,0.0,0.001825679,0.6097267,1.5154499,1.2258161,0.0,0.034176894,0.0,0.0,0.0,1.4796275,0.0,1.3904442,0.18724588,0.1857377,0.1012817,0.0,2.0102468,0.009135915,1.0031717,0.24545117,0.6899698,0.5894622,1.2665501,0.0,0.0,0.0,0.0,0.0,1.5856658,0.5823126,0.0,0.65030855,0.109892905,1.5443121,0.7640992,0.0,0.0,1.2243214,0.56141263,1.5343251,0.010533571,1.3098017,0.41151318,0.0,1.12897,1
0.0,0.5050103,0.0,0.12352187,0.0,0.0,0.78476965,0.7022357,0.6837803,0.65612173,0.01750431,0.81641716,0.9825437,0.4074245,0.2671048,0.39357227,0.99118847,0.64077914,0.0,0.8536078,0.0,0.5539231,0.0,0.31625968,1.014452,0.81038374,1.0912154,0.2816474,0.0,0.38561705,1.3551507,0.89641744,0.43975303,0.0,0.0,1.0081267,1.4249232,0.646227,0.61795086,1.0433859,0.0,0.5313778,0.0,0.0,0.0,0.7326309,0.117047936,0.8999981,0.09620817,0.0,0.8142259,1.1677028,0.0,0.96123195,1.4919866,0.28151152,0.38641655,0.0,0.0,1.3443378,0.64285284,1.1097685,0.17188756,0.124780804,1.5519849,1.5951254,0.17691734,0.59417367,0.0,0.5759192,0.09015863,0.0,0.0,1.1490057,0.52378774,0.2830589,0.6828045,0.24771442,0.16111243,0.0,0.0,0.9494141,0.1818266,0.34894446,0.24557917,0.0,1.5111231,0.0,0.5997662,0.0,0.2677965,0.090727516,1.0738846,0.40016466,0.0,0.0,0.9331371,0.83359724,0.0,0.59079534,0.37345845,0.86759454,0.7066163,0.39502335,0.42498708,0.51500386,0.0,0.18274058,0.0,0.0,0.0,0.9395013,1.3240575,0.0,0.40633687,0.022086903,0.49784455,0.81101584,0.0,0.0,1.3822972,0.2839873,1.1342174,0.27197638,0.9734768,0.6519932,0.0,1.1328503,1
0.0,0.1758805,0.0,0.0,0.0,0.03559193,0.5629344,0.0,0.25138673,0.49379548,0.0,0.89525497,1.5738254,0.6851444,0.075996034,0.5124143,0.8730872,0.53852886,0.0,1.0071312,0.0,0.7926158,0.0,0.15327464,0.69883776,1.0313594,0.57898146,0.0,0.0,0.43704185,1.7398129,1.1453913,1.0453522,0.4203981,0.0,1.0098009,1.437999,0.46516675,0.43704033,0.8305473,0.0,0.96329707,0.0,0.0,0.0,0.93458813,0.0,0.5619996,0.42063895,0.0,0.935859,1.0403372,0.0,0.60038185,0.5462039,0.4328591,0.0,0.0,0.0,1.0219821,0.09763349,1.4278806,0.10732793,1.0294108,1.0367949,1.6773086,0.18480718,0.8764366,0.0,0.51212054,0.892166,0.0,0.0,0.8161897,1.6152792,0.43424177,0.7669034,1.2299117,0.00435719,0.0,0.0,1.0923457,0.083443254,0.0,0.26312923,0.075963974,1.2611972,0.0,0.27216792,0.0,0.0,0.0,1.3811077,0.49675757,0.0,0.0,0.45369026,1.2122071,0.0,0.80748504,0.86876136,0.2873919,0.5671144,0.0,0.46959952,0.23284107,0.35633054,0.8085401,0.0,0.0,0.0,0.5931943,1.0047333,0.0,0.43414444,0.2124335,0.81217015,0.7025481,0.0,0.013163641,1.6824594,0.2063508,0.5097378,0.7474968,0.39171672,0.99154246,0.0,0.9882242,1
0.0,0.03225792,0.0,0.0,0.0,0.76185906,0.18089238,0.0230284,0.0,0.66145784,0.0,0.9258786,1.4975793,0.23102896,0.53623503,0.95609003,0.7550057,1.0011895,0.45376524,0.98097235,0.0,0.55838406,0.0,0.6458084,0.5276938,0.74091643,1.2677364,0.0,0.0,0.19029388,2.6004598,2.0077755,1.1190735,0.0,0.0,1.6530775,1.7120574,0.3929541,0.6160355,1.201357,0.0,0.5099693,0.0,0.0,0.0,0.0,0.33917877,0.39899412,0.0,0.4255413,0.7739479,1.230604,0.0,0.8853324,0.392875,0.6871983,0.08322637,0.0,0.0,0.94067496,0.3078769,1.354524,0.159231,0.0,1.3420305,1.224895,0.0,1.0040838,0.0,0.05860512,1.106938,0.0,0.0,1.1726522,1.7473488,0.92021173,1.1809211,0.48854727,0.0,0.0,0.0,0.6650243,0.07022085,0.6650767,0.37738782,0.12048122,1.3216289,0.0,0.0,0.0,0.2201008,0.3295147,1.1066085,0.4953105,0.0,0.16249995,0.63578093,0.6908466,0.0,1.1244699,0.7995307,0.755311,1.4644157,0.30426043,0.23376532,0.35957858,0.0,0.6630231,0.0,0.0,0.0,1.7733738,1.3138832,0.0,0.314964,0.5331785,0.6476407,0.79811877,0.0,0.0,1.218508,0.09683103,0.914245,0.11194298,1.193397,0.7293106,0.0,1.1586622,1
0.0,0.24817127,0.0,0.010260961,0.0,0.6263604,0.62482154,1.0440232,0.0,0.3469065,0.12146764,0.73157233,1.534398,0.59900165,0.30235597,0.6476755,0.64420074,1.0197713,0.7511052,0.67861366,0.0,0.97309947,0.0,0.38784423,0.8589681,1.1037568,0.7483987,0.005064886,0.0,0.33926383,2.144512,1.6031278,1.2119256,0.0,0.0,1.7365493,2.4435904,0.50662464,0.48880595,1.3592973,0.0,0.9489626,0.0,0.0,0.0,0.7110753,0.43617946,0.29268607,0.0,0.89737445,0.63705873,1.2850217,0.0,1.5524135,0.70651364,1.492853,0.85545295,0.0,0.0,0.9203643,0.19389579,1.566173,0.64709705,0.45837733,1.745705,1.3587201,0.08281723,0.84761924,0.0,0.0,1.0183091,0.0,0.0,1.0576178,1.492157,0.9897305,1.2959988,0.88115424,0.3713592,0.0,0.0,1.5295019,0.6452316,0.8877052,0.4939258,0.57507265,1.7939091,0.0,0.22022061,0.0,0.21343642,0.5956911,0.76243037,0.396292,0.0,0.33874148,0.8398046,0.51109,0.0,1.6694877,0.7397016,0.40558442,1.484482,0.48238736,0.15454161,0.145569,0.0,0.8531054,0.0,0.0,0.0,1.7487696,1.122487,0.0,1.0189772,0.795237,1.0941478,1.3032109,0.0,0.0,1.2684292,0.028510813,1.4346018,0.5747903,0.42043093,0.99088377,0.0,1.2746471,1
0.0,0.12780267,0.0,0.0,0.0,0.68980616,0.1358909,0.41731772,0.07806317,0.6293776,0.0,0.7155302,1.1092612,0.23748957,0.45191133,0.8974237,0.62732804,1.0013802,0.28709313,0.31562215,0.0,0.6602677,0.0,0.12527582,0.7647343,0.808345,1.2202544,0.0,0.0,1.0829645,1.8307678,1.1745795,1.1876979,0.64023346,0.0,1.6982144,1.6089956,0.13871461,0.6629707,0.89238095,0.0,0.43070626,0.003174021,0.0,0.0,0.05984224,0.013866695,1.0982909,0.0,0.0033525839,0.3673528,0.93826324,0.0,1.0302292,0.1897067,0.07381079,0.5000064,0.0,0.0,0.62506294,0.11154426,1.3595915,0.58638203,0.32120913,1.0616372,0.71648467,0.047959924,0.73365563,0.0,0.0,0.69453055,0.0,0.0,0.74600273,1.5155749,1.059242,0.9534931,0.6323196,0.0,0.0,0.0,1.1000127,0.8243682,0.44192633,0.17725441,0.36408824,1.0568801,0.0,0.12725358,0.0,0.27961177,0.4422684,1.3461741,0.120239645,0.0,0.034555826,0.8897835,0.60262984,0.0,1.1393692,0.85705644,0.73862624,1.2473445,0.55075544,0.77466476,0.7204745,0.06818263,0.71133316,0.0,0.0,0.0,1.7149627,1.7894994,0.0,0.6011618,0.8926061,1.070157,0.53842914,0.0,0.0,0.54374105,0.119828485,0.95500803,0.046823397,0.9233378,0.29773295,0.0,1.1715539,1
0.0,0.41950113,0.0,0.0,0.0,0.61391944,0.82647514,0.5923337,0.22804289,0.31170654,0.0,1.079608,1.1442331,0.2807126,0.37604022,0.76541024,1.1754761,0.7856973,0.47338113,0.70214164,0.0,0.6986993,0.0,0.3852832,0.742012,0.6448844,1.1681378,0.0,0.0,0.45388576,1.8064271,1.5533322,0.9809338,0.04522644,0.0,1.2632684,1.1536499,0.5943304,0.72264755,0.6522423,0.0,0.426231,0.0,0.0,0.0,0.417021,0.27417445,0.5538903,0.0,0.2639783,1.3493946,0.9235296,0.0,1.1555147,0.915483,0.65419024,0.0,0.0,0.0,0.59848654,0.37824804,1.5014198,0.20268673,0.26118103,1.328859,0.9549514,0.09096505,0.76614267,0.0,0.267046,1.3444477,0.0,0.0,1.2579696,1.0933022,0.089012675,0.5882778,0.67568797,0.0,0.0,0.0,0.76341975,0.32192641,0.5281765,0.50815797,0.4811195,1.1733589,0.0,0.771698,0.0,0.6122808,0.54229647,0.8849561,0.083273076,0.32330024,0.109230414,0.3686962,0.4021847,0.0,1.1207092,0.0,0.07680166,1.1570916,0.34341136,0.28777277,0.60200137,0.0,0.5148572,0.0,0.0,0.0,1.1395186,1.3672982,0.0,0.7384632,0.51378304,0.7397459,0.66458076,0.0,0.017905936,1.3054074,0.03688464,1.4115034,0.0,0.5077601,0.64093155,0.0,1.3749367,1
0.0,0.13803694,0.0,0.0,0.0,0.79364103,0.66144747,0.47180605,1.5092422,1.0078428,0.085925505,0.82764035,0.0,0.95799184,0.5587064,0.8981636,0.41602054,1.232995,0.43856645,1.6016531,0.0,1.3408369,0.0,1.2082278,1.885647,1.2154921,0.6197061,0.0,0.0,0.115799114,2.0567112,0.90167546,0.96064353,0.6431072,0.0,0.5765916,0.57745695,0.3014979,0.3850239,0.41612932,0.0,1.1311625,0.0,0.0,0.0,0.31092367,0.2010906,1.1398716,1.2075305,0.0,1.1699696,0.49076173,0.0,0.094422854,1.0311819,1.2547752,0.79034865,0.0,0.0,1.1146613,0.08327397,1.0451679,0.0,0.788541,0.364564,0.61465526,0.0,0.9564184,0.0,0.0,1.3715312,0.0,0.0,0.36433223,1.8101565,1.4169996,0.16925019,1.39062,0.86197674,0.0,0.0,0.6235523,0.0,0.246476,0.41814977,1.850065,1.7909082,0.0,0.0,0.0,0.0,0.0,1.606421,0.48180977,0.3986409,0.118649475,0.8811012,0.33741233,0.0,1.4673398,0.30648685,0.62596875,1.2199851,0.0,0.46877933,1.1217617,0.0,0.0,0.0,0.0,0.0,1.0202546,0.24497108,0.0,0.5373182,0.20081191,1.3308929,0.43871793,0.10838921,0.0,0.9495714,0.5648728,1.7008742,0.563956,0.14027269,0.35844937,0.0,0.60550874,1
0.0,0.0,0.0,0.1573018,0.0,0.09619546,0.4616929,0.0,0.0,0.40500456,0.3733008,1.0360374,1.243276,0.6984027,0.36558318,1.2522475,1.0951164,0.95445377,0.9102894,0.8291378,0.0,0.7636287,0.0,0.24350058,1.2582473,1.1802617,1.0806195,0.0,0.0,0.6285143,2.3405116,1.7241058,1.7162288,0.23983504,0.0,1.4377462,1.4095893,0.59324163,0.4849919,1.1510367,0.0,1.0002978,0.0,0.0,0.0,0.37574136,0.17686734,0.5632942,0.35685843,0.056143448,0.5842512,1.9417468,0.0,0.54828185,0.7387293,0.66075444,0.0,0.0,0.0,1.2117151,0.2224309,1.4327211,0.19340147,0.4678911,0.5240985,1.6129763,0.0,1.5136616,0.0,0.13837473,1.0120602,0.0,0.0,1.5388848,1.7092421,1.2452819,0.76390374,1.8061115,0.0780652,0.0,0.0,0.8311571,0.0,0.0,0.62069166,0.060006406,1.4633973,0.0,0.49508667,0.0,0.0,0.4514556,1.8716604,0.23688169,0.0,0.0,0.089318044,0.931032,0.0,1.3380699,1.1885256,0.6075726,1.0888404,0.0,0.6152741,0.6397931,0.0,0.2749001,0.0,0.0,0.0,1.3320228,0.8008569,0.0,0.17962076,0.053099945,0.2759303,1.4925158,0.0,0.0,1.3227836,0.6253761,0.67732453,0.12213887,1.4017622,0.705301,0.0,1.4160043,1
0.082881354,0.29082784,0.0,0.0,0.0,0.5497051,0.5717992,0.024323279,0.36467046,0.65232414,0.33044836,0.9424466,1.2446837,0.46599635,0.75916487,1.0565364,0.74925107,0.9569957,0.52503777,0.77113897,0.0,0.8829152,0.0,0.70085716,1.0047479,1.1133065,1.6175047,0.0,0.0,0.13175616,2.2669299,1.6111475,0.87056375,0.0,0.0,1.6581897,1.5012702,0.15595625,0.7514992,1.379527,0.0,0.18783611,0.0,0.0,0.0,0.4575215,0.0,1.1731074,0.0,0.0,1.1010536,1.0141362,0.0,0.29834318,1.0671401,0.62543833,0.25808594,0.0,0.0,1.3936003,0.45351836,1.2864512,0.002970453,0.11552572,1.031692,1.6159878,0.0,1.4376544,0.0,0.06527756,0.618546,0.0,0.0,0.9573987,1.3336157,1.0085062,0.48508126,0.92105275,0.0,0.0,0.0,0.60948163,0.0,0.1428257,0.6527449,0.0,1.2904145,0.0,0.22874011,0.0,0.0,0.589565,1.3136166,0.0,0.0,0.0,0.24411291,0.76763576,0.0,0.6469943,0.41647786,0.932935,1.0057415,0.15155043,0.4447374,0.81939393,0.0,0.24044222,0.0,0.0,0.0,1.100452,1.4922124,0.0,0.04706631,0.1411917,0.16907544,1.152138,0.0,0.0,1.2732186,0.5252353,0.816757,0.0,1.150083,0.29905105,0.0,1.0559386,1
0.0,0.6060029,0.0,0.40176475,0.0,0.0,0.42235512,0.0,0.67608774,0.8554656,0.35339984,1.1047652,1.1429217,0.62119734,0.6035934,1.0357152,0.949468,0.94840735,0.35161707,0.88214445,0.0,0.6323409,0.0,0.62686265,1.0219115,0.79900694,1.3333101,0.0,0.0,0.5329906,1.3593946,1.7232755,1.190281,0.13462351,0.0,1.662321,1.6862012,0.19605641,1.1525319,1.526566,0.0,0.48133355,0.0,0.0,0.0,0.66454,0.01951954,1.2106907,0.15341581,0.0,1.06222,1.1719583,0.0,0.04105072,1.1945825,0.37840044,0.27683607,0.0,0.0,1.7362354,0.15604445,1.7449493,0.0,0.16966152,0.7984371,1.711476,0.0,1.511885,0.0,0.011831746,0.75849646,0.0,0.0,1.547922,1.5639912,0.60060805,0.42895076,1.3915653,0.0,0.0,0.0,0.9035361,0.0,0.0,0.43394983,0.2554205,1.4439625,0.0,0.44747975,0.0,0.0,0.33828732,1.9023026,0.25938848,0.0,0.0,0.0,0.911147,0.0,0.99267274,0.43751162,0.8062751,0.5922375,0.027598958,0.38761303,0.97840685,0.0,0.4270558,0.0,0.0,0.0,0.60926193,0.8846205,0.0,0.119607724,0.0,0.44422677,0.98765266,0.027423628,0.0,1.1053439,0.535249,0.8995255,0.0,1.5083494,0.6641235,0.0,1.3243817,1
0.0,0.64922816,0.0,0.0,0.0,0.34932354,0.7425968,0.11146789,0.33313495,0.469565,0.0,0.74357074,1.231374,0.6205514,0.639133,1.1353629,0.89403164,0.9344197,0.19807604,0.9691055,0.0,1.1438513,0.0,0.50760704,1.1672418,1.0908123,1.5173167,0.0,0.0,0.2554678,1.6006012,1.9490782,1.4121066,0.0,0.0,1.6391051,1.6211665,0.67230767,0.9566081,1.3236034,0.0,1.0813255,0.0,0.0,0.0,0.41275996,0.4630202,1.1764804,0.32283562,0.0,1.0362266,1.2517604,0.0,0.4113692,1.5551804,0.45685247,0.093795255,0.0,0.0,1.6472493,0.0,1.6031915,0.25467736,0.19491546,0.73252714,1.2948078,0.0,1.4785571,0.0,0.3516998,0.60447204,0.0,0.0,1.4141186,1.8584334,0.634044,0.08843575,1.2585377,0.18504217,0.0,0.0,1.1713134,0.12154597,0.339591,0.426652,0.26807523,1.3499283,0.0,0.59970254,0.0,0.15433109,0.32081887,1.9732156,0.55313015,0.28664926,0.0,0.25422776,0.63905704,0.0,1.0898452,0.4426938,0.55172265,0.6290355,0.57234484,0.46309954,0.8706508,0.0,0.52534896,0.0,0.0,0.0,0.78771436,1.1207927,0.0,0.44314697,0.066492245,0.5547956,1.605736,0.0,0.0,1.332536,0.54911005,1.4534727,0.090509325,1.289343,1.0654111,0.0,1.2258298,1
0.0,0.063910216,0.0,0.22290424,0.0,0.3187119,0.56227547,0.09958179,0.4362409,0.122055985,0.08452064,1.1491102,1.3431957,0.42920265,0.3617401,1.2295047,0.75651264,1.0884258,0.5653295,1.0738875,0.0,0.99122053,0.0,0.19643924,1.2595166,1.0984432,1.5596486,0.0,0.0,0.32635048,2.145542,1.8344156,1.2375385,0.45653927,0.0,1.4444767,1.7773409,0.04234327,0.70987374,1.1974066,0.0,1.1271522,0.0,0.0,0.0,0.26796424,0.08667785,1.0437466,0.1537276,0.0,0.9928915,1.3293484,0.0,0.45408028,1.3719498,0.5834626,0.23279034,0.0,0.0,1.6169509,0.19101286,1.4709381,0.0,0.14854673,0.5557493,1.4692062,0.0,1.3983384,0.0,0.22871852,0.91127896,0.0,0.0,1.6181409,1.544131,1.033922,0.69722784,1.4265997,0.0,0.0,0.0,0.6626556,0.0061888406,0.0,0.583535,0.1457879,1.454833,0.0,0.51455855,0.0,0.025881523,0.39651453,1.6616194,0.0,0.03710518,0.0,0.1319462,0.54392636,0.0,1.2405331,0.5645125,1.0204527,1.2959007,0.28957853,0.580514,0.95962805,0.0,0.39605442,0.0,0.0,0.0,0.7135794,1.0307891,0.0,0.0821223,0.0,0.39397702,1.1587222,0.10429089,0.0,1.0268968,0.5519329,0.962785,0.0,1.2178551,0.9530903,0.0,0.96135175,1
0.0,0.116036385,0.0,0.8155189,0.0,1.1489714,0.26059508,0.12224259,0.40815222,0.15122853,0.60233545,0.44581863,0.0,0.0,1.1146996,0.7632212,0.96377414,1.3152599,0.070776634,1.4210865,0.0,0.5382073,0.26549917,0.30182034,0.43454263,1.2050272,0.872281,0.3492373,0.0,0.22148052,1.8394887,0.0,1.3838072,0.5010329,0.0,0.8692526,0.831375,0.83222586,0.8624808,0.49602434,0.0,0.80904317,0.0,0.0,0.0,0.0,0.0,0.6434724,0.4854309,0.0,0.5160753,0.2552277,0.0,0.9177977,1.6256534,0.58474517,0.6614507,0.0,0.0,1.1111457,0.24176857,1.2191951,0.12538937,0.9342582,1.7201227,0.54541874,0.0,0.82219714,0.0074293185,0.0,1.1975857,0.0,0.0,0.0,0.94627964,2.1795492,1.2028618,0.8471858,1.7820762,0.0,0.0,1.2606821,0.1189419,0.81698334,0.21044329,1.3527788,1.1392434,0.0,0.0,0.0,0.0,0.0,0.88075626,0.24662143,0.43879515,0.06788537,0.0,0.0,0.0,0.6739173,1.1668954,0.6267874,0.63635194,0.031822737,0.80539227,1.3862617,0.23413622,0.0,0.0,0.0,0.0,2.7546747,0.57081985,0.0,1.151425,1.0181106,1.022016,0.3502843,0.0,0.0,0.21026495,0.2356414,0.8869446,0.49399245,0.6436221,0.0,0.0,0.49653122,1
0.0,0.0,0.0,0.0,0.0,0.44904146,0.939292,0.033840403,0.0,0.5108469,0.0,0.6234211,1.2588525,0.44727963,0.0,0.62264687,0.8302511,0.40864465,0.29826316,1.4862751,0.0,0.86581916,0.0,0.4914217,1.3533041,1.3707274,0.8712142,0.0,0.04801421,0.0,2.0665312,1.1713368,1.1276037,0.073508546,0.0,0.90821564,1.3700768,0.516656,0.6413148,1.0310718,0.0,1.0932467,0.14340702,0.0,0.0,0.37206537,0.45809004,0.14117295,0.40407866,0.56490165,0.7737552,1.0535063,0.0,0.26632062,0.9541329,0.768206,0.5523243,0.0,0.0,0.553417,0.0,1.1988944,0.49711815,0.8369883,1.0183564,0.8570162,0.17883469,0.0,0.0,0.0,0.2552762,0.0,0.0,0.3883416,1.0319762,0.4628741,0.94753504,0.5024541,0.17172742,0.0,0.0,1.5140018,0.3846842,0.32656202,0.30875006,0.9884197,1.1751459,0.0,0.0,0.0,0.7058271,0.14597064,1.0273131,0.6137788,0.0,0.17557448,0.6009661,0.5520349,0.0,1.1896148,0.21642964,0.26359633,1.3522266,0.0,0.0,0.47552,0.12534833,0.6613385,0.0,0.0,0.0,1.0635275,1.1954437,0.0,1.0178503,0.44665593,0.98190653,0.4861091,0.0,0.0,1.5309197,0.35679886,1.0836369,0.627641,0.06468491,1.1290364,0.0,1.0770577,1
0.0,0.35963172,0.0,0.17199068,0.0,0.4357888,0.28519106,0.81081945,0.4992929,0.6179701,0.0,0.21296151,0.6751804,0.10566374,1.086253,0.4692101,0.75614893,0.6972548,0.06488321,1.1412321,0.0,0.7936236,0.0,0.67307377,0.8340427,1.6146241,0.31181207,0.35167474,0.0,0.0,1.8816966,0.5460165,0.33759573,0.0,0.0,0.80644244,0.7434805,1.301903,0.2651444,0.76207864,0.0,1.0152591,0.0,0.0,0.0,0.0,0.0,0.8641473,0.6453623,0.0,1.1405962,0.50652766,0.0,1.109461,1.6057624,0.9585727,1.0137006,0.0,0.0,1.4192239,0.39498502,1.6822802,0.09135305,1.1310619,0.90331495,0.76989233,0.4232997,0.421559,0.0,0.0,0.9665686,0.0,0.0,0.54832757,0.6929755,0.78296775,0.80640817,0.6557915,0.9426103,0.0,0.0,1.20843,0.9415956,0.3751068,0.42553762,1.186242,1.3551105,0.0,0.089418985,0.0,0.0,0.0,1.1377754,0.36420938,1.0148978,0.19380653,0.48909405,0.97927177,0.0,0.99272484,0.4615204,0.68251765,1.1818075,0.69880885,0.4218958,0.7185053,0.0,0.3125906,0.0,0.0,0.0,1.4485219,1.1893562,0.0,0.5770618,0.3312252,1.3309598,0.7493879,0.0,0.0017607658,1.0444949,0.2681626,1.2938313,0.3325329,0.418057,0.4359161,0.0,0.7501439,1
0.0,0.31442192,0.0,0.2083255,0.0,0.1772125,0.04642175,0.39530587,0.0,0.92469764,0.0,0.77794045,0.9362001,0.35728943,0.2793637,0.32019097,0.0,0.9060578,0.52578455,0.344832,0.0,0.023702616,0.0,0.45107654,0.6472328,0.28296298,0.71790564,0.3438072,0.0,0.39739627,1.5070084,0.91860634,0.13694462,1.083672,0.0,1.2611008,1.6116254,0.5845591,0.24044533,1.0077596,0.0,0.39731365,0.0,0.0,0.0,0.32483387,0.0,0.42449903,0.0,0.08395876,0.5539128,0.82975596,0.0,0.7204661,0.1540035,0.5210788,0.05441631,0.0,0.104115106,0.48995954,0.13028285,0.7891398,0.0,0.19902642,1.3632548,0.5643007,0.0,0.3892278,0.0,0.0,0.932554,0.0,0.0,0.7157164,1.2109021,0.46360546,1.0498942,0.2974154,0.0,0.0,0.0,0.9645538,0.6742395,0.041311,0.0,0.030299788,0.9953707,0.0,0.18669732,0.0,0.0,0.58167624,0.7657875,0.0,0.0,0.1245208,0.5271905,0.9690601,0.0,0.589142,0.39365116,0.078704864,1.3236332,1.0247494,0.6890413,0.7836084,0.20776983,0.7530184,0.0,0.0,0.0,0.95098907,1.1166879,0.0,0.11115522,0.8624392,1.3766811,0.22018257,0.0,0.0,1.0124478,0.3690523,0.34169105,0.3929798,0.2541625,0.65626603,0.0,1.0184506,1
0.0,0.9985725,0.0,0.0,0.0,1.3960813,0.4187607,0.40508354,0.0,0.8744823,0.342106,0.99914825,2.042081,0.5184752,0.7026615,0.37991646,0.492092,1.4331942,0.5938157,1.1570938,0.0,0.43046433,0.0,0.5168033,1.2369455,1.304413,1.3263148,0.0,0.0,0.9290242,2.172108,1.4039294,0.932729,0.36492157,0.0,1.4147912,2.477469,0.32860363,0.60933423,0.94305384,0.0,0.8943997,0.0,0.0,0.0,0.3736347,0.4545991,1.189224,0.0,0.19556169,0.64997345,1.7051042,0.0,1.6021739,0.47840306,0.89844316,0.48112008,0.0,0.0,0.37426424,0.31629768,1.5697199,0.25782353,0.37598175,1.8700714,0.7633395,0.1420146,1.1089342,0.0,0.0,1.6588163,0.0,0.0,0.06317342,1.8999211,0.90977615,1.8630204,1.0953447,0.24950492,0.0,0.0,1.9105562,1.5493238,0.41065863,0.45803845,0.40321857,0.7672063,0.0,0.1743512,0.0,0.17645797,0.116395965,1.2236246,0.52579874,0.0,0.5852328,1.4536339,1.0518355,0.0,0.6336451,0.8377833,0.023383437,2.2994587,1.9902235,0.32954207,0.46074376,0.24003525,0.90357745,0.0,0.0,0.0,2.1989722,1.4861872,0.0,0.48144522,0.7495602,1.9512703,0.95021665,0.0,0.0,0.47827947,0.042135004,0.60702056,0.36506376,0.2848375,0.5296609,0.0,1.1593837,1
0.0,0.3645291,0.0,0.0,0.0,1.1135387,0.5428388,0.35330874,0.20118663,1.3509387,0.0,0.7324002,0.43853006,0.52766514,0.5442657,0.32447624,1.3598961,0.68345696,1.0664997,0.5489991,0.0,0.39081177,0.0,0.34053108,1.2328502,0.7580665,0.68346214,0.19938235,0.0,0.8276875,1.5648794,0.71546036,0.15468076,0.8682144,0.0,1.0962895,1.8872256,0.91847616,0.0,1.5310678,0.0,1.3620955,0.0,0.0,0.0,0.9048481,0.4518611,0.14718354,0.4976615,0.3510963,0.75149983,0.75293195,0.0,1.3647279,0.5105999,1.4452896,0.3153606,0.0,0.0,0.4968931,0.6394523,0.46275273,0.4215537,0.8456484,1.7694019,0.9505913,0.43584734,0.5182183,0.0,0.36664793,1.7295916,0.0,0.0,0.68543094,1.0302043,0.78506076,1.415678,0.6967924,0.1887553,0.0,0.0,1.0130662,0.48319858,0.76129836,0.1177504,0.44701526,1.3203809,0.0,0.09492905,0.0,0.0,0.0,0.93478656,0.21939881,0.0,0.5375745,1.0701526,1.3654937,0.0,0.6465762,0.8788529,0.4413057,2.237252,0.27828145,0.31036636,0.70810455,0.0,0.7617307,0.0,0.0,0.0,2.0571125,1.3732592,0.0,0.9509033,0.700638,1.2264117,0.37741455,0.0,0.0,1.1483833,0.47354785,0.80932283,1.0010283,0.0,0.14858674,0.0,0.43078965,1
