0,1,2,3,4,5,6,7,8,9,10,11,12,13,14,15,16,17,18,19,20,21,22,23,24,25,26,27,28,29,30,31,32,33,34,35,36,37,38,39,40,41,42,43,44,45,46,47,48,49,50,51,52,53,54,55,56,57,58,59,60,61,62,63,64,65,66,67,68,69,70,71,72,73,74,75,76,77,78,79,80,81,82,83,84,85,86,87,88,89,90,91,92,93,94,95,96,97,98,99,100,101,102,103,104,105,106,107,108,109,110,111,112,113,114,115,116,117,118,119,120,121,122,123,124,125,126,127,128,129,130,131,132,133,134,135,136,137,138,139,140,141,142,143,144,145,146,147,148,149,150,151,152,153,154,155,156,157,158,159,160,161,162,163,164,165,166,167,168,169,170,171,172,173,174,175,176,177,178,179,180,181,182,183,184,185,186,187,188,189,190,191,192,193,194,195,196,197,198,199,200,201,202,203,204,205,206,207,208,209,210,211,212,213,214,215,216,217,218,219,220,221,222,223,224,225,226,227,228,229,230,231,232,233,234,235,236,237,238,239,240,241,242,243,244,245,246,247,248,249,250,251,252,253,254,255,label
1.3811723,0.71840227,0.0,0.0,1.3829328,0.5716732,0.0,0.99613035,0.0,0.9176907,0.0,0.18720742,1.0200347,0.0,1.3171396,0.0,2.6932547,0.6000129,0.36397514,0.6204767,0.0,0.0,0.0,0.3353072,1.6397034,0.0,1.3398415,0.13065092,0.47006732,0.71320873,0.4526869,1.5061109,1.013145,0.0,0.0,1.0016545,0.0,0.35381797,0.0,0.0,1.2902677,0.23496851,0.71410966,0.0,0.49328002,0.91918707,0.88867587,0.0,0.0,0.7415126,0.0,0.70792174,0.0,0.0,0.6350096,0.9052702,0.0,0.0,0.0,0.10263889,0.7677764,0.0,0.0,1.3008274,0.0,0.0,1.6030586,0.47368136,0.7744354,0.0,0.7080064,0.0,1.1451384,1.8630179,0.7479497,0.0,0.22357841,0.0,1.1046156,1.1189944,0.0,0.0,0.80604464,0.5080923,0.92123383,0.9097024,0.47247845,1.0727135,0.4223782,0.0,0.9954874,0.0,1.44635,1.1027187,0.0,0.0,0.63637066,0.0,0.9875773,2.1030529,0.69170403,0.0,0.9077671,0.0,0.0,1.5962218,0.9225643,0.0,0.0,0.9673586,0.0,0.0,2.042181,0.0,0.0,0.0,0.7172942,1.5341746,0.9057547,0.79655474,0.0,0.0,0.7792651,0.0,0.0,0.5154728,0.32910392,1.3614995,0.0,0.0,0.0,1.7945613,0.0,1.2138953,0.0,0.8445932,0.80950993,0.80603874,0.0,0.6747114,1.0339158,0.0,0.0,0.0,0.6009977,0.75130427,0.0,0.0,0.16516061,0.94509804,0.51167876,0.37747627,0.0,1.1167072,0.8568763,0.78319204,1.2901424,0.0,0.0,0.0,1.4725548,0.33259138,0.83359003,0.0,0.72099185,0.21676809,1.0482984,0.9354329,0.24530774,0.0,0.0,0.85602987,0.18350014,0.0,0.66985744,2.0907226,0.88153017,2.4066997,0.0,0.5710044,0.6908309,0.71230537,0.0,0.86679554,0.0,0.0,0.88248056,0.0,0.9992215,0.8453139,1.8952116,0.0,0.5889532,0.9284953,0.7528926,0.0,1.168386,0.9914025,0.0,1.9491425,0.13562904,0.0,0.0,0.5560603,0.59224385,0.24522309,0.20790595,0.9498961,0.6876793,1.6521344,0.6950326,0.01763899,0.0,0.0,0.9345603,0.0,0.06659311,2.4824495,1.7201409,0.7780353,0.0,0.0,0.5021329,0.0,0.0,0.0,0.0,0.0,0.8115116,0.0,1.2262462,0.0,0.7499316,0.041268066,0.9341459,0.4533048,0.0,0.0,0.37134668,0.0,0.36348334,0.0,0.023196585,1.0962151,0.0,0.0,1.7493575,0.0,0.0,0.5282638,1.653451,0.24161132,0.0,0.0,0.0,0.1036013,1
0.62157553,1.3098378,0.0,0.0,1.7376189,0.0,0.0,1.4987601,0.0,1.5134244,0.0,0.0,1.0731555,0.0,1.693166,0.0,1.0293249,0.0,0.0,0.0,0.0,0.0,0.0,1.6080176,2.1658506,0.48075825,1.9061347,0.0,2.41301,0.49959925,0.05942017,1.7188025,0.41958994,0.0,0.0,0.7908267,0.0,0.0,0.0,0.0,0.5155903,0.09579614,0.55339473,0.0,0.67039764,0.37651917,1.5089104,0.0,0.0,0.39285168,0.0,1.6630687,0.0,0.0,0.36663467,0.0,0.0,0.0,0.0,0.596108,0.6705155,0.0,0.0,1.6870137,0.0,0.0,2.1709118,0.60647,0.9362103,0.0,0.97208095,0.0,1.5795493,0.8500828,0.37352931,0.0,0.75254315,0.0,0.8691358,0.64801794,0.0,0.0,0.45912367,0.010107878,0.32758328,1.0232428,1.2474092,0.16746937,1.4821413,0.09336039,0.5825985,0.0,0.8998995,2.3264701,0.0,0.0,1.3133949,0.65368205,2.1679168,0.97806215,1.5288858,0.0,1.6977067,0.4502788,0.0,0.06448527,1.3849365,0.0,0.0,0.20904824,0.0,0.35318768,1.199755,1.0518646,0.0,0.0,0.07257019,1.4523052,1.5677729,1.5111587,0.0,0.0,1.0169426,0.0,0.0,0.18864425,0.0,0.0,0.0,0.0,0.0,2.910094,0.0,2.3369699,0.0,1.1912416,0.0,0.22566222,0.40950835,1.3169172,1.130076,0.0,0.0,0.0,0.8758718,1.3237575,0.0,0.33044767,0.0,1.705194,2.0362427,0.0,0.0,0.43523815,0.72363603,1.8210235,1.6820163,0.17419226,0.0,0.0,2.0964656,0.0,1.0680851,1.367703,1.5034838,0.0,1.4350358,0.7765077,0.5913796,0.0,0.0,1.7863022,0.3490164,0.0,1.2375548,2.4924917,0.96547455,2.5101461,0.0,1.4262849,0.4595056,0.8594773,0.0,0.026427682,0.24359854,0.0,0.0,0.0,0.4020098,0.6541343,2.3994958,0.0,1.3368901,3.0149615,2.4869454,0.0,1.0160686,0.3541453,0.0,2.1869802,0.6360448,0.0,0.0,0.0,0.32941777,0.0,0.0,2.7920723,0.19553284,0.19514705,0.79296136,0.0,0.0,0.0,1.038317,0.0,0.6236469,1.483949,0.7470477,0.42702022,0.0,0.0,1.8019184,0.0,0.0,0.0,0.0,0.49557513,0.6435617,0.0,1.5859479,0.0,0.623009,1.2270397,1.7860725,1.5595151,0.0,0.87177825,0.8713492,0.0,0.0,0.0,0.0,1.6377668,0.0,0.0,2.197134,0.0,0.0,0.0,0.105329275,1.303149,0.0,0.0,0.0,0.0,0
1.0754638,1.4478524,0.0,0.0,3.3012373,0.0,0.0,1.9683721,0.0,1.7589868,0.0,0.24620233,1.480921,0.0,2.1504457,0.0,0.8001459,0.0,0.05061242,0.0,0.0,0.060218886,0.03488624,1.9188004,2.4145298,0.2760138,1.8804152,0.0,2.103431,0.0,0.0,1.7504432,0.0,0.41030324,0.0,0.055124726,0.0,0.4943745,0.0,0.0,0.0,0.0,0.21341074,0.0,0.7878659,0.16597058,1.2849405,0.0,0.0,0.0,0.0,2.7845685,0.0,0.0,0.9026453,0.9804762,0.0,0.0,0.0,0.39586923,1.2494264,0.0,0.0,2.9270847,0.0,0.0,3.017897,0.46809408,1.063026,0.0,1.0983527,0.0,2.2314012,0.4650438,0.0,0.0,1.2064334,0.0,1.6506922,0.41541407,0.0,0.0,0.408423,0.7531965,0.352326,0.30706164,1.5885215,0.21288402,1.5507853,0.0,1.2900577,0.0,0.5410817,2.095148,0.0,0.0,1.7405201,1.4141994,2.0484395,0.0,1.3775048,0.0,2.5628533,1.4832,0.0,0.0,0.6673818,0.08597199,0.42710972,0.0,0.0,0.17285062,1.0379716,1.2137996,0.0,0.0,0.0,1.477753,2.0129082,0.89854556,0.0,0.0,1.7823371,0.0,0.0,0.0,0.0,0.0,0.0,0.0,0.0,3.7998414,0.22234526,3.5187874,0.0,0.48646522,0.0,0.4563037,0.046724994,2.4490793,1.2383143,0.088888936,0.0,0.0,1.0733097,2.2196984,0.0,0.75721574,0.0,1.6778986,2.2389286,0.0,0.0,0.13635395,0.45261854,2.201732,2.0395777,0.0,0.0,0.0,2.2351093,0.0,0.6208306,1.115912,2.5599785,0.0,1.2798498,0.9059609,0.0,0.0,0.0,2.0326054,0.7389181,0.49680325,1.2466606,2.4994464,1.5567696,3.0174,0.0,2.3718238,0.0,0.0,0.0,0.02185404,0.102861784,0.0,0.0,0.0,0.0,0.0020968895,2.611952,0.0,0.84828955,2.6362598,2.0471568,0.74513793,1.3902639,0.363402,0.0,2.307811,1.5492396,0.0,0.0,0.0,0.0,0.0,0.0,1.4878173,0.0,0.20415106,0.8663547,0.0,0.0,0.08617785,0.96611595,0.0,0.0,1.9462283,0.040905125,1.3519168,0.0,0.8127531,0.67696947,0.0,0.0,0.0,0.0,0.0,1.3784633,0.0,1.8832316,0.0,1.6497849,1.827924,2.610176,2.2085433,0.22036132,0.8745393,0.3645843,0.0,0.0,0.8004533,0.0,1.611141,0.0,0.061037038,2.7441688,0.0,0.0,0.0,0.0,2.4992757,0.0,0.3558813,0.50130135,0.0,0
0.92028856,0.8186056,0.0,0.0,1.7007141,0.20053872,0.0,0.26648223,0.0,1.499279,0.0,0.009737302,1.0749959,0.0,0.8685367,0.0,2.0326893,0.68091094,0.0,0.41243067,0.0,0.0,0.0,0.76418614,1.67228,0.47273633,1.2046269,0.0,0.98916805,0.8105876,0.28976107,1.4238398,0.65218,0.0,0.0,1.1980524,0.0,0.49213618,0.0,0.0,0.690291,0.036435038,0.748516,0.0,0.83177304,0.9328395,1.4828088,0.0,0.0,0.02294332,0.0,0.69038063,0.0,0.0,0.45995644,0.54230917,0.0,0.0,0.0,0.0,1.0164324,0.0,0.0,1.3911375,0.0,0.8770508,1.4171424,0.25335032,0.7298507,0.0,0.7610427,0.0,1.5783006,1.730035,0.53306603,0.0,0.4238162,0.0,1.0089538,0.78734833,0.0,0.0,0.3082686,0.0,0.8224879,1.378405,0.34945685,0.9253737,1.3604641,0.36096877,0.76206905,0.0,1.4829799,1.6023158,0.0,0.0,0.65062153,0.10091745,2.1063147,2.326842,0.8893987,0.0,1.5601956,0.1241244,0.0,0.7343289,0.8046113,0.0,0.00988258,0.4099033,0.0,0.0,2.2115307,0.4672434,0.0,0.0,0.0,1.1335192,0.7656035,0.88764477,0.0,0.0,1.0237979,0.0,0.0,0.3225373,0.32744682,0.6109831,0.0,0.0,0.0,2.0386772,0.32034668,1.3437175,0.0,0.44976792,0.79617023,0.6139993,0.0,1.1504965,0.957007,0.0,0.0,0.0,0.19994563,1.3357396,0.0,0.4063866,0.2701827,1.7698812,1.022489,0.2769802,0.0,0.8929805,0.36418515,1.4070852,1.6439909,0.0,0.059673145,0.0,1.3186765,0.0,0.5182654,0.10204041,0.7801078,0.2169595,1.55029,1.4165373,0.4262118,0.0,0.0,1.4230472,0.53695923,0.0,0.5676629,2.2064388,1.2101173,2.1907585,0.0,1.1180636,0.40992573,0.31579384,0.0,0.4397912,0.0,0.0,0.0,0.0,0.48806447,0.89523906,1.4969287,0.0,0.7419963,1.604741,1.2793378,0.4081433,1.107035,0.30513623,0.0,2.5711303,0.29848045,0.0,0.0,0.45913753,0.6276015,0.0,0.083424956,1.4506749,0.19124292,1.1907125,1.2015808,0.2325443,0.0,0.0,1.0390785,0.0,0.22926345,1.9785166,1.5935231,0.96703273,0.0,0.0,0.54695404,0.0,0.115303285,0.0,0.0,0.0,1.0206275,0.0,1.5399251,0.0,0.736974,0.23576951,1.0969844,1.2035013,0.0,0.0,0.82177895,0.0,0.47297585,0.0,0.0,1.1907624,0.0,0.0,1.7225866,0.0,0.0,0.35246745,0.83029956,0.49673882,0.0,0.14189786,0.01729217,0.0,0
0.7377692,1.4145862,0.0,0.0,2.6136,0.29141977,0.0,0.7970371,0.0,1.3451269,0.0,0.2888958,1.1645764,0.0,1.1604533,0.0,1.2459795,0.0,0.0,0.0,0.0,0.0,0.5934789,1.6931189,1.6824896,0.49246326,2.068216,0.0,2.3983834,0.9013981,0.38651344,1.0205249,0.0,0.0,0.0,0.79598427,0.0,0.6138782,0.0,0.0,0.52719617,0.21874622,0.3246481,0.0,0.5833969,0.7726792,0.9826049,0.0,0.0,0.0,0.0,1.7065964,0.0,0.0,1.2010047,0.7065599,0.0,0.0,0.0,0.6862829,1.0690141,0.0,0.0,1.524997,0.0,0.16337429,1.6235285,0.12404606,1.3609397,0.0,0.83807814,0.0,1.4337673,0.30633518,0.014392246,0.0,0.24579154,0.0,0.95083976,1.0691423,0.0,0.0,0.36810678,0.00875062,0.58367926,1.1823529,1.6239656,0.6211314,1.3501602,0.2849913,0.35936257,0.0,1.1695317,1.3556824,0.0,0.15659979,1.017613,0.99686885,1.8371923,1.1655284,1.6032071,0.0,2.012259,0.97956026,0.0,0.22137102,1.2815028,0.0,0.0,0.3236194,0.0,0.26211402,1.4043515,1.1298517,0.0,0.0,0.0,1.7362483,1.3156354,1.0682045,0.0,0.0,1.0043744,0.0,0.0,0.0,0.0,0.0,0.0,0.0,0.0,2.096677,0.25856563,2.0947773,0.15953302,0.6687596,0.26027432,0.399272,0.0,1.823758,1.0454065,0.033446427,0.0,0.0,0.35609087,1.8588496,0.0,0.33637074,0.37780374,2.202068,1.2658266,0.53301215,0.0,0.043455165,0.1810917,1.5529854,1.618534,0.0,0.0,0.0,1.3184227,0.0,0.26925328,1.1820686,1.9849601,0.30816615,2.0551481,0.94679886,0.42118704,0.0,0.0,1.8910228,0.9778788,0.24518248,0.9072149,2.0155976,1.0634329,1.934838,0.0,2.0674102,0.29439005,0.79390675,0.0,0.30614406,0.0,0.27590933,0.0,0.0,0.76032704,0.13884705,2.0484931,0.0,0.9739741,2.1293814,1.9889847,0.15897271,0.9199373,0.76083714,0.0,1.8560455,0.7615727,0.0,0.0,0.0,0.0,0.0,0.39103404,2.0886312,0.12745981,0.7068376,0.7686463,0.0,0.0,0.0,0.5170664,0.0,0.0,1.933125,1.4081357,0.74754596,0.0,0.0,1.5067697,0.0,0.26821667,0.0,0.0,0.1034393,0.94446963,0.0,1.7878009,0.0,0.25643843,0.6058866,1.813451,1.535675,0.31405017,0.54017353,0.9934101,0.0,0.42792663,0.0,0.0,1.3264533,0.0,0.0,2.3709087,0.0,0.0,0.0,0.28661984,1.332206,0.0,0.3922478,0.13066928,0.0,0
1.3252102,0.08013859,0.0,0.16841392,1.5357685,1.1716403,0.0,0.0,0.0,0.74583185,0.0,0.0,0.94370174,0.0,1.322362,0.0,2.1067288,0.4143205,1.2259597,1.3877789,0.0,0.0,0.0,0.0,1.2475401,0.08003901,0.98583174,0.9745131,0.4934889,1.9270496,0.0,0.88804275,1.0672739,0.0,0.0,1.51049,0.0,0.5821427,0.0,0.0,1.8129802,0.17040631,1.5177807,0.21165441,0.6624255,1.2118967,1.0564665,0.0,0.0,0.11121832,0.0,0.7826598,0.0,0.0,1.0610443,1.2720125,0.0,0.0,0.0,0.5961751,0.37326574,0.0,0.0,0.8488336,0.0,0.18922202,0.63135,0.6636927,0.0022440255,0.0,0.45492294,0.0,1.49708,1.8268905,1.3907067,0.0,0.12522815,0.0,0.5588801,1.6228812,0.17299607,0.0,0.5587222,0.2744063,1.4600601,0.58519226,0.0,1.851605,0.65681255,0.699274,1.7886227,0.0,1.3722765,1.6922666,0.0,0.0,0.039650872,0.0,1.3469142,2.5331862,0.54778486,0.44572768,1.3637582,0.23620065,0.0,0.8566705,0.5614301,0.0,0.21608491,1.2751896,0.0,0.0,2.9995074,0.7586568,0.0,0.0,0.9975562,1.2430445,0.53791404,0.13203803,0.0,0.0,1.2167981,0.0,0.0,1.4044393,1.1758024,1.7422452,0.0,0.0,0.0,1.0351427,0.3976771,0.83932704,0.056053262,1.0786297,1.8813585,1.3605291,0.0,0.18876523,1.5052688,0.21610731,0.0,0.0,0.33436644,0.98359734,0.0,0.0,1.0691172,1.1965313,0.39591396,1.6572796,0.23402424,1.4964092,0.7938008,1.2398907,1.3181078,0.313956,0.0,0.0,1.4329604,0.3378201,0.97831625,0.033432808,0.0,0.98592067,1.3068737,0.7991038,0.07647181,0.0,0.0,0.59172016,0.34138295,0.0,0.42775527,2.0269926,0.60713553,2.655828,0.0,0.61602217,0.5406003,1.3100656,0.0,1.0257688,0.0,0.0,0.6639753,0.0,1.0615791,1.6358145,1.076648,0.0,0.937885,1.1743274,0.0,0.637134,0.34213755,1.6821201,0.0,2.5333636,0.0,0.0,0.0,1.2140633,0.44009382,0.5970723,0.0,0.9986164,0.500153,2.2572234,0.50951004,0.36755267,0.0,0.472922,0.53206813,0.0,0.36177546,2.903793,1.9264022,0.44107392,0.0,0.0,0.5424794,0.0,0.1949451,0.0,0.0,0.0,0.46447617,0.0,1.2214396,0.0,0.06360559,0.0,0.12490627,0.0,0.31922808,0.0,0.8693714,0.0,0.38836917,0.0,0.7873678,1.2935804,0.0,0.0,1.1534142,0.0,0.0,1.5995195,1.9359257,0.0,0.0,0.3246058,0.0,0.0,1
0.43236068,1.8347578,0.0,0.0,2.7490852,0.0,0.0,1.2934811,0.0,2.157083,0.0,0.6285663,0.9139878,0.0,1.4610487,0.0,0.86378956,0.23611079,0.08547667,0.0,0.0,0.0,0.028118975,2.4241176,2.4098268,0.0,2.055217,0.0,3.2004523,0.0,0.337362,2.2974133,0.0,0.17697148,0.0,0.9276382,0.0,0.29051042,0.0,0.0,0.0,0.0,0.048539497,0.0,1.9061699,0.8979062,2.408615,0.0,0.0,0.5469935,0.0,1.768624,0.0,0.0,0.5391874,0.7657827,0.0,0.0,0.0,0.52969515,0.9900435,0.0,0.0,2.4171023,0.0,0.0,3.086449,0.19926879,1.1527231,0.0,0.94037795,0.0,2.1230905,0.0,0.0,0.0,1.0659621,0.0,0.60917187,0.50981575,0.0,0.0,0.0,0.06257719,0.94020844,1.067991,2.641371,0.0,1.6189508,0.0,0.38290697,0.35060552,0.8958043,2.0111244,0.0,0.12740198,2.074693,1.7851806,2.5657077,0.9401848,2.1660836,0.0,1.5246831,1.72495,0.0,0.0,1.4167804,0.0,0.0,0.0,0.0,0.44867855,0.7697931,1.5917518,0.0,0.0,0.0,1.6742979,1.5905291,1.3990797,0.0,0.0,2.0393553,0.0,0.20037048,0.0,0.1701446,0.0,0.0,0.0,0.0,3.8294177,0.0,3.4343998,0.0,0.32392672,0.08051507,0.3889836,0.2165957,2.3924882,0.4153974,0.0,0.0,0.0,0.85705066,2.2859957,0.0,0.61871225,0.0,2.9319115,2.7451901,0.0,0.0,0.2092443,0.5074367,2.3657749,2.2185316,0.0,0.0,0.0,2.141411,0.0,0.38219455,1.232086,3.0250132,0.0,1.1845851,0.95782024,0.04687374,0.0,0.0,2.781672,1.1680368,0.62964725,0.2516405,2.853433,0.84324604,2.5077603,0.0,2.4085162,0.0,0.0,0.0,0.03293222,0.0,0.0,0.0,0.0,0.34405655,0.0,2.2943075,0.0,1.1856247,2.85989,2.5254502,0.110512376,1.7034259,0.0,0.0,3.2061167,0.8943433,0.0,0.0,0.0,0.3969612,0.0,0.7464369,2.8532102,0.0,0.46534106,1.1221465,0.38530374,0.0,0.0,1.3601441,0.0,0.0,2.573828,0.80393434,1.7819228,0.0,0.0,1.9458151,0.0,0.0,0.0,0.0,0.0,1.0705553,0.0,2.1426632,0.0,0.78030545,1.7380668,2.7933855,2.8743184,0.0,0.41823533,0.8034828,0.0,0.66653806,0.0,0.0,1.8061466,0.0,0.0,2.4110622,0.0,0.0,0.0,0.0,2.0162718,0.0,0.25900576,0.18349108,0.0,0
1.0929338,0.5738077,0.0,0.0,1.4274936,0.19701983,0.0,0.0,0.0,0.8900548,0.0,0.0,0.6714405,0.0,1.2842185,0.0,1.9795483,0.24806677,0.8127906,0.6115319,0.0,0.0,0.09052517,0.7285586,1.672123,0.06012409,1.0902363,0.15473707,1.4083674,0.92805284,0.0,1.2597233,0.074688904,0.13455355,0.0,1.1545221,0.0,0.6724732,0.0,0.0,0.6896019,0.0,0.8369028,0.0,0.96020585,0.39005205,1.2297007,0.0,0.0,0.15613459,0.0,0.63463384,0.0,0.0,0.9412969,0.1490771,0.0,0.0,0.0,0.5444137,0.5322813,0.0,0.0,0.9723124,0.0,0.0,2.0338995,0.24722554,1.186616,0.0,1.1712072,0.0,1.1708186,1.0541904,0.4993343,0.0,0.8491436,0.020918664,1.2565186,1.3978665,0.0,0.0,0.22037606,0.3514325,0.8743008,0.92614925,0.5092767,0.98999876,1.0643202,0.0,0.7811521,0.0,1.4797177,1.5865285,0.0,0.0,0.116793334,0.065777056,1.428082,2.2868016,0.81946945,0.0,1.8525664,0.39659706,0.0,0.47715828,0.4854984,0.0,0.0,0.30716476,0.0,0.0,1.4496735,0.79499686,0.0,0.0,0.5839106,1.372292,1.1043843,0.6227655,0.0,0.0,1.2972592,0.0,0.6461478,0.99581236,0.43778962,0.057750355,0.0,0.0,0.0,1.8812506,0.11194238,1.6448308,0.0,0.58366036,1.1283814,0.657901,0.0,1.0890571,1.1297522,0.8953591,0.0,0.0,0.5922584,0.9453027,0.0,0.3531373,0.06296937,1.7904723,1.263148,0.6307464,0.0,0.74336535,0.6133091,1.5904592,1.3127154,0.2656313,0.0,0.0,1.6394236,0.0,0.2999818,0.54570687,0.6816569,0.05286998,1.4429747,1.7655419,0.23207498,0.0,0.0,1.9519551,0.31338122,0.0,0.0,2.1136508,0.7982584,1.7329676,0.0,1.3291383,0.51300645,0.08314607,0.0,0.4587778,0.0,0.0,0.0341614,0.0,0.4133188,0.16796488,1.3865702,0.0,0.7883064,2.044801,1.1903529,0.36185175,0.62957394,0.19758888,0.0,2.2685173,0.07141545,0.0,0.0,0.06996686,0.82672215,0.38259742,0.72337353,0.8956529,0.0,0.88023937,0.9012236,0.29170695,0.0,0.23059423,1.0773678,0.0,0.13485509,2.6711705,1.201667,0.9193857,0.0,0.0,1.4829628,0.0,0.0,0.0,0.0,0.0,0.1855437,0.0,1.5987847,0.0,1.1190056,0.3426193,1.1065495,0.54787683,0.0,0.0,1.4487256,0.0,0.20042318,0.0,0.24789035,1.3362488,0.0,0.0,1.4180976,0.0,0.0,0.22420858,0.29553387,1.1380529,0.0,0.35352612,0.16555692,0.0,0
1.3357046,0.16032371,0.0,0.0,1.9552963,0.15242371,0.0,1.4938823,0.0,1.7909099,0.0,0.028932158,1.5680283,0.0,1.3403984,0.0,0.7833488,0.45996585,0.4567405,0.0,0.0,0.0,0.0,1.8860668,2.3887587,0.29864287,2.312941,0.0,1.4373094,0.0,0.0,2.0210378,0.27613044,0.0,0.0,1.0370315,0.0,0.8972047,0.0,0.0,0.09305941,0.25238833,0.2737489,0.0,0.5013548,1.230552,0.5374922,0.0,0.0,0.0,0.0,0.7854629,0.0,0.0,0.0,0.3505231,0.0,0.0,0.0,0.43064937,0.74311566,0.0,0.0,2.2098737,0.0,0.33735004,2.1435406,0.0,0.894545,0.0,0.49813107,0.0,2.001765,1.2093314,0.72446454,0.0,1.272735,0.0,1.5565777,0.23875618,0.0060699387,0.0,1.2895415,0.0392713,0.26760727,1.911195,0.0,0.4371479,1.451158,0.25378218,0.74806994,0.0,1.0934361,1.6727207,0.0,0.0,0.71116424,0.71452284,1.1507165,1.88206,1.4027402,0.17410481,2.4837072,1.0245636,0.0,0.27815944,0.56630015,0.0,0.0,0.0,0.0,0.5908512,2.276154,0.8802647,0.0,0.0,0.0,0.93263996,0.7616068,1.3589624,0.0,0.0,1.2394791,0.0,0.0,0.0,0.32207572,0.20043208,0.0,0.0,0.0,2.022569,0.4073935,2.1575668,0.0,1.3907714,1.1317394,0.0,0.0,1.2757667,1.2679331,0.0,0.0,0.0,0.65735924,1.6556695,0.0,0.4434958,0.0,2.0335186,1.0132846,0.7403222,0.0,0.41177437,0.45790273,1.9642758,2.8510325,0.6502527,0.0,0.0,1.6881286,0.0,0.5315903,1.0692644,2.1923652,0.51197326,1.1684419,0.25607222,0.0,0.0,0.0,1.3768727,0.16461948,0.0,0.94409907,1.9881365,0.9256435,2.9251869,0.0,0.92691463,0.0,0.0,0.0,0.5464383,0.0,0.0,0.9434443,0.0,1.004551,0.67207485,2.7995837,0.0,1.0705216,2.2351801,1.4887537,0.0,1.0465508,0.15837754,0.0,2.5280669,0.69291264,0.0,0.0,0.3083572,0.5670968,0.0,0.0,2.0484788,0.3517837,1.1828156,0.76575303,0.0,0.0,0.0,0.8694658,0.0,0.35587168,2.2984052,0.82016706,1.1452646,0.0,0.046954807,1.4984705,0.0,1.0705755,0.0,0.0,0.24263938,1.6638618,0.0,2.0900166,0.0,0.35034412,1.0606648,1.7381909,1.6209315,0.0,0.9631017,0.259531,0.0,0.0,0.0,0.0,2.1122084,0.0,0.0,1.6880134,0.0,0.0,1.2542456,0.33277974,0.18378486,0.0,0.7311905,0.01705498,0.0,0
0.65095764,0.61003333,0.0,0.0,2.068029,0.06861202,0.0,0.4751038,0.0,1.3421211,0.0,0.31397066,0.8299701,0.0,1.5186427,0.0,1.8197517,0.040809672,0.34948757,0.0,0.0,0.0,0.36698702,1.2742001,2.3466809,0.0,0.7986637,0.0,1.432722,0.48037103,0.0,2.4110835,0.0,0.0,0.0,0.6565386,0.0,0.1991518,0.0,0.0,0.44994023,0.39279822,0.76358813,0.0,1.4003623,0.14665283,1.0458742,0.0,0.0,0.5837752,0.0,0.91222537,0.0,0.0,1.0797042,0.0059678517,0.0,0.0,0.0,0.0,0.63131833,0.0,0.0,1.8729917,0.0,0.0,2.0538383,0.17262644,1.1318581,0.0,1.1166825,0.0,1.306849,1.1433356,0.032788027,0.0,0.41056406,0.0,1.1524985,0.97469693,0.0,0.0,0.82467425,0.0,0.9258897,1.1913276,0.88842714,0.58589566,1.3127267,0.0,0.5726073,0.0,1.353892,1.1349093,0.0,0.0,1.1398867,1.1189402,1.3175418,1.5481633,1.5278413,0.0,2.047295,0.6099861,0.0,0.39223617,0.5029722,0.023453243,0.0,0.14690334,0.0,0.0,0.9372254,1.1494821,0.0,0.0,0.066693254,1.704392,1.1087105,0.7773367,0.0,0.0,1.853535,0.0,0.05860799,0.5621661,0.57267505,0.12193389,0.0,0.0,0.0,2.8723779,0.0,2.606818,0.0,0.23621318,0.53717065,0.20112374,0.31619382,1.1447374,0.65141624,0.026436266,0.0,0.0,0.537408,1.6144269,0.0,0.44501477,0.31614172,1.6773465,1.4704458,0.0,0.0,0.3165814,0.6030733,1.0970196,1.2569492,0.0,0.0,0.0,1.3907374,0.0,0.35276303,0.80144924,0.99513894,0.0,1.2722461,0.58076215,0.17063567,0.0,0.0,1.4873029,0.16974148,0.0,0.24744345,2.4603055,1.3534997,2.1109257,0.0,1.2021942,0.3160964,0.14869627,0.0,0.6321503,0.0,0.0,0.73751277,0.0,0.0,0.0,2.5995958,0.0,0.8217644,1.7472361,1.537556,0.29853418,1.370625,0.44356805,0.0,2.292633,0.30479285,0.0,0.0,0.0,0.49597117,0.0,0.0,2.1485968,0.019333921,0.3388846,1.0671937,0.0,0.0,0.6396453,1.6291083,0.0,0.0,2.105354,0.5316512,1.0941432,0.0,0.0,1.240277,0.0,0.06261542,0.0,0.0,0.0,1.4795583,0.0,1.6404687,0.0,0.84554857,0.2488812,1.7180688,0.6986919,0.16544342,0.0,0.0,0.0,0.85757846,0.0,0.0,1.5897315,0.0,0.0,2.4757252,0.0,0.0,0.0,0.009659693,0.8077499,0.0,0.0,0.42114118,0.0,0
0.64807665,0.64658356,0.0,0.0,2.5192096,0.0,0.0,0.54174715,0.0,1.1372883,0.0,0.0,1.1675656,0.0,1.8065062,0.0,1.4891081,0.0,0.48065436,0.079220206,0.0,0.0,0.0,1.0714561,2.0519843,0.0,1.7077698,0.0,1.7527755,0.5731193,0.0,1.5896332,0.36462206,0.0,0.0,0.6961245,0.0,0.34774196,0.0,0.0,0.4851625,0.07700601,0.6300287,0.0,0.5784547,0.6870222,1.5800364,0.0,0.0,0.0,0.0,1.473473,0.0,0.0,0.859245,0.7562809,0.0,0.0,0.0,1.3247645,1.0075712,0.0,0.0,1.3704518,0.0,0.0,1.7427795,0.6010803,1.2662358,0.0,0.6736914,0.0,2.0758026,1.178257,0.08743083,0.0,1.1526845,0.0,1.1149703,1.3748636,0.0,0.0,0.44565004,0.0,0.41799045,1.1353564,1.2525431,0.53518504,1.1974494,0.0,1.8899698,0.0,1.8073639,1.4576279,0.08539911,0.42026046,0.9737096,0.9491542,1.6977013,1.3580825,1.8816649,0.0,2.0529804,0.2718524,0.0,0.19058529,0.86380094,0.0,0.073694356,0.39428335,0.0,0.32296467,1.4006032,0.36837724,0.0,0.0,0.0,0.7138866,1.2616632,1.0669942,0.0,0.0,1.6011256,0.0,0.0,0.37952492,0.14864175,0.603635,0.0,0.0,0.0,2.3382354,0.0,2.5351074,0.0,0.9038075,0.6036695,0.82937044,0.0,0.68229735,1.3090336,0.0,0.0,0.0,0.7769645,1.8681405,0.0,0.24985163,0.0,1.562581,1.5309148,0.80601925,0.33146092,0.7936454,0.28211296,1.3666929,1.82272,0.01676305,0.038260434,0.0,2.392511,0.0,0.2620132,1.1581602,1.4859166,0.2103514,0.99096084,0.40373194,0.43708074,0.0,0.0,1.7982708,0.56077534,0.21422213,0.9290273,2.1046016,0.5848577,2.2446756,0.0,1.1846186,0.50385517,0.7213223,0.0,0.27533567,0.0,0.0,0.111674316,0.0,0.21772629,0.9780629,2.556657,0.0,0.68395865,2.0141177,1.6293,0.025680829,0.8822265,0.6109921,0.0,2.539634,0.9247466,0.0,0.0,0.0,0.62703997,0.39782625,0.18433353,2.067332,0.07676981,0.99898124,0.4826506,0.2572235,0.0,0.0,0.8080761,0.0,0.0,1.8785257,1.3932024,0.43761438,0.0,0.0,1.253265,0.0,0.33088955,0.0,0.0,0.0,0.6337921,0.0,1.6640383,0.0,0.46812105,0.61038,0.7333187,1.7744263,0.0,0.4408484,1.2207708,0.0,0.637539,0.44438386,0.0,1.3204832,0.0,0.0,2.2037244,0.0,0.0,0.0,0.09157303,1.1953491,0.0,0.3042687,0.0,0.0,0
0.3095624,1.0056024,0.0,0.0,1.9202956,0.15252288,0.0,1.0435908,0.0,0.96807617,0.0,0.0,0.9542839,0.0,1.271526,0.0,1.11341,0.0,0.14280832,0.0,0.0,0.0,0.13586707,1.8076731,2.0783288,0.0,2.3480341,0.0,1.5777093,0.378834,0.4285479,1.2570552,0.5204771,0.0,0.0,0.41431186,0.0,0.3680061,0.0,0.0,0.0,0.59609824,0.90897036,0.0,0.46716294,1.0089344,1.6311548,0.0,0.0,0.8366934,0.0,1.2921733,0.0,0.0,0.6214754,1.3078369,0.0,0.0,0.0,0.805434,0.5828483,0.0,0.0,1.9360337,0.0,0.0,1.8270216,0.6013512,0.79231876,0.0,0.66234726,0.0,1.145102,1.1251655,0.35504767,0.0,0.821424,0.0,0.615785,1.1098888,0.0,0.0,0.6966277,0.8466608,0.24048638,0.89230895,0.862145,0.11037718,1.064332,0.0,1.1759017,0.0,1.3447565,1.3450167,0.0,0.02450424,0.99544513,0.95316726,1.5291617,0.45372024,1.1543354,0.32190767,1.5848718,1.1515228,0.0,0.5752302,0.67804533,0.0,0.0,0.94608843,0.0,1.0735191,1.2398227,1.0038328,0.0,0.0,0.0,1.374633,0.68288124,1.318512,0.0,0.0,0.81954354,0.0,0.0,0.0,0.089753084,0.5157783,0.0,0.0,0.0,2.5141287,0.35254094,2.1377459,0.0,0.72552764,1.0739784,0.6726942,0.1837865,1.6598,0.94965225,0.0,0.0,0.0,0.9318725,1.4683466,0.0,0.0,0.0,1.921967,0.8349478,0.0,0.36374593,1.4573983,0.07280999,1.9011178,1.7546518,0.0,0.0,0.0,2.0069766,0.0,1.1138774,0.597422,1.6115187,0.13466631,0.992526,0.5935698,0.64349836,0.0,0.0,1.2608088,0.70721376,0.38990483,0.98069096,2.4087012,0.32319203,2.5543382,0.0,1.1387416,0.7129705,0.80805284,0.0,0.3176313,0.0,0.18090594,0.0,0.0,0.07786921,0.9394085,1.872708,0.0,1.0632893,1.9165673,1.5065645,0.0,1.4354674,0.8409114,0.0,1.7066686,0.82340044,0.0,0.0,0.0,0.3371804,0.50335234,0.9388874,1.7119416,0.019372351,0.57855135,0.6564454,0.4029076,0.0,0.047245312,0.49012038,0.0,0.0,1.3071496,1.2093396,0.9126937,0.0,0.2669635,1.7183008,0.0,0.09052593,0.0,0.0,0.0,1.0872957,0.0,2.3906386,0.0,1.167748,0.94479936,1.5143015,1.4655608,0.0,0.038959127,0.46202627,0.0,0.35467845,0.0,0.0,1.5865399,0.0,0.0,2.1061015,0.0,0.0,0.376834,0.5822508,1.7529614,0.0,0.121793754,0.39767736,0.0,0
1.0159988,0.18019983,0.0,0.0,2.3337574,0.39556235,0.0,1.0137652,0.0,1.1139973,0.0,0.0,1.554121,0.0,1.3559535,0.0,0.9404124,0.10776825,0.49391282,0.0,0.0,0.0,0.0,0.9073588,1.8041095,0.48888534,1.9639829,0.15138845,1.0794129,0.4724372,0.0,1.2991203,0.3751452,0.0,0.0,0.69196,0.0,0.39211762,0.0,0.0,0.6125999,0.63654804,0.6368959,0.087178335,0.56438094,0.6600549,0.5615317,0.0,0.0,0.1330267,0.0,0.87139106,0.0,0.0,0.5983587,0.19804597,0.0,0.0,0.0,0.5516252,1.1240201,0.0,0.0,1.3794918,0.0,0.0,1.2285099,0.3458539,1.0574491,0.0,0.46600613,0.0,1.4155818,1.0701638,0.26426643,0.0,0.045140672,0.0,1.0627894,1.2335082,0.0,0.0,0.60444206,0.08436674,0.88497776,1.4901369,0.07264761,0.8872799,0.9899645,0.14623168,1.3763498,0.0,1.3846589,1.771844,0.4196612,0.0,0.8551533,0.5535897,1.0812584,1.1953586,1.5117481,0.25080702,2.2362273,0.118752114,0.0,0.24032325,0.4199104,0.0,0.0,0.38591656,0.0,0.0,2.3200812,0.686129,0.0,0.0,0.33792523,0.9573523,1.3204033,0.8200291,0.0,0.0,0.9406394,0.0,0.14523217,0.43209347,0.08354836,0.87174517,0.0,0.0,0.0,1.5692123,0.09627631,1.6819427,0.0,0.90577227,0.2823619,0.3498548,0.0,1.0991845,1.8757957,0.0,0.0,0.0,0.35394368,1.6675699,0.0,0.0,0.61906916,1.5842986,0.23997906,1.0224353,0.0,0.6333162,0.2839303,1.4852517,1.9459671,0.45281896,0.0,0.0,1.5770434,0.0,0.4009488,0.99046963,1.372291,0.15158524,0.6625364,0.21685517,0.0,0.0,0.0,0.6912643,0.0,0.0,0.9703883,2.0386453,0.5900698,2.3249004,0.0,0.7017367,0.11270096,0.66816455,0.0,0.91418684,0.0,0.0,0.17581363,0.0,1.2848043,0.56585795,2.6990726,0.0,0.99388117,2.0835664,1.0416857,0.0,0.65307933,0.7028189,0.0,2.1495988,0.5235731,0.0,0.0,0.24192886,0.45491716,0.67987853,0.0,1.5518826,0.6510941,0.6534774,0.18952906,0.0,0.0,0.0,0.44930542,0.0,0.10267777,2.0287788,1.3345209,0.93404585,0.0,0.0,0.7812892,0.0,0.71466625,0.0,0.0,0.0,0.89743906,0.0,1.123817,0.0,0.36064562,0.8901695,1.1734445,0.9107355,0.010698468,0.51383525,0.32265818,0.0,0.0,0.40442383,0.0,1.2812728,0.0,0.0,1.4599729,0.0,0.0,0.46906126,0.16775101,0.31633452,0.0,0.08873091,0.0,0.0,0
0.5436427,0.99039686,0.0,0.0,2.1428847,0.0,0.0,1.3016349,0.0,1.4491923,0.0,0.12541848,1.4232575,0.0,1.9296818,0.0,0.57186705,0.0,0.73909116,0.0,0.0,0.04951562,0.20573775,2.310877,2.3262007,0.42585462,1.9695032,0.0,2.8957763,0.86825013,0.39093456,1.2601658,0.0,0.0,0.0,0.41250762,0.0,0.3498035,0.0,0.0,0.020207351,0.0,0.9222833,0.0,1.0406244,0.80634755,1.0084981,0.0,0.0,0.6548144,0.0,1.5836436,0.0,0.0,0.55802697,1.3158078,0.0,0.0,0.0,0.737429,1.2164352,0.0,0.0,2.2280898,0.0,0.0,2.2512004,0.1058723,1.0045011,0.0,0.1966206,0.0,1.8830566,0.5184519,0.21123205,0.0,1.3866814,0.0,1.1093652,0.7236443,0.225348,0.0,0.74491435,0.0,0.0,1.3802202,1.347028,0.1829264,1.3781989,0.5274067,0.6110214,0.0,1.1069634,1.0689332,0.0,0.0,1.2505511,1.1622804,2.0134354,0.6752948,1.3099936,0.0,2.1133628,1.9529413,0.0,0.0,0.345538,0.0,0.7182136,0.0,0.0,0.119848415,1.7226654,1.0680838,0.0,0.0,0.0,1.333965,1.2251766,1.2983387,0.0,0.0,1.9095521,0.0,0.0,0.0,0.047203235,0.0,0.0,0.0,0.0,2.471461,1.1699489,2.9263277,0.0,1.2285254,0.91381365,1.2290424,0.4368143,2.3580377,1.3309398,0.82412905,0.0,0.0,1.4285948,1.9294811,0.0,0.082181215,0.27184692,1.5693232,1.600113,0.0,0.0,0.5921177,0.55982894,2.2324572,2.0692866,0.17473073,0.0,0.0,1.1107835,0.0,0.80826694,1.3474746,1.881062,0.0,1.2352136,0.931791,0.63051677,0.0,0.0,2.5246584,0.8312276,0.70896435,1.0868462,2.283128,1.3603101,2.8514135,0.0,2.341081,0.07991239,0.16859356,0.0,0.0,0.22104986,0.0,0.0,0.0,0.0,0.14160371,2.7353103,0.0,1.284051,2.7226455,2.0555177,0.6369996,0.42303783,0.72704965,0.0,2.2119741,0.9812071,0.0,0.0,0.0,0.0,0.004170414,0.20642838,2.0159774,0.0,1.1574228,0.78870547,0.43346283,0.0,0.10922488,0.6273486,0.0,0.0,2.6095366,0.87082803,1.147618,0.0,0.0,1.5045192,0.0,0.1529014,0.0,0.0,0.12206036,1.9319012,0.0,2.0886877,0.0,0.62543184,1.1565566,2.416214,2.0281875,0.04397407,0.8749918,0.55709827,0.0,0.02406002,0.0,0.0,1.2564579,0.0,0.0,2.3668652,0.0,0.0,0.76637036,0.3378544,1.6802354,0.0,0.12114517,0.7939791,0.0,0
0.9212515,0.6365193,0.0,0.0,1.6720715,0.35828826,0.0,0.70274085,0.0,0.86118793,0.0,0.106475055,0.9131731,0.0,1.122932,0.0,1.378146,0.18556772,0.15896726,0.09931716,0.0,0.0,0.11658186,1.3191519,1.8118922,0.03604941,1.5021268,0.0,1.7775167,0.7959501,0.20307897,1.4680548,0.22590755,0.0,0.0,1.6928859,0.0,0.36650762,0.0,0.0,0.6852564,0.36514074,0.28827095,0.0,0.82773125,0.4619418,1.4933447,0.0,0.0,0.0975087,0.0,1.0741786,0.0,0.0,0.27515805,0.36368766,0.0,0.0,0.0,0.6159955,0.8377708,0.0,0.0,1.5368245,0.027791621,0.08387874,1.9731205,0.0,0.529812,0.0,0.5778991,0.0,1.6758982,1.0555497,0.42281574,0.0,0.648619,0.0,0.9792415,0.9040393,0.0,0.0,0.5878613,0.4892477,0.45350632,1.1317737,1.2382427,0.38093793,0.9459851,0.0,0.9471024,0.0,1.3148774,1.8575047,0.0,0.22959723,0.8193278,1.3722231,1.6148896,1.0713743,1.1916028,0.0,1.5012013,0.6780233,0.0,0.58146423,0.80879265,0.0,0.0,0.0,0.0,0.0,1.0373003,0.23400821,0.0,0.0,0.0,1.9125873,1.2377105,0.9146376,0.0,0.0,1.0396833,0.0,0.055085886,0.90249425,0.47657672,0.1575907,0.0,0.0,0.0,2.523415,0.14773276,2.4559708,0.0,0.50073534,0.69010097,0.2620623,0.0,1.1665987,0.64460427,0.0,0.0,0.0,0.20632824,1.2346358,0.0,0.49528927,0.029872134,1.3641604,1.1349806,0.0,0.0,0.57633567,0.23469433,1.293775,0.83310455,0.0,0.0,0.0,1.5994313,0.0,0.9129024,0.82335174,1.5847249,0.21024193,1.1296483,0.614306,0.40691325,0.0,0.0,2.0083132,0.313324,0.0,0.21195121,2.1836462,1.2700201,2.2894976,0.0,1.674951,0.30918553,0.0,0.0,0.6141944,0.0,0.0,0.17546168,0.0,0.29642817,0.6761137,2.4233158,0.0,0.87164205,1.7435269,1.2375735,0.0,0.9901891,0.66823775,0.0,2.2464054,0.58665687,0.0,0.0,0.0,0.37987095,0.0,0.13922659,1.7329241,0.23127425,1.082133,0.88449466,0.0,0.0,0.18098791,1.0278177,0.0,0.19628759,1.8955977,0.84459096,0.53229326,0.0,0.0,1.1336648,0.0,0.0,0.0,0.0,0.0,1.3557818,0.0,1.7069392,0.0,1.1694493,0.759713,1.5152171,1.5766538,0.27547047,0.0,0.70972264,0.0,0.9502498,0.0,0.0,1.6852645,0.0,0.0,2.2520275,0.0,0.0,0.0,0.6301169,1.1535988,0.0,0.347406,0.009642897,0.0,0
1.1007725,1.0900861,0.0,0.0,2.7566495,0.12111067,0.0,0.7618562,0.0,1.4609065,0.0,0.0,1.2858433,0.0,2.1736078,0.0,1.5292953,0.0,0.0,0.13823271,0.0,0.0,0.10725122,0.98443466,1.5246271,0.0,2.2804601,0.0,2.1942506,0.40231365,0.13103116,1.3981546,0.38497382,0.0,0.0,1.419357,0.0,0.45818374,0.0,0.0,0.6327574,0.6080935,0.64000094,0.0,0.64616394,0.9663496,1.6602292,0.0,0.10123624,0.473711,0.0,1.6071984,0.0,0.0,0.40003923,0.45977148,0.0,0.0,0.0,0.5916758,0.8317235,0.0,0.0,1.2245909,0.15801428,0.12738942,1.9164221,0.5107923,0.97017056,0.0,0.8548216,0.0,1.4173542,0.95218986,0.04914825,0.0,0.0,0.0,1.6794467,1.2966446,0.0,0.0,0.19830939,0.28324386,0.68217,1.1298192,1.4407585,1.0391566,1.1940079,0.0,0.7631413,0.0,2.0998552,2.4203393,0.0,0.33519262,1.6280472,1.2567923,1.1568515,0.88079506,2.0534332,0.51530963,1.8088413,0.90200394,0.0,0.061733928,0.9835749,0.0,0.2004791,0.6033313,0.0,0.0,1.5038916,1.1198823,0.0,0.0,0.0,1.858498,1.9654616,1.2205583,0.0,0.0,0.9921915,0.0,0.0,0.30220756,0.0,1.3128785,0.0,0.0,0.0,2.7311077,0.0,1.9024578,0.0,0.73344254,0.8164076,0.0,0.0,1.5486946,1.430571,0.0,0.0,0.0,0.5660717,2.1639209,0.0,0.43638003,0.60072523,2.4354048,1.2645452,0.79356295,0.13368626,0.5106539,0.06405741,2.0927844,1.5072569,0.0,0.0,0.0,1.6874255,0.0,0.7749027,0.8427855,1.6590631,0.60066205,1.5484482,0.47171634,0.0,0.0,0.0,2.0367987,0.8704361,0.1022498,1.0659257,2.3121758,0.95944977,2.0170956,0.0,1.776545,0.0,0.69010437,0.0,0.26404846,0.0,0.0,0.0,0.0,1.0106242,0.80403996,2.7205749,0.0,1.0696907,2.5349538,1.4487296,0.0,1.1659629,0.7756794,0.0,1.8357662,1.0784242,0.0,0.0,0.0,0.44668335,0.10920179,0.071606606,2.057986,0.1374438,0.45591748,0.37741655,0.0,0.0,0.0,0.60850346,0.0,0.0,1.8724988,1.196659,0.7808882,0.0,0.19511707,1.6883774,0.0,0.0,0.0,0.0,0.0,0.9373261,0.0,1.5019801,0.0,1.143376,1.2395254,1.1512318,1.5881301,0.0,0.17181988,0.32344857,0.0,0.78679866,0.0,0.0,1.9406509,0.0,0.0,2.1994424,0.0,0.0,0.0,0.23243308,1.531133,0.0,0.0,0.0,0.0,0
0.6974368,0.8706695,0.0,0.0,2.5535636,0.6643159,0.0,1.1212288,0.0,1.4504242,0.0,0.0,1.374151,0.0,1.3003488,0.0,1.458649,0.113950446,0.0,0.0,0.0,0.0,0.0,1.3573028,1.829249,0.0,2.159194,0.023900583,1.8687296,0.34774208,0.27177685,1.3489912,0.0,0.0,0.0,0.8736733,0.0,0.33178702,0.0,0.0,0.14557388,0.36176544,0.39698592,0.0,0.8904414,0.4273179,1.5123692,0.0,0.0,0.0749747,0.0,1.2624902,0.0,0.0,0.535338,0.8635542,0.0,0.0,0.0,0.28980744,0.86397636,0.0,0.0,1.1510215,0.0,0.0,2.001974,0.0,0.5982025,0.0,0.64220876,0.0,1.31913,0.75715476,0.16105111,0.0,0.13823254,0.0,1.0321292,1.2486563,0.0,0.0,0.6891815,0.0,0.27330172,1.2479057,1.6270362,0.7524413,1.0657042,0.103060745,0.50335073,0.0,1.7338817,1.6603838,0.0,0.17301159,1.6086551,1.3498155,1.1646552,0.71115726,1.7671475,0.46721387,1.4769961,0.6255091,0.0,0.3789715,1.079833,0.0,0.22981933,0.17468888,0.0,0.4467721,1.4163677,0.6879144,0.0,0.0,0.0,1.730263,1.437245,1.0943818,0.0,0.0,1.7218715,0.0,0.0,0.18617132,0.27725482,0.45960498,0.0,0.0,0.0,2.5078146,0.0,2.4394276,0.0,0.36800814,0.7250392,0.5335825,0.0,1.55107,1.0288329,0.093938075,0.0,0.0,0.78494024,1.9862041,0.0,0.0,0.15063351,2.2039437,1.248823,0.5968107,0.0,0.68817776,0.31462494,1.9437249,0.94333583,0.0,0.0,0.0,1.6707083,0.0,0.7606092,0.70262426,2.0915856,0.7471884,1.1619163,0.7550618,0.38461775,0.0,0.0,1.7971866,0.5863085,0.0,0.0,2.4415019,1.1429032,2.7170396,0.0,1.9868405,0.44212094,0.6885823,0.0,0.0,0.0,0.0,0.11977417,0.0,0.5044509,0.670159,2.4345949,0.0,1.351468,2.3291805,1.7082673,0.0,1.0742812,0.83990735,0.0,2.0220344,1.3961382,0.0,0.0,0.22254455,0.0971065,0.0,0.14674902,2.3536403,0.0,0.4185874,0.88895375,0.0,0.0,0.0,0.67605317,0.0,0.0,1.5712447,1.100136,0.6049306,0.0,0.0,1.6251758,0.0,0.0,0.0,0.0,0.0,0.8370458,0.0,1.2472241,0.0,1.5050864,1.1549367,1.497752,1.9629877,0.0,0.5782093,0.67720425,0.0,0.06992283,0.0,0.0,1.7359061,0.0,0.0,1.6468408,0.0,0.0,0.2504111,0.5772797,1.2936704,0.0,0.0,0.0,0.13801101,0
1.1219,1.5426255,0.0,0.0,2.236219,0.09076113,0.0,1.9445175,0.0,2.0099132,0.0,0.31498638,1.2607384,0.0,2.062682,0.0,0.9310339,0.082380876,0.0,0.0,0.22630021,0.0,0.50120854,2.3293397,2.8058472,0.12942797,2.279766,0.026111081,2.0108607,0.43940637,0.4181338,1.4624333,0.0,0.0,0.0,0.51066947,0.0,0.15451914,0.0,0.0,0.058999337,0.46083263,0.56127733,0.023206789,0.69976485,0.85032105,0.63727283,0.0,0.0,0.4680531,0.0,1.2856253,0.0,0.0,1.3868638,0.7989571,0.0,0.0,0.0,0.52004695,1.5341415,0.0,0.0,2.0611446,0.0,0.0,1.7550156,0.16410771,0.9189726,0.0,0.32222417,0.0,1.1055228,0.60024005,0.49194008,0.0,0.697586,0.0,0.7272722,0.6559171,0.0,0.0,0.7305294,0.0,0.3520104,1.364702,1.048429,0.0,1.8799295,0.0,0.56450623,0.20220527,1.0371392,1.5883906,0.0,0.0,1.6926033,0.87045,2.0186841,0.15006132,2.2276552,0.0,1.725641,1.081412,0.0,0.31312585,0.88170946,0.0,0.2553707,0.058566447,0.0,0.63238746,1.2945644,0.73321193,0.0,0.0,0.0,1.6344117,1.2105954,1.5863907,0.0,0.0,1.8593668,0.0,0.0,0.0,0.266217,0.0,0.0,0.0,0.0,2.670003,0.0,2.131218,0.0,1.7910608,0.0,0.8458174,0.0,2.577065,0.83819085,0.0,0.0,0.0,0.72413754,1.4903412,0.0,0.037455518,0.06892832,2.1524608,0.9684557,0.0,0.0,0.8480104,0.8602395,1.927082,1.909356,0.0,0.0,0.0,1.4070046,0.0,1.16688,1.5838189,2.0270898,0.0,0.9915438,0.5315624,0.40175673,0.0,0.0,1.7039413,0.16262689,0.16133814,0.93543774,2.849133,0.69074064,2.7439907,0.0,1.6806347,0.22535524,0.460544,0.0,0.59905285,0.0,0.0,0.0,0.0,0.0,0.0,2.5424945,0.0,1.3233328,2.1579802,2.2710698,0.0,0.83125186,0.36385465,0.0,2.0456278,1.3103945,0.0,0.0,0.043278713,0.07492621,0.0,0.0,2.1929772,0.0,0.0679549,0.828519,0.0,0.0,0.4147171,0.7270102,0.0,0.0,2.3670638,1.5802094,1.0117296,0.0,0.0,1.4630665,0.0,0.34027916,0.0,0.0,0.0,1.8895366,0.0,1.628941,0.0,0.91358143,0.7424172,2.4122372,1.8122808,0.0,0.45087025,0.52741224,0.0,0.0,0.09616646,0.0,1.4173272,0.0,0.0,2.1214209,0.0,0.0,1.1565489,0.72310525,1.6221006,0.0,0.067634024,0.0,0.0,0
0.81982106,0.6651315,0.0,0.0,0.9194808,0.56559175,0.0,0.7311339,0.0,1.2665923,0.0,0.08925709,0.96786106,0.31883338,0.95075405,0.0,1.4469651,0.0,0.73106617,0.3952012,0.0,0.21463661,0.41009095,0.6726672,2.383198,0.0,1.4026074,0.0,0.3968401,1.1634101,0.39765558,0.8740467,0.28698933,0.30874938,0.0,1.6118908,0.0,0.74764717,0.0,0.0,0.7228559,0.0,0.9926325,0.0,0.5384666,0.9640979,0.5437216,0.0,0.0,0.7369631,0.0,1.0506815,0.0,0.0,0.7381535,1.2286124,0.0,0.0,0.0,0.90836334,1.1332443,0.0,0.0,1.3053336,0.26358613,0.0,1.2534068,0.6728065,0.1761567,0.0,0.4434435,0.0,0.072457165,0.8760264,0.47632962,0.0,1.0300708,0.0,0.2929182,0.5153919,0.0,0.0,0.93261886,0.0,0.328521,1.1316334,0.20652619,0.53711087,0.92769915,0.21484943,1.2327421,0.0,1.0349164,1.3552336,0.0,0.0,0.31979132,0.2778291,1.2497936,1.985347,0.8465029,0.0,1.3991543,1.6323009,0.0,0.79585063,0.36604473,0.0,0.0,0.17807513,0.0,0.07857664,1.9922643,0.75437355,0.0,0.0,0.43402752,1.1414353,0.46557072,1.0370903,0.0,0.0,0.38328043,0.0,0.0,0.7527914,0.35352045,0.0,0.0,0.0,0.0,1.4626951,1.0591272,1.1128932,0.0,1.5828476,1.3282907,1.0080659,0.19870572,1.937336,0.9188142,0.60351163,0.0,0.0,0.6569834,0.38408267,0.0,0.07502117,0.08450943,1.2207059,0.9022233,0.670169,0.0,0.6246436,0.5890085,1.3652015,1.8849949,0.38399753,0.0,0.0,0.95211595,0.0,0.69954664,0.31790996,0.9958156,0.2070174,1.3642205,0.49091125,0.7684763,0.0,0.0,0.4651945,0.66243654,0.0,1.921975,1.6056974,0.5745943,1.8406448,0.0,0.43639386,0.47378364,0.68876785,0.0,0.53166205,0.4686682,0.0,0.92904454,0.0,0.3314099,0.5591564,1.2645881,0.0,0.5873963,1.3675781,1.0440778,0.6898991,0.5341463,0.26933855,0.0,1.9125899,0.702877,0.0,0.0,0.16405345,0.0,0.49689427,0.5707314,0.5734358,0.47426096,1.4579033,0.2520816,0.6351207,0.0,0.0,0.17330769,0.0,0.80690485,2.292805,0.70824313,0.6966513,0.0,0.0,1.2254589,0.0,0.70423996,0.0,0.0,0.63873655,1.1742101,0.0,1.483352,0.0,0.1450605,0.36760905,1.6903697,1.0836065,0.0,0.5029481,1.0291525,0.0,0.0,0.0,0.0,1.0919539,0.0,0.0,1.135222,0.0,0.0,1.0028069,0.8477623,0.72785264,0.0,0.93833965,0.5277938,0.0,0
1.1532428,0.19003187,0.0,0.11816552,1.3175554,0.57592326,0.0,0.30863512,0.0,0.5455414,0.0,0.1707314,1.0752159,0.0,1.0691297,0.0,2.0462835,0.35056287,1.1187246,1.2879564,0.0,0.0,0.0,0.45201385,1.5972327,0.0,1.5891212,0.41247487,0.7682357,0.8358512,0.0,1.1355423,0.8749598,0.0,0.0,1.1821318,0.0,0.7088983,0.0,0.0,1.6516258,0.2347872,1.0451787,0.0,0.39811334,0.9789281,1.0289447,0.0,0.0,0.12193487,0.0,0.7887537,0.0,0.0,1.0126271,0.97739935,0.0,0.0,0.0,1.0594972,0.37544972,0.0,0.0,1.0139132,0.0,0.20375435,0.875058,0.0,0.040949762,0.0,0.608581,0.0,1.4166499,1.8156791,0.91647035,0.0,0.41640478,0.0,1.2247567,1.4331379,0.0,0.0,0.81354755,0.331205,0.27095222,1.5347999,0.0,1.8210706,0.6361724,0.5528527,1.2232955,0.0,1.1588998,1.4723448,0.09612348,0.0,0.30274674,0.0,1.3290377,2.7060447,0.39533228,0.280719,1.3079958,0.0,0.0,0.82806766,0.65309125,0.0,0.0,1.3539649,0.0,0.0,2.5928068,0.27248645,0.0,0.0,0.5243658,1.4126757,0.36371914,0.42898083,0.0,0.0,1.0039608,0.0,0.06427154,0.5411249,0.57911557,0.93620956,0.0,0.0,0.0,1.5546862,0.0,1.2820817,0.0,1.0152204,1.8420161,0.9238713,0.0,0.0,0.6795278,0.14995381,0.0,0.0,0.6541225,0.9811684,0.0,0.3084525,0.0,0.87450695,0.26614767,1.2008806,0.26285276,1.373533,0.43882892,0.6123253,1.2328581,0.31154373,0.0,0.0,1.6468632,0.24586648,1.1469119,0.046837088,0.0,1.2147652,1.277958,0.53691417,0.3635479,0.0,0.0,1.2376341,0.002338139,0.0,0.5673251,1.4113665,0.24329847,1.9449818,0.0,0.3708252,0.3624672,0.95635444,0.0,0.77147716,0.0,0.0,0.91793424,0.0,1.3319075,1.3084704,1.7247529,0.0,0.910424,1.1940621,0.30126405,0.7124625,0.8973521,0.93355614,0.0,2.0793605,0.0723521,0.0,0.0,0.6834764,1.0043408,0.46778062,0.0,0.6115106,0.63732755,1.3157946,0.5787239,0.0,0.0,0.0,0.7743757,0.0,0.8053062,2.4413478,1.5690404,0.5737772,0.0,0.0,0.8107944,0.0,0.19421354,0.0,0.0,0.0,0.64210194,0.0,1.3440683,0.0,0.32658458,0.37136576,0.72828364,0.8341749,0.0,0.21194491,0.5808122,0.0,0.37743,0.078820854,0.7611883,0.79506886,0.0,0.0,1.6903777,0.0,0.0,0.94783306,0.99084944,0.10463419,0.0,0.44955617,0.0,0.0,1
0.68766636,1.2830962,0.0,0.0,2.033131,0.0,0.0,1.3934097,0.0,1.0067986,0.0,0.24162337,0.90687346,0.0,1.8766935,0.0,1.8916187,0.2440073,0.11272037,0.0,0.0,0.0,0.1841307,1.4494214,1.6564447,0.062217116,2.3811636,0.24198346,1.8056009,0.51958334,0.0,1.6870043,0.0,0.0,0.0,1.702599,0.0,0.439496,0.0,0.0,1.5030276,0.49638662,0.7542044,0.0,0.43182966,0.22022901,0.89433324,0.0,0.0,0.0,0.0,1.4891979,0.0,0.0,1.3038427,1.4706554,0.0,0.0,0.0,0.3723339,0.67660445,0.0,0.0,1.7227576,0.0,0.0,1.6902473,0.5687904,0.8962669,0.0,1.4898973,0.0,1.046567,0.63350266,0.0,0.0,0.7761558,0.0,1.5872772,0.5286437,0.0,0.0,0.33555222,0.14122045,0.0,0.8635533,0.93370605,0.4697659,1.2258046,0.0,0.5487244,0.20046134,1.3103453,2.398902,0.0,0.0,1.186355,0.9278772,1.6491632,1.0564932,1.268146,0.35898113,1.4714538,0.5330161,0.0,0.21183954,1.154209,0.0,0.0,0.42839152,0.0,0.0,1.6031595,1.439429,0.0,0.0,0.09612208,1.989386,1.8892561,0.51327604,0.0,0.0,1.3838447,0.0,0.0,0.30379975,0.85338384,0.11167194,0.0,0.0,0.0,2.5474157,0.30786034,2.8758268,0.0,0.5605236,0.36062723,0.0,0.0,1.8004193,1.7763174,0.020037856,0.0,0.0,0.13468882,1.3854473,0.0,0.5242533,0.0,1.7530661,1.9032197,0.25974286,0.00018110708,0.0,0.35930648,1.9087994,1.3878531,0.0,0.0,0.0,1.3333886,0.0,0.4763371,1.2932222,2.0553486,0.47810745,1.875349,0.7940551,0.0,0.0,0.0,2.242525,0.7265656,0.40028945,0.7386299,2.209764,0.6733222,2.5487137,0.0,1.9015719,0.0,0.4594206,0.0,0.2575785,0.0,0.033945818,0.6862841,0.0,0.1603637,0.4254474,2.6140716,0.0,0.45896348,2.2473145,1.2026712,0.3623287,1.4106886,0.48147663,0.0,1.5575045,0.34870803,0.0,0.0,0.14033079,0.24331333,0.0,0.0,2.2481575,0.10914425,0.9764668,1.1535763,0.21233563,0.0,0.0,0.9204719,0.0,0.0,1.6550872,1.4040672,0.8766256,0.0,0.06593951,0.7406089,0.0,0.0,0.0,0.0,0.7175055,0.7122306,0.0,1.1305784,0.0,0.80874145,1.4358016,1.5954182,1.6292261,0.44881085,0.0,0.82253766,0.0,0.0,0.0,0.0,1.6463389,0.0,0.0,2.4441729,0.0,0.0,0.95002747,0.6154284,0.6866439,0.0,0.0,0.5660291,0.45752522,0
1.1885604,0.48722085,0.0,0.0,1.2259436,0.79129237,0.0,0.48783863,0.0,0.586498,0.0,0.0,1.1883484,0.0,1.3012898,0.0,2.309826,0.0,0.8601503,0.8276438,0.0,0.0,0.040785067,0.09610848,1.6793863,0.049968034,1.4853686,0.002212063,0.360767,1.537757,0.33843762,1.2927818,0.53426373,0.0,0.0,1.5172751,0.0,0.60782546,0.0,0.0,1.9235103,0.47386938,0.71231115,0.0,0.632481,0.9373878,0.78905046,0.0,0.0,0.082852304,0.0,1.1103443,0.0,0.0,1.1166631,1.0174161,0.0,0.0,0.0,0.83180344,0.5982962,0.0,0.0,1.2740408,0.0,0.0,1.433537,0.07454275,0.10365689,0.0,0.81276333,0.0,1.2974808,1.3714962,0.64423454,0.0,0.5734335,0.0,1.2585335,1.3223305,0.0,0.0,0.9810013,0.34646955,0.43539488,1.5720778,0.30242667,1.7813581,0.38027155,0.013167586,1.2634599,0.0,1.6859802,1.4890367,0.0,0.0,0.42506844,0.20705251,0.6273677,2.424528,0.521001,0.15303496,1.230584,0.2208835,0.0,1.0624515,0.36291453,0.0,0.0,0.50232184,0.0,0.0,1.9041134,0.0,0.0,0.0,0.48794338,1.36432,0.95996815,1.0568599,0.0,0.0,1.3694344,0.0,0.0,0.6922547,0.15324973,0.69662386,0.0,0.0,0.0,1.3007566,0.0033395556,1.533832,0.0,1.1954118,1.870005,0.7951088,0.0,0.16179879,1.3896474,0.28220725,0.0,0.0,1.044829,1.2226017,0.0,0.035610486,0.22108005,0.7426978,0.22497103,1.2937707,0.2479103,1.1378853,0.83420616,0.8142363,1.1174767,0.26983884,0.0,0.0,1.9215118,0.0,0.9822306,0.42870748,0.2656094,0.80241734,1.4408151,0.5691504,0.07081475,0.0,0.0,1.0233892,0.84728503,0.00095358695,1.2902732,1.8206534,0.673196,1.7405167,0.0,0.5285726,0.22581646,0.62369865,0.0,0.69617623,0.0,0.0,1.047043,0.0,1.5979439,0.74085957,2.2326362,0.0,0.7377962,1.4839575,0.5308331,0.42337665,0.54458934,1.2527484,0.0,1.5614655,0.3291086,0.0,0.0,0.2949184,0.94529384,0.48812285,0.8865005,0.6571859,0.44271812,1.341444,0.0,0.058173902,0.0,0.0,0.6852757,0.0,0.27448687,2.569832,1.5028133,0.6861897,0.0,0.0,1.0244809,0.0,0.29283696,0.0,0.0,0.0,0.8404821,0.0,1.4611884,0.0,0.21196058,0.04692568,0.94531703,0.8651788,0.0,0.1939989,1.1049932,0.0,0.5786629,0.0,0.65086067,1.1147856,0.0,0.0,1.3278959,0.0,0.0,1.228816,1.4434655,0.93114823,0.0,0.5463649,0.0,0.0,1
0.55910176,1.1119717,0.0,0.0,2.38397,0.6793074,0.0,0.47338796,0.0,1.334465,0.0,0.5946083,1.1342212,0.0,0.92727876,0.0,1.8820753,0.46272954,0.20174518,0.013336511,0.0,0.0,0.38658896,1.1459985,1.6865329,0.59522283,1.1791711,0.0,1.5074822,1.3856039,0.19766591,1.5373749,0.0,0.0,0.0,1.4013901,0.0,0.62191045,0.0,0.0,0.9329753,0.45472577,0.72050637,0.0,0.93887126,0.7991488,0.6291204,0.0,0.0,0.0,0.0,1.488972,0.0,0.0,1.0287797,0.35505685,0.0,0.0,0.0,0.46620712,0.7099337,0.0,0.0,1.2526141,0.0,0.88192105,1.4716983,0.4324554,0.48091775,0.0,0.76243824,0.0,1.3602948,0.7541218,0.3618294,0.0,0.03845193,0.0,1.4969275,1.0285454,0.0,0.0,0.4493826,0.14165068,1.027091,1.7308975,1.2781365,0.4729101,0.8769544,0.17010325,0.27883124,0.0,0.88631445,1.8375882,0.0,0.0,1.2279929,0.7784668,1.4380777,2.1368577,1.061268,0.11812944,1.7224461,0.40210414,0.0,0.71863294,0.47406211,0.0,0.0,0.20156008,0.0,0.0,1.6416167,0.8914963,0.0,0.0,0.0,2.0148299,1.1123815,0.6661397,0.0,0.0,1.2583314,0.0,0.0,0.33105952,0.0,0.31217855,0.0,0.0,0.0,1.9906583,0.24159396,2.2286322,0.0,0.29685363,0.63235337,0.35772407,0.0,1.6927881,0.784893,0.0,0.0,0.0,0.0,1.7235467,0.0,0.5372772,0.116795346,2.334222,1.6707567,0.7600011,0.27674615,0.7217025,0.52960855,1.1510835,1.4273521,0.0,0.0,0.0,1.3227369,0.0,0.098527275,0.4466758,1.2198728,0.1284097,1.8217822,0.98696417,0.0,0.0,0.0,1.5306083,0.5732497,0.0,0.7018347,1.9909811,0.7224314,1.7726088,0.0,1.3774034,0.36337674,0.37217632,0.0,0.5826914,0.0,0.0,0.0,0.0,0.7394412,0.20409483,1.9344858,0.0,0.65624195,1.9243098,1.3552395,0.0,1.0031884,0.37162036,0.0,2.334987,0.6815254,0.0,0.0,0.0,0.5865878,0.0,0.3290812,1.6494529,0.17538342,0.88596934,1.2936251,0.30760735,0.0,0.43622145,0.4863189,0.0,0.0,2.6290913,1.6367533,1.2570028,0.0,0.0,0.47445068,0.0,0.3551472,0.0,0.0,0.0,0.7468505,0.0,1.5991559,0.0,0.035651635,0.09426813,1.9172243,1.4686998,0.0,0.030534321,1.0168873,0.0,0.7928533,0.0,0.0,1.7752495,0.0,0.0,1.9314332,0.0,0.0,0.7093762,0.47075728,0.5155398,0.0,0.19436291,0.124551654,0.0,0
0.78518826,1.3356602,0.0,0.0,1.7294079,0.0,0.0,1.5631772,0.0,1.6548729,0.0,0.41290164,1.0765,0.0,1.344755,0.0,1.2134988,0.0,0.0,0.0,0.0,0.0,0.0,1.2603621,1.8285655,0.0,1.3545055,0.0,1.0581217,0.2934439,0.5392688,1.6743695,0.026348703,0.2087503,0.0,0.78412133,0.0,1.1020675,0.0,0.0,0.14207087,0.34297422,0.91917056,0.0,0.80964965,0.7837012,1.6031942,0.0,0.0,0.27688468,0.0,1.0218033,0.0,0.0,0.9035132,1.0805831,0.0,0.0,0.0,0.77560997,1.0321815,0.0,0.0,1.7451204,0.0,0.2619317,1.9025689,0.88537085,0.93725157,0.0,0.84343016,0.0,1.1340787,0.65338016,0.13738893,0.0,0.72364926,0.0,0.942726,0.98920673,0.0,0.0,0.8241208,0.27643514,0.72430223,1.2060403,1.2431067,0.35849148,0.8739395,0.5187313,1.1990807,0.0,0.86830664,0.8054759,0.0,0.0,0.87597126,0.0034462733,1.9222028,1.1090587,1.2490463,0.0,1.6940631,0.8887066,0.0,0.8285171,1.1041367,0.0,0.0,0.17107627,0.0,0.32951057,1.1318518,0.7203572,0.0,0.0,0.0,1.05851,0.79484814,0.7785802,0.0,0.0,0.8773777,0.0,0.0,0.11095451,0.0,0.022118997,0.0,0.0,0.0,2.406857,0.0039368537,1.9500242,0.0,0.8117376,0.6807913,0.8068086,0.029983241,2.2284706,0.7928932,0.0,0.0,0.0,1.0087024,1.2601584,0.0,0.32067642,0.0,0.962421,0.8407239,0.0,0.0,0.37577102,0.6188108,1.7568268,1.5177599,0.0,0.11454466,0.0,2.2387726,0.0,0.5917252,0.0045761145,1.233014,0.0,0.90326005,0.64250696,0.4347873,0.0,0.0,0.93371964,0.83653283,0.089022726,1.1283406,1.69909,0.60397214,1.7242298,0.0,0.44349673,0.07085278,0.22783323,0.0,0.71696013,0.0,0.0,0.0,0.0,0.34072226,0.86180615,2.0514863,0.0,0.6900645,2.1945999,1.3962861,0.0,1.3005304,0.4449096,0.0,1.6923836,1.1448117,0.0,0.0,0.0,0.39530846,0.18332642,0.5261525,1.2128402,0.0,0.58931977,0.70945245,0.2630587,0.0,0.0,0.06135154,0.0,0.105492316,1.792884,1.0418273,1.0087363,0.0,0.0,1.2458293,0.0,0.47427258,0.0,0.0,0.0,1.1300063,0.0,1.7193372,0.0,0.7285309,0.4156457,1.637083,1.0040128,0.0,0.27488405,0.74982953,0.0,0.17598101,0.0,0.06827918,0.87426734,0.0,0.0,1.8489544,0.0,0.0,0.07259475,0.57184356,1.6499906,0.0,0.0,0.01744884,0.0,0
1.5815098,0.16557918,0.0,0.0,1.3949624,0.9036111,0.0,0.76351917,0.0,0.81643116,0.0,0.604912,1.1135377,0.0,1.4362428,0.0,2.2789383,0.8658068,0.74730265,0.8710189,0.0,0.0,0.0,0.51126397,1.7049488,0.039058924,1.165403,0.7944919,0.35425943,1.5223355,0.13959095,1.4852412,0.43522716,0.0,0.0,1.3650646,0.0,0.50955254,0.0,0.0,0.78178847,0.0,0.9560173,0.0,0.8029138,0.3921812,1.5019624,0.0,0.0,0.14954162,0.0,0.7762414,0.0,0.0,0.58423424,0.9437013,0.0,0.0,0.0,0.7157232,0.94864345,0.0,0.0,1.3627597,0.0,0.0,1.2917857,0.6503479,0.31038147,0.0,1.3405755,0.0,0.9431494,1.6306238,1.2556317,0.0,0.2552042,0.0,1.2273393,1.1651553,0.044482972,0.0,1.0119481,0.3834815,0.64292866,1.0954053,0.13790746,1.3121209,0.44370845,0.5634103,0.9595098,0.0,1.1521266,1.1765528,0.28425202,0.0,0.27923593,0.113386504,0.90976644,2.7286637,0.63666344,0.3884631,1.1404406,0.16968857,0.0,0.75783336,0.8533554,0.0,0.0,0.36307853,0.0,0.29330915,2.7949176,0.8047803,0.0,0.0,0.7251074,1.2434493,0.49654546,0.5380109,0.0,0.0,0.8658682,0.0,0.0,0.5265492,0.6417438,0.8435623,0.0,0.0,0.0,1.2466247,0.04482409,2.0868187,0.0,1.3205748,1.6657196,1.1195943,0.0,0.77744913,0.98155564,0.0,0.0,0.0,0.5625137,0.91551423,0.0,0.50020665,0.0084775835,1.2165358,0.30240977,1.1083407,0.44003248,0.9389897,0.9925985,1.1558063,1.9777693,0.11783029,0.0,0.0,1.7116386,0.47059113,0.6189653,0.0,0.59973687,0.9197693,1.0198679,0.83558136,0.0,0.0,0.0,1.1157691,0.5311178,0.0,0.61158764,2.1982944,0.8132626,2.140534,0.0,0.0,0.38726416,0.26074836,0.0,1.4749926,0.0,0.0,1.2373209,0.0,1.2201923,1.0624344,1.3769164,0.0,0.9567736,1.4313029,0.58917814,0.79939944,1.1386832,0.8879919,0.0,2.3298614,0.32239503,0.0,0.0,1.0777948,0.694027,0.34456274,0.46926484,0.9148048,0.9928119,1.6446607,0.8350193,0.0,0.0,0.0,0.72996217,0.0,0.4132567,2.7458198,1.8658651,0.69576246,0.0,0.0,0.37219822,0.0,0.403898,0.0,0.0,0.0,0.43219647,0.0,1.2498941,0.0,0.0,0.0,0.91421235,0.9205367,0.0,0.0,0.6668634,0.0,0.007938737,0.0,0.6717677,1.02066,0.0,0.0,1.5060053,0.0,0.0,1.1064202,1.2642238,0.0,0.0,1.0157347,0.0,0.15711614,1
0.9944306,0.871114,0.0,0.0,1.8658814,0.78964907,0.0,0.76709014,0.0,0.4334325,0.0,0.0,1.0882509,0.0,1.6082135,0.0,1.26048,0.0,0.27549553,0.0,0.0,0.0,0.0,0.5131455,1.9144589,0.17460425,1.0595168,0.0,1.2305866,0.99549377,0.0,1.4449798,0.0,0.26483282,0.0,0.8979279,0.0,0.5463741,0.0,0.0,1.0664841,0.22302318,0.8612645,0.0,0.91452885,0.3761488,1.2710413,0.0,0.0,0.0,0.0,1.4201735,0.0,0.17057233,1.5893508,0.61087084,0.0,0.0,0.0,0.35849193,0.9601954,0.0,0.0,1.3360159,0.0,0.0,1.4685669,0.3510351,0.5277981,0.0,0.34536985,0.0,0.8491456,0.53257424,0.05287241,0.0,0.59762126,0.0,0.20063828,0.9179691,0.0,0.0,0.19700336,0.0660758,0.0,0.8106861,0.9922191,0.44858664,0.75816536,0.019550588,0.8496633,0.0,1.2916435,0.71128654,0.0,0.0,1.4676155,0.46996808,0.7405278,1.5777848,1.4014357,0.0,0.93910134,0.840118,0.0,0.40702328,1.2153782,0.0,0.0,0.40213564,0.0,0.0,1.449936,0.4859107,0.0,0.0,0.53174335,1.1439078,0.90541816,0.35032415,0.0,0.0,0.97347724,0.0,0.0,0.59901685,0.0947349,0.0,0.0,0.0,0.0,2.1215591,0.45365152,1.8567297,0.0,0.98591065,0.94987255,0.9108686,0.0,1.3642526,0.58341426,0.31244776,0.0,0.0,0.7752035,1.6584752,0.0,0.0,0.0,1.6711589,1.2343467,0.19093333,0.18302062,0.49599275,0.2185624,1.5642196,0.96075815,0.0,0.0,0.0,1.850409,0.0,0.7276017,0.8770737,1.0539935,0.11036013,0.8379925,1.5018607,0.027931623,0.0,0.0,1.3573073,0.41624573,0.0,0.33110484,2.3177602,0.6427392,2.0222561,0.0,1.4393348,0.6678722,0.9270535,0.0,0.44575053,0.0,0.0,0.16026647,0.0,0.25099546,0.0686242,1.8503132,0.0,1.4789203,1.7174428,1.0404471,0.7032504,0.99139816,0.92518306,0.0,1.5804502,0.5362513,0.0,0.0,0.0,0.0012425623,0.31316224,0.25702545,1.5842196,0.18602556,1.0916635,0.64156204,0.26485577,0.0,0.0,0.52549475,0.0,0.0,2.4341314,1.1803477,1.2811879,0.0,0.0,1.901801,0.0,0.27972084,0.0,0.0,0.0046976474,0.6855014,0.0,1.4786872,0.0,1.058113,0.6799371,1.0925602,0.81051415,0.0,0.0,0.9688164,0.0,0.0,0.0,0.0,1.2387081,0.0,0.0,1.3750434,0.0,0.0,0.7664824,0.27100524,1.3440878,0.0,0.10564617,0.76819545,0.0,0
1.536632,0.23050478,0.0,0.0,2.5252714,0.6202428,0.0,0.09882669,0.0,1.1138207,0.0,0.0,1.1821028,0.0,1.0779397,0.0,1.8940691,0.0,0.7362073,0.5477956,0.0,0.25167024,0.6672255,0.9147843,1.4513215,0.0,2.489823,0.0,1.5112537,0.60070884,0.0,0.7530438,0.027302139,0.0,0.0,1.4353205,0.0,0.16739377,0.0,0.0,1.331723,0.8248373,0.4150793,0.0,1.036365,1.2462597,1.5305142,0.0,0.0,0.50119066,0.0,0.94223946,0.0,0.0,0.7928643,1.2966415,0.0,0.0,0.0,0.3479836,0.54851055,0.0,0.0,1.1539865,0.0,0.29782388,1.1143038,0.3260135,0.5111609,0.0,0.8654989,0.0,1.2641485,0.5833916,0.011491884,0.0,0.0,0.0,1.0798775,0.75241137,0.0,0.0,0.4077732,0.0,0.6037347,0.9522,1.2007873,1.1590586,0.8377192,0.49118435,0.5737921,0.0,1.9003066,1.4208575,0.0,0.9601772,0.31352994,0.4826368,1.3593667,1.8197037,1.7392063,0.0,1.70911,0.47779298,0.0,0.6601442,0.40278837,0.0,0.31945288,0.45235655,0.0,0.021252142,2.0538301,0.42445868,0.0,0.0,0.0,2.2109375,0.86039984,0.8727644,0.0,0.0,0.8955882,0.0,0.0,0.2759716,0.15733264,1.0863552,0.0,0.0,0.0,1.8901702,0.0,1.4603729,0.06280164,1.1594365,1.1886653,0.44015154,0.0,1.0443598,1.1155548,0.0026688834,0.0,0.0,0.27859703,1.3011856,0.0,0.0,0.4595468,1.6729527,1.1973691,1.4463339,0.5134723,0.91391116,0.0,1.418582,1.1892965,0.20265897,0.0,0.0,1.4707885,0.0,0.49383703,0.1269812,1.4458878,0.9212447,1.5794398,0.40407366,0.6927512,0.0,0.0,1.2810525,0.44416726,0.0,1.1052283,1.8007658,1.1782565,1.8908402,0.0,1.1716965,0.31788477,1.4864098,0.0,0.39313185,0.0,0.33876517,0.6406279,0.0,1.1042671,0.71591794,2.0459867,0.0,0.8934897,1.6757562,1.238036,0.0,0.69730437,1.4475218,0.0,1.9203839,0.730153,0.0,0.0,0.8169146,0.5180562,0.0,0.24838665,1.4184481,0.38299716,0.9508636,0.86267185,0.38996232,0.0,0.0,0.0,0.0,0.0,2.1014378,1.2012584,0.30189854,0.0,0.0,1.3019705,0.0,0.066626705,0.0,0.0,0.34768817,1.2220526,0.0,1.2290577,0.0,0.35849345,0.0,0.839589,1.4489415,0.12786177,0.3918952,0.81309897,0.0,0.16820419,0.0,0.03094336,1.4272928,0.0,0.0,1.9556658,0.0,0.0,0.2673668,0.6689993,0.81564015,0.0,0.008358664,0.100620374,0.0,0
0.8881519,0.5496741,0.0,0.0,0.51887673,0.5455439,0.0,1.1353031,0.0,1.0908477,0.0,0.6457181,1.1269121,0.0,0.06044452,0.0,1.8378043,0.0,1.4290295,0.6861737,0.0,0.0,0.42212158,0.72125894,2.3785589,0.4207102,1.8155296,0.0,0.6351956,0.9828092,0.83805716,1.0951928,0.2795378,0.0,0.0,1.234122,0.0,0.8445084,0.0,0.0,0.8188956,0.0,0.36920512,0.0,0.16043614,0.7290462,1.3967366,0.0,0.0,0.025977233,0.0,0.53214455,0.0,0.0,0.77813005,0.6192862,0.0,0.0,0.0,0.28261766,0.53990155,0.0,0.0,1.9409463,0.0,0.0,1.7540905,0.38305706,0.19736129,0.0,0.75150824,0.0,1.1742182,0.33604035,0.32401687,0.0,0.4122855,0.0,0.60602313,0.41049573,0.0,0.0,1.2388984,0.0,0.12963688,1.3797446,1.0237567,1.0129442,0.45347798,0.22216365,0.5839943,0.0,0.68133956,0.8848576,0.0,0.0,0.43013978,0.56317365,2.3614902,0.8663149,0.8940345,0.21015899,0.77844566,1.278849,0.0,0.7793051,1.2563502,0.0,0.0,0.062136676,0.0,1.2175252,1.8286253,0.083547026,0.0,0.0,0.5842482,1.9893457,0.7577627,1.0542134,0.0,0.0,0.9426941,0.0,0.0,0.3299006,0.6374895,0.0,0.0,0.0,0.0,1.5095663,0.059296872,1.2353989,0.0,1.1863946,1.7473277,0.70261663,0.12696828,0.9327711,0.5253446,0.384612,0.0,0.0,0.34705737,0.2890447,0.0,0.029249597,0.0,0.88143754,1.3724372,0.0,0.390374,0.7399618,0.58142173,1.3630081,1.7371365,0.26623103,0.0,0.0,0.7192342,0.0,0.56706995,0.7541756,0.7658686,0.80907524,1.5834864,0.67554575,0.740032,0.0,0.0,0.4302248,1.0671448,0.0,0.91124445,1.5753326,0.46651682,1.912237,0.0,0.4233463,0.6298678,0.68457305,0.04095867,0.49168086,0.56537694,0.0,0.47431973,0.0,0.6783829,1.1253273,1.1521177,0.0,0.575908,1.6306069,0.5319861,0.3766395,1.4101167,1.0479686,0.0,1.7714396,0.80717,0.0,0.0,0.5656214,0.5760645,0.20671904,0.39977634,0.74392563,0.16907993,0.84022284,0.91844505,0.50418043,0.0,0.0,0.24901885,0.0,0.2488603,2.0252683,1.3192527,0.85498494,0.0,0.099537306,0.555707,0.0,0.5222322,0.0,0.0,1.2599763,1.3777572,0.0,1.1886991,0.0,0.12707211,0.3046624,1.2372936,1.255421,0.22590068,0.5847653,1.2857139,0.0,0.0,0.0,0.547703,1.019552,0.0,0.0,2.0973816,0.0,0.0,1.8688504,0.6175662,0.5365661,0.0,0.5703369,0.0,0.0,0
0.2646868,1.6348011,0.0,0.0,2.016389,0.0,0.0,1.9997841,0.0,1.7888986,0.0,1.0578825,0.97844917,0.0,1.7077358,0.0,1.0170426,0.27772835,0.1795568,0.0,0.0,0.0,0.41610816,2.1393986,2.00738,0.022031456,2.1848142,0.0,1.97501,0.30374977,0.0,2.15544,0.0,0.2674787,0.0,0.30333555,0.13591486,0.95950556,0.0,0.0,0.04984916,0.0,1.1847675,0.0,1.6257904,0.68134624,1.1488976,0.0,0.0,0.0,0.0,2.353616,0.0,0.0,0.5462692,1.306536,0.0,0.0,0.0,0.8867831,1.5555704,0.0,0.0,2.8299146,0.0,0.0,2.2203295,0.5889913,1.563117,0.0,0.5991276,0.0,2.0088952,0.29876706,0.0,0.0,1.4984838,0.0,0.52618027,0.040767007,0.0,0.0,0.62439626,0.0,0.75486916,1.1101925,1.4605418,0.108051375,1.7010379,0.3990111,0.71457434,0.0,0.36404443,1.4317061,0.0,0.0,1.5075079,0.6494406,2.7838101,0.8521956,1.4764355,0.0,2.566658,2.1938014,0.0,0.0,0.2079214,0.0,0.0,0.0,0.0,0.98866457,1.4168413,1.5963881,0.0,0.0,0.0,1.5888053,1.4818821,1.4362093,0.0,0.0,1.8503093,0.0,0.0,0.0,0.0,0.0,0.0,0.0,0.0,2.777395,1.113778,3.3660889,0.0,1.2659069,0.0,0.84213203,0.677887,2.4926481,1.5301929,0.22426653,0.0,0.0,1.3815117,1.7277484,0.0,0.3739816,0.0,1.9597527,1.7440962,0.0,0.0,0.0,0.7897481,2.385238,3.1779852,0.45774612,0.0,0.0,2.5210373,0.0,0.7944904,1.6598364,2.9473915,0.0,1.002474,0.8466893,0.56705934,0.0,0.0,1.9411904,0.7901697,0.8581404,1.6029146,2.1471682,0.92575365,2.718539,0.0,1.5541681,0.0,0.0,0.0,0.27120504,0.0,0.37869054,0.40044206,0.0,0.20124462,0.1638397,2.639135,0.0,0.6194331,2.6883707,1.798858,0.8724844,0.96903175,0.0,0.0,3.0117762,1.4153018,0.0,0.0,0.0,0.12717055,0.26778275,0.78262377,2.06347,0.0,0.66725874,1.2067184,0.0,0.0,0.0,0.48105097,0.0,0.0,2.1729891,0.91548336,1.046199,0.0,0.0,1.1850774,0.0,0.0,0.0,0.0,0.0,1.3981977,0.0,1.5048895,0.0,0.54700303,1.1977339,2.3281345,2.5575895,0.0,0.0,1.0174512,0.0,0.0,0.17621055,0.0,1.7635539,0.0,0.0,1.9090611,0.0,0.0,0.50218594,0.29594168,0.9419322,0.0,1.3244203,0.10170983,0.0,0
0.42096353,2.269977,0.0,0.0,1.5538293,0.10011593,0.0,1.0604905,0.0,1.743657,0.0,0.4263248,0.495263,0.0,1.2371941,0.0,1.6252918,0.0,0.57632387,0.0,0.0,0.35800022,0.50758123,1.4761447,1.4450816,0.03204733,1.8784553,0.0,2.2573822,0.72984856,0.7212705,0.8600083,0.0,0.0,0.0,1.7619238,0.0,1.0764651,0.0,0.0,0.78816867,0.05178237,0.5172204,0.0,1.0754763,1.4428462,1.2862792,0.0,0.062321495,0.42271343,0.0,2.0079849,0.0,0.0,0.8939207,1.4167161,0.0,0.0,0.0,0.3460303,1.2386525,0.0,0.0,2.1993103,0.0,0.0,2.6349957,0.4175601,0.7699878,0.0,1.0616715,0.0,1.1036792,0.4468425,0.0,0.0,0.57410496,0.0,0.7833898,0.6104232,0.087367855,0.0,0.5273578,0.0,0.4271696,1.0163109,2.2318323,0.21845372,0.90446275,0.54571766,0.69368005,0.3781437,1.6957418,1.9020258,0.0,0.34739566,1.0526052,1.2707282,1.9920177,0.798983,1.738926,0.0,0.98664564,1.8609351,0.0,0.48684892,1.042213,0.0,0.056265783,0.0,0.0,0.034833357,1.7070078,0.60899967,0.0,0.0,0.0,1.9128268,1.546585,1.2444489,0.0,0.0,1.3343437,0.0,0.0,0.0,0.5439893,0.0,0.0,0.0,0.0,3.0479364,1.1213139,2.5047042,0.0,0.75259584,0.5742849,0.22837421,0.29558682,2.206862,1.3069377,0.54332227,0.0,0.0,0.29060343,1.7761195,0.0,0.5046219,0.0,2.2567062,2.35393,0.0,0.26919103,1.0753407,0.38852435,1.6906359,1.5538356,0.05538984,0.0,0.0,1.3417294,0.0,0.74549294,1.4405936,1.8648903,0.22470184,1.4169511,1.4957547,0.40930733,0.0,0.0,2.3253837,1.8787402,0.81985337,1.0607774,2.9029076,0.665655,2.5879972,0.0,2.183648,0.0,0.2636796,0.11167328,0.046327826,0.06371712,0.329199,0.1765735,0.0,0.16002645,0.6004802,1.7229166,0.0,0.41403154,2.1059878,1.1045077,0.58908993,1.2132196,0.13570191,0.0,2.6158385,0.2574993,0.0,0.0,0.0,0.20544502,0.1044679,1.0928521,1.3863982,0.33824423,0.83610374,0.36968476,0.42275202,0.0,0.0,1.01331,0.0,0.0,2.3389192,1.047912,1.3793422,0.0,0.04574656,1.288711,0.0,0.1533938,0.0,0.0,0.36861715,1.1958201,0.0,2.1064951,0.0,0.8165638,1.0063621,2.157593,2.3260896,0.0,0.0,0.800511,0.0,0.20178196,0.0,0.0,1.9802752,0.0,0.0,1.5978636,0.0,0.0,0.22674538,0.44477,1.8520503,0.0,0.48748708,0.34163624,0.15783891,0
1.2329808,0.7544497,0.0,0.0,0.6800092,0.91306776,0.0,0.35790387,0.0,1.2942693,0.0,0.052213315,1.1148164,0.0,0.9553771,0.0,2.320263,0.18286364,0.9825654,0.9565516,0.0,0.0,0.13375819,0.0,2.0294905,0.13156188,1.3955392,0.5943278,0.003870497,1.116672,0.0,1.2385134,1.2564317,0.0,0.0,1.4368657,0.0,0.38346827,0.0,0.0,1.5155195,0.3714002,1.4328792,0.0,0.46714577,0.68814826,0.91843957,0.0,0.0,0.4813407,0.0,0.20188446,0.0,0.0,1.139592,0.8781966,0.0,0.0,0.0,0.29966077,0.45403638,0.0,0.0,1.2322732,0.0,0.27978936,1.1774862,0.6567892,0.0,0.0,0.4272752,0.0,0.7798139,1.8016988,1.2990732,0.0,0.7286732,0.0,0.8783792,0.9654438,0.0,0.0,1.3775017,0.5009216,0.9379615,1.4966135,0.0,1.7258458,0.39528817,0.24253637,0.9515621,0.0,1.2285209,1.1828271,0.0,0.0,0.05624877,0.21594946,1.2044581,2.5828168,0.65027463,0.03491861,1.2621073,0.18691589,0.0,0.982803,0.32193896,0.0,0.0,0.9112317,0.0,0.0,2.9701722,0.09872697,0.0,0.0,0.8384378,1.6273481,0.19453418,1.0308751,0.0,0.0,0.714705,0.0,0.0,0.7108541,0.0042896196,1.4378492,0.0,0.0,0.0,0.98151004,0.029250171,0.9266419,0.0,1.5597115,1.5263567,1.0744352,0.0,0.8673044,1.1322926,0.0,0.0,0.0,0.25743297,0.78943557,0.0,0.0,0.66365916,0.6134337,0.62462234,1.3756464,0.0,0.80552185,1.0284901,1.1324468,1.5134714,0.0,0.0,0.0,1.373974,0.42736965,1.0792823,0.0,0.26843643,1.1402214,1.6579725,0.7628695,0.3815748,0.0,0.0,0.24878861,0.28757024,0.0,1.1240166,1.7656975,0.68065006,1.8737566,0.0,0.18680939,1.0877144,1.2738341,0.0,0.4560834,0.0,0.0,1.0704395,0.0,0.8357311,1.4197767,1.4295697,0.0,0.7248048,0.8242601,0.7404461,0.0,0.8011365,1.5481106,0.0,1.8496845,0.24766307,0.0,0.0,0.70972717,0.989062,0.07474822,0.0974133,0.6901857,0.3328736,1.8089356,0.50688493,0.56134146,0.0,0.051529456,0.059173916,0.0,0.552591,2.2556045,1.7321417,0.4392663,0.0,0.35133553,0.86043155,0.0,0.0,0.0,0.0,0.5431605,0.5987856,0.0,1.0890483,0.0,0.11932133,0.0,0.73143256,0.6604283,0.00449434,0.0,1.0906034,0.0,0.0,0.0,0.34301752,1.1768649,0.0,0.0,1.3932276,0.0,0.0,1.4893777,1.6097069,0.028454918,0.0,0.36106792,0.0,0.0,1
0.80756444,0.88409066,0.0,0.0,1.9229723,0.04253215,0.0,1.2803679,0.0,1.5504435,0.0,0.0,1.3178025,0.0,1.3377831,0.0,1.0580009,0.0,0.3045087,0.41532382,0.0,0.0,0.0,1.4787394,1.9806598,0.0,2.2563121,0.38147712,1.6365551,0.045792148,0.0,1.0006927,0.33476168,0.06758315,0.0,0.7230911,0.0,0.42368922,0.0,0.0,0.3126518,0.78262526,0.63541,0.0,1.3933823,0.6513059,1.2772013,0.0,0.0,0.0,0.0,0.7001094,0.0,0.0,0.47268063,0.979195,0.0,0.0,0.0,0.71419525,0.82625854,0.0,0.0,1.9215655,0.0,0.049003348,1.3425872,0.5618859,1.0927532,0.0,0.52429014,0.0,1.2113197,0.5836593,0.0,0.0,0.2958066,0.0,1.5652263,0.33814648,0.0,0.0,0.65863746,0.0,0.535248,1.1477989,1.0014083,0.25343448,1.0261979,0.0,1.4263339,0.0,1.0798504,1.5146245,0.0,0.0,1.0585423,0.62487286,1.3621093,1.3635026,1.5040487,0.012251047,2.1703687,0.0055697476,0.0,0.44656897,0.534865,0.0,0.0,0.10639423,0.0,0.1735107,1.7152117,0.8861706,0.0,0.0,0.0,1.8983804,1.0001233,0.8756412,0.0,0.0,0.8836197,0.0,0.0,0.049832255,0.124767,0.8366629,0.0,0.0,0.0,2.2036169,0.30131277,2.2030149,0.0,1.0804594,0.4645309,0.020026356,0.0,1.6223698,0.4609979,0.0,0.0,0.0,0.6846534,1.2858512,0.0,0.18415739,0.33735698,2.0253758,1.0461737,0.43820703,0.0,0.9095204,0.123653464,1.9102688,1.8864657,0.4450253,0.0,0.0,1.3088264,0.1500048,0.93917084,1.0774629,1.878258,0.34095728,0.9438894,0.44706485,0.3216741,0.0,0.0,1.4343326,0.1467548,0.0,0.64169353,2.0820675,0.8181293,2.3859546,0.0,1.1220641,0.22647545,0.59130424,0.0,0.25196382,0.0,0.0,0.47961995,0.0,0.65836734,0.75725245,1.8176677,0.0,0.9185901,2.2112916,1.1495607,0.0,0.6219039,1.4618312,0.0,2.5053852,0.9972721,0.0,0.0,0.30616245,0.56558746,0.0,0.0,1.3107728,0.27761763,1.0684904,1.3758178,0.0,0.0,0.0,0.16053945,0.0,0.0,2.036987,0.81134564,1.1785412,0.0,0.0,1.7556623,0.0,0.53300375,0.0,0.0,0.0,1.0550416,0.0,1.3914816,0.0,0.76633024,0.66526866,1.5191883,1.4961923,0.20678177,0.32488868,0.87752885,0.0,0.0,0.0,0.0,1.9841101,0.0,0.0,1.617017,0.0,0.0,0.8721779,0.44199798,0.74442,0.0,0.45850697,0.0,0.0,0
0.62491524,0.85783595,0.0,0.0,2.203885,0.0,0.0,2.3729737,0.0,1.4238837,0.0,0.0,1.8435351,0.0,1.4114847,0.0,0.31329858,0.0,0.86857486,0.0,0.0,0.04614936,0.0,2.6055803,2.5849183,0.07768586,2.4980872,0.1289358,2.0105536,0.20660174,0.17403442,1.8229966,0.0,0.32156694,0.0,0.7506027,0.0,0.55499935,0.0,0.0,0.0,0.0,0.0,0.0,0.8701346,2.169575,1.1821556,0.0,0.0,0.0,0.0,1.5836564,0.0,0.0,0.0,0.70233214,0.0,0.0,0.0,0.6813743,1.1348857,0.0,0.0,2.9051433,0.0,0.0,1.9533334,0.0,0.9231992,0.0,0.62387884,0.0,1.6996168,0.88415873,0.13095699,0.0,1.8545806,0.0,1.2611734,0.0,0.091654114,0.0,1.7252326,0.0,0.4494576,1.0895025,0.5552728,0.38962466,2.4669316,0.20920557,1.4334764,0.0,0.8186799,2.0677102,0.0,0.0,1.5937146,1.2786909,1.9800042,0.7095421,2.3394446,0.0,1.7562256,1.9857718,0.0,0.0,0.39213565,0.0,0.44887814,0.769549,0.0,0.91087544,1.9038886,1.5801663,0.0,0.0,0.0,1.2462758,1.1773478,1.5067014,0.0,0.0,1.3977522,0.0,0.0,0.0,0.592846,0.0,0.0,0.0,0.0,2.9677057,1.2400228,2.8376362,0.0,1.0007335,0.93325037,0.22509968,0.1448224,1.3569016,1.4533968,0.0,0.0,0.0,1.8900049,2.0709686,0.0,0.3868765,0.0,2.732141,1.2933025,0.0,0.0,0.5512323,0.78674823,2.3183951,2.8176026,0.95048034,0.0,0.0,2.3845732,0.0,1.4245641,1.7069488,2.4847403,0.0,0.03139926,0.0,0.28382373,0.0,0.0,2.1509774,0.28785622,0.0,1.7651849,2.2693067,0.8840736,2.9952562,0.0,1.4231149,0.0,0.36026475,0.0,0.0,0.2804605,0.19992168,0.5141781,0.0,0.5973057,0.6617062,1.8681326,0.0,0.1311695,2.4562337,2.0986922,0.14517993,1.3707199,0.0,0.0,2.713989,1.4551508,0.0,0.0,0.0,0.0,0.43287906,0.14662144,2.025656,0.09832255,0.60950476,1.0015342,0.0,0.0,0.0,0.54690516,0.0,0.5009241,1.7523954,0.0,2.1454473,0.0,0.0,1.078332,0.0,0.5768726,0.0,0.0,0.0,1.9833424,0.0,1.4416386,0.0,0.94601196,2.3983307,2.535318,1.4601587,0.0,0.37797225,0.118191965,0.0,0.0,0.0,0.0,1.8252904,0.0,0.0,1.9539272,0.0,0.0,1.3147993,0.31715062,1.9022349,0.0,0.41215423,0.9377702,0.0,0
0.15057041,1.0440583,0.0,0.0,2.0744052,0.016808633,0.0,1.4994326,0.0,1.8259082,0.0,0.038589712,0.88049227,0.0,2.1760857,0.0,0.9332228,0.0,0.63604754,0.0,0.0,0.0,0.0,1.5482565,2.6130614,0.0,1.6078203,0.0,1.3756179,0.6809876,0.037412018,1.3360696,0.0,0.0,0.0,0.16388214,0.0,0.5837091,0.0,0.0,0.1535057,0.035508603,0.623011,0.0,0.8148074,0.28531888,1.2310598,0.0,0.0,0.37034065,0.0,1.3776938,0.0,0.0,0.48700604,1.3451545,0.0,0.0,0.0,0.44941053,0.7410298,0.0,0.0,1.9022454,0.0,0.0,2.3515923,0.73986155,1.1952901,0.0,1.0589135,0.0,1.2463926,0.69508505,0.27761772,0.0,1.0978736,0.0,0.73042715,0.4453064,0.0,0.0,0.7237438,0.8015276,0.3097813,0.597217,1.0153685,0.6147115,1.1837015,0.6790715,0.3482071,0.0,0.63040566,2.070219,0.0,0.0,1.5326221,0.46945965,1.3915809,2.1119802,1.280045,0.0,2.1960032,1.1834075,0.0,0.1546667,1.243597,0.0,0.20469226,0.11309302,0.0,0.17268284,1.5452734,1.4366502,0.0,0.0,0.20086113,1.6140238,1.7285296,0.52501404,0.0,0.0,1.6752739,0.0,0.0,0.26234508,0.0,0.0,0.0,0.0,0.0,2.4642904,0.28561288,2.3713737,0.0,1.368411,0.67968315,0.5786478,0.30890667,1.6667306,0.91254085,0.0,0.0,0.0,0.7191954,1.3506296,0.0,0.05551904,0.0,1.5578312,1.2375588,0.0,0.08040357,0.62397665,0.623048,1.9107895,1.8861139,0.0,0.0,0.0,1.594832,0.0,0.87574655,0.89011,1.6051581,0.23287646,1.3226134,1.1952208,0.64898485,0.0,0.0,1.7289144,1.0687579,0.19198886,0.6970609,2.4703374,0.7033322,2.5743124,0.0,1.3761208,0.37122485,0.3218782,0.0,0.33296913,0.3248238,0.0,0.58681256,0.0,0.7765752,0.0,2.0624812,0.0,0.966408,2.3747404,1.6372119,0.46242684,1.1146783,0.37095687,0.0,2.0111547,0.66912794,0.0,0.0,0.09358549,0.45345652,0.0169514,0.69803923,2.1104276,0.5070723,1.0195258,1.0771297,0.339109,0.0,0.0,1.4053248,0.0,0.23985322,1.9571587,0.6110144,0.87486666,0.0,0.0,1.3108282,0.0,0.0,0.0,0.0,0.114329986,0.44338146,0.0,1.5073092,0.0,0.8608783,0.7552636,1.8621234,1.2001458,0.0,0.2929587,0.5521889,0.0,0.0,0.0,0.0,1.5161204,0.0,0.0,2.079866,0.0,0.0,0.4498208,0.23198688,0.57558805,0.0,0.7393216,0.24612184,0.0,0
1.3043209,1.1070164,0.0,0.0,1.844846,0.18567151,0.0,0.50061494,0.0,1.3052678,0.0,0.0022042356,1.1714902,0.0,1.9073027,0.0,2.130111,0.0,0.2693174,0.0,0.0,0.0,0.0,0.43411413,2.0155034,0.014445261,1.5140282,0.0,1.682223,1.1301875,0.0,1.4647913,0.1045339,0.0,0.0,1.044023,0.0,0.38532764,0.0,0.0,1.024727,0.0,0.6391691,0.0,1.3551276,0.34840032,1.1069192,0.0,0.0,0.47375882,0.0,1.3927248,0.0,0.0,0.55359954,0.93687534,0.0,0.0,0.0,0.5360373,0.8848026,0.0,0.0,1.478464,0.0,0.0,1.9710593,0.58425605,1.6264584,0.0,0.9415642,0.0,1.5178831,1.3970135,0.63828665,0.0,0.45868176,0.0,1.1089803,1.2457515,0.0,0.0,0.60407895,0.36572725,0.9227058,0.7555252,0.81319284,0.95257944,1.2774076,0.1056096,0.7483641,0.0,1.5997007,2.044676,0.0,0.0,0.8968457,0.0,1.5240111,2.038732,1.9973959,0.0,1.9890136,0.63341326,0.0,0.7768073,1.3401854,0.0,0.49256742,0.5945203,0.0,0.0,1.8602666,0.81681764,0.0,0.0,0.22064613,1.4590607,1.5899009,0.57810324,0.0,0.0,1.655186,0.0,0.0,0.4043936,0.16648786,0.59807783,0.0,0.0,0.0,2.6793182,0.20469698,1.922303,0.0,0.6065217,0.47139844,0.5052942,0.0,1.3945569,1.4653523,0.25139374,0.0,0.0,0.7110524,1.8095886,0.0,0.12167585,0.49399874,1.7020679,0.9870976,0.45525908,0.0,1.0717151,0.6954476,1.6238148,1.6274631,0.107471004,0.0,0.0,1.9942541,0.0,0.8714359,0.7751438,0.963049,0.124416605,1.8216901,1.0893337,0.73188734,0.0,0.0,1.9202662,0.7440651,0.0,0.2568161,2.6927693,1.4264356,2.733167,0.0,1.585516,0.15143195,0.21661575,0.0,0.42793655,0.0,0.0,0.09309781,0.0,1.1860783,0.69818044,2.9778779,0.0,0.76996714,2.072286,1.4066995,0.53290075,0.5551666,1.1584766,0.0,2.7515864,0.40896276,0.0,0.0,0.3042042,0.71029896,0.39823782,0.43724123,2.0863402,0.096188106,1.5209951,1.1095104,0.0,0.0,0.0,0.9425672,0.0,0.0,3.1364832,1.7629892,0.9012676,0.0,0.0,1.3350154,0.0,0.0,0.0,0.0,0.0,0.9063027,0.0,1.6014278,0.0,1.1805481,0.15434991,1.5377859,1.1457801,0.0,0.0,0.9726405,0.0,0.8185989,0.0,0.0,1.8678606,0.0,0.0,2.1794243,0.0,0.0,0.5288163,0.7879856,0.9362348,0.0,0.0,0.0,0.0,0
0.96524817,0.8166931,0.0,0.35849398,1.2802614,0.7239514,0.0,0.99107826,0.0,1.062171,0.0,0.3502789,0.9322626,0.0,1.1991236,0.0,1.1234132,0.026532365,0.0,0.37590894,0.0,0.0,0.4501507,1.0117522,1.9147284,0.0,1.8862449,0.0,1.2192787,0.4571691,0.0,1.3235726,0.74057865,0.0,0.0,1.2242632,0.0,0.75506926,0.0,0.0,0.9484349,0.9428885,1.3202889,0.0,0.6267895,0.3928814,1.0174664,0.0,0.0,0.32068527,0.0,0.0,0.0,0.0,0.94668543,0.5724084,0.0,0.0,0.0,0.87180656,1.2417934,0.0,0.0,1.9476093,0.3055634,0.20772754,0.8983634,0.84940803,0.19665873,0.0,0.2167585,0.0,0.9907381,0.93568075,0.63139033,0.0,0.14708345,0.0,1.0939264,0.9650056,0.0,0.0,0.82221526,0.0,0.0,1.563906,0.4809664,0.8479436,0.763907,0.50546986,0.7383546,0.23766817,1.6956499,1.0348533,0.5700104,0.22890808,0.74524736,0.4351446,1.9211943,1.5433818,1.5209453,0.39761195,1.8757913,0.16273938,0.0,0.0,1.075989,0.0,0.0,0.0,0.0,1.0133344,1.8781503,0.6635324,0.0,0.0,0.07651055,1.3612922,0.27360722,1.3448023,0.0,0.0,0.80695885,0.0,0.0,0.44308943,0.09871917,0.32516694,0.0,0.0,0.0,1.2035118,0.34905753,0.608994,0.0,1.445384,1.4633937,0.59464496,0.04908136,1.1098745,0.75587064,0.4815144,0.0,0.0,0.49854404,1.0917023,0.0,0.0,0.44295734,1.4417734,0.7408409,0.99265635,0.18488821,0.68887275,0.04199078,1.0359634,1.7880733,0.0,0.0,0.0,1.2620033,0.030289318,0.20883039,1.1639516,0.9302804,0.8798564,1.6562492,0.30974662,0.8616183,0.0,0.0,0.6812054,0.0,0.0,0.96966654,1.7431307,0.39677787,2.2255538,0.0,0.89522654,0.27029797,0.8811354,0.0,0.51182455,0.0,0.0,0.2811259,0.0,0.47025496,0.78855747,1.5711012,0.0,1.3770071,1.1346902,1.3315326,0.017525017,0.8206857,0.80540013,0.0,1.8602464,1.2326314,0.0,0.0,0.48279688,0.37884784,0.30844218,0.0,1.8639824,0.0,0.9831252,0.7032045,0.9709808,0.0,0.0,0.2319496,0.0,0.35854328,2.103776,1.4904472,1.0007614,0.0,0.0,1.3211526,0.0,0.6072501,0.0,0.0,0.6319675,1.1451638,0.0,1.6457883,0.0,0.3557519,0.33925605,0.57148486,2.0298045,0.24713531,1.1251521,1.2916214,0.0,0.018688226,0.0,0.0,1.0548403,0.0,0.0,1.2295437,0.0,0.0,0.8812667,0.083122276,0.7038454,0.0,0.57076114,0.0,0.0,0
1.4163322,0.70480865,0.0,0.15851781,1.0873551,0.80714035,0.0,1.0727884,0.0,0.52832395,0.0,0.0,0.8725557,0.0,1.455575,0.0,2.043006,0.0,0.48316658,0.8214822,0.0,0.0,0.06866825,0.0,1.4449617,0.0,1.6055064,0.65746325,0.5021885,1.207602,0.12710911,1.0356838,1.1583277,0.0,0.0,1.2163558,0.0,0.32843047,0.0,0.0,1.9174018,0.80376846,1.1258099,0.0,0.33501157,0.4359978,0.601912,0.0,0.0,0.86483014,0.0,0.6967712,0.0,0.0,1.5396688,0.995785,0.016571661,0.0,0.0,0.8618345,0.62258214,0.0,0.0,0.87352383,0.38869599,0.0,0.6739275,0.42982855,0.0,0.0,0.8595433,0.0,0.5447982,1.947208,0.84405696,0.0,0.13512556,0.0,0.7520142,1.4094664,0.0,0.0,0.843646,0.0,0.18495792,1.1342704,0.0,1.5372796,0.22758946,0.4432138,1.489638,0.0,1.5635624,1.5906634,0.24585211,0.0,0.2030746,0.24326913,1.0926585,1.4892474,1.297042,0.42802104,1.0339677,0.0,0.0,0.7284117,0.9892139,0.0,0.27091312,1.0550772,0.0,0.0,2.3938923,0.3178614,0.0,0.0,0.23558696,1.6488653,0.38306153,0.6112725,0.0,0.0,0.98560846,0.0,0.0,0.77479225,0.0,1.4732094,0.0,0.0,0.0,0.9632537,0.060989108,1.3050976,0.0,1.6167092,1.3516897,0.8200162,0.0,0.32708463,0.97684616,0.0,0.0,0.0,0.3083173,0.9251408,0.0,0.0,0.33844388,0.7718343,0.70365345,1.751396,0.41503063,1.2157639,0.93671733,0.8784093,1.1482884,0.0,0.0,0.0,1.0049596,0.41486615,1.1000482,0.32907888,0.23475276,0.9364479,1.4008902,0.7698493,0.5185641,0.0,0.0,0.83221775,0.0,0.0,0.99434555,1.8432962,0.6272008,2.1691248,0.0,0.6435292,0.7123761,1.3465186,0.0,1.1580615,0.0,0.0,0.7461396,0.0,1.147583,1.4875319,1.83003,0.0,0.90183955,1.0493035,0.5898426,0.0,0.6646779,1.6467584,0.0,1.8701833,0.56026816,0.0,0.0,0.56317556,0.85507715,0.6321524,0.056042448,1.0155903,0.76146483,1.1901101,0.19994143,0.0,0.0,0.23036397,0.5535577,0.0,0.4667194,2.1482677,1.590027,0.2246282,0.0,0.09656247,0.38164002,0.0,0.0,0.0,0.0,0.08863199,0.58573633,0.0,1.1833285,0.0,0.43554053,0.1305988,0.5911929,0.9154989,0.5128614,0.0,0.74076927,0.0,0.22350541,0.0,0.31937087,1.5363058,0.0,0.0,1.2789922,0.0,0.0,1.2053506,1.0029747,0.13968338,0.0,0.23769501,0.0,0.0,1
0.7955161,0.8879464,0.0,0.0,1.5176197,0.0,0.0,1.2838864,0.0,1.035631,0.0,0.0,0.9836798,0.0,1.4301171,0.0,0.5372242,0.0,0.64867884,0.0,0.0,0.0,0.0,1.6527823,2.900251,0.027049787,1.7077404,0.0,1.3343232,0.28943387,0.0,1.3427584,0.3203284,0.0,0.0,0.92149967,0.0,0.43391863,0.0,0.0,0.33278233,0.0,0.29423636,0.17968042,1.0852621,0.6054382,0.486676,0.0,0.0,0.66380763,0.0,1.0789611,0.0,0.0,0.068616785,0.66088676,0.0,0.0,0.0,0.7465355,1.3871326,0.0,0.0,1.9173235,0.0,0.0,2.0252874,0.14223541,0.6246296,0.0,0.4666445,0.0,1.2701018,0.9128069,0.47789836,0.0,1.2677542,0.0,0.7913182,0.7347356,0.32878295,0.0,1.3815645,0.23906976,0.40524438,1.3636566,0.44139588,0.37907186,1.1590776,0.0,0.71956664,0.0,1.2127296,1.5371102,0.18504861,0.0,0.19356935,0.8337575,1.7291069,1.053851,0.76865137,0.0,1.7173384,0.81088376,0.0,0.1452199,0.74081177,0.0,0.0,0.3676851,0.0,0.49914068,1.6407549,0.9384044,0.0,0.0,0.13360251,0.90402186,0.5289979,1.2985405,0.0,0.0,0.77145875,0.0,0.0,0.0,0.12034207,0.0,0.0,0.0,0.0,2.1193452,0.6666316,1.8358117,0.0,1.0938461,0.71210986,0.45812368,0.45970964,0.7793754,1.2530018,0.0,0.0,0.0,1.0918313,1.1068116,0.0,0.0,0.0,2.0290916,0.47278255,0.4048667,0.0,0.54035693,0.5607418,1.6738377,2.359159,0.5306498,0.0,0.0,1.7757368,0.0,0.62606305,0.65405935,1.7156594,0.12855355,0.7471164,0.6382405,0.4525272,0.0,0.0,0.9539953,0.23038432,0.0,1.2322463,1.3873719,0.28994545,2.4560597,0.0,1.1982104,0.23213091,0.43908018,0.0,0.0,0.0,0.0,0.30723155,0.0,0.5153123,1.2212443,1.7649102,0.0,0.7479009,2.1675856,1.6233124,0.0,1.1156446,0.15143792,0.0,2.2591996,0.59572476,0.0,0.0,0.0,0.0,0.56646335,0.50014293,1.3248512,0.0,0.5388097,0.39256105,0.020545939,0.0,0.0,0.25419244,0.0,0.61599106,2.0638423,0.2281789,1.1866913,0.0,0.0,1.746304,0.0,0.85775286,0.0,0.0,0.0,1.0266504,0.0,1.8802466,0.0,0.6869273,1.4134034,1.3689803,1.0541031,0.0,0.96136093,0.3401492,0.0,0.0,0.0,0.0,1.3372759,0.0,0.0,1.3794413,0.0,0.0,0.7293168,0.3340021,1.0562336,0.0,0.0773379,0.0,0.0,0
0.8874759,1.2229543,0.0,0.01572397,3.1850362,0.0,0.0,2.1768124,0.0,1.5509222,0.0,0.005229365,1.657307,0.0,1.8413768,0.0,0.8534272,0.27978155,0.0,0.0,0.0,0.0,0.0,2.6095161,2.3737893,0.0,2.399572,0.04367365,3.0043092,0.47292647,0.22576782,2.237183,0.0,0.29013145,0.0,0.22513357,0.0,0.024543282,0.0,0.0,0.0,0.0,0.0,0.0,0.8702673,0.3271374,1.6157036,0.0,0.0,0.0,0.0,2.701731,0.0,0.0,0.4940089,0.70562816,0.0,0.0,0.0,1.1563578,1.0189126,0.0,0.0,2.2954423,0.0,0.0,2.2504342,0.50737834,1.4254725,0.0,1.2449672,0.0,2.9387643,0.5219149,0.0,0.0,1.3244499,0.0,1.5350964,0.7802453,0.35476002,0.0,0.37348056,0.6075173,0.9763813,0.43203577,1.8636001,0.23731355,1.6436907,0.0,0.76961404,0.0,1.1812189,2.454658,0.0,0.0,1.9266173,1.341904,2.3595984,0.85750395,2.4491723,0.0,2.609411,0.95573187,0.0,0.0,0.83791476,0.0,0.13961203,0.06470509,0.0,0.49363992,1.4032675,1.4796323,0.0,0.0,0.0,0.7771948,1.8069105,1.9443034,0.0,0.0,2.1538982,0.0,0.0,0.0,0.3221265,0.0,0.0,0.0,0.0,3.9936914,0.0,3.603355,0.0,0.591213,0.0,0.51730186,0.0,2.2740982,1.626099,0.0,0.0,0.0,2.064149,2.9037237,0.0,0.66518664,0.0,2.4732099,2.1658566,0.0,0.0,0.045891624,0.9627393,2.2170122,2.0481446,0.0,0.028650241,0.0,2.9465494,0.0,0.30432805,1.6842043,2.7435775,0.0,0.3791284,0.73372775,0.028801017,0.0,0.0,2.8214326,0.72459996,0.5236672,1.0453353,3.0864155,1.1495961,2.7761354,0.0,1.7800683,0.0,0.0,0.0,0.04883587,0.0023892443,0.0,0.0,0.0,0.3112864,0.3821866,2.6809785,0.0,1.1763445,3.2775774,2.748712,0.0,1.284776,0.7415817,0.0,3.2245212,1.7948301,0.0,0.0,0.0,0.5350799,0.0,0.45240662,2.463286,0.0,0.0,1.3053303,0.0,0.0,0.43597725,0.6087468,0.0,0.0,1.4727447,0.17059118,1.5806897,0.0,0.0,1.815046,0.0,0.12709989,0.0,0.0,0.0,1.2721643,0.0,2.0049512,0.0,1.8375618,2.1172013,2.5610142,2.5332196,0.0,0.0,0.5480873,0.0,0.15182522,0.0,0.0,1.8545436,0.0,0.0,2.6547387,0.0,0.0,0.0,0.2704101,1.9730421,0.0,0.0,0.6277303,0.0,0
1.2786553,1.1045617,0.0,0.0,1.5902996,0.0,0.0,1.300505,0.0,1.6693044,0.0,0.0,1.3091694,0.0,1.0450803,0.0,0.6879673,0.37652212,0.2751566,0.0,0.0,0.0,0.0,1.302156,2.615073,0.3710193,1.970893,0.0,1.0663521,0.43729392,0.39881903,1.3912938,0.72522,0.0,0.0,0.93617713,0.0,0.6925843,0.0,0.0,0.16695854,0.04974422,0.25275722,0.0,0.023826938,0.39401665,1.707283,0.0,0.0,0.4728948,0.0,1.5242523,0.0,0.0,0.27225217,0.7180641,0.0,0.0,0.0,0.5489647,0.9805755,0.0,0.0,1.4742062,0.0,0.0,2.3265908,0.36423317,0.7018029,0.0,1.0132437,0.0,1.7108071,0.5750794,0.71458566,0.0,0.83772063,0.0,1.2495546,0.77879816,0.0,0.0,0.71071714,0.49149543,0.4693622,1.3938116,0.9051482,0.9076203,0.8545871,0.2593213,0.83816075,0.0,1.1454242,2.31036,0.0,0.0,1.0220697,0.21434508,2.0231993,2.0850718,1.4585909,0.07357138,1.6738751,1.3253027,0.0,0.1878583,1.1202799,0.0,0.13530533,0.0,0.0,0.57606804,2.3090036,0.31263104,0.0,0.0,0.0,0.8252369,1.4612049,1.2686558,0.0,0.0,1.1413767,0.0,0.0,0.018186705,0.0,0.0,0.0,0.0,0.0,2.5623689,0.71488667,1.6115717,0.0,0.76826847,0.955046,0.9362139,0.0,1.4911153,1.2856705,0.0,0.0,0.0,0.6070946,2.1862118,0.0,0.21844332,0.0,1.8960277,1.1798627,0.0,0.0,0.76777726,0.45819485,1.7822386,2.2163792,0.037780393,0.1529899,0.0,1.9081968,0.0,0.8368646,0.48407996,1.735142,0.0,1.0941457,0.49661905,0.0,0.0,0.0,1.7164334,0.9303823,0.06994516,1.1055865,2.3296976,0.9174867,2.5444834,0.0,1.182704,0.0,0.4801973,0.0,0.25104725,0.0,0.0,0.0,0.0,0.63386095,0.7384364,2.2956665,0.0,0.96228033,2.3173745,1.4519807,0.0,1.0690081,0.026020069,0.0,1.5958124,0.97198564,0.0,0.0,0.19449219,0.6436596,0.012219707,0.46871504,1.6982906,0.17679036,0.72541755,0.064388216,0.6561579,0.0,0.046566773,0.3763226,0.0,0.0,1.7992787,1.4191915,0.7747968,0.0,0.1474173,1.417363,0.0,0.16226587,0.0,0.0,0.24532229,1.0595257,0.0,1.882129,0.0,0.9730225,0.88243175,1.7296028,1.4649564,0.0,1.0764796,0.6154789,0.0,0.21609698,0.0,0.017844513,1.3778282,0.0,0.0,2.013426,0.0,0.0,0.396461,0.51413363,1.2338643,0.0,0.6663202,0.0,0.0,0
0.7807787,0.0,0.17475477,0.0,1.4907598,0.0,0.0,2.1697426,0.0,1.9537048,0.0,0.29816037,1.121379,0.0,1.2434943,0.0,0.0,0.0,1.2698209,0.020827694,0.074561924,0.0,0.0,1.8712488,2.3548684,0.0,2.3432825,0.8834482,2.1223643,0.0,0.0,2.7460446,0.0,0.44098905,0.0,0.59945947,0.0,0.24962202,0.0,0.0,0.0,0.0,0.120115705,0.0,0.0,1.4538589,0.53321666,0.0,0.0,0.0,0.0,1.6283097,0.0,0.12887122,0.16895062,0.56428564,0.57969296,0.0,0.0,0.0,0.8299773,0.0,0.0,2.7059922,0.0,0.0,2.9707716,0.0,1.1050541,0.0,1.2229402,0.0,1.987869,0.94282275,0.0,0.0,2.7936575,0.0,2.0999522,0.009940403,0.5727455,0.0,1.0669554,0.3195455,0.0074797855,0.48222393,0.0,0.0,2.9620316,1.0106676,0.8979452,0.0,1.1073627,0.78225935,0.0,0.22702819,2.0877645,0.11544358,1.6464317,0.18178082,1.3567423,0.0,1.0110667,2.724356,0.0,0.0,0.0,0.0,0.34130925,0.040665414,0.0,0.9748263,1.0481182,1.1617613,0.0,0.0,0.0,0.6394546,1.4738158,0.9923351,0.0,0.0,2.2061982,0.07414855,0.0,0.0,0.3154341,0.0,0.0,0.0,0.048906043,2.8069582,1.225872,2.6351044,0.35226512,1.0050713,0.20713012,0.9921355,0.0,0.59835786,1.3988456,0.22333911,0.58979535,0.90748894,1.6352849,1.6208191,0.0,1.0236763,0.030509442,1.0187882,1.2746686,0.2557418,0.0,0.73217756,0.0,2.6429908,1.6725246,0.60363287,0.0,0.0,0.7873948,0.0,0.9733925,1.3843682,2.0317614,0.0,0.0,0.16407365,0.77414423,0.1324706,0.0,2.131772,0.6004844,0.5969746,1.429475,0.593987,0.1310426,3.043863,0.13476668,1.9488522,0.0,0.0,0.0,0.0,0.0,0.0,0.4859488,0.0,1.1985284,0.56348413,0.7977671,0.0,0.0,1.5181041,1.7005597,0.2531332,0.7377491,0.0,0.0,0.85039437,1.1625628,0.0,0.0,0.0,0.0,1.2909954,0.39477167,1.822882,0.0,0.6335927,1.6254104,0.0,0.0,0.0,1.083006,0.0,0.5061024,1.493417,0.0,2.1245377,0.0,0.16088721,1.7099043,0.0,0.12296081,0.0,0.0,0.0,0.95097506,0.0,1.6785581,0.0,1.2225262,1.8061446,2.5469398,1.4343076,0.0,1.740021,0.03250023,0.0,0.0,1.1186489,0.0,1.4674827,0.0,0.0,2.1527553,0.0,0.0,0.8436321,0.0,2.155611,0.27144027,0.37245527,1.0886732,0.0,0
1.4555421,0.67746353,0.0,0.0,1.0828762,0.73824817,0.0,0.0,0.0,0.31725702,0.0,0.38791436,1.2790439,0.0,0.81822956,0.0,2.6792064,0.55789804,0.87254286,1.5418038,0.0,0.0,0.17176299,0.0,1.0234555,0.0,0.945892,0.46182913,0.445001,1.1816026,0.0,1.0419228,1.3090234,0.0,0.0,1.2346264,0.0,0.05390386,0.0,0.0,2.0851262,0.0,0.74264216,0.0,1.0014056,0.8928541,1.0138943,0.0,0.0,0.40440595,0.0,0.19828443,0.0,0.0,0.8371791,0.7396204,0.0,0.0,0.0,0.8210903,0.67304724,0.0,0.0,0.7911143,0.04035665,0.08845143,0.882734,0.3831028,0.0,0.0,0.87182176,0.0,1.0735042,1.7091928,0.8897748,0.0,0.0,0.0,0.63811,1.586765,0.0,0.0,0.5272936,0.19639549,0.7941671,0.95042413,0.0,1.578627,0.1326254,0.27272478,1.558129,0.0,1.5199631,1.1392492,0.41653207,0.0,0.3549063,0.10824948,0.6156516,1.8072037,0.572477,0.0,0.5684577,0.0,0.0,1.3857578,0.36547902,0.0,0.0,1.1701642,0.0,0.0,2.6127381,0.5759965,0.0,0.0,1.0636774,1.6593691,0.2768654,0.0,0.0,0.0,0.653262,0.0,0.30893967,0.86835635,0.1392741,1.4965768,0.0,0.0,0.0,0.98053515,0.0,1.2042917,0.0,0.66289765,1.3820935,1.0917634,0.0,0.0,0.87909395,0.5520798,0.0,0.0,0.108316995,0.627641,0.0,0.11644616,0.6127757,0.616601,0.0,1.0962151,0.14656231,1.2637466,0.8234167,0.8310112,0.67051715,0.0,0.0,0.0,1.544633,0.93869203,1.2510684,0.0,0.18193735,0.8659139,1.0884676,0.98096675,0.60252684,0.0,0.0,0.66467446,0.0,0.0,0.0,1.4758145,0.5354905,2.307628,0.0,0.41000903,0.6002641,0.6475927,0.0,0.7083602,0.0,0.0,0.74772114,0.0,1.9425046,1.6057307,1.3303356,0.0,0.9372323,0.68232346,0.2494949,0.33452544,0.8740571,1.2460573,0.0,2.3584137,0.059115876,0.0,0.0,0.56388044,0.53056884,0.8585392,0.0,0.9011146,0.32100263,1.2244083,0.91932935,0.0,0.0,0.0,0.84815925,0.0,0.5514911,2.4671922,1.4801267,0.20788649,0.0,0.0,0.17640032,0.0,0.0,0.0,0.0,0.0,0.36542803,0.0,0.84887755,0.0,0.25641254,0.11288185,0.5331563,0.016738962,0.14317682,0.0,0.81371504,0.0,0.35053533,0.0,0.6707894,1.0199475,0.0,0.0,1.3567605,0.0,0.0,0.624491,1.3480165,0.0,0.0,0.0,0.0,0.13257995,1
1.3784949,0.31300816,0.0,0.0,1.9017596,0.0,0.0,2.3087838,0.0,1.6962552,0.0,0.0,1.4389315,0.0,0.90468204,0.0,0.3462344,0.028209431,0.0,0.0,0.0,0.0,0.1987951,2.3264062,2.5547955,0.0,2.8745034,0.0,2.1854615,0.0,0.0,1.3271098,0.667629,0.18744253,0.0,0.6326576,0.0,0.0,0.0,0.0,0.0,0.04290907,0.0,0.0,0.68938553,0.4358996,2.0587802,0.0,0.0,0.29209298,0.0,1.1817646,0.0,0.0,0.0,0.5448868,0.0,0.0,0.0,1.1962105,1.445461,0.0,0.0,2.625541,0.0,0.0,1.6059868,0.0,0.3945707,0.0,0.0,0.0,2.6973736,0.76031315,0.0,0.0,1.5650358,0.0,1.3053175,0.07482516,0.3373599,0.0,1.5757622,0.0,0.0,2.1890373,0.7122466,0.55363804,1.7869157,0.11765251,0.5447061,0.0,0.69760865,1.5596744,0.0,0.3109785,1.1245024,0.78071296,1.8962488,1.0997804,1.5697364,0.0,1.7864449,1.0076269,0.0,0.23057097,0.79594153,0.0,0.0,0.0,0.0,0.99128294,2.3797054,0.9248699,0.0,0.0,0.0,0.9033931,1.0753999,1.5204817,0.0,0.0,1.3686218,0.0,0.0,0.0,0.0,0.0,0.0,0.0,0.0,2.973501,1.0258226,2.8355763,0.0,1.3543547,0.19119896,0.38291055,0.047660384,1.9038299,1.345598,0.0,0.0,0.0,1.7552449,1.823938,0.0,0.61745024,0.0,2.2347171,1.4274579,0.0,0.0,0.4419594,0.57730645,2.1890285,2.3167417,0.0,0.0,0.0,2.052956,0.0,0.86530906,1.5400419,2.5214925,0.0,0.8147136,0.0,0.36256316,0.0,0.0,2.0472763,0.2173015,0.0,1.2832707,1.992789,0.1732348,2.9664633,0.0,1.7428516,0.0,0.24290468,0.0,0.0,0.06543102,0.12686485,0.73079926,0.0,0.5510067,0.8091529,3.1514738,0.0,0.47903952,2.9613779,2.2466724,0.0,0.9300597,0.012683142,0.0,2.3303907,1.091852,0.0,0.0,0.15190712,0.067750834,0.2554346,0.0,2.7177205,0.0,0.47576258,0.5371825,0.0,0.0,0.0,0.59193736,0.0,0.0,1.7706594,0.13388494,1.1892695,0.0,0.087245695,1.7934383,0.0,0.89116865,0.0,0.0,0.0,1.7845365,0.0,1.5833101,0.0,0.75789255,1.1116841,2.510604,2.5843432,0.0,0.7479491,0.9429745,0.0,0.0,0.0,0.0,1.5531199,0.0,0.0,1.9260252,0.0,0.0,0.11662389,0.5484845,1.1455351,0.0,0.0,0.06474933,0.0,0
0.8134563,0.8977607,0.0,0.0,1.7636759,0.5568559,0.0,0.47955984,0.0,0.45187438,0.017013261,0.0,0.72982335,0.0,1.1977857,0.0,1.6302593,0.0,0.37376738,0.32794532,0.0,0.0,0.14551477,0.88796335,1.9301754,0.0,1.0437312,0.0,1.7013501,0.8160065,0.0,1.3170097,0.0,0.0,0.0,1.397548,0.0,0.18125673,0.0,0.0,0.14276095,0.0,0.6255313,0.0,0.99788755,0.0,1.1833174,0.0,0.0,0.1244048,0.0,1.4625026,0.0,0.0,1.1330872,0.6565788,0.0,0.0,0.0,0.5024547,0.46415752,0.0,0.0,1.3519176,0.0,0.0,2.3516676,0.1656704,0.56402427,0.0,0.9586592,0.0,1.3547425,0.38713846,0.0,0.0,0.8093486,0.0,1.1974072,0.71677655,0.0,0.0,0.0,0.33668748,0.41119006,0.878632,0.8969766,0.81981367,0.58360744,0.0,0.8893424,0.0,1.563958,1.0250018,0.10979202,0.0,0.812773,1.5519618,0.8089898,1.2446359,0.8326487,0.0,1.5378102,0.6649396,0.0,0.60972196,1.023698,0.0,0.0,0.0,0.0,0.0,0.67575276,0.6432672,0.0,0.0,0.26490662,1.952578,1.3953171,0.7618901,0.0,0.0,0.8209802,0.0,0.61503386,0.4319883,0.18023492,0.0,0.0,0.0,0.0,2.4967508,0.0,2.5115104,0.0,0.35636833,0.8827481,0.33021608,0.6408808,0.40822592,0.96413296,0.17692712,0.0,0.0,0.45484608,1.5238327,0.0,0.42061162,0.13597445,1.573578,1.1469353,0.11842714,0.50135034,0.76173943,0.35850123,1.585712,0.5172335,0.0,0.0,0.0,1.5404818,0.0,0.058119018,1.1161604,0.66613513,0.1731893,1.0978167,1.1450137,0.31228927,0.0,0.0,1.6621479,0.76788664,0.0,0.0,2.2248342,0.94227433,2.0325463,0.0,1.3003279,0.4008681,0.38675082,0.0,0.66081715,0.0,0.0,0.0,0.0,0.0,0.31028876,2.2550676,0.0,1.5032839,2.0823796,1.2055384,0.09604322,0.9237222,0.9319675,0.0,2.056507,0.7013613,0.0,0.0,0.0,0.83717406,0.6729342,0.21028438,1.255294,0.0,0.91267276,0.83005637,0.43222132,0.0,0.35388768,1.3970718,0.0,0.06992845,3.002072,0.91445255,0.8582597,0.0,0.0,1.5485924,0.0,0.0,0.0,0.0,0.0,0.26133355,0.0,1.0886273,0.0,1.0181394,0.5079075,1.24118,1.1458275,0.0,0.0,0.8468378,0.0,0.65092367,0.0,0.13114062,0.867879,0.0,0.0,1.9846141,0.0,0.0,0.120825365,0.0,1.4658637,0.0,0.05590824,0.0,0.0,0
0.0,0.83360237,0.0,0.0,1.1486028,0.28524432,0.0,0.31026858,0.0,1.3835493,0.220329,0.44171855,1.0023495,0.0,1.3252411,0.0,2.0788958,0.0,1.1109709,0.0,0.0,0.0,0.86193943,0.758768,1.8931036,0.3809207,0.60698724,0.0,1.1575938,1.3517177,0.1614115,0.7767579,0.0,0.32618168,0.0,1.6740987,0.0,0.6433027,0.0,0.0,1.4472505,0.0,1.0183761,0.21846612,0.6320592,0.4420799,0.81163305,0.0,0.0,0.0,0.0,0.7276333,0.0,0.0,1.3712847,0.9167296,0.0,0.0,0.0,0.4891552,0.6447554,0.0,0.0,1.1798896,0.0,0.0,1.7097392,0.6919555,0.9482091,0.0,1.2621385,0.0,0.9228503,0.14541945,0.0,0.0,1.379706,0.0,0.6308019,1.1306611,0.0,0.0,0.08766568,0.0,0.067851245,1.7128532,0.80681956,0.39472798,0.86831206,0.26910317,0.41572016,0.0,1.3874348,1.25389,0.0,0.0,0.44948968,0.7682688,1.4424789,2.0286746,1.0047929,0.0,1.3042002,1.7739569,0.0,0.44461444,0.7807158,0.0,0.0,0.0,0.0,0.0,0.88104934,0.80376303,0.0,0.0,0.17720957,1.9757925,1.1272887,0.669542,0.0,0.0,0.5022306,0.0,0.0,0.29444206,0.53488344,0.0,0.0,0.0,0.0,1.6118419,0.9810976,1.3074392,0.0,1.3952007,0.9651945,0.34960136,0.96840376,1.1770864,1.1506174,0.13669342,0.0,0.0,0.10875264,0.79659367,0.0,0.57552147,0.62282395,1.5734128,1.7196714,0.03652661,0.16116613,0.47325298,0.7410496,1.6321964,0.84400845,0.024200935,0.0,0.0,0.747416,0.0,0.035722222,0.99483913,1.1180079,0.26067102,1.8001958,1.5159392,1.357894,0.0,0.0,1.4022803,1.4946746,0.03519364,1.0045195,2.0000956,1.1785575,1.9989276,0.0,0.6742735,0.83027166,1.0848722,0.0,0.53988236,0.476442,0.37822652,0.4141153,0.0,0.0,0.17437214,1.539235,0.0,1.0031341,2.1196146,1.537261,1.2852505,0.64547807,0.5864347,0.0,2.1656475,0.331004,0.0,0.0,0.0,0.0,0.7800448,1.1679579,0.8084017,0.021588601,1.7961206,0.55822545,0.8042905,0.0,0.7395496,0.7820798,0.0,0.28925815,3.0449555,1.0643693,0.8132213,0.0,0.0,1.1067332,0.0,0.47164127,0.0,0.0,0.8471945,0.4463213,0.0,1.8636465,0.0,0.15963179,0.5108933,2.0100381,0.73182017,0.91323763,0.0,1.38745,0.0,0.0,0.0,0.0,0.9782851,0.0,0.0,1.5779748,0.0,0.0,1.1142936,0.43264678,1.1978515,0.0,0.42672563,1.1952745,0.0,0
0.11164543,1.7476317,0.0,0.0,1.8232571,0.0,0.0,1.6233906,0.0,1.72932,0.12772393,0.19929662,1.1407481,0.0,1.0623524,0.0,0.8803573,0.0,0.0,0.610658,0.0,0.0,0.59431046,2.6489406,2.3669353,0.7038172,2.1970544,0.0,2.1494815,0.37742564,0.0,1.6860229,0.36952317,0.04555406,0.0,0.84889525,0.0,0.28886527,0.0,0.0,0.634678,0.0,0.0634174,0.0,0.7920649,0.69841576,1.0822494,0.0,0.0,0.051008094,0.0,2.0864205,0.0,0.0,0.53868526,1.1407554,0.0,0.0,0.0,0.7789701,0.7176317,0.0,0.0,2.406025,0.0,0.0,2.3534849,1.0239072,1.0107803,0.0,1.1688497,0.0,1.8619384,1.2799534,0.0,0.0,0.052444685,0.0,0.8781029,0.20443189,0.5994817,0.0,0.75383717,0.2575186,0.5136449,1.2600546,1.8698827,0.5043431,1.4443843,0.0,0.5948642,0.0,0.41612595,2.5382557,0.0,0.4708009,1.1265789,0.7616566,2.248745,0.8738112,1.4451959,0.0,1.8052636,1.6185902,0.0,0.0,0.64422417,0.0,0.0,0.18291983,0.0,0.50959206,1.7999063,1.4798524,0.0,0.0,0.0,1.5711884,1.250046,1.289163,0.0,0.0,1.6795212,0.0,0.30064854,0.0,0.0,0.3205191,0.0,0.0,0.0,3.1922996,1.1235508,2.7543368,0.0,0.46367916,0.26809424,0.46736452,0.0,1.9313629,0.5345468,0.0,0.0,0.0,1.1418136,1.9519067,0.0,0.0050470433,0.0,3.063621,2.6230671,0.0,0.0,0.3908737,0.9633203,2.6320815,2.0787683,0.5980667,0.0,0.0,2.4398322,0.0,1.4583191,1.5632827,2.0838356,0.0,1.2391542,1.2900277,0.0,0.0,0.0,1.9781791,0.5864328,0.6322305,0.85552686,2.2613366,0.5580664,2.7827861,0.0122077195,1.8088061,0.476545,0.30152798,0.0,0.0,0.121524565,0.50537485,0.057078216,0.0,0.07010451,0.46040565,1.9479573,0.0,1.2624624,2.5593467,2.149961,0.010549008,1.2872794,0.06292166,0.0,2.3114192,1.2864367,0.0,0.0,0.0,0.0,0.5231263,0.2846667,2.4944441,0.0,0.053181414,0.84644526,0.0,0.0,0.0,0.5130182,0.0,0.3016762,1.6229062,0.4982654,1.4974977,0.0,0.0,1.2724954,0.0,0.0,0.0,0.0,0.9665436,0.9089595,0.0,2.1236436,0.0,1.4946679,1.5217876,2.036272,2.0258944,0.0,0.14296031,0.52636075,0.0,0.0,0.0,0.0,1.692255,0.0,0.0,2.11168,0.0,0.0,0.3188901,0.75861335,1.3632498,0.0,0.38440588,0.06823221,0.0,0
1.2705655,0.33568898,0.0,0.4985933,1.395922,0.7084711,0.0,0.31217405,0.0,0.94155395,0.0,0.0,0.99608254,0.0,1.4880378,0.0,2.3785455,0.0,0.8399397,1.6267918,0.0,0.0,0.0,0.06645022,1.2789685,0.0,1.6812508,0.9673381,0.4505571,1.1259291,0.0,1.2366401,1.1932433,0.0,0.0,1.4075903,0.0,0.2583208,0.0,0.0,1.8748527,0.6116913,1.0978436,0.18235774,0.091601826,1.0201817,1.0573943,0.0,0.0,0.86109775,0.0,0.5634852,0.0,0.25807124,1.0189463,1.0114981,0.0,0.0,0.0,0.4254072,0.28382808,0.0,0.0,0.6973061,0.0,0.44576186,0.48277944,0.13447565,0.44722435,0.0,0.5975791,0.0,1.48253,2.0436656,0.8487538,0.0,0.0,0.0,0.94244254,1.5283692,0.0,0.0,0.79240817,0.18718103,0.82304907,1.1094028,0.0,1.835484,0.6583464,0.4035985,2.117594,0.0,1.512796,1.974198,0.0,0.0,0.59395754,0.0,1.1355307,1.9306973,1.0454658,0.61016786,1.0774895,0.30633363,0.0,0.747048,0.3905766,0.0,0.33110744,1.24255,0.0,0.0,2.54578,0.29043585,0.0,0.0,0.25653592,1.652237,1.002546,0.3746582,0.0,0.0,0.8199179,0.0,0.0,0.6912936,0.68210655,2.0996609,0.0,0.0,0.0,1.1679528,0.0,0.70366794,0.0,0.80720294,1.6702735,0.6735286,0.0,0.26466316,0.76168805,0.0,0.0,0.0,0.7488121,1.2924349,0.0,0.0,0.7428897,0.983084,0.53777725,1.4805603,0.38359883,1.6765018,0.5222079,0.9675351,1.1646241,0.10235949,0.0,0.0,1.1120342,0.51193243,1.3168316,0.09842345,0.13710232,1.1011765,1.2034657,0.42017624,0.18655664,0.0,0.0,0.9393816,0.12519193,0.0,1.1265224,1.6230282,0.38652477,2.4602485,0.0,0.811924,0.8590205,1.345946,0.0,0.97685665,0.0,0.0,0.36577874,0.0,1.6849215,1.8050135,1.6687502,0.0,0.78852075,1.0470935,0.3092686,0.04812196,0.686061,1.7581984,0.0,1.8875397,0.2692849,0.0,0.0,1.0265276,0.6759189,0.41015717,0.0,1.3220769,0.78129625,1.1812301,0.56249803,0.0,0.0,0.25541317,0.33543816,0.0,0.47442362,2.4494474,2.0182247,0.30013293,0.0,0.0,0.7026795,0.0,0.0,0.0,0.0,0.0,0.5738855,0.0,1.3651661,0.0,0.2475693,0.0,0.2570253,0.8173855,0.25506416,0.0,0.6383833,0.0,0.7726547,0.12885135,0.19908741,1.2807508,0.0,0.0,1.3498482,0.0,0.0,1.3437057,1.464278,0.022455592,0.0,0.0,0.0,0.0,1
0.3916246,0.74989337,0.0,0.0,1.3995285,0.0,0.0,1.3694143,0.0,1.8985877,0.0,0.0,1.0448345,0.0,1.054946,0.0,0.1921309,0.0,0.76162934,0.0,0.0,0.0,0.0,1.6583081,2.158064,0.0,2.0772593,0.0,1.3704662,0.24010038,0.0,1.5081748,0.103464715,0.11930731,0.0,0.42551678,0.0,0.45104632,0.0,0.0,0.0,0.0,0.0,0.0,0.79224813,0.7967611,1.2432466,0.0,0.0,0.0,0.0,1.3740599,0.0,0.0,0.07433422,0.73653626,0.0,0.0,0.0,0.56018347,0.92376506,0.0,0.0,2.4911115,0.0,0.0,1.386941,0.0,1.1565855,0.0,0.34877244,0.0,1.5536537,0.60639495,0.0,0.0,1.2718862,0.0,0.98900807,0.21834612,0.0,0.0,1.3139638,0.20013285,0.0,1.1261293,0.7654618,0.42460394,1.1223888,0.3621123,0.8017528,0.0,0.60157883,1.0775162,0.0,0.0,0.8600857,0.46894604,1.490047,0.98664534,1.3361549,0.0,1.1590046,1.7811418,0.0,0.0,0.4866595,0.0,0.2767076,0.0,0.0,0.9106665,1.6748308,0.9874903,0.0,0.0,0.12704049,1.4412102,1.2833993,1.4140588,0.0,0.0,1.3993313,0.0,0.07469692,0.0,0.18068855,0.0,0.0,0.0,0.0,2.7537231,0.2482503,2.3862185,0.0,1.0015495,0.5848159,1.0281289,0.30749497,1.1745454,1.0246661,0.0,0.0,0.0,1.1075933,1.275571,0.0,0.0,0.05724597,1.7676407,1.4352081,0.0,0.0,0.36323345,0.7859784,1.7487985,2.2033796,0.025091488,0.0,0.0,1.1978111,0.0,0.7640549,0.99314505,1.7032113,0.0,0.613426,0.16962308,0.31301168,0.0,0.0,1.5995584,0.31998453,0.22810268,0.46331388,1.595591,0.27582365,2.2131312,0.0,1.4739453,0.0,0.19642663,0.0,0.0,0.0,0.0,0.89912623,0.0,0.18631653,0.83180964,1.2526712,0.0,0.06100415,1.7345371,1.4106586,0.48827982,1.3101792,0.15083694,0.0,1.5402583,0.7545516,0.0,0.0,0.0,0.21788846,0.5459771,0.22950783,1.5292473,0.0,0.5945348,0.6749127,0.12999214,0.0,0.0,0.8802501,0.0,0.011125705,2.1118128,0.20110127,0.7577949,0.0,0.0,1.6016233,0.0,0.42241716,0.0,0.0,0.15143387,0.7700548,0.0,1.4529698,0.0,0.6015854,0.6188322,2.0331864,1.0099838,0.0,1.2103996,0.10705536,0.0,0.0,0.25704578,0.0,1.0706394,0.0,0.0,1.7455306,0.0,0.0,0.37530172,0.10713725,1.0092981,0.0,0.2812257,0.0,0.0,0
1.2040107,0.14012988,0.0,0.0,1.8930058,0.46718672,0.0,0.75356233,0.0,1.2410834,0.0,0.18349597,1.3576885,0.0,1.4780172,0.0,1.0413342,0.0,0.321832,0.32112435,0.0,0.0,0.18096869,0.51913816,1.9871818,0.0,2.4815376,0.0,1.0924269,0.9993789,0.0,0.8427957,0.6181981,0.0,0.0,1.6365064,0.0,0.6890849,0.0,0.0,1.1469588,1.1099383,0.73577935,0.0,0.5740081,0.4195812,1.3924901,0.0,0.0,0.0,0.0,0.5648472,0.0,0.0,1.0133436,0.9858688,0.0,0.0,0.0,0.6931768,0.6642253,0.0,0.0,1.5624369,0.0,0.34075263,1.2652425,0.104263514,0.07727361,0.0,0.62307185,0.0,1.1276475,1.0607511,0.21764202,0.0,0.37958294,0.0,1.52466,1.026612,0.0,0.0,0.956971,0.16840279,0.3585759,1.6713557,0.6927672,1.3569571,0.47562647,0.26093578,1.3347967,0.0,1.131396,1.7516867,0.3217691,0.0,0.3777967,0.5375525,1.8571851,1.983846,1.2370496,0.34106725,1.846301,0.0,0.0,0.36998168,1.1652228,0.0,0.0,0.23724115,0.0,0.3030335,2.1172965,0.8838186,0.0,0.0,0.0,2.071463,1.0915766,0.9157234,0.0,0.0,1.1024841,0.0,0.0,0.70710033,0.10156321,0.90254754,0.0,0.0,0.0,1.8170596,0.0,1.5381286,0.0,1.5569576,1.0701542,0.14151946,0.0,1.2707968,0.8594605,0.0,0.0,0.0,0.0053085363,1.2373724,0.0,0.27819595,0.118821725,1.6815724,0.87240165,1.4387072,0.0,0.8001937,0.2579239,1.4902681,1.8646517,0.36632016,0.0,0.0,0.89625585,0.02922004,0.8255362,1.09365,0.6401058,0.6075856,1.2538838,0.17481801,0.14538488,0.0,0.0,1.1855394,0.06751649,0.0,1.0969645,1.7421129,0.2210159,2.0135689,0.0,0.61738425,0.0,1.300149,0.0,0.9163427,0.0,0.0,0.4119596,0.0,1.5926993,1.2502295,2.3610146,0.0,0.70116097,1.9383047,1.000692,0.0,0.6348016,1.1578231,0.0,2.1955535,0.81114274,0.0,0.0,0.26227313,0.8384447,0.09418127,0.0,1.8317986,0.62367797,0.9555393,0.3286797,0.18834274,0.0,0.0,0.15075588,0.0,0.13047281,2.6158922,1.6245533,0.7773475,0.0,0.0,0.9004685,0.0,0.5329087,0.0,0.0,0.39665294,1.056452,0.0,1.2632747,0.0,0.14349939,1.0384442,0.6683663,1.5475103,0.0,0.85861725,0.8816915,0.0,0.0,0.0,0.6128062,1.4275684,0.0,0.0,1.548123,0.0,0.0,0.47847846,0.27615038,0.3616238,0.0,0.2338958,0.0,0.0,0
1.2368999,0.27110225,0.0,0.1247921,1.3165715,0.56896204,0.0,0.4469361,0.0,0.53915894,0.0,0.024741966,1.0001861,0.0,1.115216,0.0,1.841728,0.35944262,0.3517804,1.0584297,0.0,0.0,0.0,0.39197248,1.4636258,0.08307667,1.0356318,0.0,0.71865654,1.0464675,0.0,1.6049701,0.5398773,0.0,0.0,1.3831056,0.0,0.48622742,0.0,0.0,0.93503976,0.07686129,0.68443066,0.0,0.93456835,1.0035319,0.9649011,0.0,0.0,0.06795238,0.0,0.82290685,0.0,0.0,0.5546288,0.3145542,0.0,0.0,0.0,0.47332275,0.8598777,0.0,0.0,1.5513861,0.0,0.18809704,1.9064701,0.30151013,0.35278988,0.0,0.6932622,0.0,1.4836526,1.0214937,0.73030114,0.0,0.63357323,0.0,0.8785967,0.99379927,0.0,0.0,0.3961369,0.0668928,1.0542079,0.60163766,0.096763216,0.8888845,0.6609695,0.21670783,1.2196424,0.0,1.6500344,1.7687584,0.32529974,0.0,0.6335785,0.7306514,1.2810296,1.9412526,0.8960631,0.07695135,1.3381486,0.36607692,0.0,0.48308942,0.44139567,0.0,0.0,0.43268153,0.0,0.22283687,2.16258,0.51081026,0.0,0.0,0.47345445,1.025599,0.9230821,0.31418538,0.0,0.0,1.0382292,0.0,0.055896673,0.5539796,0.61132425,0.05753274,0.0,0.0,0.0,1.5239388,0.23210111,1.6458545,0.0,0.5157428,1.197817,0.63437134,0.0,0.0,1.0770086,0.05941045,0.0,0.0,0.12515478,1.2127924,0.0,0.54226756,0.3214539,1.2092855,0.46292004,0.9166057,0.20801362,1.4582897,0.62986004,0.95360863,1.5255693,0.19872506,0.0,0.0,1.4094573,0.0,0.6382852,0.2606203,0.9121333,0.42677268,1.447685,1.1958159,0.102452144,0.0,0.0,1.3956012,0.40338525,0.0,0.48806193,1.6955111,1.1240095,2.1419861,0.0,0.7108728,0.16763023,0.08699114,0.0,0.63551754,0.0,0.0,0.49081704,0.0,0.9515794,0.6377362,1.6362509,0.0,0.9392971,1.3057052,0.6416404,0.44286034,1.0136267,0.5085907,0.0,2.3849301,0.37510857,0.0,0.0,0.16627058,0.6566038,0.24229889,0.08776745,1.0689244,0.35933086,1.158377,0.9355985,0.12683164,0.0,0.1949689,1.0251248,0.0,0.83029395,2.4196577,1.7064984,0.5131577,0.0,0.0,0.34167573,0.0,0.27926886,0.0,0.0,0.0,0.6803991,0.0,1.5374923,0.0,0.2797403,0.6184207,0.6180821,0.90403277,0.06767014,0.0,0.48347083,0.0,0.7228746,0.03657556,0.065537624,1.2414219,0.0,0.0,1.6445227,0.0,0.0,0.28380242,0.50468445,0.37096462,0.0,0.50593686,0.035679825,0.0,0
0.69912934,0.0,0.0,0.0,1.7509745,0.0,0.0,1.2941386,0.0,1.1296928,0.0,0.3918475,1.5037233,0.0,1.6029961,0.0,0.96362096,0.0,0.41108054,0.1497297,0.0,0.0,0.45638168,1.1502507,2.098969,0.0,1.9553291,0.0,1.6124684,0.4865015,0.0,1.876815,0.11839806,0.0,0.0,0.60615385,0.0,0.41258854,0.0,0.0,0.9104853,0.095407814,0.9496601,0.0,0.8333064,0.38408917,1.4414041,0.0,0.0,0.6234968,0.0,0.81684434,0.0,0.0,0.62847584,1.1615503,0.0,0.0,0.0,0.7203461,1.0796102,0.0,0.0,2.0154839,0.0,0.02292101,1.8741941,0.7091862,1.1330011,0.0,0.0,0.0,1.6842911,0.24793628,0.0,0.0,0.99897915,0.0,1.8607152,1.1212153,0.0,0.0,0.4729672,0.0,0.52963716,1.5214452,1.1447519,0.98983717,1.1055644,0.51313365,1.1529933,0.0,0.72121435,1.5140048,0.23869291,0.0,1.0319579,0.790248,2.0367408,1.753924,1.8435571,0.0,2.1014497,1.3759289,0.0,0.3806751,0.43184796,0.0,0.0,0.41790864,0.0,0.10555361,2.21271,0.57318884,0.0,0.0,0.40231696,1.998005,1.1221155,1.0012316,0.0,0.0,1.1140649,0.0,0.0,0.708304,0.00094621605,0.8777482,0.0,0.0,0.0,2.4920297,0.5883798,1.8154628,0.0,1.4073603,0.64575875,0.6164834,0.09639225,1.8020592,1.3805727,0.0,0.0,0.0,0.9476645,1.6515771,0.0,0.24380757,0.35818845,1.6456556,1.4694682,0.73898065,0.0,0.63150036,0.52312994,1.6370838,2.0023134,0.17287298,0.0,0.0,0.7440032,0.0,0.22697169,1.5776361,1.3066903,0.050069768,0.91816425,0.4511935,0.62914443,0.0,0.0,1.7169951,0.18739007,0.14623025,1.7257057,2.0628426,0.10200984,2.4802358,0.0,1.1208484,0.0,0.50569576,0.0,0.9861842,0.123113,0.0029879983,0.7128355,0.0,0.6010896,0.9100249,2.8869848,0.0,0.8455604,2.691223,1.7039291,0.35615122,0.58217394,0.0,0.0,2.466483,0.606193,0.0,0.0,0.03891548,0.22756511,0.8048606,0.22969797,2.0184686,0.0006797769,1.3873434,0.4815824,0.23577087,0.0,0.1760857,0.3666975,0.0,0.0,2.7206447,0.41431856,1.0924582,0.0,0.0,1.7776985,0.0,0.46647683,0.0,0.0,0.07178563,0.8121825,0.0,1.5025712,0.0,0.0,1.0757927,1.7646731,1.3452194,0.4896225,0.39489698,1.219183,0.0,0.0,0.0,0.0,1.3447412,0.0,0.0,1.8853688,0.0,0.0,0.5421379,0.0,0.78478163,0.0,0.0,0.2155674,0.0,0
0.8688062,0.32707846,0.0,0.0,1.9858444,0.0,0.0,0.6935203,0.0,1.2902175,0.0,0.0,0.79370606,0.0,1.7585903,0.0,1.5404705,0.0,0.4646384,0.0,0.0,0.0,0.0,0.57205707,1.5793372,0.0,2.1943824,0.0,1.6914371,0.7118583,0.0,0.9907756,0.22876488,0.11702843,0.0,1.102358,0.0,0.62414455,0.0,0.0,0.14201815,0.37378606,0.119184546,0.0,0.4730892,0.34476152,1.27316,0.0,0.0,0.0,0.0,1.0769608,0.0,0.0,0.1611921,0.60763156,0.0,0.0,0.0,0.94863474,0.89443094,0.0,0.0,0.94018614,0.0,0.0,1.8505859,0.65070105,0.9976682,0.0,0.89045,0.0,1.6699605,1.1831223,0.45109084,0.0,0.9392167,0.0,1.2651541,1.2224271,0.0,0.0,0.5287026,0.0014331365,0.5354455,0.8166788,1.0847011,0.9508573,1.0282569,0.0,1.0098825,0.0,1.682951,1.5784186,0.0,0.0,0.5238798,0.7171871,1.4943318,1.3929862,1.2986915,0.22597863,1.8826766,0.46612796,0.0,0.20643431,1.1464655,0.0,0.1771731,0.18315391,0.0,0.0,1.5423256,0.7596735,0.0,0.0,0.0,1.2662034,1.0908912,1.3215299,0.0,0.0,1.1063538,0.0,0.06946448,0.2110617,0.286174,0.2750811,0.0,0.0,0.0,2.2912996,0.0,1.8853735,0.0,0.26085037,0.93188465,0.43806916,0.0,1.025474,1.3157034,0.0036168357,0.0,0.0,0.98251116,1.6965499,0.0,0.7410161,0.030396044,1.2978151,1.139153,0.5169599,0.0,0.6665311,0.24758855,1.4995497,1.2638261,0.13959734,0.0,0.0,2.2688844,0.0,0.30997226,0.33712372,1.1301627,0.5069413,1.2731476,0.0,0.26498282,0.0,0.0,1.3279252,1.1284871,0.0,0.65465707,1.9204699,1.026013,1.6960843,0.0,1.2158571,0.38204154,0.2046278,0.0,0.33639628,0.0,0.0,0.0,0.0,0.47533,0.5338372,2.2373064,0.0,0.35140073,2.172859,1.502271,0.0,1.1746227,0.67879635,0.0,2.2317562,1.2283156,0.0,0.0,0.0,0.037776172,0.088829935,0.29630974,1.6748372,0.0,0.42413557,0.27287656,0.22820868,0.0,0.0,0.2006444,0.0,0.0,1.3641725,1.2761246,0.4304099,0.0,0.18120126,1.6699541,0.0,0.12416203,0.0,0.0,0.0,0.8087378,0.0,1.2916439,0.0,0.7974,0.32712275,1.0938582,1.193594,0.0,0.6469538,1.1758982,0.0,0.42637253,0.18286517,0.0,1.1689686,0.0,0.0,2.0098004,0.0,0.0,0.0,0.68004465,1.2493596,0.0,0.36224142,0.1951105,0.0,0
1.0492177,0.75961,0.0,0.0,2.080747,0.0,0.0,2.138228,0.0,2.255968,0.0,0.78686905,1.8119906,0.0,1.5970656,0.0,0.75232637,0.0,0.6025962,0.0,0.0,0.0,0.2511416,2.6311152,2.8965502,0.0,2.4411857,0.0,2.0653605,0.0,0.1382662,2.2035408,0.0,0.31745982,0.0,0.49185345,0.0,0.42883205,0.0,0.0,0.0030888678,0.2546974,0.1930838,0.0,0.38756987,0.55566466,1.1178315,0.0,0.0,0.20157991,0.0,1.8059484,0.0,0.0,0.649707,0.17777175,0.0,0.0,0.0,0.83524704,2.2354991,0.0,0.0,2.5740862,0.0,0.0,2.1481636,0.0,1.4468071,0.0,0.3513427,0.0,2.109316,0.97523457,0.0,0.0,1.4603618,0.0,1.2175294,0.56128764,0.0,0.0,2.0326087,0.0951007,0.0,1.8065678,0.88256514,0.0,1.7925198,0.0,0.5791941,0.0,1.2458144,1.348063,0.0,0.0,1.3893706,0.91421974,2.2015672,1.1588707,1.9049975,0.0,2.170388,1.466836,0.0,0.20064779,1.3350301,0.0,0.0,0.0,0.0,0.61913526,1.5931599,0.6827831,0.0,0.0,0.0,1.1622771,1.2897829,1.9685894,0.0,0.0,1.7306287,0.0,0.0,0.0,0.0,0.0,0.0,0.0,0.0,2.7389586,0.57793146,2.5005672,0.0,1.0800354,0.21586013,0.47590268,0.0,2.126484,1.8592383,0.075413935,0.0,0.0,2.0390885,1.787349,0.0,0.77326876,0.0,2.6123245,1.8860638,0.1289451,0.0,0.46392992,0.45920837,2.83255,2.2629619,0.16321887,0.0,0.0,2.2894056,0.0,0.6390314,1.7415841,2.6007328,0.0,0.89280176,0.5569442,0.807026,0.0,0.0,2.1808789,0.013675882,0.49495918,1.5686151,2.7682333,0.2546759,2.9066002,0.0,2.4526353,0.0,0.0,0.0,0.0,0.0,0.0,0.22354856,0.0,0.41242695,0.2771695,3.1925876,0.0,0.3682718,3.1711879,1.9908882,0.0,1.4998481,0.0,0.0,2.7019155,1.5825789,0.0,0.0,0.0,0.25549734,0.0,0.21352246,2.5652232,0.0,0.40254158,0.6550265,0.0,0.0,0.0,1.3745142,0.0,0.0,2.1996653,0.7460115,1.5042492,0.0,0.0,1.6721388,0.0,0.99211204,0.0,0.0,0.07393225,2.0097246,0.0,1.549839,0.0,1.2071294,0.6034977,2.51715,1.6502829,0.0,0.74468106,0.7759818,0.0,0.0,0.55548286,0.0,2.186865,0.0,0.012306849,2.4696028,0.0,0.0,0.012107538,0.5344845,1.5242493,0.0,0.57511294,0.37433258,0.027306044,0
0.6382861,0.56338257,0.0,0.0,2.0620003,0.26249045,0.0,1.6368704,0.0,1.4262084,0.0,0.0,1.3019884,0.0,1.4882565,0.0,1.232337,0.0,0.1169103,0.0,0.0,0.0,0.0,1.6622587,1.6375495,0.0,2.0316484,0.0,1.7991527,0.21491325,0.26212186,1.5388051,0.35128075,0.0,0.0,1.1202232,0.0,0.54679203,0.0,0.0,0.6209946,0.57561624,0.093634225,0.0,0.8092575,1.629161,1.3436637,0.0,0.0,0.0,0.0,1.4047052,0.0,0.0,0.0,0.98416954,0.0,0.0,0.0,0.6683616,1.2456019,0.0,0.0,1.752379,0.0,0.0,1.9874792,0.016986102,0.85486275,0.0,0.63630366,0.0,1.6518965,0.37838915,0.0,0.0,0.5001414,0.0,1.1863115,0.4411245,0.0,0.0,0.7006182,0.0,0.05853653,1.4080163,1.0845271,0.53514516,0.9914659,0.26176295,0.8168423,0.0,1.3706115,1.9829987,0.0,0.14772384,1.0953808,0.82210875,1.8915865,1.1271542,1.7362614,0.031350624,1.3251764,1.0276152,0.0,0.46688482,0.7001612,0.0,0.04079325,0.12625074,0.0,0.2593919,1.3408071,0.49324027,0.0,0.0,0.0,1.213605,1.6955976,0.7180554,0.0,0.0,1.544437,0.0,0.0,0.0,0.3638329,0.033847224,0.0,0.0,0.0,2.9247327,0.511559,2.3417685,0.0,1.048217,0.93413156,0.17892203,0.0,0.9248547,0.7829482,0.0,0.0,0.0,0.7300735,2.0420322,0.0,0.15640192,0.0,1.8110828,1.0151787,0.47998434,0.0,0.85148716,0.0935081,1.5720421,1.5706527,0.0,0.0,0.0,1.7720321,0.0,1.0719742,0.95837504,2.088246,0.50439686,1.2735338,0.20146513,0.0,0.0,0.0,1.971655,0.45321664,0.11795235,1.1415713,1.8360972,1.094088,2.59108,0.0,1.4249548,0.0,0.118199326,0.0,0.2027393,0.0,0.0,0.5212843,0.0,1.1079803,0.5737231,2.3967063,0.0,0.393253,2.139631,1.1371679,0.0,1.2553904,0.38291574,0.0,1.9211842,0.9690699,0.0,0.0,0.0,0.49884868,0.0,0.050946325,1.3953956,0.12403146,0.9186763,0.44010302,0.0,0.0,0.0,0.62370634,0.0,0.0,1.9768126,1.095615,0.8837093,0.0,0.0,1.4579083,0.0,0.38733318,0.0,0.0,0.0,1.507828,0.0,1.9805562,0.0,0.3856083,1.1425363,1.9279015,1.9923183,0.0,0.30322337,0.62488174,0.0,0.42873126,0.09156105,0.0,1.4319136,0.0,0.0,2.3760302,0.0,0.0,0.637955,0.32030848,1.2724364,0.0,0.12411771,0.045928355,0.0,0
0.87283295,0.7087877,0.0,0.0,2.532671,0.0,0.0,0.7717104,0.0,1.4141474,0.24046768,0.44530374,1.0997262,0.0,2.0257125,0.0,0.2822862,0.0,0.3625183,0.0,0.0,0.095583454,0.0,1.9430077,2.3522468,0.23603341,2.056759,0.0,2.9575627,0.4024893,0.09189862,1.7832009,0.0,0.13390957,0.0,0.86357486,0.0,0.73537683,0.0,0.0,0.0,0.0,0.0,0.0,1.4147547,0.5548797,1.1920905,0.0,0.0,0.23715796,0.0,1.6254394,0.0,0.0,0.6062051,0.7580909,0.0,0.0,0.0,0.42642444,1.6777824,0.0,0.0,1.4725455,0.0,0.0,2.428447,0.6613797,1.8861403,0.0,1.3909166,0.0,2.0476031,0.0,0.0,0.0,1.0689309,0.0,1.1936432,0.61607385,0.0,0.0,0.18386553,0.19503367,1.0422258,1.052881,1.6359633,0.6789543,1.5580709,0.0,0.536822,0.0,0.9819074,2.4465125,0.0,0.0,1.3500993,0.73550045,2.4627285,1.8166759,2.5014853,0.0,2.1195357,1.1027361,0.0,0.0,1.5059628,0.0,0.5352686,0.0,0.0,0.0,1.3370304,1.5231748,0.0,0.0,0.0,0.9833382,2.4053583,1.0032922,0.0,0.0,1.7665662,0.0,0.11867904,0.0,0.0,0.0,0.0,0.0,0.0,3.2693658,0.0,2.8750775,0.0,0.050810073,0.0,0.4748477,0.39030838,1.7931175,1.121753,0.0,0.0,0.0,0.86302024,2.5633981,0.0,0.9779768,0.0,2.776235,1.7169172,0.0,0.0,0.0,0.0,1.6624309,2.0976996,0.1402554,0.00025743386,0.0,1.9590521,0.0,0.0,1.689225,2.6682944,0.0,1.3695062,0.54615873,0.18953624,0.0,0.0,2.5356116,0.7276664,0.0,0.67348045,2.9170492,1.0570469,2.5371242,0.0,2.3393302,0.0,0.0,0.0,0.0,0.0,0.0,0.0,0.0,0.5373786,0.0,2.5992584,0.0,0.3297012,2.9240677,1.9547967,0.3029602,0.83640486,0.0,0.0,2.365224,1.0858147,0.0,0.0,0.0,0.0,0.37308252,0.7976603,1.9530748,0.0,0.64312655,0.37702572,0.3745032,0.0,0.0,0.3302581,0.0,0.0,2.142188,1.1002733,1.7077903,0.0,0.0,1.7103933,0.0,0.1598236,0.0,0.0,0.23232658,1.1871924,0.0,1.5489737,0.10650691,1.4332019,1.1799877,1.7660635,1.7404289,0.0,0.6394801,1.1570654,0.0,0.58407634,0.39927742,0.0,1.0752025,0.0,0.052794263,2.2494445,0.0,0.0,0.20770277,0.0,1.9094858,0.0,0.0,0.0,0.0,0
0.90778655,0.8868435,0.0,0.0,2.5552616,0.0,0.0,2.0004675,0.0,1.8014517,0.049625583,0.26416972,1.6041416,0.0,1.3825421,0.0,0.3998186,0.0,0.0,0.0,0.0,0.0,0.0,2.0657675,1.6980194,0.34021533,3.143862,0.0,2.3926568,0.42224005,0.20867871,0.8520622,0.0628401,0.0,0.0,1.4074279,0.0,0.2234248,0.0,0.0,0.17926848,0.24187395,0.13482879,0.0,0.8688588,1.246594,1.917211,0.0,0.0,0.0,0.0,1.5869824,0.0,0.0,0.0,0.31341982,0.0,0.0,0.0,0.9857451,1.1852263,0.0,0.0,2.3568351,0.0,0.0,1.6204208,0.4087735,1.4274156,0.0,0.53445494,0.0,1.8317866,0.16955036,0.0,0.0,0.71083915,0.0,1.3525163,0.5664451,0.02154174,0.0,0.3486585,0.0,0.3649323,1.4048666,1.3203161,0.7239525,1.3397604,0.0,0.7166743,0.0,1.26563,1.7375429,0.0,0.85396993,0.92662966,1.4350686,2.0144453,0.65064883,1.9882631,0.2118397,1.7140921,0.8938689,0.0,0.0,1.0414175,0.0,0.0,0.0,0.0,0.8100615,1.8878676,0.9900009,0.0,0.0,0.0,0.9808,1.0119038,1.5926465,0.0,0.0,1.2626759,0.0,0.0,0.0,0.5580998,0.0,0.0,0.0,0.0,3.261588,0.37484095,2.5992799,0.0,0.80296004,0.0,0.22460452,0.08402987,1.8626626,1.7337354,0.0,0.0,0.0,0.46583137,2.3098829,0.0,0.86986387,0.0,2.265315,1.2861626,0.5064243,0.18737015,0.3987493,0.16562471,1.7778398,2.3391798,0.073927715,0.43628642,0.0,1.7439542,0.0,0.3776504,1.6547935,2.6561115,0.0,0.72751343,0.0,0.24750713,0.0,0.0,1.7768497,0.5511857,0.048384283,1.2217153,2.4578228,0.6995842,2.5870152,0.0,1.4443524,0.0,0.07152917,0.0,0.4547953,0.0,0.751927,0.18041594,0.0,0.335188,0.5689336,2.2324488,0.0,0.6405478,2.4517462,2.4328432,0.0,0.88925004,0.36612317,0.0,2.6472757,1.5172552,0.0,0.0,0.0,0.0,0.26398173,0.0,2.290753,0.0,0.6977279,0.20257968,0.38244593,0.0,0.0,0.37308544,0.0,0.0,1.3908873,1.0445561,0.83280796,0.0,0.011130178,1.3361475,0.0,0.9979456,0.0,0.0,0.0,1.3024611,0.0,1.1121448,0.0,0.6375324,1.5321351,2.039114,2.3767362,0.0,0.9634717,0.94604635,0.0,0.0,0.0,0.0,1.2840779,0.0,0.0,1.8876864,0.0,0.0,0.0,0.0,1.7500012,0.0,0.7989375,0.27729768,0.0,0
0.59312105,1.1814673,0.0,0.0,2.2768579,0.0,0.0,0.8651528,0.0,1.4538077,0.0,0.067055464,0.92407227,0.0,1.1904473,0.0,0.68006694,0.10892062,0.12279129,0.0,0.0,0.094048336,0.0,1.3522384,2.226355,0.0,2.6697583,0.0,2.244196,0.66610026,0.0,1.1512914,0.119451754,0.0,0.0,1.0913826,0.0,0.5107943,0.0,0.0,0.0,0.47831845,0.43491384,0.0,0.5123868,1.2718027,1.6113248,0.0,0.0,0.2024103,0.0,1.9004866,0.0,0.0,0.5359949,1.1326727,0.0,0.0,0.0,1.0031347,0.9113228,0.0,0.0,1.6172645,0.0,0.0,1.8213725,0.067228645,1.0237081,0.0,0.97893435,0.0,1.6113155,0.53520244,0.0,0.0,0.9045597,0.0,0.7318392,1.2643677,0.0,0.0,0.46075642,0.19313914,0.5652843,0.61245203,1.586613,0.70531136,0.61705184,0.5230975,0.9834615,0.0,1.5154239,2.577985,0.0,0.5487481,0.8917827,0.69406164,2.0972047,1.1634115,1.5847616,0.32355046,1.8485767,1.4203782,0.0,0.12309076,1.2248378,0.0,0.828566,0.3132927,0.0,0.62764436,2.1069477,1.3167288,0.0,0.0,0.0,1.2287463,1.3779744,0.9908889,0.0,0.0,1.1861964,0.0,0.0,0.0,0.17240892,0.41392308,0.0,0.0,0.0,2.546204,0.55719286,1.779469,0.0,0.8953975,0.74418026,0.8154501,0.0,1.6789383,1.143007,0.54270464,0.0,0.0,0.3235645,1.8534603,0.0,0.31879288,0.023802578,2.203608,1.6688881,0.0,0.0,0.81980604,0.0,1.5205848,1.8850056,0.22847705,0.027856978,0.0,1.7991358,0.0,0.6656397,0.95181674,2.1684475,0.19706152,1.2993724,0.55247784,0.50489753,0.0,0.0,1.9381529,0.3788127,0.23699662,0.84086627,1.9388244,0.91719145,2.5491946,0.0,1.4628264,0.20080528,0.64814234,0.0,0.05198979,0.0,0.0,0.0,0.0,0.94532293,1.1763961,1.7375352,0.0,0.82078844,2.2435646,1.6999198,0.20732331,0.62412554,0.72509366,0.0,2.0848255,0.7185449,0.0,0.0,0.4023027,0.0,0.3224888,0.13520789,2.2132974,0.4993438,0.9274443,0.78677315,0.64632815,0.0,0.0,0.43204084,0.0,0.0,1.9011608,1.3492814,0.90982944,0.0,0.0,1.19598,0.0,0.0,0.0,0.0,0.8915446,0.7160327,0.0,1.8762994,0.0,0.600604,0.7983331,1.3928264,1.9548568,0.0,0.8175901,0.90871775,0.0,0.36328173,0.0,0.0,1.9417613,0.0,0.0,1.7110906,0.0,0.0,0.4087775,0.3058309,1.0553147,0.0,0.22183086,0.0,0.0,0
1.0981653,1.0612218,0.0,0.0,1.6235244,0.6084376,0.0,1.3054737,0.0,1.454812,0.0,0.32859743,0.6429809,0.0,1.3733405,0.0,1.4656249,0.0,0.10306439,0.0,0.0,0.0,0.0,1.1681076,2.1157992,0.0,1.8080752,0.0,1.3870678,1.1371483,0.07099651,1.0553446,0.13287441,0.0,0.0,1.4035375,0.0,0.6457037,0.0,0.0,0.937485,0.48337486,0.88615215,0.0,0.53838,0.9515673,1.4309375,0.0,0.0,0.2884231,0.0,0.9728314,0.0,0.0,1.109928,0.66427505,0.0,0.0,0.0,0.37282428,0.70376414,0.0,0.0,1.8513143,0.0,0.0,1.61905,0.49296835,0.74238926,0.0,0.65916556,0.0,1.2747924,0.86523974,0.14502783,0.0,0.36529055,0.0,0.6854874,1.317405,0.0,0.0,0.39383438,0.0,0.6801567,1.2621465,1.0947002,0.56307036,0.6868056,0.4582329,0.98410547,0.0,1.6281329,1.6298295,0.0,0.0,0.52569777,0.59088326,1.6619383,0.9674915,1.2105087,0.0,1.5330328,0.746007,0.0,0.3308624,0.956511,0.0,0.0,0.52667046,0.0,0.17812715,1.5218974,0.7678356,0.0,0.0,0.30809644,1.6016954,0.5434522,0.83812267,0.0,0.0,1.0098852,0.0,0.0,0.022261428,0.27195233,0.51788735,0.0,0.0,0.0,2.1812153,0.0,1.3738366,0.0,0.8448416,1.0986068,0.67469096,0.0,1.5214286,0.8092568,0.006166663,0.0,0.0,0.6017065,1.0185711,0.0,0.0,0.05677317,1.4976363,0.69042313,0.0,0.03437701,0.4708644,0.87957186,1.1608839,1.4591515,0.0,0.0,0.0,1.8127593,0.0,1.0304382,0.3225257,1.1171361,0.08749455,1.0895687,0.57488674,0.3450939,0.0,0.0,1.0008936,0.18717271,0.09691697,0.8635903,2.0432467,0.6629231,2.0947988,0.0,1.0324657,0.0,0.9008234,0.0,0.57777804,0.0,0.0,0.31975004,0.0,0.51237875,0.62852454,1.6543468,0.0,1.1008645,1.5593693,1.3639348,0.4640323,1.0015401,1.1182952,0.0,1.888003,0.56675935,0.0,0.0,0.0,0.3151242,0.0,0.11883697,1.3942932,0.22175226,1.1481609,0.9042887,0.4725971,0.0,0.0,0.45716435,0.0,0.058779355,1.6667553,1.5625513,0.7397849,0.0,0.0,1.0617698,0.0,0.0,0.0,0.0,0.0,1.2642806,0.0,1.9095638,0.0,0.7744404,0.14235215,1.3340503,1.0846161,0.0,0.35887364,0.66003567,0.0,0.13712603,0.0,0.0,1.0026907,0.0,0.0,1.498552,0.0,0.0,0.04291205,0.5929922,1.2922084,0.0,0.0,0.22269748,0.0,0
1.0803947,0.35296705,0.0,0.025393736,1.4949898,0.5915867,0.0,0.0,0.0,0.65053666,0.0,0.0,0.80922645,0.0,1.418772,0.0,2.0901885,0.33075845,1.2511927,1.1308122,0.0,0.0,0.0,0.20096068,1.0792387,0.27225608,1.576001,0.78778785,0.25036705,1.360674,0.0,0.8633318,0.94405115,0.0,0.0,1.2899336,0.0,0.9000138,0.0,0.0,1.3630917,0.23136547,1.339102,0.0,0.41212353,0.56869495,1.2236538,0.0,0.0,0.0,0.0,0.8797038,0.0,0.0,0.92204154,1.1768411,0.0,0.0,0.0,0.6778666,0.5303158,0.0,0.06667556,0.35909873,0.0,0.0,1.3069665,0.5770009,0.4134998,0.0,0.4674295,0.0,1.1321745,1.1262857,1.3254501,0.0,0.31670487,0.0,0.60884094,1.4065924,0.0,0.0,0.24255553,0.43001854,0.8303296,0.69413733,0.0,1.9833827,0.29636905,0.63315517,1.6626593,0.0,1.6015661,1.8745859,0.17495778,0.0,0.59988725,0.0,1.1453223,2.3831937,0.92759967,0.99331486,1.5023624,0.28629878,0.0,0.7629848,0.57235765,0.0,0.1817214,1.5136199,0.0,0.0,2.8310022,0.41488668,0.0,0.0,0.69662803,0.8862811,0.67075795,0.0038410728,0.0,0.0,0.86552,0.0,0.0,1.10692,0.61395055,1.3102076,0.0,0.0,0.0,1.0471177,0.29821417,0.88517576,0.0,0.96352684,1.6883231,1.4961782,0.0,0.0,1.3733602,0.42994344,0.0,0.0,0.36479494,1.1561658,0.0,0.0,0.78977275,0.9242298,0.050876804,1.3603839,0.28970683,1.8921691,0.39467427,0.8728428,1.116905,0.46892437,0.19475657,0.0,1.5267243,0.077860005,1.1803683,0.0,0.076181024,0.93307483,1.057867,0.74450874,0.0,0.0,0.0,0.71731645,0.5224784,0.044921253,0.5055473,2.1642637,0.6944207,2.1186845,0.0,0.77021563,0.6933848,1.1580458,0.0,0.88820946,0.0,0.0,0.32471684,0.0,1.144143,1.3528739,1.2672067,0.0,1.2675606,1.0335084,0.08731424,0.70567167,0.0,1.5754113,0.0,1.8618615,0.1977054,0.0,0.0,1.0515398,1.2079258,0.9996435,0.0,1.0851091,0.32872567,1.8713862,0.38040444,0.46849105,0.0,0.0,0.3044866,0.0,0.389139,2.7720048,2.4465466,0.0,0.0,0.0,0.7078676,0.0,0.027571727,0.0,0.0,0.0,0.42858452,0.0,1.1471063,0.0,0.2126757,0.25404537,0.30022007,0.34307235,0.0,0.0,0.93799126,0.0,0.2627099,0.34242427,0.64994705,1.2472768,0.0,0.0,0.98326826,0.0,0.0,1.1440789,1.2641073,0.0,0.0,0.31187198,0.0,0.0,1
1.1581116,0.21312825,0.0,0.0,1.8377693,0.33302903,0.0,1.2375835,0.0,1.3350066,0.0,0.3400015,1.4929031,0.0,1.2851148,0.0,0.97823554,0.2731291,0.16581261,0.0,0.0,0.0,0.0,1.01414,2.0636857,0.0,1.1196169,0.0,1.1110455,0.105980724,0.0,1.762601,0.08235287,0.26979864,0.0,0.54212826,0.0,0.7167868,0.0,0.0,0.0,0.047341794,0.26973388,0.0,0.88837636,0.7821941,1.584717,0.0,0.0,0.28874478,0.0,0.9753701,0.0,0.0,0.0,0.4698383,0.0,0.0,0.0,0.12765835,0.83608,0.0,0.0,2.3849897,0.0,0.0,2.3599768,0.055045128,0.93397903,0.0,1.0948687,0.0,1.886241,1.1362089,0.25816756,0.0,0.9280883,0.0,1.4307418,0.366648,0.0,0.0,1.0737109,0.0,0.2645113,1.2161062,0.22476758,0.8478768,0.96233606,0.0,0.9450403,0.0,1.2580462,1.8034581,0.0,0.0,1.2967769,0.09651404,1.5427073,2.1052456,0.90457207,0.0,1.7341143,0.3478651,0.0,0.7534221,0.79350734,0.0,0.0,0.0,0.0,0.1032282,1.6673745,0.8301578,0.0,0.0,0.6065056,0.67817014,1.5042557,0.40280148,0.0,0.0,1.2115507,0.0,0.30708352,0.29146278,0.271179,0.0,0.0,0.0,0.0,2.604257,0.0,1.6612988,0.0,0.6382467,0.74651635,0.46263292,0.16240962,1.1813543,1.1469752,0.0,0.45495576,0.0,1.1565775,1.7167629,0.0,0.85453945,0.0,1.4907621,0.9910084,0.0,0.0,0.96021086,0.5127333,1.4801204,2.3619843,0.0,0.172156,0.0,1.9381404,0.0,0.72128814,0.46160102,1.1542809,0.034200866,1.4185853,0.27049726,0.33866718,0.0,0.0,1.6495037,0.25979292,0.0,0.5732257,1.6412797,0.7167112,2.2891188,0.0,0.42743146,0.0,0.0,0.0,0.32398808,0.0,0.0,0.13034351,0.0,0.88527745,0.12379825,2.2394183,0.0,0.6950236,2.0712552,1.219791,0.631526,1.2765539,0.23866971,0.0,2.0776412,0.77299494,0.0,0.0,0.4905332,0.40235987,0.0,0.36995882,1.1101977,0.4008299,0.82828593,0.7224701,0.0,0.0,0.16151962,1.2345443,0.0,0.4332857,2.1612275,1.0098431,1.068352,0.0,0.0,1.0836802,0.0,0.4587383,0.0,0.0,0.0,1.1515342,0.0,1.8397164,0.0,0.7964811,1.3338197,1.9036558,1.2984743,0.0,0.74208117,0.10875372,0.0,0.3084848,0.0,0.604032,1.2101936,0.0,0.0,1.6006038,0.0,0.0,0.33712786,0.35016426,0.7418441,0.0,0.42372277,0.0,0.0,0
1.4969686,1.168017,0.0,0.22456002,0.5828208,1.0500808,0.0,0.055141974,0.0,0.7831884,0.0,0.0,1.2646413,0.0,1.4425712,0.0,2.618215,0.0,1.1006237,1.4372512,0.0,0.0,0.34830955,0.0,1.5134761,0.0,1.2624179,1.1700407,0.0,1.591517,0.0,1.1590121,1.0470945,0.046259407,0.0,1.6403303,0.0,0.37917075,0.0,0.0,1.9065514,0.13971987,1.4724085,0.0,0.71612096,0.70783496,1.0662591,0.0,0.0,0.18426622,0.0,0.26742464,0.0,0.0,1.6056935,1.3143865,0.0,0.0,0.0,0.09879316,0.748987,0.0,0.0,0.975207,0.0,0.0,1.4599843,0.26125625,0.0,0.0,0.7774839,0.0,0.71499777,1.8709748,1.5092663,0.0,0.11831867,0.09595289,0.68323123,1.658443,0.0,0.0,0.6553948,0.50695944,1.0920513,0.78985465,0.0,2.183125,0.088883914,0.6369316,1.622463,0.0,1.4398004,1.2007681,0.0,0.0,0.020559205,0.0,0.95476663,2.6246073,0.44715422,0.0,1.0725222,0.0,0.0,1.4450059,0.48394588,0.0,0.0,1.3353446,0.0,0.0,2.484929,0.19860071,0.0,0.0,0.84072113,1.6247857,0.55917424,0.21525821,0.0,0.0,0.91894054,0.0,0.0,1.4508096,0.2595762,1.5840594,0.0,0.0,0.0,0.67122376,0.33989626,0.95114833,0.0,1.2968702,1.9239773,1.390027,0.0,0.37318018,1.428584,0.6521253,0.0,0.0,0.1825265,0.45152268,0.0,0.0,0.72257656,0.17900094,0.0,1.4070601,0.03935504,1.6324605,1.2331506,1.2823752,1.1046332,0.0,0.0,0.0,1.1660582,0.73387456,1.104444,0.0,0.0,1.2051554,1.5190641,1.4269572,0.5918637,0.0,0.0,0.81943166,0.74021816,0.0,0.41166666,2.1780765,0.35450765,1.9542753,0.0,0.79783505,0.87019,0.8825249,0.0,0.9562392,0.0,0.0,1.1860874,0.0,1.0413152,1.3788337,1.4312637,0.0,1.1451828,0.86819303,0.21136516,0.11864871,0.16578372,1.3593092,0.0,1.6448876,0.0,0.0,0.0,1.299363,1.2481481,0.6277864,0.4372671,0.3633366,0.36013573,2.1644623,0.79374444,0.34956986,0.0,0.10320672,0.54619586,0.0,0.35568002,2.6447072,1.960615,0.21250778,0.0,0.0,0.26468322,0.0,0.0,0.0,0.0,0.100271955,0.35086665,0.0,1.1426307,0.0,0.39034894,0.0,0.79895264,0.0,0.0,0.0,1.1942166,0.0,0.0,0.0,0.7911379,1.062642,0.0,0.0,1.3838329,0.0,0.0,1.2605095,1.9538801,0.0,0.0,0.36388206,0.0,0.0,1
1.4105754,0.5017091,0.0,0.0,1.2742225,0.67375696,0.0,0.0,0.0,0.52909684,0.0,0.0,0.8914076,0.0,1.1929839,0.0,2.692869,0.32255927,0.9256555,1.1483829,0.0,0.0,0.054642435,0.0,1.3221422,0.0,1.3713307,0.5599663,0.37884706,1.3487194,0.35575464,1.1649961,1.1900499,0.0,0.0,1.4733633,0.0,0.58190346,0.0,0.0,1.8780285,0.40236273,1.2896538,0.0,0.68690634,0.6851587,0.65893406,0.0,0.0,0.1810003,0.0,0.5220799,0.0,0.0,1.0428375,0.83772296,0.0,0.0,0.0,0.9558237,0.663914,0.0,0.0,0.6154655,0.0713983,0.01821892,0.6122045,0.15044633,0.0,0.0,0.6431572,0.0,1.0321553,1.9048158,1.0041628,0.0,0.05718996,0.0,0.40841267,1.2103039,0.05142871,0.0,0.60907775,0.50948673,1.0150915,1.4705347,0.0,1.7752533,0.17075391,0.5034793,1.668513,0.0,1.4703418,0.99399954,0.56077933,0.0,0.30835643,0.0,1.0917398,2.4167407,0.58598816,0.3192413,1.1601387,0.0,0.0,1.2491225,0.6888327,0.0,0.0,1.4421562,0.0,0.0,2.563374,0.26921543,0.0,0.0,0.4703708,1.6260155,0.5162829,0.3826463,0.0,0.0,0.59800166,0.0,0.0,1.1306832,0.59827304,1.4113444,0.0,0.0,0.0,0.6806178,0.07253429,1.0934237,0.0,1.3177259,2.0009115,1.4114348,0.0,0.34274143,1.1365585,0.1554246,0.0,0.0,0.0,0.7283694,0.0,0.0,0.36752093,0.59619284,0.1805691,1.3603994,0.23520362,1.1225287,0.43845266,0.7424025,0.95941865,0.0016249599,0.0,0.0,1.3080937,0.5804288,0.8338404,0.0,0.26167563,1.0961325,1.2638927,1.0595795,0.36257777,0.0,0.0,0.63382703,0.15527275,0.0,0.51508653,1.4780833,0.5300981,2.009179,0.0,0.30232918,0.6127238,1.2744172,0.0,0.88485926,0.0,0.0,0.68326336,0.0,1.7270492,1.6958354,1.4175277,0.0,1.1021351,0.75359297,0.39938602,0.40114176,0.86698866,1.2964332,0.0,2.196143,0.0,0.0,0.0,0.84423566,1.1466354,1.1000903,0.0,0.96394765,0.3802866,1.7630208,0.34248626,0.14030495,0.0,0.0,0.54505223,0.0,0.5062104,2.7088208,2.202184,0.5583248,0.0,0.0,0.3125857,0.0,0.0,0.0,0.0,0.10848734,0.30439696,0.0,0.796922,0.0,0.22912645,0.0,0.018957825,0.5930587,0.0,0.0,0.85397905,0.0,0.34464645,0.0,0.67784363,0.9424476,0.0,0.0,1.2662828,0.0,0.0,1.2000724,1.5006297,0.0,0.0,0.18379834,0.0,0.0,0
0.63725096,1.0007555,0.0,0.0,1.4719092,0.6837929,0.0,0.75592065,0.0,1.3458042,0.0,0.0,0.97790086,0.0,1.7017533,0.0,1.628114,0.0,0.35142028,0.07180843,0.0,0.17092507,0.2499267,0.6102774,1.4620584,0.0,1.3164736,0.3071277,1.0889109,1.0449313,0.0,1.5259522,0.0,0.0,0.0,1.0187261,0.0,0.18715025,0.0,0.0,0.52231276,0.31495932,0.7566254,0.0,0.87560946,0.5755249,1.2571194,0.0,0.0,0.43764424,0.0,0.6779166,0.0,0.0,1.2161945,0.3174932,0.0,0.0,0.0,0.2634913,0.40547568,0.0,0.0,1.386621,0.0,0.0,1.5769057,0.5844564,0.9616427,0.0,0.81516284,0.0,1.1142253,1.2924942,0.3552938,0.0,0.0,0.0,0.96229863,0.46189517,0.0,0.0,0.74033314,0.11309013,0.68588585,0.46064433,1.095834,0.73299897,1.1835741,0.2779516,0.8783211,0.0,0.8248055,1.8065768,0.0,0.0,0.97463155,0.24748184,1.3503023,1.5598047,2.133912,0.0,1.5781597,0.7796815,0.0,0.20871943,1.4028779,0.0,0.45740715,0.0,0.0,0.0,1.6743535,0.7957114,0.0,0.0,0.0,1.46233,1.5510393,0.5005527,0.0,0.0,1.2256856,0.0,0.0,0.88561666,0.262845,1.1521404,0.0,0.0,0.0,2.0097995,0.16203812,1.45814,0.0,1.0433589,0.8571888,0.6326211,0.0,1.4686824,0.5622351,0.28424624,0.0,0.0,0.3405803,1.1998811,0.0,0.0,0.28382328,1.49658,1.1043769,1.2621771,0.25857222,1.1382161,0.53910834,1.9749401,1.3870571,0.0,0.0,0.0,1.90068,0.32473558,0.65935105,0.8775647,0.80289596,0.82591313,1.4074264,0.58909273,0.8071117,0.0,0.0,1.5802772,0.508971,0.0,0.34953082,1.7037592,1.243229,1.5395008,0.0,1.1452922,0.4078799,0.22815466,0.0,0.35461712,0.0,0.0,0.02712779,0.0,0.7581501,0.42393765,1.4714321,0.0,0.7323045,1.4000585,1.0727456,0.31860423,0.7866738,1.0306485,0.0,1.8629444,0.57980543,0.0,0.0,0.14270829,0.49764457,0.0,0.57051635,1.8215836,0.119733304,1.3041703,0.68710375,0.0,0.0,0.0,0.81818676,0.0,0.20881322,2.3550112,1.2673442,0.44424066,0.0,0.23258552,1.0193691,0.0,0.0,0.0,0.0,0.0,0.4014839,0.0,1.37208,0.0,0.76826805,0.15147142,1.5901204,1.1302077,0.0,0.0,1.2398999,0.0,0.3212702,0.0,0.0,1.9948074,0.0,0.0,1.9124811,0.0,0.0,0.09456988,0.8812243,0.9370578,0.0,0.24797651,0.0,0.0,0
0.78133076,1.6311316,0.0,0.0,2.194158,0.12077231,0.0,1.1838394,0.0,1.1957071,0.0,0.0,0.5298862,0.0,1.7031434,0.0,1.3906214,0.0,0.0,0.19439363,0.0,0.0,0.32806802,0.82961214,2.1998339,0.5030103,1.9495142,0.0,2.5009923,0.9885235,0.0,1.0300184,0.0,0.0,0.0,1.2770114,0.0,0.029235695,0.0,0.0,0.45926157,0.79575163,0.0,0.32966697,0.7617979,0.70182264,1.0963411,0.0,0.0,0.0,0.0,2.29653,0.0,0.0,0.9814112,0.7139156,0.0,0.0,0.0,0.41569743,0.66356415,0.0,0.0,1.4553285,0.0,0.0,1.971149,0.382777,0.0967266,0.0,0.63318634,0.0,1.2555416,0.08523712,0.19031475,0.0,0.6919098,0.0,0.7481085,0.7271581,0.0,0.0,0.0,0.0,0.0,0.92692244,1.4827,0.0,0.93719834,0.0,0.33450463,0.0,1.0765985,2.0138044,0.030206377,0.56929827,1.3480914,1.3655564,1.1416616,0.8876654,0.8937638,0.7172709,1.4162238,0.67518014,0.0,0.0,0.8307109,0.0,0.5897023,0.0,0.0,0.0,0.6797709,1.1807325,0.0,0.0,0.015064447,1.9081649,1.2945395,0.5893516,0.0,0.0,1.2690207,0.0,0.1625871,0.097689286,0.0,0.0,0.0,0.0,0.0,2.8506274,0.0,2.415706,0.0,0.5609106,0.2693741,0.0,0.0033294528,1.7416346,0.7619852,0.0,0.0,0.0,0.0,1.9189038,0.0,0.8130769,0.37766984,2.786602,2.1225383,0.0,0.598409,0.0,0.48355275,1.7250036,1.3134857,0.13817139,0.0,0.0,1.599614,0.0,0.4541053,1.4143965,1.9148127,0.0,1.4160458,1.347149,0.0,0.0,0.0,2.058537,0.9023249,0.009535225,1.0573883,2.4926803,1.0560641,2.3613822,0.03582791,1.3991276,0.0,0.7548177,0.0,0.653168,0.10211172,0.17720258,0.0,0.0,0.044857197,0.253301,1.7492458,0.0,1.2566735,2.0222952,1.8424367,0.06125748,1.2171975,0.5200534,0.0,2.0279877,0.46854815,0.0,0.0,0.0,0.0,0.0,0.042011827,2.1115985,0.5663217,1.025291,1.0505269,0.5397537,0.0,0.5449107,0.9890551,0.0,0.0,1.6746118,0.8974491,0.65675443,0.0,0.0,1.8203305,0.0,0.056963775,0.0,0.0,0.19409418,0.12437084,0.0,1.9041411,0.0,1.0687537,0.6351825,1.4940995,1.5895224,0.0,0.48146126,0.5479406,0.0,0.2264911,0.0,0.0,1.6547369,0.0,0.0,1.6356745,0.0,0.0,0.09440323,0.0,2.1847925,0.0,0.51897883,0.32032278,0.0,0
0.4882904,0.6848979,0.0,0.0,1.7442777,0.47635344,0.0,1.008985,0.0,1.7666312,0.084226154,0.0,0.894761,0.0,1.1757436,0.0,0.6909089,0.0,0.9664672,0.0,0.0,0.0,0.19397895,1.216782,1.636314,0.14549193,1.7651159,0.0,1.6261826,0.60847145,0.041038603,1.0034132,0.0,0.24475192,0.0,0.62649703,0.0,0.63130057,0.0,0.0,0.8155611,0.0,0.6353621,0.0,0.73132247,1.6205695,1.1875863,0.0,0.0,0.0,0.0,1.1102617,0.0,0.0,0.22784024,1.0450085,0.0,0.0,0.0,0.62548256,1.0890381,0.0,0.0,2.2618477,0.0,0.0,1.7764668,0.0368298,0.729414,0.0,0.6015728,0.0,1.1994559,0.07983623,0.0,0.0,1.427488,0.0,1.048428,0.46455812,0.0,0.0,0.8346152,0.0,0.11039752,1.1574526,0.63313,0.16952057,1.3643163,0.6213067,0.97791404,0.0,1.4938475,1.0922276,0.0,0.095042795,0.8949553,0.805407,1.8197782,1.2957073,1.4970716,0.0,1.5894092,2.720873,0.0,0.3563871,0.069977246,0.0,0.0,0.0,0.0,0.47915515,1.5016688,1.6081688,0.0,0.0,0.37768823,1.3407922,1.0030725,1.2003891,0.0,0.0,1.0139556,0.0,0.0,0.0,0.75564545,0.0,0.0,0.0,0.0,2.341764,0.9359629,2.1268008,0.0,1.5108165,0.91498125,0.52842003,0.8083892,0.84015983,1.7369679,0.30015975,0.0,0.0,1.3578255,1.5117118,0.0,0.3518877,0.27138594,1.4936621,1.0213798,0.4098521,0.0,0.2573236,0.68468225,1.7961943,1.6374193,0.7341151,0.0,0.0,1.669189,0.0,0.95167744,1.0236468,1.714294,0.19408828,1.2141926,0.36074844,1.192311,0.0,0.0,1.413012,0.8143043,0.0,1.4774204,1.168503,0.57589936,2.3997846,0.0,1.0133599,0.0,0.362747,0.0,0.0,0.024486028,0.79622924,0.6638246,0.0,0.3913667,0.66447806,1.88845,0.0,0.7498713,2.1132462,1.9330672,0.9511781,0.49602422,0.4249734,0.0,2.0728111,0.7729642,0.0,0.0,0.0,0.0,0.7975593,0.36799422,1.8788688,0.0,1.1407712,0.8301925,0.42484528,0.0,0.09217996,0.40846723,0.0,0.45185465,1.9250782,0.10392765,0.9313752,0.0,0.0,1.3680159,0.0,0.6414795,0.0,0.0,0.0,1.5922545,0.0,2.0130727,0.0,0.04014642,0.9914987,2.4597907,0.6773144,0.13101867,0.9696014,1.0150399,0.0,0.0,0.0,0.0,1.4745501,0.0,0.0,1.617561,0.0,0.0,0.5232169,0.1061321,1.4979943,0.0,0.73736644,1.1006562,0.0,0
0.9651159,0.12962103,0.0,0.0,2.2251723,0.0,0.0,0.35342604,0.0,0.8394168,0.0,0.0,0.9588756,0.0,1.7556734,0.0,1.5774512,0.17189552,0.3943391,0.60339934,0.0,0.0,0.0,0.59841114,1.5200886,0.0,1.2298903,0.3041731,1.3308247,0.92912537,0.0,1.5435723,0.18445979,0.18115976,0.0,1.0586838,0.0,0.100313224,0.0,0.0,0.5785661,0.059135824,0.8258374,0.3186244,0.8199713,0.51751375,1.2033274,0.0,0.0,0.0,0.0,0.53644645,0.0,0.0,0.8907947,0.3157788,0.0,0.0,0.0,1.0422808,1.0760365,0.0,0.0,1.043313,0.0,0.0,1.4821302,0.19517505,0.83468896,0.0,0.58559906,0.0,1.1693996,1.321175,0.5016113,0.0,0.40395984,0.0,1.260496,1.3955286,0.0,0.0,0.332835,0.15319186,1.197189,0.9219649,0.014329274,1.4116025,1.1329448,0.07496863,1.7217096,0.0,1.1399614,1.5370618,0.33358356,0.0,1.1388302,0.100423686,1.6052005,1.6815466,1.2375916,0.0,1.9965978,0.31710246,0.0,0.514716,0.37429962,0.0,0.17047615,0.8156985,0.0,0.0,1.8890356,1.3472829,0.0,0.0,0.26554567,0.78944474,1.3738974,0.6728898,0.0,0.0,1.0803969,0.0,0.19689502,0.9671945,1.0573574,0.32648715,0.0,0.0,0.0,1.5367779,0.0,1.5076153,0.0,0.60756445,0.8959846,0.663265,0.0,0.69081956,1.4142184,0.0,0.0,0.0,0.60274225,1.4070754,0.0,0.33692136,0.537964,1.5347096,0.52359533,1.5763549,0.0,0.81027406,0.17111856,1.3904815,1.5417184,0.22417153,0.0,0.0,1.752044,0.0,0.076007865,0.6792026,0.252741,0.32521254,1.0852106,0.34704718,0.0,0.0,0.0,1.1798427,0.3895029,0.0,0.5056742,1.8758037,0.5994812,2.0685182,0.0,0.7047488,0.39486796,0.6740692,0.0,0.1800865,0.0,0.0,0.0,0.0,0.9515984,1.2739865,1.6315289,0.0,0.89851564,1.9862244,1.5858811,0.15178095,0.16955958,0.68142474,0.0,2.4418738,0.3653304,0.0,0.0,0.29805583,0.6510422,0.4189789,0.036658615,1.8505003,0.5612283,1.0122795,0.37603506,0.0,0.0,0.0,0.6057357,0.0,0.5848295,2.4880946,1.3245198,0.9537087,0.0,0.0,1.1117182,0.0,0.39508903,0.0,0.0,0.0,0.884684,0.0,1.0848827,0.0,0.5977699,0.75762296,0.29052794,0.15564658,0.034056336,0.27021006,0.85779756,0.0,0.89797753,0.6129923,0.08937839,1.2299136,0.0,0.0,1.4529061,0.0,0.0,0.07572697,0.9825348,0.58403707,0.0,0.0,0.37853843,0.0,0
1.5570102,0.52212006,0.0,0.2778757,1.2748871,1.036527,0.0,0.0,0.0,0.9289278,0.0,0.0,1.3264741,0.0,0.93216205,0.0,3.0658069,0.39173055,1.3976986,1.8615767,0.0,0.0,0.0,0.0,1.3082023,0.29412767,0.9273511,0.7286381,0.16734628,1.7034409,0.0,1.4351046,0.830972,0.0,0.0,1.4209957,0.0,0.73603046,0.0,0.0,2.2390559,0.19723353,1.470773,0.0,0.79481995,1.0344222,0.85703796,0.0,0.0,0.0,0.0,0.37398642,0.0,0.0,1.1632379,0.84828615,0.0,0.0,0.0,0.43640658,0.7175906,0.0,0.0,1.045476,0.0,0.4147807,1.2548943,0.303373,0.053748876,0.0,0.51006746,0.0,0.90751547,1.8297273,1.2328273,0.0,0.0,0.0,0.8071852,1.5820382,0.0,0.0,0.6159951,0.24006349,1.3410982,1.1052614,0.0,2.0673368,0.15445486,0.77650195,1.8026851,0.0,1.5681959,1.3534511,0.3597148,0.0,0.30224735,0.0,0.92527103,2.7268565,0.38071644,0.21180907,0.9751958,0.0,0.0,1.485124,0.52164084,0.0,0.0,1.4886295,0.0,0.0,2.817855,0.47949782,0.0,0.0,1.246178,1.5641896,0.38785347,0.12697151,0.0,0.0,1.1511426,0.0,0.0,1.1016597,0.8323172,1.4671286,0.0,0.0,0.0,0.71879804,0.10570505,1.3459212,0.0,1.1891146,2.0684638,1.6781292,0.0,0.0,1.3351057,0.52436435,0.0,0.0,0.11142734,0.81060916,0.0,0.28731498,0.6651622,0.5507612,0.030831762,1.2580463,0.07421854,1.7932221,0.8964605,0.65482014,0.96652144,0.18975702,0.3286843,0.0,1.2700096,0.7138831,1.1810803,0.0,0.0,0.95357543,1.3660578,1.1593626,0.42895165,0.0,0.0,0.83851063,0.21684656,0.0,0.2996276,1.6816901,0.44189212,2.1876683,0.0,0.40853357,0.22478116,0.74731284,0.0,0.6042939,0.0,0.0,0.8336977,0.0,1.5072198,1.495366,1.222924,0.0,0.96906525,0.642979,0.0,0.8945105,0.5740509,1.1759503,0.0,2.2890282,0.002436893,0.0,0.0,0.9564495,1.0279204,0.5443499,0.0,0.8250528,0.16693556,2.006512,0.81415254,0.42408532,0.0,0.028692981,0.6097247,0.0,0.66039246,2.9484537,2.1217673,0.50057304,0.0,0.0,0.0733994,0.0,0.0,0.0,0.0,0.0,0.52071434,0.0,1.0261678,0.0,0.08375603,0.0,0.60236704,0.0,0.23784465,0.0,1.2331189,0.0,0.41073954,0.0,0.79911226,0.7710125,0.0,0.0,1.3067546,0.0,0.0,1.4395654,1.5390201,0.0,0.0,0.47818777,0.0,0.0,1
0.9427853,0.9580431,0.0,0.0,1.8709973,0.1215309,0.0,1.3067427,0.0,1.4016987,0.0,0.2721066,1.1384606,0.0,1.5625687,0.0,1.2019088,0.025691612,0.44965675,0.0,0.0,0.0542192,0.26546276,1.687859,2.3864973,0.0,1.9350021,0.0,1.8487864,0.015675902,0.03881684,1.8397099,0.0,0.0,0.0,0.97530186,0.0,0.48986182,0.0,0.0,0.0,0.0,0.3809013,0.0,0.9642407,0.20556702,1.5637429,0.0,0.0,0.4551671,0.0,1.2199286,0.0,0.0,0.43618983,1.0351,0.0,0.0,0.0,0.5546856,0.8190287,0.0,0.0,2.33672,0.1078061,0.0,2.298567,0.55623895,1.2834516,0.0,0.958381,0.0,1.8116255,0.63707453,0.29945746,0.0,0.735423,0.0,1.251827,0.79974735,0.0,0.0,1.0182884,0.42487162,0.3474068,1.154994,1.2449709,0.30311507,1.2932183,0.0,0.49573743,0.0,1.5353942,1.6528181,0.0,0.0,0.7121986,1.1564832,1.7212002,0.82343626,1.5155532,0.0,1.874272,0.6728878,0.0,0.662937,1.1298252,0.0,0.0,0.0,0.0,0.0,1.6232153,0.6822487,0.0,0.0,0.0,2.1594822,1.6359706,1.0317327,0.0,0.0,1.3545784,0.0,0.0,0.0,0.0,0.3728968,0.0,0.0,0.0,2.4212089,0.0,2.9634607,0.0,0.7719417,0.68911487,0.45328972,0.0,2.019564,1.2543021,0.0,0.0,0.0,0.88344765,1.1992565,0.0,0.056820247,0.17390238,1.4871811,1.5876139,0.0,0.0,0.9442515,0.91161567,2.146354,1.9236125,0.0,0.0,0.0,1.4670085,0.0,0.8405448,0.93438196,1.5323405,0.0,1.4578956,0.88494015,0.5978082,0.0,0.0,2.1558867,0.98332655,0.15213251,0.4588991,2.5028732,0.7185817,2.510502,0.0,1.7209252,0.41379425,0.28212416,0.0,0.38323852,0.0,0.0,0.15466423,0.0,0.23668307,0.7012987,2.6268404,0.0,0.874641,2.401438,1.3964787,0.0,1.5347803,0.48359343,0.0,2.252016,0.80548865,0.0,0.0,0.36058512,0.533079,0.0,0.6452591,1.6795596,0.0,0.8574346,1.3599211,0.0,0.0,0.012138458,1.08274,0.0,0.26314104,2.3436186,1.0817866,0.739813,0.0,0.16598833,1.7141865,0.0,0.39970145,0.0,0.0,0.0,0.64371556,0.0,2.3119853,0.0,1.0463701,0.8164728,2.5041554,1.9420705,0.0,0.5440987,0.74133945,0.0,0.37475526,0.0,0.0,1.5700952,0.0,0.0,2.380504,0.0,0.0,0.19208923,0.20634341,1.0521923,0.0,0.14167818,0.0,0.0,0
1.1325706,0.26436892,0.0,0.0,1.528958,0.0,0.0,1.1672472,0.0,1.5127759,0.0,0.14322034,1.2589821,0.0,1.6445374,0.0,0.9383856,0.0,0.71276784,0.0,0.0,0.0,0.0,1.526899,2.178752,0.112968475,1.4336969,0.0,1.123343,0.45035294,0.0,1.8028623,0.0,0.0,0.0,0.877739,0.0,1.025245,0.0,0.0,0.14186892,0.22843471,0.6767457,0.0,0.5257393,0.47767442,0.7717405,0.0,0.0,0.0,0.0,1.2436584,0.0,0.0,0.3874413,0.71035343,0.0,0.0,0.0,0.4406637,1.284197,0.0,0.0,1.7911808,0.0,0.0,2.0526435,0.077592164,1.07546,0.0,0.7238028,0.0,1.5094872,1.0303807,0.82407415,0.0,1.1685638,0.0,1.3659734,0.6600501,0.0,0.0,1.4476308,0.6272248,0.044856608,1.2550867,0.08916023,0.27379,1.2860115,0.23346919,0.7632363,0.0,1.404523,1.3572565,0.0,0.0,0.7021462,0.28738636,1.5422843,1.784111,0.94377977,0.0,1.9961486,1.1127493,0.0,0.18653636,0.7447043,0.0,0.0,0.14585407,0.0,0.29003853,1.5620879,0.9517644,0.0,0.0,0.31480956,0.84635305,1.1498295,1.2225724,0.0,0.0,1.513957,0.0,0.0,0.0,0.28821343,0.0,0.0,0.0,0.0,2.0678847,0.09575549,1.6913768,0.0,1.6201644,0.9516254,0.85949266,0.19846939,1.1923404,1.4863663,0.11780026,0.055982046,0.0,0.9511843,1.5250247,0.0,0.5295588,0.05111949,1.4134281,0.74583685,0.7692481,0.0,0.80446404,0.45580715,1.592663,1.7830082,0.16850446,0.0,0.0,2.0584755,0.0,0.7277316,1.0219518,1.2589157,0.46462208,1.2815454,0.53054696,0.20078418,0.0,0.0,1.7453723,0.61528933,0.0,1.351966,1.9314611,0.5622619,2.5335896,0.0,0.94460475,0.02461114,0.123961724,0.0,0.23294431,0.0,0.0,0.42781636,0.0,0.6160933,0.46474585,2.2223654,0.0,0.63939077,1.94358,1.0722742,0.21396445,1.1717236,0.34496516,0.0,1.9887459,0.93604356,0.0,0.0,0.0,0.28792042,0.0,0.41319206,1.262068,0.2738618,0.8601548,0.18761492,0.0,0.0,0.1672601,0.98145056,0.0,0.24546848,2.2770724,0.5939679,0.9018042,0.0,0.0,1.5715246,0.0,0.74921083,0.0,0.0,0.22842048,1.15978,0.0,2.0001037,0.0,0.30089468,1.0785184,1.8608297,0.87197924,0.0,0.9586485,0.7686842,0.0,0.0,0.19835389,0.21655929,1.4417915,0.0,0.0,1.9317245,0.0,0.0,0.5745818,0.6242789,0.8113385,0.0,0.25878146,0.56225234,0.0,0
0.5250534,1.5538932,0.0,0.0,1.8653286,0.32360795,0.0,1.0578138,0.0,1.589819,0.0010147039,0.0,0.63470006,0.0,0.8278865,0.0,1.447338,0.0035606753,0.0,0.0,0.0,0.0,0.67607987,1.084001,1.5311024,0.0,1.6450026,0.0,1.6519216,0.5049546,0.0,1.3200625,0.0,0.0,0.0,1.1384759,0.0,0.28798494,0.0,0.0,0.5378224,0.35808483,0.38774234,0.0,0.87888813,0.75271606,0.74337256,0.0,0.0,0.6054274,0.0,0.70604724,0.0,0.0,0.9371028,1.0054092,0.0,0.0,0.0,0.1392731,0.90892,0.0,0.0,1.5846688,0.0007489781,0.056608126,2.3244665,0.6412499,0.36256337,0.0,0.7202497,0.0,0.96010417,1.1043175,0.10322463,0.0,0.0,0.0,0.93635887,0.37272424,0.0,0.0,0.4147575,0.0,0.34513867,1.2192369,1.4972883,0.29081345,0.38425982,0.23209602,0.74274576,0.0,1.1642386,1.7909446,0.0,0.58657926,1.1608025,1.0126477,1.1455879,1.1479886,1.2117776,0.6119815,1.4458997,0.35141975,0.0,0.5267486,0.8589198,0.0,0.05586971,0.0,0.0,0.31248015,1.4197124,0.8048047,0.0,0.0,0.0,1.8789186,1.000774,0.59207475,0.0,0.0,0.9959271,0.0,0.0,0.43615252,0.0,0.45647156,0.0,0.0,0.0,2.3215923,0.2982221,1.8243506,0.0,0.18303584,0.5352314,0.32452926,0.0,1.2845123,0.53915024,0.049911793,0.0,0.0,0.02745497,1.4856353,0.1237877,0.5533789,0.044866517,1.7157001,1.5531402,0.0,0.0,0.48281598,0.0,1.5255063,1.2030563,0.0,0.0,0.0,0.89741296,0.0,0.6424481,1.1197773,1.3655417,0.37819242,1.6013831,1.4534105,0.21683374,0.0,0.0,1.823615,0.74332666,0.05318186,0.7523204,2.0174296,0.65944636,2.2688754,0.0,1.0401182,0.01573732,0.1730997,0.0,0.5670281,0.26128736,0.0,0.14845799,0.0,0.3837304,0.81674457,1.9313526,0.0,1.0498875,1.8948166,0.9423776,0.29552993,0.81360376,0.09981041,0.0,1.8031309,0.4674161,0.0,0.0,0.0,0.0,0.029195711,0.10571715,1.4695704,0.3316135,0.67696506,1.2199751,0.027288089,0.0,0.0,0.44824645,0.0,0.0,1.624607,1.1787585,0.7274389,0.0,0.0,1.0114707,0.0,0.26406074,0.0,0.0,0.76372623,0.9204319,0.0,1.1789055,0.0,0.79037994,0.6510501,1.2242824,1.7842246,0.08668363,0.0,1.085687,0.0,0.27462325,0.0,0.0,1.6761568,0.0,0.0,1.4298506,0.0,0.0,0.16163687,0.3249613,0.81363326,0.0,0.8982387,0.0009930707,0.022409672,0
1.5049543,0.617617,0.0,0.0,1.4197586,0.0,0.0,0.414461,0.0,1.4515998,0.0,0.0,1.44,0.0,1.4210054,0.0,1.0326638,0.0,0.25454432,0.0,0.0,0.0,0.0,0.9921234,2.7190175,0.22177114,1.722603,0.0,1.0848256,0.81998956,0.030417887,1.3348483,1.0342351,0.0,0.0,0.9949122,0.0,0.64173126,0.0,0.0,0.97337365,0.0,0.20057617,0.34699443,0.4792845,0.29131827,1.4935017,0.0,0.0,0.14065546,0.0,0.4660948,0.0,0.0,1.0192463,0.10168326,0.0,0.0,0.0,0.7901836,0.70524293,0.0,0.0,1.6540332,0.02386889,0.0,1.8685635,0.08621172,1.0330791,0.0,0.45515785,0.0,1.6657162,1.4057212,0.8276693,0.0,0.76752996,0.0,1.4625878,0.91762966,0.19246502,0.0,1.1397004,0.7464273,0.8837076,1.435093,0.78630596,1.3577344,0.7464291,0.38397866,1.1465875,0.0,1.6631347,1.668368,0.25652495,0.0,0.728842,0.34452355,1.6425705,2.1660001,1.8046166,0.0,2.6309333,0.51987654,0.0,0.50766754,1.1840839,0.0,0.13332565,0.35005665,0.0,0.0,2.3870244,0.35694158,0.0,0.0,0.0,1.0255138,1.3776551,1.2585336,0.0,0.0,1.5980427,0.0,0.0,0.4689979,0.28081578,0.73712444,0.0,0.0,0.0,1.8517977,0.0030730632,1.5660741,0.0,1.0609936,1.3787907,0.59795874,0.0,1.105756,0.8279436,0.41332138,0.0,0.0,1.1342115,1.6263541,0.0,0.22939412,0.1388119,1.6756866,1.1748121,1.3296252,0.0,0.902329,0.7143019,1.6231613,1.8185859,0.0,0.0,0.0,2.384618,0.0,0.47952178,0.17546174,0.6486131,0.014887082,1.044947,0.5214935,0.6671489,0.0,0.0,1.7657242,0.49752852,0.0,0.5825384,2.2019775,0.5496597,2.0630515,0.0,1.0340948,0.43539372,1.0717491,0.0,0.2423898,0.0,0.0,0.0,0.0,1.3516946,1.4742002,2.3976357,0.0,0.76442593,2.1488748,1.4316864,0.0,0.43436348,1.3439893,0.0,2.6251614,0.5835913,0.0,0.0,0.24448201,0.77634156,0.1356827,0.3844691,1.8838252,0.0,0.96380234,0.37178686,0.34895542,0.0,0.6629688,0.8077861,0.0,0.0,3.0280435,1.2627021,0.79825467,0.0,0.0,1.774759,0.0,0.17827624,0.0,0.0,0.0,0.57428116,0.0,1.938017,0.0,1.1087044,0.50619817,1.1461698,1.3717934,0.0,0.40334055,0.78581154,0.0,0.5451332,0.0,0.0,1.4949654,0.0,0.0,1.9497509,0.0,0.0,0.25534204,0.8498747,1.0307093,0.0,0.03642208,0.0,0.0,0
0.97577924,0.7016925,0.0,0.0,1.7317139,0.273174,0.0,0.96936727,0.0,0.9410558,0.0,0.054108296,1.6344098,0.0,1.2867694,0.0,1.2205079,0.0,0.09432179,0.0,0.0,0.0,0.0,1.1086202,2.3887632,0.0,1.8280221,0.0,0.74507105,0.4745637,0.27851257,2.0293567,0.6600399,0.0,0.0,1.1163558,0.0,0.51657045,0.0,0.0,0.50919247,0.32078925,0.2948652,0.0,0.83698815,0.45678386,1.5582857,0.0,0.0,0.3648484,0.0,0.7656153,0.0,0.0,0.84277695,0.6321449,0.0,0.0,0.0,0.5684444,1.3185883,0.0,0.0,2.0976453,0.0,0.06250171,1.772479,0.35290012,0.9748114,0.0,0.8277096,0.0,1.6172421,1.0801373,0.5633948,0.0,0.86140084,0.0,1.2502644,1.0614847,0.0,0.0,0.77234155,0.49043822,0.7328217,1.1251224,0.6883842,1.743384,0.7699842,0.27866557,0.9560603,0.0,1.1826419,1.2572932,0.18895945,0.0,0.77532655,0.28001577,2.0237105,1.5002831,2.1965985,0.26724216,1.7972256,0.4570385,0.0,0.20488904,1.1717198,0.0,0.0,0.0,0.0,0.093267016,2.18324,0.44778204,0.0,0.0,0.0,0.8976326,0.8812174,1.1699227,0.0,0.0,1.9317477,0.0,0.0,0.3563428,0.2902392,0.0,0.0,0.0,0.0,2.2185798,0.04722288,1.518612,0.0,1.2458932,0.97506005,1.1380746,0.0,1.1502725,1.1929398,0.0,0.0,0.0,0.41769907,1.6844959,0.0,0.023702031,0.0,1.126123,0.93410265,1.0086474,0.0,0.77982277,0.53361785,1.4403999,2.1736624,0.0,0.0,0.0,1.6539003,0.0,0.4900222,0.75941294,1.0757804,0.41256982,1.1857932,0.5834575,0.30439898,0.0,0.0,1.3107466,0.41072902,0.0,0.8848114,2.1861463,0.5747525,2.521495,0.0,0.8193528,0.41932902,0.105847426,0.0,0.73507696,0.0,0.0,0.0,0.0,1.0688689,1.0490558,2.1361914,0.0,1.3311964,1.5703144,1.381796,0.068234295,0.90638304,0.41012025,0.0,2.8177485,0.894337,0.0,0.0,0.16883364,0.6581247,0.19619222,0.42904413,1.7674581,0.0,0.98583287,0.46275878,0.16900982,0.0,0.097220324,0.9217379,0.0,0.45639098,2.9386237,1.3890396,1.1492152,0.0,0.0,1.2991598,0.0,0.2789983,0.0,0.0,0.0,0.82740426,0.0,1.7293712,0.0,0.8986779,1.2296178,1.2388079,1.9784467,0.0,0.47546938,0.7321031,0.0,0.26560873,0.0,0.0,1.4569775,0.0,0.0,1.9367481,0.0,0.0,0.09448297,0.62907755,0.76992,0.0,0.7911566,0.0,0.0,0
1.161788,1.1640699,0.0,0.0,2.5014288,0.0,0.0,2.2051618,0.0,2.077236,0.0,0.56021386,1.4104308,0.0,1.5665315,0.0,0.7624562,0.0,0.09440164,0.0,0.0,0.0,0.0,2.8164313,1.9725271,0.0,2.1142178,0.0,2.5028658,0.23511481,0.33594275,1.8054038,0.12688957,0.35926062,0.0,0.5665278,0.0,0.5829304,0.0,0.0,0.0,0.0,0.0,0.0,1.1108032,0.68398565,1.798602,0.0,0.0,0.0,0.0,1.6940023,0.0,0.0,0.0,0.63667583,0.0,0.0,0.0,1.0408876,1.6200179,0.0,0.0,2.9959545,0.0,0.0,2.9501708,1.3505851,1.8304224,0.0,0.953691,0.0,2.4963794,0.0,0.0,0.0,1.1048764,0.0,1.1201745,0.24475926,0.58026576,0.0,0.86318415,0.0,0.7204199,0.94416106,2.336282,0.17349818,1.7195176,0.14687966,0.9768843,0.0,0.32151404,1.9593358,0.0,0.0328489,1.3214684,1.3374902,3.045519,0.54534554,2.1579146,0.0,3.0917354,1.9395077,0.0,0.15949446,0.9058091,0.0,0.36288223,0.0,0.0,0.33473873,1.090365,0.5804468,0.0,0.0,0.0,1.6071055,1.4532925,0.8867472,0.0,0.0,2.0399551,0.0,0.0,0.0,0.0,0.0,0.0,0.0,0.0,3.9557185,0.2694889,3.354337,0.0,0.61345756,0.0057032458,0.604404,0.34379706,2.4287736,0.63127214,0.0,0.0,0.0,1.3851765,2.1561272,0.0,0.658055,0.0,2.7545972,2.472003,0.0,0.0,0.0,0.7760441,2.7331963,2.0775356,0.0,0.0,0.0,2.5242767,0.0,0.55924726,1.2262385,2.4845448,0.0,0.8218822,0.45402366,0.44112653,0.0,0.0,2.755215,1.0679798,0.7780383,1.1922966,1.8001819,0.689168,2.6276393,0.0,1.8488318,0.0,0.0,0.0,0.0,0.14498766,0.0,0.0,0.0,0.27392057,0.0,2.3803024,0.0,0.43268704,3.5264962,2.5707116,0.0,1.8380947,0.0,0.0,2.8618906,2.0220249,0.0,0.0,0.0,0.60143083,0.0,0.7914038,1.7743826,0.0,0.1874281,1.1202484,0.0,0.0,0.0,1.08759,0.0,0.0,2.1095614,0.20133913,1.2975496,0.0,0.23220241,2.0854971,0.0,0.6075687,0.0,0.0,0.0,1.0485064,0.0,2.064576,0.0,1.8360769,1.3197107,2.644121,2.557101,0.0,0.033507075,1.2075821,0.0,0.30347243,0.0,0.0,2.077367,0.0,0.0,2.4478369,0.0,0.0,0.0,0.1224024,1.9231197,0.0,0.75317955,0.0,0.0,0
0.7914235,1.2567886,0.0,0.0,1.4332552,0.013310101,0.0,0.50929683,0.0,1.2907223,0.0,0.0,0.6265764,0.0,1.7393433,0.0,1.3705457,0.062047284,0.07726145,0.0,0.080338806,0.0,0.5504308,1.019651,2.2112823,0.09478322,1.1811111,0.0,1.9262415,0.32950127,0.0,1.2141223,0.0,0.0,0.0,1.0470912,0.0,0.6664665,0.0,0.0,0.15030108,0.15022096,0.5564753,0.0,1.2293961,0.0,0.48431385,0.0,0.0,0.2358986,0.0,1.1833936,0.0,0.0,0.9639774,1.1555274,0.0,0.0,0.0,0.0,0.7670491,0.0,0.0,1.4144369,0.0,0.0,2.4912755,0.28103223,0.76312286,0.0,1.3629627,0.0,1.0591661,0.5540233,0.31996417,0.04699372,1.1380808,0.0,0.494959,0.74478906,0.0,0.0,0.0,0.26800805,0.22825468,0.5088748,1.0706936,0.14939843,1.1018037,0.0,0.27069277,0.0,1.362462,1.84491,0.0,0.0,0.9222275,0.7939237,1.12188,1.4696493,1.1864684,0.0,2.0915918,1.2316209,0.0,0.0,1.3987318,0.0,0.17537285,0.0,0.0,0.22135387,0.39111963,1.9478494,0.0,0.0,0.0,1.29474,1.9304973,0.8181595,0.0,0.0,1.615627,0.0,0.3398427,0.49094024,0.0,0.0,0.0,0.0,0.0,2.4052022,0.36048186,2.44117,0.0,0.9043656,0.19489889,0.11853498,0.45095426,1.9939239,1.2711896,0.0,0.0,0.0,0.45953393,1.5588048,0.0,0.442549,0.7445676,1.4667388,1.4449915,0.0,0.0,0.07898025,0.71992594,1.8120227,1.1599523,0.0,0.0,0.0,1.3677241,0.0,0.59862375,1.0701168,1.2207481,0.0,1.9456657,0.7743505,0.46694586,0.0,0.0,1.5150278,1.4881324,0.0,0.52546126,2.1737514,1.5396852,2.3302662,0.0,1.3706555,0.050209545,0.0,0.0,0.29086488,0.0,0.0,0.09881887,0.0,0.22508341,0.0,2.3410385,0.0,1.1326227,1.748533,1.7052792,0.059052274,0.8170936,0.13729848,0.0,1.8729615,0.480918,0.0,0.0,0.0,0.17750815,0.0,0.6993829,2.2794771,0.0,0.4851487,1.1319103,0.5028612,0.0,0.13411191,0.8210653,0.0,0.25596562,2.025402,0.48696035,0.91912967,0.0,0.0,1.7639703,0.0,0.0,0.0,0.0,0.61370647,0.772473,0.0,1.6989796,0.0,1.5582191,0.68655753,1.3848572,1.2514304,0.009828121,0.7421775,0.78996795,0.0,0.0,0.0,0.0,1.2197256,0.0,0.0,2.0703294,0.0,0.0,0.0,0.0,1.6703246,0.0,0.39812323,0.3132033,0.0,0
1.0713305,0.7958225,0.0,0.0,2.8699486,0.0,0.0,2.6596122,0.0,2.4844222,0.0,0.0,2.173448,0.0,1.7887456,0.0,0.0,0.0,0.0,0.0,0.5893335,0.0,0.0,2.8651483,2.733692,0.0,3.0200865,0.46392238,2.274926,0.0,0.0,2.966624,0.0,0.45653594,0.0,0.6595712,0.0,0.43157893,0.0,0.0,0.0,0.0,0.0,0.0,1.0129058,1.3365892,1.7929056,0.0,0.0,0.0,0.0,2.2735274,0.0,0.0,0.0,0.43904728,0.0,0.0,0.0,0.66809773,1.583255,0.0,0.0,3.2511551,0.0,0.0,2.979564,0.0,2.6222606,0.0,0.9357976,0.0,2.688706,0.80041975,0.12305378,0.0,2.436573,0.0,1.8703516,0.0,0.23834443,0.0,1.3202232,0.5499588,0.109374225,0.77529836,0.5953903,0.0,2.9161394,0.0953254,0.71444523,0.0,1.5523481,1.7771173,0.0,0.0,2.7136996,0.49640423,2.1213117,0.53356934,2.3959258,0.0,2.0607557,1.674587,0.0,0.0,0.0,0.0,0.3235825,0.23383045,0.0,0.9170276,0.8117121,1.7207708,0.0,0.0,0.0,1.0113833,1.9447304,1.4723812,0.0,0.0,2.0956435,0.0,0.0,0.0,1.2572709,0.0,0.0,0.0,0.0,3.6573296,0.33278817,2.8220732,0.0,0.62087375,0.0,0.5106176,0.0,1.4524287,1.2691939,0.0,0.8698685,0.0,1.7632571,2.4724817,0.0,1.1147252,0.0,2.667884,0.8044792,0.33878228,0.0,0.7071416,0.10929818,3.0527997,3.0456276,0.60729355,0.0,0.0,3.5463681,0.0,1.0329218,2.0088894,2.704505,0.10919951,0.12640946,0.0,0.1899522,0.0,0.0,2.8003664,0.558366,0.30622983,1.2782894,1.914743,0.74825495,3.071956,0.0,1.6056212,0.0,0.0,0.0,0.0,0.0,0.0,0.0,0.0,0.6114086,1.0842329,2.394477,0.0,0.4374164,2.531593,2.7120352,0.5132416,1.4589074,0.0,0.0,1.2877005,1.7984569,0.0,0.0,0.0,0.052177146,0.009858813,0.3895525,2.303401,0.0,0.16816927,0.8914748,0.0,0.0,0.06640699,1.4521552,0.0,0.1946617,1.4062121,0.0,1.857316,0.0,0.0,2.3016562,0.0,0.50111973,0.0,0.0,0.0,2.2568748,0.0,2.9299748,0.0,2.1668134,2.78134,3.0673132,1.7813536,0.0,1.1368579,0.0,0.0,0.0,1.5055119,0.0,1.7385427,0.0,0.0,2.9743915,0.0,0.0,0.0,0.0,2.381713,0.021523353,0.0,1.1139021,0.0,0
1.4701324,1.2314425,0.0,0.0,1.5727067,0.2648675,0.0,1.4314114,0.0,1.466834,0.0,0.48179552,1.2351464,0.0,1.3700944,0.0,1.9901459,0.65183693,0.0,0.30583814,0.0,0.0,0.0,1.145289,2.052989,0.03431112,1.4838872,0.56882507,0.43769467,0.04420054,0.115431964,1.8154033,0.52879065,0.0,0.0,1.5956213,0.0,0.25323498,0.0,0.0,0.8411987,0.03836277,0.6031004,0.0,0.5981263,0.41100016,1.0841087,0.0,0.0,0.3874578,0.0,0.9579776,0.0,0.0,0.4242676,0.66545004,0.0,0.0,0.0,0.3277042,0.9156047,0.0,0.0,1.4565676,0.0,0.0,2.1273558,0.26023176,0.5532231,0.0,1.3356199,0.0,0.97785044,1.040506,0.77764034,0.0,0.43183324,0.0,1.2028728,0.49348375,0.06446605,0.0,0.71812075,0.51352775,0.8311084,1.1709436,0.695844,0.77472836,1.1490687,0.0,0.48632768,0.0,1.7198149,1.2670162,0.0,0.0,1.0883442,0.6101667,1.5017208,1.6576489,1.1439027,0.093270175,1.7397071,0.055684052,0.0,1.2578584,1.1644285,0.0,0.0,0.22685966,0.0,0.0,1.2165239,0.1732596,0.0,0.0,0.0,1.7275099,1.3583566,0.95233315,0.0,0.0,0.7189201,0.0,0.0,0.36574346,0.19728862,0.35948157,0.0,0.0,0.0,2.300552,0.0,1.8457788,0.0,0.7357627,0.89322424,0.6608191,0.0,1.8385941,0.4038606,0.0,0.0,0.0,0.64290166,1.0789275,0.0,0.15602073,0.072809234,1.5110534,0.571578,0.0,0.0,0.9303292,0.30549896,1.5249932,1.3671447,0.0,0.0,0.0,1.8864889,0.16352463,0.92229396,0.3310097,1.5613943,0.21686338,1.0285048,0.74063283,0.14551213,0.0,0.0,1.1716412,0.74136055,0.0,0.8256671,2.9312084,1.1542776,2.408575,0.0,0.6465595,0.5010137,0.2686075,0.0,0.756234,0.0,0.0,0.47003862,0.0,0.4324442,0.43283278,2.050431,0.0,0.5595169,1.1731725,1.3711365,0.0,1.4777114,0.8219307,0.0,1.6742042,1.1821824,0.0,0.0,0.1066892,0.5564463,0.10759898,0.3549851,0.8827158,0.35341287,0.94186,1.2185991,0.0,0.0,0.0,1.0904908,0.0,0.12572393,2.1825287,1.7140218,1.2029886,0.0,0.095738314,0.6874644,0.0,0.21426174,0.0,0.0,0.0,1.3311577,0.0,1.4739337,0.0,0.98354346,0.23323496,1.3289638,1.095322,0.0,0.0,0.09088329,0.0,0.30276084,0.0,0.0,1.7461042,0.0,0.0,1.999434,0.0,0.0,0.03904067,1.0717626,1.1145335,0.0,0.0,0.0,0.0064636706,0
1.312454,0.7985767,0.0,0.0,2.1333005,0.2699397,0.0,0.81396174,0.0,0.9768739,0.0,0.5780594,1.4225746,0.0,1.110467,0.0,1.4469934,0.0,0.0,0.0,0.0,0.0,0.10628017,0.6533029,2.1622052,0.11503875,1.1473153,0.0,1.7457727,1.1707063,0.0,1.3265133,0.13344,0.0,0.0,1.3330659,0.0,0.4597819,0.0,0.0,0.8541162,0.10824606,0.336143,0.0,1.1815003,0.780928,1.3014288,0.0,0.0,0.0,0.0,1.3739327,0.0,0.0,0.7393576,0.21293026,0.0,0.0,0.0,0.95501196,0.84785277,0.0,0.0,1.3901912,0.0,0.48028055,1.7438015,0.7767909,1.1164799,0.0,0.84106636,0.0,1.502264,0.47374412,0.0,0.0,0.5668303,0.0,0.8685677,1.4102314,0.0,0.0,0.0310537,0.0,0.85811746,0.7888653,0.5858099,0.60011405,1.0221539,0.0,1.0097513,0.0,1.4503268,1.8243965,0.0,0.0,0.8560588,0.6424652,1.6497073,1.8055564,1.8617516,0.0,1.54786,0.80670375,0.0,0.6093834,0.36151442,0.0,0.14271374,0.06485759,0.0,0.0,1.1955702,1.1917658,0.0,0.0,0.16247146,1.4011898,1.2242095,0.5676095,0.0,0.0,0.5234294,0.0,0.0,0.5226746,0.0,0.28698695,0.0,0.0,0.0,2.0998578,0.0,1.5605344,0.0,0.7285534,0.0,0.26287815,0.0,1.4343796,1.3183804,0.0,0.0,0.0,0.3362621,1.416395,0.0,0.30687466,0.5749687,2.284575,1.5363206,0.6421182,0.30460653,0.35029152,0.7512172,1.390031,1.2043605,0.0,0.0,0.0,1.498069,0.0,0.6135413,1.0840136,1.507155,0.0,1.7046403,1.1474974,0.093328364,0.0,0.0,1.6696361,0.29164767,0.0,0.71863824,1.7062647,1.5508748,2.1355274,0.0,1.4181527,0.5460872,0.5396411,0.0,0.63096076,0.0,0.0,0.03895201,0.0,0.63556176,0.37258512,2.549491,0.0,0.39668742,2.4399993,1.697172,0.12062821,0.6744152,1.0447843,0.0,2.4533489,0.4979831,0.0,0.0,0.0,0.0,0.0,0.44155863,1.9061035,0.5953823,0.7347376,1.3695124,0.0,0.0,0.17600395,0.66802716,0.0,0.0,2.5615988,0.92959183,0.9661914,0.0,0.0,1.0497817,0.0,0.0,0.0,0.0,0.016432371,0.57497543,0.0,1.702449,0.0,0.49067014,0.08403164,1.4726946,1.08029,0.8224904,0.32433185,0.5573354,0.0,0.36466604,0.0,0.0,1.9060442,0.0,0.0,1.5961206,0.0,0.0,0.062578425,0.4961244,1.0415231,0.0,0.0,0.0,0.0,0
0.8890102,0.63472736,0.0,0.11112429,1.5467172,0.0,0.0,1.2578144,0.0,1.5436866,0.0,0.0,1.4514446,0.0,1.5484726,0.0,0.19985414,0.5372436,0.90818876,0.006026181,0.0,0.0,0.0,1.5058289,3.0225143,0.57509506,2.3302882,0.0,0.6672791,0.59760857,0.0,1.45552,0.0,0.0,0.0,0.5204608,0.0,0.8425275,0.0,0.0,0.0,0.31374827,0.46708167,0.024220128,0.64926887,0.6337159,1.1131082,0.0,0.0,0.0,0.0,0.8498177,0.0,0.0,0.17667559,0.81105065,0.0,0.0,0.0,0.46900442,1.2208525,0.0,0.0,2.0594602,0.0,0.0,1.6926385,0.13056508,0.7874914,0.0,0.56283575,0.0,1.5444553,0.6987334,1.2021338,0.0,1.1949435,0.0,1.3380036,0.54886067,0.0,0.0,1.1281,0.046532933,0.5551351,1.4558322,0.0,1.038088,1.2472258,0.43148047,1.2129565,0.0,0.6441728,1.8112032,0.0,0.0,1.1127756,0.48025084,1.5533895,1.6150444,1.0350059,0.0,2.1907172,1.3924,0.0,0.07062913,0.74663246,0.0,0.0,0.0,0.0,0.7228723,2.4675589,0.64641076,0.0,0.0,0.0,0.82844496,1.3456774,1.2795756,0.0,0.0,1.1127971,0.0,0.0,0.0,0.032446854,0.0,0.0,0.0,0.0,2.093523,0.6307668,1.5719544,0.0,1.1242248,0.93322426,0.54401773,0.0,1.182819,1.0648439,0.0,0.0,0.0,0.7778826,1.8923273,0.0,0.0,0.14104322,1.694521,0.6327445,0.07633768,0.0,0.5860309,0.25401253,1.6160841,2.5613294,0.43038315,0.0,0.0,1.6545652,0.0,0.51264566,0.73111725,1.7031426,0.28316194,0.97597194,0.019078078,0.0,0.0,0.0,1.2087511,0.63466716,0.0,1.3075256,2.1838293,0.385716,2.3670712,0.0,0.5505471,0.18944916,0.17668241,0.0,0.15034378,0.0,0.0,0.5370027,0.0,0.42786735,0.7614504,2.208082,0.0,1.0391504,2.2410083,1.5794232,0.44501823,0.6264758,0.0,0.0,1.6841545,1.3127851,0.0,0.0,0.0630994,0.0114150485,0.22663869,0.0,1.5917195,0.16555925,0.54987794,0.3468679,0.0,0.0,0.0,0.29867452,0.0,0.38287959,1.9871961,1.1207913,0.96260154,0.0,0.0,1.5284046,0.0,0.7998031,0.0,0.0,0.08784741,1.5481694,0.0,1.5194625,0.0,0.47312546,1.2126371,1.8436261,1.3307755,0.0,1.4155533,0.5607031,0.0,0.0,0.43957525,0.23700061,1.7340502,0.0,0.0,1.6407617,0.0,0.0,0.87202424,0.1419349,0.53063357,0.0,0.9865438,0.0,0.0,0
0.70419973,0.33272064,0.0,0.0,3.1788008,0.0,0.0,1.6507261,0.0,1.3405578,0.0,0.0,1.8185574,0.0,1.8332303,0.0,0.5012835,0.2584339,0.66762966,0.0,0.25406525,0.006062759,0.0,2.7023451,2.6721838,0.91147405,2.7046638,0.0,2.5701413,0.66166204,0.52734363,1.9167005,0.0,0.4086492,0.0,1.156971,0.0,0.12006644,0.0,0.0,0.0,0.0,0.0,0.0,0.70372605,0.55619437,1.1764398,0.0,0.0,0.0,0.0,2.8443089,0.0,0.0,0.0,0.887931,0.0,0.0,0.0,0.13993941,1.4967217,0.0,0.0,1.6448216,0.0,0.0,3.466788,0.0,1.8034506,0.0,0.6328306,0.0,2.5696251,0.1687617,0.23314248,0.0,1.4645319,0.0,1.3977078,0.0,0.4795739,0.0,0.5895333,0.19372797,0.61648107,0.41588905,1.1015841,0.0768386,2.1966836,0.0,0.22523479,0.26102552,1.6501275,2.2854602,0.0,0.0,2.3987286,2.09503,1.6879306,0.7804427,1.6968052,0.67434645,1.51562,1.3993679,0.0,0.0,0.81251174,0.0,0.4000783,0.0,0.0,0.69075507,1.42072,1.9257343,0.0,0.0,0.0,0.6517604,2.4066184,1.3628287,0.0,0.0,1.602655,0.0,0.0,0.0,1.2405553,0.0,0.0,0.0,0.0,3.9243374,0.49158397,3.599439,0.0,0.42406613,0.22441845,0.98033035,0.0,0.8868837,1.2742475,0.0,0.0,0.0,0.68391156,3.229123,0.0,0.0,0.16563682,3.5529137,2.0210073,0.0,0.0,0.21845372,0.09362484,2.2671318,1.9351085,0.46477684,0.0,0.0,1.6537483,0.0,0.0,1.2926317,3.2207537,0.0,1.2085222,0.37522388,0.0,0.0,0.0,2.9737825,1.4356118,0.13598979,0.18175228,3.9585526,1.9777557,3.0812066,0.0,2.6295228,0.11004009,0.0,0.0,0.07788086,0.0,0.040533926,0.0,0.0,0.0,0.0,2.2817633,0.0,0.9402675,2.580906,2.4951243,0.0,0.4477875,0.49008018,0.0,2.0811033,1.4276123,0.0,0.0,0.0,0.18144956,0.37893343,0.3086566,1.9440804,0.0,0.40269887,0.19125396,0.31960225,0.0,0.0,0.7975683,0.0,0.0,2.3576052,1.2491524,1.540031,0.0,0.05724288,1.8984258,0.0,0.0,0.0,0.0,0.0,1.8284538,0.0,1.7766299,0.0,1.6145664,1.9600179,2.4398146,1.4941188,0.17949048,1.0609094,0.19330864,0.0,0.0,0.5061308,0.0,2.0676763,0.0,0.0,2.991056,0.0,0.0,1.0562016,0.3690329,2.839233,0.0,0.50888073,1.0339831,0.0,0
0.33661386,0.0,0.0,0.0,2.7362218,0.0,0.0,1.3388852,0.0,1.67571,0.0,0.0,1.8461293,0.3573159,1.8075881,0.0,0.2621058,0.31183693,0.4968398,0.3128667,0.0,0.5532163,0.20325074,2.3202865,1.8809072,0.0,3.2136173,0.16923259,2.2223673,1.0610912,0.0,1.0914885,0.0,0.39876875,0.0,0.8416775,0.0,0.44625074,0.0,0.0,1.0857444,0.0,0.0,0.0,0.9105545,0.64742434,1.8628777,0.0,0.0,0.0,0.0,2.2728848,0.0,0.0,0.015251324,1.0445883,0.0,0.0,0.0,1.172398,1.3098252,0.0,0.0,2.0311267,0.027999675,0.0,1.7292218,0.7379775,1.2744825,0.0,0.5341476,0.0,2.1078691,0.73186964,0.0,0.0,1.8632319,0.0,1.4526496,0.46851888,0.0,0.0,1.1014491,0.0,0.0,1.5723592,1.1570343,0.94439167,2.2531555,0.6091688,1.1949773,0.0,1.2711754,1.5564519,0.0,0.37699994,1.2900048,0.9727173,1.8784375,1.9729043,0.92289895,0.0,0.88377196,2.1377697,0.0,0.0,0.023204822,0.0,0.1516196,0.0,0.0,0.1231824,1.9658175,1.5126069,0.0,0.0,0.8283819,1.6628131,2.7354133,1.0795773,0.0,0.0,1.5349084,0.0,0.19580415,0.0,0.75859386,0.12207194,0.0,0.0,0.0,2.608211,0.37851927,3.2113752,0.0,0.83020866,0.54536754,0.59842426,1.0071527,0.5500086,1.6538423,0.0,0.0,0.0,1.4774774,2.358309,0.0,0.026006838,0.24924473,2.170435,1.5597631,1.3874767,0.087794594,0.0,1.0566795,1.7476891,2.3125992,0.8411621,0.0,0.0,2.5561945,0.0,0.19977538,2.5963511,1.7623551,0.21042134,1.0221257,0.0,0.0,0.0,0.0,1.5885634,0.8989917,0.0,1.3127345,2.22523,0.8537051,2.5016956,0.0,1.7551371,0.0,0.06558991,0.0,0.0,0.0,0.0,0.11949827,0.0,0.0,1.0352719,2.4166274,0.0,0.3386971,2.1169944,1.8650314,1.17486,0.59209234,0.049813706,0.0,2.5628889,2.0867789,0.0,0.0,0.0,0.0,1.0304075,0.07026306,2.3370075,0.0,1.2047514,0.0,0.82822996,0.0,0.0,0.19676279,0.0,0.2037769,2.1335742,0.22876674,0.30545315,0.0,0.36691052,1.8529465,0.0,1.6113907,0.0,0.0,1.2539767,0.86986893,0.0,1.3041514,0.0,0.2528557,2.381369,2.1345644,1.5144874,0.0,1.0947973,0.5388666,0.0,0.0,0.14051315,0.0,1.3379943,0.0,0.0,2.0822651,0.0,0.0,0.19660081,0.0,1.0761836,0.0,0.7482533,1.3443749,0.0,0
0.76460904,0.44127205,0.0,0.0,1.9702106,0.15736109,0.0,0.8771886,0.0,1.3681734,0.0,0.0,0.8599409,0.0,1.4922101,0.0,0.99315876,0.29795668,0.93775666,0.10550591,0.0,0.0,0.0,1.1046531,1.9751734,0.0507532,2.1092598,0.0,1.5519819,0.36174566,0.0,1.291151,0.32716846,0.0,0.0,0.7026025,0.0,0.4292104,0.0,0.0,0.42662668,0.16665015,0.48472077,0.0,0.9676151,1.2203351,0.7008601,0.0,0.0,0.0086313365,0.0,1.0773008,0.0,0.0,0.31740278,0.73201156,0.0,0.0,0.0,0.40848145,1.2719662,0.0,0.0,1.8403325,0.0,0.0,1.6604196,0.1479705,0.84304446,0.0,0.038218338,0.0,1.5959525,0.61255485,0.72911996,0.0,0.6462843,0.0,1.203327,1.1339751,0.0,0.0,0.85182685,0.0,1.0601854,1.0884851,0.16830505,0.8392554,1.1084234,0.012132164,1.109673,0.0,1.1248459,1.4569706,0.0,0.0,0.81508124,0.37101847,1.3466508,1.3296741,1.2369974,0.09877692,2.0484781,0.18751372,0.0,0.45941442,0.5753978,0.0,0.0,0.63617593,0.0,0.1988641,1.947574,0.59049326,0.0,0.0,0.30650428,0.9925383,1.2859968,0.7304423,0.0,0.0,1.0127025,0.0,0.0,0.3406412,0.55423737,0.6122213,0.0,0.0,0.0,2.1549475,0.11703843,1.3216581,0.0,0.92449605,0.2271848,0.5836682,0.0,0.9057181,1.1573172,0.0,0.0,0.0,0.4676694,1.8485441,0.0,0.0,0.5784565,1.7881615,0.4111821,0.65973353,0.0,0.73119706,0.41971073,1.1325586,1.797144,0.21022291,0.0,0.0,1.418402,0.0,0.36034176,0.50579923,1.111321,0.0,1.0989541,0.75925475,0.0,0.0,0.0,1.5821272,0.0,0.0,0.5332466,1.90582,0.5192799,2.340685,0.0,0.91646606,0.0,0.43773276,0.0,0.18458408,0.0,0.0,0.48897916,0.0,0.8231457,0.658576,2.3376079,0.0,0.9852995,2.089269,1.0116705,0.30719692,0.41005656,0.8410659,0.0,1.9212137,0.5755637,0.0,0.0,0.023962375,0.48831218,0.15934691,0.0,1.3836069,0.46322504,1.506985,0.7719112,0.0,0.0,0.0,0.15269369,0.0,0.19639051,2.329545,1.3178319,0.8560643,0.0,0.0,1.3569611,0.0,0.60452473,0.0,0.0,0.0,1.3401225,0.0,1.5434307,0.0,0.3389739,0.7763925,1.5100628,0.95843697,0.0,0.43124256,0.4685361,0.0,0.51356906,0.11791061,0.07453968,1.8761294,0.0,0.0,1.6100867,0.0,0.0,0.84380245,0.54475015,0.5734905,0.0,0.0,0.07844634,0.0,0
0.46198997,0.39382237,0.0,0.0,2.1083307,0.0,0.0,1.6995386,0.0,1.7760574,0.0,0.0,1.448603,0.0,1.529645,0.0,0.059712745,0.047985654,0.52761465,0.0,0.0,0.0,0.0,1.9238802,2.7321148,0.23623876,2.0873263,0.0,1.2669774,0.28847733,0.0,1.9739,0.19172917,0.068900324,0.0,0.011106726,0.0,0.58284014,0.0,0.0,0.0,0.05228561,0.0,0.0,0.85980356,0.82308203,0.9334044,0.0,0.0,0.16172753,0.0,1.2644213,0.0,0.0,0.4557028,0.72898096,0.0,0.0,0.0,0.43805298,1.1391315,0.0,0.0,2.4186106,0.0,0.0,1.7448618,0.39235494,1.0775692,0.0,0.5618645,0.0,1.8450878,1.0005451,0.08774596,0.0,1.0711808,0.0,1.395624,0.2280145,0.0,0.0,1.1604762,0.3318832,0.08305842,1.5444405,0.12888321,0.4023209,1.5090652,0.07262821,1.4257722,0.0,0.8422542,1.7678248,0.0,0.0,1.5390146,0.8771054,1.5912287,0.8917558,1.3019936,0.0,1.8558542,0.99772084,0.0,0.20186211,0.27467856,0.0,0.2689283,0.0,0.0,0.26150236,1.3025622,0.5879859,0.0,0.0,0.0,0.5574164,1.8739334,1.3504821,0.0,0.0,1.3155051,0.0,0.0,0.0,0.0,0.16598488,0.0,0.0,0.0,2.2944357,0.22436094,1.6129185,0.0,1.0219027,0.38108003,0.73210275,0.35745043,1.7203166,1.3110901,0.0,0.0,0.0,1.430823,2.2270536,0.0,0.0,0.119527906,2.3067353,1.0252476,0.10519709,0.0,0.6094584,0.28937298,2.129054,2.3110008,0.7735168,0.0,0.0,1.5539838,0.0,0.35259467,1.2991028,2.0834217,0.010947752,0.8458088,0.37304056,0.3340452,0.0,0.0,1.8300818,0.13020314,0.0,1.4314228,1.8742628,0.6844236,2.6500168,0.0,1.2207936,0.0,0.45302948,0.0,0.039968845,0.0,0.0,0.1399475,0.0,0.4428418,0.10473466,2.7692273,0.0,1.2135386,2.4283423,1.9083387,0.59490824,0.74466014,0.35234994,0.0,2.041194,0.94936544,0.0,0.0,0.1625916,0.43856466,0.6266938,0.068617254,1.8755065,0.15460688,0.6701234,0.74809676,0.0,0.0,0.0,0.57782584,0.0,0.113640375,1.8010828,0.19942856,1.2863867,0.0,0.0,1.6892147,0.0,0.7058312,0.0,0.0,0.0,1.6250091,0.0,1.8397288,0.0,0.19239314,1.106366,1.9690142,1.9317468,0.0,0.75261354,0.39088377,0.0,0.0,0.20834439,0.0,1.9244196,0.0,0.0,1.7275705,0.0,0.0,1.1699344,0.13245656,1.0296792,0.0,0.4614996,0.0,0.0,0
0.6765543,0.6822141,0.0,0.0,0.9963423,0.70731,0.0,0.13506202,0.0,1.1057006,0.0,0.2524421,1.1304682,0.0,1.3717849,0.0,1.546854,0.051766317,0.6736021,0.0,0.0,0.0,0.28974554,0.9074877,1.8145701,0.0,1.0218104,0.0,0.9962686,0.6770481,0.0,1.3762432,0.2660138,0.0,0.0,0.88753295,0.0,0.7759709,0.0,0.0,0.30964202,0.0,0.7596481,0.0,1.0118651,0.31224036,1.517714,0.0,0.0,0.3395333,0.0,0.812369,0.0,0.011288211,0.4494889,0.47387052,0.0,0.0,0.0,0.52434254,0.9203657,0.0,0.0,1.8697118,0.058257803,0.0,1.2627379,0.50614554,0.91258323,0.0,0.89397806,0.0,1.4802853,0.7402581,0.27041835,0.0,0.859136,0.0,0.6682516,0.7834829,0.0,0.0,0.61465734,0.5085385,0.0,1.0450698,0.9120344,0.39364666,0.6702914,0.11308455,0.74515843,0.0,0.9857484,1.3349258,0.08541121,0.0,0.47008646,0.78522295,1.3730075,1.4240988,1.3658047,0.0,1.6798108,1.3957933,0.0,0.26541394,0.4596849,0.0,0.0,0.4143885,0.0,0.0,1.3132809,0.48879668,0.0,0.0,0.0,1.6737498,0.5996673,0.40502375,0.0,0.0,0.7941318,0.0,0.13805103,0.5694789,0.0,0.0,0.0,0.0,0.0,1.7008822,0.5111129,1.5951469,0.06973267,0.7401265,1.0628339,0.47549784,0.16070162,1.0744087,0.9925024,0.5461831,0.0,0.0,0.5420054,1.06429,0.0,0.0,0.0,1.1543261,1.7351261,0.20625933,0.065909594,0.70929474,0.6454991,1.5879709,1.0638685,0.0,0.0,0.0,1.6489255,0.0,0.7681903,0.4849145,0.97582555,0.0,1.4100198,0.9831555,0.29651576,0.0,0.0,1.0595173,0.66424656,0.48918706,0.5683214,1.4291022,0.8912994,1.9617379,0.0,1.2553697,0.21045962,0.31048295,0.0,0.62599295,0.15977876,0.0,0.42610827,0.0,0.5430611,0.788366,1.797081,0.0,1.2745987,1.8193574,1.4732445,0.2972925,0.9128899,0.3934143,0.0,1.7910376,0.43296948,0.0,0.0,0.0,0.0,0.24961157,0.538447,1.7495407,0.0,0.9210338,0.6378709,0.43735644,0.0,0.065791056,1.2229154,0.0,0.0,2.45389,0.9725781,0.5314601,0.0,0.2104689,1.4291401,0.0,0.0,0.0,0.0,0.31240687,0.13858555,0.0,1.3500619,0.0,0.62168324,0.5869137,1.8668871,1.2230039,0.0,0.11029471,0.72224903,0.0,0.0,0.0,0.0,1.0844136,0.0,0.0,1.5890573,0.0,0.0,0.57524437,0.2520237,0.2752953,0.0,0.21582282,0.06177249,0.0,0
1.2593633,0.22230385,0.0,0.0,1.8183177,0.0,0.0,0.5149228,0.0,0.9579851,0.0,0.0,1.6061846,0.092917606,1.5689096,0.0,1.079825,0.32025278,0.6472388,0.04645521,0.0,0.0,0.0,1.8694432,1.9517782,0.029489629,2.2219267,0.0,2.2130241,0.9839067,0.0,1.6591568,0.0,0.0596623,0.0,1.3755157,0.0,0.74763066,0.0,0.0,0.5631858,0.0,0.25585142,0.0,1.0722334,0.6688949,1.8562949,0.0,0.0,0.27415735,0.0,1.0154145,0.0,0.0,0.20209819,0.91457987,0.0,0.0,0.0,0.71409476,1.2922268,0.0,0.0,2.2070796,0.0,0.0,1.5679661,0.42409876,1.602061,0.0,0.29418638,0.0,2.2218812,0.04675532,0.0,0.0,1.1511135,0.0,1.2943513,1.0030434,0.0,0.0,1.201208,0.08808535,0.44977987,1.5678712,0.76858455,1.0142908,1.8099062,0.44002652,1.4741987,0.0,1.4612883,2.19007,0.025999451,0.0,0.8881434,0.2979322,2.6114285,1.8629078,1.9831975,0.37865537,1.8859441,1.6277608,0.0,0.0,1.0050569,0.0,0.08135892,0.35278475,0.0,1.0200899,2.0770342,0.94459957,0.0,0.0,0.01523037,0.9073692,1.8208946,1.3649102,0.0,0.0,1.1226815,0.0,0.0,0.38060737,0.5817246,0.0,0.0,0.0,0.0,2.978604,0.68587804,2.380533,0.0,1.3247713,1.0161867,0.7286919,0.30899143,1.9815335,1.2534533,0.08209916,0.0,0.0,1.0193408,2.347256,0.0,0.29070848,0.32628617,2.317538,1.3407754,0.84878576,0.0,0.0735424,0.48710716,1.7799854,2.0199792,0.063858226,0.0,0.0,1.9730637,0.0,0.4896881,1.8047698,2.2729301,0.11651902,0.83435166,0.0,0.3772927,0.0,0.0,2.0902762,0.8118613,0.0,1.3868111,2.401967,0.46842465,2.7746515,0.0,1.8291692,0.0,0.639,0.0,0.33453977,0.0,0.0,0.89229286,0.0,0.95744437,0.9386332,2.497956,0.0,0.5403919,2.3549955,1.3573546,0.9441865,0.8152982,0.4338182,0.0,2.7508667,1.6357781,0.0,0.0,0.03469998,0.2210024,0.5474644,0.4169307,2.0298522,0.0,0.8221311,0.15157661,0.40472502,0.0,0.0,0.55842364,0.0,0.5318444,2.6246092,1.1279765,1.864897,0.0,0.0,2.2532282,0.0,1.0483793,0.0,0.0,0.16690937,1.0845811,0.0,1.32221,0.0,0.67758685,1.7747775,1.935038,1.6320902,0.0,0.8756841,0.8628337,0.0,0.35844046,0.0,0.0,1.3765452,0.0,0.0,1.6033093,0.0,0.0,0.67348444,0.0,1.2545363,0.0,0.25181332,0.31248713,0.0,0
0.54854983,0.3792265,0.0,0.0,1.6382015,0.0,0.0,2.0441134,0.0,1.5745821,0.0,0.1952383,1.092468,0.0,1.886608,0.0,0.14789796,0.0,0.976938,0.0,0.21788783,0.0,0.14272179,1.711021,2.8684764,0.0,2.2864575,0.29168034,2.0785015,0.69394094,0.2220294,2.2368503,0.0,0.32373738,0.0,1.1907332,0.0,0.8484175,0.0,0.0,0.0,0.0,0.030990114,0.0,0.21630774,0.57627916,1.0645572,0.0,0.0,0.034011412,0.0,1.6295722,0.0,0.0,0.0,1.2975532,0.0,0.0,0.0,0.4991133,1.2912337,0.0,0.0,2.3264256,0.0,0.0,2.431977,0.0,1.4473834,0.0,0.9056843,0.0,1.8042711,0.24778113,0.44649553,0.0,2.1910882,0.0,1.691568,0.425965,0.052271303,0.0,1.8385929,0.7581403,0.30886436,0.82230103,0.94551355,0.35406446,1.9278073,0.69556004,0.5914661,0.0,0.845612,1.7160097,0.0,0.0,0.9193951,0.056431226,2.0920622,1.4166763,1.3898724,0.0,1.4428256,2.074076,0.0,0.0,0.5499376,0.0,0.65752095,0.0,0.0,0.61753494,1.5409633,0.98631096,0.0,0.0,0.0,1.0680003,1.5507097,1.6016486,0.0,0.0,2.0391974,0.0,0.0,0.0,0.61779875,0.0,0.0,0.0,0.0,3.102497,0.8744735,2.4364994,0.0,1.3903822,1.2220579,0.66811264,0.0,1.3563918,1.0611128,0.0,0.22263305,0.0,1.4813753,1.9633102,0.0,0.77011836,0.0,1.2670197,1.5159917,0.5571273,0.0,0.2160206,0.8479596,1.9396492,2.2125707,0.41020527,0.0,0.0,1.9231138,0.0,0.51478624,1.2742422,1.9368312,0.35987523,0.92263025,0.0,0.982526,0.0,0.0,2.0931566,1.4084553,0.18720332,1.1222845,1.7442781,0.67030656,2.802272,0.0,1.9658695,0.06001904,0.0,0.0,0.0,0.0,0.09370059,0.3831992,0.0,0.5388336,0.6932657,1.7267302,0.0,0.29283828,2.2292593,1.6345204,0.2542447,1.013694,0.0,0.0,1.9855984,1.2715211,0.0,0.0,0.0,0.0,0.5517804,0.60491276,1.6710582,0.0,0.8764246,0.46855602,0.1685008,0.0,0.0,0.741109,0.0,0.47151825,2.0269427,0.1576907,0.90622187,0.0,0.04981577,1.7096581,0.0,0.4818363,0.0,0.0,0.37778,1.3893163,0.0,2.0525682,0.0,0.90403426,1.6942614,2.616515,1.8026036,0.0,1.224563,0.45660657,0.0,0.0,0.38711044,0.0,1.181783,0.0,0.0,2.6148305,0.0,0.0,0.7548955,0.15349108,1.4817147,0.0,0.80591774,0.5769347,0.0,0
0.8800871,0.18985082,0.0,0.0,2.324588,0.0,0.0,2.109266,0.0,1.4862438,0.0,0.0,1.6034592,0.0,1.2474201,0.0,0.18206756,0.0,0.10656378,0.0,0.0,0.0,0.0,2.9120693,2.134213,0.14600483,2.5882432,0.33728793,2.4275813,0.31390774,0.0,1.4080831,0.0,0.0,0.0,0.4390737,0.0,0.0,0.0,0.0,0.0,0.0,0.19404282,0.0,0.9788101,0.9427669,1.4173982,0.0,0.0,0.0,0.0,1.5968326,0.0,0.0,0.0,0.5429648,0.0,0.0,0.0,0.74457645,1.3690853,0.0,0.0,1.9627315,0.0,0.0,1.9821471,0.0,1.5368664,0.0,0.27117446,0.0,1.7727729,0.0,0.0,0.0,1.0758547,0.0,1.5736763,0.06383564,0.0,0.0,0.45275033,0.0,0.23879218,0.93062496,0.848718,0.33985296,2.042385,0.0,0.61366016,0.15989226,1.0412923,1.6373347,0.0,0.0,1.7375487,1.5801316,1.9072349,0.0,2.322877,0.22649428,1.9416537,0.91865355,0.0,0.0,0.81516457,0.0,0.107446365,0.0,0.0,0.12709256,1.2638136,1.0571346,0.0,0.0,0.0,0.82109326,1.7738556,1.2990571,0.0,0.0,1.6184273,0.0,0.0,0.0,0.87216955,0.0,0.0,0.0,0.0,3.3607345,0.1805307,3.5555103,0.0,0.45328075,0.23052745,0.0,0.25971973,0.97936994,0.52859133,0.0,0.0,0.0,1.2022268,2.5404534,0.0,0.0,0.0,2.938324,1.5302678,0.0,0.16473442,0.5814194,0.5069357,1.6639447,1.8259715,0.0,0.24995929,0.0,1.2356477,0.0,0.5847796,1.6368103,2.4024904,0.0,0.19497287,0.10416427,0.093237214,0.0,0.0,2.3802018,0.30013645,0.0,0.4429176,3.3426917,0.82817936,2.9617593,0.0,1.9623169,0.0,0.089512564,0.0,0.29752684,0.0145536885,0.0,0.0,0.0,0.0,0.0,2.0143538,0.0,0.66120446,2.3533728,1.8173035,0.0,0.62104946,0.45193204,0.0,2.3488762,1.3815237,0.0,0.0,0.22868603,0.0,0.21746524,0.0,1.841026,0.0,0.4365551,0.7281874,0.35712186,0.0,0.28306258,0.17957489,0.0,0.0,2.1387608,0.468828,1.680682,0.0,0.0,2.060715,0.0,0.5814232,0.0,0.0,0.0,1.573345,0.0,1.3970985,0.0,1.2625859,1.9665303,2.2675848,2.0362322,0.16374192,0.74740684,0.21717922,0.0,0.0,0.40161002,0.0,2.0466762,0.0,0.0,2.11532,0.0,0.0,0.7444031,0.0,1.5992669,0.0,0.17277047,0.749855,0.0,0
0.9730807,0.6547815,0.0,0.41674358,1.22633,0.7225805,0.0,1.0919362,0.0,1.1707548,0.0,0.0,1.138026,0.0,1.1469486,0.0,1.9802665,0.0,0.49860758,0.84279907,0.0,0.0,0.012945644,0.30954593,1.4892939,0.0,1.9849892,0.4036242,0.37019905,0.72035426,0.0,1.2640829,0.7977476,0.0,0.0,0.7973916,0.0,0.044885438,0.0,0.0,1.4830278,0.9402442,1.2019153,0.0,0.15532778,1.2678187,0.5604653,0.0,0.0,1.0479723,0.0,0.54176855,0.0,0.10527502,0.81397253,1.2703532,0.0,0.0,0.0,0.3993949,0.6080156,0.0,0.0,0.92706484,0.0,0.108476624,1.029049,0.011044727,0.24571103,0.0,0.5422157,0.0,0.7190134,2.061877,1.2329904,0.0,0.12977983,0.0,0.8464421,0.70079386,0.0,0.0,0.92044467,0.0,0.24882972,1.0266912,0.0,1.4374411,0.6462838,0.40691122,1.7200797,0.0,1.0938051,1.6532931,0.0,0.0,0.46665218,0.0,1.1574948,1.9690773,0.87635386,0.004913692,0.90141356,0.34443924,0.0,0.56063455,0.4121577,0.0,0.12088407,1.1577077,0.0,0.0,2.4821463,0.6978557,0.0,0.0,0.4167548,1.4811139,0.8039661,0.7725815,0.0,0.0,1.0186151,0.0,0.0,0.6372562,0.6909321,1.4315404,0.0,0.0,0.0,1.404001,0.0,1.0914099,0.0,1.1409345,1.4875437,0.96802694,0.0,0.35809,0.5553973,0.15888046,0.0,0.0,0.81512344,1.0482664,0.0,0.0,0.21572646,1.0972011,0.7426709,1.4007981,0.021964252,1.6788496,0.45953435,0.83716756,1.2624813,0.0,0.0,0.0,1.5018506,0.44615266,1.4480779,0.58114225,0.4522468,0.92797047,0.9523461,0.4489741,0.5299753,0.0,0.0,0.7456994,0.0,0.0,1.2325461,1.6005577,0.3244326,2.371558,0.0,0.79156584,0.6246036,1.4181075,0.0,0.61361784,0.0,0.0,1.1681281,0.0,1.3239164,1.3467581,2.0460103,0.0,0.8739449,1.4549693,0.5116205,0.0,0.64480144,1.171958,0.0,1.5219918,0.2269801,0.0,0.0,0.63264656,1.0037342,0.068028376,0.0,1.2142807,0.72033024,1.6953664,0.31700516,0.14744082,0.0,0.029489806,0.14102347,0.0,0.0052436553,1.8441124,1.4169934,0.15636663,0.0,0.0,0.43797478,0.0,0.0,0.0,0.0,0.08136934,0.73784965,0.0,1.522763,0.0,0.54298687,0.2618718,0.5611042,0.66288996,0.26051483,0.15730059,0.78078485,0.0,0.0,0.0,0.36211756,1.4172931,0.0,0.0,1.4206326,0.0,0.0,1.3825704,1.173279,0.13132782,0.0,0.08054177,0.0,0.0,1
1.3221807,0.8365746,0.0,0.0,1.2620075,0.5003032,0.0,0.18282013,0.0,1.1026171,0.0,0.0,0.84223497,0.0,1.5234635,0.0,2.3105152,0.0,0.68463314,0.8101954,0.0,0.0,0.18875584,0.18260346,1.6737429,0.0,1.6682837,0.5812599,0.21571071,1.2934217,0.087486714,1.0224985,0.91926634,0.0,0.0,0.8880623,0.0,0.6207704,0.0,0.0,1.1402996,0.2975292,1.0503659,0.0,0.3220565,0.48648942,1.1606655,0.0,0.0,0.5941688,0.0,0.15594818,0.0,0.0,1.3343835,1.0494456,0.0,0.0,0.0,0.60906786,1.1022515,0.0,0.0,0.642169,0.10227883,0.0,1.2085721,0.15957245,0.08107591,0.0,0.7010249,0.0,0.7977483,1.8657653,1.2962682,0.0,0.61105096,0.0,0.2561939,1.4290185,0.0,0.0,1.068224,0.50109494,0.6337002,0.93529975,0.0,1.693682,0.7744079,0.5194206,1.5989107,0.0,1.5733716,1.0643779,0.0,0.0,0.446333,0.0,1.0334053,1.9966705,0.7404204,0.09059758,1.2438804,0.15906064,0.0,1.1876454,0.7155529,0.0,0.08438987,0.7860871,0.0,0.030077817,2.465345,0.17353404,0.0,0.0,0.49105892,1.1941812,0.5900569,0.7960871,0.0,0.0,1.1694039,0.0,0.0,0.28274915,0.0,1.018307,0.0,0.0,0.0,1.1719166,0.092298,0.7390054,0.0,1.801275,1.7421182,1.384017,0.0,0.63598305,0.9690613,0.29090527,0.0,0.0,0.9512071,0.9531605,0.0,0.0,0.47146726,1.0511719,0.15861881,1.202408,0.0,1.0219258,0.7654549,0.7573528,1.2437159,0.0,0.0,0.0,1.659506,0.3053112,1.2616616,0.0,0.46217787,1.0550268,1.2921544,0.7565847,0.23941094,0.0,0.0,0.50775397,0.3333653,0.0,1.0705931,1.9899604,0.81440794,2.1462789,0.0,0.24067202,0.9109843,0.9999351,0.0,0.33324772,0.0,0.0,0.93599975,0.0,1.0714931,0.99902964,1.8163977,0.0,0.8019947,0.86290944,0.693339,0.2913326,0.7168249,1.296422,0.0,1.6732587,0.6168746,0.0,0.0,0.7084809,0.5895334,0.28117162,0.22871384,1.0141482,0.7151266,1.1394765,0.4469541,0.1503716,0.0,0.0,0.25618643,0.0,0.09372839,2.214018,1.997589,0.16540454,0.0,0.0,0.6621228,0.0,0.046291035,0.0,0.0,0.0,0.7092827,0.0,1.2841414,0.0,0.25727376,0.07580347,0.71390104,0.40050295,0.0,0.46656016,0.6506649,0.0,0.0,0.0,0.27420706,1.2020857,0.0,0.0,1.3533943,0.0,0.0,0.98657364,1.4700602,0.41026714,0.0,0.23215096,0.0,0.0,1
1.378592,0.3494921,0.0,0.0,1.7190847,0.6280625,0.0,0.5786658,0.0,1.0850296,0.0,0.10625751,0.89475805,0.0,1.0758723,0.0,1.8257767,0.53147584,0.5005212,1.0604929,0.0,0.0,0.0,0.37532422,1.5175015,0.3524392,1.4627324,0.31601667,0.8257778,0.64799947,0.0,1.3729972,0.79546094,0.0,0.0,1.1297067,0.0,0.16763847,0.0,0.0,0.5515486,0.085951656,1.1744454,0.0,0.56584144,0.6154532,1.4186394,0.0,0.0,0.0,0.0,0.47603607,0.0,0.0,0.775403,0.5940518,0.0,0.0,0.0,0.4847817,0.9386569,0.0,0.0,1.4844232,0.0,0.0075684036,1.5348592,0.06001237,0.6071558,0.0,0.28760305,0.0,1.5428143,1.7208273,0.9227622,0.0,0.32558936,0.0,1.1473618,1.1891973,0.0,0.0,0.633303,0.02860427,0.9447689,1.2632289,0.036893267,1.7098542,0.8152896,0.45152318,1.1397567,0.0,1.0650939,1.2489756,0.4898391,0.0,0.14790966,0.26067036,1.2120614,2.0208473,0.9749872,0.23609668,1.845688,0.0,0.0,0.6636713,0.5592103,0.0,0.0,1.0349332,0.0,0.0,2.488768,0.36442792,0.0,0.0,1.1417103,1.7784376,0.83622104,0.5300507,0.0,0.0,0.9791039,0.0,0.12335791,0.7137604,0.50189275,1.0644536,0.0,0.0,0.0,1.7851964,0.0,1.5360479,0.0,1.1662328,1.1047369,0.96454483,0.0,0.81981856,1.3176996,0.109736614,0.0,0.0,0.26626626,0.9703011,0.0,0.6102714,0.31836066,1.0196903,0.25021082,0.6864982,0.025069444,1.0157144,0.77912414,0.8003461,1.0534656,0.041164596,0.0,0.0,1.9208922,0.053486343,1.0711582,0.2873874,0.0,0.47104642,1.1614984,1.0868651,0.48609975,0.0,0.0,1.3164178,0.0,0.0,0.561261,1.9538764,0.628804,2.1762612,0.0,0.3226957,0.40393314,0.6466973,0.0,0.6657824,0.0,0.0,0.45813006,0.0,0.55465853,0.9905542,1.536888,0.0,0.99444664,1.5114847,0.49542332,0.5687028,0.8968219,0.99323165,0.0,2.967087,0.10581826,0.0,0.0,0.42598864,0.79549915,0.44194594,0.0,1.0758172,0.35707444,1.4415429,1.2061415,0.18779601,0.0,0.0,0.560879,0.0,0.4834143,2.5735781,1.9198304,0.7960244,0.0,0.0,0.54760206,0.0,0.24395469,0.0,0.0,0.0,0.74678296,0.0,0.8776055,0.0,0.35803974,0.37597603,0.83983964,0.6020362,0.0,0.0,0.9981171,0.0,0.0028604208,0.0,0.73029655,0.9853187,0.0,0.0,1.4675084,0.0,0.0,0.59773165,1.0186687,0.38822618,0.0,0.3724452,0.0053805653,0.0,0
1.5271176,0.6969191,0.0,0.0,2.7448823,0.0,0.0,2.6767871,0.0,1.9004464,0.0,0.0,1.8856725,0.0,1.7586533,0.0,0.0,0.0,0.036751717,0.0,0.0,0.0,0.0,2.6377256,2.6444988,0.0,3.1275873,0.0,2.3420668,0.0,0.0,2.8300166,0.0,0.09437057,0.0,0.03319433,0.0,0.21144691,0.0,0.0,0.0,0.13313481,0.0,0.0,0.81672883,0.48247397,1.2056645,0.0,0.0,0.0,0.0,1.9521168,0.0,0.0,0.0,0.21698374,0.0,0.0,0.0,0.63783354,1.3600733,0.0,0.0,2.5610864,0.0,0.0,2.5251474,0.0,2.568445,0.0,1.0679827,0.0,2.4834836,0.577276,0.0,0.0,2.248236,0.0,1.7695482,0.0,0.05697989,0.0,0.6664483,0.3396433,0.012582837,0.7496811,0.54200476,0.015290269,2.6428478,0.5083307,0.8321843,0.0,0.72316027,1.917807,0.0,0.0,1.9050215,0.70140994,2.127959,0.7257522,2.7658346,0.0,2.1566129,2.151556,0.0,0.0,0.0,0.0,0.6438957,0.0,0.0,0.91932267,1.2714576,1.2071011,0.0,0.0,0.0,0.51853853,2.1213832,1.3493797,0.0,0.0,1.7997116,0.0,0.0,0.0,0.3493153,0.0,0.0,0.0,0.0,3.4716663,0.4271696,3.2914135,0.0,0.84701765,0.0,0.4321806,0.0,1.2965391,1.1054052,0.0,0.36788476,0.0,1.5935589,2.351901,0.0,0.70190185,0.0,2.0464942,1.0138856,0.14209853,0.0,0.24273686,0.0,2.5954137,2.1907635,0.44989198,0.0,0.0,2.596645,0.0,0.5635427,2.0095232,2.657156,0.0,0.0,0.16547698,0.0,0.0,0.0,2.3996525,0.021145595,0.045241777,1.4124379,1.4275808,0.9876208,2.7930076,0.0,2.0439034,0.0,0.0,0.0,0.0,0.0,0.0,0.0,0.0,0.5137563,0.33083704,3.1649287,0.0,0.085479364,3.062927,2.5943933,0.23813953,0.48858723,0.0,0.0,1.7635211,2.2305832,0.0,0.0,0.0,0.41796693,0.34388632,0.4580334,2.02522,0.0,0.0,0.4202323,0.0,0.0,0.0,0.957633,0.0,0.11088272,1.3699751,0.0,1.6860785,0.0,0.0,1.6326355,0.0,0.42914483,0.0,0.0,0.0,1.8800755,0.0,1.6431693,0.0,1.9998727,2.120827,3.060225,1.5295669,0.0,1.5275718,0.23819615,0.0,0.0,1.5151457,0.0,1.8542123,0.0,0.15245274,2.4267764,0.0,0.0,0.0,0.0,1.6582701,0.06523179,0.30950657,0.850305,0.0,0
0.7819857,0.275461,0.0,0.096215814,1.5830914,0.0,0.0,1.641014,0.0,1.2686789,0.0,0.0,1.189562,0.6178144,2.0021443,0.0,0.44874454,0.041797023,0.7275252,0.053865347,0.0,0.0,0.0,1.2017659,3.2235527,0.51511097,1.9105021,0.0,1.264274,0.71639645,0.0,1.3374411,0.58646667,0.0,0.0,1.0581367,0.0,0.59442264,0.0,0.0,1.2616632,0.49236828,0.8044025,0.0,0.5358614,0.85739577,1.0837862,0.0,0.0,0.58599824,0.0,0.23039633,0.0,0.0,0.21619119,1.1516391,0.0,0.0,0.0,0.90156215,1.0690219,0.0,0.0,1.772553,0.44120386,0.0,2.0628479,0.7181217,0.89824855,0.0,0.049533147,0.0,1.22774,0.88613623,0.30673528,0.0,0.9662819,0.0,1.5242434,1.1811818,0.0,0.0,1.2493494,0.24670148,0.0,1.6289988,0.60209745,0.6995884,1.4220412,0.48606056,1.086565,0.0,1.3350345,1.693546,0.31818566,0.0,0.91864336,0.33248967,1.3652607,1.401533,1.0245308,0.0,1.7791381,1.2003511,0.0,0.46608832,0.7199746,0.0,0.16303794,0.0,0.0,0.19230285,2.2222269,0.1450977,0.0,0.0,0.48150715,1.1014397,1.4652492,1.1395041,0.0,0.0,1.1468713,0.0,0.0,0.038394317,0.0,0.24854662,0.0,0.0,0.0,1.441416,1.1364207,1.686583,0.0,1.3906701,1.3278528,0.43406677,0.302294,1.1448478,1.2436526,0.0,0.0,0.0,0.9836031,1.4477017,0.0,0.0,0.32993028,1.7509842,0.64008886,0.43143743,0.0,0.57326216,0.409306,1.6506621,1.9404529,0.3561464,0.0,0.0,1.4290804,0.0,1.0239749,1.2723571,1.4086645,0.09786673,1.3621615,0.19771206,0.19397011,0.0,0.0,1.3767842,0.32127365,0.0,1.9585083,2.0579574,0.94139314,2.8212092,0.0,1.0889969,0.0,0.6260444,0.0,0.56635505,0.30728903,0.0,0.9654159,0.0,0.7379783,0.29220504,2.9371734,0.0,1.2400421,2.1674232,1.6206886,0.36943907,0.79412234,0.40475205,0.0,2.1095474,0.5941543,0.0,0.0,0.474436,0.14730388,0.9097164,0.12917951,1.5792136,0.2616325,1.7091006,0.60204303,0.7856853,0.0,0.0,0.43691045,0.0,0.3101009,2.8008401,1.0192461,0.7995532,0.0,0.0,2.0277321,0.0,1.1388856,0.0,0.0,0.4001008,1.2707679,0.0,1.7844682,0.0,0.0,1.4550362,1.1633296,1.7681928,0.0056147287,1.1118517,0.26505765,0.0,0.0,0.0,0.0,1.334924,0.0,0.0,2.046542,0.0,0.0,1.2126043,0.6152716,0.8873973,0.0,0.8975278,0.20297897,0.0,0
1.1831207,1.4428637,0.0,0.0,1.728868,0.0,0.0,1.7655416,0.0,1.3697162,0.0,0.33548155,1.494872,0.0,1.688462,0.0,1.4093803,0.09298234,0.0,0.0,0.0,0.0,0.09502338,1.7467765,2.1175807,0.0,2.1669164,0.0,1.4827936,0.0,0.0,1.4795219,0.0,0.0,0.0,0.9582861,0.0,0.6529379,0.0,0.0,0.4067675,0.0,0.45005846,0.0,0.9481064,0.9022,1.3644642,0.0,0.0,0.71787345,0.0,1.3112459,0.0,0.0,0.40885556,0.97846764,0.0,0.0,0.0,0.3970647,0.5764875,0.0,0.0,2.2632718,0.0,0.0,2.5743468,0.9359417,1.0478723,0.0,1.0620207,0.0,1.4994942,0.71080905,0.3626762,0.0,0.40078968,0.0,1.0109547,0.32079574,0.0,0.0,0.71950376,0.42163742,0.29833025,1.2991614,1.3622327,0.23403919,1.6061195,0.265296,0.47566292,0.24469769,1.3673755,2.1799977,0.0,0.13980496,1.1060461,0.7291417,2.4389534,1.2751327,1.1531703,0.0,1.8612994,1.1735677,0.0,0.0,1.2120112,0.0,0.0,0.09978387,0.0,0.17290603,1.4595118,0.93994117,0.0,0.0,0.0,1.5450785,1.5379201,1.1491126,0.0,0.0,1.1330551,0.0,0.0,0.0,0.0,0.0,0.0,0.0,0.0,2.7364209,0.2640367,2.29368,0.0,1.1220411,0.4726976,0.30987605,0.19060872,2.7231324,0.8483668,0.26981965,0.0,0.0,0.99948055,1.6261699,0.0,0.43002,0.0,1.8887129,1.2271444,0.0,0.0,0.7471133,0.5041328,2.1096957,2.199572,0.0,0.0,0.0,2.1228168,0.0,1.0190023,1.3266836,2.2633905,0.122983456,1.0646495,0.75532275,0.65725553,0.0,0.0,1.6743628,0.27038133,0.12425268,1.0938513,2.3306684,0.8937926,2.664867,0.0,1.2270974,0.37438956,0.278474,0.1855368,0.084308624,0.41853324,0.0,0.0,0.0,0.6194814,0.4227655,2.2446532,0.0,1.0268776,2.9380615,1.6706673,0.0,1.673101,0.0,0.0,2.1695006,1.1531969,0.0,0.0,0.0,0.6373223,0.0,0.5828981,1.6172813,0.13732338,0.5328651,1.4426053,0.0,0.0,0.0,0.5659112,0.0,0.19644392,1.7811269,0.5979876,1.0767056,0.0,0.0,1.4172329,0.0,0.21452323,0.0,0.0,0.31326273,1.4963987,0.0,1.6625801,0.0,0.9078549,1.144102,1.5538844,2.1846387,0.0,0.09659708,0.6795501,0.0,0.0,0.0,0.0,1.759031,0.0,0.0,2.048266,0.0,0.0,0.08251584,0.39887133,1.2629135,0.0,0.0,0.0,0.0,0
0.4426849,0.81439394,0.0,0.0,1.6203166,0.34995076,0.0,1.5698298,0.0,1.2871926,0.0,0.0,1.3975636,0.0,1.4246631,0.0,1.1357149,0.0,0.09909433,0.0,0.0,0.0,0.3420277,1.4982051,2.1587481,0.0,2.3587463,0.0,1.0904247,0.056739658,0.0,1.3372815,0.24400459,0.0,0.0,0.42897052,0.0,0.70317316,0.0,0.0,0.13702166,0.087528884,0.6802929,0.0,0.3613077,1.0320759,1.348352,0.0,0.0,0.6212852,0.0,0.88481236,0.0,0.0,0.41155005,0.8874085,0.0,0.0,0.0,0.75242543,1.4810402,0.0,0.0,2.0135696,0.006273941,0.0,1.9427025,0.79833806,0.82155454,0.0,1.0821542,0.0,1.4476051,0.9941844,0.3531363,0.0,0.6320899,0.0,0.97234577,0.79373974,0.0,0.0,0.93099725,0.32167834,0.051690757,0.828522,0.70582134,1.1230633,1.0371755,0.41980723,0.8713519,0.0,1.6778637,1.866806,0.0,0.0,0.65721256,0.48880905,1.7206435,0.5487336,1.6148231,0.037962306,1.7482015,0.9411151,0.0,0.23478886,1.1709908,0.0,0.49840897,0.0,0.0,0.23187183,1.5883383,0.8404826,0.0,0.0,0.0,1.0378288,1.1481595,1.028035,0.0,0.0,1.339434,0.0,0.0,0.0,0.0,0.14657213,0.0,0.0,0.0,2.2485363,0.0,1.726065,0.0,1.0232005,1.307587,0.23891862,0.0,1.0186106,1.0761205,0.0,0.0,0.0,0.9595279,1.6063476,0.0,0.0,0.0,2.0286703,1.2334963,0.00013558823,0.0,1.0540433,0.63584065,1.4177785,1.7002227,0.008803683,0.009881378,0.0,1.8984005,0.0,1.3402704,0.85399735,1.4800098,0.5144049,1.4439,0.84832776,0.5668713,0.0,0.0,1.786482,0.41099298,0.13536543,1.1375401,1.9922554,0.76132166,2.4790406,0.0,1.1466061,0.59030306,0.3179046,0.0,0.53858846,0.008457504,0.0,0.49582332,0.0,0.5268623,0.6247452,2.2873545,0.0,0.95911527,2.0992532,1.0428534,0.0,1.1980622,0.9193769,0.0,2.2327526,0.8137899,0.0,0.0,0.1282726,0.32363257,0.0,0.028623132,1.5685415,0.5003673,0.89067507,0.54044497,0.0,0.0,0.0,1.078618,0.0,0.49196297,2.009713,0.91660684,0.38450047,0.0,0.07105344,1.3951209,0.0,0.08900649,0.0,0.0,0.4674725,0.99605674,0.0,2.282173,0.0,0.78120095,1.5322742,1.8253527,1.7183795,0.0,0.8936955,0.44254765,0.0,0.11942687,0.0,0.0,2.0391252,0.0,0.0,2.0658438,0.0,0.0,0.36614457,0.34942713,1.1558323,0.0,0.0934344,0.0,0.0,0
1.4656415,0.18572907,0.0,0.0,1.5315049,0.16191748,0.0,1.3164203,0.0,1.5388026,0.0,0.0,1.5015653,0.0,1.3460019,0.0,0.32207367,0.0,1.0007051,0.4858946,0.0,0.0,0.0,1.4797152,2.5062652,0.17971286,1.7877389,0.09015711,0.77520025,0.40590343,0.0,1.9422457,0.1322683,0.0007524576,0.0,1.1936882,0.0,1.0108082,0.0,0.0,0.2134744,0.16171023,0.168221,0.0,0.3431445,1.2728992,1.0745773,0.0,0.0,0.0,0.0,1.1529468,0.0,0.0,0.0,0.6954043,0.0,0.0,0.0,0.25707746,1.0414853,0.0,0.0,2.3375146,0.0,0.0,2.1883461,0.0,0.5615896,0.0,0.39772943,0.0,1.7273033,1.5447656,1.0752434,0.0,1.224178,0.0,1.5767944,0.2314617,0.0,0.0,1.7498708,0.2433024,0.23431289,1.4391271,0.05466396,1.0920625,1.2959259,0.07885077,1.119838,0.0,1.1871864,1.7422099,0.0,0.0,0.7519502,0.15500037,1.4851533,1.8078916,0.69190544,0.0,1.408826,1.0922738,0.0,0.052216556,0.14124389,0.0,0.27064916,0.0,0.0,0.49366826,2.0059328,0.7162266,0.0,0.0,0.29087266,0.660582,1.2972016,1.0525022,0.0,0.0,1.4599214,0.0,0.0,0.0,1.017327,0.0,0.0,0.0,0.0,2.5422978,0.0,1.8882719,0.0,1.1016409,1.1583602,0.7289128,0.0,0.55581534,1.033704,0.0,0.0,0.0,0.96113026,1.5738152,0.0,0.73421204,0.0,1.3894241,0.25561726,0.8197052,0.0,0.7257614,0.5933368,1.5555294,2.388227,0.5800115,0.0,0.0,1.8584392,0.0,1.0482564,0.67752177,1.1747437,0.8699498,0.98349667,0.0,0.0,0.0,0.0,1.6030768,0.548756,0.0,1.2675672,1.8642201,0.966868,2.5252502,0.0,0.51600957,0.0,0.0,0.0,0.5771124,0.0,0.0,0.44790646,0.0,1.0815339,0.38024944,2.1205182,0.0,0.68111885,1.484328,0.6675178,0.55744594,1.0915242,0.12022288,0.0,1.8236117,0.66784716,0.0,0.0,0.24734992,0.26851326,0.0,0.0,1.0980779,0.328382,0.919553,0.016787859,0.09006239,0.0,0.0,1.0976411,0.0,0.6308786,2.2949483,0.88475615,0.5979899,0.0,0.08460229,1.4352906,0.0,0.7327607,0.0,0.0,0.0,1.836842,0.0,1.66158,0.0,0.1623831,1.2541463,1.5078567,1.5160434,0.0,1.1425602,0.0,0.0,0.0,0.32757315,0.33901605,1.6617,0.0,0.0,1.8079588,0.0,0.0,0.9377641,0.6477637,0.7204624,0.0,0.9426842,0.048922192,0.0,0
0.71819836,0.39832902,0.0,0.0,1.9318897,0.0,0.0,1.6483399,0.0,2.0050485,0.0,0.27756187,1.7725633,0.0,1.6017951,0.0,1.1882272,0.12289928,0.617877,0.0,0.0,0.0,0.10983687,1.7107627,2.237719,0.0,2.2827716,0.0,1.3305899,0.2446743,0.1305415,1.9813244,0.06573545,0.0,0.0,0.5943729,0.0,0.40502906,0.0,0.0,0.3951064,0.6838539,0.5330005,0.0,0.8526454,0.7963656,1.4681529,0.0,0.0,0.0,0.0,1.2169048,0.0,0.0,0.16623046,0.8911056,0.0,0.0,0.0,0.27485797,1.1502413,0.0,0.0,2.616597,0.0,0.0,1.63377,0.22757575,1.0277138,0.0,0.41530123,0.0,1.4336209,0.5360269,0.19823204,0.0,0.75539154,0.0,0.73216784,0.13490576,0.0,0.0,1.1385607,0.4303701,0.0,1.7780938,1.1639687,0.86617446,1.0083396,0.0,0.75549996,0.0,0.86042696,1.571367,0.0,0.0,0.77872497,0.6738805,1.9025471,1.8387258,1.6172134,0.0,2.085186,1.2507591,0.0,0.7465404,1.0238925,0.0,0.0,0.0,0.0,0.7041169,1.822993,0.89882815,0.0,0.0,0.0,1.2316235,1.3206713,1.0727078,0.0,0.0,1.5932375,0.0,0.0,0.24276419,0.59349525,0.20222898,0.0,0.0,0.0,2.3317456,0.5113737,2.2473714,0.0,1.3724604,0.5279235,0.7795365,0.0,1.8247926,1.8242732,0.0878666,0.0,0.0,0.6803346,1.559396,0.0,0.82781386,0.20620969,1.5639472,1.357223,0.4746992,0.0,0.63673615,0.42405242,1.9378195,2.7891567,0.026583184,0.0,0.0,1.6761773,0.0,0.5466575,1.0552844,1.9502686,0.41059175,1.1867076,0.03939492,0.32213044,0.0,0.0,1.8336595,0.6415604,0.28970906,1.1760966,2.0581365,0.42539868,2.4684732,0.0,0.91216296,0.20252922,0.33296388,0.0,0.36278254,0.0,0.0,1.2155777,0.0,0.7967369,0.9940212,3.0577202,0.0,0.5553145,2.7470815,1.2865409,0.3998029,1.2923856,0.0,0.0,2.395169,0.6109806,0.0,0.0,0.1654569,0.5710722,0.0,0.46039537,1.955072,0.0,1.3713964,0.3977662,0.0,0.0,0.0,0.54725206,0.0,0.048332926,1.8938918,0.8982561,1.1915725,0.0,0.0,1.1182593,0.0,0.5116509,0.0,0.0,0.03708915,1.0281087,0.0,1.7243056,0.0,0.5091322,1.2579385,2.3544998,2.1058524,0.0,0.3281051,0.50825584,0.0,0.09525606,0.014856112,0.0,1.3331126,0.0,0.0,2.2280154,0.0,0.0,1.2274721,0.15395841,0.5823532,0.0,0.58187544,0.0,0.0,0
0.26956093,1.5506809,0.0,0.0,2.711301,0.0,0.0,2.000087,0.0,2.117441,0.0,0.55657476,0.81483203,0.0,2.64237,0.0,1.4555812,0.0,0.76133186,0.0,0.0,0.0,0.27743155,2.41938,1.7394065,0.0,2.1218958,0.23970613,2.0955594,0.009678037,0.0,1.3173598,0.0,0.1087747,0.0,0.0,0.0,0.067894615,0.0,0.0,0.12481893,0.0,1.0181696,0.0,1.1385396,0.38302082,1.348618,0.0,0.0,0.3010975,0.0,1.9671587,0.0,0.0,0.6838899,1.4722519,0.0,0.0,0.0,0.9354807,0.9070772,0.0,0.0,2.2296295,0.0,0.0,2.0075135,0.33295372,1.2196987,0.0,0.9707307,0.0,1.3379185,0.1609071,0.0,0.0,1.3240594,0.0,0.8990754,0.52070045,0.0,0.0,0.0,0.1947732,0.0,0.06691537,1.7246736,0.0,1.3867867,0.0,0.26930752,0.066706926,1.1506649,1.4536654,0.0,0.0,2.0730145,0.5228313,1.7752504,0.62427574,1.7138336,0.050234463,1.7413523,1.6504976,0.0,0.057482045,0.8511359,0.0,0.0,0.0,0.0,0.4889683,0.7084636,1.6764457,0.0,0.0,0.0,1.6004839,1.6097537,0.7415153,0.0,0.0,1.9523604,0.0,0.0,0.41091597,0.43513703,0.0,0.0,0.0,0.0,3.3177185,0.29156265,3.839216,0.0,0.8693291,0.0,0.27570787,0.20524827,2.4170206,0.8170434,0.0,0.0,0.0,1.1960559,1.9184283,0.0,0.099817835,0.0,2.059617,1.8270446,0.0,0.0,1.1124905,0.9508711,2.2941024,2.3812966,0.0,0.0,0.0,2.2606628,0.0,0.9516001,1.3939214,2.1023448,0.0,1.0496463,1.2030294,0.30682376,0.0,0.0,2.4194329,1.1477351,0.85418504,0.5362639,2.8519435,0.6786576,2.6262167,0.0,2.3038635,0.04156091,0.35753012,0.0,0.37845856,0.2278849,0.0,0.3603728,0.0,0.0,0.0,2.390573,0.0,0.80237854,2.6507757,2.2522428,0.9678856,1.3308438,0.7380614,0.0,1.8704724,0.8473296,0.0,0.0,0.01607399,0.18318923,0.5112494,0.17230478,2.5122182,0.0,0.51501805,1.0932809,0.0,0.0,0.0,0.9631675,0.0,0.0,1.8981421,0.5712955,1.7849563,0.0,0.37689638,1.6223179,0.0,0.0,0.0,0.0,0.0,0.53665555,0.0,1.5925025,0.0,1.4974545,1.3058944,1.9296079,1.6114475,0.032405287,0.041643076,0.5769621,0.0,0.0,0.07940933,0.0,2.0864766,0.0,0.0,2.01471,0.0,0.0,0.93249196,0.23328787,2.0141037,0.0,0.34782287,0.0,0.0,0
1.3810837,0.42287508,0.0,0.0,2.323299,0.06835789,0.0,1.407457,0.0,1.1800079,0.0,0.18107344,1.3070248,0.0,1.6150608,0.0,1.2921243,0.0,0.0,0.0,0.0,0.05584813,0.4518184,1.753795,1.1957415,0.13920784,1.9558164,0.0,2.3924637,0.36344096,0.0,1.6408943,0.0,0.51074916,0.0,1.4599353,0.0,0.19412382,0.0,0.0,0.407303,0.0,0.0,0.0,0.8524607,0.951749,1.5405712,0.0,0.0,0.0,0.0,1.9868215,0.0,0.0,0.0,0.6439307,0.0,0.0,0.0,0.2849435,1.3963506,0.0,0.0,2.0469792,0.0,0.0,1.5447973,0.17949775,0.89298785,0.0,0.33752504,0.0,2.0072381,0.082072355,0.0,0.0,0.26233023,0.0,0.6635314,0.34679812,0.042344686,0.0,0.3652558,0.0,0.55699784,1.7909989,1.3980803,0.18474652,1.6773176,0.0,0.101461016,0.13733967,1.2133942,2.280555,0.0,0.38304445,1.2493236,1.5678296,1.7988203,1.3579271,1.6138449,0.31655535,1.8155024,1.3001676,0.0,0.21777877,0.88296074,0.0,0.0,0.0,0.0,0.22718799,1.5722704,1.4964559,0.0,0.0,0.0,1.9845327,1.7997302,0.5214682,0.0,0.0,1.5880616,0.0,0.0,0.0,0.29535696,0.0,0.0,0.0,0.0,2.9992962,0.5109806,3.307973,0.19598798,0.5881117,0.051223155,0.3006932,0.0,1.8266591,0.9690508,0.0,0.0,0.0,0.0,2.2545183,0.0,0.64779854,0.0,2.644032,1.7361635,0.0,0.16422093,0.0,0.35965967,2.3194184,2.011219,0.0,0.0,0.0,1.7047219,0.0,0.3127837,1.6680181,2.4221349,0.0,1.4848326,0.44293988,0.0,0.0,0.0,2.307828,1.1527098,0.37312374,0.976584,2.3186755,0.75467575,2.5381691,0.0,1.5587391,0.0,0.0,0.0,0.23638278,0.0,0.36330897,0.095730305,0.0,0.06536667,0.0,2.4603646,0.0,0.491816,2.1591067,1.7418915,0.20011044,1.0642805,0.0,0.0,2.230439,0.9381576,0.0,0.0,0.0,0.2214053,0.2872211,0.42605463,1.4760383,0.0,0.62644225,0.41698623,0.0,0.0,0.4371452,1.0042512,0.0,0.0,2.37237,1.0689853,1.5193313,0.0,0.32128578,1.4731983,0.0,0.590115,0.0,0.0,0.0,0.9389687,0.0,1.5278094,0.0,1.0883222,0.7722465,2.230089,2.4898825,0.0,0.07712933,0.89579594,0.0,0.7294002,0.0,0.0,1.3128766,0.0,0.0,2.131243,0.0,0.0,0.10997628,0.0,1.728762,0.0,0.5970316,0.17667648,0.0,0
1.0766355,0.86044914,0.0,0.0,2.5372217,0.0,0.0,2.0919907,0.0,1.9094808,0.0,0.0,1.3102001,0.0,1.2682894,0.0,0.039596565,0.0,0.0,0.0,0.0,0.37971976,0.0,2.0116832,2.5499873,0.0,2.4329402,0.0,2.6015184,0.61511415,0.5999781,2.2095985,0.0,0.0,0.0,0.8589104,0.0,0.38671634,0.0,0.0,0.0,0.4277891,0.0,0.0,0.5435233,1.2804744,1.4243939,0.0,0.0,0.42348868,0.0,2.0994499,0.0,0.0,0.34234768,1.1425692,0.0,0.0,0.0,0.91883147,1.2816522,0.0,0.0,1.9218825,0.0,0.0,2.464941,0.0,1.5270891,0.0,0.80807585,0.0,1.6900806,0.41759703,0.117508344,0.0,1.5516253,0.0,1.2113535,1.1823288,0.49872226,0.0,0.7505415,0.22405028,0.50112545,1.2106688,1.2013001,0.5847463,1.8929102,0.0,0.98364633,0.0,1.0913229,2.661382,0.0,0.0,1.3982152,0.9123428,2.4288118,0.77436185,2.868679,0.29805523,2.3091176,2.0610042,0.0,0.0,1.2874151,0.0,1.0787865,0.06495713,0.0,0.1363663,2.1812577,1.157623,0.0,0.0,0.0,0.51103425,1.5481597,1.7390559,0.0,0.0,1.5393096,0.0,0.0,0.0,0.0,0.0,0.0,0.0,0.0,3.192495,0.20563391,2.443862,0.0,0.6062273,0.5671091,0.702848,0.0,1.5808935,1.2469229,0.0,0.0,0.0,0.8639487,2.700513,0.0,0.397811,0.0,2.7983477,1.471785,0.17243354,0.0,0.08948164,0.58825994,2.0087023,2.592052,0.36103877,0.22570959,0.0,2.1914911,0.0,1.1040592,1.7539907,2.9044037,0.0,0.9784297,0.8021444,0.0,0.0,0.0,2.5128317,0.47516838,0.0,1.0862594,2.6444232,1.3403087,3.3140533,0.0,2.43941,0.0,0.1714364,0.0,0.2634229,0.0,0.0,0.0,0.0,0.74227405,0.34522313,2.7930286,0.0,0.8834329,2.8516755,2.1321793,0.0,0.9443206,1.2437394,0.0,2.232771,1.0658822,0.0,0.0,0.0,0.27468216,0.1085508,0.15246436,2.7005138,0.69628966,0.7192465,0.0,0.7736659,0.0,0.0,0.22333303,0.0,0.0,1.842563,1.4049827,1.2879137,0.0,0.0,2.1439712,0.0,0.0,0.0,0.0,0.0,1.6075959,0.0,2.681605,0.0,1.5605682,1.4518986,1.9659431,1.8984934,0.0,1.2442776,0.4687502,0.0,0.14406282,0.33970118,0.0,2.442019,0.0,0.0,2.6759944,0.0,0.0,0.7761994,0.77853847,2.3992887,0.0,0.0,0.04914817,0.0,0
0.36867568,1.1050848,0.0,0.0,2.4714184,0.08683608,0.0,1.0583998,0.0,1.6853298,0.0,0.3810367,1.4173905,0.0,1.7859193,0.0,1.4600694,0.084657505,0.33041757,0.0,0.0,0.0,0.46939048,1.2909197,2.3419003,0.1687612,2.1991801,0.0,1.600883,0.13502875,0.014060496,1.5253382,0.0,0.0,0.0,1.2455597,0.0,0.7777376,0.0,0.0,0.26748666,0.30573747,0.07950402,0.0,0.9907659,0.15833594,1.6770241,0.0,0.0,0.21016212,0.0,1.8109876,0.0,0.0,0.72450036,0.5282072,0.0,0.0,0.0,0.74481106,0.81179005,0.0,0.0,1.8341346,0.0,0.0,2.216472,0.4300007,0.9630398,0.0,0.829282,0.0,1.9198813,0.5213832,0.0,0.0,0.6769943,0.0,1.1147876,0.55517566,0.0,0.0,0.2117966,0.0,0.45440108,1.4488691,1.7112706,0.82308394,0.81959426,0.31329265,0.80361295,0.0,0.96041363,1.7693666,0.0,0.32950044,0.8061577,0.65921384,2.104301,1.793273,1.7586701,0.07881337,1.7185614,1.0341655,0.0,0.40909436,1.5382216,0.0,0.0,0.0,0.0,0.12800817,1.5328621,0.86479694,0.0,0.0,0.0,1.5521399,1.8352325,0.67939144,0.0,0.0,1.4355943,0.0,0.0,0.0031021847,0.0,0.25197452,0.0,0.0,0.0,3.0938535,0.2589071,2.696781,0.0,0.4094349,1.1330285,0.35517424,0.0,1.3548281,0.7050081,0.0,0.0,0.0,0.4907194,1.7407176,0.0,0.2176791,0.0,2.1202435,1.9497889,0.5920775,0.41308936,0.29004666,0.4933714,1.990129,2.06499,0.12700762,0.0,0.0,1.7612934,0.0,0.53428346,0.8469035,2.1036162,0.50962585,1.4794282,0.2788071,0.07467016,0.0,0.0,1.4916598,1.1875033,0.059958402,0.49549446,2.5548775,0.8109548,2.1017823,0.0,1.4816382,0.32303134,0.20670265,0.0,0.6637236,0.0,0.0,0.0,0.0,0.12414614,0.5343062,2.6170027,0.0,0.8045114,2.4053369,1.5274316,0.0,0.915936,0.0,0.0,2.390733,1.2512174,0.0,0.0,0.0,0.5709345,0.028257754,0.47406757,2.322488,0.0,1.0843406,0.8670255,0.09748358,0.0,0.0,1.1379372,0.0,0.0,2.043296,1.4753524,0.77797765,0.0,0.0318613,1.3739687,0.0,0.0,0.0,0.0,0.17462,0.20436609,0.0,1.4166486,0.0,0.5642663,0.25503045,1.8676674,2.025314,0.0,0.5138869,0.82096136,0.0,0.7301472,0.0,0.0,1.3532995,0.0,0.0,2.419116,0.0,0.0,0.0,0.042044938,1.0212928,0.0,0.49854276,0.0,0.0,0
0.7785805,0.6926745,0.0,0.0,0.85403174,0.6491315,0.0,0.47522944,0.0,0.80464727,0.0,0.28942195,0.7690037,0.0,1.3398719,0.0,2.04401,0.0,0.98479456,0.0,0.0,0.0,0.495433,0.43195087,2.5618148,0.17239265,1.4151933,0.0,1.6879417,1.1361727,0.0,1.4252992,0.0,0.0,0.0,1.5149674,0.400405,0.79694116,0.0,0.0,0.6413804,0.3094791,0.90736157,0.09681739,1.1720235,0.7807665,1.8368146,0.0,0.0,0.041894127,0.0,1.1790532,0.0,0.0,1.0899878,1.0845556,0.0,0.0,0.0,0.9562193,0.321568,0.0,0.0,1.8740821,0.0,0.0,1.277432,0.63783795,0.8243115,0.0,0.9507187,0.0,0.5821836,0.5237439,0.0,0.0,0.25446087,0.0,0.8020324,0.3971365,0.0,0.0,0.5866807,0.21599418,0.33651966,1.2664402,1.3050818,0.6036473,1.1605204,0.5036165,0.76679885,0.0,0.43177733,1.1496139,0.14969316,0.0,0.0,0.0,2.0148277,2.2935472,1.7549888,0.0,1.7575587,1.145088,0.0,0.25479853,0.49933186,0.0,0.0,0.5261371,0.0,0.0,1.8058742,0.88470346,0.0,0.0,0.0,1.5697674,0.42039427,0.6734942,0.0,0.0,0.29788265,0.0,0.0018432112,0.6283087,0.7279992,0.0,0.0,0.0,0.0,2.4090438,0.66921854,2.0321171,0.0,1.439073,0.8707354,1.0403683,0.15282957,2.4761684,1.0001503,0.68926966,0.0,0.0,0.0,1.2615918,0.0,0.48028788,0.0,0.8882175,1.7137121,1.1823564,0.13700584,0.6658394,1.1213319,1.600176,1.61586,0.04934706,0.0,0.0,1.5087467,0.0,0.0,0.75754136,0.2730987,0.077543035,2.058744,0.75345254,1.0219727,0.0,0.0,1.0902674,0.34695348,0.0,0.8175733,1.8299708,1.2594366,1.3391097,0.0,0.4656531,0.4064962,0.7949978,0.0,0.8286379,0.24416853,0.27722052,1.0423297,0.0,0.25557533,1.1822603,1.8971827,0.0,0.5661828,2.0662327,1.3722017,0.7880409,0.83880126,0.10497807,0.0,2.0905275,0.9250322,0.0,0.0,0.0,0.0,0.34511834,0.5853657,1.5838546,0.0,1.8723567,1.2762533,0.40311986,0.0,0.0,0.3537435,0.0,0.53227866,2.8233106,1.2878729,1.3447859,0.0,0.0,0.89211625,0.0,0.334726,0.0,0.0,0.72157276,0.5220597,0.0,1.0085891,0.0,0.10877998,0.0,2.0212693,1.0102663,0.35989603,0.0,1.4142327,0.0,0.0,0.0,0.0,0.48180622,0.0,0.0,1.8300079,0.0,0.0,0.8470891,0.0,0.3270066,0.0,0.6271299,0.24865115,0.0,1
0.7228554,1.0079155,0.0,0.0,1.7373846,0.20057099,0.0,0.7890443,0.0,1.0938087,0.0,0.54279155,0.981639,0.0,1.5907321,0.0,1.5088618,0.035885137,1.0534332,0.042865846,0.0,0.0,0.0,1.4114918,1.9710991,0.0,1.188845,0.0,1.4638218,0.5976388,0.0,1.6940231,0.26060718,0.0,0.0,1.055327,0.0,0.79900455,0.0,0.0,0.13724661,0.0,0.13214183,0.0,1.4481803,0.0,1.4552741,0.0,0.0,0.4584306,0.0,1.0434095,0.0,0.0,0.9972402,0.08379418,0.0,0.0,0.0,0.5692801,0.70154774,0.0,0.0,2.0983543,0.0,0.0,2.6593807,0.42146552,1.051971,0.0,0.9265514,0.0,1.9308531,0.44373295,0.0,0.0,0.9513917,0.0,1.2391633,0.7940392,0.0,0.0,0.64079034,0.39792883,1.0503647,0.8696306,1.1044396,1.1134301,0.5484098,0.15925892,1.0147078,0.0,0.53385556,1.7737421,0.02831843,0.0,0.9012442,1.0881971,1.9734917,1.8715845,1.3095018,0.0,1.7426277,1.0390364,0.0,0.250616,0.9926803,0.0,0.0,0.0,0.0,0.17894077,1.812191,0.73357385,0.0,0.0,0.2545076,1.5000433,1.0614959,0.6630369,0.0,0.0,1.4691291,0.0,0.53709143,0.06422198,0.23790278,0.0,0.0,0.0,0.0,2.8470745,0.0,2.2411082,0.0,0.3849617,1.1445816,0.47130165,0.14043643,1.1631979,0.38817015,0.0,0.0,0.0,0.6700318,1.4953073,0.0,0.9641196,0.0,1.4790183,1.9775368,0.6394216,0.0,0.5233572,0.68642515,1.6039331,1.595321,0.0,0.0,0.0,1.3207934,0.0,0.41655248,0.5683275,1.1955708,0.0,1.282477,0.97731906,0.10093286,0.0,0.0,2.1625547,0.57535046,0.1986883,0.22068407,2.3978825,0.7717467,2.2632468,0.0,1.6824607,0.37090293,0.0,0.0,0.5123358,0.0,0.0,0.029406415,0.0,0.41809875,0.47508413,1.9235481,0.0,1.2195159,1.8913953,1.3626281,0.21859422,0.7707613,0.32293376,0.0,2.655652,0.47807652,0.0,0.0,0.0,0.83826077,0.496725,0.056393713,1.8324496,0.0,0.8855838,1.187978,0.49496153,0.0,0.4215987,1.5669608,0.0,0.30015573,3.117758,0.9626201,1.1945503,0.0,0.0,1.4127054,0.0,0.0,0.0,0.0,0.0,0.9065967,0.0,1.8303531,0.0,0.7225831,0.41000584,1.4518898,1.8223187,0.0,0.26886323,0.8587906,0.0,0.63753754,0.0,0.0,0.98614395,0.0,0.0,2.0423698,0.0,0.0,0.0,0.16750464,0.9714557,0.0,0.47210234,0.0,0.0,0
0.998319,0.857902,0.0,0.0,1.6877006,0.26650107,0.0,0.4644475,0.0,0.34004587,0.0,0.13066277,0.9436754,0.0,1.4816992,0.0,2.1421049,0.25901362,0.24468169,0.39440867,0.0,0.0,0.0,0.794132,1.4632369,0.027907312,0.95237327,0.0,1.126889,0.32534322,0.0,1.7383912,0.0,0.28428033,0.0,1.2636181,0.0,0.5923373,0.0,0.0,0.6769172,0.0,0.559075,0.0,1.2641184,0.0,1.2282696,0.0,0.0,0.20261247,0.0,0.86611164,0.0,0.0,1.3790511,0.3281598,0.0,0.0,0.0,0.5008685,0.51876986,0.0,0.0,1.6601151,0.0,0.0,1.8063676,0.0069188187,0.89473253,0.0,0.9438548,0.0,1.5385716,1.1020616,0.0,0.0,0.3352867,0.0,1.1755209,0.9176468,0.0,0.0,0.0,0.27597168,0.5456968,1.4895275,0.63329184,0.7588388,1.0570853,0.0,0.84824055,0.0,1.3956074,1.3117349,0.0,0.0,1.516998,0.5652649,1.3540343,1.3610649,1.2370588,0.33688724,1.6821232,0.0006247379,0.0,0.98357016,1.1217772,0.12377212,0.0,0.040397104,0.0,0.0,0.93357486,0.75450015,0.0,0.0,0.5123849,1.4195303,1.3359982,0.48054874,0.0,0.0,0.9356571,0.0,0.24771598,0.7307391,0.35382676,0.090567425,0.0,0.0,0.0,2.411821,0.0,2.1587744,0.0,0.6148539,0.67978543,0.06512299,0.0,0.9553619,0.9834847,0.09316372,0.0,0.0,0.093684465,1.4836681,0.0,0.7214153,0.23757832,1.0021132,0.9381145,0.26830655,0.098864645,0.84857005,0.21636297,1.7132452,1.163604,0.0,0.0,0.0,1.4711578,0.0,0.07111471,0.6324682,1.4042772,0.47409236,1.6827067,1.1014446,0.19308761,0.0,0.0,1.7257234,0.456411,0.0,0.0,2.0637598,0.83647734,2.024601,0.0,1.3502636,0.40774038,0.024433782,0.0,0.49190512,0.0,0.0,0.045570474,0.0,0.6912385,0.4295932,2.1429887,0.0,0.905751,1.7449574,1.3323563,0.5736391,0.9885225,0.60015035,0.0,1.9291198,0.55517,0.0,0.0,0.0,0.35205054,0.2730691,0.023692159,1.7515473,0.00702075,0.4985814,1.0882608,0.0,0.0,0.0,1.5580499,0.0,0.4484994,2.8224032,1.3799404,0.83451056,0.0,0.0,1.2992202,0.0,0.032028724,0.0,0.0,0.0,0.6467232,0.0,0.8696011,0.0,1.1094414,0.8589521,0.9924025,0.8950944,0.0,0.0,0.4736455,0.0,0.34901157,0.0,0.0,1.2105787,0.0,0.0,2.0578628,0.0,0.0,0.0,0.34321433,0.63960403,0.0,0.0,0.0,0.0,0
1.6611068,0.5613379,0.0,0.008761582,0.68858266,0.95297736,0.0,0.0,0.0,0.9927903,0.0,0.0,0.74857795,0.0,0.8263688,0.0,2.1448607,0.37662482,0.779262,1.144752,0.0,0.0,0.0,0.0,1.6138018,0.0,0.59057885,0.4090228,0.0,1.2240567,0.098198116,0.95180666,0.72933185,0.0,0.0,1.7471967,0.0,0.9487613,0.0,0.0,1.5527898,0.02357787,0.9910622,0.0,0.5004318,0.7056616,1.1285154,0.0,0.0,0.53241014,0.0,0.27283722,0.0,0.0,1.0462503,0.5641265,0.0,0.0,0.0,0.68943393,0.8327171,0.0,0.0,0.8567369,0.0,0.7773246,0.71924233,0.38493088,0.13547772,0.0,0.3718783,0.0,0.6595209,1.688401,1.4002627,0.0,0.19713888,0.0,0.37794885,1.034819,0.13453196,0.0,0.97730476,0.26136917,1.0722809,1.1240302,0.0,1.6234293,0.20757873,0.28922287,1.3668252,0.0,1.0323995,1.0889003,0.015606516,0.0,0.057878688,0.0,0.8329494,2.3770444,0.55108106,0.31491035,0.887379,0.39916214,0.0,0.9174599,0.36988607,0.0,0.0,0.81335187,0.0,0.0,2.5250144,0.2811624,0.0,0.0,0.6662138,1.0718834,0.21627386,0.47601512,0.0,0.0,0.6206355,0.0,0.0,1.3246037,0.6506153,0.98081756,0.0,0.0,0.0,0.6224573,0.20656152,0.3660536,0.0,1.4140153,1.9356898,1.1328933,0.0,0.32058093,0.7116582,0.35813153,0.0,0.0,0.0,0.54292464,0.0,0.0,0.59479034,0.5910241,0.23632093,1.4910812,0.0,0.87708896,0.20099977,0.51706064,1.5410551,0.0,0.15816094,0.0,1.2371261,0.5102865,0.7086934,0.0,0.26636475,0.91598827,1.3149321,0.6998313,0.0,0.0,0.0,0.13100156,0.7025635,0.0,0.6088559,1.1792415,0.6684139,1.9207318,0.0,0.1430024,0.38131693,0.3024782,0.0,0.84535414,0.0,0.0,0.80002147,0.0,1.1166568,1.3708842,1.2596467,0.0,0.5581622,0.4706064,0.60848564,0.61145407,0.6788044,0.7284082,0.0,1.7844496,0.07065152,0.0,0.0,0.9196259,0.21024208,0.26438695,0.091757074,1.1003567,0.24782437,1.3992836,0.017790647,0.543332,0.0,0.0,0.3856943,0.0,0.44668433,1.8512771,1.6967262,0.5562538,0.0,0.051871475,0.49303192,0.0,0.0,0.0,0.0,0.31794935,0.7763335,0.0,1.1412177,0.0,0.27971953,0.0,0.28192875,0.0,0.0,0.107639425,1.0291204,0.0,0.38196853,0.0,0.6120554,0.9748,0.0,0.0,0.5873474,0.0,0.0,0.86126804,1.5690358,0.0,0.0,0.17797688,0.0,0.0,1
0.886746,0.56850755,0.0,0.0,1.7683153,0.10095597,0.0,0.0,0.0,0.8810514,0.0,0.0,1.1627494,0.0,1.5307932,0.0,1.4475323,0.0,0.28791723,0.13685289,0.0,0.0,0.09120833,0.667467,2.4442523,0.07836214,1.2165627,0.16928014,1.4939682,0.4375202,0.0,2.0835986,0.22713672,0.0,0.0,1.1157637,0.0,0.45910263,0.0,0.0,0.8587985,0.0,0.0,0.0,0.8526758,0.17940654,1.4405504,0.0,0.0,0.11532012,0.0,0.43443203,0.0,0.0,0.34463847,0.0,0.0,0.0,0.0,0.9300947,0.65299636,0.0,0.0,1.996343,0.53355885,0.38015124,2.0656478,0.5020801,1.4321597,0.0,1.2151041,0.0,1.7003294,1.5882676,0.46905363,0.0,0.61831385,0.0,1.3836291,1.4165957,0.0,0.0,0.59138656,0.4578271,1.1000888,1.5804701,0.61471874,1.2834957,1.5660124,0.0,0.9886991,0.0,1.671411,1.6273657,0.32840297,0.0,0.44668025,0.27652633,1.30026,1.8359061,1.3164287,0.0,2.1520271,0.0014375069,0.0,0.20083869,0.6451494,0.0,0.0,0.30566338,0.0,0.0,2.1692638,1.0553129,0.0,0.0,0.0,1.2689226,1.88787,0.8929146,0.0,0.0,1.2339578,0.0,0.67159647,0.060083076,0.0036901457,0.454109,0.0,0.0,0.0,2.335154,0.0,1.5970625,0.0,0.67667437,0.8976076,0.147962,0.0,1.2099258,1.6017457,0.0,0.0,0.0,0.6100543,1.7401197,0.0,0.34357974,0.714613,2.2238207,1.338349,1.1169263,0.0,0.83450323,0.5566788,1.8758922,1.2546018,0.0,0.0,0.0,2.4974134,0.0,0.24515535,1.0941737,0.8870843,0.0,1.6037036,1.2136415,0.21949688,0.0,0.0,2.0404258,0.67132837,0.0,0.18532492,2.5831635,0.9593955,2.288595,0.0,0.86458147,0.48056194,0.16136849,0.0,0.1406309,0.0,0.0,0.0,0.0,0.99528766,1.1729931,2.753586,0.0,0.6564333,2.154196,1.440035,0.0,0.77271056,0.5002467,0.0,2.6348133,0.25299758,0.0,0.0,0.15960002,0.13141927,0.45029503,0.27614772,1.906592,0.28887525,1.3487235,0.89101094,0.0,0.0,0.5877153,1.0230318,0.0,0.5948009,3.0978055,0.94005716,1.0358169,0.0,0.0,1.1407325,0.0,0.21900076,0.0,0.0,0.0,0.5013656,0.0,1.7753246,0.0,0.53154474,0.8449383,1.6640254,1.1930002,0.0,0.0,0.41045508,0.0,0.94963235,0.0,0.0,1.6784983,0.0,0.0,2.2322993,0.0,0.0,0.040654287,0.55656755,0.6611294,0.0,0.0,0.0,0.0,0
1.1268038,1.1831546,0.0,0.0,1.9754016,0.0,0.0,0.6296533,0.0,1.6375506,0.0,0.44480333,1.0916765,0.0,1.2486928,0.0,0.9523939,0.052318852,0.39197204,0.0,0.0,0.0,0.26130295,1.4995692,3.1552773,0.16772321,2.480333,0.0,2.1829312,0.14660814,0.36864138,1.474062,0.0,0.0,0.0,1.316189,0.0,0.7456931,0.0,0.0,0.027953824,0.0,0.21111098,0.0,1.0768344,0.66162944,1.598846,0.0,0.0,0.41017085,0.0,1.7171127,0.0,0.0,0.0,1.0422243,0.0,0.0,0.0,0.42941406,1.0610181,0.0,0.0,2.6243165,0.22891803,0.0,3.0126255,0.41211912,1.2105436,0.0,1.6822354,0.0,1.9327712,0.8914087,0.0,0.0,1.1143115,0.0,1.0717403,0.54249305,0.0,0.0,0.21260576,0.12521166,1.0585151,1.1296676,1.9485662,0.48098072,1.4257798,0.0,0.6601927,0.0,1.8388573,1.6706425,0.0,0.5879312,0.32560903,1.0350379,2.5674517,1.0361766,0.7950208,0.0,2.693454,0.6125934,0.0,0.6962445,0.9310748,0.0,0.0,0.0,0.0,0.41590106,1.664818,0.6275244,0.0,0.0,0.0,1.283866,1.3214254,1.4210372,0.0,0.0,1.0686876,0.0,0.2562072,0.0,0.0,0.08801754,0.0,0.0,0.0,2.8113146,0.21723685,2.7780259,0.0,0.2890583,0.22760183,0.21560676,0.5925528,2.3296463,1.6018299,0.2171826,0.0,0.0,1.0967003,1.5417947,0.0,0.1792318,0.0,2.1419413,1.72764,0.0,0.0,0.36189577,0.5317264,2.422443,2.5187244,0.5183181,0.0,0.0,1.9734106,0.0,0.16960713,1.3032918,1.8804936,0.0,1.8755794,0.7708425,0.55109435,0.0,0.0,2.1356905,1.2666513,0.030705454,0.92908084,2.5882747,1.133465,2.5845146,0.0,1.9369575,0.2758923,0.038531248,0.0,0.06938583,0.07097515,0.3721692,0.0,0.0,0.0,0.4436807,2.3357594,0.0,0.8807674,2.3499732,2.5080543,0.0,1.3509892,0.0,0.0,2.2379425,1.020743,0.0,0.0,0.0,0.0,0.0,0.91785645,1.8519151,0.0,0.3086471,1.3649807,0.5226246,0.0,0.16737585,1.1351641,0.0,0.0,2.176542,1.2719752,0.81755674,0.0,0.0,1.061549,0.0,0.37216645,0.0,0.0,0.2428001,1.3694415,0.0,1.9131403,0.0,0.8266917,0.7356377,2.4360998,2.1327593,0.0,0.7934522,1.0124431,0.0,0.6677183,0.0,0.0,1.465139,0.0,0.0,2.530631,0.0,0.0,0.0,0.5716921,1.528832,0.0,0.7067743,0.20528315,0.0,0
1.2869345,0.08495309,0.0,0.0,1.5265946,0.42780936,0.0,0.5687104,0.0,1.0270615,0.0,0.18284422,1.0381914,0.025285404,1.6142098,0.0,1.509391,0.23673381,0.8297673,0.8470203,0.0,0.0,0.25183243,0.94486,2.541851,0.0,2.0230358,0.0,1.3876456,1.1117111,0.092351556,1.5406395,0.2408409,0.0,0.0,1.437682,0.0,0.9275156,0.0,0.0,0.9997112,0.49029073,0.61597013,0.0,1.1418467,0.59084415,1.316571,0.0,0.0,0.823401,0.0,1.1908871,0.0,0.0,1.0402361,0.7800434,0.0,0.0,0.0,0.9993379,0.671632,0.0,0.0,2.37149,0.21125185,0.0,1.9864472,0.05149567,0.24072772,0.0,0.25089374,0.0,1.8621254,1.3791596,0.4404207,0.0,1.083979,0.0,1.0885304,1.090514,0.0,0.0,1.0697575,0.83118457,0.759207,1.4981316,0.9940891,0.96618086,0.8989389,0.22728395,1.3870077,0.0,1.7779669,1.533446,0.029101813,0.0,0.84757507,0.8947739,1.8286706,1.5740165,1.1097568,0.23337336,1.7223277,0.36647794,0.0,0.7721104,0.773086,0.0,0.0,0.38804165,0.0,0.9557817,1.9378761,0.013832506,0.0,0.0,0.0,1.603979,0.8098742,0.790381,0.0,0.0,1.3932507,0.0,0.0,0.3151535,0.0,0.8403572,0.0,0.0,0.0,2.0097373,0.12307492,1.9084295,0.0,1.3372815,1.2684218,0.75302595,0.065478854,1.2115943,0.9316204,0.0,0.0,0.0,0.73682964,1.4934973,0.0,0.4246894,0.20424975,1.5046626,0.94266844,0.97581136,0.4459858,0.72841686,0.20071808,1.1164503,2.257711,0.06605764,0.0,0.0,2.0489285,0.0,0.7317559,0.9114646,0.96259373,0.7718881,1.7489154,0.38896447,0.5655155,0.0,0.0,1.6360584,0.56885874,0.0,0.95298386,1.5469282,0.812896,2.1604092,0.0,1.3766582,0.1756778,0.15898696,0.0,0.6412848,0.0,0.0,0.67054814,0.0,1.1979557,1.0844233,2.4853342,0.0,0.8925889,1.6418273,0.953656,0.6446814,1.2692673,0.8454834,0.0,2.791373,0.6061726,0.0,0.0,0.0,0.33847967,0.057226148,0.6510429,1.9365019,0.51638055,1.5650129,0.9370523,0.0,0.0,0.0,1.2576447,0.0,0.80838484,2.9211726,1.4133276,0.5251577,0.0,0.12682292,1.3234841,0.0,0.4693281,0.0,0.0,0.16986741,1.5196548,0.0,2.1328256,0.0,0.064269975,0.4006734,1.005402,1.9952549,0.0,0.8748163,0.14912559,0.0,1.0465206,0.10759668,0.38883197,1.7335644,0.0,0.0,2.1489983,0.0,0.0,0.543581,0.8079416,0.68052346,0.0,0.6711432,0.0,0.0,0
1.4027408,0.750278,0.0,0.0,1.6739041,0.0,0.0,1.4400721,0.0,0.8678267,0.0,0.08350089,1.4736055,0.0,1.5303848,0.0,0.94461435,0.0,0.025088666,0.0,0.0,0.43193704,0.2069329,1.6589766,2.2288575,0.096953884,2.3600733,0.0,1.3060113,0.07970181,0.02328187,1.9139642,0.12495207,0.0,0.0,1.6727074,0.0,0.8327575,0.0,0.0,0.5600933,0.0,0.29712832,0.0,0.0,0.84936607,1.4136164,0.0,0.0,0.9431474,0.0,1.2531754,0.0,0.0,0.37193233,0.91896176,0.0,0.0,0.0,0.9381015,0.6755581,0.0,0.0,2.0795453,0.060464274,0.0,2.000009,0.71672493,1.6846471,0.0,0.6089959,0.0,1.8124089,1.6023432,0.46830484,0.0,0.8079843,0.0,1.5592968,1.072046,0.0,0.0,1.2828691,0.4000005,0.37569052,0.9851312,0.79839617,0.23640226,1.9387101,0.0,0.6980831,0.29981402,0.87553006,2.3912368,0.0,0.0,0.46055096,0.20894127,1.8081958,0.70611054,1.6857126,0.0,1.5347049,1.2998888,0.0,0.2336859,0.60852295,0.0,0.26523358,0.35739592,0.0,0.09830408,1.9698105,0.5899519,0.0,0.0,0.0,1.2908152,1.3316331,1.2673688,0.0,0.0,0.48352408,0.0,0.0,0.0,0.60256547,0.0,0.0,0.0,0.0,2.9580421,0.2812655,1.8344512,0.0,0.87784445,1.514459,0.402741,0.0,1.715447,0.66150063,0.0,0.0,0.0,0.83369917,0.73195165,0.0,0.5097903,0.0,2.3510811,2.032513,0.0,0.24279757,1.090005,0.10166464,1.575957,1.5979626,0.0,0.0,0.0,1.9584072,0.0,1.502431,1.0592065,1.9834846,0.08041273,1.3739487,0.8798214,0.15200987,0.0,0.0,1.7019292,0.3925211,0.32671866,1.794422,2.2514188,1.303164,2.8876636,0.0,1.334862,0.3069519,0.01812411,0.0,0.23383272,0.66475445,0.0,0.0,0.0,0.11476282,0.63438004,2.1068099,0.0,0.59915674,2.3789213,1.3471113,0.0,1.66517,0.22161739,0.0,1.9799625,1.2187634,0.0,0.0,0.0,0.11652991,0.0,0.5683702,1.6962968,0.47494483,0.6459345,0.7082516,0.10492981,0.0,0.0,0.87987155,0.0,0.4065951,2.0743244,1.3565298,0.96603346,0.0,0.007315064,1.6413386,0.0,0.5239396,0.0,0.0,0.5256398,1.5983158,0.0,2.3384094,0.0,1.4588693,0.99753624,1.784538,1.7335383,0.0,0.57413507,0.75348127,0.0,0.29362103,0.09577145,0.0,1.4465278,0.0,0.0,2.3991733,0.0,0.0,0.28392056,0.885503,1.3354318,0.0,0.0,0.2124652,0.0,0
1.2572699,0.8125642,0.0,0.0,1.9897274,0.3382923,0.0,0.9086937,0.0,1.1008728,0.0,0.0,1.2890936,0.0,1.860518,0.0,1.3601302,0.0,0.40435278,0.4123779,0.0,0.0,0.0,0.8125418,2.044383,0.0,1.94915,0.03496431,0.9934562,0.57796514,0.0,1.0574248,0.53254074,0.07774917,0.0,1.1914092,0.0,0.27896369,0.0,0.0,0.91147536,0.1613935,0.80601716,0.0,0.61053044,0.9202118,0.73139423,0.0,0.0,0.4210387,0.0,0.7413698,0.0,0.0,0.82395,1.2474396,0.0,0.0,0.0,0.81266445,1.0936142,0.0,0.0,1.3666322,0.0,0.0,1.7040836,0.29079807,0.42300618,0.0,0.29765776,0.0,1.3130579,1.0369633,0.5434172,0.0,0.493692,0.0,0.91904306,1.0289448,0.0,0.0,0.9174303,0.0,0.5839483,1.1011393,0.25009,1.4261359,0.9489819,0.09867962,1.2606485,0.0,1.3988045,1.694938,0.16768065,0.0,0.70549583,0.082751386,1.4829581,2.2443593,1.0934618,0.0,1.678797,0.6109483,0.0,0.52186245,0.88384205,0.0,0.0,0.17036249,0.0,0.100856856,2.187766,0.8840554,0.0,0.0,0.25603986,1.1664077,1.3141636,1.1743168,0.0,0.0,0.89451844,0.0,0.0,0.51877713,0.100016885,0.72699875,0.0,0.0,0.0,1.8433703,0.2720048,1.5097495,0.0,1.6146114,1.2726359,0.84048355,0.0,1.1200724,1.0105201,0.0,0.0,0.0,0.6962856,1.2965906,0.0,0.0,0.5387878,1.6236051,0.53811634,1.4139185,0.0,1.0503579,0.33250284,1.7541331,1.609587,0.09393187,0.0,0.0,1.727802,0.08171353,1.3591456,0.9487446,1.1327604,0.6214462,0.9731907,0.38473994,0.0,0.0,0.0,1.2741934,0.28300372,0.0,0.74746865,2.3386867,0.5136017,2.641337,0.0,1.1709737,0.27025256,0.7185642,0.0,0.5657248,0.0,0.0,0.5311848,0.0,1.1841844,0.8303995,2.5203562,0.0,0.98972756,1.8602864,1.1850251,0.032121398,0.5783271,0.8834256,0.0,2.0353038,0.53324455,0.0,0.0,0.2922277,0.4577564,0.087251306,0.1001139,1.721259,0.27823818,1.1370255,0.45810154,0.0,0.0,0.0,0.22075713,0.0,0.092231475,2.6822026,1.5813622,0.32409614,0.0,0.0,1.5159854,0.0,0.53958654,0.0,0.0,0.0,0.98446727,0.0,1.3675313,0.0,0.22233902,0.8181062,0.8368306,1.0940983,0.0,0.66873276,0.5514338,0.0,0.0,0.0,0.0,1.4535732,0.0,0.0,1.4820886,0.0,0.0,0.82766765,0.8566869,0.49683967,0.0,0.35715735,0.0,0.0,0
0.93504876,0.0,0.0,0.0,1.6879696,0.008669052,0.0,1.0276234,0.0,1.1132804,0.0,0.0,0.6847481,0.0,1.6361952,0.0,0.4673903,0.0,0.64964426,0.0,0.0,0.0,0.0,1.1370335,2.2799344,0.0,1.6043959,0.0,1.6963685,0.517454,0.0,1.5347357,0.0,0.0,0.0,1.0029944,0.0,0.52230227,0.0,0.0,0.119168945,0.22588673,0.48100704,0.0,0.8999283,0.17164005,1.3784561,0.0,0.0,0.39104533,0.0,1.1489539,0.0,0.0,0.5122873,1.0576766,0.0,0.0,0.0,1.0160799,0.5419542,0.0,0.0,2.0500693,0.0,0.0,2.1544702,0.5835436,0.88368666,0.0,0.5239268,0.0,2.0312312,0.53793913,0.0,0.0,0.77164644,0.0,1.5508153,0.58645827,0.0,0.0,0.7043826,0.14996135,0.01565635,1.013144,0.9797619,0.93297666,1.2007056,0.04492935,0.9890042,0.0,1.050902,1.6484011,0.0,0.0,0.76320994,0.3489234,1.8202221,1.9642736,1.0971904,0.0,2.2325647,0.9765567,0.0,0.024640422,0.568235,0.0,0.0,0.0,0.0,0.0,2.0655918,0.6018162,0.0,0.0,0.23933116,0.92295593,1.3690662,0.6021318,0.0,0.0,1.2456125,0.0,0.0,0.44532156,0.29509902,0.0,0.0,0.0,0.0,2.2200897,0.07907084,1.8415875,0.0,1.2530867,0.7211097,0.5677926,0.42236346,1.1832979,1.3669162,0.0,0.0,0.0,0.773959,1.7082043,0.0,0.6766381,0.0,1.4763331,1.9105756,0.90373194,0.0,0.86539453,0.61581916,1.5358629,2.1574233,0.0,0.0,0.0,1.3648221,0.0,0.45541164,0.96230423,0.65820104,0.25597876,1.4996337,0.5133688,0.50300723,0.0,0.0,2.1065965,0.8119484,0.0,1.2078766,1.8693793,0.4450812,1.9864995,0.0,1.0121828,0.0,0.0,0.0,0.10684216,0.40968576,0.0,0.19613236,0.0,0.57829535,0.54638237,2.4687405,0.0,0.8538132,2.4302297,1.5857009,0.28784138,0.9355672,0.0,0.0,2.2427235,0.7159411,0.0,0.0,0.23650348,0.5263431,0.30022654,0.42017373,1.2667539,0.0,1.0086424,0.73863393,0.5944764,0.0,0.0,0.75101936,0.0,0.46859795,2.4436846,0.76237065,0.93148893,0.0,0.24026754,1.5729374,0.0,0.4642761,0.0,0.0,0.15884113,0.6392707,0.0,1.6656234,0.0,0.21610476,0.8770892,1.4518862,2.0640085,0.0,0.92781335,0.5726238,0.0,0.27667764,0.08432294,0.19774194,1.0169238,0.0,0.0,1.7336845,0.0,0.0,0.21105202,0.11672647,0.523651,0.0,0.42247382,0.0,0.0,0
0.8428375,1.2840855,0.0,0.0,1.6704913,0.1518379,0.0,0.34476155,0.0,0.6881549,0.0,0.0,0.80289996,0.0,1.3265097,0.0,1.445467,0.0,0.3569211,0.0,0.0,0.0,0.12095707,0.55885434,1.8277862,0.39779502,1.5289942,0.0,2.2218783,0.28407905,0.0,1.5678931,0.0,0.0,0.0,0.81204194,0.0,0.56977767,0.0,0.0,0.7067893,0.52174234,0.38525409,0.0,1.0422522,0.38285527,1.1590192,0.0,0.0,0.0,0.0,0.6189359,0.0,0.0,0.98930496,0.6753633,0.0,0.0,0.0,0.0,0.6234341,0.0,0.0,1.4207841,0.0,0.08239983,2.0936615,0.4272612,0.5595233,0.0,0.84441024,0.0,0.88129395,0.553437,0.0,0.0,0.42741042,0.0,0.85024583,1.0942125,0.0,0.0,0.0,0.31530425,0.18196869,1.0019683,1.8496426,0.24699748,1.1267196,0.21985295,0.0,0.0,1.1957852,1.5097951,0.0,0.4857564,1.1520925,1.0668858,1.3885164,1.5068792,1.6563243,0.0,1.6039805,0.28025743,0.0,0.15426564,1.2082394,0.0,0.0,0.2721186,0.0,0.091601446,0.87591225,0.93102986,0.0,0.0,0.0,1.9119402,1.3320554,0.8787471,0.0,0.0,1.4261837,0.0,0.17509313,0.64448816,0.0,0.0,0.0,0.0,0.0,2.245362,0.3439872,2.0892875,0.0,0.5507965,0.7026736,0.3277019,0.0,1.7445898,0.93171316,0.123764776,0.0,0.0,0.08096582,1.3883259,0.0,0.6180968,0.6101115,1.6118095,1.9947578,0.0,0.0,0.4120662,0.0937622,2.2423866,0.59065205,0.0,0.0,0.0,1.6979208,0.0,0.5917366,1.4197872,1.7256432,0.15799388,1.8947427,1.3460149,0.57623446,0.0,0.0,1.4582359,0.8480979,0.0,0.27882594,2.6701257,0.73987275,1.9476022,0.1173293,1.053712,0.37895444,0.30767176,0.0,0.32676178,0.34882224,0.41277277,0.024788035,0.0,0.021089552,0.0,2.096972,0.0,1.1008505,2.302694,1.3946382,0.23714596,0.97592604,0.0,0.0,1.7657773,0.809426,0.0,0.0,0.0,0.33598715,0.23646834,0.06369811,2.4391608,0.0,0.7346316,0.94444567,0.13675578,0.0,0.0,1.0158474,0.0,0.0,1.8346608,0.7848738,1.0261339,0.0,0.0,1.686894,0.0,0.209719,0.0,0.0,0.49248937,0.72530717,0.0,0.7320624,0.0,1.393738,1.1865195,1.2210317,1.20349,0.0,0.0,1.4243833,0.0,0.0,0.0,0.0,1.2057139,0.0,0.0,1.9417377,0.0,0.0,0.17399043,0.0,1.0756822,0.0,0.36894777,0.1748818,0.0,0
1.1009557,1.0068645,0.0,0.0,2.9991517,0.0,0.0,1.5769677,0.0,2.2089236,0.0,0.0,0.9780595,0.0,1.8482649,0.0,0.65010744,0.0,0.7903231,0.0,0.0,0.0,0.0,2.089251,2.192276,0.0,2.0781515,0.0,2.7814093,0.0,0.0,1.9948262,0.0,0.63293177,0.0,0.6278537,0.0,0.70567465,0.0,0.0,0.0,0.0,0.0,0.0,1.2254676,0.2583836,2.0420465,0.0,0.0,0.0,0.0,2.1394484,0.0,0.0,0.0,0.7887869,0.0,0.0,0.0,1.2912977,1.1828065,0.0,0.0,2.5672724,0.0,0.0,2.734657,1.159252,2.0497682,0.0,1.1028767,0.0,2.5138166,0.0,0.0,0.0,1.933095,0.0,1.3035129,0.42613557,0.5818202,0.0,0.5692237,0.37652773,0.3138525,0.8515912,2.4713106,0.17527024,1.419985,0.0,1.3129337,0.0,0.71822244,1.2036343,0.0,0.24160689,0.8538363,0.6787898,2.4603138,0.70804226,2.4254506,0.0,2.7170587,2.143765,0.0,0.0,1.1994615,0.0,0.43645826,0.0,0.0,0.9134111,1.6478901,1.2788801,0.0,0.0,0.0,0.3718334,1.4846991,1.7260969,0.0,0.0,2.4245174,0.0,0.0086534,0.0,0.045712344,0.0,0.0,0.0,0.0,3.4580235,0.81354016,3.194915,0.0,0.47717765,0.0,0.7478983,0.14300632,2.4928477,1.651264,0.0,0.0,0.0,1.7861123,2.2921774,0.0,0.38377228,0.0,2.2679627,2.4586804,0.0,0.0,0.0,0.5389812,2.3371997,2.2176545,0.51597697,0.0,0.0,3.1935983,0.0,0.0,0.9132615,3.113679,0.0,1.406103,0.63532907,0.65203136,0.0,0.0,2.6794255,1.7926733,0.68612885,1.0641832,2.236983,1.2816305,2.1455245,0.0,2.200165,0.0,0.0,0.0,0.0,0.3758265,0.0,0.08649064,0.0,0.0,0.0,1.9850141,0.0,0.35038602,2.5151012,2.8062592,0.60793096,1.0906092,0.0,0.0,2.4858398,1.846062,0.0,0.0,0.0,0.23631467,0.49014217,0.7540957,2.130106,0.0,0.27838057,1.1610409,0.56968075,0.0,0.0,0.7718035,0.0,0.0,1.6884725,0.0,1.939459,0.0,0.82630736,1.530435,0.0,0.10883508,0.0,0.0,0.0,1.492765,0.0,2.0949447,0.0,1.0136331,1.2292521,2.6267881,1.8969437,0.0,0.82855076,1.3024422,0.0,0.09503045,0.49172863,0.0,1.0469142,0.0,0.0,2.4101262,0.0,0.0,0.0,0.16312805,2.2502644,0.0,0.4406725,0.8796736,0.0,0
0.55776304,0.88007087,0.0,0.0,3.0129778,0.0,0.0,1.6305726,0.0,1.4233258,0.0,0.0,1.8649137,0.0,1.3429868,0.0,0.041742496,0.0,0.0,0.0,0.0,0.17373545,0.0,2.836124,2.4514658,1.032285,2.5222814,0.0,2.499394,0.0,0.0,1.4097009,0.0,0.0,0.0,0.0,0.0,0.4729831,0.0,0.0,0.0,0.18329021,0.0,0.0,0.87191296,0.8917205,0.93588156,0.0,0.0,0.3011918,0.0,1.7673632,0.0,0.0,0.14855134,0.33430976,0.0,0.0,0.0,0.10558253,1.9026507,0.0,0.0,2.241574,0.0,0.0,3.0349963,0.46880797,1.491339,0.0,0.37637547,0.0,2.6867108,0.92032814,0.0884481,0.0,1.0982857,0.0,1.4917243,0.2254357,0.40872175,0.0,0.31835553,0.0,0.39414996,1.5314105,0.7889298,0.0,1.9568213,0.0,0.99951935,0.0,1.4869965,1.3948206,0.0,0.11196725,1.9401083,1.1430291,2.0957592,0.51054585,1.5602205,0.0,2.7935472,0.7975772,0.0,0.0,0.53399616,0.0,0.64155275,0.17243023,0.0,0.8458303,0.9982018,1.2559483,0.0,0.0,0.0,0.60092914,1.483815,2.0224962,0.0,0.0,1.8689567,0.0,0.0,0.0,0.5285228,0.0,0.0,0.0,0.0,3.3708274,0.31510386,2.6565578,0.0,0.78920174,0.31650007,0.0,0.14844967,1.4823049,1.0698172,0.3274033,0.0,0.0,1.2911519,2.96311,0.0,0.0,0.02105558,3.0934005,1.3233362,0.0,0.0,0.8416624,0.06936947,2.1272032,2.2403076,0.36195418,0.0,0.0,2.753725,0.0,0.4354203,1.5174453,2.395744,0.20141327,0.81346256,0.5819427,0.0,0.0,0.0,2.575517,0.56000596,0.0,0.7198199,2.224513,1.6491889,2.8795812,0.0,2.3097239,0.12682143,0.0,0.0,0.0,0.0,0.0,0.0,0.0,0.010216176,0.0,2.9524887,0.0,1.6499416,3.048127,2.6426904,0.0,0.44000247,0.2019581,0.0,2.1636155,1.594284,0.0,0.0,0.0,0.0,0.0,0.0,2.5375905,0.0,0.0,0.72915024,0.0,0.0,0.0,0.69238806,0.0,0.0,1.458219,0.47322977,1.1427698,0.0,0.0,2.1903777,0.0,0.6238955,0.0,0.0,0.0,1.9280298,0.0,2.3193548,0.0,0.9388914,1.3821602,2.1221924,1.7114383,0.0,0.9398525,0.8722158,0.0,0.22451991,0.3721473,0.0,2.1186397,0.0,0.0,2.1539898,0.0,0.0,0.0,0.071051754,1.6081231,0.0,0.0,0.4745292,0.0,0
1.3827624,0.5420681,0.0,0.0,1.9770627,0.732499,0.0,0.5673349,0.0,1.0486803,0.0,0.0,1.1065233,0.0,0.98431385,0.0,1.7309537,0.0,0.64886606,0.19241834,0.0,0.0,0.06450427,0.3832287,1.635507,0.0,1.8695511,0.08752029,1.0049123,1.0568995,0.0,0.93840545,0.9892682,0.0,0.0,0.82849485,0.0,0.70522,0.0,0.0,1.1345994,0.3524774,0.81580514,0.0,0.55152845,0.0906383,1.3240736,0.0,0.0,0.6747974,0.0,1.0200847,0.0,0.0,1.1764762,1.1275051,0.0,0.0,0.0,0.738839,0.25426877,0.0,0.0,1.0195215,0.0,0.0,1.1392272,0.68995684,0.6896919,0.0,0.59525776,0.0,1.6028327,1.4391295,0.105774246,0.0,0.013489727,0.0,0.820089,1.2946612,0.0,0.0,0.6621504,0.11124456,0.8362937,1.1782302,0.27930024,1.8790781,0.5294804,0.39543933,1.7440375,0.0,1.3381742,1.4279767,0.0,0.18736121,0.38107893,0.30429792,1.6399413,1.9437646,0.73347425,0.0,1.423682,0.24133672,0.0,0.6933194,0.802406,0.0,0.0,0.6889241,0.0,0.0,2.47773,0.64283556,0.0,0.0,0.097465865,1.5876497,0.4235197,1.1886154,0.0,0.0,1.006012,0.0,0.0,0.48378336,0.30970883,1.1358948,0.0,0.0,0.0,2.0105522,0.0,1.2077863,0.0,1.0564741,1.602852,1.1084384,0.0,0.60983104,1.2504966,0.04365344,0.0,0.0,0.97298783,1.1113672,0.0,0.12992503,0.2461554,1.1977601,1.211824,1.1418363,0.05025591,0.7395592,0.5694793,1.1791403,1.180407,0.0,0.035464063,0.0,1.4484458,0.42139715,0.9981908,0.0,0.7735848,0.8227897,1.0890067,0.696202,0.29142234,0.0,0.0,0.7193258,0.20159131,0.0,0.53195363,1.5515536,0.062645055,2.4232767,0.0,0.6572826,0.8127924,1.1643909,0.0,0.47041497,0.0,0.0,0.4640117,0.0,0.6789107,1.3536292,1.7243474,0.0,0.74045295,1.2530916,0.74359083,0.0,0.8613553,0.8870268,0.0,2.1100197,0.32659125,0.0,0.0,0.021379147,0.7668475,0.2978503,0.22371612,1.5658962,0.17217675,0.9688789,0.21949923,0.46606344,0.0,0.0,0.51040363,0.0,0.0,2.208518,1.5152413,0.4719081,0.0,0.0,0.7535784,0.0,0.15411428,0.0,0.0,0.0,0.47288886,0.0,1.2528124,0.0,0.78283715,0.0,0.9283025,1.0268722,0.0,0.0,1.2494488,0.0,0.25175232,0.0,0.15609276,0.7946035,0.0,0.0,1.5630522,0.0,0.0,0.0,1.1565256,0.51892096,0.0,0.062539436,0.0,0.0,1
0.82515174,1.1534325,0.0,0.0,1.7362972,0.0,0.0,1.1469005,0.0,0.49897498,0.0,0.0,0.7152773,0.0,2.0875895,0.0,1.7977991,0.0,0.6884769,0.0,0.0,0.0,0.046497777,1.2674459,2.1767209,0.40064552,1.5233665,0.0,1.5847346,0.76157933,0.0,1.6223208,0.0,0.0,0.0,1.5016475,0.0,0.9315403,0.0,0.0,0.7304446,0.56767726,0.47508022,0.0,0.84088975,0.41068143,1.2808491,0.0,0.0,0.47067398,0.0,1.041924,0.0,0.0,1.2190868,1.1338896,0.0,0.0,0.0,0.5692644,0.8189438,0.0,0.0,1.6143776,0.0,0.0,2.361566,0.59386945,0.7878507,0.0,0.48990402,0.0,1.3491213,1.2205762,0.45018107,0.0,0.33358383,0.0,0.8916287,0.7732706,0.0,0.0,0.7679687,0.47787496,0.21634877,1.2371013,0.8602764,0.7528477,0.62360585,0.16777968,0.7266383,0.0,1.2169467,1.3007697,0.0,0.0,0.08127909,1.2685019,2.0168378,1.396665,1.2698364,0.0,1.5905254,0.90736955,0.0,0.44379565,1.2718769,0.0,0.0,0.6482175,0.0,0.31357682,1.7764784,0.5454498,0.0,0.0,0.0,1.3576404,0.7028564,1.2676197,0.0,0.0,0.6906754,0.0,0.0,0.35044208,0.0,0.0,0.0,0.0,0.0,2.8101368,0.28786018,2.0679996,0.0,0.8454562,1.8930134,0.83905405,0.0,1.157497,0.99020666,0.41451204,0.0,0.0,0.5779797,1.2161111,0.0,0.0,0.06550328,1.7951502,1.5498284,0.0,0.048741832,0.6234511,0.37830055,1.2223976,1.1392809,0.0,0.0,0.0,1.5284271,0.0,0.47939867,0.8955616,1.3869653,0.549312,1.4188493,1.3641822,0.24785924,0.0,0.0,1.1955992,1.1625332,0.0,0.84379315,2.7504215,1.3361386,2.6120384,0.0,1.4341792,0.7967188,0.60989994,0.0,0.11699307,0.0,0.0,0.3348104,0.0,0.1703375,0.8542839,2.5887773,0.0,1.3272951,2.253383,1.6940584,0.0,1.254653,0.3762252,0.0,1.5947244,0.69493765,0.0,0.0,0.0,0.5910985,0.18508497,0.3912286,1.6788327,0.037594326,0.79515135,0.66951096,0.38590148,0.0,0.0,0.88925576,0.0,0.0,2.2312145,1.6544412,0.6077927,0.0,0.0,1.5266281,0.0,0.41327465,0.0,0.0,0.6725207,1.2691698,0.0,1.7133108,0.0,0.88513976,0.55167586,1.1440729,1.3239124,0.0,0.033444446,1.1815113,0.0,0.032781802,0.0,0.0,0.9061547,0.0,0.0,2.2673516,0.0,0.0,0.0,0.4989846,0.97814864,0.0,0.20143759,0.3290161,0.0,0
1.1846238,0.1473737,0.0,0.0,2.040672,0.0,0.0,0.95426047,0.0,1.2441005,0.0,0.0,1.4250048,0.0,1.349041,0.0,1.2854272,0.0,0.29927024,0.15142837,0.0,0.0,0.26612124,1.4472846,2.4684763,0.0,1.90403,0.0,2.0771537,0.7943316,0.0,1.7363051,0.37937182,0.0,0.0,0.52850056,0.0,0.0,0.0,0.0,0.59440243,0.16939756,0.11637349,0.0,1.0371559,0.3864148,1.6249217,0.0,0.0,0.4645088,0.0,0.69062495,0.0,0.0,0.35953438,0.70361376,0.0,0.0,0.0,0.7580271,0.6194234,0.0,0.0,1.6581734,0.0,0.0,1.4815348,0.7450744,1.0533509,0.0,0.70097035,0.0,1.8196285,0.84498245,0.67836857,0.0,1.2927438,0.0,0.7546412,0.6503371,0.0,0.0,0.42572427,0.011962178,0.3281582,0.825764,1.0003154,0.41551194,1.4475894,0.7339052,1.199495,0.0,1.5819583,1.5179647,0.0,0.6810703,0.3077578,0.34824175,2.0589023,1.0027496,1.7004284,0.0,2.1377807,0.6813052,0.0,0.0,0.36834535,0.0,0.089551754,0.31888756,0.0,0.37042367,2.4009383,0.69857246,0.0,0.0,0.15759245,0.83224803,0.603315,1.3598735,0.0,0.0,0.8358049,0.0,0.0,0.0,0.0,0.26111513,0.0,0.0,0.0,2.684173,0.25141641,1.9581289,0.0,1.4116209,0.6503072,0.49125466,0.0,1.4082067,1.3566288,0.0,0.0,0.0,1.4319767,1.1211069,0.0,0.0,0.33317292,1.5329845,1.65389,1.0237052,0.0,0.36708656,0.85788065,1.5193263,1.6835698,0.11437459,0.0,0.0,2.2991042,0.0,0.3837732,0.9528249,1.1757457,0.0,0.91136485,0.50295824,0.9574515,0.0,0.0,1.0089339,0.0,0.0,1.3066548,2.171378,1.0141294,2.401436,0.0,1.330373,0.17992929,0.93692833,0.0,0.34297568,0.32707384,0.025180535,0.0,0.0,0.058972567,1.3073273,2.415005,0.0,0.5376404,1.921859,2.227377,0.0,1.2865179,0.17281142,0.0,1.9281693,0.6221197,0.0,0.0,0.0,0.0,0.32865098,0.0,2.4524362,0.0,0.5375688,0.3844424,0.79314125,0.0,0.14770932,0.58668697,0.0,0.13731864,2.1604457,0.6777756,0.34643573,0.0,0.0,1.3588797,0.0,0.20201838,0.0,0.0,0.5195493,0.7192558,0.0,1.5226747,0.0,0.4801863,0.74448425,1.4811707,0.9373847,0.0,0.6979016,0.6824537,0.0,0.16597152,0.0,0.0,0.7062152,0.0,0.0,2.0378232,0.0,0.0,0.0,0.19244501,0.99921405,0.0,0.0,0.49746487,0.0,0
1.50691,1.0164264,0.0,0.0,1.1837258,0.62384224,0.0,0.4134779,0.0,0.9846007,0.0,0.3108098,0.8246508,0.0,1.3988338,0.0,2.1280699,0.12327264,0.49677247,0.0,0.0,0.0,0.42093447,0.018297985,2.0789657,0.14553139,1.2420492,0.0,0.60064054,0.5247268,0.0,1.2116257,0.41975778,0.10996389,0.0,1.692625,0.0,0.9458633,0.0,0.0,1.1566341,0.2465079,0.5993756,0.028826255,0.48748645,0.004046459,1.3010992,0.0,0.0,0.41750365,0.0,0.39559,0.0,0.0,1.0348846,0.2733433,0.0,0.0,0.0,0.20224969,1.105464,0.0,0.0,1.9814361,0.051213816,0.16822772,1.4717317,0.32124633,0.7515454,0.0,1.3449218,0.0,1.07748,1.7363178,1.1226912,0.0,0.7681248,0.0,0.6895734,1.5388306,0.0,0.0,1.4838715,0.6835924,0.57163244,1.5519531,0.43898645,1.2418306,1.0107983,0.31689242,0.43546003,0.0,1.542974,1.1947571,0.04767137,0.0,0.09044771,0.49202335,1.235703,2.363362,0.7643932,0.073443025,2.0334806,0.26836744,0.0,0.7483181,1.1786171,0.0,0.0,0.13374293,0.0,0.0,2.0947685,0.33472785,0.0,0.0,0.24075787,1.7948434,0.9900905,0.80467343,0.0,0.0,1.0170292,0.0,0.12732331,0.57533544,0.0,0.2098049,0.0,0.0,0.0,0.82905936,0.0,0.939247,0.0,1.4665911,1.4222955,0.19809775,0.0,1.6214455,1.4722543,0.0,0.0,0.0,0.43067458,1.147704,0.0,0.91256404,0.08106576,1.5441606,0.84216994,0.6921866,0.0,0.19892387,0.80509716,1.208215,1.6863079,0.0,0.0,0.0,1.7097623,0.0,0.2905271,0.0,0.5242573,0.34287986,1.9215369,1.2214661,0.42379323,0.0,0.0,0.68734276,1.0941242,0.0,1.336187,1.8908051,0.8631662,2.174949,0.0,0.15981872,0.9819416,0.5607639,0.0,0.61492604,0.0,0.0,0.19539738,0.0,1.0063654,1.0776218,1.9225426,0.0,0.56875,1.3001765,1.4630297,0.0,1.5601971,0.5334629,0.0,1.9884427,0.989554,0.0,0.0,0.12527631,0.1880099,0.06538484,0.5718336,1.1236931,0.61760527,0.7284355,0.72736406,0.20613556,0.0,0.13060172,0.84127975,0.0,0.42777905,2.190592,1.7130109,1.2194134,0.0,0.0,0.81038475,0.0,0.49634957,0.0,0.0,0.33001518,0.72085255,0.0,1.5805976,0.0,0.7220597,0.349723,1.1159235,0.7164829,0.0,0.61648667,0.8639876,0.0,0.1312527,0.0,0.27182963,0.91293377,0.0,0.0,1.5521016,0.0,0.0,0.09666993,0.7522412,0.6836081,0.0,0.26172832,0.0,0.0,0
0.86799306,0.9502999,0.0,0.0,1.7414043,0.08061672,0.0,0.28496283,0.0,1.5742264,0.0,0.10030267,0.9078599,0.0,2.0073922,0.0,1.2635887,0.09543224,0.606829,0.0,0.0,0.0,0.33627853,0.77851343,1.6903163,0.16677321,2.0286796,0.0,1.506138,1.3523324,0.0,1.3159841,0.0,0.0,0.0,1.121069,0.0,0.52736455,0.0,0.0,0.024452096,0.0,0.664756,0.0,0.9470005,0.27672246,1.2112582,0.0,0.0,0.0,0.0,1.2252232,0.0,0.0,0.96196246,0.9979062,0.0,0.0,0.0,0.8559814,0.5777996,0.0,0.0,1.4323564,0.0,0.0,2.4317126,0.6071561,1.6491134,0.0,0.5263256,0.0,1.6752238,0.36813566,0.032157112,0.0,1.1507878,0.0,1.1938982,1.1574165,0.0,0.0,0.13782626,0.5083839,0.478252,0.6957652,1.0745119,0.5743899,0.46166644,0.5590938,0.52888554,0.0,1.2208836,2.1472833,0.0,0.001730998,0.6039771,0.79319245,1.0292281,1.4948837,1.759826,0.0,2.284667,1.3563792,0.0,0.31870487,0.8543398,0.0,0.029095422,0.0,0.0,0.18545079,1.7236391,0.6464989,0.0,0.0,0.00010291545,1.5061146,1.2520334,0.87217766,0.0,0.0,1.3309592,0.0,0.0,0.24769446,0.0,0.021034788,0.0,0.0,0.0,2.23279,0.3189089,2.0846212,0.0,1.0334018,0.75041145,0.68547463,0.51880586,1.3809638,1.690642,0.05682629,0.0,0.0,0.38320708,1.7164826,0.0,0.7074221,0.300696,1.7701693,1.4975457,0.28573385,0.3481646,0.74041504,0.35863084,1.6231402,1.8149487,0.4168671,0.0,0.0,1.548177,0.0,0.16410375,0.63582313,1.1718396,0.2978953,1.4398475,1.3363371,0.6594476,0.0,0.0,1.8352853,1.0943166,0.10845801,0.8794849,1.9125233,1.1053053,1.6226252,0.0,1.4215374,0.0,0.0,0.0,0.44832683,0.0,0.0,0.25917575,0.0,0.52868253,0.32664907,2.0457895,0.0,1.2239318,1.9381909,1.6004755,1.2108849,0.6899538,0.9156145,0.0,2.4186034,0.38124725,0.0,0.0,0.3002593,0.8330771,0.015963208,1.086002,1.808811,0.0,1.5013444,0.9147645,0.60794634,0.0,0.0,1.0638765,0.0,0.0,2.690007,1.4707307,0.55191636,0.0,0.0,1.7074133,0.0,0.04718173,0.0,0.0,0.14184418,0.2655915,0.0,1.6679218,0.0,0.714995,0.7023238,1.5482526,1.5659157,0.0,0.6618572,1.4017948,0.0,0.37113178,0.0,0.0,1.2402444,0.0,0.0,1.9890349,0.0,0.0,0.4157753,0.42405936,1.2784613,0.0,0.770419,0.3794194,0.0,0
0.71506745,0.5134041,0.0,0.0,1.5929698,0.0,0.0,0.42455864,0.0,1.0269908,0.0,0.0,1.4417454,0.0,1.2883106,0.0,0.91060203,0.0,0.15341893,0.0,0.0,0.17325695,0.47581562,1.2672285,2.6543884,0.0,1.8985381,0.0,1.2792304,0.3564376,0.0,1.1481767,0.038947932,0.0,0.0,0.6334081,0.0,0.7379402,0.0,0.0,0.71827465,0.51220924,0.6025984,0.22425516,0.68586326,0.39677384,1.3847127,0.0,0.0,0.8233373,0.0,0.8509212,0.0,0.0,0.4986502,1.081592,0.0,0.0,0.0,0.8097341,0.6623665,0.0,0.0,1.6481056,0.16823167,0.25015542,1.4359632,1.0695786,1.1032655,0.0,0.28347817,0.0,1.816224,0.9204827,0.04874431,0.0,0.5539006,0.0,1.0384631,1.0626446,0.0,0.0,0.6673206,0.55629945,0.34806186,1.0529075,1.0774626,0.8463189,1.7560458,0.6956572,1.0230917,0.0,1.0279287,1.4374964,0.0,0.5540558,0.7438521,0.44554967,1.3551667,1.6791734,1.4244037,0.0,2.167229,0.91493785,0.0,0.0,0.49531645,0.0,0.0,0.036225196,0.0,0.0,2.2179818,0.45092174,0.0,0.0,0.0,1.1109122,1.3993832,1.1731088,0.0,0.0,1.3226398,0.0,0.0,0.19682626,0.0,0.45510274,0.0,0.0,0.0,2.0553267,0.22885913,1.1328216,0.0,0.9057274,1.0106181,0.16380386,0.0,1.5737787,1.4364736,0.0,0.0,0.0,0.9126434,2.0703044,0.0,0.0,0.20190616,2.2541661,1.6862589,0.8477185,0.0,0.37442747,0.5189793,1.2786547,1.5420775,0.044596512,0.008635518,0.0,1.6856315,0.0,0.6238685,0.7808176,1.266063,0.0,1.3043439,0.8024577,0.3170173,0.0,0.0,1.5138052,0.4523805,0.09396877,1.1170264,1.9831126,1.0154184,2.306519,0.0,1.7717835,0.25886586,0.77187306,0.0,0.19333398,0.0,0.0,0.24838741,0.0,0.25605035,0.34735495,3.01073,0.0,0.77400464,2.0017998,1.5693531,0.0,0.7596272,0.33478,0.0,2.2049847,0.4121681,0.0,0.0,0.0,0.13269179,0.0,0.30067205,1.8521043,0.0,0.7433045,0.17112607,0.6512406,0.0,0.16156067,0.4235031,0.0,0.0,2.053077,0.91828805,1.1681029,0.0,0.0,1.4690493,0.0,0.17657885,0.0,0.0,0.105822265,0.8087718,0.0,2.0437064,0.0,0.6243196,1.1295766,1.6399016,1.0578734,0.0,1.1989998,0.3961517,0.0,0.03582851,0.06768565,0.0,1.4581689,0.0,0.0,2.1939044,0.0,0.0,0.5153849,0.2113572,0.8066935,0.0,0.0,0.0,0.0,0
0.81212485,1.4158882,0.0,0.0,2.3392518,0.0,0.0,1.8883215,0.0,1.5726565,0.51397634,0.31636134,1.2531345,0.0,0.82366794,0.0,0.72098887,0.41328922,0.0,0.0,0.0,0.0,0.0,2.4426408,2.3215492,0.8290006,2.279852,0.0,1.7850199,0.0654529,0.16200224,0.95289636,0.12270259,0.0,0.0,0.67582244,0.0,0.44468063,0.0,0.0,0.42324474,0.1989965,0.40677276,0.05221172,0.26315054,1.0180314,1.8993565,0.0,0.0,0.0,0.0,1.484194,0.0,0.0,0.19683266,0.5589742,0.0,0.0,0.0,0.9587927,1.6580036,0.0,0.0,2.0564916,0.0,0.0,1.5108769,0.9734942,0.5689472,0.0,0.76700336,0.0,1.6538631,0.0,0.0,0.0,0.23249178,0.0,0.5260557,0.4528573,0.17129572,0.0,0.52499396,0.20888346,0.0,1.1130182,0.80370826,0.53728116,1.6057463,0.0,0.14730978,0.0,1.2539617,1.9257116,0.0,0.0,1.4844075,0.36293536,2.5115309,1.5451783,2.4023614,0.0,2.0044012,2.214628,0.0,0.3201938,1.8027434,0.0,0.0,0.0,0.0,0.8749359,1.6639638,1.2564261,0.0,0.0,0.0,1.0757817,1.2981212,1.5712445,0.0,0.0,1.402784,0.0,0.0,0.0,0.0,0.0,0.0,0.0,0.0,2.5049767,0.90946466,2.1689746,0.0,0.64683354,0.5429763,0.38972187,0.20804028,2.189337,1.7188694,0.0,0.0,0.0,1.0062394,2.6429157,0.0,0.006219869,0.0,3.2789037,1.7358946,0.0,0.0,0.14295633,0.98271483,2.0307999,1.9825797,0.18723081,0.0,0.0,2.6339808,0.0,0.45284432,1.3009864,2.4711041,0.0,1.2881297,0.66004956,0.33722317,0.0,0.0,1.4610173,1.0489591,0.36425227,1.3579589,3.1987503,0.8595305,2.403545,0.0,1.457841,0.28009775,0.6805713,0.0,0.10571861,0.0,0.0,0.0,0.0,0.0,0.0,2.8359396,0.0,1.4919773,3.2853527,1.9598137,0.0,1.1471702,0.36093125,0.0,2.2103393,1.5154259,0.0,0.0,0.0,0.0,0.0,0.7518749,2.710001,0.0,0.18921375,0.21272933,0.3013274,0.0,0.0,0.41964194,0.0,0.0,1.540051,1.1529684,1.164032,0.0,0.15171152,1.9883081,0.0,0.76445925,0.0,0.0,1.1710759,1.1308051,0.0,2.3958998,0.0,0.7227775,1.2659969,2.1925924,1.855899,0.0,0.68893445,0.79137135,0.0,0.0,0.0,0.0,2.0275018,0.0,0.0,1.4769208,0.0,0.0,0.09350847,0.005565867,1.9079158,0.0,0.3132491,0.0,0.0,0
1.3260281,1.2471718,0.0,0.0,1.2629361,0.0,0.0,1.2499704,0.0,1.9524487,0.0,0.0,1.9286085,0.0,1.2197266,0.0,0.6026434,0.0,0.0,0.0,0.0,0.0,0.26565722,1.8273783,2.5012693,0.58017206,2.4201005,0.0,1.3033218,0.0,0.16704303,1.614222,0.48510087,0.20436083,0.0,1.1115167,0.0,0.9236858,0.0,0.0,0.235203,0.072591335,0.0,0.0,0.0,0.60368097,1.3651347,0.0,0.0,0.42173773,0.0,1.7191948,0.0,0.0,0.19876736,0.07676387,0.0,0.0,0.0,0.77036405,1.498082,0.0,0.0,2.186511,0.0,0.0,2.2445424,0.0,0.9827544,0.0,0.7430637,0.0,2.2288992,1.9230493,0.42695212,0.0,2.3981376,0.0,1.2194643,0.43202385,0.0,0.0,2.32753,0.71853787,0.1997838,1.4820611,0.068962716,0.0,2.367094,0.0,0.41026068,0.0,1.2319841,1.9219598,0.0,0.0,1.1516691,0.485909,2.0446372,0.5371438,1.2755466,0.0,1.5790535,1.2523668,0.0,0.22184017,0.98621666,0.0,0.29410538,0.0,0.0,0.011514292,1.4246489,0.8600036,0.0,0.0,0.0,0.99387705,1.5615085,1.1850693,0.0,0.0,0.45664635,0.0,0.016301576,0.008599327,0.5454786,0.0,0.0,0.0,0.0,2.7891545,0.36178938,1.4043822,0.0,1.2126662,0.50661796,0.0,0.0,1.4897912,1.1044531,0.0,0.0,0.0,1.286706,1.5087621,0.0,0.5113472,0.0,2.402406,1.6457694,0.3893512,0.0,0.73651344,0.40686044,2.5588446,2.5389707,0.018371005,0.0,0.0,3.0046926,0.0,1.4776716,1.3457935,2.70723,0.0,1.0952562,0.5458442,0.26053527,0.0,0.0,1.389024,0.0,0.048305262,1.4107304,1.6853216,0.76969236,3.0884726,0.0,2.1669044,0.27796724,0.0,0.0,0.0,0.660476,0.0,0.0,0.0,0.904512,1.2555743,2.8034847,0.0,0.99425966,2.6905096,2.5061526,0.0,1.7037013,0.0,0.0,1.4206462,1.4409293,0.0,0.0,0.0,0.11393081,0.0,0.53850335,2.4597526,0.0,0.0,0.21357661,0.0,0.0,0.0,1.2898716,0.0,0.19218986,1.0055914,0.49957392,0.4900859,0.0,0.35889092,1.0805256,0.0,0.45064628,0.0,0.0,0.90076846,1.0708795,0.0,2.2164574,0.0,1.8729912,1.4361212,2.1998835,1.517943,0.0,0.91065705,0.48806578,0.0,0.0,0.8860569,0.0,1.3040503,0.0,0.0,2.2932367,0.0,0.0,0.0,0.7045724,2.063458,0.0,0.0,0.052905742,0.0,0
1.3611205,0.8390626,0.0,0.0,1.8613808,0.0,0.0,0.71514,0.0,1.1857121,0.0,0.0,0.6277325,0.0,1.5226655,0.0,1.4755965,0.24692388,0.45627743,0.03288782,0.0,0.0,0.0,0.8530389,1.658249,0.035621524,1.6217002,0.0,1.9346923,0.8246826,0.0,1.2251738,0.21516506,0.0,0.0,1.5411469,0.0,0.46268582,0.0,0.0,0.8169889,0.38825592,0.61078686,0.11224575,0.6388583,0.7490158,1.1591591,0.0,0.0,0.0,0.0,1.397843,0.0,0.0,0.5124247,0.5883291,0.0,0.0,0.0,0.7589897,0.8344691,0.0,0.0,1.2610706,0.0,0.16183375,1.6682777,0.5276571,1.1251154,0.0,0.50625443,0.0,1.6699841,1.1518766,0.011001337,0.0,0.33055428,0.0,1.1793969,0.63254946,0.0,0.0,0.23799802,0.0,1.0628395,1.5796585,0.7250419,0.5452321,1.4626715,0.0,0.87976056,0.0,1.4209236,2.2068427,0.0006121632,0.0,0.92136633,0.51871544,1.9657332,1.8357934,1.4110036,0.16713518,1.7377846,0.17827721,0.0,0.7020016,0.9742189,0.0,0.0,0.48008215,0.0,0.0,1.5133446,1.0392859,0.0,0.0,0.0812029,1.5165718,1.3607322,0.6275319,0.0,0.0,0.20679681,0.0,0.2539825,0.6972266,0.06092786,0.44430932,0.0,0.0,0.0,2.2461727,0.31562442,1.7929388,0.0,1.1285394,0.46601185,0.2659607,0.0,1.3071408,1.1823223,0.0,0.0,0.0,0.3681637,1.3175603,0.0,0.4264697,0.4070177,2.024942,1.5610297,0.30170053,0.0,0.27640995,0.55857897,1.5258813,1.9198331,0.0,0.0,0.0,1.466062,0.0,0.5249692,0.73847103,1.2106194,0.11287525,1.6020416,1.0253873,0.0,0.0,0.0,1.9017751,0.58611715,0.0,1.0423241,2.0008783,0.99310166,1.9603337,0.0,1.0904523,0.0,0.5278795,0.0,0.97331053,0.0,0.0,0.06257498,0.0,0.56214565,0.3083014,2.3985884,0.0,0.78923863,2.1463323,1.2341468,0.08735117,0.94336647,0.56102806,0.0,2.2389534,0.3582283,0.0,0.0,0.0,0.32233113,0.15832469,0.034455627,2.001348,0.19076917,0.90080214,0.9251532,0.0,0.0,0.0,0.6212015,0.0,0.44445127,1.8354201,1.3581076,1.1484799,0.0,0.0,1.2922378,0.0,0.012740125,0.0,0.0,0.0,1.1775173,0.0,1.4378519,0.0,0.8989024,0.5418094,1.3364012,1.3751832,0.06737867,0.6431612,1.0368308,0.0,0.11709585,0.0,0.0,1.325108,0.0,0.0,2.0075278,0.0,0.0,0.4463963,0.45199254,0.6877686,0.0,0.13722834,0.12977502,0.0,0
1.0133883,0.47796685,0.0,0.0,1.4541411,0.0,0.0,1.5756745,0.0,1.0920986,0.0,0.045110393,1.1590812,0.0,1.7057621,0.0,0.9451763,0.15219872,0.48658,0.0,0.0,0.0,0.08463185,1.5213503,2.140723,0.0,1.5235,0.0,1.1982405,0.012853802,0.0,1.5151578,0.44787014,0.0,0.0,0.53512627,0.0,0.068481855,0.0,0.0,0.33620882,0.004555257,0.53546166,0.0,0.8829513,0.87567425,0.65761834,0.0,0.0,0.568661,0.0,0.8666945,0.0,0.0,0.21809,0.6600687,0.0,0.0,0.0,0.09758154,1.2412635,0.0,0.0,1.8509989,0.021559728,0.035662517,1.7199676,0.63056266,1.3391724,0.0,0.09149386,0.0,1.637964,1.5542675,0.9921723,0.0,0.83626866,0.0,0.68975407,0.56541705,0.0,0.0,1.5332052,0.33762366,0.71640205,1.4482161,0.0,0.16196518,1.4289591,0.05528145,0.76999986,0.0,1.0646702,1.5090603,0.06613263,0.0,0.5541923,0.8697902,1.398343,1.222198,1.4272895,0.0,1.8915787,0.7459069,0.0,0.39870384,0.6903817,0.0,0.0,0.9192614,0.0,0.20112857,1.8890163,0.52066463,0.0,0.0,0.0,1.2815922,0.6527266,0.65736884,0.0,0.0,0.6849365,0.0,0.0,0.0,0.0,0.2527032,0.0,0.0,0.0,2.306419,0.49694288,1.7262508,0.0,1.3610129,0.6325818,0.80985177,0.0,1.1250385,1.0871913,0.0,0.0,0.0,0.88139105,1.9080961,0.0,0.016191604,0.3519697,1.7823622,0.06838126,0.38141638,0.0,0.42459503,0.23983786,1.6412853,2.1714177,0.0,0.0,0.0,1.6309094,0.0,0.59695935,0.6312051,1.6023843,0.0,1.1501999,0.5521862,0.016411297,0.0,0.0,1.364834,0.0,0.0,1.0524555,1.530571,0.45183706,2.367414,0.0,1.0786284,0.0,0.0,0.0,0.09640288,0.0,0.0,0.6823945,0.0,0.72165513,0.63952005,2.770691,0.0,0.87700844,1.806642,1.7780714,0.19822875,1.0115997,0.48860934,0.0,2.1653197,0.45185882,0.0,0.0,0.0,0.5247322,0.11567326,0.0,1.3316659,0.586515,0.8419554,0.87630206,0.0,0.0,0.0,0.81914705,0.0,0.60355073,1.9905609,1.0351075,0.88605195,0.0,0.0,1.1387906,0.0,0.7867792,0.0,0.0,0.0,1.487365,0.0,1.6813043,0.0,0.48386592,1.16752,1.6807734,0.7905484,0.0,0.0,0.0,0.0,0.092835546,0.29811943,0.0,1.6984844,0.0,0.024278821,2.0219166,0.0,0.0,0.611686,0.4353048,0.20856519,0.0,0.0,0.0,0.0,0
0.3391817,1.4902732,0.0,0.0,1.7958153,0.3401009,0.0,0.7377062,0.0,1.5634129,0.0,0.37087822,0.94642746,0.0,1.683668,0.0,2.239833,0.0,0.0,0.0,0.0,0.0,0.22275414,1.05885,2.528099,0.24928436,1.6292075,0.20602372,2.008008,0.91093045,0.0,1.7713131,0.0,0.0,0.0,0.76326066,0.0,0.9180557,0.0,0.0,0.08645267,0.0,1.0842063,0.0,1.2378088,0.0,0.8053896,0.0,0.0,0.074606344,0.0,2.006236,0.0,0.0,1.2467686,0.6812685,0.0,0.0,0.0,0.2829316,0.6797598,0.0,0.0,1.9041363,0.0,0.0,2.8585577,0.5063584,1.6674433,0.0,1.129474,0.0,1.8774713,0.53073657,0.41897306,0.0,0.71126497,0.0,1.4179232,0.83585936,0.0,0.0,0.27186778,0.15588325,1.270905,0.0,1.9580048,0.47011754,0.8534098,0.0,0.61461353,0.0,1.2101017,1.7831085,0.0,0.0,0.9909113,1.3522586,1.1678615,1.2829522,1.7151238,0.0,2.3238902,1.2200733,0.0,0.5758632,0.99902934,0.0,0.0,0.0,0.0,0.0,0.9265018,1.1158973,0.0,0.0,0.0,1.8124652,1.4441165,1.0736886,0.0,0.0,1.338022,0.0,0.28811818,0.037659205,0.30488068,0.0,0.0,0.0,0.0,3.2257085,0.0,2.64076,0.0,0.0,0.48307225,0.55666786,0.0,1.4125836,1.1291244,0.1741181,0.0,0.0,0.17683047,1.9170991,0.0,0.53580225,0.24842097,2.1686494,1.6503159,0.0,0.0,0.9226118,0.4618283,1.7675083,1.4032341,0.0,0.0,0.0,1.676315,0.0,0.0,1.1397467,1.5988961,0.0,1.4579093,1.5907801,0.0,0.0,0.0,2.4453094,1.3728083,0.33839104,0.0,3.07989,1.9696946,2.4678292,0.0,2.1410682,0.16680005,0.0,0.0,0.5163217,0.0,0.17795232,0.0,0.0,0.0,0.0,2.6946115,0.0,1.456679,2.0867825,1.7881333,0.0,0.8986425,0.37184867,0.0,2.2255833,0.3816573,0.0,0.0,0.0,0.8076027,0.0,0.65694886,1.783551,0.0,0.6025903,1.497066,0.38415617,0.0,0.6001781,0.82267493,0.0,0.0,2.6702409,1.415324,0.675413,0.0,0.0,1.3459386,0.0,0.0,0.0,0.0,0.0,0.8617737,0.0,2.0750465,0.0,1.746702,0.33350396,1.929418,1.3646855,0.0,0.0,0.5428987,0.0,0.38827318,0.0,0.0,1.5384223,0.0,0.0,2.528296,0.0,0.0,0.0,0.48208627,1.5688624,0.0,0.18781981,0.19051345,0.0,0
0.6285991,0.98718286,0.0,0.0,1.5614302,0.0,0.0,2.663319,0.0,1.9187433,0.0,0.60214734,1.5320789,0.0,1.2865547,0.0,1.183703,0.0,0.0,0.0,0.0,0.0,0.029612802,1.7411705,1.9884311,0.0,2.5163474,0.0,1.5959448,0.0,0.13191065,1.8568062,0.48318362,0.5204295,0.0,0.6789731,0.040415283,0.012111943,0.0,0.0,0.51276684,0.0,0.6902457,0.0,0.6596117,1.5542165,1.3898733,0.0,0.0,0.22114731,0.0,1.5143145,0.0,0.0,0.22318009,0.7358346,0.0,0.0,0.0,0.7590314,1.2381139,0.0,0.0,2.907673,0.0,0.4444138,1.5758924,0.62259185,1.0275507,0.0,0.38086942,0.0,1.6274363,0.5644327,0.0,0.0,0.7585223,0.0,0.8789894,0.0,0.0,0.0,1.0450971,0.0,0.0,1.6706088,0.7201299,0.39800507,1.1816627,0.0,0.3433843,0.03890377,0.238692,1.1273724,0.0,0.0,1.4897927,0.40544242,2.301341,1.0571542,2.1300669,0.0,1.2977296,1.8813453,0.0,0.15237813,0.6012366,0.0,0.0,0.012393084,0.0,1.1879941,1.8477525,1.3109903,0.0,0.0,0.0,1.9151827,0.87360835,1.4810086,0.0,0.0,1.1673554,0.0,0.0,0.0,0.50195235,0.0,0.0,0.0,0.0,2.4178045,0.49964795,2.61997,0.0,1.3253031,0.30204722,0.22801772,0.07913994,2.0383308,1.2225025,0.0,0.0,0.0,0.9532416,1.5356619,0.0,0.913895,0.0,1.5301752,1.1855121,0.4565769,0.0,0.88208216,0.9959272,2.1444066,2.6586185,0.0,0.0,0.0,2.1368346,0.0,1.2502273,1.7129604,2.4995747,0.14179207,1.265066,0.35003018,0.4523492,0.0,0.0,1.0733008,0.30363867,0.15405563,1.6270677,1.7849417,0.27577657,2.3188417,0.0,0.9706349,0.0,0.0,0.0,0.36888576,0.519491,0.0,1.0808954,0.0,0.8251629,0.7874862,2.90033,0.0,0.9071493,2.829413,1.3713882,0.30851382,1.2654468,0.19654734,0.0,2.6669104,0.93709934,0.0,0.0,0.055645134,0.37914178,0.0,0.029914407,2.1480415,0.0,1.2453827,0.8417503,0.0,0.0,0.0,0.473073,0.0,0.36964884,1.9744629,0.77862203,1.3893653,0.0,0.0,1.1019723,0.0,0.9956324,0.0,0.0,0.3557725,1.5301493,0.0,1.509329,0.0,0.24469718,1.2954694,2.1822882,2.1642373,0.18320349,0.09902998,0.8862745,0.0,0.0,0.0,0.0,1.7386872,0.0,0.0,1.499048,0.0,0.0,0.9509328,0.6442265,1.067477,0.0,0.53833586,0.0,0.0,0
0.3091235,1.6785084,0.0,0.0,1.908713,0.54852074,0.0,1.8086041,0.0,1.9249756,0.0,1.2542626,1.3063835,0.0,1.4556456,0.0,1.3274547,0.11323194,0.0,0.0,0.0,0.0,0.8213459,2.2295806,2.1060596,0.5602313,2.722275,0.0,2.3349118,0.44988233,0.48920256,1.3461562,0.0,0.48708352,0.0,1.3377849,0.0,0.0,0.0,0.0,0.5451536,0.0,0.17045301,0.0,1.1987075,0.8935855,1.3329493,0.0,0.0,0.0,0.0,1.9896648,0.0,0.0,0.2897439,0.4997409,0.0,0.0,0.0,0.7393976,1.4579179,0.0,0.0,3.2607753,0.0,0.0,2.3039672,0.583669,1.2678668,0.0,0.82479423,0.0,2.1068165,0.0,0.0,0.0,0.12724085,0.0,0.78309786,0.0,0.0,0.0,0.0,0.0,0.39457983,1.1964115,2.2453756,0.0,1.5555968,0.0,0.26010942,0.94407964,0.3434307,2.0512388,0.0,0.4483798,1.8230566,1.5317744,1.9189879,0.2823476,1.8436143,0.1187683,1.4855855,1.6290256,0.0,0.48091772,1.231612,0.0,0.0,0.0,0.0,0.7610682,1.2464707,1.5188572,0.0,0.0,0.0,2.4349382,1.8358049,1.1951644,0.0,0.0,2.1484706,0.0,0.0,0.0,0.4747929,0.0,0.0,0.0,0.0,3.4208627,0.87972397,3.7697313,0.0,0.7096112,0.0,0.30990306,0.44267434,2.4851582,1.1366804,0.0,0.0,0.0,0.0,2.4571252,0.25257218,0.6242397,0.0,2.6240692,1.9907166,0.0,0.0,0.507194,0.56795007,2.7025683,2.275404,0.0,0.0,0.0,1.555377,0.0,0.44314048,1.629616,2.7634618,0.0,1.603229,0.9661364,0.4926677,0.0,0.0,2.6436849,1.372337,1.1281428,0.7404194,2.919119,0.72200525,2.6808035,0.0,1.9534794,0.0,0.0,0.03693385,0.7554982,0.5546861,0.8991803,0.59901303,0.0,0.06272362,0.0,2.1960983,0.0,0.87779725,2.613015,1.4714819,0.17659551,1.4437199,0.0,0.0,2.3479023,0.8541485,0.0,0.0,0.0,0.5021619,0.0,0.43176088,2.0789473,0.0,0.93936926,0.7154822,0.0,0.0,0.18411085,1.006943,0.0,0.0,2.6375425,1.3588028,1.553136,0.0,0.28465378,0.98599356,0.0,0.25210828,0.0,0.0,0.0,0.96833855,0.0,1.3437039,0.0,0.6875724,0.67293245,2.9472084,2.6805475,0.101089865,0.0,1.0482147,0.0,0.0,0.0,0.0,2.1123059,0.0,0.0,2.1372492,0.0,0.0,0.5369562,0.015296027,1.4598289,0.0,0.94633716,0.10405888,0.0,0
1.0663079,0.9600037,0.0,0.0,2.0776486,0.04839999,0.0,2.2938008,0.0,1.7081972,0.0,0.8105088,1.248615,0.0,1.2489141,0.0,1.1302476,0.0,0.2942947,0.0,0.069753125,0.0,0.0,1.8597821,2.0351639,0.0,2.1398604,0.0,1.6508676,0.20750926,0.31174695,1.8779504,0.39751685,0.4616597,0.0,0.7727771,0.0,0.41650352,0.0,0.0,0.57274795,0.12107858,0.3343833,0.0,0.47879466,0.47771546,1.5033882,0.0,0.0,0.5171595,0.0,2.0912855,0.0,0.0,0.49981204,0.99778795,0.0,0.0,0.0,0.7130719,1.2389593,0.0,0.0,1.9171039,0.0,0.0,2.0570607,0.4485043,0.92438716,0.0,0.76262534,0.0,1.4310488,0.36830702,0.0,0.0,0.34694827,0.0,0.989383,0.7276844,0.0,0.0,1.2999531,0.0,0.36324173,1.5072867,1.0911472,0.328375,0.9712475,0.0,0.8647343,0.0,0.5890606,1.2803667,0.0,0.0,1.14318,0.85573393,2.4410057,0.962661,1.7097027,0.20170397,1.5370265,1.3703674,0.0,0.84601176,1.2175612,0.0,0.0,0.0,0.0,0.99662447,1.620124,0.71626663,0.0,0.0,0.0,2.0511131,0.9322552,1.0498059,0.0,0.0,0.8926067,0.0,0.0,0.0,0.08868974,0.6062542,0.0,0.0,0.0,2.6143157,0.049543347,2.666001,0.0,0.57131916,0.5181362,0.7407507,0.10862571,1.7191908,0.77434844,0.0,0.0,0.0,1.0477159,1.1846901,0.0,0.0,0.0,2.0285027,1.3130144,0.0024146314,0.0,0.9057508,0.30539855,2.255843,1.8221524,0.09435262,0.0,0.0,1.5803933,0.061402258,0.7783402,0.95463127,2.0977833,0.01492926,1.0866181,0.57410055,0.16931897,0.0,0.0,1.7772086,0.32913274,0.7447787,1.330271,2.024248,0.5244754,2.4137082,0.0,1.4228557,0.0,0.17895697,0.0,0.7324271,0.0,0.0,0.4535732,0.0,0.12276701,0.5211431,2.4882946,0.0,0.48095915,2.7372382,1.2827191,0.0,1.0407209,0.9883132,0.0,2.0802119,1.2025332,0.0,0.0,0.0,0.48942813,0.36258194,0.15305433,1.4132197,0.0,0.60967225,1.0077412,0.0,0.0,0.0,0.38924897,0.0,0.0,2.3837745,0.7611181,1.2959789,0.0,0.0,1.8887329,0.0,0.80527306,0.0,0.0,0.0,1.5578805,0.0,2.0209975,0.0,0.24409004,0.58982027,1.9889843,1.6178784,0.0,0.29041946,0.39146176,0.0,0.30897236,0.17927723,0.0,1.9910353,0.0,0.010414997,1.8332434,0.0,0.0,0.8877703,0.89891,1.3429536,0.0,0.282684,0.0,0.0,0
0.96373254,1.1079801,0.0,0.0,1.5966749,0.35713977,0.0,0.8396668,0.0,1.0321083,0.0,0.049558606,0.41065624,0.0,1.7081623,0.0,1.4415216,0.22441845,0.0,0.0,0.0,0.0,0.48219797,0.49670568,1.6188638,0.0,1.7440051,0.0,1.9235015,0.2990453,0.0,1.0646172,0.0,0.0,0.0,0.9326125,0.0,0.74394965,0.0,0.0,0.7355342,0.26783857,1.1466188,0.0,0.9518541,0.17544647,1.1170163,0.0,0.0,0.48594725,0.0,1.0964817,0.0,0.0,1.1929492,1.1201792,0.0,0.0,0.0,0.23555528,0.8313328,0.0,0.0,1.0189794,0.0,0.0,2.3197367,0.9112974,0.57644325,0.0,0.755296,0.0,1.1120135,0.6140903,0.0,0.0,0.4937665,0.0,0.9940958,0.7291075,0.0,0.0,0.24976148,0.10778883,0.16387391,0.18378009,1.5612303,0.6837179,0.5777275,0.16297257,0.8386207,0.0,1.4631627,1.3994801,0.0,0.0,0.73914146,0.60825974,1.1660062,1.7855331,1.0839612,0.0,1.4775853,0.8739438,0.0,0.06695227,1.2740778,0.0,0.1740926,0.055924144,0.0,0.0,1.0841348,0.9949597,0.11247589,0.0,0.0,1.5830903,0.98813355,0.7769532,0.0,0.0,0.9055812,0.0,0.0,0.7796379,0.0,0.40351337,0.0,0.0,0.0,2.732312,0.033561733,1.8373401,0.0,0.53937215,0.85037065,0.26485187,0.0,1.3474704,0.74319535,0.040276047,0.0,0.0,0.62096643,1.2349654,0.0,0.6649958,0.0650447,1.3574297,1.6102508,0.37807292,0.0,0.36477098,0.6401257,1.6350086,1.1738676,0.0,0.0,0.0,1.3099573,0.0,1.1871727,0.76520175,1.5221285,0.6980257,1.3543175,1.3409178,0.7502126,0.0,0.0,1.8364006,0.728105,0.0,0.37005377,2.658604,1.1816496,2.0962267,0.0,1.3547052,0.6621277,0.3002647,0.0,0.78768975,0.0,0.0,0.42854878,0.0,0.073958054,0.2901734,2.387152,0.0,1.2986355,1.8339852,1.0118961,0.0,1.1098934,0.4170197,0.0,1.9218493,0.28953812,0.0,0.0,0.0,0.80033183,0.12657896,0.6474825,1.6012342,0.075432606,1.0077589,0.63789135,0.49083844,0.0,0.0,0.9469407,0.0,0.0,1.6680069,1.1219643,0.22443126,0.0,0.43606436,1.5667827,0.0,0.0,0.0,0.0,0.74427253,0.4656276,0.0,1.5108368,0.0,1.6900467,0.80031836,0.7985625,1.1739601,0.0,0.0,1.3543173,0.0,0.04276546,0.0,0.0,1.4668502,0.0,0.0,1.5391967,0.0,0.0,0.0,0.3653616,1.5435914,0.0,0.3877048,0.24147263,0.0,0
0.84050053,0.034617323,0.0,0.0,1.7268181,0.60055006,0.0,0.32861495,0.0,0.959732,0.0,0.49873912,1.6104232,0.0,1.3366724,0.0,1.9490944,0.0,0.6827268,0.2823299,0.0,0.0,0.27460083,0.8742938,2.1163926,0.047433883,1.0319525,0.0,1.2393355,0.9734341,0.0,1.9272374,0.39710027,0.0,0.0,0.74948823,0.0,0.4130292,0.0,0.0,0.564883,0.0,0.5987,0.0,0.9425226,0.0,1.5640402,0.0,0.0,0.27557158,0.0,0.8433877,0.0,0.0,1.158368,0.0,0.0,0.0,0.0,0.5599101,0.97251356,0.0,0.0,1.7028507,0.0,0.40613416,1.2624041,0.19113797,1.3572056,0.0,0.99372256,0.0,1.6711965,0.9742855,0.39949697,0.0,0.58429325,0.0,1.2074869,0.6795758,0.0,0.0,0.808793,0.5344447,0.8621468,1.3723185,0.7724872,1.0611639,1.2406809,0.0,0.9280703,0.0,1.0089724,1.6078061,0.14975616,0.0,0.5192578,0.061308794,1.3131545,1.9681746,1.4288836,0.0,2.0673583,0.65630436,0.0,0.34594762,0.55211604,0.0,0.0,0.65038353,0.0,0.0,2.4470453,0.74581695,0.0,0.0,0.60997576,1.27095,0.76519126,0.9699498,0.0,0.0,0.89300853,0.0,0.391682,0.1775755,0.0,0.69795954,0.0,0.0,0.0,2.0040042,0.0,1.4658493,0.0,0.687284,0.8565975,0.47134838,0.0,1.1150382,1.3527136,0.0,0.0,0.0,0.5345388,1.2678214,0.0,0.4717061,0.28081957,1.8894022,1.1784543,1.5614663,0.3885762,0.90363187,0.59550637,1.4758905,1.7879001,0.04190703,0.0,0.0,2.0169735,0.0,0.16149484,0.5312713,1.4021584,0.29079628,1.6391625,0.70345753,0.0,0.0,0.0,1.4271088,0.6541789,0.0,0.6221357,1.7626648,0.47099492,1.5044856,0.0,1.0003871,0.5072932,0.9557443,0.0,0.7440782,0.0,0.0,0.45347992,0.0,0.85579497,1.167575,1.938117,0.0,0.6527401,2.004924,0.9079244,0.33042866,1.1589054,0.50718915,0.0,2.5711176,0.6827134,0.0,0.0,0.5195099,0.4749213,0.16899782,0.4741132,1.739993,0.0,0.6575113,0.5577516,0.0,0.0,0.40819284,1.0585018,0.0,0.084511966,2.8431838,1.1494578,0.9831795,0.0,0.0,1.5598713,0.0,0.22223486,0.0,0.0,0.0,0.0,0.0,1.1124998,0.0,0.32695198,0.015090331,1.3608757,1.264115,0.0,0.0,0.80956966,0.0,0.4593363,0.0,0.0,1.1632978,0.0,0.0,1.9723332,0.0,0.0,0.111053064,0.62218857,0.0,0.0,0.0,0.0,0.0,0
0.71849626,0.7590045,0.0,0.0,2.7761075,0.0,0.0,2.496974,0.0,2.0344825,0.0,0.0,0.95734096,0.0,2.3050458,0.0,0.22260904,0.0,0.71990454,0.0,0.44741592,0.0,0.0,2.1024363,2.5069213,0.0,2.4803555,0.0,2.4826539,0.0,0.0,2.3949158,0.0,0.34574884,0.0,0.4707621,0.0,0.24495025,0.0,0.0,0.0,0.0,0.0,0.0,1.0987582,0.6212124,1.0711539,0.0,0.0,0.0,0.0,1.9808084,0.0,0.0,0.27401143,0.95543647,0.0,0.0,0.0,0.7083007,1.5951455,0.0,0.0,3.2694678,0.0,0.0,2.3339705,0.4982216,2.3895438,0.0,0.6729381,0.0,1.617213,0.17962208,0.0,0.0,1.8311386,0.0,1.4222453,0.0,0.25985742,0.0,1.3352902,0.0,0.04742521,1.6891078,0.9345167,0.0,2.1928947,0.350554,1.0193932,0.0,1.173684,1.6885096,0.0,0.0,1.8456364,1.5346807,2.1054735,0.9456479,3.0557208,0.0,2.1535988,2.5515811,0.0,0.0,0.27792254,0.0,0.0,0.0,0.0,1.3669394,1.1254841,1.4887302,0.0,0.0,0.0,1.4501272,1.8432785,1.2727863,0.0,0.0,1.4437021,0.0,0.0,0.0,0.25283903,0.0,0.0,0.0,0.0,3.3898902,0.8370426,3.5985177,0.0,1.2938828,0.0,0.98961884,0.06717723,1.8304598,1.8517934,0.0,0.013488456,0.0,1.2105572,2.4375627,0.0,1.0384123,0.5661675,2.7185073,1.3284674,0.5403458,0.0,0.5892485,0.0859336,3.1365156,2.8724294,0.08819796,0.0,0.0,2.1688962,0.0,0.354412,2.358826,2.7892346,0.0,0.4905834,0.3040961,0.08139064,0.0,0.0,2.480759,0.75166464,0.36440256,1.4386634,1.1022642,0.26357833,2.7877424,0.0,2.1262183,0.0,0.0,0.0,0.0,0.44007888,0.0,0.8832802,0.0,0.2681182,0.9123515,3.5174584,0.0,0.13041347,2.8314235,1.877705,1.0697556,1.2370391,0.0,0.0,2.721102,1.0695987,0.0,0.0,0.0,0.0,0.26715976,0.2157236,2.887134,0.0,0.7350225,1.1479421,0.0,0.0,0.0,1.0556942,0.0,0.13429669,2.0604422,0.0,1.8216364,0.0,0.0,1.8486238,0.0,1.0396593,0.0,0.0,0.0,1.396191,0.0,1.7029976,0.0,0.5407246,1.7559953,3.2087243,1.9415493,0.0,0.8425478,0.3419288,0.0,0.0,0.22032547,0.0,2.2908795,0.0,0.0,2.0667229,0.0,0.0,0.8269639,0.0,1.6500971,0.0,0.0,0.4440897,0.0,0
0.64961666,0.4903952,0.0,0.05521756,1.3824431,0.20416301,0.0,1.0413425,0.0,1.3845545,0.0,0.0,1.2537547,0.0,1.6320337,0.0,1.486674,0.0,0.19318482,0.4008749,0.0,0.0,0.23337127,1.0682513,1.8976468,0.0,2.036386,0.42400005,1.1063508,0.61227566,0.0,1.44146,0.261675,0.0,0.0,0.9089721,0.0,0.14227957,0.0,0.0,1.0533164,0.6432366,0.87056845,0.0,0.7580252,0.87167984,1.0620894,0.0,0.0,0.26196158,0.0,0.8902413,0.0,0.0,1.0577981,1.2589633,0.0,0.0,0.0,0.5336459,1.208086,0.0,0.0,1.9060518,0.0,0.0,1.174226,0.5213563,0.63385326,0.0,0.22923632,0.0,1.7778088,0.87644094,0.68269426,0.0,0.46599853,0.0,1.1175579,0.7731554,0.0,0.0,0.78259623,0.1344899,0.33893013,1.087276,0.0,1.3195223,1.1801932,0.15111339,0.66489255,0.0,1.0698932,1.445016,0.0,0.0,0.43782318,0.38159597,1.2180585,1.8304213,1.168215,0.13175216,1.5424739,0.5789983,0.0,0.3127472,0.7270732,0.0,0.0,0.41550842,0.0,0.0,2.091546,0.7933237,0.0,0.0,0.58478,1.2181178,1.248221,0.35967138,0.0,0.0,1.2665789,0.0,0.0,0.33696973,0.10788023,0.49697626,0.0,0.0,0.0,1.6993271,0.097216934,1.4866333,0.0,1.3475015,0.64637035,0.7443868,0.0,0.9922406,1.077772,0.0,0.0,0.0,0.18393937,1.5743496,0.0,0.15183221,0.23699333,1.2583154,0.8411774,1.0370625,0.0,0.69551617,0.7519827,1.3527889,2.175035,0.0,0.0,0.0,1.310554,0.0,0.89008594,1.1329232,1.2175655,0.4846992,1.1638113,0.4275371,0.35823107,0.0,0.0,1.7701207,0.04684056,0.14557767,0.84279853,1.9314048,0.19789988,2.6027172,0.0,0.8227065,0.0,0.5539873,0.0,0.627882,0.0,0.0,1.165226,0.0,0.8430883,1.1985284,3.0402656,0.0,0.7316906,2.2036767,1.0627478,0.59721726,0.8015161,0.6600443,0.0,1.9459736,0.23377505,0.0,0.0,0.27203712,0.7398475,0.46346498,0.33206365,1.4419626,0.21009187,1.39684,0.79240793,0.0,0.0,0.0,0.29200715,0.0,0.22579172,2.3119888,1.2092683,0.893395,0.0,0.18630707,0.9513935,0.0,0.38671467,0.0,0.0,0.0,0.6058138,0.0,1.7290325,0.0,0.2063372,0.6739849,1.3895574,1.0629257,0.0,0.06561457,0.6196661,0.0,0.0,0.0,0.37003845,1.1562195,0.0,0.0,1.701285,0.0,0.0,1.1368438,0.49672225,0.06839963,0.0,0.22756198,0.0,0.0,0
1.0069712,0.25285235,0.0,0.0,2.2031214,0.246396,0.0,1.2956599,0.0,1.1757623,0.0,0.0,1.0768119,0.0,1.2084558,0.0,0.7290642,0.0,0.078178585,0.0,0.0,0.16980393,0.0,1.3659952,1.8200922,0.23477305,1.9902997,0.0,1.9742004,0.19723605,0.0,1.2736498,0.0,0.0,0.0,0.6493569,0.0,0.3726229,0.0,0.0,0.0,0.46020588,0.12691411,0.0,1.135741,0.83567065,1.3198664,0.0,0.0,0.23749979,0.0,1.349851,0.0,0.0,0.26518345,0.16634619,0.0,0.0,0.0,0.35232124,0.8006316,0.0,0.0,1.7346343,0.0,0.0,1.2097445,0.10508117,0.8870322,0.0,0.49113742,0.0,1.9373884,0.81985074,0.08981352,0.0,0.82018363,0.0,0.933493,0.71498924,0.0,0.0,0.63848186,0.0,0.40454412,1.2442318,0.66419315,0.71283144,1.0837857,0.0,0.6713544,0.0,1.3215042,1.3623796,0.0,0.14646801,0.6761975,1.2714196,2.1552796,0.71959376,1.8845478,0.0,2.0069442,0.18796529,0.0,0.0,0.56936514,0.0,0.28688318,0.45394513,0.0,0.32443124,1.8101805,0.842367,0.0,0.0,0.0,1.199301,0.8814591,1.4803721,0.0,0.0,1.3086983,0.0,0.0,0.0,0.29004335,0.1737655,0.0,0.0,0.0,2.7225752,0.0,2.0950122,0.0,0.44597104,0.1680917,0.27167666,0.13240258,0.994212,1.5177991,0.0,0.0,0.0,0.9194229,1.7082187,0.0,0.36822623,0.0,1.4696548,1.0535818,0.89850616,0.0,0.3208405,0.48245588,1.1572422,2.0460837,0.0,0.09463672,0.0,1.6322057,0.0,0.1401779,0.41433656,1.909423,0.18009488,1.2203894,0.12032783,0.2590604,0.0,0.0,1.1414727,0.086021,0.0,0.6173907,1.9380972,0.7201264,2.0913413,0.0,1.6215507,0.0,0.23224501,0.0,0.31992206,0.0,0.0,0.104611285,0.0,0.70624334,0.7098127,1.6892995,0.0,0.67664367,1.8073069,2.117052,0.32121342,0.96862215,0.36226305,0.0,1.8367715,1.1474122,0.0,0.0,0.0,0.45100647,0.22164604,0.0,1.6452755,0.0,0.3314727,0.60394466,0.3336078,0.0,0.0,0.2678488,0.0,0.0,1.196734,0.5767241,0.7611047,0.0,0.0,1.2412516,0.0,0.5660275,0.0,0.0,0.0,1.2099304,0.0,1.2482977,0.0,0.57661444,1.0265985,1.1646148,1.2447325,0.0,0.7815494,0.743787,0.0,0.2203185,0.6045499,0.0,0.7747535,0.0,0.0,1.7374867,0.0,0.0,0.070371196,0.0,1.0393332,0.0,0.0,0.27526152,0.0,0
0.75551707,1.0918242,0.0,0.0,1.9534459,0.0,0.0,2.13952,0.0,1.5702024,0.0,0.0,0.88154405,0.0,1.343543,0.0,0.7918415,0.0,0.20891131,0.0,0.0,0.0,0.11315396,1.7168255,1.5600253,0.0,2.1148646,0.0,1.7785823,0.08102283,0.06653085,1.6487327,0.0,0.102246456,0.0,0.97198886,0.0,0.8113711,0.0,0.0,0.83417106,0.3079159,0.40887737,0.0,0.65395486,1.3777782,1.5512462,0.0,0.0,0.43954912,0.0,1.0442052,0.0,0.0,0.5698985,1.6680001,0.0,0.0,0.0,0.83061147,1.1289258,0.0,0.0,2.8225954,0.0,0.0,1.890202,0.36672112,1.0908511,0.0,0.14919867,0.0,1.1947291,0.4589924,0.0,0.0,1.0818466,0.0,1.2734137,0.8160018,0.0,0.0,1.118916,0.0,0.13895178,1.232085,1.2375747,0.6127266,1.4950702,0.6773233,1.0394156,0.0,0.7762221,1.0125755,0.0,0.0,0.49375403,0.32034224,2.5819335,1.0907058,2.0549803,0.0,1.472854,1.8415232,0.0,0.5169859,0.84031147,0.0,0.0,0.14458519,0.0,1.0224696,1.7199775,0.52417994,0.0,0.0,0.0,1.3246461,1.20476,1.4996397,0.0,0.0,1.1316577,0.0,0.0,0.0,0.6043076,0.0,0.0,0.0,0.0,2.9776297,0.84527737,2.3647254,0.0,1.5399417,1.0294424,0.65077823,0.24021937,1.9771509,1.1823574,0.0,0.15590587,0.0,1.1287596,1.5099652,0.0,0.33108157,0.0,1.6125636,1.2813338,0.65820575,0.0,0.6382991,0.59338534,1.8019305,2.0406682,0.0016619744,0.0,0.0,1.1823919,0.0,1.014885,1.3706698,1.500871,0.12624775,1.2842802,0.0,0.5690097,0.0,0.0,1.2538469,0.5181639,0.2611875,1.5891908,1.8529322,0.5592972,2.8346894,0.0,1.2996643,0.0,0.12067003,0.0,0.48966354,0.21076573,0.0,0.43179998,0.0,0.17510416,1.2052623,2.592829,0.0,0.34815922,2.1052139,1.4669054,0.68582696,0.93117917,0.15550509,0.0,1.9365293,0.8802009,0.0,0.0,0.0,0.0,0.0509949,0.283373,1.8380935,0.0,1.409678,0.5569706,0.11931861,0.0,0.0,0.42014056,0.0,0.035747286,2.167404,1.19347,1.2756796,0.0,0.0,0.95156974,0.0,0.8545202,0.0,0.0,0.33597445,1.7565136,0.0,1.7351315,0.0,0.62675977,1.1057903,2.0243015,1.9569827,0.0,0.5641181,0.64139056,0.0,0.0,0.0,0.0,1.0985754,0.0,0.0,1.8160678,0.0,0.0,0.8224324,0.117126785,1.3315716,0.0,0.45615897,0.0,0.0,0
0.9604325,0.23827565,0.0,0.3458745,0.79312956,1.1128795,0.0,0.0,0.0,0.52010816,0.0,0.55162746,0.72993183,0.0,1.1405102,0.32209325,2.1783364,0.37760878,1.3452517,1.6928843,0.0,0.0,0.0,0.0,1.3148384,0.0,0.29017997,0.9470379,0.49461544,1.845619,0.0,1.4860209,0.8045141,0.0,0.0,1.0364813,0.0,0.4875542,0.0,0.0,2.1420693,0.0,1.1763718,0.10734539,1.0048344,0.65311444,1.0722637,0.0,0.0,0.16127045,0.0,0.64697653,0.0,0.0,1.1280046,0.86110413,0.0,0.0,0.0,0.63508564,0.50409263,0.0,0.0,1.0248578,0.0,0.24898194,1.1609279,0.4646512,0.0,0.0,0.73433816,0.0,0.8274575,1.3470258,0.97538537,0.0,0.34989244,0.0025428492,0.647269,1.4869375,0.0,0.0,0.048744787,0.08625871,0.9678454,0.49931315,0.0,1.7402637,0.31914097,0.65189606,1.2022836,0.0,1.0381097,0.9482855,0.2588525,0.0,0.30238783,0.0,0.8681031,2.8480232,0.18150973,0.0,0.8763593,0.016269447,0.0,1.1659139,0.33899647,0.0,0.0,0.92969334,0.0,0.0,2.5612855,1.0861626,0.0,0.0,1.17373,0.8542301,0.103168085,0.11456555,0.0,0.0,1.3577603,0.0,0.07090208,1.2327622,0.8996695,1.212744,0.0,0.0,0.0,0.7332959,0.28722748,1.1166741,0.0,0.735112,1.6163176,1.6260324,0.0,0.0,1.0485262,0.5264677,0.0,0.0,0.4879494,0.66736263,0.0,0.0,0.78855634,0.81432945,0.58358,1.3706696,0.21092784,1.5259659,0.991564,0.8321522,1.2223969,0.23474394,0.15402016,0.0,1.4263067,0.30172175,0.4435968,0.0,0.0,0.86335504,1.1379493,1.0994124,0.43181998,0.0,0.0,0.9645023,0.31283444,0.0,0.16347744,1.3753967,0.09864915,2.0691226,0.0,0.28587776,0.34374186,0.5321204,0.0,1.1006852,0.0,0.0,1.297499,0.0,0.8897725,1.0938103,1.1333385,0.0,0.94661963,1.2845477,0.0,0.94800264,0.48836496,0.7965047,0.0,1.7669518,0.0,0.0,0.0,0.8045768,0.515228,0.6257586,0.025662003,0.9213168,0.3897616,1.7451837,0.66211736,0.26634997,0.0,0.3486106,0.9512498,0.0,0.65814084,2.641087,1.2034531,0.48970366,0.0,0.0,0.27920273,0.0,0.1541365,0.0,0.0,0.1051158,0.17875883,0.0,1.261332,0.0,0.0,0.0,0.73057985,0.0,0.3482754,0.0,0.7805427,0.0,0.36822072,0.0,1.0957484,1.0874023,0.0,0.0,1.1683638,0.0,0.0,1.3957402,1.6666775,0.0,0.0,0.4277493,0.3013858,0.0,1
0.09352151,2.5569506,0.0,0.0,1.732304,0.0,0.0,1.5940739,0.0,1.8928308,0.0,0.6592174,0.70939744,0.0,2.1911333,0.0,1.7503101,0.022247894,0.29145938,0.0,0.0,0.0,0.49100783,1.2896738,2.0086308,0.35518047,2.0617902,0.0,1.9956642,0.67255193,0.0,0.9948477,0.0,0.33616862,0.0,1.0196781,0.10473899,0.37607408,0.0,0.0,1.0632797,0.23286363,1.9116951,0.0,1.2287364,0.39454418,0.591038,0.0,0.0,0.016375171,0.0,1.8660765,0.0,0.0,1.5954698,1.5030583,0.0,0.0,0.0,0.7059527,0.9189496,0.0,0.0,2.3074975,0.0,0.0,2.4241388,1.541606,1.259311,0.0,1.5798122,0.0,0.9641624,0.12697819,0.107451014,0.0,0.85096246,0.0,0.77424896,0.82769704,0.0,0.0,0.0,0.16654205,0.050257117,0.15384029,1.7147609,0.0,0.85870475,0.8277312,0.10125243,0.0,0.7508621,1.901009,0.0,0.022240158,1.6960164,0.5618858,1.9818568,1.5578971,1.7848572,0.0,3.058329,1.7722682,0.0,0.24563102,1.3183882,0.17093071,0.24433364,0.44858167,0.0,0.0,1.2325408,1.601181,0.0,0.0,0.0,2.1453655,0.7655796,1.0726453,0.0,0.0,1.7665923,0.0,0.0,0.34068912,0.2952727,0.0,0.0,0.0,0.0,2.2333713,0.93928814,2.4662087,0.0,1.2163577,0.0,0.18760231,0.47434425,3.212491,1.4814442,0.413594,0.0,0.0,0.27285567,1.6977785,0.0,0.9028001,0.09362136,2.1582568,2.9278467,0.0,0.0,0.6432095,1.0380774,2.4343255,1.6778133,0.0,0.0,0.0,2.5479217,0.0,0.26569906,1.3454905,2.0930054,0.0,1.3785607,1.7357169,0.8995195,0.0,0.0,2.3725648,1.5837997,0.91100174,0.76626474,2.7393968,1.0056618,2.5996904,0.0,1.5314362,0.34498385,0.15378192,0.0,0.51024365,0.669377,0.021409767,0.24664299,0.0,0.0,0.38135654,2.0427916,0.0,1.9036363,3.039169,1.6429769,0.7465154,1.2970117,0.5111251,0.0,1.8409791,0.41498452,0.0,0.0,0.03092083,0.0,0.0,0.7901052,2.174036,0.0,0.85641736,1.2294637,0.27221882,0.0,0.095494434,1.1723603,0.0,0.0,2.0825694,0.94705623,1.2831284,0.0,0.0,1.3151807,0.0,0.0,0.0,0.0,0.9638574,0.49088603,0.0,2.0935776,0.0,1.0151072,1.0607108,3.0542536,1.9849066,0.109057695,0.0,1.7072046,0.0,0.0,0.0,0.0,1.4399313,0.0,0.0,1.2420151,0.0,0.0,0.67193705,0.0,1.1494603,0.0,0.45781237,0.28743994,0.0,0
0.9370473,0.5959452,0.0,0.05446666,1.7994955,0.4966065,0.0,1.0964247,0.0,1.1812251,0.0,0.57460666,1.2962244,0.0,1.6736622,0.0,0.954834,0.2527189,0.6424314,0.0,0.0,0.0,0.034512512,1.0045818,2.1614163,0.0,1.8926747,0.0,1.3922218,0.94728726,0.2668221,1.7142372,0.6032761,0.0040744925,0.0,1.0458843,0.0,0.731321,0.0,0.0,1.0441533,0.6753796,0.8419991,0.0,0.537688,0.2563502,1.1131334,0.0,0.0,0.5463696,0.0,0.0,0.0,0.16649143,1.2687256,0.66547996,0.0,0.0,0.0,0.5988325,0.9085067,0.0,0.0,2.2426176,0.0,0.2770711,1.3513168,1.1980608,0.8315831,0.0,0.03061511,0.0,1.0238491,0.8669181,0.5178077,0.0,0.3542016,0.0,1.5494562,0.78984463,0.0,0.0,0.8763264,0.0,0.2769942,1.1362216,0.87348837,0.91142637,0.6832216,0.470301,1.6324624,0.0,0.8207755,1.740476,0.5570625,0.0,0.888312,0.7336136,1.5809057,1.851955,1.744059,0.49791718,1.9027076,0.7242835,0.0,0.17877117,1.0377142,0.0,0.0,0.3486647,0.0,1.1984651,2.4954357,0.5926795,0.0,0.0,0.066148795,1.692005,0.4321696,1.5348057,0.0,0.0,0.50072575,0.0,0.0,0.43537557,0.091073565,1.0054308,0.0,0.0,0.0,1.7820234,0.756423,0.92789495,0.0,1.4730405,0.7572628,0.8800394,0.0,1.724167,0.76819676,0.13687009,0.0,0.0,0.8054701,1.4323279,0.0,0.56580645,0.5948516,1.3830316,1.5746895,0.82957035,0.0,1.0333351,0.0,1.3046422,1.4862317,0.0,0.0,0.0,0.8875577,0.0,0.018661391,1.2386955,1.3254383,0.0,0.9518215,0.8674286,0.6067457,0.0,0.0,1.1323917,0.0,0.0,1.5213708,2.106114,0.0,2.1578329,0.0,1.1582466,0.14888987,0.8977272,0.0,0.6706632,0.0,0.0,0.49731293,0.0,0.16758668,0.68080574,1.6242598,0.0,1.0317608,2.2630002,0.87340605,0.5549964,1.2707925,0.5823587,0.0,2.2169235,0.74169797,0.0,0.0,0.0,0.090249665,0.09345591,0.0,1.521835,0.0,0.8008851,0.79638094,0.27397084,0.0,0.0,0.5231042,0.0,0.0,2.619808,1.51131,1.4339163,0.0,0.0,1.3304476,0.0,1.0519608,0.0,0.0,0.31889573,0.9242988,0.0,1.3288401,0.0,0.18629698,0.48768917,1.4353933,2.2258036,0.5026207,0.44438457,1.2546375,0.0,0.0,0.0,0.0,1.0950168,0.0,0.0,1.1019394,0.0,0.0,0.8636468,0.14840633,0.612691,0.0,0.45425734,0.43805736,0.0,0
0.8249169,1.1296562,0.0,0.34999168,1.2557031,0.44569552,0.0,0.40152615,0.0,1.3369191,0.0,0.09313366,0.8697177,0.0,1.727148,0.0,2.6389112,0.2767365,0.7212792,0.70990455,0.0,0.0,0.34173054,0.258172,1.7400619,0.07291169,1.008558,0.73688287,0.26350865,1.1180537,0.4409488,1.3414307,0.6679629,0.0,0.0,1.1859901,0.0,0.49336576,0.0,0.0,1.7789499,0.404884,0.9978148,0.0,0.80598485,0.9765498,0.38769236,0.0,0.0,0.7963211,0.0,0.9067798,0.0,0.0,1.1704158,1.0739897,0.0,0.0,0.0,0.51227444,0.9655146,0.0,0.0,1.3979824,0.14441599,0.34424976,1.20981,0.817574,0.43079436,0.0,0.8593912,0.0,0.7631198,1.5728682,1.0534368,0.0,0.2780621,0.0,0.56101435,1.075252,0.0,0.0,0.6400622,0.0,0.6808446,0.80091,0.24352644,0.9615269,0.40169224,0.5469256,0.7279232,0.0,1.3037205,1.0195532,0.056021415,0.0,0.4475645,0.19026314,0.6538637,2.2401404,1.0230634,0.0,1.0940517,0.18079941,0.0,0.8186716,0.20846225,0.0,0.0,0.7710058,0.0,0.0,1.9592367,0.6425868,0.0,0.0,0.5711536,1.354787,0.46821004,0.08101183,0.0,0.0,0.48871484,0.0,0.0,0.76980954,0.28507823,0.77729774,0.0,0.0,0.0,1.4152144,0.08346239,1.0962398,0.0,1.0361822,1.0130237,0.8447878,0.0,1.0965331,0.73928887,0.34353024,0.0,0.0,0.18654227,0.47828242,0.0,0.0,0.5677795,0.94771385,0.89706004,0.93897164,0.19367099,1.06364,0.94508415,0.9008679,1.3956748,0.0,0.0,0.0,1.6517222,0.0,0.71767145,0.28237632,0.2598676,0.61734337,1.4362,1.4118923,0.63225406,0.0,0.0,1.2790252,0.19229689,0.0,0.93423885,1.6245923,0.8291127,2.1383204,0.0,0.74213505,0.48815674,0.65296286,0.0,0.49281588,0.0,0.0,0.8658183,0.0,0.8354285,1.1327298,1.9582913,0.0,0.4525021,1.076773,0.6943077,0.0,1.1651897,0.71371293,0.0,1.7668712,0.0,0.0,0.0,0.40814933,0.054844454,0.0,0.5961542,1.2018288,0.5978874,1.5667229,1.1207858,0.07293771,0.0,0.29198396,0.90861815,0.0,0.46771246,2.368726,1.2580417,0.51074237,0.0,0.0,0.2558061,0.0,0.0,0.0,0.0,0.14168724,0.71238756,0.0,1.4607685,0.0,0.030172778,0.0,1.4282516,0.36663204,0.28114042,0.0,0.57222354,0.0,0.40102458,0.0,0.09864593,1.2244903,0.0,0.0,1.4914439,0.0,0.0,1.0954832,1.3381958,0.0,0.0,0.16352627,0.22283028,0.0,1
1.4241639,0.6627768,0.0,0.0,2.3044934,0.0,0.0,2.663266,0.0,1.9840126,0.0,0.1600657,1.3385097,0.0,2.0608811,0.0,0.29330623,0.0,0.9502729,0.0,0.44905043,0.0,0.009246788,2.1443787,2.1582532,0.0,2.7921395,0.0,2.3965037,0.0,0.0,2.1673908,0.0,0.57860124,0.0,0.54041046,0.0,0.28849328,0.0,0.0,0.0,0.0,0.0,0.0,0.8680594,1.220548,0.9517114,0.0,0.0,0.0,0.0,1.8622773,0.0,0.0,0.16162449,1.1373708,0.2600775,0.0,0.0,0.79330647,1.4892536,0.0,0.0,3.8773775,0.0,0.0,2.7675924,0.0,2.2370899,0.0,0.0,0.0,1.7533522,0.48539004,0.0,0.0,2.1065814,0.0,1.9714028,0.0,0.0,0.0,1.7194175,0.0,0.084971726,1.2722738,0.3313239,0.0,2.3745077,0.59790164,1.4020383,0.0,1.1353467,1.5406243,0.0,0.0,2.2073596,1.0579337,2.425831,0.6096275,2.9271576,0.0,2.121442,2.8807359,0.0,0.0,0.0,0.0,0.0,0.2247509,0.0,2.2618947,1.6624418,1.2368917,0.0,0.0,0.0,1.423075,1.2898197,1.8656325,0.0,0.0,1.6577578,0.0,0.0,0.0,0.0,0.0,0.0,0.0,0.0,3.8265996,0.87286174,3.6101778,0.0,1.2862275,0.0,0.81672245,0.0,1.9267533,2.0384505,0.0,0.38403764,0.0996635,1.1526788,2.1861136,0.0,0.68081194,0.0,2.0860991,1.2992808,0.04276513,0.0,0.617842,0.2621066,3.0545337,2.822404,0.0,0.04058215,0.0,2.050127,0.0,1.1756289,2.4154263,2.921184,0.0,0.5692799,0.12573457,0.6062477,0.0,0.0,2.4850383,0.47898868,0.1652609,1.4566176,1.1593078,0.12122617,2.935775,0.11120008,2.306989,0.0,0.0,0.0,0.0,0.29331562,0.0,0.98833746,0.0,0.61025596,1.3723814,2.3901467,0.0,0.0,2.9736278,2.0708108,0.2341788,0.96294457,0.0,0.0,2.6285274,1.3147658,0.0,0.0,0.0,0.040103927,0.736949,0.11125383,2.2172604,0.0,0.76413435,1.4082118,0.0,0.0,0.0,0.975676,0.0,0.0,2.209182,0.0,2.4839027,0.0,0.0,1.7049338,0.0,0.4775331,0.0,0.0,0.0,2.2262816,0.0,1.2519107,0.0,0.6773741,1.5454803,3.6313753,2.1952686,0.0,1.3412186,0.3794243,0.0,0.0,0.64098346,0.0,2.175809,0.0,0.0,1.8901606,0.0,0.0,0.5453291,0.2750508,1.8709977,0.0,0.0,0.51197505,0.0,0
0.67735565,0.97124916,0.0,0.0,3.1747854,0.0,0.0,2.4510417,0.0,1.6149305,0.0,0.46589404,0.917422,0.0,2.370164,0.0,0.50611585,0.0,0.20590585,0.0,0.0,0.0,0.0,2.361591,2.1811748,0.0,2.4284747,0.0,2.7516873,0.0,0.0,2.691114,0.0,0.68024445,0.0,0.4671547,0.0,0.0034109761,0.0,0.0,0.0,0.0,0.09426365,0.0,1.5079614,1.1160767,1.644519,0.0,0.0,0.04769941,0.0,1.890246,0.0,0.0,0.54479045,1.3349959,0.0,0.0,0.0,0.41532043,1.3518077,0.0,0.0,2.9666696,0.0,0.0,2.6727283,0.79157054,1.9766521,0.0,1.2490132,0.0,1.7775304,0.0,0.0,0.0,1.0098845,0.0,1.300226,0.0,0.29860336,0.0,0.23221257,0.0,0.9687412,1.1206882,1.8007127,0.0,1.684129,0.08756801,0.17094094,0.0,0.76757014,1.302895,0.0,0.0,1.4312376,0.6520549,2.0510037,1.2239684,2.917623,0.0,2.140345,1.7714003,0.0,0.0,0.6914801,0.0,0.0,0.0,0.0,0.80365866,1.5203993,1.504269,0.0,0.0,0.0,2.0146825,2.0222268,0.60177296,0.0,0.0,1.4398228,0.0,0.0,0.0,0.6541207,0.0,0.0,0.0,0.0,3.2563968,0.41880226,3.8408701,0.0,1.0556788,0.14231668,0.77344644,0.08274075,3.2936938,0.8001397,0.0,0.17488931,0.0,0.94581,2.5610023,0.0,0.8901001,0.0,2.255817,0.8372785,0.20103781,0.0,0.5792024,0.4011128,2.7858667,2.6018727,0.0,0.0,0.0,1.5567763,0.0,0.14213467,1.9767272,2.6030083,0.0,0.5682177,0.5236363,0.39504868,0.0,0.0,2.4525824,0.6732974,0.76867974,1.383147,1.9759326,0.59784,2.53802,0.0,2.2424242,0.0,0.0,0.0,0.074472964,0.30333197,0.0,0.074764624,0.0,0.7541559,0.057184577,3.1686013,0.0,0.9216716,2.6199367,2.3847513,0.61170965,1.0836704,0.0,0.0,2.46945,1.1901726,0.0,0.0,0.0,0.0,0.0,0.6531024,2.4712963,0.0,1.5260308,1.9524738,0.0,0.0,0.0,0.9114702,0.0,0.0,2.885164,1.3270663,1.9812741,0.0,0.0,1.8284678,0.0,0.9641249,0.0,0.0,0.0,1.4929582,0.0,1.9841079,0.0,0.38030052,1.3988513,2.4843915,2.9152534,0.0,0.37493035,0.82448995,0.0,0.066874854,0.0,0.0,1.6289774,0.0,0.0,2.2457063,0.0,0.0,0.19563545,0.0,1.7624731,0.0,0.32495484,0.33883584,0.0,0
0.936874,0.0,0.0,0.0,2.4050732,0.0,0.0,2.636102,0.0,1.9547405,0.0,0.20572145,0.9224976,0.0,1.7811588,0.0,0.72943366,0.009158416,0.39953935,0.0,0.44831714,0.0,0.0,2.2460306,2.3028398,0.0,2.440909,0.1319543,1.8733729,0.34700996,0.0,2.254595,0.0,0.25591382,0.0,1.2124838,0.0,0.5604834,0.0,0.0,0.0,0.33814207,0.0,0.0,0.5460312,0.7756994,0.98898256,0.0,0.0,0.0,0.0,1.9560962,0.0,0.0,0.0,1.091587,0.0,0.0,0.0,0.7765071,1.0245625,0.0,0.0,2.015012,0.0,0.0,2.232273,0.51502335,1.799005,0.0,0.62998164,0.0,1.6171402,0.56773525,0.0,0.0,1.1475666,0.0,1.2055403,0.0,0.53998214,0.0,1.6461871,0.33100122,0.4504429,1.6238729,0.9816813,0.2680142,1.8535295,0.0,0.4128772,0.0,0.7466692,2.0590243,0.0,0.0,1.17989,0.4884612,2.2645233,1.2119844,2.2650385,0.1839906,1.7840776,1.4980952,0.0,0.0,0.53181297,0.0,0.039295208,0.025823643,0.0,0.81639624,1.816836,1.3394,0.0,0.0,0.0,0.8372782,1.6124736,1.2089677,0.0,0.0,1.1454307,0.0,0.0,0.0,0.88140994,0.0,0.0,0.0,0.0,3.259606,0.7427526,2.7936687,0.0,1.1264718,0.4583497,0.59727025,0.27306765,1.9093548,1.2760215,0.0,0.18769148,0.0,1.2831694,1.742624,0.0,0.89433455,0.0,2.2989721,1.1126796,0.9748934,0.0,0.7548464,0.25877646,2.5280046,2.5427942,0.27478972,0.0,0.0,2.1534777,0.0,0.45601177,1.5897151,2.4712634,0.15880601,1.101019,0.018606903,0.0,0.0,0.0,2.4175377,0.7654308,0.36260337,1.752332,2.4518223,1.094798,2.799744,0.0,1.0164047,0.0,0.0,0.0,0.4311762,0.0,0.0,0.25439662,0.0,0.60451853,0.30583516,2.6152008,0.0,0.19623272,2.4567,1.4319171,0.37225103,1.141131,0.5241525,0.0,2.2679656,1.2068726,0.0,0.0,0.07307261,0.31227002,0.16954482,0.5865694,1.8941749,0.340734,0.79711777,0.74880725,0.0,0.0,0.0,0.13707653,0.0,0.607971,1.9017594,0.5135799,2.085581,0.0,0.0,1.7552689,0.0,0.6134175,0.0,0.0,0.13926296,1.4241704,0.0,1.8276561,0.0,0.64705515,1.7193314,2.2069988,2.7390735,0.0,0.7012984,0.35711077,0.0,0.049698465,0.22164102,0.0,1.8969393,0.0,0.09580581,2.047503,0.0,0.0,1.5039836,0.36262554,1.4114435,0.0,0.4226173,0.31752637,0.0,0
1.607997,0.62341434,0.0,0.0,1.1432272,1.1490736,0.0,0.0,0.0,0.774389,0.0,0.07718398,1.1939728,0.0,1.1617944,0.0,2.9102576,0.673249,1.2710811,2.1356902,0.0,0.0,0.0,0.0,1.3899498,0.0,0.93830186,1.0895445,0.0,2.19599,0.047433436,1.1226506,1.1495463,0.0,0.0,1.8376272,0.0,0.51753503,0.0,0.0,2.6535969,0.2532749,1.3364369,0.0,0.40475246,0.81177384,0.8399611,0.0,0.0,0.0,0.0,0.8499605,0.0,0.0,1.5293779,1.0870777,0.0,0.0,0.0,0.8291584,0.63291055,0.0,0.0,0.6703092,0.0,0.21061654,0.8535092,0.23143613,0.0,0.0,0.61403584,0.0,1.0938759,2.0460556,1.4456192,0.0,0.31258652,0.011594888,0.8979721,1.3817868,0.09641363,0.0,0.98560065,0.49140316,1.0666592,0.99256015,0.0,2.2938807,0.0,0.6375247,1.7460177,0.0,0.9406996,1.538031,0.13775113,0.0,0.038619235,0.0,0.828662,3.406967,0.20998049,0.5768728,1.1174719,0.0,0.0,1.4517102,0.53626055,0.0,0.0,1.5403813,0.0,0.0,3.343649,0.346045,0.0,0.0,0.84372187,1.0598344,0.0,0.543119,0.0,0.0,0.9083726,0.0,0.0,1.2061771,0.77330524,1.7186124,0.0,0.0,0.0,0.71465474,0.44329548,1.2049705,0.0,1.2086773,2.2789776,1.852314,0.0,0.0,1.4168398,0.14527488,0.0,0.0,0.17004344,0.86797243,0.0,0.0,0.4747816,0.78216726,0.15985227,1.8724893,0.18264273,1.6735619,0.948321,0.8761698,1.2180796,0.46599022,0.0,0.0,1.5215144,0.16623306,1.1169592,0.0,0.0,1.3223475,1.1126777,0.9811942,0.08871352,0.0,0.0,0.481716,0.79337555,0.0,0.56447536,2.0526192,0.36576083,2.1064608,0.0,0.4853418,0.4252381,0.95100147,0.0,1.4602542,0.0,0.0,1.3627868,0.0,1.5014381,1.4502505,1.0964357,0.0,0.8708275,1.0220662,0.0,0.65653783,0.38144502,1.4639162,0.0,2.0911958,0.0,0.0,0.0,1.172858,1.4631802,0.64666325,0.275061,0.76999414,0.61988246,1.9663944,0.072265744,0.20695268,0.0,0.0,0.7164464,0.0,0.66678137,2.9762454,2.4557915,0.38553742,0.0,0.008938903,0.060405027,0.0,0.0,0.0,0.0,0.0,0.0,0.0,0.83093876,0.0,0.12077674,0.0,0.43802392,0.0,0.0,0.0,1.2074724,0.0,0.45047864,0.0,0.865288,1.103813,0.0,0.0,1.0705745,0.0,0.0,1.8044248,2.50349,0.0,0.0,0.72572803,0.0,0.0,1
0.3443343,0.0,0.0,0.0,1.2373067,0.73183584,0.0,0.762816,0.0,1.9660002,0.0,0.0,0.9497683,0.0,1.1031582,0.0,1.1249633,0.0,0.6939991,0.2623792,0.0,0.0,0.0,1.2375101,2.1562538,0.0,2.1243339,0.0,1.2087923,0.46670192,0.0,1.6115338,0.09179842,0.06400054,0.0,1.2233903,0.0,0.57317966,0.0,0.0,5.6014396e-06,0.12560299,0.37075987,0.0,0.7761481,0.88399965,1.495313,0.0,0.0,0.0,0.0,0.7436888,0.0,0.0,0.29753244,0.72361034,0.0,0.0,0.0,0.74198747,0.79605645,0.0,0.0,2.2006085,0.0,0.0,1.5604386,0.5084741,0.16452843,0.0,0.45271555,0.0,1.1798689,0.66125846,0.255507,0.0,1.0716848,0.0,1.4481366,0.2532355,0.0,0.0,1.1098784,0.075677395,0.16073176,1.4791274,0.67398626,0.50243944,0.7655205,0.38474268,1.138211,0.0,0.5622266,1.5112263,0.44093516,0.13439035,0.6348595,0.89693534,1.4915055,1.6814824,1.0397089,0.12326113,1.1192201,1.1977705,0.0,0.0,0.3958455,0.0,0.0,0.48799625,0.0,0.40901455,2.2900772,0.96624696,0.0,0.0,0.66533244,1.1635884,0.92839646,1.4940944,0.0,0.0,1.05085,0.0,0.0,0.20690288,0.77200747,0.07879777,0.0,0.0,0.0,2.1007493,0.04166385,1.8032607,0.0,0.8834532,0.8689184,0.60960394,0.20648652,1.0048951,0.8272771,0.0,0.0,0.0,0.53016156,1.433862,0.0,0.2670172,0.0,1.3082685,1.0156782,1.3117181,0.27978656,0.5095574,0.033451356,1.3144855,2.18128,0.62942314,0.0,0.0,1.2083902,0.10319972,0.030250218,0.61737174,1.1954745,0.6375183,1.39861,0.0,0.37268966,0.0,0.0,1.0820004,0.3993869,0.0,1.1845572,1.5213776,0.29548413,1.80759,0.0,0.66334414,0.0,0.5997115,0.0,0.16301543,0.0,0.0,0.6072198,0.0,0.68859524,1.2764794,1.5114956,0.0,0.47348702,1.4430438,1.477889,0.639045,1.0232645,0.29887888,0.0,1.7499278,0.64161354,0.0,0.0,0.33271116,0.23599355,0.4736382,0.26142114,1.1948129,0.0,1.1178257,0.5151287,0.71814686,0.0,0.0,0.32395476,0.0,0.538752,1.7238896,0.7767046,1.0963012,0.0,0.28171185,1.481216,0.0,0.8094473,0.0,0.0,0.33094546,0.9271002,0.0,1.1135972,0.0,0.0,0.8836581,1.2057705,1.331269,0.0,1.0384042,0.7657098,0.0,0.0,0.0,0.1054641,0.7721508,0.0,0.0,1.2843957,0.0,0.0,1.343953,0.0,0.5471523,0.0,0.752887,0.2958567,0.0,0
1.1272151,0.7646684,0.0,0.0,2.3171263,0.17001024,0.0,1.7364165,0.0,1.1573989,0.0,0.026142035,1.630735,0.0,1.8127291,0.0,1.188415,0.0,0.85199374,0.9566968,0.0,0.0,0.0,1.5325879,2.4151163,0.2871921,2.5189846,0.0,1.8532,0.16607726,0.0,2.6167367,0.0,0.0,0.0,0.26174003,0.0,0.43481126,0.0,0.0,0.20201772,0.8759802,0.4653402,0.0,0.4206476,0.6456547,1.2001147,0.0,0.0,0.0,0.0,1.3194543,0.0,0.0,0.5375481,0.5141638,0.0,0.0,0.0,0.31120127,1.5645287,0.0,0.0,2.0712657,0.0,0.0,1.5641215,0.23138826,1.0320823,0.0,0.5459379,0.0,1.5548857,1.4206293,1.0583873,0.0,0.48025915,0.0,1.887875,0.84227777,0.0,0.0,1.1059356,0.0957914,0.09655458,1.2565997,0.48359752,0.71859115,1.6423771,0.2736221,0.8875458,0.0,1.6109995,1.6966971,0.0,0.0,1.1766194,0.5267679,1.5231454,0.5969143,2.020167,0.46577656,1.8888211,0.23976715,0.0,0.082697704,0.83950275,0.0,0.19105835,0.56623393,0.0,1.1738534,2.2389553,1.1808507,0.0,0.0,0.006241404,1.7395564,1.7175864,1.4554063,0.0,0.0,1.4351451,0.0,0.0,0.0,0.23201649,0.0,0.0,0.0,0.0,2.742597,0.0,3.001,0.0,0.87090814,0.7853227,0.8987659,0.0,1.5773369,1.3769307,0.0,0.0,0.0,1.1605633,1.56847,0.0,0.13664189,0.006206326,2.1542616,1.269041,0.35520798,0.0,0.664767,0.12554272,1.7828231,1.6641132,0.0,0.0,0.0,2.3592591,0.0,0.8654335,0.89937174,2.0760431,0.27587894,0.7658012,0.39748242,0.11165964,0.0,0.0,1.3893733,0.45935804,0.0,1.4227203,2.1200843,1.2751466,2.6249146,0.0,1.1266428,0.25190017,0.3544428,0.0,0.21717358,0.0,0.0,0.42341825,0.0,0.52602935,0.8687494,2.5310354,0.0,0.5641553,2.4272268,1.2006391,0.1351324,1.4736819,0.93778837,0.0,2.3382685,2.131837,0.0,0.0,0.0,0.48197785,0.41561735,0.0,1.5367553,0.31095716,0.32231027,0.684193,0.0,0.0,0.0,0.38520244,0.0,0.0,1.8168654,1.2247158,1.1424243,0.0,0.0,1.4539208,0.0,0.75257593,0.0,0.0,0.24059635,1.3683748,0.0,1.3902524,0.0,1.1943657,0.9515718,1.2748797,1.5173274,0.0,1.3716983,1.1543189,0.0,0.0,0.36439618,0.07217594,1.7511387,0.0,0.0,2.2603855,0.0,0.0,0.6555769,0.47254074,1.3388642,0.0,0.20289418,0.3539969,0.0,0
1.258559,0.39015886,0.0,0.0,2.3232267,0.0,0.0,2.404608,0.0,0.94008505,0.0,0.41820958,1.1051061,0.0,2.137469,0.0,0.7656221,0.0,0.5484374,0.10620348,0.35306603,0.0,0.0,1.581396,1.3185925,0.0,2.4793699,0.0,2.0501943,0.8042235,0.0,2.243791,0.0,0.7143576,0.0,1.4495045,0.0,0.12382682,0.0,0.0,0.014372682,0.0,0.37350047,0.0,0.67198175,1.4607466,1.003066,0.0,0.0,0.0,0.0,3.4234748,0.0,0.0,0.538944,1.6507345,0.0,0.0,0.0,0.6804485,1.0672053,0.0,0.0,2.7052078,0.0,0.0,1.414877,0.0,1.889544,0.0,0.90467846,0.0,1.3565501,0.62674254,0.0,0.0,2.2775218,0.0,1.5375137,0.18794553,0.0,0.0,0.8560342,0.0,0.0,1.2272187,0.029028762,0.32209623,2.4391775,0.8451796,1.6198657,0.0,1.4002622,1.961924,0.0,0.0,2.182472,0.5466888,1.8131943,1.0066254,2.0311096,0.0,0.9920907,2.5959518,0.0,0.0,0.0,0.0,0.0,0.04347559,0.0,1.029402,1.2104119,1.457125,0.0,0.0,0.55233735,1.8093656,2.0037353,0.7031953,0.0,0.0,1.7073725,0.0,0.0,0.0,0.260109,0.59282684,0.0,0.0,0.0,3.314313,1.0191171,4.0757055,0.27849206,1.3321068,0.062455367,0.65981275,0.41154456,1.2344749,1.6218113,0.0,0.47284785,0.0,0.9120976,2.0622995,0.0,0.5563992,0.07345271,1.7533157,1.4618275,0.20246567,0.0,0.74873173,0.52582395,2.3532057,2.5460296,0.0,0.0,0.0,2.488106,0.0,1.4510226,1.9220259,2.3531053,0.058071993,0.78512084,0.11359155,0.08076866,0.0,0.0,2.720632,0.14760587,0.8727973,1.2278056,0.7416447,1.3600568,2.9632008,0.045613695,1.8709501,0.0,0.0,0.0,0.0,0.0,0.0,1.5621966,0.0,0.3151328,0.0,2.2154396,0.0,0.01639286,2.0686119,1.6127058,2.058183,0.8949877,0.47611257,0.0,2.4371963,1.0669277,0.0,0.0,0.0,0.0,0.89137113,0.35728553,2.1671329,0.21943195,1.1721495,1.867269,0.0,0.0,0.0,0.7039836,0.0,0.72213006,2.6873572,0.10679258,1.9362192,0.0,0.0,1.5078838,0.0,0.21111563,0.0,0.0,0.0,1.612365,0.0,1.6498418,0.0,0.34278545,1.4835192,2.861987,1.9210228,0.55487746,0.28454313,0.21625791,0.0,0.0,0.23366813,0.0,1.7927718,0.0,0.0,1.6402756,0.0,0.0,0.6367634,0.108921185,1.9963701,0.0,0.08418194,0.5768625,0.0,0
1.6071612,0.9455055,0.0,0.0,2.2676456,0.0,0.0,1.3858336,0.0,1.6005415,0.0,0.55348754,1.9732872,0.0,1.7782881,0.0,1.2899401,0.15026955,0.0,0.0,0.0,0.0,0.29974666,1.6207732,2.5972722,0.25608805,1.1304208,0.0,1.6056322,0.0,0.0,1.8195251,0.0,0.15616645,0.0,0.87646306,0.0,0.50281644,0.0,0.0,0.061975963,0.0,0.0,0.0,0.07033227,0.5923002,1.4195465,0.0,0.0,0.3628745,0.0,1.4684321,0.0,0.0,0.22154954,0.13141876,0.0,0.0,0.0,0.410301,1.1696384,0.0,0.0,2.3587308,0.0,0.22012721,2.6958053,0.6223474,1.6937826,0.0,1.6833856,0.0,1.8622069,0.8680229,0.87456924,0.0,1.0287932,0.0,1.4497116,0.8514249,0.0,0.0,0.894569,0.636441,0.27307877,1.433948,1.1138941,0.31905073,1.402348,0.0,0.09782826,0.0,1.6142861,1.609387,0.0,0.0,1.5694379,0.46968204,2.144814,1.0663543,1.4841956,0.0,2.3207402,0.8246833,0.0,0.5178277,1.1353478,0.0,0.03763823,0.0,0.0,0.0,1.3151296,0.5843075,0.0,0.0,0.07462694,1.1015054,1.7696561,1.0943937,0.0,0.0,1.8416699,0.0,0.0,0.28097817,0.120624475,0.0,0.0,0.0,0.0,2.2504857,0.0,2.1825902,0.0,0.682583,0.24812154,0.15612106,0.0,2.2158744,1.4633985,0.0088866465,0.047115013,0.0,0.99917233,2.184955,0.0,0.6486669,0.0,2.0348427,1.663205,0.0,0.0,0.0,0.9055802,1.8293476,1.9940604,0.0,0.0,0.0,2.567874,0.0,0.0,0.8027945,1.6839048,0.0,1.9412595,0.9321158,0.91087085,0.0,0.0,1.3280786,1.1296161,0.0,1.1908801,1.6749386,1.1608248,2.2441308,0.0,0.9373439,0.24823514,0.0,0.0,0.044285055,0.0,0.0,0.0,0.0,1.0293903,0.42016324,2.4520519,0.0,0.77436197,2.436199,2.460364,0.0,1.6644428,0.22868897,0.0,2.4964476,1.5789304,0.0,0.0,0.40345868,0.0,0.0,0.9935888,1.6569254,0.0,0.0,0.98014176,0.3490635,0.0,0.26996955,1.4064136,0.0,0.3022535,2.0302973,1.0179354,1.1880224,0.0,0.0,1.4253644,0.0,0.55436313,0.0,0.0,0.0,1.2250226,0.0,2.2547812,0.0,1.3591369,1.0927655,2.397349,1.0708925,0.0,0.8969614,0.57714033,0.0,0.3495188,0.0,0.0,1.4150646,0.0,0.0,2.576372,0.0,0.0,0.0,0.5032235,1.8861735,0.0,0.0,0.35856473,0.0,0
1.0454105,0.7849112,0.0,0.0,0.996716,0.8912744,0.0,0.7069347,0.0,0.8233118,0.0,0.21154478,0.820205,0.0,1.2365915,0.0,1.6065583,0.0,0.25523788,0.47580758,0.0,0.0,0.5801788,0.046996444,2.1022017,0.0,2.1143363,0.2519455,0.6046266,0.43020812,0.13785142,0.6318352,0.9813993,0.0,0.0,1.1674285,0.0,0.024009716,0.0,0.0,0.9716533,0.2858434,0.39670247,0.0,0.20473157,0.504642,1.0065596,0.0,0.0,0.8905749,0.0,0.47374117,0.0,0.0,1.1013964,0.9939239,0.0,0.0,0.0,0.57539797,0.6582504,0.0,0.0,1.4892391,0.033924177,0.0,1.4851838,0.42188802,0.12269956,0.0,0.863868,0.0,0.62688667,1.3882312,0.7419325,0.0,0.42324156,0.0,1.16331,1.1273091,0.0,0.0,1.0464885,0.47640538,0.23034629,0.8526896,0.37778938,1.1716666,0.33024126,0.6465414,1.0463208,0.0,1.526369,1.5712706,0.0,0.20756194,0.18756318,0.5318906,1.1050184,1.336378,0.74875236,0.27879718,0.90509254,0.0,0.0,0.85664177,0.98635435,0.0,0.023942422,0.49615818,0.0,8.4386535e-05,1.932436,0.15353277,0.0,0.0,0.47405887,1.882813,0.8144865,0.85715204,0.0,0.0,0.69783163,0.0,0.0,0.45156473,0.0,1.2985487,0.0,0.0,0.0,1.6099997,0.0,0.80700666,0.0,1.1505976,1.2190815,0.34291363,0.0,0.9777821,0.87760705,0.13899535,0.0,0.06500671,0.6488829,0.70003766,0.0,0.0,0.0,0.8648575,1.2030143,0.4352095,0.311351,1.0459795,0.43433052,1.1352679,1.1741303,0.022494394,0.0,0.0,1.520294,0.0,0.9898304,0.38022456,0.1593184,0.51997524,1.5575496,0.9329021,0.92847323,0.0,0.0,1.04394,0.12927003,0.0,0.7080939,1.3855946,0.19966552,1.8889031,0.0,0.7773803,0.77679795,1.163132,0.0,0.52082115,0.0,0.0,0.44601068,0.0,0.7047388,1.743545,2.0432007,0.0,0.8148173,1.3990537,0.7056382,0.0,1.1885402,1.0329676,0.0,1.9229577,0.122028746,0.0,0.0,0.7908054,0.4856841,0.26467845,0.29518488,1.1002343,0.6576939,0.9553996,0.8655376,0.33523506,0.0,0.0,0.79246134,0.0,0.026053961,1.7761636,1.5588714,0.45679617,0.0,0.26300374,0.86543065,0.0,0.0,0.0,0.0,0.5156652,0.32179764,0.0,1.3632717,0.0,0.8260911,0.004626319,0.7848959,0.8337797,0.0,0.5578959,0.7286174,0.0,0.09565183,0.0,0.3389324,1.2841622,0.0,0.0,1.5460453,0.0,0.0,0.46932507,0.63384694,0.5347248,0.0,0.023787506,0.0,0.038756542,1
0.93482274,1.8352176,0.0,0.0,2.113076,0.0,0.0,1.0206401,0.0,1.0352409,0.0,0.38767418,1.4474951,0.0,1.2397158,0.0,1.7211198,0.47310993,0.4913199,0.0,0.0,0.0,0.43354186,1.3803524,1.9963144,0.26531762,1.8213731,0.11764984,1.150126,0.10200989,0.0,1.1358685,0.27374554,0.0,0.0,0.53199136,0.0,0.39291817,0.0,0.0,0.4222933,0.23607638,0.52236265,0.0,0.46868905,0.44275331,1.0628425,0.0,0.0,0.731888,0.0,1.3372424,0.0,0.0,1.2917794,0.5549874,0.0,0.0,0.0,0.3186818,1.2437143,0.0,0.0,1.998107,0.0,0.0,2.2516587,0.6936758,0.8735129,0.0,1.0264034,0.0,1.4518872,1.3134549,0.96058327,0.0,0.57279587,0.0,1.2028978,0.8999609,0.0,0.0,0.7144976,0.50404567,0.41519588,1.3381845,0.0,0.5220005,1.1290998,0.11628913,0.85597384,0.0,1.6184188,1.2381369,0.0,0.0,0.67923415,0.6930605,1.5302356,0.91143113,1.0304894,0.17853996,1.6265869,0.0,0.0,0.85362977,0.9738745,0.20026411,0.0,0.5628782,0.0,0.2828134,1.4652611,0.49255192,0.0,0.0,0.018075205,1.6968075,1.3868343,1.1638249,0.0,0.0,0.87406224,0.0,0.0,0.0,0.0047659203,0.2942961,0.0,0.0,0.0,2.2202508,0.0,1.9726162,0.0,1.1538135,0.8518738,0.6173524,0.0,1.6781787,1.2438118,0.0,0.0,0.0,0.33053347,1.157418,0.0,0.0,0.1426576,1.4398879,1.0071119,0.0,0.19247141,1.0862693,0.6605957,1.2950156,1.5417248,0.0,0.0,0.0,1.8129531,0.0,0.35578722,0.77460283,1.0493879,0.33524117,1.2848083,1.5709225,0.18394563,0.0,0.0,1.3328096,0.87866926,0.0,0.6528675,3.050516,0.7991791,2.8326962,0.0,1.4186699,0.59776205,0.42727017,0.0,0.5333594,0.0,0.0,0.0,0.0,0.04299438,0.68124425,2.3955605,0.0,1.0199584,1.7190881,1.473101,0.0,1.5982344,0.6703641,0.0,1.8551819,0.888989,0.0,0.0,0.22606304,0.0,0.35931385,0.17148831,1.273007,0.08229521,0.28486156,0.9847046,0.0,0.0,0.28898814,1.433296,0.0,0.0,2.01466,1.4407513,0.8001188,0.0,0.0,0.8381642,0.0,0.43264943,0.0,0.0,0.0,1.123213,0.0,1.4326394,0.0,1.0514355,0.73101187,1.4215567,0.94650316,0.0,0.103828184,0.8558861,0.0,0.0,0.0,0.0,1.4280419,0.0,0.0,1.7776289,0.0,0.0,0.06416044,0.8049072,0.9895359,0.0,0.0,0.41096732,0.0,0
1.5460665,0.55837464,0.0,0.04465544,1.7756016,0.0,0.0,0.68357277,0.0,1.3262532,0.0,0.012246642,1.8227539,0.0,1.0890714,0.0,1.3742566,0.28004006,0.38362744,0.25534227,0.0,0.0,0.13040741,1.3233047,2.0345201,0.38002628,1.9728774,0.0,1.3243192,0.0,0.105333805,1.3110105,0.79743105,0.0,0.0,1.2317324,0.0,0.65040624,0.0,0.0,0.88203335,0.74545133,0.25228631,0.0,0.0,1.0983291,1.2277107,0.0,0.0,0.5502405,0.0,0.8540555,0.0,0.0,0.380284,0.72306246,0.0,0.0,0.0,0.57795787,1.233916,0.0,0.0,2.1695302,0.0,0.0,1.8019947,0.0,1.2590678,0.0,0.49648103,0.0,2.1011045,1.9338363,0.6147902,0.0,0.981404,0.0,1.7769248,1.03975,0.0,0.0,1.0314795,0.7161668,0.2929349,1.3358101,0.47029242,1.1230437,0.9292319,0.05442701,1.4557409,0.0,1.734645,1.7333947,0.0,0.0,0.73222226,0.39250654,1.6253519,1.5739633,0.87291825,0.0,1.5926286,0.14376776,0.0,0.97665256,1.3503646,0.0,0.30469507,0.05625778,0.0,0.0,1.9436358,0.13435498,0.0,0.0,0.0,1.2468066,1.3852513,1.6642992,0.0,0.0,1.704797,0.0,0.31442812,0.0,0.40218258,0.5488361,0.0,0.0,0.0,2.231199,0.0,1.3265108,0.0,1.3562479,1.2937387,0.5028045,0.0,0.4369773,1.547945,0.060455646,0.0,0.0,0.79434,2.3015015,0.0,0.5828778,0.012847051,1.7738072,1.1855092,0.8292387,0.0,0.9192246,0.55185884,1.1422329,1.9613494,0.027914722,0.0,0.0,2.201117,0.0,0.5318685,0.59370893,1.063651,0.7152818,1.3468767,0.32725558,0.13851202,0.0,0.0,1.187282,0.40821522,0.0,1.1668485,1.9174143,1.2725232,2.586789,0.0,1.5110445,0.2982953,0.52966475,0.0,0.8348825,0.0,0.0,0.44548056,0.0,0.9297956,0.88291395,2.6495245,0.0,0.75930375,2.306363,1.1086726,0.0,1.1399881,0.43907204,0.0,2.3632228,0.7887595,0.0,0.0,0.0,0.46415764,0.0,0.35229096,1.9282357,0.2480031,0.5932537,0.0,0.0,0.0,0.0,1.0454469,0.0,0.0,2.1556435,1.2972262,0.6587123,0.0,0.0,1.3188957,0.0,0.918247,0.0,0.0,0.0,1.1162444,0.0,1.5429513,0.0,0.8050803,0.7411105,0.9671883,1.0707587,0.0,0.85541236,0.38457623,0.0,0.27531978,0.32440016,0.0,1.3772323,0.0,0.0,2.379213,0.0,0.0,0.6397909,0.85839677,1.1337092,0.0,0.21653914,0.0,0.0,0
1.417227,0.32420936,0.0,0.0,1.3510802,0.55125815,0.0,0.26936138,0.0,0.80880004,0.0,0.0,1.2111042,0.0,1.5279202,0.0,2.1258507,0.095159546,0.99760884,1.5999582,0.0,0.0,0.29101795,0.23292594,1.3116482,0.0,1.5086696,0.82788455,0.22445138,1.9150145,0.0,1.0819659,0.9321189,0.0,0.0,1.7051985,0.0,0.6036948,0.0,0.0,1.8820451,0.23559043,1.5520777,0.24400403,0.19580911,0.81091714,0.61551046,0.0,0.0,0.2627888,0.0,0.37691098,0.0,0.0,1.4887232,1.2989254,0.0,0.0,0.0,0.9271233,0.6804492,0.0,0.0,0.7565126,0.0,0.07000153,0.99182004,0.4470895,0.22349691,0.0,0.10061909,0.0,0.9937498,1.7206779,1.2733177,0.0,0.2170278,0.0,1.1593319,1.5097452,0.0,0.0,0.6805938,0.80064344,0.89387614,1.223045,0.0,2.0158212,0.44527984,0.42124128,1.4186925,0.0,1.0894438,1.9497544,0.025114382,0.0,0.46570247,0.0,1.0394859,2.397341,0.9291203,0.87037104,1.4348348,0.21640648,0.0,0.9248086,0.7482602,0.0,0.0,1.2333515,0.0,0.0,2.8770921,0.35958233,0.0,0.0,0.5870231,1.0820311,0.8814099,0.2632614,0.0,0.0,0.96207374,0.0,0.0,1.436195,0.27448338,1.5157521,0.0,0.0,0.0,1.0145335,0.41395208,0.9848674,0.0,1.2599819,1.5549716,1.284125,0.0,0.7673927,1.0947399,0.0,0.0,0.0,0.0,0.99367326,0.0,0.0,0.42052883,0.78687876,0.43279207,1.6942024,0.0,1.5129784,0.49954307,0.9904728,1.3973013,0.0,0.0,0.0,1.5984674,0.2707722,1.3800615,0.16179413,0.07799365,0.73424745,1.1970568,0.89005166,0.0,0.0,0.0,0.98617804,0.13168876,0.1285325,0.80146396,1.9021249,0.4279738,2.0783708,0.0,0.77605003,0.2784818,1.0539492,0.0,1.1009479,0.0,0.0,0.9863152,0.0,1.2205727,1.3943313,1.8518057,0.0,0.9638899,1.524727,0.0,0.7427156,0.51781607,1.2212398,0.0,1.948287,0.0,0.0,0.0,1.0304744,1.1219307,0.69103307,0.0,0.93882483,0.60531694,1.7962296,0.21381468,0.30213344,0.0,0.0,0.13907248,0.0,0.5901945,3.1341946,2.114334,0.29568025,0.0,0.0,0.54273,0.0,0.0,0.0,0.0,0.0,0.5245344,0.0,1.0520074,0.0,0.035772663,0.30696163,0.4012517,0.72129846,0.28532872,0.0,0.784735,0.045585923,0.0,0.053175952,0.46430117,1.4717209,0.0,0.0,1.205492,0.0,0.0,1.3403609,1.6661127,0.0,0.0,0.10300187,0.0,0.0,1
0.81275445,0.8967028,0.0,0.17880005,1.1084943,0.98318845,0.0,0.047810365,0.0,1.2234966,0.0,0.24548343,0.74361074,0.0,0.9838594,0.0,2.4970381,0.54740065,0.75650007,1.2061964,0.0,0.0,0.0,0.0,1.7194849,0.3829261,0.71176046,0.62579566,0.22146548,0.9813937,0.0,1.3128281,0.743573,0.0,0.0,1.2257358,0.0,0.41585833,0.0,0.0,1.3406277,0.0,0.67712784,0.0,0.7582036,0.9120103,1.1180513,0.0,0.0,0.13503464,0.0,0.3949333,0.0,0.0,1.1418774,0.85917705,0.0,0.0,0.0,0.025560359,0.41798016,0.0,0.0,1.1838133,0.0,0.3445594,1.4871689,0.37312898,0.0,0.0,0.9459264,0.0,0.88393575,1.568529,0.8433999,0.0,0.22246419,0.0,1.086823,1.4148011,0.0,0.0,0.71627444,0.14465123,0.8406239,0.82275987,0.038980205,1.6143837,0.37810823,0.6553613,0.99889505,0.0,1.3152617,1.1713284,0.017575586,0.0,0.21714433,0.0057461187,0.8794709,2.2116497,0.44651482,0.0,1.2644879,0.0,0.0,1.093855,0.13644113,0.0,0.0,0.5508676,0.0,0.0,2.110505,0.32552248,0.0,0.0,0.91741747,1.3335936,0.8440772,0.14850947,0.0,0.0,1.0068909,0.0,0.0,0.7427055,0.2129478,1.6010075,0.0,0.0,0.0,1.0641009,0.06453359,1.034815,0.0,0.48375762,1.3333716,0.8841105,0.0,0.68200004,0.8256892,0.26040483,0.0,0.0,0.31390518,0.4254363,0.0,0.0,0.4681088,0.78687537,0.29980487,0.6078737,0.0,1.1911007,0.7854994,0.9953419,0.8108055,0.0,0.15395002,0.0,1.3194036,0.20934519,0.66500753,0.0,0.223637,0.8393487,1.3601577,1.1833384,0.6787829,0.0,0.0,0.6851517,0.049967583,0.0,0.0,1.5829604,0.80675507,1.9845457,0.0,1.0871948,0.6966455,0.5587706,0.0,0.29903868,0.0,0.0,0.71944475,0.0,0.9859113,0.89348245,1.2428312,0.0,0.84887195,0.7185724,0.21251026,0.06068268,0.78270555,0.9323921,0.0,2.1255393,0.28520948,0.0,0.0,0.7355056,0.38113165,0.20143412,0.02978742,0.9572662,0.1749578,1.4171773,1.4360914,0.21373689,0.0,0.0,1.034648,0.0,0.15403834,2.161903,1.6890407,0.6663472,0.0,0.0,0.2783071,0.0,0.0,0.0,0.0,0.0,0.46819296,0.0,1.3856006,0.0,0.498667,0.0,0.8670818,0.33242747,0.0,0.0,0.8437136,0.0,0.44521838,0.0,0.61556906,1.115397,0.0,0.0,1.325979,0.0,0.0,0.451591,1.2511264,0.0,0.0,0.0,0.0,0.0,1
1.1955656,0.9669675,0.0,0.33740127,1.0395827,0.37414888,0.0,0.32329422,0.0,0.9389364,0.0,0.5525355,0.7221241,0.0,1.2449715,0.0,2.1482182,0.37335798,0.6995659,1.2996051,0.0,0.0,0.32173905,0.4435308,1.7455633,0.0,1.4649938,0.74012274,0.8532061,0.8591128,0.10734263,1.2418965,0.48295474,0.0,0.0,1.3240288,0.0,0.6425853,0.0,0.0,1.0423824,0.030631663,0.60776603,0.0,0.9433962,0.77546364,1.014222,0.0,0.0,0.7374796,0.0,0.5926317,0.0,0.0,1.1520926,1.3023912,0.0,0.0,0.0,0.30130887,0.9038188,0.0,0.0,1.8223763,0.0,0.0073276307,1.8981199,0.87370867,0.7313049,0.0,0.9076349,0.0,1.2339767,1.7504743,0.6922851,0.0,0.0,0.0,1.4723961,1.105223,0.0,0.0,0.70832014,0.0677647,0.946233,0.39655516,0.5235897,1.3762195,0.5123508,0.17071089,0.97402185,0.0,1.3727534,1.4974223,0.0,0.0,0.065940246,0.0,0.94127995,2.1751258,0.76623595,0.0,0.84260625,0.0,0.0,1.1639374,0.87587744,0.0,0.0,0.032893267,0.0,0.0,1.77916,0.70825076,0.0,0.0,0.41294408,1.2532073,0.92452514,0.5791952,0.0,0.0,0.9628617,0.0,0.43665263,0.7012113,0.35547975,1.116718,0.0,0.0,0.0,1.6826857,0.0,1.1118232,0.0,1.0032218,1.091313,0.76514345,0.0,1.0180734,0.72772145,0.15079844,0.0,0.0,0.2614268,0.65284055,0.0,0.1333214,0.45439532,0.5807149,0.72938263,0.63572574,0.07105011,1.1876324,0.7771805,1.1492808,1.5547206,0.0,0.0,0.0,1.6830162,0.32625392,0.44308364,0.0,0.6889939,0.5327209,1.5220208,0.9692938,0.61463594,0.0,0.0,1.2401305,0.51805204,0.0,0.23794861,2.0872076,0.90920424,2.3356764,0.0,0.6949894,0.1320853,0.15904544,0.0,0.72735816,0.0,0.0,0.68043184,0.0,0.9986982,1.3278211,1.8540516,0.0,0.81904227,0.8288001,0.50294566,0.091603145,1.0360609,0.63931364,0.0,2.1486096,0.0,0.0,0.0,0.61592627,0.075075805,0.0,0.38296804,1.1591339,0.5404839,1.147028,1.390616,0.29090932,0.0,0.0423929,1.0385463,0.0,0.4883651,3.0247128,1.666874,0.73382884,0.0,0.0,0.40205923,0.0,0.07162169,0.0,0.0,0.0,0.84275615,0.0,1.241575,0.0,0.4726548,0.0,0.81222486,0.8210045,0.0,0.0,0.53494835,0.0,0.0905766,0.0,0.55835074,0.99589735,0.0,0.0,1.9117836,0.0,0.0,0.40852463,1.3646655,0.0,0.0,0.35543337,0.0,0.0,1
0.8888139,0.8315962,0.0,0.0,0.985188,0.41685483,0.0,0.0,0.0,0.6301505,0.0,0.055191193,1.1427364,0.0,0.99696445,0.0,2.244847,0.0,0.79303414,0.532029,0.0,0.0,0.84671146,0.77683127,2.1262846,0.090177566,1.372811,0.0,1.0161976,0.8818288,0.11910522,1.460476,0.51572865,0.0,0.0,1.067773,0.0,0.7359288,0.0,0.0,0.9775652,0.30537647,1.1689546,0.0,0.16126417,0.20664872,1.6312118,0.0,0.0,0.8977467,0.0,0.84243375,0.0,0.0,1.3771417,0.8895557,0.0,0.0,0.0,0.53471494,0.38893217,0.0,0.0,1.7134031,0.3626401,0.0,1.3518792,0.7014301,0.47591138,0.0,0.7979986,0.0,1.4270508,1.5439106,0.71449834,0.0,1.1032463,0.0,0.9459488,1.377457,0.0,0.0,1.4322742,0.96363413,0.0,1.4283597,0.2565775,1.2258631,0.8404937,0.3282951,1.8039134,0.0,1.5306106,1.111128,0.0,0.0,0.0,0.17224817,1.67313,1.7671198,0.733001,0.12907164,1.0612392,0.04454773,0.0,0.7133393,1.2203494,0.0,0.0,0.7873944,0.0,0.0,2.1110826,0.31359917,0.0,0.0,0.0,1.1286662,0.7833719,1.5327615,0.0,0.0,0.797141,0.0,0.0559969,0.65069425,0.0,0.394778,0.0,0.0,0.0,1.9447278,0.0,1.0520809,0.0,1.8430237,1.1574014,0.9435503,0.0,0.83952236,1.2196088,0.0,0.0,0.0,0.42794105,1.1764839,0.0,0.0,0.2884025,1.2634284,1.4249651,0.94703037,0.2344948,0.9289464,0.7168228,0.9245188,1.5411866,0.0,0.0,0.0,1.7881069,0.0,0.7830661,0.9545571,0.09856313,0.5029136,1.5389496,0.962631,0.4859974,0.0,0.0,0.4838801,0.63435924,0.10716352,0.96060175,2.2377453,0.656113,2.536299,0.0,0.8086435,1.2954234,0.95245546,0.0,0.31852058,0.0,0.0,0.42355242,0.0,0.47908068,1.955908,1.9756964,0.0,0.99487334,1.2030934,0.87988836,0.0,0.8539754,0.8086866,0.0,1.7770627,0.56094474,0.0,0.0,0.0,0.16553867,0.64209026,0.33433685,1.812966,0.3928374,0.9867902,0.15008008,0.34270328,0.0,0.0,1.1120032,0.0,0.5705101,2.7811158,1.9038595,0.23579273,0.0,0.17212176,1.1866189,0.0,0.33962056,0.0,0.0,0.9141319,0.56794524,0.0,1.6085982,0.0,0.54878527,0.42382494,0.8367852,0.9561024,0.0,0.20642954,0.94352937,0.0,0.16970077,0.0,0.35284436,0.8212099,0.0,0.0,1.6753756,0.0,0.0,0.21911396,0.88438874,0.5550276,0.0,0.0,0.0,0.0,1
1.1420224,0.19991952,0.0,0.282077,1.4593267,0.43065533,0.0,0.023549665,0.0,1.1014341,0.0,0.0,0.9735534,0.0,1.2866287,0.0,2.5794551,0.6415634,0.83512694,1.2575449,0.0,0.0,0.0,0.23583247,1.2231865,0.0,1.1251132,1.1441422,0.6751983,1.6451815,0.0,0.8380556,0.54959375,0.0,0.0,0.96043164,0.0,0.37531617,0.0,0.0,1.7740746,0.36185387,1.3690666,0.0,0.84139466,1.1082311,0.6935442,0.0,0.0,0.03948267,0.0,0.57742923,0.0,0.0,0.8447678,0.44264063,0.0,0.0,0.0,0.7676179,0.782569,0.0,0.0,0.5920107,0.0,0.0,1.2779619,0.36897954,0.6683173,0.0,0.17891465,0.0,1.0081553,1.7697601,1.096955,0.0,0.21520032,0.0,0.3599323,1.5560267,0.0,0.0,0.3854602,0.11800295,1.2914233,0.8706018,0.0,1.241698,0.9009557,0.55447745,1.385787,0.0,1.5889956,1.3571619,0.0,0.0,0.45840687,0.0,0.83194506,2.639724,0.6391275,0.1870598,1.4786631,0.0,0.0,0.75239086,0.0,0.0,0.13563187,1.3292177,0.0,0.0,2.6778307,0.9857688,0.0,0.0,0.935786,0.70136815,0.62114364,0.72875375,0.0,0.0,1.0720237,0.0,0.0,0.8840665,1.223595,1.2062173,0.0,0.0,0.0,1.0677598,0.085989565,1.269535,0.0,1.3133574,1.1332341,1.0543406,0.0,0.12738541,1.6460328,0.30059376,0.0,0.0,1.0065515,1.5004411,0.0,0.0,1.1186035,1.1615236,0.15945125,1.7746612,0.0,1.2439731,0.85942477,1.2179307,1.347491,0.39538434,0.20259309,0.0,2.0966952,0.0,0.33242497,0.6358873,0.035897627,0.46661428,0.8320146,0.85216266,0.0,0.0,0.0,0.55518645,0.3976495,0.0,0.5439209,2.0116563,0.67944896,2.471736,0.0,0.5867036,0.5352009,0.98244673,0.0,0.7581263,0.0,0.0,1.0952569,0.0,1.338773,1.4389741,1.9415286,0.0,0.96617424,1.5850518,0.6809757,0.6214743,0.0,1.2015309,0.0,2.2714868,0.2606397,0.0,0.0,0.7495041,0.7300445,0.18978778,0.0,1.2467604,0.5321905,1.9026862,0.0,0.0,0.0,0.0,0.66684407,0.0,0.63764304,2.3528087,1.6201227,0.7486726,0.0,0.0,0.17157371,0.0,0.0,0.0,0.0,0.0,0.75072974,0.0,1.2846227,0.0,0.39417607,0.31737828,0.6212064,0.0,0.1357983,0.0,0.8439979,0.0,0.5706917,0.53848624,0.8306162,1.1185092,0.0,0.0,0.8864118,0.0,0.0,0.80514646,1.4777229,0.016233463,0.0,0.0,0.4484309,0.0,0
1.6349027,0.21462874,0.0,0.038251754,1.6487026,0.49211067,0.0,0.38649327,0.0,0.92786163,0.0,0.0,1.105749,0.0,1.2141678,0.0,1.7245314,0.42889118,0.7800359,0.84716356,0.0,0.0,0.0,0.0,1.6246437,0.14110474,1.4175688,0.2966571,0.74599063,0.66545624,0.0,1.5094352,0.65301675,0.0,0.0,1.383622,0.0,0.43650368,0.0,0.0,1.2283564,0.1076273,0.48998058,0.0,1.0249326,0.62985337,1.006886,0.0,0.0,0.0,0.0,0.57449776,0.0,0.0,0.9261038,0.6151089,0.0,0.0,0.0,0.90345067,0.9514437,0.0,0.0,1.5351471,0.0,0.18588321,1.4145651,0.24925146,0.62231606,0.0,0.6327291,0.0,1.209837,1.0270565,0.7093908,0.0,0.2776907,0.0,1.2122922,1.0920223,0.0,0.0,0.44580725,0.27863425,0.6971103,1.2054375,0.043315757,1.884156,0.36815035,0.06199744,1.1964173,0.0,1.5906643,1.6371418,0.4752207,0.0,0.24727692,0.624302,1.0437994,2.0342872,1.0618981,0.59263813,1.7382054,0.122480534,0.0,1.0527457,0.79174614,0.0,0.0,0.75610536,0.0,0.0,2.322342,0.50101644,0.0,0.0,0.568239,1.0952102,0.67205966,0.106721014,0.0,0.0,1.0200962,0.0,0.14875521,0.93319225,0.2795888,0.82661146,0.0,0.0,0.0,1.1805261,0.0034852293,1.5120509,0.0,0.94220656,1.302437,0.80655164,0.0,0.21320637,1.38539,0.15781926,0.0,0.0,0.09975426,1.4036325,0.0,0.58026814,0.22668402,1.0055805,0.28083077,1.0324088,0.10024896,0.8143579,0.20532146,0.8093965,1.5437013,0.0,0.0,0.0,1.6610327,0.0,0.48868427,0.1487488,0.54486996,0.61758167,1.3126177,0.67195857,0.32545394,0.0,0.0,1.3332864,0.49759653,0.0,0.45726874,1.4799392,0.38459653,1.8614491,0.0,0.21942833,0.073113106,0.4013494,0.0,0.7307518,0.0,0.0,0.5555388,0.0,1.7385991,1.3725524,1.8437465,0.0,0.7720712,1.3469846,0.62458587,0.51086175,0.9121024,1.036021,0.0,2.3118296,0.2395095,0.0,0.0,0.51084393,0.6044235,0.05116092,0.52828586,1.0745382,0.37845606,1.2438352,0.6925123,0.0,0.0,0.025721332,0.6132836,0.0,0.74564093,2.7792368,1.6946234,0.7769546,0.0,0.0,1.1419646,0.0,0.32529047,0.0,0.0,0.0,0.17212267,0.0,1.2138559,0.0,0.42731118,0.86516374,0.7588129,0.95317507,0.0,0.102546744,0.77250975,0.0,0.6355538,0.0,0.7780129,1.1255742,0.0,0.0,1.6096683,0.0,0.0,0.5117058,0.78997815,0.0,0.0,0.51924443,0.0,0.0,0
0.7552799,0.9789407,0.0,0.0,1.3040266,0.40825436,0.0,1.2067715,0.0,1.4157718,0.0,0.27995622,1.5551677,0.0,0.9240477,0.0,1.7757827,0.27354357,0.82802093,0.5855617,0.0,0.0,0.33722565,0.6398125,1.6563073,0.3232776,1.2202324,0.0,0.18406858,0.5156137,0.0,1.1233449,0.7127487,0.0,0.0,1.1406091,0.0,0.40445104,0.0,0.0,1.3346144,0.3449588,0.89925504,0.0,0.77062917,0.79510367,0.6390361,0.0,0.0,0.60533804,0.0,0.47563887,0.0,0.0,1.1315409,1.276299,0.0,0.0,0.0,0.0,0.99885494,0.0,0.0,1.6285986,0.0,0.25925872,1.2448936,0.579552,0.0,0.0,0.34440622,0.0,0.95191854,1.1177033,0.5368769,0.0,0.25124964,0.0,1.0935813,0.55331826,0.0,0.0,1.0107014,0.29558504,0.27719057,1.5394447,0.0,0.9711967,0.35870254,0.41031572,1.0608962,0.0,0.73356193,1.4551014,0.0,0.0,0.5682139,0.24151514,1.2046041,2.2086105,0.3809531,0.0,1.0805961,0.41803902,0.0,1.0258547,0.62627655,0.0,0.0,0.55104744,0.0,0.30282268,2.1985946,0.75023204,0.0,0.0,0.9013796,1.5152524,0.9148333,0.8777723,0.0,0.0,0.74325985,0.0,0.0,0.5000495,0.21351986,0.66866326,0.0,0.0,0.0,1.5694946,0.45199493,1.2462807,0.0,1.4748383,1.2580463,0.6214875,0.0,0.72866446,0.81950915,0.25487182,0.0,0.0,0.37840554,0.7287057,0.0,0.0,0.15735365,0.9044258,0.46434954,0.3930646,0.0,0.90513283,0.54518133,1.435111,2.0788977,0.10200097,0.0,0.0,0.87090546,0.49008918,0.664137,0.20198655,1.0390503,0.5199724,1.4190661,0.5070211,0.14455155,0.0,0.0,0.27783766,0.12477985,0.0,0.78733504,1.4026238,0.3423282,2.7091997,0.0,0.34999204,0.13053897,0.9426995,0.0,0.8536015,0.22573744,0.0,1.283037,0.0,0.89495915,0.60579896,1.8602918,0.0,1.1581453,1.55525,0.57459617,0.19614983,0.894451,0.3920661,0.0,1.5226011,0.4797448,0.0,0.0,0.44441962,0.88002145,0.29346445,0.0,0.8691017,0.2533784,1.2573338,0.5199992,0.37200397,0.0,0.0,0.42058885,0.0,0.10941211,1.9873288,1.1038668,0.365365,0.0,0.0,0.45585224,0.0,0.25277358,0.0,0.0,0.6368078,0.82254684,0.0,1.0809993,0.0,0.0,0.52802044,1.0161592,0.8097581,0.62838143,0.0,0.50757265,0.0,0.0,0.0,0.13222948,1.0728471,0.0,0.0,1.3721118,0.0,0.0,1.4361522,0.4677098,0.0,0.0,0.73112595,0.0,0.0,0
1.3958975,0.65552664,0.0,0.0,1.2949126,0.4039524,0.0,0.5468955,0.0,0.8532541,0.0,0.024076719,1.3258171,0.0,1.5538541,0.0,1.8214033,0.1239392,1.2035444,0.8585759,0.0,0.0,0.0,0.11060412,2.011453,0.0,1.714426,0.6431405,0.4117223,1.5334275,0.13270766,1.1349585,1.0171069,0.0,0.0,1.3993647,0.0,0.74114394,0.0,0.0,1.3796566,0.085668415,0.9832782,0.10716577,0.50867486,0.8405037,0.47268882,0.0,0.0,0.37808368,0.0,0.5427971,0.0,0.0,0.9857266,1.0684208,0.0,0.0,0.0,0.14319845,1.1125236,0.0,0.0,1.2896922,0.0,0.0,1.2660974,0.0,0.0,0.0,0.5435362,0.0,1.1584439,1.635589,1.1855335,0.0,0.4211794,0.0,1.1936038,1.3177291,0.0,0.0,1.6144468,0.8176261,1.075361,1.4422029,0.0,2.1352825,0.5455727,0.014595058,1.320818,0.0,1.1912758,1.5305159,0.0,0.0,0.42202693,0.0,0.878855,2.463783,0.5448341,0.049643073,1.0701859,0.19846688,0.0,0.9605272,0.6940102,0.0,0.02380551,0.5847637,0.0,0.39567488,2.4132996,0.23993117,0.0,0.0,0.79778856,1.5592793,0.6326943,1.0378635,0.0,0.0,1.2670201,0.0,0.0,0.55790514,0.84624094,1.0347862,0.0,0.0,0.0,1.1012208,0.11258224,1.2407827,0.0,1.9057107,2.0470452,1.2933636,0.0,0.68920773,1.2295287,0.0,0.0,0.0,0.5502311,1.0155315,0.0,0.0,0.5553275,1.1137965,0.0,1.1767124,0.0,0.82956076,0.8675031,1.0316843,1.8759817,0.0,0.0,0.0,1.0950304,0.324375,0.8931009,0.18725778,0.7497359,1.0040916,1.1720804,0.5728739,0.0,0.0,0.0,0.68974,0.41080114,0.0,1.1051008,2.1151376,0.6158153,2.1904008,0.0,0.38902408,0.32162955,0.8761064,0.0,0.79638696,0.0,0.0,1.2227178,0.0,1.3952645,0.9382781,1.5444065,0.0,0.72697484,0.8248185,0.5482318,0.2383746,0.55903745,1.1960173,0.0,2.0222425,0.38222757,0.0,0.0,0.7410394,0.59352493,0.5776138,0.39700943,0.7827772,0.69292104,1.4433792,0.13956034,0.0,0.0,0.0,0.43469322,0.0,0.23629342,2.9213617,1.5136359,0.7266171,0.0,0.0,0.77677697,0.0,0.11858407,0.0,0.0,0.0,0.9869048,0.0,1.1281992,0.0,0.30372605,0.41721213,0.9245659,0.5089486,0.0,0.12478983,0.9605055,0.0,0.0,0.0,0.52168995,1.2410169,0.0,0.0,1.366033,0.0,0.0,1.6738563,1.522458,0.0,0.0,0.5772348,0.0,0.0,1
1.2835672,0.42642158,0.0,0.0,0.7222446,0.8732538,0.0,0.69641745,0.0,0.7511973,0.0,0.31672993,1.1222203,0.012219172,0.8378783,0.0,1.8327568,0.0,0.7687408,0.62661916,0.0,0.0,0.0065738177,0.0,1.6930516,0.0034243176,1.3986876,0.13708006,0.48376352,1.3492607,0.10995999,1.270663,0.8563061,0.0,0.0,1.4302542,0.0,0.3738139,0.0,0.0,1.4797134,0.35856232,1.2732944,0.0,0.29401764,0.76678056,0.74858886,0.0,0.0,0.6030158,0.0,0.32692564,0.0,0.0,1.004632,0.9865409,0.0,0.0,0.0,0.3480261,0.68479764,0.0,0.0,1.0379239,0.0,0.5600966,1.1112632,0.15243825,0.116482854,0.0,0.5808907,0.0,0.78649545,1.1517099,1.1466192,0.0,0.20583887,0.0,1.1476442,1.3043543,0.0,0.0,1.1113695,0.12779576,0.71721524,0.82755464,0.35307327,1.2800744,0.55006003,0.2867448,1.2976109,0.0,1.0835484,1.6515222,0.026793564,0.0,0.2665509,0.023172252,1.002963,1.9326147,1.2510757,0.2782138,1.3144403,0.75245154,0.0,0.6336293,0.51087123,0.0,0.0,0.95829284,0.0,0.11587685,2.2410297,0.0,0.0,0.0,0.21012066,1.5775797,0.2834272,0.54728204,0.0,0.0,0.87946594,0.0,0.0,0.97967666,0.18856154,1.1202891,0.0,0.0,0.0,1.0397666,0.570315,0.83192235,0.0,1.114877,1.5596861,0.73041606,0.0,0.7703249,1.0219004,0.3448419,0.0,0.0,0.17747258,0.86936116,0.0,0.1916417,0.28211364,0.6280921,0.6739802,1.362222,0.42164573,1.3032395,0.333873,0.9926355,1.2139717,0.0,0.0,0.0,1.1184356,0.9458348,0.86919975,0.0,0.45151508,0.922702,1.2917645,0.47470763,0.598181,0.0,0.0,0.89890754,0.123505145,0.0,1.3216375,1.2123485,0.45104387,1.7844999,0.0,0.14121509,0.37383512,0.69896764,0.0,1.0563072,0.0,0.011007759,0.9772833,0.0,1.1085124,0.9519951,1.5335422,0.0,0.67222494,1.0634607,0.6171231,0.19815835,1.0415268,0.96657157,0.0,1.5218036,0.57082385,0.0,0.0,0.69396377,0.60130775,0.15457076,0.3383342,0.6396601,0.3136535,1.6340793,0.98118263,0.20095624,0.0,0.0,0.0,0.0,0.19928508,1.9663428,1.5889969,0.44480264,0.0,0.0,0.5615074,0.0,0.04597089,0.0,0.0,0.18414214,0.8723271,0.0,1.389125,0.0,0.6873173,0.19821356,0.8190767,1.1024466,0.0,0.0,1.2480599,0.0,0.059728496,0.0,0.17127188,1.2077848,0.0,0.0,1.5300497,0.0,0.0,1.3548708,0.85960835,0.22271077,0.0,0.5548113,0.0,0.0,1
1.042501,0.5104869,0.0,0.28108168,1.0255048,0.5223406,0.0,0.40197906,0.0,0.76173246,0.0,0.86172056,1.333208,0.0,0.68556446,0.0,2.1819627,0.44660065,0.8882425,0.9471824,0.0,0.0,0.48942077,0.38297877,1.610068,0.0,1.1348305,0.42943966,0.8719326,0.9122525,0.06868726,0.79545254,0.7742451,0.005904247,0.0,0.8616261,0.0,0.3618039,0.0,0.0,1.0344008,0.41181612,0.9889785,0.0,1.1724288,0.7242789,1.1230292,0.0,0.0,0.32307974,0.0,0.65162945,0.0,0.0,1.132908,0.74490565,0.0,0.0,0.0,0.44009307,0.57971907,0.0,0.0,1.1989986,0.18536861,0.0814672,1.1445442,0.47412983,0.2353923,0.0,1.0646236,0.0,1.2852567,1.0316718,0.437585,0.0,0.20002262,0.0,1.0330521,1.1135858,0.0,0.0,0.78359836,0.0,0.5127441,1.1090816,0.2814532,1.0385044,0.46332586,0.24840197,1.1269608,0.0,1.5485663,0.74519944,0.056121074,0.0,0.4057553,0.1241545,1.0513515,2.0108993,0.07401496,0.0,0.87738293,0.0,0.0,0.9454887,0.5571305,0.0,0.0,0.56581,0.0,0.0,1.8106359,0.7312001,0.0,0.0,0.28322434,1.1258804,0.37269095,0.40924975,0.0,0.0,0.73496735,0.0,0.39935753,0.56627005,0.14250533,0.75539464,0.0,0.0,0.0,1.1710055,0.0,1.1441036,0.0,0.7064232,1.1701139,0.31360987,0.0,0.5825135,0.7322764,0.24849057,0.0,0.0,0.50998974,0.97218734,0.0,0.24103753,0.37266412,0.8111649,0.69250566,0.14375006,0.37730208,0.8776005,0.80870473,0.75010204,1.3558325,0.52658594,0.0,0.0,1.4850318,0.2519815,0.81631565,0.015432386,0.29626974,0.553336,1.4272097,0.8564837,0.6024882,0.0,0.0,0.8140081,0.43476093,0.0,0.34317428,1.6948984,0.3710852,1.7946185,0.0,0.25304073,0.3868471,0.8631763,0.0,0.8247862,0.0,0.0,0.89252925,0.0,0.86401594,1.3027372,1.5937471,0.0,0.59315485,0.9548997,0.691474,0.19195287,0.86375356,0.89239347,0.0,1.9915111,0.22189043,0.0,0.0,0.49733993,0.28241098,0.19270062,0.35282847,1.0037535,0.57574135,1.0534923,1.1606553,0.06071583,0.0,0.04030286,0.84904104,0.0,0.3035455,2.2266157,1.0568172,0.9116173,0.0,0.0,0.43710467,0.0,0.0017030878,0.0,0.0,0.0,0.17607395,0.0,1.0787698,0.0,0.3265412,0.17421018,0.869672,0.6453541,0.0,0.0,0.51682085,0.0,0.36568487,0.0,0.6280916,1.0281239,0.0,0.0,1.7122872,0.0,0.0,0.48705834,0.7227332,0.07223805,0.0,0.34176746,0.0,0.0,0
1.38186,1.2598225,0.0,0.0,0.65833193,0.89939207,0.0,0.06830154,0.0,1.3551596,0.0,0.5088834,1.276419,0.0,1.2346389,0.0,2.615311,0.5683203,0.9785673,1.0390266,0.0,0.0,0.11413388,0.0,2.3397212,0.0,1.7813959,0.9526989,0.22966357,1.6330056,0.24683689,1.0870913,0.7788941,0.0,0.0,1.4749742,0.0,1.0328726,0.0,0.0,1.6834314,0.45527157,1.1826272,0.0,0.8396901,0.6066452,0.9454723,0.0,0.0,0.74284977,0.0,0.89129215,0.0,0.0,1.4886342,1.4082134,0.0,0.0,0.0,0.7264491,1.0090784,0.0,0.0,1.6263936,0.0,0.063589856,1.3843493,0.044155434,0.0,0.0,0.4118645,0.0,1.3327475,2.0670056,1.6597037,0.0,0.49545267,0.0,0.84454,1.7044461,0.0,0.0,1.7821805,1.1124892,1.6231043,0.9573749,0.0,1.8341088,0.0,0.6545665,1.3330657,0.0,1.0832121,1.4094629,0.0,0.0,0.017936273,0.0,1.5102519,3.3604257,0.31982297,0.14493066,1.1558816,0.16935553,0.0,1.172936,0.8588677,0.0,0.0,1.0740595,0.0,0.0542216,3.0761309,0.1959092,0.0,0.0,0.70870394,1.4398379,0.010772919,1.6136657,0.0,0.0,1.0701804,0.0,0.0,0.95858496,0.71402174,1.5745124,0.0,0.0,0.0,1.0999012,0.003007498,1.1298031,0.0,1.3756485,2.3894877,1.3807536,0.0,0.8227982,1.0278537,0.21068808,0.0,0.0,0.2746177,0.6298913,0.0,0.004676049,0.1619929,0.5852397,0.3803333,1.4751524,0.0,1.1653267,0.8831193,0.9716889,1.7920799,0.0,0.34961453,0.0,1.5810802,0.4246697,0.811827,0.021451173,0.53886044,1.0708991,1.6872431,0.51636636,0.29547673,0.0,0.0,0.43134323,0.66645736,0.0,0.334314,2.3913486,0.6815274,2.4301043,0.0,1.0494117,0.52800876,0.6612671,0.0,0.69061655,0.0,0.0,0.9716287,0.0,1.1915923,1.7855492,1.2092428,0.0,1.1021961,0.581812,0.57012177,0.0,0.98062503,0.9493727,0.0,2.4618547,0.0,0.0,0.0,0.55377316,0.6756335,0.36512378,0.5880977,1.34154,0.12026723,1.9400985,0.35704944,0.65027225,0.0,0.0,0.88945144,0.0,0.0,2.5122106,2.4573267,0.41022682,0.0,0.0,0.5582581,0.0,0.0,0.0,0.0,0.15713745,0.7431264,0.0,0.9905935,0.0,0.42456412,0.0,0.65124774,0.2791219,0.0,0.0,1.4455533,0.0,0.0,0.0,0.6202746,1.010511,0.0,0.0,1.3160123,0.0,0.0,0.94504124,1.7716987,0.0,0.0,0.5195492,0.0,0.0,1
1.0135231,1.0496851,0.0,0.0,1.9879627,1.1630353,0.0,0.8702915,0.0,0.96184176,0.0,0.57189584,1.6480268,0.0,0.6566869,0.0,1.4261487,0.0,0.86043566,0.24434727,0.0,0.0,0.5567852,0.21735607,2.371038,0.24690495,1.0763786,0.0,1.1846818,1.0791979,0.0,1.1281068,0.16584955,0.7182198,0.0,1.9974988,0.6037944,0.71613634,0.0,0.0,1.6904666,0.0,0.7638525,0.0,1.3066921,0.5518085,0.73315436,0.0,0.0,0.00514518,0.0,1.1131243,0.0,0.0,1.4970826,1.158385,0.0,0.0,0.0,0.7539226,1.0968075,0.0,0.0,2.519309,0.0,0.0,1.7786164,0.3772286,1.1784863,0.0,0.0,0.0,0.93816847,0.0,0.33025903,0.0,0.4537038,0.0,0.75545365,1.2837734,0.0,0.0,1.2378321,0.10856259,0.0,1.829305,0.35260302,0.0,1.318197,0.07510128,1.2069843,0.0,1.5970592,0.8458103,0.0,0.29014182,1.0466615,0.7470221,1.8272011,2.2327385,0.99456334,0.0,2.0865896,2.9771183,0.0,1.4536794,0.32409474,0.0,0.0,0.0,0.0,1.7781777,0.88940924,0.6747986,0.0,0.0,0.9758369,2.3682044,0.7679162,0.9389095,0.0,0.0,0.3719752,0.0,0.0,0.122604445,0.0,0.0,0.0,0.0,0.0,2.095905,1.6629915,1.3431573,0.0,2.3385468,1.220005,0.3813685,0.9835871,1.490969,1.770263,1.1551217,0.2441004,0.0,0.5459047,1.1657807,0.0,0.32592493,1.5461011,1.3325182,1.2126727,0.0,0.0,0.9913166,0.08294273,2.2496707,1.3815771,0.70197594,0.0,0.0,1.476244,0.0,0.44435924,1.4342239,1.2130793,0.1086462,1.691943,1.2481796,0.9684056,0.0,0.0,0.5075314,1.2608967,0.0,0.9880632,0.7837993,0.20833379,2.546222,0.0,1.3277127,0.64810365,1.2720218,0.0,0.6935886,0.0,0.3282024,1.0680878,0.0,0.0,0.7765013,2.3259513,0.0,0.940599,1.8375292,1.5237154,1.7828103,0.8264178,0.9892857,0.0,1.6886346,0.4447609,0.0,0.0,0.0,0.0,0.16947958,0.25184873,1.2680076,0.13488637,1.1631804,1.1297606,0.33190992,0.0,0.0,1.4317229,0.0,0.16603753,3.3253067,0.45040798,1.61197,0.0,0.0,1.8502684,0.0,1.3570029,0.0,0.0,0.43360704,0.8666353,0.0,1.9399107,0.0,0.08659284,0.6520372,2.4980197,0.92462474,0.795896,0.1442177,1.2678248,0.0,0.18707302,0.0,0.0,1.8975716,0.0,0.0,1.680434,0.0,0.0,1.3512086,0.3630612,1.472924,0.0,0.35358644,0.901627,0.0,0
0.56409633,1.0771292,0.0,0.0,1.4416268,0.37790978,0.0,1.1669286,0.0,0.9609281,0.0,0.0,0.6456946,0.0,1.2674927,0.0,1.0450811,0.014733238,0.0,0.0535892,0.0,0.04966846,0.23595782,0.88544273,1.4318255,0.0,2.176102,0.0,1.692689,0.8957495,0.0,0.52968514,0.14773892,0.0,0.0,2.0140948,0.0,0.521899,0.0,0.0,1.2905998,0.9830123,0.4936099,0.0,0.6064614,1.273759,1.114577,0.0,0.0,0.12606224,0.0,1.5150111,0.0,0.0,1.4552643,0.6815469,0.0,0.0,0.0,1.2581565,1.1181464,0.0,0.0,1.7907996,0.0,0.0,1.1408856,0.19848788,1.3324597,0.0,1.2673719,0.0,0.8388078,0.5234297,0.0,0.0,0.2710724,0.0,0.9358464,1.5168536,0.0,0.0,0.083323464,0.0,0.5583726,0.45149314,1.44476,0.58049613,0.6465352,0.59370697,1.0981745,0.07969216,1.6328026,2.1712203,0.0,0.5091312,0.2570663,0.88264114,1.8775479,1.1052965,2.2833657,0.14900675,1.6983608,1.2171228,0.0,0.2802609,1.392262,0.0,0.2202198,0.47797865,0.0,0.0,1.6937078,0.8311112,0.0,0.0,0.0,1.6840525,0.9899432,1.041372,0.0,0.0,1.0019147,0.0,0.0,0.18736632,0.21276085,0.5436279,0.0,0.0,0.0,2.1547465,0.16833827,1.003962,0.0,0.63489217,1.1280103,0.25841236,0.0,1.7014692,1.291432,0.13779414,0.0,0.0,0.31174603,1.5729126,0.0,0.20042728,0.12768379,1.8489301,1.1723846,0.9044229,0.4139587,0.3720899,0.32567343,0.99456775,1.0966654,0.020631868,0.0,0.0,1.3037133,0.0,0.5318804,1.7247254,1.3597212,0.0,1.773089,0.63585883,0.28042305,0.0,0.0,1.5632763,0.39876556,0.0,1.5069486,2.0431879,0.82610106,1.8140278,0.0,1.6790102,0.0,1.2201308,0.02205896,0.5540231,0.0,0.0,0.28759506,0.0,0.87513083,1.085553,1.9975113,0.0,0.73475784,1.6574634,1.3793887,0.08942369,0.27337784,0.9776857,0.0,2.155923,0.8397267,0.0,0.0,0.0,0.073419034,0.0,0.60659385,1.9880475,0.83697534,1.5542502,0.7078767,0.50203943,0.0,0.0,0.42605436,0.0,0.0,2.1088903,1.3913238,0.82588905,0.0,0.0,1.3344322,0.0,0.35092694,0.0,0.0,0.5387924,1.2375376,0.0,1.6847262,0.0,0.723204,0.674759,0.65874183,1.1863306,0.08487913,0.72310734,0.8479326,0.0,0.41601753,0.0,0.0,1.7253551,0.0,0.0,1.5564485,0.0,0.0,0.094071135,0.034717858,1.7831295,0.0,0.0,7.0882495e-05,0.0,0
1.6789222,0.40872344,0.0,0.16835928,1.5065196,0.40162906,0.0,0.018340934,0.0,1.2121013,0.0,0.0,0.964677,0.0,1.031244,0.0,2.0538735,0.47018972,0.47381133,1.0339445,0.0,0.0,0.0,0.12549435,1.7212266,0.30885917,1.3265833,0.50489324,0.31377876,0.7603666,0.0,1.1588824,0.77138215,0.0,0.0,1.4168195,0.0,0.4930063,0.0,0.0,1.3205702,0.0,1.0381372,0.25220266,0.6289406,0.9094918,1.186877,0.0,0.0,0.10818279,0.0,0.3834124,0.0,0.0,0.8787315,0.83751845,0.0,0.0,0.0,0.53154,1.0388962,0.0,0.0,1.3243986,0.0,0.2176383,1.458942,0.18380733,0.43250754,0.0,0.35999212,0.0,1.1902857,2.0633428,1.0058963,0.0,0.20134787,0.0,1.2287725,1.083207,0.0,0.0,0.7135587,0.65552735,0.9150668,1.2126756,0.0,1.6500566,0.7122889,0.4849415,1.3993119,0.0,1.3897651,1.702902,0.094636105,0.0,0.41112578,0.07387339,1.3121345,2.5098941,0.8792305,0.01469088,1.5499423,0.0,0.0,0.80944604,0.5861812,0.0,0.0,1.1585822,0.0,0.0,2.6871424,0.658662,0.0,0.0,0.7527373,1.3963033,0.62872344,0.47928393,0.0,0.0,0.9484249,0.0,0.0,0.7680458,0.6606985,1.0496733,0.0,0.0,0.0,1.5916848,0.12888247,1.1534412,0.0,0.8972075,1.5064896,1.1657104,0.0,0.57241905,1.1186743,0.32672298,0.0,0.0,0.25379273,0.85679793,0.0,0.27807343,0.08240233,1.1490219,0.17737108,0.8679445,0.0,1.4142265,0.48079216,0.9576534,1.2571034,0.018819917,0.13444644,0.0,1.8373066,0.36855248,0.9031448,0.0,0.035075963,0.3748946,1.1380277,1.0530655,0.2031185,0.0,0.0,1.2889193,0.0,0.0,0.38771272,2.087872,0.8600137,1.9767312,0.0,0.2275699,0.17379716,0.6431351,0.0,0.32369405,0.0,0.0,0.52730405,0.0,0.9770801,1.1193506,1.4526886,0.0,0.9539751,1.0836781,0.20997544,0.36361477,0.603595,0.9654774,0.0,2.4177577,0.28811282,0.0,0.0,0.6816358,0.8954245,0.22914937,0.0,0.8618922,0.38777673,1.501557,1.1352425,0.2754905,0.0,0.050296206,0.39618653,0.0,0.52568865,2.76919,1.9415264,0.9804159,0.0,0.0,0.13681231,0.0,0.0,0.0,0.0,0.0,1.1780183,0.0,1.4993334,0.0,0.7004202,0.3277082,0.90256095,0.5282965,0.0,0.0,0.62646186,0.0,0.3533015,0.0352554,0.38454685,0.96063614,0.0,0.0,1.5636302,0.0,0.0,0.9644302,1.1826963,0.14146124,0.0,0.0,0.0,0.0,1
0.5956763,1.4693453,0.0,0.0,1.8159645,0.27044284,0.0,1.5611256,0.0,1.7285801,0.0,0.0,1.7143179,0.0,0.998431,0.0,1.2751743,0.48987365,0.0,0.0,0.0,0.0,0.22606696,1.3491684,2.2064204,0.45863456,2.2737734,0.0,0.98069584,0.34757656,0.21170124,1.2633262,0.79098547,0.0,0.0,1.2755494,0.0,0.5132533,0.0,0.0,0.66231763,0.5642303,0.57777923,0.0,0.31144592,0.70859784,1.3780305,0.0,0.0,0.210356,0.0,0.98384887,0.0,0.0,1.009205,0.1391455,0.0,0.0,0.0,0.3810361,0.9077622,0.0,0.0,1.9688785,0.0026304433,0.43577346,1.6401014,0.40931684,0.7177996,0.0,0.8169454,0.0,1.7492678,1.2173005,0.89987457,0.0,0.68757445,0.0,1.00457,1.3344831,0.0,0.0,1.1588349,0.5410758,0.072882116,1.4365187,1.2173977,0.6638583,1.0243418,0.30035254,0.83061665,0.0,1.2847065,1.4180576,0.0,0.034802187,1.2048403,0.54637176,1.2958944,1.6710143,1.1552849,0.19192472,1.7883865,0.8121778,0.0,0.5677985,1.6652855,0.0,0.05406798,0.0,0.0,0.37732977,1.8566397,0.3764914,0.0,0.0,0.11707706,1.2105461,1.0083995,1.7168914,0.0,0.0,1.4110396,0.0,0.0,0.0,0.0,0.19772013,0.0,0.0,0.0,1.9904562,0.12849018,1.2529804,0.0,1.1071658,1.2394712,0.46083045,0.0,1.5227016,0.9445517,0.0,0.0,0.0,0.83208746,1.3158171,0.0,0.3997475,0.0,1.8259103,1.2014693,0.53864086,0.013898818,0.4139438,0.17768541,1.561784,2.07875,0.0,0.0,0.0,2.30269,0.0,0.6410562,0.7246065,2.1876369,0.47414166,0.74213445,0.5792101,0.3388972,0.0,0.0,0.7559962,0.4250076,0.0,0.84250224,1.9350703,0.9508482,2.8707395,0.0,1.1789058,0.66460943,0.745776,0.0,0.5912773,0.0,0.0,0.20794019,0.0,0.45427507,1.195301,1.9146914,0.0,1.0732373,1.8434765,1.8820089,0.0,1.0478461,0.8868898,0.0,1.8935044,1.3575442,0.0,0.0,0.0,0.04985314,0.0,0.0,1.6805745,0.28212765,0.520565,0.26000997,0.0,0.0,0.0,0.44599912,0.0,0.0,1.5678768,1.322002,0.43811238,0.0,0.05998146,1.3593298,0.0,0.20898253,0.0,0.0,0.21664631,0.96308005,0.0,1.6646857,0.0,1.0312206,1.0312381,1.3665866,1.3526279,0.0,0.5542073,1.007867,0.0,0.0,0.0,0.0,1.3547688,0.0,0.0,1.5479162,0.0,0.0,0.2727912,0.6994554,1.1904464,0.0,0.47770852,0.0,0.02255931,0
1.1396799,0.15613228,0.0,0.0,1.5236237,0.24718928,0.0,0.5284954,0.0,1.2895936,0.0,0.01899803,1.207139,0.0,1.0887803,0.0,1.843559,0.011170013,0.4099379,0.75060767,0.0,0.0,0.08668152,0.3197819,1.4233409,0.0,1.7471756,0.0031030928,0.5653869,0.7933251,0.0,1.4493273,0.979074,0.0,0.0,1.7806265,0.0,0.26529282,0.0,0.0,1.0824597,0.5310067,0.849365,0.0,0.37158427,0.3583102,1.1270972,0.0,0.0,0.14146207,0.0,0.3972774,0.0,0.0,0.87865335,0.5614954,0.0,0.0,0.0,1.0385385,0.65704864,0.0,0.0,1.3926234,0.0,0.13765042,1.1454498,0.2583366,0.5577335,0.0,0.33875445,0.0,1.2984681,1.5394394,0.67952216,0.0,0.49139965,0.0,1.2532682,1.0563154,0.0,0.0,0.82484686,0.6217276,0.6653995,1.2684991,0.36704674,0.9820029,0.58533823,0.3270794,1.3303776,0.0,0.9116136,1.7133754,0.34363148,0.0,0.4820687,0.15618865,1.3451763,2.3755648,1.128234,0.355779,1.7129825,0.2892605,0.0,0.679497,0.9630341,0.0,0.0,0.86302996,0.0,0.11682639,2.3525093,0.45493177,0.0,0.0,0.24249984,1.6393222,0.78422785,0.7249202,0.0,0.0,1.0529534,0.0,0.0,0.7980699,0.5808721,0.9133197,0.0,0.0,0.0,2.0007021,0.0,1.1933566,0.04220931,1.0884272,1.0827506,0.59816206,0.0,0.7126484,1.0050471,0.0,0.0,0.0,0.0,1.1063385,0.0,0.8169733,0.123383716,1.4025006,0.85215974,1.3529361,0.26638278,1.1647843,0.18626127,0.92910033,1.4005119,0.0,0.0,0.0,1.4471707,0.0,0.86746067,0.03442399,0.65807915,0.33914965,1.7802839,0.7937059,0.1648561,0.0,0.0,0.9951857,0.14239092,0.0,0.8543274,1.7160974,0.5679497,2.1801238,0.0,0.6336026,0.41230866,1.0462462,0.0,0.83084375,0.0,0.0,0.18530463,0.0,1.2466482,1.5226104,1.7348843,0.0,0.6513213,1.3803419,0.82916915,0.21460254,1.04744,1.0693688,0.0,2.1945417,0.19342925,0.0,0.0,0.46675947,0.8890972,0.16879568,0.1494534,1.4405441,0.4273816,1.6014469,0.6413253,0.020754153,0.0,0.13525762,0.7719574,0.0,0.44212472,2.4495344,1.9756416,0.38541865,0.0,0.0,0.6831847,0.0,0.0,0.0,0.0,0.0,0.43722245,0.0,1.103343,0.0,0.447337,0.25007138,0.9665508,1.1378744,0.21986881,0.00020816427,0.87883633,0.0,0.12639028,0.0,0.3193631,1.3648455,0.0,0.0,1.5806452,0.0,0.0,0.6435717,0.7545404,0.33189395,0.0,0.0,0.0,0.0,1
1.0861439,0.44576046,0.0,0.0,2.1045108,0.5421349,0.0,0.84626496,0.0,0.72477007,0.0,0.2791667,1.4688284,0.0,1.0429056,0.0,1.7415347,0.3042583,0.4904504,0.4511735,0.0,0.0,0.0,0.6656373,1.6378475,0.18827724,1.2321593,0.0,1.4611799,1.294564,0.03983119,1.1041893,0.12222742,0.03714552,0.0,1.8320405,0.0,0.44560176,0.0,0.0,0.8183167,0.41367838,0.72133994,0.0,0.0,0.9738114,1.2850858,0.0,0.0,0.27240187,0.0,0.9388829,0.0,0.0,0.64321136,0.743289,0.0,0.0,0.0,0.21995875,0.738836,0.0,0.0,1.0217835,0.0,0.58178854,1.223166,0.66525257,0.8336336,0.0,0.6497614,0.0,1.4961092,1.5290939,0.87418616,0.0,0.07430924,0.0,0.94497406,1.253328,0.0,0.0,0.67186177,0.0,1.3032846,0.9927483,0.27422696,0.7732846,0.8110626,0.0,1.2125509,0.0,1.2603554,2.2048542,0.0,0.0,0.5415771,0.3834154,1.549616,1.8947335,0.9289794,0.0,1.4996197,0.67504275,0.0,0.48122215,0.6161315,0.0,0.13877065,0.85884315,0.0,0.0,1.9522911,0.6895909,0.0,0.0,0.2032811,1.508452,0.79423225,0.84626687,0.0,0.0,0.41555735,0.0,0.0,0.62170637,0.78944004,0.5840584,0.0,0.0,0.0,2.0624042,0.113621086,1.2175639,0.0,0.18977413,1.0794815,0.7726427,0.0,0.69097906,1.3723346,0.0,0.0,0.0,0.2956991,1.708554,0.0,0.5177808,0.6988812,1.9435468,0.9535954,0.56194973,0.15876245,0.585729,0.26671886,1.224524,1.2281847,0.0,0.13315059,0.0,1.3517346,0.0,0.35040367,0.13480139,1.3114554,0.22106689,1.5382398,0.6504974,0.0,0.0,0.0,1.1600518,0.544673,0.0,0.8093499,1.7739865,0.8251729,2.309582,0.0,1.52483,0.30798003,0.8887823,0.0,0.7490811,0.0,0.0,0.1817969,0.0,0.5667181,0.4566988,2.063876,0.0,0.7108394,1.7978698,1.2176284,0.25833604,1.3422277,1.0205889,0.0,2.1014354,0.5932004,0.0,0.0,0.31041327,0.056031957,0.0,0.0,1.5328041,0.75134206,1.0772954,0.5749484,0.07078431,0.0,0.45842326,0.5187746,0.0,0.0,1.7937149,2.1770544,0.7131787,0.0,0.0,0.8969523,0.0,0.37912732,0.0,0.0,0.0,1.3155038,0.0,1.5084655,0.0,1.092401,0.040470883,0.85937023,0.46819016,0.27344564,0.22411595,0.88665044,0.0,0.6355898,0.0,0.0,1.0474344,0.0,0.0,1.8876457,0.0,0.0,0.6264241,1.3159306,0.7109129,0.0,0.0,0.6816528,0.0,0
0.91806173,0.72391415,0.0,0.059473917,2.0262783,0.0,0.0,0.52219087,0.0,0.93010676,0.0,0.27979198,1.2481602,0.0,1.0047457,0.0,1.2574034,0.0,0.72322905,0.5116367,0.0,0.2327186,0.19184561,0.87096786,2.2936382,0.0,1.902786,0.0,1.6155572,0.8250237,0.0,0.8856851,0.35222864,0.0,0.0,0.9179774,0.0,3.7919388e-05,0.0,0.0,0.9391232,0.6002565,0.75639796,0.0,0.8436986,1.1572229,0.8269704,0.0,0.0,0.10392758,0.0,0.95642626,0.0,0.0,0.840398,0.7771822,0.0,0.0,0.0,0.6475843,1.1633583,0.0,0.0,1.591826,0.0,0.28304943,1.0273198,0.17418344,0.5083961,0.0,0.40673092,0.0,1.4449453,1.3647304,0.68415296,0.0,1.143887,0.0,0.7706014,1.1153005,0.0,0.0,1.0213245,0.33104068,0.39338988,1.2184106,0.0047671837,0.7562871,0.55297,0.56575876,1.4565585,0.0,2.0482252,1.0404081,0.098170005,0.27425376,0.43017292,0.5841673,1.2825756,1.5829412,0.6507276,0.0,1.4690591,0.0,0.0,0.73683906,0.33743033,0.0,0.14207639,0.5346728,0.0,0.0,2.1080155,0.88670576,0.0,0.0,0.55474013,1.185228,0.6857153,1.2234267,0.0,0.0,0.9489574,0.0,0.0,0.11017889,0.119121246,0.29142535,0.0,0.0,0.0,1.589454,0.3562682,1.6735704,0.0,1.1839712,1.0006692,0.8522473,0.0,0.927437,1.7130866,0.47330818,0.0,0.0,0.736797,1.4203584,0.0,0.122372136,0.42236385,1.1666682,0.4163605,0.9042438,0.098278776,1.0646552,0.33306926,1.1364354,1.8765312,0.61001146,0.0,0.0,1.7631043,0.0,0.5859055,0.7850658,0.7931116,0.1844708,1.2645372,0.336169,0.4246005,0.0,0.0,0.78598285,0.3301672,0.0,0.6444133,1.6203637,0.34103373,2.240955,0.0,1.3130474,0.44366297,1.0379599,0.0,0.21713519,0.0,0.0,0.31504747,0.0,0.7308886,1.2955186,2.357749,0.0,0.35906002,1.4818255,1.1938816,0.25378656,0.6877384,0.89416325,0.0,2.1045566,0.56349355,0.0,0.0,0.31411535,0.0,0.3441836,0.0,1.827185,0.8566337,0.5758472,0.3893272,0.32715034,0.0,0.0,0.507452,0.0,0.37519607,1.4573807,0.99097246,0.54433984,0.0,0.0,0.7767799,0.0,0.6440421,0.0,0.0,0.14700496,1.0042261,0.0,1.7825055,0.0,0.37107152,0.65386623,0.77391964,0.39653456,0.0,0.816232,0.83644646,0.0,0.5473853,0.0,0.49130568,1.2526617,0.0,0.0,1.8924806,0.0,0.0,0.30067715,0.6662563,0.6662975,0.0,0.10885001,0.56855303,0.0,0
1.3021038,0.62621,0.0,0.0,1.5599233,0.49228227,0.0,0.0,0.0,0.9764726,0.0,0.29528892,1.2584184,0.0,0.65675485,0.0,2.864129,0.82301104,0.81877357,0.87818104,0.0,0.0,0.26563185,0.24664645,1.7007349,0.0,1.451052,0.08778785,0.54788214,0.63640785,0.0,1.1013541,0.6542311,0.048089888,0.0,1.1758673,0.0,0.45404238,0.0,0.0,1.1997464,0.0,0.82554066,0.0,1.0195819,0.42815486,1.3846447,0.0,0.0,0.36475128,0.0,0.8508239,0.0,0.0,0.7162663,0.32512105,0.0,0.0,0.0,0.7168386,0.29753488,0.0,0.0,0.7850763,0.0,0.010053143,1.4985199,0.17984502,0.46495107,0.0,1.5786754,0.0,1.0919735,1.8485441,0.6795601,0.0,0.4549816,0.0,0.93001604,1.2619355,0.0,0.0,0.46114618,0.6247275,1.0105855,1.5867435,0.057219554,1.6523677,0.55882686,0.0,1.1289113,0.0,1.7264963,1.0025673,0.19049153,0.0,0.0,0.0,1.3350551,2.8653061,0.28173578,0.15819101,1.3171847,0.0,0.0,1.0033199,0.69829386,0.0,0.0,0.59228146,0.0,0.0,2.1749573,0.7138921,0.0,0.0,0.31042126,1.2287399,0.20801595,0.7607195,0.0,0.0,0.65952325,0.0,0.21883461,0.09885289,0.0,1.0389451,0.0,0.0,0.0,1.5009805,0.0,1.6415904,0.0,0.5040452,1.808252,0.89942527,0.0,0.5797803,0.8300013,0.19581264,0.0,0.0,0.6393866,1.3062016,0.0,0.3388222,0.48645738,1.3334873,0.7086432,1.0626329,0.13671318,0.73464125,1.1110657,0.9409317,1.3282728,0.5038289,0.10242909,0.0,1.9875722,0.030535933,0.72682184,0.0,0.28099713,0.39325362,1.3194354,0.84472257,0.45435366,0.0,0.0,0.82825917,0.45067158,0.0,0.17733903,2.0571434,0.9109923,1.5008876,0.0,0.8984739,0.62672156,0.85983515,0.0,0.7037564,0.0,0.0,0.34402886,0.0,0.7933804,1.2492825,1.6323094,0.0,0.48726833,1.1620133,1.0380186,0.09210695,0.6570675,0.59941053,0.0,2.0664089,0.102731064,0.0,0.0,0.20778461,0.50511336,0.23368937,0.5338608,1.137741,0.018207349,1.0421984,0.92310613,0.11296905,0.0,0.0,0.7477503,0.0,0.25929028,2.5449226,1.8060392,0.6562244,0.0,0.0,0.76548314,0.0,0.0,0.0,0.0,0.0,0.33591604,0.0,0.96600145,0.0,0.29493925,0.0,0.96353745,0.25831497,0.0,0.28999957,0.9987275,0.0,0.5457154,0.0,0.6231478,0.867584,0.0,0.0,1.9024365,0.0,0.0,0.09325953,0.84325224,0.18541767,0.0,0.42952842,0.0,0.0,1
1.0796623,0.6898091,0.0,0.0,1.4164239,0.8830474,0.0,0.29106104,0.0,1.2930012,0.0,0.24501303,1.2147874,0.0,0.6651673,0.0,2.1814296,0.1872429,0.6532729,0.49199295,0.0,0.0,0.25881884,0.6729015,1.3743962,0.0,1.4229498,0.0,0.6199907,1.1078283,0.27532715,1.1310345,0.46564648,0.0,0.0,1.542457,0.0,0.5606679,0.0,0.0,1.0372579,0.5916258,1.439867,0.0,0.7780747,0.8839772,0.84014386,0.0,0.0,0.39894545,0.0,0.8849924,0.0,0.0,0.8242108,0.93812865,0.0,0.0,0.0,0.45187774,0.55014277,0.0,0.0,0.9192023,0.0,0.09570716,0.8956118,0.109637946,0.13458043,0.0,0.41818675,0.0,1.2695131,1.7180443,1.1216804,0.0,0.042369146,0.0,0.09407417,0.9811955,0.0,0.0,0.6925419,0.27198094,0.71722853,1.1742072,0.08264705,1.1738112,0.010823656,0.4711341,1.3041062,0.0,1.2767397,1.4071751,0.0,0.13166738,0.4907103,0.17260621,1.3951713,1.8017607,1.0976259,0.20956093,1.2339574,0.016079508,0.0,1.022429,0.8418628,0.0,0.0,0.8612223,0.0,0.4791978,2.4817061,0.4575847,0.0,0.0,0.009500616,1.3647853,0.13393447,0.7683818,0.0,0.0,0.9790692,0.0,0.0,0.87566185,0.6185735,1.1007879,0.0,0.0,0.0,1.5274776,0.38498327,1.6232101,0.0,0.9754367,1.2594339,1.4652472,0.0,0.52460164,0.95155483,0.12877893,0.0,0.0,0.0,1.1170857,0.0,0.0,0.27247432,0.78267735,0.31318313,1.028545,0.09818764,1.2966506,0.6358237,0.91371715,1.442249,0.0,0.12185104,0.0,0.8632604,0.58446103,1.0605229,0.0,0.6364947,0.85201824,1.2437043,0.30962306,0.3333944,0.0,0.0,0.43379578,0.16299447,0.0,0.33926025,1.6587799,0.7424754,2.4689157,0.0,0.91627306,0.4486992,0.8532805,0.0,0.9741519,0.0,0.0,0.64220816,0.0,0.8446289,1.1756481,1.4738426,0.0,0.89777464,0.8483189,0.70914257,0.21632451,0.5804394,1.0420477,0.0,1.8558581,0.3720597,0.0,0.0,0.54827565,0.33926743,0.3839747,0.0,1.3990101,0.0,1.1838498,0.16502589,0.6765867,0.0,0.15469359,0.30851224,0.0,0.017890789,1.7963849,2.0108728,0.4128937,0.0,0.0,0.46849564,0.0,0.0,0.0,0.0,0.07988705,1.1094089,0.0,0.8636765,0.0,0.66377914,0.0,0.5839699,0.9076389,0.0,0.0,0.9387473,0.0,0.2600762,0.0,0.0,0.777263,0.0,0.0,1.0327336,0.0,0.0,1.2119111,1.1725931,0.17332648,0.0,0.35176578,0.038035106,0.0,1
0.88207257,0.8212951,0.0,0.0,1.3564035,0.88628465,0.0,0.5704536,0.0,0.9287078,0.0,0.4432392,1.1167008,0.0,1.1833647,0.0,1.9182007,0.21244858,0.40318662,0.2852075,0.0,0.0,0.17949592,0.787453,2.0073025,0.0,1.5794874,0.0,0.37923887,1.2650051,0.27995256,0.8392788,1.0575353,0.0,0.0,1.1194994,0.0,0.3234501,0.0,0.0,1.2834544,0.30048007,0.6535901,0.0,0.7453729,0.6924787,1.1744502,0.0,0.0,0.4169442,0.0,0.99379927,0.0,0.0,0.7260719,0.72360045,0.0,0.0,0.0,0.28777546,0.8921052,0.0,0.0,1.5046893,0.0,0.0,1.4084831,0.61775357,0.059396893,0.0,1.0813758,0.0,0.8253642,1.3003545,0.79742384,0.0,0.13919978,0.0,0.44980377,0.9209574,0.018741962,0.0,0.99231946,0.35325292,0.6881582,1.3245156,0.0,1.5399216,0.47662196,0.013414588,0.85860467,0.0,1.7492027,0.9080093,0.0,0.0,0.31253847,0.6596218,1.2061763,2.3304732,0.62458754,0.0,0.93005985,0.4665575,0.0,0.75974655,0.9119102,0.0,0.0,0.13103822,0.0,0.06586994,2.3686304,0.6673416,0.0,0.0,0.19579661,1.280459,0.55943763,0.71365607,0.0,0.0,1.2447107,0.0,0.0,0.0,0.019551866,0.43898678,0.0,0.0,0.0,1.3938195,0.0,1.2535058,0.0,1.0893459,1.341901,0.9537055,0.0,0.9013062,1.0271913,0.0,0.0,0.0,0.6331729,1.212307,0.0,0.0,0.3150456,2.0312357,0.45011222,0.8024641,0.14563125,0.8373796,0.9930164,1.2219219,1.4425523,0.00083937065,0.13463846,0.0,1.6308261,0.0,0.6431581,0.4499291,0.77586013,0.6453924,0.9850596,0.9712567,0.296765,0.0,0.0,0.82696545,0.8208437,0.0,0.4615101,2.0779347,0.63514096,1.9260105,0.0,0.26312461,0.822382,1.1620985,0.0,0.70872396,0.0,0.0,0.72719735,0.0,0.80056405,1.0390642,1.9733253,0.0,0.9649659,1.3172665,1.1031588,0.0,0.42960116,1.1047666,0.0,2.2970521,0.54508924,0.0,0.0,0.7511177,0.28342152,0.025159795,0.8016956,1.1839168,0.9220896,1.0626438,0.31478488,0.0,0.0,0.008141955,0.8194243,0.0,0.010051217,2.30553,1.3446833,0.71116763,0.0,0.0,0.9572802,0.0,0.2535388,0.0,0.0,0.16774052,0.49666113,0.0,1.6618549,0.0,0.36329925,0.08866267,1.0571105,0.5800287,0.0,0.13245499,0.7837916,0.0,0.25817546,0.0,0.38184184,1.613574,0.0,0.0,1.3615298,0.0,0.0,0.5016268,1.0607016,0.27006528,0.0,0.76903737,0.0,0.0,1
0.99730766,0.73549783,0.0,0.196979,1.4902742,0.122868784,0.0,0.25490952,0.0,1.0554897,0.0,0.0,1.0101957,0.0,1.3855362,0.0,1.9339126,0.0,0.25723854,0.77067757,0.0,0.0,0.0,0.4181759,1.6300902,0.0,1.8664666,0.0,0.7456242,1.0408908,0.0,1.1878532,0.9129134,0.0,0.0,1.0328376,0.0,0.23683648,0.0,0.0,1.0908183,0.23199794,0.45483392,0.0,0.41603455,0.8924769,1.17152,0.0,0.0,0.6676554,0.0,0.93034095,0.0,0.0,0.88018805,0.804804,0.0,0.0,0.0,0.46679693,0.58144516,0.0,0.0,0.8676886,0.0,0.0,1.8359944,0.44564956,0.59085447,0.0,0.77808404,0.0,1.1494827,1.4483314,0.60004795,0.0,0.54998416,0.0,0.68033063,0.84703046,0.0,0.0,0.17636941,0.24766034,0.81985337,0.7935045,0.07059576,1.4296325,0.7131383,0.05990764,1.6068462,0.0,1.3230848,1.5608398,0.0,0.0,0.43441004,0.0,1.6038775,1.6954175,1.0897266,0.0,1.354763,0.17823581,0.0,0.7122392,0.7548381,0.0,0.0,0.96636903,0.0,0.0,1.8642112,0.5741489,0.0,0.0,0.2254396,1.5833591,1.2163192,0.510156,0.0,0.0,0.8439167,0.0,0.0,0.36070693,0.15543614,1.1790922,0.0,0.0,0.0,2.3919196,0.0,1.2314757,0.0,0.75676125,0.98109293,0.5549788,0.0,0.8541734,0.8637966,0.0016476174,0.0,0.0,0.49821195,1.3330009,0.0,0.11848133,0.25778547,1.3406034,1.4049062,0.89190185,0.09520671,1.2544816,0.6366085,0.7967814,1.045155,0.0,0.0,0.0,1.8055964,0.0,1.4052955,0.041001987,0.7001556,0.47909406,1.2545995,1.2015039,0.28732136,0.0,0.0,1.5605983,0.51890224,0.0,0.32034352,1.6431038,0.83575994,2.0793774,0.0,1.1458238,0.7498375,1.1884272,0.0,0.50207883,0.0,0.0,0.15046678,0.0,1.2304292,1.4294133,2.0745735,0.0,0.47656173,1.4732196,0.8758687,0.015640128,0.9701719,1.236958,0.0,2.0129902,0.0,0.0,0.0,0.37623668,0.63163656,0.123954564,0.4205566,1.810299,0.17936167,0.99483424,0.5582586,0.02494038,0.0,0.04273309,0.7038719,0.0,0.17525674,1.9997146,1.6446286,0.1712644,0.0,0.0,0.988369,0.0,0.0,0.0,0.0,0.0,0.0901774,0.0,1.8353522,0.0,0.7408859,0.48402983,0.9486588,0.9079222,0.4343794,0.0,0.7834525,0.0,0.61829025,0.0,0.15124466,1.4040508,0.0,0.0,1.8775464,0.0,0.0,0.27351788,0.9016074,1.0241395,0.0,0.0,0.0,0.0,1
1.0512586,0.47935477,0.0,0.15973276,1.8175904,0.157296,0.0,0.34626707,0.0,0.8512777,0.0,0.0,1.0753499,0.0,1.5161138,0.0,1.8899262,0.20547588,0.48265538,0.9057643,0.0,0.0,0.0,0.4128917,1.8450788,0.0,1.7539682,0.47599107,0.6590816,1.1073627,0.0,1.1716142,0.718362,0.0,0.0,1.3606075,0.0,0.6706784,0.0,0.0,0.9070216,0.5269002,0.93901145,0.0,0.69568133,0.9337553,1.2152634,0.0,0.0,0.14792113,0.0,1.1364437,0.0,0.0,1.0667942,0.683117,0.0,0.0,0.0,0.740018,0.7653132,0.0,0.0,1.0969064,0.0,0.0,1.3159351,0.0,0.910196,0.0,0.6015722,0.0,1.9726424,1.5077484,1.108302,0.0,0.38270855,0.0,1.2172489,1.3638725,0.0,0.0,0.7229206,0.23185676,1.2744083,0.925,0.0,1.6529697,1.0359961,0.29167727,1.4957635,0.0,1.8866855,1.6885425,0.0,0.0,0.82691234,0.14892845,1.2915218,2.2351766,0.8375631,0.25048795,1.722463,0.015783422,0.0,0.30760536,0.22355194,0.0,0.0,1.1303324,0.0,0.0,2.6450248,0.7443199,0.0,0.0,0.74035025,0.8694051,0.81730366,0.6125908,0.0,0.0,1.2773951,0.0,0.0,1.0789558,0.8293156,1.1957301,0.0,0.0,0.0,1.5525578,0.0,1.2538818,0.0,0.74296653,1.3709682,1.0950656,0.0,0.14405501,1.216188,0.021633979,0.0,0.0,0.5247537,1.7406069,0.0,0.04495405,0.39697263,1.4708533,0.2064197,1.1811291,0.061488032,1.1908311,0.40813658,0.9447186,1.4645225,0.1064031,0.0,0.0,1.7810345,0.0,1.1031526,0.5651609,0.6987588,0.50920063,0.9829283,0.7865432,0.0,0.0,0.0,1.1063243,0.3087014,0.0,0.73304826,1.9365448,0.62256396,2.3864036,0.0,0.9658531,0.37482634,0.7066515,0.0,0.40660635,0.0,0.0,0.18573594,0.0,1.5073237,1.5079515,1.8795576,0.0,1.0707848,1.3160372,0.57977223,0.2812651,0.43710038,1.5080684,0.0,2.4803524,0.1575724,0.0,0.0,0.3321866,0.99932235,0.3020462,0.0,1.28515,0.3754266,1.3366202,0.5078829,0.0,0.0,0.09514489,0.89483625,0.0,0.28339756,2.786517,2.0752435,0.5651299,0.0,0.0,1.0724275,0.0,0.08611416,0.0,0.0,0.0,0.8115171,0.0,1.5687109,0.0,0.7252196,0.58310974,0.5939162,0.5085281,0.0,0.0,0.7854935,0.0,0.57139593,0.54537636,0.8108048,1.4793127,0.0,0.0,1.6728753,0.0,0.0,0.33626723,1.0937121,0.14669396,0.0,0.0,0.0,0.0,0
1.178024,0.5096765,0.0,0.0008431344,1.1552666,0.7124303,0.0,0.0,0.0,0.83553886,0.0,0.0,1.0799766,0.0,1.5176414,0.0,1.9746171,0.53187746,0.6314259,1.2801827,0.0,0.0,0.0,0.17840604,1.1453074,0.24010198,1.590017,1.0708919,0.16670091,2.0086124,0.0,1.1793113,0.3953452,0.0,0.0,1.5485598,0.0,0.7188164,0.0,0.0,1.3581177,0.034730047,1.6116067,0.0,1.0048676,0.9528248,0.79637325,0.0,0.0,0.0,0.0,0.6286214,0.0,0.0,1.4390827,1.1511602,0.0,0.0,0.0,0.75496674,0.36326042,0.0,0.0,0.7629468,0.0,0.115507886,1.2164115,0.27887955,0.23833215,0.0,0.120413795,0.0,1.1649348,1.2573346,1.2442944,0.0,0.6758418,0.032750584,0.622236,1.0508325,0.0,0.0,0.2893319,0.44473916,1.0853753,0.8119137,0.0,1.7987524,0.7310327,0.8133523,1.5108919,0.0,1.3785,1.8219202,0.0,0.0,0.43307376,0.0,1.3809781,2.687044,0.9196037,0.62406224,2.1162667,0.50784785,0.0,0.45147046,0.0,0.0,0.0,1.134791,0.0,0.0,2.8359573,0.655447,0.0,0.0,0.472483,1.4479988,0.8524361,0.047646433,0.0,0.0,1.0906749,0.0,0.0,1.0579032,0.70384955,1.572665,0.0,0.0,0.0,1.1975793,0.6368757,0.9577953,0.09473882,1.6555239,1.6014355,1.2924256,0.0,0.5036471,1.4731156,0.10000729,0.0,0.0,0.46481273,1.4921436,0.0,0.0,0.9406476,0.88415456,0.29686165,1.8997549,0.0,1.2275499,0.5104058,1.1821836,1.7217089,0.48440298,0.0,0.0,1.5512104,0.0,1.1418952,0.4189623,0.37558058,1.1420105,1.4507903,1.0120493,0.0,0.0,0.0,0.8141892,0.4992099,0.0,1.0066344,1.9996148,0.74247277,2.2038655,0.0,0.6699895,0.29657504,0.85381675,0.0,0.6478223,0.0,0.0,0.84607476,0.0,1.2916256,1.4463433,1.3488231,0.0,1.3387297,1.3290159,0.3573563,0.7699627,0.1974331,1.1974993,0.0,2.200158,0.09084833,0.0,0.0,1.0008745,1.033438,0.4495504,0.1529063,1.34852,0.0,2.3744314,0.76136136,0.3614673,0.0,0.11759918,0.01854035,0.0,0.56172097,2.894517,1.9628967,0.5806648,0.0,0.0,0.7899684,0.0,0.0,0.0,0.0,0.0,0.63404876,0.0,1.1825829,0.0,0.0,0.28449643,0.553517,0.3644628,0.23791471,0.0,1.1646959,0.0,0.0,0.12705918,0.36862084,1.6010736,0.0,0.0,1.1826799,0.0,0.0,1.2217053,1.5679697,0.0,0.0,0.4971433,0.0,0.0,1
0.8767812,1.1044451,0.0,0.12529707,1.1629283,1.0277812,0.0,0.26924008,0.0,0.6203071,0.0,0.0,1.2907766,0.0,1.3581219,0.0,1.9970088,0.15005764,0.55963075,1.1062759,0.0,0.2960087,0.22989963,0.4037059,1.8501118,0.10912557,1.4299483,0.14134435,0.42279342,1.3329129,0.35086945,1.1784343,0.75113213,0.0,0.0,1.6180286,0.0,0.6731249,0.0,0.0,1.5400903,0.89149487,1.5131714,0.0,0.69992733,1.1531147,1.2745668,0.0,0.0,0.48807985,0.0,0.8131198,0.0,0.0,1.0665694,1.6400312,0.0,0.0,0.0,0.030786658,0.40168554,0.0,0.0,1.1259519,0.0,0.09443633,1.2422296,0.4098043,0.11499998,0.0,0.51295865,0.0,1.2307268,1.952952,1.1162637,0.0,0.7172287,0.0,0.5046115,0.9686675,0.0,0.0,0.74218297,0.17098337,0.6474015,0.6999565,0.39087382,1.478387,0.34790576,0.525407,1.6539856,0.0,1.2327422,1.6123527,0.0,0.0,0.20508865,0.0,1.3272375,2.0129364,0.72053987,0.36954284,1.0406762,1.074508,0.0,0.5415865,1.0718329,0.0,0.08122999,0.7452439,0.0,0.0,2.5776005,0.2112337,0.0,0.0,0.1730509,1.62324,0.51208824,0.20266259,0.0,0.0,1.0160785,0.0,0.0,0.478225,0.93858457,1.327814,0.0,0.0,0.0,2.0569725,0.4795378,1.3367549,0.0,1.480983,2.0404968,0.7756212,0.0,0.73845035,0.21363139,0.018008318,0.0,0.0,0.0,1.2667484,0.0,0.0,0.0,0.86047167,0.6584073,1.2894256,0.24908343,1.426356,0.3527468,0.7173391,1.5712128,0.0,0.0,0.0,1.1147957,0.2118917,1.6138422,0.0033329106,0.7114873,1.2560575,1.725343,0.9887618,0.6119312,0.0,0.0,0.7018023,0.16607004,0.049136642,1.1242949,2.190371,0.91679966,2.441647,0.0,0.93102854,0.82639015,0.9812233,0.0,0.7675355,0.0,0.0,0.43419173,0.0,0.9919253,1.5457845,1.278966,0.0,1.2066885,0.90402234,0.67346334,0.18567507,0.87319684,1.8023629,0.0,1.9959103,0.1851456,0.0,0.0,0.9966517,0.7548095,0.20906503,0.022969631,1.3674158,0.42168176,2.3411744,1.1751657,0.6923235,0.0,0.0,0.67299813,0.0,0.22171366,1.9784075,2.3212218,0.16598754,0.0,0.0,0.6705073,0.0,0.0,0.0,0.0,0.5673675,0.7044771,0.0,1.474642,0.0,0.43684387,0.0,0.50423235,1.2887043,0.2195524,0.0,0.8537222,0.0,0.067765735,0.0,0.0,1.2350793,0.0,0.0,1.594674,0.0,0.0,1.6080036,1.145848,0.24850519,0.0,0.365006,0.0,0.0,1
0.75337774,1.418901,0.0,0.48934257,2.135097,0.0,0.0,1.5530487,0.0,1.1448925,0.0,0.0,0.71403,0.0,1.7022414,0.0,1.7335448,0.0,0.08723703,0.0,0.0,0.11706631,0.19609578,0.49836192,2.2486074,0.0,2.3210974,0.0,1.6509434,0.3370148,0.0,1.1849463,0.0,0.0,0.0,1.2585711,0.0,0.315053,0.0,0.0,0.9555589,0.21488032,0.60690874,0.0,0.9870738,0.9047083,0.8913014,0.0,0.0,0.6835052,0.0,1.5472343,0.0,0.0,0.93788606,1.5502248,0.0,0.0,0.0,0.69544196,0.81491905,0.0,0.0,1.9808384,0.0,0.0,2.3457534,0.74412996,0.65040594,0.0,1.3501918,0.0,1.2998247,1.1600597,0.0,0.0,0.68809783,0.0,0.73716116,1.0282617,0.0,0.0,0.7881089,0.0,0.006953119,0.4220452,1.4260383,0.6995009,1.054531,0.51057386,1.0495846,0.0,1.4405907,1.9327027,0.0,0.29380888,0.8247901,0.8306093,1.8898804,1.394389,1.5294173,0.0,1.9705476,1.0408767,0.0,0.6140328,1.0010729,0.0,0.063711114,0.3925031,0.0,0.0,1.8683871,1.149851,0.0,0.0,0.0,1.661744,1.0038041,0.6832419,0.0,0.0,0.956556,0.0,0.0,0.0,0.20737366,0.44125265,0.0,0.0,0.0,3.058442,0.0,1.8437495,0.0,0.8477321,0.37419364,0.37712228,0.07680297,1.9612515,1.581074,0.24651536,0.0,0.0,1.0350192,1.1852517,0.0,0.6952375,0.018864878,1.7321764,1.5085536,0.0,0.26935342,0.87091655,0.5385845,1.5358378,1.5658695,0.0,0.0,0.0,1.903782,0.0,1.1950582,1.0812933,1.2840838,0.20670062,1.9695228,0.84490585,1.137762,0.0,0.0,1.7664903,0.53522545,0.29059935,1.0616997,2.3652833,1.1384714,2.298516,0.0,1.3590277,0.12454786,0.4665599,0.0,0.22196555,0.3290488,0.0,0.21065612,0.0,0.41580936,0.6972149,2.0402472,0.0,1.1263292,2.3575013,1.4562243,0.0,1.143145,0.4197112,0.0,1.9917271,0.48336688,0.0,0.0,0.0,0.3642067,0.0,0.5336639,2.0104446,0.1359245,1.3374865,1.440688,0.0,0.0,0.0,1.0046842,0.0,0.15200698,1.5522211,0.76480937,0.6688181,0.0,0.0,1.4378277,0.0,0.0,0.0,0.0,0.7194228,0.95791394,0.0,2.1237922,0.0,0.94500524,1.0319326,1.3811812,1.7215669,0.0,0.008468638,0.74796975,0.0,0.33301368,0.0,0.0,1.9170338,0.0,0.0,1.7575538,0.0,0.0,0.069053754,0.2945698,1.3453133,0.0,0.20371336,0.20640676,0.0,0
0.8468588,1.1493855,0.0,0.0,1.4469315,0.0,0.0,1.2300361,0.0,1.1649036,0.0,0.7643399,1.0380336,0.0,1.2023801,0.0,1.5178545,0.35655412,0.55618155,0.0,0.0,0.2079318,0.3423712,1.669328,1.9011167,0.0,1.569689,0.15009442,1.6022775,0.38067454,0.14214078,1.4060031,0.056294195,0.28129968,0.0,1.3524609,0.0,0.4491818,0.0,0.0,0.745855,0.0,0.7659337,0.0,0.72352254,1.0409663,1.1155007,0.0,0.0,0.5379321,0.0,1.5553237,0.0,0.0,0.29666382,1.3370149,0.0,0.0,0.0,0.7793146,1.6716099,0.0,0.0,1.7655809,0.013435186,0.0,1.8477252,0.8277059,0.8999169,0.0,0.60911256,0.0,1.3177414,0.5177078,0.0,0.0,0.5971181,0.0,1.1428277,0.33656627,0.0,0.0,1.0515299,0.01681185,0.31860515,1.1048445,1.2269137,0.0,1.495857,0.0,1.0179428,0.0,1.0211452,1.4727653,0.0,0.0,0.8565172,0.7278692,1.7302282,0.8939849,1.4979044,0.0,1.3972957,1.1463128,0.0,0.79497534,0.6629118,0.0,0.0,0.039908584,0.0,0.15376486,1.6184536,0.3086499,0.0,0.0,0.0,1.6997279,1.2296811,0.9566879,0.0,0.0,0.7791886,0.0,0.0,0.042798832,0.20081662,0.029354524,0.0,0.0,0.0,2.1474812,1.0198975,2.1417534,0.0,0.6971735,0.460104,0.42653885,0.0,2.0729907,1.0848949,0.1326307,0.0012273871,0.0,1.1008236,1.0471364,0.0,0.17993289,0.0,1.915237,1.4502293,0.29096392,0.0,0.790582,0.52368355,2.0663118,2.051461,0.28741446,0.0,0.0,1.6099639,0.0,0.7539117,0.9338801,1.8536332,0.0,1.2459719,1.0535282,0.38618946,0.0,0.0,1.7398664,0.9424325,0.5423001,1.7820727,2.071156,0.65354854,2.7922156,0.0,1.1164583,0.03322067,0.0,0.0,0.4134084,0.44795144,0.0,0.61001104,0.0,0.0,0.5530379,1.7344706,0.0,0.43872607,2.065064,1.1114458,0.0,1.6789982,0.0,0.0,2.1692193,1.1483006,0.0,0.0,0.0,0.0,0.0,0.8158686,1.2152445,0.0,1.0257059,1.0313144,0.18868802,0.0,0.0,0.6584237,0.0,0.0,2.358648,1.047965,1.3218046,0.0,0.026606852,1.027683,0.0,0.6679054,0.0,0.0,0.42949474,1.3705518,0.0,1.6425838,0.0,0.5268958,0.67947984,2.2154546,1.7404107,0.0,0.0,0.95607066,0.0,0.17408308,0.0,0.0,1.3409479,0.0,0.0,1.4377228,0.0,0.0,0.72798103,0.50660574,0.75714725,0.0,0.2307477,0.3356506,0.10061713,0
1.4057249,0.7293666,0.0,0.04321676,1.1309317,0.99523723,0.0,0.43199188,0.0,0.7683519,0.0,0.0,1.1561049,0.0,1.6339769,0.0,2.1935806,0.19075169,0.600678,1.2252117,0.0,0.0,0.0,0.0,1.4314984,0.2026114,1.2275143,0.3433513,0.38504896,1.1350558,0.21004388,1.6182595,0.824461,0.0,0.0,1.3768132,0.0,0.67272675,0.0,0.0,1.5312722,0.072793394,0.90937805,0.0,0.80764866,0.8586415,0.86832553,0.0,0.0,0.0733958,0.0,0.79942524,0.0,0.0,1.0104264,0.8431813,0.0,0.0,0.0,0.5191815,0.7496172,0.0,0.0,1.3676376,0.0,0.05565141,1.519417,0.29124418,0.3580495,0.0,0.61502767,0.0,1.3157345,1.3208473,1.2092229,0.0,0.4006407,0.0,0.9651935,1.3444679,0.0,0.0,0.40847373,0.2690821,0.87404656,0.7881397,0.043783624,1.526155,0.45704642,0.33525184,1.1406868,0.0,1.3369758,1.2456588,0.010652089,0.0,0.32059506,0.0066288635,1.0928354,2.482508,0.85527205,0.15888494,1.2597816,0.61743563,0.0,0.9803326,0.62052876,0.0,0.0,0.8472885,0.0,0.0,2.2047985,0.536909,0.0,0.0,0.47548172,1.1374906,0.5339586,0.70445865,0.0,0.0,1.1285204,0.0,0.0,0.94294846,0.43326923,1.2153901,0.0,0.0,0.0,1.0635438,0.17079684,0.9573257,0.0,1.2998658,1.3868103,1.1876718,0.0,0.5040078,1.175269,0.22184303,0.0,0.0,0.31041878,0.9923634,0.0,0.27040625,0.68009466,0.86982006,0.051833935,1.2411683,0.0,1.4813534,0.6035733,0.9630414,1.5086852,0.1537448,0.0,0.0,1.6624799,0.18073124,0.8920985,0.27103052,0.5389832,0.99096173,0.9951358,0.82166785,0.19473946,0.0,0.0,1.0049776,0.536006,0.0,0.7174953,1.971931,0.6566337,1.9883609,0.0,0.3933055,0.3684009,0.57593626,0.0,0.8533596,0.0,0.0,0.60774624,0.0,1.0771111,1.110437,1.6223669,0.0,0.85549504,1.0505512,0.37112838,0.3887925,0.70889056,1.2172673,0.0,1.8258489,0.30397698,0.0,0.0,0.6299807,0.58375823,0.06638461,0.2621664,1.1773152,0.34275708,1.6754122,0.5436803,0.0,0.0,0.022686591,0.6177087,0.0,0.44568586,2.601195,1.9836622,0.5310537,0.0,0.0,0.7991361,0.0,0.21034119,0.0,0.0,0.045087215,0.6537477,0.0,1.5958083,0.0,0.21448402,0.35405746,0.8213868,0.4808741,0.0,0.0,0.7683024,0.0,0.4735494,0.0,0.4092916,1.3756807,0.0,0.0,1.4305252,0.0,0.0,0.95769876,1.4302446,0.15843643,0.0,0.4898222,0.0,0.0,1
0.8591662,0.4744813,0.0,0.0,1.1995282,0.5573114,0.0,0.8234755,0.0,0.8487421,0.0,0.035765145,1.1464763,0.0,1.1814003,0.0,1.9596579,0.0,0.0514794,0.40712214,0.0,0.0,0.2610944,0.26172075,1.6594094,0.0,2.000888,0.31786677,0.32805377,0.79806334,0.0,0.82766485,0.6630206,0.0,0.0,1.1625943,0.0,0.14239784,0.0,0.0,1.4695501,0.51400864,0.6916571,0.0,0.32829496,0.48185813,0.9105833,0.0,0.0,0.5788247,0.0,0.6204946,0.0,0.0,0.78214234,1.1067349,0.0,0.0,0.0,0.5416574,0.7603421,0.0,0.0,1.3779315,0.0,0.0,1.0575421,0.4076512,0.38809556,0.0,0.80022275,0.0,0.8266378,1.15756,0.38672423,0.0,0.0,0.0,1.0374553,1.0632454,0.0,0.0,0.80283844,0.43649432,0.31418297,0.830182,0.33217093,1.4367324,0.60878515,0.24554387,1.2122936,0.0,1.1114256,1.5512309,0.18956342,0.0,0.40954164,0.20194565,0.80074203,1.600469,1.0807368,0.2358115,1.7582667,0.44252458,0.0,0.50311625,0.5128276,0.0,0.0,0.7614199,0.0,0.0,2.1007926,0.49593395,0.0,0.0,0.76294184,1.785839,0.895296,0.36115667,0.0,0.0,0.9448481,0.0,0.0,0.62850887,0.020146184,1.2426535,0.0,0.0,0.0,1.8046025,0.026890602,0.9037314,0.0,0.77594864,1.1018962,0.4651532,0.0,0.9882768,0.95360506,0.0,0.0,0.0,0.36767378,1.010884,0.0,0.076032765,0.26526508,1.3721249,1.1253308,0.98270625,0.015905647,1.0671796,0.3132553,0.9046228,1.066157,0.21068715,0.0,0.0,1.5455347,0.17094395,1.2703537,0.3971768,0.5832,0.33082277,1.2592858,0.7367738,0.62139136,0.0,0.0,1.3698512,0.0,0.0,1.1843257,1.6886451,0.7062949,1.9849539,0.0,0.42133176,0.66051966,1.3612502,0.0,0.8485026,0.0,0.0,0.58896196,0.0,1.3758171,0.9486683,1.8388766,0.0,0.89154464,1.474654,0.74209815,0.0,0.905231,1.2256513,0.0,1.6404372,0.3379377,0.0,0.0,0.6397161,0.49096772,0.25164708,0.4857741,1.095149,0.67634594,1.12482,0.5280925,0.0,0.0,0.0,0.0,0.0,0.068419,1.753638,1.4175413,0.4045274,0.0,0.0,0.95050573,0.0,0.0,0.0,0.0,0.59073526,0.2698673,0.0,1.1364427,0.0,0.49275038,0.49141616,1.1052264,0.8801769,0.10560274,0.09704604,0.9320394,0.0,0.3417474,0.0,0.0,1.43027,0.0,0.0,1.1055002,0.0,0.0,1.0171177,0.8789472,0.50072426,0.0,0.0,0.0,0.0,1
1.3361816,0.68069077,0.0,0.1786587,0.8884199,0.77970684,0.0,0.4459886,0.0,0.7955722,0.0,0.0,0.90473855,0.0,0.9228567,0.0,2.01225,0.066146,1.0661008,0.753325,0.0,0.0,0.0,0.42876154,1.5100849,0.33071035,1.1421574,0.54529375,0.60214573,1.2776198,0.0,1.5257956,0.69186926,0.0,0.0,1.0849212,0.0,0.94404125,0.0,0.0,1.5571027,0.39359328,1.2147331,0.0,1.0138984,1.0537288,1.1985784,0.0,0.0,0.0,0.0,0.72841287,0.0,0.0,1.3304149,1.1536344,0.0,0.0,0.0,0.60991424,0.577215,0.0,0.0,1.1722361,0.0,0.053001687,0.9717695,0.33625275,0.045637816,0.0,0.44699872,0.0,0.9618137,1.4687353,1.3606693,0.0,0.49527314,0.0,0.4528695,1.3956811,0.0,0.0,0.6770038,0.351056,0.8480571,0.909042,0.0,1.9046738,0.20035386,0.9231882,1.6516905,0.0,1.4599279,1.2608088,0.13533923,0.0,0.23628153,0.0,1.4616721,2.0682015,0.8738623,0.44675452,1.2083254,0.0,0.0,0.7862661,0.7108391,0.0,0.0,1.2785617,0.0,0.0,2.4876256,0.56455,0.0,0.0,0.30772147,0.78634995,0.21490964,0.5123382,0.0,0.0,1.2512691,0.0,0.0,0.86311585,0.4016996,1.2116578,0.0,0.0,0.0,0.91482437,0.027278211,1.2410948,0.0,1.4680097,1.5918251,1.5290533,0.0,0.4159708,1.1209525,0.5224856,0.0,0.0,0.3303853,1.05181,0.0,0.0,0.56827164,0.27068985,0.16122442,1.2583452,0.1299507,1.323215,0.86831856,0.8708806,1.157345,0.0,0.0,0.0,1.6697978,0.07011989,1.3480575,0.0,0.0,1.0621551,1.1338735,0.8219437,0.6070099,0.0,0.0,1.006404,0.3664604,0.0,0.5852603,1.938865,0.5079012,2.0719514,0.0,0.535807,0.28685227,0.7951486,0.0,0.51130074,0.0,0.0,0.6712194,0.0,1.3139763,1.39106,1.557397,0.0,0.7562171,0.98758894,0.117230296,0.5717916,0.38000003,1.3570081,0.0,1.6720912,0.22235647,0.0,0.0,0.60946333,0.9047609,0.5105897,0.17089841,1.0011684,0.19516179,1.6220431,0.8207039,0.07061731,0.0,0.0,0.4155775,0.0,0.77989656,2.038314,1.9097916,0.48949045,0.0,0.0,0.76959294,0.0,0.0,0.0,0.0,0.0,0.623576,0.0,1.4368137,0.0,0.21840073,0.18428488,0.6942385,0.49996093,0.06141904,0.0,0.8137016,0.0,0.23393054,0.0,0.69260347,1.1096712,0.0,0.0,1.3522499,0.0,0.0,1.0959392,1.1104541,0.1826451,0.0,0.54169965,0.0,0.0,1
1.2388405,0.5564877,0.0,0.0,1.0525273,0.6024783,0.0,0.072276875,0.0,0.8519389,0.0,0.17967764,1.070953,0.0,0.97998977,0.0,2.0163183,0.0,0.8958556,0.5187006,0.0,0.0,0.7470968,0.1077175,2.0012631,0.0,1.243533,0.1657447,0.7301301,0.44398025,0.3737833,1.295086,0.72642064,0.0,0.0,1.2035451,0.0,0.26223147,0.0,0.0,1.5174643,0.2593228,0.9527502,0.0,0.6715065,0.8066119,1.2400575,0.0,0.0,0.6197468,0.0,0.67379636,0.0,0.0,0.8427653,0.979328,0.0,0.0,0.0,0.3228662,0.2011571,0.0,0.0,1.6430992,0.072655305,0.2728217,0.9924883,0.0025497086,0.35839605,0.0,0.64515686,0.0,1.4884831,1.6402651,0.9583635,0.0,0.41006202,0.0,0.8355212,0.7578698,0.0,0.0,0.6088923,0.52048343,0.84052557,1.0886667,0.4829336,1.441926,0.6500791,0.49682125,1.4616946,0.0,1.047042,1.4521878,0.0,0.07969976,0.3047457,0.19789468,1.597116,1.8898643,0.2577747,0.0,1.0703286,0.6831956,0.0,0.77063,0.736778,0.0,0.0,0.98562455,0.0,0.08002553,2.0796492,0.38608363,0.0,0.0,0.26658309,2.060925,0.8019703,0.34898922,0.0,0.0,1.0897453,0.0,0.0,0.65159124,0.34070987,1.4736316,0.0,0.0,0.0,1.5437866,0.0,1.0443239,0.0,1.2215891,1.3875647,0.75109035,0.0,0.80922604,0.39417222,0.1338174,0.0,0.0,0.3721908,1.1708127,0.0,0.0,0.094742045,0.6706094,0.8153585,0.45977023,0.09599794,1.1704928,0.41954902,1.0426161,1.4266099,0.0,0.0,0.0,1.2948955,0.26871878,1.1297953,0.15064278,0.40400293,0.72106457,1.6411936,0.9184375,0.9895834,0.0,0.0,0.7787756,0.21537319,0.0,1.0760152,1.5452873,0.31036666,2.1993766,0.0,0.5512286,0.7178506,1.2124375,0.0,0.5425649,0.1948909,0.0,0.6126205,0.0,0.92694694,1.3633884,1.7863026,0.0,1.0027603,1.0163847,0.9422728,0.0,1.1002171,0.7313051,0.0,2.029978,0.12656622,0.0,0.0,0.9046097,0.5295944,0.0060189366,0.21409288,1.5109384,0.20008321,1.4137131,1.307431,0.15331526,0.0,0.14411251,0.8699298,0.0,0.21011566,2.0191922,1.8126434,0.2928895,0.0,0.0,0.6811316,0.0,0.0,0.0,0.0,0.37501055,0.43705148,0.0,1.4068629,0.0,0.28390247,0.0,0.6157773,1.0149745,0.18209305,0.06867818,0.88851357,0.0,0.3272788,0.0,0.1667852,1.1035063,0.0,0.0,1.5752062,0.0,0.0,1.0810168,0.7539449,0.20697965,0.0,0.16307151,0.0,0.0,1
0.69244814,0.6435755,0.0,0.0,1.2207671,0.8653792,0.0,1.6109744,0.0,1.0374893,0.0,0.85490406,1.5860863,1.17249,0.6103787,0.0,1.8359153,0.030340387,1.1154748,1.0594661,0.0,0.2612365,2.620123,0.037856385,1.3060384,0.34650594,2.657508,0.0,0.6777098,1.9699298,0.0,0.7753328,0.0,0.49083212,0.0,1.4938648,0.9250541,0.16537261,0.0,0.0,2.5486565,0.0,1.3938158,0.0,1.5352782,0.9850061,1.4800184,0.0,0.0,0.218134,0.0,1.5355889,0.0,0.0,0.59307104,1.5075297,0.0,0.0,0.0,1.0829185,1.0683503,0.0,0.0,1.8067812,0.203857,0.41625163,0.70344126,0.7249443,1.202529,0.0,0.52015173,0.0,0.3621318,0.5726545,0.0,0.0,0.19329026,0.0,1.4036888,0.029700095,0.0,0.0,0.30010542,0.0,0.0,1.6512169,1.7242526,0.8968964,0.87262404,1.256763,1.4128944,0.24336545,0.34553802,1.0648485,0.0,0.47667426,0.15504608,0.39129877,0.761313,1.6399894,0.2023322,0.0,0.49749205,3.3930795,0.0,1.0349247,0.0,0.0,0.0,0.0,0.0,0.11349444,2.2624528,1.0670596,0.0,0.0,1.658886,3.5226028,0.7674244,0.51323897,0.0,0.0,0.65864784,0.0,0.0,0.0,0.0,0.5000144,0.0,0.0,0.0,1.2027048,2.4835243,2.4746015,0.0,1.1891178,1.751944,0.5341152,1.4484317,0.68588907,1.0084786,0.8763403,0.0,0.0,0.9218701,0.48846534,0.3783921,0.7343855,0.0,1.1287774,1.9632026,0.15187036,0.0,0.7194879,1.4422652,1.4459767,1.4781903,1.1879355,0.0,0.0,0.09554042,0.46489048,1.4296832,1.4170959,1.2400397,0.0,2.2633708,1.2100428,2.0005023,0.0,0.0,1.2672901,0.5536079,0.71918714,2.0435526,0.71424603,0.9149101,1.9139819,0.0,0.5690998,0.23024315,0.7975009,0.27706444,0.06504059,1.4924059,1.4125602,2.2410796,0.0,0.0,0.0,0.9016452,0.0,1.4313328,1.6772324,0.9449233,1.8937219,0.4920212,0.12147345,0.0,3.1307933,0.3721401,0.0,0.0,0.7157086,0.0,1.4147595,0.77450186,0.8470545,0.49438092,2.6255107,1.0665472,1.0787561,0.0,0.57374406,0.0,0.0,0.0,3.416547,0.18022281,0.7703784,0.0,0.059278365,0.7987729,0.0,0.88725954,0.0,0.0,1.2091614,1.1159775,0.0,1.2537508,0.0,0.0,0.7967363,1.9607038,1.6537946,1.8476769,0.0,1.8440691,0.0,0.0,0.0,0.0,1.2294093,0.0,0.0,1.4302675,0.0,0.0,1.4702713,0.2989269,0.5433336,0.0,1.5630279,1.4146768,0.0,1
0.070178874,1.1492815,0.0,0.0,1.3977121,0.9717228,0.0,0.78625673,0.0,0.9918198,0.0,0.91535777,1.0342848,0.0,1.2230144,0.0,1.5133096,0.0,1.5912539,0.0,0.0,0.0,0.72598034,1.2434325,1.7594465,0.37373292,1.5994602,0.0,0.8365258,0.67969245,0.93045497,0.98779017,0.0058328426,0.2415558,0.0,1.1394142,0.5047279,1.1652888,0.0,0.0,1.0562322,0.0,1.4313521,0.0,0.59317625,0.8236501,1.0248837,0.0,0.0,0.1890677,0.0,1.0735074,0.0,0.0,1.7714695,1.4996282,0.0,0.0,0.0,0.77429724,1.1067839,0.0,0.0,1.9287059,0.0,0.0,1.6384581,1.312683,0.5738871,0.0,0.88189524,0.0,0.24478538,0.0,0.36687776,0.0,0.45509285,0.0,0.33662748,0.66831285,0.0,0.0,0.53808135,0.29315996,0.0,1.199593,0.66898894,0.530395,0.46500993,0.9334589,0.0,0.0,0.5155915,0.662478,0.0,0.0,1.0721476,0.06585627,1.4614662,1.8608946,1.2056063,0.0,0.9213776,2.636549,0.0,0.8296305,1.0342337,0.0,0.0,0.0,0.0,0.25527325,1.1889719,0.8283427,0.0,0.0,0.66878897,1.7681623,0.44922832,0.6584276,0.0,0.0,1.0368727,0.0,0.0,0.5845484,0.0,0.0,0.0,0.0,0.0,0.5530956,1.0392264,1.3257368,0.0,1.9772482,0.82512695,1.622014,0.78263104,1.9135082,1.016366,0.89867693,0.0,0.0,0.7462,0.8734161,0.0,0.25622535,0.36924487,0.7207082,1.1458309,0.09981592,0.41281688,0.7614565,0.65782815,1.8420559,1.624233,0.27440038,0.0,0.0,1.1968288,0.0,0.21503729,0.6789442,1.1653311,0.036338944,1.5672649,1.4323777,1.1987969,0.0,0.0,0.60200775,1.0436082,0.5140189,1.7109987,1.7148786,0.117055885,1.6295118,0.0,0.529146,0.43202928,1.0033169,0.01274116,0.8886778,0.48131472,0.042167936,0.9818087,0.0,0.13781351,0.16525197,1.6758646,0.0,1.3126686,2.151809,0.51018447,1.3122765,1.2625427,0.4935834,0.0,1.4472933,0.7595133,0.0,0.0,0.45327833,0.0,0.037852254,1.0289899,1.0374988,0.0,1.3357117,1.0422893,0.72998136,0.0,0.0,0.4631924,0.0,0.38275242,2.2802646,1.1944782,0.5733111,0.0,0.0,1.2680126,0.0,0.9605648,0.0,0.0,0.6711086,1.0664865,0.0,1.6481488,0.0,0.0,0.8050083,2.269394,1.0962847,0.6010863,0.0,1.2828084,0.0,0.0,0.0,0.0,0.95226336,0.0,0.0,0.96926755,0.0,0.0,1.8416271,0.16467425,0.95057094,0.0,1.1589196,1.3160554,0.0,1
0.24999678,0.63286954,0.0,0.0,0.6954338,0.6261702,0.0,0.25612915,0.0,0.97049516,0.0,0.33585045,1.5146022,0.0,1.0302032,0.0,2.0839057,0.08798958,0.93712866,0.0,0.0,0.0,0.9913521,0.42908078,1.7049354,0.59952354,0.9384909,0.0,0.31863093,0.95714,0.07000053,1.165564,0.14361511,0.0,0.0,1.0158184,0.0,0.51452,0.0,0.0,1.3631725,0.0,1.4032383,0.0,0.13453351,0.5696077,0.77764016,0.0,0.0,0.46825182,0.0,0.9096024,0.0,0.0,1.0550647,1.3073138,0.0,0.0,0.0,0.80013025,0.9918398,0.0,0.0,1.2167252,0.0,0.0,1.3444309,0.81532544,0.507268,0.0,0.7244353,0.0,0.4345896,1.1367106,0.37626594,0.0,1.2495046,0.0,0.0,1.3386753,0.0,0.0,0.24786286,0.06044841,0.109133005,0.792462,0.16190505,0.8221273,0.5084766,0.7373903,0.9282265,0.0,1.390193,1.3230624,0.0,0.0,0.32293022,0.31587487,1.5040584,1.9880697,0.5165997,0.0,1.210844,1.832449,0.0,0.9082625,0.49704093,0.0,0.0,0.20028289,0.0,0.0,2.0331683,0.89987946,0.0,0.0,0.56859344,1.2016999,0.61850905,0.48166326,0.0,0.0,0.10981754,0.0,0.0,0.17510112,0.18022089,0.16029067,0.0,0.0,0.0,1.5842081,0.65879154,0.9889789,0.0,1.3167945,1.202922,0.83713037,0.38688904,0.97265524,1.6577203,0.5088865,0.0,0.0,0.6417382,0.90283126,0.0,0.28758544,0.5334457,1.1452997,1.3941228,0.34900177,0.0,0.5354188,0.68626857,0.69035804,1.0591158,0.452827,0.0,0.0,1.1246617,0.0,0.37683907,0.58004314,1.1243426,0.24604782,1.8591284,1.5687964,1.3409034,0.0,0.0,0.71096694,0.84104025,0.0,1.2842222,1.4757097,1.0991453,2.1517386,0.0,0.67637014,1.3116007,0.77792645,0.0,0.81987983,0.45516405,0.0,0.94433033,0.0,0.32877672,0.5839268,1.7283479,0.0,1.0809082,1.8906837,0.9718253,0.83851,0.48063055,0.7913692,0.0,1.6800445,0.0,0.0,0.0,0.2310609,0.0,0.43321654,0.74058235,0.8730325,0.06804732,1.8051614,0.6346529,0.7906062,0.0,0.53419363,0.46788114,0.0,0.35167676,1.609717,1.2630239,0.21705608,0.0,0.06396835,1.0132918,0.0,0.0,0.0,0.0,0.7122185,0.90521413,0.0,1.6690183,0.0,0.0,0.34867287,1.5429468,0.5749817,1.3245538,0.6876352,1.2498708,0.0,0.5667021,0.0,0.0,1.1571931,0.0,0.0,1.3229138,0.0,0.0,1.5474796,0.9136385,1.0627339,0.0,0.39771655,1.2789896,0.0,1
0.76470023,1.1870497,0.0,0.0,0.8748017,0.530373,0.0,0.6736283,0.0,1.451755,0.16382615,1.0820482,2.0848608,0.09439705,1.0507597,0.0,2.0672271,0.2595215,0.9599861,0.0,0.0,0.0,1.4528255,0.31416726,2.4699578,0.22841525,2.1509879,0.0,0.85948575,1.4716303,0.0,0.74959415,0.4848621,0.12662186,0.0,1.210086,0.0,0.710155,0.0,0.0,2.2462323,0.0,1.7391169,0.0,0.25358495,0.62194043,0.8596131,0.0,0.0,0.62668645,0.0,0.7999109,0.0,0.0,1.3245602,2.1001945,0.0,0.0,0.0,0.9694849,1.313953,0.0,0.0,1.560395,0.0,0.38304374,1.3068166,1.0480987,0.0,0.0,0.14759262,0.0,0.32577005,0.76758844,0.53092754,0.0,0.5882521,0.0,0.5723617,0.9229265,0.0,0.0,1.4986875,0.0,0.0,1.1813555,0.0,1.205201,0.400959,0.36634964,1.3013724,0.0,0.758276,1.3020902,0.0,0.0,0.60898966,0.0,0.78352904,2.45351,0.45574164,0.0,0.83138376,1.9231483,0.0,1.1181804,0.54465646,0.0,0.0,0.2907914,0.0,0.33332852,2.534333,0.7965342,0.0,0.0,0.8722952,2.2497067,0.13720328,0.63180107,0.0,0.0,0.24252151,0.0,0.0,0.5828732,0.4161108,0.75559306,0.0,0.0,0.0,1.54573,0.98838687,1.476177,0.0,2.101583,1.2831051,1.338761,0.0,1.1559246,0.9719918,0.864861,0.0,0.0,0.6143351,0.71020085,0.0,0.0,0.56008744,0.672861,1.1782562,0.5037224,0.0,0.9225055,1.3191043,1.3399496,1.365423,0.32035714,0.0,0.0,0.77931184,0.079805136,1.341776,0.6662367,1.4515824,0.56096524,1.7449509,1.268735,1.6190516,0.0,0.0,0.59361994,0.43261716,0.30186275,1.6554431,1.4709046,0.4800338,2.2411778,0.0,0.09519857,0.57402146,1.080916,0.0,0.9484692,0.39491668,0.04937074,1.9510477,0.0,0.50169575,0.9370686,2.2514358,0.0,1.1833827,2.0770335,1.1575645,0.7081235,0.8112875,0.70003295,0.0,2.243398,0.43761098,0.0,0.0,0.4173546,0.0,0.78051853,0.47435653,1.686977,0.39378563,1.9393635,0.4110169,0.19755639,0.0,0.31546226,0.5113829,0.0,0.0,2.6639776,1.3867828,0.31927508,0.0,0.5384397,1.0260156,0.0,0.32454073,0.0,0.0,0.86561036,0.8815393,0.0,1.5358443,0.0,0.08580996,0.38457212,2.1440873,0.94797194,1.3404764,0.0,1.72948,0.0,0.0,0.0,0.0,1.4350722,0.0,0.0,1.2212129,0.0,0.0,2.228313,0.89434344,0.6441958,0.0,1.1549144,0.47350028,0.0,1
0.5269363,0.91174537,0.0,0.0,0.1113807,1.0594409,0.0,0.61395,0.0,0.5609156,0.016056577,0.6542203,1.7498422,0.4351907,0.6413362,0.0,1.9600854,0.52624923,1.1345948,0.7678928,0.0,0.0,1.0954113,0.1792892,1.684949,0.59658945,0.8353996,0.0,0.0,2.0080202,0.19411987,0.58479494,0.5789147,0.0,0.0,1.8008235,0.033568364,1.1125339,0.0,0.0,2.1865501,0.0,1.8871542,0.0,0.52695835,0.7031717,0.1987537,0.0,0.0,0.30459416,0.0,0.44888133,0.0,0.0,1.5376827,1.0715624,0.0,0.0,0.0,0.8541809,0.40494272,0.0,0.0,1.2550784,0.0,0.40535918,0.99160266,0.7021964,0.0,0.0,0.13797499,0.0,0.1253085,0.74537975,0.50643337,0.0,0.8171868,0.0,0.18325067,0.8338014,0.0,0.0,1.2468348,0.0,0.0,1.3401028,0.00075492694,0.53249377,0.041831885,0.782821,1.1094588,0.0,0.41224396,1.0008782,0.0,0.0,0.0,0.013527684,1.2225533,2.7213042,0.36384332,0.053850483,0.52012175,2.3177583,0.0,0.9934579,0.253745,0.0,0.0,0.4528691,0.0,0.12503207,2.204279,0.77954185,0.0,0.0,0.27751586,1.8627776,0.009502267,0.79996985,0.0,0.0,0.0,0.0,0.0,0.59242165,0.79436684,0.5858322,0.0,0.0,0.0,0.7679741,1.0425292,0.6509206,0.0,2.323115,2.1442215,0.8117814,0.46148807,0.967723,0.61264485,0.8699392,0.0,0.0,0.3582702,0.65248674,0.0,0.06820919,0.0,0.9771591,0.97650796,0.7889173,0.22122131,0.6340346,0.77732706,1.2189612,1.3619102,0.7248641,0.0,0.0,0.9864778,0.376725,0.6716473,0.65395147,0.41127566,1.0220125,1.5592592,0.7215703,0.86460423,0.0,0.0,0.0,0.941,0.14252791,1.9686873,1.3487384,0.45032066,2.0191984,0.0,0.0,0.52487487,1.5810013,0.0,1.3503326,1.0261393,0.0,1.3834058,0.0,0.782085,0.98134875,0.9597508,0.0,1.3519987,1.0689019,0.5827824,1.0248953,0.31986567,1.280739,0.0,1.2468693,0.4313954,0.0,0.0,0.656276,0.0,0.49522865,0.4028132,0.80357146,0.4526948,2.0903614,0.43279886,0.9029511,0.0,0.1306744,0.08172923,0.0,0.51613915,2.7153409,1.3582667,0.16023676,0.0,0.021027828,0.41953143,0.0,0.45096305,0.0,0.0,1.3760377,0.33330297,0.0,1.3262959,0.0,0.0,0.13511626,1.2259183,0.5785788,1.250802,0.0,1.1479911,0.0,0.0,0.0,0.0,0.95588183,0.0,0.0,0.91844964,0.0,0.0,2.5310843,0.80159086,0.0,0.0,1.4270463,0.4000588,0.0,1
0.4388481,0.75971496,0.0,0.0,0.023118196,0.67964774,0.0,0.8057166,0.0,0.7229876,0.0068927947,1.1751735,1.4904562,0.016166847,0.3850314,0.0,2.0024362,0.40167075,0.968599,0.20932963,0.0,0.0,1.011574,0.0,1.7344223,0.0,1.101108,0.0,0.1876132,1.3472297,0.0,0.4172334,1.043229,0.0,0.0,1.3194939,0.31445682,0.8329641,0.0,0.0,1.9870608,0.0,1.5995929,0.0,0.9437696,0.53668875,0.6198227,0.0,0.0,0.33907583,0.0,0.44908875,0.0,0.0,1.1331016,1.1354738,0.0,0.0,0.0,1.5356834,1.0075635,0.0,0.0,1.242282,0.0,0.121306136,0.75670964,1.307365,0.0,0.0,0.37031865,0.0,0.5952484,0.13173187,0.63122475,0.0,0.38877106,0.0,0.40064514,0.7538527,0.0,0.0,0.55699146,0.0,0.0,0.9581922,0.3027881,0.46137244,0.0,0.4734616,0.7492665,0.0,0.8695863,1.1389734,0.21291545,0.0,0.0,0.71633315,0.7979219,1.8855385,1.1383628,0.0,1.3984972,1.0006903,0.0,1.0176255,0.12826608,0.0,0.0,0.5831229,0.0,0.0,2.409855,0.16709727,0.0,0.0,0.6899936,1.6818224,0.0,0.54297054,0.0,0.0,0.0,0.0,0.0,0.9609035,0.0,0.5255832,0.0,0.0,0.0,0.44639447,1.2301399,1.1291372,0.0,0.93717194,1.0805923,0.9683548,0.1953253,1.1812766,0.99443716,0.81423175,0.0,0.0,0.738623,0.21830602,0.0,0.0,0.31538633,0.6177225,1.210273,0.7798837,0.6200752,0.8089892,0.8870776,0.94390553,0.8401591,0.28015232,0.0,0.0,1.4904599,0.51290345,0.6324713,0.42700765,1.1293103,0.0,1.2442836,1.2783235,0.8409602,0.0,0.0,0.14875339,0.3772196,0.27270934,1.4125346,1.2609094,0.6023645,1.7476755,0.0,0.017600087,0.35336196,1.0583937,0.0,1.3352703,0.5445537,0.104254276,1.5920031,0.0,0.0,1.0219243,1.2420552,0.0,0.58916265,1.6474576,0.31999195,0.33978367,0.7698723,0.91866314,0.0,1.5759755,0.4502646,0.0,0.0,0.07522156,0.0,0.23890212,0.80828315,0.24539176,0.0,1.5354445,0.6753982,0.7306453,0.0,0.84472996,0.0,0.0,0.05220936,2.5452716,1.1623547,0.32682726,0.0,0.1750125,0.94066083,0.0,0.39232042,0.0,0.0,0.959093,0.29834422,0.0,0.8876962,0.0,0.0,0.34051585,1.9940732,0.89711154,0.8079544,0.0,1.6910658,0.0,0.0,0.0,0.0,0.8481353,0.0,0.0,0.662879,0.0,0.0,2.0529099,0.7908065,0.0,0.0,0.8757321,0.2941409,0.0,1
1.3960311,0.85170573,0.0,0.0,0.8262266,1.3415898,0.0,0.0,0.0,0.65070707,0.0,0.5702999,1.7918048,0.033753794,0.83851665,0.010843215,2.3314836,0.10976456,1.2491822,0.36148617,0.0,0.0,0.7123635,0.0,1.8579183,0.2260308,0.93303466,0.0,0.0,1.666852,0.06671125,1.1388396,0.8927081,0.0,0.0,1.2035362,0.073363386,0.7257662,0.0,0.0,1.8311322,0.4886038,1.5967935,0.22875793,0.9217094,0.58219,0.86317164,0.0,0.0,0.095159635,0.0,0.0,0.0,0.029101536,1.6851451,0.9542732,0.0,0.0,0.0,0.121118255,0.31993833,0.0,0.0,1.598121,0.51057065,0.42235658,0.8007024,0.59933496,0.0,0.0,0.98503083,0.0,0.3736399,1.5797676,1.2792623,0.0,0.79248124,0.0,0.8627073,1.4163079,0.0,0.0,1.5324373,0.8735016,0.5045509,1.6877856,0.0,1.5193176,0.1717523,0.89224046,1.1580578,0.0,1.335148,0.22600305,0.2421495,0.0,0.0,0.0,0.26542374,2.7041838,0.3799463,0.0,1.255608,0.3357485,0.0,1.1578537,0.44918403,0.0,0.0,0.41228944,0.0,0.0,2.4285536,0.44917524,0.0,0.0,0.71685785,1.8036546,0.32257554,0.9172075,0.0,0.0,0.5647153,0.0,0.36178517,0.9131391,0.0,0.9231143,0.0,0.0,0.0,0.061718218,0.3867376,0.23283984,0.0,1.689621,1.9701525,1.4237292,0.0,1.3248732,1.8139006,0.5670098,0.0,0.0,0.17929366,0.18807179,0.0,0.0,1.3693221,1.0175376,0.75017077,1.2464945,0.06213954,0.96677333,0.99562246,1.0443873,1.2646163,0.38070568,0.0,0.0,1.4862553,0.4523553,0.121495925,0.0,0.0,1.1824149,1.6563718,1.2703729,0.699187,0.0,0.0,0.076689176,1.2021363,0.0,0.8915847,1.627322,0.7782078,1.7633363,0.0,0.0,0.93290615,1.6810693,0.0,1.2942312,0.0,0.15735933,1.0857856,0.0,1.1469117,1.361549,1.8023969,0.0,1.0697198,1.0787662,0.67861474,0.6097037,0.0,1.8416251,0.0,1.6097459,0.26178774,0.0,0.0,1.2337968,0.37655303,0.8371789,0.5673034,0.347235,0.5681086,1.5394425,0.40716392,0.5386065,0.0,0.0,0.112101436,0.0,0.36225578,3.2036793,1.4894435,1.1845212,0.0,0.0,0.29650384,0.0,0.14884505,0.0,0.0,0.71755695,0.13039051,0.0,1.3891724,0.0,0.0,0.0,0.7421609,0.055452745,0.67497814,0.33193943,1.5759317,0.0,0.020823741,0.0,1.0468163,0.89799964,0.0,0.0,1.6859281,0.0,0.0,1.7223476,1.5821741,0.0009805748,0.0,1.1267827,0.0,0.0,1
0.0,1.2521075,0.0,0.0,1.1473311,0.72119874,0.0,0.0,0.0,0.18228872,0.24573092,0.6820973,0.7794295,0.0,0.85355556,0.0,1.7721376,0.0,1.3620973,0.0,0.0,0.0,0.98189527,0.50610787,1.1091598,0.553176,0.64492166,0.0,0.8348955,1.3270491,0.44477424,0.6519584,0.0,0.4690531,0.0,1.3011639,0.3889869,0.9941776,0.0,0.0,1.0902972,0.0,1.6434954,0.0,1.1654795,0.18099762,1.0572176,0.0,0.0,0.0,0.0,0.5256299,0.0,0.0,2.1730843,1.1950943,0.0,0.0,0.0,0.82512236,0.9450808,0.0,0.0,1.2008684,0.21526434,0.0,1.2937785,0.58194995,0.9152017,0.0,0.86788774,0.0,0.37904513,0.0,0.17264287,0.0,1.3922801,0.0,0.030547654,0.9481914,0.0,0.0,0.0,0.22350067,0.23159346,0.5022146,0.41216174,0.94990563,0.49999988,0.9439496,0.9808608,0.0,1.1929489,0.25906324,0.0,0.0,0.5014809,0.5300238,1.5128031,1.5439781,1.2805555,0.0,1.4462576,1.9363922,0.0,0.8602067,1.422057,0.0,0.0,0.23262449,0.0,0.0,0.630187,1.1259153,0.0,0.0,0.13282074,1.2609152,0.5480616,0.1827507,0.0,0.0,0.75525904,0.0,0.0,0.44810313,0.4714585,0.0,0.0,0.0,0.0,1.0311648,0.6217496,1.2358128,0.0,1.3153739,1.506086,0.969632,0.83550197,1.4264115,1.2717537,0.85580343,0.0,0.0,0.31614426,0.60283285,0.0,0.6444489,0.0,0.58129615,1.5401955,0.0979508,0.45665118,0.11221586,0.28025842,1.689668,1.2836074,0.0,0.0,0.0,1.3411196,0.0,0.0,1.0709425,0.3170996,0.35692006,1.3089219,1.7511266,1.3876555,0.0,0.0,0.85268945,1.4178087,0.096136965,0.70789987,2.2975178,0.14579442,1.6503072,0.0,0.73395705,0.49874243,0.985791,0.0,1.004036,0.076059125,0.42923397,0.424423,0.0,0.0,0.662958,1.2201201,0.0,1.4236327,1.4907538,1.0155199,0.97019494,0.5975146,0.35792825,0.0,1.7898715,0.2808551,0.0,0.0,0.36881423,0.0,0.59638685,1.1279243,0.52137804,0.0,0.96130174,0.4654211,1.2945399,0.0,0.0,0.42323816,0.0,0.56857973,2.1340582,0.65307206,1.2356802,0.0,0.0,1.0243732,0.0,0.4439151,0.0,0.0,0.65821785,0.33451605,0.0,1.1330105,0.0,0.30773255,0.777729,1.1634429,0.33118707,0.8557073,0.0,1.2942871,0.0,0.0,0.0,0.0,0.05571806,0.0,0.0,0.70174825,0.0,0.0,1.4158882,0.2796254,1.5315162,0.0,0.8755459,1.2855322,0.0,1
1.0414586,0.2483163,0.0,0.07247412,0.6934481,1.2098757,0.0,0.35038245,0.0,0.041837525,0.0,0.5362258,1.5388855,0.4779642,0.8811116,0.0,1.6387311,0.0,1.49989,1.3485888,0.0,0.0,0.8869684,0.0,1.9948152,0.26555374,1.575006,0.0,0.0,1.7658348,0.0,0.9612619,0.6266394,0.0,0.0,1.1562533,0.10626608,1.05711,0.0,0.0,2.1238658,0.4204132,1.6578268,0.0,0.19135223,0.6429299,0.49977124,0.0,0.0,0.048148382,0.0,0.1187157,0.0,0.08484106,1.485988,1.0992033,0.0,0.0,0.0,0.588506,0.17362426,0.0,0.0,0.9354112,0.4185305,0.39111033,0.6791375,0.8100369,0.0,0.0,0.29874888,0.0,0.27972767,1.3086747,1.2381012,0.0,0.4841276,0.0,0.5421213,1.2375917,0.0,0.0,1.2947102,0.6196113,0.0,1.4766227,0.0,1.532268,0.4114623,0.75075716,1.4685822,0.0,1.1522801,1.0755852,0.33735391,0.0,0.0,0.0,0.45143294,1.6549593,0.014793399,0.4344311,1.1303928,0.7530859,0.0,1.2600223,0.64343745,0.0,0.0,0.34654444,0.0,0.0,2.2146506,0.06517353,0.0,0.0,0.5403942,1.8795348,0.01967659,0.53984314,0.0,0.0,0.4504079,0.0,0.0,0.5695253,0.0,1.1365091,0.0,0.0,0.0,0.4533141,0.6872674,0.6181479,0.0,1.8996172,2.1719136,1.271038,0.0,0.7501398,0.95076317,0.6010304,0.0,0.0,0.5167277,0.32285935,0.0,0.0,0.37926626,0.7398626,1.0056838,0.9814975,0.27266282,1.5395352,0.52239066,1.0361364,1.5513991,1.0079519,0.0,0.0,0.9587695,0.7997835,1.0602611,0.4038263,0.0,1.317579,1.4118105,0.5414514,0.50951797,0.0,0.0,0.310874,0.6119365,0.0,1.9125735,1.731828,0.0,1.5284506,0.0,0.0,0.2673258,1.4161025,0.0,1.3164228,0.32137504,0.0,1.3698373,0.0,0.95094955,1.0680214,1.7262033,0.0,0.69136757,0.8160116,0.0,0.5970711,0.66432464,1.1795455,0.0,1.371227,0.62732244,0.0,0.0,1.0237825,0.22353935,0.7249084,0.2958226,0.36743662,0.63202715,1.5778074,0.016185971,0.75371903,0.0,0.23352821,0.046994213,0.0,0.51674914,2.3070097,1.4002774,0.40966293,0.0,0.1884189,0.4803502,0.0,0.43344098,0.0,0.0,1.4098568,0.49300262,0.0,1.5614644,0.0,0.0,0.0,0.97010595,0.86230874,0.7714458,0.596069,1.087933,0.0,0.0,0.0,0.45294964,1.0815201,0.0,0.0,1.5274827,0.0,0.0,2.0174923,0.965018,0.11792978,0.0,1.5330756,0.01634246,0.0,1
0.9187017,0.33506098,0.0,0.0,0.95844984,1.4680058,0.0,0.27760398,0.0,0.5557084,0.022088291,0.7337148,1.4340816,0.60099006,1.0528619,0.0,1.4548292,0.28586945,0.9329399,0.5023303,0.0,0.0,0.98742455,0.0,2.393969,0.9167652,1.2402087,0.0,0.21164484,2.2954278,0.22736552,0.40124154,0.40825558,0.0,0.0,1.8246851,0.032394674,1.0788124,0.0,0.0,2.190037,0.23084876,1.7368782,0.0,0.67950916,0.6041832,0.123254135,0.0,0.0,0.04448538,0.0,0.25381532,0.0,0.0,1.4891695,1.4968078,0.0,0.0,0.0,0.5821903,0.77560335,0.0,0.0,1.2117314,0.37465551,0.81650424,0.80714405,0.8341747,0.0,0.0,0.18881346,0.0,0.27369136,1.0262601,1.42737,0.0,1.3674529,0.0,0.28724244,1.3095936,0.03742137,0.0,1.8872558,0.2775123,0.24187964,1.8736973,0.0,1.4496535,0.26063415,0.94451374,1.124891,0.0,1.2715794,0.6150143,0.0,0.0,0.0,0.08880191,0.2994126,2.5950725,0.19174027,0.0,1.7906271,1.6425301,0.0,0.89406234,0.66478145,0.0,0.0,0.18272433,0.0,0.0,2.4618657,0.40178576,0.0,0.0,0.3906474,1.7206718,0.12624899,0.9801044,0.0,0.0,0.4938159,0.0,0.0,0.27274483,0.0,0.1780019,0.0,0.0,0.0,1.0046785,1.2113178,0.83277804,0.0,2.0950565,2.313867,0.91362077,0.45461315,1.2668784,1.2628226,0.42642945,0.0,0.0,0.21576819,0.6565525,0.0,0.0,0.59523374,1.5375494,0.7414485,1.0489334,0.13693586,0.63689333,0.4193806,1.1803523,1.5603582,0.64860165,0.0,0.0,1.0221537,0.52005,0.4798023,0.6032457,0.1520061,1.2847301,1.7995425,0.62953633,0.63933516,0.0,0.0,0.0,1.3756348,0.0,1.0980932,1.8102443,0.50053483,2.185303,0.0,0.0,0.8043464,1.1996138,0.0,1.0334946,0.16539307,0.050259892,1.0790043,0.0,0.64539206,0.5147599,1.5707376,0.0,0.90633065,1.1615027,0.65245926,0.5678688,0.34190723,1.3708792,0.0,1.5956573,0.60830766,0.0,0.0,0.88601404,0.0,0.7331351,0.38466796,0.50993913,0.95790035,1.5340523,0.09249002,0.7323472,0.0,0.0,0.0,0.0,0.56724083,2.9373739,1.368722,0.572547,0.0,0.0,0.90675807,0.0,0.9754019,0.0,0.0,1.1802706,0.778588,0.0,1.7037742,0.0,0.0,0.0,1.5180906,0.49549475,0.5833994,0.33361349,1.1124471,0.0,0.0,0.0,0.5087552,1.2420702,0.0,0.0,1.3597621,0.0,0.0,1.9576522,0.880581,0.0027205534,0.0,1.6492977,0.29325932,0.0,1
1.004089,0.10930159,0.0,0.0,0.90868944,0.98842585,0.0,0.43492877,0.0,0.026988875,0.0,0.5477756,1.6784128,0.0,1.1823769,0.0,1.7209574,0.0,1.076595,1.0929537,0.0,0.0,0.76682913,0.0,1.6329895,0.18309584,1.3557978,0.0,0.0,1.578563,0.15193936,0.9559565,0.68674856,0.0,0.0,1.051768,0.0,0.6965023,0.0,0.0,1.9959912,0.21993771,1.7258563,0.0,0.28171095,0.5052292,0.64554876,0.0,0.0,0.24760066,0.0,0.15235709,0.0,0.4084348,1.4929135,1.2305682,0.0,0.0,0.0,0.6014336,0.32029694,0.0,0.0,0.7897618,0.18829364,0.4318335,0.53641826,0.69792044,0.0,0.0,0.20064981,0.0,0.45634654,1.3933735,0.9381697,0.0,0.4675462,0.0,0.8728,1.2391057,0.0,0.0,1.0712993,0.8069169,0.0,1.009201,0.07491266,1.1489652,0.7275028,0.7406087,1.4304036,0.0,1.079685,1.2212335,0.16245034,0.0,0.059828818,0.0,0.15681721,2.0787995,0.45664454,0.0,1.0044994,0.71468306,0.0,1.032498,0.42729366,0.0,0.0,0.6980285,0.0,0.0,2.149349,0.046152506,0.0,0.0,0.5954625,1.640955,0.30876932,0.5376647,0.0,0.0,0.4192928,0.0,0.0,0.73596627,0.0,0.73231673,0.0,0.0,0.0,1.1190712,0.827147,0.638984,0.0,1.5217912,1.6131946,1.2358942,0.0,1.064528,0.94282633,0.3176722,0.0,0.0,0.5647384,0.40357867,0.0,0.0,0.35640028,0.68589246,1.0367805,0.8265422,0.16570044,1.5174054,0.21165659,0.7620978,1.4444453,0.5897297,0.0,0.0,1.1052907,0.7405319,0.7151776,0.41586152,0.0,0.53894246,1.1048052,0.5197001,0.70799416,0.0,0.0,0.38754687,0.3191137,0.0,1.723432,1.594255,0.30485526,1.7543104,0.0,0.083101735,0.43145946,1.6021992,0.0,1.3708004,0.31209326,0.074450456,1.2101406,0.0,0.82792413,0.93686795,1.5661887,0.0,0.96171534,1.052818,0.1528566,0.9065998,0.77048755,1.3801863,0.0,1.5424145,0.5854609,0.0,0.0,0.7976648,0.4453414,0.7096956,0.14934203,0.05528873,0.54104525,1.6768496,0.16583158,0.42038384,0.0,0.26289305,0.0,0.0,0.3656839,2.4696155,1.4080517,0.43178475,0.0,0.0,0.42393366,0.0,0.4210858,0.0,0.0,1.1105797,0.5355207,0.0,1.3131793,0.0,0.0,0.2365226,0.773123,0.7641642,1.2281547,0.16073251,0.9508533,0.0,0.0,0.0,0.4852489,0.65174514,0.0,0.0,1.3755352,0.0,0.0,1.9815415,1.0094934,0.31412956,0.0,1.0207374,0.08905944,0.0,1
1.003373,0.7153205,0.0,0.0,1.2317013,0.42980418,0.0,0.49102813,0.0,0.87378716,0.0,0.0,0.7737099,0.0,1.6255829,0.0,1.483818,0.0,0.9392499,0.62518877,0.0,0.0,0.0,0.40336856,1.6956428,0.0,1.6421453,0.164699,0.830355,0.6996594,0.0,1.4053918,0.4464547,0.0,0.0,1.4623873,0.0,0.6849796,0.0,0.0,1.1256827,0.0,0.8095607,0.007506985,0.50906956,0.46958873,0.7311726,0.0,0.0,0.0,0.0,0.7606851,0.0,0.0,0.66218406,1.0246376,0.0,0.0,0.0,0.4182153,1.0290812,0.0,0.0,1.2712382,0.0,0.100161776,2.0442119,0.26085237,0.2571305,0.0,0.917565,0.0,1.1414493,1.3633189,0.9871061,0.0,0.88508785,0.0,1.1640742,1.0608261,0.0,0.0,1.0678345,0.22069967,0.77970606,1.1921006,0.0,1.3251001,1.0148904,0.22910157,1.0358852,0.0,1.359583,1.6364533,0.3566177,0.0,0.18721543,0.21960191,1.1700122,1.958294,0.6143819,0.23591734,1.2847865,0.0,0.0,0.7835114,0.5821653,0.0,0.0,0.9194961,0.0,0.0,1.7496337,0.2945391,0.0,0.0,0.816381,1.6136045,0.7829203,0.43056664,0.0,0.0,0.68011045,0.0,0.17094873,0.67068446,0.056254856,0.5429909,0.0,0.0,0.0,1.5962318,0.0,1.6207762,0.0,1.301741,1.5933808,0.8414036,0.0,0.85906625,0.82529235,0.0,0.0,0.0,0.23322964,0.7482788,0.0,0.3777434,0.0,1.1030875,0.44138905,0.77607477,0.0,0.66868776,0.4341947,1.3067079,1.382042,0.22097127,0.0,0.0,1.4518607,0.0,1.0678228,0.54282504,0.688203,0.61261183,1.5166832,0.8516841,0.35409436,0.0,0.0,1.1909103,0.33630142,0.0,0.79806584,1.7320648,0.7120879,2.057169,0.0,0.76210916,0.115305685,0.25965822,0.0,0.13593769,0.0,0.0,0.5800403,0.0,0.58645594,0.8717031,1.9283441,0.0,0.7158297,1.4112327,0.7195195,0.0,1.1463622,0.861018,0.0,1.9194508,0.34190914,0.0,0.0,0.0,0.46857217,0.49736714,0.0,0.9584553,0.42337155,1.0498435,1.006052,0.16173343,0.0,0.0,0.5864164,0.0,1.0301027,2.1225126,1.4878653,0.44516495,0.0,0.0,1.055963,0.0,0.09058955,0.0,0.0,0.39593324,1.1406604,0.0,1.5923536,0.0,0.50406766,0.7641745,1.0523133,0.63900673,0.0,0.36568418,0.69077545,0.0,0.0,0.0,0.36440715,1.2939074,0.0,0.0,1.6455048,0.0,0.0,0.74270624,0.60685843,0.43530008,0.0,0.030224659,0.11704888,0.0,1
0.9335541,0.9513025,0.0,0.0,1.6309116,0.5447096,0.0,0.5324535,0.0,0.9188736,0.0,0.6146908,0.5664356,0.0,0.97094274,0.0,2.0345688,0.4752006,0.7410937,0.8128074,0.0,0.0,0.0,0.8179911,1.9364808,0.0,1.7918926,0.0,0.98497504,1.2736952,0.016903965,1.26505,0.53715146,0.27721974,0.0,1.2922868,0.0,0.5756252,0.0,0.0,0.8247992,0.0,1.0470243,0.0,0.5087943,0.6873503,1.3063967,0.0,0.0,0.11412932,0.0,1.427293,0.0,0.0,1.0937927,0.8613112,0.0,0.0,0.0,0.87003493,0.7943724,0.0,0.0,1.1577488,0.0,0.0,1.7315056,0.24490261,0.42270565,0.0,1.2453451,0.0,1.4967229,1.102919,0.89853007,0.0,0.7009383,0.0,0.8304986,1.4446353,0.0,0.0,0.36104953,0.086348295,0.8523746,1.0583495,0.30521318,1.4126531,0.5437317,0.48267332,1.1138957,0.0,1.2625707,1.0687361,0.051231287,0.0,0.52155083,0.27489525,1.6833743,2.486038,0.65249574,0.5285802,1.4047784,0.468843,0.0,0.8388736,0.9272503,0.0,0.0,0.7501274,0.0,0.08236283,2.259838,0.5370743,0.0,0.0,0.26693013,1.1881305,0.49845228,0.8742216,0.0,0.0,1.1502897,0.0,0.0,0.21676818,0.17619579,0.4580458,0.0,0.0,0.0,1.6857692,0.13137409,1.5857905,0.0,0.6191322,1.6998672,1.438624,0.0,0.64153415,0.9815021,0.26551953,0.0,0.0,0.7853512,1.2760847,0.0,0.33496454,0.0,1.1225021,0.7891634,0.58319783,0.012963263,0.9505501,0.58093,1.0440224,1.329465,0.25566262,0.17764404,0.0,1.8534214,0.0,1.1044934,0.0,0.5718307,0.5951834,1.0514358,0.60035783,0.41712442,0.0,0.0,0.64995766,0.49714658,0.0,0.36872777,2.1269262,0.4706218,2.0633721,0.0,0.60723317,0.37879804,0.38618267,0.0,0.81923896,0.0,0.0,0.19223778,0.0,0.6532479,0.8418122,1.4860551,0.0,0.9592184,1.2922361,0.7736013,0.470702,0.7462071,0.9145776,0.0,2.4315052,0.6537547,0.0,0.0,0.33525342,0.50381416,0.40067676,0.0,1.3330988,0.40325925,1.1226474,0.6069878,0.39834565,0.0,0.0,0.66741306,0.0,0.49373376,2.3616226,2.0537958,0.78562975,0.0,0.0,0.5988925,0.0,0.0,0.0,0.0,0.0,0.8233219,0.0,1.3922042,0.0,0.41311613,0.09754448,1.0098642,0.6662613,0.0,0.14923838,0.7296004,0.0,0.46633315,0.0,0.4492815,1.0797452,0.0,0.0,1.6472256,0.0,0.0,0.18904902,0.96597785,0.62039596,0.0,0.7503062,0.0,0.0,1
1.4652853,0.45266527,0.0,0.2372107,1.2246814,1.075509,0.0,0.0,0.0,0.60252887,0.0,0.0,0.9725871,0.0,0.8341107,0.0,2.3629904,0.6469705,1.1930188,1.8754088,0.0,0.0,0.0,0.0,1.0946976,0.379831,1.1573745,0.6978416,0.23082389,1.6085485,0.0,1.1671494,1.0038344,0.0,0.0,1.3641918,0.0,0.5434224,0.0,0.0,1.6691425,0.0,1.3436718,0.0,0.64826167,0.8409233,1.0205827,0.0,0.0,0.0,0.0,0.75922436,0.0,0.0,0.8398735,0.9652485,0.0,0.0,0.0,0.5778747,0.59601337,0.0,0.0,0.78324574,0.0,0.06313674,1.3137338,0.5639871,0.086809754,0.0,0.51370555,0.0,1.1711701,1.6867785,1.1264534,0.0,0.19545461,0.0,0.5964959,1.190605,0.0,0.0,0.70242983,0.44657588,1.0849441,0.6686434,0.0,1.815033,0.36572093,0.71527666,1.7372311,0.0,1.2063254,1.7580936,0.3505766,0.0,0.23574989,0.021262936,1.22844,2.8855493,0.49645838,0.56437016,1.0989777,0.35045838,0.0,1.08776,0.7056832,0.0,0.0,1.5317492,0.0,0.053513154,3.1622381,0.7180981,0.0,0.0,0.9360204,1.1879419,0.31929672,0.3087789,0.0,0.0,0.7555602,0.0,0.0,0.8584747,0.5718953,1.4286075,0.0,0.0,0.0,1.1397929,0.47428414,1.1306276,0.059451263,0.67027164,1.7883714,1.7004441,0.0,0.02939554,1.3330272,0.32800665,0.0,0.0,0.27164742,0.9766732,0.0,0.4282626,0.46140674,0.92666084,0.06430701,1.3879089,0.1636782,1.8494813,0.22624719,0.8643937,1.2740424,0.43189088,0.12805937,0.0,1.8235544,0.46276093,1.1043668,0.0,0.28109246,0.92346907,1.162376,0.6996081,0.37535897,0.0,0.0,0.57425267,0.25906995,0.0,0.3468609,1.8240037,0.47158334,2.1353614,0.0,0.568935,0.21206284,0.5149806,0.0,0.9309284,0.0,0.0,0.5890566,0.0,1.3046839,1.3673071,1.0782201,0.0,1.2361118,0.8032685,0.0,0.7203209,0.35462677,1.369378,0.0,2.3033767,0.0,0.0,0.0,0.87409866,1.1354988,0.77207553,0.0,0.7919613,0.10453767,1.8395574,0.6242334,0.31361082,0.0,0.0,0.5930213,0.0,0.76301914,2.5488646,1.9919924,0.3867517,0.0,0.0,0.39277858,0.0,0.0,0.0,0.0,0.0,0.45574543,0.0,0.8694885,0.0,0.17869703,0.0,0.3756423,0.21902911,0.07250616,0.0,0.92040634,0.0,0.34722754,0.0,0.4501113,1.0074513,0.0,0.0,1.1883221,0.0,0.0,1.2240105,1.2495233,0.0,0.0,0.59552073,0.0,0.0,1
0.73614115,0.22574106,0.0,0.0,1.076941,0.8017704,0.0,0.5820084,0.0,0.9506141,0.0,0.6159471,1.210389,0.0,0.5385681,0.0,2.3374481,0.5593353,1.3681889,1.1869096,0.0,0.0,0.0,0.46465632,1.9195377,0.0,1.2192851,0.59511036,0.52582645,1.2445893,0.0,1.4436314,0.96741635,0.0,0.0,1.3475597,0.0,0.37162519,0.0,0.0,1.2109543,0.0,1.139602,0.0,0.6418206,0.7206172,1.1438184,0.0,0.0,0.23658852,0.0,0.40194476,0.0,0.0,0.6510318,0.7675184,0.0,0.0,0.0,0.86294997,0.78797543,0.0,0.0,1.1093274,0.0,0.13731624,0.9697632,0.5100825,0.19165611,0.0,0.8738229,0.0,0.74468505,1.671667,1.3260808,0.0,0.60673815,0.0,0.60971236,0.6741737,0.0,0.0,1.0511221,0.16490501,0.7821031,1.4635723,0.0,1.6106182,0.44553438,0.53715056,1.5645946,0.0,0.44825685,1.20497,0.34489456,0.0,0.10030635,0.0,1.3849272,2.5175958,0.2992697,0.21857843,1.2287602,0.15948848,0.0,0.7666115,0.47639388,0.0,0.0,1.0711402,0.0,0.0,2.7431242,0.5226532,0.0,0.0,0.58995247,1.3152679,0.2601695,0.68090975,0.0,0.0,0.9390561,0.0,0.0,1.030922,0.9742076,0.53701067,0.0,0.0,0.0,1.5553223,0.11059722,1.4932561,0.0,1.1577445,1.9395212,1.090082,0.0,0.44651225,0.7131208,0.34148353,0.0,0.0,0.25046873,0.77533734,0.0,0.32324165,0.0,0.98193926,0.63232636,1.39241,0.37455556,1.2203778,0.66865116,0.93738294,1.4126949,0.39183605,0.02513233,0.0,1.3680066,0.33993766,1.1670898,0.0,0.1268918,0.5807476,1.2384039,0.6733882,0.31546775,0.0,0.0,0.25758445,0.0,0.0,0.4653238,1.5877898,0.0055437894,1.8308506,0.0,0.4747966,0.7266668,0.96383005,0.0,0.76519847,0.0,0.0,0.9070967,0.0,1.0711389,1.6001871,0.8466104,0.0,0.88531035,0.9471493,0.5051797,0.38649362,1.0278834,0.39445397,0.0,2.077731,0.31256586,0.0,0.0,0.75826275,0.6092952,0.63809335,0.0,1.3576579,0.52307135,1.6266559,0.90513414,0.36015987,0.0,0.0,0.93320537,0.0,0.7640758,2.1366918,1.6279379,0.50491613,0.0,0.0,0.056308907,0.0,0.0,0.0,0.0,0.19523329,0.4311466,0.0,0.94042486,0.0,0.0,0.0,0.8702462,0.5205703,0.0,0.0,0.9353492,0.0,0.0,0.0,0.57977384,1.0482925,0.0,0.0,1.1888161,0.0,0.0,0.9126237,1.0563842,0.0,0.0,0.7067779,0.0,0.0,1
0.64402014,0.6782144,0.0,0.0,0.6257426,1.2102748,0.0,0.0,0.0,1.189917,0.040408947,1.6595936,1.152156,0.49108252,0.77308863,0.0,2.1600282,0.0,2.1381242,0.4075484,0.0,0.0,1.9806694,0.09389131,1.8084935,0.5412937,1.2520463,0.0,0.1883234,1.6246724,0.46459165,0.974284,0.0,0.84509796,0.0,1.9435663,0.7753912,1.4069965,0.0,0.0,2.0294297,0.0,1.4288442,0.0,0.3692896,0.30239627,1.3724947,0.0,0.0,0.0,0.0,1.1829089,0.0,0.0,1.825507,1.9646503,0.0,0.0,0.0,0.94524086,0.38977864,0.0,0.0,0.9080758,0.06924847,0.20628546,1.3390652,0.99587315,0.2190972,0.0,0.74156356,0.0,0.0,0.07633693,0.0,0.0,1.0167503,0.0,0.7371976,1.345376,0.0,0.0,0.918731,0.0883131,0.5071886,1.4070365,1.0826023,1.0715966,0.20304352,1.2935059,0.35904866,0.0,1.0781343,0.8986834,0.0,0.1021272,0.0,0.0,1.2186898,3.1059873,0.22937354,0.0,1.0404079,2.7572186,0.0,1.2435254,0.45187798,0.0,0.0,0.0,0.0,0.015210406,2.3701954,1.0779953,0.0,0.0,0.18919396,2.6506076,0.6644063,0.03203982,0.0,0.0,0.46144167,0.0,0.0,0.18143623,0.46906835,0.0,0.0,0.0,0.0,1.1343983,1.4470488,1.4789958,0.0,1.8917198,2.4446197,0.71794075,0.87031007,1.8835381,1.0885706,0.8141183,0.0,0.0,0.12677196,0.6038118,0.0,1.2813232,0.12200406,1.2939897,1.9179156,0.45724386,0.73602724,0.47920623,1.0807265,1.3601346,1.159566,1.0324491,0.0,0.0,0.0,0.0,0.0,0.104196906,0.4700125,0.91600883,2.689936,1.5416716,1.6462641,0.0,0.0,0.885741,2.1528425,0.5283961,1.50619,1.4866453,0.98443705,1.2597489,0.0,0.23933963,1.0382464,1.2010543,0.23817912,1.305825,1.1068536,1.0763348,1.1054491,0.0,0.09654343,0.46117777,1.1301922,0.0,1.1268765,1.4308826,1.4001678,1.9110669,0.62191933,0.094938114,0.0,2.375401,0.061378654,0.0,0.0,1.0418748,0.0,1.1639167,1.4018317,0.4035631,0.123932995,2.6688757,1.3945845,1.326401,0.0,0.79592323,0.6802114,0.0,0.24705999,3.5571802,1.6099739,1.0979172,0.0,0.0,0.7626529,0.0,0.68371505,0.0,0.0,1.7862049,0.037820745,0.0,1.1363777,0.0,0.0,0.0,1.514429,1.4809338,1.5782505,0.3680542,1.9707031,0.0,0.08267104,0.0,0.31912947,0.7133854,0.0,0.0,1.3865745,0.0,0.0,1.6125973,1.0145801,0.695394,0.0,2.389646,0.69699967,0.0,1
1.517423,0.0,0.0,0.0,1.2805617,0.40193897,0.0,0.24277584,0.0,1.0454458,0.0,0.0,1.3202904,0.0,1.2616384,0.0,2.0060341,0.5666351,0.804617,1.0074131,0.0,0.0,0.0,0.0860485,1.6599566,0.14849922,1.092123,0.5054827,0.35148323,1.1544803,0.0,1.313894,1.0317372,0.0,0.0,1.3356142,0.0,0.29793054,0.0,0.0,1.4359632,0.0021916346,1.0329902,0.0,0.3943561,0.47078273,0.99832433,0.0,0.0,0.0,0.0,0.36025187,0.0,0.0,0.7978911,0.55231184,0.0,0.0,0.0,0.75514245,0.5724962,0.0,0.0,1.2134765,0.0,0.53493285,1.0107921,0.1507226,0.2551455,0.0,0.41277736,0.0,1.1728107,1.3835205,1.2741295,0.0,0.25923663,0.0,1.3074863,1.3000642,0.0,0.0,0.63522905,0.54194975,0.69188154,1.3636338,0.0,1.5792477,0.6087982,0.22567815,1.2454259,0.0,1.0712619,1.3897432,0.5204636,0.0,0.16020194,0.0,0.8364792,2.6074402,0.7214631,0.3897426,1.4514487,0.1606041,0.0,0.695964,0.34480652,0.0,0.0,0.94054997,0.0,0.0,2.61238,0.3452683,0.0,0.0,0.7436408,0.9912379,0.3518342,0.5493919,0.0,0.0,0.8931652,0.0,0.0,1.2009276,0.4628745,1.2605187,0.0,0.0,0.0,0.9217808,0.22038871,0.77187294,0.0,1.1813602,1.295609,1.1874328,0.0,0.75099117,1.312373,0.0,0.0,0.0,0.40131712,1.2054641,0.0,0.40974107,0.8018855,0.9317251,0.28219247,1.1890718,0.008131532,0.8492686,0.5838555,0.8812357,1.2804912,0.0,0.0,0.0,1.8267728,0.0,0.7899756,0.047571894,0.0,0.3251838,0.831901,0.6130658,0.016528033,0.0,0.0,0.83972275,0.076689586,0.0,1.0794545,1.8336722,0.2724442,1.9969599,0.0,0.0,0.33927453,0.90270245,0.0,1.1095569,0.0,0.0,0.7933368,0.0,1.3335984,1.2875918,1.7214831,0.0,0.4356123,1.5135381,0.29126602,0.69598883,0.60821223,1.0681316,0.0,2.0281255,0.29790613,0.0,0.0,0.92945004,0.57366,0.5018191,0.16022915,1.0198783,0.74390066,1.7996708,0.40036058,0.0,0.0,0.19532119,0.33552143,0.0,0.60459304,2.6745737,1.6828704,0.8516759,0.0,0.20941457,0.4891896,0.0,0.2187748,0.0,0.0,0.0,0.6004698,0.0,1.1789027,0.0,0.0,0.25219944,0.90022147,0.30813113,0.0,0.0,0.7572136,0.0,0.3381542,0.10619736,0.89800555,1.1467854,0.0,0.0,1.6113409,0.0,0.0,1.1311572,1.5884328,0.0,0.0,0.0,0.0,0.0,1
0.41178343,0.24475005,0.0,0.0,1.2874846,0.0,0.0,1.5448091,0.0,1.0529222,0.0,0.0,1.515691,0.5585389,0.76272607,0.0,0.8535748,0.6453965,0.9454518,0.22163346,0.0,0.0,0.7968692,1.2371128,2.5940905,0.3581947,1.6370624,0.0,0.72747433,1.2096162,0.0,0.8470696,0.11644863,0.0,0.0,0.2770165,0.0,0.83076787,0.0,0.0,1.7521038,0.0,0.8309924,0.0,0.35316285,0.25344494,1.0294139,0.0,0.0,0.65818584,0.0,0.88958234,0.0,0.057411,0.71344304,1.5331289,0.0,0.0,0.0,1.1650035,1.0388517,0.0,0.0,2.001728,0.21766797,0.0,1.2335465,1.1934338,0.95730287,0.0,0.31580612,0.0,0.80285436,1.107702,0.0,0.0,0.7797712,0.0,0.79114825,1.0481776,0.0,0.0,1.1336265,0.12561795,0.0,1.0292294,0.75817734,0.9622424,1.5268413,0.7348076,1.8247437,0.0,0.5513,1.1852716,0.25980595,0.0,0.4655245,0.600235,1.1281179,1.4527563,0.6554517,0.0,1.1410716,1.944166,0.0,0.640425,0.40150836,0.0,0.10084859,0.1616953,0.0,0.017249214,1.9089236,0.4777168,0.0,0.0,0.7084146,1.0745455,1.0658679,0.9771592,0.0,0.0,0.47405577,0.0,0.0,0.0086984495,0.10421913,0.13810666,0.0,0.0,0.0,1.681605,1.5972451,1.5226231,0.0,0.9477347,1.5871371,0.62602377,0.4646235,1.0416552,0.7723094,0.14019302,0.0,0.0,1.4108173,0.88678765,0.0,0.0,0.0,1.3958335,1.8801392,0.59817624,0.063354805,0.6600843,1.0063459,1.6015145,1.1178514,1.0790788,0.0,0.0,1.7411735,0.0,0.8940055,1.5160702,0.899653,0.0,1.1966734,0.8475836,1.1529123,0.0,0.0,1.0559931,0.45771986,0.31687412,1.2590292,1.379272,1.0358336,2.3312485,0.0,0.8143732,0.4962275,0.8555339,0.0,0.13453299,0.46109757,0.0,1.605761,0.0,0.0,0.8923108,2.3728926,0.0,0.63825583,1.9671934,1.3187622,0.6915287,0.9106946,0.51444554,0.0,1.5009813,1.1960475,0.0,0.0,0.0,0.0,0.6552958,0.14844278,1.952828,0.30121967,0.9300566,0.08355871,0.85918117,0.0,0.0,0.4219498,0.0,0.092275314,2.2177286,0.9245958,0.861384,0.0,0.0,1.1289767,0.0,0.25922516,0.0,0.0,1.2684332,0.73975194,0.0,1.834317,0.0,0.7144747,1.1136464,1.7093441,0.8373549,0.93000406,0.39935973,0.3592538,0.0,0.0,0.0,0.0,1.1950383,0.0,0.0,1.8411357,0.0,0.0,1.1743808,0.42985293,0.31755587,0.0,0.09011976,0.44584018,0.0,1
1.1991534,0.75245893,0.0,0.0,1.3541328,0.8256278,0.0,0.5905561,0.0,0.99116075,0.0,0.0,1.148023,0.0,1.4479733,0.0,2.7103364,0.0,0.80715615,1.1631489,0.0,0.0,0.17991145,0.0,1.3370413,0.0,1.8671427,0.253785,0.54825544,1.1919075,0.0,0.8797432,0.989724,0.0,0.0,1.1732675,0.0,0.0,0.0,0.0,1.4622192,0.57113206,1.5341663,0.0,0.30114397,0.6332147,0.9306429,0.0,0.0,0.77434886,0.0,0.13325584,0.0,0.11114733,1.4715253,1.2080402,0.0,0.0,0.0,0.81960833,0.49832568,0.0,0.0,0.677928,0.0,0.041420862,1.1232386,0.40176275,0.3145485,0.0,0.5337728,0.0,0.40468898,1.4120805,0.99616724,0.0,0.0,0.0,0.8507451,1.3269923,0.0,0.0,0.7492739,0.0,0.50993145,0.974081,0.03610586,1.5115638,0.61119556,0.44352156,1.7827085,0.0,1.3284205,1.3588982,0.33468178,0.0,0.49804035,0.0,1.0690718,1.7834827,1.2689116,0.25749844,1.159556,0.28380087,0.0,1.1812749,1.0427108,0.0,0.0,1.1588832,0.0,0.0,2.4563656,0.51629406,0.0,0.0,0.6658538,1.6933953,0.9963524,0.72016996,0.0,0.0,0.60982484,0.0,0.0,1.155113,0.46591097,1.3885604,0.0,0.0,0.0,1.3504506,0.16435346,1.3334894,0.0,1.0797205,1.5594555,0.7125202,0.0,0.7275599,0.99484754,0.23602356,0.0,0.0,0.20059821,0.6849535,0.0,0.18498246,0.6752607,0.49108872,0.667006,1.6583074,0.32358998,1.4271713,0.45413426,1.0692627,0.99563485,0.0,0.0,0.0,1.1528335,0.65239483,1.600971,0.33134073,0.41110092,0.91234285,1.1891704,0.8278166,0.59454143,0.0,0.0,0.85114515,0.12923145,0.0,0.4847265,1.9171424,0.28234318,2.3674738,0.0,0.9728719,0.70696914,1.4152689,0.0,0.56491536,0.0,0.0,0.80409825,0.0,1.3032125,2.203818,1.7654512,0.0,0.6279128,1.4385164,0.557861,0.3541001,0.6541048,1.3214079,0.0,1.9020367,0.0,0.0,0.0,0.7331892,0.7448157,0.58127433,0.0,1.4755596,0.53807914,1.5500288,0.5813243,0.005356887,0.0,0.0,0.25210777,0.0,0.39841014,2.4743168,2.0297706,0.33460382,0.0,0.0,0.68584347,0.0,0.0,0.0,0.0,0.16576537,0.18258424,0.0,0.8648737,0.0,0.75149506,0.31013876,0.49126822,0.4144501,0.024645,0.0,1.1898577,0.0,0.5468585,0.0,0.21910423,1.1262902,0.0,0.0,1.340838,0.0,0.0,1.1284776,1.179903,0.30637392,0.0,0.0,0.0,0.0,1
0.6882075,0.45330533,0.0,0.0,0.8176036,1.6373729,0.0,0.2506171,0.0,0.49507397,0.0,0.8954737,1.8094085,0.809518,0.431904,0.0,2.0097325,0.1849042,1.4110501,0.80540174,0.0,0.0,1.3435744,0.0,1.689137,0.099312454,1.5260687,0.0,0.0,1.6073037,0.25305212,0.5788092,0.63137966,0.14632747,0.0,1.7564111,0.2808622,1.1142207,0.0,0.0,2.3075883,0.0,1.680398,0.0,0.42119846,0.64374036,0.7590664,0.0,0.0,0.21327482,0.0,0.44178137,0.0,0.15142755,1.3654159,1.7185835,0.0,0.0,0.0,0.99839854,0.42771095,0.0,0.0,1.1991595,0.0,0.68297684,0.99753165,1.0677216,0.20164418,0.0,0.45576146,0.0,0.4383701,0.7807142,0.48271775,0.0,0.33953798,0.0,1.0184088,1.3528283,0.0,0.0,0.6505202,0.14335454,0.0,1.2789807,0.2398965,1.0797374,0.18555284,0.8385194,1.4261832,0.0,0.7516573,1.0500783,0.0,0.07190068,0.117785044,0.0,0.7100944,2.1453297,0.48480806,0.0,1.2675714,1.9404179,0.0,1.2046028,0.62619203,0.0,0.0,0.07182193,0.0,0.20085086,2.6874065,0.30847782,0.0,0.0,0.57839143,2.513714,0.10108884,0.5625146,0.0,0.0,0.35033467,0.0,0.0,0.93270886,0.31637794,1.0031725,0.0,0.0,0.0,0.70767725,1.2401592,0.93381256,0.0,1.7470001,1.9767219,1.0314173,0.19801277,1.2726183,0.79701185,0.4297312,0.0,0.0,0.0,0.4596282,0.0,0.16924818,0.36799106,0.55433506,1.1924344,0.7782373,0.28380942,1.2960551,0.5990876,0.92219234,0.95952576,0.915763,0.0,0.0,0.35220847,0.7269977,0.57895637,0.368465,0.62612253,0.96049744,1.5484226,1.14878,1.1197779,0.0,0.0,0.37333307,0.79685414,0.0,1.6955757,1.1845485,0.5507507,1.8967171,0.0,0.0,0.9430255,1.0989381,0.18409699,1.5569772,0.63020045,0.10150546,1.5934559,0.0,0.5601639,0.86886996,1.4052587,0.0,1.1160709,1.5335093,0.24912591,1.1934668,0.82479155,0.8017571,0.0,1.856209,0.6655273,0.0,0.0,0.7931161,0.0,0.7753357,0.28103414,0.38288388,0.55996937,1.8338344,0.64931357,0.65862215,0.0,0.32737055,0.010073426,0.0,0.27525914,2.8681161,1.4158862,0.5390951,0.0,0.2588537,0.7662084,0.0,0.31760943,0.0,0.0,1.1621305,0.72801185,0.0,1.0561905,0.0,0.0,0.24057673,1.5070865,0.8578713,1.7141927,0.40338695,1.5445058,0.0,0.0,0.0,0.0,1.1723051,0.0,0.0,1.2855017,0.0,0.0,1.9899672,1.1318557,0.4727625,0.0,1.0064706,0.58879244,0.0,1
0.8033084,0.93830246,0.0,0.0,0.88908994,1.0936159,0.0,1.1609656,0.0,0.5833708,0.0057915393,0.76091754,1.7623708,0.22135575,0.5187854,0.0,1.9042138,0.24729843,1.0213003,0.0,0.0,0.090156525,1.073443,0.81783175,2.1369262,0.15143543,1.7514393,0.0,0.47817433,1.4871525,0.51866084,0.92678905,0.5991326,0.1639535,0.0,1.624118,0.0,1.1351291,0.0,0.0,1.9619569,0.0,1.3117679,0.0,0.16544472,1.1346009,1.1823072,0.0,0.0,0.44649887,0.0,0.46689993,0.0,0.09440462,1.0314271,1.7154925,0.0,0.0,0.0,0.5419801,0.73358864,0.0,0.0,1.5922983,0.4019246,0.7275698,0.97704846,1.0617887,0.032678485,0.0,0.6327779,0.0,0.9451408,0.8629815,0.65163183,0.0,0.5457618,0.0,1.0597556,1.012475,0.0,0.0,1.6582298,0.05033875,0.0,1.4187539,0.24020536,0.8877217,0.63528144,1.3374231,0.70854276,0.0,0.48902538,0.9661461,0.0,0.0,0.38827598,0.07841831,0.8898066,2.0917795,1.0467962,0.0,0.9339006,2.1561863,0.0,1.0383282,0.63452435,0.0,0.0,0.17006537,0.0,0.23591687,2.4652157,0.23367728,0.0,0.0,0.5337672,2.6538057,0.27658918,0.7661111,0.0,0.0,0.6025891,0.0,0.0,0.44319755,0.45183557,0.0,0.0,0.0,0.0,1.0127939,1.1904358,0.88398767,0.0,1.5805018,2.2042227,0.90353864,0.6549547,1.4948142,0.51162356,0.20765282,0.0,0.0,0.34067395,0.6545214,0.0,0.19314767,0.0,0.947983,1.189262,0.10821925,0.2384445,0.87290066,1.0376567,1.1605295,0.83086956,0.15583642,0.0,0.0,0.7400443,0.4706157,0.6549865,0.68805236,0.72840375,0.96533704,1.5265702,1.3619723,1.0772886,0.0,0.0,0.0,0.64662534,0.0,1.7695123,1.2330033,1.0320984,2.0170593,0.0,0.0,0.22302511,0.966855,0.07498889,0.9948157,0.80969405,0.64876837,0.95786333,0.0,0.85589355,0.88435566,1.1721928,0.0,1.1176044,1.6724037,0.6521609,0.9361348,1.0808398,0.89769995,0.0,2.0115924,1.2259676,0.0,0.0,0.3415355,0.0,0.50714827,0.5476941,0.65010816,0.24984245,1.5182405,0.43750504,0.6479277,0.0,0.13396555,0.13407718,0.0,0.37767068,2.725508,1.3966463,0.62375474,0.0,0.20629561,1.1844354,0.0,1.0661199,0.0,0.0,1.2874128,1.1098489,0.0,1.4345875,0.0,0.42057574,0.38090324,1.8148901,0.9926337,0.77213365,0.0,1.5909566,0.0,0.0,0.0,0.0,1.218642,0.0,0.0,0.7680791,0.0,0.0,1.9360464,0.8887296,0.67720574,0.0,1.1239904,0.49222073,0.0,1
1.4084448,0.87400407,0.0,0.0,1.350502,0.7977276,0.0,0.31002182,0.0,0.71531975,0.0,0.7609304,1.2616757,0.0,1.355624,0.0,2.3611946,0.6339896,0.48208886,0.6173616,0.0,0.0,0.49872336,0.6356605,1.5412024,0.050132677,1.4258345,0.0,1.1322086,1.0090656,0.0,1.8001219,0.44177943,0.0,0.0,1.4562953,0.0,0.40502295,0.0,0.0,1.5901144,0.3717192,1.185663,0.0,0.7965278,0.6168666,0.5147157,0.0,0.0,0.0,0.0,0.7903484,0.0,0.0,1.3330032,0.72875994,0.0,0.0,0.0,0.15102936,1.0116744,0.0,0.0,1.3661717,0.0,0.2080677,1.5071563,0.36410588,0.40498084,0.0,0.62645406,0.0,0.9192478,1.4354475,0.748513,0.0,0.0,0.0,1.1241171,0.8499431,0.0,0.0,1.0374682,0.0,0.6792615,0.94245756,0.36969224,0.7585751,0.9923311,0.12993103,1.0871813,0.0,1.1905416,1.071321,0.13361964,0.0,0.3749655,0.24594681,0.9804538,2.069221,1.2526851,0.0,1.3706263,0.0,0.0,1.1604798,0.67873853,0.0,0.0,0.58782244,0.0,0.73791796,1.7265369,0.78349894,0.0,0.0,0.0,1.819378,0.24335651,0.898203,0.0,0.0,0.6424266,0.0,0.0,0.5459984,0.36351717,0.8014963,0.0,0.0,0.0,1.9657161,0.1592434,1.7564621,0.0,0.7365761,1.2209514,0.958267,0.0,0.9300617,0.73056537,0.17030096,0.0,0.0,0.31810018,0.97984004,0.0,0.75138605,1.0577661,1.5190196,0.1498369,0.15067233,0.0,1.2079984,0.37257975,0.98030144,1.1359468,0.051654477,0.0,0.0,1.0592543,0.36466938,1.1617831,0.59452283,0.50598556,0.9114934,1.2982403,1.0001858,0.25282896,0.0,0.0,0.8097763,0.0,0.0,0.61803883,2.1100123,0.96005064,2.3839285,0.0,0.6697547,0.026125634,0.6594989,0.0,1.0677718,0.0,0.0,1.0314085,0.0,0.71412486,0.27004397,1.9857156,0.0,0.896639,1.0097699,0.53553987,0.5578917,0.8116442,1.0925725,0.0,1.8896655,0.531046,0.0,0.0,0.032730423,0.52565444,0.0,0.0,1.2755543,0.40914872,1.4778922,0.91921514,0.0,0.0,0.0,0.9208433,0.0,0.0,2.6023223,1.6689532,0.8152199,0.0,0.0,0.68679714,0.0,0.40370446,0.0,0.0,0.25054052,1.3420084,0.0,1.1705637,0.0,0.6532415,0.1683449,1.0378401,0.6245381,0.11401346,0.0,0.9428021,0.0,0.15859708,0.0,0.0,1.5547677,0.0,0.0,1.7744007,0.0,0.0,0.8496083,1.0707569,0.06677284,0.0,0.63438076,0.074292354,0.0,1
0.42240915,1.3848503,0.0,0.0,0.932082,0.64085114,0.0,0.6366683,0.0,0.46555266,0.0,0.8647355,1.0282841,0.009088498,1.4896547,0.0,1.9164438,0.0,0.4763191,0.220588,0.0,0.0,1.3621544,0.31065664,2.1340337,0.11613414,1.5847973,0.0,0.7318092,1.5179555,0.0,0.7120194,0.0,0.0,0.0,1.0930552,0.0,0.43098903,0.0,0.0,1.6088251,0.0,1.5520086,0.0,0.4312193,0.29603937,0.7776134,0.0,0.0,0.0,0.0,1.2317225,0.0,0.0,2.0387125,1.5500731,0.0,0.0,0.0,0.5910361,0.0771493,0.0,0.0,1.2892615,0.0,0.0,1.6851966,0.73831445,0.67138433,0.0,0.32397255,0.0,0.7532108,0.15371636,0.5101045,0.0,0.82059836,0.0,0.52845895,1.0656829,0.0,0.0,0.09163737,0.12032485,0.34252205,0.55981874,0.56664133,1.1268414,0.47267047,0.9575433,0.5860916,0.0,0.83979034,1.1824206,0.0,0.008231201,0.5139256,0.0,1.6980804,2.1347816,0.86006975,0.11442915,0.79886395,1.888981,0.0,0.58198875,0.5981006,0.0,0.0,0.0,0.0,0.24630485,2.1690392,0.6021472,0.0,0.0,0.53128666,1.5148054,0.59936404,0.45883492,0.0,0.0,0.7465345,0.0,0.0,0.29238832,0.12327307,0.048194896,0.0,0.0,0.0,1.8880032,0.96884394,0.9345916,0.0,1.44782,1.2645206,1.0092626,0.0,1.706362,0.8542013,0.3833145,0.0,0.0,0.0,1.1539999,0.0,0.0,0.15126744,1.0341556,1.4109093,0.6093621,0.17439553,0.74590033,0.56621116,0.78906065,1.538476,0.0,0.0,0.0,0.99136066,0.0,0.48718947,0.8639489,0.8659719,0.2412392,1.6918529,1.7905681,1.1971322,0.0,0.0,0.73132616,0.77670896,0.19067639,1.3828875,1.8418946,0.5999187,2.2904637,0.0,1.013944,0.75847083,1.0673584,0.0,0.6981829,0.50441307,0.06564444,0.663271,0.0,0.0,0.81383276,1.7501312,0.0,1.0647401,1.49645,1.1502119,1.4263624,0.3880863,0.9031817,0.0,1.7438192,0.0,0.0,0.0,0.7804337,0.13211751,0.67523724,0.4273189,1.1492658,0.124718316,2.045856,0.8852497,1.0524876,0.0,0.18779738,0.29876623,0.0,0.0,2.3669531,1.6905545,0.66480166,0.0,0.0,0.9344517,0.0,0.0,0.0,0.0,1.0625087,0.2989547,0.0,1.3236606,0.0,0.003321422,0.57918215,0.9851059,1.0986599,1.0444621,0.4350984,1.345542,0.0,0.29686216,0.0,0.09096622,0.75501543,0.0,0.0,1.4779056,0.0,0.0,1.7020714,0.8011937,1.5112714,0.0,0.8416663,0.42958796,0.0,1
0.6331786,0.6553169,0.0,0.0,1.7058871,0.42721528,0.0,1.2953904,0.0,1.3800269,0.0,0.6262796,0.92499435,0.20735644,0.78421783,0.0,1.1946499,0.0,1.0000267,0.0,0.0,0.009119621,0.36793324,1.623214,2.0322452,0.0,2.313338,0.0,1.3614835,0.8845362,0.4686874,1.6892812,0.0,0.11599969,0.0,0.55970985,0.33045596,0.12029619,0.0,0.0,0.8825217,0.060858995,0.8411478,0.0,0.8506799,0.8348812,1.5822916,0.0,0.0,0.8665473,0.0,1.107096,0.0,0.0,0.6903815,0.34020525,0.0,0.0,0.0,0.47881517,1.8514314,0.0,0.0,2.7141736,0.0,0.0,1.0633279,1.3612158,1.2368867,0.0,0.37490705,0.0,1.1088972,0.29455525,0.0,0.0,0.81006885,0.0,0.5971251,0.5208172,0.0,0.0,0.9623912,0.06949717,0.112398386,1.422929,0.8699056,0.96374536,1.5617688,0.457929,1.5225635,0.0,1.0352209,0.7015052,0.11548331,0.0,1.2127577,1.267973,2.2392988,1.5960284,2.1304111,0.0,0.95982414,2.5344675,0.0,0.030638766,0.5841805,0.0,0.0,0.30354378,0.0,0.80084795,2.4220734,0.89787185,0.0,0.0,0.0,1.4961027,1.0163758,2.184311,0.0,0.0,1.2232084,0.0,0.0,0.0,0.45623082,0.14405777,0.0,0.0,0.0,1.8207158,1.4726055,1.8089167,0.0,1.0571164,1.0165298,1.2434232,0.13174008,2.0513284,1.2251011,0.6407935,0.0,0.0,1.0531456,1.5709534,0.0,0.023931524,0.0,2.3606005,2.2057612,1.180565,0.0,0.34512237,0.7986984,2.274281,2.0639791,0.18054904,0.0,0.0,1.8804634,0.0,0.56137854,1.4439223,1.7040565,0.19491526,0.7225542,0.9301848,0.43691137,0.0,0.0,0.9391656,0.40091953,0.69878066,1.6200148,1.4226106,0.008131943,2.3542118,0.0,0.9043506,0.25613627,1.0019699,0.0,0.51095015,0.5645263,0.14905867,1.5318941,0.0,0.0,1.3019301,1.9660144,0.0,0.97057813,2.0109856,0.9680312,0.9090956,1.3393784,0.0,0.0,2.8079746,0.9052598,0.0,0.0,0.0,0.0,0.3820491,0.44325823,2.550051,0.0,0.98561674,0.0,0.88684,0.0,0.0,1.0740535,0.0,0.0,2.7819507,1.4083191,1.4470192,0.0,0.097469114,1.6161772,0.0,1.0614467,0.0,0.0,1.1471988,0.91430897,0.0,1.4333302,0.0,0.70333093,0.6641427,1.6104207,1.448119,0.0,0.0062524327,1.1524109,0.0,0.0,0.0,0.0,1.7583181,0.0,0.0,1.2108699,0.0,0.0,0.31628516,0.0,0.4609377,0.0,0.64363074,0.6754908,0.0,1
1.4234531,0.40872583,0.0,0.23820098,1.3934242,1.0402796,0.0,0.0,0.0,0.6388842,0.0,0.34246424,1.1365745,0.0,1.1183678,0.0,2.7935517,0.79755306,1.1419662,2.2211273,0.0,0.0,0.0,0.0,1.2274495,0.18222573,0.9657889,1.0380929,0.0,1.8346753,0.0,0.8795029,1.1911868,0.020032978,0.0,1.5074041,0.0,0.6007368,0.0,0.0,1.9583519,0.0,1.5609713,0.0,0.8405528,1.0565201,1.0846169,0.0,0.0,0.0,0.0,0.8340081,0.0,0.0,0.71343213,1.1442099,0.0,0.0,0.0,0.5396526,0.48841977,0.0,0.17053199,0.5162596,0.0,0.017795488,1.2115973,0.4267343,0.0,0.0,0.4337998,0.0,1.2165152,1.8367355,1.4920641,0.0,0.0,0.07336495,0.7196641,1.3732438,0.02743962,0.0,0.5072858,0.15349144,1.0987893,0.7998052,0.0,2.0360775,0.0,0.68996125,1.7974892,0.0,1.5745169,1.5108677,0.4753975,0.0,0.18991496,0.0,1.3631529,3.0117548,0.30531728,0.49668932,1.1629583,0.0,0.0,1.1369134,0.67519623,0.0,0.0,1.7976437,0.0,0.0,2.9620197,0.8066865,0.0,0.0,1.3643576,1.4552035,0.12869547,0.07285544,0.0,0.0,0.77041006,0.0,0.0,1.0688151,1.055223,1.5885912,0.0,0.0,0.0,1.1549115,0.5725887,1.584898,0.062367123,0.41836375,2.1530278,1.5359244,0.0,0.0,1.1749129,0.5517617,0.0,0.0,0.4644092,0.7907662,0.0,0.02033784,0.82342803,0.9307464,0.0,1.1987808,0.29502118,2.2592218,0.60633135,0.8340235,1.1069524,0.4668683,0.38311967,0.0,1.7769029,0.717214,1.4248773,0.0,0.0,1.081429,1.0755507,0.8199636,0.3291721,0.0,0.0,0.43646312,0.34897062,0.0,0.02618445,1.9611366,0.302453,2.1414251,0.0,0.633884,0.18579957,0.6817654,0.0,0.87931186,0.0,0.0,0.7360493,0.0,1.2267659,1.414168,0.7910254,0.0,1.1203544,0.69008756,0.0,0.9727681,0.3057928,1.7722706,0.0,2.2781377,0.016071366,0.0,0.0,0.93238586,1.1308161,0.7313835,0.0,0.79624116,0.46034145,2.2646549,0.8503718,0.38072228,0.0,0.0,0.78716445,0.0,0.80589837,2.7870994,2.314516,0.29463118,0.0,0.0,0.26051864,0.0,0.0,0.0,0.0,0.0,0.38917306,0.0,0.98773557,0.0,0.17043918,0.0,0.2774993,0.0,0.0,0.0,0.8855859,0.0,0.6576519,0.16129589,0.8333965,1.1096417,0.0,0.0,1.3104517,0.0,0.0,1.2083312,1.789295,0.0,0.0,0.7267826,0.0,0.0,1
1.1224494,1.1140627,0.0,0.28568342,0.8064663,0.23425023,0.0,0.79247034,0.0,0.8024858,0.0,0.0,1.0196337,0.0,1.5741435,0.0,1.7407126,0.085214406,0.15992449,0.65043104,0.0,0.0,0.2896986,0.4812381,1.6517287,0.0,1.2887375,0.1380863,0.56727374,0.51980543,0.0,1.3029734,1.2795945,0.0,0.0,1.0243912,0.0,0.23545356,0.0,0.0,1.3381703,0.20420977,0.8713297,0.0,0.48188445,0.96320117,1.0641714,0.0,0.0,0.9529651,0.0,0.58831364,0.0,0.0,0.81504977,1.3895967,0.0,0.0,0.0,0.2396598,1.0640097,0.0,0.0,1.2652143,0.0,0.0,1.3597603,0.23267326,0.12332338,0.0,0.7401651,0.0,0.8006449,1.089939,0.4739681,0.0,0.21446155,0.0,0.7077657,0.9308281,0.0,0.0,0.3948873,0.0,0.49358112,0.771482,0.1777362,0.8153306,0.4585755,0.37816203,1.320491,0.0,1.4210736,1.3282841,0.0,0.0,0.61536556,0.0,1.769046,1.4589787,0.67033386,0.0,1.0742373,0.20757495,0.0,1.0689299,0.28135478,0.0,0.0,0.98028773,0.0,0.2144233,1.5489382,0.08329619,0.0,0.0,0.4143791,1.6579145,0.32695767,0.38612568,0.0,0.0,0.6944584,0.0,0.0,0.5958867,0.0,0.77259004,0.0,0.0,0.0,1.6709825,0.33160624,1.1100054,0.0,0.797649,1.4570718,0.47437155,0.0,0.64141446,0.39624026,0.31593293,0.0,0.0,0.9507701,0.34579045,0.0,0.0,0.3315028,0.8557113,0.8532791,0.042239774,0.0,1.0694261,0.528975,1.133915,1.0086597,0.0,0.0,0.0,0.90651506,0.0,1.5436691,0.5194354,0.295969,0.23273566,1.2365731,1.0241187,0.31384984,0.0,0.0,0.71752393,0.0,0.0,1.0936728,1.4522654,0.64504766,1.9960042,0.0,0.56068814,0.796701,1.1076252,0.0,0.32338798,0.0,0.0,0.5545721,0.0,0.34461167,0.92516327,1.5520613,0.0,0.97697026,1.1225238,0.8804848,0.0,0.80647355,0.3892602,0.0,1.3290813,0.18593465,0.0,0.0,0.1590357,0.17553343,0.41484502,0.122193545,1.1496831,0.5000717,1.0572004,1.1388156,0.09020022,0.0,0.0,0.75146675,0.0,0.32109144,1.7896717,1.3800502,0.38901323,0.0,0.0,1.2932965,0.0,0.0,0.0,0.0,0.30045193,0.8982358,0.0,1.4380584,0.0,0.73333436,0.0327702,0.7277403,0.627703,0.20446792,0.2472213,0.5728748,0.0,0.22124225,0.0,0.0,1.0340464,0.0,0.0,1.2468494,0.0,0.0,0.4426841,0.71623737,0.6011844,0.0,0.17432694,0.0,0.0,1
0.12308992,0.88583124,0.0,0.0,0.70136225,0.5474593,0.0,0.6056293,0.0,1.11621,0.0,1.0623362,1.584927,0.3416278,0.9223161,0.0,1.959609,0.0,1.1433723,0.0,0.0,0.0,1.3233659,0.3600882,1.9530848,1.0128908,1.4707278,0.0,0.72994244,1.2063215,0.51652896,1.451557,0.0,0.09474341,0.0,1.807573,0.63156724,1.5426881,0.0,0.0,1.9897249,0.0,1.0954725,0.0,0.35873684,0.14211054,1.6938175,0.0,0.0,0.3173798,0.0,1.8031546,0.0,0.0,1.4894298,1.4929599,0.0,0.0,0.0,1.1940632,1.3265934,0.0,0.0,1.3220077,0.0,0.1385896,1.5468192,0.7496004,0.66381925,0.0,0.086601034,0.0,0.5841073,0.0,0.0,0.0,1.1992414,0.0,0.8984754,1.1377304,0.0,0.0,0.5206321,0.0,0.0,1.44764,1.3454248,0.6423132,0.7382505,0.792908,1.4818794,0.0,0.8384843,0.7770142,0.0,0.0,0.95964503,0.1270787,1.488246,1.9473611,1.4196554,0.0,1.2800442,2.952925,0.0,0.79204583,0.6235854,0.0,0.0,0.0,0.0,0.0,1.7557082,0.31625268,0.0,0.0,0.66766095,1.7766733,1.166846,1.1439561,0.0,0.0,0.50317246,0.0,0.0,0.48452094,0.49776334,0.3319661,0.0,0.0,0.0,1.8663236,1.7752575,1.6933073,0.0,1.04533,1.7993833,0.48677465,0.99218446,1.5857027,1.197033,0.93237954,0.0,0.0,0.102332324,0.66504824,0.0,0.91923934,0.10277105,0.8789789,2.3471391,0.40745226,0.62936556,0.9071818,0.6161611,1.4669127,1.1973372,0.8896892,0.0,0.0,1.0878326,0.0,0.32724583,0.56246746,1.2181312,0.0,1.6021525,1.2158723,1.2630813,0.0,0.0,0.58659637,1.6455592,1.0717553,2.0879998,1.8557727,0.8026617,1.6144128,0.0,0.9682268,0.34455928,0.82442087,0.0,0.65190846,1.0774776,0.3638825,1.3909214,0.0,0.0,0.23208427,1.6637028,0.0,0.7864417,1.9612736,0.7423463,1.4636446,1.396723,0.0,0.0,2.0869994,0.9209852,0.0,0.0,0.27213314,0.0,0.7511894,0.83363664,1.9351329,0.0,2.1584008,0.8356322,1.1528194,0.0,0.0,0.6765406,0.0,0.0,2.9273422,1.3174466,0.7331021,0.0,0.1185193,1.2530438,0.0,0.6591313,0.0,0.0,1.3463181,0.1516485,0.0,1.5921128,0.0,0.0,0.44969487,2.011999,1.5983828,1.1135218,0.42901486,1.2058755,0.0,0.0,0.0,0.0,0.6100314,0.0,0.0,1.3451475,0.0,0.0,0.9719059,0.44370684,0.9176206,0.0,1.1591339,0.9564377,0.0,1
1.1965919,0.4623792,0.0,0.0,0.7833593,1.0499455,0.0,0.26745975,0.0,0.49002674,0.0,0.2935267,1.2909294,0.0,1.1644255,0.0,2.220975,0.0,0.8918701,1.1172718,0.0,0.0,0.0,0.0,1.0891362,0.0,0.70816904,0.19584805,0.4499336,1.4013777,0.17206141,1.4702384,0.9356808,0.0,0.0,1.181156,0.0,0.5295154,0.0,0.0,1.6845751,0.3803328,1.473653,0.0,0.0,0.8119385,0.89439654,0.0,0.0,0.0,0.0,0.5051293,0.0,0.0,0.8428074,0.6468764,0.0,0.0,0.0,0.59676677,0.57611454,0.0,0.0,0.5866905,0.0,0.3448645,0.8407368,0.33168623,0.024969637,0.0,0.29936376,0.0,0.8599047,1.3157177,1.1880848,0.0,0.13254403,0.0,0.53332305,1.5066128,0.0,0.0,0.6936374,0.41855422,0.59528285,1.1603699,0.0,1.3844545,0.03916255,0.21107528,1.4034978,0.0,0.88124,1.3466666,0.37370667,0.0,0.55173683,0.0,0.99385697,2.2336724,0.8707261,0.511792,0.8050557,0.33360347,0.0,1.2901398,0.68873054,0.0,0.0,1.6478796,0.0,0.0063471566,2.4444904,0.25816205,0.0,0.0,0.43624043,1.3058834,0.26660267,0.6247526,0.0,0.0,0.45705035,0.0,0.0,1.1083636,0.7944373,1.444851,0.0,0.0,0.0,0.83360577,0.28160706,0.8857003,0.0,0.9042594,1.4296335,1.4943599,0.0,0.18005306,1.1326971,0.10185399,0.0,0.0,0.16538003,0.8781723,0.0,0.43346345,0.36946255,0.9858419,0.3834577,1.3572215,0.17134789,1.3388823,0.52828884,0.997932,1.2277263,0.13565235,0.0,0.0,1.3543048,0.38554293,1.1668313,0.0,0.28211865,0.8807152,0.8995822,0.26360428,0.17052785,0.0,0.0,0.034096163,0.3022493,0.0,1.056179,1.4696752,0.0,1.9322418,0.0,0.0366974,0.3655472,0.9754472,0.0,1.1630908,0.0,0.0,0.8642085,0.0,1.5819073,1.2157658,1.5298016,0.0,0.8025706,0.8966436,0.14063053,0.8232725,0.66605186,1.0735095,0.0,1.7120402,0.43526635,0.0,0.0,0.8752967,0.6952889,0.99018306,0.0,0.7993965,0.5522453,1.6733891,0.039027035,0.5552668,0.0,0.0,0.42473263,0.0,0.31293702,1.9880804,1.8609787,0.39686614,0.0,0.0214028,0.20499937,0.0,0.064317085,0.0,0.0,0.25522056,0.49296927,0.0,0.8352077,0.0,0.2566107,0.0,0.51347077,0.26331633,0.107614964,0.0,0.97704756,0.0,0.036379203,0.0,0.29880923,0.8650353,0.0,0.0,1.1562995,0.0,0.0,0.9818823,1.0856253,0.0034637637,0.0,0.2878333,0.0,0.0,1
1.1998445,1.1909993,0.0,0.0,1.1932305,1.0128855,0.0,0.8886061,0.0,0.5620774,0.0,0.32070887,1.1358675,0.0,1.2110369,0.0,2.7580762,0.53159535,0.90581185,1.3150867,0.0,0.0,0.0,0.03847994,1.7515727,0.18046619,1.4111096,0.50794375,0.62055975,1.2538922,0.35121143,1.369813,0.96439606,0.0,0.0,1.2998459,0.0,0.45575747,0.0,0.0,1.4854082,0.028319629,1.0760026,0.0,0.63253987,0.7779724,1.360787,0.0,0.0,0.47274908,0.0,1.065122,0.0,0.0,1.3940682,1.065423,0.0,0.0,0.0,0.52170837,0.83035105,0.0,0.0,0.9945477,0.0,0.0,1.4795716,0.36282617,0.28007,0.0,0.8939247,0.0,1.4070694,1.562724,1.2685181,0.0,0.15514459,0.0,0.718226,1.2131896,0.0,0.0,0.42932883,0.34353966,1.2093893,0.7940573,0.0044964147,1.82977,0.21591076,0.4232479,1.3957775,0.0,1.1541128,1.2968327,0.0,0.0,0.24107271,0.0,1.4423931,2.2958028,0.5222471,0.7762412,1.1097792,0.09030416,0.0,1.2021062,1.0009887,0.0,0.0,1.1319494,0.0,0.0,2.6439075,0.324369,0.0,0.0,0.6321545,1.2828852,0.4855967,0.6305796,0.0,0.0,1.1522243,0.0,0.0,0.84664184,0.3414958,0.49534392,0.0,0.0,0.0,1.6488736,0.33156765,1.4015429,0.0,0.9461491,1.7654566,1.3274907,0.0,0.081794694,1.2355615,0.32192683,0.0,0.0,0.13116577,0.8707688,0.0,0.0,0.0,0.83007354,0.31585476,0.966017,0.31064263,1.3590221,0.93769544,0.9034469,1.421909,0.0,0.16720521,0.0,1.1504205,0.0018008614,0.8494988,0.0,0.49241793,1.0264833,1.4752152,1.1046773,0.48155442,0.0,0.0,0.54343766,0.5270958,0.0,0.26087448,2.1100557,0.58251965,2.4290435,0.0,1.123952,0.9346456,0.86476016,0.0,1.2877753,0.0,0.0,0.5882314,0.0,1.3178357,1.3534405,1.2077782,0.0,1.4180518,1.0244644,0.5250267,0.4253177,0.65654707,1.1015706,0.0,2.563117,0.1119671,0.0,0.0,0.9462111,1.2851611,1.1121172,0.0,1.0659374,0.42449024,1.632916,0.9727645,0.15660591,0.0,0.0,1.0692052,0.0,0.5084205,2.6544473,2.3448,0.094268814,0.0,0.0,0.378262,0.0,0.0,0.0,0.0,0.0,0.21540083,0.0,0.9804093,0.0,0.6771421,0.0,0.23409788,0.4507688,0.0,0.0,0.60536957,0.0,0.43226245,0.0,0.38633364,1.072942,0.0,0.0,1.4430423,0.0,0.0,0.7244439,1.2990319,0.08395549,0.0,0.5819615,0.0,0.0,1
1.2508438,1.1273619,0.0,0.0,1.1517135,0.83308285,0.0,0.17811058,0.0,0.5667181,0.0,0.6842834,1.1075777,0.0,1.1061428,0.0,3.1242795,0.6862539,0.81809986,1.4002227,0.0,0.0,0.097527854,0.0,1.8154265,0.28167537,0.73691106,0.80733275,0.5609898,1.6762986,0.10764307,1.4664489,0.6025234,0.0,0.0,0.9624764,0.0,0.7928303,0.0,0.0,1.9927334,0.07675114,1.5186076,0.0,1.0655606,0.52791375,0.93389887,0.0,0.0,0.3196444,0.0,1.5097133,0.0,0.0,1.7870497,1.6176561,0.0,0.0,0.0,0.6160883,0.76899403,0.0,0.0,1.2940528,0.0,0.1511815,1.6560273,0.4667574,0.0,0.0,1.0153421,0.0,1.4382837,1.7475212,1.1562676,0.0,0.39500958,0.0,0.94546676,1.4566044,0.0,0.0,0.4257108,0.28055003,1.3151406,0.4535583,0.0736058,1.6507596,0.087195255,0.46930045,1.1239305,0.0,1.6576604,1.095353,0.0,0.0,0.4402545,0.0,0.80611145,2.8353221,0.24664897,0.0,0.660744,0.0,0.0,1.8324221,0.53643346,0.0,0.0,1.1209145,0.0,0.0,2.4817226,0.6737446,0.0,0.0,0.80911994,1.5309237,0.092102304,0.29680237,0.0,0.0,1.0080333,0.0,0.0,0.9482672,0.21908908,1.3288417,0.0,0.0,0.0,1.3163948,0.31418392,1.7787323,0.0,0.43632552,1.2679247,1.2478656,0.0,0.51144063,1.2574933,0.36817968,0.0,0.0,0.0,0.76673764,0.0,0.0,0.36446425,1.1595147,0.7237415,0.8196519,0.16252753,1.301078,1.181791,1.0263819,1.5811989,0.0,0.06375755,0.0,1.7247522,0.15517491,0.5954759,0.0,0.2470302,0.6885307,1.4283717,1.3771143,0.4227585,0.0,0.0,0.93347645,0.5701736,0.2216979,0.0,2.1706736,0.8936351,2.617456,0.0,1.0585719,0.35971555,0.69228524,0.0,0.7044705,0.0,0.023788692,0.9922878,0.0,0.6250217,1.2114664,1.6892357,0.0,0.8743046,1.1291215,0.040645782,0.473002,0.9066448,1.0570222,0.0,2.0420012,0.0,0.0,0.0,0.9763202,0.2586757,0.67046356,0.004655867,0.8922722,0.71904725,1.6897523,1.3512381,0.5828402,0.0,0.3866194,1.0011187,0.0,0.0,2.7342045,1.9910321,0.5288992,0.0,0.0,0.1951303,0.0,0.0,0.0,0.0,0.28110987,0.27747104,0.0,1.308142,0.0,0.36336434,0.0,0.9635932,0.29302165,0.0,0.0,0.43530196,0.0,0.64035785,0.0,0.76868737,1.071186,0.0,0.0,1.7476683,0.0,0.0,0.920439,1.5948565,0.0,0.0,0.114670254,0.0,0.0,1
0.92007166,0.6454887,0.0,0.37458777,1.421379,0.9619591,0.0,0.16842256,0.0,1.3181528,0.0,0.50824964,0.9386121,0.0,1.3818507,0.0,2.7527783,0.84691364,0.37949097,1.5630109,0.0,0.0,0.027173273,0.0,2.3195937,0.019809663,0.48209846,1.0002013,0.2542434,1.8458166,0.0,1.6490717,0.60814726,0.09399828,0.0,0.9194629,0.0,0.6630751,0.0,0.0,2.1811266,0.24454671,1.091757,0.0,1.112759,0.88420814,0.6957888,0.0,0.0,0.4589192,0.0,0.73210883,0.0,0.0,1.3634866,0.90318537,0.0,0.0,0.0,0.2677056,0.63583326,0.0,0.0,1.7859545,0.0,0.7903416,1.5719146,0.7048175,0.0,0.0,0.7118031,0.0,1.5464956,1.9819864,1.3897958,0.0,0.57578737,0.0,1.158335,1.607952,0.0,0.0,0.697586,0.04797459,1.2673807,0.5125625,0.0,1.3602662,0.66550344,0.8785326,1.1309965,0.0,1.4687763,1.0597633,0.0,0.0,0.44597977,0.16414867,0.58661884,3.0075758,0.07251114,0.0,1.0731345,0.0,0.0,1.2251488,0.03295042,0.021730699,0.0,0.95831895,0.0,0.0,2.5130143,1.0783697,0.0,0.0,1.2081728,1.0158855,0.10461978,0.335901,0.0,0.0,1.8414848,0.0,0.0,0.9303784,0.74925274,1.5833304,0.0,0.0,0.0,1.217888,0.15032181,1.8074931,0.0,0.67630243,1.2637836,0.81391245,0.0,0.54138476,1.2164737,0.3628428,0.0,0.0,0.49569052,0.8950619,0.0,0.02770341,0.5405282,1.1174557,1.0939137,0.7963409,0.0,1.4699334,1.3185356,0.61127025,1.4659915,0.0,0.0,0.0,1.9609447,0.34232402,0.4206809,0.19060342,0.21283141,0.5746165,1.2986559,1.5058523,0.31679752,0.0,0.0,1.1219642,0.19216095,0.0,0.05587895,1.9807956,0.758976,2.7409995,0.0,0.9084538,0.36180988,0.36471492,0.0,0.6448831,0.0,0.0,1.5292313,0.0,0.88018423,1.175789,1.7503121,0.0,0.23942089,1.3710628,0.17673102,0.39341074,0.82786846,1.0398839,0.0,2.1583936,0.0,0.0,0.0,0.84242785,0.0,0.0,0.09577751,1.1981024,0.60797566,1.7403352,1.1114249,0.04965117,0.0,0.5974073,1.185768,0.0,0.12071731,2.6701002,1.0753605,0.5760669,0.0,0.0,0.058489006,0.0,0.0,0.0,0.0,0.0,0.50550354,0.0,1.8494234,0.0,0.0,0.13759004,1.410587,0.0,0.22551599,0.0,0.27926204,0.0,0.7590516,0.0,0.9458384,1.5884728,0.0,0.0,1.5126469,0.0,0.0,0.7747098,2.114059,0.0,0.0,0.0,0.41990238,0.0096460525,1
0.78671855,0.58056396,0.0,0.0,0.4873954,0.6997906,0.0,0.6888724,0.0,1.1249002,0.09955957,0.65804535,1.1862233,0.3512025,0.6348745,0.0,1.6059072,0.3689263,1.1619306,0.24397334,0.0,0.0,1.2005669,0.0,1.963827,0.72934186,1.5249618,0.0,0.09452773,1.409112,0.36624557,0.0,0.6236359,0.023938319,0.0,1.5996499,0.0,0.28166267,0.0,0.0,1.9781295,0.0,0.78615624,0.0,0.37213323,0.6809001,0.35782388,0.0,0.0,0.0,0.0,0.13884018,0.0,0.0,0.8564908,0.9182614,0.0,0.0,0.0,0.47758928,0.6170429,0.0,0.0,1.0255392,0.2334726,0.15230833,0.9131406,0.57221335,0.0,0.0,0.20597894,0.0,0.3334249,0.76908535,0.4438815,0.0,0.782699,0.0,0.3431605,0.43548995,0.0,0.0,1.2997882,0.0,0.06180823,1.5689237,0.0,0.9680567,0.45282072,0.86464614,0.4295806,0.0,0.5505098,0.8481171,0.0,0.0,0.0,0.109707646,1.2244984,2.2241995,0.06909844,0.0,0.80796015,1.4176263,0.0,0.87836194,0.41070816,0.0,0.0,0.044204082,0.0,0.04914649,2.1921191,0.76160395,0.0,0.0,0.42664054,2.2012117,0.19223675,0.49526355,0.0,0.0,0.0,0.0,0.0,0.56498635,0.5235525,0.0,0.0,0.0,0.0,1.3289421,1.1185032,0.7742862,0.0,1.640001,1.5403279,0.6292785,0.304186,0.4444469,0.3972224,0.0,0.0,0.0,0.340909,0.5496538,0.0,0.0,0.29495966,0.7139009,0.68475294,0.35982245,0.0,0.0,0.7806048,1.2019739,1.1327683,0.560542,0.0,0.0,0.1828085,0.15114307,0.17456982,0.51524645,0.6488026,0.5090649,1.7039084,0.6007286,1.003598,0.0,0.0,0.0054835184,0.6887445,0.0,1.404332,1.5384674,0.6213294,1.5621598,0.0,0.39128864,0.62181014,1.0733236,0.0,0.7071497,0.75829333,0.50829583,1.2082723,0.0,0.6411586,0.8916156,1.7193816,0.0,0.90229416,1.3910673,1.426435,0.6073343,0.0,0.43377373,0.0,1.4220767,0.3363548,0.0,0.0,0.54971683,0.08109674,1.328623,0.30773205,0.5239862,0.08585743,1.6968706,0.6112437,0.87288475,0.0,0.15006791,0.1491706,0.0,0.21983154,2.2648637,1.2430698,0.5132009,0.0,0.14356261,0.40280175,0.0,0.44475502,0.0,0.0,1.2113531,0.7645422,0.0,0.57173413,0.0,0.0,0.0,1.272408,0.534922,1.142793,0.0,1.1818146,0.0,0.0,0.0,0.0,0.7711975,0.0,0.0,1.0903058,0.0,0.0,1.6269627,0.5506355,0.024930317,0.0,1.3221546,0.18472633,0.0,1
0.58720356,0.55429286,0.0,0.0,0.86134964,0.44234273,0.0,1.4989588,0.0,0.84686875,0.298027,0.4483021,1.3989648,0.13719444,0.63718367,0.0,1.1927762,0.28141928,1.0923026,0.0041094148,0.0,0.0,0.5782599,0.7378645,2.5928926,0.5903438,1.3958596,0.0,0.28040951,0.6189159,0.14627685,0.3126697,0.9524154,0.0,0.0,1.2219293,0.0,0.6625018,0.0,0.0,1.5230958,0.0,0.7634015,0.0,0.48107323,0.7620684,0.5871205,0.0,0.0,0.0,0.0,0.66953,0.0,0.0,0.8214964,0.7752472,0.0,0.0,0.0,0.67699385,0.79861814,0.0,0.0,1.4203093,0.0,0.0,1.1879094,0.35085264,0.0,0.0,0.34871355,0.0,0.62092435,0.47935405,0.51609004,0.0,0.84177506,0.0,0.32863748,0.5994117,0.0,0.0,1.1821792,0.0,0.0,1.558246,0.08589917,0.457694,0.26252696,0.24146064,0.57464224,0.007962179,0.85041875,1.1071596,0.2667106,0.0,0.05746633,0.7860402,1.1505755,1.7223313,0.7903991,0.0,1.6897744,1.348655,0.0,0.6490803,1.1093261,0.0,0.0,0.2637495,0.0,0.26800066,1.8887988,0.68563527,0.0,0.0,0.080654,2.1347072,0.0,0.66682583,0.0,0.0,0.0,0.0,0.0,0.30753225,0.4131562,0.048485886,0.0,0.0,0.0,1.3430302,0.97132194,1.485252,0.0,1.3960316,1.4944462,0.5051437,0.41863036,0.7013964,0.3744728,0.075537786,0.0,0.0,0.613131,0.87383085,0.0,0.0,0.055163864,1.3068099,1.0638047,0.32586417,0.1117284,0.13377188,1.0681478,1.4504795,1.3155174,0.6209384,0.0,0.0,0.7367869,0.14529291,0.5708258,0.7399105,1.1728623,0.4688357,1.3589123,0.61332333,0.7630232,0.0,0.0,0.57738674,0.49650523,0.0,1.3422762,1.9461643,0.9026555,1.3707316,0.0,0.058083963,0.7462902,1.0975095,0.0,1.164012,0.6703258,0.0,0.693358,0.0,0.43001813,0.76135224,1.8766651,0.0,0.87860477,1.9089264,1.5773971,0.22537947,0.24713774,0.9421857,0.0,1.7856193,0.7053558,0.0,0.0,0.15993142,0.0,0.8400048,0.1674552,0.79651743,0.4146071,1.451869,0.7319036,0.2510879,0.0,0.14097357,0.32414603,0.0,0.06159645,2.133106,1.1336662,1.0259033,0.0,0.094161354,1.158619,0.0,0.65970916,0.0,0.0,1.2862899,0.8423607,0.0,1.0757985,0.0,0.029974772,0.68017507,1.6576358,1.0903131,0.7617754,0.51228154,0.9542026,0.0,0.0,0.0,0.0,1.2334442,0.0,0.0,1.4266895,0.0,0.0,1.8984313,0.42062575,0.5471954,0.0,1.5005548,0.0,0.0,1
0.94737005,0.8988841,0.0,0.0,1.7404183,0.6580115,0.0,0.19256227,0.0,0.93761706,0.0,0.0,1.0531744,0.0,1.4036423,0.0,2.444331,0.7524437,0.67223305,1.2062464,0.0,0.0,0.0,0.40751505,1.5076026,0.40623984,1.43696,0.7155036,0.14626898,1.0394878,0.0,1.1945683,0.6985345,0.0,0.0,1.226136,0.0,0.9658519,0.0,0.0,1.4000802,0.06229177,1.0171094,0.0,0.9472376,0.5571279,0.9401451,0.0,0.0,0.0,0.0,0.95780957,0.0,0.0,1.0870711,0.8883337,0.0,0.0,0.0,0.3101643,0.7588708,0.0,0.0,1.2676884,0.0,0.2791014,1.7860181,0.20831987,0.33568734,0.0,0.82931346,0.0,1.0839301,1.5395362,0.9179967,0.0,0.35830528,0.0,1.0173266,1.0302662,0.0,0.0,0.732209,0.34868562,0.84380096,1.1609269,0.0,1.5024023,0.20116451,0.4721646,1.1183504,0.0,1.3144552,1.3764428,0.14019427,0.0,0.67937744,0.1652581,0.7458033,2.7432497,0.2605396,0.40548456,1.2393558,0.0,0.0,0.88350093,0.31057468,0.0,0.0,0.9748489,0.0,0.0,2.2430868,0.70556545,0.0,0.0,0.674664,1.2413311,0.4002339,0.40166616,0.0,0.0,0.9780701,0.0,0.0,0.5890259,0.3035905,0.8015383,0.0,0.0,0.0,1.719432,0.14250457,1.516609,0.0,0.6033126,1.6934674,1.0699768,0.0,0.38977614,1.0089426,0.25970322,0.0,0.0,0.4745581,0.82978785,0.0,0.052556578,0.16536853,1.2801754,0.24665613,0.8450837,0.0,1.405039,0.4627074,1.1820562,1.590546,0.12539575,0.0,0.0,1.6665875,0.0,1.0278835,0.111147255,0.44652838,0.70533013,1.0689836,0.81242615,0.0,0.0,0.0,0.8262125,0.6265354,0.0,0.31775314,2.1853974,0.72201526,2.0853426,0.0,0.7473232,0.2267653,0.18528934,0.0,0.9254543,0.0,0.0,0.7731119,0.0,0.9188188,0.9233123,1.8868462,0.0,1.0266423,1.1871634,0.4050947,0.30507496,0.71894926,0.8045538,0.0,2.0917873,0.33832395,0.0,0.0,0.46592963,0.79866487,0.0770399,0.0,1.0082529,0.42375705,1.4132162,1.0647184,0.0,0.0,0.06339496,0.8332398,0.0,0.13112858,2.3261135,1.6567739,0.29229057,0.0,0.0,0.3006379,0.0,0.0,0.0,0.0,0.0,0.7396949,0.0,1.5700325,0.0,0.20586239,0.47781572,0.9034682,0.2974905,0.0,0.0,0.15216108,0.0,0.45232713,0.0,0.47086364,1.2632372,0.0,0.0,1.2931813,0.0,0.0,0.4082453,1.0143101,0.0,0.0,0.5916652,0.0,0.0,1
1.0721844,0.73289376,0.0,0.0,1.2998053,0.30745047,0.0,0.420416,0.0,1.2182661,0.0,0.25668964,1.2985482,0.0,1.0871809,0.0,1.9576575,0.587209,0.59577733,0.8512067,0.0,0.0,0.0,0.53089523,1.6981529,0.15181653,1.7716441,0.30127275,0.47931975,0.93562067,0.26752263,1.4706088,0.63980526,0.0,0.0,1.2894548,0.0,0.49273938,0.0,0.0,0.8804783,0.0,0.9071751,0.0,0.8020977,0.78792304,1.2195203,0.0,0.0,0.4075087,0.0,1.1944864,0.0,0.0,0.8732814,0.9957185,0.0,0.0,0.0,0.66623724,0.95950085,0.0,0.0,1.3814527,0.0,0.0,1.8531991,0.16739464,0.31010562,0.0,0.6036405,0.0,1.4595466,1.4366502,0.84082764,0.0,0.5992278,0.0,1.0812211,0.9701855,0.0,0.0,0.94457704,0.5023463,0.7777479,0.8733181,0.27494562,1.1703826,0.15255225,0.6051718,1.0860534,0.0,1.3867711,1.4533736,0.0,0.0,0.65657055,0.18632607,1.1292596,2.5963218,0.63187945,0.03117152,1.2527547,0.09896102,0.0,1.0213795,0.6966544,0.0,0.0,0.3079436,0.0,0.29514498,2.613654,0.3908765,0.0,0.0,0.5547152,1.2596912,0.67111725,0.57931167,0.0,0.0,0.90198797,0.0,0.0,0.28152394,0.0,0.82330513,0.0,0.0,0.0,1.5929408,0.35169202,1.4387925,0.0,0.70739913,1.3024051,1.1768479,0.0,0.700665,0.65238184,0.1831519,0.0,0.0,0.55251366,1.0621889,0.0,0.10735213,0.0,1.0689689,0.6004007,0.58309585,0.021600632,0.8522661,0.40140924,0.9822581,1.7795078,0.12197988,0.18164557,0.0,1.6975833,0.0007907415,0.79011875,0.0,1.0557686,0.90529746,1.4825863,0.68776196,0.3289062,0.0,0.0,1.3317636,0.23627633,0.017281862,0.39954528,1.7927777,0.9380998,2.30326,0.0,0.8143505,0.28524336,0.2555194,0.0,0.5771906,0.0,0.0,0.7321084,0.0,1.1653913,1.3204236,1.7672793,0.0,1.0104806,1.1899158,0.5670342,0.46000528,0.95350766,0.8912169,0.0,2.445907,0.35065323,0.0,0.0,0.5855797,0.41185427,0.017924797,0.3240521,1.2948843,0.25081852,1.3952434,1.0778159,0.3054875,0.0,0.0,0.5633086,0.0,0.20971836,2.2741477,1.8464699,0.35560197,0.0,0.0,0.80052114,0.0,0.0,0.0,0.0,0.060214337,0.97246355,0.0,1.6911979,0.0,0.17299832,0.09007204,0.8588101,0.9500869,0.0,0.16191936,0.6018705,0.0,0.4359453,0.0,0.23961185,1.0036428,0.0,0.0,1.753453,0.0,0.0,0.4407681,0.85950273,0.05883004,0.0,0.57650197,0.0,0.0,1
1.1474632,0.78586465,0.0,0.0,1.8015397,0.0,0.0,1.0725708,0.0,0.49515724,0.0,0.07935758,0.72275376,0.0,1.3644317,0.0,1.4995402,0.39033553,0.06573635,0.29951283,0.0,0.0,0.0,0.55057454,1.1955848,0.0,1.4655687,0.0,1.266754,0.8407039,0.0,1.2067968,0.028942458,0.0,0.0,1.3609328,0.0,0.48576275,0.0,0.0,0.5966636,0.45663318,1.0395534,0.0,0.1695876,0.55594695,1.3654763,0.0,0.0,0.0,0.0,1.0184889,0.0,0.0,0.54753894,0.7357287,0.0,0.0,0.0,0.5878773,0.46975958,0.0,0.0,0.93577474,0.0,0.0,1.7959332,0.30292743,1.0715091,0.0,0.76188815,0.0,1.0352628,1.0595915,0.39438984,0.0,0.37200615,0.0,1.033677,1.1784393,0.0,0.0,0.0,0.09954035,0.6129794,1.0466193,0.36168677,0.86339325,0.8700372,0.092362605,1.0400343,0.0,1.4678297,2.0469692,0.024147147,0.0,0.667496,0.0,1.8467915,1.5446712,0.8746373,0.0739373,1.7645139,0.031406097,0.0,0.47943288,0.9562045,0.0,0.0,0.76228577,0.0,0.0,1.6579838,0.6581766,0.0,0.0,0.25621974,1.3361182,0.57907146,0.75788623,0.0,0.0,1.109223,0.0,0.0,0.87454325,0.4936247,0.1760493,0.0,0.0,0.0,1.896551,0.0,1.8060787,0.0,1.0745008,0.663714,0.6792224,0.0,0.8832881,1.6561334,0.0,0.0,0.0,0.038416144,1.6159381,0.0,0.8091866,0.19122493,1.6157207,1.2398857,0.59152913,0.09116727,1.1090108,0.38021344,1.0207336,1.278882,0.0,0.10723296,0.0,1.5424143,0.0,0.5259395,0.22625084,0.44947672,0.0,1.3398384,1.3878522,0.019323863,0.0,0.0,1.2308308,0.3761896,0.0,0.73083955,2.0790765,0.64779097,2.0210767,0.0,0.64862186,0.27353302,0.62360924,0.0,0.6075803,0.0,0.0,0.1516422,0.0,0.5002325,0.65282226,1.9295644,0.0,0.67669314,2.0023062,1.2611896,0.627275,1.1735805,0.37435606,0.0,2.0651665,0.7312289,0.0,0.0,0.0,0.69934785,0.5096223,0.0,1.7676005,0.71126425,0.63362175,0.8158731,0.5439382,0.0,0.0,0.7102743,0.0,0.556938,1.922148,1.8011814,0.6800447,0.0,0.0,0.4664773,0.0,0.06547011,0.0,0.0,0.091558754,0.89485776,0.0,1.1978687,0.0,0.70150673,1.0282786,0.79361737,0.840465,0.0,0.16951641,1.1307873,0.0,0.48606622,0.33482778,0.21408024,0.78194344,0.0,0.0,1.7599678,0.0,0.0,0.0,0.39846125,1.1797138,0.0,0.0,0.2051059,0.0,1
1.0798007,0.8060158,0.0,0.097857684,1.3711299,0.50305915,0.0,0.22153382,0.0,0.6360717,0.0,0.0,1.0980532,0.0,1.3640181,0.0,1.9313562,0.31389567,0.58641064,0.7594029,0.0,0.0,0.22432868,0.82364905,1.408662,0.0,1.7684636,0.0,0.69325376,0.84066725,0.0,1.4985789,0.9723232,0.0,0.0,1.2884917,0.0,0.65146637,0.0,0.0,1.5031062,0.43051764,1.4586234,0.0,0.7419761,0.4833889,0.55577326,0.0,0.0,0.0,0.0,0.5158806,0.0,0.08948086,1.1460861,1.0798239,0.0,0.0,0.0,0.6669349,0.46600878,0.0,0.0,0.46264434,0.0,0.14904808,1.5250759,0.08553881,0.0,0.0,0.16036256,0.0,1.1441,1.4402498,1.195308,0.0,0.0,0.0,1.0675046,1.1723007,0.0,0.0,0.39081883,0.2958392,0.23002625,1.380352,0.0,1.2017322,0.63697195,0.5066629,1.1004968,0.0,1.3336788,1.4779547,0.08590194,0.0,0.23102064,0.07786351,1.0332897,1.896908,1.1204416,0.21603067,1.522545,0.0,0.0,1.0909106,0.35329887,0.0,0.0,0.8602294,0.0,0.66226226,1.8670402,0.2049361,0.0,0.0,0.042572327,1.9175075,0.28732768,0.62474644,0.0,0.0,0.6418219,0.0,0.0,0.8004435,0.122991376,1.2450945,0.0,0.0,0.0,1.202545,0.04283395,1.7207564,0.0,1.2661129,1.5678465,0.9851654,0.0,0.6848144,0.87921494,0.16175337,0.0,0.0,0.29507056,0.8630108,0.0,0.2520156,0.60707355,0.9162114,0.49619016,0.6582814,0.0,1.5538317,0.6606531,0.77783066,1.0577832,0.5020845,0.0,0.0,1.1479149,0.08568877,1.6865263,0.6617318,0.3153776,1.1467004,1.1487478,0.9634488,0.2817392,0.0,0.0,1.0326252,0.0,0.0,1.2039168,1.8384492,0.9044024,2.0558136,0.0,0.3307385,0.5641986,1.1953925,0.0,0.6881241,0.0,0.0,0.826441,0.0,0.7924626,1.0677648,2.1892154,0.0,1.0945826,1.5090947,0.3029065,0.20307252,0.71669894,1.5261717,0.0,1.7347949,0.551102,0.0,0.0,0.101440616,0.96044314,0.4404347,0.0,1.2029159,0.6783552,1.6747649,0.98444426,0.004518488,0.0,0.0,0.24468283,0.0,0.35087094,2.4143145,1.7187735,0.19949056,0.0,0.0,0.93386805,0.0,0.06153438,0.0,0.0,0.37170568,1.0730715,0.0,1.1643653,0.0,0.46864927,0.11485492,0.59317577,1.205995,0.2726558,0.08197101,1.3277262,0.0,0.0,0.0,0.26714462,1.3133209,0.0,0.0,1.3695297,0.0,0.0,1.122915,0.7773075,0.2271917,0.0,0.30358824,0.0,0.0,1
0.89794505,0.9922666,0.0,0.23326275,1.76694,0.5246844,0.0,0.59913725,0.0,0.5484511,0.0,0.0,0.8492443,0.0,1.5201957,0.0,1.79353,0.061153155,0.55717933,0.09233734,0.0,0.0,0.0,0.19667186,1.4410372,0.0,1.4227929,0.19099121,0.57594955,0.7295247,0.37008294,1.1891237,0.9765269,0.0,0.0,1.1963195,0.0,0.26459336,0.0,0.0,0.97990763,0.4094719,0.7274163,0.0,0.24455266,0.50541484,1.0804201,0.0,0.0,0.38319367,0.0,0.7617558,0.0,0.0,0.92632693,0.51934093,0.0,0.0,0.0,1.0240333,0.638519,0.0,0.0,0.68554085,0.2000848,0.0,1.2123961,0.47269183,0.3556311,0.0,0.8437369,0.0,1.3967142,1.0976969,0.6813627,0.0,0.493992,0.0,0.62666404,1.381039,0.0,0.0,0.23820384,0.07402313,0.93080527,0.7940017,0.28908312,1.3254185,0.42920464,0.25918537,1.3968623,0.0,1.3004578,1.2600919,0.11042663,0.0,0.794759,0.2769276,1.5076421,1.0921952,1.4168047,0.3428531,1.7649909,0.04051455,0.0,0.83021104,1.0051988,0.0,0.0,0.7878423,0.0,0.0,1.6215509,0.3324925,0.0,0.0,0.15959625,1.2280537,1.1338766,0.37249258,0.0,0.0,0.33409896,0.0,0.0,1.1898267,0.0,0.9033763,0.0,0.0,0.0,1.4132415,0.0,1.2991538,0.0,0.79862636,0.7696571,0.60964304,0.0,0.4995494,0.76625156,0.0,0.0,0.0,0.5550732,1.1316218,0.0,0.0,0.3681249,0.99901634,0.75612235,0.8889724,0.105881885,0.9550279,0.48233965,1.173732,0.99152726,0.0,0.0,0.0,1.7906394,0.0,0.8490767,0.14114588,0.79638046,0.48491028,1.0442305,0.62257534,0.2593664,0.0,0.0,1.268994,0.15223734,0.0,0.56387126,1.9081738,0.6042941,2.098266,0.0,0.71489435,0.88245785,0.92387396,0.0,0.5678714,0.0,0.0,0.3774556,0.0,1.1898229,1.5118355,2.0349882,0.0,1.0237768,1.4035404,1.2160686,0.0,0.82489747,1.0789983,0.0,1.8749279,0.3986622,0.0,0.0,0.23156072,0.5412515,0.72113997,0.17412528,1.613947,0.33019647,0.8045809,0.5512495,0.0,0.0,0.0,0.8788206,0.0,0.3070004,2.016409,1.6958152,0.10432352,0.0,0.0,0.9080466,0.0,0.0,0.0,0.0,0.0,0.39556697,0.0,1.3394097,0.0,0.96406645,0.41823632,0.6273754,0.5807692,0.02714786,0.0,0.7521023,0.0,0.7673159,0.0,0.0,1.1331129,0.0,0.0,1.2840452,0.0,0.0,0.0,0.70782465,0.41233042,0.0,0.0,0.0,0.0,1
0.7266771,1.1343585,0.0,0.0,0.49786168,0.972305,0.0,0.2130119,0.0,0.53290766,0.0,0.753924,0.94019145,0.0,0.60847867,0.0,1.7665137,0.039274406,1.3391049,0.0,0.0,0.0,0.8954501,0.0,1.9693613,0.2706752,0.81480676,0.0,0.44968504,1.1556861,0.11814389,1.3154602,0.33073786,0.14578791,0.0,0.9414322,0.591417,0.61779207,0.0,0.0,1.1956003,0.09744561,1.8592203,0.0,1.2477155,0.37837693,1.1177101,0.0,0.0,0.3368521,0.0,0.86714554,0.0,0.0,1.6108042,1.2133156,0.0,0.0,0.0,1.09051,0.63955235,0.0,0.0,1.7008853,0.010047005,0.024022982,0.95722264,0.80560786,0.0,0.0,0.38168165,0.0,0.18552417,0.005206607,0.840446,0.0,0.7361807,0.0,0.68184435,1.0328774,0.0,0.0,0.7370809,0.5975261,0.19415069,0.751357,0.050145794,0.5959707,0.0,0.66136,0.85873497,0.0,0.925776,0.58689827,0.610875,0.0,0.10110183,0.29982328,1.2229612,1.7245255,1.1782908,0.0,1.4333389,1.4140798,0.0,0.97230726,0.60340714,0.0,0.0,0.0,0.0,0.0,1.9581326,0.48596498,0.0,0.0,0.45134327,1.5302433,0.29243967,0.52665454,0.0,0.0,0.0,0.0,0.0,0.98645705,0.0,0.0,0.0,0.0,0.0,0.2882014,0.65797263,0.89151436,0.0,1.4369142,1.4220791,0.64327675,0.2515427,1.6002436,1.1614056,1.2793174,0.0,0.0,0.15043285,0.17321274,0.0,0.17283379,0.48291644,0.07157903,0.8373196,0.74972254,0.8477988,0.72753686,1.1976514,0.9207742,1.5124465,0.30385837,0.0,0.0,1.2996099,0.0,0.33991963,0.2849634,0.0,0.15909111,1.596121,1.4878284,1.1744496,0.0,0.0,0.21290196,0.49589357,0.0,1.1617607,1.335887,0.30226672,1.7253964,0.0,0.27574342,0.54499245,1.1816353,0.0,1.0360901,0.38970208,0.0,0.81277496,0.0,0.32865152,0.9301064,1.4271983,0.0,1.2431225,1.4309056,0.6137358,0.7712479,1.0256445,0.86599356,0.0,1.4467102,0.0,0.0,0.0,0.10506028,0.0,0.13282663,0.91596293,1.1083456,0.31598267,1.661614,1.247647,0.707951,0.0,0.50046855,0.5411837,0.0,0.40064707,2.6353035,1.4255157,0.44743466,0.0,0.0,0.9878826,0.0,0.5805841,0.0,0.0,0.99044013,0.47813046,0.0,1.5876633,0.0,0.0,0.0,1.2345469,0.7430583,0.6349953,0.33029932,1.4063685,0.0,0.0,0.0,0.056470398,0.6579574,0.0,0.0,1.0493269,0.0,0.0,1.5462965,0.4005101,0.5646168,0.0,0.98284745,0.41582033,0.0,1
0.47495088,1.248382,0.0,0.0,1.6407031,0.61509657,0.0,0.38127428,0.0,1.0564325,0.0,0.33718178,0.9893856,0.0,1.2866051,0.0,2.3127382,0.0,0.71201646,0.7928559,0.0,0.042427078,0.73161787,0.5510696,1.967862,0.0,2.1085176,0.0,1.1995071,1.5516579,0.0,1.3236728,0.30604482,0.0,0.0,1.2101932,0.0,0.08832862,0.0,0.0,1.351732,0.2850025,1.3938296,0.0,0.48696074,0.55108756,0.46689066,0.0,0.0,0.43689018,0.0,1.0104649,0.0,0.04481952,1.2246257,1.6427834,0.0,0.0,0.0,1.0027269,0.61428875,0.0,0.0,0.85789704,0.0,0.0,1.8834367,0.36530185,0.0,0.0,0.67522806,0.0,1.0988886,1.5633565,1.089506,0.0,0.5262814,0.0,0.5950544,1.2023542,0.0,0.0,0.8507171,0.11708653,0.7179504,1.0132476,0.9431552,1.4574243,0.26127154,0.4838334,1.5925736,0.0,1.0026726,1.0772518,0.10087421,0.06733761,0.6221931,0.10539209,1.1181867,2.026838,0.7784178,0.26020363,1.4853996,0.28854883,0.0,1.0758086,0.8874009,0.0,0.0,0.6991763,0.0,0.20661671,2.4225943,0.15345733,0.0,0.0,0.0,1.4461083,0.42352328,1.1797482,0.0,0.0,1.3125175,0.0,0.0,0.43786797,0.07108646,0.98125434,0.0,0.0,0.0,1.5614287,0.3800352,2.1141875,0.0,0.697847,1.5849575,1.1516397,0.0,0.6351132,0.45581552,0.15000975,0.0,0.0,0.68310213,0.79590493,0.0,0.0,0.0,0.9705135,1.1032242,1.2966337,0.0,1.1659759,0.4078561,1.2556807,1.5601034,0.43964443,0.0,0.0,1.4179734,0.0,1.0049081,0.26661977,0.61120945,0.70514005,1.3677236,0.8495488,0.50457174,0.0,0.0,0.72473645,0.6213099,0.2660394,0.6908417,1.7352096,0.49616942,1.7478385,0.0,1.6932675,0.53373504,0.9471646,0.0,0.8882859,0.0,0.0,0.96487445,0.0,0.58149713,1.1632776,2.298382,0.0,0.8286015,1.883297,0.47925955,0.21092618,0.5844923,1.1781209,0.0,2.10315,0.0,0.0,0.0,0.56611794,0.5894459,0.0,0.16267957,1.1176361,0.41220868,1.5213547,0.7181237,0.66481525,0.0,0.0,0.43382946,0.0,0.0,2.3314042,2.3892,0.3110365,0.0,0.09287774,0.8274519,0.0,0.32929265,0.0,0.0,0.13289046,0.21520956,0.0,1.4365805,0.0,0.42712665,0.0,0.74520576,1.2867218,0.0,0.41179195,0.9250914,0.0,0.7707643,0.0,0.37866983,1.0512975,0.0,0.0,1.8067993,0.0,0.0,1.1607981,1.2046311,0.18877979,0.0,0.6509883,0.0,0.0,1
0.95371526,0.55199385,0.0,0.30023885,1.6054282,0.57502496,0.0,1.0755036,0.0,1.0687221,0.0,0.0,1.0617363,0.0,1.0649928,0.0,1.5843365,0.09830943,0.0071389964,0.52138805,0.0,0.0,0.14794844,0.5781285,1.537321,0.0,2.3442445,0.21239702,0.8850088,0.5121996,0.0,1.1152953,0.88859195,0.0,0.0,1.2431204,0.0,0.09491212,0.0,0.0,1.4225489,0.55622214,0.9502859,0.0,0.49980977,0.5510875,0.8081541,0.0,0.0,0.91321653,0.0,0.86304134,0.0,0.0,1.0334617,1.3383443,0.0,0.0,0.0,1.0790796,1.0800755,0.0,0.0,0.9995067,0.0,0.0,0.7517999,0.2141513,0.57183695,0.0,0.5188465,0.0,0.78778994,1.436483,0.99574006,0.0,0.0,0.0,1.3843768,1.1856797,0.0,0.0,0.7509249,0.54766804,0.4162538,0.9198046,0.60052,1.0608063,0.40371457,0.4797335,1.2194014,0.0,1.0304992,1.6099628,0.12649712,0.17948611,0.47059116,0.00012236065,1.0099807,1.2029278,1.3976824,0.40529332,1.4781076,0.0,0.0,0.92879975,0.9624879,0.0,0.16680302,0.64168257,0.0,0.0272889,2.300116,0.3938421,0.0,0.0,0.06601129,1.8107196,0.6861982,0.5551476,0.0,0.0,1.1587522,0.0,0.0,0.64158136,0.0,1.1435964,0.0,0.0,0.0,1.2674862,0.0,1.2703781,0.0,1.08046,1.150699,0.79191655,0.0,0.8375489,0.56617975,0.0,0.0,0.0,0.0,0.7874199,0.0,0.0,0.40628934,1.58827,0.7137782,1.1183234,0.022504626,0.9171582,0.18667501,0.7889129,1.5035194,0.0007807197,0.0,0.0,1.6162028,0.2931538,0.8978411,0.2049129,0.7138644,0.473195,0.824669,0.8877956,0.47605297,0.0,0.0,1.1332014,0.0,0.0,0.94166315,1.4556468,0.6323463,2.5097153,0.0,0.5094697,0.23072788,1.1152347,0.0,1.0939778,0.0,0.0,0.97822475,0.0,0.95736223,1.1539323,2.0149808,0.0,0.9835158,1.7253838,0.62407285,0.16155817,0.753034,1.0514034,0.0,2.0018528,0.27815235,0.0,0.0,0.56253916,0.40326953,0.20750599,0.0,1.6149044,0.97539145,1.1692631,0.64174426,0.10486675,0.0,0.0,0.0,0.0,0.0,2.0320792,1.5816209,0.21446781,0.0,0.0,0.77703846,0.0,0.050773267,0.0,0.0,0.3551594,0.6224236,0.0,1.0318131,0.0,0.5005259,0.24442573,0.23413354,0.78425014,0.18779066,0.41172853,0.83434844,0.0,0.22436312,0.0,0.0,1.5497243,0.0,0.0,1.2413447,0.0,0.0,0.5120042,1.1084831,0.5499581,0.0,0.06112615,0.0,0.0,1
1.2342068,1.0438937,0.0,0.16863218,1.1637856,0.54295945,0.0,0.5896484,0.0,0.6550571,0.0,0.29948187,1.0725555,0.0,0.88406634,0.0,2.189703,0.09752019,0.26946574,0.98544526,0.0,0.0,0.5069876,0.7367815,1.9585305,0.0452936,1.6119314,0.0,0.5649282,1.2088646,0.0,1.0835097,0.0,0.0,0.0,1.6750007,0.0,0.302239,0.0,0.0,1.2970803,0.5362025,1.2049093,0.0,0.61693776,0.91971654,0.82444614,0.0,0.0,0.33827716,0.0,0.47095728,0.0,0.0,1.1117659,1.0765198,0.0,0.0,0.0,0.10395972,0.5435985,0.0,0.0,1.0854611,0.0,0.20840459,1.5726984,0.4431778,0.40311012,0.0,0.55622506,0.0,1.0490655,1.7532636,0.87135637,0.0,0.124428295,0.0,0.79845893,0.9368268,0.0,0.0,0.8076903,0.0,0.50338143,1.017256,0.29205373,1.009325,0.57880837,0.5513101,1.1046932,0.0,1.417214,1.1126746,0.0,0.0,0.30604643,0.09848171,0.89697516,1.6243978,0.82684916,0.06918641,1.1825715,0.07095834,0.0,0.77179176,0.17292269,0.0,0.01339371,0.2906608,0.0,0.08978848,2.1463141,0.5134909,0.0,0.0,0.10253852,1.761434,0.38001218,0.7172287,0.0,0.0,0.820474,0.0,0.0,0.53677744,0.37689513,0.9292902,0.0,0.0,0.0,1.5206143,0.0,1.2842543,0.0,0.8192917,1.0374058,1.2220001,0.0,0.84090096,1.0577017,0.055804428,0.0,0.0,0.109508544,0.78803897,0.0,0.0,0.24836831,1.1009891,0.9436635,1.0269328,0.13862863,1.342094,0.48920393,0.9614818,1.0809098,0.0,0.0,0.0,0.8783292,0.3984239,1.0932899,0.47502002,0.6195798,0.89116603,1.4089665,0.80051714,0.27130455,0.0,0.0,0.83641666,0.417451,0.0,0.49082813,1.8520894,1.0975354,2.1801357,0.0,0.8975097,0.32545096,0.582473,0.0,0.7323373,0.0,0.0,0.47796237,0.0,0.5333868,0.84827536,1.7793672,0.0,0.9072592,0.8596403,0.70913,0.0,0.53709406,1.2776586,0.0,1.419401,0.30094022,0.0,0.0,0.62100804,0.5861037,0.0,0.0,1.018791,0.22514416,1.3985138,0.71048105,0.32961926,0.0,0.40402445,0.42169863,0.0,0.0,1.8191416,1.7901396,0.21963228,0.0,0.0,0.35906765,0.0,0.0,0.0,0.0,0.331561,1.0326595,0.0,1.3109907,0.0,0.6840361,0.0,0.8774369,0.8416691,0.5725895,0.10671835,0.7102737,0.0,0.32340088,0.0,0.0,1.2486045,0.0,0.0,1.3910953,0.0,0.0,0.8355735,1.2510889,0.8144956,0.0,0.21763596,0.091688216,0.0,1
1.0833584,0.7739578,0.0,0.10549641,1.1438577,0.6631774,0.0,0.6961207,0.0,0.830966,0.0,0.6403028,1.0628419,0.0,0.9100051,0.0,2.3000615,0.38043216,0.7856127,1.2125348,0.0,0.0,0.03822088,0.30951688,1.6291122,0.0,1.2855612,0.6970977,0.22746517,1.044607,0.045307547,1.1842356,0.7196395,0.0,0.0,1.1601021,0.0,0.16068767,0.0,0.0,1.5536222,0.4983991,0.95063025,0.0,0.8304655,1.0754992,0.8010245,0.0,0.0,0.33527392,0.0,0.7743862,0.0,0.0,1.0863194,0.92662305,0.0,0.0,0.0,0.27362207,0.7784787,0.0,0.0,1.2428714,0.0,0.13399152,1.1178893,0.17751506,0.0,0.0,0.94526845,0.0,0.917546,1.5786505,0.9959467,0.0,0.0,0.0,0.57691634,0.9727158,0.0,0.0,0.9709124,0.15892532,0.84246093,1.1295782,0.045245785,1.6411208,0.27609465,0.35175943,1.2375596,0.0,1.201602,1.4655999,0.0,0.0,0.22924721,0.025514655,1.1135021,2.2362058,0.3894665,0.09208659,0.967099,0.0,0.0,1.2303636,0.5269869,0.0,0.0,1.0415674,0.0,0.29219523,2.2346172,0.72572863,0.0,0.0,0.6466995,1.5591058,0.5955715,0.20039493,0.0,0.0,0.905414,0.0,0.0,0.64863163,0.17908303,1.4879167,0.0,0.0,0.0,1.4641052,0.0,1.7486296,0.0,0.8203377,1.3951226,1.1272354,0.0,0.43475547,0.6339517,0.35197532,0.0,0.0,0.53062975,0.6671426,0.0,0.061407384,0.37966487,0.78788346,0.10682065,0.7517319,0.13528176,1.3271095,0.74642587,1.0319775,1.4384359,0.095574155,0.0,0.0,1.3582449,0.73815054,1.3063054,0.19598594,0.38599077,0.817185,1.2964188,0.8174731,0.54998887,0.0,0.0,1.1246091,0.038011316,0.013018461,0.31771392,1.7967544,0.22303343,2.1254814,0.0,0.50678974,0.28448942,0.8317215,0.0,0.95676595,0.0,0.0,1.0832772,0.0,1.2486378,1.007859,1.7277267,0.0,0.8478933,1.135573,0.16791342,0.01434351,0.7165397,1.053759,0.0,1.686548,0.037063677,0.0,0.0,0.7160069,0.6668545,0.07075018,0.16516522,0.83326757,0.6056647,1.4262956,1.08208,0.0,0.0,0.0,0.7735408,0.0,0.36731863,1.8341843,1.4645603,0.5216778,0.0,0.0,0.39589596,0.0,0.0,0.0,0.0,0.02954584,0.20211942,0.0,1.243932,0.0,0.2355161,0.13940059,0.9188516,0.3175321,0.0,0.0,0.5053331,0.0,0.2618379,0.0,0.6357352,1.3215947,0.0,0.0,1.5744133,0.0,0.0,0.92970276,1.2394888,0.0,0.0,0.51942205,0.0,0.0,1
1.2291596,0.98214334,0.0,0.0,1.1759821,0.18476315,0.0,0.964959,0.0,0.7254156,0.0,0.059568588,1.0442013,0.0,1.516615,0.0,2.1350393,0.18967724,0.6678485,0.8598061,0.0,0.0,0.0,0.7592822,1.4230999,0.4914446,1.2491518,0.009932667,0.5968479,1.2433373,0.11173195,1.6884291,0.16372065,0.0,0.0,1.8022361,0.0,0.7151519,0.0,0.0,0.9422802,0.015078278,1.1253921,0.011363763,0.7239846,0.74431336,0.80618095,0.0,0.0,0.5652073,0.0,0.51307815,0.0,0.0,0.7017227,1.1372707,0.0,0.0,0.0,0.35458538,0.720812,0.0,0.0,1.4126657,0.0,0.19735919,1.6419711,0.93479604,0.72761977,0.0,0.5173832,0.0,1.3659532,1.1193991,0.78242564,0.0,0.42826667,0.0,1.0121393,1.1104702,0.0,0.0,1.2550893,0.07503295,0.67588866,1.210267,0.5349706,0.87172526,0.96998936,0.19770458,1.0266969,0.0,0.99426097,1.6244061,0.0,0.0,0.5689245,0.0,1.3983574,2.2842023,1.2010876,0.08687333,1.6058468,0.568916,0.0,0.72962844,0.5899952,0.0,0.009545277,0.4167152,0.0,0.0,1.714588,0.17259267,0.0,0.0,0.1733785,1.2761968,0.7599376,0.73051697,0.0,0.0,0.7814937,0.0,0.0,0.47359562,0.56504136,0.40834707,0.0,0.0,0.0,2.2357173,0.70727,1.5904588,0.0,0.9795257,1.4824904,0.9955534,0.0,1.6346878,0.67392683,0.0,0.0,0.0,0.6292726,1.0565549,0.0,0.42135435,0.28118685,1.2616346,0.65935355,0.51627827,0.0,0.92904246,0.79613364,1.4044021,1.331587,0.0,0.0,0.0,1.1406566,0.0,0.9772845,0.54356366,1.1034937,0.5727525,1.3761619,1.2000784,0.3176863,0.0,0.0,1.0024316,0.18639542,0.0,1.0952168,2.6124663,1.153201,2.7487252,0.0,0.940192,0.31592128,0.32360932,0.0,0.9086338,0.0,0.0,0.33900502,0.0,0.45413405,0.43995756,1.6383393,0.0,0.76002973,1.7047056,0.64462066,0.4250346,1.1605029,0.992429,0.0,2.2797265,0.83643585,0.0,0.0,0.06499422,0.62139636,0.10747514,0.30154696,1.0409485,0.28746143,1.7257295,0.7922735,0.58201045,0.0,0.0,0.37168288,0.0,0.5275622,2.7569432,1.9431701,1.0187465,0.0,0.0,0.95031875,0.0,0.15548594,0.0,0.0,0.16995473,1.1569178,0.0,1.6613765,0.0,0.8994444,0.36365253,0.931693,1.1841418,0.0,0.0,0.86001,0.0,0.1093507,0.0,0.0,1.3220869,0.0,0.0,1.5828243,0.0,0.0,1.2817196,0.9902626,0.55336833,0.0,0.4324216,0.29771048,0.0,1
1.348799,0.19199818,0.0,0.22554703,1.263804,0.4884442,0.0,0.28306448,0.0,0.9992919,0.0,0.0,1.2221068,0.0,1.2442245,0.0,2.38637,0.34270248,0.898467,1.4785309,0.0,0.0,0.0,0.27555162,1.3946158,0.033100545,0.8594461,0.6611663,0.76690626,1.197005,0.0,1.1539336,1.0594922,0.0,0.0,1.1966741,0.0,0.40562418,0.0,0.0,1.9423678,0.42904124,1.3878798,0.0,0.71001804,1.1831048,1.1198294,0.0,0.0,0.3443475,0.0,1.0515763,0.0,0.0,0.6900717,0.93087167,0.0,0.0,0.0,0.48376408,0.47949702,0.0,0.0,0.8575401,0.0,0.2269337,0.8998005,0.25530362,0.18431073,0.0,0.50763714,0.0,1.3647765,1.7381648,0.7706438,0.0,0.35699058,0.0,0.6984091,0.9588912,0.0,0.0,0.7376018,0.16295987,0.8683727,1.2364068,0.0,1.6880957,0.49720585,0.17852369,1.4788625,0.0,1.4414867,1.704887,0.1735988,0.0,0.3708868,0.0,1.1840999,2.9035485,0.64421034,0.26694834,1.2791361,0.0,0.0,0.9335154,0.50622535,0.0,0.0,1.3219004,0.0,0.0,2.4168105,0.53165096,0.0,0.0,0.6492709,1.0948762,0.5414618,0.19793662,0.0,0.0,1.0276427,0.0,0.0,0.558388,0.9119955,1.4717851,0.0,0.0,0.0,1.2371435,0.2711858,1.4829836,0.0,1.2058457,1.6691583,1.0307934,0.0,0.0,0.86918825,0.0,0.0,0.0,0.63584894,1.446881,0.0,0.0,0.5522234,1.1013434,0.3009159,1.3114377,0.000503151,1.4703454,0.815994,0.81355953,1.3239126,0.22124054,0.0,0.0,1.5202944,0.0738436,1.2148688,0.056365397,0.50390184,0.4991918,1.1128618,0.6032776,0.009303622,0.0,0.0,0.8938438,0.32680306,0.0,0.97990805,1.8858747,0.5425045,2.1291716,0.0,0.47508225,0.32535088,1.2157772,0.0,0.920874,0.0,0.0,1.0253198,0.0,1.4942781,1.1094813,1.7328568,0.0,0.6725416,1.1149764,0.45015752,0.60963243,0.60285676,1.5880784,0.0,1.9913263,0.08742089,0.0,0.0,0.5781408,0.83797216,0.53540456,0.13721743,1.1008967,0.6364775,1.9216623,0.60245734,0.03196925,0.0,0.0,0.39495492,0.0,0.91506916,2.6400092,2.0201359,0.7153103,0.0,0.0,0.74861926,0.0,0.02484246,0.0,0.0,0.0,0.5360057,0.0,1.2173815,0.0,0.2933709,0.07947995,0.44429544,0.64172786,0.0,0.0,0.694285,0.0,0.80715483,0.08466196,0.62489414,1.2557019,0.0,0.0,1.4356521,0.0,0.0,1.2670329,1.218132,0.0,0.0,0.38485402,0.0,0.0,1
0.94103605,0.9073613,0.0,0.0,1.1381156,1.1182662,0.0,0.8422297,0.0,0.22276409,0.0,0.019779377,1.1432911,0.2576132,0.5960837,0.0,1.7080787,0.0,0.4596294,0.7861259,0.0,0.0,0.29165694,0.34717432,1.0878385,0.16232224,1.4004527,0.0,0.712744,0.8414376,0.0,1.1074034,0.74675953,0.0,0.0,1.5159974,0.0,0.28947574,0.0,0.0,1.2734846,0.45578018,1.4175459,0.0,0.41470352,0.665971,0.5321993,0.0,0.0,0.52173597,0.0,0.41133556,0.0,0.28748363,1.2209458,0.9590244,0.0,0.0,0.0,0.8197253,0.43578354,0.0,0.0,0.5504001,0.3992105,0.33754006,0.82576346,0.5022811,0.0,0.0,0.31349474,0.0,0.65674543,1.2770368,1.0066088,0.0,0.25513127,0.0,0.9305305,1.2706769,0.0,0.0,0.74593633,0.0064493143,0.45958313,1.1272941,0.16626059,1.3380576,0.108175255,0.38010052,1.4593164,0.0,0.8394733,1.5070103,0.0,0.0,0.43066606,0.2234066,0.8600051,1.2036725,1.3361378,0.15840061,0.8973637,0.0348052,0.0,0.75382,0.9147037,0.0,0.22826488,1.5242434,0.0,0.0,2.1927145,0.052681323,0.0,0.0,0.059886396,1.8968109,0.13031414,0.556724,0.0,0.0,0.60072607,0.0,0.0,0.7535979,0.0,0.8718418,0.0,0.0,0.0,1.0823148,0.33954957,1.2653885,0.0,0.72611433,1.8499206,0.9284376,0.0,0.7469596,0.4961491,0.0,0.0,0.0,0.36952588,0.97809213,0.0,0.0,0.0,0.77640074,0.763962,1.1930861,0.5094022,0.7052924,0.40160874,0.7910945,0.7016948,0.0,0.0,0.0,1.2461761,0.18957579,1.062235,0.36377195,0.8221122,0.7446993,1.0837946,0.88889754,0.41502026,0.0,0.0,0.5785664,0.0,0.0,1.30806,1.5723664,0.35528925,2.2758453,0.0,0.80518115,0.88838285,0.92368215,0.0,0.90202457,0.09799143,0.0,0.3290569,0.0,0.9956762,1.0434393,1.1310679,0.0,0.83639497,1.3374476,0.2305666,0.04942987,0.78826547,1.4428891,0.0,1.8443775,0.65707797,0.0,0.0,0.0,0.36392108,0.62494904,0.0,0.5334936,0.7914034,1.1821487,0.31707639,0.5352377,0.0,0.0,0.0,0.0,0.26162028,2.0672505,1.8861187,0.0,0.0,0.45498818,0.7523675,0.0,0.24823692,0.0,0.0,0.3547425,0.8989758,0.0,0.8096665,0.0,0.9983602,0.3456694,0.31530377,0.68938005,0.22882214,0.0,1.7428032,0.0,0.09074467,0.0,0.03174838,1.2534382,0.0,0.0,1.2194434,0.0,0.0,1.593552,0.74048,0.3914201,0.0,0.055135854,0.0,0.0,1
1.5339372,0.552136,0.0,0.0,0.9911693,1.1078528,0.0,0.756505,0.0,0.56343305,0.0,0.0,1.4179677,0.808099,0.6429882,0.0,1.5761926,0.12416738,0.14148799,0.7706906,0.0,0.0,0.26993582,0.036561742,1.8331481,0.0,2.1822293,0.18854131,0.651129,1.0151556,0.0952248,0.63640344,1.9727228,0.0,0.0,1.53071,0.0,0.2798871,0.0,0.0,1.7194003,0.62352914,1.1864763,0.0,0.27788982,0.70397997,0.6576887,0.0,0.0,0.8455356,0.0,0.0,0.0,0.0,0.72280395,1.0137385,0.0,0.0,0.0,1.0351675,0.64574873,0.0,0.0,0.7689252,0.7514279,0.46177727,0.4617074,0.70321095,0.0,0.0,0.2571241,0.0,0.82830447,1.5434926,1.0831879,0.0,0.11461506,0.0,0.6893081,1.101613,0.0,0.0,1.2851384,0.06497367,0.32535315,1.2147207,0.0,1.7577734,0.24079849,0.0,1.9282293,0.0,1.0142962,1.8020668,0.1390554,0.0,0.15719624,0.0,1.2187774,1.5200107,1.1322318,0.6386804,1.4716456,0.33140576,0.0,0.8159994,1.1481928,0.0,0.34693545,1.0129488,0.0,0.36717516,2.7575417,0.0,0.0,0.0,0.0,1.8992785,0.0,1.086879,0.0,0.0,0.280739,0.0,0.0,0.7005002,0.0,1.7288982,0.0,0.0,0.0,0.85603726,0.8227995,0.5673619,0.0,1.6463869,1.9464773,0.6641919,0.0,0.48812485,0.9820356,0.0,0.0,0.0,0.47009256,1.3610632,0.0,0.0,0.63988864,1.5933676,1.114621,1.3020582,0.0,1.3734988,0.6331971,0.6401222,1.3148955,0.1778691,0.0,0.0,0.7704324,0.47430193,1.2295536,0.21621776,0.36595336,0.93935114,1.5029207,0.49527127,0.4892257,0.0,0.0,0.35660204,0.0,0.0,1.7138085,1.6229851,0.21365194,2.1764834,0.0,0.65534043,0.5404938,1.7183245,0.0,1.5526075,0.0,0.0,0.96008533,0.0,1.1649752,1.3575338,1.4791191,0.0,0.9740342,1.1714176,0.68629795,0.0,0.8594771,1.8069967,0.0,2.1704433,0.7843824,0.0,0.0,0.6963984,0.54543513,0.492955,0.13305378,1.3944248,0.8771076,1.7106104,0.0,0.3266797,0.0,0.0,0.0,0.0,0.21146521,2.3255746,1.6236647,0.6213178,0.0,0.3876156,1.010491,0.0,0.26649627,0.0,0.0,0.7534934,0.19729778,0.0,1.2799789,0.0,0.8602858,0.33636495,0.59837615,1.221002,0.04366091,0.26912183,1.6939663,0.0,0.0,0.0,0.0,1.7958121,0.0,0.0,0.7706319,0.0,0.0,1.7054288,1.1879549,0.25476924,0.0,0.31263593,0.0,0.08332994,1
1.207766,1.0710304,0.0,0.0,0.426255,0.6322449,0.0,0.18106513,0.0,1.0897994,0.0,0.40727997,0.96836483,0.0,0.745455,0.0,1.4669677,0.0,0.76617163,0.0968577,0.0,0.0,0.6457161,0.0,2.2652445,0.17517278,1.3022238,0.3192838,0.0,1.2356097,0.30672616,1.0593505,0.91528225,0.0,0.0,1.4028826,0.0,0.30427292,0.0,0.0,0.80157554,0.061796993,1.5605397,0.0,0.8626383,0.4801914,0.7392221,0.0,0.0,0.32740125,0.0,0.2757637,0.0,0.0,1.6050855,1.2546045,0.0,0.0,0.0,0.5707575,0.43705136,0.0,0.0,1.5014452,0.16361535,0.04920636,1.4478455,0.24391411,0.0,0.0,1.0150247,0.0,0.53608817,1.108269,1.0866704,0.0,1.2198377,0.0,0.49443558,0.98334515,0.0,0.0,1.2011137,0.85456866,0.7673038,0.7194688,0.0,1.0905278,0.28184217,0.5736714,1.1085869,0.0,1.7151546,0.6419229,0.0,0.0,0.12828714,0.38871938,0.9733537,1.9222602,0.5375633,0.0,1.2944762,0.4136428,0.0,1.1969043,0.21492447,0.0,0.0,0.13810483,0.0,0.0,2.358213,0.021850761,0.0,0.0,0.30738172,0.9679573,0.5609283,0.650418,0.0,0.0,0.9923859,0.0,0.0,1.056237,0.0,0.61640704,0.0,0.0,0.0,0.57671446,0.05088749,0.9538873,0.0,1.8719566,1.0295826,1.0965672,0.0,1.4787884,1.2719073,0.20408529,0.0,0.0,0.88474715,0.63858277,0.0,0.0,0.47365707,0.23789097,0.6924442,0.47081065,0.0,0.8272113,1.1438481,1.2585543,1.4872758,0.09146567,0.0,0.0,1.3944474,0.2762975,0.96443534,0.43404996,0.11904355,0.5554696,1.3860546,0.8217131,0.7179703,0.0,0.0,0.5760442,0.63706887,0.0,0.6967296,1.6131705,0.49157366,1.9400032,0.0,0.0018143479,0.46056592,0.96702605,0.0,0.6900828,0.0,0.05618343,0.8061594,0.0,0.71468514,1.4868454,1.7964001,0.0,0.87220025,1.1276631,0.9242726,0.0681948,0.2337033,0.8564019,0.0,1.7541212,0.20179734,0.0,0.0,0.72539693,0.031690955,0.2727275,0.64743257,0.51771414,0.3910888,1.1704899,0.55076784,0.6994826,0.0,0.63198483,0.0,0.0,0.42968622,2.4354124,1.38772,0.6982303,0.0,0.226006,0.8918278,0.0,0.016003925,0.0,0.0,0.92029005,0.56094575,0.0,1.4542636,0.0,0.20757104,0.0,1.4307188,0.29067114,0.14091605,0.58191836,0.998478,0.0,0.14164948,0.0,0.24112761,1.0699676,0.0,0.0,1.4952337,0.0,0.0,1.5299693,1.1079035,0.43101886,0.0,0.9948101,0.0,0.0,1
0.9555451,0.101742044,0.0,0.0,1.3319672,0.5776072,0.0,0.77076703,0.0,0.95129496,0.0,0.55501217,1.3556381,0.0,1.22001,0.0,1.0698769,0.0,1.0281744,0.29604828,0.0,0.0,0.07020124,0.605185,1.5704504,0.0,1.459417,0.0,0.86235166,1.312707,0.0,1.0867819,0.2518682,0.0,0.0,0.9722244,0.0,0.5044624,0.0,0.0,1.355561,0.22263691,0.9000724,0.0,0.5790049,0.57525504,1.0469261,0.0,0.0,0.3118292,0.0,0.10531481,0.0,0.0,1.2504861,0.96251225,0.0,0.0,0.0,0.78211856,0.571412,0.0,0.0,1.1778489,0.0,0.20263155,1.1929817,1.1263611,0.11372298,0.0,0.19011809,0.0,0.59369785,0.59759593,0.55427694,0.0,0.35292497,0.0,0.6578766,0.48351008,0.0,0.0,0.95320755,0.0,0.013112722,1.3480532,0.14101093,1.3478891,0.45150116,0.6797167,1.2035832,0.0,0.73742944,1.5919733,0.6609541,0.0,0.12649728,0.0,1.1961995,2.0460908,1.4244801,0.019199628,1.4347285,1.0133406,0.0,0.41101483,0.69203776,0.0,0.0,0.56085443,0.0,0.026100146,2.368871,0.8103609,0.0,0.0,0.74106646,1.5335201,0.9656247,0.6141705,0.0,0.0,0.61586016,0.0,0.0,0.64596313,0.6816845,0.6622833,0.0,0.0,0.0,1.4886192,0.56575704,1.3561105,0.0,2.064539,1.0825183,0.7705253,0.0,0.8448438,0.7465998,0.35321218,0.0,0.0,0.47160605,1.1362143,0.0,0.34051818,0.45653787,1.1646321,1.1211175,1.4046279,0.47651985,1.0125836,0.60926443,1.1523606,1.4093509,0.291026,0.0,0.0,0.9000691,0.39076605,0.78007835,0.64980453,0.5567741,0.38584644,1.3034892,0.2978568,0.8732083,0.0,0.0,0.69257283,0.009201361,0.08679859,0.96881795,1.5809913,0.0,2.08065,0.0,0.6083906,0.0,1.3970586,0.0,0.77356434,0.18614295,0.0,0.85470486,0.0,1.3005236,1.0229471,1.9315183,0.0,0.76473075,1.6915684,0.5961623,0.87486213,0.571995,1.1234461,0.0,1.8085303,0.22062415,0.0,0.0,0.0711442,0.39113128,0.5450794,0.10657182,1.6824886,0.14709732,1.6966577,0.5510996,0.5863625,0.0,0.0,0.21603009,0.0,0.5335496,2.7141669,1.2804469,0.6878821,0.0,0.0,0.85476625,0.0,0.0891513,0.0,0.0,0.2727342,0.14078887,0.0,1.0802763,0.0,0.0,0.7248117,1.1799586,1.1791207,0.42751315,0.0,0.8914854,0.0,0.0,0.0,0.21313831,0.95106715,0.0,0.0,1.3907802,0.0,0.0,1.5741307,0.16168901,0.27515027,0.0,0.6189226,0.0,0.0,1
1.2112277,0.9153896,0.0,0.0,1.3742498,0.40869674,0.0,1.2035573,0.0,1.2540116,0.0,0.32760978,0.9942072,0.0,1.6006646,0.0,1.6716019,0.0,0.86530703,0.15469483,0.0,0.0,0.5037767,0.37742645,1.8693181,0.0101938555,1.4374856,0.09519856,0.9160445,1.2380004,0.18865907,1.3954195,0.6989811,0.011224081,0.0,1.2041079,0.0,0.5705575,0.0,0.0,1.5326629,0.28643486,1.3721242,0.1117378,0.5288327,0.3635216,0.62089425,0.0,0.0,0.9428824,0.0,0.5236894,0.0,0.31305796,1.3666867,1.2257675,0.0,0.0,0.0,0.33248708,1.1755369,0.0,0.0,1.4150826,0.49415082,0.32950196,1.2860307,0.930698,0.15095669,0.0,0.48532918,0.0,0.3773426,1.0229809,0.76225346,0.0,0.5374493,0.0,0.948053,1.0564445,0.0,0.0,1.3564305,0.701085,0.69667953,1.2392619,0.0,0.71986884,0.7615161,0.6331153,1.0319948,0.0,1.2443434,1.506316,0.042174213,0.0,0.7151367,0.337252,1.0673859,1.9528984,1.1108401,0.0,1.4498228,0.8393883,0.0,0.9920951,0.565061,0.0,0.0,0.8045888,0.0,0.0,2.1364946,0.17525423,0.0,0.0,0.69830406,1.9631518,0.19874987,0.63357806,0.0,0.0,0.5688428,0.0,0.0,0.59763306,0.0,0.31503767,0.0,0.0,0.0,1.0337714,0.8457231,0.879912,0.0,1.6581707,1.4288563,0.54158384,0.0,1.5300575,0.57911676,0.029887374,0.0,0.0,0.25988278,0.6251507,0.0,0.0,0.39067212,0.9060994,0.65862787,0.050935615,0.0,0.7252868,0.6444612,1.4566052,1.8531052,0.0010210754,0.0,0.0,0.8058237,0.0,0.44770774,0.6213334,0.61276466,0.03198773,1.4026324,1.4990952,0.024246566,0.0,0.0,0.6930386,0.40750492,0.0,1.2236582,1.7034473,0.64914304,2.1630976,0.0,0.4999881,0.19255301,0.950041,0.0,1.0596768,0.19812177,0.0,0.85812974,0.0,0.29363135,0.55922836,2.1062899,0.0,1.0411361,1.7437023,1.029334,0.46486753,0.89239794,0.54564214,0.0,1.7216163,0.24223563,0.0,0.0,0.15535821,0.24098723,0.71740687,0.105932266,0.87170285,0.88927466,1.0563741,0.63498574,0.30870873,0.0,0.0,0.0,0.0,0.13905309,2.6296632,1.2566606,0.8958856,0.0,0.0,0.56091267,0.0,0.30166107,0.0,0.0,0.80328023,1.1842206,0.0,1.5673411,0.0,0.30522352,0.062069193,1.1185204,0.7860381,0.22718659,0.0,0.84144473,0.0,0.0,0.0,0.0,1.1132286,0.0,0.0,1.1204895,0.0,0.0,1.5260158,0.64123136,0.34992442,0.0,0.23498946,0.07501483,0.0,1
0.6949858,1.2495377,0.0,0.0,1.5014307,0.1980674,0.0,0.90714526,0.0,0.7627735,0.0,0.14607172,0.9994175,0.0,1.6339138,0.0,1.6407717,0.0,0.7849828,0.09463689,0.0,0.0,0.39295283,0.40002608,1.8456794,0.34610802,1.5891495,0.0,0.8808962,1.0878376,0.04515913,1.4109967,0.11716532,0.17736544,0.0,1.1740236,0.0,0.6149867,0.0,0.0,1.6188323,0.5522863,1.1377572,0.0,0.9969287,0.66744846,0.89179057,0.0,0.0,0.34962282,0.0,1.0704693,0.0,0.0,1.221515,1.2495484,0.0,0.0,0.0,0.17531659,0.82400435,0.0,0.0,1.647457,0.0,0.07796089,1.6885467,0.93010604,0.52381223,0.0,0.57066923,0.0,0.65424573,0.6022555,0.211049,0.0,0.46246326,0.0,0.8449636,0.81758106,0.0,0.0,0.42047995,0.3869775,0.50749415,1.157774,0.5916367,0.82795894,0.73941547,0.46834755,0.8917976,0.0,1.0191256,1.3284632,0.0,0.0,0.9253794,0.0,1.4010713,1.8105325,1.0158327,0.0,1.299881,0.57308966,0.0,0.81197596,0.5674283,0.0,0.0,0.5886204,0.0,0.0,1.4888355,0.591426,0.0,0.0,0.3707993,1.7616178,0.84201956,0.2930968,0.0,0.0,0.94805187,0.0,0.0,0.25596228,0.1973639,0.17975254,0.0,0.0,0.0,1.8241874,0.7701268,1.3660889,0.0,1.5083262,1.2100581,0.57932925,0.0,1.8437648,0.87476075,0.46485597,0.0,0.0,0.1189166,1.2215288,0.0,0.26425838,0.35289407,1.4027531,1.0124048,0.28387505,0.0,1.3271527,0.4335378,1.3410623,1.662152,0.0,0.0,0.0,1.4360518,0.0,0.5027071,0.42215133,1.2574424,0.3981481,1.508568,1.4366705,0.65231186,0.0,0.0,1.2768657,0.884307,0.38609293,0.593847,1.9069043,0.6577013,1.9641151,0.0,1.0082397,0.32549492,0.9346573,0.0,0.6485734,0.0,0.10121322,0.7096755,0.0,0.5303687,0.26964426,2.0318723,0.0,1.054449,1.7186654,0.75093806,0.63988316,1.0025032,0.6089299,0.0,1.7358508,0.36046496,0.0,0.0,0.2137094,0.21802826,0.49555245,0.4425298,1.5430793,0.0,1.1117239,1.029678,0.51778764,0.0,0.0,0.4062464,0.0,0.0,2.1782138,1.3634869,1.0418338,0.0,0.0,0.76762366,0.0,0.23305424,0.0,0.0,0.41239947,0.35382196,0.0,1.8913205,0.0,0.08314349,0.31339842,1.0290123,1.2893156,0.0,0.0,1.1219952,0.0,0.225643,0.0,0.0,1.4643741,0.0,0.0,1.624602,0.0,0.0,1.118463,0.49893457,0.6049005,0.0,0.45733124,0.10239443,0.0,1
0.0,1.0598258,0.0,0.0,0.884784,0.99785334,0.0,0.5406296,0.0,0.6295905,0.0,0.5334192,1.0863426,0.20471542,0.79968023,0.0,1.2868613,0.0,1.3582991,0.36469615,0.0,0.0,1.1431794,0.7339202,1.5047925,0.0,1.5988674,0.0,1.0319711,1.2258508,0.0,1.0785136,0.0,0.21383826,0.0,1.2098271,1.3201975,0.480053,0.0,0.0,1.7093892,0.0,1.78055,0.0,0.97836566,1.0298445,0.89210373,0.0,0.0,0.55049247,0.0,0.3637655,0.0,0.39732742,1.432249,1.6496898,0.0,0.0,0.0,1.0763228,0.8601158,0.0,0.0,1.5698665,0.0,0.0,0.9445123,0.8421646,0.79451007,0.0,0.34467676,0.0,0.5684354,0.39063352,0.0,0.0,0.5878794,0.0,0.90422875,1.0166212,0.0,0.0,0.36665863,0.0,0.0,0.84175193,1.0622405,0.6210182,0.64846635,0.78145754,1.2363555,0.0,1.0263523,0.97362864,0.10363712,0.0,0.6902832,0.22723107,1.2957733,1.6486295,1.1766077,0.0,1.007371,2.1596272,0.0,0.63246095,0.18266053,0.0,0.0,0.13617355,0.0,0.0,1.7570168,0.8426539,0.0,0.0,0.8848504,1.9412185,0.22559604,0.874496,0.0,0.0,0.7177564,0.0,0.0,0.6922193,0.71296793,0.02914704,0.0,0.0,0.0,0.9671467,1.4176141,1.5636058,0.0,1.2257648,1.8160723,0.8924956,0.23067431,1.5800309,1.0496686,1.0153806,0.0,0.0,0.657909,0.75585365,0.0,0.07231202,0.23629183,0.76691335,1.5003678,0.48044732,0.4594468,1.2017326,0.87627983,1.0203403,1.2666929,0.4857017,0.0,0.0,1.1105855,0.0,1.0549111,1.0705762,0.80477256,0.36922312,1.3118874,1.1881276,0.990629,0.0,0.0,0.81452394,0.5770489,0.27419165,1.3019797,0.7557849,0.046586968,1.8542955,0.0,0.9455504,0.0,0.99250156,0.0,0.5414912,0.4667408,0.29732242,1.4750283,0.0,0.0,0.5430816,1.4193096,0.0,1.0714115,1.5953946,0.2972719,1.9781274,0.7927049,0.5320809,0.0,2.3027503,0.58984226,0.0,0.0,0.0,0.0,0.8338917,0.033672214,1.1062768,0.0,1.726866,0.57268643,1.2223747,0.0,0.0,0.2631207,0.0,0.17958301,2.667761,1.0675498,0.64667565,0.0,0.0,1.4623222,0.0,1.0252557,0.0,0.0,1.1468197,1.0006989,0.0,1.3353157,0.0,0.46316588,0.5700742,1.197689,0.8168168,0.7495696,0.0,1.7575094,0.0,0.0,0.0,0.16182545,0.96121585,0.0,0.0,0.7749531,0.0,0.0,1.6966463,0.84337574,0.8045495,0.0,0.9902003,1.2389872,0.0,1
0.77960104,0.3523688,0.0,0.0,1.686282,0.88622475,0.0,1.254124,0.0,0.6006506,0.0,0.70046407,1.3653864,0.0867133,0.8115475,0.0,1.4021581,0.0,0.7850278,0.0,0.0,0.22439538,0.27946967,1.2928627,1.4788033,0.0,1.640361,0.0,1.1459041,1.0588241,0.4354815,1.4416586,0.6414937,0.5181249,0.0,1.2055875,0.06159089,0.6696749,0.0,0.0,1.2786472,0.0,1.1964905,0.0,0.43495986,0.9299884,1.0395269,0.0,0.0,0.43001613,0.0,1.1009065,0.0,0.0,0.4682235,0.9786387,0.0,0.0,0.0,0.27998132,1.2364876,0.0,0.0,1.8524891,0.06807266,0.0,1.1255949,0.8360835,0.3912745,0.0,0.5573479,0.0,0.9443441,0.0,0.0,0.0,0.44631913,0.0,0.7692483,0.93294173,0.0,0.0,0.82317287,0.0,0.0,1.5164422,0.682635,0.5949597,0.50251985,0.55168647,1.0583751,0.0,1.0537181,0.92613125,0.14538312,0.0,0.59279495,0.54725397,1.609673,1.5836383,1.3609749,0.0,0.41848502,2.1275156,0.0,0.76569223,0.7992112,0.0,0.0,0.5299562,0.0,0.2584385,1.7473422,0.32847092,0.0,0.0,0.24214944,2.1458175,0.78706783,0.89302987,0.0,0.0,0.34699824,0.0,0.0,0.085620776,0.30417454,0.03084166,0.0,0.0,0.0,1.532358,0.94171154,1.7741777,0.2567157,1.1419789,1.4944516,1.0217441,0.045222197,1.137017,0.74306303,0.40764073,0.0,0.0,0.31619528,0.9326938,0.0,0.0,0.0,1.4329426,0.78558934,0.5882835,0.099470824,0.8121159,0.4833055,1.6115086,1.4375468,0.3777299,0.0,0.0,1.0649009,0.16349816,1.0943551,1.1371964,1.1793172,0.48896062,0.5961415,0.54219466,0.11092838,0.0,0.0,0.19757923,0.830476,0.48356864,1.8040069,1.4576831,0.09745718,1.8952107,0.0,0.0,0.0,1.0107548,0.0,0.6312698,0.6791528,0.0,0.7944403,0.0,0.65178996,1.0172006,1.5017964,0.0,0.56623745,1.7953198,0.41572523,0.61558276,0.72929096,0.5451766,0.0,1.9344382,1.1211283,0.0,0.0,0.07921931,0.0,0.71727926,0.37247393,0.6082618,0.41039267,1.1507124,0.0,0.44855613,0.0,0.0,0.2006722,0.0,0.11477756,2.4603384,1.171441,1.0541728,0.0,0.0,1.2591647,0.0,1.5604855,0.0,0.0,0.6923889,1.1110754,0.0,1.3819386,0.0,0.0,0.7720853,1.5670044,1.5766108,0.2143735,0.11887201,1.0021766,0.0,0.04453259,0.0,0.038051244,1.2174301,0.0,0.0,1.1995279,0.0,0.0,1.0512608,0.0,0.53549993,0.0,0.7562767,0.26048902,0.0,1
1.1635289,0.95288515,0.0,0.0,2.1778057,0.0,0.0,0.5029639,0.0,0.79616255,0.0,0.0,0.99638355,0.0,1.1906934,0.0,2.1913865,0.48069042,0.07569617,0.68717927,0.0,0.0,0.17107205,0.071007416,1.2936655,0.0,1.768001,0.09583661,1.3102019,1.3676792,0.0,1.0002923,0.67581147,0.0,0.0,1.513062,0.0,0.29489863,0.0,0.0,1.2138541,0.09168604,0.9744678,0.0,0.3987417,0.37573418,1.2363583,0.0,0.0,0.21049787,0.0,1.1119071,0.0,0.0,1.0414056,0.72414994,0.0,0.0,0.0,1.2289234,0.78948206,0.0,0.0,0.88071305,0.0,0.0,1.7727302,0.4529316,0.84433645,0.0,0.6723002,0.0,1.306894,1.0281239,0.24804701,0.0,0.23842661,0.0,1.1189171,1.4919332,0.0,0.0,0.0,0.33069497,1.3512471,0.8384341,0.58717334,1.57629,0.38877052,0.4190181,1.6290146,0.0,1.4701339,1.6367782,0.13907179,0.06766138,0.52637994,0.0,1.5134429,2.0460851,1.1693991,0.0,1.5586865,0.0,0.0,0.8899849,0.86909944,0.0,0.0,0.7707442,0.0,0.0,2.2199264,0.73174435,0.0,0.0,0.3947692,1.4002582,0.94575953,0.803521,0.0,0.0,0.9715106,0.0,0.0,0.45552084,0.0,0.59079,0.0,0.0,0.0,1.8528634,0.037130322,1.2663503,0.22819339,0.764073,0.91082984,0.95387524,0.0,0.86047494,1.3520586,0.13216811,0.0,0.0,0.20786613,1.2828457,0.0,0.6145572,0.47639275,1.4874384,1.0348464,1.0680451,0.20636937,0.97700256,0.54891086,0.74520975,1.2458712,0.0,0.49605754,0.0,1.8934779,0.0,1.216029,0.31240445,0.5552206,0.27212715,1.1938998,1.5831165,0.33216324,0.0,0.0,1.2013174,0.48896083,0.0048619825,0.3229291,2.0099967,0.740679,2.2426345,0.0,1.0593498,0.70615023,0.67632043,0.0,0.64463013,0.0,0.0,0.0,0.0,0.6341595,1.2288866,1.7874436,0.0,0.91676164,1.8921068,0.9903074,0.2129965,0.44605514,0.80951405,0.0,2.6558418,0.23222956,0.0,0.0,0.07749775,0.82314146,0.4404148,0.30920476,1.865417,0.62665355,0.9779222,0.7627863,0.012674013,0.0,0.0,0.62716734,0.0,0.23043528,2.5918415,2.0191653,0.6036687,0.0,0.0,0.49181232,0.0,0.0,0.0,0.0,0.0,0.37812883,0.0,1.1734113,0.0,0.6320228,0.07315872,0.86530375,1.0978091,0.0,0.059430223,1.3255119,0.0,0.94211763,0.0,0.3379616,0.9852223,0.0,0.0,1.574199,0.0,0.0,0.0,1.0704615,1.274037,0.0,0.0,0.0,0.0,1
1.2537826,1.2993706,0.0,0.0,1.152574,0.659309,0.0,0.51388127,0.0,1.3675566,0.0,0.19517697,1.0673593,0.0,0.94208956,0.0,1.9490076,0.15631409,0.70938987,0.0,0.0,0.0,0.88574004,0.25256443,2.2632306,0.4140569,1.1630706,0.0,1.4235692,1.0689114,0.3605764,0.909608,0.26515514,0.0,0.0,1.636741,0.0,0.11222577,0.0,0.0,1.1653531,0.17981434,0.9275328,0.0,0.5303689,0.27778247,1.3467207,0.0,0.0,0.47034848,0.0,0.8566192,0.0,0.0,1.2261453,0.8793174,0.0,0.0,0.0,0.065741174,0.5866321,0.0,0.0,1.7271123,0.14930056,0.0,1.7093405,0.91144377,0.10903388,0.0,1.1223264,0.0,1.1114413,1.4741526,0.79041815,0.0,0.737605,0.0,0.89022464,0.39185196,0.0,0.0,0.9612568,0.6499393,0.802996,1.3462007,0.7448655,1.1223829,0.6282006,0.5445746,0.8497821,0.0,0.86758417,1.3509374,0.0,0.0,0.29497612,0.44700003,1.6509646,1.8541887,0.5086098,0.032385353,1.018661,0.34467718,0.0,0.8239378,1.3180379,0.0,0.0,0.19146857,0.0,0.0,1.945975,0.57893693,0.0,0.0,0.15759099,2.0385802,1.4530829,0.5781637,0.0,0.0,0.9469121,0.0,0.0,0.573929,0.17009346,0.30515206,0.0,0.0,0.0,1.9900223,0.0,1.6120015,0.0,1.2994108,1.2878008,0.7850689,0.0,1.6636289,0.9522732,0.15019438,0.0,0.0,0.0,1.1110451,0.0,0.2511868,0.0,1.1151062,1.6707673,0.15704666,0.0,0.1694663,0.94552094,1.2537229,1.3794028,0.0,0.0,0.0,1.2488925,0.0,0.56391186,0.16992232,0.80189747,0.7257435,2.04765,1.3206139,0.9022382,0.0,0.0,1.274562,1.2953556,0.0,0.6167849,2.5213888,0.93602,2.1746128,0.0,1.0243161,0.86698985,1.0695956,0.0,0.17896658,0.0,0.0,0.33569995,0.0,0.0,1.2453418,1.9026079,0.0,0.69941455,1.6482246,1.5548893,0.0,1.1364883,0.7565969,0.0,1.7177188,0.39203015,0.0,0.0,0.3839647,0.570402,0.29126784,0.6053224,1.3908314,0.0,1.4418664,1.1231965,0.95110416,0.0,0.0,1.1970863,0.0,0.30848145,1.8566025,1.5074981,0.84918284,0.0,0.23578832,0.40362802,0.0,0.0,0.0,0.0,1.1242682,0.07462768,0.0,1.6377585,0.0,0.81744236,0.0,1.594898,1.0521865,0.11152443,0.0,1.3112597,0.0,0.26855153,0.0,0.0,0.9733948,0.0,0.0,1.4802338,0.0,0.0,0.011383669,0.5686926,0.68392056,0.0,0.5501354,0.0,0.0,1
1.0602717,1.028449,0.0,0.0,1.0348948,0.8035231,0.0,0.21699409,0.0,1.0843704,0.0,0.16264077,1.2552875,0.0,1.2585024,0.0,2.0155299,0.0,1.1140203,0.33746406,0.0,0.0,0.07079353,0.0,1.7270325,0.1296003,1.7082862,0.2699526,0.39219555,1.6931224,0.2632153,0.62822694,1.340214,0.056520555,0.0,1.5573765,0.0,0.15950482,0.0,0.0,1.4464605,0.5822974,1.1734982,0.0,0.21916471,0.934388,1.1943753,0.0,0.0,0.28064704,0.0,0.3178571,0.0,0.0,1.1187125,1.3073487,0.0,0.0,0.0,0.5259178,0.52455324,0.0,0.0,0.94560283,0.3242493,0.0,0.82543325,0.6122636,0.0,0.0,0.7682323,0.0,0.7967715,1.4227474,1.2332826,0.0,0.64155513,0.0,0.18123609,1.2246063,0.0,0.0,0.94810635,1.002588,0.58541024,1.2750163,0.0,1.6844679,0.2802015,0.47469702,1.2806109,0.0,1.2643424,1.0835785,0.0,0.0,0.42355472,0.0,1.5425189,2.1494222,0.6498036,0.13669306,1.3229781,0.16214855,0.0,1.4197633,0.8731974,0.0,0.0,0.7769526,0.0,0.0,2.6450143,0.20864494,0.0,0.0,0.1815793,1.4597931,0.5957734,0.33685112,0.0,0.0,0.80765,0.0,0.0,0.81909686,0.07336288,1.17354,0.0,0.0,0.0,0.8736228,0.49498177,0.62705016,0.0,1.6780726,1.6384553,1.2711449,0.0,0.709838,0.8950384,0.09641158,0.0,0.0,0.21487507,0.61298347,0.0,0.0,0.52068716,0.5277381,0.79722863,0.943173,0.0,1.1137025,0.67335194,1.4088994,1.082275,0.0,0.0,0.0,1.241888,0.08303951,1.2759725,0.0,0.67535496,1.1219699,1.798408,1.1324646,0.66540885,0.0,0.0,0.7250782,0.72826976,0.0,0.70745856,1.7632092,0.57757866,2.4613776,0.0,0.66555864,1.6834861,1.6470753,0.0,0.55930996,0.0,0.0,0.7607251,0.0,1.04429,1.4558986,1.8555208,0.0,1.4162406,1.3534886,0.9015713,0.16806987,0.5044086,1.3834987,0.0,1.7501591,0.015411964,0.0,0.0,1.0066432,0.49879432,0.774484,0.54333913,0.8238848,0.31422597,1.436204,1.0331907,0.27764374,0.0,0.0,0.40529615,0.0,0.5244613,1.9883863,1.9672952,0.69197226,0.0,0.13064256,0.6521021,0.0,0.0,0.0,0.0,0.5030341,0.2900623,0.0,1.2466103,0.0,0.5331218,0.0,0.7877828,0.59868306,0.0,0.18721773,1.253765,0.0,0.0,0.0,0.5284467,1.0853527,0.0,0.0,1.4239752,0.0,0.0,1.5693743,1.4103079,0.0,0.0,0.5870371,0.0,0.0,1
1.1970901,0.13769652,0.0,0.34719333,1.0504627,0.6835762,0.0,0.43382537,0.0,1.1656529,0.0,0.0,0.9880848,0.0,1.173244,0.0,2.078019,0.0,0.81512445,1.1361622,0.0,0.0,0.08352833,0.0,1.7271148,0.0,1.4505101,0.5731551,0.4735103,0.7400441,0.0,1.1067563,1.3208383,0.0,0.0,1.5558233,0.0,0.24560732,0.0,0.0,1.7015148,0.65624386,1.1916186,0.053740103,0.25451216,0.91311306,1.164896,0.0,0.0,0.6028507,0.0,0.53478974,0.0,0.0,1.3249425,1.1226906,0.0,0.0,0.0,0.80888164,0.9133875,0.0,0.0,1.1584424,0.0,0.56172013,0.9304304,0.7889176,0.0,0.0,0.34677058,0.0,0.8290797,1.7788247,0.97383535,0.0,0.47543806,0.0,0.7697034,1.0566046,0.0,0.0,0.87729776,0.12647843,0.6001369,0.89528733,0.0,1.5145578,0.40976256,0.56166583,1.7664598,0.0,1.5449955,1.4524516,0.39162466,0.0,0.40113854,0.08124863,1.2556474,1.958968,1.4245839,0.064051606,1.4902028,0.066831104,0.0,0.94343567,0.656354,0.0,0.0,1.3944198,0.0,0.0,2.8295975,0.21507797,0.0,0.0,0.68372524,1.6055108,0.6733586,0.45771453,0.0,0.0,1.1850053,0.0,0.0,0.99502677,0.54132605,1.1662878,0.0,0.0,0.0,1.2915717,0.0,0.9499684,0.0,1.5042427,1.6892041,0.91012484,0.0,0.28829965,0.95235234,0.14806901,0.0,0.0,0.46082118,0.8293435,0.0,0.101461686,0.8738831,0.84125197,0.9585645,1.6760195,0.39321712,1.0588063,0.3584495,1.0457692,1.2630037,0.003446448,0.0,0.0,1.4002132,0.6174823,1.3052301,0.012698529,0.65786964,0.70480627,1.7153429,0.3599893,0.6419812,0.0,0.0,0.7065351,0.1021212,0.0,0.93154985,1.844931,0.8760448,2.3246524,0.0,0.6127392,0.68859816,1.4628788,0.0,0.36994725,0.0,0.0,0.84697956,0.0,0.98144776,1.4503089,1.5839984,0.0,0.57807225,0.8898028,0.6288359,0.0,0.8636574,1.1331733,0.0,2.056917,0.47987914,0.0,0.0,0.45628324,0.43211558,0.26202336,0.0,1.3743433,0.09797839,1.7502972,0.78022385,0.12089765,0.0,0.08437579,0.66821617,0.0,0.5231006,2.1430173,1.8593295,0.36154673,0.0,0.15222317,0.8132143,0.0,0.0,0.0,0.0,0.036429595,0.9401103,0.0,1.2481687,0.0,0.32952952,0.22503258,0.80539846,0.311632,0.41560552,0.25032976,0.71959513,0.0,0.0,0.0,0.5114384,1.246026,0.0,0.0,1.5381458,0.0,0.0,1.0543885,1.0280145,0.09779849,0.0,0.0,0.0,0.0,1
0.6539988,1.2024525,0.0,0.0,0.55852497,0.93329453,0.0,0.3935902,0.0,0.89916277,0.0,0.7647417,1.6074816,0.0,0.70013046,0.0,2.0413935,0.25455037,0.66204494,0.1551081,0.0,0.11057418,0.58004975,0.09077869,1.7623602,0.47917134,1.09001,0.0,0.58054084,1.3069175,0.0,1.4117011,0.0,0.0,0.0,1.30878,0.0,1.1430748,0.0,0.0,1.7142191,0.017070742,1.8514615,0.0,0.8964921,0.91193634,0.73089665,0.0,0.0,0.27983353,0.0,1.0588405,0.0,0.0,1.5051006,1.4230288,0.0,0.0,0.0,0.4783227,0.9396836,0.0,0.0,1.4604014,0.0,0.2276216,1.0414239,0.96374685,0.7067625,0.0,0.8382752,0.0,0.77222794,0.3228673,0.47342327,0.0,0.6616647,0.0,0.27566326,1.2689071,0.0,0.0,0.27423558,0.15851301,0.0,0.35146675,0.37208766,0.51275414,0.2680543,0.81672955,0.8914627,0.0,1.1067884,1.7314988,0.14063463,0.0,0.5625378,0.0,1.1815412,2.2889793,1.3611543,0.0,1.1942118,1.9221652,0.0,0.6761434,0.7695942,0.0,0.0,0.49411935,0.0,0.0,2.498762,0.7129061,0.0,0.0,0.30158412,1.598132,1.0152287,0.3199785,0.0,0.0,0.6185457,0.0,0.0,0.64634985,0.44670057,0.6047849,0.0,0.0,0.0,1.0357416,0.99873793,0.9859284,0.0,0.9208742,1.0179822,0.8618143,0.0,1.6514914,1.3103495,0.7018736,0.0,0.0,0.0,1.0790206,0.0,0.0,0.16778275,0.80054665,1.7021229,1.0198053,0.36260518,0.8426019,0.9168085,0.8485158,1.1199979,0.27110225,0.0,0.0,1.3208326,0.0,0.58984715,0.52286536,0.9366932,0.37999123,1.9190158,1.5571724,1.1656955,0.0,0.0,0.37713924,0.64079696,0.68455046,1.4565433,1.8414843,0.75756824,2.2679284,0.0,0.34700206,0.0,0.93609065,0.0,0.63223183,0.2863842,0.0,1.0119807,0.0,0.4865324,1.0248681,1.5439738,0.0,1.0177193,1.627892,0.42233306,0.6673293,0.6710912,0.818907,0.0,1.5184082,0.2397201,0.0,0.0,0.70969164,0.0,0.0,0.5367671,1.1244422,0.18802504,2.2634747,0.9160413,0.82778716,0.0,0.0,0.33826622,0.0,0.5219997,2.3001933,1.9794372,0.18268873,0.0,0.2859226,0.7767705,0.0,0.32181674,0.0,0.0,1.2501487,0.6119124,0.0,1.7340419,0.0,0.22485,0.42953262,1.5162201,0.88873243,0.85123014,0.17941697,1.461195,0.0,0.0,0.0,0.0,1.2920165,0.0,0.0,1.1360977,0.0,0.0,1.3281702,0.31977102,0.21175946,0.0,0.59929895,0.26023784,0.0,1
1.4146181,0.2973634,0.0,0.15480633,1.4435269,0.38909963,0.0,0.6727781,0.0,1.0077997,0.0,0.10522565,0.95557046,0.0,1.2865638,0.0,1.7399701,0.8255395,1.0503895,1.150555,0.0,0.0,0.0,0.59307474,2.191823,0.0,1.24832,0.64740455,0.32151538,0.8479138,0.0,1.0739734,0.8195439,0.06217124,0.0,1.0179886,0.0,0.4761691,0.0,0.0,1.012921,0.0,0.8398484,0.0,0.6889055,0.92013586,1.1361278,0.0,0.0,0.26753545,0.0,0.4622479,0.0,0.0,0.17540033,0.8915731,0.0,0.0,0.0,0.43146458,0.77303296,0.0,0.0,1.4544861,0.0,0.0,2.003259,0.06891894,0.3158291,0.0,0.73032045,0.0,1.246649,1.0945656,1.003157,0.0,0.7854128,0.0,1.2933034,1.2283411,0.0,0.0,1.093465,0.00863761,1.0330666,1.5125604,0.0,1.5109469,0.51264626,0.11565376,1.3480004,0.0,1.5598173,1.1295615,0.22063169,0.0,0.19205748,0.0,1.4160117,2.64769,0.0,0.0,1.611339,0.045619123,0.0,0.7400445,0.5135029,0.0,0.0,0.41521177,0.0,0.0,2.2407126,0.63930744,0.0,0.0,1.1264992,0.69192106,0.6698278,0.57129806,0.0,0.0,0.9679772,0.0,0.0,0.5573712,0.8212406,0.67264664,0.0,0.0,0.0,1.5136393,0.2256832,1.4819049,0.0,1.2557619,1.7426357,0.7448761,0.0,0.25899345,0.76349056,0.17735437,0.0,0.0,0.8973882,1.310889,0.0,0.0,0.2942205,1.0891824,0.0,0.5119999,0.0,0.9640927,1.2888523,1.1386023,1.5452462,0.54285944,0.0007456257,0.0,1.6798143,0.0,1.1355709,0.0,0.5579802,0.41199085,1.1847501,0.37792516,0.2157585,0.0,0.0,0.92522264,0.45420244,0.0,0.5942139,1.7394757,0.5569214,2.0220253,0.0,0.5274214,0.3118526,0.51877236,0.0,0.8389713,0.0,0.0,0.8427717,0.0,1.1581827,0.64533687,1.6152095,0.0,0.8001734,1.0986485,0.8356664,0.20462069,0.57984096,0.5842016,0.0,1.8964615,0.30004886,0.0,0.0,0.52410495,0.82311475,0.29224423,0.047759593,0.7949004,0.70983946,1.4632628,0.53355086,0.0,0.0,0.029159134,1.0326219,0.0,0.7547992,2.6148727,1.2733858,0.769383,0.0,0.0,0.9680414,0.0,0.45504588,0.0,0.0,0.0,0.94340587,0.0,1.4460527,0.0,0.07105054,0.4454318,1.1323974,0.21613194,0.0,0.12436449,0.7113269,0.0,0.30198923,0.0,1.0566254,1.4931573,0.0,0.0,1.7431548,0.0,0.0,0.70257294,1.3805127,0.0,0.0,0.7505,0.0,0.0,1
0.6446061,0.6400721,0.0,0.16577844,1.3790531,0.3718767,0.0,0.78274333,0.0,0.49524754,0.0,0.06731427,1.3575569,0.0,1.0964198,0.0,1.7969475,0.0,0.44886342,0.6769597,0.0,0.0,0.0,0.544816,1.720222,0.0,1.3825974,0.0,0.70761144,0.5427665,0.0,1.385548,0.8256475,0.0,0.0,1.3205384,0.0,0.37765658,0.0,0.0,1.2887473,0.35013482,1.2128483,0.0,0.5606094,0.8266405,1.0680923,0.0,0.0,0.09885883,0.0,0.83919543,0.0,0.0,1.3248813,0.68194026,0.0,0.0,0.0,0.7973349,0.6132496,0.0,0.0,1.4656491,0.0,0.0,1.2985296,0.23840557,0.62013334,0.0,0.45243722,0.0,1.6174256,1.7560046,0.69069576,0.0,0.6423099,0.0,0.9594047,1.384221,0.0,0.0,0.81159264,0.1620022,0.38938186,1.023062,0.0,1.4065621,0.6076641,0.41554973,1.5727767,0.0,1.4296776,1.4598397,0.4934953,0.0,0.5157011,0.0,1.15637,1.8955588,1.0029532,0.3043627,1.5717545,0.0,0.0,0.65838534,0.53589267,0.0,0.0,1.0700274,0.0,0.0,2.5286212,0.7594993,0.0,0.0,0.37328044,0.8274327,0.5688484,1.0705193,0.0,0.0,0.93383276,0.0,0.0,0.5326641,0.49595994,0.8112576,0.0,0.0,0.0,1.6555463,0.05669531,1.2430927,0.0,1.0760254,1.2130324,0.8558288,0.0,0.008936309,1.2836105,0.0,0.0,0.0,0.62740636,1.3282605,0.0,0.017442321,0.34530568,1.2114999,0.3215915,1.4143964,0.14080259,1.5148823,0.53506714,0.8933064,1.3897244,0.035263587,0.0,0.0,1.7938235,0.0,1.0398359,0.41041118,0.53962326,0.5810937,1.0474347,0.64335465,0.09478117,0.0,0.0,0.9912256,0.06856689,0.0,0.93300694,1.9586014,0.34986332,2.3680031,0.0,0.8825168,0.5468161,1.2973858,0.0,0.69110173,0.0,0.0,0.31965825,0.0,1.2814205,1.4700615,1.8093226,0.0,1.021841,1.3363637,0.2852855,0.2904329,0.65245175,1.4516739,0.0,2.1460636,0.18744506,0.0,0.0,0.4819091,0.6855334,0.44155988,0.0,1.012277,0.46903467,1.2560254,0.112464964,0.0,0.0,0.2700481,0.7073706,0.0,0.5019606,2.3316867,1.5964764,0.6036161,0.0,0.0,0.9957919,0.0,0.3790965,0.0,0.0,0.0,0.25494713,0.0,1.487025,0.0,0.33605826,1.1874368,0.6314103,0.66476095,0.06615421,0.32191864,0.48244393,0.0,0.2279534,0.0,0.4115129,1.3534491,0.0,0.0,1.5906973,0.0,0.0,0.5714774,0.8735505,0.21227647,0.0,0.050372966,0.0,0.0,1
1.147418,0.368864,0.0,0.0,1.5268329,0.30335248,0.0,0.3547573,0.0,0.7389532,0.0,0.0,1.1021187,0.0,1.1018074,0.0,1.5036589,0.18278186,0.6233124,0.63992834,0.0,0.0,0.0,0.5930796,1.4799317,0.0,1.55392,0.0,0.4238786,0.59833294,0.0,0.9631631,0.97756803,0.0,0.0,0.92628497,0.0,0.41890955,0.0,0.0,0.9448123,0.7483552,0.9136219,0.0,0.13136338,0.928486,0.941667,0.0,0.0,0.09434219,0.0,0.43541735,0.0,0.0,0.6205651,0.3935213,0.0,0.0,0.0,0.53401434,0.93101555,0.0,0.0,1.1002923,0.0,0.44231337,0.8782179,0.06698169,0.6621745,0.0,0.42879578,0.0,1.2303188,1.7433704,0.95040905,0.0,0.43758,0.0,0.7048789,1.1468742,0.0,0.0,0.6690205,0.47403723,0.54005784,1.0394945,0.0,1.2499317,0.61986756,0.60303026,1.779138,0.0,1.4489509,1.4197716,0.2967122,0.08520054,0.48522747,0.26019037,1.198769,1.5782546,1.1057293,0.37914917,1.3967707,0.0,0.0,0.9306563,0.5168527,0.0,0.0,0.8982842,0.0,0.2412731,2.4380665,0.4019855,0.0,0.0,0.3716405,0.84864575,0.4961257,0.5654106,0.0,0.0,0.73079324,0.0,0.0,0.5694494,0.3584556,1.3881226,0.0,0.0,0.0,1.2504956,0.0,1.1468815,0.0,1.3895336,1.1029757,1.1348405,0.0,0.24501494,1.2806083,0.0,0.0,0.0,0.4996383,1.2889918,0.0,0.24564272,0.4447194,1.0204662,0.38920557,1.5838982,0.1741825,1.1438893,0.25775135,0.66274476,1.3382878,0.0050823274,0.040088356,0.0,1.7589668,0.15301968,1.3164182,0.23028398,0.592319,0.8231955,0.6942974,0.19760397,0.0,0.0,0.0,0.49515608,0.0,0.0,1.0869741,1.5767479,0.6031079,1.9683405,0.0,0.41410846,0.37327126,0.75804013,0.0,0.9529071,0.0,0.0,0.57772785,0.0,1.4804264,1.2334222,1.7827157,0.0,0.4915412,0.9725744,0.3987411,0.09288347,0.62214774,1.0105513,0.0,1.833008,0.4723381,0.0,0.0,0.19899292,0.47403944,0.13894294,0.0,1.2887388,0.52153116,1.0631096,0.0,0.0,0.0,0.0,0.26324996,0.0,0.22077322,1.6985629,1.6115326,0.11972509,0.0,0.0,0.6496929,0.0,0.3198881,0.0,0.0,0.0,0.6775195,0.0,0.9293959,0.0,0.13657886,0.9200236,0.9350933,0.37234783,0.0,0.59385496,0.57655144,0.0,0.14993143,0.12689193,0.34534818,1.2584292,0.0,0.0,1.389529,0.0,0.0,0.32689297,0.83102435,0.3569661,0.0,0.32100564,0.0,0.0,1
1.1087288,1.1114961,0.0,0.0,1.3580683,0.43856892,0.0,0.5146193,0.0,0.910687,0.0,0.33131492,1.1136887,0.08551113,1.1976078,0.0,1.9989799,0.057811867,0.4185188,0.80204225,0.0,0.0,0.3208351,0.6985966,1.3459071,0.08327377,1.6084881,0.01653175,1.0034846,0.64460194,0.0,1.5193497,0.16954409,0.0,0.0,1.6019337,0.0,0.5904966,0.0,0.0,0.8616533,0.4593263,1.0487311,0.19210686,0.63555443,0.6076112,1.1853276,0.0,0.0,0.56649876,0.0,0.87307185,0.0,0.0,1.5526594,1.0518744,0.0,0.0,0.0,0.13637654,0.5249262,0.0,0.0,1.5347217,0.0,0.8481681,1.0911484,0.53246367,0.6405825,0.0,0.82786137,0.0,1.2977798,1.2861137,0.64980876,0.0,0.5812594,0.0,1.3987738,0.9533151,0.0,0.0,0.81215733,0.2746746,0.7569515,1.1511728,0.09693011,1.370233,0.46320814,0.93122613,1.0287416,0.0,1.431165,2.015979,0.0,0.0,0.3157723,0.0,1.7817155,1.6884673,1.046101,0.6264453,1.4126768,0.0,0.0,0.52864647,1.4034537,0.0,0.0,0.19918022,0.0,0.0,1.8931955,0.45767054,0.0,0.0,0.06606502,1.3555363,0.94846535,0.25593567,0.0,0.0,1.1226312,0.0,0.0,0.23280321,0.014395528,1.0137501,0.0,0.0,0.0,1.6066765,0.0,1.175227,0.0,1.227255,1.3138604,0.7641822,0.0,0.938971,0.47582415,0.0,0.0,0.0,0.0,1.4690185,0.0,0.7598559,0.27234927,0.732606,0.6723214,0.77172697,0.08251089,0.826485,0.0,1.1221125,1.9018879,0.0,0.0,0.0,1.2626319,0.03629401,0.47528398,0.0,0.7732869,0.7971665,2.0839572,1.0786572,0.503597,0.0,0.0,1.470388,0.0,0.088389516,0.6192659,2.064883,0.4867609,2.4040968,0.0,0.9902503,0.35986593,0.3209445,0.0,0.65918297,0.0,0.0,0.0,0.0,0.7829866,0.72714317,1.6539433,0.0,0.85071236,1.3224853,0.6391658,0.49483532,1.359947,0.73880917,0.0,2.381469,0.4890295,0.0,0.0,0.42465904,0.6147331,0.18806182,0.15477237,1.7740718,0.13738735,1.2094026,1.1919872,0.02282838,0.0,0.013022175,0.6001624,0.0,0.58078414,2.7469423,2.1299338,0.5844435,0.0,0.0,0.72088647,0.0,0.2544118,0.0,0.0,0.11365399,0.72098136,0.0,1.6944969,0.0,0.5456448,0.20872687,0.46888012,1.152641,0.0,0.0,0.8222802,0.0,0.5522854,0.0,0.0,0.9535355,0.0,0.0,1.7137871,0.0,0.0,0.7758039,0.6326816,0.28941795,0.0,0.376198,0.0,0.0,1
0.6573187,1.3027208,0.0,0.0,1.1934586,0.974811,0.0,1.1220121,0.0,1.0250665,0.0,0.5047735,0.9809277,0.0,1.5734787,0.0,1.7819247,0.25999722,0.21903604,0.0,0.0,0.0,0.89283454,0.7390481,1.0771335,0.26960817,1.3696855,0.0,0.86577547,0.53231084,0.0,1.1370685,0.0,0.0,0.0,1.0476813,0.0,0.40019017,0.0,0.0,1.3674998,0.17501584,1.8339049,0.0,0.5034193,1.006577,0.4638819,0.0,0.0,0.3193141,0.0,0.91017634,0.0,0.0,1.2055556,1.1305367,0.0,0.0,0.0,0.5516747,0.7278282,0.0,0.0,1.9658211,0.0,0.16668253,1.8155348,0.2673022,1.0632422,0.0,0.0,0.0,0.9115667,0.66335213,0.0,0.0,0.2787288,0.0,0.8477198,0.5106152,0.0,0.0,0.36394045,0.0,0.0,1.8792346,0.07719316,0.0,0.82980514,0.30122373,0.38263565,0.0,0.7649084,1.2859169,0.0,0.0,0.7604412,0.0,1.498173,2.2882187,0.82794523,0.0,1.6065267,1.3074559,0.0,0.97707427,0.18002154,0.0,0.0,0.1287643,0.0,0.14856125,2.16285,1.0867062,0.0,0.0,1.443875,2.0825279,0.6685378,0.62883455,0.0,0.0,1.0511599,0.0,0.0,0.21130852,0.22177462,0.4430431,0.0,0.0,0.0,1.4948086,0.87620306,2.1068285,0.0,2.0890932,0.8588341,0.5151269,0.6018486,1.7262945,1.3346006,0.20425637,0.0,0.0,0.27416894,1.2049947,0.0,0.47154346,0.5057644,1.3960655,0.52278686,0.0,0.06613816,0.91932774,0.6140931,1.2935905,2.1862853,0.0,0.0,0.0,0.7268893,0.19494402,0.6974996,0.8233128,1.3007784,0.0,1.9975528,1.1959403,0.51902497,0.0,0.0,0.75971323,0.51956,0.02136225,1.7433605,1.4965333,0.38289058,2.6979182,0.0,0.7408952,0.013628745,0.7236505,0.0,0.84817433,0.4256663,0.0,1.1614802,0.0,0.3201397,0.17703527,1.8376203,0.0,1.2798799,1.878242,1.3318236,1.4920273,0.7596599,0.55332255,0.0,2.029542,0.30028933,0.0,0.0,0.23735067,0.2538619,0.66631955,0.036331803,1.268163,0.14927872,1.5119888,0.9393313,0.4304129,0.0,0.0,0.11977267,0.0,0.434067,2.8180842,1.4141525,1.1225585,0.0,0.0,0.824378,0.0,0.12215374,0.0,0.0,0.23067974,1.3750072,0.0,1.5193858,0.0,0.0,0.25759858,1.758335,1.3094145,0.81109977,0.0,1.3569452,0.0,0.0,0.0,0.0,1.2860692,0.0,0.0,1.2273417,0.0,0.0,1.8263317,0.46012193,0.6031711,0.0,0.41222432,0.5078376,0.0,1
1.0643954,0.5763127,0.0,0.0,1.3335558,0.40085244,0.0,0.47576064,0.0,1.1673636,0.0,0.0,1.2269481,0.0,1.4635787,0.0,1.8332884,0.11479889,0.9377483,0.87598747,0.0,0.0,0.0,0.5966922,1.7286689,0.25454995,1.5250139,0.28591043,0.52319837,0.83875024,0.0,1.3184023,0.73690027,0.0,0.0,1.2090802,0.0,0.81293166,0.0,0.0,1.1454502,0.30799237,0.9309275,0.0,0.7481413,0.869651,1.1927552,0.0,0.0,0.0,0.0,1.0911423,0.0,0.0,0.69752,0.85028666,0.0,0.0,0.0,0.22911184,0.8889992,0.0,0.0,1.2799248,0.0,0.0,1.534744,0.06052865,0.5559011,0.0,0.7532891,0.0,1.2327845,0.9972872,1.0060427,0.0,0.4421866,0.0,0.87357897,1.028579,0.0,0.0,0.7062289,0.16958296,0.44780427,1.0841308,0.0,1.0940069,0.7664726,0.3680268,1.0776087,0.0,1.3307344,1.2076316,0.011770093,0.0,0.5353929,0.0,1.0707408,2.2404835,0.6873069,0.0,1.4136674,0.7146452,0.0,0.41556537,0.56331974,0.0,0.0,0.74591136,0.0,0.0,1.8388146,0.51768315,0.0,0.0,0.65450865,0.9697236,0.9325347,0.3566091,0.0,0.0,1.3743525,0.0,0.0,0.46466708,0.7844261,0.73634267,0.0,0.0,0.0,1.7718477,0.16089848,1.5102829,0.19283263,1.0944953,1.4607114,0.99348015,0.0,0.5084745,0.9401906,0.20716056,0.0,0.0,0.6635976,1.087487,0.0,0.31103072,0.44294408,1.2799125,0.44807884,0.8844215,0.0,1.2462363,0.7858271,1.0695213,1.317953,0.18716104,0.0,0.0,1.8026594,0.0,1.4227179,0.040434208,0.5243907,0.5143478,0.8189134,0.5621124,0.11919268,0.0,0.0,0.98337865,0.5280625,0.0,0.92365575,2.1290128,0.68532234,1.8954743,0.0,0.7479457,0.0,0.52042013,0.0,0.68393964,0.0,0.0,0.2492369,0.0,1.1716207,0.7370235,1.7938622,0.0,0.7083258,1.4113921,0.53339416,0.351501,0.75219566,0.99084276,0.0,1.6046593,0.4872869,0.0,0.0,0.4783562,0.8518486,0.0,0.034520686,1.1640639,0.36805215,1.7425113,0.45391995,0.0,0.0,0.0,0.8223393,0.0,0.50534266,1.9890424,1.3937957,0.3441171,0.0,0.0,0.8346636,0.0,0.0,0.0,0.0,0.0,0.91219,0.0,1.7643934,0.0,0.28238553,0.527439,1.2576418,0.43839133,0.0,0.49508992,0.433325,0.0,0.11817694,0.31043658,0.44201154,1.4771333,0.0,0.0,1.4935849,0.0,0.0,0.5754424,0.91693157,0.48558345,0.0,0.22952768,0.0,0.0,1
0.6029101,0.6981267,0.0,0.0,0.6944432,0.9127781,0.0,0.6597549,0.0,1.0859011,0.0,0.4577425,1.1081275,0.47150335,0.67390877,0.0,1.4565748,0.27465641,0.51011425,0.07876173,0.0,0.0,0.9441925,0.50202763,2.1367197,0.0,1.419893,0.0,0.94249237,1.21309,0.048406817,0.44626498,0.40571666,0.0,0.0,1.4847493,0.42319012,0.7888955,0.0,0.0,1.4451184,0.0,0.60674655,0.0,1.0352873,0.8950769,0.7674764,0.0,0.0,0.5883551,0.0,0.4117468,0.0,0.3549242,0.8756829,1.180601,0.0,0.0,0.0,1.2023255,1.0158864,0.0,0.0,1.734172,0.039499853,0.0,1.5856359,0.7679352,0.6029317,0.0,0.6645791,0.0,0.7910371,0.528929,0.0,0.0,0.48145407,0.0,0.62983656,0.5851759,0.0,0.0,1.0953027,0.16125977,0.05398476,1.4453398,0.7069308,0.6175588,0.87833655,0.49376586,1.230776,0.21314181,0.7847264,1.268681,0.0,0.1647351,0.462143,0.65142894,1.1138698,2.0072641,0.8754918,0.0,1.1484102,1.5881298,0.0,0.98771214,0.26371732,0.0,0.0,0.0,0.0,0.2789009,1.9789708,0.69527674,0.0,0.0,0.43969297,1.3653517,0.39038852,0.6497056,0.0,0.0,0.88819855,0.0,0.0,0.69151855,0.31817257,0.0128037445,0.0,0.0,0.0,1.4744714,1.0460404,1.3228054,0.0,1.3685445,1.3966328,0.5539072,0.20327307,1.4910252,1.0436772,0.05734226,0.0,0.0,0.7646644,0.944946,0.0,0.19896863,0.19838567,0.91630775,1.48338,0.5365827,0.0,0.8783042,0.9715029,1.5104643,1.2431743,0.2591175,0.0,0.0,0.8064814,0.05613577,0.80502003,0.963767,0.745545,0.037223,1.2947297,1.474449,0.9123921,0.0,0.0,0.97435635,0.7857556,0.19290227,1.1716707,0.9073188,0.71259433,2.1482484,0.0,0.78623277,0.038240455,0.661088,0.0,0.8647271,0.5552539,0.092443034,1.1563206,0.0,0.19603258,0.8604075,1.9084282,0.0,0.8049993,1.5832207,1.1434109,0.80215305,0.70856917,0.0,0.0,2.2257874,0.17731799,0.0,0.0,0.43857634,0.0,0.5245463,0.4526693,0.9610163,0.0,1.247736,0.3606538,0.71270335,0.0,0.19781117,0.4653747,0.0,0.3466658,2.4806702,0.7176469,1.0600027,0.0,0.0,0.9119568,0.0,0.3902194,0.0,0.0,0.89530265,0.7144821,0.0,1.2865251,0.0,0.41359895,0.42956778,2.2260365,1.1502012,0.48807135,0.0,1.2457479,0.0,0.0,0.0,0.0,1.2133147,0.0,0.0,1.0023289,0.0,0.0,1.1195593,0.76386005,0.6192773,0.0,0.7355921,0.67245424,0.0,1
1.5056806,0.8761593,0.0,0.0,1.0341033,0.55571,0.0,0.43574637,0.0,0.26462576,0.0,0.0,1.1200926,0.0,0.8224398,0.0,2.2767594,0.23357187,0.7926556,1.5909203,0.0,0.0,0.23611306,0.0,1.4492604,0.0,1.6862905,0.0,0.25120378,1.686075,0.18127567,0.7003354,0.95382583,0.21425812,0.0,1.686714,0.0,0.694251,0.0,0.0,2.4238665,0.28214878,1.218556,0.0,0.32169518,0.71925884,0.18914168,0.0,0.0,0.0,0.0,0.9418319,0.0,0.0,0.9134819,1.3798664,0.0,0.0,0.0,0.69544154,1.1831384,0.0,0.0,1.2958794,0.28349474,0.19083382,1.3912466,0.48280838,0.19787508,0.0,0.37765166,0.0,0.93385345,1.7779412,0.9976649,0.0,0.5292199,0.0,1.1994505,1.2357179,0.0,0.0,1.3276703,0.48703924,0.5416567,1.1655238,0.3434173,1.5568144,0.16975951,0.0,1.6743789,0.0,1.4712194,1.6651107,0.625025,0.0,0.16632187,0.106832795,0.99343354,2.199515,0.7552905,0.12127001,1.0739981,0.5380289,0.0,1.6965106,1.1369566,0.0,0.0,1.3327131,0.0,0.060197398,2.5352015,0.050429042,0.0,0.0,0.4606612,1.9292108,0.33355173,1.1023662,0.0,0.0,0.7543698,0.0,0.0,0.6751477,0.11652475,1.192249,0.0,0.0,0.0,1.2713767,0.6594833,1.2007935,0.0,1.0627576,1.8765723,1.3305838,0.0,0.3943262,1.5507083,0.5322293,0.0,0.0,0.36155102,0.9867936,0.0,0.4690024,0.104762,1.2559707,0.1715717,1.1123182,0.0,1.1218113,0.4898697,0.7481216,1.404391,0.35007945,0.0,0.0,1.8304186,0.28434482,0.8739132,0.068915665,0.24657007,0.7236246,1.0493634,0.67414016,0.19853458,0.0,0.0,0.20587198,0.55972856,0.30594853,1.6449856,1.9654312,0.16213901,1.9200909,0.0,0.20228972,0.0,0.7683245,0.0,1.0928789,0.0,0.0,0.92039984,0.0,1.1611145,0.6824977,1.2446717,0.0,0.609508,0.6318875,0.10269098,0.55074507,0.53666717,1.2139777,0.0,1.8303938,0.5109384,0.0,0.0,0.46452808,0.0,0.45358554,0.46292737,0.5761906,0.5969675,1.7256122,0.0,0.24081303,0.0,0.0,0.25399977,0.0,0.12039026,2.4800656,1.8894087,0.436907,0.0,0.0,0.49408546,0.0,0.9302682,0.0,0.0,0.75987744,0.88120455,0.0,0.84191674,0.0,0.33756417,0.6352027,0.85630727,0.9354428,0.10745749,0.0,1.3508351,0.0,0.0,0.0,0.4198469,1.2436757,0.0,0.0,1.1920497,0.0,0.0,1.3812752,1.6033838,0.60631984,0.0,0.7974231,0.0,0.0,1
0.1847563,0.2766716,0.0,0.0,0.88168025,0.8708773,0.0,0.39860803,0.0,0.77343017,0.0,0.40311852,1.382012,0.5542668,0.86948395,0.0,1.3826462,0.0,1.0279933,0.21289667,0.0,0.0,1.3799092,0.3623855,2.3782287,0.63797295,1.3534176,0.0,0.30603853,1.6513216,0.0,0.5853923,0.46572566,0.0,0.0,1.3228252,0.40773413,0.7809051,0.0,0.0,2.1089833,0.0,1.1764681,0.0,0.09830759,0.60967195,0.5667253,0.0,0.0,0.0,0.0,0.80488676,0.0,0.0,1.5401853,1.4990057,0.0,0.0,0.0,0.92062116,0.68087393,0.0,0.0,1.089373,0.11973736,0.54684377,1.2159262,0.78966254,0.13074732,0.0,0.123801306,0.0,0.46711522,0.345037,0.73350227,0.0,0.67621857,0.0,0.74485433,0.9826134,0.0,0.0,0.7710789,0.28136724,0.0,1.3012998,0.47909674,0.9600341,0.49239925,0.9196448,0.7890954,0.0,0.57463795,0.942075,0.0,0.0,0.47779405,0.0,1.206861,2.063794,0.7194845,0.0,0.8227872,2.4994757,0.0,0.7855934,0.5298845,0.0,0.0,0.04042193,0.0,0.47725716,2.045083,0.5809548,0.0,0.0,0.6764356,1.9674639,0.19835119,0.6837112,0.0,0.0,0.7938164,0.0,0.0,0.23326083,0.310493,0.23532434,0.0,0.0,0.0,1.0038064,0.86742985,0.5703245,0.0,1.7610718,1.8502592,0.5975447,0.80494153,0.9843877,1.1853795,0.3290393,0.0,0.0,0.19459006,0.95723987,0.0,0.13515231,0.011678234,1.0553792,0.8471433,0.88370275,0.0,0.6222721,0.71458244,1.2759753,1.7966402,0.68575954,0.0,0.0,0.5801087,0.1931049,0.33699882,0.87960273,0.37619424,0.56140107,1.6673552,0.99333733,1.1298587,0.0,0.0,0.07943661,1.054364,0.0,1.6077119,1.3258773,0.102494664,1.775522,0.0,0.21373366,0.56578135,1.4548615,0.0,1.0436109,0.6254376,0.37075636,1.0096744,0.0,0.62877375,0.67701066,1.3916173,0.0,1.0050876,1.6533787,0.9241819,1.1827712,0.6996722,0.7613815,0.0,1.5049489,0.22026691,0.0,0.0,0.9123346,0.0,0.64508605,0.7321957,0.81501126,0.23168048,1.5642186,0.5381871,1.078753,0.0,0.32655573,0.0835156,0.0,0.17327076,2.6238878,0.82538,0.683481,0.0,0.0,1.0051261,0.0,0.8837242,0.0,0.0,0.8907581,0.61214894,0.0,1.3064072,0.0,0.0,0.4184331,1.3324583,0.6625489,1.1000637,0.6410825,1.2504568,0.0,0.0,0.0,0.0,0.78627956,0.0,0.0,1.0381101,0.0,0.0,2.0080209,0.45092854,0.4440048,0.0,1.2022666,0.5954978,0.0,1
0.089873426,1.0948371,0.0,0.0,1.1674304,0.96767646,0.0,0.0,0.0,0.6422689,0.0,0.2690561,0.9237152,0.0,0.9536929,0.0,2.0735643,0.0,0.84008723,0.6082136,0.0,0.0,1.2974187,0.0,1.9311966,0.1319061,1.3111142,0.0,0.69525516,1.4888743,0.264557,0.8464959,0.42881453,0.38866693,0.0,1.0329602,0.05188709,0.42143336,0.0,0.0,1.647054,0.02250527,1.3759034,0.0,0.0,0.14545967,0.6921093,0.0,0.0,0.0006449101,0.0,1.4591609,0.0,0.45603603,1.8693895,1.6322502,0.0,0.0,0.0,0.9787687,0.5019474,0.0,0.0,0.78924114,0.0,0.0,1.4429331,0.7748019,0.0,0.0,0.6662184,0.0,0.21677595,0.21129571,0.06583112,0.0,0.6108057,0.0,0.32616758,1.1300296,0.0,0.0,0.32318404,0.47773072,0.0,0.75505227,0.73993707,0.99231064,0.0,0.93082553,1.0673074,0.0,1.075653,1.0426753,0.43079916,0.6105789,0.52137244,0.3095593,0.8944998,1.5977981,0.43491894,0.2259868,0.5953194,1.6898893,0.0,1.4023434,0.6835704,0.0,0.0,0.0,0.0,0.0,2.0015976,0.27055782,0.0,0.0,0.19465283,2.1983786,0.7045606,0.77470315,0.0,0.0,0.59719616,0.0,0.0,0.06773944,0.1263604,0.23975183,0.0,0.0,0.0,1.1726123,0.9806334,1.159665,0.0,0.9677644,1.6481885,1.0589117,0.40308282,1.2057621,1.1531324,0.60781443,0.0,0.0,0.082193404,0.40660682,0.0,0.44750747,0.13516213,1.202725,1.812786,0.66689456,0.36554614,1.4289962,0.0517369,0.6181997,0.97579294,0.5065001,0.0,0.0,0.43421778,0.0,0.24861054,0.3348751,0.2881027,0.71354103,1.6674396,1.7153687,1.0714027,0.0,0.0,0.6414485,1.0415202,0.28650615,1.3333265,1.4856126,0.3559985,1.7511973,0.0,0.96524847,1.025639,1.1918342,0.0,1.1193012,0.74087393,0.06433405,0.9043756,0.0,0.0,0.8414556,1.1999633,0.0,1.1994835,1.264518,0.57706106,0.9530892,0.5057055,0.87476695,0.0,1.554019,0.0,0.0,0.0,0.62011606,0.0,0.76179665,0.27908543,0.6322553,0.45544744,1.8907504,0.5995551,1.2310889,0.0,0.103580974,0.5234427,0.0,0.0,2.436649,1.7889054,0.32778627,0.0,0.13543108,0.8315911,0.0,0.15982208,0.0,0.0,1.181871,0.03630622,0.0,1.3735898,0.0,0.0,0.03945993,0.83991164,1.259397,0.9116436,0.7340897,1.0283109,0.0,0.7461961,0.0,0.20449415,0.61903304,0.0,0.0,1.1972934,0.0,0.0,1.7050464,0.85798764,0.8915085,0.0,1.13412,0.14708644,0.0,1
0.90134174,1.3660237,0.0,0.0,0.81990695,0.30503264,0.0,0.82827115,0.0,0.84891367,0.0,0.5327234,0.7022301,0.0,0.9280172,0.0,2.3004787,0.55294466,0.6126613,0.6852413,0.0,0.0,0.0,0.0,1.7636927,0.0,1.3927981,0.56694674,0.41007423,1.1957599,0.410491,0.9487036,0.92617786,0.0,0.0,1.0561335,0.0,0.34170356,0.0,0.0,1.103893,0.0290387,1.0807153,0.0,0.7435092,0.2221197,0.7684023,0.0,0.0,0.882573,0.0,0.5341294,0.0,0.0,1.2347881,0.901699,0.0,0.0,0.0,0.6604167,0.725598,0.0,0.0,1.0586857,0.0,0.0,1.3143505,0.4845391,0.057080984,0.0,0.84208405,0.0,0.48138788,1.3895382,0.5554923,0.0,0.2592935,0.098279856,0.65605205,1.370567,0.0,0.0,0.68566436,0.68365526,0.97270447,0.8207798,0.10976934,1.2996106,0.21879745,0.06716945,1.0148208,0.0,0.9075247,1.1841824,0.1478897,0.0,0.3720509,0.19902788,1.2368929,1.8069876,0.69382894,0.14769742,0.9948601,0.0,0.0,1.1756779,0.7836147,0.0,0.0,0.69271404,0.0,0.0,2.1581507,0.5417668,0.0,0.0,0.53515744,1.5929157,0.5933018,0.9619381,0.0,0.0,0.8003079,0.0,0.0,0.4926792,0.0,0.6979812,0.0,0.0,0.0,0.90748936,0.03608128,1.1606147,0.0,0.6680089,1.1351476,0.849207,0.0,0.9148269,0.79014474,0.20927128,0.0,0.0,0.2775574,0.4348618,0.0,0.2345525,0.23063472,0.5490985,0.6195479,0.7085053,0.0,0.8395173,0.9312361,0.74918175,1.1453757,0.0,0.014049293,0.0,1.2708974,0.40153444,0.997583,0.072150856,0.5867483,0.3202551,0.9519473,1.3808191,0.07292753,0.0,0.0,0.6403416,0.13598584,0.0,0.41937488,1.6776348,0.5752006,1.8006544,0.0,0.62221336,0.8370458,0.584901,0.0,0.8207782,0.0,0.0,0.89178795,0.0,0.9217525,1.140813,1.3953342,0.0,0.6587706,1.180994,0.46432894,0.34201422,0.6356328,1.1561425,0.0,2.129625,0.3145773,0.0,0.0,0.25506294,0.452576,0.59316844,0.4763956,1.0184382,0.50522316,1.2738404,0.72375554,0.0,0.0,0.0,0.41912484,0.0,0.12283399,2.2969728,1.5693389,0.71508145,0.0,0.0,0.5012982,0.0,0.0,0.0,0.0,0.1680552,0.32273972,0.0,0.90018743,0.0,0.49288744,0.0,0.59083045,0.76306474,0.0,0.0,0.9562326,0.0,0.21250457,0.0,0.2428183,1.1633532,0.0,0.0,1.2096126,0.0,0.0,0.7634335,1.3911388,0.1537515,0.0,0.23701663,0.0,0.0,1
0.7720918,0.30368674,0.0,0.0,1.5034902,0.94053,0.0,0.45064902,0.0,0.7269818,0.0,1.1271758,1.8005868,0.0,0.5328933,0.0,1.6177639,0.40394983,1.524145,0.8318642,0.0,0.0,0.52491325,0.043079697,2.109127,0.0,1.1430717,0.0,0.6508194,1.5244164,0.13902988,1.5518285,0.20959865,0.049005408,0.0,1.3685795,0.4798602,0.92771745,0.0,0.0,1.2368771,0.0,0.70105624,0.0,0.7300683,0.49412736,1.4413013,0.0,0.0,0.8582045,0.0,1.063181,0.0,0.14506899,1.6001663,1.2591875,0.0,0.0,0.0,0.73092705,0.5521372,0.0,0.0,1.4067376,0.0,0.0,1.3761308,0.672384,0.2842387,0.0,0.15976585,0.0,0.9084738,0.0551107,0.0,0.0,0.7470321,0.0,0.810889,0.76089895,0.0,0.0,1.2229677,0.35033876,0.0,1.966116,0.26686007,0.5631828,0.5059594,0.3132913,1.2596159,0.0,1.0188844,0.91547793,0.0,0.0,0.6343977,0.14541773,1.6311578,1.9080238,0.6777467,0.0,0.8517037,1.6096606,0.0,1.2992309,0.90459377,0.0,0.0,0.0,0.0,0.78559226,2.0121377,0.4439917,0.0,0.0,0.49739558,2.2151506,0.5775866,0.771367,0.0,0.0,0.8921208,0.0,0.0,0.1258427,0.058555417,0.38225412,0.0,0.0,0.0,1.5635577,0.875666,1.161784,0.0,1.7938282,1.8808447,0.5862746,0.6078751,1.3387341,1.1214266,0.68355966,0.0,0.0,0.36173406,0.6643618,0.0,0.35704908,0.2124101,1.3099781,1.8652728,0.31598276,0.241869,0.97378844,0.40049082,1.3873895,1.5983409,0.523258,0.0,0.0,1.2133583,0.23608416,0.4001622,0.7263487,0.7926759,0.51089567,1.4400359,1.1724476,0.919437,0.0,0.0,0.9003546,0.7840603,0.50255024,0.9859454,1.3038769,0.042852342,1.7900593,0.0,0.63616544,0.7752981,1.4258018,0.0,0.7434937,0.67082256,0.0,1.2494419,0.0,0.8116742,0.88391155,0.91640246,0.0,1.0043533,1.4308679,0.37887746,1.2429368,1.4096637,0.62118006,0.0,1.9172719,0.28039345,0.0,0.0,0.7414354,0.08696905,0.9998335,0.5339005,1.4517814,0.51537067,1.6220376,1.3819257,0.5250105,0.0,0.0,0.783363,0.0,0.3243102,3.0484743,0.6771166,1.525766,0.0,0.14216855,1.0531365,0.0,0.6744578,0.0,0.0,1.244533,0.34194046,0.0,1.3425484,0.0,0.0,0.0,1.3134398,1.6966268,0.851985,0.10775419,1.1676232,0.0,0.18703121,0.0,0.0,1.4243798,0.0,0.0,1.0926325,0.0,0.0,1.4549216,0.8295961,0.64412457,0.0,0.9960041,0.20675169,0.12575662,1
0.8242233,0.89368576,0.0,0.0,0.0,1.3222065,0.0,0.058650244,0.0,0.8150028,0.0,1.1814946,1.3034009,0.0,0.66320884,0.0,2.28639,0.3078339,1.7377075,0.17587104,0.0,0.0,1.5510529,0.0,2.398723,0.74637747,0.22077523,0.0,0.0,2.372101,0.3323834,0.013268605,0.8368006,0.1887099,0.0,1.8007584,0.35739353,0.7989278,0.0,0.0,2.638007,0.0,1.7082984,0.0,0.34878132,0.3917253,0.32798895,0.0,0.0,0.34450555,0.0,0.0,0.0,0.10114579,2.2727427,1.532896,0.0,0.0,0.0,0.91455555,0.6170501,0.0,0.0,1.3877344,0.0,0.0916376,1.0376052,1.2827771,0.0,0.0,0.37407562,0.0,0.0,0.67804337,0.734439,0.0,0.8860309,0.0,0.124785446,0.8417173,0.0,0.0,1.6867262,0.0,0.36254734,0.8044327,0.0,0.9695421,0.0,0.5175761,0.88054085,0.0,0.5402315,0.7201282,0.0,0.0,0.0,0.0,0.64447963,3.1396976,0.25337803,0.0,0.3850583,1.7096399,0.0,1.5414745,0.032807786,0.0,0.0,0.0,0.0,0.0,2.440683,0.7748569,0.0,0.0,0.7226484,2.0306315,0.0,0.31791785,0.0,0.0,0.0,0.0,0.0,1.5280206,0.5933296,0.9147308,0.0,0.0,0.0,0.10491273,0.7360406,0.37487838,0.0,2.2643247,1.7444335,0.9337755,0.11475758,1.49752,0.84184706,0.62470275,0.0,0.0,0.0,0.0,0.0,0.101139046,0.6993319,0.36771715,1.4441417,1.4606947,0.56802064,0.26328453,1.5671508,0.7460292,1.2217113,0.0,0.0,0.0,0.6956882,0.5077051,0.14436616,0.0,0.0,0.38549566,2.3310058,1.539524,1.4474156,0.0,0.0,0.0,0.9898051,0.0,1.7230426,1.4092625,0.7946666,1.5655098,0.0,0.0,1.7555763,1.7276232,0.0,1.0092087,0.8129955,0.0,1.959168,0.0,0.25449213,1.3081703,0.6796666,0.0,0.892494,0.8856159,0.6890687,0.8435223,0.6466318,1.1870347,0.0,1.179857,0.0,0.0,0.0,0.8623558,0.0,0.3204505,1.540602,0.5818245,0.650513,2.44406,0.80313927,1.3893254,0.0,0.6260775,0.6115489,0.0,0.38604853,3.0112154,1.3779191,0.2264009,0.0,0.4092483,0.14003532,0.0,0.0,0.0,0.0,1.3792968,0.48521087,0.0,1.4352022,0.0,0.0,0.0,1.6589426,0.05353382,1.8845952,0.0,1.7500463,0.0,0.0,0.0,0.0,0.6188649,0.0,0.0,0.44330287,0.0,0.0,2.3962693,1.4107034,0.074816965,0.0,1.0714674,0.8521953,0.0,1
0.93899995,1.4176941,0.0,0.0,0.12598187,1.4694676,0.0,0.17416798,0.0,1.2494373,0.048221685,1.2675483,1.262524,0.0,0.5255156,0.0,2.501789,0.5655799,1.8151789,0.00431368,0.0,0.0,1.042581,0.0,1.7743201,0.36354348,0.75773597,0.0,0.0,1.8543398,0.6662091,0.44351047,0.2585613,0.6119338,0.0,2.1420474,0.10652577,1.2502587,0.0,0.0,2.3414924,0.0,1.4698067,0.007172961,0.26940498,1.0078882,0.43637314,0.0,0.0,0.65529805,0.0,0.2917568,0.0,0.0,2.2231092,1.8320152,0.0,0.0,0.0,0.8765784,0.8109645,0.0,0.0,1.6316799,0.0,0.18429224,1.4327503,1.2418674,0.0,0.0,0.39318648,0.0,0.0,0.48006508,0.19901763,0.0,0.78064597,0.0,0.7566391,1.0589541,0.0,0.0,1.1653149,0.0,0.6752524,1.0271909,0.0,1.2574763,0.0,0.8076937,0.77698207,0.0,0.5554913,0.98585486,0.0,0.0,0.3274666,0.82410485,1.0428929,2.7790358,0.6969111,0.0,0.5788799,1.7546581,0.0,1.7863189,0.51969165,0.0,0.0,0.0,0.0,0.0,2.426156,0.5761133,0.0,0.0,0.85400957,2.1828158,0.08222186,0.4334344,0.0,0.0,0.019372858,0.0,0.0,1.5374986,1.05537,0.3561198,0.0,0.0,0.0,0.42322803,0.60992503,0.7440358,0.0,1.7607605,1.7747866,1.1313316,0.0,1.6770724,0.33611128,0.6968404,0.0,0.0,0.0,0.037634946,0.0,0.24519579,0.23106255,0.08872794,1.577062,0.5171019,0.25840485,0.16656749,1.1902703,0.84501696,0.7947668,0.13202335,0.0,0.0,0.48115233,0.0,0.19842319,0.29989263,0.30502707,0.5570355,2.118995,1.8852452,1.0240449,0.0,0.0,0.028788742,1.4160527,0.0,1.4255935,1.5038911,0.8666541,1.7587701,0.0,0.0,1.0073797,0.9124878,0.3139779,1.1611345,0.5054193,0.0,1.1731608,0.0,0.0,1.0750343,0.7254174,0.0,0.78580236,1.4841592,0.26597476,1.004915,0.55703247,0.725851,0.0,1.6658511,0.021704363,0.0,0.0,0.19760656,0.0,0.16897975,1.1453465,0.0,0.18555169,1.7882557,0.693101,1.5022811,0.0,0.0,0.4616804,0.0,0.38839027,3.3425128,1.8711017,0.8900437,0.0,0.50614053,0.37919673,0.0,0.07036061,0.0,0.0,1.3479232,1.146441,0.0,0.85822266,0.0,0.0,0.0,1.7528279,0.50388235,1.6498071,0.0,2.44607,0.0,0.0,0.0,0.0,0.538378,0.0,0.0,0.4290108,0.0,0.0,2.6379392,1.1231666,0.29305267,0.0,1.0703117,1.1840193,0.0,1
0.9327483,0.5671237,0.0,0.0,0.7512154,1.1721244,0.0,0.0,0.0,0.166743,0.0,0.06734227,1.0176388,0.0,0.8794067,0.0,2.0146072,0.0,1.1520909,0.62185144,0.0,0.0,0.5817088,0.0,1.2046574,0.50365716,0.94348323,0.0,0.42344347,2.0178068,0.03527385,0.49425533,0.33903307,0.37668765,0.0,1.5321747,0.28038642,0.33100027,0.0,0.0,1.9293079,0.0,1.3311625,0.0,1.0154575,0.46200427,0.6381225,0.0,0.0,0.0,0.0,0.21627824,0.0,0.17196576,1.4997627,0.88438684,0.0,0.0,0.0,0.89801437,0.73453844,0.0,0.0,0.94385666,0.36419532,0.13370205,0.89495724,1.0646118,0.0,0.0,0.57585526,0.0,0.38848957,1.1572802,0.84954447,0.0,0.8307513,0.015424939,0.1313285,1.4386154,0.0,0.0,0.91656774,0.49629804,0.8391885,0.6743935,0.06492292,1.4384725,0.6149716,0.6254419,1.109075,0.0,1.2109979,1.0251132,0.14141187,0.0,0.0,0.118869685,0.4156085,2.673821,0.6792488,0.045070488,0.92502606,0.68642485,0.0,1.0915797,0.088718615,0.12640698,0.0,0.5748561,0.0,0.0,2.2973175,0.80208844,0.0,0.0,0.53284395,1.2263439,0.1972781,0.43650246,0.0,0.0,0.20438378,0.0,0.3126844,1.1118965,0.1779053,0.6223265,0.0,0.0,0.0,0.19776377,0.5611876,0.45199314,0.0,1.7982061,1.441615,0.74173045,0.042525653,0.41173863,1.4697082,0.3716256,0.0,0.0,0.028268216,0.790899,0.0,0.20447974,0.72253656,0.9420957,0.74972665,1.4583693,0.0,0.665949,1.1031173,0.6358535,0.834309,0.34968138,0.0,0.0,1.4445171,0.0,0.28590932,0.14933126,0.0,0.5077173,1.4539878,1.4608976,0.19557515,0.0,0.0,0.24657221,0.8225107,0.0,0.7665408,1.5160122,0.91648924,1.5499333,0.0,0.024333177,0.9570626,1.2074276,0.0,1.2844813,0.0,0.115817636,0.7797712,0.0,1.3455595,0.96945333,1.3210412,0.0,1.0261886,1.0412241,0.6454915,0.9162912,0.13071911,1.534713,0.0,1.3268746,0.0,0.0,0.0,0.69059205,0.018933013,1.1466142,0.6514644,0.30312407,0.8358518,1.488086,0.08078641,0.44962186,0.0,0.0,0.09357633,0.0,0.6359859,2.7063086,1.4159123,0.71930677,0.0,0.02080206,0.1343772,0.0,0.023321088,0.0,0.0,0.637617,0.08377688,0.0,1.281462,0.0,0.0,0.16964413,0.90601397,0.0,0.8863583,0.0,1.2396482,0.0,0.0,0.0,0.444525,0.99731326,0.0,0.0,0.8125632,0.0,0.0,1.6895362,1.0905803,0.0,0.0,0.5054581,0.22198075,0.0,1
0.7813435,0.8390735,0.0,0.341159,0.6324218,0.5544353,0.0,0.7097588,0.0,1.043471,0.0,0.65324324,1.1372504,0.0,0.88297856,0.0,1.6113245,0.38097242,1.4793417,0.5114384,0.0,0.0,1.2945036,0.06792261,1.7690836,0.47178432,0.880944,0.0,0.0,1.1053102,0.40864778,0.608165,0.66723126,0.15301162,0.0,1.4976895,0.0,0.6631413,0.0,0.0,2.1852202,0.0,1.1160743,0.07424988,0.002091865,0.49992433,0.2793549,0.0,0.0,0.76822245,0.0,0.82617086,0.0,0.0,1.6762215,1.3068954,0.0,0.0,0.0,0.7771679,0.7840603,0.0,0.0,1.1357301,0.0,0.31727543,1.3153728,0.5574077,0.0,0.0,0.16301407,0.0,0.08733952,1.1189195,0.0,0.0,0.41491568,0.0,0.84523314,0.8687194,0.0,0.0,1.1828094,0.0,0.1099838,0.84005624,0.0,0.57988435,0.17972487,0.30300924,1.3762332,0.0,0.81862026,0.49975628,0.0,0.0,0.037055105,0.099051885,0.7687858,1.9368479,0.11480874,0.0,0.3095472,1.3132672,0.0,1.4114655,0.26631704,0.0,0.0,0.0,0.0,0.0,1.6508838,0.30432993,0.0,0.0,0.45847532,1.9087294,0.44237986,0.47682485,0.0,0.0,0.48404896,0.0,0.0,0.68804467,0.4472974,0.383861,0.0,0.0,0.0,0.82821333,0.2977923,0.9471138,0.0,1.9657476,1.7186323,0.4533101,0.13744402,0.9261715,0.28593794,0.4719716,0.0,0.0,0.7269486,0.084878325,0.0,0.0,0.0,0.70702565,1.3053521,0.3806936,0.055985853,0.3382274,1.38124,0.44427,0.968568,0.5813485,0.0,0.0,0.46470937,0.21781111,0.473496,0.2681318,0.5116088,0.25652963,1.6566433,0.99559087,1.2639762,0.0,0.0,0.0,0.4583315,0.0,1.7710885,1.0207452,0.9453277,1.3656853,0.0,0.0,0.94939244,1.44517,0.0,0.7835488,0.41183695,0.0,1.016571,0.0,0.1732984,0.74235475,0.87811035,0.0,0.80672103,1.0941919,1.03136,0.33920568,0.7284708,0.5524789,0.0,1.6196606,0.29257753,0.0,0.0,0.71404386,0.0,0.43305835,0.7804874,0.6832525,0.60342,1.4883621,0.57833034,0.9342615,0.0,0.29802528,0.60570574,0.0,0.09162142,2.8144767,1.1246752,0.2489146,0.0,0.029359216,0.52358097,0.0,0.2062766,0.0,0.0,1.3208841,0.6618696,0.0,1.2118711,0.0,0.0,0.099620566,1.0497756,0.57915616,1.5314486,0.60613817,0.97068965,0.0,0.0,0.0,0.0,1.0224929,0.0,0.0,0.9700979,0.0,0.0,1.4353502,1.0722295,0.7223045,0.0,0.8559567,0.3783645,0.0,1
1.0172834,0.45422193,0.0,0.0,1.2920101,0.7803053,0.0,0.37360626,0.0,0.77464414,0.0,0.13560447,0.6348256,0.0,1.0278934,0.0,1.669234,0.8269326,0.7313768,0.08211091,0.0,0.0,0.0,0.0,1.9164933,0.0,1.4748383,0.0,0.68506503,0.49274597,0.3703034,1.2324558,0.65902007,0.27368274,0.0,1.0719345,0.0,0.8176553,0.0,0.0,0.93319166,0.07905096,0.5210241,0.0,0.8677366,0.23219697,0.8760285,0.0,0.0,0.48850867,0.0,0.35881978,0.0,0.0,0.9340054,0.7962601,0.0,0.0,0.0,0.8026982,0.6363019,0.0,0.0,1.8546832,0.0,0.0,1.3973284,0.4618751,0.26328683,0.0,0.72368157,0.0,0.9345179,0.82209176,0.1873063,0.0,0.73621947,0.045277886,1.0480059,1.0536273,0.0,0.0,0.78966457,0.21288943,1.0031357,1.352236,0.37402266,1.3295751,0.477927,0.0,1.4338192,0.0,0.812509,0.943217,0.2516046,0.0,0.10711153,0.3695112,1.080271,2.2121084,0.30737078,0.26750663,1.5699022,0.12891851,0.0,1.0984724,0.64947957,0.0,0.0,0.25949657,0.0,0.0,2.174549,0.3955883,0.0,0.0,0.11399799,1.2288849,1.0956389,1.0290842,0.0,0.0,0.69260925,0.0,0.13534354,0.8186827,0.48480564,0.656771,0.0,0.0,0.0,0.9141631,0.14618014,0.68199396,0.0,1.267698,1.3935453,0.19694304,0.0,0.97890043,1.0396562,0.0,0.0,0.0,0.37603584,0.88610625,0.0,0.23124447,0.26069656,1.2904813,0.9109831,0.907648,0.0,0.6475678,0.3190661,0.56074464,1.4490026,0.630728,0.0,0.0,1.325204,0.0,0.0,0.094055206,0.59642744,0.04227184,1.1986357,0.9800556,0.13809451,0.0,0.0,0.6285384,0.37596288,0.0,0.85550576,1.5861174,0.27618355,1.8566748,0.0,0.0,0.52997094,0.73586977,0.0,0.69562715,0.0,0.0,0.7433087,0.0,0.9154315,1.0905955,1.4366131,0.0,0.96762174,1.1761339,0.85796106,0.0,1.0618104,0.45949218,0.0,1.9808487,0.31770808,0.0,0.0,0.8208143,0.13729651,0.6564944,0.53586835,1.281822,0.29729462,0.88138455,0.3617183,0.2651799,0.0,0.0,0.61117756,0.0,0.1650564,2.952898,1.9632299,1.4354178,0.0,0.0,0.60818857,0.0,0.46143934,0.0,0.0,0.18916917,0.31844383,0.0,1.2041805,0.0,0.0,0.025905132,0.675177,0.8769899,0.0,0.2309182,1.4761168,0.0,0.5247385,0.0,0.7517422,1.02314,0.0,0.0,0.5920245,0.0,0.0,0.39168057,0.8587853,0.0,0.0,0.38606107,0.0,0.0,1
1.1926229,0.16418067,0.0,0.06957063,1.1195283,0.36627525,0.0,1.3633782,0.0,0.9774054,0.0,0.207264,1.3211181,0.0,0.93710524,0.0,1.3057326,0.06792034,0.31897396,0.10725975,0.0,0.0,0.26304325,0.7284774,2.1147575,0.0,2.1976123,0.092245504,0.9759052,0.81152797,0.03990391,1.2778286,0.67983323,0.0,0.0,1.2799895,0.0,0.10858815,0.0,0.0,1.3481462,0.5045063,0.6739792,0.0,0.34417424,1.0418563,0.8103262,0.0,0.0,0.14629345,0.0,0.95449156,0.0,0.0,0.547393,1.3195791,0.0,0.0,0.0,0.64600503,0.666493,0.0,0.0,1.5094749,0.0,0.030489728,1.3527567,0.50678927,0.098239124,0.0,0.48333833,0.0,0.94027084,0.4013894,0.37436983,0.0,0.16893025,0.0,0.72943044,0.3399092,0.0,0.0,1.259194,0.0,0.0,1.8079836,0.41803035,0.84360975,0.6573671,0.53330123,0.89974844,0.0,0.77927107,1.6766518,0.20619783,0.018379945,0.4745711,0.40090245,1.4043566,1.9386424,1.4911944,0.11242484,1.5792497,0.97057945,0.0,0.8522709,0.8528461,0.0,0.0,0.95215774,0.0,0.55676454,2.685796,0.7040859,0.0,0.0,0.24726169,2.37311,0.5660269,0.62962455,0.0,0.0,0.54180384,0.0,0.0,0.0329559,0.34039843,0.9624523,0.0,0.0,0.0,1.3017443,0.42497215,1.9607145,0.0,1.5867712,1.5005351,0.39673743,0.008388071,1.5391421,1.0917835,0.0,0.0,0.0,0.7295985,1.3335335,0.0,0.28170714,0.0,1.6691577,1.4140238,1.1293755,0.29161742,0.7647811,0.4910847,1.5337265,2.0680342,0.9662771,0.0,0.0,1.129221,0.26209444,1.052988,1.1919148,0.77578974,0.8126428,1.2164212,0.1581375,0.814633,0.0,0.0,1.1518031,0.36752796,0.0,1.9713961,1.6472232,0.2428301,2.2335083,0.0,0.022120433,0.0,1.2093827,0.0,0.92785007,0.34342214,0.0,1.5465355,0.0,1.2688843,1.0613039,2.5330255,0.0,0.6725177,1.9859898,0.54398453,0.0,1.0622872,0.6301649,0.0,1.7898383,0.4733022,0.0,0.0,0.9159845,0.5896526,0.13681516,0.30901605,1.497977,0.32906166,1.9645206,0.54905164,0.675657,0.0,0.0,0.25024387,0.0,0.0,2.4680345,1.491951,1.0687246,0.0,0.109617285,1.1959375,0.0,0.28938913,0.0,0.0,1.0261041,1.017554,0.0,1.3905671,0.0,0.0,0.557949,1.752711,1.6890897,0.22480658,0.42927673,1.0989844,0.0,0.0,0.0,0.24915141,1.581176,0.0,0.0,1.6815863,0.0,0.0,1.8674148,0.09144053,0.27485338,0.0,0.35622504,0.0,0.0,1
0.40853867,0.72686505,0.0,0.0,0.7948283,0.89787763,0.0,0.9245903,0.0,1.2798116,0.0,1.2472222,1.2428703,0.02267481,0.83029866,0.0,1.692131,0.5762086,1.1399568,0.0,0.0,0.0,0.9714798,0.56610525,1.5991448,0.0,0.93373865,0.0,0.5418769,1.1287355,0.39057484,0.9243709,0.10623311,0.2692603,0.0,1.0452552,0.8052928,0.93922436,0.0,0.0,1.3869983,0.0,1.4457871,0.0,0.5217285,0.53648454,1.0129588,0.0,0.0,0.22745113,0.0,1.1456777,0.0,0.0,1.0852606,1.6577502,0.0,0.0,0.0,0.86527896,0.19972812,0.0,0.0,1.2743711,0.0,0.0,1.0308833,0.7942926,0.021956861,0.0,0.79118836,0.0,0.71214324,0.38484484,0.04075383,0.0,1.4089305,0.0,0.55623686,0.97705185,0.0,0.0,0.028440911,0.0,0.0,1.3834836,0.63303286,0.5508401,0.4012902,0.58197373,0.6653102,0.0,1.2453074,0.69066536,0.03253015,0.113854714,0.25921357,0.35372353,1.6367428,1.5952471,0.4452634,0.0,1.4318385,1.7272068,0.0,0.5541426,0.6658595,0.0,0.0,0.0,0.0,0.0,1.6795878,0.6664243,0.0,0.0,0.24086125,1.9613625,0.49984285,0.38572308,0.0,0.0,0.3687921,0.0,0.09605919,0.7624276,0.40886223,0.36726046,0.0,0.0,0.0,1.1742651,0.93777937,1.6411057,0.0,1.2054182,1.1384645,0.4049545,0.642984,1.0439489,1.1893573,0.38546413,0.0,0.0,0.6010888,0.56871605,0.0,0.5300986,0.0,0.31075612,2.2357223,0.5933988,0.39139834,0.3326653,1.5588841,0.94505394,1.1267956,0.91477907,0.0,0.0,0.9060759,0.0,0.44812933,0.6446668,0.8114498,0.26606587,1.6060555,1.5969613,1.5309396,0.0,0.0,0.62815887,0.60566914,0.7668118,0.9843925,1.4864999,0.68619,1.86149,0.0,0.15064153,0.5911539,0.8682006,0.0,0.66937417,0.977816,0.5900066,1.1003426,0.0,0.0,1.181152,1.4024558,0.0,0.99663866,2.197941,0.79250526,1.4234582,1.0224156,0.74359536,0.0,1.719411,0.55308086,0.0,0.0,0.0,0.0,0.6990219,0.8114638,1.0119768,0.05218298,1.6345496,1.2373291,0.5915076,0.0,0.26161417,0.75120175,0.0,0.5420944,2.0245962,1.0042446,0.6536633,0.0,0.0,0.9440948,0.0,0.34666234,0.0,0.0,1.1134151,0.25550497,0.0,1.6001588,0.0,0.0,0.6261525,1.7575188,0.88732874,0.8485283,0.0,1.4320225,0.0,0.20926693,0.0,0.0,1.2312281,0.0,0.0,1.1564504,0.0,0.0,1.4383483,0.79102844,0.43552408,0.0,0.79431856,1.0832163,0.0,1
1.5842278,0.70680827,0.0,0.0,1.3441331,0.75812644,0.0,0.6650118,0.0,0.56848913,0.0,0.13124445,1.2053368,0.0,1.1772683,0.0,2.3978844,0.3790501,0.87652254,1.2830498,0.0,0.0,0.0,0.10723035,1.2425194,0.023254544,0.8600756,0.37342858,0.17172433,1.5665272,0.187343,1.3606213,1.2738124,0.0,0.0,1.9204916,0.0,0.529256,0.0,0.0,2.010794,0.0,1.2289462,0.0,0.6445081,0.95686734,0.9949596,0.0,0.0,0.118865505,0.0,0.9477232,0.0,0.0,0.90686053,0.520068,0.0,0.0,0.0,1.0731046,0.83310825,0.0,0.0,0.7172357,0.0,0.110909685,1.1813598,0.36903134,0.24222541,0.0,0.52128595,0.0,1.3297503,1.4472601,1.1139368,0.0,0.21432321,0.0,0.7057798,1.7347176,0.24861309,0.0,0.66063994,0.53401345,1.3198955,0.81502384,0.0,1.527496,0.4830097,0.38917556,1.639442,0.0,1.4655339,1.6610779,0.0,0.0,0.6497688,0.0,1.0477198,2.3507347,0.81814724,0.51258945,1.2692479,0.74382323,0.0,1.5532594,0.7782492,0.0,0.0,1.4094334,0.0,0.0,2.9474676,0.20346916,0.0,0.0,0.8937199,1.2143773,0.3956928,0.34840643,0.0,0.0,1.0057224,0.0,0.0,1.3708756,0.45327765,1.3203084,0.0,0.0,0.0,1.0978789,0.64900976,1.3305912,0.0,0.5454489,1.9938916,1.5042524,0.0,0.20223899,1.3434863,0.13101557,0.0,0.0,0.69521534,0.9238279,0.0,0.1269091,0.37373698,1.0892153,0.0,1.4399376,0.25580025,1.099956,0.78660154,1.0459573,1.34123,0.3912082,0.0,0.0,1.744415,0.33006245,1.1727158,0.0,0.4264524,0.71760005,1.124918,0.9084213,0.0,0.0,0.0,0.51662874,0.6535685,0.0,1.1034273,2.27931,0.30015987,2.3883088,0.0,0.5668034,0.741783,0.6102767,0.0,1.2158608,0.0,0.0,0.62968785,0.0,1.0848314,0.7646397,1.1662527,0.0,0.9821881,1.1850991,0.15168394,0.8251254,0.7576782,0.8630626,0.0,2.5607078,0.26063323,0.0,0.0,0.5590111,0.766899,0.6575161,0.038567096,0.6572032,0.7633853,1.8037362,0.52288556,0.17824213,0.0,0.0,0.61144197,0.0,0.28881842,2.5377827,2.050423,0.8630764,0.0,0.0,0.67433214,0.0,0.30802855,0.0,0.0,0.031067606,0.8079089,0.0,1.1647936,0.0,0.45638874,0.0,0.6442554,0.0,0.0,0.0,1.0907173,0.0,0.2847449,0.12216425,0.48335597,1.4448851,0.0,0.0,1.4360278,0.0,0.0,1.0026737,1.7577424,0.353586,0.0,0.3084015,0.18935989,0.0,1
1.6078339,0.7055396,0.0,0.09939736,0.9557371,1.069775,0.0,0.74856955,0.0,1.417324,0.0,0.6486974,1.4391936,0.0,1.1789386,0.0,2.2591863,0.6635839,1.4200804,0.88254875,0.0,0.0,0.5078817,0.24086508,2.0784998,0.28209662,1.4070615,0.59803087,0.3057356,1.1447941,0.12135801,1.2918333,0.58968246,0.0,0.0,1.5815123,0.0,0.981503,0.0,0.0,1.7093713,0.11524831,1.2373035,0.0,0.76387256,0.40051425,0.26860175,0.0,0.0,0.9197603,0.0,0.77676165,0.0,0.0,1.3417562,1.5109729,0.0,0.0,0.0,0.27943456,1.0660806,0.0,0.0,1.4918519,0.0,0.13268737,1.5222557,0.20507932,0.0,0.0,0.597177,0.0,0.63062346,1.4782063,1.0010484,0.0,0.6650521,0.0,1.0895342,0.5348663,0.0,0.0,1.6024837,0.09843719,0.7147955,1.5806559,0.0,1.3499273,0.118536,0.36590526,1.2064947,0.0,1.2758437,1.0733548,0.1379799,0.0,0.16058858,0.0,0.82540506,2.7650611,0.16473481,0.0,1.100871,0.36652502,0.0,1.6383566,0.88827306,0.0,0.0,0.7456519,0.0,0.0,2.3634117,0.07356902,0.0,0.0,0.7798852,1.7122402,0.4337565,0.64160234,0.0,0.0,0.67491424,0.0,0.0,0.9202008,0.31858003,0.9723557,0.0,0.0,0.0,1.228685,0.3860266,1.4801229,0.0,1.649709,2.1733084,0.78834957,0.0,1.0634573,0.5965947,0.40377775,0.0,0.0,0.31591168,0.2405293,0.0,0.13945545,0.0,0.52239037,0.5359555,0.7066177,0.06630716,0.81935924,0.86439365,1.11714,1.9005731,0.24013259,0.0,0.0,0.9552186,0.56984323,0.8433181,0.0,0.5933388,1.0927012,1.7261332,0.6962993,0.3253232,0.0,0.0,0.68681586,0.8613542,0.0,0.8117092,1.5656576,0.41162425,1.99518,0.0,0.5418465,0.47333953,0.7149894,0.0,0.8497634,0.0,0.0,1.5601947,0.0,0.8093327,0.90277636,1.7003169,0.0,0.72921884,0.784538,0.5498262,0.05576077,1.2703472,0.4300507,0.0,1.7054571,0.28235465,0.0,0.0,0.9736592,0.36323065,0.4801729,0.25677863,0.7881653,0.6040381,1.7139553,0.9937694,0.3465659,0.0,0.0,0.95948315,0.0,0.46647048,2.391909,1.5233182,0.7677347,0.0,0.0,0.32336548,0.0,0.091076024,0.0,0.0,0.4285731,0.8368121,0.0,1.1942649,0.0,0.055677425,0.0,1.1693053,0.73984694,0.0,0.0,0.82878506,0.0,0.0,0.0,0.005205284,0.9457628,0.0,0.0,1.2981769,0.0,0.0,1.3690302,1.198216,0.0,0.0,0.97160816,0.06834502,0.0,1
1.5786757,0.24924797,0.0,0.0,1.000081,0.8930347,0.0,0.0,0.0,0.39438602,0.0,0.33216572,1.0530471,0.0,0.71618825,0.0,2.0598974,0.63213676,0.8905605,1.2606841,0.0,0.0,0.0,0.042956457,1.2406515,0.0,0.85076,0.21064128,0.7494812,1.4181315,0.0,0.9038116,0.85476524,0.0,0.0,1.4021416,0.0,0.47722888,0.0,0.0,1.1331728,0.05500129,1.2667317,0.0,0.67951846,0.35288796,1.2774017,0.0,0.0,0.10505466,0.0,0.4501732,0.0,0.0,0.77686816,0.58895606,0.0,0.0,0.0,0.888474,0.38522252,0.0,0.0,0.74834454,0.0,0.087042645,1.0806077,0.2890852,0.10830104,0.0,0.8062883,0.0,0.61468285,1.6349195,0.8659553,0.0,0.2554576,0.0,0.7898447,1.2601899,0.0,0.0,0.6106716,0.40936682,0.834357,1.0354332,0.0,1.6100966,0.585111,0.12401556,1.7619843,0.0,1.0887593,1.2844957,0.56356066,0.0,0.0,0.0,1.3522471,2.2466311,0.27157164,0.5547918,1.1056972,0.05371204,0.0,0.9278871,0.37535945,0.0,0.0,0.90712726,0.0,0.0,2.7381732,0.5848782,0.0,0.0,0.54466844,1.0794886,0.1973669,0.8413917,0.0,0.0,0.31367174,0.0,0.33404797,0.990756,0.30408618,1.2388709,0.0,0.0,0.0,0.8433902,0.36388865,1.0579581,0.0,1.0415411,1.540013,1.3752326,0.0,0.3975291,1.1986182,0.44911197,0.0,0.0,0.40773064,0.8307436,0.0,0.14803374,0.6065021,1.0610237,0.8294701,1.4469403,0.2696882,1.3383107,0.66679645,0.89304554,0.87183595,0.37449208,0.0,0.0,1.362649,0.032388266,0.890871,0.0,0.0,0.5243179,1.0589635,0.862113,0.5105446,0.0,0.0,0.32461715,0.115519375,0.0,0.5485707,1.436872,0.29773492,1.5767188,0.0,0.41865045,0.55498743,0.9714381,0.0,1.2225289,0.0,0.0,0.47118983,0.0,1.2212712,1.3559837,0.97417337,0.0,0.60961485,1.2153168,0.29327977,0.61548746,0.6419723,1.0492722,0.0,2.273634,0.49987403,0.0,0.0,0.73130846,0.7466759,0.8885545,0.28844857,0.9811802,0.40204397,1.4364913,0.6037486,0.2633879,0.0,0.030630043,0.42610213,0.0,0.6816158,2.3903694,1.5382417,0.80231017,0.0,0.0,0.34472182,0.0,0.16461018,0.0,0.0,0.23137197,0.0,0.0,0.8768609,0.0,0.03856195,0.0,0.46230286,0.33245727,0.0,0.0,0.9369838,0.0,0.3344276,0.0,0.8320605,1.0838832,0.0,0.0,1.2084157,0.0,0.0,0.9288438,1.2421232,0.0,0.0,0.25889114,0.0,0.0,1
0.036876347,0.8497738,0.0,0.0,0.07958859,0.9838188,0.0,0.0,0.0,0.4990701,0.041351974,0.8249139,0.7027577,0.43511638,0.75575733,0.0,1.8859223,0.12059425,1.2871753,0.0,0.0,0.0,1.0279241,0.0,1.5405126,0.38118613,0.2853319,0.0,0.8056562,1.582652,0.12942252,0.547549,0.0,0.5089945,0.0,1.4069557,0.6627795,0.88129574,0.0,0.0,1.2951251,0.0,1.6378596,0.0,0.8586152,0.87726194,1.362906,0.0,0.0,0.016697751,0.0,1.1373953,0.0,0.0,1.574195,1.3805155,0.0,0.0,0.0,0.78501797,0.33264917,0.0,0.0,1.3070462,0.0,0.2757504,0.51050526,0.86506885,0.13000399,0.0,0.31286576,0.0,0.42897323,0.0,0.0,0.0,0.50794584,0.0,0.0,1.0209203,0.0,0.0,0.0,0.0,0.0,0.6503897,0.44442493,0.49062142,0.30508882,1.0593209,1.2597214,0.0,0.9448546,1.0209978,0.0,0.0,0.3340512,0.35333633,1.5203187,1.9595397,0.9849106,0.0,0.9475916,2.4998496,0.0,1.0528805,0.42501363,0.0,0.0,0.7580099,0.0,0.24566893,1.9049238,1.3118001,0.0,0.0,0.84536994,1.6525391,0.2287212,0.29346782,0.0,0.0,0.003400602,0.0,0.0,0.7688538,0.7991863,0.23865826,0.0,0.0,0.0,0.7820934,1.6386908,0.8848587,0.0,0.991929,1.2439324,0.8070366,0.975778,1.0122597,1.1106195,1.3662419,0.0,0.0,0.15500179,0.58089465,0.0,0.32927305,0.4286384,0.21681218,1.5046717,0.21319489,0.72038233,0.5160098,0.36158955,1.3645815,0.95770675,0.3222534,0.0,0.0,1.088876,0.10769516,0.19857466,0.2392331,0.18897979,0.3034454,1.7824891,1.1769868,1.7479137,0.0,0.0,0.078284,1.2297632,0.4225854,1.3059195,0.4066459,0.5857791,1.0363092,0.0,0.069930196,0.45599177,1.3612586,0.0,0.7272001,0.9792212,1.0472388,1.092835,0.0,0.34242323,0.5027466,0.76717114,0.0,1.1021777,1.6311022,0.92053646,2.644567,0.47841907,0.23327924,0.0,1.9521395,0.3471466,0.0,0.0,0.06003618,0.0,1.5369529,0.4031054,0.7699926,0.0,2.068543,1.2610474,1.25248,0.0,0.0,0.09479309,0.0,0.7171721,1.9591652,1.0505842,0.9255902,0.0,0.0,1.2803792,0.0,0.6081852,0.0,0.0,1.1973718,0.6517729,0.0,0.5382571,0.0,0.0,0.0,1.2469994,0.3784918,0.9395848,0.0,1.9453372,0.0,0.05140554,0.0,0.0,0.78324467,0.0,0.0,0.4460043,0.0,0.0,1.762518,0.2510443,0.28256604,0.0,1.1306694,1.1378462,0.0,1
0.7721314,0.7396955,0.0,0.0,1.047523,1.0778819,0.0,0.26273227,0.0,0.7125847,0.0,0.6019622,1.338974,0.0,0.622823,0.0,2.1181717,0.0,1.2520027,0.56804043,0.0,0.0,0.69928914,0.60493976,1.7651689,0.41948754,1.1173481,0.0,1.1433281,1.0063415,0.0,1.6357485,0.36342812,0.096848585,0.0,1.2769047,0.0,0.5538619,0.0,0.0,1.3748282,0.30203688,2.084059,0.0,0.6552664,1.2271183,0.6779292,0.0,0.0,0.110394195,0.0,0.9137278,0.0,0.0,1.1310635,1.0216707,0.0,0.0,0.0,0.2857498,0.60785455,0.0,0.0,1.3880719,0.0,0.0,1.1444864,0.6857522,0.08267611,0.0,0.41865787,0.0,1.2730252,0.72235274,0.96341455,0.0,0.7838221,0.0,0.7368994,1.1121119,0.0,0.0,1.0257893,0.13431329,0.3076405,1.3669596,0.19443606,0.7392167,0.63719547,0.6479291,0.49125725,0.0,1.3967212,0.955014,0.5051694,0.0,0.48199505,0.5809881,1.6481892,1.4507577,1.3039428,0.0,1.470591,0.9118614,0.0,0.9817913,0.8286181,0.0,0.0,0.69596654,0.0,0.0,1.6734371,0.43653113,0.0,0.0,0.07067241,1.7316937,0.4180255,0.87931406,0.0,0.0,0.77447885,0.0,0.0,0.5088795,0.8596036,0.11692752,0.0,0.0,0.0,0.9772481,0.0,1.3315803,0.0,1.0649128,1.3712537,1.2755467,0.0,0.8335979,1.143705,0.42705423,0.0,0.0,0.4141899,0.82766587,0.0,0.49315593,0.4076937,1.0968059,0.85160244,0.6816938,0.5409001,1.0614105,0.8518668,1.0207824,1.3310008,0.19370343,0.0,0.0,1.0183724,0.33913898,0.5601458,0.3166285,0.086216,0.6504176,1.5678781,1.1477387,0.7157664,0.0,0.0,0.57234216,0.3582453,0.0,1.28983,1.6010697,0.8433409,1.6778095,0.0,0.40318868,0.4210707,0.82838196,0.0,1.323887,0.46819618,0.0,0.37285063,0.0,0.4693206,0.47969395,1.3753357,0.0,1.220218,0.938987,0.9112773,1.0367318,0.8218757,1.0592332,0.0,1.5235937,0.3083872,0.0,0.0,0.04637524,0.22334005,0.14649275,0.15167633,0.93013465,0.0,1.7703526,0.78456193,0.71542466,0.0,0.34143552,0.80258983,0.0,0.5884541,2.3388484,1.6966385,0.313919,0.0,0.0,1.0959412,0.0,0.5076678,0.0,0.0,0.7942236,1.0224977,0.0,1.5745401,0.0,0.0,0.0,1.1522645,1.1015581,0.35588333,0.32099906,0.9248577,0.0,0.0,0.0,0.0,1.1398419,0.0,0.0,1.2823601,0.0,0.0,2.1455145,0.5586188,0.84205586,0.0,1.0949233,0.2702678,0.0,1
0.78002065,0.09752518,0.0,0.04046231,0.92088807,0.9728547,0.0,0.6260483,0.0,1.025577,0.04299382,0.92299205,1.1837667,0.6522124,0.6537454,0.0,1.296375,0.300766,1.1220201,0.36450922,0.0,0.0,0.89086115,0.63887984,2.1447923,0.32658857,1.5189395,0.0,1.1418054,1.4922476,0.38587737,0.3946854,0.9156419,0.0,0.0,1.4313688,0.0,0.9402834,0.0,0.0,1.6158807,0.0,1.3425577,0.0,0.29415426,0.72893983,0.9397761,0.0,0.0,0.15274896,0.0,0.49879006,0.0,0.0,1.0823761,1.3780137,0.0,0.0,0.0,1.4481109,0.70431834,0.0,0.0,1.2101796,0.0,0.013335094,1.0466014,0.81734455,0.0,0.0,0.47989717,0.0,0.708424,0.7312596,0.6714471,0.0,0.5421402,0.0,0.51008785,1.02011,0.0,0.0,1.0067492,0.0,0.0,1.2282683,0.3017696,1.2126894,0.41519752,0.5409863,0.9324457,0.0,0.9379549,1.34791,0.32975814,0.023595292,0.1289316,0.0,1.5741048,2.5778854,0.75051206,0.4533875,1.0150932,1.4880981,0.0,0.7363863,1.0872687,0.0,0.0,0.23050907,0.0,0.45263523,2.4321806,0.79705805,0.0,0.0,0.0,2.0130765,0.1625163,0.5968653,0.0,0.0,0.2846304,0.0,0.0,0.5443515,0.31207317,0.6111975,0.0,0.0,0.0,1.1279496,0.945727,0.8267723,0.0,1.6110507,1.458978,1.0532389,0.0,1.3300848,0.84795284,0.34228867,0.0,0.0,0.18256882,0.92939806,0.0,0.12616012,0.0110912025,1.1158091,1.1526816,0.9871271,0.5007134,1.0859675,0.7211449,0.72390693,1.5119656,0.52751637,0.0,0.0,0.7885538,0.47390455,0.46480292,0.52281934,0.14023449,0.7919817,1.9845606,0.39215538,1.2854972,0.0,0.0,0.3375834,0.3270943,0.075703144,1.4313414,1.5815737,0.6280186,1.7141242,0.0,0.2336188,0.81659764,1.10043,0.0,1.2147429,0.49625194,0.0,0.8832391,0.0,0.4522537,1.2706538,1.4044483,0.0,0.7027772,1.4126369,0.47998595,0.52144355,0.873253,0.9162278,0.0,1.7222695,0.87513113,0.0,0.0,0.55468434,0.0,0.5611796,0.2715911,0.94584215,0.44038773,2.2663438,0.40251434,0.70224863,0.0,0.38258108,0.3776728,0.0,0.70686525,2.4220011,1.7778184,0.35884863,0.0,0.032503065,0.6703883,0.0,0.39762622,0.0,0.0,1.6086634,0.93348473,0.0,1.4788693,0.0,0.0,0.2182507,1.1090125,1.5140203,1.1239563,0.62438625,0.8986865,0.0,0.0,0.0,0.0,1.050141,0.0,0.0,1.1781948,0.0,0.0,1.5765222,0.7179113,0.20109846,0.0,1.2955539,0.0,0.0,1
0.26749304,0.3413476,0.0,0.0,0.68207645,0.67135286,0.0,0.60244054,0.0,0.7170802,0.0,0.78024864,1.0465165,0.07422842,0.7736505,0.0,1.3503168,0.0,0.93803406,0.3368922,0.0,0.0,0.611341,0.96290934,1.5029105,0.0,1.220398,0.0,1.2792822,1.1997055,0.1250082,0.9132596,0.0,0.0,0.0,1.8460507,0.013189727,0.77513325,0.0,0.0,0.9103575,0.2426965,1.3486545,0.0,0.6023645,0.8466027,1.2371042,0.0,0.0,0.34316856,0.0,0.44421476,0.0,0.0,1.034291,1.5110114,0.0,0.0,0.0,1.209175,0.82449967,0.0,0.0,1.314411,0.0,0.16663416,0.80719376,0.85755914,0.69940305,0.0,0.35104248,0.0,0.82315207,0.2959214,0.07273757,0.0,0.15459841,0.0,0.94925785,0.715399,0.0,0.0,0.77992314,0.0,0.04169345,0.7875293,0.75475585,0.30481693,0.7590395,0.54143995,1.0532224,0.0,0.62622845,1.5364512,0.15547225,0.17152579,0.0,0.32531172,1.5880781,1.4395105,1.3044298,0.025292091,1.1345838,2.2044446,0.0,0.54670894,0.83303934,0.0,0.0,0.2627245,0.0,0.118802026,2.3600817,0.44738892,0.0,0.0,0.0,2.0489714,0.2629536,0.7747954,0.0,0.0,0.62629724,0.0,0.0,0.52502376,0.9135563,0.38844556,0.0,0.0,0.0,1.3710128,1.0442805,1.1618638,0.0,1.1233228,1.379881,0.71946,0.025514234,1.3303235,0.8220791,0.33472598,0.0,0.0,0.0,0.9550084,0.0,0.41358048,0.0,0.66774964,1.2143458,0.99592954,0.5043106,1.0603509,0.30632675,0.8041109,1.2534362,0.15185414,0.0,0.0,0.43626916,0.35468692,0.38032663,0.817872,0.59297466,0.5581423,1.2418023,0.62402076,1.0384146,0.0,0.0,1.1417388,0.5604572,0.0,1.664224,1.4937394,0.07443861,1.9302838,0.0,0.4408092,0.0,0.78771263,0.0,0.82984465,0.7056722,0.117646515,0.6261502,0.0,0.29471976,1.2848318,1.2721059,0.0,0.6436142,1.2667868,0.8472613,0.95149785,1.193014,0.0,0.0,1.8177063,0.37791693,0.0,0.0,0.33051762,0.0,0.45498496,0.3934075,1.0776551,0.0,1.8681567,0.534854,1.0065057,0.0,0.0030883309,0.08635633,0.0,0.090410404,2.2033353,1.3736277,0.7892119,0.0,0.25495094,0.9056022,0.0,0.73471093,0.0,0.0,0.7974326,1.0992028,0.0,1.1600723,0.0,0.0,0.5144278,1.3351943,1.4956821,0.8442717,0.0,1.5937914,0.0,0.0,0.0,0.0,0.36148447,0.0,0.0,1.3139606,0.0,0.0,1.2961364,0.0,0.665793,0.0,0.7391468,0.67890406,0.0,1
1.1701674,0.9234821,0.0,0.0,2.2617877,0.54900044,0.0,0.0,0.0,0.9193615,0.0,0.07945663,1.1860095,0.0,1.1197274,0.0,2.5464473,0.51887417,0.4496204,1.0815408,0.0,0.0,0.0,0.5627326,1.4539715,0.42562863,0.98580027,0.0699714,0.7429588,0.7838714,0.24666494,1.5331343,0.7420973,0.0,0.0,1.0726957,0.0,1.012651,0.0,0.0,1.4961255,0.16654196,0.9570413,0.0,0.84320945,0.82250065,1.2218926,0.0,0.0,0.0,0.0,1.7301041,0.0,0.0,1.0359019,0.76364,0.0,0.0,0.0,0.29162285,0.97818553,0.0,0.0,0.7864632,0.0,0.4222667,1.6664772,0.7888368,0.92744726,0.0,0.43425384,0.0,1.4434257,1.2555159,0.5382818,0.0,0.0,0.0,0.92734915,1.3904834,0.0,0.0,0.0,0.0133188395,1.2680323,0.8520452,0.16858344,1.2855598,0.47120455,0.30851987,1.1852678,0.0,1.7361137,1.5321726,0.0,0.0,0.79211223,0.19589375,1.5373403,2.3710504,0.900863,0.44190598,1.4130299,0.0,0.0,0.97028923,0.68239766,0.0,0.0,1.1066195,0.0,0.0,2.2317853,0.6607474,0.0,0.0,0.28574458,0.94683397,0.57538295,0.27824274,0.0,0.0,0.77675253,0.0,0.0,0.57838494,0.11538365,1.0510652,0.0,0.0,0.0,1.807964,0.010199693,1.5640799,0.03985719,0.15800098,0.9515757,1.0951233,0.0,0.08898328,1.2608331,0.15837845,0.0,0.0,0.364517,1.5883988,0.0,0.19811799,0.49317777,1.7875307,1.0914228,0.46289796,0.106087774,1.5241538,0.05703073,0.81915075,1.2252227,0.20832993,0.53273714,0.0,1.7634082,0.0,0.48736867,0.0,0.791237,0.21121775,1.2679282,1.5142804,0.0,0.0,0.0,1.4407082,0.50623703,0.0,0.05717243,2.308076,0.9787078,2.494341,0.0,1.0700685,0.47465947,0.5727931,0.0,0.9703322,0.0,0.0,0.16534567,0.0,0.5225201,0.6361524,1.9774885,0.0,1.0757462,1.5342324,0.4981756,0.32617217,0.62119544,1.138133,0.0,2.4699087,0.340401,0.0,0.0,0.4524896,0.5432196,0.3852585,0.0,1.4816272,0.3389074,1.2431725,0.84291005,0.0,0.0,0.3833572,0.70314515,0.0,0.0,2.5621638,2.0889454,0.5332518,0.0,0.0,0.85808134,0.0,0.0,0.0,0.0,0.0,0.5908242,0.0,1.6010674,0.0,0.7937391,0.22364727,0.7349117,0.36278453,0.0,0.0,0.49295768,0.0,1.0529222,0.0,0.1073908,1.1969744,0.0,0.0,1.4122202,0.0,0.0,0.31078333,1.2693427,0.7967464,0.0,0.10396955,0.0,0.0,1
1.2033997,1.0705825,0.0,0.3295418,1.2301098,0.47419408,0.0,0.114811525,0.0,0.7365063,0.0,0.064467415,0.6826868,0.0,1.2027767,0.0,2.3181403,0.2891759,0.65889007,1.253139,0.0,0.0,0.0,0.0,1.5755008,0.021475315,1.074618,0.6889028,0.43756256,1.1035607,0.0,1.2880373,0.6774293,0.0,0.0,1.2045481,0.0,0.8621025,0.0,0.0,1.8334844,0.2682707,1.220412,0.0,0.8008934,1.1051278,0.92619044,0.0,0.0,0.42822042,0.0,0.62363994,0.0,0.0,0.91246486,1.0047226,0.0,0.0,0.0,0.31925982,0.7096885,0.0,0.0,1.3501297,0.0,0.1293649,1.5375654,0.3059629,0.5902664,0.0,0.76201236,0.0,0.7644456,1.8962017,0.6468832,0.0,0.22014444,0.0,0.9710605,1.3760704,0.0,0.0,0.6222691,0.046900872,0.9979893,1.3368717,0.0,1.6310412,0.2627145,0.46428642,1.6156125,0.0,1.6953442,1.612451,0.110262536,0.0,0.0,0.0,1.1139772,2.5799725,0.20814991,0.0,1.5757184,0.0,0.0,0.97470355,0.54752237,0.0,0.0,1.0671116,0.0,0.0,2.1019313,0.6335179,0.0,0.0,0.77672875,1.5372618,0.6060465,0.33577445,0.0,0.0,0.74453926,0.0,0.26738167,0.49549544,0.53717715,1.2857256,0.0,0.0,0.0,1.4215175,0.12863821,1.1475035,0.0,0.8886847,1.823399,0.38406688,0.0,0.392178,0.9936704,0.6107412,0.0,0.0,0.22582678,0.6781491,0.0,0.027531063,0.32066327,1.0751629,0.29005644,0.854687,0.2898091,1.6252593,0.9354828,0.7583878,1.4112517,0.23549233,0.1475713,0.0,1.5328298,0.17941493,1.0080136,0.054862853,0.10031162,0.6682698,1.8400614,1.3493577,0.4524701,0.0,0.0,1.0056101,0.45707968,0.0,0.25265208,1.8983586,0.79583114,1.9987406,0.0,0.67433995,0.60469425,0.6967692,0.0,0.7550395,0.0,0.0,0.6787185,0.0,0.9238383,0.9869915,1.9092491,0.0,0.8016899,1.1443552,0.5455772,0.099264875,0.72521937,1.2631465,0.0,1.8013383,0.047428805,0.0,0.0,0.43687424,0.59243476,0.2371822,0.024150817,1.225382,0.45277348,1.3911512,1.0104724,0.06150741,0.0,0.124096595,0.8587605,0.0,0.6267261,2.6729295,2.2663822,0.6637392,0.0,0.0,0.14266025,0.0,0.0,0.0,0.0,0.0,0.7801632,0.0,1.5308796,0.0,0.34159777,0.0,0.6766358,0.4713846,0.0,0.0,0.82591355,0.0,0.6866294,0.0,0.7605968,1.0320925,0.0,0.0,1.4248555,0.0,0.0,0.46168685,1.203191,0.15501337,0.0,0.024531431,0.0,0.0,1
0.3545508,0.78310615,0.0,0.0,0.69802105,0.08482856,0.0,0.6528105,0.0,1.350195,0.0,0.5991496,1.4869199,0.15089071,0.9288349,0.0,2.09627,0.18695633,1.299301,0.037073825,0.0,0.0,1.0388657,0.9167785,2.2248647,0.0,1.1363,0.0,0.9464343,1.18876,0.22792548,0.8418752,0.0,0.5976392,0.0,1.7524492,0.39097935,1.0528548,0.0,0.0,1.8211951,0.0,0.89721227,0.0,0.8722045,1.0646104,1.0648056,0.0,0.0,0.0,0.0,0.6374311,0.0,0.0,0.9420363,1.5582504,0.0,0.0,0.0,0.9363004,0.6978593,0.0,0.0,1.959656,0.115275614,0.0,1.9302661,0.70281464,0.3322943,0.0,0.4992182,0.0,0.699679,0.30191284,0.26308286,0.0,1.0325177,0.0,0.72183895,1.3453062,0.0,0.0,0.41128606,0.0,0.0,1.4606905,0.96309596,0.20402087,0.98454005,0.2854565,0.8291404,0.0,1.4964942,0.43311262,0.0,0.0,0.524943,0.7068185,1.3585187,1.4794964,0.79828906,0.0,1.484333,2.431648,0.0,1.2608618,0.24210395,0.0,0.0,0.0,0.0,0.020459699,1.6568129,0.49493876,0.0,0.0,0.54463124,2.448134,0.44949058,0.3501054,0.0,0.0,0.2427098,0.0,0.0,0.67814136,0.7522611,0.22285832,0.0,0.0,0.0,1.8087472,1.696684,1.8218013,0.0,1.1878343,1.2204629,0.9123668,0.92287815,1.5358684,0.7844011,0.9719438,0.10787333,0.0,1.2274396,0.7106389,0.0,0.0,0.53046626,0.7413675,2.058965,0.0,0.0,1.0312345,1.2513846,2.034395,0.5899899,0.84698135,0.0,0.0,1.1370423,0.0,0.5135832,0.97996813,1.1569474,0.079771295,1.5523293,1.2624284,1.6455044,0.0,0.0,0.8977838,1.3617404,0.708575,1.4735277,1.2809505,0.9978665,2.4501479,0.0,0.73263353,0.9489864,1.0541404,0.0903164,0.360192,1.2134047,0.39418238,1.0191882,0.0,0.21449381,1.1021305,1.8866488,0.0,0.8324347,2.0099297,0.8098956,1.7066633,1.0708542,0.4759542,0.0,2.1383953,0.540847,0.0,0.0,0.0,0.0,0.44875386,0.981328,0.5544069,0.0,1.7676783,1.2090212,0.79612887,0.0,0.04039899,0.52442,0.0,0.0051569305,3.1310484,0.87233067,0.9877383,0.0,0.0,1.6685652,0.0,0.33459604,0.0,0.0,1.1525146,1.0914692,0.0,1.7169472,0.0,0.070969656,0.21124859,2.4471235,1.5722209,1.581998,0.0,1.4576924,0.0,0.0,0.0,0.0,1.9213569,0.0,0.0,1.585276,0.0,0.0,1.7606113,0.5391552,1.0854769,0.0,0.55475265,0.90796727,0.06407472,1
1.5441835,1.2676119,0.0,0.2765648,1.3855674,0.54755527,0.0,0.84222054,0.0,0.92552054,0.0,0.12107539,1.2722183,0.0,1.2786521,0.0,2.2180338,0.16390099,0.23516998,0.36354205,0.0,0.070900634,0.092912145,0.0,1.7123542,0.0,2.0884407,0.04520385,0.360516,1.3588197,0.5277724,1.0743817,1.1132066,0.0,0.0,1.3179914,0.0,0.37453347,0.0,0.0,1.3755078,0.18642035,0.57806003,0.0,0.08724222,0.8059294,1.0382888,0.0,0.0,0.6751275,0.0,1.0583065,0.0,0.0,1.2641867,1.3002344,0.0,0.0,0.0,0.34840053,1.1120012,0.0,0.0,0.75637597,0.0,0.13953684,1.1851814,0.4359951,0.33294064,0.0,0.8672485,0.0,0.6974814,1.3224045,1.0261325,0.0,0.1143175,0.0,0.5110406,1.3057368,0.0,0.0,0.7757533,0.22095048,1.346893,0.83790046,0.13305803,1.6704642,0.47426465,0.18920065,1.1957247,0.0,1.6563505,1.477911,0.0,0.0,0.046862647,0.0,1.902981,1.5130583,1.2845632,0.25090587,1.2284851,0.0,0.0,0.9034318,1.0475371,0.0,0.04465611,0.8580625,0.0,0.0,2.5143332,0.2069507,0.0,0.0,0.3355907,1.8261875,0.82753986,0.6356079,0.0,0.0,0.92495614,0.0,0.0,0.49625754,0.11524319,1.0333804,0.0,0.0,0.0,1.6647938,0.086129695,1.0939226,0.0,1.3335075,1.4408314,0.9043872,0.0,1.0728741,1.0091343,0.14495926,0.0,0.0,0.38676667,0.7296367,0.0,0.0,0.6118745,0.7082743,0.75697386,0.98486567,0.061479166,0.96582943,1.3343581,0.77669036,1.3642542,0.0,0.0,0.0,1.2799786,0.39257273,1.4514625,0.0,0.9235396,0.8675224,1.4638662,1.0079484,0.7108417,0.0,0.0,0.74073994,0.5854113,0.0,0.76363134,2.1567926,0.9666119,2.2753377,0.0,0.45484087,1.0892793,1.3477176,0.0,0.6991502,0.0,0.0,0.6088378,0.0,0.8684425,1.3911803,1.5186422,0.0,0.7369883,1.0573802,0.63985676,0.0,0.87984496,1.40929,0.0,2.3794446,0.6053406,0.0,0.0,0.5810481,0.329176,0.46596417,0.51365316,1.297091,0.47379056,1.2635806,0.72032994,0.37361243,0.0,0.0,0.37601137,0.0,0.031357396,2.6637385,2.05519,0.30846688,0.0,0.0,0.6142138,0.0,0.0,0.0,0.0,0.11459019,0.36005002,0.0,1.214989,0.0,0.71618074,0.0,0.6387383,0.65445226,0.05782202,0.0,1.0280566,0.0,0.46545166,0.0,0.0,1.2590561,0.0,0.0,1.3772889,0.0,0.0,0.783792,1.6205425,0.70107824,0.0,0.04982496,0.0,0.0,1
1.2420665,0.82537335,0.0,0.038327154,0.830737,0.7901836,0.0,0.5301178,0.0,0.663307,0.0,0.0,0.9886937,0.0,1.6107268,0.0,2.2459066,0.33362967,1.209268,0.82789624,0.0,0.0,0.025715034,0.0,1.4670054,0.03180851,1.4147433,0.45680612,0.08252633,1.9785994,0.0,0.5646262,0.8593785,0.0,0.0,1.4872406,0.0,0.65281814,0.0,0.0,1.9011345,0.39055154,1.213723,0.0,0.8790546,0.8419906,0.36926797,0.0,0.0,0.2740569,0.0,0.46391878,0.0,0.0,1.2386447,1.2234341,0.0,0.0,0.0,0.39532262,0.76860434,0.0,0.0,1.485472,0.0,0.0,1.2065691,0.7307411,0.1182242,0.0,0.29222152,0.0,0.72735775,1.295545,0.72191155,0.0,0.036923397,0.0,0.95582116,1.3091546,0.0,0.0,1.068824,0.30634028,0.85084754,1.3361843,0.0,1.118371,0.52822775,0.0,1.2723413,0.0,1.2853223,1.5555595,0.0,0.0,0.29607934,0.15849803,0.93558705,2.4593256,0.5844541,0.0,1.0401775,0.82892936,0.0,1.2289242,0.007802326,0.0,0.0,1.0724316,0.0,0.0,2.1202588,0.15371631,0.0,0.0,0.9468554,1.6357477,0.80872977,0.48773274,0.0,0.0,0.5447206,0.0,0.0,0.89073986,0.6061287,1.0976126,0.0,0.0,0.0,1.2211236,0.42704555,1.0453479,0.0,1.5105953,1.576828,0.9281729,0.0,0.84828675,1.1750864,0.3749023,0.0,0.0,0.43839607,0.8750381,0.0,0.0,0.6930337,0.92796814,0.0,0.9507026,0.0,1.5101286,0.56359893,1.4185253,1.4844618,0.0,0.0,0.0,1.2629766,0.28337044,0.72207284,0.24650592,0.5187662,0.5207773,1.5561677,0.76088065,0.0,0.0,0.0,0.45965162,0.9435141,0.0,1.0230602,1.7406913,0.644682,2.008948,0.0,0.2645733,0.2693707,1.1483408,0.0,1.0266105,0.0,0.0,1.4165082,0.0,0.9590792,0.64267373,1.7344093,0.0,1.125719,1.0829057,0.6896821,0.6647262,0.38158146,1.2113128,0.0,1.3749194,0.0,0.0,0.0,0.689407,0.40919828,0.7528731,0.26622224,0.7877661,0.53816015,1.8727791,0.22458255,0.37411422,0.0,0.0,0.465127,0.0,0.22559802,2.8778217,1.5278503,0.7140326,0.0,0.0,0.4032227,0.0,0.08898505,0.0,0.0,0.29350597,0.654556,0.0,1.0800146,0.0,0.19424203,0.061337784,0.89081156,0.40519857,0.33749464,0.0,0.9503456,0.0,0.0,0.0,0.10800635,1.5491743,0.0,0.0,1.0898768,0.0,0.0,1.9142742,1.2030506,0.0,0.0,0.36200085,0.15654166,0.0,1
0.4870299,1.1077789,0.0,0.0,0.13835794,0.7524182,0.0,0.29718322,0.0,0.8696446,0.0,0.654169,0.9727198,0.0,0.8605777,0.0,2.3819165,0.0,0.83245903,0.059653524,0.0,0.0,0.95528215,0.4153452,1.8941108,0.19313931,0.7494347,0.0,0.6149669,1.2053859,0.0,0.7798547,0.0,0.5403751,0.0,1.6378152,0.0,0.8271076,0.0,0.0,1.8974314,0.0,1.1884604,0.028306682,0.5868132,0.32128024,0.44686106,0.0,0.0,0.10300471,0.0,1.11571,0.0,0.0,2.2962203,1.083806,0.0,0.0,0.0,1.0224699,0.059463084,0.0,0.0,1.3291888,0.0,0.016096458,2.0043602,0.9642652,0.09327179,0.0,1.250285,0.0,0.25018558,0.9389999,0.0,0.0,0.6468177,0.0,0.34935597,1.2193097,0.0,0.0,0.684839,0.3192823,0.0,0.58033794,0.64689213,0.18332927,0.2520905,0.37619737,0.6315874,0.0,1.0566131,1.2777919,0.0,0.0,0.0,0.529049,1.5958035,1.8570004,1.0028507,0.0,1.0061661,1.84294,0.0,0.78372383,0.94955415,0.0,0.0,0.02508342,0.0,0.0,1.9147271,0.6427039,0.0,0.0,0.42767313,1.9387099,0.5203397,0.5639223,0.0,0.0,0.07556329,0.0,0.0,0.62198085,0.35581493,0.53265923,0.0,0.0,0.0,1.6204034,0.0,1.2352073,0.0,1.0707717,0.8713294,0.8754137,0.56395763,1.5142941,0.8996348,0.15559751,0.0,0.0,0.5224641,0.21339127,0.0,0.47327667,0.5372073,0.89522064,1.4562924,0.24160503,0.35271612,0.54239637,0.8161774,0.8647842,0.874196,0.1553383,0.0,0.0,1.2642024,0.0,0.24528912,0.44728178,1.0240703,0.35728356,1.6895477,1.3727776,0.8069445,0.0,0.0,0.3031279,1.0286765,0.0,1.4239601,2.0990746,1.075554,1.7017866,0.0,1.0662339,0.6246347,0.8104316,0.28175265,0.8755626,0.20219518,0.0,0.46769357,0.0,0.0,0.7623843,1.6381128,0.0,0.62475175,1.550023,0.7208648,0.93579084,0.869977,1.0385525,0.0,1.7224541,0.20253673,0.0,0.0,0.0,0.0,0.0,0.75384,0.6703018,0.25506964,1.4595356,0.74355936,0.8767275,0.0,0.5590498,0.7848119,0.0,0.0,2.7835138,1.3266635,0.2693744,0.0,0.26061517,1.2444563,0.0,0.2952616,0.0,0.0,1.2094833,1.2095771,0.0,1.5405309,0.0,0.09723368,0.1780967,1.3579783,0.18194582,1.1345394,0.47589764,0.77036107,0.0,0.08254676,0.0,0.0,0.91375154,0.0,0.0,1.8359413,0.0,0.07484935,1.4211549,0.8805544,1.1721255,0.0,0.5645533,0.20247701,0.0,1
0.8555818,0.47811627,0.0,0.0,0.9853692,0.9305602,0.0,0.5586932,0.0,1.4397274,0.0,0.61209244,1.1157815,0.0,0.90077126,0.0,1.6744401,0.34547272,1.0895613,0.13104565,0.0,0.0,0.47319296,0.023097143,2.3419406,0.015370377,1.4283072,0.41773558,0.0,1.2434212,0.19397269,0.7656308,0.24207036,0.45378798,0.0,1.5805734,0.0,0.84521085,0.0,0.0,1.4039106,0.0,1.35888,0.0,0.37880453,0.551111,0.99980026,0.0,0.0,0.012005496,0.0,0.66590947,0.0,0.0,1.3874615,1.2973224,0.0,0.0,0.0,0.69262683,0.53967625,0.0,0.0,0.99942356,0.0,0.0,1.2971,0.76048785,0.0,0.0,0.757841,0.0,0.11365786,0.83763474,0.607321,0.0,0.79832935,0.0,0.9555725,0.76286215,0.0,0.0,1.6029041,0.68983305,0.47307324,1.1724517,0.0,1.179031,0.04523838,0.5589406,0.8566463,0.0,0.6020357,1.75145,0.0,0.0,0.29557037,0.10044419,0.89634275,2.9544585,0.89731514,0.0,1.7380676,0.8466414,0.0,1.2051003,0.6241651,0.0,0.0,0.0,0.0,0.0,2.7308583,0.49271342,0.0,0.0,0.4365546,1.5897269,0.916572,0.32333145,0.0,0.0,0.7669246,0.0,0.0,1.1855694,0.52589977,0.74791306,0.0,0.0,0.0,0.83381623,0.58168924,1.2847537,0.0,1.9025469,1.4223483,0.9665281,0.0,1.923744,0.65665287,0.16319858,0.0,0.0,0.386731,0.7536708,0.0,0.28752634,0.071614996,0.8289098,0.67501044,1.2481865,0.119424075,0.8024721,1.0080215,1.236347,1.5279726,0.7650989,0.0,0.0,1.1515877,0.3113306,0.44057867,0.51870465,0.6333426,0.86011267,1.286493,1.0646573,0.5085111,0.0,0.0,0.7813688,0.65310794,0.0,1.4036398,2.0752292,0.8233047,1.4672793,0.0,0.054970924,0.43431512,0.6694293,0.0,1.2950333,0.34967276,0.0,1.468335,0.0,0.98369825,0.9036027,1.5527046,0.0,0.98334706,1.3192497,0.45283738,0.830437,0.7318316,0.9090544,0.0,1.480151,0.0016892125,0.0,0.0,0.7589296,0.28626633,0.0,0.69342864,0.7293603,0.5586985,1.7652264,0.49860358,0.51135206,0.0,0.37103033,0.17125359,0.0,0.30294156,2.8169267,1.8429539,0.8181405,0.0,0.27680004,0.6514769,0.0,0.2136855,0.0,0.0,0.9888178,0.5482864,0.0,1.1027796,0.0,0.0,0.1022995,1.792161,0.84160656,0.6167886,0.22833297,1.2737085,0.0,0.0,0.0,0.13833864,1.0045458,0.0,0.0,1.191025,0.0,0.0,1.7186258,0.86943036,0.21545924,0.0,1.3998675,0.41155598,0.0,1
0.57989526,0.7367538,0.0,0.0,0.41718215,0.98794657,0.0,0.79956377,0.0,0.75262976,0.0,0.81480557,1.2588879,0.64865994,1.0641787,0.0,1.5140129,0.20077427,1.637706,0.47761983,0.0,0.0,1.6627252,0.0,2.3766255,0.680382,1.5624509,0.0,0.24477895,2.1808558,0.0,0.21742155,0.0,0.36585855,0.0,1.5191565,0.3815184,0.7534052,0.0,0.0,2.5361283,0.0,0.9885515,0.0,0.49306878,0.78472096,0.2761667,0.0,0.0,0.0,0.0,0.5912451,0.0,0.0,1.4868212,1.734518,0.0,0.0,0.0,1.1050481,0.7705093,0.0,0.0,1.2157089,0.0,0.0,1.3906827,0.86314875,0.087555945,0.0,0.27288857,0.0,0.26246005,0.2504798,0.0,0.0,0.46270892,0.0,0.55449927,0.92979807,0.0,0.0,0.7213582,0.0,0.0,0.9667319,0.47639504,0.62335145,0.10439653,0.6281169,1.3181194,0.0,0.81713355,0.5810511,0.0,0.0,0.3378445,0.23394655,0.32699308,2.130027,0.4010585,0.0,0.444911,2.8360791,0.0,1.6974221,0.28340065,0.0,0.0,0.0,0.0,0.17046945,2.0780675,0.5787064,0.0,0.0,0.9764001,2.301503,0.02037095,0.39438793,0.0,0.0,0.3722789,0.0,0.0,0.6652119,0.0,0.66387314,0.0,0.0,0.0,1.0857967,1.6223737,1.3542868,0.0,1.5984716,1.6023146,0.80889726,0.63272613,0.98916894,0.99017006,0.48809612,0.0,0.0,0.47633752,0.50084007,0.0,0.04217693,0.4844322,0.029048642,1.2157669,0.40300652,0.4169744,0.66412866,1.3310416,1.392688,0.81708306,0.6583934,0.0,0.0,0.77755135,0.67689854,1.1561159,0.6750793,0.30442792,0.46486148,1.8534454,1.2079781,2.1329498,0.0,0.0,0.0,1.1019855,0.2628822,1.8820661,1.2353556,0.24662802,1.5149004,0.061103854,0.0,0.45600882,0.9370366,0.29261866,0.7683968,0.9245333,0.54037684,1.9702244,0.0,0.13002247,0.4986887,1.2754688,0.0,0.5816813,1.8978618,0.64216256,1.3613216,0.44230822,0.76799256,0.0,2.0443783,0.5685284,0.0,0.0,0.46171424,0.0,1.1322325,1.0295788,0.35658407,0.12654956,2.3206484,1.2032089,1.0395205,0.0,0.0,0.14188918,0.0,0.30547106,3.0214422,0.8636846,0.41855204,0.0,0.34140944,1.037256,0.0,0.6363888,0.0,0.0,1.0909829,1.0063345,0.0,0.8767543,0.0,0.0,0.41696787,1.7378242,0.44664398,1.5810941,0.0,2.0356865,0.0,0.0,0.0,0.0,1.2058624,0.0,0.0,1.2462542,0.0,0.0,2.216348,1.1043953,0.98384887,0.0,1.295192,1.2230598,0.0,1
0.23506023,0.58001447,0.0,0.0,0.4746282,0.9709407,0.0,0.0,0.0,0.35098103,0.0,0.71504927,0.9940926,0.47806495,0.6553497,0.0,1.9299941,0.0,1.6815104,0.32045963,0.0,0.0,1.4905508,0.0,1.7773703,0.44378817,0.40857148,0.0,0.36093774,1.9897947,0.0,0.26092133,0.0,0.01626444,0.0,1.4764917,0.9273725,0.6277243,0.0,0.0,2.6811707,0.0,1.6739302,0.002656836,0.50376284,0.6711404,0.74748594,0.0,0.0,0.0,0.0,1.0188578,0.0,0.0,2.4303975,1.588535,0.0,0.0,0.0,1.2714386,0.0,0.0,0.0,1.3228608,0.0,0.0,1.1873746,0.61225605,0.47166112,0.0,0.5830508,0.0,0.42932186,0.46168754,0.0,0.0,0.8293322,0.0,0.42926627,1.7556522,0.0,0.0,0.0,0.0,0.0,0.91650546,0.3470536,0.7282401,0.24795885,0.81249493,1.0402675,0.0,1.1483525,0.68536156,0.040645324,0.0,0.0,0.0,1.0858327,2.6894586,0.033609036,0.0,0.56017095,2.2791173,0.0,1.0661556,0.43513337,0.0,0.0,0.046473797,0.0,0.0,1.4501864,1.1079148,0.0,0.0,0.67663455,2.1092985,0.45862558,0.0982694,0.0,0.0,0.021708407,0.0,0.0,0.8848442,0.7843302,0.0,0.0,0.0,0.0,0.73432744,0.8002659,0.5700141,0.0,1.795316,1.6705846,0.55253,1.0293612,0.64465314,1.4898773,0.43094593,0.0,0.0,0.06548837,0.48468247,0.0,0.33763796,0.5030565,0.6890078,1.7221645,0.70530033,0.7289841,0.38521668,0.9661178,0.64317805,1.0218173,0.85176694,0.0,0.0,0.5473968,0.0,0.0,0.68063444,0.0,0.6303398,2.8240006,1.6112888,1.8897614,0.0,0.0,0.1215964,1.0958064,0.0,1.1766514,1.0250621,0.47661898,1.4433349,0.0,0.0,0.60050774,1.8435218,0.0,0.79976183,0.5085307,0.65395534,1.6363266,0.0,0.13702834,0.7096888,1.3622912,0.0,1.1184736,1.4908702,1.238148,2.1213415,0.031061724,0.9143421,0.0,1.6192782,0.030003672,0.0,0.0,0.13156047,0.0,1.0227731,0.69032323,0.60013485,0.31269488,2.4826338,0.88294786,1.4020004,0.0,0.38967702,0.57497907,0.0,0.68423206,2.7843869,1.441478,0.523245,0.0,0.0,0.36841533,0.0,0.5981087,0.0,0.0,1.8164365,0.48882037,0.0,1.012298,0.0,0.0,0.0,0.86549085,0.0,2.0961983,0.3761377,1.7073792,0.0,0.1646598,0.0,0.0,0.60412365,0.0,0.0,1.2494365,0.0,0.0,2.0997863,0.9342967,0.5475125,0.0,1.2428507,1.117317,0.0,1
0.40660042,0.6015314,0.0,0.0,0.0,1.3698488,0.0,0.277443,0.0,1.0809977,0.0,1.0928613,1.357364,0.46705443,0.43960226,0.0,1.575986,0.23908672,1.5297477,0.0,0.0,0.0,1.496076,0.091974735,2.1238613,0.7845935,1.3113323,0.0,0.0,1.6105921,0.85037625,0.0,0.7689816,0.19429524,0.0,1.7203665,0.11780242,0.8956444,0.0,0.0,1.9791698,0.0,1.5443287,0.0,0.0,0.6815468,0.7993635,0.0,0.0,0.03250419,0.0,0.5833116,0.0,0.0,1.2461764,1.303919,0.0,0.0,0.0,0.8504443,0.7298498,0.0,0.0,0.8266829,0.0,0.33341992,0.8988443,0.7190622,0.0,0.0,0.25030032,0.0,0.05449283,0.38120276,0.67357105,0.0,0.88039035,0.0,0.2331403,0.41080013,0.0,0.0,1.1049317,0.0,0.0,1.4078733,0.0,0.44347778,0.09952221,0.40624332,0.41645348,0.0,0.36267275,1.2182523,0.0,0.0,0.08133117,0.4046381,0.45479465,2.0530145,0.619709,0.0,0.6949689,2.3779771,0.0,1.2075952,0.7021182,0.0,0.0,0.0,0.0,0.0,2.1885414,0.8340435,0.0,0.0,0.3016256,2.1895087,0.38605905,0.22944066,0.0,0.0,0.0,0.0,0.0,1.2998569,0.83275324,0.021606993,0.0,0.0,0.0,0.4769033,1.1589518,0.9623692,0.0,1.8942164,1.6277177,0.51928484,0.47061247,1.0608585,0.7285756,0.31089807,0.0,0.0,0.06254044,0.37006226,0.0,0.11045625,0.18321674,0.5836434,1.5036656,0.82022893,0.57034445,0.49768773,1.04324,1.1374469,1.3942109,0.8240682,0.0,0.0,0.4193164,0.2273801,0.37088585,0.0,0.30202585,0.0,1.9104947,1.0551206,1.3773135,0.0,0.0,0.005549918,0.9741338,0.13034105,1.9528875,1.228501,0.6015644,1.3109375,0.0,0.0,0.5954736,1.3856469,0.0,1.0025364,1.1230114,0.37750965,1.0728526,0.0,0.61036533,0.8363325,1.088733,0.0,1.2818303,1.3405292,1.1598339,1.0386231,0.6839795,0.67036116,0.0,1.5901799,0.24680227,0.0,0.0,0.51642555,0.0,0.6974445,0.93750566,0.73487663,0.3447686,1.921462,0.6779816,1.3162245,0.0,0.5916167,0.6479681,0.0,0.79597944,2.6604874,1.4874235,0.005949139,0.0,0.45981508,0.29212895,0.0,0.144261,0.0,0.0,1.2358621,0.607878,0.0,1.2198613,0.0,0.0,0.24056889,2.1551518,0.66481483,1.329952,0.0,1.391272,0.0,0.0,0.0,0.0,0.72419727,0.0,0.0,0.65982735,0.0,0.0,2.2541683,0.66225463,0.1597339,0.0,1.3261393,0.6727676,0.0,1
0.0,0.7306227,0.0,0.0,1.0380595,0.92324096,0.0,0.1824206,0.0,0.85808504,0.0,0.8561567,1.0253744,0.90167487,1.3195351,0.0,1.7298722,0.04488672,1.4583787,0.43976548,0.0,0.0,1.7877401,0.0,1.7185982,0.2898795,1.5784872,0.0,0.3507068,2.620545,0.0,0.0,0.0,0.1480369,0.0,1.3506349,0.45356065,1.0943229,0.0,0.0,2.2836835,0.0,1.8643925,0.14104684,0.47320876,0.54165804,0.84635454,0.0,0.0,0.0,0.0,0.908385,0.0,0.0,1.8566034,1.5087239,0.0,0.0,0.0,1.269867,0.12659639,0.0,0.0,0.43414342,0.0,0.0,1.039722,1.5164952,0.19935331,0.0,0.57610565,0.0,0.17307457,0.60983807,0.0,0.0,0.3009947,0.0,0.4583242,1.2189965,0.0,0.0,0.44546863,0.0,0.0,1.1685501,1.066601,0.89934206,0.31596035,1.2249696,0.8648899,0.0,0.8381953,1.4907856,0.0,0.34132642,0.0,0.2534336,0.9872869,2.255131,0.45031583,0.0,1.3921199,2.272252,0.0,0.5701682,0.34860358,0.0,0.0,0.0,0.0,0.0,1.8915728,0.96266776,0.0,0.0,0.57011443,2.685096,1.1606473,0.5713318,0.0,0.0,0.3027471,0.0,0.0,0.6467696,0.23236088,1.0431275,0.0,0.0,0.0,1.2886348,1.2320759,1.0980254,0.09188298,1.8618815,1.6350545,0.95818573,0.50213236,1.2056689,1.149418,0.5326947,0.0,0.0,0.5370467,0.87453073,0.0,0.004857858,0.6222459,1.2046202,1.9893411,0.9209262,0.15344627,0.76845473,0.9278468,0.83222765,0.16020295,1.0504013,0.0,0.0,0.571243,0.06934297,0.6507574,0.8492996,0.64282286,0.30827555,2.3570178,1.7839998,1.8333733,0.0,0.0,0.7918833,0.8896555,0.3222163,1.7142378,1.4363148,0.9872503,1.604271,0.0,0.2592326,0.96789277,1.3524944,0.0,0.6919725,0.80280614,0.4029926,0.832786,0.0,0.0,0.4446143,1.4506991,0.0,1.0514271,1.6655903,0.91862,1.6307113,0.0,1.5835606,0.0,2.1548636,0.21007508,0.0,0.0,0.45828167,0.0,1.539961,0.3707386,0.64805686,0.486697,2.3012276,0.87687755,1.7764564,0.0,0.93169004,0.0,0.0,0.0,3.1836705,1.5301665,0.77595234,0.0,0.0,0.55489826,0.0,0.0,0.0,0.0,1.5824453,0.2652918,0.0,1.2937406,0.0,0.0,0.21656257,1.3575459,0.73626757,2.2754743,0.0,2.2543876,0.0,0.0,0.0,0.0,1.2848004,0.0,0.0,1.241155,0.0,0.0,1.6938918,0.94875467,0.25613907,0.0,1.3716357,1.0536215,0.0,1
1.4172516,0.51688087,0.0,0.0,1.2137054,0.3785449,0.0,0.58535933,0.0,0.5078379,0.0,0.0,0.9334705,0.0,1.1860106,0.0,1.9005225,0.0,1.0033191,1.2924114,0.0,0.0,0.0,0.5765972,1.0387847,0.2159461,1.7979965,0.25847617,0.8715348,1.2245482,0.0,1.4028436,0.6844399,0.0,0.0,1.8483773,0.0,0.6254833,0.0,0.0,1.1955955,0.26943365,1.2335699,0.0,0.08746777,1.2162619,0.7770199,0.0,0.0,0.46726644,0.0,0.85339326,0.0,0.0,1.0537442,1.1297116,0.0,0.0,0.0,0.93968034,0.7160003,0.0,0.0,1.0363363,0.0,0.13464014,1.6239991,0.0,0.62302333,0.0,0.09349157,0.0,1.429038,1.5931926,1.3375403,0.0,0.50779563,0.0,1.0816336,0.92313737,0.0,0.0,1.2176197,0.2215823,0.7357108,0.93044,0.1127652,1.3358663,0.46282488,0.44181666,1.8114716,0.0,1.2119638,2.21467,0.21245947,0.0,0.23971309,0.0,1.8193519,1.9043722,0.83970356,0.50016123,1.5839701,0.4719722,0.0,0.633588,0.97667855,0.0,0.002635549,1.2108002,0.0,0.379564,2.2876046,0.2771007,0.0,0.0,0.50194275,1.5806865,0.38941374,0.6734729,0.0,0.0,1.1044149,0.0,0.0,1.067006,0.9326161,0.7867256,0.0,0.0,0.0,1.8437754,0.6940628,1.5299449,0.0,1.2152662,2.0451503,1.1880784,0.0,0.57392025,0.36602476,0.4123878,0.0,0.0,0.4477273,1.3322039,0.0,0.1804576,0.08005892,1.061337,0.2138371,0.63771254,0.31431073,1.4275521,0.20773879,1.201392,1.2822983,0.0,0.0,0.0,1.3700415,0.12627783,1.6013438,0.51434225,0.5020376,0.9432766,1.4524194,0.8696669,0.5782051,0.0,0.0,1.1138992,0.0,0.0,1.1228077,2.0403275,0.34102312,2.4463997,0.0,1.1471647,0.23574659,0.63125974,0.0,0.73878044,0.0,0.0,0.5358413,0.0,1.034339,1.185959,1.4232595,0.0,1.0891461,1.3914188,0.18994322,0.59441775,0.7809845,1.0797338,0.0,2.283899,0.39886937,0.0,0.0,0.25447628,0.71537143,0.3426482,0.11924201,1.3891228,0.5378922,1.5450969,1.0588872,0.1485786,0.0,0.0,0.45616406,0.0,0.9779267,2.4386668,1.9663105,0.6808787,0.0,0.0,0.8205098,0.0,0.0,0.0,0.0,0.16823809,1.5241742,0.0,1.2753931,0.0,0.72609276,0.20403595,0.2490119,1.0628934,0.0,0.0,1.31733,0.0,0.0,0.37272924,0.32788426,0.8361792,0.0,0.0,1.5179844,0.0,0.0,1.3086976,0.9929492,0.71018595,0.0,0.31199878,0.0,0.0,1
1.6826118,0.6984512,0.0,0.0,1.1954963,0.86590725,0.0,0.0,0.0,0.8817334,0.0,0.0,0.9012319,0.0,0.9423114,0.0,2.3466878,0.3111611,1.0739186,1.1174895,0.0,0.0,0.0,0.0,1.4906017,0.0,1.1480346,0.6485544,0.40603822,1.6444875,0.0,1.1330873,1.471359,0.0,0.0,1.8084108,0.0,0.50774467,0.0,0.06649544,2.0093207,0.0,1.1261733,0.0,0.73666704,0.592209,0.769816,0.0,0.0,0.43001652,0.0,0.41535428,0.0,0.0,1.5604389,0.6813469,0.0,0.0,0.0,1.0818945,0.9825405,0.0,0.0,0.78192,0.051446214,0.18211244,0.8527984,0.22653182,0.018103838,0.0,0.3618198,0.0,0.71499586,1.6336659,1.3454349,0.0,0.22955288,0.031783175,0.62794614,1.616734,0.14897671,0.0,0.69342434,0.52422184,1.3669571,1.0338333,0.0,2.158518,0.2734475,0.11116295,2.0595932,0.0,1.3119587,1.2767136,0.52051926,0.0,0.0,0.0,0.83503133,2.3163724,1.4424527,0.3795696,1.338692,0.0,0.0,1.2969935,0.5180533,0.0,0.0,1.3055211,0.0,0.0,2.8628335,0.29338154,0.0,0.0,0.39141223,1.1858999,0.22760133,0.63323593,0.0,0.0,0.7127386,0.0,0.0,1.3044765,0.67674184,1.4727938,0.0,0.0,0.0,0.53929114,0.40732744,0.8219523,0.0,1.3561113,1.7596835,1.3182507,0.0,0.19205499,1.1533806,0.10473297,0.0,0.0,0.0,1.0680254,0.0,0.0,0.7492455,0.7112924,0.068890244,1.9767617,0.07941882,1.1291596,0.7881653,0.7215731,1.065203,0.08966498,0.06979227,0.0,1.7699995,0.3578438,0.98094267,0.0,0.040227808,0.89452326,1.3279864,1.0353702,0.09673064,0.0,0.0,0.7446221,0.061536994,0.0,0.6648243,1.5028006,0.4051567,2.0680652,0.0,0.25359344,0.70215523,1.1752075,0.0,0.6525163,0.0,0.0,1.0657307,0.0,1.5972722,2.0863898,1.3469695,0.0,0.77849036,0.80254483,0.21144491,0.25376952,0.59771955,1.1319648,0.0,2.293984,0.10276504,0.0,0.0,0.83733606,0.60713017,0.83023185,0.20825687,1.0584561,0.6275427,1.7753955,0.4033122,0.27025637,0.0,0.0,0.26985574,0.0,0.50170577,3.0693758,2.3016262,0.7101767,0.0,0.0,0.36343667,0.0,0.16987416,0.0,0.0,0.094427735,0.50365424,0.0,0.78751504,0.0,0.3289129,0.0,0.19666398,0.1545655,0.0,0.0,1.1901479,0.0,0.21485859,0.0,0.60994774,1.2543312,0.0,0.0,0.66252613,0.0,0.0,1.2124908,1.7853736,0.0,0.0,0.0,0.0,0.0,1
1.0782555,0.9297107,0.0,0.0,0.94510067,0.8220162,0.0,1.0725414,0.0,0.4916193,0.0,1.19135,1.285333,0.22566883,1.0319278,0.0,1.4256576,0.36388266,1.1509475,0.0,0.0,0.0,1.0497522,0.3632924,1.8635415,0.0,2.0492592,0.0,1.1248773,1.7408013,0.0,1.4279999,0.0,0.29357785,0.0,1.3395917,0.48335016,0.5015483,0.0,0.0,1.9029121,0.0,1.2356575,0.0,1.3077233,0.19850096,1.1519427,0.0,0.0,0.06418334,0.0,0.40584707,0.0,0.0,0.80571145,1.9233073,0.0,0.0,0.0,1.0382911,0.7314097,0.0,0.0,2.0217998,0.0,0.0,1.7885797,1.3817253,0.5197803,0.0,0.7782406,0.0,0.6791872,0.0,0.0,0.0,1.2809603,0.0,0.71817726,1.1014802,0.0,0.0,0.26431155,0.0,0.3665223,1.1886442,0.5173884,1.4932746,0.3051422,1.1343477,1.2734458,0.0,1.1270561,0.6213886,0.0,0.0,0.0,0.0,1.904185,2.266031,0.7331577,0.0,1.5879538,2.0473106,0.0,1.1498493,0.62750226,0.0,0.0,0.0,0.0,0.28432268,1.9603935,1.0568583,0.0,0.0,0.35210663,2.2937212,1.0227686,0.4285246,0.0,0.0,0.8019893,0.0,0.0,0.84533614,0.10699802,0.21295442,0.0,0.0,0.0,1.381764,1.1627319,1.636833,0.0,1.6784273,1.576659,1.2661365,0.65769696,1.5915565,1.2565378,0.7057628,0.0,0.0,0.98456144,1.2354686,0.0,0.06875815,0.06265752,0.81345284,1.2079232,0.21053891,0.0,0.3949323,1.1041728,1.7445003,1.2271274,0.73502874,0.0,0.0,1.207897,0.0,0.7117036,1.1761621,0.7372938,0.0,1.7151384,0.93818873,1.7924453,0.0,0.0,0.730258,1.1863095,0.81262255,1.6073453,1.6394436,0.47553134,1.9270391,0.0,0.14982197,0.042613827,0.97742707,0.0,1.2354933,0.60261077,0.53404564,1.0187978,0.0,0.5849875,0.67850643,2.4145732,0.0,1.2579349,2.3075874,1.0641875,0.9758517,0.4327399,0.48221067,0.0,1.5645369,0.37218714,0.0,0.0,0.5303015,0.47515324,0.93538594,0.7476485,0.84290206,0.0,2.0527217,0.56693584,1.0887307,0.0,0.0,0.2737499,0.0,0.0,3.1534412,1.8096286,0.94319886,0.0,0.0,0.9655351,0.0,0.07918141,0.0,0.0,1.0267799,0.29318568,0.0,1.4789587,0.0,0.31271172,0.010167614,1.8183384,1.2138304,0.62373585,0.0,1.971361,0.0,0.16448486,0.0,0.20816824,1.5398128,0.0,0.0,1.2964885,0.0,0.0,1.7882118,0.4616182,0.64961505,0.0,1.4580302,0.44917625,0.0,1
1.300468,1.6147066,0.0,0.0,0.80478495,0.8733683,0.0,0.92806774,0.0,0.47242197,0.15782827,0.649213,1.0572065,0.0,1.0842412,0.0,1.9557424,0.0,1.2048823,0.37372118,0.0,0.0,0.85895646,0.0,1.3484255,0.42455935,1.2553415,0.0,0.61852974,1.8703685,0.2341938,0.91649705,0.0,0.16432805,0.0,1.794907,0.0,0.90038705,0.0,0.0,1.5668718,0.0,1.6942748,0.0,0.37327668,0.66655314,0.0,0.0,0.0,0.0,0.0,0.870439,0.0,0.0,1.0483987,1.6825496,0.0,0.0,0.0,0.6944674,0.96409607,0.0,0.0,1.0343814,0.0,0.11141746,1.3111215,0.78966635,0.0,0.0,0.4240941,0.0,0.15570775,1.0391898,1.0048131,0.0,0.15182203,0.0,0.31530094,0.8611772,0.0,0.0,1.1311902,0.47574642,0.08919108,0.87581325,0.33088475,1.0618501,0.1754365,0.705624,0.74432397,0.0,0.5899452,1.5900987,0.0,0.0,0.22949582,0.0,0.6279138,2.295989,1.0975811,0.0,1.0049356,1.6471362,0.0,1.6898065,0.73137087,0.13489756,0.25885725,0.7665899,0.0,0.0,1.9126639,0.16877261,0.0,0.0,0.28520948,1.7460413,0.08187223,0.5294225,0.0,0.0,0.17779239,0.0,0.0,0.7963316,0.16278581,0.39681888,0.0,0.0,0.0,0.41493332,1.094131,1.290555,0.0,1.4994619,1.6640424,1.449122,0.0,1.4801345,1.3066193,1.0338688,0.0,0.0,0.39094517,0.53457004,0.0,0.6180717,0.0,0.6893093,1.0232589,0.86360466,0.1398749,0.73909706,0.7408747,0.7071201,1.1820027,0.24668334,0.0,0.0,1.4845852,0.0,0.28601313,0.2589262,0.37608403,0.6235128,1.6041803,1.382691,0.8349158,0.0,0.0,0.47877118,1.1302737,0.19261277,1.6001221,1.5486672,0.770047,1.5400742,0.0,0.18964759,0.20872876,0.43877128,0.0,1.1426773,0.19340344,0.0,1.4378171,0.0,0.51564723,0.9566159,1.1585842,0.0,0.52433705,1.38537,0.7389192,0.7119434,1.4387815,1.0031918,0.0,1.0662912,0.5334779,0.0,0.0,0.63223004,0.0,0.07628374,0.69717,0.38525265,0.2961587,1.8095064,0.5734531,1.0896878,0.0,0.0,0.0,0.0,0.0,1.7683681,1.5040671,0.3359215,0.0,0.009515012,0.32020137,0.0,0.017551843,0.0,0.0,1.1174198,1.0631734,0.0,1.2109532,0.0,0.5271918,0.20180646,1.5624793,0.93074083,0.72190404,0.0,1.8970538,0.0,0.0,0.0,0.0,0.66077894,0.0,0.0,1.2487637,0.0,0.0,2.1507475,1.0954028,0.40491468,0.0,0.5557492,0.98630714,0.0,1
1.4226474,0.44619521,0.0,0.0,1.4471712,0.25831386,0.0,0.33498845,0.0,0.8523082,0.0,0.2861561,0.94536144,0.0,1.0084553,0.0,2.2404795,0.7193145,0.86821145,0.82518595,0.0,0.0,0.19185911,0.0,1.1014756,0.0,1.0610828,0.32793427,0.73905176,1.2689494,0.0,1.6273736,0.3513785,0.0,0.0,1.7819715,0.0,0.6192665,0.0,0.0,1.5894771,0.0,1.0764279,0.0,0.3208438,0.3447158,1.1195372,0.0,0.0,0.20915104,0.0,0.5235981,0.0,0.0,1.4693118,0.8629029,0.0,0.0,0.0,0.7500513,0.5333768,0.0,0.0,0.77204555,0.0,0.099875614,1.4516158,0.76645684,0.0699141,0.0,0.92422295,0.0,0.5697666,1.9598682,0.35211802,0.0,0.117500715,0.0,1.2781621,1.8381759,0.11516268,0.0,0.6718173,0.49873734,0.90105706,1.2580981,0.03167643,1.0076138,0.40097815,0.16256073,1.2880201,0.0,1.6072663,1.3677739,0.0,0.0,0.0,0.19493721,0.98834723,2.030477,0.99557173,0.11029733,1.0640696,0.18903004,0.0,1.16347,0.6388479,0.0,0.0,1.1405215,0.0,0.0,2.2497249,0.35900193,0.0,0.0,0.32034472,1.6031044,0.47503495,0.42982796,0.0,0.0,0.8572671,0.0,0.0,0.760207,0.6441279,1.0682697,0.0,0.0,0.0,1.6973125,0.0,1.7202309,0.0,0.67615837,1.837043,0.93200874,0.0,0.8713564,1.1430981,0.0,0.0,0.0,0.20421648,0.8635607,0.0,0.6970157,0.082267776,1.2443717,0.6360033,0.9897751,0.19937786,0.87426925,0.85889214,0.9353232,1.0750389,0.09194957,0.0,0.0,1.5632248,0.29100132,0.569444,0.0,0.28091198,0.76629394,1.5645334,1.3420812,0.24280211,0.0,0.0,1.1231918,0.26932558,0.0,0.6804833,2.266598,0.62863845,2.0186048,0.0,0.37841308,0.37575862,0.49349993,0.0,0.7978621,0.0,0.0,0.68194884,0.0,0.33987278,1.035769,1.5503871,0.0,0.58443886,1.3544073,0.57081616,0.64354736,1.4006721,0.66941756,0.0,2.2846646,0.11308561,0.0,0.0,0.0,0.71591014,0.51685697,0.32049105,1.0314509,0.8491463,1.4167649,0.9529543,0.5952529,0.0,0.0,0.5591377,0.0,0.0,2.7601058,1.9591739,0.6283109,0.0,0.0,0.287802,0.0,0.31097597,0.0,0.0,0.25299254,1.0832512,0.0,1.1474004,0.0,0.26381943,0.40284908,0.8703367,0.35216072,0.0,0.0,1.0474585,0.0,0.08834069,0.0,0.37274542,0.95452005,0.0,0.0,1.780822,0.0,0.0,0.7509609,1.0902075,0.27118245,0.0,0.0,0.3898149,0.0,1
1.5772831,0.950574,0.0,0.0,1.6762275,0.8277677,0.0,0.66450804,0.0,0.9557607,0.0,0.06755033,0.7492527,0.0,0.6032196,0.0,2.291364,0.8637237,0.9611218,0.5411028,0.0,0.0,0.2743558,0.32781753,1.2096843,0.040674984,0.79818666,0.32185537,0.7957064,0.83845,0.29982424,1.3308733,0.6155342,0.0,0.0,1.6115985,0.0,0.47984588,0.0,0.0,1.190436,0.0,1.1064377,0.0,1.0029829,0.29075745,0.9719791,0.0,0.0,0.6661861,0.0,0.7698892,0.0,0.0,1.4845276,1.2108874,0.0,0.0,0.0,0.1797642,0.7119705,0.0,0.0,1.2673354,0.0,0.0,1.4974523,0.3154448,0.27652472,0.0,0.1976455,0.0,0.82726437,1.6592337,0.549101,0.0,0.0,0.0,1.1844013,1.3265423,0.22766224,0.0,0.9743711,0.13964993,1.3682203,1.3361951,0.31714344,1.2587508,0.0024978558,0.40885356,1.0689662,0.0,1.3332797,0.94587123,0.0,0.0,0.15546493,0.3464037,0.9763973,1.809389,0.4574267,0.03750884,1.0968924,0.0,0.0,1.4107305,0.38922557,0.0,0.0,0.71119785,0.0,0.0,2.2271128,0.0,0.0,0.0,0.5193404,1.8173102,0.1809117,0.41009197,0.0,0.0,0.7716265,0.0,0.0,0.68764323,0.18911712,0.8115102,0.0,0.0,0.0,1.4718308,0.0,1.8252016,0.0,1.0127314,1.5885831,1.2321267,0.0,1.0430788,0.71045893,0.11297976,0.0,0.0,0.082295984,0.9333226,0.0,0.11815912,0.20847315,0.7758234,0.5722579,0.5253078,0.0,0.67640597,0.75113297,0.7348364,1.012132,0.0,0.0,0.0,1.2865267,0.54861116,0.39824212,0.0,0.5227566,0.7827152,1.5887082,1.1919705,0.25364378,0.0,0.0,0.6646383,0.5108993,0.0,0.46770558,1.8131965,0.6617483,2.230973,0.0,0.16228117,0.8054569,0.30951458,0.0,0.41843405,0.0,0.0,0.63072985,0.0,0.37673557,1.288875,1.6167293,0.0,0.3782859,0.95052636,0.9412924,0.14301148,1.2168424,0.77202237,0.0,1.9999669,0.4032469,0.0,0.0,0.0,0.5384625,0.4893221,0.52390325,0.4708117,0.4475319,1.1981535,1.0325875,0.5051862,0.0,0.0,0.51304716,0.0,0.0,2.974878,1.8955847,0.5662604,0.0,0.0,0.30220404,0.0,0.27055106,0.0,0.0,0.0,0.81643486,0.0,0.88841116,0.0,0.6694357,0.0,0.89011776,0.6021514,0.0,0.0,1.3402371,0.0,0.35528663,0.0,0.08173141,0.83164215,0.0,0.0,1.4613428,0.0,0.0,0.46490982,1.2023352,0.4023246,0.0,0.0,0.0,0.0,1
0.10308289,1.2265257,0.0,0.0,0.745696,0.7065827,0.0,0.41133732,0.0,1.0661447,0.18257603,0.30802384,0.7435796,0.0,0.8657762,0.0,1.9616035,0.4597222,1.4777076,0.0,0.0,0.0,1.5262662,0.0,1.4919611,0.9928899,0.15668435,0.0,0.05188508,1.3313195,0.83703136,0.5472294,0.039125077,0.0,0.0,1.3182478,0.40750223,0.9957616,0.0,0.0,1.8030002,0.0,1.1179469,0.0,0.7345222,0.37557694,1.0467474,0.0,0.0,0.0,0.0,0.8566386,0.0,0.0,1.7840718,1.1707956,0.0,0.0,0.0,0.5706796,0.5758845,0.0,0.0,0.815711,0.31015173,0.25344482,1.5389049,0.582441,0.46639782,0.0,0.5826417,0.0,0.4256149,0.0,0.20447914,0.0,1.386399,0.0,0.0,1.042253,0.0,0.0,0.0,0.0,0.0,0.95499104,0.75622594,0.59054893,0.5597867,1.0139903,0.0,0.0,1.0642227,0.3326873,0.0,0.0,0.19678937,0.061607145,1.1761084,2.346698,0.96691453,0.0,1.1132928,2.9371455,0.0,0.91680014,0.6999708,0.0,0.0,0.0,0.0,0.0,1.0488604,1.2270043,0.0,0.0,0.71665955,2.005292,0.4389272,0.0,0.0,0.0,0.0,0.0,0.0,0.93751985,1.0434781,0.0,0.0,0.0,0.0,1.0116419,1.0022305,1.2658886,0.0,1.701739,1.3975159,0.50359863,0.9598623,1.0882432,0.9048973,0.06696697,0.0,0.0,0.17830554,0.7714259,0.0,0.7486093,0.9171596,0.7295234,2.253726,0.24457814,0.49525282,0.0,1.4096568,1.2409602,0.50016516,0.0,0.0,0.0,0.9432196,0.0,0.0,0.5358494,0.6146782,0.0521751,2.3679059,2.193305,1.9974731,0.0,0.0,0.42704538,1.5215733,0.20171955,1.1765227,1.8408754,1.5001341,1.0871279,0.0,0.022957833,0.88272136,0.6992005,0.0,0.45417517,1.1812428,0.8235655,1.0520872,0.0,0.5600119,0.09701717,1.9231117,0.0,1.2185445,1.7037065,1.3927096,1.6992273,0.3940448,0.44147542,0.0,1.1221188,0.22646332,0.0,0.0,0.0,0.0,1.3392347,1.1479431,0.8301462,0.1568455,2.09874,1.0895107,0.73938227,0.0,0.17515664,0.49720567,0.0,0.34482488,2.7989295,0.7527013,0.0,0.0,0.06454121,0.65980566,0.0,0.07056081,0.0,0.0,1.4907126,0.3267629,0.0,1.453963,0.0,0.0,0.42859137,1.412077,0.0,1.7548202,0.0,1.3601819,0.0,0.0,0.0,0.0,1.0830154,0.0,0.0,1.5984607,0.0,0.0,1.2443208,0.72365224,1.0015512,0.0,0.59651816,1.360264,0.0,1
0.0,1.9142292,0.0,0.0,1.623979,0.032706734,0.0,0.57760096,0.0,1.2157466,0.0,0.0,0.65360236,0.0,0.65244883,0.0,1.5840657,0.15528403,1.2082454,0.0,0.0,0.0,0.49021164,1.178331,1.3361756,0.2307696,1.96457,0.0,1.5611161,0.89268976,0.0,0.49195674,0.0,0.23556492,0.0,1.2115605,0.3219859,0.48194423,0.0,0.0,1.3351048,0.0,1.0767728,0.0,0.9124794,0.7390562,1.2556194,0.0,0.0,0.0,0.0,0.82076436,0.0,0.0,1.0575719,1.319078,0.0,0.0,0.0,0.234223,0.87411994,0.0,0.0,1.5053198,0.0,0.0,1.7666864,1.4529277,0.75920814,0.0,0.48109618,0.0,0.21169847,0.11864179,0.0,0.0,0.742647,0.0,0.31762567,0.62407076,0.0,0.0,0.0,0.0,0.06557959,1.3305814,1.3622904,0.70377934,0.60570633,0.13455379,0.09573539,0.41641125,1.1535279,1.4654053,0.0,0.0,0.9288168,0.7012201,1.678649,1.453939,0.8054775,0.0,1.7029997,1.6226169,0.0,0.6652817,0.5890351,0.0,0.0,0.0,0.0,0.38017857,1.5986533,1.7013707,0.0,0.0,0.28041112,1.8606046,1.4871505,1.0973891,0.0,0.0,1.2049545,0.0,0.0,0.23847292,0.730215,0.0,0.0,0.0,0.0,2.0792298,0.99196374,1.6080021,0.0,1.3835163,0.094091654,0.8852699,0.30826917,2.346893,1.2465872,0.8471287,0.0,0.0,0.44547507,1.3506304,0.15464725,0.20202813,0.5048714,1.7339724,2.0072138,0.0,0.009023963,0.7987187,0.794961,1.930015,0.9950133,0.007015604,0.0,0.0,1.2789452,0.0,0.6021676,1.4570023,1.4030643,0.0,1.7437304,1.9140302,1.3875614,0.0,0.0,1.7875464,1.8061386,0.89997566,0.75254625,2.4677324,0.12389774,2.2779872,0.0,1.4507431,0.37191138,1.2672398,0.0,0.18073422,0.3669619,0.8201279,0.5328908,0.0,0.0,0.28947747,1.4029526,0.0,1.2433256,2.4316483,1.0242944,0.97893655,0.43511835,0.16594793,0.0,1.6609414,0.74337554,0.0,0.0,0.0,0.0,1.0151073,1.369343,1.4503506,0.0,0.7051818,0.531917,0.7599037,0.0,0.06298443,0.3544914,0.0,0.0,1.977706,0.92749053,1.0409967,0.0,0.061268505,1.6319872,0.0,0.35451886,0.0,0.0,0.9227698,0.41363296,0.0,1.3095092,0.0,0.90004086,0.7362008,1.8167917,1.1713716,0.46135792,0.08215296,1.6742469,0.0,0.0,0.0,0.0,1.4237728,0.0,0.0,0.6483783,0.0,0.0,1.1912334,0.15673463,1.2865899,0.0,0.8279215,0.8922035,0.0,1
0.15194531,0.9599645,0.0,0.0,0.9884234,0.5024366,0.0,0.6789841,0.0,1.5468894,0.029539237,0.11888233,1.0354377,0.0,1.2069917,0.0,1.8352027,0.0,1.5689303,0.0,0.0,0.0,0.52251464,1.0871632,2.1166897,0.00751114,0.86257815,0.0,0.6790051,1.0100526,0.25009748,1.1480248,0.0,0.35970592,0.0,1.1163414,0.0,0.34921092,0.0,0.0,1.4035951,0.0,0.91290355,0.10829644,0.7622007,0.52250797,1.3465204,0.0,0.0,0.5964018,0.0,1.2193626,0.0,0.0,0.9233635,1.7131659,0.0,0.0,0.0,0.75758964,0.85233444,0.0,0.0,1.8166744,0.0,0.0,1.8821666,1.0391024,0.4764402,0.0,0.56048226,0.0,0.9006185,0.15235895,0.0,0.0,1.6442816,0.0,0.1278965,0.5729305,0.0,0.0,0.21009505,0.0,0.0,1.1621466,0.829478,0.7241264,0.4529848,0.7425783,0.70861834,0.0,0.7814019,0.995138,0.0,0.0,0.9972975,0.51373416,1.9770155,2.469951,1.0055867,0.0,1.2079979,2.2683856,0.0,0.8214906,0.9709286,0.0,0.0,0.23649284,0.0,0.15407304,1.3047068,1.2568349,0.0,0.0,0.5835739,1.658267,1.1644086,0.99234116,0.0,0.0,0.39012834,0.0,0.0,1.0196077,0.123846225,0.0,0.0,0.0,0.0,1.5805207,1.0679932,1.5442345,0.0,1.2174644,0.92600375,1.1950266,0.5849076,1.4101559,1.379863,1.0066633,0.0,0.0,0.8013873,0.8515019,0.0,0.2608888,0.35609925,1.3572831,1.9536905,0.0,0.30791292,0.32887682,0.69125235,2.217461,1.1416062,0.49808925,0.0,0.0,1.4921632,0.0,0.0,1.046797,0.72147214,0.17228407,1.7970766,1.73633,1.2163494,0.0,0.0,0.95108163,1.030443,0.5900072,1.1374356,1.8336604,0.39784262,2.3464844,0.0,1.0509428,0.40657535,1.1135055,0.0,0.2794441,1.0630985,0.4080921,1.0213262,0.0,0.33624047,1.0159551,2.559001,0.0,0.70484805,2.9649894,0.92165613,1.2666816,0.37051314,0.4215085,0.0,1.4587562,0.46825925,0.0,0.0,0.12834099,0.0,0.9287099,0.8471597,0.9713463,0.068239994,1.7102504,0.64932114,0.7135454,0.0,0.0,0.73041224,0.0,0.88190186,2.6810617,0.84537274,0.56324583,0.0,0.0,1.188146,0.0,0.4265616,0.0,0.0,0.7528235,0.6371034,0.0,1.1671029,0.0,0.0,0.21991701,1.551336,0.61574596,0.77540684,0.4540553,1.295483,0.0,0.0,0.0,0.0,1.2224437,0.0,0.0,1.1471332,0.0,0.0,1.1487674,0.5090994,0.7435865,0.0,0.7477259,0.53032047,0.0,1
0.0,0.3829209,0.0,0.0,0.8779553,0.7053503,0.0,1.1130518,0.0,1.2451684,0.0,0.76314986,1.2157218,0.17930342,1.1792113,0.0,1.6132989,0.21370204,1.3318889,0.036455426,0.0,0.0,1.423808,0.31204844,2.1786635,0.20013925,1.4859027,0.0,1.0016721,1.5976131,0.0,0.7323622,0.0,0.14854072,0.0,1.507824,0.72732145,0.7371453,0.0,0.0,1.9402177,0.0,1.0463572,0.0,0.52591276,0.42661142,1.4491448,0.0,0.0,0.0,0.0,1.2444731,0.0,0.0,1.4439656,1.4478899,0.0,0.0,0.0,1.0538383,0.5415612,0.0,0.0,0.9682935,0.0,0.0,1.4370162,0.91775924,0.49960202,0.0,0.64603674,0.0,0.87550145,0.0,0.0,0.0,1.0550822,0.0,0.6754066,0.89875466,0.0,0.0,0.0,0.0,0.0,1.2821357,1.019886,0.9002722,0.21140087,0.42964384,0.8922757,0.0,0.7605104,1.2843196,0.0,0.4203667,0.61988163,0.3354118,1.0393502,2.1361926,0.7804272,0.0,0.99185365,2.926788,0.0,0.39744374,0.53977513,0.0,0.0,0.0,0.0,0.10028516,1.6431727,1.4288856,0.0,0.0,0.55113864,2.3474507,0.9368427,0.67263865,0.0,0.0,0.39179376,0.0,0.0,0.6411051,0.45577568,0.15262212,0.0,0.0,0.0,1.4674069,1.7074478,1.6748747,0.0,1.526666,1.1232406,0.6311675,1.0981021,0.772115,1.1481903,0.42990947,0.0,0.0,0.5021771,0.7604861,0.0,0.49847257,0.4404721,1.4055686,1.9673902,0.68018156,0.4710702,0.7350888,1.1635947,1.1297475,1.1369896,0.74371266,0.0,0.0,0.41226673,0.0,0.13632277,0.8250817,1.262524,0.0,1.7659904,1.440997,1.3095692,0.0,0.0,1.0618709,1.0258387,0.31045946,2.0827963,1.5173182,0.7882808,1.8480816,0.0,0.49236473,0.76174057,1.26027,0.0,0.833702,0.7723194,0.5053821,1.3494093,0.0,0.17921016,0.20160323,2.096196,0.0,1.1474957,2.3497705,1.1310894,1.9941634,0.23821746,0.5952941,0.0,2.2057843,0.63749707,0.0,0.0,0.59835285,0.0,1.2354422,0.4741052,1.2462409,0.50957197,2.2275212,0.45027146,1.1536102,0.0,0.36535022,0.4063155,0.0,0.16845134,3.2077835,0.76129913,0.38206822,0.0,0.0,1.1697928,0.0,0.7224203,0.0,0.0,1.6304411,0.27446076,0.0,1.2274936,0.0,0.0,0.62516797,1.7261741,0.89298356,1.7688934,0.3731613,1.1802741,0.0,0.0,0.0,0.0,1.1078141,0.0,0.0,1.061059,0.0,0.0,1.1862488,0.45509264,0.59526217,0.0,1.0805337,0.7789307,0.0,1
0.140951,1.2172593,0.0,0.0,0.66184807,0.00059013464,0.0,0.6278037,0.0,1.6655957,0.0,1.2353151,1.1576422,0.0,0.6816871,0.0,2.0504026,0.50895566,0.82233435,0.2505809,0.0,0.0,1.4473656,1.0381253,2.0062697,0.42071864,1.0784035,0.0,0.5635382,0.76320827,0.0,1.0930192,0.0,0.0,0.0,1.3762999,0.06459164,0.80581284,0.0,0.0,1.6147289,0.0,1.3837057,0.1642312,0.77012837,0.77853763,0.92657894,0.0,0.0,0.0,0.0,0.6627061,0.0,0.0,1.0582403,0.99185425,0.0,0.0,0.0,0.87757945,0.7563552,0.0,0.0,1.4226425,0.0,0.18987562,1.7394629,0.6740889,0.37497726,0.0,0.9838241,0.0,0.4128604,0.1000076,0.0,0.0,0.9239805,0.0,0.920967,0.8942041,0.0,0.0,0.0,0.0,0.2539774,0.75654316,0.9510676,0.12255253,0.7570826,0.19782445,0.7283801,0.08308207,1.0184724,0.6731014,0.0,0.0,0.5907984,0.7956632,1.148644,1.473533,0.70836246,0.0,1.1424952,1.763536,0.0,0.80112505,0.0,0.0,0.0,0.0,0.0,0.15847315,1.007831,0.58356917,0.0,0.0,0.040762834,1.9359231,0.89852595,0.41462994,0.0,0.0,0.6886275,0.0,0.0,0.3829836,0.46382463,0.07710649,0.0,0.0,0.0,1.549219,0.9032209,1.4141666,0.0,0.7829674,1.0445458,0.3677572,1.0024893,1.512558,0.66056234,0.4755471,0.0,0.0,0.15140405,0.600059,0.0,0.47132963,0.2275813,0.78782946,1.478798,0.0,0.37119555,0.3974524,0.62472165,1.2779756,1.0646808,0.1655757,0.0,0.0,0.88911736,0.0,0.46997502,0.62050986,1.5029787,0.0,1.5498054,1.1931841,0.8602568,0.0,0.0,0.5229197,1.0126741,0.618781,1.4460895,1.957175,1.2095076,1.9710009,0.0,0.6914869,0.61038864,0.7847543,0.25140414,0.38582626,0.5084829,0.7386637,0.6098393,0.0,0.0,0.19549406,0.9400566,0.0,0.80267406,1.4709501,0.93840957,0.9919475,0.84936357,0.22028,0.0,1.559171,0.6941671,0.0,0.0,0.0,0.0,0.4260664,0.37545863,0.911171,0.0,1.428122,1.0377465,0.5710619,0.0,0.7996095,0.4794461,0.0,0.027749246,2.596067,0.94841963,0.7091612,0.0,0.106747024,0.68235993,0.0,0.4577666,0.0,0.0,0.8332019,1.1206912,0.0,1.2281322,0.0,0.010218693,0.0459352,1.6591759,0.7478616,1.1034162,0.0,0.82125604,0.0,0.0,0.0,0.0,1.332287,0.0,0.0,1.6108358,0.0,0.0,1.0166911,0.50915045,0.84132653,0.0,0.7664191,1.004373,0.0,1
0.39429358,0.67877275,0.0,0.0,0.518095,1.5006917,0.0,0.66843545,0.0,1.1362615,0.0,0.4800183,1.1792047,0.33688203,0.9758885,0.0,1.9679178,0.0,1.0726801,0.88207304,0.0,0.0,2.0482097,0.0,1.9542693,0.7868668,0.730143,0.0,0.10576352,2.2361493,0.0,0.17415573,0.0,0.42894036,0.0,1.8861336,0.60311,1.0007839,0.0,0.0,2.0522873,0.0,0.9954864,0.0,0.29336068,0.2749988,0.9196262,0.0,0.0,0.0,0.0,0.7986648,0.0,0.44969517,2.1819854,1.6420681,0.0,0.0,0.0,1.0236027,0.2254769,0.0,0.0,0.865878,0.0,0.22054063,1.2414424,0.6046459,0.092455,0.0,0.10821898,0.0,0.0,0.17966977,0.1546285,0.0,0.7112913,0.0,0.9073128,1.052625,0.0,0.0,0.61347383,0.0,0.0,1.3491833,0.7528264,0.32148775,0.17312807,0.8739655,1.0569029,0.0,0.9673636,0.45301673,0.0,0.0,0.06976141,0.21251963,0.2612719,2.1836638,0.3549084,0.0,0.4497814,2.613562,0.0,0.9550826,0.5938265,0.0,0.0,0.0,0.0,0.0,1.5998008,0.5457106,0.0,0.0,1.3244772,2.5035384,0.58242434,0.22406305,0.0,0.0,0.31051853,0.0,0.0,0.63382995,0.6189995,0.22631772,0.0,0.0,0.0,1.0531708,1.2697228,1.1359407,0.0,1.5835139,2.308998,0.6046864,0.5270749,1.1432747,0.8588828,0.5838265,0.0,0.0,0.20819393,0.613002,0.0,0.7421474,0.31032848,0.6938066,1.6012014,0.77562225,0.50743186,0.4173429,1.0737244,0.8590458,0.35259435,0.509302,0.0,0.0,0.67886764,0.35422808,0.015346166,0.42698005,0.35488358,0.69343555,2.1227791,1.4727554,1.8550755,0.0,0.0,0.533746,1.407264,0.0,1.3880816,1.3687992,0.62387234,1.065256,0.0,0.62413025,0.6899073,1.1021225,0.0,0.76919305,0.7225656,0.39900813,1.2333454,0.0,0.0,0.27322334,1.4709256,0.0,0.8208142,1.3361211,0.90220696,1.7239479,0.20046003,1.0377418,0.0,1.2381169,0.06356051,0.0,0.0,0.54083735,0.0,0.9810993,0.5986723,0.0,0.13048838,2.1443846,1.2282254,1.7706403,0.0,0.023558592,0.0,0.0,0.0,3.0752723,0.9203748,0.8185422,0.0,0.40841,0.67482173,0.0,0.4984716,0.0,0.0,1.5722789,0.6225746,0.0,1.3150038,0.0,0.0,0.0,1.7077913,0.28813007,1.475552,0.0,1.9996879,0.0,0.0,0.0,0.06403359,0.6392634,0.0,0.0,1.3027123,0.0,0.0,1.6500194,0.906714,1.1104056,0.0,0.9313796,1.2989539,0.0,1
1.4454249,0.12805557,0.0,0.0,0.8178767,0.584137,0.0,0.2461987,0.0,0.6209305,0.0,0.20887151,0.9905916,0.0,1.0080215,0.0,2.1269746,0.4222645,0.8900348,1.1909329,0.0,0.0,0.0,0.33467218,2.1893759,0.13108224,1.0926164,0.2230077,0.7915108,1.6701084,0.06862083,0.94373256,1.0068413,0.0,0.0,1.8656753,0.0,0.8021819,0.0,0.0,1.2739431,0.08696756,1.257169,0.0,0.7928684,0.80434537,1.1274598,0.0,0.0,0.16056244,0.0,0.91575795,0.0,0.0,0.86411965,1.1718414,0.0,0.0,0.0,0.99617445,0.40696287,0.0,0.0,1.003465,0.0,0.0,1.2187479,0.27242458,0.0,0.0,0.66772336,0.0,1.0915457,1.4299134,1.245272,0.0,0.4712954,0.09962619,0.7182776,1.2282745,0.24032708,0.0,0.97200954,0.4208235,1.0435706,1.0701724,0.0,1.6483495,0.64059776,0.19537756,1.475947,0.0,1.3319179,1.6062506,0.29773924,0.0,0.16307832,0.14843898,1.6123838,2.576197,0.21613944,0.7190303,1.259469,0.77682984,0.0,0.79490006,0.6724667,0.0,0.0,0.78492856,0.0,0.1156215,2.7628694,0.43761787,0.0,0.0,0.38853642,1.046926,0.13346443,0.8254959,0.0,0.0,1.0027612,0.0,0.0,0.97187394,0.7670425,0.87587076,0.0,0.0,0.0,1.3643519,0.6126283,1.1543348,0.0,1.0407014,1.8339187,1.2624665,0.0,0.51676977,1.0520967,0.020419758,0.0,0.0,0.2865188,1.1121572,0.0,0.23445828,0.09190385,0.6636613,0.25015858,1.4052596,0.0,1.4194766,0.5914575,1.0020955,1.3545331,0.29941055,0.0,0.0,1.1980685,0.32583964,1.1968396,0.017767755,0.14005533,0.7082739,1.4615113,0.48710287,0.07620572,0.0,0.0,0.6661322,0.5406573,0.0,0.90440005,1.9146011,0.48275173,1.9249585,0.0,0.43954977,0.7289506,0.6764142,0.0,0.7032925,0.0,0.0,0.5320645,0.0,1.1449219,1.3121573,1.1189883,0.0,0.8216527,1.1593589,0.31489915,0.35561538,0.6127126,0.9293212,0.0,2.2730882,0.40281686,0.0,0.0,0.5339582,0.5201287,0.654488,0.43430558,0.9823277,0.60346687,1.804094,0.7000175,0.3136332,0.0,0.18815784,0.53295845,0.0,1.0925844,2.5441275,2.0196505,0.73562264,0.0,0.0,0.8719864,0.0,0.48258188,0.0,0.0,0.26203468,0.51888424,0.0,1.3496525,0.0,0.35389423,0.0,0.45983082,0.7589924,0.0,0.13947394,0.8900471,0.0,0.53171796,0.0,0.13279778,1.2361442,0.0,0.0,1.3740966,0.0,0.0,1.1642574,0.9965963,0.13678296,0.0,0.725713,0.092922,0.0,1
1.1884044,0.65207434,0.0,0.0,0.9600453,0.9154658,0.0,0.17533599,0.0,1.1083567,0.0,0.21214846,1.0157938,0.0,0.73723906,0.0,2.168987,0.52757037,0.95802134,1.5038854,0.0,0.0,0.070538215,0.14116897,1.7446402,0.0,1.4434949,0.6032605,0.0,1.6112767,0.0,0.8064666,1.397124,0.0,0.0,2.0149853,0.0,1.0247543,0.0,0.0,1.6764295,0.40669027,1.3208379,0.0,0.9886958,1.0612698,0.8313322,0.0,0.0,0.0,0.0,0.4173197,0.0,0.0,1.0383117,0.80527544,0.0,0.0,0.0,0.66473794,0.47800413,0.0,0.0,1.176008,0.0,0.08378528,1.1003885,0.5282458,0.06357074,0.0,0.5662151,0.0,0.85916793,1.9409024,1.6263402,0.0,0.2751739,0.0,0.6365561,1.2476112,0.0016247584,0.0,1.3666378,0.6582227,1.1870248,1.2293112,0.0,1.6983337,0.24206823,0.43272114,1.3735746,0.0,1.3404937,1.5490308,0.07097616,0.0,0.0,0.42382866,1.2130847,2.8653953,0.4547572,0.6935268,1.539385,0.8499314,0.0,0.98287475,0.61548454,0.0,0.0,1.1524717,0.0,0.3466046,3.3474448,0.7443254,0.0,0.0,0.0,1.6236573,0.23928365,0.91505635,0.0,0.0,1.3381083,0.0,0.0,0.9184238,0.7051665,1.3178464,0.0,0.0,0.0,0.8212817,0.7911856,1.0364856,0.0,1.3043721,2.1961684,1.4250544,0.0,0.79426223,0.9725469,0.071914546,0.0,0.0,0.0524328,0.9015991,0.0,0.10486815,0.22110783,0.8457396,0.101828046,1.6300086,0.0,1.3976172,0.58282137,1.0055127,1.4901235,0.35770607,0.0,0.0,1.3145097,0.7752316,1.2871685,0.0,0.20691645,1.1440244,1.1576412,0.620172,0.0,0.0,0.0,0.24762844,0.18103674,0.0,0.7387767,1.6994625,0.4836737,2.173763,0.0,0.0,0.3760579,0.9250997,0.0,0.75196403,0.0,0.0,0.892348,0.0,1.3900478,1.5256035,0.95583755,0.0,1.2942749,0.7007841,0.35484332,0.5133011,0.62349516,1.0281525,0.0,2.3957987,0.30965528,0.0,0.0,0.6612282,0.65522206,0.51684916,0.12435451,0.8274988,0.41581106,1.7493968,0.5470024,0.6385137,0.0,0.0,0.20574954,0.0,0.373016,2.4451284,2.0616271,0.8084429,0.0,0.0,0.59776086,0.0,0.18501009,0.0,0.0,0.5761721,0.8681426,0.0,0.8238927,0.0,0.16500843,0.0,0.30377975,0.7354311,0.0,0.0,1.0127755,0.0,0.0,0.0,0.26870498,1.2702438,0.0,0.0,1.0540371,0.0,0.0,1.4848142,1.4864395,0.0,0.0,1.1613867,0.0514254,0.0,1
1.2681055,0.90067774,0.0,0.24425969,1.5706524,0.0,0.0,0.28972048,0.0,0.95644224,0.0,0.23952807,1.2439884,0.0,1.1306727,0.0,2.4788418,0.53450316,1.0129824,1.379569,0.0,0.0,0.0,0.0,1.6688346,0.0,1.3999895,0.83337563,0.57780933,1.2952688,0.1391556,1.3330586,0.9056498,0.0,0.0,1.1777041,0.0,0.81359947,0.0,0.0,2.0349407,0.48668775,1.0129386,0.0,0.52885604,0.98892695,0.9383598,0.0,0.0,0.38346836,0.0,1.1351334,0.0,0.0,1.2729493,1.3671008,0.0,0.0,0.0,0.8220949,1.014699,0.0,0.0,0.8843079,0.0,0.208701,1.3515677,0.41039726,0.19888234,0.0,0.800495,0.0,1.1316178,1.944418,1.0722308,0.0,0.0,0.0,0.72751176,1.3409965,0.0,0.0,0.703198,0.6535456,1.3690076,0.85053897,0.0,1.4644475,0.27740404,0.6423754,1.7762042,0.0,1.6892996,1.9928886,0.10109588,0.0,0.75937843,0.0,0.8419911,2.7222204,0.8037254,0.028860781,1.0245751,0.0,0.0,1.3506526,0.38789064,0.0,0.0,1.5576751,0.0,0.0,3.0148814,0.7393019,0.0,0.0,0.9479802,1.244428,0.6772886,0.0,0.0,0.0,1.0712696,0.0,0.0,0.8083058,0.40759462,1.3266983,0.0,0.0,0.0,1.2036248,0.34374624,1.2703807,0.0,0.47135612,1.7385403,1.1227041,0.0,0.4756795,1.049777,0.54178196,0.0,0.0,0.10951507,0.6686988,0.0,0.1076803,0.2895083,0.74520016,0.31971774,0.8566357,0.24570939,1.5642265,0.6573915,0.8580986,1.1983113,0.0,0.562976,0.0,1.6870394,0.3633383,0.9211785,0.040420737,0.499129,0.6775271,1.2090235,0.9260339,0.14880306,0.0,0.0,0.9780481,0.15040195,0.4803861,0.0,1.8171651,0.76038057,2.4681656,0.0,0.7942688,0.34629503,0.988411,0.0,0.5849715,0.0,0.0,0.62615585,0.0,1.2564045,1.312939,1.4444737,0.0,0.7451781,0.96896183,0.0,0.27328232,0.85219944,1.0472431,0.0,2.0179389,0.0,0.0,0.0,0.8484843,0.44685516,0.39986968,0.0,0.98657405,0.61221933,1.5899391,0.91472924,0.012747416,0.0,0.0,0.73647285,0.0,0.14644068,2.531166,2.3141212,0.6251669,0.0,0.0,0.0,0.0,0.0,0.0,0.0,0.0,0.8192864,0.0,1.1531091,0.0,0.28739327,0.0,0.7438276,0.31512067,0.11096269,0.0,0.6953094,0.0,0.6735992,0.16823125,0.38839757,0.9761105,0.0,0.0,1.6834027,0.0,0.0,1.0646951,1.482511,0.0,0.0,0.033401527,0.0,0.18825799,1
0.09586527,1.0871972,0.0,0.0,0.9620586,1.3265731,0.0,0.23325638,0.0,0.5497363,0.22562008,0.34941143,0.64571905,0.0,0.9937482,0.0,2.3512383,0.0,1.0312847,0.0,0.0,0.0,0.9016957,0.0,1.5809807,0.4515658,0.24902673,0.0,0.81459844,1.9623997,0.048903137,0.22643967,0.0,0.49982077,0.0,2.0771463,0.32335907,1.0854143,0.0,0.0,1.9580443,0.0,0.8020338,0.0,1.0895627,0.5214857,1.0619439,0.0,0.0,0.0,0.0,1.3677052,0.0,0.0,1.9733111,1.7660775,0.0,0.0,0.0,1.0365559,0.0,0.0,0.0,1.5870731,0.0,0.0,1.339256,1.1660802,0.54891837,0.0,0.6966284,0.0,0.47755584,0.0,0.0,0.0,0.9718228,0.0,0.14507172,1.0118678,0.0,0.0,0.0,0.0,0.0,0.97344595,1.1694213,0.53380865,0.26653042,1.2404782,0.48114693,0.0,1.0157839,1.1806682,0.0,0.073303975,0.26625603,0.40714794,1.7037903,3.0118382,0.5720443,0.0,1.0313075,2.8955212,0.0,0.99164945,0.63647276,0.0,0.0,0.14267659,0.0,0.112592384,1.5211049,1.4210036,0.0,0.0,1.6203308,2.187438,0.8559389,0.0,0.0,0.0,0.0,0.0,0.0,0.8254313,1.1164554,0.030904185,0.0,0.0,0.0,1.568942,1.2258517,1.1270169,0.0,1.0327828,1.3521503,0.56809044,1.2784513,1.100594,1.4072697,1.0934494,0.0,0.0,0.0,0.58954644,0.0,0.9597788,0.66585773,0.97833973,2.0267959,0.11145745,0.57591593,0.11636315,0.23749024,1.3407457,0.5818343,0.42041954,0.0,0.0,0.9965516,0.0,0.0,0.4301642,0.57772064,0.55551934,3.1006596,1.6667019,1.8367141,0.0,0.0,0.79001594,1.7793335,0.6096903,1.1272753,1.1713307,0.97459114,1.4604151,0.0,0.84067917,0.58992314,1.4917153,0.0,0.83997494,0.7327994,1.0129005,1.1893723,0.0,0.18571052,0.4102072,1.5267879,0.0,0.9651472,2.11088,1.276244,2.538213,0.3008257,1.2391404,0.0,1.2427157,0.0,0.0,0.0,0.3453342,0.0,1.280646,0.85564435,0.4982896,0.0,2.5567482,1.259631,1.4305416,0.0,0.07520788,0.28930965,0.0,0.2980217,2.8625724,1.3607757,1.1336124,0.0,0.0,1.0305194,0.0,0.26797292,0.0,0.0,1.4593691,0.18772094,0.0,1.5135949,0.0,0.0,0.0,1.0911487,0.16419342,1.5115762,0.0,2.0433092,0.0,0.42459574,0.0,0.0,0.8997773,0.0,0.0,1.1209527,0.0,0.0,1.7227225,0.5665416,0.7971615,0.0,0.76124233,1.4245397,0.0,1
0.5935103,0.64760375,0.0,0.0,0.66256636,1.1828555,0.0,0.32399273,0.0,1.1307268,0.0,0.8206204,1.4229292,0.546559,0.9249072,0.0,1.7143065,0.44588682,1.3964658,0.2729264,0.0,0.0,1.1547068,0.0,2.251964,0.15206054,1.684042,0.32660422,0.27844012,1.7824876,0.27176175,0.28630245,0.6862975,0.06808661,0.0,1.5831378,0.3501287,1.1508709,0.0,0.0,1.7921953,0.0,1.7492526,0.0,0.8936138,0.73191977,0.65936476,0.0,0.0,0.0,0.0,0.30733982,0.0,0.0,1.5184361,1.3790678,0.0,0.0,0.0,0.88406765,0.5352492,0.0,0.0,1.0909101,0.112592265,0.3110951,0.85670966,0.6383638,0.0,0.0,0.103922084,0.0,0.33864927,0.7929247,0.31782687,0.0,0.6350496,0.0,0.44374216,0.7976744,0.0,0.0,1.3251317,0.0,0.47165388,1.8189117,0.0,1.2193834,0.036512885,0.8676265,0.8753653,0.0,0.78829473,0.9343903,0.0,0.0,0.0,0.0,0.91637665,2.5946481,0.30439785,0.0,1.4385833,1.5006663,0.0,1.2570912,0.27461126,0.0,0.0,0.007882145,0.0,0.2640531,2.650797,1.0356481,0.0,0.0,0.5548165,2.2696917,0.05418586,0.50350875,0.0,0.0,0.050588526,0.0,0.0,1.2104042,0.40502018,0.7258547,0.0,0.0,0.0,0.7538464,1.2049184,1.2698748,0.0,2.1675053,2.341594,0.9379377,0.0,1.1210704,0.9789496,0.4408311,0.0,0.0,0.55025446,0.41556406,0.0,0.0,0.86077464,0.5658694,0.8287498,1.2079633,0.1433867,0.84954196,1.3104422,1.1237069,1.2003369,0.69773716,0.0,0.0,0.4501753,0.4879477,0.5714523,0.051821705,0.11740999,1.092607,1.9933165,1.0846891,0.9687875,0.0,0.0,0.55076337,0.8477452,0.0,1.421392,1.2253832,0.40687767,1.4412062,0.0,0.0,0.5249729,0.8510173,0.0,0.91612405,0.057422124,0.22025603,1.6368092,0.0,0.98159283,1.276317,1.8297914,0.0,1.0782914,1.4654508,0.90226084,0.908712,0.14055382,0.8324231,0.0,1.847376,0.75532824,0.0,0.0,0.8407451,0.0,1.2293471,0.7165048,0.9012962,0.41464064,2.1031961,0.798152,0.98600507,0.0,0.23435986,0.0,0.0,0.3848935,2.9774237,1.2964108,1.0253849,0.0,0.0,0.66309917,0.0,0.08342292,0.0,0.0,1.5347376,0.31940883,0.0,1.1382529,0.0,0.0,0.0,1.4316477,0.7285002,0.81888103,0.16192695,1.8902253,0.0,0.0,0.0,0.13742262,1.1972735,0.0,0.0,1.0067289,0.0,0.0,1.8693507,1.0924265,0.0,0.0,1.7374687,0.37578988,0.0,1
0.73286,0.8554321,0.0,0.0,0.6113461,1.5813528,0.0,0.4842291,0.0,1.0075247,0.083729304,0.20962128,0.6400579,0.0,1.0008624,0.0,2.2349799,0.0,0.7021472,0.2831879,0.0,0.0,0.8397349,0.0,1.9666878,0.0,1.2799522,0.0,0.063534394,1.5482616,0.45715615,0.5564962,0.31354362,0.2996587,0.0,1.6409951,0.0,1.1172496,0.0,0.0,1.5893195,0.0,1.6617241,0.18316357,0.54724026,0.5810396,0.75083184,0.0,0.0,0.09835176,0.0,0.6591635,0.0,0.29666,2.0137491,1.3634987,0.0,0.0,0.0,0.9507432,0.085078165,0.0,0.0,0.96151084,0.0,0.12553625,1.3580831,0.94310534,0.06090796,0.0,0.7660595,0.0,0.29491574,0.32083791,0.617239,0.0,0.3906374,0.0,0.18282358,1.499394,0.0,0.0,0.2178401,0.15759307,0.0,0.88004607,0.10345591,0.8119961,0.23391408,0.6230531,0.86123216,0.0,1.2850982,0.8010754,0.0,0.0,0.7455274,0.12394797,1.1581589,2.2095318,0.59068984,0.0,0.9051887,1.5460863,0.0,1.1832678,0.57024616,0.0,0.0,0.48532513,0.0,0.0,1.694034,0.5312096,0.0,0.0,0.6027864,2.0693715,0.27145857,0.23457976,0.0,0.0,0.17625813,0.0,0.0,1.3682106,0.2906394,0.2880519,0.0,0.0,0.0,0.85919803,0.36590543,0.40763566,0.0,1.1848283,1.2927698,0.9605089,0.0,1.2088063,0.79803973,0.4306817,0.0,0.0,0.1943405,0.089648314,0.0,0.07614386,0.4186777,0.72483766,1.058827,0.35520548,0.63452005,1.19661,0.5921334,1.0362612,0.72827643,0.37564197,0.0,0.0,0.8385733,0.29359055,0.14763612,0.0,0.17661642,1.0913469,1.8486034,1.7439963,1.3514009,0.0,0.0,0.3592983,0.92494863,0.0,0.9721561,1.1615888,0.4779076,1.5224068,0.0,0.06973176,0.9376426,1.1143535,0.0,0.74633497,0.27955726,0.042313013,0.54306936,0.0,0.19947042,0.9694965,1.1203414,0.0,0.78367525,1.2217857,0.6498475,1.3815807,0.82913584,1.2852647,0.0,1.1890744,0.27967703,0.0,0.0,0.5996479,0.31470746,0.27779582,0.27797863,0.0,0.103381865,1.4118342,0.90626234,1.1286072,0.0,0.17686142,0.38106456,0.0,0.51115286,2.1838734,1.5496093,0.54587376,0.0,0.159753,0.7993072,0.0,0.0,0.0,0.0,0.9448805,1.2638896,0.0,1.4981464,0.0,0.2430005,0.0,1.4963021,0.5087386,1.1492519,0.29039437,1.4087096,0.0,0.0638774,0.0,0.0,0.80778307,0.0,0.0,1.1507626,0.0,0.0,2.1054463,0.8025317,0.933004,0.0,0.63891083,0.41044152,0.0,1
0.34560102,0.022268374,0.0,0.0,2.2617226,0.0,0.0,1.3097585,0.0,1.1855712,0.0,0.0,1.205931,0.0,0.8722669,0.0,0.6285398,0.0,1.2362883,0.035697315,0.0,0.0,0.036110573,1.4586309,2.2706168,0.20573536,2.205144,0.0,1.817673,0.61616546,0.0,0.94484425,0.0,0.17833261,0.0,0.20066983,0.0,0.43753192,0.0,0.0,0.97446865,0.30181286,0.0,0.0,0.7109308,0.32747287,0.91240305,0.0,0.0,0.0,0.0,1.1725935,0.0,0.0,0.531412,0.9366732,0.0,0.0,0.0,0.9037291,0.8903022,0.0,0.0,1.9361966,0.0,0.0,1.8549278,0.29093537,0.41313022,0.0,0.0,0.0,1.6542019,0.4895461,0.0,0.0,1.5254209,0.0,1.15764,0.30948752,0.0,0.0,1.1955488,0.0,0.0,1.2484196,1.183839,0.7702768,1.2037648,0.70356506,1.3367114,0.0,1.3361009,1.3216361,0.11915281,0.22811767,0.62260985,0.9981653,1.4567617,1.3293885,1.4344726,0.0,1.8157682,1.3500116,0.0,0.0,0.084857486,0.0,0.52028567,0.0,0.0,0.11501418,2.35771,0.69249266,0.0,0.0,0.1268423,1.0515648,1.5159795,1.2680666,0.0,0.0,1.2924448,0.0,0.0,0.010041521,0.92452276,0.0,0.0,0.0,0.11994225,2.3996902,1.0702682,2.008085,0.0,1.3659204,1.2310328,0.25699702,0.45092595,0.7016146,1.2178108,0.3144534,0.0,0.0,1.4663761,1.7050593,0.0,0.0,0.14449319,1.8539463,1.8763856,0.911956,0.0,0.038118582,0.3112386,1.1960433,1.6186572,0.6478738,0.0,0.0,1.6835151,0.0,0.0,1.3080676,1.6686587,0.25029075,1.2140677,0.20682383,0.28797942,0.0,0.0,1.0140432,0.60148096,0.0,1.3396324,2.3846478,1.1774975,2.9724338,0.1283341,1.796255,0.3231747,0.7656639,0.0,0.0,0.45208952,0.04272074,0.23283663,0.0,0.36079532,0.76419765,2.1910744,0.0,0.74754107,2.029465,1.6648104,0.49046922,0.45951247,0.17745736,0.0,2.1439216,0.9933645,0.0,0.0,0.0,0.0,0.7650825,0.0,1.8800157,0.0,0.73734504,0.044431113,0.6530165,0.0,0.0,0.32233885,0.0,0.05507963,1.9840528,0.26466286,0.46638373,0.0,0.096792765,1.4357907,0.0,0.6658018,0.0,0.0,0.84293604,1.1177484,0.0,1.5758413,0.0,0.092203334,1.579173,1.4705523,1.371251,0.6872557,1.442224,0.82196146,0.0,0.0,0.17297965,0.0,1.1132498,0.0,0.0,1.7200568,0.0,0.0,0.9876506,0.0,0.57645345,0.0,0.5416913,0.47841403,0.0,1
1.5189348,0.65961665,0.0,0.122733444,1.1423678,0.92019874,0.0,0.14750288,0.0,0.6503965,0.0,0.0,0.96598613,0.0,1.0893526,0.0,2.451188,0.1888805,0.9718934,1.4974614,0.0,0.0,0.0,0.0,1.497992,0.0,1.6525222,0.84680176,0.46634376,1.3585653,0.061799884,0.93565947,1.1753775,0.0,0.0,1.7996571,0.0,0.6325683,0.0,0.0,1.9648441,0.43520418,1.0985496,0.0,0.7299969,1.0465567,1.3250337,0.0,0.0,0.49493778,0.0,0.55843043,0.0,0.0,1.2804655,1.2131394,0.0,0.0,0.0,0.9499422,0.82949734,0.0,0.0,0.95826155,0.0,0.0,0.97793466,0.1661098,0.22860697,0.0,0.40912637,0.0,1.1958795,1.9480252,1.2026945,0.0,0.44491008,0.0,0.66619575,1.5477349,0.0,0.0,0.58858997,0.39872944,1.080731,0.99353963,0.0,2.2771618,0.26617166,0.57415396,1.996612,0.0,1.7663767,1.4392544,0.0,0.0,0.21742697,0.0,1.4295298,2.5669858,0.4893639,0.69067335,0.8908854,0.0,0.0,1.308286,1.061417,0.0,0.0,1.4365696,0.0,0.0,2.846137,0.3323033,0.0,0.0,0.81511194,1.4416667,0.40672913,0.21449664,0.0,0.0,1.0153761,0.0,0.0,1.0922307,0.4601329,1.496885,0.0,0.0,0.0,1.1004838,0.23405233,0.93162215,0.0,1.3604958,2.141786,1.4146435,0.0,0.0,1.0921662,0.20954728,0.0,0.0,0.22055805,1.1385545,0.0,0.0,0.59466666,0.53813016,0.3070927,1.6553303,0.25987145,1.5938743,0.5368322,0.97060156,1.1309494,0.0,0.0,0.0,1.6579468,0.408003,1.5973538,0.0,0.28275526,1.1996369,1.5670636,0.8854102,0.4439623,0.0,0.0,0.64719355,0.5766314,0.0,0.31939447,1.8109791,0.39726043,2.2762148,0.0,0.67132473,0.83380836,1.3312519,0.0,0.8223998,0.0,0.0,0.645417,0.0,1.4208112,2.1415055,1.3058473,0.0,0.98399925,0.96807355,0.51087457,0.22121845,0.5000944,1.5287582,0.0,2.5099342,0.051587928,0.0,0.0,1.081832,1.1121923,0.8159487,0.18419147,1.2199587,0.46763417,1.9700052,0.68497723,0.06716401,0.0,0.0,0.5666021,0.0,0.60282284,2.337499,2.5853825,0.25289476,0.0,0.0,0.54748774,0.0,0.0,0.0,0.0,0.0,0.3650008,0.0,1.0442027,0.0,0.35624242,0.0,0.1111806,0.3947494,0.0,0.0,1.344646,0.0,0.42168987,0.0,0.64319026,0.8220437,0.0,0.0,1.2923876,0.0,0.0,1.0486377,1.6148714,0.0,0.0,0.031036116,0.0,0.14540482,1
0.26994202,1.9912957,0.0,0.0,0.72993755,1.1330253,0.0,0.23985706,0.0,0.6151978,0.49696106,0.6221829,0.97169614,0.26201838,0.71944225,0.0,1.8848377,0.0,0.7071582,0.0,0.0,0.10854076,0.85828674,0.0,2.2481544,0.93018234,0.8761902,0.0,0.6756685,1.9463112,0.4911887,0.42075244,0.0,0.7003455,0.0,1.1647983,0.43800026,1.4509172,0.0,0.0,1.7359893,0.0,1.5287555,0.0,0.25373682,0.49718967,0.94199127,0.0,0.0,0.047136743,0.0,1.7055671,0.0,0.0,2.2738948,1.8219002,0.0,0.0,0.0,1.2144215,0.7066577,0.0,0.0,0.97202754,0.13564949,0.0,1.9181412,0.6526932,0.26236606,0.0,0.62283504,0.0,0.060853094,0.090403385,0.6437158,0.0,0.88068634,0.0,0.0116596725,1.4855434,0.0,0.0,0.72668153,0.39949942,0.0,0.5402105,0.8624301,0.6034895,0.41682646,0.5466117,0.7012483,0.0,1.3539693,1.1804814,0.0,0.0,0.61766344,0.0580787,0.97476023,2.690802,0.80484223,0.09568342,1.0643228,2.863066,0.0,0.91024554,0.7646653,0.0,0.0,0.0,0.0,0.0,1.8790555,1.1402507,0.0,0.0,0.0,1.603286,0.01810274,0.76474965,0.0,0.0,0.087840505,0.0,0.0,0.43697134,0.12552963,0.0,0.0,0.0,0.0,1.4253643,1.3875637,0.64071816,0.0,1.6563877,1.9633828,1.1526308,0.29396325,1.9971154,1.3565601,1.1603069,0.0,0.0,0.11075613,1.1074195,0.0,0.1425956,0.17307523,1.5633447,1.6422585,0.8256587,0.30357403,0.9563512,0.88863975,1.3881497,1.054665,0.48666337,0.0,0.0,1.0450577,0.0,0.27840984,0.6060302,0.8391688,0.62279606,1.603721,2.0378244,1.6424925,0.0,0.0,0.0,1.9430524,0.23615927,1.461336,1.7597938,1.3430476,2.2724433,0.0,0.4341418,0.9685285,1.0539742,0.0,0.87286526,0.6592311,0.250935,0.77125484,0.0,0.020518973,0.47397757,1.5075054,0.0,1.3965826,1.6024022,1.3552779,1.8528656,0.2976263,1.447084,0.0,1.3996608,0.2869498,0.0,0.0,0.096977316,0.0,0.6393141,1.3202168,0.4934962,0.21135579,2.3694289,0.5161528,1.5377833,0.0,0.21206032,0.43321058,0.0,0.3112624,2.2632205,1.69139,0.52087337,0.0,0.2071346,0.979349,0.0,0.015656535,0.0,0.0,1.5301012,0.60135293,0.0,1.7903694,0.0,0.381691,0.5882606,1.4961858,1.0734408,1.1786644,0.3508997,1.0994542,0.0,0.14724252,0.0,0.0,1.0427817,0.0,0.0,1.2890807,0.0,0.0,1.9166201,1.2456176,1.9727483,0.0,1.3271326,0.8396508,0.0,1
1.3886892,0.33997145,0.0,0.0,1.1734767,0.8521944,0.0,0.74188757,0.0,0.89889294,0.0,0.080746785,1.1412853,0.0,0.7680938,0.0,1.6716161,0.32515523,1.0268592,1.2654257,0.0,0.0,0.0,0.19554248,1.6711835,0.10065177,1.1059803,0.25197315,0.48566735,1.0518458,0.07971215,1.1325846,0.9841364,0.0,0.0,1.36361,0.0,0.63518375,0.0,0.0,1.3143036,0.12941995,1.0358796,0.0,0.5687518,0.59752285,0.6945519,0.0,0.0,0.32194033,0.0,0.32881773,0.0,0.0,0.77875817,0.77004623,0.0,0.0,0.0,0.45598784,0.6681215,0.0,0.0,1.1490746,0.0,0.3479537,1.3109198,0.43584603,0.17155176,0.0,0.5042415,0.0,1.345194,1.4051931,1.0759008,0.0,0.23737982,0.0,0.79218656,0.8826313,0.11827856,0.0,1.2643156,0.23795763,0.8425544,1.3998611,0.029594768,1.7245407,0.6118053,0.20999746,1.1998403,0.0,0.93661207,1.6173445,0.20841947,0.0,0.0984886,0.0,1.4013165,2.3789165,0.34008825,0.62817293,1.387582,0.6811173,0.0,0.8770775,0.58393955,0.0,0.0,0.8816962,0.0,0.2847315,2.651943,0.11364797,0.0,0.0,0.4431249,1.3849111,0.1318964,0.7385395,0.0,0.0,0.7101227,0.0,0.0,0.8753841,0.58079165,1.0814556,0.0,0.0,0.0,1.3213444,0.57078075,1.1794065,0.0,1.3585984,1.8431989,1.1302872,0.0,0.2989033,0.8119609,0.1478099,0.0,0.0,0.29279357,1.0482512,0.0,0.1562979,0.15625222,0.8507987,0.2636339,0.94475275,0.0,1.1180013,0.48476726,0.956296,1.6618917,0.2103434,0.0,0.0,1.1450795,0.35533023,1.0577611,0.18044192,0.665949,0.96585923,1.1122332,0.6544047,0.00782489,0.0,0.0,0.7009036,0.3737466,0.0,0.8248519,1.5187365,0.28335443,2.1082613,0.0,0.29507548,0.2996396,0.80134505,0.0,0.7771921,0.0,0.0,0.9760416,0.0,0.83553374,1.1530849,1.3430088,0.0,0.84941137,1.1200688,0.56893224,0.35179827,1.0261799,0.708897,0.0,1.715975,0.45615935,0.0,0.0,0.64417875,0.7220452,0.4265963,0.08943349,0.84370977,0.54934317,1.3579466,0.06501567,0.1537252,0.0,0.0,0.6672957,0.0,0.7249431,2.2249804,1.7803022,0.6502258,0.0,0.16090775,0.80970705,0.0,0.3588521,0.0,0.0,0.2837648,0.47645074,0.0,1.2970381,0.0,0.46206665,0.26400325,0.7454311,0.613778,0.0,0.0,0.7492362,0.0,0.06970936,0.0,0.20066364,1.2604332,0.0,0.0,1.0608658,0.0,0.0,1.1318032,1.0473216,0.0,0.0,0.57617337,0.0,0.0,1
1.1122484,0.22839452,0.0,0.0,1.5205036,0.72446287,0.0,0.7269909,0.0,0.7769501,0.0,0.0,1.1213634,0.0,1.0120187,0.0,1.4790534,0.0,0.47094893,1.3001024,0.0,0.0,0.031034462,0.70946276,1.3664106,0.0,1.7031075,0.33114964,0.8381929,1.4496899,0.0,1.0150427,0.9039105,0.0,0.0,1.8888023,0.0,0.06588138,0.0,0.0,1.740795,0.4567419,0.80900705,0.0,0.34954086,0.35214505,0.6596691,0.0,0.0,0.0,0.0,0.3270164,0.0,0.0,0.87376153,0.6493515,0.0,0.0,0.0,0.65965,0.37806273,0.0,0.0,1.0562007,0.4553859,0.40140417,0.5055114,0.5654609,0.55407375,0.0,0.38890776,0.0,1.4618506,1.2532858,0.78240913,0.0,0.32002264,0.0,0.7599486,1.220859,0.0,0.0,0.72153634,0.25468242,0.73520684,1.6056582,0.21985637,1.7851913,0.80513036,0.49893886,1.3194643,0.0,0.9123986,2.0343459,0.058179043,0.0,0.15344046,0.0,1.237715,2.2760596,1.1526526,0.5400342,1.6180564,0.5733096,0.0,0.40587682,0.8944001,0.0,0.14538427,0.75860566,0.0,0.0,2.7248993,0.36476967,0.0,0.0,0.0,1.7031151,0.42390847,0.65131533,0.0,0.0,0.40656805,0.0,0.0,0.81472737,0.16126274,1.2856253,0.0,0.0,0.0,1.2968707,0.6699809,1.1940359,0.0,1.594563,1.8698976,1.0002878,0.0,0.48716497,0.84016275,0.0,0.0,0.0,0.16926835,1.1843677,0.0,0.0,0.4080944,1.3073666,0.6266149,1.3915912,0.0,0.8239912,0.37657565,1.3922971,1.4036838,0.09290548,0.0,0.0,0.8947641,0.063399285,1.0240606,0.6283893,0.7985727,1.0291989,1.0141622,0.6150937,0.09654649,0.0,0.0,1.1866165,0.3003045,0.0,1.2056717,1.6065665,0.18635319,2.2041938,0.0,1.1664082,0.2576932,1.0545188,0.0,0.70786536,0.0,0.0,0.8135784,0.0,1.0504111,1.0617173,1.9516705,0.0,0.8600143,1.6193166,0.70047545,0.36773247,0.7260829,1.3620952,0.0,1.9129056,0.4066691,0.0,0.0,0.96649075,0.850664,0.68822175,0.0,0.87190145,0.30192307,1.1418877,0.46635565,0.33548504,0.0,0.0,0.0,0.0,0.31748956,2.3601072,1.5965735,0.91105855,0.0,0.08916726,1.0882732,0.0,0.52377224,0.0,0.0,0.31670365,0.3588571,0.0,0.9198378,0.0,0.5736465,0.0,0.7943595,0.98049974,0.0,0.0,1.0609032,0.0,0.19973266,0.0,0.039287265,1.5250565,0.0,0.0,1.4131718,0.0,0.0,1.3922725,0.9838113,0.04140826,0.0,0.5422816,0.0,0.0,1
0.23011608,0.3764085,0.0,0.0,1.1837211,0.24765784,0.0,0.61779577,0.0,0.7401578,0.0,0.0046988465,1.3560218,0.34887928,1.7883549,0.0,1.153446,0.0,0.9211314,0.047131035,0.0,0.0,0.31436834,0.5977159,2.266677,0.61678016,1.5797265,0.0,0.7451876,1.7234762,0.0,0.52087635,0.3816772,0.4279766,0.0,0.9911199,0.0,0.59528613,0.0,0.0,1.2701671,0.101958424,0.80732256,0.0,1.0127854,0.25426728,0.7508382,0.0,0.0,0.0,0.0,0.8302754,0.0,0.022000775,0.75426507,0.36579585,0.0,0.0,0.0,0.18562973,0.50341994,0.0,0.0,1.3387896,0.26171267,0.065962955,0.67617077,0.82480633,0.39117366,0.0,0.21605445,0.0,0.5202539,0.73016304,0.20982207,0.0,1.2094253,0.0,0.5842472,0.97247475,0.12738957,0.0,1.4249171,0.30286938,0.2374576,1.3766422,0.050305445,1.1122625,1.0403652,0.15505451,0.74967575,0.0,0.68600595,1.3082651,0.0,0.0,0.67934686,0.47258392,0.8738197,2.3725865,0.95266414,0.0,1.2139589,1.0594108,0.0,0.11891784,0.18477209,0.0,0.0,0.0,0.0,0.08112526,2.039328,0.627085,0.0,0.0,0.28294823,1.4249358,0.673845,0.6931133,0.0,0.0,0.31495866,0.0,0.0,0.35060853,0.0,0.16139247,0.0,0.0,0.0,0.8553141,1.1981531,1.3283406,0.0,1.5202531,1.1917604,0.9252835,0.3049358,1.0461183,0.72626674,0.0,0.0,0.0,0.82761234,1.5733654,0.0,0.0,0.3417028,1.8608825,1.0610523,1.0785865,0.0403392,0.078847274,0.47322154,2.0549598,1.4732779,0.57717246,0.0,0.0,0.911803,0.0,0.3398642,1.201378,1.3573598,0.21341974,1.2324967,0.68767303,0.21918425,0.0,0.0,0.73240125,0.61914265,0.0,1.3851851,1.8466346,0.7014446,1.6483521,0.0,0.777058,0.8927412,0.8217818,0.0,0.33616334,0.14287265,0.0,0.968751,0.0,1.0618138,0.0,1.9151006,0.0,0.97884744,1.8965087,1.3201953,0.96327955,0.0,1.5028865,0.0,1.5756779,0.6569664,0.0,0.0,0.50030625,0.101865366,1.3782266,0.46534973,0.991886,0.6203496,1.0846003,0.4701094,0.43807277,0.0,0.0,0.10324645,0.0,0.036880698,2.178182,0.7970968,1.0679152,0.0,0.0,1.3059034,0.0,0.70154655,0.0,0.0,0.74879,0.31593964,0.0,1.4068553,0.0,0.0,0.52954674,1.5338998,0.9804803,0.0,0.3909731,0.797147,0.0,0.0,0.0,0.06866815,1.3724216,0.0,0.0,1.6240797,0.0,0.0,1.429718,0.35511,0.38791582,0.0,1.0953417,0.0,0.0,1
0.8048242,0.6496281,0.0,0.0,0.8380097,0.9636675,0.0,0.36597246,0.0,0.97413474,0.081730284,0.4198645,0.9788202,0.0,1.4008433,0.0,1.5817726,0.0,0.7184746,0.0,0.0,0.0,0.78060627,0.26551017,2.273267,0.21759307,1.0668088,0.0,0.2633003,1.4656049,0.42597133,0.9047302,0.39709318,0.57926786,0.0,1.3935151,0.0,0.70199364,0.0,0.0,1.819488,0.0,1.4368637,0.0,0.7126832,0.15480089,0.5912011,0.0,0.0,0.27484366,0.0,0.85513926,0.0,0.0,1.4600829,1.104363,0.0,0.0,0.0,0.57955235,0.8243363,0.0,0.0,1.6806728,0.040494874,0.10208647,1.0019565,0.8944942,0.04841268,0.0,0.48465028,0.0,0.04846129,0.7800892,0.13815843,0.0,0.92913866,0.0,0.47415593,0.56977266,0.35308215,0.0,1.1699545,0.6384549,0.6050523,1.3859129,0.0,1.5202537,0.7405163,0.45853776,0.8837327,0.0,0.771749,1.2387851,0.0,0.0,0.48592776,0.41349423,1.0804695,2.7324047,1.2638637,0.0,1.315864,1.3202888,0.0,1.0256917,0.61408705,0.0,0.0,0.0,0.0,0.0,2.1259317,0.65058196,0.0,0.0,0.22138219,1.3894995,0.5907943,0.14085719,0.0,0.0,0.31095973,0.0,0.0,0.660611,0.0,0.10500337,0.0,0.0,0.0,0.9290557,0.9656863,0.8402311,0.0,1.694762,1.5625125,0.9667178,0.21539174,1.1279467,0.8042295,0.0,0.0,0.0,0.036626723,0.9610651,0.0,0.0,0.23225059,1.8063159,1.284643,0.8269083,0.0,0.014195066,0.5473113,1.4990053,1.5404378,0.13923116,0.0,0.0,0.5727957,0.0,0.27887917,0.5758971,1.035229,0.055589054,1.6464977,1.7013308,0.2798561,0.0,0.0,0.8284862,1.2324811,0.0,1.3417608,1.8781644,0.63988566,1.5763326,0.0,0.267806,0.665509,1.0778881,0.0,0.9605015,0.15856095,0.0,1.0793955,0.0,0.42394775,0.08306241,1.897129,0.0,0.7533325,1.6364255,1.2479903,0.71756035,0.14300315,0.9289293,0.0,1.7273039,0.13470522,0.0,0.0,1.092581,0.17993593,0.8326894,0.58661664,0.45209268,0.6064357,1.6341717,0.0,0.725179,0.0,0.0,0.14238764,0.0,0.182666,2.859215,1.4769206,1.5248711,0.0,0.08189743,0.8122462,0.0,0.21376956,0.0,0.0,0.8553208,0.3254272,0.0,1.4116431,0.0,0.060192984,0.11497469,1.7261293,0.9569503,0.44117773,0.16297454,1.1404299,0.0,0.0,0.0,0.0,0.8869197,0.0,0.0,1.2392915,0.0,0.0,2.077136,0.6827659,0.0,0.0,0.78618896,0.14546573,0.0,1
0.32971174,0.6584444,0.0,0.0,0.85182345,0.5958416,0.0,0.07040964,0.0,0.71851707,0.0,0.8365361,1.3379991,0.21618779,0.90611005,0.0,1.3396229,0.0,1.1437377,0.4493016,0.0,0.0,1.4971596,0.25665882,2.2781432,0.43253115,1.6024047,0.0,0.6064359,1.4730246,0.0,0.49884373,0.47225553,0.15981331,0.0,1.1435788,0.77804995,0.9089547,0.0,0.0,1.884476,0.0,1.5286635,0.0,0.55351865,0.4732591,1.3462461,0.0,0.0,0.0,0.0,1.117951,0.0,0.0,1.2636498,1.5724536,0.0,0.0,0.0,1.3922871,0.3391673,0.0,0.0,1.225537,0.0,0.05081044,1.3877431,1.13075,0.76580673,0.0,0.5473811,0.0,0.8094907,0.0,0.5518466,0.0,0.88022697,0.0,0.16786958,1.2752082,0.0,0.0,0.65635556,0.11152357,0.0,0.6213749,0.86732244,0.8672314,0.54790306,1.1541209,0.738567,0.0,0.68016315,1.120479,0.035929464,0.6312479,0.0,0.0,1.1645054,2.191417,0.4427721,0.0,1.1845039,2.6106234,0.0,1.0457119,0.5668826,0.0,0.0,0.10785553,0.0,0.32354897,2.1228616,0.7537613,0.0,0.0,0.39623347,1.8353969,0.0,0.19275914,0.0,0.0,0.50214154,0.0,0.0,0.47822064,0.25788957,0.007876169,0.0,0.0,0.0,1.2400589,1.1915377,1.0739794,0.10430885,1.486805,1.975097,1.0267893,0.5861735,1.1614642,1.2258873,0.6341834,0.0,0.0,0.3794018,0.9173817,0.0,0.5553894,0.0,1.2273971,1.452083,0.6247009,0.46234754,1.0052197,0.48811555,1.0592313,1.6594539,0.9538654,0.0,0.0,0.67168796,0.0,0.0,1.0487378,0.7524932,0.2664215,1.6111676,1.3892418,1.4487293,0.0,0.0,0.75892425,1.4248642,0.17147289,1.7255789,1.5332317,0.33677977,1.7443378,0.0,0.8527159,0.79070556,1.4452846,0.0,1.0857886,0.8104903,0.60677767,1.1581429,0.0,0.07467934,0.8793411,1.5974177,0.0,1.0692654,1.6052715,1.3166068,1.2321554,0.68370414,0.5539327,0.0,1.4963472,0.0,0.0,0.0,0.57345915,0.0,0.7217458,0.7834088,1.1627938,0.38757303,1.6362712,0.787578,0.9334997,0.0,0.38252616,0.6456827,0.0,0.1602209,2.908045,1.5764014,0.7321452,0.0,0.0,0.84482265,0.0,0.36325884,0.0,0.0,0.98457325,0.20507361,0.0,1.6400089,0.0,0.0,0.12321879,1.45234,0.6686723,0.7830318,0.8554015,1.5646404,0.0,0.0,0.0,0.2821524,0.88858825,0.0,0.0,1.6555402,0.0,0.0,1.7478493,0.53255284,0.5800165,0.0,1.4856865,0.4483356,0.0,1
1.1289814,0.6318806,0.0,0.1045268,1.5301372,0.5361801,0.0,0.17410325,0.0,1.0857811,0.0,0.53786176,1.075578,0.0,1.0525008,0.0,2.6417255,0.9227996,0.9426706,1.3076723,0.0,0.0,0.0,0.00919877,1.8562316,0.2411005,1.3074584,0.6129196,0.56382537,1.4109417,0.09051794,1.168679,0.75908446,0.0,0.0,1.1889827,0.0,0.58257544,0.0,0.0,1.1751416,0.03655204,1.2182767,0.0,0.68861115,0.31378213,1.4343802,0.0,0.0,0.024436342,0.0,1.1397332,0.0,0.0,1.5500246,1.2778568,0.0,0.0,0.0,0.8005189,0.6604238,0.0,0.0,1.0963788,0.0,0.0,1.7169828,0.38531968,0.27690077,0.0,0.41221023,0.0,1.6829131,0.9961862,0.9968451,0.0,0.5548293,0.0,1.1421502,1.4741724,0.0,0.0,0.3085528,0.27649575,1.1563294,0.28344086,0.0,1.5475693,0.083129205,0.82658106,1.3826119,0.0,1.3257798,1.4246149,0.15019765,0.0,0.21270229,0.0,1.271467,2.9454072,0.47018,0.104145594,1.2930349,0.10959511,0.0,1.0510538,0.5330089,0.0,0.0,0.8704481,0.0,0.0,2.7309527,0.65163165,0.0,0.0,0.80643994,1.0600098,0.39509732,0.6298749,0.0,0.0,1.1288112,0.0,0.0,0.70371085,0.37620303,0.96790767,0.0,0.0,0.0,1.2006327,0.354059,1.3379433,0.13781177,0.63289523,1.4684414,1.4297017,0.0,0.23345041,1.631386,0.41386983,0.0,0.0,0.37528744,0.9274532,0.0,0.31883872,0.5953968,1.103747,0.5852346,0.86331546,0.35224655,1.6388284,0.7478959,0.91774577,1.4646094,0.14877714,0.3663009,0.0,1.4938533,0.0,0.71258163,0.0,0.03548263,0.4929077,1.4815342,1.2560129,0.48536968,0.0,0.0,1.0706822,0.70740426,0.11421403,0.019452762,2.3785257,0.8938218,2.2253797,0.0,1.2139317,0.3793149,0.5528574,0.0,0.7930567,0.0,0.0,0.56818056,0.0,0.4602607,1.2118758,1.4508439,0.0,0.942327,1.1788071,0.08775899,0.4648898,0.4996355,1.1599809,0.0,2.4298906,0.0,0.0,0.0,0.8461505,1.03446,0.0,0.019518582,1.5400048,0.5080294,1.8438253,1.1334388,0.62360615,0.0,0.2200057,1.0374185,0.0,0.0,2.87325,2.4767735,0.19964825,0.0,0.0,0.33825502,0.0,0.0,0.0,0.0,0.0,0.42583865,0.0,1.3804864,0.0,0.23644865,0.0,0.79220366,0.20242535,0.0,0.0,0.5865648,0.0,0.48251522,0.0,0.5943989,1.2103982,0.0,0.0,1.7057663,0.0,0.0,0.40039828,1.5104837,0.2618786,0.0,0.6369157,0.0,0.0,1
1.4436935,1.2564794,0.0,0.0,1.211452,0.96177113,0.0,0.24409033,0.0,0.8061172,0.0,0.0,1.178037,0.0,1.1084778,0.0,2.2065635,0.3231311,0.8408232,0.4102455,0.0,0.0,0.32819015,0.07964696,1.542065,0.050353155,1.5215092,0.7198603,0.0021697977,0.8611219,0.41698033,0.98453504,1.2859083,0.035650335,0.0,1.253095,0.0,0.55027276,0.0,0.0,1.5101919,0.28117123,1.3166041,0.0,0.15477096,0.46218053,0.6852014,0.0,0.0,0.67275584,0.0,0.7556837,0.0,0.0,1.1133281,1.3348525,0.0,0.0,0.0,0.40978894,0.86929256,0.0,0.0,1.0200864,0.2530939,0.17052512,0.8286804,0.0,0.0,0.0,0.60693216,0.0,0.6689513,1.6708881,1.0743684,0.0,0.053022433,0.0,0.6734859,1.0894067,0.0,0.0,0.9905736,0.92692363,0.90141124,1.2330627,0.0,1.7997627,0.0,0.34307936,1.2262632,0.0,1.0445008,1.3244818,0.0,0.0,0.45803878,0.0,0.82712704,2.3357873,0.5845442,0.14285421,0.7330026,0.0,0.0,1.3829665,0.7765104,0.0,0.0,0.8970965,0.0,0.0,2.4174523,0.061524417,0.0,0.0,0.45055375,1.3832448,0.4091605,0.46570307,0.0,0.0,0.7536053,0.0,0.0,0.9336706,0.0,1.4159086,0.0,0.0,0.0,0.83101296,0.14245945,1.0654128,0.0,1.2905555,1.7522329,1.3009756,0.0,0.70547426,0.61634654,0.15634665,0.0,0.0,0.025618015,0.6572556,0.0,0.0,0.40749618,0.74010605,0.20396724,0.9637388,0.0,0.99485093,0.5087502,0.8678212,1.4288815,0.0,0.21011125,0.0,0.792491,0.32905152,1.0361629,0.0,0.54797804,0.9113733,1.1302412,0.97883815,0.060097717,0.0,0.0,0.5874717,0.087715164,0.0,0.6161915,1.8558491,0.55240434,2.1827147,0.0,0.5894487,0.6758636,0.94707733,0.0,0.876831,0.0,0.0,1.3391019,0.0,0.8200408,1.0265464,1.3470964,0.0,1.0520071,0.71426,0.52344835,0.0,0.6964619,0.89368117,0.0,1.5948691,0.2170649,0.0,0.0,1.0293523,0.5186088,0.21256232,0.16863778,0.9183265,0.577135,1.173265,0.5082787,0.28029782,0.0,0.0,0.73740363,0.0,0.0,2.2060678,2.2472227,0.3336329,0.0,0.0,0.41292417,0.0,0.0,0.0,0.0,0.0,0.55238867,0.0,1.0935702,0.0,0.5177689,0.0,0.6446099,0.19982697,0.0,0.0,0.94376165,0.0,0.21065263,0.0,0.2860723,0.962519,0.0,0.0,1.0966928,0.0,0.0,1.120948,1.4263164,0.0,0.0,0.33874568,0.0,0.0,1
1.7531688,0.32322738,0.0,0.16206399,1.41118,0.42636713,0.0,0.0,0.0,0.3911999,0.0,0.0,1.1680634,0.0,1.050142,0.0,1.8862088,0.67332363,0.6054318,1.2415136,0.0,0.0,0.0,0.0,1.390651,0.0,1.3174112,0.30150253,0.29699695,1.1472138,0.2567113,0.9647944,0.64205694,0.0,0.0,1.6361604,0.0,0.6408956,0.0,0.0,1.1880996,0.0014474706,0.7192637,0.0,0.37898716,0.6806169,1.0199013,0.0,0.0,0.0,0.0,0.5932014,0.0,0.0,0.8598959,0.9318187,0.0,0.0,0.0,0.90010536,0.72741276,0.0,0.0,0.9972111,0.0,0.29388276,1.4324963,0.3698286,0.34604985,0.0,0.6265706,0.0,1.6637919,1.707218,0.9052856,0.0,0.33564866,0.0,1.0527892,0.8362883,0.0,0.0,0.618579,0.5698068,1.1133616,1.1081198,0.0,1.7597523,0.45232058,0.047626313,1.8556422,0.0,1.4409199,1.7736188,0.48168018,0.0,0.38970816,0.019586496,0.78400683,2.3979878,0.85028875,0.6375755,1.3458544,0.1126888,0.0,1.1847445,0.7111731,0.0,0.0,0.6683489,0.0,0.0,2.7890658,0.32951945,0.0,0.0,0.40567255,1.297206,0.9883082,0.49519256,0.0,0.0,0.6537367,0.0,0.02661739,0.84791744,0.44284832,1.3635523,0.0,0.0,0.0,1.0080038,0.116294086,1.0696585,0.0,0.91045815,1.4520202,1.0076764,0.0,0.27268583,1.411798,0.04574467,0.0,0.0,0.3174784,1.2407475,0.0,0.29310393,0.40129405,1.0484943,0.35447302,1.2241403,0.08807978,1.2637707,0.32747784,0.62180024,1.1699634,0.0,0.005741419,0.0,2.020096,0.2202642,1.1451062,0.00069117313,0.25598404,0.6783605,1.354643,0.6928114,0.27916625,0.0,0.0,1.0560445,0.5805965,0.0,0.66911644,1.6877723,0.73276114,1.6806436,0.0,0.2549935,0.10819753,0.5775506,0.0,0.9890223,0.0,0.0,0.30388674,0.0,1.5072713,1.5053236,1.2960821,0.0,0.89250296,1.2089394,0.17432672,0.12467275,0.44274542,1.4053583,0.0,2.515235,0.345055,0.0,0.0,0.7448582,0.454285,0.30785662,0.3187749,1.2180845,0.32920906,1.4059603,0.5801396,0.25509796,0.0,0.0,0.4495197,0.0,0.7667132,2.8776305,2.204639,0.54957557,0.0,0.03353071,0.6410532,0.0,0.0,0.0,0.0,0.0,0.0,0.0,1.1635401,0.0,0.5707889,0.2639473,0.33691484,0.55213404,0.0,0.15266323,0.78516483,0.0,0.6072548,0.0,0.5106171,1.1452429,0.0,0.0,1.3462688,0.0,0.09137599,0.8098464,1.3332787,0.009053845,0.0,0.3760309,0.0,0.0,1
1.4700204,0.4784741,0.0,0.0,0.961882,0.28426278,0.0,0.46271163,0.0,1.0593592,0.0,0.19824068,0.8646759,0.0,1.1746027,0.0,1.9272904,0.20522481,0.9803257,0.41466734,0.0,0.0,0.0,0.31339997,1.9760017,0.0,1.2719021,0.079968646,0.5170951,0.83229065,0.24167602,1.2175981,0.44385612,0.0,0.0,1.4291186,0.0,0.62467647,0.0,0.0,0.8592343,0.14552426,0.81470233,0.0,0.41093668,0.6107165,1.5573695,0.0,0.0,0.66215515,0.0,0.41215232,0.0,0.0,0.72331953,0.9781716,0.0,0.0,0.0,0.23498291,0.41864625,0.0,0.0,1.6144269,0.0,0.0,1.5845435,0.0,0.51864576,0.0,0.6839818,0.0,1.4371741,1.6364369,0.64944994,0.0,0.84114444,0.0,0.77682984,0.84011734,0.0,0.0,0.9354091,0.610476,0.9401776,1.2054744,0.2854282,1.2178017,0.70361745,0.32154268,1.0760198,0.0,1.1423529,1.3213798,0.0,0.0,0.39876693,0.07580643,1.49996,2.15471,0.5555065,0.158364,1.1542807,0.68741757,0.0,0.82086366,0.9058534,0.0,0.0,0.5040836,0.0,0.0,2.2737627,0.24912745,0.0,0.0,0.31332508,1.37636,0.85810804,0.47842842,0.0,0.0,1.1980332,0.0,0.0,0.46052033,0.46128172,0.5056096,0.0,0.0,0.0,1.6911626,0.0,1.0353098,0.0,1.3868146,1.8236693,0.7934656,0.0,0.80219936,0.85045606,0.0,0.0,0.0,0.35476485,0.9002825,0.0,0.21519776,0.0,0.93735164,0.6576237,0.69381243,0.0,0.6716684,0.6952078,0.87176365,1.9751568,0.0,0.0,0.0,1.3529415,0.11731413,0.9826913,0.0,0.77811795,0.69589627,1.6460842,0.968818,0.2938364,0.0,0.0,1.0362936,0.6829302,0.0,0.6704244,1.848757,0.8879175,2.0720935,0.0,0.63261503,0.69179696,0.42189893,0.0,0.412944,0.0,0.0,0.46171877,0.0,0.86770767,1.2082039,1.4561205,0.0,1.1140165,0.90014917,0.96877646,0.09675156,1.0168244,0.7116529,0.0,1.8346772,0.025375428,0.0,0.0,0.4824728,0.7132244,0.0,0.53801644,1.3419303,0.19007216,1.6181394,0.787009,0.6805519,0.0,0.0,0.9264326,0.0,0.35677972,2.0716202,1.7826148,0.77368283,0.0,0.0,0.5850282,0.0,0.0,0.0,0.0,0.14645481,0.8744741,0.0,1.679719,0.0,0.49176526,0.23214035,1.0204909,0.93968236,0.0,0.33539823,0.37934455,0.0,0.23723444,0.0,0.26929972,0.83505565,0.0,0.0,1.8813683,0.0,0.0,0.5275525,1.1764468,0.39132103,0.0,0.30152795,0.0,0.0,1
1.3605442,0.5474115,0.0,0.0,0.8277273,0.51891506,0.0,0.21465735,0.0,0.71516865,0.0,0.46090928,0.9466833,0.0,0.58814114,0.0,1.51162,0.15970036,1.1060245,0.71848875,0.0,0.0,0.3519703,0.052904204,1.6724545,0.0,1.6544766,0.11654262,0.6548149,0.95199037,0.0,0.66852254,0.7640822,0.0,0.0,1.6073132,0.0,0.26058975,0.0,0.0,0.6157118,0.0,1.0108916,0.0,0.14669143,0.15876414,0.9641953,0.0,0.0,0.35075456,0.0,0.15883131,0.0,0.0,1.0479119,0.8966906,0.0,0.0,0.0,1.1289394,0.5031163,0.0,0.0,1.145076,0.0,0.29053396,1.1321645,0.07483494,0.0,0.0,0.4330841,0.0,1.0716327,1.5803905,0.9998815,0.0,0.55475044,0.0,1.0008161,1.1090858,0.0,0.0,1.1306192,0.5982115,0.7966741,0.8914361,0.0,1.3644928,0.5316992,0.45112818,1.5168841,0.0,0.9210187,1.3213342,0.14254412,0.0,0.0,0.0,1.1762898,1.7723523,0.8888166,0.23116612,1.2361976,0.2608865,0.0,1.0801018,1.0174968,0.0,0.0,0.5816356,0.0,0.4740636,2.578401,0.1390574,0.0,0.0,0.16293497,1.5880705,0.47696266,0.6394101,0.0,0.0,0.94950306,0.0,0.0,0.6693453,0.34655684,1.2900743,0.0,0.0,0.0,1.0841202,0.084094554,1.1837115,0.0,1.1863197,1.339364,0.9438984,0.0,0.8576723,0.92352575,0.0,0.0,0.0,0.0,0.80233175,0.0,0.2035243,0.09927058,0.5179725,0.4715954,1.2154157,0.0,1.04012,0.3375136,0.91127795,1.3690509,0.0,0.0,0.0,1.3279703,0.5655232,0.68995684,0.105374545,0.25399724,0.5828544,1.275812,0.26860777,0.5813087,0.0,0.0,0.72655433,0.0,0.0,0.38559642,1.5563066,0.42551428,1.8415048,0.0,0.52570873,0.46526495,0.84862465,0.0,0.6435782,0.0,0.0,0.66240776,0.0,1.0267593,1.7185737,1.3917754,0.0,0.8939514,0.9885137,0.4806882,0.0,0.77849066,0.79585546,0.0,2.2176816,0.1765789,0.0,0.0,0.5477588,0.34145263,0.6283446,0.04227197,1.5367334,0.021417815,1.6078148,0.9441139,0.6281872,0.0,0.06294172,0.48127696,0.0,0.44887522,2.4268973,1.7732104,0.3047598,0.0,0.1951198,0.55155253,0.0,0.3056016,0.0,0.0,0.29074386,0.28470147,0.0,0.95825726,0.0,0.25907165,0.2246926,0.61644435,0.61896235,0.0,0.0,0.9353636,0.0,0.007348263,0.0,0.3817557,0.8770445,0.0,0.0,1.3459389,0.0,0.0,0.7495725,0.96392053,0.0,0.0,0.15564741,0.0,0.0,1
1.1748264,0.2998325,0.0,0.12813306,1.2710464,0.5891297,0.0,0.14210077,0.0,1.177742,0.0,0.34599206,0.9608187,0.0,1.2407349,0.0,2.5347784,0.96588624,1.1073352,1.2417368,0.0,0.0,0.0,0.30218008,1.8435959,0.0,0.6333884,0.7106894,0.4177079,1.3649782,0.0,1.4996744,0.5745076,0.25652772,0.0,1.2451727,0.0,0.44824383,0.0,0.0,1.3979322,0.0,0.9119259,0.0,1.206567,0.9004575,1.2381347,0.0,0.0,0.0,0.0,0.93308675,0.0,0.0,1.135707,0.67630905,0.0,0.0,0.0,0.06492362,0.8933053,0.0,0.0,1.179968,0.0,0.07691972,1.7372857,0.14402753,0.32585394,0.0,0.71596444,0.0,1.3522743,0.9333259,1.1443211,0.0,0.38947737,0.0,0.9048145,1.3286202,0.0,0.0,0.46498212,0.0,1.3156934,0.9452458,0.0,1.4840463,0.6537007,0.54449975,0.9280851,0.0,1.5231495,1.1129125,0.0,0.0,0.26203343,0.31453222,1.2681158,2.358971,0.4653569,0.07365633,1.5467571,0.12442421,0.0,1.0331208,0.18788572,0.0,0.0,0.5341362,0.0,0.0,1.6654348,0.2950652,0.0,0.0,0.9924462,1.1238557,0.38516918,0.13001648,0.0,0.0,1.2610012,0.0,0.0,0.7738835,1.1212156,0.34200674,0.0,0.0,0.0,1.594633,0.15219891,1.6895144,0.0,0.7093037,1.4911841,1.3239511,0.0,0.43667656,0.87547237,0.340991,0.0,0.0,0.4296727,0.9948446,0.0,0.39977515,0.334943,1.1734095,0.17349581,0.52146935,0.14416751,1.1922764,1.1562754,0.9278587,1.4963322,0.08403824,0.48617584,0.0,1.5299793,0.0,0.28074017,0.0039474643,0.34064043,0.55052054,1.6626843,1.5504283,0.37443495,0.0,0.0,1.2646067,0.5836884,0.0,0.28520417,1.7702966,0.54308075,2.2271073,0.0,0.7382707,0.5723169,0.0,0.0,0.610846,0.0,0.0,1.0257219,0.0,0.5766173,0.65162504,1.1726471,0.0,0.9551366,1.0468545,0.65294707,0.7214889,0.9973003,0.67050475,0.0,2.187815,0.06769399,0.0,0.0,0.28987774,0.5995134,0.096461296,0.33944136,0.9329442,0.3669052,1.5854623,1.31439,0.35514337,0.0,0.40666175,0.9363007,0.0,0.25284725,2.82925,1.638045,0.8944237,0.0,0.0,0.4424031,0.0,0.0,0.0,0.0,0.0,0.6897252,0.0,1.3747344,0.0,0.29333025,0.0,1.181663,0.4115484,0.0,0.0,0.80544454,0.0,0.4586182,0.0,1.0964558,1.3488638,0.0,0.0,1.4244041,0.0,0.0,0.8493349,1.2366652,0.3066397,0.0,0.5222985,0.17004353,0.0,1
0.54394096,0.73622364,0.0,0.0,0.74702173,0.95561177,0.0,0.42356443,0.0,0.6644602,0.0,0.5658461,1.179469,0.21211751,0.9776068,0.0,2.1685987,0.0,1.182199,0.0,0.0,0.0,1.3241785,0.4973777,1.5993962,0.8369911,1.213239,0.0,0.28462964,1.0358275,0.42433837,1.0499356,0.0,0.0,0.0,0.9977466,0.2675264,0.93417084,0.0,0.0,1.7492014,0.0,1.4290037,0.0,0.023584228,1.0675375,1.1193199,0.0,0.0,0.0,0.0,0.7642349,0.0,0.0,2.0189939,1.3802147,0.0,0.0,0.0,0.9483366,0.90154797,0.0,0.0,1.9233216,0.0846172,0.9580727,1.1820098,1.6959009,0.5780642,0.0,0.4960461,0.0,0.0,0.73649096,0.6096067,0.0,0.34637964,0.0,0.5236099,0.61676383,0.0,0.0,0.6563667,0.29443187,0.0,1.2233565,0.16321747,0.1544453,0.39591193,1.0838985,0.73515093,0.0,0.4043845,1.228149,0.6149255,0.0,0.57489717,0.046705537,1.3275955,1.9344407,1.93204,0.0,1.377554,2.3072226,0.0,0.66680074,0.8124679,0.0,0.0,0.8223114,0.0,0.0,2.0814848,0.4061811,0.0,0.0,0.8382013,1.6057786,0.0,0.17014456,0.0,0.0,0.0906255,0.0,0.0,0.935747,0.26642793,0.15009929,0.0,0.0,0.0,0.7488341,1.1424919,1.0270575,0.0,2.0496829,1.3325232,1.3151208,0.32217512,1.2600482,1.0732139,0.6774994,0.0,0.0,0.18720987,0.83065313,0.0,0.15369889,0.0,1.3155026,2.267911,0.64170295,0.7715721,0.25483105,1.0030992,1.5367793,1.4597443,0.613243,0.0,0.0,1.9790854,0.0,0.21864873,0.70145804,0.80252594,0.0899633,1.6244907,1.8887925,1.4200181,0.0,0.0,0.5684076,0.76953065,0.064872116,2.7150471,1.5398571,0.7747157,1.9264305,0.0,0.0,0.21401939,1.1963063,0.0,0.642404,0.7293018,0.0,1.3052001,0.0,0.38863337,0.9699653,1.7836281,0.0,1.5611795,2.0210524,0.6415311,1.2910935,0.8047502,0.7271613,0.0,1.5660765,0.29841042,0.0,0.0,0.18346539,0.0,0.0,0.95901513,0.9501032,0.3279959,1.7933118,0.6296303,1.0871067,0.0,0.0,0.23315798,0.0,0.6093311,2.8042777,1.2963327,0.6038423,0.0,0.62760574,0.7223469,0.0,0.5959182,0.0,0.0,0.8471648,1.0493791,0.0,1.6253746,0.0,0.0,0.8135841,2.1816099,1.0362071,1.6247339,0.023342395,1.656062,0.0,0.0,0.0,0.0,0.3611508,0.0,0.0,1.4872179,0.0,0.0,2.2936459,0.20104954,0.30245522,0.0,1.3069521,0.49799162,0.0,1
1.1341815,0.4356263,0.0,0.04000574,0.98738587,0.46882543,0.0,0.121669635,0.0,0.82698727,0.0,0.0,1.0982362,0.0,1.1547906,0.0,1.8756255,0.015921248,0.9700304,0.78177434,0.0,0.0,0.0,0.09110649,1.6399415,0.0,1.1603985,0.34107667,0.61819184,1.2349443,0.0020758496,1.1617206,1.1817116,0.020566894,0.0,1.3284563,0.0,0.1747366,0.0,0.0,1.5312072,0.4001795,1.0120667,0.0,0.50584304,0.7831233,1.1038129,0.0,0.0,0.3171846,0.0,0.6542653,0.0,0.0,1.013361,1.2498196,0.0,0.0,0.0,0.76368916,0.42548156,0.0,0.0,0.8357881,0.0,0.0,0.7930729,0.053687662,0.009698331,0.0,0.85640764,0.0,0.96501607,1.4812578,0.8413257,0.0,0.26940715,0.0,0.44259387,1.0533592,0.09267043,0.0,0.7716273,0.20658046,0.39420342,1.2950003,0.0,1.6272902,0.4596221,0.4180151,1.5128256,0.0,1.1162529,1.3191723,0.25854048,0.0,0.14702782,0.0,1.2621601,2.660586,0.48261297,0.15926534,1.0628318,0.18635763,0.0,1.0367876,0.6895246,0.0,0.0,0.9966603,0.0,0.0,2.4590833,0.36389378,0.0,0.0,0.33758926,1.3262122,0.18036693,0.2989249,0.0,0.0,0.8989607,0.0,0.0,0.79564977,0.49501958,1.1198369,0.0,0.0,0.0,0.98822606,0.29399917,0.8288517,0.0,1.3010485,1.8111181,1.2120517,0.0,0.141521,0.88425785,0.25769046,0.0,0.0,0.50449383,0.81831175,0.0,0.0,0.26964682,1.1779015,0.52802503,0.8753087,0.19921295,1.5670923,0.6146193,0.99846303,1.4297655,0.2641327,0.0,0.0,1.3618234,0.13936678,1.3189852,0.0874466,0.06933176,0.8486358,1.2494719,0.84018403,0.4314863,0.0,0.0,1.0550338,0.3545275,0.0,0.5667861,1.6692708,0.0,1.8707048,0.0,0.13567695,0.7361903,1.7166028,0.0,0.7101578,0.0,0.0,0.92750186,0.0,1.2249638,1.5762442,1.3688202,0.0,1.1390809,1.1218077,0.4022666,0.4814454,0.681159,1.2699189,0.0,1.8099461,0.0,0.0,0.0,1.174731,0.82159716,0.65651524,0.4438895,1.0633427,0.95354956,1.8080324,0.5283242,0.2438361,0.0,0.0,0.73966867,0.0,0.51475346,2.5336978,1.7213687,0.6235821,0.0,0.0,0.98652,0.0,0.0,0.0,0.0,0.01853409,0.0,0.0,1.3741077,0.0,0.29865986,0.0,0.53765726,0.4980203,0.0,0.00044807297,0.89986515,0.0,0.29108316,0.0,0.6068721,1.0302206,0.0,0.0,1.2477391,0.0,0.0,1.0919485,1.3014914,0.0,0.0,0.52567947,0.0,0.0,1
1.3295231,0.24336961,0.0,0.073430076,1.444792,0.89935726,0.0,0.0,0.0,0.97501975,0.0,0.0,0.693908,0.0,1.0339193,0.0,2.322288,0.6876912,1.4229453,2.0949554,0.0,0.0,0.0,0.0,0.94868594,0.0,1.2470623,0.86385417,0.49273312,1.3756903,0.0,1.1747434,0.90977895,0.0,0.0,1.4192046,0.0,0.3337377,0.0,0.0,1.7784768,0.0,1.3677094,0.0,0.83276105,1.1708853,1.4187531,0.0,0.0,0.0,0.0,0.41664922,0.0,0.0,0.7925917,0.8758824,0.0,0.0,0.0,0.7677434,0.67716604,0.0,0.0,1.2272424,0.0,0.0,1.5707814,0.41169944,0.037135363,0.0,0.44420096,0.0,1.1789365,1.7403959,0.7523396,0.0,0.1865889,0.0,1.2204493,1.5013304,0.0,0.0,0.68469185,0.29481822,0.7506251,1.0146701,0.0,1.9286518,0.22513421,0.6547141,1.8650305,0.0,1.3675,1.5500997,0.61154157,0.0,0.27618682,0.0,0.8422284,2.7046254,0.8352312,0.18063927,1.2291386,0.0,0.0,1.20001,0.6481265,0.0,0.0,1.5462263,0.0,0.0,2.899407,0.6748687,0.0,0.0,1.3937049,1.3516277,0.47887117,0.11458802,0.0,0.0,1.0931628,0.0,0.2932203,1.0003555,1.113747,1.3989238,0.0,0.0,0.0,1.3061408,0.25134298,1.4248145,0.0,0.8406073,1.7061847,1.4308656,0.0,0.0,1.2590269,0.33484957,0.0,0.0,0.13680354,0.96185297,0.0,0.4775165,0.13319014,0.58003765,0.0,1.4109666,0.3456131,1.8466576,0.75671977,0.7943517,0.94415325,0.37087324,0.2795136,0.0,1.7947904,0.31643146,1.1835544,0.0,0.0,0.81838465,1.3460628,1.1252444,0.49029657,0.0,0.0,1.1312901,0.045527738,0.0,0.0,1.7633042,0.4453698,1.904881,0.0,0.33211875,0.0,0.32259881,0.0,0.6813395,0.0,0.0,0.8218152,0.0,1.6894484,1.785334,1.1410382,0.0,1.0159838,1.0557964,0.0,0.85485804,0.38789648,1.1473694,0.0,2.553983,0.0,0.0,0.0,0.51060927,0.96484375,0.59367007,0.0,0.9095323,0.46312279,1.8366108,0.73542225,0.111307524,0.0,0.0,1.0081924,0.0,1.1112942,3.0470047,2.0792432,0.3875148,0.0,0.0,0.24756084,0.0,0.0,0.0,0.0,0.0,0.69198453,0.0,1.0145035,0.0,0.0,0.400514,0.69859207,0.0,0.117514044,0.0,1.1001128,0.0,0.1281662,0.0,1.1937371,1.2024388,0.0,0.0,1.4943419,0.0,0.0,0.922037,1.262009,0.0,0.0,0.530666,0.0,0.0,1
1.6109557,0.3603359,0.0,0.0,1.4305742,0.6632594,0.0,0.0,0.0,0.68732655,0.0,0.0,0.9289011,0.0,0.77729374,0.0,2.6380918,1.082581,1.3128866,2.2243598,0.0,0.0,0.0,0.0,1.1052316,0.0,1.0518085,0.68998545,0.47171706,1.4425322,0.0,0.87355137,0.8836405,0.0,0.0,1.5087337,0.0,0.13698713,0.0,0.0,1.9859831,0.0,1.4495769,0.0,0.6826384,0.73788786,1.2974944,0.0,0.0,0.0,0.0,0.7774832,0.0,0.0,1.04182,0.737841,0.0,0.0,0.0,0.9457495,0.56417745,0.0,0.0,0.5041629,0.0,0.0,1.4945358,0.46894333,0.0,0.0,0.6231446,0.0,1.361062,1.8292184,1.0372429,0.0,0.059782166,0.14715764,0.88136953,1.5406446,0.13255781,0.0,0.51232636,0.1906771,1.080696,1.0002768,0.0,2.1513958,0.15739256,0.4180161,1.8822945,0.0,1.3455433,1.4278251,0.60400873,0.0,0.23023051,0.0,0.93367267,2.8798194,0.37718642,0.39297846,1.1917541,0.0,0.0,1.4181776,0.67661506,0.0,0.0,1.5877572,0.0,0.0,3.0646152,0.6654103,0.0,0.0,1.0799044,0.990173,0.17994656,0.32785136,0.0,0.0,0.59969085,0.0,0.000863214,1.3157743,1.1048259,1.430099,0.0,0.0,0.0,1.0236044,0.16109541,1.4988819,0.0,0.8344896,1.7714766,1.7186795,0.0,0.0,1.4582648,0.33628398,0.0,0.0,0.5062209,1.33182,0.0,0.5776025,0.49404985,0.7089035,0.0,1.3284943,0.04643497,1.8357428,0.95195323,0.6300005,0.8524045,0.35035485,0.19960082,0.0,1.9521639,0.17402244,0.9319238,0.0,0.0,0.60163087,1.169589,0.7639286,0.47521278,0.0,0.0,0.99068016,0.2961026,0.0,0.05200703,1.7134724,0.21845767,1.7801169,0.0,0.43677235,0.12569994,0.6727758,0.0,1.131531,0.0,0.0,1.0012465,0.0,1.5338632,1.5602766,1.1240575,0.0,0.9900981,1.174416,0.049158406,0.8382436,0.29312253,1.2056924,0.0,2.420616,0.08748241,0.0,0.0,0.77165914,1.1536078,0.7343318,0.0,0.91909575,0.51283246,1.6669171,0.3498016,0.21980166,0.0,0.0,0.97182214,0.0,0.87404925,3.0154011,2.3085709,0.34342742,0.0,0.0,0.44817975,0.0,0.011029576,0.0,0.0,0.0,0.05217384,0.0,0.8193978,0.0,0.18632722,0.31865233,0.41676956,0.0,0.0,0.0,1.0317038,0.0,0.676158,0.019379076,1.0563545,1.0443075,0.0,0.0,1.2306733,0.0,0.0,0.7917859,1.6464049,0.0,0.0,0.28232726,0.0,0.0,1
1.0076815,0.29072824,0.0,0.0,1.3826361,0.710399,0.0,0.0,0.0,1.0543739,0.0,0.7842597,1.2752187,0.0,1.1497725,0.0,2.386249,0.5594859,1.0580579,1.5312228,0.0,0.0,0.0,0.075055376,1.9241297,0.0,1.1320077,0.9424338,0.536046,1.6724082,0.0,1.310752,1.0337787,0.0,0.0,1.0051924,0.0,0.58202076,0.0,0.0,1.8186566,0.0,1.7256355,0.009870011,0.51984894,0.8809197,1.0562928,0.0,0.0,0.16563861,0.0,0.75280714,0.0,0.0,1.298797,1.2903303,0.0,0.0,0.0,0.4946694,0.5531087,0.0,0.0,0.98078567,0.0,0.48785326,1.3259917,0.15777284,0.0,0.0,0.55005026,0.0,0.95368963,2.0606408,1.6478045,0.0,0.40277857,0.0,0.84015715,1.5287788,0.014152433,0.0,1.0109639,0.683583,1.4598418,1.1272273,0.0,2.174772,0.38576287,0.7083735,1.4396641,0.0,1.1747481,1.1373388,0.0,0.0,0.06532031,0.0,1.4101633,3.2362049,0.05873901,0.15873112,1.4912614,0.1812161,0.0,1.1655816,0.19478138,0.0,0.0,1.3817455,0.0,0.0,3.1211252,0.79450625,0.0,0.0,0.6248955,1.1191176,0.11611258,0.8434786,0.0,0.0,1.1348842,0.0,0.0,0.8051955,0.70724607,1.6276293,0.0,0.0,0.0,1.2046576,0.50175,1.1692728,0.0,0.9216481,1.9612886,1.2241784,0.0,0.60789585,1.0014263,0.5650101,0.0,0.0,0.8550183,0.9400315,0.0,0.031115526,0.5284663,0.8232955,0.47276467,1.6375688,0.14590773,1.9479091,0.7608502,1.1144701,1.7418909,0.30999258,0.0,0.0,1.5788602,0.18790022,1.036865,0.0,0.0,0.87613106,1.4312224,1.0183686,0.5478813,0.0,0.0,0.8762908,0.6598363,0.0,0.15834914,1.7628057,0.14958395,2.0960402,0.0,0.8259351,0.674568,1.3184706,0.0,1.0045221,0.0,0.0,1.0040655,0.0,1.4117483,1.8781048,1.0447578,0.0,0.7692623,1.4751242,0.25307944,0.54255766,0.6388189,1.0951579,0.0,2.0561228,0.08037214,0.0,0.0,1.197964,0.63524115,0.21115299,0.34521747,0.9539635,0.62449247,1.7487668,0.55667824,0.09085179,0.0,0.4276236,0.72472,0.0,0.5125713,2.7455356,2.1145139,0.39006472,0.0,0.0,0.28083447,0.0,0.09199429,0.0,0.0,0.0,0.16365226,0.0,1.6593763,0.0,0.0,0.0,1.0529228,0.18949352,0.0,0.0,0.7879192,0.0,0.22461647,0.0,1.0174179,1.1375164,0.0,0.0,1.7980441,0.0,0.0,1.2854753,1.923893,0.0,0.0,0.590261,0.0,0.0,1
1.2805926,0.27621028,0.0,0.0,1.4395283,1.012815,0.0,0.0,0.0,0.9572794,0.0,0.053349588,1.0894575,0.0,1.135884,0.0,2.5527134,0.9105586,0.96730155,1.2884858,0.0,0.0,0.0,0.0,1.1060576,0.0,0.9202359,0.5752663,0.48801345,1.7197826,0.0,1.070668,0.90796,9.8471704e-05,0.0,1.4432212,0.0,0.235315,0.0,0.0,1.9780993,0.0,1.4597203,0.039570708,0.7348807,0.5726234,1.4632697,0.0,0.0,0.0,0.0,0.77512777,0.0,0.0,1.4848496,0.7749839,0.0,0.0,0.0,0.8887536,0.5144686,0.0,0.0,0.6702543,0.0,0.3945036,0.79599637,0.9259779,0.24695727,0.0,0.4937666,0.0,1.2212632,1.7412889,1.1397917,0.0,0.050192703,0.0,0.65042543,1.2767036,0.0,0.0,0.0,0.46835703,1.4400481,0.6989409,0.0,1.8781214,0.4647873,0.8531921,1.7744777,0.0,0.99930954,1.4200573,0.18472895,0.0,0.34295404,0.0,1.3531096,2.768389,0.87693477,0.57681847,1.5185179,0.0,0.0,1.3420334,0.7993078,0.0,0.0,1.2758256,0.0,0.0,3.0596573,0.6875638,0.0,0.0,0.9418549,0.89729065,0.50041807,0.21445206,0.0,0.0,1.0040509,0.0,0.031325232,1.1305751,0.5748684,1.8663635,0.0,0.0,0.0,0.84170216,0.0041144756,1.0489758,0.024663549,1.430145,1.3282808,1.5319653,0.0,0.1868864,1.5939848,0.11401337,0.0,0.0,0.098622724,1.2083608,0.0,0.22055878,0.9453505,1.1254365,0.40116638,1.7458559,0.32365802,1.1913086,0.62476635,0.89382225,1.3213261,0.05937702,0.39896742,0.0,1.935319,0.25247166,0.78799605,0.0,0.2268957,0.59289354,1.1218168,1.056634,0.2400313,0.0,0.0,0.62410396,0.2604844,0.0,0.36644995,1.4813126,0.34435955,2.3781428,0.0,0.71297926,0.6519846,1.2249771,0.0,0.92931354,0.0,0.0,0.9942054,0.0,1.4339323,1.6868278,1.3864616,0.0,0.9329702,1.4134916,0.3115215,1.0206449,0.4144555,1.6562849,0.0,2.7579453,0.0,0.0,0.0,0.9508518,0.99164927,0.6288722,0.0,1.2357172,0.39468518,1.8208094,0.90702707,0.04616633,0.0,0.0,0.61015856,0.0,0.41072798,3.0321708,2.305424,0.5876877,0.0,0.0,0.3574675,0.0,0.048186194,0.0,0.0,0.0,0.0,0.0,0.7166785,0.0,0.0,0.0,0.30554917,0.24494682,0.07938096,0.0,1.0509809,0.0,0.25397825,0.078501284,0.78023994,1.0926158,0.0,0.0,1.1478095,0.0,0.0,0.8912969,1.5774789,0.0,0.0,0.20291409,0.0,0.0,1
0.11427701,1.0296415,0.0,0.0,0.9835409,0.80384636,0.0,0.83737665,0.0,0.11814398,0.014219971,0.17669919,0.9577089,0.21915667,1.146101,0.0,1.8757943,0.0,0.8222939,0.9282464,0.0,0.0,1.3272475,0.0,1.82419,0.32003295,1.3142802,0.0,0.85933477,2.1312613,0.0,0.0,0.0,0.22146936,0.0,1.4521172,0.68785715,0.8275659,0.0,0.0,2.7432997,0.0,1.498938,0.0,0.86232734,0.5562241,0.46429685,0.0,0.0,0.07602988,0.0,0.9678835,0.0,0.33898562,1.9460839,1.9686714,0.0,0.0,0.0,1.0247235,0.38134077,0.0,0.0,1.367783,0.0,0.0,1.421889,0.77877325,0.29353094,0.0,0.0,0.0,0.37603164,0.3271369,0.0,0.0,0.77231085,0.0,0.36643788,1.8603697,0.0,0.0,0.27539158,0.0,0.0,0.7997542,0.95972455,0.16843311,0.49473518,1.2009686,1.2091882,0.0,1.2094312,0.989867,0.26350453,0.21494609,0.0,0.40250248,0.5111979,2.716887,0.0,0.0,0.7752154,2.220017,0.0,1.3946952,0.0,0.0,0.20771779,0.40179625,0.0,0.0,1.4088356,0.6417594,0.0,0.0,1.4794056,2.3784099,0.11798001,0.730312,0.0,0.0,0.33212623,0.0,0.0,0.5204115,0.6495354,0.0,0.0,0.0,0.0,1.400625,1.6315628,0.65788776,0.0,1.5371872,1.7786533,0.62429905,0.83939344,0.46212757,1.2051324,0.8345435,0.0,0.0,0.4651862,0.04540839,0.0,0.2415194,0.95494664,0.60891855,2.0071797,0.31881768,0.24865034,1.0636965,0.19405405,1.0393806,0.6506091,0.56392044,0.0,0.0,0.93711126,0.0,0.34938264,1.216039,0.4089889,0.5321276,2.299299,1.8186537,2.1724746,0.0,0.0,0.59965307,0.96643096,0.5435441,1.4419527,1.1993551,0.78469557,1.7357787,0.0,0.82556874,0.63044953,1.4574108,0.0,0.3834837,0.86434853,1.2623777,1.5915861,0.0,0.0,0.51416117,1.4792852,0.0,0.75009257,1.9471779,0.9905984,2.1612813,0.03719054,0.93619853,0.0,1.3975614,0.0,0.0,0.0,0.0,0.0,1.2449259,0.5920394,0.41485766,0.6267147,2.5237672,0.24758114,1.6476724,0.0,0.0,0.0,0.0,0.12148345,2.7153533,1.0910798,0.0899916,0.0,0.2402947,0.7647627,0.0,0.4804336,0.0,0.0,1.8161329,0.8800392,0.0,1.180666,0.0,0.0,0.5395968,0.96985817,0.0,1.4498565,0.0,1.6954607,0.0,0.44096434,0.0,0.0,0.8590252,0.0,0.0,1.1568156,0.0,0.0,2.0694666,1.2554666,1.0871274,0.0,0.9694678,1.6199821,0.0,1
1.1523075,1.4842006,0.0,0.037035342,0.58022976,1.517341,0.0,0.51474303,0.0,1.0613148,0.0,0.23029102,0.98509145,0.0,1.0385636,0.0,2.6542435,0.45802364,0.93663204,0.1334444,0.0,0.20638444,0.74551487,0.0,1.4889823,0.9649154,0.27751046,0.22503002,0.1164409,1.6597157,0.46308807,1.1359048,0.13265748,0.0,0.0,1.4661111,0.0,0.35464653,0.0,0.0,1.9822708,0.0,1.5530357,0.0,0.9876754,0.66820633,0.0,0.0,0.0,0.483735,0.0,0.5989883,0.0,0.28870547,2.0511289,1.2407391,0.0,0.0,0.0,0.26573485,0.85844034,0.0,0.0,1.2710464,0.0,0.14627467,0.8867263,0.76850986,0.0,0.0,0.5857866,0.0,0.29403964,0.51189387,0.88312775,0.0,0.15906112,0.0,0.2061825,0.69088507,0.070559755,0.0,0.98241377,0.0,0.73181456,0.37673816,0.0,0.2910521,0.33491248,0.005921509,0.44384363,0.0,0.9821752,0.83551323,0.0,0.0,0.61318004,0.19627146,0.33650595,2.052268,1.041313,0.0,0.9747348,0.934908,0.0,1.5249603,0.49919173,0.7181746,0.0,0.41722974,0.0,0.0,2.1660311,0.3505047,0.0,0.0,0.4572713,1.2893603,0.58338207,0.0,0.0,0.0,0.38682425,0.0,0.0,1.2728316,0.46248806,0.84834915,0.0,0.0,0.0,0.70320195,0.47884247,1.1560563,0.0,1.1329436,0.73431283,0.963833,0.0,1.3009723,0.888731,0.3503858,0.0,0.0,0.0,0.55780417,0.0,0.0,0.90575397,0.51624876,0.66512215,1.160429,0.02383083,0.95172614,0.90534765,1.0823842,1.0145266,0.0,0.0,0.0,1.0925789,0.28493756,0.016085353,0.0,1.0220014,0.85050946,1.7210226,1.5292726,0.4287915,0.0,0.0,0.81306326,0.5427509,0.0,0.47160053,1.6848328,0.83390594,1.9934473,0.0,0.46147498,0.5501653,0.65195537,0.0,0.98646635,0.0,0.0,1.3955157,0.0,0.41437903,0.5043602,1.540961,0.0,1.0616063,0.9649363,0.9230479,0.59646386,0.8499221,0.9207682,0.0,0.68989563,0.0,0.0,0.0,0.9519479,0.2922424,0.0,0.8866831,0.80621946,0.0,2.0399885,0.96256584,0.2901467,0.0,0.0,0.9243486,0.0,0.3161296,2.4996932,1.9578527,0.27896285,0.0,0.18427587,0.41824797,0.0,0.0,0.0,0.0,0.24712607,0.48952404,0.0,1.4387629,0.0,0.1496042,0.0,1.5762564,0.0956382,0.32882723,0.0,1.3893487,0.0,0.0,0.0,0.0,1.3366752,0.0,0.0,0.6679877,0.0,0.0,2.195501,1.4105718,0.0,0.0,0.12654397,0.55890036,0.0,1
0.28432894,1.1494055,0.0,0.0,1.4626237,0.41754565,0.0,0.32865083,0.0,0.7469334,0.0,0.6037712,0.95074284,0.0,1.7040505,0.0,2.3156633,0.0,1.0032605,0.25975588,0.0,0.0,1.5092493,0.03206499,2.1412919,0.28740805,1.2807238,0.0,0.83253014,1.9174136,0.0,0.5885564,0.0,0.0,0.0,2.1086693,0.104908295,0.63988745,0.0,0.0,2.3375647,0.0,1.4542913,0.0,0.6341109,0.30370012,1.3602684,0.0,0.0,0.0,0.0,1.3773346,0.0,0.0,1.9372114,1.8789183,0.0,0.0,0.0,1.4022965,0.56683,0.0,0.0,1.1945233,0.0,0.0,1.8344095,1.0599165,0.8559572,0.0,1.0671835,0.0,0.7849381,0.0032643448,0.0,0.0,1.1168172,0.0,0.014720282,1.5965599,0.0,0.0,0.0,0.0,0.0,0.9952712,0.51392597,0.6977232,0.37647182,1.0869905,0.9075455,0.0,1.637856,1.1034617,0.088151895,0.3082402,0.0,0.14909844,1.7451063,2.5845594,0.5704962,0.0,1.1618943,2.5931644,0.0,0.74994695,0.8528382,0.0,0.0,0.26593372,0.0,0.0,1.4653671,1.2255893,0.0,0.0,0.60944074,1.9549164,0.30397987,0.4299834,0.0,0.0,0.23723064,0.0,0.0,0.40325117,0.45980835,0.0,0.0,0.0,0.0,1.4711663,0.83151764,1.3202915,0.0,1.8509609,1.5775446,0.76831555,1.0545627,0.6473733,2.0711849,1.0105071,0.0,0.0,0.24345973,0.81807345,0.0,0.7856457,0.22461459,1.5602967,1.9410199,0.395953,0.4410642,0.44710553,0.90469855,0.7008288,1.5517542,0.25220993,0.0,0.0,0.86869437,0.0,0.0,1.0652517,0.5719505,0.0,2.7499568,1.7043461,1.9072759,0.0,0.0,0.80513555,1.5514153,0.46900728,1.5402902,2.0259244,0.869823,1.8749712,0.0,1.3163687,0.61482656,1.593917,0.0,0.5379798,0.5741987,1.2986779,1.1126945,0.0,0.0,0.80014896,2.370825,0.0,1.3298619,2.0221672,1.9231848,1.5113746,0.31131402,0.61843675,0.0,1.5543745,0.18300466,0.0,0.0,0.2910231,0.023045212,0.93529,1.214017,1.4240545,0.26636043,2.47276,1.0388843,1.2667563,0.0,0.15109837,0.9354613,0.0,0.34004724,2.8150234,1.745716,0.51692855,0.0,0.0,0.9261038,0.0,0.19931257,0.0,0.0,1.597141,0.18528916,0.0,1.7595508,0.0,0.0,0.44285348,1.3664794,0.84091634,1.1337473,0.020333553,1.3617238,0.0,0.5403355,0.0,0.0,0.4563603,0.0,0.0,1.168011,0.0,0.0,1.2147721,0.507973,1.1700075,0.0,1.0031683,0.73041683,0.0,1
0.46804228,0.113318816,0.0,0.0,1.0906501,0.9105163,0.0,0.43692076,0.0,1.1726122,0.0,0.43085,0.61382747,0.0,0.938218,0.0,1.4697816,0.26310825,0.93844444,0.13962635,0.0,0.0,0.0,0.5771667,2.1188898,0.09228015,1.6755086,0.0008339141,0.5697573,1.0617616,0.054272145,1.1565899,0.77226496,0.0,0.0,1.2303813,0.0,0.123513296,0.0,0.0,0.45122248,0.0,1.0184889,0.0,0.7123556,0.60258603,1.2601148,0.0,0.0,0.010023492,0.0,0.5660977,0.0,0.0,0.46930617,0.18568394,0.0,0.0,0.0,0.48365256,0.5698677,0.0,0.0,1.3904957,0.0,0.0,0.9722187,0.14010656,0.0,0.0,0.49193427,0.0,0.8983348,0.8920215,0.8710815,0.0,0.5794723,0.0,0.39497614,0.65159404,0.21622436,0.0,1.1419598,0.3399822,0.67066926,1.4667854,0.0,1.322289,0.6459979,0.0,0.6163381,0.0,0.45896482,1.3038952,0.08435615,0.0,0.09131114,0.5737009,1.2917074,2.0042913,0.5577363,0.6254405,1.4515879,0.78552985,0.0,0.6419702,0.8053006,0.0,0.0,0.31245416,0.0,0.28889376,2.5755882,0.54631644,0.0,0.0,0.1316094,1.4098994,0.8189348,0.6400499,0.0,0.0,0.81052786,0.0,0.0,0.31359527,0.37006187,0.66688323,0.0,0.0,0.0,1.1793014,0.48553252,1.3062252,0.0,1.1294842,1.0223857,0.8913315,0.0,1.0101968,0.97386247,0.0,0.0,0.0,0.0,1.1356949,0.0,0.0,0.09568159,1.3424265,0.64466465,1.0202935,0.0,0.5192628,0.5271012,1.1814958,1.8296854,0.32573164,0.0,0.0,0.8871687,0.0,0.23961948,0.0,0.9807618,0.5383928,1.4709913,0.4891031,0.0,0.0,0.0,0.5235616,0.4062902,0.0,0.5830969,1.5657057,0.048497453,1.5260123,0.0,0.15983927,0.4421809,0.7262024,0.0,0.6896164,0.0,0.0,0.9223781,0.0,1.3366302,1.3050089,1.2894604,0.0,0.93222755,1.4076256,0.88139254,0.50575703,0.84213287,0.4547182,0.0,1.7987108,0.34639314,0.0,0.0,0.72016126,0.61137,0.5380641,0.0,1.0632724,0.2607241,1.4600749,0.50548035,0.0,0.0,0.0,0.2844941,0.0,0.6712886,2.1773896,1.5703849,0.70171124,0.0,0.009807641,0.9071699,0.0,0.43173468,0.0,0.0,0.4591258,0.18100975,0.0,0.9638348,0.0,0.0,0.0,1.015764,0.99874425,0.0,0.055013593,0.89964867,0.0,0.10907365,0.0,0.24573413,1.3192933,0.0,0.0,1.2256281,0.0,0.0,0.84913784,0.47171238,0.0,0.0,0.9708292,0.0,0.0,1
0.83944815,0.7578893,0.0,0.0,1.7345526,0.78241146,0.0,0.8790277,0.0,0.88903975,0.0,0.03975876,1.2199873,0.0,1.5811198,0.0,1.7115434,0.0,1.0421878,0.5106994,0.0,0.0014477802,0.48781085,1.054477,1.7386619,0.0,1.9009051,0.0,1.1869714,0.98394644,0.0,1.5724285,0.0,0.0,0.0,1.1427805,0.0,0.69423217,0.0,0.0,1.1868707,0.1683084,1.1638848,0.0,0.70088476,0.08170136,0.6415753,0.0,0.0,0.0,0.0,0.96458477,0.0,0.0,1.4909395,0.99507797,0.0,0.0,0.0,0.83310956,0.9007546,0.0,0.0,0.94515866,0.0,0.0,1.472786,0.5646009,0.68207586,0.0,0.47346368,0.0,1.0497134,1.2538401,0.34837192,0.0,0.16379857,0.0,1.177623,0.90869224,0.0,0.0,0.6802056,0.38273472,0.15480429,1.4465544,0.9113813,0.76491326,1.0770347,0.36190796,1.2147214,0.0,1.5846326,1.7919313,0.19730905,0.0,0.57470715,0.0,1.0732201,1.7787567,1.1588291,0.37288034,1.4362534,0.64561015,0.0,0.34811455,1.2161247,0.0,0.0,0.7252835,0.0,0.0,2.0126166,0.9443308,0.0,0.0,0.20243786,1.7894363,1.0759455,0.3819847,0.0,0.0,0.79439867,0.0,0.0,0.54081047,0.24801348,0.4560988,0.0,0.0,0.0,2.0278952,0.0,1.946062,0.0,1.1274015,1.466945,0.6936037,0.0,1.037416,0.95180494,0.32610518,0.0,0.0,0.7610853,1.2441556,0.0,0.54823613,0.12024875,1.3004696,1.1943077,1.1664083,0.24667217,0.6293584,0.4939391,1.1950856,1.5230021,0.15035778,0.0,0.0,1.3787663,0.07169765,0.82428914,0.6647695,1.4981906,1.0087385,1.7807901,0.533999,0.39870122,0.0,0.0,1.7180508,0.3183602,0.48966148,0.8020315,1.9561651,0.5713071,2.1087866,0.0,1.1103586,0.02632513,0.85938835,0.0,0.8804103,0.0,0.0,0.9223579,0.0,1.0274818,0.6115205,2.3017642,0.0,0.80669063,1.9807516,0.6770787,0.7557599,1.2443994,0.7365535,0.0,1.6839284,0.34350905,0.0,0.0,0.0,0.5033987,0.21496573,0.22455388,1.4137601,0.050125785,1.3277485,0.79365903,0.2640585,0.0,0.0,0.79846287,0.0,0.0,2.0975459,1.7153853,0.36480534,0.0,0.0,0.9963895,0.0,0.3680547,0.0,0.0,0.6270714,0.4301201,0.0,1.1944306,0.0,0.45236316,0.38442433,1.2418205,1.0183884,0.0,0.0188339,1.07133,0.0,0.0,0.35734308,0.0,0.85411674,0.0,0.0,1.8589005,0.0,0.0,1.2949064,0.47587246,0.71531516,0.0,0.23062289,0.1791232,0.0,1
0.74827987,0.86952776,0.0,0.0420002,1.4071243,0.13965032,0.0,1.0396518,0.0,0.9210744,0.0,0.24550664,1.3633397,0.0,1.4179087,0.0,1.139421,0.26882824,0.9116238,0.0,0.0,0.0,0.42580393,0.7440034,2.6325064,0.0,1.8852439,0.140302,0.7634153,1.1847647,0.17832834,0.9570041,0.30224907,0.0,0.0,0.8000143,0.0,0.3480369,0.0,0.0,0.6123321,0.17731422,0.58688474,0.0,0.7151792,0.2761446,0.56933767,0.0,0.0,0.3751576,0.0,0.24640436,0.0,0.0,1.0675871,0.9954245,0.0,0.0,0.0,0.59321296,1.5984423,0.0,0.0,1.568163,0.16988309,0.0,0.960837,0.78683954,0.45706475,0.0,0.6381905,0.0,0.8573461,0.9227636,1.066416,0.0,1.2761492,0.0,0.7468598,1.5450139,0.0,0.0,1.4018354,0.5913383,0.97891706,1.3756732,0.2679838,1.0678298,1.2420756,0.123950444,1.0822079,0.0,1.6410953,1.0045669,0.0,0.0,0.93232524,0.60686445,1.5456251,1.8203892,1.4099149,0.0,1.4672707,0.78144777,0.0,0.14099182,0.31430992,0.0,0.0,0.31883773,0.0,0.0074667945,2.1884215,0.48073664,0.0,0.0,0.0,0.8163453,1.1498652,1.0902041,0.0,0.0,1.2527866,0.0,0.0,0.43846405,0.0,0.49985808,0.0,0.0,0.0,1.1804653,0.014056769,1.1404964,0.0,1.7165492,0.4937372,0.715388,0.0,1.6342398,1.1479943,0.0,0.0,0.0,0.89393556,1.4999685,0.0,0.0,0.83023703,1.3775132,0.5539038,0.9783139,0.0,0.14261834,0.85669667,1.4811423,1.5888523,0.094436064,0.0,0.0,1.835583,0.0,0.62165064,1.1585852,1.5163448,0.16378935,0.88869786,0.80307937,0.5789955,0.0,0.0,0.9688679,0.2743324,0.0,0.81807035,2.416148,0.25633594,2.3414617,0.0,0.8722668,0.53418374,1.068246,0.0,0.12752533,0.0,0.0,0.69561297,0.0,0.5552656,1.0670507,2.51997,0.0,0.8393098,2.2334902,1.2658304,0.1714329,0.5815182,0.6373973,0.0,1.6232439,0.4570823,0.0,0.0,0.70300066,0.0,0.3677158,0.34018186,1.4373754,0.29332188,0.9232269,0.24807888,0.295808,0.0,0.091156386,0.022366647,0.0,0.0,1.9761764,1.2413236,0.7900151,0.0,0.0,1.4476388,0.0,0.43079415,0.0,0.0,0.2130291,1.0405521,0.0,1.326503,0.0,0.089249566,0.6410543,1.8571007,0.42283157,0.0,0.634161,1.0910705,0.0,0.0,0.0,0.03737391,1.6604512,0.0,0.0,1.8055513,0.0,0.0,1.011245,1.1799512,0.4434782,0.0,0.0,0.61422163,0.0,1
