0,1,2,3,4,5,6,7,8,9,10,11,12,13,14,15,16,17,18,19,20,21,22,23,24,25,26,27,28,29,30,31,32,33,34,35,36,37,38,39,40,41,42,43,44,45,46,47,48,49,50,51,52,53,54,55,56,57,58,59,60,61,62,63,64,65,66,67,68,69,70,71,72,73,74,75,76,77,78,79,80,81,82,83,84,85,86,87,88,89,90,91,92,93,94,95,96,97,98,99,100,101,102,103,104,105,106,107,108,109,110,111,112,113,114,115,116,117,118,119,120,121,122,123,124,125,126,127,label
2.2184339,0.0,0.0,0.0,0.8831681,0.0,0.68078643,0.38947484,0.11719739,0.16794467,0.0,0.5054158,0.7961155,0.0,0.0,0.3403133,0.35444927,0.24075411,1.2747074,0.0,0.04556271,0.653738,0.25093144,1.0105352,1.3633518,0.33962688,1.2269967,1.0799274,0.0,0.6251092,0.6824145,0.0,0.79040766,0.25951046,0.0,0.35965332,0.0,1.0556371,0.6334663,0.23785412,0.0,0.9096798,0.0,0.5690938,1.33444,0.31394413,0.7931523,0.0,0.44819593,0.0,0.6593049,0.47725698,0.9907687,0.18370634,0.24796745,0.044073787,0.23338893,1.0265992,0.0,0.0,0.0,0.13189064,0.0,0.281678,0.0,0.77740884,0.0,0.3293355,0.0,0.09743082,0.0,0.2463743,0.128606,0.059642855,0.7894681,1.6617013,1.0335859,0.49944505,0.0,0.0,0.19153818,0.0,0.23362951,2.1273968,1.157152,1.2238662,0.0,0.0,0.0,0.0,0.30876184,0.71887064,0.14563738,0.47978738,0.58988273,0.0,0.10041065,0.2095118,0.0,0.031694245,0.0,1.3586293,1.480921,0.0,1.0451661,0.0076764477,0.77555925,0.06564727,0.0,0.2805104,1.3632891,0.0,0.0,0.71192414,0.400133,0.0,0.22848853,0.18109728,1.894581,0.0,0.0,0.0,0.0,0.0,0.0,0.71233815,0.0,0.0,1
2.4916852,0.0,0.0,0.0,0.94837356,0.0,0.5659362,0.13701445,0.38505274,0.12616888,0.0,0.96019846,0.51702845,0.13194151,0.0,0.09722972,0.24006696,0.24896264,1.3227267,0.0,0.35971206,0.85979784,0.450671,1.2666534,1.0824149,0.42864475,1.0663172,1.0158229,0.0,0.6197479,0.7656301,0.0,1.035186,0.2204906,0.0,0.0,0.0,0.96964943,0.6194081,0.1836497,0.10426811,1.0530237,0.0,0.47065982,1.3058723,0.39875734,0.9051755,0.0,0.54494,0.0,0.45198753,0.6907559,1.2991624,0.2795471,0.6248806,0.16405581,0.21663998,0.99384296,0.0,0.0,0.0,0.18066904,0.0,0.115585215,0.0,1.0063154,0.0,0.09317594,0.0,0.36881185,0.0,0.3173749,0.36862344,0.2403761,0.7709094,1.6698307,0.6084083,0.4463199,0.0,0.0,0.21475616,0.0,0.0,2.3403225,1.2805158,1.1050062,0.0,0.0,0.0,0.0,0.44321626,1.0170263,0.18781267,0.5570152,0.8109709,0.0,0.19537823,0.009989337,0.0,0.007028891,0.0,1.0937759,1.3322561,0.0,1.1281499,0.2525043,0.8401068,0.0,0.0,0.4389109,1.4049456,0.0,0.0,1.017506,0.15494317,0.0,0.0,0.33249944,2.408805,0.0,0.0,0.0,0.0,0.0,0.0,0.68164223,0.16653532,0.0,1
1.2984478,0.0,0.0,0.0,0.41920456,0.0,0.9636779,0.030593524,0.0,0.0,0.0,0.2351975,0.8484908,0.002940515,0.0,0.7627919,0.758499,0.046375133,1.4053367,0.0,0.0,0.39035362,0.27074146,0.7496443,1.4181044,0.0,0.75425935,0.6239519,0.0,0.7332671,0.39722288,0.08762492,0.71079564,0.16963086,0.0,0.67981064,0.0,0.8791728,0.73959374,0.20684236,0.0,0.5137827,0.0,0.20033745,0.86645895,0.024098793,0.56299216,0.0,0.28232253,0.020084338,0.9748092,0.22634022,1.1147448,0.0,0.3455063,0.03240898,0.2508146,0.9206967,0.0,0.0,0.0,0.022833766,0.0,0.0,0.13421805,0.7301052,0.04168718,0.2536415,0.0,0.0,0.0,0.0,0.0,0.0,0.35228407,1.0576705,0.91400266,0.7160141,0.07742122,0.0,0.17310736,0.0,0.16906376,1.1471446,0.73936087,1.1939567,0.0,0.0,0.0,0.0,0.0,0.46563664,0.3316497,0.22186422,0.21786897,0.0,0.0,0.0,0.0,0.0,0.0,1.180884,1.6360549,0.0,1.1039913,0.25981143,0.770163,0.0,0.0,0.33911648,1.0667458,0.12189165,0.0,0.41109025,0.37926957,0.0,0.28964734,0.0,1.0332291,0.0,0.0,0.053403616,0.0,0.0,0.0,0.69597775,0.0,0.026429445,0
1.6843314,0.0,0.0,0.0,0.65464914,0.0,0.83246875,0.1555073,0.0,0.0,0.0,0.5110392,1.133949,0.0,0.0,0.70852315,0.5028213,0.10370944,1.3927186,0.0,0.1708397,0.53074694,0.3302076,0.96762764,1.3914769,0.1514417,0.8883389,1.0032799,0.0,0.8450422,0.66732866,0.012786329,0.86215425,0.32070392,0.0,0.5929282,0.0,0.7032752,0.65566885,0.21818762,0.0,0.6956668,0.0,0.3421063,1.0576344,0.0,0.82142156,0.0,0.52093464,0.0,0.8485211,0.29410675,0.9853997,0.116879135,0.22953413,0.0,0.4920454,0.90467095,0.0,0.0,0.0,0.0,0.0,0.37093845,0.073200025,0.66018534,0.022587594,0.32947224,0.0,0.0,0.0,0.0,0.0,0.0,0.6993846,1.3432484,1.1388136,0.5675592,0.0,0.0,0.104125716,0.0,0.08473512,1.5870246,0.9325953,1.2262048,0.0,0.0,0.0,0.0,0.08874977,0.43718886,0.28902677,0.39070803,0.54152644,0.0,0.0,0.0,0.0,0.0,0.0,1.3087735,1.624441,0.0,1.2139791,0.21039045,0.61935574,0.0,0.0,0.4147303,1.1292795,0.0,0.0,0.40261748,0.3898303,0.0,0.38022026,0.01920467,1.5436219,0.0,0.0,0.0,0.0,0.0,0.0,0.8535683,0.0,0.0,1
1.7094063,0.0,0.0,0.10603421,0.13035546,0.0,0.9978157,0.051143713,0.02444902,0.0557375,0.0,0.41898248,0.9606669,0.16512549,0.0,0.966258,0.34660116,0.10903738,1.4456941,0.0,0.10020606,0.24487637,0.21737754,1.1056198,1.0827413,0.3633686,0.48934606,0.76468277,0.0,1.0397143,0.6419248,0.016582862,1.0563065,0.30683437,0.0,0.37446052,0.0,0.5450685,0.73676974,0.04401386,0.0,0.52785784,0.0,0.14555101,0.6824922,0.0,0.9721038,0.0,0.664417,0.0,0.98806727,0.0,0.9021127,0.0,0.2840862,0.0,0.67245996,1.0440211,0.0,0.028367726,0.0,0.0,0.0,0.0,0.024633199,0.84280825,0.0,0.0,0.0,0.0,0.29044345,0.0,0.0,0.0,0.3587863,1.0977559,1.006229,1.0373962,0.05537848,0.0,0.0,0.0,0.0,1.2479315,0.6307612,0.8027423,0.015404883,0.0,0.0,0.0,0.0,0.23559114,0.29424033,0.22878245,0.0,0.0,0.0,0.0,0.0,0.0,0.0,1.0260346,1.523921,0.0,1.0357673,0.34437573,0.76907426,0.0,0.0,0.25974503,1.0519851,0.0,0.0,0.42930412,0.08730292,0.0,0.0,0.0,1.2209415,0.0,0.0,0.0,0.0,0.0,0.0,0.6666174,0.0,0.0,0
1.4173664,0.0,0.0,0.06502514,0.2182979,0.0,0.6523774,0.14349666,0.0,0.0,0.0,0.26535022,1.2243043,0.013555193,0.0,1.1814724,0.7077542,0.07802189,1.4379636,0.0,0.11555341,0.4097032,0.30094808,0.8901489,1.1294742,0.10089356,0.50617665,0.69734436,0.0,0.9071748,0.53351647,0.035502635,0.83067644,0.24972215,0.0,0.5912625,0.0,0.5998699,0.5849189,0.27047026,0.0,0.45012262,0.0,0.22382478,0.75872,0.0,0.6761406,0.0,0.6013127,0.08422363,0.9298431,0.0,1.1153378,0.0,0.28960568,0.0,0.48721227,0.93744004,0.0,0.16289246,0.0,0.03217541,0.0,0.0,0.019354582,0.6730041,0.025927056,0.21827742,0.0,0.0,0.3282329,0.0,0.0,0.0,0.3758316,0.93731403,1.1569923,0.75106615,0.10371575,0.0,0.0,0.0,0.20184965,0.8766192,0.7615215,0.88089037,0.0,0.0,0.0,0.0,0.0,0.29218143,0.16341509,0.2779427,0.100007646,0.0,0.0,0.0,0.0,0.0,0.0,0.8898133,1.7124376,0.0,1.1614683,0.56699264,0.69227034,0.0,0.0,0.17205733,1.1162355,0.0,0.0,0.41097564,0.23824409,0.0,0.0,0.0,1.0562437,0.0,0.0,0.0,0.0,0.0,0.0,0.9506749,0.0,0.0,0
1.4801183,0.0,0.0,0.13198777,0.5897648,0.0,0.8185188,0.4546122,0.0,0.0,0.0,0.5888476,1.0964744,0.0,0.0,0.91257375,0.34028974,0.07936118,1.3815638,0.0,0.112959445,0.45272708,0.19483614,0.8139379,1.1420811,0.01003453,1.0162771,0.829569,0.0,1.0465646,0.29790783,0.0,0.74271333,0.54600763,0.0,0.87560546,0.0,0.9255811,0.54790384,0.21328937,0.0,0.50062865,0.0,0.23513132,1.0312632,0.0,0.48716712,0.0,0.34353852,0.14008467,0.8966322,0.10093069,0.91454893,0.0,0.120760426,0.07793469,0.5020231,0.7518452,0.0,0.0,0.0,0.21231414,0.0,0.34634796,0.09211137,0.6285908,0.038864437,0.26264012,0.0,0.0,0.26852086,0.0,0.0,0.08462192,0.62094843,1.1151241,1.3358698,0.85402316,0.0,0.0,0.1698614,0.0,0.10778167,1.1801605,0.7603734,1.2486459,0.0,0.0,0.0,0.0,0.0,0.44138008,0.33297494,0.18952015,0.3409487,0.0,0.0,0.09483512,0.0,0.0,0.0,1.3019403,1.725368,0.0,1.4227473,0.23019518,0.73819995,0.0,0.0,0.2814511,1.1535169,0.019994488,0.0,0.25936055,0.2782023,0.0,0.08909142,0.0,1.2893888,0.0,0.0,0.009195291,0.0,0.0,0.0,1.1963522,0.0,0.0,1
1.559071,0.0,0.0,0.08439011,0.51580465,0.0,0.7991772,0.37134686,0.0,0.0,0.0,0.33542615,1.3712791,0.0,0.0,0.9297623,0.6359376,0.012367642,1.5540303,0.0,0.0,0.57813233,0.34352863,1.0163214,1.3862305,0.056395292,0.7358512,1.007762,0.0,0.85505384,0.49640203,0.12925054,0.85728514,0.510013,0.0,0.68744355,0.0,0.86306614,0.6143771,0.15660262,0.0,0.6153635,0.0,0.2569206,1.0391961,0.0,0.73631746,0.0,0.5142949,0.08231786,0.88839835,0.194889,0.99501497,0.0,0.18957911,0.0,0.55856824,0.8785042,0.04860219,0.0,0.0,0.078599885,0.0,0.25501642,0.0825488,0.7880001,0.20334393,0.39651877,0.0,0.0,0.009729886,0.0,0.0,0.0,0.62723833,1.3252902,1.2512293,0.70438224,0.0,0.0,0.13923585,0.0,0.12460204,1.3729633,0.9068268,1.186798,0.0,0.0,0.0,0.0,0.0,0.4337626,0.30282286,0.24870719,0.30759242,0.0,0.0,0.0,0.0,0.0,0.0,1.4069943,1.7348988,0.0,1.367793,0.3677224,0.59331685,0.002050782,0.0,0.25202575,1.245465,0.0,0.0,0.16656306,0.36548615,0.0,0.52274317,0.0,1.4493213,0.0,0.0,0.03008795,0.0,0.0,0.0,0.8925146,0.0,0.0,1
1.3827082,0.0,0.0,0.23032328,0.39111176,0.0,0.75776094,0.7117509,0.0,0.0,0.0,0.47352606,1.1725134,0.0,0.06004206,0.8571924,0.35276052,0.029572835,1.1972084,0.022304239,0.20344038,0.32776868,0.09739199,0.77546775,1.040081,0.0,0.9485097,0.8972912,0.0,1.3142052,0.22469158,0.0,0.691092,0.83241105,0.0,0.9050205,0.0,1.0061976,0.53673077,0.43647593,0.0,0.3584498,0.0,0.20181434,0.88411546,0.0,0.4993939,0.0,0.17456932,0.0,0.76829666,0.0,0.7365175,0.0,0.024357479,0.19954205,0.66094667,0.77385414,0.0,0.08688328,0.0,0.0,0.0,0.22973937,0.0055391677,0.66476595,0.3951867,0.29026586,0.0,0.29640228,0.3477386,0.0,0.17075895,0.12996358,0.7842403,1.2297952,1.2015696,0.8598698,0.0,0.0,0.16826992,0.0,0.064304136,1.0953715,0.7571974,1.0022007,0.0,0.0,0.0,0.0,0.0,0.4311496,0.407815,0.2549026,0.1781398,0.0,0.0,0.19150679,0.0,0.0,0.0,1.4818901,1.9973356,0.0,1.4062164,0.2239777,0.6252931,0.0,0.0,0.32694522,1.084199,0.12766723,0.0,0.28263846,0.47141424,0.0,0.0,0.0,1.2129645,0.0,0.0,0.0,0.0,0.0,0.0,1.5946435,0.14481069,0.0,1
1.5366023,0.0,0.0,0.035031952,0.37747645,0.0,0.72395784,0.379786,0.0,0.0,0.0,0.39026,1.4347019,0.0,0.0,0.93839073,0.6627504,0.2065603,1.7075921,0.0,0.107663244,0.5825179,0.4817398,0.8373984,1.4723293,0.01946479,0.8926109,1.0077877,0.0,0.85945797,0.45851263,0.14266704,0.77553374,0.4538297,0.0,0.81322014,0.0,0.85505897,0.5601008,0.47008714,0.08248057,0.5765401,0.0,0.3721045,1.0974907,0.0,0.5991885,0.0,0.4741696,0.057555865,0.78799456,0.18265659,1.0946257,0.0,0.3735627,0.0,0.5373931,0.7166676,0.0,0.0,0.0,0.34609595,0.0,0.29303885,0.0,0.7640316,0.32562512,0.6014259,0.0,0.0,0.0,0.0,0.0,0.0,0.7147214,1.287132,1.4070739,0.6182989,0.0,0.0,0.0,0.0,0.183102,1.2521938,1.0226618,1.3043061,0.0,0.0,0.0,0.0,0.0,0.4717284,0.13295282,0.2264952,0.4484273,0.0,0.0,0.0,0.0,0.0,0.0,1.324325,1.864972,0.0,1.4245478,0.3140781,0.493083,0.1042824,0.0,0.28583422,1.2548839,0.0,0.0,0.2720914,0.523247,0.0,0.58642316,0.024929397,1.4628528,0.0,0.0,0.055036113,0.0,0.0,0.0,1.2472799,0.0,0.0,1
1.4259441,0.0,0.0,0.013370731,0.43079674,0.0,0.9381226,0.36472708,0.0,0.0,0.0,0.42285025,1.1232723,0.0,0.0,0.93460757,0.41669413,0.23121592,1.383148,0.0,0.044382747,0.4766732,0.28188592,1.078788,1.209696,0.12929186,0.77759427,0.93402684,0.0,1.0592874,0.49849,0.12521808,0.8640363,0.450019,0.0,0.69691414,0.0,0.8669434,0.68322945,0.2725719,0.0,0.5180371,0.0,0.18623121,0.9467208,0.0,0.5986926,0.0,0.382182,0.061252154,0.83960015,0.13440709,0.8614195,0.0,0.20868573,0.0,0.5454118,0.7696947,0.0,0.0,0.0,0.12922587,0.0,0.26439756,0.0,0.8300549,0.2435774,0.34806073,0.0,0.111550115,0.18293585,0.06984304,0.0050103236,0.0,0.6899804,1.1943265,1.3486329,0.757497,0.0,0.0,0.09279094,0.0,0.0,1.1891301,0.90601844,1.1377966,0.0,0.0,0.0,0.0,0.0,0.43689495,0.32345495,0.24540225,0.27001545,0.0,0.0,0.037705585,0.0,0.0,0.0,1.3966326,1.6777625,0.0,1.3634818,0.26059204,0.5277971,0.050475307,0.0,0.36038187,1.0425047,0.027806578,0.0,0.43188506,0.37027583,0.0,0.3184838,0.0,1.3937426,0.0,0.0,0.05263914,0.0,0.0,0.0,1.2594832,0.0,0.0,1
1.0793535,0.0,0.0,0.20263498,0.39878702,0.120493785,0.7987091,0.5525908,0.0,0.0,0.0,0.5332867,1.0864186,0.0,0.026150227,0.90529054,0.52550596,0.22313166,1.0131179,0.16744286,0.13043055,0.33185825,0.3372325,0.5649481,1.1838999,0.0,0.8666066,0.670592,0.0,1.1825571,0.27398187,0.0,0.39517906,0.75935066,0.0,1.006416,0.0,1.1556149,0.41113552,0.41531745,0.0,0.31944558,0.0,0.19719441,0.83297086,0.0,0.32015973,0.0,0.17746936,0.1319119,0.80414534,0.15609278,0.8474434,0.0,0.2618485,0.39750788,0.61357063,0.8062141,0.0,0.052654274,0.0,0.3774651,0.0,0.24471289,0.13527194,0.34297815,0.25824407,0.39860752,0.0,0.2808034,0.2623636,0.0,0.1685736,0.0,0.5085661,0.98596096,1.4708773,0.8961554,0.0,0.0,0.32221705,0.0,0.18361954,0.7877473,0.6867631,1.1681727,0.0,0.0,0.0,0.0,0.0,0.502478,0.4930434,0.10892272,0.22616717,0.0,0.0,0.18623935,0.27009526,0.0,0.0,1.371322,2.0831497,0.0,1.3223438,0.2558241,0.69496316,0.0,0.0,0.50734144,1.1084719,0.4459429,0.0,0.29110414,0.5452229,0.0,0.16469753,0.0,1.3244636,0.0,0.0,0.085803404,0.0,0.0,0.0,1.6641165,0.06038661,0.0,1
1.7970908,0.0,0.0,0.106473394,0.42210287,0.0,0.49578914,0.35005692,0.0,0.0,0.0,0.60748374,1.0304248,0.0,0.0,0.84826154,0.5446487,0.0,1.2503322,0.0,0.28652233,0.5088633,0.25042653,0.81693804,1.0610292,0.1633339,0.7605287,0.9978719,0.0,0.9636486,0.47353047,0.06528994,0.8544894,0.4005917,0.0,0.41127393,0.0,0.7652132,0.70256376,0.17078273,0.06387121,0.6499953,0.0,0.3343694,0.85968167,0.0,0.9081846,0.0,0.46729094,0.03260001,0.8315906,0.0,0.9706893,0.0,0.105024055,0.08058927,0.38158396,0.92085713,0.0,0.0,0.0,0.0,0.0,0.0,0.0,0.6672224,0.0,0.09568734,0.0,0.0,0.056549888,0.0,0.0,0.08384347,0.5557695,1.1173568,0.9709551,0.7984881,0.120244026,0.0,0.012673832,0.0,0.124342166,1.4358896,0.7870481,0.8668705,0.0,0.0,0.0,0.0,0.0,0.38732052,0.059494775,0.18214013,0.22339441,0.0,0.0,0.00046606426,0.0,0.0,0.0,1.2204667,1.5513837,0.0,1.1604205,0.29014587,0.66877824,0.0,0.0,0.18479176,1.340161,0.0,0.0,0.3454782,0.17195334,0.0,0.0,0.0,1.3766394,0.0,0.0,0.0,0.0,0.0,0.0,0.816571,0.0,0.0,0
1.4093701,0.0,0.0,0.032472007,0.13932475,0.0,0.72446924,0.08108682,0.038789365,0.038394358,0.0,0.44377068,1.0939485,0.22373222,0.0,1.057963,0.46646664,0.17696609,1.2220072,0.0,0.1219791,0.31121588,0.23377532,0.92173237,0.9247557,0.16512944,0.25041336,0.6962041,0.0,1.0609982,0.64554006,0.0,0.79127944,0.36976874,0.0,0.43237293,0.0,0.5752622,0.6793292,0.22289397,0.0,0.536731,0.0,0.16455917,0.4668423,0.0,0.74482256,0.0,0.5261379,0.0,0.9111293,0.0,0.7279092,0.0,0.23629175,0.0,0.6906114,0.9251782,0.058455523,0.29660848,0.0,0.0,0.0,0.0,0.0,0.60951424,0.0,0.09337147,0.0,0.0,0.31619987,0.0,0.0,0.0,0.26650026,0.92213917,0.93953776,0.87253654,0.11711097,0.0,0.0,0.0,0.16850482,0.88389266,0.6412902,0.6645282,0.114563525,0.0,0.0,0.0,0.0,0.1995977,0.12177161,0.18391612,0.07345334,0.0,0.0,0.0,0.0,0.0,0.0,1.0069544,1.4565555,0.0,1.1527656,0.45274255,0.58103865,0.008694887,0.0,0.27359974,0.8598732,0.0,0.0,0.46155497,0.3343406,0.0,0.0,0.0,1.2126927,0.0,0.0,0.0,0.0,0.0,0.0,0.7139539,0.0,0.0,0
1.555511,0.0,0.0,0.08382305,0.37433732,0.0,0.8744874,0.25621432,0.0,0.0,0.0,0.5161359,0.88366455,0.00052137114,0.0,0.70449156,0.2834604,0.14390245,1.1273274,0.0,0.18536028,0.34127873,0.1569037,0.93035126,1.0470052,0.20752816,0.69544095,0.75453675,0.0,1.0764254,0.51771456,0.0,0.92964286,0.44951224,0.0,0.53968394,0.0,0.78907907,0.72170764,0.19088082,0.0,0.45961168,0.0,0.19343257,0.7700017,0.0,0.732969,0.0,0.42441654,0.08226241,0.9486338,0.0,0.7226158,0.041743327,0.19043337,0.0,0.4148626,0.76320606,0.0,0.0,0.0,0.0,0.0,0.15782546,0.02870772,0.6688435,0.0,0.08864107,0.0,0.0,0.20546253,0.0,0.0,0.056223657,0.45694703,0.9674538,0.987197,0.87725013,0.09627316,0.0,0.07792533,0.0,0.014780514,1.1311084,0.69883424,0.9482694,0.0,0.0,0.0,0.0,0.0,0.12466999,0.1148488,0.31943956,0.18219185,0.0,0.0,0.0,0.0,0.0,0.0,1.1178854,1.4834281,0.0,1.2772557,0.2203534,0.73229504,0.0,0.0,0.3077462,0.98484826,0.10113983,0.0,0.3720622,0.18690683,0.0,0.0,0.0,1.3043225,0.0,0.0,0.0,0.0,0.0,0.0,0.93894035,0.0,0.0,0
1.3016351,0.0,0.0,0.24067895,0.36923417,0.18560417,0.62185127,0.49731874,0.0,0.0,0.0,0.54092014,1.2942383,0.0,0.0,1.035478,0.44024497,0.07067885,1.2644519,0.03711626,0.3278935,0.4792409,0.14779961,0.7653188,1.0664796,0.026405275,0.78238165,0.829797,0.0,1.1842698,0.3430349,0.0,0.62414974,0.69213146,0.0,0.75238395,0.0,0.8694614,0.5066015,0.33535588,0.08257467,0.40333682,0.0,0.12991367,0.8355492,0.0,0.6849558,0.0,0.36244637,0.10327348,0.78638124,0.0,0.7966195,0.0,0.14647514,0.26378125,0.66764194,0.9054626,0.0,0.21836798,0.0,0.04037511,0.0,0.0,0.0,0.65092075,0.141711,0.18587255,0.0,0.11565315,0.22212331,0.0,0.10888019,0.06789295,0.5242681,1.0192325,1.2143067,0.9016458,0.0,0.0,0.16568792,0.0,0.16307785,1.0096735,0.72188014,1.0140765,0.0,0.0,0.0,0.0,0.0,0.3840047,0.2590239,0.27394095,0.06747232,0.0,0.0,0.004645065,0.0,0.0,0.0,1.253891,1.7629406,0.0,1.3345912,0.26332632,0.5722574,0.0,0.0,0.33960423,1.0845884,0.08858754,0.0,0.356791,0.41675678,0.0,0.0074282275,0.0,1.2412791,0.0,0.0,0.089888945,0.0,0.0,0.0,1.4345713,0.0,0.0,1
1.2931999,0.0,0.0,0.055242307,0.16197242,0.02575269,0.22835153,0.040082447,0.12881276,0.0,0.0,0.65741813,1.1362969,0.16238102,0.009721115,0.981772,0.41671118,0.07712502,0.87403214,0.0,0.28013238,0.3657318,0.2991958,0.43534845,0.68219256,0.026289463,0.27579772,0.6033212,0.0,0.89213747,0.48910552,0.06779966,0.36895192,0.35701275,0.0,0.3981884,0.0,0.7079793,0.36889452,0.4555922,0.030521462,0.72462785,0.0,0.10807968,0.3978179,0.0,0.6356427,0.0,0.3223665,0.0,0.47023287,0.0,0.6396578,0.027439198,0.1675512,0.39461115,0.58302134,0.49596646,0.0,0.59692144,0.0,0.079486676,0.0,0.0,0.0,0.3124402,0.025316361,0.297015,0.0,0.11151963,0.31899366,0.0,0.12605773,0.030300211,0.5335349,0.5996767,0.8573802,0.6902252,0.19290872,0.0,0.24264777,0.0,0.33013088,0.69381714,0.65405446,0.55196255,0.03055725,0.0,0.0,0.0,0.0129839,0.4638844,0.1468578,0.06993623,0.0,0.0,0.0,0.12779354,0.0,0.0,0.0,0.7957795,1.2970219,0.0,1.1664251,0.3231631,0.57167125,0.098500736,0.0,0.12043933,1.0036297,0.10083605,0.0,0.39667317,0.38757026,0.09103528,0.0,0.0,0.98296964,0.0,0.0,0.076175734,0.0,0.0,0.0,1.1212023,0.3418881,0.0,1
0.69871724,0.0,0.0,0.28720704,0.0,0.38693902,0.75283474,0.41378316,0.04213355,0.25738356,0.0,0.31946772,0.78892475,0.26961234,0.4838297,1.0412501,0.38470158,0.0,0.56730443,0.4758375,0.20692421,0.20444939,0.0906036,0.55946046,0.48475933,0.0,0.23158622,0.23655374,0.21652138,1.1284208,0.29499003,0.0,0.5091171,0.4821907,0.0,0.5375359,0.0,0.4991874,0.41297516,0.37221348,0.0,0.14188772,0.0,0.057818066,0.44727027,0.0,0.42057845,0.0,0.15175925,0.1174649,0.64838904,0.0,0.5814716,0.0,0.3146705,0.6989926,0.5715826,0.85391474,0.0,0.49018767,0.0,0.3631103,0.0,0.0,0.029551972,0.3172819,0.0,0.39274406,0.0,0.071353905,0.501091,0.0,0.3116975,0.0,0.14738235,0.36963233,1.0135359,0.97021776,0.0,0.0,0.414342,0.015617142,0.31606543,0.4701605,0.53777915,0.68280435,0.0,0.0,0.0,0.0,0.0,0.24134244,0.3140029,0.14060923,0.0,0.0,0.0,0.05184464,0.84890664,0.0,0.0,0.7640326,1.574737,0.0,0.97322786,0.07526351,0.5342745,0.21644878,0.0,0.35086682,1.0316905,0.3814549,0.0,0.6854094,0.44586796,0.0,0.0,0.0,1.0761244,0.0,0.0,0.08249596,0.0,0.0,0.037836768,1.6024877,0.42341113,0.19238512,0
1.3034196,0.0,0.0,0.06448492,0.39365828,0.0,0.86981684,0.5216131,0.0,0.0,0.0,0.18427862,1.313712,0.0,0.0,0.92897755,0.5675448,0.0,1.5578834,0.0,0.072919965,0.3582906,0.20206214,0.6919987,1.4556955,0.0,1.0071871,0.74261403,0.0,0.99284136,0.30257356,0.05121571,0.6513301,0.56353146,0.0,0.85648686,0.0,1.0102353,0.67117727,0.259829,0.0,0.5312153,0.0,0.3770515,0.9421299,0.0,0.39390042,0.0,0.49904603,0.0,0.74352986,0.034186885,0.84258574,0.0,0.15802568,0.0,0.43969116,0.36537382,0.0,0.0,0.0,0.23120283,0.0,0.30859688,0.05883286,0.6040595,0.50001013,0.31453878,0.0,0.0,0.070093386,0.0,0.0,0.036410633,0.6448218,1.2408311,1.286556,0.669807,0.0,0.0,0.0,0.0,0.11150571,1.1497267,0.9198558,1.2867783,0.0,0.0,0.0,0.0,0.0,0.41577765,0.2974548,0.24372958,0.357678,0.0,0.0,0.1060247,0.0,0.0,0.0,1.4171296,1.9250718,0.0,1.4492501,0.24840501,0.53813547,0.0706918,0.0,0.28303158,1.2604686,0.07810031,0.0,0.17631303,0.37187108,0.0,0.34356436,0.0,1.1870646,0.0,0.0,0.06577279,0.0,0.0,0.0,1.4535666,0.0,0.0,1
1.3959026,0.0,0.0,0.0,0.24488194,0.0,0.55225796,0.35471314,0.0,0.0,0.0,0.049917553,1.4269782,0.1153569,0.0,1.1095653,0.78436345,0.038782842,1.4797593,0.0,0.11079854,0.54779994,0.14517711,1.0147343,1.0493914,0.14096521,0.36122668,0.58004993,0.0,1.0014915,0.46852326,0.13392857,0.6082003,0.38633287,0.0,0.36948603,0.0,0.53091204,0.70450455,0.22642834,0.0,0.56712717,0.0,0.2508114,0.6595107,0.0,0.8487701,0.0,0.5275219,0.10693962,0.93437034,0.0,0.8586857,0.0,0.26430485,0.0,0.55256164,1.0934615,0.0,0.16172998,0.0,0.0,0.0,0.0,0.07995857,0.87502533,0.11372608,0.19148211,0.0,0.0,0.1561485,0.0,0.0,0.0,0.5150256,1.0044128,1.2232628,0.865905,0.0,0.0,0.0,0.0,0.04712727,0.99982274,0.5880067,0.85967356,0.0,0.0,0.0,0.0,0.0,0.10237909,0.051432054,0.2353295,0.16088969,0.0,0.0,0.0,0.0,0.0,0.0,1.2025307,1.5677391,0.0,1.2352518,0.5896449,0.59460205,0.0,0.0,0.23332748,1.1450949,0.07273265,0.0,0.29307282,0.0047248965,0.0,0.07934481,0.0,1.0423266,0.0,0.0,0.13848568,0.0,0.0,0.0,0.74868935,0.0,0.01699884,0
1.375323,0.0,0.0,0.0,0.5758244,0.0,0.9139189,0.14016205,0.0,0.07797891,0.0,0.38208356,0.45088628,0.0,0.0,0.4430752,0.408922,0.12771946,1.1856129,0.0,0.0,0.14658874,0.27879748,0.7781249,1.4102972,0.09823719,0.86963433,0.766729,0.0,0.5235843,0.37571624,0.06280671,0.5204249,0.33199835,0.0,0.52296615,0.0,0.9260445,0.73081094,0.05830801,0.0,0.33967617,0.0,0.16791703,0.9408978,0.075243,0.49113396,0.0,0.14137353,0.0,0.8356902,0.33252352,1.0392274,0.0,0.17689395,0.0,0.16532165,0.56442463,0.0,0.0,0.0,0.0,0.0,0.2065673,0.011292089,0.6632991,0.022288416,0.13528253,0.0,0.12456172,0.0,0.10327597,0.21820465,0.0,0.41002837,1.0898737,0.92903733,0.76536655,0.0013741686,0.0,0.169258,0.0,0.14307396,1.3322775,0.6365045,1.0330838,0.0,0.0,0.0,0.0,0.09067216,0.5620076,0.29350364,0.0846219,0.3569227,0.0,0.0,0.1645136,0.0,0.0,0.0,1.0893457,1.4919472,0.0,1.1515275,0.0098803,0.78660953,0.0,0.0,0.2074649,0.90358216,0.0828989,0.0,0.5564373,0.3950164,0.0,0.117905945,0.0,1.1973674,0.0,0.0,0.0,0.0,0.0,0.0,1.0055065,0.0,0.0,1
0.87501085,0.0,0.0,0.063270934,0.1665602,0.16406915,0.816688,0.29172418,0.20671217,0.06621661,0.0,0.37665978,0.7137972,0.044368558,0.037944704,1.058206,0.5574585,0.0012162388,1.1116319,0.21614964,0.09100315,0.21748401,0.31356686,0.548675,1.0957229,0.0,0.5100247,0.26781327,0.0,0.9438165,0.27529684,0.16084453,0.4463991,0.3406123,0.0,0.60213786,0.0,0.66313475,0.5395488,0.2268034,0.0,0.29371357,0.0,0.0028692968,0.5872627,0.0,0.36886084,0.0,0.02485057,0.0,0.93054265,0.0,1.0680238,0.0,0.2850217,0.30051002,0.3444301,0.7216443,0.0,0.4820065,0.0,0.21166275,0.0,0.0,0.06762932,0.5615724,0.0,0.22195753,0.0,0.103333525,0.229439,0.0,0.08625139,0.0,0.20525971,0.6849421,0.98907906,0.8921892,0.01130682,0.0,0.20917392,0.0,0.2577738,0.64749324,0.4776677,0.73915714,0.0,0.0,0.0,0.0,0.0,0.36448926,0.3169931,0.11175209,0.045114227,0.0,0.0,0.0,0.51394725,0.0,0.0,0.7937245,1.4677097,0.0,1.1809473,0.30745816,0.59461457,0.02373205,0.0,0.23342966,0.7612897,0.21902709,0.0,0.5029445,0.32695764,0.0,0.0,0.0,0.9135619,0.0,0.0,0.065516695,0.0,0.0,0.0,1.0891647,0.018739855,0.068699606,0
1.629744,0.0,0.0,0.18864118,0.6458942,0.0,0.9395216,0.6352511,0.0,0.0,0.0,0.56974113,0.9970643,0.0,0.04498416,0.7769367,0.14700629,0.078037106,1.3541907,0.0,0.17062233,0.40980047,0.022373598,0.8757273,1.0474824,0.0,1.1829501,0.84353065,0.0,1.1282543,0.08442522,0.02767159,0.72267616,0.62536377,0.0,0.86153346,0.0,0.9190618,0.6153058,0.15689729,0.0,0.5026579,0.0,0.36565474,1.0487005,0.0,0.3454931,0.0,0.3537745,0.07008661,0.82843757,0.0815752,0.6317843,0.0,0.0,0.16130282,0.44629577,0.64326936,0.0,0.0,0.0,0.0,0.0,0.32062152,0.056586474,0.90162337,0.22564463,0.17524573,0.0,0.23582923,0.1007256,0.06897116,0.122666836,0.058528747,0.79253924,1.2063118,1.0952287,0.9178708,0.0,0.0,0.26979366,0.0,0.0,1.4777534,0.77005583,1.1616735,0.0,0.0,0.0,0.0,0.0,0.38432562,0.42110398,0.28488824,0.29858387,0.0,0.0,0.07996334,0.0,0.0,0.0,1.6180191,1.6458976,0.0,1.4470831,0.18668303,0.5922041,0.0,0.0,0.29498953,1.1960112,0.0,0.0,0.22770545,0.24171448,0.0,0.1267266,0.0,1.3631184,0.0,0.0,0.0,0.0,0.0,0.0,1.4100472,0.10590465,0.0,1
0.8874561,0.0,0.0,0.0,0.18127577,0.14238356,0.35203293,0.29435447,0.25247663,0.0,0.0,0.53739184,1.0400335,0.0,0.035166115,0.92668396,0.6472712,0.16809683,1.1029501,0.0,0.2538814,0.2897717,0.18903166,0.3676226,0.98280066,0.0,0.7474078,0.6620183,0.0,0.83667153,0.28878388,0.0,0.28005016,0.30804756,0.0,0.48877475,0.0,0.96176517,0.36401844,0.50249624,0.0,0.59349746,0.0,0.039813515,0.6605489,0.0,0.47427985,0.0,0.17451856,0.0,0.6429866,0.0,0.9923192,0.0,0.12334484,0.23544803,0.3399343,0.62258685,0.0,0.57568645,0.0,0.50889176,0.0,0.12129938,0.08295697,0.5306051,0.0,0.5644437,0.0,0.088602595,0.27837837,0.0,0.15156661,0.08510113,0.6295953,0.7313713,1.2258,0.71318793,0.2417986,0.0,0.1955806,0.0,0.4309609,0.80083305,0.6346799,0.9242113,0.0,0.0,0.0,0.0,0.0,0.5387547,0.17978488,0.12562259,0.061645634,0.0,0.0,0.19337334,0.22586043,0.0,0.0,0.6847485,1.21717,0.0,1.124128,0.37325653,0.701371,0.0,0.0,0.13784903,0.8753664,0.0,0.0,0.5105434,0.34571445,0.0,0.0,0.0,1.0935342,0.0,0.0,0.055795953,0.0,0.0,0.0,1.2016873,0.10140836,0.0,1
1.6744801,0.0,0.0,0.0,0.75832593,0.0,0.83856314,0.42858595,0.0,0.0,0.0,0.24395953,1.4219372,0.0,0.0,0.8923438,0.6348839,0.07233585,1.7992377,0.0,0.014671352,0.6305088,0.25189668,1.0488763,1.4552505,0.062555164,1.0084275,1.1131163,0.0,0.75270694,0.4864573,0.05181225,0.8049432,0.44072896,0.0,0.78519243,0.0,0.871265,0.57542175,0.46074075,0.057229795,0.69952834,0.0,0.40582517,1.1816775,0.0,0.8849919,0.0,0.53467125,0.0,0.8895335,0.24742295,0.98731184,0.0,0.22498529,0.104293056,0.54525846,0.9761122,0.0,0.0,0.0,0.019498104,0.0,0.30124953,0.0,0.92441374,0.30632603,0.5212642,0.0,0.0,0.0,0.0,0.11096163,0.0,0.7521201,1.6757158,1.3756641,0.534439,0.0,0.0,0.13330692,0.0,0.2643763,1.7354383,1.1154492,1.4031149,0.0,0.0,0.0,0.0,0.16151857,0.43612993,0.28755018,0.33399388,0.46493354,0.0,0.0,0.0,0.0,0.0,0.0,1.5519996,1.7727526,0.0,1.4388778,0.2696625,0.5993648,0.0,0.0,0.2734187,1.3508453,0.0,0.0,0.33605304,0.5046582,0.0,0.50615793,0.0,1.5050354,0.0,0.0,0.082510084,0.0,0.0,0.0,1.0542471,0.0,0.0,1
0.752259,0.0,0.0,0.30226794,0.0,0.12960713,0.028618222,0.62158936,0.04233528,0.2661798,0.0,0.7645073,0.7432541,0.30856025,0.302895,1.0236771,0.5593744,0.12095974,0.02088992,0.26930067,0.52116835,0.38389203,0.0,0.0,0.3630635,0.013939141,0.1992308,0.0,0.35057187,0.7573468,0.21290609,0.0,0.0,0.25229105,0.0,0.5067248,0.0,0.2880081,0.0,0.66921866,0.0,0.204746,0.0,0.03728016,0.0,0.0,0.71069074,0.0,0.11740929,0.0,0.034040242,0.0,0.4101343,0.0,0.0,0.86295277,0.32914606,0.8238438,0.0,0.595622,0.009769688,0.19814795,0.0,0.0,0.0,0.06917363,0.0,0.60328484,0.0,0.27838776,0.467033,0.0,0.12371304,0.0,0.51477545,0.35287955,0.30012912,0.8613872,0.0,0.0,0.81164604,0.0,0.19530086,0.7223268,0.8262091,0.5200759,0.0,0.0,0.51985496,0.0,0.0,0.45634788,0.581434,0.0,0.0,0.0,0.0,0.0,0.90772134,0.0,0.16829251,0.8778922,0.8120166,0.0,0.9638852,0.0,0.6728847,0.0050982465,0.0,0.56282824,1.0697343,0.2934191,0.0,0.6063838,0.50865096,0.18036188,0.021157337,0.0,0.9515254,0.0,0.0,0.12460122,0.0,0.0,0.0,1.6117827,0.5398215,0.040842302,0
1.0358856,0.0,0.0,0.0,0.46194422,0.0,0.8699577,0.041163646,0.10534889,0.041903805,0.0,0.2807877,0.7139153,0.0029610489,0.0,0.88736653,0.59849864,0.21740904,1.4076966,0.0,0.0,0.2857714,0.2980754,0.53270066,1.3249459,0.09567478,0.6326198,0.55833876,0.0,0.7511395,0.2521034,0.0,0.44771412,0.23833454,0.0,0.8116654,0.0,0.62776816,0.44818863,0.20186144,0.0,0.2972711,0.0,0.14357577,0.8181201,0.0,0.35527766,0.0,0.03339977,0.0018347811,0.9020872,0.06988394,1.0321802,0.0,0.18842061,0.027115772,0.2333924,0.79218495,0.0,0.0,0.0,0.2332284,0.0,0.20744169,0.034974366,0.5802603,0.12128191,0.41964322,0.0,0.0,0.1212263,0.0,0.0,0.0,0.21208224,1.0087274,1.0397772,0.8326742,0.0,0.0,0.0,0.0,0.26550576,1.0024893,0.44023117,1.0833884,0.0,0.0,0.0,0.0,0.0,0.45316735,0.19816041,0.06460476,0.31693965,0.0,0.0,0.0,0.0,0.0,0.0,1.0039488,1.2815562,0.0,1.3380755,0.17281038,0.555852,0.0,0.0,0.3041139,0.72479904,0.05612679,0.0,0.18203309,0.4353889,0.0,0.1993317,0.0,0.8577238,0.0,0.0,0.01370223,0.0,0.0,0.0,0.71859217,0.0,0.0,0
2.592155,0.0,0.0,0.0,0.95294553,0.0,0.6246337,0.1505002,0.42468414,0.19487143,0.0,1.00591,0.53571576,0.12156416,0.0,0.1320783,0.27404776,0.24250396,1.0910403,0.0,0.38727996,0.8088635,0.5199444,1.3085926,1.046197,0.50780624,1.2420291,0.93896985,0.0,0.6406684,0.7325992,0.0,1.0423284,0.2814072,0.0,0.0,0.0,1.0828924,0.6264804,0.14212996,0.06048298,0.97051275,0.0,0.5524802,1.3896768,0.38319874,1.0617453,0.0,0.52591014,0.0,0.50215435,0.7058167,1.251016,0.3390806,0.6075464,0.29448232,0.17615703,1.1341219,0.015643768,0.0,0.0,0.14429595,0.0,0.043194745,0.0,1.1010015,0.0,0.0,0.0,0.49590695,0.0,0.13632555,0.42545056,0.2955466,0.6595923,1.6303582,0.6483317,0.538729,0.0,0.0,0.39416018,0.0,0.022513025,2.3503668,1.1877955,1.084013,0.0,0.0,0.0,0.0,0.4301749,1.0176309,0.33164224,0.5331461,0.6810089,0.0,0.13761063,0.088932976,0.0,0.0,0.0,1.1507599,1.249725,0.0,0.9625068,0.26892722,0.8784067,0.0,0.0,0.34296522,1.4738898,0.0,0.0,1.0181988,0.11029306,0.0,0.0,0.31565592,2.4338534,0.0,0.0,0.0,0.0,0.0,0.0,0.6504566,0.27461743,0.0,0
1.6131577,0.0,0.0,0.0,0.6122086,0.0,0.93851024,0.21148689,0.0,0.0,0.0,0.32866398,1.4149623,0.0,0.0,0.90792584,0.84339386,0.13418114,1.5933714,0.0,0.0,0.4463776,0.27952877,0.99286795,1.5075989,0.017485946,0.76810884,1.0451206,0.0,0.76412547,0.6387226,0.0,0.7592748,0.29339135,0.0,0.7941338,0.0,0.85482293,0.49001166,0.33345604,0.0,0.67932475,0.0,0.249391,1.085808,0.0,0.74785286,0.0,0.57685214,0.102371715,0.9143705,0.2521734,0.96859896,0.0,0.25414562,0.0,0.5498866,0.8274648,0.10069478,0.0,0.0,0.10647509,0.0,0.40365037,0.08075261,0.79200006,0.28733122,0.38037395,0.0,0.0,0.0,0.0,0.0,0.0,0.61527926,1.345729,1.3060433,0.53536624,0.049718678,0.0,0.049507953,0.0,0.15133663,1.3536155,1.0131716,1.3481067,0.0,0.0,0.0,0.0,0.0,0.45066053,0.37527072,0.30944702,0.36938897,0.0,0.0,0.0,0.0,0.0,0.0,1.44522,1.8936635,0.0,1.3410348,0.3970241,0.60161895,0.029341588,0.0,0.4005638,1.2845631,0.012447712,0.0,0.20027389,0.55061364,0.0,0.68900996,0.0,1.454021,0.0,0.0,0.056363568,0.0,0.0,0.0,0.9570961,0.0,0.0,1
1.7878977,0.0,0.0,0.17711504,0.19144444,0.0,0.9045737,0.07128882,0.0,0.069065616,0.0,0.45357007,1.1054074,0.013358096,0.0,0.90134466,0.16779414,0.17109917,1.1493213,0.0,0.1401681,0.21635091,0.152786,1.1492882,0.9072434,0.31102708,0.50683457,0.67650855,0.0,1.1662239,0.71942097,0.0,1.0749344,0.38516432,0.0,0.34790686,0.0,0.5669255,0.7270596,0.078719206,0.0,0.42382708,0.0,0.219421,0.57652587,0.0,0.9603972,0.0,0.79254967,0.015081578,0.9154409,0.0,0.73799354,0.0,0.19754054,0.0,0.6323701,1.0240933,0.008565545,0.10810379,0.0,0.0,0.0,0.0,0.048946172,0.8655302,0.0,0.0,0.0,0.0,0.38853994,0.0,0.0,0.14066425,0.28922123,1.0603927,0.9604999,0.999515,0.0,0.0,0.0,0.0,0.01081308,1.1208136,0.6033986,0.83741754,0.0,0.0,0.0,0.0,0.0,0.13096423,0.30784014,0.3411388,0.0,0.0,0.0,0.0,0.0,0.0,0.0,1.0120609,1.5507947,0.0,1.1265111,0.46212545,0.8021104,0.0,0.0,0.38967046,1.1163234,0.0,0.0,0.4047808,0.033758998,0.0,0.0,0.0,1.2181216,0.0,0.0,0.0,0.0,0.0,0.0,0.80461824,0.15307857,0.0,0
1.7055722,0.0,0.0,0.1456227,0.29379547,0.0,0.78415203,0.1672622,0.0,0.07572268,0.0,0.46838507,0.71214247,0.102333,0.0,0.8352614,0.35633764,0.0,1.0650849,0.0,0.19748896,0.24958815,0.06355155,0.9351739,0.8611286,0.27509093,0.4432906,0.5322772,0.0,1.0090292,0.5439952,0.0,0.86986077,0.3716541,0.0,0.3758039,0.0,0.48888552,0.66831464,0.20377783,0.0,0.42568204,0.0,0.22457169,0.40169814,0.0,0.8091967,0.0,0.577704,0.0760456,0.7769405,0.0,0.6252465,0.0,0.19224107,0.0,0.38678157,0.798669,0.0,0.1958492,0.0,0.0,0.0,0.0,0.03366779,0.6797356,0.0,0.0,0.0,0.0,0.21512097,0.0,0.0,0.09614542,0.34107137,1.085836,0.7678466,0.9029455,0.14142339,0.0,0.0,0.0,0.0009936913,1.104901,0.53318745,0.672712,0.0,0.0,0.0,0.0,0.0,0.14453416,0.0,0.30791667,0.112498514,0.0,0.0,0.0,0.0,0.0,0.0,0.94895625,1.5050597,0.0,1.1409436,0.44766918,0.6572502,0.0,0.0,0.36725652,1.041217,0.0,0.0,0.34664428,0.09488989,0.0,0.0,0.0,1.0985364,0.0,0.0,0.0,0.0,0.0,0.0,0.7318053,0.016593805,0.0,0
1.3772504,0.0,0.0,0.0,0.37543368,0.0,0.7845003,0.3107097,0.0,0.0,0.0,0.2438271,1.2396452,0.0,0.0,0.9313114,0.6741058,0.11990098,1.6703595,0.0,0.07920587,0.46530357,0.34203675,0.98553014,1.4174436,0.16135848,0.83332705,0.988039,0.0,0.8490617,0.6096924,0.22045508,0.8241502,0.49497712,0.0,0.6646272,0.0,0.81297684,0.77787584,0.34169817,0.01416857,0.6770218,0.0,0.23233241,1.0057154,0.0,0.6899084,0.0,0.5566704,0.0028695103,0.8205945,0.08861032,0.94564754,0.0,0.24582453,0.0,0.5053365,0.80571663,0.0,0.0,0.0,0.07254418,0.0,0.21836703,0.003781356,0.8013819,0.28534997,0.41340017,0.0,0.0,0.09708675,0.0,0.0,0.0,0.44620845,1.2895063,1.2645061,0.63877976,0.115667135,0.0,0.0,0.0,0.07322993,1.339412,0.87914556,1.1674579,0.0,0.0,0.0,0.0,0.0,0.412846,0.27194273,0.21191256,0.42254838,0.0,0.0,0.0,0.0,0.0,0.0,1.245108,1.6638085,0.0,1.3630133,0.4374282,0.64479566,0.0,0.0,0.22977881,1.1337057,0.00038067726,0.0,0.14884076,0.2876117,0.0,0.42254102,0.0,1.2930567,0.0,0.0,0.0,0.0,0.0,0.0,0.89832264,0.0,0.0,1
1.0293471,0.0,0.0,0.0,0.27000293,0.0,0.58132017,0.49719793,0.13174069,0.0,0.0,0.0029628996,1.2379872,0.013002822,0.0,0.99383974,0.8713276,0.13802582,1.5230585,0.0,0.066580385,0.51043284,0.4576271,0.7325767,1.216617,0.0,0.71280694,0.70885247,0.0,0.6458176,0.34790707,0.08281023,0.53894305,0.4191002,0.0,0.5596367,0.0,0.9505604,0.6921214,0.36479792,0.12753335,0.6282246,0.0,0.018659104,0.78690094,0.0,0.833904,0.0,0.3182726,0.0,0.7594096,0.013929093,1.1865486,0.0,0.2862057,0.06655938,0.4139882,0.7373735,0.0,0.40530518,0.0,0.08668782,0.0,0.0,0.051134504,0.6745246,0.1914871,0.4892647,0.0,0.0,0.1708295,0.0,0.0,0.0,0.30216148,0.9025756,1.3553017,0.60657626,0.22940548,0.0,0.33826268,0.0,0.37333325,0.8370438,0.7795614,1.2129945,0.0,0.0,0.0,0.0,0.0,0.47240907,0.1520297,0.0,0.19230591,0.0,0.0,0.0,0.038482063,0.0,0.0,0.9926935,1.4190869,0.0,1.1854998,0.6093156,0.8782195,0.0,0.0,0.0,1.1496367,0.05929417,0.0,0.40901545,0.031906243,0.0,0.13580203,0.0,0.93388283,0.0,0.0,0.012416699,0.0,0.0,0.0,0.8737664,0.0,0.0,1
1.4643143,0.0,0.0,0.00829246,0.58090436,0.0,0.86728483,0.28848,0.0,0.0,0.0,0.28726745,1.2177407,0.0,0.0,0.78929573,0.5873382,0.077312656,1.4834998,0.0,0.0,0.38511035,0.37229875,1.0971724,1.5186341,0.2208226,0.6675723,1.0871068,0.0,0.764772,0.7029582,0.16400328,0.8606712,0.33410907,0.0,0.52445835,0.0,0.92629963,0.67249316,0.16392162,0.0,0.6833192,0.0,0.20163424,1.1220124,0.0,0.67890733,0.0,0.544368,0.0,0.9183648,0.24078603,1.1440315,0.03983293,0.30262953,0.0,0.4578486,0.67612195,0.05923968,0.0,0.0,0.16032399,0.0,0.4059084,0.028955903,0.7995619,0.23198852,0.39041513,0.0,0.0,0.0,0.0,0.0,0.0,0.55901474,1.298933,1.3462617,0.54916745,0.0617505,0.0,0.13337442,0.0,0.09214934,1.5520687,1.0527097,1.2071639,0.0,0.0,0.0,0.0,0.0,0.4922845,0.33825588,0.18467443,0.45592865,0.0,0.0,0.035002634,0.0,0.0,0.0,1.3705071,1.8910803,0.0,1.2901651,0.3444394,0.56612426,0.048876118,0.0,0.3844906,1.206264,0.0,0.0,0.39467898,0.5144878,0.0,0.38406384,0.0,1.5659158,0.0,0.0,0.063507885,0.0,0.0,0.0,1.0225203,0.0,0.0,1
1.5790507,0.0,0.0,0.0,0.298161,0.0,0.7628392,0.07120154,0.04823602,0.16558485,0.0,0.48064816,0.8687429,0.12140686,0.0,0.86621374,0.34433112,0.19782476,1.1272684,0.0,0.10659474,0.2099173,0.12898552,0.8227991,0.898444,0.19266418,0.4328742,0.77496207,0.0,0.98558766,0.63293296,0.0,0.9781721,0.29002368,0.0,0.525619,0.0,0.5479537,0.6794048,0.31840613,0.0,0.5569389,0.0,0.16055483,0.509549,0.0,0.79327756,0.0,0.45608446,0.03071277,0.89800096,0.0,0.7612799,0.0638107,0.29082328,0.02667288,0.47884077,0.92602384,0.0,0.10003628,0.0,0.0,0.0,0.0,0.00046319515,0.6947733,0.0,0.0,0.0,0.0,0.2435874,0.0,0.0,0.0041605867,0.23517582,0.971421,0.84228516,0.8153882,0.18752101,0.0,0.0,0.0,0.0379759,1.001496,0.6237115,0.82406837,0.09302357,0.0,0.0,0.0,0.0011901534,0.25622275,0.08014537,0.22839132,0.16670085,0.0,0.0,0.0,0.0,0.0,0.0,0.9823287,1.4186693,0.0,1.214478,0.338317,0.6407419,0.0,0.0,0.40982258,0.91450477,0.0,0.0,0.39101088,0.20983127,0.0,0.0,0.0,1.2679753,0.0,0.0,0.0,0.0,0.0,0.0,0.8085413,0.07704834,0.0,0
1.034815,0.0,0.0,0.0,0.0,0.43942988,0.30394852,0.6365027,0.6052227,0.0,0.0,0.55235827,0.8516755,0.35574293,0.15218815,1.0536216,0.86246496,0.16069934,0.54420334,0.0,0.3976177,0.17850012,0.3011176,0.10128075,0.65189826,0.0,0.3393719,0.18954755,0.6172888,0.9545229,0.25665545,0.0,0.38649052,0.0841854,0.0,0.16908342,0.0,0.78249454,0.118601106,0.78228974,0.073790155,0.5913505,0.0,0.0,0.49739438,0.0,0.6300347,0.0,0.017779,0.0,0.5863394,0.0,0.89910275,0.0,0.20143454,0.71607584,0.0996279,0.5094564,0.0,1.0337876,0.0,0.66135603,0.06452675,0.0,0.0,0.32962236,0.0,0.66592574,0.0,0.14909633,0.3723533,0.0,0.21740128,0.10691681,0.6031199,0.056405835,0.8724203,0.88315487,0.3130343,0.0,0.58407587,0.0,0.5040081,0.4913116,0.5839632,0.833365,0.0,0.0,0.0,0.049821146,0.008345857,0.09711634,0.24690038,0.0052061826,0.0,0.0,0.0,0.2778668,0.63622546,0.0,0.052583396,0.6130391,0.8139906,0.0,1.1494033,0.4835528,0.6283723,0.0,0.0,0.50331396,0.9754629,0.15627818,0.0,0.73064774,0.41960776,0.0,0.0,0.0,0.97898,0.0,0.0,0.04514105,0.0,0.0,0.0,1.6227604,0.5023368,0.13662706,0
1.6941353,0.0,0.0,0.111928605,0.1222099,0.0,0.824813,0.16839015,0.060948227,0.0037582484,0.0,0.5453577,1.0413158,0.0,0.0,0.97511554,0.26126814,0.064273484,1.1635747,0.0,0.18701732,0.3018134,0.23726133,1.0154468,0.91104615,0.32557473,0.60915834,0.8686383,0.0,1.2209164,0.544113,0.0,0.98393893,0.49222133,0.0,0.42037922,0.0,0.74948376,0.7172956,0.11379006,0.0,0.44665056,0.0,0.28131923,0.66836303,0.0,1.0038848,0.0,0.6104689,0.0,1.0555652,0.0,0.9131393,0.0,0.25047606,0.0,0.72815734,0.87699723,0.0,0.22734228,0.0,0.0,0.0,0.0,0.044926498,0.80775636,0.0,0.0,0.0,0.0,0.32123202,0.0,0.0,0.086892664,0.4518571,1.0554041,0.9998178,1.0500783,0.006437896,0.0,0.08427448,0.0,0.0879186,1.15177,0.6912945,0.75822204,0.008904892,0.0,0.0,0.0,0.0,0.29769972,0.25475433,0.2872983,0.0,0.0,0.0,0.0,0.0,0.0,0.0,1.0458906,1.5445784,0.0,1.0735487,0.35576046,0.8102145,0.0,0.0,0.27800018,1.119084,0.0,0.0,0.51640004,0.112260714,0.0,0.0,0.0,1.2832491,0.0,0.0,0.0,0.0,0.0,0.0,0.976697,0.1342732,0.0,0
1.1217719,0.0,0.0,0.0,0.26800394,0.19455771,0.25944266,0.43142802,0.30843106,0.0,0.0,0.31582648,1.2342827,0.13914634,0.0,1.1428883,0.78158206,0.10120077,0.8614927,0.0,0.26249808,0.20527424,0.3982905,0.422199,0.82049644,0.016387224,0.33053452,0.5328657,0.1136502,0.81543535,0.5965133,0.0,0.50875866,0.32912883,0.0,0.5418911,0.0,0.7822489,0.37139156,0.505693,0.21811783,0.64567363,0.0,0.0,0.43211126,0.0,0.60818255,0.0,0.38169247,0.14922978,0.57193893,0.0,0.8099359,0.0,0.17950852,0.29761967,0.27978584,0.70802563,0.0,0.55133647,0.0,0.36867756,0.0,0.0,0.0,0.31438008,0.02510086,0.36825058,0.0,0.028661663,0.37071058,0.0,0.12141147,0.3002584,0.26719993,0.498768,1.059734,0.68796194,0.19818489,0.0,0.3752634,0.0,0.41865456,0.63756907,0.66140527,0.82952684,0.0,0.0,0.0,0.0,0.0,0.34268516,0.25881952,0.0,0.0,0.0,0.0,0.31296617,0.09297013,0.0,0.050572798,0.81977403,1.1479918,0.0,1.0562325,0.46952376,0.73252517,0.0,0.0,0.2107431,1.0074261,0.089562714,0.0,0.39128262,0.1324353,0.0,0.0,0.0,0.8262978,0.0,0.0,0.04890074,0.0,0.0,0.0,1.4103718,0.25985256,0.0,1
1.3248501,0.0,0.0,0.16312376,0.2339887,0.08802742,0.84136647,0.42379388,0.0,0.3005182,0.0,0.6305053,0.835379,0.0734703,0.0,0.8973273,0.17574488,0.0788337,1.0187625,0.029381165,0.24481307,0.23831533,0.0,0.79776424,0.72087604,0.1633578,0.7302885,0.7297908,0.0,1.1952436,0.40049613,0.0,0.7366406,0.5312093,0.0,0.5607601,0.0,0.707282,0.5765,0.26898018,0.0,0.30044693,0.0,0.11212801,0.57920146,0.0,0.5344611,0.0,0.2874282,0.08325052,0.81359315,0.0,0.6431895,0.0,0.17636217,0.121988095,0.50659436,0.80732477,0.0,0.20818815,0.0,0.0,0.0,0.01850835,0.032085277,0.5010308,0.0,0.0,0.0,0.00042700255,0.44604215,0.0,0.027272115,0.059278872,0.42656624,0.9042168,0.8998921,1.0387282,0.0,0.0,0.0,0.0,0.010398321,0.875247,0.4110914,0.7446349,0.0,0.0,0.0,0.0,0.0,0.32960704,0.19533019,0.24565078,0.18649796,0.0,0.0,0.0,0.0,0.0,0.0,1.0305549,1.4403197,0.0,1.3534473,0.19387849,0.60163367,0.0,0.0,0.35839695,0.70959,0.0,0.0,0.27186456,0.2751832,0.0,0.0,0.0,1.1464647,0.0,0.0,0.0,0.0,0.0,0.0,1.0615736,0.302084,0.0,0
1.6148854,0.0,0.0,0.041762657,0.37042978,0.0,0.86027807,0.27590546,0.0,0.0,0.0,0.28393754,1.2287678,0.0,0.0,0.95273864,0.4668908,0.095060326,1.6880603,0.0,0.045470472,0.5168143,0.4718351,1.1454691,1.4357846,0.25866973,0.71811837,0.9439193,0.0,0.75673825,0.5744527,0.18523414,0.83869755,0.44777656,0.0,0.5917365,0.0,0.85493594,0.6765041,0.122967266,0.06579504,0.6607078,0.0,0.33122662,1.0507193,0.0,0.891288,0.0,0.59303135,0.040907502,0.90455186,0.1002506,1.1065806,0.0,0.2844693,0.0,0.4326063,0.7376347,0.0,0.0,0.0,0.052531537,0.0,0.11636784,0.061049942,0.7514274,0.18740958,0.36135736,0.0,0.0,0.042105373,0.0,0.0,0.0,0.5432288,1.3684714,1.227324,0.79419297,0.008294193,0.0,0.12648144,0.0,0.043689452,1.5616957,0.95761317,1.2344828,0.0,0.0,0.0,0.0,0.0,0.48938203,0.31236133,0.27208677,0.22375801,0.0,0.0,0.0,0.0,0.0,0.0,1.4570705,1.8111778,0.0,1.3014755,0.34848493,0.72457165,0.09436802,0.0,0.28792468,1.2527795,0.0,0.0,0.27003914,0.23904946,0.0,0.25126192,0.0,1.5243115,0.0,0.0,0.0,0.0,0.0,0.0,0.9778706,0.0,0.0,1
1.6747646,0.0,0.0,0.15035017,0.42981228,0.0,0.8093499,0.17702611,0.0,0.0,0.0,0.45966417,1.2010602,0.0,0.0,0.8430529,0.3209058,0.049765117,1.2576659,0.0,0.12316872,0.3884867,0.25964656,1.0461624,1.1400725,0.25459364,0.7002089,0.7727559,0.0,0.9755154,0.72199374,0.0,0.9569098,0.4538975,0.0,0.4616142,0.0,0.5919246,0.6915443,0.045732234,0.0,0.5362872,0.0,0.26536265,0.87945133,0.0,0.8683769,0.0,0.6086857,0.0,0.85097414,0.034850385,0.77929866,0.0,0.21584712,0.0,0.48402235,0.9918117,0.054801904,0.0,0.0,0.0,0.0,0.052438665,0.058809184,0.8023312,0.017936233,0.0,0.0,0.007652397,0.100074284,0.0,0.0,0.106451154,0.48670942,1.2463686,1.0619856,0.78450185,0.0,0.0,0.030981518,0.0,0.010661088,1.3518806,0.6174827,0.9763934,0.0,0.0,0.0,0.0,0.0,0.30011326,0.32293713,0.3034751,0.1531898,0.0,0.0,0.0,0.0,0.0,0.0,1.2549411,1.6306763,0.0,1.178079,0.30494037,0.60828656,0.0,0.0,0.31394997,1.1688486,0.0,0.0,0.32513028,0.10811621,0.0,0.049908668,0.0,1.3776411,0.0,0.0,0.0,0.0,0.0,0.0,0.86636645,0.0,0.0,0
0.76269746,0.0,0.0,0.72055596,0.0,0.43685,0.5918714,0.34203115,0.0,0.50722766,0.0,0.5665519,0.7568862,0.46382996,0.30971947,0.73898655,0.12727405,0.0,0.07179262,0.74780506,0.33675647,0.0,0.0,0.83708876,0.0,0.0,0.14072683,0.30287144,0.40118206,1.5635805,0.0,0.0,0.35860807,0.4305706,0.0,0.4376973,0.0,0.59828967,0.28668168,0.38047707,0.0,0.0,0.0,0.30274352,0.029712636,0.0,0.50956565,0.0,0.2644231,0.354875,0.88265985,0.0,0.3226176,0.0,0.28807604,0.5997532,0.9498936,0.7564767,0.0,0.5533929,0.0,0.0,0.07774906,0.0,0.047749672,0.0,0.0,0.09487935,0.0,0.52556574,0.71676224,0.0,0.36884615,0.0,0.76941025,0.5881126,0.8137583,1.2252302,0.0,0.0,0.5900823,0.06587878,0.04030066,0.20830587,0.35263598,0.3604003,0.0,0.0,0.5988687,0.0,0.0,0.3189748,0.5443341,0.3054153,0.0,0.0,0.0,0.011289076,1.4505545,0.0,0.0,1.0686086,1.6382737,0.0,0.7477358,0.05684631,0.6051141,0.0,0.0,0.73090726,0.9572821,0.90793973,0.0,0.7080839,0.46757576,0.36340564,0.0,0.0,1.1698663,0.0,0.0,0.0,0.0,0.0,0.0,1.6302843,0.930792,0.372531,0
0.91215307,0.0,0.0,0.18161522,0.18409164,0.03737795,0.7422666,0.19878602,0.032483112,0.0,0.0,0.35477453,1.0165973,0.0,0.0,0.93508714,0.5964107,0.012888318,1.2342501,0.042422585,0.0,0.35939986,0.49289557,0.81733984,1.2380133,0.122431666,0.4250276,0.57365143,0.0,0.9248801,0.47758245,0.066882454,0.6547333,0.37786755,0.0,0.5524139,0.0,0.7700955,0.6574287,0.21150205,0.0,0.39801142,0.0,0.0,0.650171,0.0,0.3893385,0.0,0.252373,0.01381077,0.88310164,0.0,1.0393056,0.0,0.3276592,0.09298804,0.4539285,0.73961055,0.0,0.32841626,0.0,0.18187664,0.0,0.027332788,0.09464204,0.5749037,0.0,0.2547427,0.0,0.02147832,0.3078538,0.0,0.0,0.0,0.22338809,0.7626437,1.2958164,0.797569,0.1244213,0.0,0.14432964,0.0,0.28641325,0.6935491,0.63273406,0.9121522,0.0,0.0,0.0,0.0,0.0,0.41788092,0.30966035,0.07247268,0.13730466,0.0,0.0,0.0,0.25827274,0.0,0.0,0.72392327,1.6148256,0.0,1.1907468,0.35936254,0.5126323,0.08002483,0.0,0.1787526,0.8783235,0.13185096,0.0,0.5527294,0.34789973,0.0,0.07467198,0.0,1.019722,0.0,0.0,0.10185583,0.0,0.0,0.0,1.0701697,0.0,0.032906257,0
1.629327,0.0,0.0,0.16127807,0.4981817,0.0,0.76142144,0.29149708,0.0,0.005001199,0.0,0.5601387,0.8545028,0.08453674,0.0,0.8742559,0.42039457,0.0,1.185924,0.0,0.10894735,0.2863086,0.08211021,0.9288701,1.021069,0.1679042,0.45522204,0.734972,0.0,0.95649135,0.5610923,0.0,0.92269886,0.3901809,0.0,0.5165162,0.0,0.67339474,0.7379754,0.08837368,0.0,0.5666549,0.0,0.3377013,0.64628047,0.0,0.8391198,0.0,0.5353426,0.059122194,0.98015946,0.0,0.87932664,0.0,0.11904238,0.0,0.3670218,0.8116939,0.00011802284,0.07703099,0.0,0.0,0.0,0.06958722,0.007306913,0.73212224,0.0,0.0,0.0,0.0,0.2050603,0.0,0.0,0.089349374,0.4002759,1.1656712,0.9437581,0.93502074,0.11534633,0.0,0.0,0.0,0.0,1.3904232,0.81103784,0.95540875,0.0,0.0,0.0,0.0,0.0,0.3285663,0.14299282,0.26516578,0.05450493,0.0,0.0,0.0,0.0,0.0,0.0,1.1797485,1.5474728,0.0,1.2711238,0.30845088,0.66779095,0.0,0.0,0.21914625,0.95744336,0.0,0.0,0.39449313,0.2363573,0.0,0.0,0.0,1.3257275,0.0,0.0,0.0,0.0,0.0,0.0,0.8397137,0.0,0.0,0
0.6320541,0.0,0.0,0.34797123,0.12680253,0.0042925067,0.19124982,0.28565863,0.0,0.24360883,0.0,0.16978398,0.9010152,0.5263028,0.5393148,0.72393084,0.3599097,0.0,0.71325964,0.57299435,0.51045334,0.21727467,0.0,0.48105252,0.2969542,0.0,0.4002986,0.34880805,0.21182358,0.9689182,0.0,0.0,0.4157579,0.38366577,0.0,0.48620257,0.0,0.09075941,0.21082076,0.2855221,0.041659564,0.13444512,0.0,0.21393278,0.5775481,0.0,0.7257417,0.0,0.34155193,0.00767018,0.16803545,0.0,0.30239126,0.0,0.1645109,0.59139425,0.773401,0.9651623,0.0,0.36703417,0.0,0.0,0.0,0.0,0.0,0.12472728,0.0,0.47328252,0.0,0.0438202,0.3358118,0.0,0.42963508,0.0,0.5476418,0.33069125,1.1995784,0.73720616,0.0,0.0,0.5478064,0.10993754,0.39769486,0.3978236,0.8055516,0.7390265,0.0,0.0,0.003919257,0.0,0.0,0.52849305,0.40856114,0.17468345,0.0,0.0,0.0,0.0,0.4769037,0.0,0.0,0.7474162,1.6337459,0.0,0.6924782,0.0,0.34823173,0.20833041,0.0,0.64018357,1.2604011,0.27508026,0.0,0.5373706,0.5539906,0.10401425,0.0,0.0,0.7299053,0.0,0.0,0.109958045,0.0,0.0,0.10974169,1.4568945,0.61884695,0.18157183,0
1.5767317,0.0,0.0,0.052617617,0.48924148,0.0,0.6727273,0.22725391,0.0,0.0,0.0,0.39397234,1.3374846,0.111602314,0.0,0.90847963,0.67646676,0.0,1.4958397,0.0,0.06288779,0.51185286,0.32589105,1.0194817,1.2567923,0.18489578,0.5690332,0.91473806,0.0,0.91493636,0.6466376,0.05393494,0.9069274,0.3992798,0.0,0.5057097,0.0,0.6569732,0.59687006,0.21292494,0.0,0.6475912,0.0,0.30511424,0.85663074,0.0,0.8415567,0.0,0.6033335,0.16498339,1.0124226,0.064459965,0.7992098,0.0,0.20149492,0.0,0.59136164,1.0970674,0.046192773,0.0,0.0,0.0,0.0,0.013644462,0.0,0.8068966,0.06394058,0.22246747,0.0,0.0,0.041065227,0.0,0.0,0.0,0.5768556,1.1999035,1.2146059,0.6921496,0.0,0.0,0.011912114,0.0,0.097327195,1.3923485,0.7661788,1.0144933,0.0,0.0,0.0,0.0,0.0,0.2917193,0.24203637,0.19356818,0.24642903,0.0,0.0,0.0,0.0,0.0,0.0,1.3127123,1.6353697,0.0,1.2024652,0.39835063,0.52189255,0.0,0.0,0.23819768,1.1753526,0.0,0.0,0.25794247,0.2922951,0.0,0.40424323,0.0,1.1747658,0.0,0.0,0.066383064,0.0,0.0,0.0,0.77498263,0.0,0.0,0
1.3875318,0.0,0.0,0.3975878,0.29002696,0.01833142,0.949306,0.65046185,0.0,0.13162735,0.0,0.6119516,0.67668766,0.0,0.29340476,0.7031385,0.0,0.08254949,1.0813159,0.07504679,0.112308666,0.28922704,0.0,0.9818042,0.8488379,0.21077472,0.943794,0.8285103,0.0,1.2635847,0.25645405,0.0,0.91234213,0.7345281,0.0,0.50690114,0.0,1.0756462,0.71540046,0.14908578,0.0,0.40325862,0.0,0.15552376,0.8378891,0.0,0.5601135,0.0,0.16012545,0.047760792,0.9510779,0.0,0.58360845,0.0,0.08668741,0.038253006,0.46804273,0.42508242,0.0,0.16682081,0.0,0.0,0.0,0.15378192,0.0,0.6073507,0.18193369,0.0,0.0,0.36017212,0.44657472,0.058059037,0.03912443,0.112344176,0.6474847,0.8930153,1.0834727,1.1000795,0.0,0.0,0.42042342,0.0,0.0,1.2338252,0.70130116,0.8546097,0.0,0.0,0.0,0.0,0.0,0.31652927,0.36099362,0.25589982,0.066284806,0.0,0.0,0.53662103,0.07153664,0.07421844,0.0,1.4456232,1.6812552,0.0,1.3485738,0.15244925,0.66175306,0.0,0.0,0.24405968,0.8605346,0.07656058,0.0,0.3241171,0.095531866,0.0,0.0,0.0,1.2713536,0.0,0.0,0.0,0.0,0.0,0.0,1.4341127,0.19449995,0.0,1
1.5263917,0.0,0.0,0.018560523,0.5253557,0.0,0.57193005,0.18828858,0.10092719,0.0,0.0,0.7321625,0.9819779,0.0,0.0,0.779915,0.57950974,0.07428043,0.9977486,0.0,0.3267293,0.05911264,0.2836154,0.41048455,0.797825,0.037510544,0.6575724,0.80925757,0.0,0.92279965,0.43206346,0.0,0.50098395,0.3538484,0.0,0.38393414,0.0,0.7780073,0.64281994,0.32825646,0.0,0.5587237,0.0,0.14272662,0.7566599,0.0,0.6253471,0.0,0.46032846,0.0,0.69779176,0.0,0.87349164,0.0,0.0894063,0.33411416,0.356224,0.69865626,0.0,0.60510075,0.0,0.0,0.0,0.0033473873,0.007198654,0.5487284,0.0,0.098115034,0.0,0.0,0.09873747,0.0,0.15121862,0.23634382,0.60159546,0.9011862,0.8729451,0.8288118,0.28360647,0.0,0.2665873,0.0,0.15742533,1.1363264,0.69494206,0.79994816,0.0,0.0,0.0,0.0,0.083549656,0.5111648,0.26437238,0.20636205,0.046714522,0.0,0.0,0.096478924,0.0,0.0,0.0,0.8229297,1.3466202,0.0,1.0212597,0.34958047,0.59657234,0.0018047228,0.0,0.019888056,0.9153482,0.031126713,0.0,0.5320847,0.38598716,0.0,0.0,0.0,1.0666091,0.0,0.0,0.0,0.0,0.0,0.0,1.1959414,0.18816136,0.0,1
1.7700238,0.0,0.0,0.05619601,0.32177818,0.0,0.78610617,0.191052,0.0,0.0,0.0,0.28574228,1.148705,0.021684716,0.0,0.9974265,0.6745826,0.07370914,1.4555899,0.0,0.0,0.43743894,0.22829875,1.1037503,1.2728966,0.260381,0.4928865,0.9810091,0.0,0.87533313,0.6168184,0.12741159,0.9295678,0.3303362,0.0,0.43458933,0.0,0.6518125,0.7811037,0.04668652,0.037588723,0.69651043,0.0,0.18696925,0.78312105,0.0,1.0769726,0.0,0.67993027,0.04222508,0.9432342,0.0,0.9373564,0.0,0.31560138,0.0,0.62370706,0.92577696,0.02811245,0.0,0.0,0.0,0.0,0.0,0.007181503,0.8303011,0.03354061,0.1950982,0.0,0.0,0.07018275,0.0,0.0,0.0,0.48530233,1.1436325,1.07158,0.79444057,0.028620524,0.0,0.12995622,0.0,0.0,1.3188834,0.885731,0.92462164,0.0,0.0,0.0,0.0,0.0,0.32799795,0.22345349,0.2375307,0.059234284,0.0,0.0,0.0,0.0,0.0,0.0,1.3002553,1.7255362,0.0,1.2865944,0.5074467,0.71713644,0.0,0.0,0.19108126,1.3776401,0.0,0.0,0.30377746,0.22747783,0.0,0.103067756,0.0,1.4637347,0.0,0.0,0.036019452,0.0,0.0,0.0,0.7806388,0.0,0.0,0
1.4130493,0.0,0.0,0.08640567,0.23396584,0.0,0.6697983,0.07886054,0.10991937,0.017940592,0.0,0.55437195,0.96129656,0.11881564,0.0,0.84778255,0.40694785,0.093152486,1.0938387,0.0,0.1444866,0.32623252,0.29302168,0.8080065,1.0440936,0.20998186,0.35911885,0.7485944,0.0,1.0667567,0.6199436,0.11016351,0.8544331,0.3854946,0.0,0.4296361,0.0,0.74013484,0.7501346,0.24728416,0.050500087,0.55552006,0.0,0.23147757,0.6566756,0.0,0.7522691,0.0,0.5075146,0.0,0.7743079,0.0,0.7794129,0.13855165,0.23564832,0.010046686,0.48409602,0.71313554,0.0,0.2126942,0.0,0.0,0.0,0.0,0.0,0.5727775,0.0,0.065461054,0.0,0.0692988,0.21790835,0.0,0.0,0.027603935,0.5289915,0.94437474,0.9310891,0.8143873,0.0,0.0,0.0,0.0,0.080744766,0.9911258,0.7676595,0.7089432,0.012714925,0.0,0.0,0.0,0.0,0.31616125,0.15750025,0.22781456,0.23415402,0.0,0.0,0.0,0.0,0.0,0.0,1.1160429,1.519972,0.0,1.1600472,0.3889229,0.5201028,0.055958387,0.0,0.44152376,0.8573282,0.03967115,0.0,0.38382307,0.3923892,0.0,0.0,0.0,1.4147762,0.0,0.0,0.0,0.0,0.0,0.0,0.89339864,0.0,0.0,0
1.5139556,0.0,0.0,0.3088734,0.2608562,0.057518918,0.64087576,0.4316979,0.0,0.108263224,0.0,0.6780339,0.91702354,0.12567358,0.0,0.9123664,0.14515758,0.027830614,1.0166476,0.0,0.32230356,0.33598158,0.095937386,0.9239684,0.6586943,0.124134034,0.6940999,0.70669675,0.0,1.2938381,0.4555869,0.0,0.9082872,0.62211186,0.0,0.48664242,0.0,0.9222948,0.6400314,0.13810082,0.0,0.44914502,0.0,0.15939742,0.68340063,0.0,0.85526675,0.0,0.38452464,0.030664342,0.8175131,0.0,0.62670434,0.0,0.020510416,0.2081386,0.5104086,0.7869921,0.0,0.3441516,0.0,0.0,0.0,0.0,0.0058784285,0.59176445,0.0,0.0,0.0,0.1972037,0.42898557,0.0,0.10210122,0.19696638,0.5326983,0.96518815,0.9565262,1.0269068,0.0,0.0,0.1005832,0.0,0.0,1.1269013,0.582831,0.7247845,0.0,0.0,0.0,0.0,0.0,0.31038237,0.17318611,0.22012408,0.0,0.0,0.0,0.1629927,0.0,0.0,0.0,1.080327,1.622007,0.0,1.2309138,0.23221461,0.57154727,0.0,0.0,0.28762987,1.0086182,0.0,0.0,0.35537007,0.13395114,0.0,0.0,0.0,1.3175111,0.0,0.0,0.0066558174,0.0,0.0,0.0,1.1752719,0.23490514,0.0,0
1.3251085,0.0,0.0,0.10748295,0.07249373,0.14838438,0.885638,0.23837095,0.0,0.22292219,0.0,0.5086826,1.1518391,0.0,0.0,1.0115465,0.55265075,0.17174771,1.0480219,0.060397662,0.12503006,0.12052212,0.31123334,0.6746255,1.0307335,0.017489374,0.49841833,0.5974014,0.0,1.0930259,0.57283616,0.0,0.7117784,0.5280488,0.0,0.8220714,0.0,0.5901689,0.4296162,0.2988196,0.19532955,0.36455083,0.0,0.09164643,0.70064247,0.0,0.61695516,0.0,0.2927086,0.066428214,0.7577537,0.0,0.5905759,0.0,0.15797037,0.28167024,0.54042184,0.9572893,0.0401436,0.23124701,0.0,0.0,0.0,0.0,0.0,0.67656595,0.23164298,0.12382538,0.0,0.0,0.45068973,0.0,0.16223508,0.1134841,0.14347196,1.1084596,1.0499221,0.850779,0.048759267,0.0,0.0,0.0,0.09367167,0.66794634,0.4094445,0.6252612,0.0,0.0,0.0,0.0,0.0,0.25523633,0.3498568,0.3351565,0.037662588,0.0,0.0,0.0,0.0,0.0,0.0,1.1876365,1.6236832,0.0,1.2841431,0.40257236,0.47696996,0.0,0.0,0.5134713,0.9710034,0.181852,0.0,0.13353828,0.2650966,0.0,0.0,0.0,1.0605279,0.0,0.0,0.0,0.0,0.0,0.0,1.1560954,0.28814334,0.0,0
1.618583,0.0,0.0,0.1043293,0.29255852,0.0,0.71403015,0.5021559,0.0,0.044658598,0.0,0.53789496,1.4271193,0.0,0.0,0.953327,0.49159154,0.0,1.2482588,0.0,0.062442627,0.38318235,0.49499387,0.7868013,1.282135,0.0,0.6585367,0.7339587,0.0,1.1681609,0.6056764,0.051327277,0.6709174,0.8200567,0.0,1.0499249,0.0,0.7396889,0.5176502,0.33466825,0.17544885,0.34371558,0.0,0.28196442,0.8946306,0.0,0.6044249,0.0,0.5265805,0.0,0.57589895,0.0,0.9049187,0.0,0.27215692,0.051137965,0.7641789,1.0677912,0.0,0.20555016,0.0,0.0,0.0,0.0,0.039838728,0.7872221,0.13989279,0.2228294,0.0,0.0,0.361727,0.0,0.37321696,0.023452241,0.29013833,1.1484355,1.2744197,0.7640139,0.12788059,0.0,0.0,0.0,0.30671558,0.77665454,0.65869147,0.7945799,0.0,0.0,0.0,0.0,0.0,0.3943949,0.5885235,0.20110291,0.21719396,0.0,0.0,0.0,0.0,0.0,0.0,1.084765,1.7679777,0.0,1.3109523,0.5990622,0.67160195,0.0,0.0,0.41260377,1.4525657,0.0,0.0,0.60933596,0.21180306,0.0,0.025548277,0.0,1.1535139,0.0,0.0,0.0,0.0,0.0,0.09519039,1.3898666,0.04665507,0.00700224,0
1.2535667,0.0,0.0,0.0,0.25678885,0.0,0.70434165,0.30350426,0.0,0.0,0.0,0.29999432,1.091566,0.0056709144,0.0,1.0728315,0.57945555,0.0,1.2913747,0.0,0.011832323,0.18945763,0.1993702,0.7594237,1.2507939,0.08504224,0.5873019,0.39676037,0.0,0.85631615,0.4619326,0.0403686,0.44364604,0.3134122,0.0,0.53571165,0.0,0.757921,0.41475296,0.14572908,0.0,0.3907084,0.0,0.19349046,0.69880784,0.0,0.54243654,0.0,0.4039777,0.026274296,0.9033689,0.0,1.1579521,0.0,0.23181887,0.0,0.3944132,0.8213389,0.0,0.4163378,0.0,0.032242354,0.0,0.0,0.03901056,0.78126496,0.029866401,0.35384303,0.0,0.0,0.220708,0.0,0.0,0.0,0.3819302,0.88055855,1.1980374,0.89854324,0.014405889,0.0,0.0,0.0,0.31335554,0.93655,0.76670176,0.84199864,0.0,0.0,0.0,0.0,0.0,0.29382598,0.103189506,0.027638003,0.13665855,0.0,0.0,0.0,0.09914113,0.0,0.0,0.9906667,1.6777986,0.0,1.1959729,0.5363027,0.70402294,0.07909031,0.0,0.26162156,1.0558226,0.090623036,0.0,0.48063105,0.33526546,0.0,0.0,0.0,0.8365741,0.0,0.0,0.09341809,0.0,0.0,0.0,1.0967333,0.0,0.0,0
1.2182876,0.0,0.0,0.0,0.38411438,0.0,0.7182434,0.24117786,0.0,0.0,0.0,0.18564434,1.1426108,0.15021662,0.0,0.8205832,0.6979032,0.0,1.4493277,0.0,0.0,0.39965212,0.20749179,0.8033099,1.2874302,0.07895604,0.5154108,0.64306194,0.0,0.75246024,0.2264015,0.0,0.6995711,0.3746192,0.0,0.60634786,0.0,0.7263594,0.41043544,0.20060548,0.0,0.36183426,0.0,0.012590099,0.7347065,0.0,0.55255276,0.0,0.27958313,0.16218312,0.90914714,0.112941,1.010712,0.0,0.26529467,0.08760133,0.37266213,0.8938562,0.0,0.0050098207,0.0,0.019345658,0.0,0.0,0.0837106,0.6812532,0.07361538,0.37500736,0.0,0.0,0.17823792,0.0,0.0,0.0,0.38062847,0.8591318,1.2409997,0.7120157,0.0,0.0,0.012781537,0.0,0.24179478,1.0398837,0.60468763,1.1012173,0.0,0.0,0.0,0.0,0.0,0.35019997,0.3064957,0.027056888,0.13238993,0.0,0.0,0.0,0.058476336,0.0,0.0,1.0335963,1.5843289,0.0,1.2387894,0.36232036,0.60322994,0.0,0.0,0.31000534,1.0826553,0.17458653,0.0,0.3012879,0.3861758,0.0,0.2046597,0.0,0.9039978,0.0,0.0,0.093459904,0.0,0.0,0.0,0.899629,0.0,0.0,1
1.1426059,0.0,0.0,0.0,0.5040526,0.0,1.0352399,0.43494192,0.0,0.21157455,0.0,0.4667429,0.19060561,0.0,0.019248515,0.38683808,0.29418886,0.08895918,1.2502943,0.0,0.0,0.17720269,0.11315099,0.63866043,1.418691,0.0039174845,1.0345005,0.858452,0.0,0.64804286,0.12016084,0.13705878,0.5197691,0.38051316,0.0,0.8055845,0.0,1.0799594,0.58638555,0.118229575,0.0,0.2784053,0.0,0.22443882,1.0925747,0.016280795,0.24690971,0.0,0.087589554,0.0,0.8528034,0.4449715,0.9952708,0.0,0.19938731,0.1838029,0.15657867,0.3722795,0.0,0.006089775,0.0,0.25500777,0.0,0.2582995,0.016542649,0.58704114,0.12333227,0.13156891,0.0,0.21714965,0.0,0.13906924,0.36287504,0.0,0.53262836,1.0335207,0.9533496,0.80075437,0.07111859,0.0,0.28162998,0.0,0.15035878,1.293553,0.77398366,1.1032522,0.0,0.0,0.0,0.0,0.12647098,0.6599521,0.4085916,0.047525972,0.36679587,0.0,0.0,0.38927197,0.013243385,0.104348525,0.0,1.1561526,1.5669736,0.0,1.2996913,0.008950005,0.7552256,0.0,0.0,0.2830471,0.8416343,0.17341772,0.0,0.5356787,0.47629043,0.0,0.16971976,0.0,1.235384,0.0,0.0,0.0,0.0,0.0,0.0,1.2394356,0.0,0.0,1
1.2876755,0.0,0.0,0.0,0.5987736,0.0,0.8745042,0.24869636,0.0,0.0,0.0,0.45915657,1.0454761,0.0,0.0,0.8269216,0.6592346,0.07503448,1.3437842,0.0,0.0,0.43104407,0.2879424,0.7679502,1.3896856,0.0963763,0.858695,0.640885,0.0,0.8183012,0.30162808,0.13314684,0.55065465,0.52625746,0.0,0.95409817,0.0,0.765644,0.4833719,0.2737499,0.0,0.409733,0.0,0.27689815,0.93828875,0.0,0.3871399,0.0,0.4319184,0.03640661,0.8954941,0.18711475,0.9769643,0.0,0.22449768,0.05958305,0.38381997,0.67279893,0.0,0.0,0.0,0.15706806,0.0,0.2409774,0.13898182,0.68221766,0.15242378,0.18690059,0.0,0.0,0.0,0.0,0.0,0.0,0.5235817,1.2544701,1.1951919,0.70143694,0.0,0.0,0.02731616,0.0,0.16988255,1.1079049,0.6831772,1.2473665,0.0,0.0,0.0,0.0,0.0,0.50414354,0.3183569,0.14243877,0.5778108,0.0,0.0,0.0,0.0,0.0,0.0,1.256799,1.5926391,0.0,1.2787248,0.2831209,0.5590369,0.0,0.0,0.34907958,0.9795231,0.029396614,0.0,0.071982056,0.33216578,0.0,0.49697763,0.0,1.1821498,0.0,0.0,0.022680769,0.0,0.0,0.0,0.80951583,0.0,0.0,1
1.3938364,0.0,0.0,0.11396881,0.3157497,0.0,0.83263266,0.00951601,0.0,0.0,0.0,0.5037593,1.1928222,0.07983924,0.0,1.0333174,0.50943273,0.105559565,1.254391,0.0,0.036892455,0.2882555,0.22789574,1.0272915,1.1903855,0.14298382,0.4570644,0.7206012,0.0,0.96247727,0.71435267,0.07200703,0.860286,0.32284942,0.0,0.39514187,0.0,0.75477654,0.7465034,0.07393759,0.0,0.6387094,0.0,0.18473224,0.71024495,0.0,0.7515892,0.0,0.5282807,0.0,0.97612005,0.0,0.90715694,0.0,0.25796333,0.0,0.45666778,0.7787782,0.007588916,0.15565065,0.0,0.0,0.0,0.0,0.051190417,0.7053442,0.0,0.072984554,0.0,0.0,0.12739448,0.0,0.0,0.0,0.31944412,0.98569906,1.0968447,0.8244602,0.10918684,0.0,0.04436878,0.0,0.008664213,1.2265484,0.7107812,0.8930313,0.0,0.0,0.0,0.0,0.0,0.32753888,0.24364658,0.24688664,0.100902684,0.0,0.0,0.0,0.0,0.0,0.0,1.0892713,1.6384145,0.0,1.1069129,0.49160942,0.6105984,0.0,0.0,0.24635069,1.0005817,0.07525192,0.0,0.3924121,0.20468298,0.0,0.094454855,0.0,1.2721494,0.0,0.0,0.042809144,0.0,0.0,0.0,0.774514,0.0,0.0,0
1.3777237,0.0,0.0,0.25356272,0.67245764,0.0,0.88642806,0.65433365,0.0,0.0,0.0,0.48548225,0.5319527,0.0,0.23674303,0.38154826,0.103473574,0.026314681,1.0846492,0.0,0.07035181,0.42129096,0.06795383,0.8448901,0.88478804,0.0,0.8946429,0.9570929,0.0,1.062535,0.09787034,0.021850735,0.8664093,0.6432083,0.0,0.5594209,0.0,1.0642562,0.60691637,0.16702265,0.0,0.5133638,0.0,0.3143371,1.082211,0.0,0.31184715,0.0,0.09469903,0.011102037,0.84657186,0.16808955,0.8385838,0.074736245,0.0,0.19863944,0.16760623,0.50282305,0.0,0.0,0.0,0.0,0.0,0.16415837,0.0,0.71596575,0.12495915,0.07612125,0.0,0.3764181,0.2900435,0.14519249,0.33400312,0.21685992,0.47942072,0.94336593,0.9745813,0.9549192,0.0,0.0,0.44456777,0.0,0.0,1.6082555,0.89763546,1.1143785,0.0,0.0,0.0,0.0,0.29995963,0.5187619,0.32141274,0.2723749,0.253901,0.0,0.0,0.38455337,0.0,0.059428614,0.0,1.3751831,1.4203023,0.0,1.1982437,0.081928276,0.75002974,0.0,0.0,0.32501772,0.8859818,0.06777365,0.0,0.36161616,0.27676877,0.0,0.0,0.0,1.2674361,0.0,0.0,0.0,0.0,0.0,0.0,1.2637404,0.069455534,0.0,1
1.4061389,0.0,0.0,0.13990434,0.29892308,0.0,0.45779198,0.24569726,0.0,0.0,0.0,0.72798586,1.0612086,0.0,0.0,0.87178344,0.39231685,0.0,0.9453314,0.0,0.29404205,0.36078495,0.30945307,0.47943628,0.6996013,0.13630337,0.6704204,0.75070745,0.0,1.0469611,0.32894307,0.0,0.48677474,0.72773606,0.0,0.4903417,0.0,0.78281033,0.68244225,0.47776967,0.06025227,0.4648733,0.0,0.28905907,0.6851254,0.0,0.7212598,0.0,0.39705878,0.0,0.548772,0.0,0.58778065,0.021397537,0.09457592,0.3561102,0.6371861,0.58826935,0.0,0.5263518,0.0,0.0,0.0,0.0,0.0025430229,0.5457914,0.09194016,0.11202477,0.0,0.019085849,0.20458311,0.0,0.17137769,0.08560616,0.62197584,0.89460313,0.71950305,0.7659665,0.16106611,0.0,0.24864468,0.0,0.11354046,0.89990735,0.52973586,0.82628226,0.0,0.0,0.0,0.0,0.034002356,0.48489964,0.13698132,0.2412109,0.0,0.0,0.0,0.12372933,0.0,0.0,0.0,0.9147091,1.4658742,0.0,1.1813979,0.25857794,0.6273391,0.048677716,0.0,0.24087338,0.88756,0.012857323,0.0,0.3671919,0.18147892,0.0,0.0,0.0,1.0906961,0.0,0.0,0.0,0.0,0.0,0.0,1.1210203,0.12341334,0.0,1
1.291087,0.0,0.0,0.0,0.47628456,0.0,0.80986565,0.35910842,0.0,0.0,0.0,0.43327665,1.1956795,0.0,0.0,0.92100805,0.35040182,0.20120585,1.473745,0.0,0.15909348,0.4722642,0.37277743,0.94911426,1.3744261,0.118382335,0.88115126,0.8930891,0.0,0.9835586,0.5406259,0.14776878,0.65100867,0.55723846,0.0,0.6691272,0.0,1.0594298,0.7084108,0.25097013,0.0,0.5574326,0.0,0.2744077,1.0833224,0.0,0.5250599,0.0,0.38430247,0.0,0.79411316,0.13945489,0.9195648,0.0,0.21411519,0.0,0.5646285,0.5382809,0.0,0.0,0.0,0.29951623,0.0,0.40008003,0.02839198,0.6229387,0.25502315,0.40862682,0.0,0.0,0.16334678,0.11141634,0.0,0.0,0.71498346,1.1134926,1.3623654,0.6873903,0.0,0.0,0.013759411,0.0,0.14278032,1.302758,0.9402612,1.1550927,0.0,0.0,0.0,0.0,0.0,0.50396895,0.26808745,0.17554605,0.48559824,0.0,0.0,0.100115016,0.0,0.0,0.0,1.2502204,1.7005235,0.0,1.3806683,0.14367831,0.52068275,0.1514482,0.0,0.31892124,1.0706856,0.0,0.0,0.34614265,0.46177435,0.0,0.4396324,0.0,1.5586102,0.0,0.0,0.03301532,0.0,0.0,0.0,1.1667378,0.0,0.0,1
1.487568,0.0,0.0,0.09991456,0.31660217,0.0,0.47653857,0.37116027,0.0,0.0,0.0,0.3055441,1.4472386,0.0033604,0.0,0.91633195,0.8651965,0.0,1.7612975,0.0,0.18281156,0.6804637,0.4185923,0.7146574,1.3549755,0.062059224,0.71369314,0.65673244,0.0,0.9726988,0.48830408,0.050439827,0.51912874,0.5039019,0.0,0.5208258,0.0,0.7289528,0.5490172,0.24969305,0.0,0.5755795,0.0,0.4080018,0.88067144,0.0,0.576418,0.0,0.64156485,0.021727482,0.6893567,0.027930206,0.76013076,0.0,0.37855124,0.0,0.60725695,0.8688767,0.018447304,0.0,0.0,0.0,0.0,0.09182923,0.070518784,0.68982005,0.18426836,0.45485607,0.0,0.0,0.0,0.0,0.0,0.0,0.6510735,0.97736496,1.1858026,0.49125725,0.03437961,0.0,0.0,0.0,0.18866266,1.125413,0.8983154,1.1220477,0.0,0.0,0.0,0.0,0.0,0.2896126,0.17420556,0.12865952,0.39873663,0.0,0.0,0.0,0.0,0.0,0.0,1.1405869,1.7455077,0.0,1.3471752,0.45003784,0.41481003,0.0,0.0,0.22695848,1.2691653,0.022413883,0.0,0.23604582,0.3813148,0.0,0.45864314,0.0,1.2009355,0.0,0.0,0.09830443,0.0,0.0,0.0,1.068471,0.0,0.014715321,1
1.6877792,0.0,0.0,0.26784992,0.1352342,0.0,0.7255176,0.070291035,0.0,0.13027795,0.0,0.63622427,0.96104443,0.15210901,0.0,1.0457692,0.31405348,0.00684253,1.0359173,0.0,0.25632063,0.19836205,0.09282709,0.9226124,0.78450423,0.23728499,0.49424818,0.7219349,0.0,1.2194154,0.63628954,0.0,0.88713515,0.36155614,0.0,0.31382427,0.0,0.6812623,0.7730645,0.11653397,0.0,0.49124703,0.0,0.24505164,0.4680858,0.0,0.929086,0.0,0.62289435,0.0,0.86110634,0.0,0.72886163,0.012830113,0.12409209,0.0,0.56608444,0.91087604,0.0,0.2974181,0.0,0.0,0.0,0.0,0.03762454,0.63976187,0.0,0.0,0.0,0.0,0.34356645,0.0,0.0,0.12313305,0.36600435,1.0591199,0.85081166,0.97645926,0.0,0.0,0.0,0.0,0.04543283,1.1674409,0.62019116,0.6930801,0.039756652,0.0,0.0,0.0,0.0,0.16495027,0.09686262,0.28429228,0.0,0.0,0.0,0.0,0.0,0.0,0.0,0.9606273,1.4189044,0.0,1.064315,0.38404647,0.6931928,0.0,0.0,0.1507945,1.0859306,0.0,0.0,0.33557573,0.03413917,0.0,0.0,0.0,1.1723869,0.0,0.0,0.01632418,0.0,0.0,0.0,0.768887,0.17616682,0.0,0
1.6666517,0.0,0.0,0.28564903,0.44166303,0.0,0.7600961,0.66648823,0.004168524,0.0,0.0,0.60917926,0.87534684,0.005510876,0.030003026,0.7288716,0.24529944,0.07106675,1.0701977,0.0,0.21969396,0.31082112,0.055000138,0.7278341,0.89751893,0.106993824,0.77948445,1.0527619,0.0,1.0721568,0.1414364,0.03541277,0.86857104,0.62100524,0.0,0.5529539,0.0,0.9202884,0.709479,0.11711288,0.0,0.72522163,0.0,0.026198853,0.80252534,0.0,0.8129943,0.0,0.28007954,0.13349408,0.7121052,0.0,0.65253645,0.02007213,0.04395693,0.14623766,0.5390788,0.6864149,0.0,0.0,0.0,0.0,0.0,0.10347281,0.0,0.6636356,0.0,0.07989902,0.0,0.040068086,0.35969883,0.12837318,0.0,0.13826054,0.66000926,0.85933024,0.9208207,0.9455886,0.19209567,0.0,0.44587842,0.0,0.0,1.211656,0.8641475,0.7925691,0.0,0.0,0.0,0.0,0.0,0.4467817,0.20880361,0.26333797,0.07224443,0.0,0.0,0.19120745,0.0,0.012765987,0.0,1.3261157,1.5933598,0.0,1.3614448,0.21696122,0.731186,0.0,0.0,0.20676377,1.0835875,0.0,0.0,0.36925825,0.18612614,0.0,0.0,0.0,1.3285624,0.0,0.0,0.0,0.0,0.0,0.0,1.12152,0.08601631,0.0,1
1.3036716,0.0,0.0,0.0,0.52061653,0.0,0.9754669,0.213131,0.012850128,0.0,0.0,0.48399872,0.37836373,0.0,0.0,0.67377377,0.40683338,0.11249787,1.5220889,0.0,0.09749077,0.4376928,0.17713977,0.49787146,1.2657197,0.104085445,1.0146116,0.7961395,0.0,0.81565213,0.22954108,0.05860506,0.5197319,0.17937024,0.0,0.80295396,0.0,0.9265248,0.5552313,0.25924805,0.0,0.44247848,0.0,0.28066,0.9936248,0.121138655,0.44425374,0.0,0.16295366,0.06871547,0.9165345,0.081133336,0.97325975,0.0,0.2331791,0.19297796,0.13038671,0.5071128,0.0,0.0,0.0,0.30448472,0.0,0.1615308,0.0,0.37104347,0.0,0.3457726,0.0,0.0,0.06973801,0.07365036,0.0,0.008975882,0.50427765,0.9721803,0.852147,0.7177842,0.08777873,0.0,0.12871185,0.0,0.24074231,1.3612726,0.79139274,1.1175884,0.0,0.0,0.0,0.0,0.047490604,0.6136476,0.091870256,0.094504766,0.60436857,0.0,0.0,0.25083607,0.0,0.0,0.0,1.0405766,1.385689,0.0,1.1595712,0.0,0.74460715,0.01851038,0.0,0.42715064,0.7438725,0.039457757,0.0,0.38824385,0.4882432,0.0,0.17522559,0.0,1.1248622,0.0,0.0,0.0,0.0,0.0,0.0,1.037111,0.0,0.0,1
1.8329113,0.0,0.0,0.0,0.552953,0.0,0.8338015,0.47073576,0.0,0.0,0.0,0.37037998,1.1091344,0.0,0.0,0.8818821,0.4064485,0.03482134,1.6793517,0.0,0.12928241,0.57755554,0.33976132,0.9977135,1.3297212,0.14200157,1.1451948,0.94439745,0.0,0.8870996,0.3004634,0.24512579,0.72242683,0.44340086,0.0,0.7506621,0.0,0.90640396,0.7595135,0.24125582,0.0005556885,0.7085148,0.0,0.48960453,1.1799092,0.0,0.7105153,0.0,0.6290672,0.10831715,0.8830775,0.1708899,0.8795278,0.0,0.21163763,0.0,0.57170737,0.7964714,0.0,0.0,0.0,0.0,0.0,0.16867475,0.10024281,0.7845266,0.08949603,0.2556617,0.0,0.0,0.0,0.09265122,0.0,0.0,0.6614166,1.3754469,1.0302995,0.8024585,0.0,0.0,0.0,0.0,0.13300373,1.4714086,0.8739654,1.1716266,0.0,0.0,0.0,0.0,0.0,0.40362364,0.2436743,0.30964276,0.43238047,0.0,0.0,0.0,0.0,0.016712768,0.0,1.4029409,1.7220969,0.0,1.3706697,0.300938,0.70038253,0.0,0.0,0.40631667,1.3183591,0.0,0.0,0.3544367,0.29979536,0.0,0.2878644,0.0,1.4268332,0.0,0.0,0.0046038716,0.0,0.0,0.0,1.0176256,0.0,0.0,1
1.4708405,0.0,0.0,0.2665122,0.3710978,0.0,0.79279286,0.7750733,0.0,0.0,0.0,0.39334446,1.0102851,0.0,0.0,0.7147027,0.18998519,0.0,1.2254703,0.0,0.11908127,0.38987628,0.13624522,0.8645314,0.9049657,0.10845044,0.8983482,0.91415995,0.0,1.0951873,0.059906002,0.11541137,0.85225743,0.69379956,0.0,0.5582084,0.0,1.0131097,0.8441218,0.0,0.0,0.62189674,0.0,0.091853835,0.9494365,0.0,0.7491871,0.0,0.30981487,0.15036778,0.8021522,0.0,0.6234542,0.0,0.0,0.0,0.51468897,0.5478748,0.0,0.0,0.0,0.0,0.0,0.12896349,0.059325155,0.8252009,0.15884608,0.042457666,0.0,0.0,0.2337859,0.2175133,0.0,0.14366513,0.55504364,1.0097721,1.0279675,1.0243021,0.0,0.0,0.3885177,0.0,0.0,1.3016678,0.68832123,0.9682323,0.0,0.0,0.0,0.0,0.0,0.35295695,0.30086643,0.27126324,0.015024388,0.0,0.0,0.24760439,0.0,0.057579827,0.0,1.4568652,1.6064383,0.0,1.3710752,0.15028226,0.64510065,0.0,0.0,0.15805618,1.1898324,0.0,0.0,0.25117052,0.08895792,0.0,0.0,0.0,1.3896766,0.0,0.0,0.036071613,0.0,0.0,0.0,1.0906333,0.08307616,0.0,1
1.5396659,0.0,0.0,0.0,0.7343515,0.0,0.93337816,0.2551735,0.0,0.0,0.0,0.5053369,0.8140611,0.0,0.0,0.6311334,0.428963,0.08612118,1.1405275,0.0,0.0070728324,0.4145768,0.18699995,0.9524041,1.164316,0.0,0.95292854,0.9794657,0.0,0.82957214,0.47905442,0.0,0.8384066,0.37657103,0.0,0.6202082,0.0,0.8676623,0.57969373,0.17818314,0.0,0.643188,0.0,0.26128462,1.0490037,0.0,0.59396994,0.0,0.26624158,0.0,0.88191825,0.32892355,0.95027804,0.13682805,0.14998429,0.0,0.23306239,0.7357443,0.0037683398,0.0,0.0,0.0,0.0,0.41210815,0.03735035,0.75249815,0.061524507,0.07277978,0.0,0.036662307,0.0,0.107763335,0.0,0.0,0.45058903,1.2415888,0.9718089,0.65315926,0.0,0.0,0.06442226,0.0,0.005844079,1.5286206,0.9374661,1.2357448,0.0,0.0,0.0,0.0,0.14515513,0.5146595,0.3138868,0.39136982,0.29515746,0.0,0.0,0.0,0.0,0.0,0.0,1.3571022,1.4846665,0.0,1.2264265,0.079938926,0.67082644,0.0,0.0,0.2985328,0.94731176,0.0,0.0,0.32880098,0.45578024,0.0,0.14890224,0.0,1.4882966,0.0,0.0,0.0,0.0,0.0,0.0,0.892723,0.0,0.0,1
1.6846765,0.0,0.0,0.17517799,0.67632675,0.0,0.82001895,0.70966285,0.0,0.1103231,0.0,0.6109401,0.62327355,0.0,0.051572114,0.5448447,0.006773716,0.07570737,1.0431172,0.0,0.30894965,0.4705636,0.014155175,1.0176556,0.70345944,0.2511955,1.18161,0.83648574,0.0,1.0683824,0.18544771,0.07953128,0.8429835,0.5773205,0.0,0.38389224,0.0,0.89497167,0.6360158,0.093479626,0.0,0.5744389,0.0,0.12132778,1.0316712,0.0,0.55368954,0.0,0.2308736,0.0,0.71801484,0.16297016,0.6705994,0.13567816,0.02381878,0.15972216,0.310297,0.7089884,0.0,0.0,0.0,0.0,0.0,0.11217856,0.0,0.8302487,0.0,0.0,0.0,0.25269413,0.2424805,0.23929892,0.11613424,0.2967629,0.57791734,0.9384504,0.8580834,0.8914487,0.0,0.0,0.38911048,0.0,0.0,1.5910903,0.5947121,0.9375156,0.0,0.0,0.0,0.0,0.09652154,0.5011784,0.12057138,0.31600565,0.10876683,0.0,0.0,0.20617482,0.0,0.0,0.0,1.3167806,1.297313,0.0,1.3381504,0.0,0.6345374,0.0,0.0,0.26228914,0.8338696,0.0,0.0,0.41095108,0.094730705,0.0,0.0,0.0,1.4401653,0.0,0.0,0.0,0.0,0.0,0.0,1.0829415,0.17237814,0.0,1
0.83109254,0.0,0.0,0.20210636,0.06594214,0.21212083,0.08622385,0.07996699,0.5576941,0.1580354,0.0,0.72182673,0.9152234,0.53520894,0.20597894,0.85559934,0.53352696,0.46952638,0.37880662,0.6403071,0.42406496,0.14216273,0.20152627,0.08419632,0.26172563,0.016162336,0.13172132,0.120835595,0.087421246,0.8429576,0.25062713,0.03241706,0.0,0.2359657,0.0,0.1395756,0.0,0.6417898,0.30950904,0.44538262,0.0,0.63702357,0.0,0.0,0.24562505,0.0,0.74710315,0.0,0.32559144,0.0,0.5656274,0.0,0.40072185,0.0,0.09126367,0.725306,0.57467455,0.6595609,0.0,1.2390482,0.0,0.00762553,0.15279682,0.0,0.0,0.33349368,0.0,0.3113116,0.0,0.22249725,0.35904747,0.0,0.09361163,0.07120703,0.35183284,0.18305233,0.5550079,0.82290447,0.26523736,0.0,0.35109997,0.0,0.362055,0.42361537,0.2812749,0.25757238,0.2085944,0.0,0.24311985,0.10115521,0.009430453,0.2126243,0.0,0.18060142,0.0,0.0,0.0,0.11706576,0.37064824,0.0,0.0,0.45371556,0.66922754,0.0,0.9255463,0.03055332,0.54221326,0.16721831,0.0,0.21123545,0.7227421,0.09028462,0.0,0.4644765,0.31705227,0.23667835,0.0,0.0,0.9913806,0.0,0.0,0.15241028,0.0,0.0,0.0,0.86977905,0.6209919,0.0,0
1.6182506,0.0,0.0,0.0,0.77014166,0.0,0.9335372,0.27953157,0.0,0.0,0.0,0.5207073,1.0927091,0.0,0.0,0.78169525,0.5218546,0.044475205,1.3989527,0.0,0.0,0.39604715,0.17198583,0.9246252,1.3522722,0.0,0.96338665,1.0055225,0.0,0.73761934,0.56343305,0.0,0.8225552,0.36845988,0.0,0.76982874,0.0,0.8050689,0.5311313,0.16911453,0.0,0.68318236,0.0,0.22186375,1.0614899,0.0,0.70607334,0.0,0.47525224,0.056619544,0.7980334,0.26351196,0.9176594,0.09045415,0.1608136,0.0,0.30403838,0.87491477,0.0,0.0,0.0,0.0,0.0,0.3672202,0.025060754,0.79235154,0.23457904,0.16686416,0.0,0.0,0.0,0.0,0.0,0.0,0.5618647,1.3975444,1.1129291,0.61877686,0.0,0.0,0.017393477,0.0,0.06961008,1.6171386,0.89700586,1.2538238,0.0,0.0,0.0,0.0,0.088329844,0.48696285,0.35641515,0.3803664,0.3303478,0.0,0.0,0.0,0.0,0.0,0.0,1.5111691,1.7014748,0.0,1.2713082,0.16440776,0.6621894,0.0,0.0,0.34997243,1.1254348,0.0,0.0,0.17906855,0.46897522,0.0,0.36003035,0.0,1.4531529,0.0,0.0,0.0,0.0,0.0,0.0,0.8477708,0.0,0.0,1
1.6164289,0.0,0.0,0.04853049,0.6708124,0.0,0.8255481,0.43659118,0.0,0.0,0.0,0.5490211,0.7958367,0.0,0.022449762,0.54443824,0.12280509,0.15989842,1.1841317,0.0,0.14583252,0.3879328,0.05834202,1.0014074,0.8953156,0.19290385,0.93619657,0.8219127,0.0,0.963481,0.32260963,0.0,0.9533617,0.6060227,0.0,0.58265465,0.0,0.91540694,0.7709127,0.0069643166,0.0,0.5737604,0.0,0.20517108,1.0399901,0.0,0.6507733,0.0,0.29436588,0.025723292,0.8286042,0.09714009,0.73727196,0.099318035,0.0,0.09660689,0.3585368,0.79052716,0.0,0.0,0.0,0.0,0.0,0.244461,0.0,0.7310253,0.0,0.087709896,0.0,0.14826977,0.22042844,0.045346662,0.0,0.23765212,0.49680224,1.1305312,1.0309228,0.90454626,0.006395763,0.0,0.3182828,0.0,0.0,1.4785852,0.771949,1.0666552,0.0,0.0,0.0,0.0,0.07499731,0.4150592,0.3329898,0.29829803,0.18027928,0.0,0.0,0.08813061,0.0,0.0,0.0,1.438861,1.3957967,0.0,1.3409201,0.1191886,0.7725149,0.0,0.0,0.2600409,0.9357403,0.0,0.0,0.279293,0.14209959,0.0,0.0,0.0,1.50127,0.0,0.0,0.0,0.0,0.0,0.0,0.9756292,0.0,0.0,1
1.55959,0.0,0.0,0.2716561,0.27527785,0.09719079,0.7455955,0.450145,0.11103257,0.18707454,0.0,0.55523956,0.801201,0.09863979,0.013168618,0.8124217,0.0,0.19509503,1.0109832,0.0,0.2594915,0.35325807,0.09284666,0.8873714,0.65665036,0.3278999,0.7142218,0.6945933,0.0,1.2485912,0.47591543,0.0,1.0238632,0.5834369,0.0,0.3858837,0.0,0.8447654,0.6213382,0.15234219,0.0,0.49794945,0.0,0.049859405,0.5577076,0.0,0.8205841,0.0,0.2864293,0.014237494,0.87274486,0.0,0.6536775,0.0,0.11606485,0.17684372,0.47954768,0.7272876,0.0,0.13728471,0.0,0.0,0.0,0.0,0.0,0.6152941,0.0,0.0,0.0,0.25429556,0.5336553,0.0,0.011945607,0.27952668,0.53905594,0.84224916,0.9837681,1.0882956,0.014207913,0.0,0.2529143,0.0,0.0,1.1125563,0.5522447,0.71190923,0.0,0.0,0.0,0.0,0.0,0.25237018,0.21708597,0.27634504,0.07781612,0.0,0.0,0.27060035,0.0,0.0,0.0,1.097611,1.3488479,0.0,1.20832,0.12611315,0.6941969,0.0,0.0,0.30975792,0.8188286,0.004790743,0.0,0.4824512,0.08323081,0.0,0.0,0.0,1.2979633,0.0,0.0,0.0,0.0,0.0,0.0,1.1030183,0.35093042,0.0,0
1.1599679,0.0,0.0,0.08050831,0.32776472,0.0,1.008266,0.4818604,0.0,0.12372196,0.0,0.39476275,0.64349085,0.0,0.18374297,0.83662546,0.27669364,0.05841539,1.2108119,0.0,0.15650304,0.24298109,0.01821522,0.59267616,1.0774913,0.0,1.0176427,0.6192508,0.0,1.048148,0.14789839,0.0,0.4779761,0.5792034,0.0,0.75645113,0.0,1.1385051,0.5255807,0.20316401,0.0,0.26904875,0.0,0.11602658,0.8899804,0.0,0.357101,0.0,0.105420925,0.01948584,0.893298,0.11504376,0.8703421,0.0,0.103648655,0.37850714,0.36766204,0.48195696,0.0,0.23157354,0.0,0.1889463,0.0,0.14214918,0.017097842,0.38974437,0.15209736,0.11147719,0.0,0.2523208,0.37827894,0.0,0.1821848,0.12415613,0.5936474,0.78066385,1.1607351,1.0152107,0.0,0.0,0.19912183,0.0,0.09690257,1.0209272,0.61147386,0.92306286,0.0,0.0,0.0,0.0,0.0,0.42089537,0.36346242,0.0,0.31665504,0.0,0.0,0.33490273,0.33585748,0.0,0.0,1.0749769,1.6246201,0.0,1.314659,0.14963411,0.6840893,0.0,0.0,0.38752916,0.86628103,0.24027239,0.0,0.5279826,0.39871746,0.0,0.0,0.0,0.9693165,0.0,0.0,0.0,0.0,0.0,0.0,1.5279325,0.05199014,0.0,1
1.2526882,0.0,0.0,0.083738625,0.22396298,0.0,0.43813297,0.34019676,0.124880575,0.0,0.0,0.54223526,0.84069604,0.0,0.0025056005,1.0168203,0.5238352,0.02541848,1.1562747,0.0,0.349958,0.26727968,0.23625332,0.29494786,0.9115886,0.0,0.7243836,0.6174532,0.0,1.0027322,0.24697372,0.0,0.38695666,0.41028112,0.0,0.46759015,0.0,0.92193955,0.5592975,0.29123348,0.0,0.5791881,0.0,0.06307135,0.73176056,0.0,0.43281722,0.0,0.19233413,0.0,0.6041365,0.0,0.83604765,0.0,0.12739925,0.31304482,0.24980363,0.7166495,0.0,0.44206402,0.0,0.04829987,0.0,0.0,0.070044436,0.46135694,0.0,0.3122,0.0,0.0,0.17513904,0.0,0.0035587864,0.10165487,0.46968856,0.62470555,0.8828026,0.7543097,0.25936592,0.0,0.1223524,0.0,0.257323,1.003569,0.48487267,0.68661445,0.0,0.0,0.0,0.0,0.0,0.2837947,0.08303774,0.0783242,0.13977508,0.0,0.0,0.060735926,0.0,0.0,0.0,0.9670934,1.2228187,0.0,1.1219089,0.39126074,0.6630228,0.0,0.0,0.254283,1.0127106,0.0,0.0,0.43432996,0.38721356,0.0,0.0,0.0,0.9793971,0.0,0.0,0.023494544,0.0,0.0,0.0,1.1040478,0.01001299,0.0,1
1.4207175,0.0,0.0,0.0,0.31191495,0.0,0.72816545,0.42690915,0.0,0.0,0.0,0.19618367,1.3241916,0.0,0.0,0.94689006,0.46828312,0.0,1.3822058,0.0,0.15399334,0.4573383,0.28947324,0.82792306,1.0841315,0.1097531,0.71619976,0.38547492,0.0,1.0624624,0.28905156,0.13555695,0.5702305,0.5442733,0.0,0.7198288,0.0,0.7238702,0.713508,0.12789944,0.0,0.3131797,0.0,0.31115106,0.78801435,0.0,0.5490185,0.0,0.52343374,0.2625498,0.6900049,0.0,0.8261286,0.0,0.14628072,0.0,0.45447153,0.8343559,0.0,0.18912981,0.0,0.0,0.0,0.07443278,0.24192096,0.7069819,0.10949336,0.13755128,0.0,0.0,0.14929181,0.0,0.0,0.0,0.34508115,1.180084,1.2231816,0.83181816,0.0,0.0,0.0,0.0,0.030775748,0.92604655,0.616542,0.9629539,0.0,0.0,0.0,0.0,0.0,0.24832182,0.3332643,0.048096403,0.27944884,0.0,0.0,0.0,0.0,0.0,0.0,1.1757106,1.7462691,0.0,1.4107226,0.52515227,0.6168055,0.0,0.0,0.3022703,1.277924,0.082535245,0.0,0.33483386,0.1252545,0.0,0.054255784,0.0,0.9544124,0.0,0.0,0.14289697,0.0,0.0,0.0,1.058444,0.0,0.0,1
1.1567299,0.0,0.0,0.20837545,0.19132999,0.0,0.35560733,0.09700138,0.04051827,0.0,0.0,0.4550289,1.0609404,0.14595981,0.0,1.092139,0.51402324,0.0,0.9762171,0.09409369,0.0935774,0.23203817,0.27045143,0.5756202,0.7796914,0.0,0.28671554,0.5027894,0.0,0.9634944,0.3809902,0.0,0.58032227,0.40775535,0.0,0.5880566,0.0,0.51615065,0.3887341,0.21957901,0.036286347,0.49370846,0.0,0.0925364,0.44699085,0.0,0.7519245,0.0,0.43642247,0.1331689,0.8307324,0.0,0.64178765,0.0,0.1849401,0.1364769,0.5148904,0.8061347,0.0,0.35349274,0.0,0.0,0.0,0.0,0.01850108,0.44465932,0.0,0.08062282,0.0,0.0,0.4272961,0.0,0.0,0.0,0.27337664,0.6187051,0.94133276,0.7571683,0.14342165,0.0,0.08151815,0.0,0.27993643,0.72122216,0.4968601,0.74283844,0.0,0.0,0.0,0.0,0.0,0.3517167,0.09638525,0.18753658,0.0,0.0,0.0,0.0,0.0753214,0.0,0.0,0.755587,1.4203577,0.0,1.0711977,0.48864836,0.6729707,0.0,0.0,0.28111988,1.0818999,0.039244715,0.0,0.29268247,0.11886346,0.07955447,0.0,0.0,0.8856963,0.0,0.0,0.115499735,0.0,0.0,0.0,0.9921551,0.21100107,0.049879063,0
1.3952351,0.0,0.0,0.047041193,0.29877457,0.0,0.8079143,0.16701965,0.0,0.10890098,0.0,0.40926906,0.58364064,0.038266726,0.0,1.0017077,0.3270271,0.13754845,1.122789,0.0,0.1204827,0.17230967,0.076467805,0.68452597,0.9473154,0.0,0.5908347,0.55565727,0.0,0.9445576,0.3574423,0.0,0.760963,0.2209017,0.0,0.6809026,0.0,0.6357497,0.55701315,0.21803394,0.0,0.40464678,0.0,0.22614628,0.60824496,0.0,0.41539618,0.0,0.30420348,0.20759325,0.9811662,0.0,0.8079829,0.0,0.13947248,0.040775206,0.25718874,0.7243676,0.0,0.16840497,0.0,0.0,0.0,0.0714464,0.09446552,0.54401284,0.0,0.1117417,0.0,0.0,0.28267345,0.0,0.0,0.0,0.28988206,0.86904114,0.86681944,0.86043537,0.0,0.0,0.017027892,0.0,0.22058336,0.976887,0.54571617,0.85409516,0.0,0.0,0.0,0.0,0.0,0.24224357,0.061724123,0.11346736,0.19441062,0.0,0.0,0.0,0.034886397,0.0,0.0,1.0367535,1.3230163,0.0,1.1910295,0.35258365,0.7093399,0.0,0.0,0.37654886,0.93271655,0.047563586,0.0,0.40961942,0.21081744,0.0,0.0,0.0,0.9574909,0.0,0.0,0.0,0.0,0.0,0.0,0.9346665,0.03357867,0.0,0
1.1808546,0.0,0.0,0.15837602,0.7097653,0.0,0.82116854,0.6480009,0.0,0.030559357,0.0,0.4519714,0.47278473,0.0,0.29131225,0.3625767,0.039376505,0.0,1.1476868,0.0,0.1639224,0.4481856,0.0,0.6180765,0.79433614,0.0,0.9965718,0.79993415,0.0,0.97497886,0.0,0.17530875,0.35205787,0.563248,0.0,0.7628059,0.0,0.9143142,0.40653673,0.16067134,0.0,0.42130223,0.0,0.3150749,0.9882541,0.0,0.0,0.0,0.059983492,0.08273216,0.894932,0.18635437,0.7018645,0.0,0.0,0.13830811,0.04552506,0.20881519,0.0,0.0,0.0,0.0,0.0,0.2002581,0.0,0.6227995,0.17208827,0.02833796,0.0,0.26083255,0.24746017,0.2791974,0.21031675,0.1682092,0.43765053,0.586089,1.0080819,1.0146139,0.0,0.0,0.38024095,0.0,0.0,1.3426739,0.6384989,0.85289675,0.0,0.0,0.0,0.0,0.0,0.5284829,0.21983539,0.008340031,0.24289006,0.0,0.0,0.3772951,0.0,0.096403584,0.0,1.3320066,1.4228897,0.0,0.9760558,0.025117123,0.64422315,0.0,0.0,0.4513581,0.71144265,0.23247918,0.0,0.24807388,0.43413222,0.0,0.0011757748,0.0,1.0282054,0.0,0.0,0.0,0.0,0.0,0.0,1.2591624,0.0,0.0,1
1.3378527,0.0,0.0,0.0,0.30494002,0.0,0.5827152,0.08996744,0.0,0.0,0.0,0.17133725,1.1351688,0.13009693,0.0,0.9312403,0.6585805,0.11473823,1.3387727,0.0,0.07362808,0.5148479,0.29159483,0.82731485,1.115758,0.16089454,0.42161906,0.45357606,0.0,0.956045,0.52473414,0.037025906,0.838552,0.24306476,0.0,0.44556296,0.0,0.58484596,0.57433045,0.23414895,0.0,0.50363797,0.0,0.2193198,0.59152466,0.0,0.6792732,0.0,0.5062628,0.12743814,1.0169811,0.0,0.85635334,0.0,0.24106383,0.00062584376,0.2802687,0.9921344,0.0,0.15024674,0.0,0.0,0.0,0.0,0.04273746,0.6787426,0.0,0.13600346,0.0,0.0,0.030536884,0.0,0.0,0.0,0.31587932,0.81525546,1.0267556,0.7854816,0.0,0.0,0.0,0.0,0.16755183,0.9613414,0.5172224,0.8933185,0.015647897,0.0,0.0,0.0,0.0,0.21690102,0.11759666,0.23747821,0.12359031,0.0,0.0,0.0,0.0,0.0,0.0,1.0857573,1.3870775,0.0,1.074562,0.5399146,0.6440107,0.0,0.0,0.37348858,1.0615832,0.052797664,0.0,0.48347315,0.25941414,0.0,0.0073113427,0.0,0.9504205,0.0,0.0,0.075761214,0.0,0.0,0.0,0.688409,0.0,0.07391099,0
1.5739114,0.0,0.0,0.014146098,0.47359484,0.0,0.84211975,0.60407,0.0,0.0,0.0,0.537249,1.1902918,0.0,0.0,0.8547827,0.48962715,0.062782444,1.5733978,0.0,0.14066988,0.42914096,0.25695002,0.71847343,1.2065003,0.0,1.1408167,1.016459,0.0,0.9772417,0.27474225,0.0663413,0.6695794,0.65384686,0.0,1.0150257,0.0,0.9643877,0.48575,0.4612661,0.07214232,0.5702559,0.0,0.32135218,1.1091677,0.0,0.56657,0.0,0.37269688,0.0,0.6623683,0.09462777,0.91157895,0.0,0.14838924,0.18269515,0.5177576,0.7359875,0.0,0.0,0.0,0.30581233,0.0,0.28129402,0.06112079,0.7923468,0.39456302,0.4471643,0.0,0.0,0.22289081,0.0,0.14687133,0.0,0.7237805,1.3700359,1.3326638,0.7153518,0.0,0.0,0.23626024,0.0,0.21678697,1.3736975,0.9422038,1.4513514,0.0,0.0,0.0,0.0,0.0,0.47741637,0.23996873,0.28507856,0.49311462,0.0,0.0,0.24124072,0.0,0.0060219746,0.0,1.377609,1.878112,0.0,1.5901939,0.08064901,0.5262007,0.0,0.0,0.47807685,1.268467,0.0,0.0,0.21810573,0.5287726,0.0,0.3212215,0.0,1.4997591,0.0,0.0,0.07003192,0.0,0.0,0.0,1.5079036,0.0,0.0,1
1.740695,0.0,0.0,0.15815307,0.5501287,0.0,0.7856538,0.32846746,0.0,0.0,0.0,0.31893998,1.2895385,0.0,0.0,0.84029657,0.49796703,0.0,1.4624077,0.0,0.022062328,0.5383519,0.19705153,1.0757091,1.1936699,0.259818,0.73717165,0.842214,0.0,0.9394652,0.6104753,0.038808655,0.9454005,0.5002526,0.0,0.53378874,0.0,0.7105265,0.6714264,0.14141394,0.035822548,0.63556206,0.0,0.41335353,1.0673018,0.0,1.0343066,0.0,0.5823672,0.0,0.98234683,0.09086166,0.9566429,0.0,0.11190192,0.0,0.5331919,1.1176512,0.050620824,0.0,0.0,0.0,0.0,0.013148939,0.046640545,0.9631493,0.08858747,0.19276735,0.0,0.0,0.02230596,0.0,0.0,0.06469284,0.66624874,1.3361564,1.142548,0.81376165,0.0,0.0,0.1173423,0.0,0.0,1.5991043,0.78316015,1.1503311,0.0,0.0,0.0,0.0,0.06361248,0.2816523,0.27637148,0.2993161,0.07253752,0.0,0.0,0.0,0.0,0.0,0.0,1.4328737,1.6946894,0.0,1.3091294,0.42325693,0.58459014,0.0,0.0,0.25930628,1.3162369,0.0,0.0,0.20964362,0.2737874,0.0,0.12587166,0.0,1.3273885,0.0,0.0,0.0,0.0,0.0,0.0,0.91786987,0.0,0.0,1
1.6692823,0.0,0.0,0.0,0.547562,0.0,0.90271705,0.17702822,0.07777662,0.2260042,0.0,0.6293539,0.608108,0.0,0.0,0.42589715,0.0,0.13056764,1.695402,0.0,0.070548326,0.7482678,0.42345098,1.2054039,1.1887505,0.2095434,1.0204628,1.0170561,0.0,0.75931704,0.44046977,0.031602055,0.97406185,0.35549325,0.0,0.45243704,0.0,1.0072412,0.59638757,0.3163556,0.0,0.56774193,0.0,0.36835626,1.3656026,0.07424501,0.6547458,0.0,0.24688925,0.0,0.7499422,0.48918128,0.9248807,0.08879446,0.42144108,0.1375183,0.37697905,0.5322536,0.0,0.0,0.0,0.31274608,0.0,0.3605292,0.0,0.55452645,0.0,0.22861275,0.0,0.1476022,0.0,0.31340024,0.15624477,0.029867623,0.8555536,1.140579,1.0193509,0.6768853,0.0,0.0,0.11028347,0.0,0.0010788663,1.9101703,0.9026528,1.020115,0.0,0.0,0.0,0.0,0.26566672,0.8311422,0.30543596,0.21639034,0.6660514,0.0,0.0,0.1502632,0.0,0.0,0.0,1.2108445,1.6087008,0.0,1.2473464,0.0,0.67507106,0.14511143,0.0,0.38862497,1.1132106,0.0,0.0,0.7381621,0.38137925,0.0,0.2571015,0.09928684,1.8853465,0.0,0.0,0.0,0.0,0.0,0.0,0.8696046,0.0,0.0,1
1.5321503,0.0,0.0,0.17239949,0.4972692,0.02741101,0.7229839,0.83645946,0.0,0.0,0.0,0.32882935,1.0107234,0.0,0.0,0.8937873,0.35867143,0.0,1.4819862,0.0,0.36385906,0.58895683,0.091063134,0.7603044,1.0373107,0.053164333,1.1732444,0.8812029,0.0,1.2582747,0.06791552,0.02022276,0.6101733,0.6835379,0.0,0.5705164,0.0,0.9259616,0.6535383,0.22117366,0.0,0.55268705,0.0,0.23058629,0.9032347,0.0,0.6060226,0.0,0.3230744,0.18073858,0.76610464,0.0,0.74067646,0.0,0.0,0.13295458,0.44725677,0.681353,0.0,0.0,0.0,0.01294587,0.0,0.16003397,0.0796975,0.6067874,0.06924758,0.22570026,0.0,0.01031577,0.27480742,0.02674794,0.0,0.17072102,0.7533465,0.96522707,1.1636784,0.9309521,0.0,0.0,0.20915009,0.0,0.121301375,1.3238274,0.84068626,0.7821121,0.0,0.0,0.0,0.0,0.0,0.32989785,0.24707042,0.17879306,0.3049387,0.0,0.0,0.2758262,0.0,0.033000376,0.0,1.3826896,1.580752,0.0,1.2538365,0.2917552,0.6624236,0.0,0.0,0.21358478,1.1915375,0.0,0.0,0.43948165,0.15568608,0.0,0.027137397,0.0,1.0809383,0.0,0.0,0.0,0.0,0.0,0.0,1.2670326,0.0,0.0,1
1.6902667,0.0,0.0,0.09956806,0.5214438,0.0,0.71010983,0.45170578,0.0,0.0,0.0,0.17007734,1.6264371,0.0,0.0,0.9997026,0.86764187,0.0,1.8608639,0.0,0.0,0.5914653,0.38484427,1.226138,1.4684916,0.079710096,0.7926255,1.0558453,0.0,0.70715827,0.5472035,0.2222702,0.8683966,0.43323806,0.0,0.61499316,0.0,0.8795138,0.67283636,0.18158662,0.0,0.6218347,0.0,0.33272824,1.0726329,0.0,0.83156055,0.0,0.7323619,0.12303135,0.85293037,0.07095456,1.0987908,0.0,0.27836612,0.0,0.70374835,1.1243881,0.030559577,0.0,0.0,0.0,0.0,0.114494525,0.05864463,1.0021253,0.20375563,0.3699975,0.0,0.0,0.0,0.0,0.0,0.0,0.58227473,1.4996386,1.3107903,0.63046885,0.0,0.0,0.02417598,0.0,0.13327159,1.4721682,1.0087644,1.3932055,0.0,0.0,0.0,0.0,0.0,0.55142653,0.31167877,0.2352015,0.29282364,0.0,0.0,0.0,0.0,0.0,0.0,1.4535315,1.9831076,0.0,1.4474772,0.503499,0.699596,0.0,0.0,0.084091716,1.5376493,0.0,0.0,0.18985687,0.26302126,0.0,0.56663704,0.0,1.4100122,0.0,0.0,0.16565706,0.0,0.0,0.0,0.9498418,0.0,0.0,1
1.7807646,0.0,0.0,0.024946162,0.5008848,0.0,0.8321536,0.6818371,0.0,0.0,0.0,0.49789664,1.0120865,0.0,0.0,0.75852984,0.32882503,0.012210643,1.2941377,0.0,0.26203647,0.46746653,0.19900386,0.82647854,1.1220685,0.21698573,1.1360863,0.82092255,0.0,0.95714587,0.2729786,0.0547913,0.76085794,0.5856774,0.0,0.6459835,0.0,1.0018009,0.7421952,0.22556077,0.0,0.5774541,0.0,0.21723641,0.9019345,0.0,0.6260945,0.0,0.40950418,0.18176013,0.6903873,0.015851114,0.6299192,0.012788216,0.12975435,0.051937085,0.42801702,0.71594155,0.0,0.0,0.0,0.0,0.0,0.18325803,0.09752086,0.7683014,0.03507288,0.14739911,0.0,0.0,0.105091445,0.056172118,0.0,0.0,0.68756425,1.166734,1.0010598,0.8716144,0.0,0.0,0.09254087,0.0,0.12546621,1.2570232,0.74473435,1.0651282,0.0,0.0,0.0,0.0,0.0,0.34142458,0.28066427,0.3657976,0.35602057,0.0,0.0,0.050663218,0.0,0.021393297,0.0,1.2910117,1.6340538,0.0,1.4694934,0.3280399,0.7186205,0.0,0.0,0.3782151,1.2258421,0.0,0.0,0.2691309,0.21717519,0.0,0.028023718,0.03920209,1.3320849,0.0,0.0,0.0,0.0,0.0,0.0,1.1473706,0.0,0.0,1
1.5830538,0.0,0.0,0.0,0.5028787,0.0,0.3594586,0.2765068,0.0,0.0,0.0,0.3243699,1.3538537,0.1412485,0.0,0.820125,0.8704877,0.1696044,1.3685969,0.0,0.22063208,0.3917046,0.24859901,0.71862763,1.2019956,0.0,0.7069458,0.79976356,0.0,0.7393093,0.46578652,0.0,0.6723955,0.40246433,0.0,0.468413,0.0,0.8535507,0.57944024,0.26432553,0.11912862,0.757589,0.0,0.3456665,0.83070594,0.0,0.95966893,0.0,0.5077333,0.15564167,0.6932879,0.022668283,1.0173343,0.0,0.15042104,0.049290013,0.38954678,1.1739204,0.0,0.14058866,0.0,0.0,0.0,0.0,0.0,0.58040255,0.078437105,0.31151757,0.0,0.0,0.0,0.0,0.0,0.001361925,0.488166,1.1550364,1.0740622,0.60196024,0.13402508,0.0,0.18237686,0.0,0.2933262,1.2378496,0.74695,1.2021662,0.0,0.0,0.0,0.0,0.0,0.45084316,0.113317944,0.12947209,0.0885023,0.0,0.0,0.0544212,0.0,0.0,0.0,1.1222426,1.5159361,0.0,1.0289996,0.4225756,0.6657486,0.0,0.0,0.095464796,1.2779784,0.0,0.0,0.30160013,0.18676637,0.0,0.080773205,0.0,0.9530284,0.0,0.0,0.09719926,0.0,0.0,0.0,0.9453571,0.0,0.0,1
1.6758534,0.0,0.0,0.07029354,0.31471667,0.0,0.77567333,0.273343,0.0,0.059899475,0.0,0.6415713,0.9034103,0.0,0.0,0.99918836,0.14812163,0.008465758,1.0431539,0.0,0.2906494,0.214766,0.04763752,0.89505374,0.8213913,0.21101213,0.7629685,0.6292354,0.0,1.1059779,0.5619256,0.0,0.9137066,0.34885275,0.0,0.47891748,0.0,0.6124862,0.7050993,0.21627203,0.0,0.47886014,0.0,0.22493209,0.51957893,0.0,0.7673912,0.0,0.61442816,0.18229091,0.7786845,0.0,0.59945714,0.0,0.15775077,0.0,0.50942314,0.8047714,0.0,0.17998044,0.0,0.0,0.0,0.0,0.072868034,0.69158995,0.0,0.0,0.0,0.0,0.30299735,0.0,0.0,0.05964854,0.43131664,0.9994353,0.8444063,0.9346072,0.041904956,0.0,0.0,0.0,0.034414433,0.98764926,0.6782983,0.7834922,0.0,0.0,0.0,0.0,0.0,0.23195753,0.10276509,0.344466,0.23836477,0.0,0.0,0.045427904,0.0,0.0,0.0,0.98560727,1.5285195,0.0,1.3463705,0.33547384,0.6466528,0.0,0.0,0.47051498,1.0393844,0.0,0.0,0.37378114,0.09683469,0.0,0.0,0.0,1.1391854,0.0,0.0,0.0,0.0,0.0,0.0,1.1048499,0.20378475,0.0,0
1.5801933,0.0,0.0,0.14687014,0.43109146,0.0,0.88275987,0.10033236,0.0,0.10570412,0.0,0.57884896,0.70078015,0.09096611,0.0,0.7076486,0.071923,0.1117527,0.9727282,0.0,0.1856454,0.13401388,0.07511755,1.1464274,0.81782037,0.19578263,0.5787153,0.5383582,0.0,0.9535612,0.60343224,0.0,0.9909661,0.4160204,0.0,0.37609673,0.0,0.47518927,0.69081694,0.0,0.0,0.3219557,0.0,0.18358754,0.43473127,0.0,0.62797827,0.0,0.60534936,0.15433207,0.7704134,0.0,0.6303434,0.04429009,0.21393993,0.0,0.41648912,0.6792342,0.07128199,0.025057672,0.0,0.0,0.0,0.040079985,0.053063586,0.77192444,0.0,0.0,0.0,0.0,0.24852991,0.0,0.013421522,0.044608194,0.36858928,1.0296489,0.82368696,0.90195614,0.0,0.0,0.047428675,0.0,0.0,1.1633183,0.62788177,0.8375668,0.0,0.0,0.0,0.0,0.0,0.106734015,0.23727208,0.34378234,0.11041337,0.0,0.0,0.0,0.0,0.0,0.0,1.1432375,1.5081922,0.0,1.262313,0.3082044,0.63046813,0.0,0.0,0.38053736,0.9232569,0.0,0.0,0.3342511,0.094079256,0.0,0.0,0.0,1.2795373,0.0,0.0,0.0,0.0,0.0,0.0,0.9394466,0.27386397,0.0,0
1.1553357,0.0,0.0,0.0,0.31508452,0.0,0.47385263,0.34892824,0.29877794,0.0,0.0,0.33607855,0.5564447,0.18905403,0.11605163,0.90184027,0.82244253,0.12669556,1.0045236,0.0,0.2485525,0.13368851,0.21411341,0.3194542,0.93398696,0.05461295,0.5818419,0.28218782,0.0846862,0.8409148,0.120542444,0.0,0.3845371,0.12133563,0.0,0.17091182,0.0,0.93495446,0.1703683,0.6348429,0.0,0.5539526,0.0,0.033767674,0.79777074,0.0,0.37863258,0.0,0.11687658,0.018686445,0.8505196,0.0,1.0488639,0.0,0.24953957,0.25210622,0.11308929,0.4771612,0.0,0.5787587,0.0,0.3873759,0.0,0.0,0.0,0.7465135,0.0,0.50564927,0.0,0.044304308,0.1347469,0.0,0.20912856,0.02736831,0.33372292,0.3177486,0.8319308,0.6117749,0.31810084,0.0,0.29716107,0.0,0.42336866,0.9621654,0.33670023,0.8394658,0.0,0.0,0.0,0.08596495,0.22333288,0.22244637,0.1321245,0.061340146,0.0,0.0,0.0,0.20811422,0.33820635,0.0,0.021534262,0.5804957,1.1148721,0.0,1.0238034,0.61385506,0.53223085,0.0,0.0,0.2942258,0.9469765,0.040872384,0.0,0.38370335,0.4147878,0.0,0.0,0.0,0.9358135,0.0,0.0,0.011702419,0.0,0.0,0.0,1.0584834,0.17744456,0.024877938,1
1.0000232,0.0,0.0,0.0,0.2810557,0.0,0.81639946,0.24128784,0.013943531,0.0,0.0,0.35366297,0.8352827,0.0,0.0,0.98578775,0.7429336,0.0,1.3461994,0.0,0.0,0.3520519,0.29093862,0.5376542,1.2931898,0.059170917,0.6073539,0.25170937,0.0,0.8362052,0.36136872,0.1826175,0.53800887,0.27325755,0.0,0.6670368,0.0,0.7729583,0.5976674,0.25316983,0.0,0.37904543,0.0,0.15547745,0.7070577,0.0,0.2604827,0.0,0.3285164,0.10232766,0.9886088,0.0,1.047007,0.0,0.318796,0.18803921,0.19339061,0.7808709,0.0,0.17810203,0.0,0.19973348,0.0,0.0,0.13156787,0.7596598,0.0,0.36034253,0.0,0.0,0.0,0.0,0.0,0.0,0.45816356,0.733093,1.130461,0.81050766,0.0,0.0,0.0,0.0,0.095006846,0.8531052,0.5313409,0.9888672,0.0,0.0,0.0,0.0,0.0,0.28455538,0.29627383,0.033465292,0.043867,0.0,0.0,0.0,0.30411336,0.0,0.0,1.0529248,1.5489775,0.0,1.1333469,0.4044007,0.57296187,0.0,0.0,0.33178058,1.0872921,0.14232436,0.0,0.3568121,0.37383112,0.0,0.18359715,0.0,0.99884063,0.0,0.0,0.053566273,0.0,0.0,0.0,0.9246778,0.0,0.10093888,1
1.2287831,0.0,0.0,0.0,0.5972768,0.0,0.94928783,0.17133467,0.014123324,0.050844323,0.0,0.45102477,0.40008298,0.0,0.0,0.7543446,0.61361897,0.0,1.5690049,0.0,0.0,0.36230105,0.2626926,0.5655259,1.4658873,0.00077593233,0.84565145,0.80894196,0.0,0.8323404,0.23333713,0.08358766,0.54873776,0.16516882,0.0,0.73532164,0.0,0.70100904,0.5406615,0.30502465,0.0,0.29235178,0.0,0.2834961,0.95737463,0.0384255,0.4535401,0.0,0.25068957,0.0,0.93789154,0.19868548,1.1534299,0.0,0.30776322,0.14080007,0.23218554,0.77821636,0.0,0.05613369,0.0,0.32707927,0.0,0.037238587,0.01351285,0.6670282,0.0,0.3798241,0.0,0.0120921675,0.0,0.0,0.25149566,0.0,0.46952888,1.0480412,1.043029,0.73658824,0.0,0.0,0.0154324835,0.0,0.35425806,1.2310908,0.71357524,1.136041,0.0,0.0,0.0,0.0,0.08193062,0.650958,0.3578597,0.057168864,0.33454117,0.0,0.0,0.09388687,0.020555116,0.0,0.0,0.9797339,1.5989561,0.0,1.0756922,0.0,0.72089416,0.13186063,0.0,0.33529067,0.806154,0.0,0.0,0.4340973,0.7018071,0.0,0.26145676,0.0,1.0710862,0.0,0.0,0.0,0.0,0.0,0.0,0.9688534,0.0,0.0,1
1.938384,0.0,0.0,0.0,0.6369897,0.0,0.8289495,0.29683867,0.0,0.0,0.0,0.5320222,0.69694626,0.0,0.0,0.55897796,0.35255373,0.067458116,1.2124244,0.0,0.20741297,0.387851,0.25618806,1.0518844,1.2386751,0.051815927,0.8894703,0.9963149,0.0,0.7697129,0.46219605,0.10627672,0.78491366,0.3651256,0.0,0.3436381,0.0,0.9406371,0.73016316,0.0,0.0,0.7315718,0.0,0.4727748,1.1502929,0.0,0.6808392,0.0,0.409412,0.0,0.87419873,0.31823236,0.9856357,0.17809972,0.1007449,0.0,0.32499057,0.7666514,0.0,0.0,0.0,0.0,0.0,0.20262532,0.0,0.71868384,0.0,0.08745689,0.0,0.03065222,0.0,0.117303744,0.07407558,0.004728798,0.5652132,1.3236008,0.8930362,0.67102927,0.0,0.0,0.1442256,0.0,0.0,1.7852936,0.9382692,1.001386,0.0,0.0,0.0,0.0,0.18792693,0.57037497,0.16069673,0.35847065,0.36134455,0.0,0.0,0.012834773,0.0,0.04347041,0.0,1.2374249,1.4338843,0.0,1.1171883,0.0047115637,0.70814264,0.0,0.0,0.11207271,1.1037285,0.0,0.0,0.48869154,0.23702759,0.0,0.0147245815,0.0,1.4551337,0.0,0.0,0.0,0.0,0.0,0.0,0.86232644,0.0,0.0,1
2.1700587,0.0,0.0,0.0,0.95860744,0.0,0.6504839,0.5060349,0.23729628,0.37754476,0.0,0.85183084,0.27068767,0.0,0.0,0.15946187,0.09043217,0.044176236,1.0926459,0.0,0.21280682,0.79266,0.077796094,0.9837881,0.6587327,0.1793159,1.1874487,1.1322728,0.0,0.70748645,0.35608768,0.0190325,0.9835683,0.32640484,0.0,0.0718444,0.0,1.0336845,0.66365093,0.16321336,0.0,0.8324832,0.0,0.22797021,1.1248394,0.10004062,0.5023374,0.0,0.16295296,0.0,0.34001115,0.4801569,1.1319342,0.3657066,0.33976465,0.37616727,0.15016423,0.797234,0.0,0.0,0.0,0.013151477,0.0,0.1122056,0.0,0.6632093,0.0,0.0,0.0,0.22686061,0.10738843,0.33159572,0.40393397,0.32817808,0.537795,1.4775482,0.48138282,0.6628231,0.104871534,0.0,0.35742646,0.0,0.0,2.168653,1.0574479,1.1896247,0.0,0.0,0.0,0.0,0.5579653,0.98832786,0.11576993,0.56573963,0.5769324,0.0,0.080030315,0.09227511,0.0,0.09529948,0.0,1.1683086,1.195804,0.0,1.1975843,0.1225973,0.7290829,0.0,0.0,0.18068069,1.0382106,0.0,0.0,0.7810303,0.16477866,0.0,0.0,0.17268689,2.1090095,0.0,0.0,0.0,0.0,0.0,0.0,0.7519752,0.3860993,0.0,1
2.083042,0.0,0.0,0.0,0.7496709,0.0,0.7705569,0.37122047,0.0,0.08044571,0.0,0.60886526,0.56678385,0.0,0.0,0.38813847,0.31221524,0.19793612,1.2436831,0.0,0.21910864,0.5649385,0.12038583,0.94896984,1.14236,0.1965892,1.087439,1.0483872,0.0,0.7295027,0.46830028,0.0,0.88330615,0.18079983,0.0,0.38338867,0.0,0.8749833,0.6088125,0.21983433,0.0,0.76160604,0.0,0.33193612,1.119028,0.10037563,0.66057974,0.0,0.37629312,0.0,0.6498686,0.38486597,1.0094593,0.24913444,0.26917785,0.093617804,0.17728572,0.9078984,0.0,0.0,0.0,0.011911775,0.0,0.30841586,0.0,0.6912216,0.0,0.12341031,0.0,0.12195098,0.0,0.17554225,0.1776729,0.085504174,0.6125565,1.4588428,0.7178079,0.4927459,0.02517817,0.0,0.17518213,0.0,0.0,1.9325491,1.0587478,1.1750797,0.0,0.0,0.0,0.0,0.3841219,0.731134,0.14558361,0.4878525,0.54173183,0.0,0.010680946,0.09818131,0.0,0.046019148,0.0,1.3105522,1.3603703,0.0,1.1823477,0.07262742,0.8452699,0.0,0.0,0.35787195,1.0511812,0.0,0.0,0.6954228,0.3113776,0.0,0.013220905,0.041104104,1.9104666,0.0,0.0,0.0,0.0,0.0,0.0,0.728248,0.0,0.0,1
1.4551338,0.0,0.0,0.0,0.7524034,0.0,0.98066103,0.25562215,0.0,0.12370683,0.0,0.6172777,0.3997972,0.0,0.0,0.4263563,0.23331475,0.117204435,1.2252027,0.0,0.0018999539,0.34015575,0.20425245,0.82613146,1.2446302,0.21500099,1.0578378,0.728706,0.0,0.7020333,0.19093363,0.118212216,0.4779814,0.34140915,0.0,0.67078817,0.0,0.9317297,0.6446393,0.0,0.0,0.3843857,0.0,0.25195748,1.1100171,0.028677205,0.44125503,0.0,0.2684217,0.0,0.87525463,0.32194477,0.90027493,0.0,0.12815486,0.04590189,0.19261825,0.5225403,0.0,0.0,0.0,0.0,0.0,0.18636553,0.04759558,0.6136725,0.0,0.0015565262,0.0,0.05460387,0.0,0.22138275,0.19793426,0.20186554,0.4679954,1.1257938,0.8821246,0.8141538,0.0,0.0,0.3942218,0.0,0.017640404,1.5550731,0.672213,1.0933524,0.0,0.0,0.0,0.0,0.079767376,0.6691246,0.21190493,0.2130366,0.26305485,0.0,0.0,0.24087833,0.0,0.0,0.0,1.30418,1.397857,0.0,1.24421,0.0,0.71719056,0.0,0.0,0.22377586,0.77575135,0.075361274,0.0,0.29560244,0.34380496,0.0,0.15400833,0.0,1.3855803,0.0,0.0,0.0,0.0,0.0,0.0,0.85134125,0.0,0.0,1
1.1041403,0.0,0.0,0.0,0.50144017,0.0,1.0643486,0.30900034,0.0,0.2813651,0.0,0.45639163,0.17036112,0.0,0.17040852,0.605242,0.1990183,0.12198272,1.3135778,0.0,0.0,0.23234111,0.0,0.5693083,1.1939675,0.0,1.0460768,0.64606535,0.0,0.77353835,0.16578253,0.0066707577,0.4409616,0.45411405,0.0,0.79591113,0.0,0.92419255,0.64481163,0.13295695,0.0,0.13641877,0.0,0.18536039,0.9326369,0.0,0.3180833,0.0,0.05606748,0.0,0.947171,0.22510229,0.9708459,0.0,0.15039693,0.12267543,0.12795232,0.49346158,0.0,0.12987621,0.0,0.06150681,0.0,0.207762,0.017363254,0.55660444,0.0,0.17581174,0.0,0.1894674,0.14932613,0.07674886,0.09248456,0.06104749,0.36967477,0.8765095,0.8710651,0.9654625,0.0,0.0,0.2676827,0.0,0.08603781,1.238338,0.56762964,1.1053375,0.0,0.0,0.0,0.0,0.10601911,0.6464337,0.28737745,0.10646556,0.25584108,0.0,0.0,0.22152321,0.056295164,0.0,0.0,0.9888395,1.3091604,0.0,1.2328212,0.0,0.77471614,0.0,0.0,0.25486457,0.59932756,0.114722006,0.0,0.43121186,0.4139912,0.0,0.0026353884,0.0,0.93000793,0.0,0.0,0.0,0.0,0.0,0.0,1.1108707,0.0,0.0,1
0.99690974,0.0,0.0,0.3613631,0.054146547,0.0,0.5398064,0.27497235,0.0,0.12811498,0.0,0.43193612,0.969468,0.1957309,0.20131727,0.67910063,0.47320595,0.04580135,0.6694977,0.3706198,0.4336313,0.18424708,0.1881661,0.58066773,0.63228196,0.0,0.36555052,0.30973086,0.22190711,0.833272,0.36082473,0.0,0.5412111,0.40275344,0.0,0.4808017,0.0,0.50172967,0.16424018,0.5126586,0.0,0.009163332,0.0,0.22676553,0.6699958,0.0,0.59225136,0.0,0.24099879,0.0,0.29263598,0.0005510561,0.5468748,0.0,0.2898745,0.6329868,0.6423867,0.88156843,0.0,0.6356339,0.0,0.19851257,0.0639386,0.018382555,0.0,0.3957338,0.0,0.37589875,0.0,0.19188505,0.43025383,0.0,0.439798,0.0,0.5497878,0.6099978,1.0661017,0.70562154,0.0,0.0,0.22353177,0.0,0.47460613,0.4402093,0.86442095,0.51173294,0.0,0.0,0.0,0.0,0.0,0.31673348,0.41346258,0.0,0.0,0.0,0.0,0.0,0.6499028,0.0,0.0,0.5673634,1.6738024,0.0,0.82370615,0.10404306,0.32800683,0.26023024,0.0,0.4892688,1.0138229,0.27517906,0.0,0.93924767,0.73673,0.0,0.0,0.0,0.7768029,0.0,0.0,0.0,0.0,0.0,0.0037377998,1.5624379,0.31305912,0.05292934,1
1.5760292,0.0,0.0,0.0,0.37404543,0.0,0.55951816,0.037006594,0.0,0.0,0.0,0.32605046,1.2128879,0.0,0.0,0.99219507,0.69333154,0.042377777,1.1756281,0.0,0.21747991,0.3599995,0.4093654,0.7385843,1.0858939,0.20378381,0.42719537,0.76799184,0.0,0.9272694,0.62690747,0.0,0.61427915,0.4671824,0.0,0.5525939,0.0,0.7042706,0.61393064,0.3272623,0.0,0.61707956,0.0,0.39696816,0.69227546,0.0,0.7420873,0.0,0.68818444,0.0,0.8655736,0.0,0.7922027,0.0,0.2500898,0.0,0.70095116,0.85069764,0.0,0.27919152,0.0,0.0,0.0,0.0,0.0039611384,0.7562394,0.12281293,0.07457902,0.0,0.0,0.040193778,0.0,0.0,0.0,0.5273938,0.9494743,0.968811,0.81068265,0.07060218,0.0,0.0,0.0,0.19200738,0.9281427,0.6552255,0.6777006,0.0,0.0,0.0,0.0,0.0,0.37212753,0.1619289,0.24271594,0.1729738,0.0,0.0,0.0,0.0,0.0,0.0,0.93555135,1.7512587,0.0,1.0798649,0.6007048,0.65527123,0.0,0.0,0.1922213,1.1194417,0.044276472,0.0,0.34169763,0.20215133,0.0,0.0,0.0,1.1179577,0.0,0.0,0.0,0.0,0.0,0.0,0.98974234,0.0,0.0,0
1.5085856,0.0,0.0,0.12787291,0.21004568,0.0,0.7425501,0.020146662,0.0,0.0,0.0,0.3715356,1.1706611,0.24407203,0.0,1.0291169,0.570827,0.10096199,1.2836959,0.0,0.08727193,0.30085576,0.18227954,0.92868906,1.0253822,0.235808,0.37065548,0.71858615,0.0,0.90151775,0.78152126,0.0,0.9025272,0.29630178,0.0,0.30281007,0.0,0.46740437,0.79204637,0.1364938,0.0,0.57649076,0.0,0.18351173,0.3984509,0.0,1.0242952,0.0,0.81362605,0.00019427319,0.9852198,0.0,0.7634951,0.0,0.22648601,0.0,0.60618556,0.9457644,0.03752375,0.25601438,0.0,0.0,0.0,0.0,0.033052005,0.68374246,0.0,0.0,0.0,0.0,0.26163206,0.0,0.0,0.0,0.37198102,1.0128051,0.9458551,0.81127286,0.05794853,0.0,0.0,0.0,0.121402465,1.1076607,0.66902643,0.8191418,0.0392032,0.0,0.0,0.0,0.0,0.19218607,0.11990885,0.27619717,0.014478946,0.0,0.0,0.0,0.0,0.0,0.0,0.8732666,1.5633634,0.0,1.0922123,0.53770536,0.708407,0.0,0.0,0.21394517,1.0804013,0.0,0.0,0.37341365,0.1248995,0.0,0.0,0.0,1.1970379,0.0,0.0,0.051174417,0.0,0.0,0.0,0.65540653,0.038193192,0.0,0
1.5595713,0.0,0.0,0.0,0.48595488,0.0,0.7650712,0.2213852,0.0,0.0,0.0,0.20374165,1.4543607,0.0071225557,0.0,0.8794199,0.89996177,0.033275582,1.7108136,0.0,0.030189987,0.6167329,0.35659954,1.0659376,1.4916935,0.1720508,0.8800006,0.99524724,0.0,0.71717143,0.581097,0.042121723,0.9585253,0.3622312,0.0,0.5805953,0.0,0.8188483,0.6688105,0.40186682,0.043719582,0.7228179,0.0,0.39459503,1.0945467,0.025503585,1.0020099,0.0,0.65236807,0.0,0.9736317,0.25468972,1.2307912,0.0,0.33341938,0.026725316,0.50030553,1.1405303,0.0,0.0,0.0,0.0048953244,0.0,0.16428886,0.0006671548,0.8622426,0.21319157,0.39283216,0.0,0.0,0.0,0.0,0.0,0.0,0.5637775,1.4396664,1.3190047,0.61339605,0.057656646,0.0,0.0,0.0,0.16049726,1.5879078,0.965369,1.3981932,0.0,0.0,0.0,0.0,0.0,0.5456748,0.31058815,0.17139296,0.36791107,0.0,0.0,0.0,0.0,0.0,0.0,1.3364471,1.7329086,0.0,1.2225453,0.43463078,0.77409667,0.0,0.0,0.23908222,1.3483922,0.0,0.0,0.2739301,0.38022783,0.0,0.47004533,0.0,1.4067012,0.0,0.0,0.05956638,0.0,0.0,0.0,0.79094166,0.0,0.0,1
1.679266,0.0,0.0,0.19587411,0.5003082,0.0,0.7263749,0.42086616,0.0,0.0,0.0,0.58263206,1.0558945,0.007382909,0.0,0.7515117,0.33551416,0.0,1.1684631,0.0,0.12085168,0.3649514,0.16404486,0.8036789,0.9796292,0.05231282,0.63180614,0.83099645,0.0,0.9230817,0.43949434,0.012906798,0.91528594,0.5615499,0.0,0.5831854,0.0,0.7504257,0.8019812,0.06089205,0.0,0.5797806,0.0,0.25466082,0.9068169,0.0,0.75627834,0.0,0.44934347,0.0,0.8873307,0.0,0.78309375,0.027848559,0.04580691,0.084038414,0.5037707,0.84067154,0.0,0.012462808,0.0,0.0,0.0,0.08590307,0.010190044,0.770696,0.026390616,0.010025616,0.0,0.0,0.12059846,0.0,0.024016293,0.04764073,0.40998867,1.0413715,0.9528692,0.8451369,0.0,0.0,0.22606206,0.0,0.0,1.3354567,0.72547776,0.86351734,0.0,0.0,0.0,0.0,0.0070644314,0.40777677,0.20932241,0.2806206,0.1088974,0.0,0.0,0.0,0.0,0.0,0.0,1.353167,1.5885504,0.0,1.2798487,0.2906847,0.5789146,0.0,0.0,0.3246692,1.112489,0.0,0.0,0.2408575,0.24144323,0.0,0.0,0.0,1.3980911,0.0,0.0,0.0,0.0,0.0,0.0,1.0100719,0.0,0.0,1
1.8919723,0.0,0.0,0.0,0.56129754,0.0,0.5906045,0.37970275,0.0,0.0,0.0,0.31389356,1.438323,0.0,0.0,0.83430636,0.76338565,0.05980549,1.6605996,0.0,0.10737252,0.60363764,0.4392489,0.8521621,1.4109118,0.29301202,0.7680365,1.000538,0.0,0.7938109,0.59701693,0.09345817,0.819737,0.50320935,0.0,0.50800574,0.0,0.82503396,0.73889226,0.2251498,0.1227459,0.8141561,0.0,0.43627045,1.1751478,0.0,1.1448025,0.0,0.6538369,0.0,0.75631714,0.12465894,1.0259557,0.0,0.21443598,0.0,0.53182024,1.0737878,0.0,0.0,0.0,0.0,0.0,0.0,0.01914151,0.87800515,0.10133072,0.4277568,0.0,0.0,0.0,0.0,0.0,0.0,0.6494734,1.3591887,1.2551299,0.6511826,0.0,0.0,0.07214851,0.0,0.25845626,1.5244772,0.9728667,1.1396564,0.0,0.0,0.0,0.0,0.0,0.4124149,0.31402972,0.21633308,0.2855537,0.0,0.0,0.0,0.0,0.0,0.0,1.3693048,1.7903837,0.0,1.2638372,0.39857686,0.7374998,0.0,0.0,0.2826051,1.6000496,0.0,0.0,0.35269997,0.31527796,0.0,0.34099162,0.0,1.5112627,0.0,0.0,0.11128322,0.0,0.0,0.0,1.0145247,0.0,0.0,1
1.1640382,0.0,0.0,0.023371408,0.38424584,0.0,0.5839125,0.57042176,0.0,0.0,0.0,0.2542078,1.1446276,0.0,0.0,0.9408937,0.73618895,0.01794768,1.2819382,0.0,0.09289919,0.42318526,0.26408175,0.63735336,1.1108818,0.0,0.47442025,0.9342619,0.0,0.79761153,0.4157759,0.0507334,0.6579819,0.5192733,0.0,0.6780771,0.0,0.7299246,0.5197874,0.155091,0.07604546,0.5681896,0.0,0.14427656,0.6918923,0.0,0.7995707,0.0,0.39618355,0.22558673,0.7803685,0.0,0.9800016,0.0,0.16936164,0.16737795,0.53829336,0.79365975,0.0,0.07015595,0.0,0.143392,0.0,0.044828046,0.033851795,0.59760606,0.006673079,0.23636639,0.0,0.0,0.2119385,0.0,0.0,0.048856366,0.38159484,0.9834284,1.2617912,0.73864704,0.15496852,0.0,0.1723803,0.0,0.14232974,0.9238227,0.8410704,1.0017931,0.0,0.0,0.0,0.0,0.0,0.45758274,0.3075893,0.05238919,0.018256182,0.0,0.0,0.0,0.0,0.0,0.0,1.303962,1.5689228,0.0,1.4038966,0.37942785,0.8724099,0.0,0.0,0.17095557,1.1689153,0.0,0.0,0.49006084,0.18201903,0.0,0.0,0.0,1.2601174,0.0,0.0,0.1286153,0.0,0.0,0.0,1.1301267,0.008620513,0.0,1
1.4077401,0.0,0.0,0.058143996,0.3692122,0.0,0.7866431,0.54687434,0.0,0.0,0.0,0.46083745,1.5878849,0.0,0.0,0.96644163,0.5315979,0.02040047,1.2449018,0.0,0.06685886,0.47880375,0.33021626,0.7342199,1.1346471,0.0,0.93940395,0.85018146,0.0,1.1273462,0.27167687,0.0,0.49627835,0.77683973,0.0,1.0384485,0.0,1.0585183,0.3937727,0.43309164,0.14962138,0.46811333,0.0,0.24708253,1.101341,0.0,0.34693667,0.0,0.5378628,0.093557626,0.6964396,0.014862012,0.83639145,0.0,0.07654999,0.2701619,0.659421,0.7480813,0.0,0.22123723,0.0,0.029883476,0.0,0.08246795,0.17038095,0.870656,0.3611251,0.31123087,0.0,0.11909073,0.0,0.0,0.15734997,0.0,0.74389005,1.2181767,1.3793807,0.83569,0.0,0.0,0.053769387,0.0,0.19929893,1.0684307,0.76251566,1.3277478,0.0,0.0,0.0,0.0,0.0,0.48109692,0.49363407,0.2394655,0.3073533,0.0,0.0,0.0,0.0,0.0,0.0,1.4640875,1.9392058,0.0,1.3086119,0.46473312,0.6067123,0.0,0.0,0.398612,1.4049847,0.10274614,0.0,0.19353577,0.48280302,0.0,0.2748666,0.0,1.350157,0.0,0.0,0.19812518,0.0,0.0,0.0,1.5800954,0.0,0.0,1
1.2859347,0.0,0.0,0.01743103,0.27347648,0.0,0.6021399,0.18932544,0.0,0.0,0.0,0.2774843,0.97306097,0.007621864,0.0,1.0308443,0.619328,0.0,1.3728849,0.0,0.17200758,0.47446585,0.40146187,0.7478325,0.99391395,0.17758264,0.43720064,0.5335158,0.0,0.7632285,0.53485185,0.07318786,0.8994668,0.2669635,0.0,0.3910787,0.0,0.5818931,0.6724084,0.12874353,0.0,0.41595998,0.0,0.14680277,0.47296435,0.0,0.44776213,0.0,0.63169986,0.40731606,0.9568897,0.0,0.87844276,0.0,0.2933079,0.0,0.42421407,0.69340545,0.0,0.30653402,0.0,0.0,0.0,0.0,0.029349227,0.6092283,0.0,0.107978955,0.0,0.0,0.11026322,0.0,0.0,0.0,0.27901474,0.852929,0.9948519,0.841904,0.07880826,0.0,0.0,0.0,0.10308271,0.8218778,0.6786052,0.71532995,0.0,0.0,0.0,0.0,0.0,0.24880536,0.048287224,0.14400963,0.101707466,0.0,0.0,0.0,0.018723942,0.0,0.0,0.88872135,1.4209198,0.0,1.0614915,0.5581177,0.66582435,0.0,0.0,0.15621215,1.1156951,0.037551392,0.0,0.49247053,0.10324407,0.0,0.0,0.0,0.83826065,0.0,0.0,0.043317694,0.0,0.0,0.0,0.77459234,0.0,0.06822125,0
1.3334997,0.0,0.0,0.0026947495,0.098071136,0.0,0.85238665,0.21849044,0.0,0.0,0.0,0.31590337,0.8468386,0.055643357,0.0,1.0760496,0.39661786,0.04697097,1.1454805,0.052537322,0.0,0.2627936,0.41155037,0.8797735,1.0483527,0.19521324,0.5454854,0.4446452,0.0,0.8418814,0.5086736,0.01718048,0.79559636,0.29733726,0.0,0.43915915,0.0,0.5961817,0.62339556,0.05629771,0.0,0.31765148,0.0,0.07145438,0.5775411,0.0,0.49567276,0.0,0.4239801,0.2785695,0.94505745,0.0,0.89100486,0.0,0.32287696,0.0,0.42216817,0.80188274,0.0,0.31394935,0.0,0.0,0.0,0.0,0.06346995,0.6122173,0.0,0.041892406,0.0,0.0,0.33826312,0.0,0.0,0.0,0.10943625,0.72660106,1.1604749,0.8847107,0.070047945,0.0,0.0,0.0,0.15975516,0.7832168,0.49004444,0.83735764,0.0,0.0,0.0,0.0,0.0,0.196662,0.13995825,0.04708305,0.07644047,0.0,0.0,0.0,0.22883187,0.0,0.0,0.8444543,1.4751893,0.0,1.0956585,0.5188446,0.61768824,0.0,0.0,0.300239,0.9810785,0.10862022,0.0,0.48149592,0.26214918,0.0,0.0,0.0,0.8156696,0.0,0.0,0.053459678,0.0,0.0,0.0,0.7103384,0.031823274,0.026699364,0
1.2908967,0.0,0.0,0.046693243,0.44116712,0.0,0.7509879,0.47546843,0.0,0.0,0.0,0.3156881,1.4831507,0.0,0.0,0.83311546,0.69504225,2.5963818e-05,1.7382175,0.0,0.0,0.63462263,0.48546726,0.8604073,1.548142,0.0,0.82849795,1.0227814,0.0,0.7465401,0.3781061,0.18396674,0.6873964,0.6195119,0.0,0.83371025,0.0,0.99995804,0.51250845,0.5503691,0.2224558,0.43926817,0.0,0.2822639,1.208828,0.0,0.52347714,0.0,0.41624117,0.0,0.6959365,0.29361695,1.0509878,0.0,0.34740266,0.14377443,0.6079614,0.7847204,0.0,0.0,0.0,0.33759385,0.0,0.09569723,0.0,0.7473335,0.4846754,0.5929195,0.0,0.0,0.13124248,0.0,0.11892213,0.0,0.63658947,1.3822471,1.43969,0.5947932,0.030508725,0.0,0.18260106,0.0,0.25677964,1.1849443,1.0603791,1.3613263,0.0,0.0,0.0,0.0,0.0,0.7077809,0.436237,0.057282895,0.475766,0.0,0.0,0.0,0.0,0.0,0.0,1.430234,2.0242279,0.0,1.4214585,0.3334848,0.50284,0.11499978,0.0,0.3614674,1.2633395,0.11109394,0.0,0.27862695,0.62525004,0.0,0.8010096,0.0,1.4361544,0.0,0.0,0.06565942,0.0,0.0,0.0,1.304786,0.0,0.0,1
1.167928,0.0,0.0,0.0,0.57451177,0.0,0.7817784,0.19461295,0.0,0.0,0.0,0.299254,1.0955114,0.0,0.0,0.8096873,0.85549223,0.031690605,1.5320638,0.0,0.0,0.51668847,0.34469607,0.73525465,1.3794202,0.0,0.78131294,0.7770817,0.0,0.6250702,0.41308147,0.16336143,0.68836594,0.3764034,0.0,0.7926955,0.0,0.6868288,0.5228929,0.30948332,0.03892023,0.5054505,0.0,0.31301576,0.9415335,0.0,0.5939471,0.0,0.4265839,0.05018034,0.91916776,0.1822982,1.0395043,0.0,0.2721087,0.059148904,0.435452,0.9485859,0.0,0.0,0.0,0.047796715,0.0,0.16684517,0.14163035,0.71583647,0.116592474,0.3883577,0.0,0.0,0.0,0.0,0.0,0.0,0.35426658,1.2645408,1.26103,0.4725957,0.04178676,0.0,0.041464813,0.0,0.21974955,1.1383768,0.7518658,1.3519849,0.0,0.0,0.0,0.0,0.0,0.49468178,0.31676257,0.2042063,0.4316761,0.0,0.0,0.0,0.0,0.0,0.0,1.1377574,1.5956842,0.0,1.3389207,0.37337437,0.6236755,0.0,0.0,0.30527517,1.1296836,0.020446366,0.0,0.12325627,0.35728642,0.0,0.5026323,0.0,1.1567842,0.0,0.0,0.07177217,0.0,0.0,0.0,0.7843202,0.0,0.0,1
1.660672,0.0,0.0,0.11017532,0.23610897,0.0,0.5770456,0.09677703,0.0,0.0,0.0,0.3684797,1.2142855,0.24252097,0.0,1.0035123,0.58019066,0.08219748,1.2467588,0.0,0.2126179,0.34886375,0.15950263,0.95578086,1.0256364,0.244083,0.39727628,0.8031798,0.0,0.9621182,0.66573375,0.054326743,0.94193417,0.32645535,0.0,0.31874755,0.0,0.5634277,0.6183604,0.22440398,0.0,0.5224773,0.0,0.21555845,0.5565875,0.0,0.9303622,0.0,0.69795924,0.03756979,0.9485891,0.0,0.9039724,0.0,0.30193305,0.0,0.6353744,0.9879339,0.053508952,0.23240523,0.0,0.0,0.0,0.0,0.014747523,0.76118094,0.0,0.035183888,0.0,0.0,0.21951264,0.0,0.0,0.0,0.379833,1.0580127,0.9363564,0.7166052,0.020094527,0.0,0.0014648503,0.0,0.05857613,1.0017482,0.65637285,0.8733283,0.0,0.0,0.0,0.0,0.0,0.18166058,0.038021993,0.23768614,0.14213029,0.0,0.0,0.0,0.0,0.0,0.0,0.90437496,1.6110976,0.0,1.1114104,0.5270977,0.6540198,0.0,0.0,0.206366,1.2719351,0.0,0.0,0.3437403,0.18501773,0.0,0.0,0.0,1.1932596,0.0,0.0,0.05193724,0.0,0.0,0.0,0.8224784,0.0,0.0,0
1.4901689,0.0,0.0,0.10111057,0.2779051,0.0,0.6423833,0.5379035,0.0,0.0,0.0,0.19673814,1.2834618,0.0,0.0,1.0048534,0.6532614,0.009095555,1.6479863,0.0,0.13645527,0.65308017,0.29917806,0.9266069,1.2693624,0.06330791,0.6875533,0.95076936,0.0,0.9016801,0.36327314,0.08557215,0.82894725,0.41640395,0.0,0.44377086,0.0,0.70672673,0.785304,0.13664873,0.016758988,0.67921996,0.0,0.15386257,0.8176009,0.0,0.9521516,0.0,0.5166679,0.10252474,0.9827911,0.0,1.0185833,0.0,0.22092284,0.0,0.4512205,0.87528837,0.0,0.0,0.0,0.049806993,0.0,0.007089546,0.054619476,0.70388097,0.03669733,0.2891379,0.0,0.0,0.18702334,0.0,0.0,0.0,0.54487264,0.96645033,1.180967,0.674885,0.071592525,0.0,0.04765398,0.0,0.09052678,1.2507256,0.83102113,0.96100825,0.0,0.0,0.0,0.0,0.0,0.36735845,0.0672409,0.24203752,0.26424885,0.0,0.0,0.0,0.0,0.0,0.0,1.194469,1.6873039,0.0,1.2219847,0.40782148,0.7912231,0.0,0.0,0.080441184,1.3374323,0.0,0.0,0.487174,0.1894401,0.0,0.09692216,0.0,1.1820457,0.0,0.0,0.008483388,0.0,0.0,0.0,0.83536077,0.0,0.0,1
1.4863068,0.0,0.0,0.1297485,0.19642088,0.0,0.9191462,0.111714594,0.0,0.0,0.0,0.3985048,1.1012237,0.1123308,0.0,1.0628673,0.36118612,0.049600758,1.3830131,0.0,0.0,0.3241861,0.18951976,1.1755681,1.1986771,0.29588637,0.5008586,0.85899264,0.0,1.0433592,0.6334386,0.060764764,0.9604073,0.3238859,0.0,0.35191312,0.0,0.610979,0.78993714,0.06337383,0.0,0.59630716,0.0,0.15030563,0.72412956,0.0,0.9048074,0.0,0.65484446,0.0,1.0670675,0.0,0.8920952,0.0,0.30338937,0.0,0.6054882,0.9749723,0.0,0.0,0.0,0.0,0.0,0.0,0.061296802,0.84055567,0.0,0.10530385,0.0,0.0,0.22158118,0.0,0.0,0.0,0.36833727,1.1238205,1.1530901,0.9661152,0.060246304,0.0,0.14519426,0.0,0.0,1.2588438,0.6711677,0.9594562,0.0,0.0,0.0,0.0,0.0,0.26480266,0.22269659,0.26264638,0.040842645,0.0,0.0,0.0,0.0,0.0,0.0,1.1231594,1.5718331,0.0,1.1677467,0.36633563,0.65929395,0.0,0.0,0.2842504,1.0887483,0.0,0.0,0.40060526,0.16750449,0.0,0.009597658,0.0,1.3180465,0.0,0.0,0.0029442324,0.0,0.0,0.0,0.7297523,0.0,0.0,0
1.1620326,0.0,0.0,0.09611018,0.38434595,0.0,0.35492447,0.4586157,0.17274006,0.0,0.0,0.20197104,1.0293385,0.0,0.0,1.054715,0.6861096,0.0,1.1263819,0.0,0.120429486,0.32078236,0.22608928,0.5687295,0.90797395,0.027775943,0.39663586,0.47715807,0.0,0.78795415,0.39876968,0.063581124,0.5566865,0.43214795,0.0,0.44470182,0.0,0.7766247,0.4234085,0.18768223,0.06798201,0.5229472,0.0,0.06734363,0.44287133,0.0,0.7010576,0.0,0.28056246,0.3153385,0.7837334,0.0,0.99251485,0.0,0.18146937,0.15034844,0.3052026,0.6668798,0.0,0.29779574,0.0,0.08854719,0.0,0.0,0.0,0.64106405,0.0,0.23498598,0.0,0.0,0.24590217,0.0,0.0,0.079375446,0.2671509,0.82574356,1.0015558,0.74041337,0.15054387,0.0,0.21809012,0.0,0.20775048,0.9027795,0.63027024,0.8536717,0.0,0.0,0.0,0.0,0.0,0.37396818,0.23307505,0.0,0.0,0.0,0.0,0.0,0.031619094,0.0,0.024754634,1.0923008,1.3894598,0.0,1.175248,0.43679088,0.79682684,0.0,0.0,0.18308029,1.0756149,0.0,0.0,0.3947944,0.0047430014,0.0,0.0,0.0,0.9954189,0.0,0.0,0.1249094,0.0,0.0,0.0,1.1110387,0.066805504,0.0055717826,0
1.3449024,0.0,0.0,0.021501718,0.5107399,0.0,1.0729698,0.1722495,0.07709556,0.2726891,0.0,0.4241075,0.40150398,0.0,0.1717731,0.8346755,0.14197461,0.23821151,0.9897995,0.008195565,0.0633214,0.15607801,0.0,0.7198097,1.0208904,0.17623879,0.71356404,0.59966874,0.0,0.90040225,0.28845984,0.0,0.6499543,0.30637985,0.0,0.71612054,0.0,0.7545694,0.61552316,0.0,0.0,0.4294409,0.0,0.1649555,0.67683905,0.0,0.35338795,0.0,0.15591846,0.0,1.0596368,0.052632164,0.7869547,0.0,0.08669034,0.054793347,0.22060014,0.6281416,0.0,0.0,0.0,0.0,0.0,0.117133446,0.027434714,0.56423587,0.0,0.0,0.0,0.13802832,0.35964072,0.0,0.0,0.07883019,0.33481398,0.82972777,0.9402416,1.0712891,0.011615558,0.0,0.26145518,0.0,0.06966429,1.12104,0.6043193,0.81081563,0.0,0.0,0.0,0.0,0.008806584,0.3904202,0.29650435,0.14482893,0.0,0.0,0.0,0.2615988,0.20070484,0.0,0.0,1.1643828,1.2857419,0.0,1.1812643,0.15133342,0.8077781,0.0,0.0,0.23047356,0.7465319,0.14293997,0.0,0.39507005,0.2159667,0.0,0.0,0.0,0.9888357,0.0,0.0,0.0,0.0,0.0,0.0,0.89383996,0.15304574,0.0,0
1.3379273,0.0,0.0,0.0979414,0.29284352,0.0,0.6525789,0.29597583,0.0,0.0,0.0,0.21609846,0.8998645,0.054226987,0.0,1.0198063,0.6616217,0.0,1.1429038,0.017589958,0.06012171,0.23341247,0.051494244,0.6315268,1.0210565,0.0,0.41588873,0.51903516,0.0,0.8828399,0.36832297,0.0,0.58075625,0.17224205,0.0,0.5027897,0.0,0.64014655,0.55633426,0.027955031,0.0,0.5748384,0.0,0.07353364,0.42309964,0.0,0.594703,0.0,0.40569064,0.28509578,1.0037196,0.0,0.8168795,0.0,0.08467146,0.05593842,0.37761834,0.7350215,0.0,0.165529,0.0,0.0,0.0,0.0,0.10859172,0.5236038,0.0,0.16049978,0.0,0.0,0.058323223,0.0,0.0,0.0,0.36493996,0.95052415,0.9783053,0.7879552,0.0,0.0,0.0,0.0,0.13672622,0.9407942,0.62405187,0.70058703,0.0,0.0,0.0,0.0,0.0,0.24913563,0.0,0.09360752,0.08709662,0.0,0.0,0.0,0.0,0.0,0.0,1.0383592,1.4320393,0.0,1.1313031,0.5692752,0.6507625,0.0,0.0,0.37941396,1.0925676,0.08237925,0.0,0.34573388,0.072672695,0.0,0.0,0.0,0.79238933,0.0,0.0,0.12685463,0.0,0.0,0.0,0.66551447,0.022254018,0.015688471,0
1.3186257,0.0,0.0,0.025309058,0.46037236,0.0,0.86225647,0.4102834,0.01092926,0.103175774,0.0,0.5016968,0.4815531,0.0,0.07136057,0.73469615,0.18442798,0.0152455475,0.95845073,0.0,0.22257619,0.34606948,0.02021956,0.5557989,0.9286496,0.13682018,0.8581749,0.4773231,0.0,0.90020025,0.18292363,0.0,0.62294394,0.3843669,0.0,0.7265367,0.0,0.9416686,0.7167867,0.23031476,0.0,0.3818905,0.0,0.17571193,0.7483008,0.0,0.33137828,0.0,0.17534792,0.18615554,0.91142064,0.0,0.77481335,0.0,0.071898565,0.16864944,0.07589686,0.5359948,0.0,0.1097275,0.0,0.0,0.0,0.12717435,0.07109464,0.46394727,0.0,0.06744271,0.0,0.0077118226,0.12721008,0.0,0.0,0.0980157,0.38510945,0.7660525,0.7885406,0.9530116,0.08190262,0.0,0.121523805,0.0,0.14779626,1.0354623,0.59888494,0.8777008,0.0,0.0,0.0,0.0,0.0,0.31715292,0.021532964,0.097079515,0.28768086,0.0,0.0,0.19802277,0.070944645,0.0,0.0,1.0483999,1.4025056,0.0,1.1192049,0.15127662,0.77788264,0.0,0.0,0.37494946,0.8403058,0.085173614,0.0,0.37242156,0.19704671,0.0,0.0,0.0,0.9767935,0.0,0.0,0.0,0.0,0.0,0.0,0.9988705,0.0060660187,0.0,0
1.6404622,0.0,0.0,0.13813464,0.44030473,0.0,0.8067791,0.52607054,0.0,0.0,0.0,0.3508051,1.3287898,0.0,0.0,1.0702455,0.6235434,0.0,1.6466452,0.0,0.11869703,0.49393016,0.1671716,0.9925765,1.2531614,0.0,0.91681576,0.9341335,0.0,1.0209292,0.27727488,0.103095844,0.8078173,0.5596719,0.0,0.77589804,0.0,0.7409838,0.73909754,0.17070045,0.0,0.6453693,0.0,0.29490876,0.9782099,0.0,0.87431943,0.0,0.50337017,0.19620593,0.9541506,0.0,0.9185106,0.0,0.094039395,0.0,0.6871001,0.97465956,0.0,0.0,0.0,0.0,0.0,0.16908002,0.07765933,0.8515539,0.06322426,0.21253516,0.0,0.0,0.059793722,0.0,0.0,0.0,0.6220106,1.3951622,1.1695848,0.85390514,0.0,0.0,0.053638585,0.0,0.066163324,1.4132404,0.8497347,1.2184207,0.0,0.0,0.0,0.0,0.0,0.40783325,0.23180066,0.24612707,0.15536742,0.0,0.0,0.0,0.0,0.0,0.0,1.45102,1.6615666,0.0,1.4910873,0.39185518,0.69757384,0.0,0.0,0.14325526,1.3422265,0.0,0.0,0.2072778,0.12655841,0.0,0.15039486,0.0,1.237278,0.0,0.0,0.053103663,0.0,0.0,0.0,0.9836437,0.0,0.0,1
1.5762044,0.0,0.0,0.20631644,0.3959723,0.0,0.6275222,0.22623214,0.0,0.0,0.0,0.55346,0.9600185,0.009619543,0.0,0.94233036,0.40311024,0.0,1.0961001,0.0,0.16007546,0.29962987,0.14924125,0.94184935,0.928405,0.22354917,0.53217095,0.63762486,0.0,1.0211049,0.59625316,0.036737032,0.7669598,0.43743688,0.0,0.38949946,0.0,0.49062088,0.6992375,0.12091974,0.0,0.44800738,0.0,0.31127515,0.62712586,0.0,0.833607,0.0,0.5214619,0.09547376,0.86101395,0.0,0.65050596,0.0,0.19997568,0.0,0.50837463,0.96351266,0.0,0.018931186,0.0,0.0,0.0,0.0,0.04299832,0.69729376,0.0,0.0,0.0,0.0,0.090331145,0.0,0.0,0.028238047,0.43214437,1.0611947,0.92632204,0.8754796,0.012934102,0.0,0.0,0.0,0.0,1.2325628,0.55776423,0.73320097,0.0,0.0,0.0,0.0,0.0,0.20344354,0.03588743,0.26899353,0.102618404,0.0,0.0,0.0,0.0,0.0,0.0,1.0943395,1.523222,0.0,1.1144395,0.28774878,0.5486247,0.0,0.0,0.24894403,0.94779533,0.0,0.0,0.15806901,0.17481937,0.0,0.0,0.0,1.1764233,0.0,0.0,0.044546284,0.0,0.0,0.0,0.7026507,0.0,0.0,0
1.8018496,0.0,0.0,0.1403083,0.28787813,0.0,0.75006944,0.123273335,0.0,0.0,0.0,0.33144075,1.0440063,0.16034032,0.0,0.8485235,0.50320977,0.019968992,1.2215334,0.0,0.08145709,0.37266177,0.17992215,1.0883198,1.0058382,0.35455394,0.49571672,0.79415447,0.0,1.0038681,0.7127886,0.0,1.0680243,0.30519462,0.0,0.25922585,0.0,0.700211,0.69332474,0.002654513,0.0,0.57600546,0.0,0.20271777,0.5988726,0.0,1.1548201,0.0,0.7033546,0.0,0.9567232,0.0,0.89391035,0.0,0.20169044,0.0,0.43065074,1.0260608,0.012084756,0.07691437,0.0,0.0,0.0,0.0,0.093709394,0.84927213,0.0,0.0,0.0,0.0,0.19487712,0.0,0.0,0.037890855,0.37360683,1.2842865,0.9194831,0.90955955,0.043412313,0.0,0.111835636,0.0,0.03100922,1.3376442,0.7640893,0.8229483,0.019123966,0.0,0.0,0.0,0.0,0.24112637,0.19160011,0.25133482,0.0,0.0,0.0,0.0,0.0,0.0,0.0,1.14393,1.4785935,0.0,1.0647587,0.48799062,0.82638216,0.0,0.0,0.19555299,1.2183708,0.0,0.0,0.454306,0.01737988,0.0,0.0,0.0,1.3301982,0.0,0.0,0.022755893,0.0,0.0,0.0,0.5193008,0.0,0.0,0
1.6346935,0.0,0.0,0.086218394,0.24023096,0.0,0.7031329,0.16336988,0.0,0.0,0.0,0.45608956,0.84537876,0.26724535,0.0,0.8821095,0.44130108,0.0,1.1344543,0.0,0.21790129,0.29953274,0.07733204,0.880818,0.98450553,0.24897918,0.5063432,0.78057516,0.0,0.9081336,0.54453725,0.080943555,0.9205693,0.34811684,0.0,0.3547259,0.0,0.41276473,0.7191108,0.1530996,0.008273164,0.48667195,0.0,0.163607,0.5651271,0.0,0.8501487,0.0,0.57290757,0.0584564,0.7442389,0.0,0.7553463,0.0,0.15234558,0.0,0.49568364,0.87607276,0.0024042185,0.0,0.0,0.0,0.0,0.0,0.0040729344,0.73651546,0.0,0.0,0.0,0.0,0.16129503,0.0,0.0,0.0,0.42099443,1.0971112,0.8556186,0.72938484,0.04609765,0.0,0.062697805,0.0,0.0,1.1998138,0.6385534,0.7526404,0.04017109,0.0,0.0,0.0,0.0,0.22402023,0.050833803,0.20707469,0.14059636,0.0,0.0,0.0,0.0,0.0,0.0,1.1595061,1.4042546,0.0,1.1949891,0.26986456,0.5151295,0.0,0.0,0.34045276,0.99657166,0.0,0.0,0.2878224,0.1478646,0.0,0.0,0.0,1.1420699,0.0,0.0,0.02663328,0.0,0.0,0.0,0.69661355,0.0092557045,0.0,0
1.6094185,0.0,0.0,0.20835485,0.19185247,0.0,0.6838736,0.21548271,0.0,0.0,0.0,0.44814736,1.0242825,0.079902895,0.0,1.0337192,0.5539611,0.0,1.3081782,0.0,0.16367848,0.27329785,0.16725117,0.9072609,1.1218305,0.25431296,0.4782497,0.8152973,0.0,0.86439204,0.61129314,0.054461908,0.7925358,0.3237347,0.0,0.3027348,0.0,0.61524576,0.90276605,0.037588973,0.0,0.58973634,0.0,0.18306054,0.6332671,0.0,1.0593438,0.0,0.64691526,0.08097443,0.8740063,0.0,0.76104105,0.0,0.21497051,0.0,0.50522065,0.9004097,0.0,0.113857344,0.0,0.0,0.0,0.0,0.08187458,0.72800976,0.0,0.019604173,0.0,0.0,0.094874956,0.0,0.0,0.019560937,0.4186651,1.1770508,0.92531943,0.863574,0.07295057,0.0,0.0,0.0,0.0,1.2547165,0.68513995,0.7289017,0.0,0.0,0.0,0.0,0.0,0.27308843,0.057496797,0.22771408,0.01603585,0.0,0.0,0.0,0.0,0.0,0.0,1.1708258,1.6392684,0.0,1.229684,0.44787487,0.6653167,0.0,0.0,0.20085463,1.148602,0.0,0.0,0.25565034,0.112701185,0.0,0.0,0.0,1.2741923,0.0,0.0,0.083442755,0.0,0.0,0.0,0.70337,0.0,0.0,0
1.7107862,0.0,0.0,0.017208377,0.48325998,0.0,0.7842827,0.1186493,0.0,0.004989606,0.0,0.6201731,1.0193335,0.048353113,0.0,0.9888826,0.49393904,0.08570478,1.004664,0.0,0.13300544,0.2273747,0.1898964,0.90226424,1.106706,0.2325816,0.5543792,0.791626,0.0,0.87259996,0.6592611,0.09089786,0.83168536,0.32625458,0.0,0.58936703,0.0,0.6504067,0.66264594,0.1831732,0.0,0.49645835,0.0,0.4050012,0.8289718,0.0,0.8300423,0.0,0.6022213,0.027132142,0.9577544,0.0,0.7951645,0.015071479,0.1782572,0.005963097,0.53849334,1.0557363,0.048002593,0.024565866,0.0,0.0,0.0,0.0,0.0,0.752499,0.0,0.031916853,0.0,0.0,0.11566789,0.0,0.007981585,0.057290126,0.3640774,1.2058735,0.90536946,0.8093327,0.0,0.0,0.0041987067,0.0,0.0,1.3091547,0.69076663,0.91546816,0.0,0.0,0.0,0.0,0.0,0.3582424,0.2587745,0.2755015,0.09587918,0.0,0.0,0.0,0.0,0.0,0.0,1.2226313,1.4887923,0.0,1.1444987,0.33060414,0.6350771,0.0,0.0,0.33069798,1.0715423,0.0,0.0,0.24136932,0.33821154,0.0,0.040816158,0.0,1.3089174,0.0,0.0,0.011941702,0.0,0.0,0.0,0.78500897,0.026091186,0.0,0
1.1199826,0.0,0.0,0.0,0.48462856,0.0,0.8133903,0.10437327,0.0,0.0,0.0,0.1929587,0.88758904,0.0,0.0,0.8277188,0.6677154,0.07972915,1.3354164,0.0,0.0,0.28175932,0.19087228,0.78680384,1.3833506,0.02378261,0.62607455,0.53929937,0.0,0.52691835,0.34457022,0.120174244,0.37367064,0.35565248,0.0,0.772529,0.0,0.7209725,0.63042396,0.19707344,0.0,0.23617236,0.0,0.2600727,0.76894814,0.0,0.3530255,0.0,0.27626854,0.0951781,1.0072948,0.2428608,0.90132433,0.0,0.24092871,0.0,0.1849759,0.51316965,0.0,0.14971595,0.0,0.0,0.0,0.15380244,0.05855754,0.6156677,0.24378622,0.25299677,0.0,0.0,0.0,0.0,0.0,0.0,0.20043316,1.0681001,1.0109601,0.67367876,0.0,0.0,0.09289352,0.0,0.26533356,1.0013564,0.66204,1.1268444,0.0,0.0,0.0,0.0,0.0,0.5088899,0.06590346,0.12448664,0.38591567,0.0,0.0,0.0,0.05460622,0.0,0.0,1.1379479,1.4987122,0.0,1.2083241,0.25123924,0.71264905,0.0,0.0,0.18935399,0.8484656,0.2345359,0.0,0.21829905,0.32327273,0.0,0.2897544,0.0,0.9012686,0.0,0.0,0.093474254,0.0,0.0,0.0,0.60031503,0.0,0.0,1
1.7664199,0.0,0.0,0.12570588,0.5442972,0.0,0.7543108,0.22253926,0.0,0.0,0.0,0.32031727,1.3870841,0.047521062,0.0,0.9729221,0.7714628,0.0,1.476621,0.0,0.0,0.5707828,0.25934783,1.1835622,1.3341253,0.13049707,0.70292556,0.999177,0.0,0.82541,0.70728135,0.06058772,0.9935235,0.26179862,0.0,0.40383673,0.0,0.68314296,0.67106825,0.14413746,0.02482521,0.6777623,0.0,0.36493438,0.9339517,0.0,1.1086533,0.0,0.7224118,0.08575088,1.0511615,0.15938753,1.0676899,0.0,0.18180755,0.0,0.5070557,1.2571237,0.0806624,0.0,0.0,0.0,0.0,0.0,0.056777213,0.85774934,0.101398624,0.1733869,0.0,0.0,0.0,0.0,0.0,0.0,0.55137014,1.3498739,1.213436,0.6824786,0.0,0.0,0.012039549,0.0,0.0,1.6248776,0.9032294,1.2183032,0.0,0.0,0.0,0.0,0.0,0.43522936,0.27028814,0.3218365,0.21119864,0.0,0.0,0.0,0.0,0.0,0.0,1.4043425,1.7449343,0.0,1.123273,0.4925593,0.81185913,0.0,0.0,0.2109875,1.4485154,0.0,0.0,0.34071246,0.17188138,0.0,0.32036442,0.0,1.4041227,0.0,0.0,0.10525241,0.0,0.0,0.0,0.6662909,0.0,0.0,1
1.5549773,0.0,0.0,0.04917813,0.3631947,0.0,0.78286093,0.43374494,0.0,0.0,0.0,0.35062337,1.2158159,0.0,0.0,1.0905532,0.5267931,0.03988076,1.51509,0.0,0.18663909,0.4579439,0.22616127,0.88613915,1.2178669,0.11516526,0.83182377,0.83260393,0.0,1.1595241,0.4117964,0.1418895,0.68411183,0.5842781,0.0,0.7048739,0.0,0.81633747,0.6557839,0.19283174,0.017265582,0.591021,0.0,0.22537532,0.936792,0.0,0.70646685,0.0,0.4825337,0.22260883,0.8519834,0.0,0.8160008,0.0,0.17678897,0.0,0.63638306,0.82004035,0.0,0.0,0.0,0.039902736,0.0,0.1999897,0.0347745,0.8056946,0.1712231,0.24916735,0.0,0.0,0.062893204,0.0,0.0,0.0,0.5464199,1.0479202,1.1671281,0.8326505,0.0,0.0,0.008118934,0.0,0.14501347,1.1436856,0.79327935,1.0889045,0.0,0.0,0.0,0.0,0.0,0.3331414,0.19978979,0.2918581,0.3017268,0.0,0.0,0.0,0.0,0.0,0.0,1.2605803,1.7375871,0.0,1.4639118,0.35197714,0.6494717,0.0,0.0,0.37485978,1.2235303,0.0,0.0,0.24804406,0.24040173,0.0,0.2371695,0.0,1.2455943,0.0,0.0,0.061645485,0.0,0.0,0.0,1.1931156,0.0,0.0,1
1.528396,0.0,0.0,0.14921437,0.463358,0.0,0.8452013,0.49216354,0.0,0.0,0.0,0.40740216,1.3230126,0.0,0.0,0.8797783,0.45475793,0.07317213,1.6092421,0.0,0.08646762,0.5240008,0.22433743,0.99512863,1.337464,0.06363815,1.0483856,0.9711834,0.0,1.029999,0.32260644,0.06864766,0.8292915,0.58326054,0.0,0.7563961,0.0,0.94624984,0.56787443,0.22725447,0.022037508,0.5767667,0.0,0.24826239,1.092847,0.0,0.6705466,0.0,0.5288779,0.08446932,0.8577721,0.0681002,1.038515,0.0,0.1438006,0.043568876,0.59484005,0.8599721,0.0,0.0,0.0,0.059491057,0.0,0.19103983,0.07126715,0.8475135,0.23189275,0.3190442,0.0,0.052856084,0.183522,0.0,0.0,0.0009955353,0.7215701,1.3596073,1.398884,0.7794689,0.0,0.0,0.24086678,0.0,0.040239178,1.4808764,0.8658687,1.3521929,0.0,0.0,0.0,0.0,0.0,0.48340926,0.38096705,0.1751297,0.22723824,0.0,0.0,0.14469619,0.0,0.0,0.0,1.4377774,1.8008547,0.0,1.4134176,0.19846547,0.7222126,0.0,0.0,0.2702412,1.3263534,0.0,0.0,0.1660558,0.2873901,0.0,0.26766065,0.0,1.3454621,0.0,0.0,0.069196485,0.0,0.0,0.0,1.3043483,0.0,0.0,1
1.4512068,0.0,0.0,0.0,0.7064705,0.0,0.78832895,0.0,0.025469892,0.1106856,0.0,0.5383566,0.7176145,0.0,0.0,0.7089545,0.29317495,0.093782224,0.951006,0.0,0.0,0.08511227,0.3519087,0.5931664,1.0488168,0.06973562,0.6467031,0.5568943,0.0,0.7781484,0.58408684,0.0,0.5585686,0.34084722,0.0,0.6123794,0.0,0.70525444,0.58236617,0.11001258,0.0,0.4837089,0.0,0.24299674,0.71647364,0.0,0.4888382,0.0,0.42901838,0.0,0.88922405,0.06941056,0.77927095,0.027224729,0.24422933,0.0,0.41713244,0.5756251,0.0,0.16726731,0.0,0.0,0.0,0.0,0.06305009,0.68596685,0.0,0.0,0.0,0.1063908,0.0,0.0,0.05093077,0.17872651,0.3991365,0.7833412,0.81922436,0.7336222,0.0,0.0,0.08588604,0.0,0.19737516,1.0821799,0.5336061,0.8639342,0.0,0.0,0.0,0.0,0.0945592,0.46396762,0.2722584,0.29758483,0.21312329,0.0,0.0,0.01766561,0.0,0.0,0.0,0.8275183,1.4844816,0.0,1.0150687,0.40866008,0.6966174,0.0,0.0,0.29866317,0.9316094,0.037101854,0.0,0.44144973,0.2899118,0.0,0.0,0.0,1.0398062,0.0,0.0,0.0,0.0,0.0,0.0,1.0132043,0.0,0.0,0
1.4752854,0.0,0.0,0.13449286,0.18735161,0.0,0.81736726,0.04936125,0.0,0.1673239,0.0,0.4759692,1.0215604,0.2441072,0.0,1.0654247,0.38139245,0.2194941,1.0454143,0.0,0.048420843,0.12605184,0.07086136,0.8114152,0.9225761,0.2037334,0.26954272,0.60574484,0.0,1.0439414,0.67564493,0.0,0.83132625,0.27803236,0.0,0.40823126,0.0,0.47053507,0.63558674,0.17158152,0.0,0.51178986,0.0,0.09409414,0.33684894,0.0,0.8347892,0.0,0.56179494,0.015037891,0.9247454,0.0,0.7237827,0.0,0.23150243,0.0,0.6389859,0.9625435,0.042956308,0.20950288,0.0,0.0,0.0,0.0,0.040100757,0.6817609,0.0,0.0,0.0,0.0,0.31137154,0.0,0.0,0.0064332224,0.24123727,0.9560952,0.7752809,0.8573815,0.0,0.0,0.0,0.0,0.019744359,0.8884055,0.44471902,0.5224698,0.13550249,0.0,0.0,0.0,0.0,0.22347811,0.1067163,0.28394666,0.0,0.0,0.011549579,0.0,0.0007696529,0.0,0.0,0.9957805,1.3720336,0.0,1.0900322,0.47645572,0.6116312,0.0,0.0,0.27899888,0.8282778,0.0,0.0,0.196377,0.24546298,0.0,0.0,0.0,1.0040045,0.0,0.0,0.0042031496,0.0,0.0,0.0,0.6116592,0.2039918,0.0,0
1.6291753,0.0,0.0,0.15325405,0.2142745,0.0,0.69757396,0.120124556,0.0,0.0,0.0,0.47924528,1.1960992,0.10977695,0.0,1.1598024,0.43126804,0.044121213,1.2122647,0.0,0.16363636,0.34049988,0.053499807,0.97585166,0.83751196,0.2069365,0.5080513,0.67367506,0.0,1.1038291,0.6171561,0.0,0.8607335,0.34663317,0.0,0.3250845,0.0,0.42964494,0.6500086,0.08941498,0.0,0.46304685,0.0,0.26400658,0.41343716,0.0,0.8991076,0.0,0.7931427,0.22917213,0.97551835,0.0,0.79464644,0.0,0.21577246,0.0,0.659564,1.1755778,0.0,0.18418016,0.0,0.0,0.0,0.0,0.06630598,0.7081038,0.0,0.0,0.0,0.0,0.18072675,0.0,0.0,0.025095332,0.3662913,1.0826654,1.0338273,0.9118953,0.0,0.0,0.0,0.0,0.048267268,1.0833907,0.54390424,0.80499387,0.014888796,0.0,0.0,0.0,0.0,0.11409094,0.12760808,0.2680948,0.025976846,0.0,0.0,0.0,0.0,0.0,0.0,0.9968048,1.479407,0.0,1.0346371,0.5054172,0.60922676,0.0,0.0,0.19595262,1.1935703,0.0,0.0,0.31724265,0.07277795,0.0,0.0,0.0,1.022366,0.0,0.0,0.07661909,0.0,0.0,0.0,0.6748269,0.12873177,0.0,0
1.4036961,0.0,0.0,0.28688022,0.49898517,0.0,0.6244456,0.459443,0.0,0.0,0.0,0.5881796,1.340224,0.0,0.0,0.82450616,0.410372,0.12134997,1.2826208,0.0,0.1392376,0.4612919,0.276658,0.90468335,1.0737523,0.10308418,0.7647523,0.88761383,0.0,1.0788753,0.42532948,0.0,0.7605992,0.7671535,0.0,0.6586491,0.0,0.8955207,0.47808728,0.24152629,0.035340868,0.51262563,0.0,0.23692803,0.93331337,0.0,0.71233433,0.0,0.33456534,0.109302334,0.8729863,0.08213115,0.81688756,0.0,0.08424312,0.19009568,0.6839283,0.99100935,0.0,0.030008143,0.0,0.0,0.0,0.20338427,0.0,0.69136834,0.0965769,0.21179226,0.0,0.18984291,0.1916,0.0,0.025123315,0.014767665,0.6925426,1.1005535,1.3440328,0.8815355,0.0,0.0,0.27000287,0.0,0.14069636,1.215134,0.7032462,1.1501771,0.0,0.0,0.0,0.0,0.0,0.3895772,0.28175673,0.22147742,0.16728614,0.0,0.0,0.0,0.0,0.0,0.0,1.3819344,1.7757208,0.0,1.2661709,0.2788947,0.603254,0.0,0.0,0.2841588,1.1928347,0.1328238,0.0,0.26494682,0.4161744,0.0,0.20932391,0.0,1.3976791,0.0,0.0,0.06480531,0.0,0.0,0.0,1.2637001,0.0,0.0,1
1.6710665,0.0,0.0,0.14558885,0.29727495,0.0,0.71365494,0.3322127,0.0,0.0,0.0,0.4604504,0.8944944,0.012547353,0.0,0.9054778,0.32224128,0.0,1.361316,0.0,0.218867,0.47256038,0.16640578,0.90103674,1.0475967,0.30906764,0.67982364,0.7976353,0.0,1.0465082,0.48679712,0.03403031,0.92245317,0.44039056,0.0,0.38746348,0.0,0.6705311,0.8350608,0.15165953,0.0,0.5904877,0.0,0.2338315,0.69470334,0.0,0.9794193,0.0,0.51684403,0.10217899,0.7179772,0.0,0.7257772,0.0,0.12127037,0.0,0.46531504,0.89120233,0.0,0.0,0.0,0.0,0.0,0.0,0.014597947,0.7016262,0.0,0.08676127,0.0,0.0,0.1974718,0.0,0.0,0.13207294,0.5871156,1.0743039,0.86525553,0.8338288,0.084658146,0.0,0.038335033,0.0,0.0,1.3313973,0.7858584,0.8285921,0.0,0.0,0.0,0.0,0.0,0.30878243,0.031464826,0.34554687,0.1046653,0.0,0.0,0.04383926,0.0,0.0,0.0,1.0804101,1.5632168,0.0,1.3365101,0.2750287,0.65613765,0.0,0.0,0.25647077,1.0708315,0.0,0.0,0.3537848,0.10644533,0.0,0.0,0.0,1.2657108,0.0,0.0,0.0,0.0,0.0,0.0,0.89366955,0.0,0.0,0
1.211724,0.0,0.0,0.14768265,0.2246898,0.0,0.876519,0.2103293,0.0,0.0,0.0,0.31629047,1.1354228,0.0,0.0,0.96408576,0.5846409,0.0,1.1989862,0.011206073,0.0,0.163684,0.33412132,0.91499734,1.090156,0.13328563,0.4317001,0.5637033,0.0,0.91065884,0.4841048,0.06533196,0.80814123,0.5188233,0.0,0.6228035,0.0,0.7211128,0.6542147,0.06724445,0.0,0.36934137,0.0,0.060708318,0.5585915,0.0,0.42381755,0.0,0.5517557,0.29427287,0.9976103,0.0,0.92629784,0.0,0.3164533,0.0,0.49262366,0.741678,0.0,0.30194306,0.0,0.0,0.0,0.0,0.07832171,0.7554929,0.11136363,0.0,0.0,0.027251953,0.24916446,0.0,0.0,0.0,0.1276302,0.9022885,1.1888038,1.0185226,0.0,0.0,0.14002118,0.0,0.1003465,0.7824151,0.6486245,1.0593172,0.0,0.0,0.0,0.0,0.0,0.3355062,0.30423164,0.10693079,0.010768989,0.0,0.0,0.0,0.17007725,0.0,0.0,1.0706513,1.7605511,0.0,1.2829324,0.45073694,0.69373745,0.0,0.0,0.265134,1.1909649,0.24090883,0.0,0.27688482,0.23381639,0.0,0.0,0.0,1.1689496,0.0,0.0,0.13788472,0.0,0.0,0.0,1.1082368,0.0,0.013376461,1
1.3040693,0.0,0.0,0.05178245,0.11686567,0.0,0.23136324,0.43020716,0.15701629,0.0,0.0,0.557448,1.1403788,0.15243281,0.0,0.7871667,1.0630662,0.14861637,0.82792336,0.0,0.26383182,0.22539161,0.26738703,0.41837442,0.8305499,0.0,0.45885223,0.826523,0.0,0.9029794,0.36602348,0.0,0.5210908,0.5103187,0.0,0.5508677,0.0,0.8826554,0.45486122,0.3438003,0.12004099,0.8532163,0.0,0.07406651,0.5979724,0.0,0.62603086,0.0,0.4060794,0.0,0.5519416,0.0,0.83663183,0.0,0.0,0.30193117,0.32340124,0.7596266,0.0,0.500898,0.0,0.17394896,0.0,0.0,0.0,0.46956417,0.0,0.30858898,0.0,0.0,0.084765054,0.0,0.05094607,0.10047266,0.4545584,0.78690726,0.6209664,0.86692774,0.30912054,0.0,0.42689526,0.0,0.4308074,0.90848273,0.8358142,0.7465264,0.0,0.0,0.0,0.0,0.0,0.40683404,0.23482245,0.0,0.0,0.0,0.0,0.50043434,0.0,0.0,0.0,1.0395553,0.99789643,0.0,0.9864732,0.43930703,0.82256824,0.0,0.0,0.19314735,1.2130226,0.0,0.0,0.43203288,0.060165234,0.0,0.0,0.0,1.0772439,0.0,0.0,0.047722388,0.0,0.0,0.0,1.0343115,0.10841763,0.0,1
1.5314771,0.0,0.0,0.0,0.56310326,0.0,0.8222328,0.08578331,0.0406449,0.0,0.0,0.30290678,0.7719841,0.0,0.0,0.63372254,0.35933176,0.12908305,1.5048677,0.0,0.0,0.36786056,0.30397746,0.90515375,1.4000995,0.19427784,0.7128496,0.7667407,0.0,0.5330092,0.4654044,0.0,0.8621645,0.22228593,0.0,0.51334924,0.0,0.9018879,0.8697364,0.0,0.0,0.5549091,0.0,0.23063315,0.88405293,0.11588705,0.8358442,0.0,0.38270813,0.005680795,1.0537528,0.23038535,1.0135009,0.0,0.23914044,0.0,0.19949722,0.63307947,0.0,0.0,0.0,0.0,0.0,0.108708315,0.073970586,0.61587656,0.0,0.1818352,0.0,0.0,0.0,0.0020257067,0.0,0.045244623,0.34242666,1.1159618,0.98385155,0.76068413,0.16097596,0.0,0.20143902,0.0,0.0,1.5603355,0.83281124,1.0686516,0.0,0.0,0.0,0.0,0.09748828,0.4560988,0.22267689,0.1827465,0.22174773,0.0,0.0,0.184539,0.0,0.0,0.0,1.2305495,1.6223273,0.0,1.1643314,0.14649582,0.8610253,0.0,0.0,0.32007876,0.9833549,0.051744644,0.0,0.41695112,0.23611169,0.0,0.09335309,0.0,1.358101,0.0,0.0,0.0,0.0,0.0,0.0,0.7129308,0.0,0.0,0
1.553172,0.0,0.0,0.059445806,0.24724768,0.0,0.7832924,0.16446699,0.050452378,0.40099913,0.0,0.66039836,0.85327476,0.15268002,0.0,0.9196542,0.0,0.024834862,0.9862573,0.18325602,0.2760303,0.17389295,0.07713432,0.90259767,0.6106891,0.32596532,0.4882496,0.6042619,0.0,1.2004724,0.6178041,0.0,0.9752364,0.46032283,0.0,0.4577191,0.0,0.60588855,0.78133565,0.19635426,0.0,0.37665686,0.0,0.066758506,0.41485515,0.0,0.7554323,0.0,0.45673737,0.0,0.8111475,0.0,0.66864485,0.043385584,0.1355696,0.086863965,0.6415526,0.8570924,0.0,0.36178055,0.0,0.0,0.0,0.0,0.0,0.6556029,0.0,0.0,0.0,0.048503008,0.46541667,0.0,0.01621403,0.26891539,0.24918489,0.91876155,0.8428123,1.053749,0.0,0.0,0.0,0.0,0.057622187,1.0170352,0.46401012,0.5982357,0.12346345,0.0,0.0,0.0,0.0,0.20159529,0.12722449,0.19336317,0.0683684,0.0,0.0,0.047539502,0.0,0.0,0.0,0.83840245,1.3394272,0.0,1.1449627,0.19730291,0.5929262,0.0,0.0,0.4105036,0.7599681,0.0,0.0,0.4574416,0.071546406,0.0,0.0,0.0,1.1680677,0.0,0.0,0.0,0.0,0.0,0.0,0.92804587,0.3193382,0.0,0
1.8710756,0.0,0.0,0.12369574,0.48519284,0.0,0.60534626,0.23562375,0.0,0.0,0.0,0.37357467,1.2255625,0.2557034,0.0,0.8738308,0.68794477,0.10619191,1.4681673,0.0,0.06328401,0.5073408,0.16557625,1.000201,1.2462978,0.31412885,0.48553842,0.9385586,0.0,0.8250882,0.6277042,0.0050529987,0.921954,0.35393512,0.0,0.39559788,0.0,0.597536,0.73073596,0.1290685,0.0,0.7012063,0.0,0.28824386,0.7093322,0.005563328,1.1260866,0.0,0.54281706,0.09377586,0.94813985,0.0,0.8541115,0.0,0.16631287,0.0,0.5047771,1.1807232,0.041777324,0.0,0.0,0.0,0.0,0.0,0.0,0.8158991,0.0,0.20182185,0.0,0.0,0.022935444,0.0,0.0,0.0,0.5103848,1.2461066,1.0898893,0.6164341,0.0,0.0,0.08437962,0.0,0.07951709,1.5607636,0.8898861,0.9741611,0.0,0.0,0.0,0.0,0.0049339305,0.33867818,0.15090041,0.3067297,0.16611555,0.0,0.0,0.0,0.0,0.0,0.0,1.4957737,1.5416545,0.0,1.2426509,0.34552422,0.6799671,0.0,0.0,0.17000845,1.2208731,0.0,0.0,0.28635758,0.24908836,0.0,0.30822948,0.0,1.4230021,0.0,0.0,0.023603136,0.0,0.0,0.0,0.61089104,0.0,0.0,0
1.3516953,0.0,0.0,0.012148746,0.33329427,0.0,0.60603434,0.13150388,0.0,0.0,0.0,0.28766483,0.93083835,0.08590988,0.0,1.0280262,0.7624932,0.06471152,1.3015468,0.0,0.07304181,0.32008782,0.31632355,0.7258984,1.0979319,0.09147045,0.32059944,0.7242727,0.0,0.8400428,0.5417294,0.0,0.7711351,0.14900008,0.0,0.40977937,0.0,0.6010476,0.6678233,0.24614678,0.0,0.65432906,0.0,0.09544007,0.503007,0.0,0.6254906,0.0,0.52467054,0.24584305,0.97414106,0.0,1.0202941,0.0,0.27309215,0.0,0.38220587,0.88138616,0.0,0.21850744,0.0,0.0,0.0,0.0,0.032616228,0.62101114,0.0,0.14609902,0.0,0.0,0.123228796,0.0,0.0,0.0,0.19728532,0.825452,0.9009214,0.71509176,0.10106966,0.0,0.0655056,0.0,0.09193244,0.9659191,0.6459097,0.85124606,0.0,0.0,0.0,0.0,0.0,0.37282407,0.11414895,0.21156496,0.0,0.0,0.0,0.0,0.0,0.0,0.0,0.88804215,1.4443709,0.0,1.127262,0.58532214,0.6853865,0.0,0.0,0.19588551,1.1800767,0.0,0.0,0.45207667,0.15005971,0.0,0.0,0.0,1.0399461,0.0,0.0,0.02133535,0.0,0.0,0.0,0.6565543,0.0,0.0,0
1.1151472,0.0,0.0,0.12316386,0.2886618,0.030817475,0.118156575,0.12049193,0.16928609,0.0,0.0,0.63951206,1.0246625,0.2674884,0.0049693286,0.92207944,0.7279414,0.16496383,1.0300394,0.0,0.30045366,0.41362953,0.43276727,0.34162492,0.7828043,0.0,0.3519481,0.61063063,0.0,0.8599117,0.39142928,0.00241106,0.4752815,0.27528858,0.0,0.17082849,0.0,0.7406551,0.5721963,0.41696155,0.0,0.75003713,0.0,0.0,0.45098293,0.0,0.619122,0.0,0.3599571,0.063579515,0.64471453,0.0,0.68185467,0.0,0.23579198,0.26182392,0.45535815,0.6867836,0.0,0.7922195,0.0,0.09681105,0.0,0.0,0.0,0.32500604,0.0,0.21412683,0.0,0.0,0.1617769,0.0,0.011099311,0.12041907,0.3619225,0.33123896,0.88271075,0.74111,0.4659901,0.0,0.2996611,0.0,0.2760808,0.695799,0.56315833,0.6231286,0.17335024,0.0,0.0,0.0,0.0,0.36281687,0.08137245,0.0,0.0,0.0,0.0,0.0,0.0,0.0,0.031309053,0.62736636,1.1204164,0.0,1.0273255,0.5042378,0.51786625,0.0163762,0.0,0.05040261,0.93724763,0.0,0.0,0.55436105,0.3151926,0.0,0.0,0.0,1.1337737,0.0,0.0,0.0656461,0.0,0.0,0.0,0.95642823,0.24066536,0.0,0
0.78299654,0.0,0.0,0.08364504,0.12748998,0.080497935,0.3258986,0.44949672,0.27826378,0.0,0.0,0.28296024,0.9572787,0.082606666,0.0,1.016697,0.8780035,0.10663558,0.8289912,0.29344288,0.1391084,0.2538924,0.35704792,0.5067104,0.68959194,0.0,0.3566146,0.33239642,0.18701872,0.8023694,0.2510267,0.072469674,0.3515191,0.3461481,0.0,0.35194936,0.0,0.7150559,0.3670907,0.51988465,0.0,0.49229914,0.0,0.07703469,0.32756186,0.0,0.8016543,0.0,0.1791966,0.0,0.63973314,0.0,0.8920179,0.0,0.22474709,0.41495517,0.43093473,0.7395904,0.0,0.7462149,0.0,0.20436245,0.0,0.0,0.021231614,0.55818105,0.0,0.24077365,0.0,0.18895164,0.3685917,0.0,0.05594732,0.0,0.3989488,0.68055093,1.2331244,0.8531075,0.13778277,0.0,0.3553002,0.0,0.32986686,0.4018618,0.4850073,0.85279554,0.0024269866,0.0,0.0,0.0,0.0,0.33805734,0.3551389,0.0,0.0,0.0,0.0,0.0,0.42647162,0.0,0.04842533,0.65242904,1.1288434,0.0,1.039305,0.2868712,0.6926353,0.0,0.0,0.14189863,0.85381424,0.06825164,0.0,0.48863417,0.30707848,0.0,0.0,0.0,0.8679293,0.0,0.0,0.15182891,0.0,0.0,0.0,1.2296982,0.17624256,0.14370821,0
1.3436358,0.0,0.0,0.0,0.5699328,0.0,0.9819196,0.31238538,0.0,0.0,0.0,0.5072979,1.3315243,0.0,0.0,0.9187601,0.60256726,0.071677364,1.7546284,0.0,0.0,0.5555991,0.47622973,0.98863685,1.5081215,0.0,0.9702484,0.9241278,0.0,0.87549174,0.33272445,0.2560184,0.78462934,0.6271326,0.0,0.9798185,0.0,1.0925895,0.5849022,0.30424365,0.0045998637,0.48894873,0.0,0.38980964,1.3037343,0.0,0.47775903,0.0,0.3502636,0.0,0.8611616,0.36034277,1.1062135,0.0,0.15804948,0.25399402,0.5084279,0.73911655,0.0,0.0,0.0,0.1054455,0.0,0.3586227,0.009104647,0.799246,0.35126066,0.48449472,0.0,0.0028477558,0.0,0.0,0.05040224,0.0,0.5586312,1.4329743,1.4220228,0.74363035,0.0,0.0,0.20016602,0.0,0.34799042,1.535514,0.9621882,1.3409911,0.0,0.0,0.0,0.0,0.0,0.65460247,0.5246269,0.0,0.44539472,0.0,0.0,0.0,0.0,0.0,0.0,1.3334563,1.6744862,0.0,1.4272318,0.13491744,0.43360564,0.08335171,0.0,0.2824584,1.3301502,0.0,0.0,0.13650407,0.5047139,0.0,0.6198101,0.008393345,1.4034761,0.0,0.0,0.085821904,0.0,0.0,0.0,1.1534483,0.0,0.0,1
0.740934,0.0,0.0,0.19194973,0.3476944,0.17467205,0.29498538,0.45560208,0.0,0.2491885,0.0,0.77609915,0.6305801,0.07773919,0.39473277,0.9299802,0.29783738,0.10687437,0.31660357,0.5252087,0.45267305,0.46156603,0.27044138,0.31333017,0.25303957,0.06912187,0.698174,0.20613544,0.14997692,1.0761384,0.31312618,0.0,0.33521628,0.7727661,0.0,0.47944063,0.0,0.6926667,0.48477155,0.4935973,0.0,0.18856387,0.0,0.14476946,0.34516153,0.0,0.41832274,0.0,0.09740317,0.11653718,0.49530068,0.0,0.3233239,0.0,0.08556904,0.622928,0.43526104,0.5914899,0.0,0.630146,0.0,0.14156905,0.0,0.0,0.0,0.0,0.06534958,0.24621803,0.0,0.2500062,0.40806386,0.0,0.4260754,0.13935885,0.46032265,0.3432527,0.9427272,0.86543214,0.0,0.0,0.29171237,0.0,0.2075608,0.2856016,0.6297936,0.4753239,0.0,0.0,0.25065476,0.0,0.0,0.40572554,0.28624666,0.059142485,0.08725327,0.0,0.0,0.14604971,0.49410066,0.0,0.0,0.87100977,1.3995687,0.0,0.9705502,0.07842002,0.62771195,0.11255116,0.0,0.30664185,0.6708589,0.4979038,0.0,0.576326,0.34480858,0.24873446,0.0,0.0,0.93640286,0.0,0.0,0.0,0.0,0.0,0.0,1.501334,0.5222131,0.0,1
1.5172455,0.0,0.0,0.0781784,0.34521395,0.0,0.80098385,0.065723024,0.0,0.0,0.0,0.51392215,1.4367634,0.0,0.0,0.8426447,0.6395634,0.08642117,1.4501102,0.0,0.06456488,0.44781268,0.38328394,1.0090221,1.3340759,0.17598855,0.63148165,0.773063,0.0,0.94993985,0.7017654,0.022147872,0.90613467,0.34255618,0.0,0.5627269,0.0,0.67338485,0.6393057,0.16958532,0.0,0.5983411,0.0,0.24965873,0.8702243,0.0,0.7342269,0.0,0.73783606,0.035553016,0.8224901,0.007731367,0.833756,0.0,0.2789696,0.0,0.5244797,0.8177909,0.05421387,0.0,0.0,0.1009618,0.0,0.11685497,0.11481573,0.7222128,0.0200334,0.22250879,0.0,0.0,0.0079121385,0.0,0.0,0.0,0.6338005,0.96883196,1.2708063,0.6076165,0.14521182,0.0,0.0,0.0,0.15556158,1.0162554,0.8873171,1.0922095,0.0,0.0,0.0,0.0,0.0,0.31837207,0.36477724,0.27175072,0.5397291,0.0,0.0,0.0,0.0,0.0,0.0,1.0902982,1.8391196,0.0,1.1809763,0.54860055,0.6883544,0.0,0.0,0.32508826,1.1450491,0.06478947,0.0,0.41374508,0.2413902,0.0,0.47915214,0.0,1.3458052,0.0,0.0,0.028419727,0.0,0.0,0.0,1.0171782,0.0,0.00084632647,0
0.9723667,0.0,0.0,0.0,0.22546688,0.0,0.7227617,0.34574422,0.004163765,0.0,0.0,0.1495957,0.8896292,0.0,0.0,1.0078883,0.79056424,0.0,1.5422747,0.0,0.013744917,0.2626075,0.16333541,0.60421,1.354817,0.0,0.6150345,0.5141539,0.0,0.73122746,0.2048559,0.18174611,0.40758955,0.33906198,0.0,0.75571877,0.0,0.84572345,0.4863062,0.2226857,0.0,0.35277933,0.0,0.070542105,0.74031866,0.0,0.5121053,0.0,0.24981639,0.0,0.9498734,0.0,1.2275045,0.0,0.18865348,0.22189133,0.3410875,0.87837744,0.0,0.27705994,0.0,0.1633359,0.0,0.0,0.14327684,0.66828465,0.022994656,0.50028944,0.0,0.0,0.1344384,0.0,0.0,0.0,0.34761184,0.8472728,1.3491956,0.81153387,0.0,0.0,0.11270819,0.0,0.26657423,0.8875047,0.7907369,1.076168,0.0,0.0,0.0,0.0,0.0,0.46660575,0.31683785,0.0,0.16755763,0.0,0.0,0.0,0.2765341,0.0,0.0,0.97084105,1.593369,0.0,1.2154989,0.3165288,0.7973221,0.0,0.0,0.1531744,1.0707966,0.17225677,0.0,0.30243394,0.31445462,0.0,0.06369957,0.0,0.88036174,0.0,0.0,0.100113645,0.0,0.0,0.0,1.1698595,0.0,0.0,1
1.5210664,0.0,0.0,0.20094462,0.30586895,0.0,0.8241133,0.5081039,0.0,0.0,0.0,0.34686527,0.68334115,0.0,0.102108926,0.76573604,0.1822452,0.00047176186,1.1840417,0.0,0.118992135,0.36840016,0.12144164,0.84549534,1.0431945,0.14619966,0.8553795,0.65320665,0.0,0.93090105,0.18623926,0.0,0.9027323,0.4907173,0.0,0.43888912,0.0,0.95988274,0.61096734,0.101524435,0.0,0.41304705,0.0,0.116077445,0.8826852,0.0,0.54285425,0.0,0.19734563,0.24183771,0.9084323,0.024729665,0.76724154,0.0,0.10782538,0.08406613,0.22711903,0.6259206,0.0,0.022119416,0.0,0.0,0.0,0.0,0.024957856,0.61181873,0.0,0.0,0.0,0.11833241,0.25936288,0.0,0.002648683,0.17768124,0.44706833,0.8058123,1.0068382,0.96788865,0.0,0.0,0.21225134,0.0,0.10163774,1.3159292,0.62328964,0.85455424,0.0,0.0,0.0,0.0,0.0,0.21835247,0.25650027,0.13440755,0.067499995,0.0,0.0,0.15177028,0.0,0.0,0.0,1.2211775,1.4553664,0.0,1.1794609,0.22233687,0.7513042,0.0,0.0,0.42531317,1.114168,0.05271433,0.0,0.30383438,0.18338092,0.0,0.0,0.0,1.0133717,0.0,0.0,0.0,0.0,0.0,0.0,1.0821706,0.16013429,0.0,0
1.390504,0.0,0.0,0.0626945,0.43872315,0.0,0.5278238,0.4609981,0.0,0.0,0.0,0.40942854,0.8699128,0.0,0.0,0.9370779,0.425551,0.0,1.1931537,0.0,0.3896618,0.5056036,0.10806228,0.53823555,0.84024274,0.10981588,0.8026524,0.658646,0.0,1.2439302,0.3073961,0.0,0.7239305,0.4980842,0.0,0.57954806,0.0,0.63555986,0.6089642,0.33353487,0.0,0.5053683,0.0,0.3262169,0.6717284,0.0,0.62928283,0.0,0.2844911,0.45074373,0.93535286,0.0,0.743344,0.0,0.044790905,0.060079563,0.20944645,0.7773696,0.0,0.043557443,0.0,0.076338515,0.0,0.0,0.0993601,0.43668774,0.0,0.21341692,0.0,0.0,0.18173195,0.0,0.0,0.094609156,0.5554576,0.96605647,1.03009,0.8603823,0.08201286,0.0,0.0,0.0,0.21810769,0.9689169,0.62847286,0.7995299,0.0,0.0,0.0,0.0,0.0,0.3179131,0.0,0.13364778,0.32980284,0.0,0.0,0.0,0.0,0.0,0.010181311,1.0902281,1.3459312,0.0,1.1872298,0.32175183,0.71081275,0.0,0.0,0.3220913,1.1203399,9.6906995e-05,0.0,0.58568263,0.1011642,0.0,0.0,0.0,0.9251793,0.0,0.0,0.03533765,0.0,0.0,0.0,0.98642594,0.0,0.0,1
1.8609477,0.0,0.0,0.023879701,0.6928838,0.0,0.6433672,0.2602261,0.0,0.0,0.0,0.3179412,1.273043,0.0,0.0,0.8871088,0.8365896,0.0,1.4040532,0.0,0.0,0.6746265,0.21874814,1.0013385,1.3168658,0.24632668,0.7645748,0.9765973,0.0,0.6383104,0.78537524,0.0,0.9514089,0.25251752,0.0,0.3975398,0.0,0.75282604,0.6669088,0.19983003,0.030626664,0.77944684,0.0,0.3742682,0.97185856,0.095518194,1.1005238,0.0,0.69407946,0.048782937,0.95076174,0.1773171,1.0146852,0.0,0.19647656,0.0,0.45692858,1.2738599,0.04402441,0.0,0.0,0.0,0.0,0.0,0.048132353,0.8075255,0.08649423,0.24235296,0.0,0.0,0.0,0.0,0.0,0.0,0.64826435,1.3824227,1.1166986,0.64258355,0.010224683,0.0,0.08510999,0.0,0.0,1.6505659,0.9776696,1.1006554,0.0,0.0,0.0,0.0,0.0750889,0.45554128,0.21118747,0.30045336,0.23500827,0.0,0.0,0.0,0.0,0.0,0.0,1.4301348,1.7372082,0.0,1.0971802,0.523683,0.7946293,0.0,0.0,0.21560185,1.4875865,0.0,0.0,0.387361,0.24598974,0.0,0.3135624,0.0,1.4887962,0.0,0.0,0.10956581,0.0,0.0,0.0,0.5863678,0.0,0.0,1
1.4005464,0.0,0.0,0.067654066,0.46008113,0.0,0.85876244,0.27067533,0.0,0.0,0.0,0.13559593,0.93416524,0.0,0.0,0.96309334,0.65313184,0.067449786,1.3797803,0.0,0.0,0.3834033,0.309633,0.8741188,1.4149213,0.010322242,0.73121065,0.78727114,0.0,0.73326844,0.4659381,0.04211928,0.6303203,0.3847487,0.0,0.8068963,0.0,0.87532073,0.70179516,0.14390464,0.014323229,0.54359967,0.0,0.24236548,0.83217096,0.0,0.9118009,0.0,0.47537747,0.102688,1.0374242,0.047834393,1.0304036,0.0,0.19627215,0.0,0.39099485,0.9564712,0.0,0.09932591,0.0,0.0,0.0,0.07042106,0.11204398,0.7456818,0.12249075,0.1127347,0.0,0.0,0.00015255259,0.0,0.0,0.0,0.29225352,1.1729665,1.1778973,0.7257715,0.08823061,0.0,0.103947975,0.0,0.19197913,1.2500107,0.79108834,1.213182,0.0,0.0,0.0,0.0,0.0,0.48202348,0.15267253,0.21116261,0.13236341,0.0,0.0,0.0,0.0,0.0,0.0,1.2679389,1.7382485,0.0,1.1819204,0.38978994,0.9500584,0.0,0.0,0.12832162,1.2382504,0.14424811,0.0,0.18517958,0.11411681,0.0,0.13311651,0.0,1.1523801,0.0,0.0,0.062010866,0.0,0.0,0.0,0.8334133,0.0,0.0,1
1.8332908,0.0,0.0,0.06450362,0.48887342,0.0,0.63715774,0.44264087,0.0,0.0,0.0,0.35458073,1.3044791,0.0,0.0,0.9747678,0.7277676,0.0,1.5605011,0.0,0.13234198,0.54051965,0.21609046,1.0290244,1.2744372,0.07932848,0.69729203,1.0806953,0.0,0.78337103,0.5228344,0.061848562,0.940812,0.43451488,0.0,0.61211544,0.0,0.6004836,0.70340186,0.14167571,0.13754673,0.6116577,0.0,0.2902622,0.84400797,0.0,0.9852861,0.0,0.779297,0.1852412,0.8612309,0.0,0.9906517,0.0,0.23453604,0.0,0.6603221,1.1405458,0.0,0.0,0.0,0.0,0.0,0.0,0.028276894,0.84266883,0.0,0.2127475,0.0,0.0,0.013273591,0.0,0.0,0.0,0.4217123,1.3905795,1.130479,0.70234793,0.024258478,0.0,0.04272107,0.0,0.12437423,1.2742001,0.8391838,1.1307896,0.0,0.0,0.0,0.0,0.0,0.4604285,0.28032926,0.28009143,0.24335995,0.0,0.0,0.0,0.0,0.0,0.0,1.2758563,1.8011106,0.0,1.3813719,0.50914556,0.77558917,0.0,0.0,0.172899,1.4252431,0.0,0.0,0.29737404,0.04383066,0.0,0.01814556,0.0,1.2582762,0.0,0.0,0.0838419,0.0,0.0,0.0,0.8468936,0.0,0.0,1
1.6313989,0.0,0.0,0.11508516,0.2349678,0.0,0.7553628,0.11515037,0.0,0.0,0.0,0.38356796,1.1688349,0.034535535,0.0,0.97291076,0.46763682,0.0,1.2760514,0.0,0.045879867,0.31427917,0.26431623,1.0740504,1.1453973,0.20224014,0.4655134,0.90708756,0.0,0.9783712,0.7135815,0.0,0.98347366,0.34223896,0.0,0.44148266,0.0,0.64965767,0.6683077,0.11436831,0.0,0.5995524,0.0,0.30731353,0.75101584,0.0,1.039759,0.0,0.7415724,0.0,1.0562538,0.0,0.96307653,0.0,0.2665535,0.0,0.6185294,0.9720737,0.06514011,0.06495952,0.0,0.0,0.0,0.0,0.046171717,0.8237642,0.0,0.060180273,0.0,0.0,0.13058682,0.0,0.0,0.016661394,0.43546793,1.2081788,1.1074789,0.91521865,0.038028434,0.0,0.0,0.0,0.020765088,1.2616198,0.8279405,0.850875,0.0,0.0,0.0,0.0,0.0,0.17233473,0.18374802,0.23472817,0.03155703,0.0,0.0,0.0,0.0,0.0,0.0,1.0942426,1.7961999,0.0,1.1404861,0.4541492,0.7106262,0.0,0.0,0.22998863,1.190939,0.0,0.0,0.39230084,0.24155435,0.0,0.0,0.0,1.2787193,0.0,0.0,0.045148924,0.0,0.0,0.0,0.822656,0.0,0.0,1
1.6873037,0.0,0.0,0.0,0.41708118,0.0,0.8140075,0.16994247,0.0,0.0,0.0,0.49028805,1.2301192,0.0,0.0,0.9761894,0.39682135,0.008751726,1.2990975,0.0,0.06839225,0.3903943,0.18718803,1.0613354,1.0241461,0.207921,0.6562067,0.8384558,0.0,0.92124224,0.6750511,0.024282381,0.8878095,0.37658876,0.0,0.5652091,0.0,0.5262132,0.63683516,0.27290297,0.19365111,0.46113032,0.0,0.44464827,0.871143,0.0,0.8279737,0.0,0.72307664,0.07938405,0.87331206,0.0,0.80859417,0.0,0.18761672,0.0,0.50829935,1.1533787,0.011862047,0.03409575,0.0,0.0,0.0,0.0,0.0,0.8389736,0.0,0.145581,0.0,0.0,0.07491275,0.0,0.0,0.058181126,0.4207444,1.3332981,1.0583419,0.87785083,0.0,0.0,0.0,0.0,0.0541785,1.3311372,0.6881838,1.0659007,0.0,0.0,0.0,0.0,0.0,0.34038448,0.30676696,0.24807185,0.15918301,0.0,0.0,0.0,0.0,0.0,0.0,1.3067777,1.5196033,0.0,1.2126786,0.34583545,0.6028699,0.0,0.0,0.3229748,1.1251395,0.0,0.0,0.21230532,0.2870275,0.0,0.002341478,0.0,1.2029104,0.0,0.0,0.016892167,0.0,0.0,0.0,0.8561267,0.0,0.0,1
1.5718676,0.0,0.0,0.016840393,0.53421074,0.0,0.7068308,0.3396162,0.0,0.004661795,0.0,0.49394196,0.7553213,0.0,0.0,0.7837606,0.33089584,0.11496613,1.1352932,0.0,0.3222294,0.32699943,0.08819059,0.8110962,0.8793088,0.2096243,0.6649781,0.8500078,0.0,0.97697216,0.33035955,0.0,0.87422526,0.34362155,0.0,0.44836703,0.0,0.66456103,0.6000059,0.19809784,0.0,0.53823495,0.0,0.20878363,0.7365073,0.0,0.53786033,0.0,0.47573015,0.0,0.88709944,0.0,0.89778924,0.037413914,0.060755547,0.018672073,0.3251157,0.74804056,0.0,0.025869144,0.0,0.0,0.0,0.029956048,0.044202946,0.7208048,0.0,0.0,0.0,0.113024764,0.17827646,0.0,0.022481563,0.06958902,0.44692296,1.0182264,0.9207256,0.9003569,0.06473215,0.0,0.059698083,0.0,0.0,1.2915659,0.7274686,0.86412156,0.0,0.0,0.0,0.0,0.0879194,0.39885294,0.26997027,0.33561823,0.09093792,0.0,0.0,0.059192166,0.0,0.0,0.0,1.21525,1.5071591,0.0,1.168512,0.2627993,0.70013934,0.0,0.0,0.25090507,0.9331574,0.0,0.0,0.49132517,0.32139984,0.0,0.0,0.0,1.2151266,0.0,0.0,0.0,0.0,0.0,0.0,0.9391318,0.066388294,0.0,1
1.4086356,0.0,0.0,0.11410818,0.039134886,0.0,0.9245731,0.31629977,0.047184706,0.0,0.0,0.13529192,1.0361589,0.016559491,0.0,0.98714876,0.56115687,0.0,1.3264985,0.1662578,0.016799893,0.23575316,0.22565189,0.79172266,1.1444715,0.10252991,0.39261165,0.48253974,0.0,0.82463074,0.33248106,0.0,0.87422144,0.35332888,0.0,0.4115863,0.0,0.64878356,0.49501884,0.13387196,0.0069977287,0.38104832,0.0,0.15687639,0.5657503,0.0,0.6695204,0.0,0.46333963,0.19504963,0.9972674,0.0,0.97413534,0.0,0.24747129,0.0,0.5061907,0.79197645,0.0,0.29197463,0.0,0.0,0.0,0.0,0.13285486,0.7241622,0.0,0.0892594,0.0,0.0,0.42854074,0.0,0.0,0.0,0.24093485,0.8140359,1.2085253,0.855076,0.086295664,0.0,0.0668926,0.0,0.21174069,0.8115914,0.7099336,1.0168126,0.0,0.0,0.0,0.0,0.0,0.082007796,0.19365902,0.063688286,0.0,0.0,0.0,0.0,0.30949497,0.0,0.0,0.83851546,1.6220659,0.0,1.287165,0.48627374,0.77351856,0.0,0.0,0.23567793,1.2341156,0.1832756,0.0,0.35964286,0.14903663,0.0,0.0,0.0,0.8001983,0.0,0.0,0.012926516,0.0,0.0,0.0,1.0627218,0.02176535,0.12797049,1
1.2485495,0.0,0.0,0.5252393,0.0,0.25237083,0.6799909,0.15045147,0.0,0.4852069,0.0,0.7003228,0.7811104,0.16984786,0.16362286,0.98154914,0.03517306,0.24523517,0.41020492,0.79745466,0.48301896,0.0,0.15438698,0.5981611,0.65659374,0.13809305,0.5483761,0.11846087,0.0,0.92209285,0.4474439,0.0,0.3022682,0.7697972,0.0,0.3912444,0.0,0.6728579,0.5476322,0.5911647,0.0,0.009245259,0.0,0.1721543,0.3561575,0.0,0.4740321,0.0,0.053113677,0.0,0.37145016,0.0,0.36622164,0.0,0.08156761,0.42411408,0.60566133,0.9337761,0.0,0.79909,0.0,0.0,0.0,0.06539766,0.016893258,0.27729177,0.0,0.13489933,0.0,0.20403066,0.7325854,0.0,0.18392347,0.049807724,0.25652912,0.81477445,0.7265903,0.8693997,0.13005684,0.0,0.0,0.0,0.059041284,0.48918167,0.57797176,0.65809166,0.0,0.0,0.0,0.0,0.0,0.18657301,0.3531985,0.070139915,0.0,0.0,0.0,0.0,0.93413365,0.0,0.0,0.5071635,1.3378574,0.0,1.1604189,0.24343346,0.66174,0.08336272,0.0,0.5352439,0.6800175,0.14425033,0.0,0.6021828,0.32518703,0.1744066,0.0,0.0,0.893773,0.0,0.0,0.0,0.0,0.0,0.0,1.3565079,0.45105672,0.0,1
1.0249381,0.0,0.0,0.0,0.3983155,0.022034507,0.4127973,0.3567071,0.1795509,0.0,0.0,0.29400587,1.1588448,0.17089167,0.0,1.0062437,0.9964654,0.21384425,1.1407994,0.0,0.39901352,0.37235785,0.36711243,0.5160712,1.007021,0.0,0.5098174,0.69616306,0.0,0.8539881,0.19497702,0.042533785,0.3921973,0.13219368,0.0,0.41355586,0.0,0.9241254,0.39811197,0.50960326,0.0,0.59499323,0.0,0.10691998,0.7419873,0.0,0.66205186,0.0,0.22659959,0.0,0.8638666,0.0,0.94583166,0.0,0.2352401,0.19206958,0.39162993,0.70410645,0.0,0.62103575,0.0,0.36640564,0.0,0.0,0.0,0.66509223,0.00068043935,0.5065306,0.0,0.0,0.095755875,0.0,0.0,0.047130365,0.56169915,0.60603493,1.0901927,0.66314495,0.13542606,0.0,0.30609924,0.0,0.45380414,0.83834106,0.44245937,0.974027,0.0,0.0,0.0,0.0,0.010561414,0.3772375,0.17549212,0.10120574,0.0,0.0,0.0,0.0737126,0.1369523,0.0,0.0,0.8705728,1.2951391,0.0,1.0983183,0.5553164,0.6151399,0.0,0.0,0.15198767,0.9678425,0.006961559,0.0,0.25399214,0.49267483,0.0,0.0933857,0.0,1.0457242,0.0,0.0,0.089539714,0.0,0.0,0.0,1.0320275,0.021278722,0.0,1
1.6667181,0.0,0.0,0.0,0.49205756,0.0,0.9062414,0.0,0.0047882725,0.11629625,0.0,0.58046514,0.90682375,0.0,0.0,0.7976142,0.4866869,0.29660305,1.4136392,0.0,0.0,0.3734118,0.2676659,0.94871,1.5513203,0.16996235,0.743134,0.9992219,0.0,0.7077554,0.7929318,0.1269415,0.77075016,0.12020733,0.0,0.6418832,0.0,0.6358081,0.6196907,0.18474728,0.0,0.79130846,0.0,0.3453328,0.9871777,0.19220404,0.77296215,0.0,0.57442117,0.0,0.7714527,0.31409094,1.0139302,0.061274428,0.33434224,0.0,0.37254804,0.8594884,0.0,0.0,0.0,0.002355168,0.0,0.34876752,0.0854501,0.6145046,0.012458678,0.33712658,0.0,0.067703806,0.0,0.005243255,0.0,0.0,0.71244276,1.3749255,1.0780941,0.5653623,0.07307671,0.0,0.030134894,0.0,0.0,1.5786906,1.0598551,1.0903535,0.0,0.0,0.0,0.0,0.1525047,0.6879517,0.32772467,0.35065085,0.43215898,0.0,0.0,0.0,0.0,0.0,0.0,1.1762937,1.5834769,0.0,1.095447,0.18081777,0.6611668,0.104700945,0.0,0.31112146,0.9609675,0.0,0.0,0.4107082,0.47907633,0.0,0.49320275,0.0,1.6108161,0.0,0.0,0.0,0.0,0.0,0.0,0.74193823,0.0,0.0,1
1.4508516,0.0,0.0,0.0,0.45593816,0.0,0.3988026,0.48535568,0.0,0.0,0.0,0.16481507,1.4094697,0.0,0.0,1.0894576,0.96326774,0.0,1.6237346,0.0,0.07349597,0.520561,0.32133007,0.9597902,1.4199413,0.0,0.7178725,0.9089433,0.0,0.6425683,0.52463037,0.0,0.6429751,0.36272854,0.0,0.59601897,0.0,0.90312463,0.58295095,0.34918037,0.14761247,0.6588127,0.0,0.3349655,0.8987059,0.0,0.869986,0.0,0.5368494,0.0,0.8742029,0.0,1.1615148,0.0,0.2382409,0.0,0.649986,1.1870937,0.0,0.10804844,0.0,0.013857941,0.0,0.0,0.0,0.74359334,0.33632758,0.4219237,0.0,0.0,0.0,0.0,0.0,0.0,0.5771765,1.2885722,1.3099146,0.6489516,0.0,0.0,0.026733764,0.0,0.34474668,1.0715909,0.7841312,1.2910763,0.0,0.0,0.0,0.0,0.0,0.42084336,0.08373044,0.17080624,0.20979574,0.0,0.0,0.0,0.0,0.0,0.0,1.2043087,1.9263328,0.0,1.2422577,0.54405546,0.7325848,0.0,0.0,0.10187074,1.47374,0.0,0.0,0.29820696,0.29818562,0.0,0.21771967,0.0,1.0255984,0.0,0.0,0.15855274,0.0,0.0,0.0,0.99158525,0.0,0.0,1
1.6650106,0.0,0.0,0.022798399,0.5796892,0.0,0.7422872,0.084743895,0.0,0.0,0.0,0.3209491,1.1352361,0.11026008,0.0,0.8053578,0.6467296,0.06787986,1.351566,0.0,0.018317398,0.3734422,0.20847969,1.0728167,1.2345784,0.11361733,0.5767891,0.9709904,0.0,0.74175656,0.6975842,0.025962315,0.99303174,0.20670477,0.0,0.3582481,0.0,0.6180756,0.6148843,0.14166395,0.0,0.6803138,0.0,0.22786352,0.7366291,0.0,0.9980376,0.0,0.6400382,0.033615034,0.9412567,0.009991586,0.9066196,0.0,0.22948873,0.0,0.47661695,1.0320047,0.06855698,0.0,0.0,0.0,0.0,0.0,0.060880624,0.81102777,0.0,0.024227228,0.0,0.0,0.065409295,0.0,0.0,0.0,0.43040767,1.158928,0.9562386,0.60371834,0.07409555,0.0,0.037653126,0.0,0.012218796,1.4067203,0.83103985,1.062263,0.0,0.0,0.0,0.0,0.0074699107,0.3347538,0.21857832,0.36517158,0.22455643,0.0,0.0,0.0,0.0,0.0,0.0,1.2496519,1.6780783,0.0,1.2031513,0.3910682,0.78690225,0.0,0.0,0.296434,1.0696236,0.0,0.0,0.36160493,0.1786268,0.0,0.0784691,0.0,1.2983229,0.0,0.0,0.035849288,0.0,0.0,0.0,0.6681944,0.0,0.0,1
1.5325315,0.0,0.0,0.0004887667,0.37443817,0.0,0.7874531,0.17403758,0.0,0.09057329,0.0,0.3889817,0.87149596,0.07371298,0.0,0.8852828,0.43502203,0.0045632184,1.1416678,0.0,0.10978839,0.23803177,0.163378,0.90028405,1.0694631,0.22950128,0.54629815,0.7816382,0.0,0.90770525,0.4756676,0.0,0.9044588,0.28335273,0.0,0.4823762,0.0,0.5864748,0.6789251,0.22527103,0.0,0.46673012,0.0,0.3065986,0.6841872,0.0,0.6721454,0.0,0.52320236,0.0,0.9298978,0.0,0.85366184,0.0,0.27892414,0.0,0.37645864,0.973794,0.0,0.04676296,0.0,0.0,0.0,0.070595466,0.055160344,0.7777706,0.0,0.0,0.0,0.0,0.1370703,0.0,0.0,0.0,0.31542665,1.039151,0.8030992,0.8315397,0.06877523,0.0,0.0,0.0,0.0,1.1748021,0.60306823,0.9150891,0.0,0.0,0.0,0.0,0.0,0.22332036,0.20491494,0.33278736,0.14975742,0.0,0.0,0.0,0.0,0.0,0.0,1.0657884,1.4883829,0.0,1.2297491,0.26534215,0.65709144,0.03605862,0.0,0.40266788,0.9001249,0.0,0.0,0.3189728,0.22802725,0.0,0.0,0.0,1.2913709,0.0,0.0,0.0,0.0,0.0,0.0,0.8296193,0.03766648,0.0,0
1.4011939,0.0,0.0,0.088594146,0.47581503,0.0,0.8383211,0.29925278,0.0,0.0,0.0,0.5229093,0.7988726,0.009909639,0.0,0.68018377,0.239797,0.04722392,1.1269511,0.0,0.007286798,0.27223054,0.19021085,0.96763635,0.892332,0.18040964,0.62062365,0.76640886,0.0,0.9101023,0.4377625,0.033325147,0.8911006,0.5022966,0.0,0.46823806,0.0,0.800295,0.8485473,0.0,0.0,0.55010617,0.0,0.18914343,0.7686188,0.0,0.7167262,0.0,0.42177558,0.09436491,0.9470512,0.0,0.7872434,0.0,0.15049475,0.0,0.37682292,0.5873802,0.0,0.0,0.0,0.0,0.0,0.18064481,0.0041961037,0.7732694,0.0,0.03172343,0.0,0.0,0.15607785,0.0,0.0,0.11572389,0.5031927,1.01473,0.97653365,0.961514,0.115786,0.0,0.17823139,0.0,0.0,1.2366109,0.7606351,0.9467669,0.0,0.0,0.0,0.0,0.0,0.2895956,0.23558503,0.27552047,0.14950953,0.0,0.0,0.07412459,0.0,0.0,0.0,1.3188171,1.609517,0.0,1.2708625,0.1527274,0.70442146,0.0,0.0,0.2593497,0.9039345,0.03200418,0.0,0.44356614,0.10647321,0.0,0.0,0.0,1.4270927,0.0,0.0,0.0,0.0,0.0,0.0,0.93923825,0.0,0.0,0
1.4351913,0.0,0.0,0.115692355,0.52994466,0.0,0.982119,0.32921198,0.0,0.0,0.0,0.48837772,0.7815711,0.0,0.08058894,0.7287395,0.21168526,0.12727779,1.1706269,0.0,0.0,0.28682727,0.10813794,0.96196425,1.0484731,0.11261371,0.7734416,0.7234945,0.0,0.79541147,0.4308859,0.059649482,0.96814734,0.40588158,0.0,0.46389735,0.0,0.84727925,0.81747746,0.0,0.0,0.5964763,0.0,0.16143544,0.8022532,0.0,0.5591394,0.0,0.34753054,0.11548151,0.9203645,0.024772715,0.7059271,0.11605446,0.18422876,0.0,0.30951324,0.54500556,0.0,0.0,0.0,0.0,0.0,0.1674508,0.0,0.75168735,0.03431854,0.0,0.0,0.012334222,0.2202361,0.17020364,0.0,0.07158233,0.39633626,0.9832626,0.91898537,0.87251145,0.101673484,0.0,0.2436243,0.0,0.0,1.4493423,0.7614828,1.0024959,0.0,0.0,0.0,0.0,0.055020146,0.31960064,0.30537626,0.30580595,0.06898345,0.0,0.0,0.1408686,0.0,0.01658347,0.0,1.392824,1.5783961,0.0,1.2950132,0.053803142,0.64909226,0.0,0.0,0.2644817,0.9082797,0.08599905,0.0,0.38581115,0.20302467,0.0,0.0,0.0,1.312266,0.0,0.0,0.0,0.0,0.0,0.0,1.0369822,0.017342536,0.0,0
1.1525575,0.0,0.0,0.07566979,0.4010921,0.048882537,0.20222497,0.45731094,0.09196295,0.0,0.0,0.5099739,1.5193642,0.100701615,0.0,0.88219696,0.57630205,0.0,0.98868954,0.16802089,0.53505856,0.41722995,0.4533443,0.41942847,0.77646756,0.0,0.6045996,0.5085123,0.0,0.7944824,0.5730796,0.0,0.31151053,0.64965457,0.0,0.56602913,0.0,0.71454865,0.29746005,0.6362454,0.17227642,0.4739127,0.0,0.32316625,0.5594022,0.0,0.77437246,0.0,0.2541216,0.0,0.30856618,0.0,0.88839895,0.02753086,0.15020765,0.35573334,0.44485903,0.5113862,0.0,0.68755484,0.0,0.19994955,0.0,0.0,0.0,0.19033048,0.0,0.5176952,0.0,0.13094449,0.41208062,0.0,0.23907933,0.39945918,0.54343367,0.5732837,1.0492098,0.67027634,0.053055286,0.0,0.100226894,0.0,0.65902185,0.7607981,0.91003656,0.8567999,0.0,0.0,0.0,0.0,0.008369792,0.43819532,0.15757637,0.0030071228,0.066277005,0.0,0.0,0.23253995,0.0,0.0,0.008048048,0.68492544,1.2940586,0.0,1.2048814,0.25179234,0.6078865,0.14201546,0.0,0.33478293,1.124432,0.08340229,0.0,0.49478155,0.53422374,0.0,0.0,0.0,0.9750157,0.0,0.0,0.021347113,0.0,0.0,0.0,1.3259816,0.20369393,0.0,1
