0,1,2,3,4,5,6,7,8,9,10,11,12,13,14,15,16,17,18,19,20,21,22,23,24,25,26,27,28,29,30,31,32,33,34,35,36,37,38,39,40,41,42,43,44,45,46,47,48,49,50,51,52,53,54,55,56,57,58,59,60,61,62,63,64,65,66,67,68,69,70,71,72,73,74,75,76,77,78,79,80,81,82,83,84,85,86,87,88,89,90,91,92,93,94,95,96,97,98,99,100,101,102,103,104,105,106,107,108,109,110,111,112,113,114,115,116,117,118,119,120,121,122,123,124,125,126,127,128,129,130,131,132,133,134,135,136,137,138,139,140,141,142,143,144,145,146,147,148,149,150,151,152,153,154,155,156,157,158,159,160,161,162,163,164,165,166,167,168,169,170,171,172,173,174,175,176,177,178,179,180,181,182,183,184,185,186,187,188,189,190,191,192,193,194,195,196,197,198,199,200,201,202,203,204,205,206,207,208,209,210,211,212,213,214,215,216,217,218,219,220,221,222,223,224,225,226,227,228,229,230,231,232,233,234,235,236,237,238,239,240,241,242,243,244,245,246,247,248,249,250,251,252,253,254,255,label
0.0,0.0,0.555796,0.15855487,0.26781845,0.0,1.1154784,0.0,0.19172102,0.0,0.0,2.2083843,2.41107,1.6095074,0.0,0.0,0.0,2.2824872,0.0,0.0,0.0,0.0,0.0,2.607507,0.3991694,0.0,0.0,0.0,1.3209951,0.0,0.0,0.75126785,0.0,0.0,0.0,0.0,0.0,0.8124629,1.8216937,0.0,1.4517362,0.0,0.5447411,0.74145365,0.0,0.34867644,0.0,0.0,0.0,1.3924246,0.0,2.9198802,0.0,0.0,0.0,0.0,2.902337,0.0,2.7884173,0.8149234,0.4925198,0.41419047,0.0,2.1498175,0.0,0.0,1.2016474,0.0,0.0,2.002635,0.0,0.4279283,0.0,0.0,0.1890838,0.0,2.096702,1.5746955,0.15190731,0.0,0.0,0.0,0.0,0.8041659,1.7502996,0.0,0.0,0.51317114,0.0,0.0,1.5199633,0.0,0.0,0.0,2.960184,3.202956,0.10590805,0.845327,0.0,1.1236311,0.0,0.0,0.11663981,0.0,0.6735417,0.0,0.0,0.0,0.43552157,0.0,1.299698,0.0,1.4834945,1.236688,1.2925566,3.406781,0.4831479,1.6766566,0.0,0.9876138,0.0,0.0,0.0,0.0,0.0,4.0975113,0.0,0.0,0.5872155,0.0,0.56454176,1.9799985,1.730023,0.0,0.0,0.0,0.0,0.0,0.7405826,0.0,0.0,0.0,2.2119977,0.158248,0.3847044,0.81698596,0.0,0.13322607,1.12549,1.1748911,0.0,0.0,2.011503,0.0,0.29349598,0.0,0.0,0.0,0.0,0.6678506,0.0,0.0,0.0,3.1677907,0.0,0.0,2.8417814,1.1991764,0.25995058,0.0,0.0,2.0148542,3.028838,0.0,0.0,1.1989207,0.9701784,1.3884145,0.0,0.0,1.0099118,0.38278463,0.62889296,1.8455008,0.19964063,0.0,0.26852673,0.0,0.36239442,0.88807356,0.0,0.0,0.28208208,0.0,5.801269,0.0,0.0,0.0,1.6395748,1.3628445,0.13702628,0.53975517,1.4794097,0.0,0.0,0.0,0.0,0.0,0.0,0.0,0.0,0.23497157,0.0,0.791317,5.0595136,0.0,0.0,0.1295751,0.0,0.3019589,0.047725897,0.35477507,0.3672309,0.53752047,1.3814287,0.0,0.0,2.1054478,0.0,0.0,0.0,0.0,0.0,1.1773221,0.0,1.4398667,0.0,0.0,0.0,0.0,1.0408967,0.0,1.4056028,0.0,0.7190773,0.7415649,1.4527721,0.0,1.7257719,1.7652552,1.9825829,0.0,0.0,0.8007622,0.186692,0.0,1
0.0,0.0,1.4516376,0.77174944,2.2088668,0.0,0.0,0.0,0.6211298,0.0,0.0,1.0994328,0.62238306,0.1001639,0.0,0.0,0.0,0.7994944,0.0,0.0,0.0,0.0,0.0,1.7853554,0.07735455,0.0,0.042360954,0.0,0.039636757,0.0,0.0,0.10295718,0.0,0.4392426,0.0,0.0,0.0,0.0,0.46386337,0.0,1.2161504,0.0,0.22426851,0.5808666,0.0,2.0190573,0.0,0.0,0.0,0.9735135,0.0,0.4137818,0.0,0.0,0.0,0.0,0.8829015,0.0,0.34613296,1.4323889,0.7632682,0.0,0.0,0.45805317,0.0,0.0,0.32634985,0.0,1.4842092,0.5449453,0.0,1.2421035,0.0,0.0,0.24353124,0.0,1.4785554,0.20374359,0.6064931,0.0,0.0,0.0,0.0,0.0,0.0,0.0,0.0,1.5518519,0.0,0.0,0.0,0.0,0.0,0.0,1.4755753,0.5928485,0.0,1.6926558,0.2772743,0.37017015,0.0,0.0,1.4256061,0.0,1.432669,0.0,0.0,0.0,0.67899793,1.0927647,0.29928878,0.0,0.24161184,1.6385629,0.0,0.5669431,2.0636775,1.0759937,1.2895436,1.3172265,0.0,0.0,0.0,0.0,0.0,1.2837453,0.0,0.0,0.0,0.0,0.2756839,0.93517166,0.537371,0.0,0.8590765,0.0,0.0,0.0,0.0,0.0,0.0,0.0,1.1958178,0.8409249,0.30348092,0.91421455,0.0,0.07664073,2.0837104,0.33157262,0.0,0.0,0.83977294,0.16137746,1.3887032,0.0,0.0,0.0,0.0,0.0,0.0,0.0,0.0,0.84373736,1.2118148,0.0,0.0,0.14769365,1.4418752,0.0,0.0,0.5631377,0.7823153,0.0,0.0,0.08865553,1.3437163,0.8479426,0.0,0.0,0.32835484,1.3010901,0.10002223,0.540962,0.0,0.0,0.0,0.0,1.5327199,0.047817472,0.0,0.0,0.5642765,0.0,3.7761896,0.0,0.0,0.20217524,0.630707,0.5950937,1.0531368,2.216136,0.51466984,0.0,0.0,0.0,0.8267861,0.0,0.0,0.0,1.5196383,0.4917512,0.0,0.13528566,0.5498362,0.0,0.0,0.9535539,0.0,1.5069352,0.88199073,0.5348284,0.6883266,2.134514,0.9526217,0.0,0.0,2.19737,0.0,0.0,0.0,0.0,0.0,0.7151062,0.0,0.9015669,0.0,2.4908342,0.0,0.0,0.09399282,0.0,0.3869112,0.0,1.2393289,1.7696441,0.8701571,0.0,0.4824357,0.0,0.25382024,1.12871,0.0,2.1404853,0.4020823,0.0,0
0.0,0.0,1.5718772,1.4236741,2.8656533,0.7059305,0.0,0.0,0.0,0.0,0.0,0.84413815,0.0,0.2840794,0.0,0.0,0.0,1.1275901,0.0,0.0,0.0,0.0,0.0,2.1744833,0.40142068,0.0,0.0,0.0,0.34002942,0.0,0.0,0.057040807,0.0,0.0,0.0,0.0,0.1446942,0.2890579,0.028832696,0.0,1.3421788,0.0,0.46009448,0.43423852,0.0,3.3794904,0.0,0.0,0.0,0.54401743,0.0,0.85649776,0.0,0.0,0.0,0.0,0.37466446,0.0,0.025497925,1.1957718,1.2512466,0.0,0.0,0.0,0.0,0.0,0.3217687,0.0,0.7465143,0.0,0.0,1.7936494,0.0,0.0,2.1738408,0.0,0.9521438,0.0,0.5443479,0.0,0.0,0.0,0.0,0.0,0.19330466,0.0,0.0,1.1741046,0.0,0.0,0.4241131,0.0,0.0,0.0,2.038892,0.25333077,0.15679862,1.9660773,0.0,0.1966873,0.28485063,0.0,0.7889401,0.0,1.9546843,0.0,0.0,0.0,0.3889423,1.4988441,0.15454449,0.0,0.07227728,1.4294883,0.0,0.26605085,1.2426792,1.3626944,0.55314225,1.9060688,0.0,0.0,0.0,0.031472236,0.0,0.0,0.0,0.0,0.0,0.0,0.46826133,1.0135963,0.25063926,0.0,0.60012937,0.0,0.0,0.0,0.18701641,0.0,0.0,0.0,0.8546531,1.0001382,0.15876192,0.25541165,0.0,1.3711033,1.8293082,0.435301,0.0,0.0,0.6595948,0.76780754,0.6605361,0.0,0.0,0.0,0.0,0.10897004,0.0,0.0,0.0,1.1865027,1.972777,0.0,0.37328264,0.11203049,1.6130089,0.0,0.0,0.0,0.9559256,0.0,0.0,0.88971084,2.5115442,0.18935904,0.0,0.0,0.19952308,2.4534564,0.3827266,0.2328292,0.0,0.0,0.0,0.0,2.3205457,0.7023276,0.0,0.0,0.86736494,0.0,4.188466,0.0,0.0,0.41816792,0.5378349,0.09297503,0.82878673,2.4785576,0.27003473,0.0,0.0,0.0,1.9349167,0.0,0.0,0.0,1.2251053,1.1732438,0.0,0.47090915,0.024020389,0.0,0.0,1.3215122,0.0,0.3365261,2.4747014,1.5611457,0.0,3.1064935,2.1339061,0.0,0.0,1.8600087,0.0,1.1933584,0.0,0.0,0.0,0.2988956,0.0,1.4226642,0.0,2.2354784,0.0,0.0,0.30550414,0.0,0.0,0.089837454,1.7372808,1.5532228,1.0373083,0.0,0.31756467,0.0,0.71766454,2.1723354,0.0,2.2896287,0.6830419,0.0,0
0.0,0.0,1.3182932,0.8503217,2.153053,0.0,0.0,0.0,0.48201993,0.0,0.0,0.4787835,0.0,0.22801512,0.65262413,0.0,0.0,0.9353361,0.0,0.0,0.0,0.0,0.0,1.8631548,0.27704972,0.0,0.028702788,0.0,0.0,0.0,0.0,0.310813,0.0,0.0,0.0,0.0,0.0,0.0,0.818647,0.0,1.2913871,0.0,0.15129401,0.53115994,0.0,2.6120808,0.0,0.0,0.0,0.8230529,0.0,0.50207084,0.0,0.0,0.0,0.0,0.68807364,0.0,0.22478254,1.8428922,0.65125895,0.0,0.0,0.55053806,0.0,0.0,0.0,0.0,1.338711,0.0,0.0,1.2465599,0.0,0.0,0.5430407,0.0102639515,1.3064957,0.24274763,0.9192724,0.0,0.0,0.0,0.0,0.0,0.040399555,0.0,0.0,1.5830969,0.0,0.0,0.0526609,0.0,0.0,0.0,1.7037323,0.29430002,0.0,1.4209768,0.013995061,0.29211313,0.0,0.0,1.6595933,0.0,1.9361469,0.0,0.0,0.0,0.36278585,1.2998885,0.33565176,0.0,0.0,1.3009771,0.0,0.10720974,2.4556925,0.7221145,1.4094735,2.1366966,0.0,0.0,0.0,0.0,0.0,0.7257866,0.0,0.0,0.0,0.0,0.0813042,0.7869809,0.4983723,0.0,0.8791949,0.0,0.0,0.0,0.0,0.0,0.0,0.0,1.4347476,0.78627974,0.24312457,0.67728907,0.0,1.0756145,1.749271,0.48714393,0.0,0.0,0.56334496,1.1383573,1.3417835,0.0,0.0,0.0,0.0,0.0,0.0,0.0,0.0,0.97733986,1.2790694,0.0,0.2429287,0.2933587,1.3869234,0.0,0.0,0.10156399,0.85929507,0.0,0.0,0.0,1.6165677,0.84254897,0.0,0.0,0.27253532,1.5259879,0.2682207,0.36177498,0.08353572,0.0,0.0,0.0,1.643304,0.0,0.0,0.0,0.6543574,0.0,3.9429977,0.0,0.0,0.38000554,1.2563016,0.11405272,1.1430897,2.6511545,0.11459139,0.0,0.0,0.0,1.3564991,0.0,0.0,0.0,1.4287487,0.5453649,0.0,0.30216894,0.23714754,0.0,0.0,0.74966735,0.0,1.1061137,0.8665162,1.0917765,0.3443514,2.0957732,1.126226,0.0,0.0,1.9709474,0.0,0.41188598,0.0,0.0,0.0,0.0,0.0,1.2561274,0.0,1.9693425,0.0,0.0,0.32455152,0.0,0.24154226,0.0,1.3107291,1.7069336,0.57791555,0.0,0.8403916,0.0,0.49754685,1.1807191,0.0,2.2824984,0.4829066,0.0,0
0.0,0.0,1.2453685,1.5549418,2.626684,0.0,0.0,0.0,0.36839613,0.0,0.0,0.68068516,0.29270977,0.42088795,0.58369005,0.0,0.0,1.2458191,0.0,0.0,0.0,0.0,0.0,1.840521,0.0,0.0,0.0,0.0,0.2176289,0.0,0.0,0.0,0.0,0.8432386,0.0,0.0,0.0,0.0,0.0,0.0,1.4518871,0.0,0.0,0.7201568,0.0,2.20343,0.0,0.0,0.1576384,0.31925127,0.0,0.023951275,0.0,0.0,0.0,0.0,0.52954316,0.0,0.10138879,0.8483054,0.5583104,0.0,0.0,0.0,0.0,0.0,0.47692847,0.0,1.8396623,0.0,0.0,0.099166214,0.0,0.0,1.7012087,0.10923055,0.9135483,0.41600156,1.1477735,0.0,0.0,0.0,0.0,0.0,0.2791506,0.0,0.0,1.4373702,0.0,0.0,0.19872926,0.0,0.0,0.0,1.6542057,0.64726585,0.0,1.6527894,0.0,0.18499412,0.0,0.0,1.1854374,0.0,2.2218237,0.0,0.0,0.0,1.2279254,1.3785257,0.5537175,0.0,0.0,0.8598003,0.0,0.0,2.2834184,0.80844426,1.6983169,1.387878,0.0,0.0,0.0,0.0,0.0,0.0,0.054123186,0.0,0.0,0.0,0.0,0.84677905,0.11528944,0.0,1.0409062,0.0,0.0,0.0,0.43826434,0.0,0.0,0.0,1.1493614,0.84355074,0.32294104,0.64436066,0.0,0.16954775,1.7892373,0.27336553,0.097686954,0.0,1.0097126,0.37058222,1.8281045,0.0,0.0,0.0,0.0,0.0,0.0,0.0,0.0,0.7390751,1.2609313,0.0,0.0,0.3094101,1.9716092,0.0,0.0,0.7111753,0.473131,0.0,0.0,0.13153416,1.9831057,0.043677226,0.0,0.0,0.0031602485,1.9009681,0.55663025,0.504204,0.6113199,0.0,0.13968326,0.0,1.8849834,0.0,0.0,0.14835672,0.46503392,0.0,3.2646577,0.0,0.0,0.350052,0.9625991,0.0,1.8167186,2.8132286,0.21992725,0.0,0.0,0.0,1.008448,0.0,0.0,0.0,1.3441123,0.9539894,0.0,0.3766865,0.0,0.0,0.0,0.26459545,0.0,1.7300558,1.0245712,0.820695,1.2092602,2.0108712,0.90354854,0.0,0.0,1.6548603,0.0,0.4605846,0.0,0.0,0.0,0.549528,0.0,1.3758398,0.47590843,2.555441,0.0,0.0,0.34188533,0.0,0.0,0.0,0.8516422,2.4593449,0.66261727,0.0,0.47941327,0.0,0.0,1.2706444,0.0,1.7655184,0.39155993,0.0,0
0.0,0.0,1.5735166,0.0,0.1957275,0.0,1.8409431,0.0,0.52387494,0.0,0.0,2.1232986,2.3396633,1.8958665,0.0,0.0,0.0,2.4584062,0.0,0.0,0.0,0.0,0.0,1.7548923,0.51528114,0.0,0.0,0.0,1.8981956,0.0,0.0,0.74290323,0.0,0.0,0.0,0.0,0.0,0.73920095,1.5021031,0.0,1.5083487,0.0,0.86600053,1.5694729,0.0,0.27443624,0.0,0.0,0.0,1.5118477,0.0,2.6195369,0.0,0.0,0.0,0.0,2.7382555,0.0,2.5712686,0.42397496,0.0,0.0,0.0,2.520495,0.0,0.0,1.4166522,0.0,0.30337846,1.1182745,0.0,0.3611004,0.0,0.0,0.0,0.0,1.6409979,1.9923632,0.0,0.0,0.0,0.0,0.0,0.06045999,2.207175,0.0,0.0,1.1061865,0.0,0.0,1.9151738,0.0,0.0,0.0,3.3450522,2.7078273,0.0,0.880216,0.0,0.9257831,0.0,0.0,0.07821031,0.0,0.89583415,0.0,0.0,0.0,0.30037135,0.0,1.4823222,0.0,0.9230944,0.0,1.5009995,3.6539457,0.77525055,1.4982129,0.18787774,0.7696222,0.0,0.0,0.0,0.0,0.0,3.8785098,0.0,0.0,0.9268489,0.0,0.0,1.7109685,1.9533591,0.0,0.013193477,0.0,0.0,0.0,0.0,0.0,0.0,0.0,2.0463603,0.0,0.16143075,0.5800887,0.0,0.63858396,0.8674484,0.89050835,0.0,0.0,2.1873796,0.0,0.45074913,0.0,0.0,0.0,0.0,1.3199049,0.0,0.0,0.0,2.6569195,0.0,0.0,2.715563,1.2706661,0.0,0.0,0.0,1.7606466,2.901972,0.0,0.0,0.50022346,0.6840485,1.7894211,0.0,0.0,1.1636145,0.26598626,0.8850392,2.2972965,0.077022284,0.0,0.0,0.0,0.0,0.69514,0.0,0.03557275,0.023779362,0.0,5.7204657,0.0,0.0,0.0,1.6475813,1.6640837,0.0,0.42660588,2.4729772,0.0,0.0,0.0,0.23819956,0.0,0.0,0.0,0.1543117,0.12892772,0.0,0.52827793,4.941389,0.0,0.0,0.10475209,0.0,0.0,0.7017322,0.0,0.56236285,0.4519303,1.1157138,0.0,0.0,1.1033949,0.0,0.56218916,0.0,0.0,0.0,1.1393589,0.0,0.71508604,0.0,0.0,0.0,0.0,1.2689228,0.0,1.420794,0.0,0.46799123,0.7555595,1.8175225,0.0,1.7757006,1.6008388,1.8723725,0.0,0.0,0.1840403,0.0,0.0,1
0.0,0.0,1.4122744,0.59979695,2.1549203,0.2251358,0.0,0.0,0.046021994,0.0,0.0,0.58164597,0.24606203,0.35406289,0.0,0.0,0.0,0.9602705,0.0,0.0,0.0,0.0,0.0,1.527161,0.28643695,0.0,0.061735295,0.026255364,0.7802167,0.0,0.0,0.10268458,0.0,0.0,0.0,0.0,0.0,0.0,0.30302432,0.0,1.2158481,0.0,0.21116374,0.17318764,0.0,2.4078465,0.0,0.0,0.0,0.4217944,0.0,0.5089045,0.0,0.0,0.0,0.0,0.43950114,0.0,0.09520302,1.2707187,0.8863443,0.0,0.0,0.120721474,0.0,0.0,0.3670053,0.0,0.79975265,0.30674273,0.0,1.2954652,0.0,0.0,0.6642344,0.0,1.1007571,0.30673918,0.7682481,0.0,0.0,0.0,0.0,0.0,0.41484672,0.0,0.0,1.2097132,0.0,0.0,0.30385834,0.0,0.0,0.0,1.6310174,0.1756594,0.0,1.1276134,0.0,0.19170626,0.0,0.0,1.3946155,0.0,1.1497507,0.0,0.0,0.0,0.17113216,1.2221031,0.0,0.0,0.27567613,1.0273561,0.25499988,0.40168926,1.7682766,0.5614668,0.47301316,1.4291966,0.0,0.0,0.0,0.0,0.0,0.6433558,0.0,0.0,0.40104735,0.0,0.16005602,1.0420992,0.48716727,0.0,0.4472558,0.0,0.0,0.0,0.0,0.0,0.0,0.0,0.5744718,0.5294323,0.0,0.12956013,0.0,0.6889842,1.4951024,0.43728,0.0,0.0,0.92187834,0.41458884,0.75655884,0.0,0.0,0.0,0.0,0.0,0.0,0.0,0.0,0.58941406,1.0155084,0.0,0.19443487,0.24210249,1.4917874,0.0,0.0,0.31786838,0.83207285,0.0,0.0,0.37957063,1.420134,0.29948738,0.0,0.0,0.15499015,1.3378683,0.38552138,0.025869861,0.0,0.0,0.0,0.0,1.4126264,0.64012194,0.0,0.0,0.8136509,0.0,3.500449,0.0,0.0,0.32769024,0.7113223,0.42929778,1.0991913,1.9087291,0.08348106,0.0,0.0,0.0,1.4104698,0.0,0.0,0.0,0.95896214,0.9363925,0.0,0.4329215,0.30288464,0.0,0.0,0.9346271,0.0,0.7592934,1.4133037,1.0675458,0.0651419,2.0288,1.2978216,0.0,0.0,1.3048216,0.0,0.6388652,0.0,0.0,0.0,0.44003657,0.0,0.8114286,0.0,1.7687607,0.0,0.0,0.50367373,0.0,0.0,0.0,1.4005594,1.5227051,0.41264948,0.0,0.3420492,0.09267541,0.38839078,1.3979043,0.0,2.3086262,0.42360494,0.0,0
0.0,0.0,1.1529828,1.2348994,3.0405467,0.0,0.0,0.0,0.7551035,0.04841601,0.0,0.8336667,0.25858462,0.17474556,0.17393695,0.0,0.0,1.0369685,0.0,0.0,0.0,0.0,0.0,2.1813045,0.23271015,0.0,0.7409091,0.0,0.70473236,0.0,0.0,0.24186414,0.0,1.265851,0.0,0.0,0.0,0.15288661,0.858726,0.0,1.369874,0.0,0.118596554,0.0,0.0,2.612978,0.0,0.0,0.0,0.5117881,0.0,1.1136978,0.0,0.0,0.0,0.0,1.037404,0.0,0.4026569,2.037465,1.4041007,0.0,0.0,0.29161525,0.0,0.0,0.14239177,0.0,1.398307,0.0,0.0,0.0,0.0,0.0,1.4825829,0.0,1.3462638,0.20626357,0.9661309,0.0,0.0,0.0,0.0,0.056102928,0.33791,0.0,0.0,2.1158261,0.0,0.0,0.17614709,0.0,0.0,0.0,1.9345782,0.25761402,0.0,1.4405227,0.0,0.082261816,0.0,0.0,1.023059,0.0,1.9353693,0.0,0.0,0.0,0.5993745,1.2365038,0.27350557,0.0,0.0,1.0074476,0.0,0.26991287,1.7012254,0.91244096,1.4368403,1.6903987,0.0,0.0,0.0,0.022481352,0.0,0.6907566,0.0,0.0,0.02219474,0.0,0.712826,0.67840344,0.3597074,0.0,0.46025416,0.0,0.0,0.0,0.21130985,0.0,0.0,0.0,0.9941152,1.1145755,0.35140035,0.08244307,0.0,1.4976695,1.885155,0.59768146,0.0,0.0,0.78305954,0.36937648,0.5982277,0.0,0.0,0.0,0.0,0.0259112,0.0,0.0,0.0,0.7744163,1.4745625,0.0,0.43844453,0.44484067,1.5817049,0.0,0.0,0.42267752,0.87270975,0.0,0.0,0.22224563,1.9316924,0.72415435,0.0,0.0,0.2433423,1.0873998,0.19389817,0.3444801,0.0,0.0,0.0,0.0,1.7989415,0.034925137,0.0,0.0,0.36347622,0.0,4.1893296,0.0,0.0,0.14665397,1.052971,1.050655,1.199093,1.1784503,0.0,0.3220276,0.0,0.0,1.0894319,0.0,0.0,0.0,0.80034846,0.4690398,0.0,0.35829806,0.49649137,0.0,0.0,0.50503147,0.0,0.9322036,1.3226063,0.90773624,0.5244377,2.0640006,1.2597796,0.0,0.0,1.90933,0.0,1.2295876,0.0,0.0,0.0,0.5076521,0.0,1.0573614,0.2453571,1.730686,0.0,0.0,0.0,0.0,0.35381097,0.0,1.2485305,2.0156565,0.7784904,0.0,0.6018858,0.49656114,0.19811599,2.165825,0.0,1.5884806,0.5166461,0.0,0
0.0,0.0,1.4771721,1.2570094,2.1236844,1.2572566,0.11881594,0.0,0.0,0.0,0.0,0.9772278,0.35831356,0.21748987,0.0,0.0,0.0,1.1896198,0.0,0.0,0.0,0.0,0.0,1.7238377,0.10796058,0.0,0.0,0.0,0.89045125,0.0,0.0,0.116642945,0.0,0.0,0.0,0.0,0.07826642,0.12717058,0.31613392,0.0,1.9350333,0.0,0.4331138,0.57751673,0.0,2.4809203,0.0,0.0,0.0,0.66653216,0.0,1.0113564,0.0,0.0,0.0,0.0,0.67398,0.0,0.62187296,0.6213709,0.9497167,0.0,0.0,0.035711624,0.0,0.0,0.6630287,0.0,0.016585506,0.32234827,0.0,1.9852446,0.0,0.0,1.2102449,0.0,1.1360912,0.08929859,0.8432304,0.0,0.0,0.0,0.0,0.0,0.803788,0.0,0.0,1.0261942,0.0,0.0,0.31332043,0.0,0.0,0.0,2.134825,0.5534152,0.36012706,1.2521476,0.0,0.0,0.83811516,0.0,1.3644271,0.0,1.2982805,0.0,0.0,0.0,0.039420065,0.8193365,0.0,0.0,0.3752763,1.2379037,0.2060698,0.62387764,1.1663038,0.9959683,0.012972296,1.216815,0.0,0.0,0.0,0.10290113,0.0,0.39958093,0.0,0.0,0.09302067,0.0,0.28267905,1.5559577,0.7971367,0.0,0.20915544,0.0,0.0,0.0,0.0,0.0,0.0,0.0,0.50105816,0.27303535,0.0,0.054365054,0.0,1.5186604,1.8200625,0.4338774,0.0,0.0,0.9075277,0.9637849,0.119799994,0.0,0.0,0.0,0.0,0.23420773,0.0,0.0,0.0,1.1222587,1.4522232,0.0,0.29417828,0.025174487,0.98044527,0.0,0.0,0.085912496,1.3311658,0.0,0.0,0.71606874,1.6025547,0.6613389,0.0,0.0,0.16808324,1.466958,0.5888261,0.08119169,0.0,0.0,0.0,0.0,1.770204,0.578637,0.0,0.0,0.68044245,0.0,3.4814034,0.0,0.0,0.25623298,0.37526408,0.90495455,0.5739201,1.6973526,0.44291326,0.0,0.0,0.0,1.2410244,0.0,0.0,0.0,0.5321651,0.9273679,0.0,1.0572021,0.7951081,0.0,0.0,1.621353,0.0,0.46730244,2.1429513,1.1789726,0.0,1.9027545,1.3402795,0.0,0.0,1.790794,0.0,1.0363678,0.0,0.0,0.0,0.0,0.0,1.4082528,0.0,0.74675643,0.0,0.0,0.3594696,0.0,0.0,0.06684788,1.1811366,1.4756521,0.54762983,0.0,0.61877215,0.094128035,1.0694549,1.6717178,0.0,2.0341425,0.7715991,0.0,0
0.0,0.0,1.0160627,1.3300685,2.2554183,0.0,0.0,0.0,0.0,0.0,0.0,1.8358272,1.1646826,0.927447,0.0,0.0,0.0,1.818988,0.0,0.0,0.0,0.010569203,0.0,2.5450335,0.0,0.0,0.0,0.15827079,1.0416082,0.0,0.0,0.4295944,0.0,1.7118264,0.0,0.0,0.0,0.0,1.2884656,0.0,1.6975869,0.0,0.0,1.682021,0.0,1.4855126,0.0,0.0,0.0,2.0481284,0.0,0.7453421,0.0,0.0,0.0,0.0,1.3310008,0.0,0.8233923,1.2495044,0.66579413,0.0,0.0,1.0767263,0.0,0.0,0.38334376,0.0,1.5300651,0.0,0.0,0.28053752,0.0,0.0,1.1580213,0.0,1.0615964,1.0133885,1.167421,0.0,0.0,0.0,0.0,0.0,0.0019812624,0.0,0.0,2.0890126,0.0,0.0,0.0,0.0,0.0,0.0,2.2671628,1.6434351,0.0,2.7430391,0.0,0.46229306,0.0,0.0,1.8544756,0.0,1.3034688,0.0,0.0,0.0,1.0133002,2.0173438,0.77688867,0.0,0.50673,0.67146313,0.44622773,0.88264143,2.1656654,1.0362959,1.5464958,1.0498264,0.0,0.0,0.0,0.016861469,0.0,1.4527292,0.0,0.0,0.047405537,0.0,0.0,0.98351485,0.5187532,0.0,1.1895863,0.0,0.0,0.0,0.73019946,0.0,0.0,0.0,1.565087,1.4788926,0.4169572,0.7023687,0.0,0.0,1.7653037,0.0851691,0.27561966,0.0,1.6719168,0.26152766,2.1395795,0.0,0.0,0.0,0.0,0.18982916,0.0,0.0,0.0,1.1326525,2.1198585,0.0,1.0824171,0.31338215,1.5446337,0.0,0.0,1.0886605,1.2346001,0.0,0.0,0.50127536,1.5826056,0.533249,0.0,0.0,0.4525692,1.4857608,0.60896635,1.1352092,0.0,0.0,0.47899735,0.0,2.1023133,0.0,0.0,0.0,0.041381717,0.0,4.1317997,0.0,0.0,0.0,0.69307554,0.54706573,1.8407269,2.2007756,0.74557287,0.11795984,0.0,0.0,0.6925719,0.0,0.0,0.0,1.6753123,0.8704287,0.0,0.2491782,1.2615212,0.0,0.0,0.67164564,0.0,1.980433,0.8462626,1.235063,0.9700814,2.3222268,0.8088378,0.0,0.0,1.9104935,0.0,0.4824996,0.0,0.0,0.0,0.6184911,0.0,1.2008313,0.5028171,2.8844376,0.0,0.0,0.8751551,0.0,0.41784695,0.0,1.5786525,3.0298,1.40025,0.0,0.6905607,0.55012715,0.04397975,1.861021,0.0,1.8468417,0.24608581,0.010082832,0
0.0,0.0,1.6824644,0.639562,1.7657628,0.0,0.0,0.0,0.97754616,0.0,0.0,1.1430011,1.1106526,0.18209061,0.13396905,0.0,0.0,1.2016115,0.0,0.0,0.0,0.0,0.0,2.206081,0.2724753,0.0,0.60325265,0.0,0.3508634,0.0,0.0,0.0,0.0,1.7779948,0.0,0.0,0.0,0.027225954,0.5453498,0.0,1.1941099,0.0,0.056767892,0.989032,0.0,1.1692991,0.0,0.0,0.0,0.70307744,0.0,1.0765433,0.0,0.0,0.0,0.0,1.5051649,0.0,0.29397488,1.9353477,1.5269892,0.24807204,0.015289296,0.8763005,0.0,0.0,0.24746504,0.0,1.344292,0.0,0.0,0.0,0.0,0.0,0.6938593,0.0,0.8611284,0.44691262,0.92089945,0.0,0.0,0.0,0.0,0.0,0.10146839,0.0,0.0,1.4763972,0.0,0.0,0.0020604027,0.0,0.0,0.0,1.7266771,0.93537664,0.0,1.9335443,0.667043,0.2635214,0.0,0.0,1.4459891,0.0,1.7771165,0.0,0.0,0.0,0.59948695,0.91195905,0.10064666,0.0,0.0,0.7381998,0.0,0.85915667,1.6997123,0.8337462,1.2860737,1.3667622,0.0,0.0,0.0,0.0,0.0,1.5795441,0.0,0.0,0.21200466,0.0,0.5311559,1.2043537,0.81118673,0.0,0.5770415,0.0,0.0,0.0,0.26548746,0.0,0.0,0.0,0.92443496,0.64189905,0.62664044,0.4859574,0.0,0.99801964,1.7376562,0.2363848,0.0,0.0,1.0039309,0.0,0.6638755,0.0,0.0,0.0,0.0,0.094351046,0.0,0.0,0.0,0.72175395,0.9313843,0.0,0.22911681,0.45185685,1.7041997,0.0,0.0,0.4567206,0.83424795,0.0,0.0,0.021844266,1.2186642,1.3554162,0.0,0.0,0.87608165,0.5027063,0.2427384,0.87003064,0.0,0.0,0.0,0.0,1.4384569,0.0,0.0,0.0,0.5493393,0.0,3.964135,0.0,0.0,0.0,1.5110214,1.1781269,1.2976005,1.3907351,0.29642543,0.0,0.0,0.0,0.6884399,0.0,0.0,0.0,1.2420907,0.40298867,0.010764634,0.9961773,1.0166265,0.0,0.0,0.76628006,0.0,1.3153198,0.4328712,0.70776767,1.3735144,2.520698,1.0455838,0.0,0.0,1.674648,0.0,0.44906014,0.0,0.0,0.0,0.3397202,0.0,0.7736415,0.90926725,1.6160065,0.0,0.0,0.645367,0.0,0.3427338,0.0,1.0583102,2.0381083,1.6115736,0.0,0.18811399,0.3772381,0.023535743,2.0914202,0.0,1.1437668,0.3460021,0.0,0
0.0,0.0,1.5572312,1.6690117,2.3669817,0.8199966,0.0,0.0,0.0,0.0,0.0,0.9002051,0.12699233,0.3967072,0.0,0.0,0.0,1.1058427,0.0,0.0,0.0,0.0,0.0,1.7400863,0.3263846,0.0,0.0,0.0,0.825345,0.0,0.0,0.0,0.0,0.0,0.0,0.0,0.0,0.01095883,0.0,0.0,2.2110682,0.0,0.60570645,0.3621637,0.0,2.8600502,0.0,0.0,0.0,0.6370278,0.0,0.75401014,0.0,0.0,0.0,0.0,0.6172439,0.0,0.10153384,0.99607813,1.1632173,0.0,0.0,0.0,0.0,0.0,0.5098903,0.0,0.39130497,0.0,0.0,2.1497958,0.0,0.0,1.8436997,0.0,1.081875,0.25356427,0.8154918,0.0,0.0,0.0,0.0,0.0,0.33894062,0.0,0.0,1.2870021,0.0,0.0,0.23957515,0.0,0.0,0.0,2.0585222,0.060551453,0.31585965,1.384324,0.0,0.0,0.53711057,0.0,1.3199422,0.0,1.2601033,0.0,0.0,0.0,0.0,1.5360011,0.33061922,0.0,0.24107933,0.9295428,0.0,0.646345,1.32597,1.0111214,0.007841372,1.4536886,0.0,0.0,0.0,0.19395426,0.0,0.0,0.0,0.0,0.2438584,0.047044363,0.31698874,1.2143106,0.5303101,0.0,0.2954472,0.0,0.0,0.0,0.43367437,0.0,0.0,0.0,0.8421158,0.53005177,0.36916345,0.0,0.0,0.8397127,1.8838348,0.055306636,0.0,0.0,0.94400686,0.6295136,0.42855367,0.0,0.0,0.0,0.0,0.16330422,0.0,0.0,0.0,0.6427274,1.6642054,0.0,0.11671524,0.1324253,1.7352533,0.0,0.0,0.12664759,1.5031338,0.0,0.0,0.30193055,2.2802658,0.63040036,0.0,0.0,0.23920237,1.9219464,0.47680056,0.0,0.0,0.0,0.0,0.0,2.0584447,0.3747316,0.0,0.0,0.9551874,0.0,3.502333,0.0,0.0,0.0,0.6794657,0.47267967,0.77479976,1.6976839,0.303566,0.0,0.0,0.0,1.7533134,0.0,0.0,0.0,1.1024059,0.9446213,0.0,0.8180067,0.16073117,0.0,0.0,1.574964,0.0,0.24756049,2.2632694,1.774008,0.0,2.621097,2.0129642,0.0,0.0,1.7130054,0.0,1.137154,0.0,0.0,0.0,0.0,0.0,0.9114792,0.21399263,1.9242975,0.0,0.0,0.33485752,0.0,0.0,0.105509184,1.8850547,1.6424973,0.55429775,0.0,0.13785246,0.14064841,0.4651079,2.315888,0.0,2.1954699,0.50018203,0.0,0
0.0,0.0,1.4304785,0.691158,2.6515367,0.0,0.0,0.0,0.7334059,0.0,0.0,0.571998,0.5125412,0.0,0.31848988,0.0,0.0,0.89639276,0.0,0.0,0.0,0.0,0.0,1.3885189,0.30745226,0.0,0.33157524,0.0,0.22986197,0.0,0.0,0.07447239,0.0,0.5516333,0.0,0.0,0.0,0.0,0.3937762,0.0,1.0734326,0.0,0.0,0.32155553,0.0,2.2277048,0.0,0.0,0.0,0.6629834,0.0,0.6572068,0.0,0.0,0.0,0.0,1.0359514,0.0,0.1621344,1.4862617,1.1632324,0.0,0.0,0.1923534,0.0,0.0,0.25150397,0.0,1.1687069,0.07169384,0.0,1.1111515,0.09088826,0.0,0.57296413,0.0,0.6702812,0.2770836,0.90959543,0.0,0.0,0.0,0.0,0.0,0.0,0.0,0.0,1.5325044,0.0,0.0,0.23693725,0.0,0.0,0.0,1.4088635,0.29407078,0.0,1.4352853,0.13785982,0.07146706,0.0,0.0,1.458014,0.0,2.0214176,0.0,0.0,0.0,0.23175836,0.29941076,0.082003385,0.0,0.0,1.0325845,0.027263043,0.48556116,2.289075,0.73699176,1.1496054,1.4538817,0.0,0.0,0.0,0.0,0.0,1.1204662,0.0,0.0,0.0,0.0,0.15165742,0.7094129,0.77054495,0.0,0.59167767,0.0,0.0,0.0,0.0,0.0,0.0,0.0,1.0912097,0.88792056,0.14348759,0.13908495,0.0,1.1932867,1.6337304,0.19974439,0.0,0.0,0.5639833,0.62539685,0.6719328,0.0,0.0,0.0,0.0,0.045745123,0.0,0.0,0.0,0.96090984,1.5321931,0.0,0.07205361,0.5023522,1.8311788,0.0,0.0,0.38929707,0.9275578,0.0,0.0,0.26841113,1.4980487,0.58445793,0.0,0.0,0.0,1.2698954,0.0,0.14517163,0.0,0.0,0.0,0.0,1.5465904,0.0,0.0,0.04035091,0.35387635,0.0,3.6479294,0.0,0.0,0.27511835,1.1577091,0.68982077,1.3280171,1.899365,0.28546616,0.0,0.0,0.0,1.5167308,0.0,0.0,0.0,1.0870342,0.64193565,0.0,0.46767566,0.5890927,0.0,0.0,0.7516702,0.0,1.0679609,1.0899426,0.56961346,0.43080565,2.177475,0.88239515,0.0,0.0,1.7928891,0.0,0.5205322,0.0,0.0,0.0,0.28026116,0.0,0.80154556,0.0,1.7303038,0.0,0.0,0.0,0.0,0.186865,0.0,1.1190709,1.8395405,1.0533476,0.0,0.32170093,0.0,0.5965398,1.738761,0.0,1.6567848,0.39011696,0.0,0
0.0,0.0,2.51352,0.995689,2.8302567,2.3946874,0.15267818,0.0,0.0,0.0,0.0,0.6982324,0.57110894,0.45596662,0.0,0.0,0.0,1.6805718,0.0,0.0,0.023577513,0.0,0.0,1.9099525,0.025353309,0.0,0.0,0.0,1.2333988,0.0,0.0,0.11200481,0.0,0.0,0.0,0.0,0.66136396,0.20005146,0.0,0.0,2.1674871,0.0,0.06527943,0.6765574,0.0,3.7169304,0.0,0.0,0.0,0.0,0.0,1.0944109,0.0,0.0,0.0,0.0,1.4920772,0.0,0.30753815,1.0255358,1.1846275,0.0,0.0,0.0,0.0,0.0,0.5103252,0.0,0.0,0.0,0.0,3.1886132,0.0,0.0,1.5419095,0.0,1.3611786,0.4855546,1.2458388,0.0,0.0,0.0,0.0,0.0,0.7104661,0.0,0.0,0.71121854,0.0,0.0,0.72016215,0.0,0.0,0.0,2.4981341,0.25157404,0.75643486,1.2459743,0.0,0.0,0.70672745,0.0,1.3597349,0.0,1.7334932,0.0,0.0,0.0,0.0,0.88849324,0.4296353,0.0,0.4483457,1.3827119,0.51408106,0.8712467,0.8897778,0.8247423,0.0,1.1726227,0.0,0.0,0.0,0.23729768,0.0,0.019854736,0.0,0.0,0.33369642,0.0,0.28135765,1.3990272,0.8557295,0.0,0.24036178,0.0,0.0,0.0,0.32448083,0.0,0.0,0.0,1.0850242,0.6064313,0.0,0.035825685,0.0,1.6527295,2.4147022,0.5566687,0.0,0.0,1.5538613,1.3290392,0.1441092,0.0,0.0,0.0,0.0,0.26367468,0.0,0.0,0.0,1.537676,2.5116022,0.0,0.6572433,0.2881587,1.5739952,0.0,0.0,0.0,1.9007337,0.0,0.0,1.5960504,2.4688134,0.8834776,0.0,0.0,0.0,2.4020603,0.5571085,0.25440148,0.0,0.0,0.0,0.0,2.0250175,0.43818727,0.0,0.0,1.2471168,0.0,3.706457,0.0,0.0,0.10846664,0.37772983,0.79944164,0.6407929,2.0315306,0.8406833,0.0,0.0,0.0,2.1522067,0.0,0.0,0.0,1.0403224,0.965958,0.0,1.4601914,0.7626873,0.0,0.0,1.5403887,0.0,0.0,3.2883036,1.5517553,0.0,2.775527,1.8865355,0.0,0.0,1.7677641,0.0,1.8875545,0.0,0.0,0.0,0.0,0.0,2.295076,0.0,1.3135982,0.0,0.0,0.66108733,0.0,0.05201668,0.0,1.3655213,1.7675513,0.42198068,0.0,0.38665003,0.0,1.320476,2.628682,0.0,2.2215366,0.6586905,0.0,0
0.0,0.0,1.4180527,0.9172175,2.451772,0.0,0.0,0.0,0.69524306,0.0,0.0,1.1025538,0.867246,0.42437688,0.36571026,0.0,0.0,1.2299292,0.0,0.0,0.086193815,0.0,0.0,1.9919176,0.14438006,0.0,0.5939027,0.15399076,0.8744626,0.0,0.0,0.24269977,0.0,0.65256,0.0,0.0,0.0,0.0,0.96532685,0.0,1.1403923,0.0,0.0,0.892621,0.0,2.333539,0.0,0.0,0.0,1.1463497,0.0,0.62146527,0.0,0.0,0.0,0.0,1.5239774,0.0,0.93304133,1.8972015,1.1383864,0.0,0.0,1.2629148,0.0,0.0,0.28709012,0.0,0.721815,0.3283716,0.0,0.582512,0.0,0.0,0.27533343,0.0,1.2349682,0.5048437,0.9719463,0.0,0.0,0.0,0.0,0.0,0.5863411,0.0,0.0,1.8926806,0.0,0.0,0.5831252,0.0,0.0,0.0,1.775162,1.2227465,0.0,1.1384295,0.2935431,0.053356726,0.0,0.0,1.187925,0.0,1.685325,0.0,0.0,0.0,0.6764118,1.0746409,0.40263668,0.0,0.49472937,0.97868997,0.47284362,0.87887526,1.8982863,0.6980212,1.3190414,1.3252501,0.0,0.0,0.0,0.0,0.0,1.8581287,0.0,0.0,0.21271718,0.05100976,0.0,0.91527945,0.7428568,0.0,0.679968,0.0,0.0,0.0,0.0,0.0,0.0,0.0,1.531514,0.761457,0.42176718,0.4572291,0.0,1.0094177,1.2537891,0.63226104,0.0,0.0,1.5046445,0.49334008,0.91102976,0.0,0.0,0.0,0.0,0.59633225,0.0,0.0,0.0,1.3057156,1.0811461,0.0,1.0803798,0.71170115,1.5314547,0.0,0.0,0.70266956,1.0698851,0.0,0.0,0.39027712,0.8167564,0.6595918,0.0,0.0,0.5569503,0.90774184,0.4502283,0.49142078,0.0,0.0,0.056892727,0.0,1.5210162,0.32440963,0.0,0.0,0.30728894,0.0,4.3040104,0.0,0.0,0.0064616916,1.7385254,0.9384372,1.5272768,1.2654588,0.036891367,0.048080366,0.0,0.0,0.7028207,0.0,0.0,0.0,1.3737496,0.45469734,0.0,0.692787,1.4671375,0.0,0.0,0.34761426,0.0,0.99241596,0.6395555,0.87962186,0.76396227,2.01405,0.8000399,0.0,0.0,1.8105724,0.0,0.8637831,0.0,0.0,0.0,0.85118073,0.0,0.83668864,0.0,1.9712448,0.0,0.0,0.25959772,0.0,0.45369118,0.0,1.0041915,2.732503,1.2103039,0.0,1.0449088,0.31784067,0.063412145,1.3378036,0.0,1.3453469,0.29019004,0.0,0
0.0,0.0,2.0653584,1.28925,1.3757355,0.0,0.0,0.0,0.29700187,0.0,0.0,1.218494,1.0918063,0.07037201,0.0,0.0,0.0,1.796282,0.15073557,0.0,0.0,0.0,0.0,2.6787224,0.0,0.0,0.26555374,0.0,0.0,0.0,0.0,0.0,0.0,0.022567913,0.2226403,0.0,0.0,0.20282507,0.18104985,0.0,1.1315724,0.0,0.0,0.7194157,0.0,1.9075655,0.0,0.0,0.0,0.25805768,0.0,0.7120787,0.0,0.0,0.0,0.0,0.87690395,0.0,0.46590495,2.1155777,0.9611802,0.15116405,0.0,0.0,0.0,0.0,0.0,0.0,1.4140134,0.36759955,0.0,1.2564349,0.0,0.0,0.29566726,0.0,1.4043915,0.16468915,1.1801898,0.0,0.0,0.0,0.37860826,0.0,0.41710347,0.0,0.0,1.3067024,0.0,0.0,0.19472477,0.0,0.0,0.0,2.1674628,0.45959523,0.0,2.5946443,0.33997333,0.27162117,0.0,0.0,1.396781,0.0,1.3996466,0.0,0.0,0.0,1.0145816,1.2914246,0.13585234,0.0,0.8145774,1.3119036,0.3416759,1.4074558,1.8789977,1.014478,1.1884874,1.7393461,0.0,0.0,0.0,0.0,0.0,0.9245098,0.0,0.0,0.09350329,0.0,0.23158042,0.8916022,0.7618891,0.0,0.8090152,0.0,0.0,0.0,0.281269,0.0,0.0,0.0,1.5746465,0.88576645,0.26000974,1.4932125,0.0,0.0,2.1696477,0.16602801,0.0,0.0,0.7931041,0.0,1.9213041,0.0,0.0,0.0,0.0,0.0,0.0,0.0,0.0,0.86199355,0.74632835,0.0,0.006067497,0.5483261,1.8004535,0.0,0.0,0.90146685,1.1606507,0.0,0.0,1.2315243,2.443663,0.1390365,0.0,0.0,0.37172693,1.8852148,0.15548626,0.74367344,0.5870073,0.0,0.0,0.0,1.6859883,0.55291545,0.0,0.0,0.70510083,0.0,4.5711246,0.0,0.0,0.37539393,0.09634782,0.0,0.49615493,2.6544843,0.643599,0.0,0.0,0.0,1.3894273,0.0,0.0,0.0,1.0194327,0.9626614,0.0,0.56462294,0.7259614,0.0,0.0,1.4025425,0.0,1.764313,0.94212073,0.5896983,0.98336345,1.927519,1.4321645,0.0,0.0,2.3935423,0.0,0.24000584,0.0,0.0,0.0053129173,0.7084417,0.0,1.5740889,0.0,2.1017485,0.0,0.0,0.5434141,0.0,0.4034389,0.0,1.4367459,2.110005,0.89088804,0.0,0.1354813,0.0,0.110060915,1.4221256,0.0,1.7933931,1.0775487,0.0,0
0.0,0.0,1.5273854,0.80561274,2.2716808,0.0,0.0,0.0,0.30085745,0.0,0.0,0.65865827,0.22626905,0.17379817,0.37146428,0.0,0.0,1.0153586,0.0,0.0,0.077144295,0.0,0.0,1.7308002,0.16770253,0.0,0.0020862455,0.0,0.1837798,0.0,0.0,0.0,0.0,0.0,0.0,0.0,0.0,0.0,0.06380936,0.0,1.2363925,0.0,0.030151736,0.45190528,0.0,2.3591332,0.0,0.0,0.0,0.2524955,0.0,0.2937091,0.0,0.0,0.0,0.0,0.30991858,0.0,0.0,2.0091457,1.1094611,0.0,0.0,0.28554887,0.0,0.0,0.0,0.0,1.5148754,0.22439344,0.0,1.3983426,0.0,0.0,1.1026813,0.0,1.2200768,0.4336116,0.64877963,0.0,0.0,0.0,0.0,0.0,0.27591872,0.0,0.0,0.89172703,0.0,0.0,0.39255387,0.0,0.0,0.0,2.1078777,0.07362567,0.0,1.8282228,0.0,0.19554064,0.0,0.0,1.2651825,0.0,1.2051673,0.0,0.0,0.0,0.61774117,1.5370216,0.0653789,0.0,0.20408498,1.167126,0.16619447,0.20972566,1.8548248,0.4534362,1.1727477,1.9967005,0.0,0.0,0.0,0.0,0.0,0.52794987,0.0,0.0,0.62639946,0.0,0.0,1.0013537,0.23064248,0.0,0.5452745,0.0,0.0,0.0,0.0,0.0,0.0,0.0,0.7751366,0.89293605,0.1314707,0.5471783,0.0,0.82016605,2.0290048,0.5546704,0.0,0.0,0.8061108,0.34328532,0.95769143,0.0,0.0,0.0,0.0,0.0,0.0,0.0,0.0,0.9172162,0.8950077,0.0,0.0,0.00809479,1.2085296,0.0,0.0,0.29995152,0.93474925,0.0,0.0,0.33448815,1.7530068,0.0,0.0,0.0,0.6001792,1.5483904,0.11502679,0.1287038,0.0,0.0,0.0,0.0,1.6293031,0.5928478,0.0,0.0,0.65969694,0.0,3.4210827,0.0,0.0,0.62629986,0.97140574,0.35924187,0.6663605,2.3356256,0.027994512,0.0,0.0,0.0,1.7499003,0.0,0.0,0.0,1.5590103,0.7816504,0.0,0.259999,0.1237828,0.0,0.0,1.3479254,0.0,1.225957,1.0141189,0.6816397,0.5580373,1.9018039,1.2667925,0.0,0.0,1.3547738,0.0,0.38415787,0.0,0.0,0.0,0.570744,0.0,1.065646,0.0,2.0495093,0.0,0.0,0.10937797,0.0,0.07078582,0.0,1.2808253,2.0266085,0.7247666,0.0,0.45050937,0.061285548,0.0,1.4601105,0.0,2.1291275,0.87046224,0.0,0
0.0,0.0,1.9419276,1.2256751,2.383227,1.4286567,0.06426434,0.0,0.059261244,0.0,0.0,0.550751,0.0,0.5888898,0.0,0.0,0.0,1.0106542,0.0,0.0,0.34959915,0.0,0.0,1.4832221,0.17654166,0.0,0.0,0.0,0.6281143,0.0,0.0,0.20545717,0.0,0.0,0.0,0.0,0.546444,0.08056825,0.0,0.0,1.9503564,0.0,0.25472006,0.46370396,0.0,2.9182444,0.0,0.0,0.0,0.15177172,0.0,0.556984,0.0,0.0,0.0,0.0,0.847243,0.0,0.27539617,1.159204,0.7496035,0.0,0.0,0.0,0.0,0.0,0.73123133,0.0,0.0,0.31432417,0.0,2.7699842,0.0,0.0,1.5942092,0.0,1.4076388,0.10114674,1.062707,0.0,0.0,0.0,0.0,0.0,0.3848253,0.0,0.0,1.085148,0.0,0.0,0.6139096,0.0,0.0,0.0,2.020801,0.14606433,0.68107074,1.0315907,0.0,0.0,0.7075783,0.014557472,1.7434592,0.0,1.5429317,0.0,0.0,0.0,0.0,1.3277874,0.5019289,0.0,0.48985264,1.1589701,0.37451714,0.25377607,0.65078855,0.728989,0.0,1.1455586,0.0,0.0,0.0,0.09170821,0.0,0.339399,0.0,0.07846975,0.21026444,0.04097206,0.76177824,1.1058939,0.61584574,0.0,0.37509283,0.0,0.0,0.0,0.090449445,0.0,0.0,0.0,0.8526534,0.6669709,0.0,0.0,0.0,1.2778223,1.6903288,0.34017885,0.0,0.0,1.1133422,1.4202718,0.0,0.0,0.0,0.0,0.0,0.15477698,0.0,0.0,0.0,1.1531184,2.0471873,0.0,0.58238155,0.21534435,1.2011802,0.0,0.0,0.19833806,1.27643,0.0,0.0,1.026874,1.7913952,0.3598809,0.0,0.0,0.26366603,1.9305809,0.37840936,0.0,0.0,0.0,0.0,0.0,1.6306846,0.082046874,0.0,0.0,0.8689583,0.0,3.5838687,0.0,0.0,0.26721236,0.5417706,0.6735057,0.78159696,2.2894087,0.48019356,0.0,0.0,0.0,1.6851281,0.0,0.0,0.0,0.824456,0.616063,0.0,0.8938896,0.65704894,0.0,0.0,1.2670869,0.0,0.35741025,2.422129,1.2652134,0.0,2.5552368,1.8995128,0.0,0.0,1.6768289,0.0,1.4243615,0.0,0.0,0.0,0.052837715,0.0,1.6313338,0.0,1.4126747,0.0,0.0,0.635563,0.0,0.0,0.2757501,1.4008523,1.9116896,0.2596863,0.0,0.44071996,0.0,0.69587874,1.7267399,0.0,2.2434597,0.5921553,0.0,0
0.0,0.0,1.3046889,0.53798014,2.1870067,1.1130234,0.0,0.0,0.0,0.0,0.0,0.6896808,0.22327726,0.6220158,0.0,0.0,0.0,0.8017499,0.0,0.0,0.05728436,0.0,0.0,1.462529,0.19438437,0.0,0.0,0.0,0.9498472,0.0,0.0,0.29885268,0.0,0.0,0.0,0.0,0.124267064,0.2654985,0.4496585,0.0,1.165835,0.0,0.48202023,0.3520638,0.0,2.2739189,0.0,0.0,0.0,0.5634434,0.0,1.0850452,0.0,0.0,0.0,0.0,0.36806494,0.0,0.25525123,0.9394676,0.9998804,0.0,0.0,0.52311563,0.0,0.0,0.32707313,0.0,0.081913374,0.4172957,0.0,1.9379499,0.0,0.0,0.7370675,0.079067536,1.1083395,0.15189648,0.7141093,0.0,0.0,0.0,0.0,0.0,0.49839044,0.0,0.0,1.5197147,0.0,0.0,0.50149035,0.0,0.0,0.0,1.9619797,0.032901812,0.40535972,0.48609254,0.0,0.026196854,0.3278874,0.0,1.5464747,0.0,1.3198794,0.0,0.0,0.0,0.0,0.75136733,0.24200691,0.0,0.36549884,1.2486638,0.10508379,0.86305094,0.9938195,0.5574773,0.023828797,1.1235751,0.0,0.0,0.0,0.0,0.0,0.9782073,0.0,0.0,0.29506415,0.1118825,0.31763595,1.6159533,0.98923737,0.0,0.2559664,0.0,0.0,0.0,0.0,0.0,0.0,0.0,0.60180736,0.7177138,0.0,0.13541539,0.0,1.4115951,1.3477741,0.48117527,0.0,0.0,0.5570397,0.7308302,0.0,0.0,0.0,0.0,0.0,0.24153729,0.0,0.0,0.0,0.8753147,1.499662,0.0,0.5420974,0.20673475,1.373555,0.0,0.0,0.2382613,0.8680131,0.0,0.0,0.3986268,1.5356877,0.584339,0.0,0.0,0.2719552,0.955308,0.07299274,0.09484884,0.0,0.0,0.0,0.0,1.2186699,0.25522077,0.0,0.0,0.8395701,0.0,3.4135604,0.0,0.0,0.2811768,0.45943007,1.0466301,0.59502363,1.4870178,0.7816871,0.0,0.0,0.0,1.3504583,0.0,0.0,0.0,0.91172147,0.7214086,0.0,0.72886586,1.2110904,0.0,0.0,1.007539,0.0,0.107941166,2.1258745,1.0393497,0.0,2.1019886,1.6118466,0.0,0.0,1.28787,0.0,1.0202776,0.0,0.0,0.0,0.10395573,0.0,0.93163073,0.0,0.98047477,0.0,0.0,0.56138206,0.0,0.11753045,0.0,1.4107586,1.6513275,0.7177743,0.0,0.20405996,0.2221631,0.7610212,1.6403484,0.0,2.1559515,0.5477922,0.0,0
0.0,0.0,0.92282605,0.022773033,0.6015164,0.0,1.541603,0.0,0.13705313,0.0,0.0,2.22851,2.52237,2.0499141,0.0,0.0,0.0,2.9197326,0.0,0.0,0.0,0.0,0.0,2.2998989,0.594144,0.0,0.0,0.0,2.2253094,0.0,0.0,0.8499337,0.0,0.130329,0.0,0.0,0.0,1.041455,2.1157138,0.0,1.1757239,0.0,1.1760968,1.4949414,0.0,0.10668227,0.0,0.0,0.0,1.6424388,0.0,3.2344248,0.0,0.0,0.0,0.0,3.8950229,0.0,3.3766935,0.63125235,0.056286477,0.14997852,0.0,2.598745,0.0,0.0,1.5974902,0.0,0.0,0.9239747,0.0,0.0,0.0,0.0,0.09271515,0.0,1.7298396,1.6462735,0.0,0.0,0.0,0.0,0.0,0.3382366,2.2273247,0.0,0.0,0.7718065,0.0,0.0,1.9123732,0.0,0.0,0.0,3.8742104,3.2749522,0.36268613,1.0363828,0.0,1.1968527,0.10671405,0.0,0.5650041,0.0,0.6028587,0.0,0.0,0.0,0.123400435,0.0,1.23888,0.0,1.2144343,0.0,1.5022225,4.056079,0.8648417,1.5407457,0.23142996,0.35133955,0.0,0.0,0.0,0.0,0.0,4.0655484,0.0,0.0,1.12749,0.0,0.0,2.2090063,2.2113526,0.0,0.0,0.0,0.0,0.0,0.3370585,0.0,0.0,0.0,2.4091256,0.22187012,0.6675498,0.34242222,0.0,0.0,0.923429,1.1172457,0.0,0.0,2.4264603,0.30441523,0.360419,0.0,0.0,0.0,0.0,1.0148289,0.0,0.0,0.0,2.6647763,0.0,0.0,3.6707008,1.219009,0.32430917,0.0,0.0,1.9129516,3.340693,0.0,0.0,1.1678891,0.4770853,2.687764,0.0,0.0,1.5180925,0.0,1.6912684,2.3345287,0.0023542913,0.0,0.24603806,0.0,0.37080774,1.3782058,0.0,0.22469406,0.37903184,0.0,6.1058474,0.0,0.0,0.0,2.5962834,2.1266096,0.31591383,0.0,1.8976611,0.0,0.022070095,0.0,0.051901665,0.0,0.0,0.0,0.13923492,0.09702989,0.0,0.58166975,4.9520035,0.0,0.0,0.0,0.0,0.056053694,0.62182295,0.37600493,0.68169975,0.9923366,0.8396555,0.0,0.0,1.6413875,0.0,0.68104714,0.0,0.0,0.0,0.9143882,0.0,0.3966433,0.35206807,0.0,0.0,0.0,1.7306901,0.0,1.6194975,0.0,0.5103447,0.58061796,1.9984603,0.0,1.6123995,1.919924,1.736006,0.40093306,0.0,0.0,0.0,0.0,1
0.0,0.0,1.2288094,1.6810182,2.6518166,0.0,0.0,0.0,0.42807922,0.0,0.0,1.1101735,0.45554614,0.12953612,0.33906516,0.0,0.0,1.2140776,0.0,0.0,0.0,0.0,0.0,1.8297675,0.10008204,0.0,0.023620926,0.0,0.29623684,0.0,0.0,0.18188047,0.0,1.0014428,0.0,0.0,0.0,0.081929855,0.60747516,0.0,0.9008113,0.0,0.34679192,0.32357606,0.0,2.1812758,0.0,0.0,0.0,0.87037987,0.0,0.5466905,0.0,0.0,0.0,0.0,0.594668,0.0,0.7314232,1.3048189,1.0951082,0.0,0.0,0.0,0.0,0.0,0.54591864,0.0,1.3274273,0.0,0.0,0.2672618,0.0,0.0,1.895544,0.0,1.1569004,0.0,0.9820932,0.0,0.0,0.0,0.0,0.3960851,0.0,0.0,0.0,2.232131,0.0,0.0,0.13527268,0.0,0.0,0.0,2.034247,0.334332,0.0,1.5203091,0.0,0.41322353,0.0,0.0,1.4321607,0.0,2.0436945,0.0,0.0,0.0,0.6844202,1.515179,0.0,0.0,0.1905483,0.4262978,0.0,0.5689541,2.1118977,1.5003289,1.7793735,1.6932714,0.0,0.0,0.0,0.0,0.0,0.17766048,0.0,0.0,0.12298881,0.0,0.2319499,1.2865663,0.37527892,0.0,0.69414544,0.0,0.0,0.0,0.77899206,0.0,0.0,0.0,1.0778183,0.9475156,0.8941244,0.29630533,0.0,0.014262766,2.0384982,0.4281372,0.18893506,0.0,0.90665996,0.0,1.2013645,0.0,0.0,0.0,0.0,0.30423456,0.0,0.0,0.0,0.5432683,1.430499,0.0,0.50831264,0.0,1.7639867,0.0,0.0,0.71792513,1.1160153,0.0,0.0,0.16650057,1.9658124,0.7576179,0.0,0.0,0.3859713,1.6495479,0.20200112,0.18385866,0.0,0.0,0.0,0.0,1.7742375,0.5946997,0.0,0.0,0.70116055,0.0,4.0651684,0.0,0.0,0.0,0.9640044,0.3217168,0.9713579,1.5137252,0.0,0.0,0.0,0.0,1.1794045,0.0,0.0,0.0,1.1701868,0.78613675,0.0,0.0,0.32476124,0.0,0.0,0.6657201,0.0,1.1676813,0.98317665,1.3817538,0.4689046,2.2229123,1.3327972,0.0,0.0,1.3237326,0.0,0.37916264,0.0,0.0,0.0,0.5356702,0.0,0.43234876,0.64557856,2.7253466,0.0,0.0,0.023973575,0.0,0.21382824,0.0,1.7469922,2.4781668,0.89813775,0.0,0.0,0.6156275,0.0,2.153943,0.0,2.1230578,0.5030449,0.0,0
0.0,0.0,1.1700698,0.007121519,0.23322889,0.0,0.9856068,0.0,0.35356352,0.0,0.0,2.589332,2.7595603,1.0637842,0.0,0.0,0.0,2.744571,0.0,0.0,0.0,0.0,0.0,1.8578473,0.8020962,0.0,0.0,0.0,2.4097342,0.0,0.0,0.58579975,0.0,0.0,0.0,0.0,0.0,0.6670744,2.1492276,0.0,1.7140089,0.0,0.5920646,1.2526648,0.06746263,0.9397797,0.0,0.0,0.0,1.820656,0.0,3.1223283,0.0,0.0,0.0,0.0,3.1684182,0.0,2.846179,0.5779229,1.0307473,0.108951755,0.0,1.4980273,0.0,0.0,1.9279513,0.0,0.0,1.6788094,0.0,0.7043458,0.05333902,0.0,0.15298289,0.0,2.1551824,1.9717559,0.0,0.0,0.0,0.0,0.0,1.1359978,1.7557131,0.0,0.0,0.82464576,0.0,0.0,1.6926459,0.0,0.0,0.0,2.6349444,3.2173579,0.46156603,0.045744933,0.0,0.8039226,0.0,0.0,0.56290495,0.0,0.62150353,0.0,0.0,0.0,0.23482619,0.0,1.4678942,0.0,0.77065724,0.40784997,1.8266264,2.9715211,1.1932927,2.029813,0.27873206,0.7579691,0.0,0.0,0.0,0.0,0.0,3.9385452,0.0,0.0,0.49711084,0.0,0.35979545,2.639323,2.326952,0.0,0.0,0.0,0.0,0.0,1.0152205,0.0,0.0,0.0,2.2441318,0.096579015,0.2969437,0.0,0.0,0.06266096,1.5101943,1.2230555,0.0,0.0,2.1420388,0.31871983,0.2126667,0.0,0.0,0.0,0.0,0.8342265,0.0,0.0,0.0,2.429052,0.0,0.0,2.0929985,1.0482136,0.069793,0.0,0.0,2.1658592,3.6185243,0.0,0.0,1.3143648,0.49840832,2.3628128,0.0,0.0,1.4996172,0.5296078,0.5727219,2.7289712,0.5215211,0.0,0.0,0.0,0.57384884,1.2129538,0.0,0.0,0.6293201,0.0,6.00461,0.0,0.0,0.0,1.866179,1.7341988,0.10270676,0.66113013,1.1664479,0.0,0.0,0.0,0.037779357,0.0,0.0,0.0,0.0,0.0,0.0,0.71341854,4.4209027,0.0,0.0,0.0,0.0,0.5268592,0.67230475,0.49673188,0.0,0.16143116,0.9260773,0.0,0.0,1.698754,0.0,0.0,0.0,0.0,0.0,0.91432285,0.0,0.9923132,0.3830077,0.0,0.0,0.0,1.1199018,0.0,1.8296031,0.0,0.96486837,0.93501294,1.4800127,0.0,1.6439825,1.9961259,2.288602,0.4994618,0.0,0.8691789,0.0,0.0,1
0.0,0.0,1.5627213,1.6224221,2.0076034,0.0,0.0,0.0,0.0,0.0,0.0,1.2272537,1.0275383,0.1406646,0.018693428,0.0,0.0,1.2212098,0.31129417,0.0,0.0,0.0,0.0,2.712872,0.0,0.0,0.65558434,0.0,0.0,0.0,0.0,0.0,0.0,0.0,0.0,0.0,0.0,0.008529289,0.36852208,0.0,1.9199578,0.093797445,0.0,0.97419024,0.0,1.8074781,0.0,0.0,0.0,0.125548,0.0,0.31926674,0.0,0.0,0.0,0.0,0.6844428,0.0,0.6030212,1.7123195,1.1710553,0.0,0.0,0.14727637,0.0,0.0,0.0,0.0,1.7240021,0.0,0.0,0.70500547,0.0,0.0,1.5666493,0.0,0.65125215,0.315045,1.1816554,0.0,0.0,0.0,0.0,0.0,0.37837642,0.0,0.0,1.2331883,0.0,0.0,0.5015848,0.0,0.0,0.0,2.0954661,0.3654964,0.0,2.3594227,0.0,0.29736435,0.0,0.0,1.4621572,0.0,1.8061583,0.0,0.0,0.0,0.9863148,1.2787867,0.032273076,0.0,0.26877847,0.8945312,0.0,0.76924103,2.6516025,1.8083589,1.909623,1.394727,0.0,0.0,0.0,0.0,0.0,0.0,0.0,0.0,0.0,0.0,0.18500067,1.3679427,0.5380228,0.0,0.94829845,0.0,0.0,0.0,0.0,0.0,0.0,0.0,1.4684438,0.93819875,0.17399947,1.6430049,0.0,0.14585401,2.0577466,0.63128805,0.0,0.0,1.0388551,0.7281756,2.1315126,0.0,0.026515171,0.0,0.0,0.7391452,0.0,0.0,0.0,1.1412897,1.1017116,0.0,0.0,0.032553498,1.3065339,0.0,0.21754536,0.5415857,1.2146202,0.0,0.0,1.602838,2.1964927,0.0,0.0,0.0,0.0,2.0496993,0.0,0.31550938,1.3048749,0.0,0.0,0.0,1.5960823,0.059781704,0.0,0.55712277,0.30912456,0.0,3.9713137,0.0,0.0,0.1885071,0.18328993,0.15095471,1.1856323,3.0478396,0.9327095,0.0,0.0,0.0,1.2356689,0.0,0.0,0.0,1.7245345,1.0731602,0.0,0.0,0.353357,0.0,0.0,0.70054555,0.0,2.3796802,1.9547044,0.51749855,1.2124716,1.8847502,0.6989718,0.0,0.0,1.9328997,0.0,0.4556543,0.0,0.0,0.083725125,0.8132509,0.0,1.8543915,0.0007905691,2.45109,0.0,0.0,0.39736068,0.0,0.0,0.0,1.0370198,2.1305532,0.48383078,0.0,0.7074314,0.0,0.26474822,0.47288945,0.0,1.8266776,0.7342333,0.0,0
0.0,0.0,1.8774894,1.9966346,2.844732,0.06378688,0.0,0.0,0.32132176,0.0,0.0,0.72997624,0.0,0.47015974,0.06253599,0.0,0.0,0.9741844,0.0,0.0,0.0,0.0,0.0,2.349062,0.0,0.0,0.0,0.0,0.0,0.0,0.0,0.0,0.0,0.21157382,0.0,0.0,0.0,0.0,0.0,0.0,1.6900502,0.0,0.27515742,0.8111557,0.0,2.6788754,0.0,0.0,0.0,0.12373605,0.0,0.4531642,0.0,0.0,0.0,0.0,0.93167174,0.0,0.0,1.0858865,0.93824905,0.0,0.0,0.42724806,0.0,0.0,0.47307473,0.0,1.078226,0.0,0.0,1.0120825,0.0,0.0,1.8724196,0.07741206,0.84221387,0.18885814,1.0881324,0.0,0.0,0.0,0.0,0.0,0.4897344,0.0,0.0,1.4923528,0.0,0.0,0.4573703,0.0,0.0,0.0,1.8720326,0.26529792,0.0,2.0897903,0.0,0.06709589,0.0,0.0,0.68828803,0.0,2.111607,0.0,0.0,0.0,0.7106479,1.6039933,0.4688203,0.0,0.34551078,1.0297216,0.17918718,0.23571114,1.7603046,0.86194193,1.0056869,1.3389881,0.0,0.0,0.0,0.6139266,0.0,0.0,0.0,0.0,0.0,0.21330789,0.6767789,0.6786765,0.26667926,0.0,0.6045197,0.0,0.0,0.0,0.5310912,0.0,0.0,0.0,1.2358583,1.1565107,0.16650316,0.40848264,0.0,0.8110952,1.8297563,0.23040004,0.0,0.0,1.1293079,0.82295346,0.7331234,0.0,0.0,0.0,0.0,0.0,0.0,0.0,0.0,0.8191194,2.0879858,0.0,0.62018293,0.30636987,2.1161292,0.0,0.0,0.10202935,0.9786488,0.0,0.0,1.0480131,2.0861664,0.019370897,0.0,0.0,0.23440118,2.3091671,0.2513819,0.06781964,0.0,0.0,0.0,0.0,2.246518,0.0,0.0,0.0,0.5071756,0.0,4.1554084,0.0,0.0,0.0,0.4950197,0.0,0.98683906,2.4973426,0.0,0.0,0.0,0.0,1.3093643,0.0,0.0,0.0,1.3563434,0.87487507,0.0,0.50636554,0.050588503,0.0,0.0,1.1663047,0.0,0.592816,1.9656166,1.1213552,0.2169936,2.8898578,1.3455204,0.0,0.0,1.7577612,0.0,1.2498518,0.0,0.0,0.0,0.0,0.0,1.6469789,0.18012273,2.5944195,0.0,0.0,0.16845767,0.0,0.0,0.0,2.0458117,1.8914633,0.16196992,0.0,0.0,0.0,0.338946,1.8742776,0.0,2.1608384,0.549184,0.0,0
0.0,0.0,1.1621739,0.08435131,0.4986184,0.0,1.3695906,0.0,0.26523265,0.0,0.0,2.0723336,1.9362861,1.694599,0.0,0.0,0.0,2.752175,0.0,0.0,0.0,0.0,0.0,2.0047998,0.6872785,0.0,0.0,0.0,1.7966188,0.0,0.0,0.6427193,0.0,0.0,0.0,0.0,0.0,0.7542485,1.6487395,0.0,1.3927813,0.0,1.174324,1.4017838,0.0,0.0,0.0,0.0,0.0,1.4289535,0.0,2.9253268,0.0,0.0,0.0,0.0,2.8634996,0.0,2.7638197,0.5284828,0.15761347,0.0,0.0,2.0523324,0.0,0.0,1.8708009,0.0,0.0861708,1.1083224,0.0,0.08249074,0.0,0.0,0.01616389,0.0,1.7393312,1.5452352,0.0,0.0,0.0,0.0,0.0,0.47829497,2.1782281,0.0,0.0,1.12741,0.0,0.0,2.0007572,0.0,0.0,0.0,3.2708678,2.912287,0.0,1.1052979,0.0,1.0064011,0.16159944,0.0,0.513295,0.0,0.5778186,0.0,0.0,0.0,0.30410114,0.0,1.2964782,0.0,1.107717,0.18648155,1.2068607,3.345351,0.9027735,1.6510465,0.0,0.59993804,0.0,0.0,0.0,0.0,0.0,3.8839867,0.0,0.0,0.80064464,0.0,0.32913584,2.095618,2.130882,0.0,0.011685539,0.0,0.0,0.0,0.11966341,0.0,0.0,0.0,1.7214785,0.10075694,0.4881768,0.45000863,0.0,0.0,0.7587561,1.3239315,0.0,0.0,2.2106543,0.43626723,0.26334056,0.0,0.0,0.0,0.0,1.0413256,0.0,0.0,0.0,2.2981696,0.0,0.0,2.8558471,1.176793,0.0,0.0,0.0,1.7427922,3.4857306,0.0,0.0,0.9681283,0.5414016,2.3431876,0.0,0.0,1.3383483,0.06415752,1.1776264,1.8915237,0.1911248,0.0,0.34210578,0.0,0.4668543,0.7084627,0.0,0.5485633,0.0,0.0,5.4935756,0.0,0.0,0.0,1.8877167,1.9271348,0.24499175,0.3883791,1.7357943,0.0,0.0,0.0,0.0,0.0,0.0,0.0,0.16001078,0.23725776,0.0,0.29139787,4.5298667,0.0,0.0,0.07995692,0.0,0.34460783,0.7469874,0.18342555,0.51161814,0.7708121,0.926896,0.0,0.0,1.5600783,0.0,0.85496086,0.0,0.0,0.0,1.0495114,0.0,0.37889805,0.40132886,0.0,0.0,0.0,0.9995693,0.0,1.347354,0.0,1.0756232,0.4970878,1.8403857,0.0,1.3218331,1.6573555,1.8646387,0.15267868,0.0,0.27968904,0.07922479,0.0,1
0.0,0.0,0.7432148,2.6798096,2.2001016,0.84127593,0.0,0.0,0.0,0.79778624,0.0,0.0,0.77070415,0.32370728,0.0,0.0,0.0,1.0012645,0.0,0.0,0.0,0.0,0.0,1.3559179,0.0,0.0,0.0,0.0,0.6610579,0.0,0.0,0.27738035,0.0,0.43223813,0.0,0.0,0.75051576,0.28723252,0.23286739,0.0,1.0782341,0.0,0.16979311,0.7870234,0.0,2.273197,0.0,1.3189273,0.0,0.17789371,0.0,1.2082068,0.0,0.0,0.0,0.0,1.3402086,0.0,0.5982701,0.5836669,1.2990324,0.0,0.40917936,1.0856766,0.0,0.0,0.0,0.0,0.0,0.038700182,0.0,1.2680914,0.4541074,0.0,1.0544572,0.0,1.046864,0.10304089,0.8554235,0.0,0.0,0.0,0.0,0.10711849,0.0,0.0,0.0,1.4047848,0.0,0.0,0.2075794,0.0,0.0,0.0,1.3801787,0.42395368,0.0,2.484743,0.0,0.0,0.6287738,0.0,0.7985605,0.18001947,1.4073123,0.0,0.0,0.0,0.4744822,1.718821,1.1104949,0.0,0.0,1.1213456,0.10827696,1.1948692,0.88631517,2.251549,0.21309656,1.1576319,0.0,0.0,0.0,1.2300713,0.0,0.6768184,0.40273795,0.09496689,0.0,1.121856,0.0,0.7734507,0.92986506,0.0,0.8481965,0.0,0.0,0.0,0.065296985,0.0,0.0,0.0,1.1198517,1.3170898,0.7418764,0.0,0.0,0.57605785,1.4487615,0.351154,0.18596146,0.0,1.5397066,1.2396437,0.8473948,0.0,0.0,0.0,0.0,0.48056027,0.0,0.0,0.07411634,0.72878355,1.9199619,0.0,0.95945567,0.56271756,0.54234815,0.0,0.0,0.67408264,1.5232259,0.0,0.70334494,1.1475705,2.3909805,0.12441558,0.0,0.0,0.43375412,1.8361907,0.0,0.14906342,0.27703032,0.0,0.0,0.0,1.8311971,0.45589742,0.0,0.0,0.0,0.0,2.9819973,0.0,0.0,0.0,0.29595992,0.5957385,0.85294574,0.89673585,0.0,0.0,0.0,0.0,0.8537391,0.0,0.0,0.0,0.9385936,0.5254523,0.0,0.77155036,0.0,0.35271886,0.0,0.81077623,0.0,0.7458135,1.1320069,1.3946208,0.0,1.8086131,1.2060959,0.0,0.0,2.384493,0.0,0.92104405,0.0,0.0,0.0,0.0,0.03746779,0.99070764,0.3766832,2.4506707,0.29503447,0.0,0.80427563,0.0,0.4849872,0.0,1.6485095,1.3430686,0.0,0.0,0.20820558,1.001636,0.14897563,1.6055474,0.0,1.3984786,0.0,0.0,0
0.0,0.0,1.2714565,0.496449,2.12291,0.0,0.0,0.0,0.3864473,0.0,0.0,0.68121797,0.0,0.06279614,0.0,0.0,0.0,0.97511446,0.0,0.0,0.30763435,0.0,0.0,1.518921,0.07775436,0.0,0.047343247,0.0,0.2858376,0.0,0.0,0.15069818,0.0,0.0,0.0,0.0,0.0,0.016934022,0.17383394,0.0,1.3521211,0.0,0.46989053,0.43830582,0.0,2.3156252,0.0,0.0,0.0,0.8594986,0.0,0.0,0.0,0.0,0.0,0.0,0.30168864,0.0,0.10174427,1.1869165,0.7783666,0.0,0.0,0.2691059,0.0,0.0,0.18985836,0.0,1.1743613,0.27868047,0.0,1.3315207,0.0,0.0,0.8669433,0.08565021,0.82068133,0.28976384,0.746669,0.0,0.0,0.0,0.0,0.0,0.10781074,0.0,0.0,1.1094246,0.0,0.0,0.21958308,0.0,0.0,0.0,1.6173861,0.446803,0.0,1.5419015,0.0,0.23932332,0.0,0.0,1.2785797,0.0,1.5632638,0.0,0.0,0.0,0.46701637,0.5790972,0.009978107,0.0,0.059048872,0.77270937,0.2713969,0.076862276,1.452304,0.8621397,0.9419263,1.6329874,0.0,0.0,0.0,0.0,0.0,0.536123,0.0,0.0,0.08384084,0.0,0.0,0.7604841,0.37016678,0.0,0.47747174,0.0,0.0,0.0,0.0,0.0,0.0,0.0,0.6683557,0.70713955,0.13199385,0.3633878,0.0,0.944815,1.9164069,0.4281904,0.0,0.0,0.74052066,0.6217999,1.1551523,0.0,0.0,0.0,0.0,0.31690252,0.0,0.0,0.0,1.2109301,1.3419755,0.0,0.2836683,0.018107254,1.2879958,0.0,0.0,0.0,0.50909156,0.0,0.0,0.2308926,1.5193858,0.36824343,0.0,0.0,0.2085237,1.2620156,0.009886813,0.63654494,0.0,0.0,0.0,0.0,1.5134414,0.1947769,0.0,0.0,0.55922014,0.0,3.0415637,0.0,0.0,0.47973657,0.6569072,0.50144553,0.9716868,1.4780889,0.6814337,0.0,0.0,0.0,1.4196429,0.0,0.0,0.0,1.2790664,0.5984454,0.0,0.37347516,0.30926317,0.0,0.0,0.84758925,0.0,0.87830174,1.1175042,0.4693243,0.42886716,1.9961499,1.15706,0.0,0.0,1.1528828,0.0,0.67873573,0.0,0.0,0.0,0.3752524,0.0,0.6271181,0.0,1.901772,0.0,0.0,0.27276832,0.0,0.0,0.0,0.8298507,1.456185,0.44653866,0.0,0.46618527,0.2176021,0.30434918,1.3885872,0.0,1.8132414,0.18713109,0.0,0
0.0,0.0,1.4072533,1.756166,1.9671366,0.20144562,0.0,0.0,0.0,0.0,0.0,0.9453509,0.021238433,0.78505534,0.0,0.0,0.0,0.66521484,0.0,0.0,0.05462027,0.0,0.0,1.7345496,0.26598424,0.0,0.03987398,0.0,0.6926045,0.0,0.0,0.058360633,0.0,0.0,0.0,0.0,0.0,0.02515244,0.0,0.0,1.6577351,0.0,0.8529779,0.52580285,0.0,2.297526,0.0,0.0,0.0,0.9370402,0.0,0.23310624,0.0,0.0,0.0,0.0,0.6022821,0.0,0.35854304,0.13241085,0.64866626,0.0,0.0,0.5513594,0.0,0.0,1.0227954,0.0,0.2725908,0.049182076,0.0,1.3541206,0.0,0.0,1.9293799,0.0,0.9431622,0.47692695,1.2223756,0.0,0.0,0.0,0.0,0.0,0.061326925,0.0,0.0,1.3870718,0.0,0.0,0.49813217,0.0,0.0,0.0,1.6771276,0.0,0.18008576,1.0728444,0.0,0.0,1.0565546,0.0,1.6641247,0.0,1.6595771,0.0,0.0,0.0,0.0,0.9166262,0.49175677,0.0,0.12846468,0.98662305,0.0,0.5579148,0.8192655,1.1897289,0.2146342,1.1813283,0.0,0.0,0.0,0.0,0.0,0.6711642,0.0,0.0,0.15202892,0.1615819,0.683253,1.0566338,0.7217271,0.0,0.20308602,0.0,0.0,0.0,0.0,0.0,0.0,0.0,0.5705175,0.229554,0.17552507,0.0,0.0,1.1171474,1.2051064,0.23601025,0.0,0.0,0.58806443,0.9535793,0.0,0.0,0.0,0.0,0.0,0.13942124,0.0,0.0,0.0,0.78845507,1.5218316,0.0,0.3317006,0.060409088,1.2866973,0.0,0.0,0.418058,1.2624829,0.0,0.0,0.4296229,1.2559115,1.1517746,0.0,0.0,0.5835035,1.6302255,0.031412836,0.22512569,0.0,0.0,0.0,0.0,1.6866684,0.010107521,0.0,0.0,0.88199365,0.0,3.529271,0.0,0.0,0.36346436,1.1217496,0.7907074,1.0932994,1.7428594,0.2881523,0.0,0.0,0.0,1.2681874,0.0,0.0,0.0,1.1993004,0.73337525,0.0,0.61989427,0.32315376,0.0,0.0,1.516659,0.0,0.2986966,1.55976,1.0385954,0.0846481,2.86689,1.5502326,0.0,0.0,1.4178094,0.0,1.0041125,0.0,0.0,0.0,0.22462657,0.0,0.3847488,0.0,1.3604782,0.0,0.0,0.0,0.0,0.0,0.3494747,1.3176217,2.053763,0.10593089,0.0,0.7855622,0.18440305,0.09160404,1.6469011,0.0,1.627623,0.38541368,0.0,0
0.0,0.0,1.5883901,1.4373441,2.2948096,1.4960057,0.60616755,0.0,0.0,0.0,0.0,1.2145113,0.21831773,0.35103336,0.0,0.0,0.0,1.1586882,0.0,0.0,0.0,0.0,0.0,1.6352273,0.47040552,0.0,0.0,0.0,0.6092993,0.0,0.0,0.25944048,0.0,0.0,0.0,0.0,0.7271652,0.25514406,0.0,0.0,1.8139029,0.0,0.60152936,0.1969648,0.0,2.8385615,0.0,0.0,0.0,0.65305954,0.0,0.8431563,0.0,0.0,0.0,0.0,0.8600168,0.0,0.5736447,0.6924176,0.8737247,0.0,0.0,0.0,0.0,0.06305109,0.72187287,0.0,0.02264946,0.08700164,0.0,2.8574524,0.0,0.0,2.04899,0.0,1.3425347,0.02321996,1.3313036,0.0,0.0,0.0,0.0,0.0,0.43733257,0.0,0.0,1.3082794,0.0,0.0,0.52984756,0.0,0.0,0.0,2.0940192,0.16772573,0.7423417,1.1858288,0.0,0.0,1.7321577,0.0,1.5452275,0.0,1.6770282,0.0,0.0,0.0,0.0,1.348402,0.45134282,0.0,0.43223077,1.427277,0.61523813,0.5430203,0.17521623,1.1818832,0.0,0.9900305,0.0,0.0,0.0,0.17569616,0.0,0.4589707,0.0,0.0,0.19020283,0.0,0.6606533,1.1147698,0.7381786,0.0,0.34925658,0.0,0.0,0.0,0.27249658,0.0,0.0,0.0,0.39935377,0.23923522,0.0,0.0,0.0,1.1193883,2.1010463,0.3886157,0.0,0.0,1.018407,0.97984827,0.0,0.0,0.0,0.0,0.0,0.28019655,0.0,0.0,0.0,1.1259253,1.834562,0.0,0.41076863,0.0,1.4665083,0.0,0.0,0.12704886,1.3751254,0.0,0.0,1.2705662,1.6429162,0.92561615,0.0,0.0,0.52993464,2.121118,0.6024234,0.09981845,0.0,0.0,0.0,0.0,2.058316,0.046043072,0.0,0.0,1.0935185,0.0,3.1999905,0.0,0.0,0.4620637,0.57191133,0.8379667,0.61703235,1.8330797,0.29851964,0.0,0.0,0.17284672,1.3827817,0.0,0.0,0.0,1.0389746,0.7008984,0.0,0.7841609,0.71175444,0.0,0.0,1.4719201,0.0,0.41064265,2.53445,1.4330541,0.0,2.3799982,2.2536533,0.0,0.0,1.619317,0.0,1.2134697,0.0,0.0,0.0,0.0,0.0,1.2498248,0.0,1.2987664,0.0,0.0,0.20327501,0.0,0.0,0.27764285,1.4661161,1.9998692,0.65904224,0.0,0.27193055,0.13630676,0.16519494,2.0547192,0.0,2.1069531,0.61656004,0.0,0
0.0,0.0,1.7983751,1.2865335,2.8181536,0.61495966,0.0,0.0,0.2596223,0.0,0.0,0.5020032,0.26999468,0.16167513,0.020897787,0.0,0.0,1.3320044,0.0,0.0,0.0,0.0,0.0,1.8894356,0.1370022,0.0,0.0,0.0,0.3284525,0.0,0.0,0.0,0.0,0.0,0.0,0.0,0.0,0.037366733,0.0,0.0,1.2265224,0.0,0.39047062,0.4877008,0.0,3.0967178,0.0,0.0,0.0,0.0,0.0,0.5959782,0.0,0.0,0.0,0.0,0.7486322,0.0,0.24760164,1.6919538,0.993997,0.0,0.0,0.0,0.0,0.0,0.0,0.0,1.1144751,0.0,0.0,2.050446,0.0,0.0,0.7357153,0.0664646,1.18572,0.045799784,0.7324489,0.0,0.0,0.0,0.0,0.0,0.44706938,0.0,0.0,0.9231449,0.0,0.0,0.96087617,0.0,0.0,0.0,1.6278639,0.0,0.0,1.9037405,0.0,0.13655265,0.0,0.0,1.2163258,0.0,1.8380785,0.0,0.0,0.0,0.5817223,1.1470762,0.030673126,0.0,0.06649766,1.0998645,0.11523205,0.5573081,1.9570575,0.4303251,0.57854843,1.5778118,0.0,0.0,0.0,0.09988299,0.0,0.10640059,0.0,0.0,0.20364618,0.0,0.0,0.98078555,0.7402759,0.0,0.74423945,0.0,0.0,0.0,0.0,0.0,0.0,0.0,0.6161384,0.6020511,0.24247612,0.46615922,0.0,1.0117811,1.7811921,0.5440879,0.0,0.0,0.9583404,0.7274304,1.1369666,0.0,0.0,0.0,0.0,0.23436098,0.0,0.0,0.0,0.5703869,0.9853419,0.0,0.0,0.37711722,1.5610853,0.0,0.0,0.14772123,0.87119424,0.0,0.0,0.82038105,2.362687,0.36988106,0.0,0.0,0.28532973,1.5708468,0.24015492,0.0,0.0,0.0,0.0,0.0,1.6247588,0.54970956,0.0,0.0,0.66744953,0.0,3.6950705,0.0,0.0,0.43999052,0.12100936,0.1647777,0.8224155,2.3111553,0.31576964,0.0,0.0,0.0,1.5753931,0.0,0.0,0.0,1.3729749,0.96104056,0.0,0.6358426,0.1154946,0.0,0.0,1.27058,0.0,0.9568159,1.7031134,0.9878835,0.1397993,2.047521,1.1949888,0.0,0.0,1.6253616,0.0,0.8402576,0.0,0.0,0.0,0.1477436,0.0,1.237264,0.0,1.922683,0.0,0.0,0.25054938,0.0,0.08118816,0.0,1.590073,1.382915,0.48421767,0.0,0.39020112,0.0,0.34309328,1.5513985,0.0,2.4239984,0.75193566,0.0,0
0.0,0.0,0.5612688,0.0,0.0857679,0.0,1.1323718,0.0,0.31329963,0.0,0.0,2.1698549,2.8867385,0.8840094,0.0,0.0,0.0,2.1098847,0.0,0.0,0.0,0.0,0.0,2.1213248,0.38498485,0.0,0.0,0.0,1.8590249,0.0,0.0,0.7058148,0.0,0.0,0.0,0.0,0.0,0.37395474,1.6479188,0.0,1.2889663,0.0,0.677853,1.045129,0.3864346,0.3983592,0.0,0.0,0.0,1.0430175,0.0,2.8121195,0.0,0.25762665,0.0,0.0,2.9923065,0.0,2.7812867,0.55496657,0.2473156,0.08094726,0.0,2.5403745,0.0,0.0,1.1047608,0.0,0.0,1.8097498,0.0,0.5335214,0.0,0.0,0.0,0.0,2.2139764,1.5414324,0.0,0.0,0.0,0.0,0.0,0.6666127,1.6632968,0.0,0.0,0.46177635,0.0,0.0,1.8801931,0.0,0.0,0.0,3.196706,3.5139382,0.0,1.186559,0.0,0.88789064,0.0,0.0,0.16320737,0.0,0.5752802,0.0,0.0,0.0,0.09580836,0.0,1.4822319,0.0,1.3174934,0.4059535,1.9558113,3.9854395,0.36270776,1.9134873,0.0,0.19465257,0.0,0.10260059,0.0,0.0,0.0,3.7209156,0.0,0.0,0.49717808,0.0,0.5118175,2.042181,2.374374,0.0,0.0,0.0,0.0,0.0,0.8439341,0.0,0.0,0.0,2.4277503,0.2054773,1.0855767,0.08876015,0.0,0.0,0.8422839,1.0187447,0.0,0.0,1.9533674,0.0,0.19427057,0.0,0.0,0.0,0.0,1.4375281,0.0,0.0,0.0,2.875864,0.0,0.0,2.4902408,1.0812114,0.0,0.0,0.0,2.0207365,2.9725168,0.0,0.0,1.1499314,0.38570267,2.225722,0.0,0.0,1.2476012,0.2531243,1.0796152,2.4936817,0.03332844,0.0,0.0,0.0,0.13353968,0.7925253,0.0,0.009515417,0.0,0.0,6.0727715,0.0,0.0,0.0,1.8644441,1.5447824,0.0,0.0,1.9809451,0.0,0.0,0.0,0.15536216,0.0,0.0,0.0,0.0,0.0,0.0,0.0,5.4523845,0.0,0.0,0.0,0.0,0.079327404,0.41709587,0.0,0.51437956,0.11460835,0.5030395,0.0,0.0,1.5005484,0.0,0.0,0.0,0.0,0.0,0.9209512,0.0,0.6649572,0.17932078,0.0,0.0,0.0,0.95455277,0.0,1.1746843,0.16566484,0.41965827,0.0,0.9854841,0.0,1.4855553,1.7652814,2.2173896,0.0,0.0,0.03135179,0.0,0.0,1
0.0,0.0,0.9259909,0.4901658,1.8116655,0.0,0.0,0.0,0.17733507,0.0,0.0,0.8575279,0.5837932,0.10235002,0.24914335,0.0,0.0,0.54024464,0.0,0.0,0.24731323,0.0,0.0,2.0099237,0.26527703,0.0,0.092430644,0.2634014,0.2500906,0.0,0.0,0.24105772,0.0,0.0,0.0,0.0,0.0,0.0,0.5836422,0.0,0.9425353,0.0,0.35721248,0.66107154,0.0,1.7473242,0.0,0.0,0.0,1.4318495,0.0,0.048727557,0.0,0.0,0.0,0.0,0.5166931,0.0,0.6926464,1.8851156,0.5850668,0.0,0.0,0.79724413,0.0,0.0,0.0067131463,0.0,1.4045798,0.53835243,0.0,0.7451769,0.0,0.0,0.0036414012,0.0,0.89669615,0.0,0.77943265,0.0,0.0,0.0,0.0,0.0,0.28490412,0.0,0.0,1.9175882,0.0,0.0,0.25817636,0.0,0.0,0.0,1.5144708,0.39396203,0.0,1.1100149,0.24898633,0.33786866,0.0,0.0,1.2181255,0.0,1.2492857,0.0,0.0,0.0,0.5874822,0.992135,0.0,0.0,0.4575434,0.77563727,0.2747429,0.0,2.0439327,0.8133069,1.2980206,1.5697136,0.0,0.0,0.0,0.0,0.0,1.3577371,0.0,0.0,0.4816975,0.0,0.045712877,0.92594755,0.09294162,0.0,0.6774839,0.0,0.0,0.0,0.0,0.0,0.0,0.0,0.67448777,0.5462226,0.0,0.4769034,0.0,0.2819793,1.2708595,0.34873104,0.0,0.0,0.73004025,0.5741605,1.1084903,0.0,0.0,0.0,0.0,0.104943894,0.0,0.0,0.0,0.587721,0.8042103,0.0,0.4512249,0.33987036,0.97729623,0.0,0.0,0.3761288,0.27420542,0.0,0.0,0.0,0.85601467,0.5290273,0.0,0.0,0.19834955,1.1249264,0.33283177,0.0,0.0,0.0,0.14629139,0.0,1.7912931,0.22718856,0.0,0.0,0.3829818,0.0,3.3579943,0.0,0.0,0.6436209,0.57899266,0.21953765,1.1354113,1.6727214,0.1206291,0.0,0.0,0.0,1.0095598,0.0,0.0,0.0,1.0964066,0.8777742,0.059723824,0.30333868,1.1491911,0.0,0.0,0.7576182,0.0,1.3678348,0.7719117,0.36438936,0.28096497,1.9863013,0.94906175,0.0,0.0,1.555958,0.0,0.5078044,0.0,0.0,0.0,0.1791841,0.0,0.63002384,0.0,1.8014178,0.0,0.0,0.31829423,0.0,0.0,0.0,0.9339518,1.5090328,0.181815,0.0,0.9930126,0.055262946,0.31124055,1.1058276,0.0,1.9113659,0.4160008,0.0,0
0.0,0.0,2.2320318,1.4651883,2.7781096,1.3296272,0.0,0.0,0.046384137,0.0,0.0,0.59897697,0.11180316,0.52787876,0.0,0.0,0.0,1.5117565,0.0,0.0,0.0,0.0,0.0,2.2497587,0.1886251,0.0,0.008276128,0.0,0.38038194,0.0,0.0,0.22896415,0.0,0.0,0.0,0.0,0.0,0.22866699,0.5530779,0.0,1.2891454,0.0,0.1176376,0.35139892,0.0,3.273862,0.0,0.0,0.0,0.65730816,0.0,1.2642034,0.0,0.0,0.0,0.0,1.1928464,0.0,0.7443427,1.7087239,1.4074674,0.0,0.0,0.0,0.0,0.0,0.4035929,0.0,0.16606335,0.0,0.0,2.0928102,0.0,0.0,1.8356786,0.0,1.4468637,0.022260146,1.4579681,0.0,0.0,0.0,0.0,0.28881305,0.13290715,0.0,0.0,1.6385417,0.0,0.0,0.61279976,0.0,0.0,0.0,1.8164771,0.3970996,0.36433885,0.98327035,0.0,0.0,0.6490628,0.0,1.7345045,0.0,2.3206522,0.0,0.0,0.0,0.0,1.112669,0.1349789,0.0,0.2136563,1.4983674,0.192985,0.32410714,0.9775532,0.8869288,0.44095233,1.7848767,0.0,0.0,0.0,0.0,0.0,0.0200894,0.0,0.0,0.18599129,0.17814589,0.7060171,0.91565853,0.62329155,0.0,0.5960542,0.0,0.0,0.0,0.20112364,0.0,0.0,0.0,0.68553764,0.6588284,0.0,0.0,0.0,1.4408995,2.143053,0.5583065,0.0,0.0,0.83108336,1.0988929,0.12112387,0.0,0.0,0.0,0.0,0.0495811,0.0,0.0,0.0,1.0420736,1.6830002,0.0,0.08690514,0.33106536,1.6726062,0.0,0.0,0.0,1.0736423,0.0,0.0,0.55298585,1.866355,0.5641011,0.0,0.0,0.39086232,1.5490279,0.5327918,0.5962785,0.0,0.0,0.0,0.0,1.9965665,0.38384464,0.0,0.0,1.1345117,0.0,4.06961,0.0,0.0,0.43266186,0.5542913,0.45619848,0.6349177,1.6864274,0.020224301,0.0,0.0,0.0,1.9066933,0.0,0.0,0.0,0.89003974,0.87301683,0.0,0.9538381,0.34823808,0.0,0.0,1.3598231,0.0,0.3229336,2.306277,1.3997842,0.0,2.6920643,2.146119,0.0,0.0,1.9976082,0.0,1.2676659,0.0,0.0,0.0,0.19987002,0.0,1.4139761,0.0,1.612324,0.0,0.0,0.1220886,0.0,0.3485105,0.0,1.5197237,2.2033489,0.94353044,0.0,0.0,0.0774579,0.667632,2.634668,0.0,2.2828314,0.96614486,0.0,0
0.0,0.0,1.3087977,0.8711292,1.5438265,1.332749,0.45245203,0.0,0.11684877,0.0,0.0,1.3132755,0.47609103,0.3496205,0.0,0.0,0.0,1.5719693,0.0,0.0,0.00034395105,0.0,0.0,1.8200926,0.17149729,0.0,0.0,0.0,1.285642,0.0,0.0,0.021230992,0.0,0.0,0.0,0.0,0.040506117,0.42345357,0.2547845,0.0,1.7137684,0.0,0.64432657,0.40008047,0.0,1.8422152,0.0,0.0,0.0,0.9416231,0.0,0.93258315,0.0,0.0,0.0,0.0,1.0192988,0.0,1.109877,0.68397367,0.8208043,0.0,0.0,0.5632726,0.0,0.0,0.80526626,0.0,0.0,0.3927071,0.0,1.586751,0.13509546,0.0,1.3658264,0.0,1.3515884,0.3379216,0.61367685,0.0,0.0,0.0,0.0,0.17484215,0.79073644,0.0,0.0,1.1333913,0.0,0.0,0.7827008,0.0,0.0,0.0,2.702395,0.7562964,0.7847481,1.210883,0.0,0.0,0.5732919,0.0,0.817535,0.0,0.7531272,0.0,0.0,0.11964658,0.15303265,0.7458115,0.37343442,0.0,0.43601367,0.8478703,0.45233274,0.7682813,0.74661237,1.1042948,0.0,1.0238855,0.0,0.0,0.0,0.0,0.0,0.7380204,0.0,0.0,0.5218411,0.0,0.36042276,1.8455378,0.7834758,0.0,0.46305987,0.0,0.0,0.0,0.11110601,0.0,0.0,0.0,0.7091973,0.28560406,0.13399598,0.0,0.0,1.3535637,1.6888404,0.62680626,0.0,0.0,0.8928164,0.99722856,0.018298527,0.0,0.0,0.0,0.0,0.46132565,0.0,0.0,0.0,1.8267797,1.0823696,0.0,1.025139,0.026292045,0.7785034,0.0,0.0,0.02898948,1.3010361,0.0,0.0,0.7736165,1.6195341,0.5105349,0.0,0.0,0.69979256,1.5826571,0.559433,0.26595905,0.0,0.0,0.0,0.0,1.530349,0.795907,0.0,0.0,0.7234027,0.0,3.5618522,0.0,0.0,0.1169128,0.6993947,1.0849336,0.6941837,1.0875007,0.3702046,0.0,0.0,0.0,1.2888767,0.0,0.0,0.0,0.5385036,0.77192205,0.0,0.8816857,1.6881284,0.0,0.0,1.2848096,0.0,0.19696958,1.8816899,0.8172391,0.0,1.881235,2.0281944,0.0,0.0,1.7426931,0.0,1.1043848,0.0,0.0,0.0,0.21693598,0.0,0.90373945,0.0,0.9996515,0.0,0.0,0.46247914,0.0,0.0,0.38412446,1.0217243,1.3529373,0.3476059,0.0,1.0801637,0.78704125,1.0324612,1.3769568,0.0,1.8182317,0.5894138,0.0,0
0.0,0.0,1.4970984,0.662683,2.6051655,0.0,0.2077417,0.0,0.6300974,0.0,0.0,1.3448905,1.2203159,0.3325896,0.0,0.0,0.0,1.5016127,0.0,0.0,0.0,0.0,0.0,2.4086864,0.34816438,0.0,0.49995527,0.0,0.43250751,0.0,0.0,0.0,0.0,0.7843076,0.0,0.0,0.0,0.0,0.8110487,0.0,1.677216,0.0,0.0,0.8926306,0.0,2.2180898,0.0,0.0,0.0,0.53803444,0.0,1.069101,0.0,0.0,0.0,0.0,1.624324,0.0,0.78517026,2.0501997,0.7679763,0.24816108,0.0,0.2377268,0.0,0.0,0.27358198,0.0,1.6265426,0.0,0.0,0.5803366,0.0,0.0,0.8336176,0.0,1.3691894,0.46461478,1.2111082,0.0,0.0,0.0,0.0,0.0,0.64573646,0.0,0.0,1.1659714,0.0,0.0,0.3641468,0.0,0.0,0.0,1.3529074,1.0374851,0.0,2.2101831,0.0,0.39595652,0.0,0.0,1.1048305,0.0,2.0820987,0.0,0.0,0.0,1.0207704,0.55022967,0.0,0.0,0.38110593,0.9872683,0.24127457,1.284911,1.7893885,0.78938043,1.3727413,1.7149856,0.0,0.0,0.0,0.0,0.0,0.795414,0.0,0.0,0.1508252,0.0,0.0,0.8470183,0.6891,0.0,0.624765,0.0,0.0,0.0,0.13951771,0.0,0.0,0.0,1.6855435,0.40270156,0.18935695,0.9913632,0.0,0.5829168,1.9126244,0.55895334,0.0,0.0,1.8096875,0.26850143,1.1442962,0.0,0.0,0.0,0.0,0.02673601,0.0,0.0,0.0,1.2449174,0.63280445,0.0,0.31641534,0.51955706,1.7825682,0.0,0.0,0.8445327,1.3105137,0.0,0.0,0.46256435,1.4372544,0.72430944,0.0,0.0,0.21630938,0.88535523,0.68824214,0.7884172,0.0,0.0,0.0,0.0,1.8933346,0.6661793,0.0,0.0,0.59740347,0.0,4.330281,0.0,0.0,0.120612994,0.68754,0.63609856,1.0008616,1.9023888,0.8439271,0.0,0.0,0.0,1.0687948,0.0,0.0,0.0,1.3294333,0.88360983,0.0,0.515758,0.96091217,0.0,0.0,0.84928423,0.0,0.9619441,1.1372393,0.77291304,0.8667318,2.0707874,1.0123763,0.0,0.0,1.7401944,0.0,0.6627795,0.0,0.0,0.0,0.7148935,0.0,1.2461612,0.1372926,2.190053,0.0,0.0,0.6930722,0.0,0.18477045,0.0,0.9521342,2.157967,1.2224181,0.0,0.7279439,0.05070941,0.7048742,2.012069,0.0,1.5587004,0.59202737,0.0,0
0.0,0.0,1.7138304,1.0732218,1.7527852,0.0,0.11838852,0.0,0.8534233,0.0,0.0,0.937432,0.33039767,0.60518736,0.0,0.0,0.0,1.7435646,0.11051449,0.0,0.21669573,0.0,0.0,1.5126485,0.48453012,0.0,1.1427189,0.0,1.0566367,0.0,0.0,0.0,0.0,1.8716816,0.0,0.0,0.0,0.033214353,0.091649435,0.0,1.2451067,0.0,0.73876953,0.9646547,0.0,1.0812924,0.0,0.0,0.0,1.286117,0.0,0.49482623,0.0,0.0,0.0,0.0,1.3000833,0.0,0.564866,1.2129232,1.0642029,0.0,0.116025366,0.8556328,0.0,0.0,0.67644584,0.0,0.8579533,0.5073504,0.0,0.0,0.0,0.0,0.75070107,0.0,0.70053834,0.48466378,1.0798153,0.0,0.0,0.0,0.0,0.051187214,0.5514735,0.0,0.0,2.219733,0.0,0.0,0.38002825,0.0,0.0,0.0,1.7364177,0.50638455,0.0,0.7868645,0.37878323,0.50648195,0.0,0.0,1.4643941,0.0,1.2419142,0.0,0.0,0.0,0.6089022,0.8513706,0.77596426,0.0,0.27027592,0.0,0.0,0.88037825,2.067357,1.0528423,1.6955631,1.445726,0.0,0.0,0.0,0.16418114,0.0,2.5898323,0.0,0.0,0.0,0.0,0.490432,1.1056406,0.88699824,0.0,0.6501319,0.0,0.0,0.0,0.519665,0.0,0.0,0.0,0.33364806,0.5848399,0.20839915,0.8131213,0.0,0.118410766,1.224829,0.14304529,0.0,0.0,1.0039424,0.5118566,1.3906817,0.0,0.0,0.0,0.0,0.5764497,0.0,0.0,0.0,0.56577176,0.10793708,0.0,0.0,0.6215751,1.8268317,0.0,0.0,0.7629874,1.3212734,0.0,0.0,0.0,0.61012536,1.311844,0.0,0.0,0.7345785,0.7699819,0.5280972,0.80155295,0.0,0.0,0.6857536,0.0,1.7849456,0.0,0.0,0.0,0.96483445,0.0,4.1197543,0.0,0.0,0.0,1.6988461,1.5908766,1.5690091,1.2635238,0.0,0.0,0.0,0.0,0.40629295,0.0,0.0,0.0,1.5410162,0.45929804,0.0,0.6752715,0.49080762,0.0,0.0,0.6502026,0.0,1.851392,1.0308508,0.7227062,1.4358387,2.6653187,0.9385556,0.0,0.0,1.7064011,0.0,0.6292721,0.0,0.0,0.0,0.17493686,0.0,0.0,1.3925959,2.0294347,0.0,0.0,0.5013092,0.0,1.0696694,0.0,1.370076,3.0318937,1.1624129,0.0,0.12235939,0.46000725,0.0,1.651259,0.0,1.0929166,0.73277503,0.0,0
0.0,0.0,0.9180939,0.6710175,0.0,0.0,0.8872511,0.0,0.36223465,0.0,0.0,2.4527984,2.0987234,1.7135088,0.0,0.0,0.0,2.6059933,0.0,0.0,0.0,0.0,0.0,2.287428,0.58889806,0.0,0.06690588,0.0,1.6828837,0.0,0.0,0.50842464,0.0,0.21859463,0.0,0.0,0.0,0.9291907,2.0201492,0.0,0.8683944,0.0,0.95685166,1.5786122,0.0,0.0,0.0,0.0,0.0,1.9501038,0.0,2.691805,0.0,0.0,0.0,0.0,3.3572025,0.0,3.084158,0.0,0.1440645,0.229119,0.0,2.515332,0.0,0.0,1.6156249,0.18675295,0.19118291,1.2889752,0.0,0.0,0.0,0.0,0.062993295,0.0,1.9598888,1.9114674,0.0,0.0,0.0,0.0,0.0,0.6032379,1.6560358,0.0,0.0,1.1778753,0.0,0.0,1.8462852,0.0,0.0,0.0,4.280938,3.2536252,0.0,0.90568185,0.0,1.048066,0.0,0.0,0.34410074,0.0,0.3874865,0.0,0.0,0.0,0.19220331,0.0,1.5972172,0.0,1.2567012,0.0,0.99259573,4.292822,0.6104319,1.9316586,0.0,0.86404955,0.0,0.0,0.0,0.0,0.0,4.429632,0.0,0.0,0.95234776,0.0,0.20336296,2.534059,1.9576923,0.0,0.2679282,0.0,0.0,0.0,0.84644216,0.0,0.0,0.0,1.7524405,0.18984932,1.1673913,0.27328613,0.0,0.0,0.2299903,0.7148425,0.0,0.0,2.2114406,0.02650764,0.81532544,0.0,0.0,0.0,0.0,1.6421046,0.0,0.0,0.0,2.6045122,0.0,0.0,2.891916,1.2041172,0.34487927,0.0,0.0,1.9522932,3.5534742,0.0,0.0,0.57946205,0.442526,2.9555533,0.0,0.0,1.0053052,0.0,1.2092344,2.3578448,0.026165452,0.0,0.25363055,0.0,0.10246715,1.1541524,0.0,0.6423369,0.0,0.0,5.6322784,0.0,0.0,0.0,2.3869236,1.7464726,0.52737314,0.0,1.6270195,0.0,0.0,0.0,0.07266119,0.0,0.0,0.0,0.19582763,0.05375636,0.0,0.41872305,5.1294703,0.0,0.0,0.009912667,0.0,0.0,0.5084024,0.13304925,0.77437073,0.6522317,1.2128508,0.0,0.0,1.3844742,0.0,0.75190526,0.0,0.0,0.0,0.63070875,0.0,0.9539003,0.4499379,0.0,0.0,0.0,1.2497579,0.0,1.5611539,0.0,0.71103406,1.3323265,2.6661224,0.0,1.2807975,1.6015208,1.3630017,0.27132156,0.0,0.0,0.041585647,0.0,1
0.0,0.0,1.9029027,1.0361316,2.7207255,0.82156587,0.0,0.0,0.04579342,0.0,0.0,0.7643333,0.43721682,0.2860171,0.0,0.0,0.0,1.1404321,0.0,0.0,0.0,0.0,0.0,1.7789046,0.39646178,0.0,0.0,0.0,0.87114,0.0,0.0,0.2211357,0.0,0.06720291,0.0,0.0,0.0,0.0,0.3743464,0.0,1.6611832,0.0,0.053414475,0.66322416,0.0,2.6268933,0.0,0.0,0.0,0.5367037,0.0,1.0760759,0.0,0.0,0.0,0.0,0.5823425,0.0,0.0,0.9763782,1.0477103,0.0,0.0,0.0,0.0,0.0,0.60121524,0.0,0.6364588,0.1588159,0.0,1.6703322,0.0,0.0,1.366872,0.0,1.0598545,0.4807277,1.2136548,0.0,0.0,0.0,0.0,0.0,0.030428354,0.0,0.0,1.6864057,0.0,0.0,0.0,0.0,0.0,0.0,1.8870642,0.21132188,0.0,1.9444381,0.0,0.2004974,0.036316372,0.0,1.532543,0.0,1.7512921,0.0,0.0,0.0,0.0,1.2782582,0.37039036,0.0,0.14387955,1.5625635,0.0,0.5420941,1.0100461,1.0085825,0.13156188,1.4795231,0.0,0.0,0.0,0.0,0.0,0.0,0.24041294,0.0,0.30449647,0.037099347,0.60015136,1.2994647,0.46273145,0.0,0.34542376,0.0,0.0,0.0,0.06465521,0.0,0.0,0.0,0.93314743,0.6654224,0.19698957,0.0,0.0,0.8459408,1.7988546,0.24410816,0.0,0.0,0.9847856,0.6465929,0.49316427,0.0,0.0,0.0,0.0,0.09616237,0.0,0.0,0.0,0.68494654,1.8938539,0.0,0.6165113,0.14254595,1.5465957,0.0,0.0,0.0,1.4600148,0.0,0.0,0.5471291,1.7685144,0.7069576,0.0,0.0,0.15866847,1.7455584,0.56705606,0.3541369,0.0,0.0,0.0,0.0,2.011673,0.27929989,0.0,0.0,0.88405734,0.0,4.0842943,0.0,0.0,0.0,0.73119783,0.5706206,0.47602496,1.7105865,0.46000388,0.0,0.0,0.0,1.3342564,0.0,0.0,0.0,0.98594576,0.869764,0.0,1.0287869,0.18154663,0.0,0.0,1.4528807,0.0,0.13341725,2.329911,1.2403046,0.0,2.3742614,1.5156691,0.0,0.0,1.9469526,0.0,1.2973717,0.0,0.0,0.0,0.13641535,0.0,1.323286,0.0,1.8769612,0.0,0.0,0.65822434,0.0,0.016370611,0.0,1.748614,1.8991166,0.7150226,0.0,0.02100759,0.096210144,0.5231397,2.2316568,0.0,2.2723427,0.5303336,0.0,0
0.0,0.0,1.1405271,1.3096701,2.7665904,0.0,0.0,0.0,0.26961437,0.0,0.0,0.6551685,0.06681304,0.0,0.3233203,0.0,0.0,0.7785152,0.0,0.0,0.1561422,0.0,0.0,2.0115213,0.0,0.0,0.052392922,0.35805503,0.19080913,0.0,0.0,0.011722144,0.0,0.2354223,0.0,0.0,0.0,0.0,0.010878705,0.0,1.3448529,0.0,0.456845,0.440642,0.0,2.1415071,0.0,0.0,0.0,0.8068003,0.0,0.0,0.0,0.0,0.0,0.0,0.42215106,0.0,0.07641978,1.3492309,0.9664167,0.0,0.0,0.6713426,0.0,0.0,0.0,0.0,1.1011907,0.0,0.0,0.5939413,0.0,0.0,1.0195013,0.038310215,0.873812,0.101562,0.66078335,0.0,0.0,0.0,0.0,0.0,0.0,0.0,0.0,1.7932949,0.0,0.0,0.3127899,0.0,0.0,0.0,1.8546566,0.25282925,0.0,1.6693224,0.0,0.121775165,0.0,0.0,1.0684375,0.0,1.4327606,0.0,0.0,0.0,0.8839804,1.4962102,0.0,0.0,0.1447076,0.7532996,0.52455145,0.0,2.3861666,0.84764946,1.4770242,1.752136,0.0,0.0,0.0,0.14870635,0.0,0.4289349,0.0,0.0,0.0,0.0,0.6499659,0.995389,0.0,0.0,0.7726873,0.0,0.0,0.0,0.0,0.0,0.0,0.0,0.826396,1.1579645,0.32241517,0.5539434,0.0,0.8434555,1.6585698,0.0,0.0,0.0,0.79839396,0.38112545,1.0845553,0.0,0.0,0.0,0.0,0.0,0.0,0.0,0.0,0.22470582,1.6983509,0.0,0.30541334,0.21421844,1.3972257,0.0,0.0,0.22741303,0.63084805,0.0,0.0,0.09495607,1.6758235,0.39396396,0.0,0.0,0.028990459,1.6772338,0.32576823,0.03503616,0.0,0.0,0.0,0.0,2.0742135,0.3115421,0.0,0.0,0.4826518,0.0,4.136406,0.0,0.0,0.0,0.64080787,0.041998416,1.0487977,2.0520625,0.0,0.0,0.0,0.0,1.2093912,0.0,0.0,0.0,1.3543015,0.76529855,0.0,0.20252575,0.21080217,0.0,0.0,0.7414106,0.0,1.4666734,1.2667897,0.94967985,0.5276306,2.2982814,1.2523509,0.0,0.0,1.6797187,0.0,0.83883476,0.0,0.0,0.0,0.11613045,0.0,0.77201974,0.3505725,2.324075,0.0,0.0,0.23501693,0.0,0.0,0.0,1.383706,1.8954653,0.6510979,0.0,0.29007983,0.20538913,0.0034900904,1.5266321,0.0,2.133444,0.5342843,0.0,0
0.0,0.0,1.6183151,0.9846285,2.3819854,1.1711017,0.0,0.0,0.0,0.0,0.0,0.6958688,0.20078002,0.03575053,0.0,0.0,0.0,1.2563887,0.0,0.0,0.0,0.0,0.0,1.9169466,0.021464642,0.0,0.0,0.0,0.46529016,0.0,0.0,0.12433871,0.0,0.0,0.0,0.0,0.0,0.049170032,0.22832547,0.0,1.7229625,0.0,0.26180384,0.4167818,0.0,3.0620728,0.0,0.0,0.0,0.5041294,0.0,0.7705831,0.0,0.0,0.0,0.0,0.80250674,0.0,0.2013277,1.0676247,0.9616254,0.0,0.0,0.0,0.0,0.03378505,0.55866027,0.0,0.48037472,0.104434684,0.0,2.0613687,0.0,0.0,1.1708598,0.0,1.4294792,0.39710736,1.1964774,0.0,0.0,0.0,0.0,0.015142603,0.123146065,0.0,0.0,1.2190423,0.0,0.0,0.0752585,0.0,0.0,0.0,1.8705431,0.18327312,0.0,1.0154489,0.0,0.09386249,0.25890675,0.0,0.9854524,0.0,1.8381999,0.0,0.0,0.0,0.09566297,1.0473722,0.05589567,0.0,0.27359134,0.9550072,0.11049923,0.6472112,1.4679904,0.7568175,0.11567622,1.2224841,0.0,0.0,0.0,0.0,0.0,0.12184147,0.0,0.0,0.19865584,0.0,0.0,0.8741419,0.7805436,0.0,0.49403003,0.0,0.0,0.0,0.0,0.0,0.0,0.0,0.6278626,0.3994183,0.0,0.072139576,0.0,1.321836,2.077282,0.54317385,0.0,0.0,0.95627666,0.7979283,0.56674635,0.0,0.0,0.0,0.0,0.0,0.0,0.0,0.0,1.0604631,1.637375,0.0,0.0,0.0,1.955392,0.0,0.0,0.0,1.1248283,0.0,0.0,0.9552997,1.7341726,0.62629074,0.0,0.0,0.0,1.5986228,0.46279716,0.24839218,0.0,0.0,0.0,0.0,1.61972,0.3403939,0.0,0.0,0.89305705,0.0,3.1095178,0.0,0.0,0.30536526,0.2610154,0.5919312,1.0600353,1.9692283,0.5241646,0.0,0.0,0.0,2.0289142,0.0,0.0,0.0,1.1555768,0.9909457,0.0,0.67230517,0.2949485,0.0,0.0,1.0833713,0.0,0.40906596,2.150791,1.3059934,0.0,1.9661261,1.4611305,0.0,0.0,1.5971434,0.0,0.88895196,0.0,0.0,0.0,0.0,0.0,1.5619566,0.0,1.5321734,0.0,0.0,0.28455472,0.0,0.0,0.0,1.3535547,1.3582474,0.65354896,0.0,0.5210663,0.0,0.97955406,1.9967306,0.0,2.109005,0.6644446,0.0,0
0.0,0.0,2.2710223,0.84553784,2.1511252,1.9459001,0.23738442,0.0,0.0,0.0,0.0,1.0792114,0.0042168954,0.029329501,0.0,0.0,0.0,0.8729921,0.0,0.0,0.0,0.0,0.0,1.9672328,0.0,0.0,0.0,0.0,0.3381031,0.0,0.0,0.0,0.0,0.16906612,0.0,0.0,0.82035714,0.14674383,0.45491382,0.0,1.7127036,0.0,0.10389579,0.8212271,0.0,1.6775526,0.0,0.0,0.0,0.44797465,0.0,1.6318494,0.0,0.0,0.0,0.0,0.6981958,0.0,0.9528889,0.9127019,1.3175967,0.0,0.0,0.0,0.0,0.0,0.079243116,0.0,0.0,0.0,0.0,2.1039271,0.33248293,0.0,2.195072,0.0,1.0219755,0.39465913,1.0982275,0.0,0.0,0.0,0.0,0.0,0.14923394,0.0,0.0,1.2076131,0.0,0.0,0.15522486,0.0,0.0,0.0,1.6309794,0.51626474,0.99305516,1.1331671,0.0,0.0,1.3798256,0.0,2.0977523,0.0,1.0722903,0.0,0.0,0.0,0.12527527,0.7292806,0.9980173,0.0,0.2534735,1.5522836,0.33105025,1.3163115,0.0,0.90951127,0.0,1.0289073,0.0,0.0,0.0,0.0,0.0,0.38686597,0.0,0.0,0.25098693,0.0,0.7925646,1.1000578,1.0834595,0.0,0.058360476,0.0,0.0,0.0,0.3678256,0.0,0.0,0.0,0.40854222,0.4773929,0.0,0.41646108,0.0,1.300034,1.7584884,0.25176096,0.0,0.0,0.7743412,1.3120444,0.0,0.0,0.0,0.0,0.0,0.017633725,0.0,0.0,0.0,1.5624056,2.002628,0.0,0.49445394,0.074869886,0.9821558,0.0,0.0,0.0,1.2373776,0.0,0.0,0.7471096,1.8289548,0.78547287,0.0,0.0,0.48049974,1.4137291,0.3789728,0.2995746,0.0,0.0,0.0,0.0,1.5372702,0.59845746,0.0,0.0,0.9808119,0.0,2.974439,0.0,0.0,0.34781414,0.0,1.2695558,0.29851487,1.2082493,0.24606635,0.0,0.0,0.0,1.319265,0.0,0.0,0.0,1.0045135,0.78808844,0.0,1.3957684,0.8526156,0.0,0.0,1.5028857,0.0,0.48695737,2.3839524,1.1667129,0.0,1.6918507,2.12284,0.0,0.0,2.1906438,0.0,1.820314,0.0,0.0,0.0,0.0,0.0,1.8236672,0.0,0.47196007,0.0,0.0,0.28769267,0.0,0.033630062,0.7470263,1.1056854,1.3115484,1.0506537,0.0,0.8676472,0.0,0.28898025,2.3319063,0.0,1.7832733,0.58862555,0.0,0
0.0,0.0,1.2789755,0.25532237,0.0,0.49580032,1.869381,0.0,0.0,0.0,0.0,2.0564303,1.9896202,1.7016332,0.0629247,0.0,0.0,2.883313,0.0,0.0,0.0,0.0,0.0,2.123995,0.52631104,0.0,0.0,0.0,2.0404136,0.0,0.0,0.6111364,0.0,0.23523708,0.0,0.0,0.0,0.9225246,1.4679464,0.0,1.6466159,0.0,1.3805772,1.3669411,0.0,0.0,0.0,0.0,0.0,1.9145046,0.0,3.2180147,0.0,0.0,0.0,0.0,3.0665615,0.0,3.2768013,0.0,0.0,0.0,0.0,2.374504,0.0,0.0,1.8421844,0.0,0.22360954,1.1487172,0.0,0.0,0.0,0.0,0.05354292,0.0,1.6780031,1.5285765,0.0,0.0,0.0,0.0,0.0,0.912247,2.0627038,0.0,0.0,0.71233386,0.0,0.0,2.4223375,0.0,0.0,0.0,3.5402718,2.8403156,0.10548769,0.6305796,0.0,0.9749158,0.0,0.0,0.3634746,0.0,0.1550766,0.0,0.0,0.0,0.0,0.0,1.4332526,0.0,1.1853837,0.0,1.3567891,4.0269394,0.41514018,1.9104306,0.0,0.17876962,0.0,0.0,0.0,0.0,0.0,3.264243,0.0,0.0,1.0499226,0.0,0.21595915,1.9236956,2.01137,0.0,0.0,0.0,0.0,0.0,0.59677464,0.0,0.0,0.0,1.7538028,0.29553986,0.51000345,0.370062,0.0,0.0,0.48347282,1.2277141,0.0,0.0,1.9699012,0.13116504,0.2044936,0.0,0.0,0.084512696,0.0,1.2581995,0.0,0.0,0.0,2.3622088,0.0,0.0,2.9533684,1.2849905,0.0,0.0,0.0,1.6309481,3.8120475,0.0,0.0,0.6242425,0.8072689,2.533138,0.0,0.0,1.4365004,0.28317425,1.266702,2.2345815,0.28155217,0.0,0.2969104,0.0,0.034936115,0.984135,0.0,0.3927999,0.07155277,0.0,5.3083115,0.0,0.0,0.0,1.858139,1.7539852,0.0,0.060013197,2.0360975,0.010956867,0.0,0.0,0.3403397,0.0,0.0,0.0,0.121042825,0.1498368,0.0,0.4463432,4.9647913,0.0,0.0,0.086015314,0.0,0.0,0.66966337,0.24976516,0.43373606,0.71586764,0.86250085,0.0,0.0,1.303999,0.0,0.6565489,0.0,0.0,0.0,1.3244101,0.0,0.27527407,0.256377,0.0,0.0,0.0,1.3878552,0.0,1.1484214,0.0,0.91652316,0.14145498,1.8286067,0.0,1.3502097,1.8485894,1.9388902,0.106157474,0.0,0.012606366,0.0,0.0,1
0.0,0.0,1.3201036,0.48198065,2.2497602,1.5655941,0.049703877,0.0,0.0,0.0,0.0,0.8218834,0.1735305,0.39706168,0.0,0.0,0.0,1.120162,0.0,0.0,0.107459635,0.0,0.0,1.3825835,0.2170424,0.0,0.0,0.0,1.0753422,0.0,0.0,0.24365272,0.0,0.0,0.0,0.0,0.5011253,0.25217426,0.2809176,0.0,1.6962832,0.0,0.27950725,0.34751633,0.0,2.1367238,0.0,0.0,0.0,0.5610392,0.0,1.2546791,0.0,0.0,0.0,0.0,0.60551775,0.0,0.3903361,0.4046602,0.93647325,0.0,0.0,0.15087658,0.0,0.0,0.693403,0.0,0.14302713,0.37661323,0.0,2.1793823,0.0,0.0,1.4820969,0.0,1.2834753,0.32895994,0.8674089,0.0,0.0,0.0,0.0,0.0,0.42905945,0.0,0.0,1.0583746,0.0,0.0,0.6230144,0.0,0.0,0.0,1.9541324,0.5050503,0.752256,0.6373673,0.0,0.0,0.45531502,0.0,1.4577613,0.0,1.2925026,0.0,0.0,0.0,0.0,0.6299977,0.16798788,0.0,0.36351246,1.2522023,0.32727078,0.72987115,0.7147775,0.628368,0.0,0.87607276,0.0,0.0,0.0,0.0,0.0,0.72258323,0.0,0.0,0.2755339,0.0207175,0.24485311,1.5250771,0.8613058,0.0,0.13127826,0.0,0.0,0.0,0.0,0.0,0.0,0.0,0.53580546,0.4940909,0.0,0.0,0.0,1.4419905,1.5623119,0.5267,0.0,0.0,0.8319552,0.94876295,0.0,0.0,0.0,0.0,0.0,0.1903704,0.0,0.0,0.0,1.0046664,1.4759637,0.0,0.7672569,0.005379754,1.0021936,0.0,0.0,0.0,1.0926104,0.0,0.0,0.8405733,1.4822441,0.4104081,0.0,0.0,0.2957425,1.3893728,0.4026267,0.34592512,0.0,0.0,0.0,0.0,1.5814248,0.36379454,0.0,0.0,0.6892491,0.0,3.1789691,0.0,0.0,0.0,0.7501804,0.93785655,0.51819605,1.3701036,0.7115458,0.0,0.0,0.0,1.4793991,0.0,0.0,0.0,0.4681731,0.7016406,0.0,0.9549654,0.92567104,0.0,0.0,1.1680225,0.0,0.23916608,2.1399722,0.73812,0.0,1.8967694,1.5467607,0.0,0.0,1.711283,0.0,1.2206596,0.0,0.0,0.0,0.0,0.0,1.1166241,0.0,0.84566396,0.0,0.0,0.86191416,0.0,0.16015057,0.0,1.3735443,1.4755512,0.22551832,0.0,0.6172019,0.31310984,0.8012212,1.5223079,0.0,1.7883967,0.39039287,0.0,0
0.0,0.0,1.1223884,2.054147,3.1165545,0.0,0.0,0.0,0.5917046,0.0,0.0,0.9405369,0.98532856,0.26438466,0.0,0.0,0.0,1.1112884,0.0,0.0,0.0,0.0,0.0,1.6602051,0.0,0.0,0.29548848,0.0,0.3986479,0.0,0.0,0.14073229,0.0,1.2263172,0.0,0.0,0.0,0.0,0.0,0.0,1.4613059,0.0,0.93436366,0.79184085,0.0,3.353094,0.0,0.36630964,0.0,1.4154671,0.0,0.9776151,0.0,0.0,0.0,0.0,1.3878747,0.0,0.105818994,1.7505754,2.1646948,0.0,0.0,0.74563277,0.0,0.0,0.491085,0.0,1.5183764,0.0,0.0,0.72894114,0.0,0.0,2.119877,0.0,0.5448274,0.4261038,2.008306,0.0,0.0,0.0,0.322287,0.0,0.23085803,0.0,0.0,1.474588,0.0,0.0,0.0,0.0,0.0,0.0,1.637626,0.56454074,0.0,2.1690984,0.0,0.16846748,0.0,0.0,2.1495266,0.0,1.6405221,0.0,0.0,0.19097096,0.9508115,1.9185982,0.7175648,0.0,0.14373355,0.6328397,0.0,0.35586742,2.4476354,1.20682,1.4040529,1.364486,0.0,0.0,0.0,0.17106608,0.0,1.242554,0.0,0.0,0.0,0.3574562,0.0,0.9196518,0.8882366,0.0,0.9225987,0.0,0.0,0.0,0.47404787,0.0,0.0,0.0,1.5089912,0.85594636,0.62241215,0.27226183,0.0,0.0,1.774407,0.2849893,0.0,0.0,1.6174444,0.8457108,1.8671799,0.0,0.0,0.0,0.0,0.0,0.0,0.0,0.0,1.1527023,1.9683292,0.0,0.43105897,0.0739256,1.6485987,0.0,0.0,0.5876503,1.2877014,0.0,0.55705166,0.15443835,1.9970298,1.149422,0.0,0.0,1.1675953,1.3180758,0.5613738,0.79860014,0.0,0.0,0.0,0.0,2.2678702,0.0,0.0,0.0,0.8536963,0.0,3.794138,0.0,0.0,0.0,1.3335485,0.9868401,1.1121051,2.436109,0.1775956,0.0,0.0,0.0,1.0690193,0.0,0.0,0.0,1.6546261,0.27330613,0.0,1.1739392,0.040482447,0.0,0.0,1.5666944,0.0,0.88566643,0.8700729,1.5052632,0.0,2.7199283,1.4400805,0.0,0.0,1.6317737,0.0,1.1035361,0.0,0.0,0.0,0.0,0.25150332,0.009565921,0.9518425,2.9987907,0.0,0.0,1.1706816,0.0,1.1314535,0.0,1.5068992,2.3294609,0.7795063,0.0,0.10238569,0.35224125,0.025540002,2.3785875,0.0,1.4242569,0.14687477,0.0,0
0.0,0.0,1.2435012,0.15902346,2.0906475,0.2255354,0.0,0.0,0.16076924,0.0,0.0,0.49110708,0.45753098,0.41427055,0.1368858,0.0,0.0,0.96966827,0.0,0.0,0.30447575,0.0,0.0,1.6448903,0.13942786,0.0,0.0,0.121409126,0.6930388,0.0,0.0,0.48090735,0.0,0.0,0.0,0.0,0.0,0.028661394,0.89389557,0.0,1.1158072,0.0,0.12559089,0.5821662,0.0,2.0336795,0.0,0.0,0.0,1.0589017,0.0,0.5835504,0.0,0.0,0.0,0.0,0.71726435,0.0,0.70088893,0.9844782,0.39975756,0.0,0.0,0.5368109,0.0,0.0,0.54132015,0.0,0.8829114,0.5576171,0.0,1.3577447,0.0,0.0,0.36535418,0.0,1.2056085,0.44305223,1.017842,0.0,0.0,0.0,0.0,0.0,0.18720686,0.0,0.0,1.0064651,0.0,0.0,0.7440602,0.0,0.0,0.0,1.6762786,0.6811218,0.0,1.0408734,0.0,0.27092537,0.0,0.0,1.062273,0.0,1.1716454,0.0,0.0,0.0,0.0,0.75525045,0.0,0.0,0.18795858,0.9337485,0.13234031,0.4397477,1.547232,0.5036539,0.5270717,1.5772525,0.0,0.0,0.0,0.0,0.0,0.93146557,0.0,0.0,0.47397405,0.0,0.0,1.1382432,0.43004254,0.0,0.40838087,0.0,0.0,0.0,0.0,0.0,0.0,0.0,0.97237444,0.5410442,0.1015214,0.35900375,0.0,1.0484948,1.3614266,0.56910926,0.0,0.0,1.3876541,0.7120159,0.4864941,0.0,0.0,0.0,0.0,0.1962782,0.0,0.0,0.0,1.2977674,1.258926,0.0,0.7383365,0.3698234,1.1248707,0.0,0.0,0.30676085,1.1104053,0.0,0.0,0.12196994,1.2652485,0.69853324,0.0,0.0,0.33524108,0.96030664,0.12167126,0.45386097,0.0,0.0,0.0,0.0,1.0011129,0.30570784,0.0,0.0,0.7205972,0.0,3.6310098,0.0,0.0,0.6799148,0.671699,0.6497782,0.93640965,1.5747769,0.7215668,0.0,0.0,0.0,1.1590499,0.0,0.0,0.0,1.1238242,0.6845243,0.0,0.18182372,1.1028553,0.0,0.0,0.8732139,0.0,0.45499232,1.166305,0.5702002,0.1161166,1.818091,1.2723818,0.0,0.0,1.1458695,0.0,0.45346707,0.0,0.0,0.0,0.49148583,0.0,0.8860226,0.0,1.4828511,0.0,0.0,0.756742,0.0,0.04942872,0.0,1.1181327,1.2114248,0.47451127,0.0,0.5399503,0.0,0.8943351,1.4568928,0.0,2.0406659,0.0,0.0,0
0.0,0.0,1.396767,0.5026709,2.271262,0.26753485,0.0,0.0,0.3714841,0.0,0.0,0.52930194,0.0,0.13141036,0.24345778,0.0,0.0,0.9128803,0.0,0.0,0.0169957,0.0,0.0,1.6134027,0.3289624,0.0,0.0,0.0,0.40190008,0.0,0.0,0.3527685,0.0,0.0,0.0,0.0,0.0,0.0,0.37676182,0.0,0.9809687,0.0,0.16067584,0.72399795,0.0,2.7247553,0.0,0.0,0.0,0.6282854,0.0,0.031560525,0.0,0.03087009,0.0,0.0,0.43078542,0.0,0.28038275,1.4689527,0.9943857,0.0,0.0,0.28490996,0.0,0.0,0.0,0.0,1.075631,0.5347367,0.0,1.2894638,0.0,0.0,0.8647974,0.0,1.2653005,0.0069750864,0.87744063,0.0,0.0,0.0,0.0,0.11822224,0.0,0.0,0.0,1.098118,0.0,0.0,0.20513138,0.0,0.0,0.0,1.8872325,0.38854903,0.0,1.0140826,0.0,0.090445206,0.0,0.0,1.0848582,0.0,1.5346779,0.0,0.0,0.0,0.28225368,1.1497259,0.23742503,0.0,0.0,1.211835,0.1018278,0.0,2.056079,1.0481858,1.0202171,1.9777994,0.0,0.0,0.0,0.0,0.0,0.4521901,0.0,0.0,0.13804644,0.0,0.0,1.2809789,0.60579056,0.0,0.6891978,0.0,0.0,0.0,0.0,0.0,0.0,0.0,0.9136088,0.661045,0.014313444,0.52831125,0.0,1.2942648,1.6722083,0.5453779,0.0,0.0,0.74810654,0.84615135,1.133935,0.0,0.0,0.0,0.0,0.0,0.0,0.0,0.0,1.2133172,1.4242508,0.0,0.062310558,0.0,1.2010084,0.0,0.0,0.09715398,0.79364276,0.0,0.0,0.4036752,1.7549179,0.32358754,0.0,0.0,0.0,1.206161,0.2548181,0.35906357,0.0,0.0,0.0,0.0,1.497606,0.28441662,0.0,0.0,0.4271824,0.0,3.5452316,0.0,0.0,0.4656235,0.75654644,0.15995608,0.90520155,1.9078016,0.19338939,0.0,0.0,0.0,1.511971,0.0,0.0,0.0,0.96496433,1.0933421,0.0,0.5636385,0.38870248,0.0,0.0,0.46964294,0.0,0.6959273,1.4293407,0.36225444,0.13828409,2.0718207,1.2993957,0.0,0.0,1.4144645,0.0,0.54463154,0.0,0.0,0.0,0.092379324,0.0,1.2067243,0.0,2.1661267,0.0,0.0,0.36244506,0.0,0.0,0.0,0.8224227,1.5926639,0.5899076,0.0,0.37715623,0.042646073,0.8001648,1.5810314,0.0,2.3104043,0.6840373,0.0,0
0.0,0.0,0.7878734,0.0,0.28205928,0.0,1.4348775,0.0,0.4833014,0.0,0.0,2.4039953,2.2587752,2.1358924,0.0,0.0,0.0,3.053817,0.0,0.0,0.0,0.0,0.0,2.1423206,0.52025187,0.0,0.0,0.0,1.9487997,0.0,0.0,0.9232169,0.0,0.0,0.0,0.0,0.0,0.9448225,2.4841595,0.0,1.1650219,0.0,0.8022686,1.7170423,0.0,0.0,0.0,0.0,0.0,1.4639252,0.0,3.501357,0.0,0.0,0.0,0.0,3.7548928,0.0,3.047785,0.28277907,0.0,0.33099928,0.0,3.173229,0.0,0.0,1.6237068,0.29985857,0.43769845,1.5346938,0.0,0.0,0.0,0.0,0.0,0.0,2.2392592,1.9763077,0.0,0.0,0.0,0.0,0.0,0.97334903,1.9371258,0.0,0.0,0.7709666,0.0,0.0,2.1298597,0.0,0.0,0.0,4.042448,3.9495332,0.0,0.6331329,0.0,0.78053933,0.0,0.0,0.0,0.0,0.5941264,0.0,0.0,0.0,0.2329672,0.0,1.7209442,0.0,1.224303,0.16562946,1.8619186,4.242806,0.46188113,1.1117927,0.0,0.6315514,0.0,0.0,0.0,0.0,0.0,4.361742,0.0,0.0,0.95686114,0.0,0.0,1.8234763,2.3127887,0.0,0.075043775,0.0,0.0,0.0,0.32035068,0.0,0.0,0.0,2.2864125,0.25606525,0.819778,0.7500975,0.0,0.0,0.68603987,1.045064,0.0,0.0,2.8753452,0.0,0.4165773,0.0,0.0,0.0,0.0,1.4975955,0.0,0.0,0.0,3.1733718,0.0,0.0,3.3003128,1.1868452,0.0,0.0,0.0,1.8703939,3.3304794,0.0,0.0,1.2197512,0.12311213,2.5936544,0.0,0.0,1.5842682,0.0,1.7503077,2.5533617,0.7826073,0.0,0.03568637,0.0,0.0,0.89856935,0.0,0.35599375,0.0,0.0,5.797586,0.0,0.0,0.0,2.0880344,1.5931928,0.28781253,0.0,2.4153695,0.0,0.13463478,0.0,0.0,0.0,0.0,0.0,0.23862205,0.0,0.0,0.30460012,5.5910525,0.0,0.0,0.0,0.0,0.47088724,0.0,0.0,0.80867034,0.14126375,0.7265164,0.0,0.0,1.5568807,0.0,0.29945335,0.0,0.0,0.0,1.1614981,0.0,0.81176585,0.18289861,0.0,0.0,0.0,1.3022968,0.0,1.3443602,0.0,0.54455626,0.5214266,2.2213607,0.0,1.6194657,1.6610534,2.1980946,0.0,0.0,0.0,0.0,0.0,1
0.0,0.0,2.012031,0.9468246,2.3278728,2.041508,0.2430955,0.0,0.0,0.0,0.0,1.1364216,0.23362102,0.5359393,0.0,0.0,0.0,1.1422275,0.0,0.0,0.0,0.0,0.0,1.6866677,0.06624547,0.0,0.0,0.0,0.51734793,0.0,0.0,0.21061406,0.0,0.0,0.0,0.0,0.67213243,0.25432265,0.048542522,0.0,1.6467466,0.0,0.46397427,0.37496725,0.0,2.5542195,0.0,0.0,0.0,0.8293811,0.0,1.2002739,0.0,0.0,0.0,0.0,0.84343183,0.0,0.55228156,0.5804391,0.7527467,0.0,0.0,0.12988472,0.0,0.0,0.6015414,0.0,0.0,0.048558135,0.0,2.1156242,0.2014655,0.0,1.4511486,0.0,1.0451262,0.45574084,1.0645081,0.0,0.0,0.0,0.0,0.0,0.13244647,0.0,0.0,1.1703777,0.0,0.0,0.9857624,0.0,0.0,0.0,2.0951273,0.22218518,0.71040756,0.8511574,0.0,0.0,0.8528251,0.0,1.6287276,0.0,1.3987736,0.0,0.0,0.0,0.0,0.8251776,0.3391997,0.0,0.5463661,1.3331901,0.51565814,0.9740039,0.2944263,0.8690686,0.0,0.935177,0.0,0.0,0.0,0.0,0.0,0.7077717,0.0,0.0,0.018901225,0.16020364,0.7102304,1.2770274,0.62422,0.0,0.25906911,0.0,0.0,0.0,0.108642824,0.0,0.0,0.0,0.50456345,0.38051885,0.0,0.4048598,0.0,1.3947873,1.7308369,0.46982697,0.0,0.0,0.55982095,1.0998547,0.0,0.0,0.0,0.0,0.0,0.12019902,0.0,0.0,0.0,1.1761714,1.6890529,0.0,0.25332835,0.011729705,0.9455096,0.0,0.0,0.12984514,1.4368858,0.0,0.0,0.89056677,1.5564375,0.5801857,0.0,0.0,0.49373946,1.5960419,0.2514361,0.43409565,0.0,0.0,0.0,0.0,1.3540663,0.095871426,0.0,0.0,1.0917568,0.0,3.2053125,0.0,0.0,0.38131294,0.2776952,1.1147356,0.4567238,1.7186842,0.9002999,0.0,0.0,0.0,1.4553323,0.0,0.0,0.0,1.1037658,0.80143964,0.0,1.0210834,1.2400612,0.058076527,0.0,1.3371562,0.0,0.2711768,2.294443,0.9794172,0.0,2.092047,2.2809656,0.0,0.0,1.9089231,0.0,1.4833401,0.0,0.0,0.0,0.0,0.0,1.3157754,0.0,0.8952591,0.0,0.0,0.56366473,0.0,0.0,0.17179964,1.3468896,1.199201,0.3932466,0.0,0.6081711,0.31864622,0.7677836,1.869765,0.0,1.5538762,0.4453364,0.0,0
0.0,0.0,1.2415229,0.8159705,1.8309717,0.0,0.0,0.0,0.56569254,0.0,0.0,0.96254474,0.6271742,0.13647029,0.0,0.0,0.0,1.1210938,0.0,0.0,0.0,0.0,0.0,1.5867724,0.36763003,0.0,0.14895335,0.0,0.5794617,0.0,0.0,0.019065794,0.0,0.26172075,0.0,0.0,0.0,0.1259987,0.3978626,0.0,1.3101399,0.0,0.3698493,0.6537293,0.0,1.1242023,0.0,0.0,0.0,1.0039164,0.0,0.6085752,0.0,0.0,0.0,0.0,1.2620502,0.0,0.8146701,1.3436617,0.7533388,0.0,0.0,0.76580465,0.0,0.0,0.6212573,0.0,1.0224158,0.31001344,0.0,0.7161269,0.0,0.0,0.7237739,0.0,0.8451603,0.27116758,0.552906,0.0,0.0,0.0,0.0,0.21769276,0.60519725,0.0,0.0,1.2227973,0.0,0.0,0.3455018,0.0,0.0,0.0,1.6981463,0.65680087,0.0,1.5976691,0.0,0.29201487,0.0,0.0,1.1479576,0.0,1.3119648,0.0,0.0,0.0,0.67695105,0.64329463,0.14465937,0.0,0.12189813,0.47516346,0.58552414,0.56988496,1.7545124,1.0848466,1.0677184,1.1682228,0.0,0.0,0.0,0.0,0.0,1.4446648,0.0,0.0,0.2029602,0.0,0.24810727,1.3224318,0.65089935,0.0,0.53835416,0.0,0.0,0.0,0.0,0.0,0.0,0.0,0.8996368,0.26125187,0.13384752,0.0,0.0,0.5401659,1.5247812,0.18703932,0.0,0.0,1.0772817,0.6587539,0.82170635,0.0,0.0,0.0,0.0,0.45058942,0.0,0.0,0.0,0.99658674,0.836033,0.0,0.7657802,0.40767756,1.3949689,0.0,0.0,0.09388776,0.8658538,0.0,0.0,0.15804353,1.1981497,0.97171265,0.0,0.0,0.3167972,1.0344317,0.64414227,0.66223335,0.0,0.0,0.20601447,0.0,1.4978613,0.51104575,0.0,0.0,0.40589106,0.0,3.5948274,0.0,0.0,0.18150844,0.957092,0.49246967,1.2577302,1.2932987,0.20452797,0.0,0.0,0.0,1.1679327,0.0,0.0,0.0,0.94877285,0.6611175,0.0,0.66703534,1.1848811,0.0,0.0,0.9724364,0.0,1.0453572,0.8789827,0.49627706,0.38670817,1.9385008,1.2472715,0.0,0.0,1.3158998,0.0,0.34118745,0.0,0.0,0.0,0.38315296,0.0,0.6721236,0.13543937,1.2940655,0.0,0.0,0.29423586,0.0,0.12760435,0.0,0.7327414,1.6910392,0.46593425,0.0,0.650101,0.64309496,0.5998216,1.3641056,0.0,1.2647258,0.40728247,0.0,0
0.0,0.0,1.7536747,0.9522015,2.0894768,0.0,0.028640432,0.0,0.5920413,0.0,0.0,0.86919403,0.68091464,0.5482323,0.067493245,0.0,0.0,1.2972972,0.0,0.0,0.0,0.0,0.0,1.6433815,0.53012824,0.0,0.16460317,0.0,0.7839737,0.0,0.0,0.04159802,0.0,0.7555798,0.0,0.0,0.0,0.13076,0.51760024,0.0,1.6764044,0.0,0.6412884,0.8115759,0.0,2.4746726,0.0,0.0,0.0,1.4240261,0.0,0.9491722,0.0,0.0,0.0,0.0,1.4307084,0.0,1.0267179,0.9690565,0.9544775,0.0,0.0,0.53004515,0.0,0.0,0.72953105,0.0,1.4657229,0.0,0.0,1.1539737,0.0,0.0,0.87464166,0.0,0.99814,0.5083978,0.7119132,0.0,0.0,0.0,0.0,0.0,0.52748686,0.0,0.0,1.2842531,0.0,0.0,0.5742871,0.0,0.0,0.0,1.8545933,0.8093415,0.0,1.0752939,0.0,0.3675862,0.0,0.0,1.2155389,0.0,1.1694834,0.0,0.0,0.0,0.61631715,0.92452806,0.6537242,0.0,0.22026128,0.24596283,0.5087052,1.2511107,2.1182911,0.7584697,1.2320306,1.4068365,0.0,0.0,0.0,0.0,0.0,1.4229207,0.0,0.0,0.11212485,0.0,0.07326286,0.9077818,0.9806884,0.0,0.34475237,0.0,0.0,0.0,0.34166184,0.0,0.0,0.0,1.0867777,0.648308,0.10686098,0.20614745,0.0,0.60075694,1.6082184,0.5211503,0.0,0.0,1.2176348,0.6808066,0.93215626,0.0,0.0,0.0,0.0,0.12288105,0.0,0.0,0.0,1.4141484,1.3090911,0.0,1.0751076,0.51531756,1.2088498,0.0,0.0,0.6161606,1.7618561,0.0,0.0,0.10308653,1.6231632,1.0128056,0.0,0.0,0.6681019,1.1173579,0.38498476,1.0372698,0.0,0.0,0.22078432,0.0,1.5272564,0.29145044,0.0,0.0,0.50641507,0.0,3.8739812,0.0,0.0,0.14020933,1.1501591,0.8896365,0.8951738,1.2239406,0.8346248,0.0,0.0,0.0,1.3544149,0.0,0.0,0.0,1.2038264,0.56728935,0.0,0.6977631,1.4020503,0.0,0.0,0.49226597,0.0,0.5510836,1.4143673,1.0322365,0.24252169,1.8947183,1.1207957,0.0,0.0,1.5845722,0.0,0.6117092,0.0,0.0,0.0,0.97044593,0.0,0.90467966,0.52118057,1.7683356,0.0,0.0,0.5396184,0.0,0.7237993,0.0,0.9596619,1.4626712,0.89700913,0.0,0.7885083,0.671825,1.0557173,1.6362481,0.0,1.0546838,0.6392057,0.0,0
0.0,0.0,1.3116765,0.530134,2.2112343,0.055336554,0.42289302,0.0,0.39545164,0.0,0.0,0.7704752,0.6876434,0.5638473,0.021759909,0.0,0.0,1.2621907,0.0,0.0,0.0,0.0,0.0,1.5445449,0.39144978,0.0,0.29200283,0.0,0.9789764,0.0,0.0,0.644494,0.0,0.024393424,0.0,0.0,0.0,0.11310492,0.95527536,0.0,1.5289551,0.0,0.4432157,0.7194955,0.0,1.4466301,0.0,0.0,0.0,0.8554729,0.0,0.87192786,0.0,0.0,0.0,0.0,0.9724211,0.0,1.0202211,0.8700232,0.58005816,0.0,0.0,0.88548267,0.0,0.0,0.6362827,0.0,0.85989153,0.40364102,0.0,0.98338366,0.0,0.0,0.7479658,0.0,1.1282636,0.7206714,0.8560361,0.0,0.0,0.0,0.0,0.0,0.4437967,0.0,0.0,1.0884613,0.0,0.0,0.42102712,0.0,0.0,0.0,1.738385,1.0907654,0.0,1.1944585,0.0,0.3641915,0.01663486,0.0,1.370637,0.0,1.6586546,0.0,0.0,0.0,0.081296936,0.32737103,0.5749181,0.0,0.14662354,0.6807521,0.7855692,1.3155484,1.1994054,0.9922888,0.898126,1.6852043,0.0,0.0,0.0,0.0,0.0,1.2071099,0.0,0.0,0.5019055,0.0,0.059886176,1.119497,0.8241703,0.0,0.13188744,0.0,0.0,0.0,0.0,0.0,0.0,0.0,1.1254997,0.39940524,0.2890826,0.16858403,0.0,0.9290584,1.555104,0.4108334,0.0,0.0,0.98884606,0.5244533,0.8571209,0.0,0.0,0.0,0.0,0.25969043,0.0,0.0,0.0,1.2699895,1.5417016,0.0,1.1588794,0.5433636,0.7293639,0.0,0.0,0.71231604,1.4313505,0.0,0.0,0.48000917,1.0888548,1.1576759,0.0,0.0,0.3023145,0.5076973,0.76449233,1.2574426,0.0,0.0,0.0,0.0,1.3095198,0.19198379,0.0,0.11583753,0.4246239,0.0,4.351872,0.0,0.0,0.22134693,1.4005878,1.0616155,0.36539784,1.2119199,1.061999,0.0,0.0,0.0,0.75764716,0.0,0.0,0.0,0.7448182,0.64952314,0.0,0.75901467,1.2083423,0.0,0.0,0.8135141,0.0,0.27993488,1.0348169,0.81951344,0.49102908,1.8718513,1.0809022,0.0,0.0,1.7209966,0.0,0.6391733,0.0,0.0,0.0,0.7263426,0.0,0.33063737,0.29450634,1.1593757,0.0,0.0,0.040539913,0.0,0.70433456,0.0,0.7793407,1.6194135,0.82578355,0.0,0.30929974,0.4290743,0.6422696,1.4122852,0.0,0.8786461,0.23393735,0.0,0
0.0,0.0,0.96782124,0.6417918,2.3043673,0.0,0.0,0.0,0.6522018,0.0,0.0,0.86326456,0.6949456,0.024340473,0.3960293,0.0,0.0,1.03108,0.0,0.0,0.0,0.0,0.0,2.0148044,0.05580839,0.0,0.2315704,0.0,0.20264979,0.0,0.0,0.18818131,0.0,0.18098943,0.0,0.0,0.0,0.0,0.39365882,0.0,0.97431755,0.0,0.0292751,0.28625056,0.0,2.098392,0.0,0.0,0.0,0.8928155,0.0,0.4886169,0.0,0.023466805,0.0,0.0,0.43511572,0.0,0.34399614,1.8392192,0.77109927,0.084266104,0.0,0.732023,0.0,0.0,0.16629457,0.0,1.4450378,0.23556325,0.0,0.6276677,0.0,0.0,1.0291084,0.0,1.3940535,0.37387344,0.8338969,0.0,0.0,0.0,0.0,0.0,0.0,0.0,0.0,1.345759,0.0,0.0,0.10629008,0.0,0.0,0.0,1.661875,0.6259947,0.0,1.8535515,0.0,0.12645765,0.0,0.0,1.0620646,0.0,1.8598915,0.0,0.0,0.0,0.84615016,1.1866463,0.0,0.0,0.2038609,1.2397764,0.23347366,0.3923805,1.9419357,0.6878726,1.7394365,1.9819719,0.0,0.0,0.0,0.0,0.0,0.5217054,0.0,0.0,0.2115652,0.0,0.029081678,0.8485541,0.5153181,0.0,0.6715122,0.0,0.0,0.0,0.0,0.0,0.0,0.0,0.54259574,0.6322128,0.32359347,0.9665683,0.0,0.9047826,1.6842268,0.5642089,0.0,0.0,1.1098083,0.0,0.8685395,0.0,0.0,0.0,0.0,0.005186547,0.0,0.0,0.0,1.0193839,1.0670934,0.0,0.0,0.30536792,1.5390385,0.0,0.0,0.5726414,0.3983475,0.0,0.0,0.0,1.4640423,0.011812361,0.0,0.0,0.20872034,0.77379507,0.05704504,0.4955493,0.0,0.0,0.0,0.0,1.4962927,0.49224684,0.0,0.0,0.3677662,0.0,3.2774,0.0,0.0,0.039296757,0.87312686,0.45638415,0.7972654,1.6941292,0.20916355,0.0,0.0,0.0,1.2999334,0.0,0.0,0.0,1.3763732,1.2072375,0.0,0.015355238,0.32060015,0.0,0.0,0.8473456,0.0,1.3342407,0.8340408,0.70571756,0.5952233,1.6611761,1.2528932,0.0,0.0,1.469085,0.0,0.002269333,0.0,0.0,0.0,0.1353043,0.0,0.8798817,0.058209363,1.9056462,0.0,0.0,0.0,0.0,0.0,0.0,0.91634446,1.6410824,0.7302949,0.0,0.20476037,0.15507369,0.33776814,1.4464369,0.0,1.8410864,0.6382683,0.0,0
0.0,0.0,1.9727719,0.73532945,2.0367906,1.9311348,0.3653243,0.0,0.0,0.0,0.0,1.2989091,0.54199076,0.5041355,0.0,0.0,0.0,1.7234772,0.0,0.0,0.0,0.0,0.0,1.8795756,0.12670356,0.0,0.0,0.0,0.9877803,0.0,0.0,0.038005646,0.0,0.0,0.0,0.0,0.89268786,0.37164813,0.18898317,0.0,1.6848599,0.0,0.3599859,0.5860002,0.0,2.6143973,0.0,0.0,0.0,0.7549282,0.0,1.2952949,0.0,0.0,0.0,0.0,1.077557,0.0,0.7972235,0.7837799,0.70724666,0.0,0.0,0.2032342,0.0,0.0,0.8479464,0.0,0.0,0.07700147,0.0,2.0394902,0.46004647,0.0,1.5437055,0.0,1.1796492,0.39699832,0.8519877,0.0,0.0,0.0,0.0,0.0,0.5730279,0.0,0.0,1.2745934,0.0,0.0,0.8236731,0.0,0.0,0.0,2.2925825,0.51547295,1.1471786,1.1949337,0.0,0.0,0.9827422,0.0,1.4128687,0.20178352,1.4792325,0.0,0.0,0.0,0.0082250945,0.43251958,0.18383147,0.0,0.516967,1.8102529,0.25050023,1.0580112,0.58531106,0.84257615,0.0,0.8119132,0.0,0.0,0.0,0.007798344,0.0,0.37554955,0.0,0.0,0.12897658,0.23104937,0.6908485,1.5430654,0.67962295,0.0,0.26342145,0.0,0.0,0.0,0.02848182,0.0,0.0,0.0,0.8453822,0.38600844,0.0,0.4133802,0.0,1.6922184,1.7766149,0.6345376,0.0,0.0,0.875226,1.177212,0.0,0.0,0.0,0.0,0.0,0.36914456,0.0,0.0,0.0,1.2200258,1.7207791,0.0,0.72154504,0.27206475,1.1438085,0.0,0.0,0.1292152,1.5648274,0.0,0.0,0.90265816,1.834693,0.18079339,0.0,0.0,0.22520684,1.466919,0.49665084,0.113586515,0.0,0.0,0.0,0.0,1.3634903,0.38249537,0.0,0.0,1.0460184,0.0,3.664551,0.0,0.0,0.15153395,0.5545406,1.0667434,0.5941603,1.8842242,0.5910732,0.0,0.0,0.0,1.3115219,0.0,0.0,0.0,0.83404714,0.7728389,0.0,1.1336684,1.2400857,0.0,0.0,1.5361831,0.0,0.19784716,2.520939,0.89308363,0.0,1.813924,2.0966966,0.0,0.0,2.1538033,0.0,1.5555148,0.0,0.0,0.0,0.0,0.0,1.645856,0.0,0.84804314,0.0,0.0,0.47279564,0.0,0.0,0.2977555,1.2214334,1.3972052,0.7235973,0.0,0.7462016,0.31492946,1.0044875,1.7704585,0.0,1.9473913,0.5473171,0.0,0
0.0,0.0,1.9938582,1.5885863,1.4920329,0.0,0.0,0.0,0.0,0.0,0.0,1.0931252,0.47740957,0.0,0.0,0.0,0.0,1.7173579,0.41403154,0.0,0.0,0.0,0.0,2.4944534,0.0,0.0,0.15659538,0.0,0.0,0.0,0.0,0.0,0.0,0.0,0.0,0.0,0.0,0.18158445,0.560241,0.0,1.0900555,0.0,0.2745619,0.79730856,0.0,1.6525217,0.0,0.0,0.0,0.526859,0.0,0.9496899,0.0,0.0,0.0,0.0,0.5099988,0.0,0.9312783,1.8791488,1.2134149,0.0,0.0,0.0,0.0,0.0,0.0,0.0,0.94393426,0.020524848,0.0,1.4869862,0.0,0.0,0.9175679,0.0,1.260364,0.0,0.8638244,0.0,0.0,0.0,0.0,0.0,0.62705815,0.0,0.0,1.4001149,0.0,0.0,0.25079715,0.0,0.0,0.0,1.7599263,0.23201065,0.0,2.5471485,0.0,0.24859221,0.0,0.009355738,1.3038117,0.0,1.8115376,0.0,0.0,0.0,1.1882386,1.2828369,0.12183899,0.0,0.6431243,1.1382679,0.30208376,1.2304415,1.9083356,1.0752735,1.0447623,1.5489773,0.0,0.0,0.0,0.0,0.0,0.42806375,0.0,0.0,0.09120678,0.0,0.31088465,0.7608381,1.3190092,0.0,0.8971393,0.0,0.0,0.0,0.1344509,0.0,0.0,0.0,1.1438936,0.7262749,0.27173936,1.573622,0.0,0.33259425,1.7921416,0.44214553,0.0,0.0,0.6746315,0.5945061,1.7247922,0.0,0.0,0.0,0.0,0.21396674,0.0,0.0,0.0,0.81324327,1.0119847,0.0,0.0,0.4339385,2.3503845,0.0,0.0,0.6068661,1.3709328,0.0,0.0,1.2019855,2.5345373,0.30668396,0.0,0.0,0.19327144,1.8794082,0.62086016,0.0,0.6099228,0.0,0.0,0.0,1.4508642,0.33618283,0.0,0.0,0.561307,0.0,3.9814665,0.0,0.0,0.0,0.0026909513,0.0,0.63022035,2.7367163,0.53791064,0.0,0.0,0.0,1.5192752,0.0,0.0,0.0,0.8983158,1.052356,0.0,0.58951604,1.049487,0.0,0.10634187,1.5844234,0.0,1.6842995,1.3487977,1.0365366,0.57271373,1.9263145,1.4607557,0.0,0.0,2.2770882,0.0,1.1295241,0.0,0.0,0.44419613,0.2790847,0.0,2.0433083,0.0,1.875159,0.0,0.0,0.38720208,0.0,0.24518827,0.04098963,1.4738878,1.4437395,1.16597,0.0,0.07658856,0.0,0.5104182,1.6975486,0.0,1.6841309,1.0521047,0.0,0
0.0,0.0,1.4714347,0.88287586,2.5831072,0.0,0.0,0.0,0.52814347,0.0,0.0,0.822407,0.8806865,0.31787714,0.0,0.0,0.0,1.6149783,0.0,0.0,0.0,0.0,0.0,2.17206,0.0,0.0,0.0,0.0,0.18534783,0.0,0.0,0.24890554,0.0,0.0,0.0,0.0,0.0,0.0,0.40233657,0.0,1.1687875,0.0,0.0,0.45561665,0.0,2.4900618,0.0,0.0,0.0,0.48845515,0.0,0.60714924,0.0,0.0,0.0,0.0,1.1125561,0.0,0.6231678,1.8122069,0.7055105,0.0,0.0,0.5566133,0.0,0.0,0.0,0.0,0.9294904,0.42613617,0.0,1.2580285,0.0,0.0,0.4517615,0.011826262,1.4113988,0.09984393,0.37071064,0.0,0.0,0.0,0.0,0.0,0.4663098,0.0,0.0,1.3777183,0.0,0.0,0.3050945,0.0,0.0,0.0,1.9127778,0.49260765,0.0,2.2512288,0.24062873,0.20924486,0.0,0.0,0.95765,0.0,1.9339314,0.0,0.0,0.0,0.893988,1.577027,0.50996697,0.0,0.2786986,1.8376454,0.3962024,0.8552985,1.8471152,0.9080791,1.1786119,1.7828732,0.0,0.0,0.0,0.08122507,0.0,0.9898307,0.0,0.0,0.0,0.0,0.0,0.8472438,0.8252521,0.0,0.86708844,0.0,0.0,0.0,0.0,0.0,0.0,0.0,1.4270624,0.8516596,0.76188666,1.1819395,0.0,1.0420048,2.2103014,0.39202034,0.0,0.0,0.7089898,0.23401563,1.3166403,0.0,0.0,0.0,0.0,0.39096475,0.0,0.0,0.0,0.8059127,1.483421,0.0,0.18661933,0.39106867,1.5523088,0.0,0.0,0.65936613,1.133128,0.0,0.0,0.69987804,1.6407164,0.5222417,0.0,0.0,0.33292335,1.5516645,0.4458941,0.43995696,0.24954526,0.0,0.0,0.0,1.7692035,0.2863294,0.0,0.07414533,0.56515914,0.0,4.5039625,0.0,0.0,0.0,0.29937294,0.37026772,0.5150514,2.1868768,0.7587582,0.0,0.0,0.0,1.0261372,0.0,0.0,0.0,1.2807359,0.7164668,0.0,0.14582649,0.941979,0.0,0.0,0.74323,0.0,1.3926542,1.0287424,0.98200566,0.7494974,1.776782,1.0946726,0.0,0.0,2.3470144,0.0,0.16725047,0.0,0.0,0.0,0.53497547,0.0,1.5704237,0.33504143,2.0486636,0.0,0.0,0.0,0.0,0.0854664,0.0,1.7369169,1.6265106,0.8705788,0.0,0.3680202,0.42190313,0.58500665,1.3749032,0.0,2.0878363,0.639502,0.0,0
0.0,0.0,1.3568908,0.7415027,2.1529286,0.0,0.0,0.0,0.21643692,0.0,0.0,1.42408,0.62518686,0.0,0.054484647,0.0,0.0,1.3032639,0.0,0.0,0.0,0.0,0.0,2.7539492,0.0,0.0,0.23262969,0.0,0.09876144,0.0,0.0,0.13220337,0.0,0.0,0.0,0.0,0.0,0.19389702,0.26979288,0.0,0.86699104,0.0,0.5424231,0.7620115,0.0,1.6629914,0.0,0.0,0.0,0.5048742,0.0,0.96069574,0.0,0.0,0.0,0.0,0.70932704,0.0,0.87039393,2.1131747,0.9650427,0.021636134,0.0,0.10195977,0.0,0.0,0.0,0.0,1.3177962,0.42533296,0.0,1.1753678,0.0,0.0,0.9645409,0.0,1.024678,0.0,0.5310815,0.0,0.0,0.0,0.0,0.0,0.5271004,0.0,0.0,1.6479698,0.0,0.0,0.05749173,0.0,0.0,0.0,1.9386997,0.62996155,0.0,2.2973878,0.1887261,0.5535436,0.0,0.0,1.1160567,0.0,1.4541308,0.0,0.0,0.0,1.0932008,1.5990372,0.20836116,0.0,0.45933715,1.3399758,0.0,1.4649161,1.6500928,1.4934686,1.329472,1.5607939,0.0,0.0,0.0,0.0,0.0,0.60513663,0.0,0.0,0.0,0.0,0.519924,1.0715994,0.716456,0.0,1.0175183,0.0,0.0,0.0,0.0,0.0,0.0,0.0,1.0574967,0.6907466,0.63647467,1.1838315,0.0,0.0,1.9828926,0.488701,0.0,0.0,1.137916,0.0,1.7262002,0.0,0.0,0.0,0.0,0.32165283,0.0,0.0,0.0,0.87353396,0.7485054,0.0,0.0058384663,0.26659566,1.260956,0.0,0.0,0.94568,0.58812195,0.0,0.0,0.90082985,2.0107424,0.17612645,0.0,0.0,0.4146559,1.8010352,0.16535491,0.38916337,0.3781966,0.0,0.0,0.0,1.9935044,0.4970582,0.0,0.0,0.47042444,0.0,4.2182894,0.0,0.0,0.11141668,0.363818,0.16254559,0.3241364,2.265194,0.024564533,0.0,0.0,0.0,1.1467113,0.0,0.0,0.0,1.1160938,1.1301479,0.0,0.09949226,0.6987121,0.0,0.0,1.0449032,0.0,1.6105131,0.9240289,0.9840262,0.79762065,1.7028884,1.1835424,0.0,0.0,2.1746812,0.0,0.27857456,0.0,0.0,0.029206185,1.0731117,0.0,1.1582023,0.0,1.9378092,0.0,0.0,0.0,0.0,0.35123384,0.0,1.2286359,1.5648971,0.8151537,0.0,0.17152357,0.23934929,0.2746181,1.1800027,0.0,1.7981492,1.0454091,0.0,0
0.0,0.0,1.4590342,1.1989175,2.3980403,0.24311961,0.0,0.0,0.6055525,0.0,0.0,0.66214794,0.22501193,0.0,0.0,0.0,0.0,1.2186141,0.0,0.0,0.11355181,0.0,0.0,1.9982843,0.2747911,0.0,0.10471376,0.0,0.81976956,0.0,0.0,0.0,0.0,0.0,0.0,0.0,0.0,0.03195704,0.15763807,0.0,1.417158,0.0,0.36904407,0.0,0.0,2.8210373,0.0,0.0,0.0,0.61255634,0.0,0.3774418,0.0,0.0,0.0,0.0,0.6561071,0.0,0.27353352,1.6087292,1.4985125,0.0,0.0,0.0,0.0,0.0,0.20164852,0.0,0.84437275,0.17472014,0.0,1.3160768,0.0,0.0,0.619988,0.0,1.1315798,0.20258264,1.0831617,0.0,0.0,0.0,0.0,0.0,0.31649655,0.0,0.0,1.434406,0.0,0.0,0.0,0.0,0.0,0.0,1.9559782,0.56133854,0.0,1.7270803,0.0,0.3710342,0.0,0.0,1.1890252,0.0,1.7677379,0.0,0.0,0.0,0.3768421,0.7058328,0.19119164,0.0,0.10986322,0.7876365,0.007085739,0.11865753,1.7964121,0.7977261,0.82944006,2.0935912,0.0,0.0,0.0,0.0,0.0,0.6933506,0.0,0.0,0.32535338,0.0,0.25679225,0.9317897,0.8467247,0.0,0.24092306,0.0,0.0,0.0,0.0,0.0,0.0,0.0,0.49735904,0.32518417,0.015123247,0.28813758,0.0,1.1846823,2.252144,0.49658394,0.0,0.0,0.7125262,0.5475827,0.92638737,0.0,0.0,0.0,0.0,0.08683663,0.0,0.0,0.0,0.82105947,1.0728127,0.0,0.0,0.2432984,1.5457662,0.0,0.0,0.24804235,1.0475436,0.0,0.0,0.1531663,1.8451006,0.72080874,0.0,0.0,0.0967314,1.0661391,0.41398838,0.4344518,0.0,0.0,0.0,0.0,1.6785358,0.3842738,0.0,0.0,0.79586816,0.0,3.8471587,0.0,0.0,0.26755154,0.7491677,0.6490325,0.799682,1.5333196,0.36284932,0.0,0.0,0.0,1.5695678,0.0,0.0,0.0,0.87041146,0.7851919,0.0,0.7503851,0.35721123,0.0,0.0,1.2922726,0.0,0.53120893,1.7033284,0.8977553,0.42849076,1.9017041,1.333084,0.0,0.0,1.3927526,0.0,0.59775215,0.0,0.0,0.0,0.0,0.0,0.94783056,0.0,1.731924,0.0,0.0,0.09991818,0.0,0.24367493,0.0,1.1801186,1.6242033,0.9121908,0.0,0.33442435,0.14695181,0.9937147,1.8676517,0.0,1.9231269,0.8930655,0.0,0
0.0,0.0,1.6612433,0.82166404,2.484658,0.47798455,0.0,0.0,0.27532467,0.0,0.0,0.71715903,0.0,0.0,0.0,0.0,0.0,0.9395967,0.0,0.0,0.004024436,0.0,0.0,1.5972946,0.15646952,0.0,0.037873827,0.0,0.62500817,0.0,0.0,0.0,0.0,0.0,0.0,0.0,0.0,0.0,0.37553898,0.0,1.1886817,0.0,0.011770654,0.32187507,0.0,2.7519808,0.0,0.0,0.0,0.34472576,0.0,0.46969622,0.0,0.0,0.0,0.0,0.47203755,0.0,0.03417961,1.8361418,1.6104054,0.0,0.0,0.0,0.0,0.0,0.0,0.0,0.9616084,0.0,0.0,1.3829255,0.0,0.0,1.204526,0.0,1.0542709,0.03894733,1.0981092,0.0,0.0,0.0,0.0,0.0,0.110822566,0.0,0.0,1.4199586,0.0,0.0,0.0,0.0,0.0,0.0,1.4273713,0.22260164,0.0,1.1950275,0.0,0.19664027,0.14982663,0.0,1.5224783,0.0,1.5046754,0.0,0.0,0.0,0.22238527,0.9879275,0.15640855,0.0,0.0,0.91066444,0.04096502,0.0,1.7139641,0.73987085,0.8601283,1.6609502,0.0,0.0,0.0,0.0,0.0,0.0,0.0,0.0,0.24977809,0.0,0.0,0.81162405,0.30109408,0.0,0.5232731,0.0,0.0,0.0,0.0,0.0,0.0,0.0,0.8702911,0.6899634,0.299679,0.06966175,0.0,1.1168405,1.9655575,0.3827113,0.0,0.0,0.82689667,0.8197457,0.9538731,0.0,0.0,0.0,0.0,0.0,0.0,0.0,0.0,0.84656894,1.1688006,0.0,0.0,0.06501602,1.51275,0.0,0.0,0.0,0.63351893,0.0,0.0,0.26601076,1.8308613,0.68718904,0.0,0.0,0.0,1.3333045,0.19122419,0.19145763,0.0,0.0,0.0,0.0,1.8817419,0.3451827,0.0,0.0,0.6704753,0.0,2.7770898,0.0,0.0,0.57329816,0.6603914,0.37066808,0.63150686,1.6063015,0.17805211,0.0,0.0,0.0,1.7175024,0.0,0.0,0.0,0.90809745,0.8843361,0.0,0.88189334,0.0,0.0,0.0,1.0079639,0.0,0.42053816,1.629104,1.2254565,0.04102376,1.9707346,1.0422127,0.0,0.0,1.2751186,0.0,0.8970018,0.0,0.0,0.0,0.0,0.0,1.0906074,0.0,1.78438,0.0,0.0,0.11028283,0.0,0.048622835,0.0,0.9199574,1.8130863,0.399879,0.0,0.25995368,0.0,0.48738432,1.6936808,0.0,1.8389882,0.81245095,0.0,0
0.0,0.0,0.7321141,0.0,0.0,0.0,1.2965931,0.0,0.50666744,0.0,0.0,2.4005644,3.993236,0.9784831,0.0,0.0,0.0,2.891675,0.0,0.0,0.0,0.0,0.0,2.3496482,0.8381797,0.0,0.0,0.0,2.4856942,0.0,0.0,0.9806054,0.0,0.0,0.0,0.0,0.0,0.7939926,1.8997872,0.0,1.1627473,0.0,2.2104301,1.7569128,0.89259624,0.0,0.40216097,0.0,0.0,1.5993687,0.0,3.755044,0.0,0.080845766,0.0,0.0,3.495843,0.0,3.5461385,0.5535397,0.39726326,0.43940195,0.0,2.3403192,0.0,0.0,1.5032154,0.0,0.16917169,1.2963793,0.0,0.0,0.0,0.0,0.0,0.0,2.7468636,2.2870424,0.0,0.0,0.0,0.0,0.0,0.6594964,2.0617626,0.0,0.0,0.5597824,0.0,0.0,2.2509794,0.0,0.0,0.0,3.248302,3.994767,0.51719135,0.29692915,0.0,0.9426964,0.0,0.0,0.0,0.0,0.2614061,0.0,0.0,0.0,0.0,0.0,1.2785615,0.0,1.3033267,0.0,2.7253401,4.5066414,0.6501026,2.1504195,0.0,0.36061847,0.0,0.5211154,0.0,0.0,0.0,4.7720485,0.0,0.0,0.9345012,0.0,0.7981684,2.5998375,2.7759345,0.0,0.0,0.0,0.0,0.0,0.5476642,0.0,0.0,0.0,1.6432776,0.0,0.5299458,0.0,0.0,0.0,0.5700728,0.91995287,0.0,0.0,2.9235656,0.0,0.5235562,0.0,0.0,0.0,0.0,1.3906274,0.0,0.0,0.0,2.4588952,0.0,0.0,2.7414138,1.3010416,0.0,0.0,0.0,2.7041945,4.002969,0.0,0.0,0.6087565,0.03212364,3.1412199,0.0,0.0,2.0515819,0.0,1.3254137,3.3745172,0.16045842,0.0,0.7281664,0.0,0.22805692,1.1772269,0.0,1.3342376,0.18352875,0.0,6.664894,0.0,0.0,0.0,2.962591,2.5881085,0.0,0.0,2.0613227,0.0,0.0,0.0,0.15734562,0.0,0.0,0.0,0.08040829,0.09908866,0.0,0.060045578,6.050243,0.0,0.0,0.0,0.0,0.17260292,0.13534354,0.0,0.47256202,0.08338534,0.5470884,0.0,0.0,1.3800658,0.0,0.17326353,0.0,0.0,0.0,1.1856034,0.0,0.39531228,0.3419968,0.0,0.0,0.0,1.2369635,0.0,2.1492617,0.0,0.2450273,0.13539949,1.7557628,0.0,1.7677355,2.6596437,1.6435959,0.0,0.0,0.0,0.0,0.0,1
0.0,0.0,1.0282607,1.1823465,1.509055,0.0,0.0,0.0,0.0,0.0,0.0,0.9963631,0.5638907,0.17263511,0.0,0.0,0.0,1.2383406,0.0,0.0,0.0,0.0,0.0,2.3530843,0.083692715,0.0,0.2901074,0.0,0.0,0.0,0.0,0.0,0.0,0.0,0.0,0.0,0.0,0.11275168,0.26230556,0.0,1.2000772,0.0,0.090844825,0.42941663,0.0,1.8214148,0.0,0.0,0.0,0.8566525,0.0,0.5726849,0.0,0.0,0.0,0.0,0.62669694,0.0,0.51559836,1.2308215,1.0364017,0.066682525,0.0,0.32265604,0.0,0.0,0.0,0.0,1.0147697,0.2673383,0.0,0.7283308,0.0,0.0,1.1318271,0.0,0.9397599,0.0047697145,0.788411,0.0,0.0,0.0,0.0,0.042040344,0.16743878,0.0,0.0,1.0520844,0.0,0.0,0.078690305,0.0,0.0,0.0,1.8770683,0.4777218,0.0,1.6918737,0.0,0.12636147,0.0,0.0,1.2124785,0.0,1.4380639,0.0,0.0,0.0,0.8904791,0.9967482,0.1906596,0.0,0.07956403,1.1383525,0.24459982,1.0964017,1.5759224,1.0414653,0.9068107,1.3607836,0.0,0.0,0.0,0.0,0.0,0.5884902,0.0,0.0,0.0,0.0,0.18563856,0.9180123,0.9151228,0.0,0.652277,0.0,0.0,0.0,0.0,0.0,0.0,0.0,1.0957865,0.7294372,0.75406927,1.2113975,0.0,0.67674094,1.6449988,0.38427982,0.0,0.0,0.69554836,0.6359969,0.88121337,0.0,0.0,0.0,0.0,0.1669269,0.0,0.0,0.0,1.0964351,1.2786838,0.0,0.15064909,0.23641251,1.538335,0.0,0.0,0.7040286,0.8796292,0.0,0.0,0.58236617,1.8864509,0.4083102,0.0,0.0,0.0,1.4558284,0.30920836,0.26543817,0.19031301,0.0,0.0,0.0,1.3828529,0.42983866,0.0,0.0,0.49997884,0.0,3.425145,0.0,0.0,0.22842519,0.44373828,0.16056815,0.3824623,2.1171966,0.48736873,0.0,0.0,0.0,1.0855123,0.0,0.0,0.0,1.1396925,0.7963561,0.0,0.5991328,0.90180516,0.0,0.0,1.3904135,0.0,1.0701895,1.0386345,1.2582923,0.59071875,1.9892051,1.2062829,0.0,0.0,2.07443,0.0,0.6761771,0.0,0.0,0.009705586,0.60051996,0.0,1.3245677,0.016019292,1.6526408,0.0,0.0,0.0,0.0,0.12529777,0.0,0.8695768,0.7707723,0.75408393,0.0,0.47404426,0.03685104,0.6121879,1.3022643,0.0,1.1663159,0.6957553,0.0,0
0.0,0.0,0.34284306,0.0,0.24131858,0.0,1.3379635,0.0,0.21384797,0.0,0.0,2.6692383,2.9554937,1.5348605,0.0,0.0,0.0,2.7165527,0.0,0.0,0.0,0.0,0.0,2.6263676,0.3244971,0.0,0.0,0.0,2.0406396,0.0,0.0,0.87285584,0.0,0.0,0.0,0.0,0.0,0.84619,2.1889458,0.0,1.5119439,0.0,1.5463932,1.1503459,0.04907567,0.05699125,0.0,0.0,0.0,1.6457899,0.0,3.4833765,0.0,0.0,0.0,0.0,3.6125398,0.0,3.414987,0.1780661,0.40421703,0.0,0.0,1.7914617,0.0,0.0,1.8007962,0.0,0.0,1.2253729,0.0,0.0,0.0,0.0,0.0,0.0,2.4943535,2.2204843,0.0,0.0,0.0,0.0,0.0,0.60652345,2.104429,0.0,0.0,0.68790495,0.0,0.0,1.8970873,0.0,0.0,0.0,4.0391645,3.2448082,0.46881244,0.5180343,0.0,1.1714672,0.13608389,0.0,0.0,0.0,0.06589511,0.0,0.0,0.0,0.0,0.0,1.4616892,0.0,1.362095,0.0,1.3581808,4.4570365,0.4555268,1.9373679,0.0,0.007465516,0.0,0.11477463,0.0,0.0,0.0,3.5053928,0.0,0.0,1.2810318,0.0,0.22251178,2.605523,2.1929753,0.0,0.0,0.0,0.0,0.0,0.5408967,0.0,0.0,0.0,2.4991424,0.0,0.948371,0.0,0.0,0.0,0.7754268,0.995353,0.0,0.0,2.3887815,0.0,0.0,0.0,0.0,0.0,0.0,0.906295,0.0,0.0,0.0,2.8790278,0.0,0.0,3.1970005,0.7817714,0.0,0.0,0.0,2.2652087,4.2125664,0.0,0.0,1.0868975,0.5265412,3.018003,0.0,0.0,1.8777076,0.21487796,1.0642383,2.2757003,0.20278785,0.0,0.0,0.0,0.32281557,0.94782054,0.0,0.51871496,0.293106,0.0,6.0900345,0.0,0.0,0.0,2.2902474,2.295145,0.0,0.14794914,1.9120657,0.0,0.0,0.0,0.093122035,0.0,0.0,0.0,0.12174049,0.10137843,0.0,0.34501204,5.9366555,0.0,0.0,0.0,0.0,0.14810371,0.5376691,0.022352094,0.0,0.40314066,0.8025412,0.0,0.0,1.0968875,0.0,0.13603528,0.0,0.0,0.0,0.9496067,0.0,0.8237075,0.0,0.0,0.0,0.0,1.4129227,0.0,1.3094786,0.0,0.71009463,0.48893592,2.0175316,0.0,1.8392366,2.281961,1.7954754,0.3086877,0.0,0.0,0.0,0.0,1
0.0,0.0,1.2111592,1.3550147,1.5302814,0.0,0.033800643,0.0,0.29796374,0.0,0.0,1.2336427,0.50598407,0.2853262,0.0,0.0,0.0,1.3650756,0.0,0.0,0.0,0.0,0.0,1.672693,0.0996446,0.0,0.48399064,0.0,0.43269923,0.0,0.0,0.08174118,0.0,0.89123356,0.0,0.0,0.0,0.30818722,0.36751005,0.0,1.0860192,0.0,0.87650573,1.2928071,0.0,0.6338304,0.0,0.0,0.0,1.3556696,0.0,0.9987136,0.0,0.0,0.0,0.0,1.3513502,0.0,0.9609268,0.72289616,0.3730368,0.0,0.0,0.84020174,0.0,0.0,0.6364025,0.0,0.9820815,0.16039307,0.0,0.0,0.0,0.0,1.0761735,0.0,1.0151403,0.6666163,0.772378,0.0,0.0,0.0,0.0,0.3641426,0.3434705,0.0,0.0,1.596447,0.0,0.0,0.95496184,0.0,0.0,0.0,2.3023226,0.8955987,0.0,1.1752119,0.0,0.52424145,0.0,0.0,1.186484,0.0,1.7757499,0.0,0.0,0.0,0.7605387,0.50274193,0.46776754,0.0,0.7209389,0.0,0.34108204,1.7173792,1.6933726,1.0866594,1.0631098,1.0236628,0.0,0.0,0.0,0.0,0.0,1.7508018,0.0,0.0,0.07506954,0.0,0.54558754,1.2574223,1.1866629,0.0,0.4771298,0.0,0.0,0.0,0.0,0.0,0.0,0.0,0.9764991,0.23921722,0.6369527,0.5190821,0.0,0.15046218,1.2514629,0.29510623,0.15074955,0.0,0.9431008,0.8232525,0.9488243,0.0,0.0,0.0,0.0,0.809733,0.0,0.0,0.0,0.84156895,0.78154874,0.0,0.9368252,0.49019,1.633262,0.0,0.0,0.40084872,1.4872241,0.0,0.0,0.49045545,1.2353591,0.8764053,0.0,0.0,0.23053895,1.0226305,0.30255845,0.36515626,0.0,0.0,0.0,0.0,1.1640728,0.34730485,0.0,0.21642832,0.08734912,0.0,3.8523612,0.0,0.0,0.0,0.8484558,0.45919174,0.89163727,0.8693536,0.5421021,0.0,0.0,0.0,1.2506694,0.0,0.0,0.0,0.80762035,0.5575445,0.0,0.28721005,1.5553284,0.0,0.0,0.6897619,0.0,1.3789285,1.393468,0.6040119,0.9024366,1.6370875,1.1105261,0.0,0.0,1.1966345,0.0,0.72747564,0.0,0.0,0.0,0.38295066,0.0,0.5974737,0.58365786,1.3530216,0.0,0.0,0.3375354,0.0,0.15869202,0.0,0.7104174,1.459268,1.2673123,0.0,0.6686507,0.7488709,0.3079648,1.0322964,0.0,0.43200317,0.45169702,0.0,0
0.0,0.0,1.4626287,0.8808202,1.6306748,0.0,0.119525954,0.0,0.89732087,0.0,0.0,1.4966276,0.9787022,0.5759562,0.25108036,0.0,0.0,1.430728,0.0,0.0,0.0,0.0,0.0,1.5374173,0.35266373,0.0,0.6262569,0.0,0.6291972,0.0,0.0,0.035702106,0.0,1.679437,0.0,0.0,0.0,0.041588552,0.48878977,0.0,1.1756123,0.0,0.2248915,0.6123788,0.0,1.3546828,0.0,0.0,0.0,0.8681278,0.0,1.118471,0.0,0.0,0.0,0.0,1.7397889,0.0,0.9992543,1.3259685,1.5768969,0.087236084,0.0,0.75453514,0.0,0.0,0.434537,0.0,1.2490073,0.07772751,0.0,0.0,0.17485274,0.0,1.08091,0.0,1.1081522,0.55294347,0.74959236,0.0,0.0,0.0,0.0,0.0,0.35180265,0.0,0.0,1.7527846,0.0,0.0,0.36855257,0.0,0.0,0.0,1.9042104,0.89623934,0.0,1.3409032,0.0,0.3016613,0.0,0.0,0.7500168,0.0,1.9506325,0.0,0.0,0.0,1.126023,0.32798085,0.39666176,0.0,0.45137176,0.61484563,0.20650986,1.8467978,1.1861098,1.1866106,1.1908495,1.2476786,0.0,0.0,0.0,0.0,0.0,1.4076693,0.0,0.0,0.24693203,0.0,0.7291098,1.4313507,1.0904601,0.0,0.5221058,0.0,0.0,0.0,0.9149722,0.0,0.0,0.0,1.4442432,0.5267289,0.044938132,0.26310483,0.0,0.33053085,1.6733145,0.266018,0.1739458,0.0,1.11916,0.0,0.81089765,0.0,0.0,0.0,0.0,0.4568283,0.0,0.0,0.0,1.290667,0.748206,0.0,0.42941436,0.533663,1.697469,0.0,0.0,0.60019,1.6130011,0.0,0.0,0.04883155,1.367603,0.88569546,0.0,0.0,0.2200159,1.1460023,0.40735146,0.71194625,0.0,0.0,0.0,0.0,1.4698379,0.106904574,0.0,0.0,0.0,0.0,4.237709,0.0,0.0,0.0,1.0040723,0.8164575,1.3098342,0.82579046,1.0083755,0.4139086,0.0,0.0,1.0144659,0.0,0.0,0.0,0.8877228,0.58399266,0.0,0.11338199,1.6229469,0.0,0.0,0.59015846,0.0,0.7896103,0.8575165,0.56623065,1.1148609,1.955747,1.2825851,0.0,0.0,1.3352945,0.0,0.9429166,0.0,0.0,0.0,1.0101926,0.0,0.93903697,0.19879222,1.4480529,0.0,0.0,0.014791122,0.0,0.15736784,0.0,0.85034394,2.3608856,1.2593199,0.0,0.94183946,0.9149259,0.5351592,1.4710237,0.0,0.7014861,0.43568096,0.0,0
0.0,0.0,2.0533402,1.6124035,2.7656956,0.0,0.0,0.0,0.5432773,0.0,0.0,0.5405186,0.83468,0.0,0.048291486,0.0,0.0,1.78537,0.09574504,0.0,0.0,0.0,0.0,2.2767198,0.0,0.0,0.21696654,0.0,0.0,0.0,0.0,0.0,0.0,0.0,0.0,0.0,0.0,0.0,0.0,0.0,1.733346,0.0,0.30309707,0.4722076,0.0,3.0849698,0.0,0.0,0.0,0.0,0.0,0.0,0.0,0.0,0.0,0.0,0.51223516,0.0,0.0097844405,2.3310084,1.4904568,0.0,0.0,0.0,0.0,0.0,0.0,0.0,1.3276635,0.0,0.0,1.6352096,0.0,0.0,0.73804986,0.0,1.3061378,0.2411735,1.0267007,0.0,0.0,0.0,0.0,0.0,0.348763,0.0,0.0,1.0387756,0.0,0.0,0.30266988,0.0,0.0,0.0,1.8977714,0.0,0.0,2.388079,0.0,0.18908577,0.0,0.0,0.3739376,0.0,1.8087448,0.0,0.0,0.0,1.0867245,1.1607225,0.3285191,0.0,0.0,1.1257634,0.1484907,0.36431533,2.5835083,1.2866528,1.4386214,1.6398137,0.0,0.0,0.0,0.44772914,0.0,0.0,0.0,0.0,0.0,0.0,0.24752568,0.9305952,0.52473956,0.0,0.77567464,0.0,0.0,0.0,0.2884791,0.0,0.0,0.0,1.0521984,0.582172,0.33024827,0.99997693,0.0,1.3102336,2.383156,0.14660667,0.0,0.0,0.6239205,0.0,1.9418334,0.0,0.0,0.0,0.0,0.36329493,0.0,0.0,0.0,0.82917035,1.404342,0.0,0.0,0.24127871,2.0247416,0.0,0.16635743,0.07825631,1.0101335,0.0,0.0,1.3206455,3.097431,0.0071123224,0.0,0.0,0.0,2.3300152,0.33038682,0.0,0.43682072,0.0,0.0,0.0,1.9376777,0.5094537,0.0,0.18517001,0.44460016,0.0,4.2179794,0.0,0.0,0.019497525,0.13766226,0.0,0.9717201,2.6518252,0.77258086,0.0,0.0,0.0,1.8899097,0.0,0.0,0.0,1.5522219,1.2502196,0.0,0.20804673,0.0,0.0,0.0,0.97649044,0.0,1.7669938,1.6465617,0.95361686,0.92510307,2.1512063,1.164164,0.0,0.0,1.6341686,0.0,0.17267005,0.0,0.0,0.0,0.43596587,0.0,1.6341889,0.0,2.6111934,0.0,0.0,0.29644912,0.0,0.0,0.0,1.5933151,2.073611,0.8207595,0.0,0.32319617,0.19302577,0.25003698,1.4123609,0.0,2.2410147,1.0053775,0.0,0
0.0,0.0,1.7404433,0.7064014,2.1261647,1.5563228,0.0,0.0,0.0,0.0,0.0,0.69455135,0.29381147,0.27529934,0.0,0.0,0.0,1.0059017,0.13771959,0.0,0.0,0.0,0.0,1.5458435,0.30154818,0.0,0.0,0.0,0.919949,0.0,0.0,0.2165043,0.0,0.0,0.0,0.0,0.19610038,0.20217256,0.0,0.0,1.8165878,0.0,0.7568979,0.3737674,0.0,2.5401406,0.0,0.0,0.0,0.49796984,0.0,1.0205944,0.0,0.0,0.0,0.0,0.42129496,0.0,0.035130154,0.9253989,0.8119831,0.0,0.0,0.0,0.0,0.0,0.43979642,0.0,0.0,0.036516655,0.0,2.1186147,0.0,0.0,1.1232479,0.11664256,0.8412509,0.0100828875,0.7769389,0.0,0.0,0.0,0.0,0.0,0.3335368,0.0,0.0,0.96213293,0.0,0.0,0.32583076,0.0,0.0,0.0,1.6690725,0.16312324,0.7993203,1.0308198,0.13137324,0.0,0.5393875,0.0,1.7420253,0.0,1.3919317,0.0,0.0,0.0,0.0,0.5864316,0.0,0.0,0.31820258,1.465029,0.1852847,0.51298416,0.92474115,0.6959149,0.0,1.091995,0.0,0.0,0.0,0.09744421,0.0,0.47490233,0.0,0.0,0.19773006,0.14857377,0.29579702,1.5992045,0.88910574,0.0,0.18521234,0.0,0.0,0.0,0.0,0.0,0.0,0.0,0.44508362,0.5397189,0.0,0.0,0.0,1.2216846,1.5652546,0.23390047,0.0,0.0,0.5150552,0.9704897,0.0,0.0,0.0,0.0,0.0,0.39137006,0.0,0.0,0.0,0.8532803,1.569401,0.0,0.3040845,0.2765456,1.3134936,0.0,0.0,0.0,1.0783786,0.0,0.0,0.5245779,1.7317129,0.37053075,0.0,0.0,0.043612357,1.1881204,0.31080377,0.0,0.0,0.0,0.0,0.0,1.3042969,0.22925863,0.0,0.0,0.9553815,0.0,3.5050764,0.0,0.0,0.22485854,0.21320172,0.8266288,0.6363179,1.659434,0.7443929,0.0,0.0,0.05848783,1.5893027,0.0,0.0,0.0,0.989636,0.69976526,0.0,1.0616844,0.758341,0.0,0.0,1.4346012,0.0,0.585005,2.5580728,1.0850862,0.0,2.3272972,1.8533586,0.0,0.0,1.760465,0.0,1.3163404,0.0,0.0,0.0,0.0,0.0,0.8962515,0.0,0.865686,0.0,0.0,0.5436244,0.0,0.04572093,0.0,1.1864153,1.0563145,0.31858292,0.0,0.37577832,0.042610697,0.93323594,1.6695986,0.0,1.791992,0.6561064,0.0,0
0.0,0.0,1.405062,0.8131102,2.0821617,0.0,0.23031326,0.0,0.47832897,0.0,0.0,1.38343,1.1834192,0.44804284,0.0,0.0,0.0,1.8723445,0.0,0.0,0.0,0.0,0.0,2.1843576,0.0,0.0,0.2507365,0.0,0.6371678,0.0,0.0,0.26642978,0.0,1.5261501,0.0,0.0,0.0,0.2307903,1.2453457,0.0,0.9934829,0.0,0.3075512,1.1274072,0.0,0.5762019,0.0,0.0,0.0,0.9399456,0.0,1.0233368,0.0,0.0,0.0,0.0,2.0771713,0.0,0.98779464,1.5160189,0.7296772,0.0,0.0,1.3687005,0.0,0.0,0.82747644,0.0,1.0722679,0.20722249,0.0,0.0,0.0,0.0,0.5589282,0.0,0.80820566,0.7740495,0.65290433,0.0,0.0,0.0,0.0,0.24302712,0.44341165,0.0,0.0,1.3410628,0.0,0.0,0.7731588,0.0,0.0,0.0,2.1751676,1.074308,0.0,1.9396905,0.0,0.46545258,0.0,0.0,1.4248183,0.0,1.4401959,0.0,0.0,0.2701708,1.0184672,0.5061551,0.45637363,0.0,0.66286665,0.18081544,0.7776381,2.1310506,1.9903381,0.64144504,1.3331293,1.0699948,0.0,0.0,0.0,0.0,0.0,1.9220062,0.0,0.0,0.48989898,0.0,0.24539058,1.3586248,1.2699084,0.0,0.7688673,0.0,0.0,0.0,0.0777471,0.0,0.0,0.0,1.6212851,0.54618686,0.5656981,0.6063761,0.0,0.06968501,1.5653167,0.3224874,0.020929823,0.0,0.99867463,0.20103434,1.1227186,0.0,0.0,0.0,0.0,0.73331994,0.0,0.0,0.0,1.6233294,1.1047359,0.0,1.0203226,0.90224224,1.4261034,0.0,0.0,0.6585493,1.580559,0.0,0.0,0.18035445,1.3469082,1.0964723,0.0,0.0,0.5200156,0.5215641,0.70164657,0.9662263,0.0,0.0,0.0,0.0,1.2678779,0.21564367,0.0,0.15213388,0.10830443,0.0,3.8353336,0.0,0.0,0.0,1.0424061,0.97954655,1.1848507,0.533002,0.8911904,0.0,0.0,0.0,0.98519295,0.0,0.0,0.0,1.200616,0.2978196,0.0,0.49965784,2.2257805,0.0,0.0,0.63950837,0.0,1.4098341,0.7938737,0.055257197,1.0438832,1.529496,1.2924058,0.0,0.0,1.5154352,0.0,0.280497,0.0,0.0,0.0,0.7043969,0.0,0.6074136,0.7278953,1.4102213,0.0,0.0,0.84279037,0.0,0.49931908,0.0,0.71801066,1.8370396,1.5097728,0.0,0.5864076,0.5568962,0.52226543,1.3230492,0.0,0.6820485,0.4690926,0.0,0
0.0,0.0,0.72834635,0.0,0.0,0.0,1.0416149,0.0,0.3242448,0.0,0.0,2.6085856,3.65089,1.636811,0.0,0.0,0.0,3.402735,0.0,0.0,0.0,0.0,0.0,2.5310206,0.7539658,0.0,0.0,0.0,1.5393975,0.0,0.0,0.6749546,0.0,0.0,0.0,0.0,0.0,0.7348625,2.3132913,0.0,0.8964071,0.0,1.3937688,2.0309098,0.65298533,0.0,0.2411136,0.0,0.0,1.931122,0.0,3.480637,0.0,0.0,0.0,0.0,3.423688,0.0,3.065865,0.6404568,0.0,0.71458113,0.0,2.7132413,0.0,0.0,1.4052414,0.0,0.0,1.3816693,0.0,0.50608414,0.0,0.0,0.0,0.0,2.4244099,1.9958285,0.0,0.0,0.0,0.0,0.0,0.9018927,1.9780271,0.0,0.0,0.35719088,0.0,0.0,1.9913639,0.0,0.0,0.0,3.3637395,4.0900087,0.3556101,0.7999886,0.0,0.8852665,0.0,0.0,0.0,0.0,0.5579657,0.0,0.0,0.0,0.25145677,0.0,1.444383,0.0,1.8235087,0.0,2.3041108,4.599197,0.03656825,1.8234878,0.0,0.0,0.0,0.09780122,0.0,0.0,0.0,5.442382,0.0,0.0,0.91866946,0.0,0.8784092,2.5850382,3.1046154,0.0,0.0,0.0,0.0,0.0,0.63446295,0.0,0.0,0.0,2.4793055,0.0,0.7936428,0.0,0.0,0.0,0.23958118,1.0996192,0.0,0.0,2.6685424,0.0,0.0,0.0,0.0,0.008939165,0.0,1.4094175,0.0,0.0,0.0,3.1965678,0.0,0.0,3.4175584,1.4186268,0.0,0.0,0.0,2.5691223,3.5592654,0.0,0.0,1.2028819,0.05543123,2.7717872,0.0,0.33036107,1.6273322,0.0,1.4465073,3.0837862,0.013582614,0.0,0.4544955,0.0,0.12755322,0.8362553,0.0,0.73662174,0.0,0.0,6.2987814,0.0,0.0,0.0,3.13049,2.129365,0.0,0.0,2.0365503,0.0,0.0,0.0,0.07565281,0.0,0.0,0.0,0.0,0.0,0.0,0.43750983,6.8507624,0.0,0.0,0.0,0.0,0.0,0.1264016,0.0,0.25058156,0.086352795,0.42773345,0.0,0.0,1.4495243,0.0,0.113110356,0.0,0.0,0.0,1.1387464,0.0,0.8225084,0.0,0.0,0.0,0.0,1.4061192,0.0,1.4023226,0.0,0.0,0.14373706,2.1977277,0.0,2.1126113,2.3957746,2.1269357,0.012744031,0.0,0.0,0.0,0.68602145,1
0.0,0.0,1.3097157,0.7844143,2.1852772,0.0,0.0,0.0,0.2587007,0.0,0.0,0.486406,0.2884305,0.31476313,0.2571613,0.0,0.0,1.0190924,0.0,0.0,0.04787788,0.0,0.0,1.8606325,0.15453666,0.0,0.22143754,0.00088022137,0.22919556,0.0,0.0,0.061153736,0.0,0.0,0.0,0.0,0.0,0.0,0.48316333,0.0,1.1336048,0.0,0.16458394,0.47046074,0.0,2.078455,0.0,0.0,0.0,0.6519567,0.0,0.49801078,0.0,0.0,0.0,0.0,0.6179606,0.0,0.3700933,1.6743735,0.5496365,0.0,0.0,0.4514652,0.0,0.0,0.2855906,0.0,0.87911993,0.24684253,0.0,1.5462141,0.0,0.0,0.40921828,0.0,1.1494629,0.27596784,0.9007173,0.0,0.0,0.0,0.0,0.0,0.3785864,0.0,0.0,1.5144066,0.0,0.0,0.50457656,0.0,0.0,0.0,1.4736027,0.29178554,0.0,1.1006203,0.0,0.0,0.0,0.0,1.0896932,0.0,1.4979522,0.0,0.0,0.0,0.39803737,1.1952116,0.0,0.0,0.36092487,1.4159077,0.16046238,0.43219954,2.0362842,0.39920253,0.69081026,1.5921471,0.0,0.0,0.0,0.0,0.0,0.9465701,0.0,0.0,0.27177095,0.11405898,0.111568876,1.2592775,0.6865815,0.0,0.53984845,0.0,0.0,0.0,0.0,0.0,0.0,0.0,0.67837673,0.7018037,0.0,0.52722156,0.0,0.7303548,1.447562,0.49103814,0.0,0.0,0.88758075,0.9610778,0.6434016,0.0,0.0,0.0,0.0,0.15782447,0.0,0.0,0.0,0.6609911,1.1918831,0.0,0.40167224,0.36609972,1.5522215,0.0,0.0,0.25264993,0.6229473,0.0,0.0,0.14297986,1.3962989,0.20455788,0.0,0.0,0.22627385,1.1108544,0.2563432,0.0,0.0,0.0,0.0,0.0,1.5508416,0.41644478,0.0,0.0,0.7789518,0.0,3.651858,0.0,0.0,0.24408944,0.4586508,0.3654497,0.9643223,1.846797,0.21293572,0.0,0.0,0.0,1.3504356,0.0,0.0,0.0,1.148189,0.8830851,0.0,0.4460179,0.5464334,0.0,0.0,0.8048795,0.0,1.0128692,1.3157645,0.8109948,0.28174376,1.8259518,1.5278832,0.0,0.0,1.5327687,0.0,0.8612477,0.0,0.0,0.0,0.1800039,0.0,1.0183971,0.0,1.7022454,0.0,0.0,0.59581786,0.0,0.0,0.0,1.3239535,1.7727891,0.43356058,0.0,0.4562119,0.0,0.3815774,1.1892867,0.0,2.2958505,0.6353442,0.0,0
0.0,0.0,1.5738522,1.0214636,1.7796237,1.7087687,0.31562826,0.0,0.0,0.0,0.0,1.1213701,0.34604263,0.39646813,0.0,0.0,0.0,1.3188463,0.0,0.0,0.0,0.0,0.0,1.605158,0.15556023,0.0,0.0,0.0,0.8645584,0.0,0.0,0.05726188,0.0,0.0,0.0,0.0,0.6669708,0.34959304,0.32267264,0.0,1.6714863,0.0,0.5845416,0.43931946,0.0,1.9909633,0.0,0.0,0.0,0.5971699,0.0,1.0309691,0.0,0.0,0.0,0.0,0.8590507,0.0,0.6119996,0.7512299,0.76091814,0.0,0.0,0.08536605,0.0,0.0,0.56151444,0.0,0.014921122,0.3635648,0.0,1.8395215,0.0,0.0,1.4658337,0.0,1.009196,0.16961604,0.56492645,0.0,0.0,0.0,0.0,0.0,0.44190013,0.0,0.0,1.2803485,0.0,0.0,0.27762562,0.0,0.0,0.0,2.2652707,0.3659262,0.68381727,0.9461047,0.0,0.0,0.9753808,0.0,1.5519438,0.0,0.8805553,0.0,0.0,0.0,0.0,0.5921984,0.21718454,0.0,0.30518413,1.1465324,0.34033814,1.0544153,0.50253516,0.7868309,0.0,0.99010545,0.0,0.0,0.0,0.3231112,0.0,0.3372242,0.0,0.0,0.32991338,0.10633145,0.7463232,1.7540607,0.6457747,0.0,0.2682233,0.0,0.0,0.0,0.043067366,0.0,0.0,0.0,0.7507303,0.10829711,0.026741466,0.28114715,0.0,1.2221974,1.6203563,0.31110844,0.0,0.0,0.88872623,0.93772626,0.0,0.0,0.0,0.0,0.0,0.31608394,0.0,0.0,0.0,1.0046494,1.7801282,0.0,0.7344565,0.11313538,1.2882894,0.0,0.0,0.16485244,1.567991,0.0,0.0,0.8131687,1.4899501,0.37734628,0.0,0.0,0.34744054,1.5796034,0.56239223,0.038116023,0.0,0.0,0.0,0.0,1.5139891,0.5317349,0.0,0.0,1.0449808,0.0,2.8237486,0.0,0.0,0.15677641,0.31420663,1.0114574,0.27389807,1.4196936,0.4981701,0.0,0.0,0.0,1.0208186,0.0,0.0,0.0,0.88346505,0.620255,0.0,1.0418305,1.2274519,0.0,0.0,1.5718616,0.0,0.27726984,2.3570824,0.8751796,0.0,1.8554674,2.2165806,0.0,0.0,1.7544177,0.0,1.3742667,0.0,0.0,0.0,0.0,0.0,1.2963456,0.0,0.8657692,0.0,0.0,0.34190926,0.0,0.0,0.14162566,1.1248869,1.3276598,0.6787914,0.0,0.62963206,0.4236728,0.82748795,1.7863137,0.0,1.8826325,0.51342696,0.0,0
0.0,0.0,0.7535017,1.3668779,2.3927605,0.0,0.0,0.0,0.3077235,0.0,0.0,0.87857586,0.45628658,0.39060262,0.15461437,0.0,0.0,1.0127677,0.0,0.0,0.0,0.0,0.0,2.0587025,0.050290223,0.0,0.0,0.013184974,0.7680508,0.0,0.0,0.0056840735,0.0,0.45048335,0.0,0.0,0.0,0.1356258,0.80969214,0.0,1.3236656,0.0,0.0,0.637319,0.0,1.9952596,0.0,0.2793598,0.0,0.9977305,0.0,0.8293832,0.0,0.0,0.0,0.0,0.7378694,0.0,0.43269396,1.0676695,1.0473065,0.0,0.0,0.4669161,0.0,0.0,0.22196169,0.0,0.94458294,0.0,0.0,0.3721895,0.0,0.0,1.4392543,0.03704202,1.0045778,0.0,0.39706632,0.0,0.0,0.0,0.0,0.028312353,0.6535703,0.0,0.0,1.748946,0.0,0.0,0.54545593,0.0,0.0,0.0,2.2451172,0.76480615,0.0,1.4918113,0.0,0.23423265,0.0,0.0,0.67239046,0.0,1.5305793,0.0,0.0,0.0,0.63983065,1.2982785,0.46465167,0.0,0.0,0.8240804,0.12750083,0.0,1.6618696,1.4674366,1.429637,1.0971408,0.0,0.0,0.0,0.12987712,0.0,0.5410243,0.13164568,0.0,0.0,0.017640771,0.34739155,0.8017641,0.16228876,0.0,0.8628819,0.0,0.0,0.0,0.5055651,0.0,0.0,0.0,1.1194447,1.1729763,0.6229472,0.120942965,0.0,0.9377537,1.4157358,0.5270863,0.0,0.0,1.5396992,0.87251663,1.478448,0.0,0.0,0.0,0.0,0.4259525,0.0,0.0,0.0,1.249295,1.7825402,0.0,1.3619571,0.20203985,1.210337,0.0,0.0,0.46867126,1.0682722,0.0,0.0,0.75302154,2.2870145,0.4134561,0.0,0.0,0.6922189,1.7301364,0.41403097,0.4370891,0.21114746,0.0,0.0,0.0,1.8642596,0.5563078,0.0,0.0,0.0,0.0,4.085393,0.0,0.0,0.0,1.2274852,0.23161963,1.7209741,1.740487,0.0,0.07166116,0.0,0.0,0.89765584,0.0,0.0,0.0,0.9272937,0.50684714,0.0,0.19923285,0.45032716,0.0,0.0,0.3209695,0.0,1.0286083,0.9246598,0.58885354,0.0,2.412501,1.3142554,0.0,0.0,1.8023953,0.0,1.1559398,0.0,0.0,0.0,0.80883497,0.0,1.275662,0.6692503,2.1368747,0.0,0.0,0.0812295,0.0,0.33063245,0.0,1.6850307,1.7354401,0.6535894,0.0,0.97786474,0.5961806,0.48037148,1.4251714,0.0,2.0665016,0.0,0.0,0
0.0,0.0,2.6048136,1.3018634,2.549816,0.0,0.0,0.0,1.0994037,0.0,0.0,1.419359,0.19544087,0.06565388,0.0,0.0,0.0,1.4602355,0.21853936,0.0,0.0,0.0,0.0,1.2561179,0.27314848,0.0,1.0942318,0.0,0.49618387,0.0,0.0,0.0,0.0,2.9100714,0.0,0.0,0.0,0.0,0.37221527,0.0,1.2530031,0.0,0.5601316,0.9264971,0.0,1.1285329,0.0,0.0,0.0469575,1.6047834,0.0,0.16704285,0.0,0.0,0.0,0.0,1.602939,0.35088068,0.670359,1.61416,1.566674,0.0,0.0,0.11312211,0.0,0.0,0.28905854,0.0,2.1039007,0.10015933,0.0,0.0,0.0,0.0,1.6642042,0.0,0.30774564,0.7332417,1.309026,0.0,0.0,0.0,0.0,0.0,0.65836537,0.0,0.0,2.3411882,0.0,0.0,0.0,0.0,0.0,0.0,1.6472878,0.81209266,0.0,1.8573532,0.0,0.7716068,0.0,0.0,2.1103466,0.0,1.9259902,0.0,0.0,0.08353394,1.1265353,0.7042018,0.41737846,0.0,0.5085012,0.0,0.0,0.6807668,2.7079833,0.95193,2.4585958,1.3837863,0.0,0.0,0.0,0.0,0.0,1.9169357,0.0,0.0,0.1005392,0.0,0.54396343,1.2884771,0.43927643,0.0,0.58682585,0.0,0.0,0.0,1.1235424,0.0,0.0,0.0,1.2518576,0.7802841,0.36290774,0.8930255,0.0,0.0,1.3698301,0.0,0.0,0.0,1.0313957,0.0,1.9675351,0.0,0.0,0.0,0.0,0.44530547,0.0,0.0,0.0,0.7057636,0.665467,0.0,0.24745752,0.56900173,2.4000447,0.0,0.0,0.70761347,1.5059255,0.0,0.0,0.0,0.97836065,1.432649,0.0,0.0,0.26836222,1.1844844,0.71665215,1.0737574,0.0,0.0,0.5226017,0.0,2.0111253,0.0,0.0,0.0,0.5326882,0.0,4.5307236,0.0,0.0,0.0,1.7948549,0.82031536,1.8151486,1.7603918,0.35198942,0.0,0.0,0.0,0.4987184,0.0,0.0,0.0,1.6000257,0.4767701,0.0,1.1287978,0.20794612,0.0,0.0,1.1400377,0.0,2.0261905,0.9051965,0.67221606,1.3221648,2.7921019,1.1186504,0.0,0.020230174,1.446082,0.0,0.70547456,0.0,0.0,0.0,0.039348096,0.0,0.5751954,1.8650872,2.4372544,0.0,0.0,0.8351609,0.0,1.2222245,0.0,1.0984371,2.9310133,1.3360819,0.0,0.32503092,0.42901376,0.0,2.453573,0.0,0.33038768,0.18481693,0.0,0
0.0,0.0,1.0457672,1.2873911,1.6248537,0.0,0.5424199,0.0,0.37436646,0.0,0.0,1.3598648,0.30284554,0.47544798,0.0,0.0,0.0,1.2806885,0.0,0.0,0.0,0.0,0.0,1.731707,0.38146317,0.0,0.8117779,0.0,0.8288417,0.0,0.0,0.4097802,0.0,0.9389041,0.0,0.0,0.0,0.3455788,0.65372247,0.0,1.3997859,0.0,1.0019078,0.4506137,0.0,1.169591,0.0,0.0,0.0,1.3567872,0.0,1.0240582,0.0,0.0,0.0,0.0,1.4506251,0.0,0.90184045,0.3360584,0.6596532,0.0,0.0,0.9845451,0.0,0.0,0.96010625,0.0,0.7801348,0.3304107,0.0,0.0,0.0,0.0,0.93908703,0.0,0.90334004,0.75831115,0.8005193,0.0,0.0,0.0,0.0,0.10346187,0.21969396,0.0,0.0,0.91264683,0.0,0.0,0.5895508,0.0,0.0,0.0,2.4132683,1.959688,0.0,1.4152755,0.0,0.6551691,0.0,0.0,1.2893178,0.0,1.6430652,0.0,0.0,0.0,0.5117621,0.60008377,0.6656983,0.0,0.544563,0.36342046,0.67891914,1.6664933,1.489847,0.9965585,0.9669552,0.9349731,0.0,0.0,0.0,0.0,0.0,1.6854253,0.0,0.0,0.38229257,0.0,0.46216425,1.2437024,1.0628417,0.0,0.41700915,0.0,0.0,0.0,0.20649736,0.0,0.0,0.0,1.0640382,0.43883926,0.6696792,0.3531491,0.0,0.22594333,1.357316,0.6009951,0.0,0.0,0.98099726,0.8078531,0.8105865,0.0,0.0,0.0,0.0,0.2775439,0.0,0.0,0.0,1.4192635,0.649284,0.0,0.91438395,0.34378597,1.1897999,0.0,0.0,0.6430725,1.6425376,0.0,0.0,0.42899594,1.0710435,1.6537169,0.0,0.0,0.53306425,0.8971394,0.57636315,0.67096126,0.0,0.0,0.0,0.0,1.3688959,0.47264656,0.0,0.0,0.46932256,0.0,3.9531162,0.0,0.0,0.0,1.392226,1.111043,0.89788723,0.5285894,0.70022494,0.0,0.0,0.0,0.8798052,0.0,0.0,0.0,0.63548523,0.8029549,0.0,0.7508264,1.5769458,0.0,0.0,0.44864425,0.0,0.8046765,1.0562435,1.0491372,0.93994164,1.8027731,1.3123744,0.0,0.0,1.4861319,0.0,0.75221545,0.0,0.0,0.0,0.3120861,0.0,0.23256275,0.602705,1.153569,0.0,0.0,0.7904282,0.0,0.6527132,0.0,1.1936328,1.4609734,1.2505993,0.0,0.6534234,0.97392565,0.42157453,1.3387933,0.0,0.6660509,0.40200987,0.0,0
0.0,0.0,1.653117,0.80441076,2.4254262,1.2490276,0.0,0.0,0.24963248,0.0,0.0,0.78541327,0.12705354,0.3071954,0.0,0.0,0.0,1.3137822,0.0,0.0,0.0,0.0,0.0,1.445471,0.0,0.0,0.0,0.0,0.51491797,0.0,0.0,0.17206639,0.0,0.0,0.0,0.0,0.3510799,0.0,0.32996178,0.0,1.5060244,0.0,0.002804156,0.568748,0.0,2.8045905,0.0,0.0,0.0,0.57720655,0.0,1.1063277,0.0,0.0,0.0,0.0,0.6508418,0.0,0.30879337,1.4816813,1.0024066,0.0,0.0,0.0,0.0,0.0,0.6228959,0.0,0.33281228,0.34467363,0.0,2.5079186,0.0,0.0,0.9593597,0.0,1.3525997,0.34138057,0.90253794,0.0,0.0,0.0,0.0,0.0,0.5165393,0.0,0.0,1.4717481,0.0,0.0,0.45346618,0.0,0.0,0.0,2.0292065,0.45005554,0.4465125,0.9159717,0.17153992,0.11778562,0.3988872,0.0,1.5780206,0.0,1.6626495,0.0,0.0,0.0,0.0,1.0484793,0.3412612,0.0,0.26959598,1.6287652,0.0,0.38670287,1.0263615,0.6251109,0.0442312,1.4089892,0.0,0.0,0.0,0.0,0.0,0.62571186,0.29541716,0.0,0.100411765,0.042424828,0.1857009,1.2495067,0.973471,0.0,0.5215889,0.0,0.0,0.0,0.0,0.0,0.0,0.0,0.89020276,0.528469,0.0,0.36601236,0.0,1.3802673,1.5101209,0.53385764,0.0,0.0,1.229437,1.3123106,0.33101705,0.0,0.0,0.0,0.0,0.11275595,0.0,0.0,0.0,1.240176,1.9671836,0.0,0.45676818,0.17590214,1.4491221,0.0,0.0,0.06381724,1.0871031,0.0,0.0,0.6353294,1.7463028,0.20973586,0.0,0.0,0.43918234,1.698956,0.6608733,0.17067346,0.0,0.0,0.0,0.0,1.4005758,0.460183,0.0,0.0,0.947338,0.0,3.6627872,0.0,0.0,0.36296684,0.39305317,0.69686115,0.78394264,2.195521,0.50866985,0.0,0.0,0.0,1.4350163,0.0,0.0,0.0,1.1045693,0.804017,0.0,0.97152215,0.7707463,0.0,0.0,1.1921453,0.0,0.3776912,1.9587966,1.2689679,0.0,2.2107809,1.6661977,0.0,0.0,1.7031052,0.0,1.1219878,0.0,0.0,0.0,0.029930769,0.0,1.3764726,0.0,1.4923954,0.0,0.0,0.5457705,0.0,0.20857045,0.0,1.4023187,2.1315224,0.8038514,0.0,0.7104791,0.0,0.83992636,1.6102519,0.0,2.7017817,0.55863625,0.0,0
0.0,0.0,0.7844153,1.4055262,2.5045168,0.0,0.0,0.0,0.084578365,0.0,0.0,0.7487116,0.3183552,0.17015108,0.0,0.0,0.0,0.6039146,0.0,0.0,0.0,0.0,0.0,1.8184146,0.030912396,0.0,0.0,0.18567203,1.0594231,0.0,0.0,0.1570825,0.0,0.46494788,0.0,0.0,0.0,0.079405606,0.5099601,0.0,1.367303,0.0,0.1415198,0.31896916,0.0,1.7175001,0.0,0.0,0.0,0.715706,0.0,0.41795284,0.0,0.0,0.0,0.0,0.5174239,0.0,0.6730967,0.64840496,0.96116716,0.0,0.012455371,0.0,0.0,0.0,0.39833993,0.0,0.8742242,0.0,0.0,0.55577874,0.0,0.0,1.4326776,0.0,1.1511476,0.135624,0.23987676,0.0,0.0,0.0,0.0,0.24365044,0.23314124,0.0,0.0,1.7193154,0.0,0.0,0.11911301,0.0,0.0,0.0,1.4900603,0.41375542,0.0,1.4445491,0.0,0.28103575,0.23285623,0.0,1.2103469,0.0,1.4315245,0.0,0.0,0.0,0.2611804,1.3520217,0.24690662,0.0,0.0,0.9396935,0.14670116,0.4953314,1.6342864,1.4546959,1.0926186,1.412655,0.0,0.0,0.0,0.043878347,0.0,0.5325373,0.03936272,0.0,0.0,0.31543866,0.22786775,0.8395771,0.5365473,0.0,0.39603594,0.0,0.0,0.0,0.18473575,0.0,0.0,0.0,0.71214527,0.9478082,0.7538944,0.09177525,0.0,0.41979125,1.4589487,0.39992082,0.0,0.0,1.0806938,0.39380512,1.2128472,0.0,0.0,0.0,0.0,0.26639798,0.0,0.0,0.0,0.47856492,1.5921838,0.0,0.14455713,0.25630966,1.3296837,0.0,0.0,0.5529431,0.8107499,0.0,0.0,0.46702644,1.4295675,0.8463144,0.0,0.0,0.39662543,1.2480991,0.23298618,0.0,0.0,0.0,0.0,0.0,1.78452,0.45343822,0.0,0.0,0.5372552,0.0,3.4038734,0.0,0.0,0.0,1.209517,0.35224018,1.5695283,1.450124,0.0,0.0,0.0,0.0,0.8834552,0.0,0.0,0.0,0.9977425,0.6886101,0.0,0.15571612,0.20446244,0.0,0.0,0.84204227,0.0,0.8384668,1.0629843,0.79790705,0.0,2.3664637,1.2515577,0.0,0.0,1.7833991,0.0,0.8689751,0.0,0.0,0.0,0.41251707,0.0,0.254842,0.40036997,2.312357,0.0,0.0,0.00459694,0.0,0.07638694,0.0,1.7827417,1.6215155,0.5243845,0.0,0.0,0.087894835,0.0,1.8714927,0.0,2.1652896,0.1636134,0.0,0
0.0,0.0,2.3497553,1.5498828,3.4395487,1.7976391,0.0,0.0,0.23775367,0.0,0.0,0.79430157,0.0,0.12687382,0.0,0.0,0.0,1.5757843,0.0,0.0,0.40037724,0.0,0.0,1.8399705,0.2754709,0.0,0.0,0.0,0.5808461,0.0,0.0,0.087293945,0.0,0.0,0.0,0.0,0.85155255,0.098115474,0.0,0.0,2.150259,0.0,0.0,0.27371666,0.0,3.8207545,0.0,0.0,0.0,0.0,0.0,0.27459064,0.0,0.0,0.0,0.0,1.0871745,0.0,0.0,1.5725633,1.4793406,0.0,0.0,0.0,0.0,0.0,0.5695411,0.0,0.29797792,0.0,0.0,2.8831434,0.0,0.0,2.4472318,0.0,1.5152599,0.0,1.509189,0.0,0.0,0.0,0.0,0.0,0.4016285,0.0,0.0,1.011479,0.0,0.0,0.47278237,0.0,0.0,0.0,2.3567953,0.0,0.3243204,1.8756343,0.0,0.0,0.5843261,0.0,1.1069467,0.0,1.8523021,0.0,0.0,0.0,0.022417646,1.5476195,0.24236734,0.0,0.32529062,1.7124721,0.06623596,0.09157333,1.0960016,1.1086767,0.18078946,1.6599332,0.0,0.0,0.0,0.47697,0.0,0.0,0.0,0.0,0.08447694,0.0,0.21775599,1.0450014,0.27882525,0.0,0.7504538,0.0,0.0,0.0,0.5187706,0.0,0.0,0.0,0.7679888,0.7940714,0.264543,0.47933397,0.0,1.6818591,2.9586854,0.5987391,0.0,0.0,1.0763549,0.98616344,0.3850995,0.0,0.0,0.0,0.0,0.10294949,0.0,0.0,0.0,1.6495197,2.3742576,0.0,0.18921353,0.15459476,1.4814409,0.0,0.0,0.0,1.5213119,0.0,0.0,1.5024034,2.3891664,0.6032835,0.0,0.0,0.17556618,2.8594904,0.5035256,0.0,0.0,0.27584893,0.0,0.0,2.518967,0.0,0.0,0.03216354,1.0618451,0.0,4.0623713,0.0,0.0,0.25934887,0.11755098,0.12991394,0.4918764,2.361164,0.52131796,0.0,0.0,0.0,2.4013033,0.0,0.0,0.0,1.5272735,0.8435143,0.0,0.71177834,0.10576472,0.0,0.0,1.8643701,0.0,0.19669947,3.3852875,1.6540912,0.0,3.4087112,2.4654143,0.0,0.0,1.9472021,0.0,1.7732459,0.0,0.0,0.0,0.022102995,0.0,1.8883119,0.0,2.3714314,0.0,0.0,0.3239957,0.0,0.0,0.0,1.5285059,2.5097904,0.4985238,0.0,0.0,0.0,0.7233514,2.8382728,0.0,2.6761773,0.540982,0.0,0
0.0,0.0,1.0710957,0.7577596,1.8050938,0.017498441,0.0,0.0,0.22204879,0.0,0.0,0.8021349,0.4695598,0.24022982,0.25130507,0.0,0.0,1.0613602,0.0,0.0,0.16248304,0.0,0.0,1.8984327,0.3100071,0.0,0.029302143,0.0,0.73996544,0.0,0.0,0.070965044,0.0,0.0,0.0,0.0,0.0,0.0,0.61440164,0.0,1.1836524,0.0,0.41345328,0.4927999,0.0,2.156738,0.0,0.0,0.0,0.6334443,0.0,0.5903116,0.0,0.0,0.0,0.0,0.385045,0.0,0.60403466,1.4360904,0.87897974,0.0,0.0,0.0,0.0,0.0,0.0,0.0,1.0716546,0.26434818,0.0,1.1431334,0.0,0.0,0.6397039,0.0,1.0746995,0.30155852,0.8107561,0.0,0.0,0.0,0.0,0.0,0.36683965,0.0,0.0,1.23775,0.0,0.0,0.3168122,0.0,0.0,0.0,1.688015,0.25008154,0.0,1.3077425,0.0,0.2440402,0.014489569,0.0,1.3944285,0.0,1.30616,0.0,0.0,0.0,0.29704714,1.0365212,0.0,0.0,0.35350606,1.0756998,0.024886338,0.3109357,1.8745049,0.75343543,0.522905,1.2905775,0.0,0.0,0.0,0.0,0.0,0.5812026,0.0,0.0,0.73982215,0.0,0.0,1.1777112,0.32691556,0.0,0.7340048,0.0,0.0,0.0,0.0,0.0,0.0,0.0,0.55791664,0.5504611,0.0,0.40245423,0.0,0.7321126,1.5496382,0.61613536,0.0,0.0,0.7755539,0.47459134,0.7361779,0.0,0.0,0.0,0.0,0.05956911,0.0,0.0,0.0,0.657917,0.49323285,0.0,0.26579276,0.23345123,1.1732577,0.0,0.0,0.4756518,0.66034526,0.0,0.0,0.39743096,1.5225611,0.33624986,0.0,0.0,0.22945805,0.9429256,0.0,0.1407217,0.0,0.0,0.0,0.0,1.5257518,0.43846086,0.0,0.0,0.5816838,0.0,3.2035718,0.0,0.0,0.5803074,0.74265003,0.689392,0.8764062,1.701416,0.25104213,0.0,0.0,0.0,1.2715933,0.0,0.0,0.0,0.9714572,0.76435935,0.0,0.3301209,0.71388394,0.0,0.0,0.9126012,0.0,1.0147638,1.3541366,0.56837475,0.19515587,1.9004608,1.294666,0.0,0.0,1.4877706,0.0,0.68306017,0.0,0.0,0.0,0.26301217,0.0,1.002188,0.0,1.5366287,0.0,0.0,0.38944846,0.0,0.16233839,0.0,1.124471,1.5854434,0.21466018,0.0,0.61340547,0.059669606,0.5070066,1.2115082,0.0,2.2738576,0.5222513,0.0,0
0.0,0.0,2.1933196,1.8722631,2.0829158,0.0,0.0,0.0,0.42715248,0.0,0.0,1.9097456,1.6204832,0.661416,0.050211888,0.0,0.0,1.7000897,0.10227919,0.0,0.0,0.0,0.0,2.4062817,0.0,0.0,0.8707671,0.0,0.0,0.0,0.0,0.0,0.0,0.150894,0.0,0.0,0.0,0.0,0.1512135,0.0,1.5823112,0.0,0.5500534,1.0263221,0.0,2.6609282,0.0,0.0,0.0,0.6891838,0.0,0.76007324,0.0,0.0,0.0,0.0,1.5909084,0.0,1.1232988,1.9866477,1.6022618,0.0,0.0,0.10995223,0.0,0.0,0.7686313,0.0,1.84542,0.314368,0.0,0.90648997,0.0,0.0,1.3090372,0.0,1.0556842,1.0159711,1.0084558,0.0,0.0,0.0,0.0,0.0,0.4891492,0.0,0.0,1.1587642,0.0,0.0,0.7126307,0.0,0.0,0.0,2.27839,0.66660863,0.0,1.9685708,0.0,0.43301338,0.0,0.0,0.94236636,0.0,2.2830522,0.0,0.0,0.0,0.95697665,0.774604,0.45862222,0.0,0.12131486,0.746419,0.11325419,1.30042,2.8185394,1.7124141,2.0292256,2.0225022,0.0,0.0,0.0,0.0,0.0,0.90999085,0.0,0.0,0.0,0.0,0.1724753,1.8067385,0.6065089,0.0,0.7938776,0.0,0.0,0.0,0.0,0.0,0.0,0.0,1.667533,0.6186641,0.0,1.7767822,0.0,0.4948265,2.146887,0.18086757,0.0,0.0,1.6737016,0.17586417,2.1895623,0.0,0.0,0.0,0.0,0.55573744,0.0,0.0,0.0,1.4816695,0.8559598,0.0,0.2113898,0.09395975,2.0155816,0.0,0.16508451,1.1094469,2.2559156,0.0,0.0,1.6767223,1.9791008,0.0,0.0,0.0,0.19030185,1.7221173,0.2844421,0.9364861,0.5075468,0.0,0.0,0.0,1.8424598,0.0,0.0,0.50241536,0.6349663,0.0,4.440352,0.0,0.0,0.0,0.5151629,0.0,1.5983088,2.7749257,0.9699526,0.0,0.0,0.0,1.0443158,0.0,0.0,0.03220281,1.7617911,0.7211002,0.0,0.09994445,0.95690805,0.0,0.0,1.0166631,0.0,2.563665,1.6845787,1.1900512,0.90925723,2.005187,1.3213123,0.0,0.0,2.4380755,0.0,0.2236198,0.0,0.0,0.0,0.49203706,0.0,1.8145114,0.10436735,2.5331416,0.0,0.0,0.74437517,0.0,0.39173236,0.0,1.4865963,2.4029937,1.041269,0.0,0.974728,0.0,0.47236997,0.8780369,0.0,1.6941398,0.8551976,0.0,0
0.0,0.0,1.4797297,1.1988918,2.3092606,0.4332614,0.0,0.0,0.3780333,0.0,0.0,0.83310616,0.50573635,0.07984539,0.0,0.0,0.0,1.2998399,0.0,0.0,0.0,0.0,0.0,1.5634154,0.17112035,0.0,0.23325446,0.0,0.34579518,0.0,0.0,0.0,0.0,0.08992122,0.0,0.0,0.0,0.0,0.35721427,0.0,1.5207733,0.0,0.420911,0.22035372,0.0,2.4058332,0.0,0.0,0.0,0.22780378,0.0,0.54018176,0.0,0.0,0.0,0.0,1.0284663,0.0,0.22472687,1.5287967,1.1583142,0.0,0.0,0.0,0.0,0.0,0.46521488,0.0,0.7618607,0.0,0.0,1.4331146,0.0,0.0,1.072998,0.0,1.0803231,0.29943076,0.9709671,0.0,0.0,0.0,0.0,0.0,0.53532225,0.0,0.0,0.8834082,0.0,0.0,0.43304133,0.0,0.0,0.0,1.847091,0.21669535,0.0,1.5811571,0.0,0.28054816,0.0,0.0,1.2136785,0.0,1.9535508,0.0,0.0,0.0,0.31661433,0.9605076,0.69460714,0.0,0.19946714,1.3713483,0.021310506,0.9175837,1.3303732,0.6213928,0.438664,1.502714,0.0,0.0,0.0,0.30244926,0.0,0.29291975,0.0,0.0,0.32375443,0.0,0.62085265,1.2260118,0.7911567,0.0,0.40065894,0.0,0.0,0.0,0.35533172,0.0,0.0,0.0,0.872441,0.6161335,0.2478528,0.43771473,0.0,1.0741682,1.8912401,0.49593914,0.0,0.0,0.7706702,0.54625434,0.63017076,0.0,0.0,0.0,0.0,0.14369266,0.0,0.0,0.0,1.0618341,0.9553256,0.0,0.020506022,0.10265516,1.5502362,0.0,0.0,0.20340234,1.0476496,0.0,0.0,0.64852923,1.7956243,0.9934724,0.0,0.0,0.49202377,1.5860739,0.37614134,0.081423104,0.0,0.0,0.0,0.0,1.5519137,0.43278286,0.0,0.0,0.7801027,0.0,3.3814666,0.0,0.0,0.0912727,0.6448011,0.65276146,0.75288326,1.3950162,0.69699347,0.0,0.0,0.0,1.6685456,0.0,0.0,0.0,1.1331036,0.73554915,0.0,0.64575213,0.5921033,0.0,0.0,1.3681506,0.0,0.6659476,1.2473359,0.94534856,0.16768444,1.6967288,1.4538542,0.0,0.0,1.8659743,0.0,0.6569053,0.0,0.0,0.0,0.0,0.0,1.2924706,0.0,1.539696,0.0,0.0,0.0,0.0,0.0,0.0,1.6881381,1.2683858,0.5508582,0.0,0.3606772,0.07349845,0.70622855,1.7268682,0.0,1.889663,0.6446133,0.0,0
0.0,0.0,1.3154445,1.3622423,2.359052,0.057726398,0.0,0.0,0.6208412,0.0,0.0,0.8595103,0.3951537,0.014388882,0.0,0.0,0.0,1.1642298,0.0,0.0,0.019840794,0.0,0.0,1.9173683,0.36107957,0.0,0.29584765,0.0,0.12298638,0.0,0.0,0.0,0.0,0.27835628,0.0,0.0,0.0,0.07406685,0.16242924,0.0,1.2924633,0.0,0.5589615,0.16737208,0.0,2.6454334,0.0,0.0,0.0,0.0,0.0,0.21990676,0.0,0.0,0.0,0.0,0.3234754,0.0,0.28960246,2.232847,1.4457433,0.0,0.0,0.0,0.0,0.0,0.0,0.0,1.306092,0.0,0.0,1.2779527,0.0,0.0,1.011902,0.0,1.2831726,0.0,0.8000173,0.0,0.0,0.0,0.0,0.0,0.37585548,0.0,0.0,1.064068,0.0,0.0,0.24162634,0.0,0.0,0.0,1.8771842,0.048744548,0.0,1.8550662,0.0,0.13641246,0.0,0.0,0.5937458,0.0,1.9591852,0.0,0.0,0.0,0.95782495,0.8724857,0.27401337,0.0,0.0,1.1919818,0.0,0.49848604,1.620457,0.7705896,1.368476,1.8825381,0.0,0.0,0.0,0.25276902,0.0,0.017959189,0.0,0.0,0.024841662,0.0,0.23187904,0.54717916,0.61513746,0.0,0.33968416,0.0,0.0,0.0,0.4157701,0.0,0.0,0.0,1.0036688,0.6904953,0.0,1.2956026,0.0,1.2747158,2.0742435,0.3689274,0.0,0.0,0.5662773,0.6252877,1.4273006,0.0,0.0,0.0,0.0,0.5138808,0.0,0.0,0.0,0.8230963,1.1462587,0.0,0.0,0.14655572,2.281079,0.0,0.0,0.464965,0.9730942,0.0,0.0,0.78950924,2.3564017,0.19126762,0.0,0.0,0.0,1.7905588,0.38311487,0.0,0.15803435,0.0,0.0,0.0,1.6309369,0.44735804,0.0,0.051217273,0.8294517,0.0,3.4110477,0.0,0.0,0.0,0.33808276,0.04511586,0.83313435,2.2483883,0.65369445,0.0,0.0,0.0,1.8139147,0.0,0.0,0.0,1.2114109,0.8547628,0.0,0.2550051,0.21453182,0.0,0.0,1.0158296,0.0,1.3403971,1.175366,0.83351934,0.7250103,1.7474109,1.28302,0.0,0.0,1.7891233,0.0,0.44191155,0.0,0.0,0.0,0.33377898,0.0,1.6677905,0.033571593,1.8828452,0.0,0.0,0.1019999,0.0,0.0,0.0,2.020459,2.0256402,1.2330066,0.0,0.38954365,0.0050471053,0.31857127,1.4467882,0.0,1.6535145,0.8237834,0.0,0
0.0,0.0,1.3759965,1.2415842,3.4728515,0.0,0.0,0.0,0.7956138,0.0,0.0,0.8585007,0.0,0.0,0.0,0.0,0.0,0.7856538,0.7713357,0.0,0.0,0.17406763,0.0,1.6820656,0.0,0.0,0.83215165,0.17630515,0.0,0.19712707,0.0,0.0,0.0,1.9810245,0.0,0.0,0.0,0.0,0.0,0.0,1.2449547,0.0,0.8259376,0.8334386,0.0,1.4450319,0.0,0.0,0.0,0.68040115,0.0,0.41816756,0.0,0.0,0.0,0.0,0.9427028,0.5007238,0.0,1.2719213,1.5229573,0.22438082,0.16304415,0.0,0.0,0.0,0.6441547,0.0,2.139122,0.0,0.0,0.0,0.0,0.0,1.6672213,0.0,0.6245735,0.0,2.0318718,0.0,0.0,0.0,0.0,0.0,0.31320798,0.0,0.0,2.033852,0.0,0.0,0.0,0.0,0.0,0.0,0.5258654,0.0,0.0,1.9149765,0.9065503,0.22819112,0.0,0.0,1.9870574,0.0,2.3502438,0.0,0.0,0.08515042,1.5104927,1.1266451,0.07819961,0.0,0.1782246,0.43275842,0.067043304,0.34002215,2.6048043,0.33837858,1.8803356,1.4680668,0.0,0.0,0.0,0.0,0.0,0.7459095,0.0,0.0,0.0,0.0,0.057257432,1.17773,0.40792292,0.0,1.1154385,0.0,0.0,0.0,0.1581076,0.0,0.0,0.0,1.3313755,0.74922293,0.16684644,0.77668613,0.0,0.0,1.4067636,0.0,0.19749202,0.0,1.6151688,0.40838528,2.722277,0.0,0.0,0.0,0.18945846,0.0,0.0,0.0,0.0,0.38306707,1.7980982,0.15851504,0.0,0.15697236,2.953781,0.0,0.0,0.0,0.8455879,0.0,0.0,0.0,1.7477667,0.69382846,0.0,0.0,0.32407075,1.380482,0.4380112,0.6175425,0.0,0.0,0.53801036,0.0,2.383314,0.021767233,0.0,0.37540507,0.43938717,0.0,3.6340473,0.0,0.0,0.0,1.5899363,0.088409565,1.6396573,2.4356341,0.0,0.0,0.0,0.0,0.0,0.0,0.0,0.0,1.8685604,0.2904681,0.0,0.8438303,0.0,0.0,0.0,1.1400778,0.0,2.0467675,1.0985932,0.68066055,1.2717465,2.5860138,1.1682438,0.0,0.0,1.5048864,0.0,1.1867155,0.0,0.0,0.4228659,0.16066037,0.26695374,0.5535609,1.0667753,2.674772,0.0,0.0,0.13737492,0.0054939166,0.3413977,0.0,0.855704,2.2986727,0.80771077,0.0,0.040271454,0.0,0.0,2.1268241,0.0,0.8026555,0.61444116,0.015720254,0
0.0,0.0,1.6340245,1.1174799,2.40355,0.0,0.0,0.0,0.6376533,0.0,0.0,0.6690006,0.05744098,0.11179336,0.0,0.0,0.0,1.2345666,0.0,0.0,0.061026745,0.0,0.0,1.9610127,0.37660205,0.0,0.6542582,0.0,0.24727821,0.0,0.0,0.0,0.0,0.10774653,0.0,0.0,0.0,0.04136085,0.18536055,0.0,1.3094224,0.0,0.5382181,0.37750685,0.0,2.93404,0.0,0.0,0.0,0.16702525,0.0,0.65086883,0.0,0.0,0.0,0.0,0.8605404,0.0,0.26973888,2.1114712,0.991781,0.0,0.0,0.3371669,0.0,0.0,0.10848995,0.0,1.1823604,0.0,0.0,1.2786063,0.0,0.0,0.5521134,0.0,1.0901804,0.15227504,0.8496524,0.0,0.0,0.0,0.0,0.0,0.74569607,0.0,0.0,1.1652579,0.0,0.0,0.36443236,0.0,0.0,0.0,1.6860664,0.17011593,0.0,1.6687733,0.0,0.27305079,0.0,0.0,0.698847,0.0,1.8646805,0.0,0.0,0.0,0.725245,0.8132797,0.0,0.0,0.08908384,1.0070586,0.2763896,0.3047165,1.8919595,0.63631934,0.8751502,1.4945078,0.0,0.0,0.0,0.120189935,0.0,0.19088145,0.0,0.0,0.17366552,0.0,0.17559539,0.78534085,0.44308466,0.0,0.65440315,0.0,0.0,0.0,0.0,0.0,0.0,0.0,0.9014502,0.6234003,0.12566218,0.6951073,0.0,1.3738017,1.8685933,0.6214499,0.0,0.0,0.93491644,0.19535062,1.1919595,0.0,0.0,0.0,0.0,0.30165783,0.0,0.0,0.0,0.8646086,0.8865354,0.0,0.0,0.32327756,1.6211255,0.0,0.0,0.24367172,0.76863354,0.0,0.0,0.2639271,1.7999917,0.34553367,0.0,0.0,0.1553969,1.378954,0.59982073,0.0,0.0,0.0,0.0,0.0,1.4328741,0.27527183,0.0,0.0,0.42722148,0.0,3.4105506,0.0,0.0,0.4352311,0.5053202,0.34178734,0.8617955,1.9909728,0.44601297,0.0,0.0,0.0,1.6404206,0.0,0.0,0.0,1.2052964,1.0555291,0.0,0.6944584,0.50704014,0.0,0.0,1.0052836,0.0,1.1946671,1.2842168,0.91416955,0.40091687,2.0156248,1.4034389,0.0,0.0,1.4286578,0.0,0.61419827,0.0,0.0,0.0,0.35561332,0.0,1.3543129,0.0,1.9993315,0.0,0.0,0.5149246,0.0,0.0,0.0,1.3237978,1.5534068,0.5966136,0.0,0.47866747,0.0,0.6310433,1.4042304,0.0,1.972588,0.73010784,0.0,0
0.0,0.0,1.6442112,1.274249,2.5297177,1.5591522,0.043842357,0.0,0.0,0.0,0.0,0.79498744,0.0,0.3615655,0.0,0.0,0.0,1.0092498,0.0,0.0,0.0,0.0,0.0,1.8394159,0.11198795,0.0,0.0,0.0,0.8794809,0.0,0.0,0.31276262,0.0,0.0,0.0,0.0,0.62126064,0.29256555,0.03669911,0.0,1.7218611,0.0,0.3804341,0.20608905,0.0,2.8072257,0.0,0.0,0.0,0.6389831,0.0,0.94573027,0.0,0.0,0.0,0.0,0.63395053,0.0,0.50045073,0.76988536,0.9223012,0.0,0.0,0.0,0.0,0.0,0.55188286,0.0,0.0,0.3268147,0.0,2.3300977,0.0,0.0,1.5192631,0.0,1.2807473,0.13332821,1.002507,0.0,0.0,0.0,0.0,0.0,0.5320188,0.0,0.0,1.4332107,0.0,0.0,0.61245275,0.0,0.0,0.0,2.0061002,0.03369044,0.8483856,1.1912347,0.0,0.0,0.98550147,0.0,1.596045,0.0,1.5399805,0.0,0.0,0.0,0.0,0.965368,0.21680558,0.0,0.32865462,1.543769,0.13738441,0.26690474,0.8143134,0.90620154,0.0,1.29563,0.0,0.0,0.0,0.16705939,0.0,0.6928103,0.0,0.0,0.20027882,0.028012024,0.3447574,1.1858964,0.56591207,0.0,0.40366566,0.0,0.0,0.0,0.0,0.0,0.0,0.0,0.39870387,0.37674183,0.0,0.18743671,0.0,1.373086,2.0361633,0.59657943,0.0,0.0,0.86892617,1.3130957,0.0,0.0,0.0,0.0,0.0,0.29565886,0.0,0.0,0.0,0.9628813,1.6566991,0.0,0.6094959,0.11106126,1.1052003,0.0,0.0,0.0009104627,1.0825597,0.0,0.0,0.86512023,1.7288048,0.3411549,0.0,0.0,0.21373342,1.8851335,0.49437848,0.0,0.0,0.0,0.0,0.0,1.9209325,0.4275356,0.0,0.0,0.8277953,0.0,3.5447543,0.0,0.0,0.074511245,0.63983405,0.94558203,0.8137966,1.6508245,0.44917604,0.0,0.0,0.0,1.2315439,0.0,0.0,0.0,0.6854261,0.78841543,0.0,0.6324463,0.7196172,0.0,0.0,1.6688739,0.0,0.39318356,2.5577857,1.3855764,0.0,2.20335,1.9968086,0.0,0.0,2.0286956,0.0,1.5033613,0.0,0.0,0.0,0.0,0.0,1.0825776,0.0,1.2709864,0.0,0.0,0.24379854,0.0,0.050672032,0.15668108,1.4283531,1.7266866,0.39809337,0.0,0.47839347,0.0,0.66866636,1.5582106,0.0,2.1167884,0.6392569,0.0,0
0.0,0.0,1.2944027,1.4880999,1.9551164,0.0,0.0,0.0,0.5151601,0.0,0.0,0.81703925,0.04642804,0.43250683,0.0,0.0,0.0,1.2275441,0.0,0.0,0.2317334,0.0,0.0,1.9321918,0.075918674,0.0,0.38437328,0.0,0.78305215,0.0,0.0,0.1391843,0.0,1.5099652,0.0,0.0,0.0,0.31309968,0.16045061,0.0,1.1092385,0.0,0.8837512,0.749224,0.0,1.4985774,0.0,0.0,0.0,0.9718402,0.0,0.89340913,0.0,0.0,0.0,0.0,1.2769849,0.0,0.44826564,0.40962365,1.7619917,0.0,0.056230005,0.0,0.0,0.0,0.39488733,0.0,0.54544055,0.12863827,0.0,0.06641644,0.0,0.0,1.2963945,0.0,0.90867645,0.6418012,1.1746945,0.0,0.0,0.0,0.0,0.03091131,0.0,0.0,0.0,2.1594489,0.0,0.0,0.1207952,0.0,0.0,0.0,2.2366996,0.36800086,0.0,1.0504702,0.0,0.19403787,0.0,0.0,1.581269,0.0,1.8405799,0.0,0.0,0.0,0.21854717,0.75160384,0.7357122,0.0,0.41595003,0.0,0.0,1.0696124,1.5099735,0.79770637,1.0872043,1.201937,0.0,0.0,0.0,0.0,0.0,1.7652719,0.0,0.0,0.0,0.0,0.86249554,1.6288999,1.117068,0.0,0.3685231,0.0,0.0,0.0,0.27195528,0.0,0.0,0.0,0.955368,0.4213397,0.56800294,0.1426868,0.0,0.04029295,1.4745079,0.24141763,0.0,0.0,0.6677527,0.8608577,0.97024137,0.0,0.0,0.05527546,0.0,0.7279931,0.0,0.0,0.0,0.87835157,1.1628181,0.0,0.053599864,0.14565365,1.4075049,0.0,0.0,0.3921164,1.6345925,0.0,0.0,0.31134695,1.7094638,1.9310858,0.0,0.0,0.25979045,1.1421962,0.10456744,0.5803428,0.0,0.0,0.0,0.0,1.5000163,0.0,0.0,0.0,0.72880393,0.0,3.8533747,0.0,0.0,0.0,1.4118297,0.95087326,1.305308,1.0311869,0.0,0.0,0.0,0.0,0.71050906,0.0,0.0,0.0,1.2548043,0.49372447,0.0,0.88571924,0.77703494,0.0,0.0,1.0855013,0.0,0.809871,1.0260867,0.60680515,0.6568227,2.276681,1.0357445,0.0,0.0,1.279685,0.0,1.0787185,0.0,0.0,0.0,0.07438714,0.0,0.49083272,0.6352499,1.6268821,0.0,0.0,0.2614465,0.0,0.8612573,0.0,1.1965009,2.1528134,0.7494048,0.0,0.39156872,0.18946603,0.0,2.0147016,0.0,0.9692219,0.45276445,0.0,0
0.0,0.0,1.1523944,0.48956174,2.1805036,0.0,0.18904732,0.0,0.41485927,0.0,0.0,0.98561835,0.7672013,0.79495835,0.0076722917,0.0,0.0,1.277326,0.0,0.0,0.0,0.0,0.0,2.3128746,0.3766537,0.0,0.16125676,0.018460045,0.8351084,0.0,0.0,0.39108726,0.0,0.109873936,0.0,0.0,0.0,0.1251785,1.1703166,0.0,1.0218151,0.0,0.11789597,0.7529354,0.0,1.4329131,0.0,0.0,0.0,0.7074247,0.0,1.1929109,0.0,0.0,0.0,0.0,1.2780209,0.0,1.0193939,1.4833491,0.6777816,0.040123556,0.0,1.1826026,0.0,0.0,0.86938804,0.0,0.7363108,0.5471505,0.0,0.216471,0.0,0.0,0.68699676,0.0,1.2536824,0.79162157,0.5402444,0.0,0.0,0.0,0.0,0.0,0.52019167,0.0,0.0,1.8080279,0.0,0.0,0.70596975,0.0,0.0,0.0,2.0682929,1.3767339,0.0,1.5862465,0.0,0.67045563,0.0,0.0,0.70092344,0.0,1.0768175,0.0,0.0,0.0,0.58592623,0.56330866,0.14404142,0.0,0.31393364,0.9048939,0.11911988,1.3717824,1.71763,1.0597521,0.79349625,1.7828134,0.0,0.0,0.0,0.0,0.0,1.0915449,0.0,0.0,0.33430797,0.0,0.62229943,1.3687385,0.7653288,0.0,0.45167544,0.0,0.0,0.0,0.14986522,0.0,0.0,0.0,1.2280043,0.64335185,0.13108963,0.5211144,0.0,1.0273418,1.4085867,0.45700157,0.0,0.0,1.212879,0.0,0.69674665,0.0,0.0,0.0,0.0,0.4599157,0.0,0.0,0.0,1.3208222,1.1624233,0.0,1.0228231,0.4091725,1.0348858,0.0,0.0,0.7258537,1.5686514,0.0,0.0,0.0,1.2394385,0.48099986,0.0,0.0,0.24163912,1.0374601,0.6727009,0.26808017,0.0,0.0,0.0,0.0,1.045012,0.36245286,0.0,0.0,0.32293147,0.0,5.1297455,0.0,0.0,0.0,1.0100819,1.0558711,1.110566,1.4225688,0.7359594,0.0,0.0,0.0,1.158558,0.0,0.0,0.0,0.5085278,0.861785,0.021659957,0.28397024,1.6798866,0.0,0.0,0.2928358,0.0,0.61148,0.9261877,0.45602095,0.7220754,1.8372978,1.3911868,0.0,0.0,1.3817405,0.0,0.61644095,0.0,0.0,0.0,0.8702968,0.0,0.8063753,0.4800075,1.8215704,0.0,0.0,0.8976119,0.0,0.0,0.0,1.4323694,1.6119202,1.3370857,0.0,0.57353926,0.8375354,1.1200914,1.2347455,0.0,1.7888842,0.27116746,0.0,0
0.0,0.0,1.4849164,1.8041927,2.8900664,0.8130026,0.066859946,0.0,0.012077877,0.0,0.0,1.0738252,0.04132776,0.4011874,0.0,0.0,0.0,1.507075,0.0,0.0,0.0,0.0,0.0,2.2621138,0.0,0.0,0.0,0.0,0.5415815,0.0,0.0,0.006720494,0.0,0.0,0.0,0.0,0.0,0.31971502,0.0,0.0,1.7978085,0.0,0.0,0.22615817,0.0,2.6315176,0.0,0.0,0.0,0.3463581,0.0,1.379424,0.0,0.0,0.0,0.0,0.9301514,0.0,0.47110116,1.073677,1.2482166,0.0,0.0,0.0,0.0,0.0,0.36408645,0.0,0.3098081,0.22176822,0.0,2.4116688,0.0,0.0,1.8846338,0.0,1.1569129,0.35224172,1.2427404,0.0,0.0,0.0,0.0,0.0,0.13171083,0.0,0.0,1.4150698,0.0,0.0,0.05418903,0.0,0.0,0.0,2.463637,0.35297576,0.63301665,1.52155,0.0,0.073507324,0.00515572,0.0,1.5288539,0.0,1.910623,0.0,0.0,0.0,0.05360372,1.4583083,0.2613101,0.0,0.47996315,1.8085281,0.111910045,0.20176837,0.9272131,0.89309853,0.069605075,1.5193294,0.0,0.0,0.0,0.28868,0.0,0.25583792,0.0,0.0,0.02018201,0.0,0.91472894,1.2071257,1.0383252,0.0,0.5551269,0.0,0.0,0.0,0.20367464,0.0,0.0,0.0,0.35983437,0.7126554,0.0,0.072460845,0.0,0.8374031,2.3469493,0.41896278,0.0,0.0,0.7400494,0.8438974,0.16399176,0.0,0.0,0.0,0.0,0.0,0.0,0.0,0.0,0.8924862,1.9801581,0.0,0.26301476,0.08785115,1.4475329,0.0,0.0,0.0,1.4005259,0.0,0.0,0.65615827,1.797377,0.33778426,0.0,0.0,0.6404839,1.9549439,0.93905276,0.22802962,0.0,0.0,0.0,0.0,2.1655846,0.14148387,0.0,0.0,1.1683207,0.0,4.180982,0.0,0.0,0.20327736,0.6613927,0.86054283,0.080313355,2.1816304,0.25020957,0.0,0.0,0.0,0.97038215,0.0,0.0,0.0,1.1931821,0.8255436,0.0,0.74524385,0.34091932,0.0,0.0,1.6110098,0.0,0.99295694,2.2150004,1.2183958,0.0,2.4743705,2.1594872,0.0,0.0,1.9413283,0.0,1.7073494,0.0,0.0,0.0,0.20310083,0.0,1.3430525,0.0,1.4216967,0.0,0.0,0.40557855,0.0,0.0,0.0,1.948917,2.2184901,0.8760316,0.0,0.22940275,0.1636765,0.40739465,2.2409308,0.0,2.715573,1.0823697,0.0,0
0.0,0.0,1.9812844,1.1614308,2.6266243,0.0,0.0,0.0,0.41728052,0.0,0.0,0.64684004,0.3055904,0.16013232,0.08890794,0.0,0.0,1.399442,0.0,0.0,0.0,0.0,0.0,1.9276149,0.27409977,0.0,0.10250952,0.0,0.019995658,0.0,0.0,0.0,0.0,0.0,0.0,0.0,0.0,0.0,0.22368968,0.0,1.2040924,0.0,0.28125334,0.787278,0.0,3.1418617,0.0,0.0,0.0,0.10312189,0.0,0.63343465,0.0,0.0,0.0,0.0,0.47223085,0.0,0.20292382,2.022415,1.0754533,0.0,0.0,0.0,0.0,0.0,0.044904497,0.0,1.4005581,0.19596337,0.0,1.7890606,0.0,0.0,1.0493813,0.0,1.3255397,0.4341937,0.8205738,0.0,0.0,0.0,0.0,0.0,0.3744974,0.0,0.0,1.4718719,0.0,0.0,0.52745587,0.0,0.0,0.0,1.7358755,0.10592084,0.0,1.8004011,0.0,0.22393744,0.0,0.0,1.51997,0.0,1.9401184,0.0,0.0,0.0,0.6497583,1.0122365,0.0,0.0,0.37786722,1.1448536,0.0,0.5837331,2.4970806,0.69389385,0.9143211,1.9403088,0.0,0.0,0.0,0.0,0.0,0.4687622,0.0,0.0,0.13601178,0.0,0.0,0.97285205,0.73543334,0.0,0.6845049,0.0,0.0,0.0,0.0,0.0,0.0,0.0,0.9808652,0.5580315,0.0621721,0.7751977,0.0,1.1319376,1.835156,0.43607068,0.0,0.0,0.83652884,0.5370504,1.1692164,0.0,0.0,0.0,0.0,0.07720219,0.0,0.0,0.0,0.824693,1.2411193,0.0,0.0,0.39366555,1.7210203,0.0,0.0,0.19857602,0.978086,0.0,0.0,0.5496217,2.377417,0.0,0.0,0.0,0.0,1.5212992,0.29099706,0.011440651,0.0,0.0,0.0,0.0,1.5566815,0.4020423,0.0,0.0,0.6105074,0.0,4.0589657,0.0,0.0,0.39562604,0.64375806,0.2515408,1.1492852,2.5928268,0.36754283,0.0,0.0,0.0,1.753158,0.0,0.0,0.0,1.3711829,1.05407,0.0,0.50288576,0.12136248,0.0,0.0,1.211544,0.0,1.2700096,1.6035775,0.85096496,0.31883353,1.8613499,1.3438973,0.0,0.0,1.7005448,0.0,0.58855385,0.0,0.0,0.0,0.12605953,0.0,1.7033745,0.0,2.1126127,0.0,0.0,0.33261234,0.0,0.29839662,0.0,1.5586452,1.7425828,0.5725723,0.0,0.5587704,0.0,0.35262388,1.3193157,0.0,2.4338088,0.8182171,0.0,0
0.0,0.0,0.47861314,0.0,0.0,0.0,1.4728503,0.0,0.0,0.0,0.0,1.7096181,2.3809586,1.5168587,0.0,0.0,0.0,2.519464,0.0,0.0,0.0,0.0,0.0,1.7848597,0.80904543,0.0,0.0,0.0,1.8844236,0.0,0.0,0.6916539,0.0,0.0,0.0,0.0,0.0,0.92818934,2.0614824,0.0,1.3377151,0.0,0.9017717,1.2079495,0.0,0.0,0.0,0.0,0.0,1.6232375,0.0,2.9478855,0.0,0.0,0.0,0.0,3.172887,0.0,2.9376583,0.042400803,0.0,0.0,0.0,2.86186,0.0,0.0,1.5870498,0.0,0.0,1.4767605,0.0,0.31958285,0.0,0.0,0.13230257,0.0,1.8294024,1.3755676,0.0,0.0,0.0,0.0,0.0,0.63122004,1.9611232,0.0,0.0,0.83518136,0.0,0.0,2.1492913,0.0,0.0,0.0,3.4056463,3.0597641,0.03979616,0.65764695,0.0,0.6900723,0.0,0.0,0.4445647,0.0,0.33291253,0.0,0.0,0.2510276,0.0,0.0,1.0857043,0.0,0.97610843,0.12984373,1.7111176,3.8820899,0.9183159,1.091883,0.0,0.16754659,0.0,0.0,0.0,0.0,0.0,3.9377482,0.0,0.0,0.87225026,0.0,0.21809484,2.0255046,2.047253,0.0,0.0,0.0,0.0,0.0,0.19226104,0.0,0.0,0.0,1.4910301,0.23155135,0.63870555,0.0,0.0,0.12493488,0.58505267,0.9126101,0.0,0.0,2.1425378,0.30519974,0.20736457,0.0,0.0,0.105387405,0.0,1.2647941,0.0,0.0,0.0,2.7337637,0.0,0.0,2.8946416,1.1861036,0.0,0.0,0.0,1.6390015,3.1081326,0.0,0.0,0.49005193,0.30521685,2.3573184,0.0,0.0,1.2662791,0.0,1.2038872,2.3264694,0.008577344,0.0,0.24312632,0.0,0.0,1.222952,0.0,0.20143501,0.0,0.0,5.4947534,0.0,0.0,0.016402196,2.2278647,2.0004127,0.26702213,0.0,1.6910672,0.0,0.0,0.0,0.23764172,0.0,0.0,0.0,0.0,0.0,0.0,0.50800306,5.149193,0.0,0.0,0.0,0.0,0.16880333,0.36483476,0.0,0.5327153,0.4517407,0.7046104,0.0,0.0,1.417204,0.0,0.43343467,0.0,0.0,0.0,1.5192385,0.0,0.44121072,0.0,0.0,0.0,0.0,1.4179088,0.0,1.1407126,0.0,0.69007283,0.7709982,1.8648033,0.0,1.5864456,1.8185318,1.8991334,0.0,0.0,0.0,0.0,0.0,1
0.0,0.0,1.1645637,0.4227322,0.0,0.19637892,1.6230406,0.0,0.0,0.0,0.0,2.093286,2.208031,1.9669396,0.0,0.0,0.0,2.5147977,0.0,0.0,0.0,0.0,0.0,1.9302015,0.6163047,0.0,0.0,0.0,1.9461039,0.0,0.0,0.7799791,0.0,0.0,0.0,0.0,0.0,0.88398004,1.3869338,0.0,1.3171345,0.0,1.7103088,1.1981483,0.0,0.06691367,0.0,0.0,0.0,1.8141881,0.0,2.412241,0.0,0.0,0.0,0.0,2.49682,0.0,2.432199,0.16476354,0.0,0.0,0.0,2.6322746,0.0,0.0,2.1595137,0.0,0.0,1.0798701,0.0,0.0,0.0,0.0,0.3483372,0.0,1.4609195,1.7919949,0.0,0.0,0.0,0.0,0.0,0.5527107,1.6753143,0.0,0.0,1.0634108,0.0,0.0,1.9118911,0.0,0.0,0.0,3.566443,2.2080894,0.26160088,0.8112073,0.0,0.9321066,0.07317261,0.0,0.04528196,0.0,0.23748663,0.0,0.0,0.22267827,0.0,0.0,0.9474912,0.0,0.9836082,0.0,1.5316253,3.417922,0.63285905,1.2909077,0.0,0.0,0.0,0.0,0.0,0.0,0.0,3.3452702,0.0,0.0,0.9072136,0.034986213,0.12567188,1.7196426,1.7168754,0.0,0.0,0.0,0.0,0.0,0.34316435,0.0,0.0,0.0,1.4818432,0.0,0.24876192,0.116154686,0.0,0.18878278,0.6842374,0.7551037,0.0,0.0,1.6490492,0.11565792,0.03128024,0.0,0.0,0.0,0.0,1.1402385,0.0,0.0,0.0,2.4372754,0.0,0.0,2.8993986,1.0971658,0.0,0.0,0.0,1.5877842,3.0802202,0.0,0.0,0.6970223,0.3319307,2.0760815,0.0,0.0,1.6534448,0.4473573,1.2053933,1.73284,0.0,0.0,0.397715,0.0,0.03847392,0.7587365,0.0,0.12656017,0.0,0.0,5.2808886,0.0,0.0,0.0,1.59482,1.9593635,0.22002843,0.0,1.8827325,0.0,0.0,0.0,0.2547389,0.0,0.0,0.0,0.0,0.19379485,0.0,0.46492198,4.7070065,0.0,0.0,0.40493768,0.0,0.057983633,1.1960312,0.13944447,0.22958753,0.96795255,1.6317456,0.0,0.0,1.4586607,0.0,0.91750586,0.0,0.0,0.0,0.46469703,0.0,0.0,0.0,0.0,0.0,0.0,1.4473697,0.0,1.2654266,0.0,0.7356382,0.41314566,1.528359,0.0,1.5479345,1.725217,1.8987185,0.0,0.0,0.0,0.0,0.0,1
0.0,0.0,0.7546309,0.11431691,1.5268705,0.0,0.33368084,0.0,0.0770459,0.0,0.0,0.9814398,0.9535162,0.76075274,0.159465,0.0,0.0,1.1424178,0.0,0.0,0.03302372,0.0,0.0,1.7194097,0.5478968,0.0,0.10329189,0.15009438,0.7958829,0.0,0.0,0.3362753,0.0,0.0,0.0,0.0,0.0,0.08780356,1.289642,0.0,1.0346594,0.0,0.0,0.7202931,0.0,1.6995057,0.0,0.0,0.0,1.3175931,0.0,1.1396554,0.0,0.0,0.0,0.0,0.817818,0.0,0.7969732,0.84514,0.40893972,0.0,0.0,0.9652875,0.0,0.0,0.7238515,0.0,0.97623545,0.9350503,0.0,0.48566744,0.0,0.0,0.14514068,0.0935622,1.4245751,0.8334263,0.10351739,0.0,0.0,0.0,0.0,0.0,0.34731638,0.0,0.0,1.3294559,0.0,0.0,0.8188639,0.0,0.0,0.0,1.9554611,1.9465994,0.0,1.1934656,0.0,0.34728628,0.0,0.0,0.99594015,0.0,1.0795482,0.0,0.0,0.0,0.24764931,1.0392368,0.49776372,0.0,0.42532924,0.8423213,0.43355,1.236597,1.4400167,0.87432045,0.6299355,1.0481904,0.0,0.0,0.0,0.0,0.0,1.6785713,0.0,0.0,0.39583504,0.0,0.184758,1.2690549,0.86421925,0.0,0.27387193,0.0,0.0,0.0,0.04751075,0.0,0.0,0.0,1.2154512,0.87788576,0.08929539,0.41055867,0.0,0.58797634,1.0095124,0.5558033,0.0,0.0,1.3931541,0.030425007,0.48329732,0.0,0.0,0.0,0.0,0.1339883,0.0,0.0,0.0,1.3769312,1.0731765,0.0,1.2318714,0.61179864,0.9066496,0.0,0.0,1.0114369,1.0620697,0.0,0.0,0.11502439,0.8467172,0.5605326,0.0,0.0,0.96723455,0.36867535,0.07217327,0.7194389,0.0,0.0,0.0,0.0,0.9936406,0.39538756,0.0,0.0,0.6056135,0.0,4.3700333,0.0,0.0,0.15192415,1.0682745,1.1002989,0.51170313,1.536216,0.98749906,0.0,0.0,0.0,0.52992994,0.0,0.0,0.0,0.9097378,0.5521162,0.0,0.11293201,1.7539394,0.0,0.0,0.3844287,0.0,0.37652987,0.3930883,0.6366942,0.40675542,1.6999258,1.0169829,0.0,0.0,1.5701102,0.0,0.19536419,0.0,0.0,0.0,0.8726271,0.0,0.57072693,0.0,1.3847822,0.0,0.0,0.9437435,0.0,0.093385965,0.0,1.48024,1.6359305,1.2233446,0.0,0.5426273,0.83724976,0.95942116,1.4331694,0.0,1.8644433,0.13780075,0.0,0
0.0,0.0,1.8132659,1.5521077,2.5759876,1.7402738,0.0,0.0,0.0,0.0,0.0,0.9535584,0.39621115,0.14199063,0.0,0.0,0.0,1.1842194,0.03309988,0.0,0.0,0.0,0.0,1.5951613,0.17136285,0.0,0.0,0.0,0.55630195,0.0,0.0,0.12396341,0.0,0.0,0.0,0.0,0.6113605,0.18820101,0.0,0.0,1.7727455,0.0,0.6722931,0.4599102,0.0,3.2329507,0.0,0.0,0.0,0.88069874,0.0,0.49301085,0.0,0.0,0.0,0.0,0.6708412,0.0,0.21005102,1.0767595,0.5347094,0.0,0.0,0.0,0.0,0.0,0.43606126,0.0,0.0,0.0,0.0,2.6410677,0.0,0.0,1.7822654,0.0,1.2666998,0.0,1.2085088,0.0,0.0,0.0,0.0,0.0,0.28081727,0.0,0.0,1.4682169,0.0,0.0,0.314182,0.0,0.0,0.0,2.157832,0.0,0.605366,1.0073786,0.0,0.0,1.2591314,0.0,1.7483587,0.0,1.7088456,0.0,0.0,0.0,0.0,1.2275306,0.0,0.0,0.5541217,1.4288749,0.3001408,0.35983145,1.0040683,0.6148595,0.0,1.1939691,0.0,0.0,0.0,0.3615946,0.0,0.18853544,0.0,0.0,0.015388723,0.149143,0.5879351,1.4147872,0.3977832,0.0,0.5855854,0.0,0.0,0.0,0.0,0.0,0.0,0.0,0.6884547,0.2500344,0.0,0.30640134,0.0,1.4719756,2.1889734,0.3542794,0.0,0.0,0.89770365,1.2104163,0.0,0.0,0.0,0.0,0.0,0.2953422,0.0,0.0,0.0,0.8868252,1.9545676,0.0,0.2237721,0.015636194,1.4088309,0.0,0.0,0.0,1.1707879,0.0,0.0,0.9981803,1.8552929,0.46016124,0.0,0.0,0.010753225,1.9537225,0.27369973,0.0,0.0,0.0,0.0,0.0,2.0542765,0.13031265,0.0,0.0,1.0378041,0.0,3.1457613,0.0,0.0,0.30880332,0.30565763,0.70261884,0.93687874,1.9662147,0.2882115,0.0,0.0,0.20376967,1.6975192,0.0,0.0,0.0,1.0035907,0.7821468,0.0,1.0982231,0.46376747,0.0,0.0,1.5634047,0.0,0.81445223,2.7591245,1.4374908,0.0,2.5019288,2.0235457,0.0,0.0,1.9654949,0.0,1.2584057,0.0,0.0,0.0,0.0,0.0,1.5061837,0.0,1.5480375,0.0,0.0,0.2530514,0.0,0.0,0.21734829,1.3501874,1.7304897,0.41457602,0.0,0.60829157,0.042123996,0.68784964,2.074908,0.0,2.2095773,0.79362977,0.0,0
0.0,0.0,1.1249995,0.9465348,1.94746,0.25279883,0.0,0.0,0.19275816,0.0,0.0,0.5491134,0.4025757,0.55927247,0.0,0.0,0.0,1.1910138,0.0,0.0,0.0,0.0,0.0,1.4425211,0.256763,0.0,0.15186834,0.0,0.61214125,0.0,0.0,0.33870426,0.0,0.0,0.0,0.0,0.0,0.24679428,0.57375485,0.0,1.2458278,0.0,0.5481235,0.35592958,0.0,1.543571,0.0,0.0,0.0,0.6356949,0.0,1.064582,0.0,0.0,0.0,0.0,1.1527822,0.0,0.8009754,0.85155183,0.7024025,0.0,0.0,0.7729685,0.0,0.0,0.5837713,0.0,0.23998651,0.33835495,0.0,0.773893,0.0,0.0,0.592094,0.0,1.0890384,0.20138599,0.66232055,0.0,0.0,0.0,0.0,0.14230609,0.63404894,0.0,0.0,1.3421872,0.0,0.0,0.70951366,0.0,0.0,0.0,2.0437655,0.4767648,0.0,0.6509179,0.0,0.17909054,0.01164303,0.0,1.2956352,0.0,1.282102,0.0,0.0,0.0,0.20479426,0.610046,0.5773051,0.0,0.13705756,0.5985973,0.33970997,1.1910045,1.4801551,0.8410843,0.735488,1.2935467,0.0,0.0,0.0,0.0,0.0,1.6705203,0.0,0.0,0.11397665,0.0,0.17270088,1.280171,1.0851333,0.0,0.05945183,0.0,0.0,0.0,0.0,0.0,0.0,0.0,0.6507825,0.5112652,0.29954657,0.0,0.0,0.91090465,1.4030938,0.4311563,0.0,0.0,0.62422913,0.7004538,0.39383182,0.0,0.0,0.0,0.0,0.35957468,0.0,0.0,0.0,0.8628197,0.89103615,0.0,0.66526175,0.28269935,0.9196987,0.0,0.0,0.30385745,0.99263597,0.0,0.0,0.35065395,1.2213614,1.2187326,0.0,0.0,0.23731762,0.8274302,0.3108567,0.5796908,0.0,0.0,0.0,0.0,1.273224,0.4860038,0.0,0.0,0.4264376,0.0,3.675444,0.0,0.0,0.0055728075,1.3406979,1.0251825,0.7189792,1.0763464,0.26335424,0.0,0.0,0.0,0.9108904,0.0,0.0,0.0,0.6297816,0.54643244,0.0,0.88657546,1.3179551,0.0,0.0,0.5010452,0.0,0.58947897,1.1505009,0.8469351,0.21692356,1.5095161,0.9902541,0.0,0.0,1.6355803,0.0,0.722829,0.0,0.0,0.0,0.4394129,0.0,0.7025216,0.09151941,0.95711917,0.0,0.0,0.1572148,0.0,0.25296137,0.0,0.9273054,1.2399954,0.48181102,0.0,0.7772962,0.6381751,0.65602773,1.1595384,0.0,0.8663833,0.5525815,0.0,0
0.0,0.0,0.9981755,1.1725011,2.2184117,0.53069985,0.0,0.0,0.1713315,0.0,0.0,0.7248909,0.20648031,0.18382329,0.0,0.0,0.0,0.94991124,0.0,0.0,0.0,0.0,0.0,1.8210492,0.31654984,0.0,0.0,0.0,0.6343394,0.0,0.0,0.0,0.0,0.0,0.0,0.0,0.0,0.0,0.3762708,0.0,1.7702998,0.0,0.35399377,0.27990967,0.0,2.7259443,0.0,0.0,0.0,0.42785135,0.0,0.5893921,0.0,0.0,0.0,0.0,0.023059815,0.0,0.036334585,1.5418625,1.072001,0.0,0.0,0.001949791,0.0,0.0,0.0,0.0,0.96672964,0.0,0.0,1.5656407,0.0,0.0,1.0668346,0.011046477,1.3787858,0.053597502,0.88644314,0.0,0.0,0.0,0.0,0.0,0.3635901,0.0,0.0,1.1202482,0.0,0.0,0.29531705,0.0,0.0,0.0,1.893753,0.0,0.15449928,1.5193347,0.0,0.0,0.10385565,0.0,1.0573452,0.0,1.4067998,0.0,0.0,0.0,0.37120524,1.2499675,0.14623043,0.0,0.08207383,1.2614049,0.0,0.41166863,1.2818519,0.58015656,0.44881704,1.4889034,0.0,0.0,0.0,0.118819386,0.0,0.0,0.0,0.0,0.32696116,0.0,0.0,0.9991351,0.44251722,0.0,0.5418593,0.0,0.0,0.0,0.0,0.0,0.0,0.0,0.68072367,0.5535962,0.0,0.6678367,0.0,1.1420141,1.739497,0.47326493,0.0,0.0,0.7146746,0.8051868,0.6305597,0.0,0.0,0.0,0.0,0.06557693,0.0,0.0,0.0,0.73904324,1.3481494,0.0,0.17149352,0.13887842,1.5326205,0.0,0.0,0.09133707,0.5919789,0.0,0.0,0.5206789,1.7747942,0.2230666,0.0,0.0,0.2277001,1.364377,0.31835184,0.07532989,0.0,0.0,0.0,0.0,1.8516295,0.5064503,0.0,0.0,0.7531095,0.0,2.6858609,0.0,0.0,0.24311133,0.4773372,0.750086,0.75224704,1.7312715,0.22940505,0.0,0.0,0.0,1.6199214,0.0,0.0,0.0,1.0482565,0.8811555,0.0,0.5606293,0.35026163,0.0,0.0,1.1381267,0.0,0.72108287,1.8157219,1.4008213,0.0,1.9610234,1.6217638,0.0,0.0,1.6421962,0.0,0.88707644,0.0,0.0,0.0,0.23931713,0.0,1.1943225,0.0,1.5571225,0.0,0.0,0.3213747,0.0,0.0,0.0,1.1752695,1.6212744,0.45080507,0.0,0.5439199,0.0,0.8183459,1.5826863,0.0,2.1851366,0.7947194,0.0,0
0.0,0.0,1.3063102,1.1040128,1.8039912,1.1958505,0.07677774,0.0,0.0,0.0,0.0,0.85440373,0.25744992,0.3147739,0.0,0.0,0.0,1.3441613,0.0,0.0,0.0,0.0,0.0,1.6713732,0.13625987,0.0,0.0,0.0,1.2051085,0.0,0.0,0.11000069,0.0,0.0,0.0,0.0,0.058850326,0.56256926,0.47283342,0.0,1.3955033,0.0,0.66374093,0.5320545,0.0,1.6262859,0.0,0.0,0.0,1.0082897,0.0,1.1648118,0.0,0.0,0.0,0.0,0.92549276,0.0,0.97691315,0.20067132,0.665357,0.0,0.0,0.7926817,0.0,0.0,0.6110883,0.0,0.16823089,0.59174377,0.0,1.577529,0.0,0.0,1.2668898,0.0,1.26881,0.42449495,0.5384576,0.0,0.0,0.0,0.0,0.0,0.5271331,0.0,0.0,1.2281773,0.0,0.0,0.88362134,0.0,0.0,0.0,2.327324,0.76411885,0.57212406,1.0373164,0.0,0.0,0.4405801,0.0,1.5608368,0.0,1.0269235,0.0,0.0,0.0,0.0,0.88331497,0.48607185,0.0,0.2898127,0.83568347,0.55881304,1.0207375,1.053765,0.9662617,0.0,0.9506886,0.0,0.0,0.0,0.0,0.0,1.0336657,0.0,0.0,0.33942527,0.24718232,0.43557385,1.5680447,1.0302341,0.0,0.17733943,0.0,0.0,0.0,0.0,0.0,0.0,0.0,0.6477332,0.4165634,0.12967923,0.0,0.0,1.0784587,1.2660156,0.37639225,0.0,0.0,1.1143517,0.90967345,0.0,0.0,0.0,0.0,0.0,0.3060339,0.0,0.0,0.0,1.0806311,1.5055315,0.0,1.0180553,0.17744361,1.0141393,0.0,0.0,0.12720096,1.3317099,0.0,0.0,0.6452308,1.4674871,0.88933635,0.0,0.0,0.5749969,1.1290143,0.6042155,0.49855772,0.0,0.0,0.0,0.0,1.2865978,0.49217013,0.0,0.0,0.9579186,0.0,3.478145,0.0,0.0,0.13808616,0.82702506,0.8820636,0.8736058,1.4273183,0.27901855,0.0,0.0,0.0,1.427562,0.0,0.0,0.0,0.47395402,0.4879997,0.0,0.7782485,1.4220243,0.0,0.0,1.0141535,0.0,0.30665475,1.9310197,0.91991585,0.0,1.9721625,1.8288127,0.0,0.0,1.6319516,0.0,1.2479414,0.0,0.0,0.0,0.15490904,0.0,1.0247594,0.0,0.73960775,0.0,0.0,0.63905203,0.0,0.0,0.5175972,1.2627069,1.1119342,0.6538793,0.0,0.60512406,0.4874598,0.8002354,1.5314757,0.0,1.8660216,0.5199134,0.0,0
0.0,0.0,1.6005396,1.1372482,2.1507895,1.1863464,0.4018431,0.0,0.0,0.0,0.0,1.0140052,0.32960314,0.5302007,0.0,0.0,0.0,1.0569552,0.0,0.0,0.0,0.0,0.0,1.6169585,0.30032092,0.0,0.0,0.0,0.54414546,0.0,0.0,0.13109204,0.0,0.0,0.0,0.0,0.0,0.41296047,0.06843526,0.0,1.7383881,0.0,0.585574,0.5863041,0.0,2.3011658,0.0,0.0,0.0,0.38403413,0.0,1.2606592,0.0,0.0,0.0,0.0,1.1562725,0.0,0.9228286,0.6756512,0.7427504,0.0,0.0,0.21576984,0.0,0.0,0.37767148,0.0,0.30440304,0.11909561,0.0,1.7622555,0.0,0.0,1.3129728,0.0,1.267572,0.30675316,0.7003935,0.0,0.0,0.0,0.0,0.0,0.36964232,0.0,0.0,1.303915,0.0,0.0,0.69876564,0.0,0.0,0.0,2.0891023,0.37149686,0.64833903,1.3290983,0.0,0.0,0.8439029,0.0,1.5015006,0.0,1.4700708,0.0,0.0,0.0,0.0040447824,0.7708639,0.48639858,0.0,0.3727084,1.2204566,0.19482037,0.9186142,0.59292984,1.0115327,0.21523689,0.9886949,0.0,0.0,0.0,0.0,0.0,0.792085,0.0,0.0,0.45957923,0.0,0.5104655,1.142096,1.0482525,0.0,0.33228317,0.0,0.0,0.0,0.0,0.0,0.0,0.0,0.59907985,0.0015469226,0.0,0.4007025,0.0,0.9985354,1.5271722,0.65547925,0.0,0.0,1.0196716,1.2684231,0.0,0.0,0.0,0.0,0.0,0.020694602,0.0,0.0,0.0,1.216312,1.330834,0.0,0.44425076,0.33712548,1.223226,0.0,0.0,0.076519236,1.4587694,0.0,0.0,0.4063754,1.413826,1.0340214,0.0,0.0,0.5683301,1.3042688,0.4070815,0.3432385,0.0,0.0,0.0,0.0,1.5533949,0.4399923,0.0,0.0,0.97970825,0.0,3.4500608,0.0,0.0,0.30682373,0.8548766,1.0325938,0.19214737,1.4785175,0.10358006,0.0,0.0,0.0,1.1436778,0.0,0.0,0.0,0.7679339,0.7226747,0.0,0.7161344,0.8986699,0.0,0.0,1.1888607,0.0,0.0,2.033764,1.4099518,0.0,1.8460394,1.7307533,0.0,0.0,1.8400412,0.0,1.2616671,0.0,0.0,0.0,0.11989008,0.0,0.8623717,0.0,1.063351,0.0,0.0,0.1945108,0.0,0.21115401,0.0,1.4074155,1.524107,0.76518106,0.0,0.6085986,0.24814862,0.62244904,1.6344615,0.0,1.7058169,0.7055132,0.0,0
0.0,0.0,1.0842794,0.7400678,2.0116186,1.0697469,0.4648365,0.0,0.0,0.0,0.0,0.8908175,0.6109747,0.54110056,0.0,0.0,0.0,1.594456,0.0,0.0,0.0,0.0,0.0,1.6286359,0.2606844,0.0,0.0,0.0,1.241828,0.0,0.0,0.41605014,0.0,0.0,0.0,0.0,0.02625964,0.31154048,0.65913135,0.0,1.6821643,0.0,0.42981157,0.39750674,0.0,2.0346117,0.0,0.0,0.0,0.7431111,0.0,1.1628889,0.0,0.0,0.0,0.0,0.8478974,0.0,0.72105044,0.7783815,0.7419353,0.0,0.0,0.29874077,0.0,0.0,0.6070725,0.0,7.013319e-05,0.37762508,0.0,1.6941057,0.0,0.0,0.8629779,0.0,1.3593131,0.78055805,0.8412715,0.0,0.0,0.0,0.0,0.0,0.9337349,0.0,0.0,1.4595308,0.0,0.0,0.5375498,0.0,0.0,0.0,2.1093628,0.8119157,0.5347709,0.93566567,0.0,0.2841206,0.6182239,0.0,1.638033,0.0,1.3821577,0.0,0.0,0.0,0.0,0.84871465,0.22352651,0.0,0.48279586,1.2934066,0.28410777,1.1691424,1.0118707,0.8169185,0.0,1.2549814,0.0,0.0,0.0,0.0,0.0,0.938866,0.0,0.0,0.21799898,0.24548386,0.0,1.8086528,1.0753832,0.0,0.18175104,0.0,0.0,0.0,0.0,0.0,0.0,0.0,0.88161343,0.23421085,0.15910253,0.21240003,0.0,1.0704933,1.6156402,0.55107147,0.0,0.0,1.3245356,0.98429585,0.17115517,0.0,0.0,0.0,0.0,0.4617451,0.0,0.0,0.0,1.2299851,1.5154546,0.0,1.3164458,0.33624402,1.0326526,0.0,0.0,0.56568867,1.5643077,0.0,0.0,0.69628006,1.5442891,0.9967346,0.0,0.0,0.49838668,1.3531432,0.29554522,0.2246973,0.0,0.0,0.0,0.0,1.3933424,0.5657394,0.0,0.0,0.84591967,0.0,4.062354,0.0,0.0,0.0,1.0315117,1.1077044,0.7820272,1.2904253,0.7452106,0.0,0.0,0.0,1.0764915,0.0,0.0,0.0,0.44404644,0.6240413,0.0,0.6961031,1.5132599,0.0,0.0,1.1644303,0.0,0.0,1.9717025,0.9115917,0.0,1.9428097,1.6501637,0.0,0.0,2.042027,0.0,1.0829597,0.0,0.0,0.0,0.0,0.0,0.8054521,0.0,1.1164653,0.0,0.0,0.6751001,0.0,0.3536914,0.0,1.4522498,1.2999359,0.45336384,0.0,0.5183266,0.6556718,0.93853694,1.7663833,0.0,1.7585958,0.37665176,0.0,0
0.0,0.0,1.7896163,1.1813123,2.4353552,1.7803695,0.36993054,0.0,0.0,0.0,0.0,1.555802,0.5485852,0.30489138,0.0,0.0,0.0,1.357902,0.0,0.0,0.05805153,0.0,0.0,2.0518196,0.24188876,0.0,0.0,0.0,1.0332737,0.0,0.0,0.07738387,0.0,0.0,0.0,0.0,0.57773685,0.44455123,0.0,0.0,1.7729605,0.0,0.1661429,0.35381958,0.0,3.0424292,0.0,0.0,0.0,0.43048733,0.0,1.3170269,0.0,0.0,0.0,0.0,0.9764917,0.0,0.3981397,1.051232,1.0349743,0.0,0.0,0.0,0.0,0.110533774,0.61585355,0.0,0.08758465,0.0,0.0,2.93868,0.1871068,0.0,1.9149642,0.0,1.1612405,0.52598774,1.1003903,0.0,0.0,0.0,0.0,0.0,0.35055375,0.0,0.0,1.4302863,0.0,0.0,0.55908865,0.0,0.0,0.0,2.3788476,0.31393003,0.76753455,1.3053627,0.0,0.0,1.105457,0.0,1.2118027,0.0,1.5405363,0.0,0.0,0.0,0.0,1.1735871,0.17733404,0.0,0.3965325,1.7255903,0.45731384,0.77785546,0.5006464,0.9804584,0.0,1.3335564,0.0,0.0,0.0,0.0,0.0,0.08786586,0.0,0.0,0.34166527,0.0,0.47983122,1.2205715,0.4976216,0.0,0.44873244,0.0,0.0,0.0,0.16606155,0.0,0.0,0.0,0.42078966,0.39100176,0.0,0.20439704,0.0,1.3411705,2.3449843,0.7057252,0.0,0.0,1.1845092,0.9248468,0.009269555,0.0,0.0,0.0,0.0,0.03285669,0.0,0.0,0.0,1.5514934,1.9877809,0.0,0.13370411,0.13792725,1.098402,0.0,0.0,0.0,1.6427993,0.0,0.0,1.2625624,2.0928001,0.21060245,0.0,0.0,0.4062251,1.9384124,0.60581857,0.32932237,0.0,0.0,0.0,0.0,1.913932,0.02421293,0.0,0.0,1.0620317,0.0,3.052716,0.0,0.0,0.66212606,0.36228386,0.9703729,0.31589675,1.8877288,0.5031127,0.0,0.0,0.0,1.9406976,0.0,0.0,0.0,0.9828177,0.8319317,0.0,0.97513574,0.6409013,0.0,0.0,1.9043751,0.0,0.38181123,2.6544878,1.1381258,0.0,2.5586374,2.206574,0.0,0.0,2.2830558,0.0,1.190251,0.0,0.0,0.0,0.0,0.0,1.6876963,0.0,1.5297965,0.0,0.0,0.6924137,0.0,0.12460451,0.0,1.4425282,1.6215304,0.5574108,0.0,0.55909806,0.0019411666,0.96213394,2.1445959,0.0,2.5378656,0.58468974,0.0,0
0.0,0.0,1.2677563,1.2198815,2.514971,0.0,0.0,0.0,0.4152018,0.0,0.0,1.2061568,0.9978056,0.118204795,0.10413484,0.0,0.0,1.521636,0.0,0.0,0.029487105,0.0,0.0,2.71495,0.0,0.0,0.0,0.007280106,0.04932004,0.0,0.0,0.0,0.0,0.91508067,0.09258196,0.0,0.0,0.10667857,0.22217321,0.0,0.67865545,0.0,0.038079362,0.89295614,0.0,1.0652614,0.0,0.0,0.0,0.67569995,0.0,0.42349815,0.0,0.0,0.0,0.0,0.9197619,0.0,0.8466191,2.4179776,1.7121793,0.5738566,0.0,0.0,0.0,0.0,0.0,0.0,1.4848084,0.0,0.0,0.18455277,0.0,0.0,1.5531516,0.0,0.7716908,0.17779307,1.1302401,0.0,0.0,0.0,0.0,0.0,0.121418364,0.0,0.0,1.4387034,0.0,0.0,0.18974295,0.0,0.0,0.0,1.7172632,0.6488695,0.0,2.787484,0.76712024,0.40376568,0.0,0.0,1.287691,0.0,1.9533341,0.0,0.0,0.0,1.3426648,1.2282118,0.25199297,0.0,0.44315088,1.2284178,0.021845756,0.9849292,1.5636036,1.4227954,1.4490434,1.5338209,0.0,0.0,0.0,0.0,0.0,0.41849124,0.0,0.0,0.0,0.0,0.3991577,1.1945218,0.67731935,0.0,1.158858,0.0,0.0,0.0,1.1508999,0.0,0.0,0.0,1.3208677,0.81085736,0.7951758,1.5348196,0.0,0.0,2.014509,0.29452127,0.1199223,0.0,0.5862531,0.14853148,1.9598099,0.0,0.0,0.0,0.0,0.08230346,0.0,0.0,0.0,0.90280175,0.890961,0.0,0.15732181,0.39200538,1.540748,0.0,0.0,0.95732605,0.6573677,0.0,0.0,0.75056046,2.0019836,0.0,0.0,0.0,0.36370838,1.8451985,0.6681505,0.44498572,0.21510461,0.0,0.19058706,0.0,2.0506613,0.1812714,0.0,0.0,0.71628755,0.0,4.0451336,0.0,0.0,0.0,0.25607353,0.0,1.0509443,2.4824967,0.27328953,0.0,0.0,0.0,0.9924397,0.0,0.0,0.0,1.3621483,0.8059434,0.0,0.6374392,1.2556878,0.0,0.0,1.0394137,0.0,1.6865507,0.85390633,0.60517466,1.1969709,2.2450368,1.342625,0.0,0.0,1.9303076,0.0,0.70311224,0.0,0.0,0.3349009,1.4684063,0.0,1.2795988,0.6509364,2.2764025,0.0,0.0,0.19394766,0.0,0.07526444,0.0,1.4252849,2.1380887,1.6966844,0.0,0.909142,0.1484737,0.039216682,2.1277406,0.0,1.5853024,0.61014706,0.0,0
0.0,0.0,2.310163,1.227618,2.2492576,0.8102681,0.0,0.0,0.8448212,0.0,0.0,0.6820608,0.2580803,0.3407348,0.093727574,0.0,0.0,1.8571966,0.006992226,0.0,0.0,0.0,0.0,1.5713166,0.37210345,0.0,0.3978937,0.0,0.2565117,0.0,0.0,0.0,0.0,0.0,0.0,0.0,0.0,0.0,0.13026017,0.0,1.8391434,0.0,0.0,0.16100183,0.0,3.1885614,0.0,0.0,0.0,0.0,0.0,0.2720931,0.0,0.0,0.0,0.0,0.85871303,0.0,0.0,1.9976751,1.2947356,0.0,0.0,0.0,0.0,0.0,0.4164321,0.0,0.7304574,0.06199735,0.0,1.9421352,0.0,0.0,0.4738398,0.0,1.2966828,0.5925022,1.2335532,0.0,0.0,0.0,0.0,0.0,0.74502265,0.0,0.0,0.95790756,0.0,0.0,0.2599964,0.0,0.0,0.0,1.6560161,0.22095542,0.0,1.8215176,0.0,0.11251588,0.0,0.010366215,1.035799,0.0,1.7229556,0.0,0.0,0.0,0.47831598,0.96586305,0.43802184,0.0,0.42604876,1.3844709,0.0,0.6407781,2.1569347,0.4234338,0.17992803,1.5430679,0.0,0.0,0.0,0.0,0.0,0.26178834,0.0,0.0,0.41445428,0.0,0.1425469,1.1736658,0.8379509,0.0,0.6179024,0.0,0.0,0.0,0.1792724,0.0,0.0,0.0,1.0452667,0.46177596,0.26442397,0.93427664,0.0,1.9253768,2.0311513,0.2597356,0.0,0.0,1.0188681,0.03925687,1.5059466,0.0,0.0,0.0,0.0,0.0,0.0,0.0,0.0,1.2638366,1.2722197,0.0,0.0,0.3916083,2.259597,0.0,0.0070227725,0.0,1.5437827,0.0,0.0,1.1255972,2.1641917,0.5427135,0.0,0.0,0.0,2.0994632,0.49412155,0.0,0.0,0.0,0.0,0.0,1.596322,0.26319817,0.0,0.0,0.8244519,0.0,3.8803904,0.0,0.0,0.07394619,0.44217327,0.37282908,1.4649445,2.7347145,0.86507094,0.0,0.0,0.0,1.8519444,0.0,0.0,0.0,1.4027976,0.82362235,0.0,0.8604263,0.2323574,0.0,0.0,1.3936634,0.0,0.86621493,1.4811281,1.0710319,0.28373197,1.9577233,1.4752121,0.0,0.0,1.5669067,0.0,0.45936012,0.0,0.0,0.0,0.0,0.0,1.8818938,0.0,2.039209,0.0,0.0,0.4921063,0.0,0.0,0.0,1.7863475,2.109785,0.62010455,0.0,0.47213677,0.0,0.7446002,1.2104615,0.0,2.5420308,0.7395326,0.0,0
0.0,0.0,1.3696364,1.4107623,2.170067,0.0,0.0,0.0,0.22192775,0.0,0.0,1.9039568,0.80355185,0.09703209,0.0,0.0,0.0,1.0601928,0.0,0.0,0.0,0.0,0.0,1.8276571,0.17323697,0.0,0.33293006,0.0,0.0,0.0,0.0,0.0,0.0,0.19905801,0.0,0.0,0.0,0.0,0.23124123,0.0,1.5514342,0.0,0.18293138,0.42592415,0.0,2.1679506,0.0,0.0,0.0,1.0564997,0.0,0.30038434,0.0,0.0,0.0,0.0,1.2038399,0.0,0.35692155,1.2197248,1.2130216,0.0,0.0,0.32576284,0.0,0.0,0.50538564,0.0,1.3273056,0.08500524,0.0,1.0568568,0.0,0.0,1.1402789,0.0,1.4060714,0.2375091,0.46499145,0.0,0.0,0.0,0.0,0.0,0.0,0.0,0.0,1.0143793,0.0,0.0,0.1711965,0.0,0.0,0.0,2.0987904,0.9472546,0.0,2.0673852,0.0,0.28606364,0.0,0.0,1.124423,0.0,1.3392121,0.0,0.0,0.0,0.70387775,0.6670368,0.53993815,0.0,0.06548596,1.277851,0.0,1.3120244,2.1312478,0.9944924,1.3550478,1.0200064,0.0,0.0,0.0,0.0,0.0,0.83443654,0.0,0.0,0.0,0.0,0.42342487,1.1085036,0.68950623,0.0,0.44536048,0.0,0.0,0.0,0.23975025,0.0,0.0,0.0,1.2833209,0.7352275,0.37885943,0.8802199,0.0,0.20418125,1.8827252,0.122876815,0.0,0.0,0.8110891,0.40463093,0.937041,0.0,0.0,0.0,0.0,0.4060493,0.0,0.0,0.0,1.3820171,1.0508264,0.0,0.0,0.070398405,1.6368209,0.0,0.11034841,0.8289445,1.5684595,0.0,0.0,0.6228685,1.5053846,0.64322835,0.0,0.0,0.18636845,1.568471,0.06461075,0.7739277,0.7043616,0.0,0.0,0.0,1.5824763,0.44225395,0.0,0.6269414,0.638966,0.0,3.4997008,0.0,0.0,0.106551304,0.6811371,0.5431513,0.73949116,1.8289194,0.9125288,0.0,0.0,0.0,1.450138,0.0,0.0,0.0,1.582441,0.50591356,0.0,0.0,0.761322,0.0,0.0,1.0595108,0.0,1.5704296,1.5092419,0.64007044,0.78987414,1.4979154,1.1851879,0.0,0.0,2.2046044,0.0,0.0,0.0,0.0,0.0,0.24695955,0.0,1.1993375,0.24233787,1.6847129,0.0,0.0,0.19790928,0.0,0.24092339,0.0,1.3186151,1.3753749,0.63328964,0.0,0.53406525,0.0,1.1000216,1.098497,0.0,1.1974734,0.60436344,0.0,0
0.0,0.0,0.7812854,0.0,0.28286752,0.34333098,1.3031925,0.0,0.14287904,0.0,0.0,1.8976461,1.6480713,1.8500631,0.0,0.0,0.0,2.6506548,0.0,0.0,0.0,0.0,0.0,1.9416008,0.41277558,0.0,0.0,0.0,1.518007,0.0,0.0,0.51008123,0.0,0.0,0.0,0.0,0.0,0.91900516,1.7124114,0.0,1.3132063,0.0,0.91540164,0.7518468,0.0,0.0,0.0,0.0,0.0,1.3448265,0.0,2.4544091,0.0,0.0,0.0,0.0,3.040246,0.0,2.7216356,0.10170772,0.27823743,0.0,0.0,2.7841687,0.0,0.0,1.8077791,0.0,0.0,1.131339,0.0,0.35952255,0.0,0.0,0.20542006,0.0,1.9464421,1.3323865,0.07338206,0.0,0.0,0.0,0.0,1.1269714,1.2390821,0.0,0.0,0.5403054,0.0,0.0,1.7537452,0.0,0.0,0.0,3.4756846,3.2293632,0.51262134,0.8470891,0.0,0.83407223,0.0,0.0,0.28569415,0.0,0.5464595,0.0,0.0,0.0,0.0,0.0,1.4961553,0.0,1.0113252,0.42161977,1.2058126,3.5403292,0.0,1.5218751,0.0,0.0,0.0,0.0,0.0,0.0,0.0,3.3925865,0.0,0.0,1.0103973,0.0,0.14045997,2.1218638,1.8935711,0.0,0.14951047,0.0,0.0,0.0,0.50708634,0.0,0.0,0.0,1.8080763,0.34092087,1.0836667,0.010206299,0.0,0.17223266,0.862344,1.0824544,0.013334246,0.0,1.9464197,0.39291802,0.09596261,0.0,0.0,0.39293396,0.0,1.1817485,0.0,0.0,0.0,3.0262396,0.0,0.0,3.1515224,0.7709508,0.0,0.0,0.0,1.5748922,2.7719934,0.0,0.0,0.9621425,0.48789704,1.971459,0.0,0.0,1.4663185,0.13032956,0.8976989,1.8320341,0.0,0.0,0.0,0.0,0.0,0.79275185,0.0,0.23351632,0.0,0.0,5.2090526,0.0,0.0,0.20296688,2.0886621,2.1758738,0.0044777673,0.0,1.6385654,0.0,0.0,0.0,0.40154192,0.0,0.0,0.0,0.26467508,0.0,0.0,0.56272113,4.964343,0.0,0.0,0.19864073,0.0,0.0,0.74777275,0.0,0.41316506,0.31007397,1.1449078,0.0,0.0,1.1859509,0.0,0.51725864,0.0,0.0,0.0,1.2240096,0.0,0.8649988,0.0,0.0,0.0,0.0,0.7150698,0.0,1.0984018,0.0,0.66752976,0.5560952,1.6058943,0.0,1.0829581,1.6367112,1.8664958,0.03839781,0.0,0.48120174,0.0,0.0,1
0.0,0.0,1.3628026,0.6408314,1.7010815,0.74424154,0.40884283,0.0,0.32357275,0.0,0.0,0.7683328,0.253509,0.46872917,0.0,0.0,0.0,1.3606541,0.0,0.0,0.01985264,0.0,0.0,1.2945613,0.30935472,0.0,0.08901175,0.0,1.1376846,0.0,0.0,0.11631035,0.0,0.0,0.0,0.0,0.0,0.08542872,0.21266463,0.0,1.5316269,0.0,0.43491438,0.12277525,0.0,1.5591433,0.0,0.0,0.0,0.45373872,0.0,0.9702502,0.0,0.0,0.0,0.0,0.591139,0.0,0.20786257,0.7535371,1.2493409,0.0,0.0,0.14467661,0.0,0.0,0.76545227,0.0,0.63808125,0.0,0.0,0.83703566,0.0,0.0,1.1654963,0.0,1.0908835,0.57500476,0.5522335,0.0,0.0,0.0,0.0,0.0,0.29810965,0.0,0.0,0.92455375,0.0,0.0,0.41685665,0.0,0.0,0.0,2.130412,0.3707483,0.6764073,1.1172931,0.0,0.0,0.19816737,0.0,0.8614931,0.0,1.2789128,0.0,0.0,0.0,0.0,0.40806988,0.30508524,0.0,0.16602279,0.94771934,0.19803251,0.81614697,0.41053185,0.8991099,0.2978987,0.8212128,0.0,0.0,0.0,0.25641856,0.0,0.46191227,0.0,0.0,0.2840472,0.0,0.4051244,1.3429562,0.73122525,0.0,0.0,0.0,0.0,0.0,0.5310747,0.0,0.0,0.0,0.59150445,0.4030097,0.11751835,0.0,0.0,1.3840533,1.4702272,0.28319475,0.0,0.0,0.77760834,0.9032926,0.0,0.0,0.0,0.0,0.0,0.5717353,0.0,0.0,0.0,1.2785842,1.473094,0.0,0.7121401,0.06723775,1.0778359,0.0,0.0,0.0,1.4249663,0.0,0.0,0.2841406,1.7016357,0.65836614,0.0,0.0,0.3464657,1.53201,0.29809666,0.48534384,0.0,0.0,0.0,0.0,1.3525949,0.5028694,0.0,0.0,0.66656214,0.0,3.5336382,0.0,0.0,0.12452273,0.5834523,1.2299366,0.41787466,0.92749506,0.6062782,0.0,0.0,0.0,1.4027468,0.0,0.0,0.0,0.6814737,0.7383914,0.0,0.65928555,1.0508934,0.0,0.0,1.0245789,0.0,0.0,1.4804884,0.46425575,0.0060471157,2.0438118,1.5347089,0.0,0.0,1.765974,0.0,1.0675267,0.0,0.0,0.0,0.4908256,0.0,0.9084328,0.0,0.81240433,0.0,0.0,0.34538156,0.0,0.09944595,0.0,1.0127962,1.5549637,0.6730658,0.0,0.59387666,0.6375121,0.6440598,1.6218424,0.0,1.3224658,0.39979312,0.0,0
0.0,0.0,1.2815804,1.7628001,2.236645,0.0,0.0,0.0,0.0,0.0,0.0,1.1397127,0.7457791,0.3589801,0.51173365,0.0,0.0,0.9372233,0.0,0.0,0.0,0.0,0.0,2.3517032,0.0,0.0,0.0,0.0,0.6273757,0.0,0.0,0.18287438,0.0,0.30882215,0.0,0.0,0.0,0.0,1.0160832,0.0,1.9039605,0.0,0.42868507,0.44491926,0.0,2.574685,0.0,0.0,0.0,1.0916467,0.0,0.45812622,0.0,0.0,0.0,0.0,1.2019798,0.0,0.37003678,0.65469134,0.6538627,0.0,0.0,0.5083537,0.0,0.0,0.7165374,0.0,0.3979372,0.0,0.0,0.5761318,0.0,0.0,1.0200613,0.1981641,1.1430128,0.8013636,1.0029268,0.0,0.0,0.0,0.0,0.0505238,0.20713419,0.0,0.0,1.3984157,0.0,0.0,0.32093635,0.0,0.0,0.0,2.1098201,0.7167252,0.0,1.9821179,0.0,0.35479248,0.0,0.0,0.48328766,0.0,2.1839378,0.0,0.0,0.0,0.45652455,1.6459596,0.40751624,0.0,0.21728964,1.0273515,0.0,0.849537,2.2863762,1.4748887,1.3397928,1.2133529,0.0,0.0,0.0,0.8031049,0.0,0.0,0.0,0.0,0.14133823,0.4373423,0.15823372,0.5925809,0.0,0.0,0.48023227,0.0,0.0,0.0,0.6329865,0.0,0.0,0.0,1.500996,0.9634574,0.6754945,0.40578017,0.0,0.68568766,1.5315456,0.3457676,0.0,0.0,1.3176832,0.7300007,1.2324858,0.0,0.0,0.0,0.0,0.48022816,0.0,0.0,0.0,1.2507193,1.8708694,0.0,1.5414093,0.4108736,1.5830292,0.0,0.0,0.47169536,1.3622521,0.0,0.0,0.68228817,2.3165898,1.0576111,0.0,0.0,0.5497128,1.9160055,0.06101569,0.18827109,0.40225908,0.0,0.0,0.0,1.9814085,0.32640883,0.0,0.0,0.73326325,0.0,4.2685876,0.0,0.0,0.0,0.37241632,0.03734146,1.6415843,1.9853823,0.5672832,0.07746552,0.0,0.0,1.3726792,0.0,0.0,0.0,1.2305797,0.7674856,0.0,0.060762037,0.22875635,0.0,0.0,0.8108738,0.0,0.32909518,1.4982823,1.9350684,0.30971172,2.1379037,1.2649391,0.0,0.0,2.0432625,0.0,0.71504563,0.0,0.0,0.0,0.0,0.0,1.6861321,0.0811098,2.1396093,0.0,0.0,0.7730528,0.0,0.26814872,0.0,2.0889227,1.4972556,0.30526394,0.0,0.0,0.12546898,0.4181854,1.7104486,0.0,2.8207166,0.0,0.0,0
0.0,0.0,0.5971812,0.4064088,0.7755066,0.0,0.8706156,0.0,0.18061498,0.0,0.0,1.9518622,2.4435227,1.5431805,0.0,0.0,0.0,2.5281496,0.0,0.0,0.0,0.0,0.0,2.4251957,0.61159253,0.0,0.25636527,0.0,1.2909904,0.0,0.0,0.69706625,0.0,0.0,0.0,0.0,0.0,0.60302,2.1371174,0.0,0.92486,0.0,0.5930222,1.3016312,0.10769666,0.3656487,0.0,0.0,0.0,1.6269383,0.0,2.723253,0.0,0.0,0.0,0.0,2.5468266,0.0,2.3878703,0.0,0.0,0.48757684,0.0,2.309091,0.0,0.0,2.0361845,0.18837889,0.022928393,1.16622,0.0,0.358515,0.0,0.0,0.0,0.0,2.0053313,2.0230825,0.0,0.0,0.0,0.0,0.0,0.71025777,1.198121,0.0,0.0,1.2832695,0.0,0.0,1.7705401,0.0,0.0,0.0,3.359492,2.6720176,0.0,0.9842559,0.0,1.1606306,0.0,0.0,0.0,0.0,1.1148175,0.0,0.0,0.0,0.0,0.0,0.9860178,0.0,1.5284662,0.2189942,0.82815856,3.6764429,0.682148,1.300118,0.0,0.971878,0.0,0.0,0.0,0.0,0.0,3.7701683,0.0,0.0,0.1601938,0.0,0.90293914,2.0061135,1.94592,0.0,0.08060475,0.0,0.0,0.0,0.59949785,0.0,0.0,0.0,2.1683211,0.2344467,0.33547616,0.0,0.0,0.035573334,0.39969102,0.5503181,0.0,0.0,2.1343155,0.0002984341,0.059387404,0.0,0.0,0.0,0.0,1.5239252,0.0,0.0,0.0,2.374126,0.089619264,0.0,2.9635365,1.382498,0.08166672,0.0,0.0,1.728619,3.6059325,0.0,0.0,0.5885063,0.8730673,2.1105316,0.0,0.0,0.919222,0.35470295,0.6320923,2.0839489,0.0,0.0,0.18575774,0.0,0.093106106,0.70610666,0.0,0.19323574,0.0,0.0,6.637373,0.0,0.0,0.0,1.7451001,1.086515,0.17308405,0.13246056,1.9541547,0.06945269,0.0,0.0,0.34294966,0.0,0.0,0.0,0.3564179,0.24255125,0.0,0.0,4.369101,0.0,0.0,0.0,0.0,0.0,0.021777326,0.6135514,0.36633798,0.6198745,0.8939381,0.0,0.0,1.756537,0.0,0.25202504,0.0,0.0,0.0,0.97570485,0.0,0.73665124,0.083237745,0.0991942,0.0,0.0,1.3191514,0.0,1.4483881,0.0,1.2072694,1.1269873,1.759276,0.0,0.8775338,1.6655197,1.7491571,0.26583806,0.0,1.0586568,0.0,0.0,1
0.0,0.0,1.3535299,1.4992704,2.1546547,0.0,0.0,0.0,0.27769223,0.0,0.0,0.99104494,0.0,0.12273248,0.0,0.0,0.0,0.91065407,0.0,0.0,0.0,0.0,0.0,2.0351655,0.19895062,0.0,0.4552022,0.0,0.64690584,0.0,0.0,0.0,0.0,1.0794914,0.0,0.0,0.0,0.21160258,0.29271024,0.0,1.2579261,0.0,0.88596106,0.3492565,0.0,1.3545762,0.0,0.0,0.0,1.0443306,0.0,0.757061,0.0,0.0,0.0,0.0,0.94062483,0.0,0.4476447,0.9913327,1.4334073,0.0,0.0,0.04708547,0.0,0.0,0.6778729,0.0,1.0020336,0.0,0.0,0.0,0.0,0.0,1.4548929,0.0,0.4606242,0.26303235,0.6160792,0.0,0.0,0.0,0.0,0.041442957,0.0,0.0,0.0,1.6560683,0.0,0.0,0.20779979,0.0,0.0,0.0,2.1360683,0.18261643,0.0,1.6136457,0.0,0.4357749,0.2142934,0.0,1.759311,0.0,1.7655512,0.0,0.0,0.0,0.3447729,0.46303388,0.37174577,0.0,0.132599,0.14939308,0.0,0.68784595,1.8329127,1.1404848,0.94611704,1.0717801,0.0,0.0,0.0,0.0,0.0,0.564377,0.0,0.0,0.07791709,0.0,0.7068624,1.1247061,0.6259375,0.0,0.49280775,0.0,0.0,0.0,0.40936556,0.0,0.0,0.0,0.8950879,0.51309365,0.40605977,0.30851886,0.0,0.42886034,1.4529301,0.2546322,0.0,0.0,0.59317166,0.9802531,0.7895623,0.0,0.0,0.0,0.0,0.534718,0.0,0.0,0.0,0.88809264,1.3323871,0.0,0.39597124,0.05595677,1.7424821,0.0,0.0,0.3239932,1.0476779,0.0,0.0,0.18833897,1.3941869,1.3228137,0.0,0.0,0.2845631,1.4971308,0.3886914,0.30984172,0.0,0.0,0.0,0.0,1.5646424,0.19126877,0.0,0.0,0.522372,0.0,3.9108188,0.0,0.0,0.0,1.1268159,0.5708974,1.1703997,1.3810061,0.10797593,0.0,0.0,0.0,0.9690849,0.0,0.0,0.0,1.0232216,0.45106953,0.0,0.65647566,0.6556807,0.0,0.0,1.1715034,0.0,1.127788,1.2628787,0.6970237,0.64645195,2.2077584,1.380674,0.0,0.0,1.8893508,0.0,1.0574678,0.0,0.0,0.0,0.3861162,0.0,0.49486747,0.57562953,1.5483979,0.0,0.0,0.0,0.0,0.57616687,0.0,1.0213274,1.5392815,0.8174551,0.0,0.06597655,0.3060383,0.122155055,1.8382589,0.0,1.1175518,0.46425256,0.0,0
0.0,0.0,1.5529292,0.49436927,2.2502444,0.4174348,0.0,0.0,0.0,0.0,0.0,0.39646083,0.35854608,0.085596345,0.0,0.0,0.0,1.068627,0.0,0.0,0.0,0.0,0.0,1.3819168,0.086661994,0.0,0.0,0.0,0.6568498,0.0,0.0,0.3386786,0.0,0.0,0.0,0.0,0.0,0.0,0.26225898,0.0,1.4323131,0.0,0.0,0.29978496,0.0,2.5990777,0.0,0.0,0.0,0.2693196,0.0,0.46070218,0.0,0.0,0.0,0.0,0.5062812,0.0,0.26079264,1.4706748,0.82491076,0.0,0.0,0.10714946,0.0,0.0,0.0,0.0,0.33964744,0.06864941,0.0,1.6162144,0.0,0.0,0.514128,0.051815443,1.0640938,0.3370016,0.9970295,0.0,0.0,0.0,0.0,0.0,0.2651104,0.0,0.0,1.1146793,0.0,0.0,0.4957704,0.0,0.0,0.0,1.5552633,0.22761868,0.0,1.0300311,0.0,0.18628545,0.0,0.0,0.92772174,0.0,1.6787,0.0,0.0,0.0,0.13193315,0.87374854,0.0,0.0,0.22816013,0.85585904,0.27048415,0.4830279,1.4995986,0.78427845,0.7789618,1.4510982,0.0,0.0,0.0,0.13898245,0.0,0.17604092,0.0,0.0,0.31686294,0.0,0.0,0.82663834,0.45159194,0.0,0.34232634,0.0,0.0,0.0,0.051323958,0.0,0.0,0.0,0.97549325,0.6805814,0.106729835,0.024473565,0.0,0.9625604,1.8964465,0.45456213,0.0,0.0,0.7622722,0.37277332,0.6839174,0.0,0.0,0.0,0.0,0.0,0.0,0.0,0.0,1.0417638,1.439254,0.0,0.50440747,0.13903663,1.2071809,0.0,0.0,0.0,0.5614825,0.0,0.0,0.70664793,1.940712,0.5859277,0.0,0.0,0.14103858,1.12429,0.19279175,0.3459297,0.0,0.0,0.0,0.0,1.2874786,0.6103817,0.0,0.0,0.6449773,0.0,3.4801967,0.0,0.0,0.04117314,0.31854406,0.56593823,0.501057,1.4804454,0.7984172,0.0,0.0,0.0,1.662052,0.0,0.0,0.0,1.0168573,0.9526426,0.0,0.3804886,0.58653873,0.0,0.0,0.68831694,0.0,0.09797804,1.5113434,1.2477111,0.0,1.9424416,1.2449334,0.0,0.0,1.0634384,0.0,0.6156591,0.0,0.0,0.0,0.07521634,0.0,1.0765584,0.0,1.5394256,0.0,0.0,0.22647111,0.0,0.06460929,0.0,1.0230246,1.5501639,0.12809314,0.0,0.5299594,0.45872888,0.5526166,1.459215,0.0,1.8908472,0.4499267,0.0,0
0.0,0.0,1.2627544,1.4509636,2.0478354,0.015440691,0.0,0.0,0.42341676,0.0,0.0,1.268546,0.0,0.22730991,0.0,0.0,0.0,1.185776,0.0,0.0,0.04049361,0.0,0.0,1.4493556,0.0022889636,0.0,0.23035869,0.0,0.84459215,0.0,0.0,0.050773975,0.0,0.9538898,0.0,0.0,0.0,0.17399749,0.29064283,0.0,1.4191229,0.0,0.3944937,0.31638598,0.0,1.2825133,0.0,0.0,0.0,0.8911873,0.0,0.52807575,0.0,0.0,0.0,0.0,1.3610139,0.0,1.1538593,0.4398738,1.165664,0.0,0.0,0.51660067,0.0,0.0,0.78761244,0.0,0.569585,0.08651395,0.0,0.36234716,0.0,0.0,1.7019712,0.0,0.51586413,0.23338266,0.68364,0.0,0.0,0.0,0.0,0.0,0.13169968,0.0,0.0,0.96776545,0.0,0.0,0.31727737,0.0,0.0,0.0,1.7800381,1.1199195,0.1337186,1.5030817,0.0,0.3354757,0.0,0.0,1.877506,0.0,1.0785481,0.0,0.0,0.0,0.6944603,0.53340894,0.2961228,0.0,0.33602324,0.0,0.52581245,0.502733,1.5710193,1.3411272,0.7530382,0.8411832,0.0,0.0,0.0,0.0,0.0,0.8890612,0.0,0.0,0.40051132,0.0,0.3300525,1.0348626,0.7768328,0.0,0.16070375,0.0,0.0,0.0,0.52112925,0.0,0.0,0.0,0.44813526,0.7398354,0.7194335,0.055701986,0.0,0.3811613,1.6062559,0.22482829,0.0,0.0,0.46131554,0.8599668,0.7185111,0.0,0.0,0.0,0.0,0.0,0.0,0.0,0.0,0.9887081,0.71707827,0.0,0.20117407,0.06275241,0.9750453,0.0,0.0,0.22543651,1.154223,0.0,0.0,0.0895848,1.008049,1.0895495,0.0,0.0,0.53320897,1.2792056,0.8685949,0.5237399,0.0,0.0,0.0,0.0,1.6078864,0.534403,0.0,0.0,0.7849803,0.0,3.7860034,0.0,0.0,0.0,1.0000306,0.97258794,1.0109037,1.2099006,0.2724187,0.0,0.0,0.0,0.7277016,0.0,0.0,0.0,0.5976308,0.5446158,0.0,0.74712664,0.69743145,0.0,0.0,0.8951609,0.0,1.2060243,1.411107,0.80384064,0.5764262,1.8429595,1.2521071,0.0,0.0,1.2824568,0.0,1.270517,0.0,0.0,0.0,0.50063044,0.0,0.42103228,1.2118213,0.96555644,0.0,0.0,0.6537758,0.0,0.14069049,0.2207805,1.378175,1.6052569,0.6749234,0.0,0.39823607,0.32161185,0.5019285,1.7518029,0.0,1.0479933,0.3980899,0.0,0
0.0,0.0,1.3144945,0.5345696,2.2007203,1.0545697,0.0,0.0,0.34752673,0.0,0.0,0.73435175,0.17238484,0.2851375,0.022147935,0.0,0.0,0.95118994,0.0,0.0,0.2935927,0.0,0.0,1.3809297,0.27528125,0.0,0.0,0.0,0.77123517,0.0,0.0,0.22671166,0.0,0.0,0.0,0.0,0.0,0.10067832,0.4126486,0.0,0.9927029,0.0,0.077683546,0.09427353,0.0,2.5232086,0.0,0.0,0.0,0.7362512,0.0,0.8806621,0.0,0.0,0.0,0.0,0.718969,0.0,0.48603773,0.9980784,1.5284129,0.0,0.0,0.0,0.0,0.0,0.4121185,0.0,0.5269712,0.2912502,0.0,1.8444772,0.0,0.0,1.0943363,0.0,1.2926271,0.10950887,1.2089059,0.0,0.0,0.0,0.0,0.0,0.41029513,0.0,0.0,1.5828022,0.0,0.0,0.29129028,0.0,0.0,0.0,1.7482643,0.24363272,0.2549563,0.48502734,0.0,0.0,0.58553916,0.0,1.3378392,0.0,1.5250242,0.0,0.0,0.0,0.10854931,0.7738773,0.24391194,0.0,0.17710079,1.2286707,0.0,0.23621735,1.2415506,1.0821515,0.16950433,1.8088188,0.0,0.0,0.0,0.0,0.0,0.76335657,0.0,0.0,0.38147998,0.0,0.014034678,1.6358267,0.9096505,0.0,0.46801794,0.0,0.0,0.0,0.0,0.0,0.0,0.0,0.85340405,0.5673233,0.040876716,0.16706051,0.0,1.1412978,1.8886466,0.4459157,0.0,0.0,1.1843379,0.39545864,0.4967223,0.0,0.0,0.0,0.0,0.15222417,0.0,0.0,0.0,1.1497164,1.3346888,0.0,0.5074072,0.26728043,1.1345313,0.0,0.0,0.15821368,0.95510745,0.0,0.0,0.64905447,1.4855185,0.49552378,0.0,0.0,0.20712839,1.6447685,0.41429958,0.14788844,0.0,0.0,0.0,0.0,1.7462863,0.415723,0.0,0.0,0.54960996,0.0,3.404187,0.0,0.0,0.12283845,0.90504146,0.62075424,0.81148624,1.7895691,0.27544975,0.0,0.0,0.0,1.3091573,0.0,0.0,0.0,0.7708762,0.88060284,0.0,0.82764655,0.9655892,0.0,0.0,0.98071283,0.0,0.12380171,1.7681061,0.8418095,0.0,2.2302315,1.6585829,0.0,0.0,1.1672697,0.0,1.1222678,0.0,0.0,0.0,0.442965,0.0,0.9599783,0.0,1.4853446,0.0,0.0,0.28024626,0.0,0.14415641,0.0,1.1361226,1.9893563,0.5359608,0.0,0.5421726,0.19403304,0.5344574,1.7666456,0.0,2.3008432,0.26162744,0.0,0
0.0,0.0,1.5110195,1.5072637,2.6788356,0.0,0.0,0.0,0.19400859,0.0,0.0,0.89213896,0.31645554,0.37591603,0.0,0.0,0.0,1.0436916,0.0,0.0,0.060645957,0.0,0.0,1.8753563,0.09433538,0.0,0.0,0.0,0.52503943,0.0,0.0,0.0,0.0,0.7878561,0.0,0.0,0.0,0.026702287,0.34282058,0.0,1.7265899,0.0,0.64293504,0.66577446,0.0,1.8301245,0.0,0.0,0.0,0.9069277,0.0,0.36155513,0.0,0.0,0.0,0.0,0.89845335,0.0,0.5328012,0.9979614,0.87355757,0.0,0.0,0.6895205,0.0,0.0,0.6281272,0.0,0.87505364,0.059023473,0.0,1.0766168,0.0,0.0,1.5487075,0.0,0.89804834,0.21148433,1.009296,0.0,0.0,0.0,0.0,0.0019727477,0.06055403,0.0,0.0,1.4984604,0.0,0.0,0.30876833,0.0,0.0,0.0,1.753235,0.41483915,0.0,1.8326967,0.0,0.1892765,0.077115454,0.0,1.6322852,0.0,1.5552323,0.0,0.0,0.0,0.8257679,0.940053,0.3197442,0.0,0.3187434,0.1641659,0.48837817,0.9886949,1.7887412,1.122976,1.0431088,1.34741,0.0,0.0,0.0,0.0,0.0,0.67886305,0.0,0.0,0.35957772,0.0,0.35979393,1.0058563,0.8099986,0.0,0.2534581,0.0,0.0,0.0,0.0,0.0,0.0,0.0,1.0863988,0.52711886,0.32308394,0.03362365,0.0,0.7305223,1.7371366,0.33361626,0.0,0.0,0.90669507,0.7443355,0.5194127,0.0,0.0,0.0,0.0,0.4350665,0.0,0.0,0.0,1.050911,1.455047,0.0,0.1832614,0.23095308,1.4789715,0.0,0.0,0.2721842,1.2077936,0.0,0.0,0.36422732,1.7721789,0.9552128,0.0,0.0,0.058790993,1.3856335,0.16693261,0.44907996,0.0,0.0,0.0,0.0,1.5338883,0.3102973,0.0,0.11272789,0.48393247,0.0,3.7478054,0.0,0.0,0.1496336,0.9419253,0.76532316,1.1942095,1.4519926,0.35181326,0.0,0.0,0.0,1.5193557,0.0,0.0,0.0,0.8765623,0.79212415,0.0,0.3930544,0.5693477,0.0,0.0,0.8045795,0.0,1.0023218,1.590249,0.7929967,0.60440606,1.9341046,1.316658,0.0,0.0,1.4137485,0.0,0.89018136,0.0,0.0,0.0,0.2867958,0.0,1.0853884,0.2859736,1.4363548,0.0,0.0,0.24125515,0.0,0.0,0.0,0.9480122,1.6017066,0.66641366,0.0,0.491802,0.32475674,0.5565197,1.5978134,0.0,1.1521161,0.5064925,0.0,0
0.0,0.0,0.7706552,1.359936,2.5594435,0.0,0.0,0.0,0.6299459,0.0,0.0,0.66267484,0.0,0.25806734,0.0,0.0,0.0,1.24199,0.0,0.0,0.02765,0.0,0.0,1.8197904,0.41243,0.0,0.6113835,0.0,0.56916696,0.0,0.0,0.17360315,0.0,0.80046976,0.0,0.0,0.0,0.040768944,0.22576253,0.0,1.5838038,0.0,0.43582085,0.3026555,0.0,1.6154643,0.0,0.0,0.0,0.9635265,0.0,0.4844286,0.0,0.0,0.0,0.0,1.0897065,0.0,0.4929599,1.2621243,0.85919607,0.0,0.0,0.52148557,0.0,0.0,0.7743405,0.0,1.2809057,0.036043976,0.0,0.31892952,0.0,0.0,1.5370942,0.0,0.6833735,0.16069683,1.0752004,0.0,0.0,0.0,0.0,0.0,0.0022810737,0.0,0.0,1.7430102,0.0,0.0,0.032805916,0.0,0.0,0.0,1.7912452,0.5439313,0.0,1.2392248,0.0,0.3045902,0.0,0.0,1.5380702,0.0,1.8544611,0.0,0.0,0.005682048,0.7751182,0.5931046,0.0,0.0,0.16689384,0.67674214,0.20471686,0.20183364,1.7192744,0.9925504,1.4266871,1.448241,0.0,0.0,0.0,0.0,0.0,0.9485925,0.0,0.0,0.076693885,0.0,0.25555733,1.1276057,0.34697482,0.0,0.15123728,0.0,0.0,0.0,0.21099977,0.0,0.0,0.0,0.74098444,0.66458255,0.26005113,0.4029782,0.0,0.6545771,1.7506987,0.27692235,0.06566807,0.0,0.82150877,0.77603114,0.9456969,0.0,0.0,0.0,0.0,0.30932286,0.0,0.0,0.0,0.5386061,1.1297537,0.0,0.61429423,0.22094001,1.4688588,0.0,0.0,0.15871164,0.7247869,0.0,0.0,0.14366567,1.2583708,0.7548351,0.0,0.0,0.0,1.1334817,0.6830697,0.24159506,0.0,0.0,0.2342812,0.0,1.748797,0.024417821,0.0,0.21845555,0.34882516,0.0,4.1237454,0.0,0.0,0.0,1.31271,0.7525383,1.08884,1.4724567,0.24129236,0.0,0.0,0.0,0.8713674,0.0,0.0,0.0,0.9161833,0.71506757,0.0,0.33763823,0.26240203,0.0,0.0,0.972808,0.0,1.2552316,0.85859215,0.5000913,0.60048383,2.1901164,1.2485703,0.0,0.0,1.6426208,0.0,0.8969163,0.0,0.0,0.0,0.5760901,0.0,0.33757585,0.5744235,1.7603966,0.0,0.0,0.272129,0.0,0.021806197,0.0,1.0306782,1.9397763,0.50755155,0.0,0.45695165,0.4494758,0.14107431,1.6980319,0.0,0.78627205,0.31277192,0.0,0
0.0,0.0,0.35827637,2.4167376,2.4150913,0.0,0.0,0.0,0.0,0.0,0.0,1.2309865,0.8286822,0.3482,0.062922165,0.0,0.0,0.50683916,0.0,0.0,0.0,0.12530945,0.0,1.669966,0.0,0.0,0.0,0.043167587,1.0543346,0.0,0.0,0.12613934,0.0,0.0,0.0,0.0,0.0,0.24834391,0.73831487,0.0,1.5785756,0.0,0.042309135,0.8744011,0.0,2.2178593,0.0,0.9941621,0.0,1.3383516,0.0,0.8425313,0.0,0.0,0.0,0.0,1.0875887,0.0,0.7302763,0.0,1.1233749,0.0,0.14881928,0.35174498,0.0,0.0,0.42190275,0.0,0.37648317,0.0,0.0,0.2681168,0.0,0.0,1.5341132,0.0,1.1584216,0.22488816,0.32940558,0.0,0.0,0.0,0.0,0.2765736,0.5386323,0.0,0.0,1.8382462,0.0,0.0,0.7584007,0.0,0.0,0.0,2.6485782,0.14633234,0.0,1.5632037,0.0,0.13074704,0.8861511,0.0,0.97885203,0.0,1.4174877,0.0,0.0,0.0,0.44784808,1.8347157,0.6281307,0.0,0.0,1.0185896,0.051351905,0.5110884,1.9023546,2.1880903,1.037722,1.0415776,0.0,0.0,0.0,0.6886872,0.0,0.7339316,0.767065,0.0,0.0,0.66878307,0.64124817,1.021373,0.0,0.0,0.8532484,0.0,0.0,0.0,0.1186566,0.0,0.0,0.0,1.3807938,1.2633305,1.1283411,0.0,0.0,1.1181765,1.2547014,0.5048398,0.0,0.0,1.6548668,0.94444835,1.2450683,0.0,0.0,0.0,0.0,0.22600025,0.0,0.0,0.0,1.1833007,2.6985223,0.0,1.6182921,0.31052157,0.6825666,0.0,0.0,0.91575027,1.6587713,0.0,0.0,1.4272932,1.8715334,0.99022436,0.0,0.0,1.0225444,2.1857562,0.09905127,0.40345842,0.9683431,0.0,0.0,0.0,1.9645356,0.109764315,0.0,0.0,0.0,0.0,3.9735692,0.0,0.0,0.012092244,1.223127,0.512727,2.0270529,2.1947029,0.0,0.0,0.0,0.0,0.5300816,0.0,0.0,0.0,0.7200878,0.50473034,0.0,0.30070776,0.7200323,0.0,0.0,0.40925932,0.0,0.93733317,1.4502974,1.0532509,0.0,3.0871835,1.5003186,0.0,0.0,2.7686872,0.0,1.3663276,0.0,0.0,0.0,0.112991914,0.08284127,1.0485283,0.4589392,2.2277422,0.0,0.0,0.4380884,0.0,0.5064663,0.0,2.425723,1.206639,0.64427555,0.0,0.9177579,0.28516042,0.4123271,1.7830162,0.0,2.4580364,0.0,0.0,0
0.0,0.0,1.5936308,1.7487772,2.3683329,1.4095343,0.114421174,0.0,0.0,0.0,0.0,1.0291235,0.62861186,0.44209763,0.0,0.0,0.0,1.6319941,0.0,0.0,0.0,0.0,0.0,2.0368106,0.27335757,0.0,0.0,0.0,0.8421256,0.031811904,0.0,0.023232158,0.0,0.0,0.0,0.0,0.40563968,0.23677139,0.0,0.0,1.7163538,0.0,0.69566596,0.11606153,0.0,3.064991,0.0,0.0,0.0,0.56120527,0.0,0.7505675,0.0,0.0,0.0,0.0,0.6167951,0.0,0.1301771,1.0899893,1.126265,0.0,0.0,0.0,0.0,0.0,0.6776804,0.0,0.29325756,0.035534102,0.0,2.1680963,0.0,0.0,2.044021,0.0006494747,1.3500108,0.1390181,0.5892789,0.0,0.0,0.0,0.0,0.0,0.6200286,0.0,0.0,1.3069296,0.0,0.0,0.28531045,0.0,0.0,0.0,2.3941936,0.05001663,0.593811,1.9073358,0.0,0.049108047,1.0654923,0.0,1.1215135,0.0,2.020392,0.0,0.0,0.0,0.24732053,1.4348139,0.19261184,0.0,0.42655718,1.62808,0.06784499,0.58021826,0.9370204,1.3292102,0.0,1.6011262,0.0,0.0,0.0,0.22462633,0.0,0.19488679,0.0,0.0,0.12890589,0.05454325,0.42522597,1.4001119,0.6778371,0.0,0.6325001,0.0,0.0,0.0,0.17796513,0.0,0.0,0.0,0.61996615,0.23206562,0.023031024,0.37924793,0.0,1.4805826,2.125394,0.4609242,0.0,0.0,0.8724528,0.39126575,0.32282993,0.0,0.0,0.0,0.0,0.10989403,0.0,0.0,0.0,0.89350116,2.084385,0.0,0.36363295,0.09972425,1.4659582,0.0,0.0,0.46562612,1.843004,0.0,0.0,1.1290629,2.2002172,0.28726795,0.0,0.0,0.3490483,2.1224437,0.6665051,0.0045099715,0.0,0.0,0.0,0.0,2.0589426,0.3692861,0.0,0.0,1.028636,0.0,4.034515,0.0,0.0,0.06850834,0.7038144,0.972644,0.48260373,2.068149,0.33987346,0.0,0.0,0.0,1.7761767,0.0,0.0,0.0,1.158013,0.9330449,0.0,0.619831,0.6154672,0.0,0.0,1.9942794,0.0,0.53775525,2.8382099,1.644982,0.0,2.5438163,2.3615494,0.0,0.0,1.9922433,0.0,1.2178267,0.0,0.0,0.0,0.0,0.0,1.5244251,0.0,1.7302821,0.0,0.0,0.27643353,0.0,0.0,0.10975968,1.9454051,1.6617112,0.87371373,0.0,0.11733543,0.2693666,0.8027079,2.3894608,0.0,2.6780689,0.57813966,0.0,0
0.0,0.0,1.913723,0.98063344,2.6675355,0.0,0.0,0.0,0.66449076,0.0,0.0,0.93122363,0.7594678,0.31031364,0.021162312,0.0,0.0,1.5344278,0.0,0.0,0.0,0.0,0.0,1.8858278,0.1149174,0.0,0.55577517,0.0,0.039311793,0.0,0.0,0.0194416,0.0,0.0,0.0,0.0,0.0,0.0,0.11697119,0.0,2.0332737,0.0,0.19231407,0.95124036,0.0,3.5920565,0.0,0.0,0.0,0.48349163,0.0,0.53595763,0.0,0.0,0.0,0.0,0.9546864,0.0,0.5130817,1.6863271,1.00358,0.0,0.0,0.27195817,0.0,0.0,0.0,0.0,1.3507047,0.0,0.0,1.3293493,0.0,0.0,0.7401362,0.0,1.0892291,0.6833185,1.3582568,0.0,0.0,0.0,0.0,0.0,0.5072677,0.0,0.0,1.1609871,0.0,0.0,0.26278514,0.0,0.0,0.0,1.9987564,0.56874686,0.0,2.0060914,0.0,0.27567083,0.0,0.0,1.327993,0.0,2.015173,0.0,0.0,0.0,0.8762994,1.3768853,0.4034575,0.0,0.26572785,1.2509648,0.0,0.2780469,2.6921766,0.8082696,1.0858357,1.8183608,0.0,0.0,0.0,0.0,0.0,0.40650275,0.0,0.0,0.24376476,0.0,0.08398899,0.93628126,0.44582954,0.0,0.7134501,0.0,0.0,0.0,0.0,0.0,0.0,0.0,1.6609086,0.34346515,0.0,0.9363453,0.0,1.1285498,1.9382362,0.47633862,0.0,0.0,1.2948469,0.44266164,1.1058944,0.0,0.0,0.0,0.0,0.0,0.0,0.0,0.0,1.4759082,1.6511629,0.0,0.81823385,0.26088417,1.7262753,0.0,0.0,0.21909785,1.4404811,0.0,0.0,1.0042799,2.1285005,0.38244626,0.0,0.0,0.2322535,1.928394,0.42501214,0.22233036,0.0,0.0,0.0,0.0,1.758526,0.31433734,0.0,0.012740922,0.5996438,0.0,4.406272,0.0,0.0,0.0,0.55646443,0.1698829,0.58028203,2.3648071,0.851623,0.0,0.0,0.0,1.3953283,0.0,0.0,0.0,1.3369381,0.9951514,0.0,0.55346686,0.44452605,0.0,0.0,1.2762681,0.0,0.6786165,1.5696682,1.307541,0.29844207,1.8271745,1.2717217,0.0,0.0,1.6943238,0.0,0.19915362,0.0,0.0,0.0,0.0,0.0,1.643457,0.0,2.3521326,0.0,0.0,0.6366906,0.0,0.29345402,0.0,1.5179987,2.1451802,0.5204891,0.0,0.4802973,0.0,0.55973285,1.35184,0.0,2.2085807,0.6175269,0.0,0
0.0,0.0,1.2261866,0.0,0.0,0.0,0.5626178,0.0,0.4453481,0.0,0.0,2.1589453,2.5896738,1.0596503,0.0,0.0,0.0,2.686064,0.0,0.0,0.0,0.0,0.0,2.303231,0.4453861,0.0,0.03949847,0.0,1.4118453,0.0,0.0,0.2884559,0.0,0.0,0.0,0.0,0.0,0.66295034,1.7523209,0.0,1.1557775,0.0,0.765549,1.9934393,0.35881555,0.98505896,0.012033519,0.0,0.0,1.075809,0.0,3.1703036,0.0,0.0,0.0,0.0,3.101085,0.0,2.5935762,0.63757414,0.44926432,0.69749075,0.0,2.1331205,0.0,0.0,1.3148401,0.0,0.17324108,0.74992025,0.0,0.2670965,0.0,0.0,0.0,0.0,2.0474749,2.1916397,0.0,0.0,0.0,0.0,0.0,0.8162113,1.2657869,0.0,0.0,0.84775263,0.0,0.0,2.3014271,0.0,0.0,0.0,3.1920896,3.1958408,0.0,1.2502398,0.0,0.6835577,0.0,0.0,0.0,0.0,1.3390979,0.0,0.0,0.0,0.26578474,0.0,0.8944571,0.0,1.3439848,0.0,1.6864206,3.2929678,0.7229907,1.2645363,0.116154306,0.8971776,0.0,0.0,0.0,0.0,0.0,3.7831757,0.0,0.0,0.572737,0.0,0.65935963,1.7888995,2.1427834,0.0,0.031069506,0.0,0.0,0.0,0.2632759,0.0,0.0,0.0,2.4625218,0.14247209,0.17590165,0.0,0.0,0.02567336,0.5888937,0.60783,0.0,0.0,1.7462336,0.22292526,0.11172863,0.0,0.0,0.0,0.0,1.1140926,0.0,0.0,0.0,2.2495847,0.0,0.0,2.4291344,1.1917562,0.0,0.0,0.0,1.6215994,2.9719684,0.0,0.0,1.2847078,0.64750355,2.6983323,0.0,0.25098026,1.0851046,0.0,1.1371577,2.6584888,0.0,0.0,0.12839358,0.0,0.5408836,0.46331334,0.0,0.0,0.33570254,0.0,6.0860767,0.0,0.0,0.0,1.7965872,1.5295612,0.0,0.30249348,2.1743128,0.0,0.0,0.0,0.80221725,0.0,0.0,0.0,0.034841746,0.0,0.0,0.36303195,4.9738517,0.0,0.0,0.015008626,0.0,0.0,0.21518615,0.0,0.2426134,0.8050453,0.28130975,0.0,0.0,1.663825,0.0,0.0,0.0,0.0,0.0,0.26392588,0.0,1.1978391,0.11403514,0.0,0.0,0.0,0.87181807,0.0,1.4974152,0.0,0.36286128,0.46059838,1.7198138,0.0,1.752307,1.5986733,1.9897931,0.2946637,0.0,0.35389242,0.023961687,0.0,1
0.0,0.0,0.8372991,2.4847624,2.9548404,0.54687506,0.0,0.0,0.0,0.3545953,0.0,0.4292659,1.164129,0.20195451,0.29522476,0.0,0.0,0.7868362,0.0,0.0,0.0,0.14804749,0.0,1.298197,0.0,0.0,0.0,0.35404667,0.9540097,0.0,0.0,0.0,0.0,0.58052355,0.0,0.0,0.0,0.0,1.2074376,0.0,1.7141507,0.0,0.11518656,1.7832986,0.0,1.7783637,0.0,1.0075437,0.0,1.1852152,0.0,1.2238475,0.17698732,0.0,0.0,0.0,1.3810884,0.0,0.22638275,0.011934603,0.5423771,0.0,0.28644717,0.8575875,0.0,0.0,0.76996183,0.0,0.043984316,0.0,0.0,1.2025988,0.0,0.0,1.0769452,0.1688761,1.0038409,0.748822,0.6205165,0.0,0.0,0.0,0.0,0.0,0.40270483,0.0,0.0,2.5120406,0.0,0.0,0.510967,0.0,0.0,0.0,2.7601082,0.90887785,0.0,1.9955293,0.0,0.2816219,0.83460325,0.0,2.1132927,0.0,1.6371412,0.0,0.0,0.0,0.29181874,2.121878,1.3554482,0.0,0.0121389795,0.90833235,0.7410694,1.5189599,1.7337401,0.84294844,0.68980813,0.94955665,0.0,0.0,0.0,0.05167535,0.0,1.4892347,1.0512266,0.0,0.0,1.0839009,0.3690286,1.4698837,0.9054553,0.0,0.7677746,0.0,0.0,0.0,0.5062913,0.0,0.0,0.0,1.373297,1.0454464,0.8750581,0.0,0.0,0.4440237,0.8084217,0.17203428,0.09522117,0.0,1.7744149,0.87453,0.85749567,0.0,0.0,0.0,0.0,0.23498939,0.0,0.0,0.0,0.93903434,3.3393342,0.0,1.4353507,0.4887795,0.55786747,0.0,0.0,0.7233294,1.8412917,0.0,0.0,1.2174017,1.5887644,1.0402237,0.0,0.0,0.8256177,1.3444943,0.032878663,1.4193587,1.0033376,0.0,0.0,0.0,1.7592223,0.0,0.0,0.0,0.10356387,0.0,4.375608,0.0,0.0,0.0,1.3987502,0.24881175,2.010605,1.7083002,0.0,0.0,0.0,0.0,0.56809294,0.0,0.0,0.0,0.87738097,0.14392732,0.0,0.84279233,1.0476294,0.0,0.0,0.34260637,0.0,0.9755025,0.9009221,1.4410218,0.0,2.2770858,1.1265763,0.0,0.0,2.9836907,0.0,0.80017084,0.0,0.0,0.0,0.0,0.5811444,0.97476804,0.0,1.6685636,0.0,0.0,1.3397095,0.0,0.7327163,0.0,2.1762335,1.3550354,0.3206686,0.0,0.5039974,0.6539709,0.5079294,1.0491333,0.0,1.8851354,0.0,0.0,0
0.0,0.0,1.8394474,1.0855846,2.1005456,0.0,0.0,0.0,0.48580837,0.0,0.0,1.1585301,0.6484233,0.0,0.0,0.0,0.0,1.5584307,0.0,0.0,0.0,0.0,0.0,2.251423,0.10464221,0.0,0.33593544,0.0,0.59049803,0.0,0.0,0.11745923,0.0,2.0942328,0.0,0.0,0.0,0.17185223,0.35338065,0.0,1.1679375,0.0,0.27105716,1.0065403,0.0,1.1504718,0.0,0.0,0.0,0.9938619,0.0,1.1210953,0.0,0.0,0.0,0.0,1.6537546,0.0,0.5423592,1.3454956,1.0310655,0.0,0.0,0.16363068,0.0,0.0,0.52573276,0.0,1.374382,0.0,0.0,0.0,0.0,0.0,1.0009235,0.0,0.52554137,0.48472014,1.3710667,0.0,0.0,0.0,0.0,0.12463409,0.29482484,0.0,0.0,1.8104979,0.0,0.0,0.42621368,0.0,0.0,0.0,1.5812933,0.84648436,0.0,1.5663221,0.0,0.6271837,0.0,0.0,1.7692136,0.0,2.0818207,0.0,0.0,0.0,0.6160806,0.37072966,0.25933766,0.0,0.3115452,0.0,0.008396415,0.86226165,1.8288388,1.0241349,1.274748,1.0856571,0.0,0.0,0.0,0.04428616,0.0,1.1442323,0.0,0.0,0.2199766,0.0,0.3372287,1.3508916,1.0168235,0.0,0.7055807,0.0,0.0,0.0,0.9559867,0.0,0.0,0.0,1.5075777,0.70681757,0.2359887,0.23163183,0.0,0.0,1.8529748,0.41386443,0.0,0.0,0.6295215,0.2924627,0.8422853,0.0,0.0,0.0,0.0,0.3098497,0.0,0.0,0.0,0.9877566,1.5858032,0.0,0.73424935,0.9590472,1.9956416,0.0,0.0,0.0,0.85319567,0.0,0.0,0.5271052,1.8727689,1.5634122,0.0,0.0,0.46660995,1.0544627,0.021675255,0.7784388,0.0,0.0,0.0,0.0,1.4995947,0.0,0.0,0.0,0.77999634,0.0,3.760103,0.0,0.0,0.0,1.1205175,0.7953332,1.1294565,1.2110602,0.55736285,0.0,0.0,0.0,1.0647686,0.0,0.0,0.0,1.2918175,0.6202332,0.0,0.77542496,1.0047276,0.0,0.0,1.0726985,0.0,0.8751524,1.5026498,0.20021504,0.88701564,2.599859,1.4486283,0.0,0.0,1.4441849,0.0,1.1475328,0.0,0.0,0.0,0.22827399,0.0,0.4648093,0.10325287,1.5589803,0.0,0.0,0.3155154,0.0,0.771602,0.0,0.8019021,1.9746028,1.2711825,0.0,0.4123212,0.3932246,0.4281268,1.888087,0.0,1.1609968,0.17096129,0.0,0
0.0,0.0,1.6539989,0.7763287,2.3314295,0.0,0.0046892585,0.0,0.7038834,0.0,0.0,0.7153079,0.51841444,0.530976,0.0,0.0,0.0,1.4075694,0.0,0.0,0.0,0.0,0.0,1.7524806,0.58494896,0.0,0.28204355,0.0,0.7415444,0.0,0.0,0.29114893,0.0,0.38399866,0.0,0.0,0.0,0.078903,0.583183,0.0,1.3645524,0.0,0.37647495,0.8981298,0.0,2.0930173,0.0,0.0,0.0,0.48178133,0.0,0.84666675,0.0,0.0,0.0,0.0,1.0625777,0.0,0.8493481,1.7395341,1.6264684,0.0,0.0,0.61253667,0.0,0.0,0.31094563,0.0,0.8080936,0.0027331524,0.0,1.0061475,0.0,0.0,1.0550606,0.0,1.11508,0.16819058,0.5634826,0.0,0.0,0.0,0.0,0.0,0.41192776,0.0,0.0,1.9400272,0.0,0.0,0.4584047,0.0,0.0,0.0,1.8691335,0.5339093,0.0,1.5146242,0.0,0.26497623,0.0,0.0,1.4901369,0.0,1.4063923,0.0,0.0,0.0,0.5751561,0.96121955,0.21422485,0.0,0.12824614,0.8149438,0.30744922,0.53153497,1.57181,1.0722351,1.4912231,1.9254613,0.0,0.0,0.0,0.0,0.0,0.8152121,0.0,0.0,0.03886115,0.0,0.49589953,1.2463115,0.7281008,0.0,0.5996172,0.0,0.0,0.0,0.13696377,0.0,0.0,0.0,0.91022956,0.71473354,0.11682225,0.3601076,0.0,0.42307633,1.77051,0.2696346,0.0,0.0,0.83293307,0.4747767,1.231361,0.0,0.0,0.0,0.0,0.21495883,0.0,0.0,0.0,0.635395,1.3054992,0.0,0.33684623,0.50968647,1.2418929,0.0,0.0,0.41006154,1.113405,0.0,0.0,0.023900447,1.4920163,0.8692301,0.0,0.0,0.0,0.9281255,0.5696966,0.83159757,0.0,0.0,0.0250264,0.0,1.5397812,0.33396065,0.0,0.0,0.6153688,0.0,4.6405754,0.0,0.0,0.17805625,1.180749,0.918627,0.25449827,1.2603558,0.20955998,0.0,0.0,0.0,1.16031,0.0,0.0,0.0,1.0390148,0.87113553,0.0,0.6868008,0.627478,0.0,0.0,0.5888234,0.0,0.5085948,1.1349138,0.6017076,0.2542619,2.6679506,1.2435318,0.0,0.0,1.4910033,0.0,0.7492508,0.0,0.0,0.0,0.50332254,0.0,0.55659705,0.34896162,1.6485424,0.0,0.0,0.23753344,0.0,0.44891986,0.0,1.2823346,2.1661272,0.99470615,0.0,0.17654353,0.48921713,0.5686688,1.5076276,0.0,1.5700271,0.60437286,0.0,0
0.0,0.0,1.597077,0.89964724,2.2534964,0.0,0.0,0.0,0.6775031,0.0,0.0,0.951897,0.540451,0.29134336,0.06711356,0.0,0.0,1.6464535,0.0,0.0,0.0,0.0,0.0,2.245272,0.5227518,0.0,1.1136761,0.0,0.17137963,0.0,0.0,0.0,0.0,0.0,0.0,0.0,0.0,0.0,0.9004197,0.0,1.1993045,0.0,0.08098015,0.5849658,0.0,2.7690296,0.0,0.0,0.0,0.36098158,0.0,0.6595173,0.0,0.0,0.0,0.0,1.0306808,0.0,0.5604715,2.5117352,0.8811834,0.0,0.0,0.05002521,0.0,0.0,0.27626863,0.0,0.6812282,0.15374209,0.0,1.3596556,0.0,0.0,0.77639085,0.0,1.271305,0.66318476,1.0494596,0.0,0.0,0.0,0.0,0.0,0.27176934,0.0,0.0,1.5967728,0.0,0.0,0.26734138,0.0,0.0,0.0,1.6426451,0.27735335,0.0,1.4368035,0.0,0.28660205,0.0,0.2135272,0.84068406,0.0,2.259937,0.0,0.0,0.0,0.35281345,0.8614337,0.17125954,0.0,0.027817955,1.6366078,0.0,0.30058596,2.38717,0.93692106,1.0973055,2.162122,0.0,0.0,0.0,0.006922394,0.0,0.4313936,0.12449606,0.0,0.58390427,0.0,0.42133105,1.2653643,0.7023959,0.0,0.64632463,0.0,0.0,0.0,0.0,0.0,0.0,0.0,0.77660984,0.42072397,0.0,0.80474764,0.0,1.251427,1.4676954,0.7833192,0.0,0.0,0.7044398,0.3390847,0.8370362,0.0,0.0,0.0,0.0,0.021342266,0.0,0.0,0.0,0.88967687,1.1533827,0.0,0.0,0.29257807,1.9171736,0.0,0.0,0.6302907,1.2713189,0.0,0.0,0.32305282,1.3232508,0.18448988,0.0,0.0,0.0,0.9733662,0.5539938,0.0,0.0,0.0,0.0,0.0,1.6571037,0.10718212,0.0,0.0,0.90074044,0.0,3.8017213,0.0,0.0,0.30164927,0.7316428,0.5572897,0.48811767,2.2624393,0.099570036,0.0,0.0,0.0,1.3008356,0.0,0.0,0.0,1.2008828,1.1884823,0.0,0.30395666,0.86696297,0.0,0.0,1.1621313,0.0,1.6682281,1.3883996,0.70358104,0.31461003,1.7909712,1.4206548,0.0,0.0,2.1963542,0.0,0.61844105,0.0,0.0,0.0,0.0,0.0,1.6210554,0.0,1.7004143,0.0,0.0,0.33547175,0.0,0.0,0.0,1.6520077,2.1157532,1.0760747,0.0,0.42559195,0.0,1.1141918,1.4552492,0.0,2.4816208,0.9224364,0.0,0
0.0,0.0,1.8324729,0.9093034,1.2732846,0.0,0.0,0.0,1.712459,0.0,0.0,1.6124222,0.87318045,0.6399879,0.0,0.0,0.0,1.7201142,0.0,0.0,0.0,0.0,0.0,1.8786829,0.60532427,0.0,1.2697053,0.0,0.56503713,0.0,0.0,0.13278776,0.0,1.4154459,0.0,0.0,0.0,0.0,0.5434496,0.0,1.7168815,0.0,0.24704131,1.1474329,0.0,1.3210682,0.0,0.0,0.0,2.1572986,0.0,1.2570645,0.0,0.0,0.0,0.0,1.2761825,0.13553359,0.87902063,2.5025716,2.0075827,0.07400397,0.0,1.2675129,0.0,0.0,0.61391807,0.0,2.2012758,0.62388724,0.0,0.37432918,0.0,0.0,0.77782387,0.0,0.8169454,0.3869223,1.1754408,0.0,0.0,0.0,0.0,0.0,0.5785964,0.0,0.0,1.9352354,0.0,0.0,0.0,0.0,0.0,0.0,2.2274666,0.8149773,0.0,1.2794303,1.3573289,0.7044437,0.0,0.0,1.6557246,0.0,1.2646704,0.0,0.0,0.0,1.134845,0.682249,0.27664623,0.0,0.30823037,0.71618295,0.0,0.6304009,2.074638,0.8530967,1.5745709,1.4777313,0.0,0.0,0.0,0.0,0.0,2.9996002,0.0,0.0,0.19668299,0.0,0.8017797,1.6788774,1.1891065,0.0,0.5916141,0.0,0.0,0.0,0.0,0.0,0.0,0.0,1.4283749,0.63501257,0.0,1.064281,0.0,1.0747434,1.4913781,0.16920914,0.0,0.0,1.1464216,0.0,1.2217274,0.0,0.0,0.0,0.0,0.251948,0.0,0.0,0.0,1.1356645,0.013250635,0.0,0.3684404,0.5820428,1.3062576,0.0,0.0,1.0188998,1.2113065,0.0,0.0,0.0,1.1862267,0.85352933,0.0,0.0,1.1747766,1.2906969,0.6432752,0.4817664,0.0,0.0,0.08106263,0.0,1.6404295,0.0,0.0,0.0,0.7971062,0.0,4.768776,0.0,0.0,0.28622603,1.7604778,1.7364542,1.9085159,2.0445678,0.57382786,0.0,0.0,0.0,0.78239936,0.0,0.0,0.0,1.6696792,0.64536846,0.0,0.8111395,2.3027496,0.0,0.0,0.5696364,0.0,2.1752574,0.19832107,0.0,0.88927686,2.671662,1.6596731,0.0,0.0,1.5915298,0.0,0.0043686014,0.0,0.0,0.0,0.15899187,0.0,0.7851516,0.8325065,1.8875194,0.0,0.0,0.589448,0.0,0.57457286,0.0,1.3324547,2.6096997,1.2535957,0.0,0.97817963,0.9004512,0.30316433,1.5917171,0.0,1.1349307,0.76290613,0.0,0
0.0,0.0,1.4285427,0.8862946,2.3308198,0.0,0.0,0.0,0.18522944,0.0,0.0,0.6353978,0.0,0.035603724,0.0,0.0,0.0,0.7197293,0.024337705,0.0,0.0,0.0,0.0,1.7157133,0.048483577,0.0,0.16158456,0.0,0.0,0.0,0.0,0.0,0.0,0.0016627761,0.0,0.0,0.0,0.009204054,0.020793997,0.0,1.386646,0.0,0.014507468,0.43145642,0.0,1.9739147,0.0,0.0,0.0,0.31251663,0.0,0.16916032,0.0,0.0,0.0,0.0,0.5783881,0.0,0.14411373,1.4048238,0.9298775,0.0,0.0,0.25957227,0.0,0.0,0.27923015,0.0,0.9083717,0.0,0.0,0.65188307,0.0,0.0,1.070473,0.0,0.9774181,0.34505573,0.70538694,0.0,0.0,0.0,0.0,0.0143951755,0.0,0.0,0.0,1.3179084,0.0,0.0,0.3704797,0.0,0.0,0.0,1.514939,0.039447773,0.0,1.4923134,0.0,0.27156928,0.0,0.0,1.0017015,0.0,1.6879822,0.0,0.0,0.0,0.6974366,0.5834987,0.20184006,0.0,0.023787199,0.90719014,0.0,0.99359316,1.9313282,0.8040203,1.1135752,1.1685163,0.0,0.0,0.0,0.0,0.0,0.6490297,0.0,0.0,0.10016423,0.0,0.1446317,0.39502415,0.66218984,0.0,0.15385205,0.0,0.0,0.0,0.0,0.0,0.0,0.0,0.6855947,0.8744548,0.09155361,0.25391665,0.0,0.884122,1.9449657,0.2338969,0.0,0.0,0.43328914,0.0,0.93657607,0.0,0.0,0.0,0.0,0.008941401,0.0,0.0,0.0,0.596371,1.3187793,0.0,0.0,0.0,1.3363737,0.0,0.0,0.0,0.38370213,0.0,0.0,0.2535277,1.3019083,0.0,0.0,0.0,0.0,1.1606199,0.34538317,0.32529992,0.0,0.0,0.0,0.0,1.6086543,0.25375187,0.0,0.0,0.649095,0.0,2.87826,0.0,0.0,0.43259126,0.43211284,0.53570294,0.8111488,2.1571274,0.4534783,0.0,0.0,0.0,1.6378871,0.0,0.0,0.0,1.1932467,0.6668282,0.0,0.47896224,0.030859157,0.0,0.0,1.2209123,0.0,1.1119994,1.1747934,0.7141669,0.420459,1.7266234,0.886233,0.0,0.0,1.4497317,0.0,0.5487407,0.0,0.0,0.0,0.34280843,0.0,1.1183376,0.0,1.7696825,0.0,0.0,0.0014606029,0.0,0.0,0.0,0.8552843,1.3293003,0.6177957,0.0,0.41151595,0.16660929,0.15808399,1.2066784,0.0,1.4171827,0.86735076,0.0,0
0.0,0.0,1.9722503,1.2768883,2.6530948,1.8504652,0.0,0.0,0.0,0.0,0.0,0.37320894,0.0,0.03413167,0.0,0.0,0.0,1.1362863,0.0,0.0,0.0,0.0,0.0,1.6776462,0.11963433,0.0,0.0,0.0,0.122186005,0.0,0.0,0.19710553,0.0,0.3926164,0.0,0.0,0.63272125,0.080238335,0.0,0.0,1.7649399,0.0,0.0,0.32423827,0.0,2.7320678,0.0,0.0,0.0,0.13689166,0.0,1.0025558,0.0,0.0,0.0,0.0,0.5558387,0.0,0.40292436,0.7821275,1.3623302,0.0,0.0,0.0,0.0,0.0,0.3488122,0.0,0.5296568,0.0,0.0,1.733244,0.18702002,0.0,2.1776793,0.0,1.0687898,0.0,1.3370197,0.0,0.0,0.0,0.0,0.0,0.0,0.0,0.0,1.1485074,0.0,0.0,0.5388183,0.0,0.0,0.0,1.450156,0.0,0.70288974,1.4525602,0.0,0.0,1.1173223,0.0,1.6619136,0.0,1.978438,0.0,0.0,0.0,0.11131503,0.93004555,0.55686665,0.0,0.0,1.4916935,0.0,0.068819836,0.34674194,1.177715,0.0,0.8144797,0.0,0.0,0.0,0.0,0.0,0.0,0.0,0.0,0.0,0.0,0.47778055,0.90388405,0.6049721,0.0,0.28775364,0.0,0.0,0.0,0.19012849,0.0,0.0,0.0,0.84591675,1.1644874,0.014599114,0.031065004,0.0,1.4000064,1.6855652,0.26027474,0.0,0.057714805,0.4365773,1.3411919,0.03150459,0.0,0.0,0.0,0.0,0.09217023,0.0,0.0,0.0,0.9329994,2.3164525,0.0,0.14986463,0.0,1.1955122,0.0,0.0,0.0,0.9465877,0.0,0.0,0.85820746,1.8751028,0.8691074,0.0,0.0,0.0,2.0287259,0.39069217,0.17273317,0.0,0.0,0.0,0.0,2.0633228,0.15515667,0.0,0.0,0.8199889,0.0,2.8785043,0.0,0.0,0.45228088,0.39301467,1.03653,0.74790365,2.1434078,0.14117175,0.0,0.0,0.0,1.4122459,0.0,0.0,0.0,1.0735053,0.5780337,0.0,1.0599818,0.0,0.0,0.0,1.2613955,0.0,0.1971145,2.2971866,0.96269155,0.0,2.5474892,1.3492153,0.0,0.0,1.736341,0.0,1.7159312,0.0,0.0,0.0,0.0,0.0,1.6309408,0.0,1.4330213,0.0,0.0,0.0,0.0,0.09935744,0.0,1.1359428,1.9245223,0.4679259,0.0,0.31666058,0.0,0.3785864,2.1130495,0.0,1.7410173,0.49640438,0.0,0
0.0,0.0,1.5085406,2.167328,2.4145992,0.0,0.0,0.0,0.21936227,0.0,0.0,1.6729352,1.4163873,0.07363244,0.08518754,0.0,0.0,2.329121,0.2647641,0.0,0.0,0.0,0.0,2.6324792,0.0,0.0,0.2510198,0.0,0.0,0.0,0.0,0.0,0.0,0.7341178,0.0,0.0,0.0,0.0,0.0,0.0,1.5332557,0.0,0.0,0.96853095,0.0,1.5826988,0.0,0.0,0.0,0.61670846,0.0,0.48287353,0.0,0.0,0.0,0.0,0.8617451,0.0,0.40132865,2.4325614,1.3216331,0.08753414,0.0,0.12315536,0.0,0.0,0.0,0.0,1.9853584,0.0,0.0,0.6780654,0.0,0.0,1.3238759,0.0,1.0704341,0.24385451,1.1283487,0.0,0.0,0.0,0.0,0.0,0.2193293,0.0,0.0,1.0487188,0.0,0.0,0.57314295,0.0,0.0,0.0,2.3448105,0.335523,0.0,2.8391418,0.040126923,0.306299,0.0,0.0,1.5110018,0.0,1.8977406,0.0,0.0,0.0,1.7828346,1.4686893,0.20138049,0.0,0.62256616,0.7303851,0.0,0.8534209,2.3121297,1.3677787,1.8976692,1.3252499,0.0,0.0,0.0,0.0,0.0,0.62654406,0.0,0.0,0.0,0.0,0.091076136,1.7537508,0.5855579,0.0,1.3316807,0.0,0.0,0.0,0.6062752,0.0,0.0,0.0,1.5155681,1.0487372,0.48447114,1.4957772,0.0,0.0,2.4846098,0.0,0.23182546,0.0,0.99243414,0.0,2.1639686,0.0,0.0,0.0,0.0,0.6772341,0.0,0.0,0.0,0.634725,0.6487358,0.0,0.10824033,0.48041594,2.0998852,0.0,0.0,0.904693,0.96803737,0.0,0.0,1.0137452,2.9859629,0.0,0.0,0.0,0.5775602,1.9075181,0.12577274,0.2890788,0.38655296,0.0,0.25059667,0.0,2.1318018,0.36169526,0.0,0.18802719,0.31366193,0.0,4.4282475,0.0,0.0,0.0,0.0,0.0,1.033698,2.5752263,0.60265625,0.0,0.0,0.0,1.0525217,0.0,0.0,0.0,1.7668566,1.277763,0.0,0.0,0.87720495,0.0,0.0,0.9341556,0.0,2.6643853,0.98145723,0.96033573,1.6409051,2.2047944,1.4294146,0.0,0.0,2.0032487,0.0,0.25242385,0.0,0.0,0.14004225,1.3074695,0.0,1.4196917,0.08393226,2.8788452,0.0,0.0,0.3772415,0.0,0.0,0.0,1.4797837,3.0253556,1.2313861,0.0,0.13466132,0.799215,0.0,1.4209764,0.0,1.5815814,0.99081725,0.0,0
0.0,0.0,1.8080397,1.0543519,2.429187,0.9682797,0.47644237,0.0,0.0,0.0,0.0,1.2089037,0.82489526,1.052182,0.0,0.0,0.0,1.0683613,0.0,0.0,0.0,0.0,0.0,1.7299316,0.30284858,0.0,0.0,0.0,0.8368207,0.0,0.0,0.4242378,0.0,0.0,0.0,0.0,0.0,0.014021663,0.31026396,0.0,1.656493,0.0,0.22617397,0.65791464,0.0,2.9734247,0.0,0.0,0.0,0.89210653,0.0,0.7386096,0.0,0.0,0.0,0.0,0.8628911,0.0,0.60934633,1.3270173,0.39182296,0.0,0.0,0.2265786,0.0,0.0,0.30735597,0.0,0.14170037,0.13473241,0.0,2.074827,0.0,0.0,0.87907857,0.15486416,1.0257646,0.50252384,1.2199886,0.0,0.0,0.0,0.0,0.0,0.5528629,0.0,0.0,1.1463156,0.0,0.0,0.8960642,0.0,0.0,0.0,1.552408,0.19613497,0.0,1.1338683,0.0,0.0,0.6451174,0.0,1.4696934,0.0,2.030071,0.0,0.0,0.0,0.097907215,1.0208445,0.57956886,0.0,0.41177428,1.3818527,0.49360543,0.7683214,1.0789894,0.5699671,0.0,1.4897435,0.0,0.0,0.0,0.37916675,0.0,0.590854,0.0,0.0,0.6161855,0.03883025,0.25126472,1.4469326,0.6301533,0.0,0.72678506,0.0,0.0,0.0,0.31388167,0.0,0.0,0.0,1.4529164,0.3391661,0.0,0.17857267,0.0,0.90165234,1.8069978,0.32733756,0.0,0.0,0.53112483,0.96268094,0.11631068,0.0,0.0,0.0,0.0,0.20490785,0.0,0.0,0.0,0.9733479,1.6031563,0.0,0.97629094,0.49943087,1.3456213,0.0,0.0,0.41887283,1.0949497,0.0,0.0,0.90582997,1.7537366,0.35113057,0.0,0.0,0.38814166,1.522136,0.0,0.5410027,0.0,0.0,0.0,0.0,1.6487819,0.32588854,0.0,0.0,0.8978973,0.0,3.8597329,0.0,0.0,0.0,0.13632329,0.59419227,0.62335795,1.6723833,0.9529766,0.0,0.0,0.0,1.5091313,0.0,0.0,0.0,1.1417409,0.9556229,0.0,0.8283288,1.1482819,0.0,0.0,1.3344111,0.0,0.04681084,1.8889021,1.3615695,0.0,2.5444975,2.362903,0.0,0.0,1.9990332,0.0,1.1947035,0.0,0.0,0.0,0.13345115,0.0,1.0012568,0.0,1.7567756,0.0,0.0,0.5916356,0.0,0.16263379,0.0,1.1246445,1.8687028,0.30693617,0.0,0.6900957,0.18721317,1.1502256,1.8168373,0.0,2.082531,0.34723827,0.0,0
0.0,0.0,1.2631477,1.4054288,2.334218,0.0,0.0,0.0,0.5537053,0.0,0.0,0.5222897,0.4780758,0.71232396,0.000623208,0.0,0.0,1.2733103,0.0,0.0,0.0,0.0,0.0,2.4003224,0.0,0.0,0.0,0.0,0.28807887,0.0,0.0,0.0,0.0,0.0,0.0,0.0,0.0,0.13306384,0.0,0.0,1.1488519,0.0,0.0,0.6141863,0.0,2.5481331,0.0,0.0,0.0,0.09650376,0.0,0.33232686,0.0,0.0,0.0,0.0,0.41790336,0.0,0.3881665,1.8017602,1.0838594,0.0,0.0,0.51337844,0.0,0.0,0.0,0.0,1.229752,0.21747059,0.0,1.1010189,0.0,0.0,0.852892,0.0,0.6949397,0.0060650725,0.3632761,0.0,0.0,0.0,0.0,0.0,0.13969123,0.0,0.0,1.067711,0.0,0.0,0.33693865,0.0,0.0,0.0,1.9392948,0.05545633,0.0,2.3843305,0.030110734,0.35376096,0.0,0.0,0.9338078,0.0,1.4079244,0.0,0.0,0.0,1.2418746,1.3331261,0.19068015,0.0,0.22496003,1.299553,0.0,0.7251725,2.2668142,1.4277709,1.3313483,1.4685435,0.0,0.0,0.0,0.0,0.0,0.5742518,0.0,0.0,0.0763297,0.0,0.67841476,0.81580806,0.65103614,0.0,0.97915316,0.0,0.0,0.0,0.0,0.0,0.0,0.0,1.0636255,0.8065365,0.55559725,1.386506,0.0,0.33884385,2.1688097,0.21489392,0.0,0.0,0.21133718,0.65688115,1.5328618,0.0,0.0,0.0,0.0,0.0,0.0,0.0,0.0,0.677339,1.0796077,0.0,0.30951834,0.3927679,1.3190701,0.0,0.0,0.29007456,0.44909766,0.0,0.0,0.2710358,2.4117222,0.0,0.0,0.0,0.17696594,1.7604451,0.0,0.18092953,0.40614548,0.0,0.0,0.0,1.7682899,0.06470243,0.0,0.0,0.36742303,0.0,3.915887,0.0,0.0,0.13302265,0.21109182,0.0,0.55688274,2.5683658,0.37283206,0.0,0.0,0.0,1.0397797,0.0,0.0,0.0,1.3034643,0.9246613,0.0,0.04984938,0.10205904,0.0,0.0,1.168599,0.0,1.6386602,0.95808876,1.0395074,1.0147398,2.2922378,1.1717013,0.0,0.04846196,1.9892093,0.0,0.56703025,0.0,0.0,0.0,1.1622385,0.0,1.3301033,0.5189991,1.9202607,0.0,0.0,0.0,0.0,0.25177115,0.0,1.1643349,1.4464067,0.43550527,0.0,0.7744465,0.13412297,0.31879014,1.079848,0.0,1.4623506,1.2435479,0.0,0
0.0,0.0,1.5682709,1.367045,2.0872948,1.8609012,0.07030456,0.0,0.0,0.0,0.0,1.0005208,0.56112444,0.42018458,0.0,0.0,0.0,1.2882446,0.0,0.0,0.0,0.0,0.0,1.5776743,0.25100178,0.0,0.0,0.0,0.6050978,0.0,0.0,0.14127538,0.0,0.0,0.0,0.0,1.2129574,0.0025908612,0.0,0.0,1.8451228,0.0,0.15094219,0.4898667,0.0,3.2713017,0.0,0.0,0.0,0.25439906,0.0,1.0425099,0.0,0.0,0.0,0.0,0.77604324,0.0,0.35481423,0.5001241,0.80302036,0.0,0.0,0.0,0.0,0.0,0.5518706,0.0,0.0,0.07561268,0.0,2.5501833,0.06529738,0.0,1.3625062,0.0,1.4141316,0.3115273,0.77763975,0.0,0.0,0.0,0.0,0.0,0.6629358,0.0,0.0,0.77112055,0.0,0.0,0.19041055,0.0,0.0,0.0,2.0233383,0.06752758,0.6434244,1.3804146,0.0,0.0,0.9455592,0.27736062,1.0195332,0.0,1.6565651,0.0,0.0,0.0,0.0,0.99542695,0.356596,0.0,0.3764194,1.8356172,0.12387696,0.9470185,0.81142557,1.3674794,0.0,1.4079428,0.0,0.0,0.0,0.17199042,0.0,0.26449782,0.0,0.0,0.0053960644,0.0,0.4112553,1.2108598,0.5246659,0.0,0.33590797,0.0,0.0,0.0,0.17634155,0.0,0.0,0.0,0.83819914,0.12078816,0.0,0.6242152,0.0,1.5055377,2.0699084,0.21378757,0.0,0.0,0.68156743,1.4502565,0.036943097,0.0,0.0,0.0,0.0,0.5692632,0.0,0.0,0.0,1.3867255,1.8009295,0.0,0.73844653,0.090862915,1.5814546,0.0,0.0,0.097585075,2.024634,0.0,0.0,1.3376776,1.9500585,0.55789524,0.0,0.0,0.0,1.9473653,0.3436016,0.02226898,0.0,0.0,0.0,0.0,1.5189134,0.40116104,0.0,0.0,0.9068687,0.0,3.5577593,0.0,0.0,0.09615223,0.042375755,0.6640284,0.15349764,1.6839908,0.8311979,0.0,0.0,0.0,1.5546665,0.0,0.0,0.0,1.0038681,0.8764893,0.0,0.7049621,0.85318965,0.12207354,0.0,1.741656,0.0,0.3437442,2.4204829,1.2481533,0.0,1.6043361,1.9359218,0.0,0.0,2.2024422,0.0,1.3426625,0.0,0.0,0.0,0.0,0.0,2.0918722,0.0,0.8800333,0.0,0.0,0.30343544,0.0,0.0,0.25366995,1.7231201,1.4047805,0.31702116,0.0,0.8023125,0.035516284,1.3855712,1.4217985,0.0,2.0706744,0.39809552,0.0,0
0.0,0.0,1.9873005,1.3247505,2.6249115,1.029754,0.0,0.0,0.33163574,0.0,0.0,0.60846615,0.0,0.335771,0.0,0.0,0.0,1.7021267,0.0,0.0,0.0,0.0,0.0,1.5558968,0.0,0.0,0.0,0.0,0.15028274,0.0,0.0,0.0,0.0,0.0,0.0,0.0,0.34061256,0.0,0.036170207,0.0,1.8244478,0.0,0.052594017,0.4863035,0.0,3.1386986,0.0,0.0,0.0,0.0,0.0,0.77608687,0.0,0.0,0.0,0.0,0.78294575,0.0,0.09200174,1.4612825,1.5244272,0.0,0.0,0.0,0.0,0.0,0.07823824,0.0,0.5379656,0.0,0.0,2.197588,0.0,0.0,1.2836279,0.0,1.2341683,0.19393577,0.7947697,0.0,0.0,0.0,0.0,0.0,0.07216085,0.0,0.0,0.9380311,0.0,0.0,0.32696068,0.0,0.0,0.0,1.7483282,0.0,0.07912947,1.3481045,0.0,0.0,0.0,0.091074914,1.2823012,0.0,1.9565545,0.0,0.0,0.0,0.5883771,1.2602386,0.43432152,0.0,0.14461555,1.571849,0.0,0.48436034,1.7500763,0.6718711,0.26746255,1.2422835,0.0,0.0,0.0,0.11397615,0.0,0.09973298,0.0,0.0,0.049566504,0.0,0.0,1.0177364,0.9077683,0.0,0.7150876,0.0,0.0,0.0,0.0,0.0,0.0,0.0,0.7104574,0.59658164,0.0,0.98296684,0.0,1.4766701,1.9310983,0.51497453,0.0,0.0,0.90832746,0.98221874,0.50753015,0.0,0.0,0.0,0.0,0.20076118,0.0,0.0,0.0,1.0655597,1.7465211,0.0,0.20338549,0.0,2.0602872,0.0,0.0,0.00067994173,1.2103348,0.0,0.0,1.0335783,2.2387733,0.041392736,0.0,0.0,0.12644581,2.079944,0.60479236,0.0,0.0,0.0,0.0,0.0,1.4210504,0.42636058,0.0,0.0,0.6581506,0.0,3.5975811,0.0,0.0,0.0,0.25603363,0.5764089,0.8233904,2.611475,0.6033341,0.0,0.0,0.0,1.836028,0.0,0.0,0.0,0.9770588,0.945367,0.0,0.7729197,0.10769133,0.0,0.0,1.2730399,0.0,0.58295345,1.9850963,1.3134018,0.0,2.0786872,1.8143312,0.0,0.0,1.7817583,0.0,1.165091,0.0,0.0,0.0,0.0,0.0,2.0921264,0.0,1.7624575,0.0,0.0,0.29890704,0.0,0.2827188,0.0,1.766677,1.7311391,0.5414714,0.0,0.0,0.0,0.5615133,1.8659859,0.0,2.556265,0.87982243,0.0,0
0.0,0.0,1.2505169,1.7050782,1.8619095,1.1728851,0.0,0.0,0.0,0.0,0.0,1.1753854,0.51139015,0.4175577,0.0,0.0,0.0,1.3407207,0.0,0.0,0.0,0.0,0.0,2.143103,0.15534061,0.0,0.0,0.0,0.6813973,0.0,0.0,0.07195579,0.0,0.0,0.0,0.0,0.44414917,0.26455852,0.20038643,0.0,1.8923022,0.0,0.06350524,0.081694625,0.0,3.0371327,0.0,0.0,0.0,0.63281065,0.0,0.50780475,0.0,0.0042501027,0.0,0.0,0.76426595,0.0,0.35978973,0.80143493,1.0203153,0.0,0.0,0.0,0.0,0.0,0.7524133,0.0,0.0,0.2118211,0.0,2.2845182,0.0,0.0,1.747256,0.0,1.2809527,0.35684034,0.8294869,0.0,0.0,0.0,0.0,0.0,0.13069993,0.0,0.0,0.8704407,0.0,0.0,0.22621661,0.0,0.0,0.0,2.0231013,0.77984595,0.6293581,1.697798,0.0,0.2730076,0.7867287,0.0,1.3031952,0.0,1.3707546,0.0,0.0,0.0,0.30014545,1.2826209,0.37728152,0.0,0.5258043,1.8412777,0.0,0.7072695,0.8088298,1.2132844,0.0,1.5083803,0.0,0.0,0.0,0.0,0.0,0.1406617,0.0,0.0,0.30569375,0.0,0.25443712,1.4657668,0.6568318,0.0,0.47964966,0.0,0.0,0.0,0.22568114,0.0,0.0,0.0,1.0021404,0.2923835,0.2666373,0.9111696,0.0,1.0981207,2.1184561,0.69721574,0.0,0.0,1.0161902,1.1579597,0.32813784,0.0,0.0,0.0,0.0,0.0,0.0,0.0,0.0,1.5961375,2.0479422,0.0,0.51766866,0.16804175,1.5378073,0.0,0.00069404056,0.15217796,1.8291,0.0,0.0,1.1533757,2.19669,0.61544037,0.0,0.0,0.38535956,2.3490589,0.68445843,0.0,0.0,0.0,0.0,0.0,1.9319342,0.38067946,0.0,0.0,1.2728696,0.0,3.5979428,0.0,0.0,0.08357276,0.7755255,0.46905947,0.77906567,2.5600748,0.8066447,0.0,0.0,0.0,1.4706906,0.0,0.0,0.0,1.0042875,0.64260465,0.0,0.7272525,0.9627206,0.0,0.0,1.8398651,0.0,0.0,2.5727305,1.440813,0.0,1.9579598,2.119832,0.0,0.0,2.1793787,0.0,1.1891835,0.0,0.0,0.0,0.0,0.0,2.1368704,0.0,1.308717,0.0,0.0,0.5050021,0.0,0.0,0.39888152,1.9492685,1.4783808,0.62039477,0.0,0.7204316,0.14876647,0.96647555,1.5653284,0.0,2.172852,0.5140316,0.0,0
0.0,0.0,1.0807413,1.2186791,2.5587757,0.0,0.0,0.0,0.3147153,0.0,0.0,0.44314876,0.25089186,0.24340191,0.029957514,0.0,0.0,1.1501245,0.0,0.0,0.0,0.0,0.0,1.5313433,0.0,0.0,0.0,0.14204253,1.0607553,0.0,0.0,0.13783509,0.0,0.0,0.0,0.0,0.0,0.043879308,0.61889577,0.0,1.4121281,0.0,0.0,0.7721699,0.0,2.2515757,0.0,0.0,0.0,0.59947866,0.0,0.70225894,0.0,0.0,0.0,0.0,0.8437733,0.0,0.0,1.307855,1.0173577,0.0,0.0,0.9149705,0.0,0.0,0.42944455,0.0,1.0981778,0.10928193,0.0,1.301631,0.0,0.0,0.4840357,0.0076383427,1.1254191,0.3846186,0.7399303,0.0,0.0,0.0,0.0,0.0,0.50488913,0.0,0.0,1.3065752,0.0,0.0,0.55385303,0.0,0.0,0.0,1.9702181,0.41053408,0.0,1.961994,0.0,0.008258628,0.0,0.0,0.7168614,0.0,1.4282507,0.0,0.0,0.0,0.50308627,1.2670257,0.34043956,0.0,0.0,1.2632862,0.3016921,0.5554449,1.8646086,0.7520918,0.7998977,1.5056078,0.0,0.0,0.0,0.0,0.0,0.7395204,0.0,0.0,0.0076339208,0.06649311,0.25370538,0.9260674,0.6017768,0.0,0.5214238,0.0,0.0,0.0,0.0,0.0,0.0,0.0,0.95466244,1.2078424,0.35249755,0.18716557,0.0,1.1458613,1.4539975,0.6564984,0.0,0.0,1.0499305,0.8199908,1.2901465,0.0,0.0,0.0,0.0,0.30285078,0.0,0.0,0.0,1.0662885,2.017268,0.0,1.0207531,0.47053808,1.2769891,0.0,0.0,0.08752,1.1324209,0.0,0.0,0.62741905,2.1478474,0.2522659,0.0,0.0,0.08786101,1.538787,0.2591594,0.08975138,0.0,0.0,0.0,0.0,1.4823983,0.512989,0.0,0.0,0.51981056,0.0,3.9975636,0.0,0.0,0.03149457,0.8358158,0.21789002,1.0127785,1.7554482,0.30853376,0.0,0.0,0.0,1.3525256,0.0,0.0,0.0,1.0412022,0.73313504,0.0,0.36524948,0.81885874,0.0,0.0,0.7869585,0.0,0.65065145,1.1416034,0.81525445,0.11212834,2.10924,0.9758307,0.0,0.0,1.7557845,0.0,0.6986765,0.0,0.0,0.0,0.71840066,0.0,1.4227467,0.0,2.2222514,0.0,0.0,0.31474608,0.0,0.35783318,0.0,1.411592,1.769485,1.060336,0.0,0.44877335,0.4149628,0.53772056,1.5762464,0.0,2.1788216,0.2995673,0.0,0
0.0,0.0,1.6147329,1.4758582,1.9205325,0.0,0.0,0.0,0.6159116,0.0,0.0,1.1292076,0.6638671,0.0,0.0,0.0,0.0,1.8084769,0.14581384,0.0,0.0,0.0,0.0,1.8918849,0.12932223,0.0,0.5764845,0.0,1.0261669,0.0,0.0,0.052386876,0.0,1.5893656,0.0,0.0,0.0,0.03268513,0.4628404,0.0,1.2239213,0.0,0.49377218,0.8191156,0.0,0.93443465,0.0,0.0,0.0,1.0434968,0.0,0.36479664,0.0,0.0,0.0,0.0,1.9346772,0.0,0.8935884,1.6674446,0.9777533,0.0,0.0,0.5924606,0.0,0.0,0.34270585,0.0,1.4451312,0.11901955,0.0,0.0,0.0,0.0,0.88544863,0.0,0.7603486,0.3821611,1.1339188,0.0,0.0,0.0,0.0,0.12365973,0.43123436,0.0,0.0,1.6773006,0.0,0.0,0.0,0.0,0.0,0.0,1.982932,1.0493361,0.0,2.1218195,0.0,0.65564567,0.0,0.0,2.198918,0.0,1.7990736,0.0,0.0,0.10717967,0.80861926,0.89468986,0.32871816,0.0,0.4074478,0.0,0.57976633,1.1511354,2.597943,1.2542872,1.6699966,1.1088378,0.0,0.0,0.0,0.0,0.0,1.5438952,0.0,0.0,0.20699584,0.0,0.3500315,1.2645253,0.91691595,0.0,0.5399233,0.0,0.0,0.0,0.732798,0.0,0.0,0.0,1.2582726,0.8323534,0.76310796,0.88255614,0.0,0.040333927,1.7094318,0.08587902,0.09081382,0.0,0.9399607,0.08000303,1.4921879,0.0,0.0,0.046116967,0.0,0.1803479,0.0,0.0,0.0,0.7167098,0.7338551,0.0,0.71029866,0.7158927,2.002425,0.0,0.0,0.48619872,1.0592724,0.0,0.0,0.03401765,1.4068929,1.2034391,0.0,0.0,0.4947689,1.238107,0.73016024,0.6361495,0.0,0.0,0.42255566,0.0,1.566624,0.039811585,0.0,0.0,0.82077736,0.0,3.9608934,0.0,0.0,0.0,1.3424792,0.6531153,1.4678212,1.5804039,0.41401395,0.0,0.0,0.0,0.8437484,0.0,0.0,0.0,1.2791601,0.3960868,0.0,0.641706,1.2442759,0.0,0.0,0.98499316,0.0,1.5627983,1.0085486,0.43769634,1.1921046,2.5733705,1.377993,0.0,0.0,1.3373158,0.0,0.8644658,0.0,0.0,0.0,0.21135868,0.0,0.32786337,0.80608803,1.8710887,0.0,0.0,0.495629,0.0,0.6171586,0.0,1.0170852,2.0026598,1.0682763,0.0,0.23931617,0.8802268,0.2071969,2.1644998,0.0,0.42763826,0.112342395,0.0,0
0.0,0.0,1.9348371,1.8372589,2.2448125,1.8112941,0.10722558,0.0,0.0,0.0,0.0,1.2595912,0.5966733,0.31764647,0.0,0.0,0.0,1.600584,0.0,0.0,0.0,0.0,0.0,2.2768116,0.0,0.0,0.0,0.0,0.6198029,0.0,0.0,0.0,0.0,0.0,0.0,0.0,0.9815032,0.18676077,0.056414865,0.0,2.1166253,0.0,0.49035186,0.40850595,0.0,3.6689572,0.0,0.0,0.0,0.5493463,0.0,0.77141255,0.0,0.0,0.0,0.0,0.9592228,0.0,0.22710313,1.136963,0.8940353,0.0,0.0,0.0,0.0,0.0,0.33100063,0.0,0.08782725,0.030187506,0.0,3.162037,0.0,0.0,1.6996837,0.0,1.1776959,0.0,1.1730217,0.0,0.0,0.0,0.0,0.0,0.5918068,0.0,0.0,0.9255411,0.0,0.0,0.14794889,0.0,0.0,0.0,2.5044293,0.06656729,0.8306942,1.7674711,0.0,0.0,0.9482851,0.44014746,1.460985,0.1126088,1.8759936,0.0,0.0,0.0,0.15398638,1.4079773,0.4781159,0.0,0.5436639,2.0734882,0.0,0.9238161,0.81038475,0.94019645,0.0,1.2289796,0.0,0.0,0.0,0.44141546,0.0,0.0,0.0,0.0,0.11219775,0.11777189,0.43845513,1.5162823,0.9170646,0.0,0.7436082,0.0,0.0,0.0,0.05276475,0.0,0.0,0.0,0.81801474,0.13028866,0.032862797,0.8803988,0.0,1.8936169,2.1998382,0.3852796,0.0,0.0,0.75527805,1.328473,0.0,0.0,0.0,0.0,0.0,0.48298895,0.0,0.0,0.0,1.1642094,1.8856539,0.0,0.43818936,0.0,1.6242782,0.0,0.0,0.0,1.6012061,0.0,0.0,1.3157803,2.1360703,0.48439774,0.0,0.0,0.4898046,2.3013186,0.6326131,0.047180273,0.0,0.0,0.0,0.0,1.9253892,0.3087454,0.0,0.0,1.3910186,0.0,3.6212626,0.0,0.0,0.0,0.3770317,0.7696596,0.39492092,2.5255983,0.51848364,0.0,0.0,0.0,1.538755,0.0,0.0,0.0,1.4514681,0.89370966,0.0,1.1409255,0.8674878,0.0,0.0,2.0618415,0.0,0.49247637,2.5951846,1.4062263,0.0,2.2237084,2.6229975,0.0,0.0,2.449796,0.0,1.7607683,0.0,0.0,0.0,0.0,0.0,2.2518797,0.0,1.3063147,0.0,0.0,0.23158632,0.0,0.0,0.0,1.5640844,1.6174439,0.5818531,0.0,0.64973074,0.0,0.8862579,2.2846115,0.0,2.7042122,0.9949532,0.0,0
0.0,0.0,1.439077,1.0094377,2.0385945,0.29679635,0.0,0.0,0.2633666,0.0,0.0,0.85341126,0.54043734,0.37628797,0.0,0.0,0.0,0.90115124,0.0,0.0,0.0,0.0,0.0,1.8210511,0.44577667,0.0,0.025162362,0.0,0.5536547,0.0,0.0,0.20778987,0.0,0.18942605,0.0,0.0,0.0,0.1568764,0.46890554,0.0,1.5689685,0.0,0.7785172,0.2906184,0.0,1.9403971,0.0,0.0,0.0,0.8475745,0.0,0.8154766,0.0,0.0,0.0,0.0,0.7107949,0.0,0.68854916,1.0592699,0.97645843,0.0,0.0,0.43026826,0.0,0.0,0.45848978,0.0,0.7946322,0.25133023,0.0,1.1790603,0.0,0.0,0.87041765,0.0,0.98721784,0.21871488,0.7980406,0.0,0.0,0.0,0.0,0.0,0.45938557,0.0,0.0,1.5455681,0.0,0.0,0.30715483,0.0,0.0,0.0,2.0040138,0.4878196,0.0,0.99453443,0.0,0.15121143,0.27335617,0.0,1.4528894,0.0,1.3734908,0.0,0.0,0.0,0.19139344,0.63071775,0.29205656,0.0,0.19626631,0.68108034,0.10868728,1.1283004,1.5685374,0.75123525,0.7621914,1.3699106,0.0,0.0,0.0,0.0,0.0,0.9951493,0.0,0.0,0.260472,0.0,0.24755336,1.1548169,0.8108011,0.0,0.3021787,0.0,0.0,0.0,0.0,0.0,0.0,0.0,0.68590456,0.15868527,0.0,0.18097927,0.0,1.1057827,1.88866,0.41298857,0.0,0.0,0.61482954,0.37074423,0.08606096,0.0,0.0,0.0,0.0,0.17851926,0.0,0.0,0.0,0.9840251,1.0189589,0.0,0.09902598,0.22647046,1.3182954,0.0,0.0,0.3310876,1.1154926,0.0,0.0,0.22032273,1.4517739,0.94370204,0.0,0.0,0.1739908,0.9464236,0.09871349,0.59187627,0.0,0.0,0.0,0.0,1.5311079,0.3474054,0.0,0.0,0.5487128,0.0,3.1579459,0.0,0.0,0.23461826,0.8800593,1.0168109,0.5197678,1.2878023,0.5446005,0.0,0.0,0.0,1.2885072,0.0,0.0,0.0,0.7379086,0.75955486,0.0,0.89897573,1.0271571,0.0,0.0,1.0600125,0.0,0.5368093,1.4232515,1.0847274,0.14559188,1.6708392,1.0781963,0.0,0.0,1.6316837,0.0,0.51731354,0.0,0.0,0.0,0.0,0.0,0.57518554,0.0,1.2501178,0.0,0.0,0.08552199,0.0,0.019376831,0.0,0.950883,1.3698689,0.64283097,0.0,0.45222136,0.22973916,0.9325224,1.3888147,0.0,1.5862293,0.7943819,0.0,0
0.0,0.0,1.641564,0.5481662,2.9016101,0.12366037,0.0,0.0,0.9159923,0.0,0.0,0.707155,0.3146366,0.0,0.0,0.0,0.0,0.9924377,0.0,0.0,0.0,0.0,0.0,2.1725428,0.33554474,0.0,0.53911644,0.0,0.0,0.0,0.0,0.12858865,0.0,0.34937066,0.0,0.0,0.0,0.0,0.29625565,0.0,1.1250949,0.0,0.26597568,0.35458353,0.0,2.716629,0.0,0.0,0.0,0.64412117,0.0,0.822159,0.0,0.0,0.0,0.0,0.9377535,0.0,0.22555013,2.560058,1.5506828,0.11994941,0.0,0.0,0.0,0.0,0.0,0.0,0.9527674,0.0,0.0,0.861792,0.0,0.0,1.4480479,0.0,1.1554278,0.0,0.9280302,0.0,0.0,0.0,0.0,0.0,0.45259792,0.0,0.0,1.4750353,0.0,0.0,0.01255173,0.0,0.0,0.0,1.5171189,0.0,0.0,1.6488477,0.0,0.13031973,0.0,0.0,1.6231189,0.0,1.7835181,0.0,0.0,0.0,0.8000791,0.6442135,0.0,0.0,0.0,1.2693111,0.19502431,0.033783734,2.008919,0.44484904,1.3110509,1.7698233,0.0,0.0,0.0,0.0,0.0,0.543428,0.0,0.0,0.27738386,0.0,0.49639606,0.46196398,0.561432,0.0,0.6945358,0.0,0.0,0.0,0.0,0.0,0.0,0.0,0.7656303,0.9957398,0.052201457,0.0,0.0,1.1658257,2.3601668,0.4096171,0.0,0.0,0.71310467,0.22829932,0.70465165,0.0,0.0,0.0,0.0,0.0,0.0,0.0,0.0,0.87300503,1.2624205,0.0,0.0,0.4586199,1.2352934,0.0,0.0,0.28218225,0.7898729,0.0,0.0,0.1240522,1.4530864,0.7521213,0.0,0.0,0.2937644,1.1269944,0.15164226,0.59197,0.0,0.0,0.0,0.0,2.1798644,0.0,0.0,0.0,0.44197434,0.0,3.8542573,0.0,0.0,0.66568244,0.7383625,0.4436708,0.5273707,1.917248,0.0,0.0,0.0,0.0,1.4250044,0.0,0.0,0.0,1.1926588,0.74382293,0.0,0.8004694,0.32686642,0.0,0.0,0.8602374,0.0,1.4701781,1.4182543,1.0324668,0.16983354,2.065188,1.2151526,0.0,0.0,1.8449115,0.0,1.1342001,0.0,0.0,0.0,0.8606276,0.0,0.53004324,0.101341896,2.2336407,0.0,0.0,0.21254854,0.0,0.16557752,0.0,0.932458,1.550026,0.88621086,0.0,0.0,0.0,0.50247926,2.213119,0.0,1.438003,1.0031328,0.0,0
0.0,0.0,1.8960776,1.7256237,2.4802058,0.8359226,0.0,0.0,0.0110886805,0.0,0.0,1.3529594,0.30480605,0.16644177,0.0,0.0,0.0,1.4904033,0.0,0.0,0.0,0.0,0.0,2.2152963,0.06818551,0.0,0.0,0.0,0.51868576,0.0,0.0,0.0,0.0,0.06379841,0.0,0.0,0.5075663,0.0,0.0,0.0,2.0650578,0.0,0.1356384,0.30294782,0.0,3.18887,0.0,0.0,0.0,0.3009631,0.0,0.34766772,0.0,0.0,0.0,0.0,0.8596473,0.0,0.41817147,1.0867807,1.3683487,0.0,0.0,0.0,0.0,0.0,0.2555864,0.0,0.6799267,0.0,0.0,2.1068952,0.0,0.0,1.9966917,0.0,1.3911674,0.110303834,1.0134101,0.0,0.0,0.0,0.0,0.0,0.02235401,0.0,0.0,0.7200966,0.0,0.0,0.08040462,0.0,0.0,0.0,2.073494,0.3110528,0.38945,2.1021314,0.0,0.0,0.30232129,0.0324819,0.832074,0.0,1.7528464,0.0,0.0,0.0,0.34604284,1.455706,0.5756968,0.0,0.24463585,1.5038396,0.0,0.44837505,1.3850404,1.092126,0.1769808,1.2743571,0.0,0.0,0.0,0.52417827,0.0,0.0,0.0,0.0,0.0,0.011094542,0.28962713,1.2981235,0.67032164,0.0,0.24086942,0.0,0.0,0.0,0.59155387,0.0,0.0,0.0,1.0227784,0.58912367,0.24557284,0.7806581,0.0,1.7088662,2.337632,0.26923978,0.0,0.0,1.0984098,1.0516096,0.4811878,0.0,0.0,0.0,0.0,0.34103352,0.0,0.0,0.0,1.5714167,2.364028,0.0,0.58704865,0.06383793,2.1473806,0.0,0.0,0.0,1.5817897,0.0,0.0,0.9576021,2.5144553,0.46726602,0.0,0.0,0.25890246,2.6364398,0.43354666,0.0,0.0,0.0,0.0,0.0,2.1813905,0.4959407,0.0,0.0,1.2281816,0.0,3.8774316,0.0,0.0,0.0,0.28970727,0.051235996,0.9705179,2.6787176,0.5274559,0.0,0.0,0.0,2.0518804,0.0,0.0,0.0,1.3042716,0.98081315,0.0,0.8558374,0.125877,0.0,0.0,1.6859981,0.0,0.0,2.9237216,1.839508,0.0,2.5357912,2.140711,0.0,0.0,1.6786569,0.0,1.4407765,0.0,0.0,0.0,0.0,0.0,2.0753512,0.0,1.6789238,0.0,0.0,0.3388477,0.0,0.0,0.0,1.9952489,2.0673447,0.6449288,0.0,0.0,0.0,0.6930326,2.745724,0.0,2.508276,0.7584427,0.0,0
0.0,0.0,1.099581,0.19296522,0.2768538,0.0,1.5057641,0.0,0.1122455,0.0,0.0,1.8204812,1.6034875,1.4959697,0.0,0.0,0.0,2.3495104,0.0,0.0,0.0,0.0,0.0,1.412582,0.66810036,0.0,0.0,0.0,2.1760466,0.0,0.0,0.57126296,0.0,0.0,0.0,0.0,0.0,0.7813751,1.3381671,0.0,1.2392541,0.0,1.2421792,1.407741,0.0,0.0,0.0,0.0,0.0,1.7668322,0.0,2.4154677,0.0,0.0,0.0,0.0,2.6284182,0.0,2.1937292,0.0,0.0,0.0,0.0,2.2384222,0.0,0.0,1.5430082,0.0,0.0,1.3683965,0.0,0.34466702,0.0,0.0,0.0,0.0,1.5013778,1.5268035,0.0,0.0,0.0,0.0,0.0,0.5988913,1.7621335,0.0,0.0,0.61559737,0.0,0.0,1.5781103,0.0,0.0,0.0,3.1820934,2.3523395,0.018528504,0.6141339,0.0,0.81218237,0.0,0.0,0.69281197,0.0,0.24379137,0.0,0.0,0.0,0.0,0.0,1.3015362,0.0,0.8957421,0.0,1.4431859,3.4499385,0.9121056,1.0916872,0.0,0.35983962,0.0,0.0,0.0,0.0,0.0,4.0340266,0.0,0.0,0.867924,0.0,0.070045255,2.0841997,1.9612565,0.0,0.0,0.0,0.0,0.0,0.40626505,0.0,0.0,0.0,0.9907591,0.0,0.694717,0.1920454,0.0,0.18720886,0.52805823,0.83814466,0.0,0.0,2.0617278,0.19265719,0.18533488,0.0,0.0,0.0,0.0,1.3036474,0.0,0.0,0.0,2.3173923,0.11224161,0.0,2.8570404,1.2718136,0.06072088,0.0,0.0,1.4908063,2.8517344,0.0,0.0,0.599991,0.5616045,2.3283534,0.0,0.0,1.3825973,0.24486755,0.7482689,2.4307806,0.08670452,0.0,0.40014458,0.0,0.0,0.60915524,0.0,0.0,0.54809266,0.0,4.831806,0.0,0.0,0.007718992,1.665515,1.6045556,0.21754426,0.0,1.8317083,0.0,0.0,0.0,0.09530327,0.0,0.0,0.0,0.22303475,0.11785,0.0,0.5493035,4.5404086,0.0,0.0,0.0,0.0,0.23192781,1.0522753,0.0,0.58276254,0.8921522,0.9581751,0.0,0.0,1.1478914,0.0,0.7125219,0.0,0.0,0.0,1.2039922,0.0,0.17404106,0.22360456,0.0,0.0,0.0,1.4694227,0.0,1.5146924,0.0,0.8729481,0.24365477,1.8329163,0.0,1.1053026,1.4921658,1.6132356,0.30689666,0.0,0.09228943,0.0,0.0,1
0.0,0.0,1.6923906,0.9361133,2.6127641,1.2386644,0.0,0.0,0.038495965,0.0,0.0,0.43177143,0.18688576,0.21320698,0.003697854,0.0,0.0,0.8904599,0.0,0.0,0.15107477,0.0,0.0,1.5119468,0.077135205,0.0,0.0,0.0,0.53312016,0.0,0.0,0.37047863,0.0,0.0,0.0,0.0,0.0,0.0,0.019860141,0.0,1.4504871,0.0,0.0,0.37686872,0.0,3.1384509,0.0,0.0,0.0,0.59726936,0.0,0.8186397,0.0,0.0,0.0,0.0,0.25608695,0.0,0.039841723,1.288716,0.72930133,0.0,0.0,0.0,0.0,0.0,0.041441392,0.0,0.5736223,0.2732599,0.0,2.3534415,0.0,0.0,1.0110134,0.075065374,1.1961267,0.30409524,0.91524607,0.0,0.0,0.0,0.0,0.0,0.103990026,0.0,0.0,1.6997396,0.0,0.0,0.35312998,0.0,0.0,0.0,1.6552908,0.28451937,0.3815889,1.216437,0.0,0.12704028,0.24317919,0.0,1.7123582,0.0,2.0772681,0.0,0.0,0.0,0.40433535,1.4217024,0.26226586,0.0,0.06567591,1.4732383,0.2108075,0.0,1.4143181,0.4998144,0.46557742,1.8259954,0.0,0.0,0.0,0.0,0.0,0.2741605,0.0,0.0,0.579999,0.0,0.0,1.3299829,0.90359133,0.0,0.700877,0.0,0.0,0.0,0.0,0.0,0.0,0.0,0.9553898,0.58885115,0.0,0.0973791,0.0,1.2175575,1.7081721,0.47493175,0.0,0.0,0.9882326,1.0949361,0.5373595,0.0,0.0,0.0,0.0,0.0,0.0,0.0,0.0,0.76320577,1.9038656,0.0,0.30878687,0.2277187,1.6527778,0.0,0.0,0.03628038,0.81451166,0.0,0.0,0.78540075,2.4148052,0.52232766,0.0,0.0,0.220674,1.797915,0.13368925,0.22167775,0.0,0.0,0.0,0.0,1.6122695,0.7550198,0.0,0.0,0.83947504,0.0,3.7513824,0.0,0.0,0.43590552,0.59654486,0.3956581,0.99311686,2.1178052,0.3839835,0.0,0.0,0.0,1.90296,0.0,0.0,0.0,1.1060053,0.9946888,0.0,0.84497344,0.5084191,0.0,0.0,1.2267109,0.0,0.17162484,2.2866292,1.1571821,0.0,2.524735,1.7269449,0.0,0.0,1.6318063,0.0,1.0216143,0.0,0.0,0.0,0.025064362,0.0,1.6028932,0.0,1.8014774,0.0,0.0,0.73978966,0.0,0.16299023,0.0,1.2280896,1.5899721,0.40799236,0.0,0.81516343,0.013833992,0.70085466,1.501239,0.0,2.633001,0.61598384,0.0,0
0.0,0.0,2.0599475,0.0,2.0684252,0.0,0.2499166,0.0,1.3411753,0.0,0.0,1.8173305,0.68697447,0.8693126,0.0,0.0,0.0,2.1659322,0.52026796,0.0,0.0,0.0,0.0,1.6930507,0.5259477,0.0,1.104169,0.0,0.9329339,0.0,0.0,0.17672926,0.0,1.6211678,0.0,0.0,0.0,0.0,0.9210401,0.0,1.70053,0.0,0.35431832,1.3542293,0.0,2.3481565,0.0,0.0,0.0,1.9017905,0.0,0.75635916,0.0,0.0,0.0,0.0,1.6316592,0.0,0.5592151,1.7085651,0.69101334,0.0,0.0,0.466704,0.0,0.0,0.7164607,0.0,1.4012691,0.38198796,0.0,0.2663438,0.0,0.0,0.83925086,0.0,0.9179807,0.6928978,1.1529493,0.0,0.0,0.0,0.0,0.0,1.1606091,0.0,0.0,2.3431187,0.0,0.0,0.4594211,0.0,0.0,0.0,1.5591297,0.9793555,0.0,0.8193299,0.19478923,0.50149995,0.0,0.0,1.9620106,0.0,1.6852468,0.0,0.0,0.0,0.2828936,0.88659114,1.1293012,0.0,0.070697345,0.72172856,0.048618764,0.7099013,2.507076,0.7254611,1.2965612,1.5311629,0.0,0.0,0.0,0.0,0.0,2.934036,0.37595743,0.0,0.2328211,0.0,0.06041004,1.6083075,1.0712991,0.0,1.0347669,0.0,0.0,0.0,0.5637827,0.0,0.0,0.0,1.4742498,0.33067507,0.0,0.8803864,0.0,0.59701645,0.7702232,0.35850286,0.0,0.0,1.2974066,0.20942068,1.8415514,0.0,0.0,0.0,0.0,0.500092,0.0,0.0,0.0,1.3291304,0.54204416,0.0,0.6570652,0.945154,2.2603147,0.0,0.0,0.9196418,1.8355608,0.0,0.0,0.12900972,0.87325746,1.4874495,0.0,0.0,1.3178562,1.0498536,0.24637645,0.8630887,0.0,0.0,0.5202302,0.0,1.6377257,0.0,0.0,0.0,1.1232128,0.0,3.8640153,0.0,0.0,0.0,2.14235,1.6915824,1.4392699,2.0981026,0.52995485,0.0,0.0,0.0,0.32757977,0.0,0.0,0.0,1.7389175,0.48842728,0.0,1.3524663,1.7487956,0.0,0.0,1.0364912,0.0,1.2358149,0.34476337,0.13769168,0.5662727,2.7165635,1.6328514,0.0,0.0,1.8825481,0.0,0.43860552,0.0,0.0,0.0,0.18772374,0.0,0.23808417,0.02609814,2.4276836,0.0,0.0,0.6090998,0.0,1.0741878,0.0,0.98957384,2.9179869,0.694224,0.0,0.9102098,0.49653712,0.09355055,1.2051009,0.0,1.5982174,0.17917317,0.0,0
0.0,0.0,0.8518983,1.0773627,0.23467194,0.63594663,1.3042377,0.0,0.0,0.0,0.0,2.0120711,1.7335004,1.9625477,0.0,0.0,0.0,2.5361931,0.0,0.0,0.0,0.12162386,0.0,2.2338407,0.77944875,0.0,0.08198919,0.0,1.7515068,0.0,0.0,0.7213361,0.0,0.0,0.0,0.0,0.0,1.046792,1.2006186,0.0,2.0430303,0.0,1.6229343,1.368543,0.0,0.25353882,0.0,0.0,0.0,1.7600635,0.0,2.3507946,0.0,0.0,0.0,0.0,2.6212673,0.0,2.3965187,0.0,0.0,0.0,0.0,2.3823216,0.0,0.0,2.070479,0.0,0.0,1.183559,0.0,0.3838485,0.0,0.0,0.8137007,0.0,1.381268,1.5109814,0.17567997,0.0,0.0,0.0,0.0,0.68677384,1.6697894,0.0,0.0,0.68451643,0.0,0.0,1.5216831,0.0,0.0,0.0,3.9037347,2.2289195,0.6173413,0.7369212,0.0,0.7640998,0.202812,0.0,1.0854206,0.0,0.6254373,0.0,0.0,0.03855453,0.0,0.0,1.1460829,0.0,1.0733355,0.13343008,1.0341198,3.6519115,0.23123112,1.6431807,0.0,0.0,0.0,0.0,0.0,0.0,0.0,3.3952963,0.0,0.0,0.9489749,0.0,0.62876767,2.1553957,1.7827537,0.0,0.0,0.0,0.0,0.0,0.24041097,0.0,0.0,0.0,1.5518209,0.11286014,0.6251979,0.11993016,0.0,0.15272024,0.47719613,0.90482914,0.0,0.0,1.665104,0.7902305,0.03345694,0.0,0.0,0.0,0.0,1.0989115,0.0,0.0,0.0,2.6488671,0.0,0.0,2.665115,0.8718406,0.32883593,0.0,0.0,1.6328474,3.1887078,0.0,0.0,0.61399347,0.5054193,2.3529956,0.0,0.0,1.3363332,0.3998018,0.85426784,2.0275633,0.0,0.0,0.0,0.0,0.20043938,0.73812044,0.0,0.052019786,0.27234897,0.0,5.1018095,0.0,0.0,0.12709196,2.3436708,1.7082304,0.30476108,0.14600071,1.0403011,0.0,0.0,0.0,0.6829016,0.0,0.0,0.0,0.36882067,0.29765958,0.0,0.5761948,4.3699927,0.0,0.0,0.43710515,0.0,0.0,1.1025139,0.18861401,0.046919554,1.3559653,1.3282558,0.0,0.0,1.7749577,0.0,1.0696183,0.0,0.0,0.0,0.5992854,0.0,0.58033806,0.0,0.0,0.0,0.0,1.4044738,0.0,0.979596,0.0,0.99040943,0.67990416,1.570815,0.0,1.4416242,1.5870165,1.3992577,0.43063986,0.0,0.22388552,0.0,0.0,1
0.0,0.0,2.1956017,0.9611509,2.2383788,2.2088568,0.5551359,0.0,0.0,0.0,0.0,1.2863444,0.06645529,0.11109682,0.0,0.0,0.0,1.181749,0.0,0.0,0.0,0.0,0.0,1.7203549,0.022676524,0.0,0.0,0.0,1.0103945,0.0,0.0,0.11317795,0.0,0.0,0.0,0.0,1.2399144,0.3309814,0.04120723,0.0,1.8472866,0.0,0.46961185,0.7196258,0.0,2.4482632,0.0,0.0,0.0,0.437548,0.0,1.4943357,0.0,0.0,0.0,0.0,0.8344576,0.0,0.66259414,0.66516393,1.09973,0.0,0.0,0.0,0.0,0.0,0.3223195,0.0,0.0,0.10745259,0.0,2.2452054,0.13317043,0.0,2.2069736,0.0,1.1977317,0.17149176,0.864065,0.0,0.0,0.0,0.0,0.0,0.07392264,0.0,0.0,1.4277623,0.0,0.0,0.36454087,0.0,0.0,0.0,1.9371474,0.0,1.1624378,1.1799626,0.0,0.0,1.3461868,0.0,2.1014218,0.04709437,1.6043218,0.0,0.0,0.0,0.0,0.6305724,0.21555725,0.0,0.5259641,1.7443277,0.20727003,1.0236548,0.0,0.78771174,0.0,0.7298616,0.0,0.0,0.0,0.05066988,0.0,0.22032195,0.0,0.0,0.15660876,0.22608744,1.0083913,1.423016,0.96294075,0.0,0.07644213,0.0,0.0,0.0,0.2247649,0.0,0.0,0.0,0.49565387,0.30031657,0.0,0.15133442,0.0,1.692372,1.7459292,0.36932433,0.0,0.0,0.7167439,1.245043,0.0,0.0,0.0,0.0,0.0,0.03139596,0.0,0.0,0.0,1.2576113,1.9364378,0.0,0.66411465,0.15967466,1.0180699,0.0,0.0,0.0,1.4308971,0.0,0.0,1.0307798,1.9976946,0.655041,0.0,0.0,0.3062073,1.548535,0.2324765,0.0,0.0,0.0,0.0,0.0,1.6497525,0.25839844,0.0,0.0,1.0724542,0.0,2.9267766,0.0,0.0,0.28840593,0.20374013,1.17102,0.0015553518,1.4745113,0.30782613,0.0,0.0,0.0,1.3206093,0.0,0.0,0.0,0.9358621,0.8966552,0.0,1.4189082,0.91135126,0.121685214,0.0,1.5698607,0.0,0.078615904,2.5623827,1.0819396,0.0,1.9958344,2.15225,0.0,0.0,2.115796,0.0,1.651677,0.0,0.0,0.0,0.0,0.0,1.5112814,0.0,0.9189949,0.0,0.0,0.2455975,0.0,0.0,0.30727482,1.2605995,1.3861533,0.7293164,0.0,0.6950342,0.123234086,0.57198894,2.144074,0.0,1.9740767,0.35708657,0.0,0
0.0,0.0,1.8783338,1.5915762,2.5366986,1.908228,0.0,0.0,0.0,0.0,0.0,0.74120027,0.09739487,0.046459995,0.0,0.0,0.0,1.3879995,0.0,0.0,0.0283376,0.0,0.0,1.6958444,0.3706686,0.0,0.0,0.0,0.52589715,0.0,0.0,0.0,0.0,0.0,0.0,0.0,0.8082018,0.0,0.0,0.0,1.9295083,0.0,0.57297766,0.11447551,0.0,3.563496,0.0,0.0,0.0,0.0,0.0,0.26637968,0.0,0.0,0.0,0.0,0.40339917,0.0,0.0,1.7190572,1.3049595,0.0,0.0,0.0,0.0,0.09496099,0.12481532,0.0,0.27922708,0.0,0.0,2.9819949,0.0,0.0,1.8959479,0.0,1.2259339,0.0,1.1847311,0.0,0.0,0.0,0.0,0.0,0.3055328,0.0,0.0,0.9780384,0.0,0.0,0.2506759,0.0,0.0,0.0,1.9987762,0.0,0.5164497,1.6452216,0.0,0.0,0.870646,0.26033702,1.2718717,0.0,2.149391,0.0,0.0,0.0,0.0,1.6428206,0.30285236,0.0,0.051553447,1.536434,0.105502844,0.0,0.859146,0.6625509,0.0,1.5107508,0.0,0.0,0.0,0.30765978,0.0,0.0,0.0,0.0,0.09594452,0.0,0.1926013,1.3054212,0.36239645,0.0,0.66754955,0.0,0.0,0.0,0.21895315,0.0,0.0,0.0,0.7449686,0.36161512,0.0,0.27577463,0.0,1.7628368,2.2258832,0.2632868,0.0,0.0,0.76118135,1.2445922,0.7086384,0.0,0.0,0.0,0.0,0.11210268,0.0,0.0,0.0,0.7300898,2.1226435,0.0,0.051401746,0.0,1.648598,0.0,0.0,0.027707705,1.2713282,0.0,0.0,1.4092216,2.4378726,0.34414434,0.0,0.0,0.5084593,2.5554252,0.3692154,0.0,0.0,0.0,0.0,0.0,2.1323502,0.45497605,0.0,0.0,0.99031055,0.0,3.259506,0.0,0.0,0.43205708,0.26110217,0.77894443,0.81525564,2.3780324,0.3850893,0.0,0.0,0.09130454,2.214886,0.0,0.0,0.0,1.4090422,0.805285,0.0,0.7597875,0.1391752,0.0,0.0,1.719019,0.0,0.34339237,2.9404957,1.3334812,0.0,2.7482045,2.1830435,0.0,0.0,1.9590347,0.0,1.4068431,0.0,0.0,0.0,0.0,0.0,1.7182095,0.0,1.786833,0.0,0.0,0.21927325,0.0,0.0,0.0,1.5908853,2.141304,0.42263076,0.0,0.31645486,0.0,0.79228735,2.3363047,0.0,2.559065,0.8130065,0.0,0
0.0,0.0,1.4752557,1.2909976,1.9666898,1.8187187,0.0,0.0,0.004876068,0.0,0.0,1.1625866,0.24781127,0.5009882,0.0,0.0,0.0,1.3083733,0.0,0.0,0.0,0.0,0.0,2.2400103,0.11259574,0.0,0.0,0.0,0.26640707,0.0,0.0,0.0,0.0,0.0,0.0,0.0,0.477609,0.3042447,0.0,0.0,1.6210564,0.0,0.13539137,0.11907833,0.0,2.740415,0.0,0.0,0.0,0.5833571,0.0,0.6443412,0.0,0.0,0.0,0.0,0.6261374,0.0,0.2709263,1.060141,0.9260224,0.0,0.0,0.0,0.0,0.0,0.42576727,0.0,0.1856855,0.18287446,0.0,2.245568,0.0,0.0,1.46174,0.0,0.94829625,0.0,0.8591175,0.0,0.0,0.0,0.0,0.0,0.154809,0.0,0.0,0.88334924,0.0,0.0,0.17147277,0.0,0.0,0.0,1.9576921,0.4325896,0.49061224,1.3697507,0.0,0.07283844,0.6604884,0.065040246,1.4513593,0.0,1.4895043,0.0,0.0,0.0,0.41284484,1.0203412,0.23091885,0.0,0.17079191,1.5826021,0.073525906,0.20013772,1.2320448,1.2010251,0.0,1.2642536,0.0,0.0,0.0,0.13112536,0.0,0.23018046,0.0,0.0,0.09596025,0.0,0.19546439,1.1506068,0.6969425,0.0,0.50668865,0.0,0.0,0.0,0.0,0.0,0.0,0.0,0.6733582,0.34400588,0.08228336,1.0513239,0.0,1.1640997,2.0604134,0.47606176,0.0,0.0,0.46125793,1.2874197,0.45307937,0.0,0.0,0.0,0.0,0.11956971,0.0,0.0,0.0,1.0946054,1.8190053,0.0,0.3303929,0.1421753,1.2904118,0.0,0.0,0.32527027,1.3642492,0.0,0.0,1.159928,2.3711798,0.2779471,0.0,0.0,0.12739898,2.0967796,0.4304799,0.0,0.0,0.0,0.0,0.0,1.7730461,0.45857823,0.0,0.0,1.0055597,0.0,3.2580605,0.0,0.0,0.4349157,0.4011515,0.77252144,0.26989332,2.3579097,0.6541605,0.0,0.0,0.0,1.4753679,0.0,0.0,0.0,1.144219,1.0016216,0.0,0.34790865,0.59481466,0.0,0.0,1.7158352,0.0,0.5199276,2.3322768,1.2100283,0.0,2.0893085,2.014412,0.0,0.0,2.0439503,0.0,1.5663048,0.0,0.0,0.0,0.0,0.0,1.8535367,0.0,1.1528544,0.0,0.0,0.31076586,0.0,0.15162116,0.22268303,1.4385911,1.3137776,0.44963276,0.0,0.48272654,0.14939283,1.012311,1.178848,0.0,2.100254,0.7959783,0.0,0
0.0,0.0,0.6712148,0.021429755,0.382312,0.29735175,1.1360177,0.0,0.12956783,0.0,0.0,1.8394516,1.6275101,1.7398475,0.0,0.0,0.0,2.1976762,0.0,0.0,0.0,0.0,0.0,1.7959659,0.5969022,0.0,0.0,0.0,1.7485293,0.0,0.0,0.5638749,0.0,0.0,0.0,0.0,0.0,0.87061584,1.8291963,0.0,1.2161292,0.0,0.6998709,1.0842974,0.0,0.4489967,0.0,0.0,0.0,1.0428368,0.0,2.5529706,0.0,0.0,0.0,0.0,2.7553062,0.0,2.368808,0.6165456,0.053056262,0.0,0.0,2.034915,0.0,0.0,1.9247597,0.0,0.0,1.1330955,0.0,0.19542906,0.0,0.0,0.0,0.0,1.5649701,1.4975214,0.0,0.0,0.0,0.0,0.0,0.42501462,1.6366376,0.0,0.0,0.65698516,0.0,0.0,1.681481,0.0,0.0,0.0,2.9653738,2.7589831,0.1455823,0.75560236,0.0,0.87790847,0.041292466,0.0,0.16334738,0.0,0.7381421,0.0,0.0,0.0,0.0,0.0,1.1262741,0.0,0.8574727,0.52087694,1.1072416,3.2076356,0.7281518,0.8741116,0.0,0.7256279,0.0,0.0,0.0,0.0,0.0,2.8920295,0.0,0.0,0.5385729,0.0,0.17827354,1.9861194,1.909701,0.0,0.0042903167,0.0,0.0,0.0,0.26949087,0.0,0.0,0.0,1.6576698,0.25231063,0.66090214,0.0,0.0,0.084213585,1.1838871,0.9407826,0.0,0.0,2.0738761,0.31405857,0.19865091,0.0,0.0,0.0,0.0,0.9557562,0.0,0.0,0.0,2.3990269,0.0,0.0,2.29214,0.9927523,0.32911128,0.0,0.0,1.3993549,2.7638004,0.0,0.0,0.7874654,0.5074968,1.8189412,0.0,0.0,0.97145903,0.07072023,1.2045546,1.88438,0.2322526,0.0,0.0,0.0,0.32621,0.7839005,0.0,0.0,0.45103472,0.0,5.0728626,0.0,0.0,0.016921591,1.4343709,1.7410184,0.3301555,0.33778152,1.7682545,0.0,0.0,0.0,0.20363376,0.0,0.0,0.0,0.37301904,0.025004944,0.0,0.6009865,3.9926069,0.0,0.0,0.5046867,0.0,0.1304695,0.6624563,0.448395,0.33843613,0.7002557,0.960365,0.0,0.0,1.428566,0.0,0.523999,0.0,0.0,0.0,0.9895828,0.0,0.6106599,0.1260919,0.0,0.0,0.0,0.9286477,0.0,1.0904312,0.0,0.8310264,0.7393041,1.7610686,0.0,1.5299836,1.5223815,2.0094428,0.11652561,0.0,0.22908734,0.16794541,0.0,1
0.0,0.0,1.9168508,0.7405601,2.5975363,0.40030393,0.0,0.0,0.38094667,0.03648167,0.0,0.73683167,0.78717333,0.067250215,0.0,0.0,0.0,1.0464292,0.0,0.0,0.0,0.0,0.0,1.7860844,0.20332319,0.0,0.22599271,0.0,0.9111792,0.0,0.0,0.1771254,0.0,0.62751925,0.0,0.0,0.0,0.05485797,0.7711553,0.0,1.2759284,0.0,0.26511982,0.28074178,0.0,2.3039167,0.0,0.0,0.0,0.66869926,0.0,1.0331264,0.0,0.0,0.0,0.0,1.0852609,0.0,0.8094824,1.3410984,1.4568832,0.0,0.0,0.5835105,0.0,0.0,0.51345193,0.0,0.6485369,0.0,0.0,1.1544654,0.0,0.0,1.0634519,0.0,1.0641259,0.6078007,0.99713403,0.0,0.0,0.0,0.0,0.0,0.1609695,0.0,0.0,1.5595173,0.0,0.0,0.29575709,0.0,0.0,0.0,1.7138121,0.26728255,0.036070034,1.332454,0.0,0.26006582,0.256489,0.0,1.3769109,0.0,1.7134888,0.0,0.0,0.0,0.29474527,0.6600842,0.29303005,0.0,0.077525504,1.1531653,0.0,1.0399942,1.2611861,0.9628337,0.61350536,1.3847287,0.0,0.0,0.0,0.0,0.0,0.7447901,0.0,0.0,0.17732602,0.0,0.2700714,1.1068475,1.003888,0.0,0.0,0.0,0.0,0.0,0.29841432,0.0,0.0,0.0,1.0722039,0.8420438,0.2651811,0.13175847,0.0,0.9708542,1.882041,0.4313262,0.0,0.0,0.8014426,0.8721874,0.0,0.0,0.0,0.0,0.0,0.26633832,0.0,0.0,0.0,0.9519577,1.6413993,0.0,0.7135983,0.40960974,1.4974443,0.0,0.0,0.4571106,1.0848541,0.0,0.0,0.38347656,1.502415,0.81187415,0.0,0.0,0.0,0.96192616,0.013541308,0.56667197,0.0,0.0,0.0,0.0,1.55576,0.17474791,0.0,0.08680066,0.7311006,0.0,4.023205,0.0,0.0,0.0,1.3708843,1.0839896,0.5734413,1.1657809,0.32425043,0.0,0.0,0.0,1.2325321,0.0,0.0,0.0,0.83023083,0.56020087,0.0,0.8863887,1.0347233,0.0,0.0,0.94437706,0.0,0.20848502,1.261007,0.7004458,0.33021438,1.9986092,1.1960835,0.0,0.0,1.7552917,0.0,1.0850408,0.0,0.0,0.0,0.5165251,0.0,1.1580478,0.0,1.2815347,0.0,0.0,0.3800605,0.0,0.22096029,0.0,0.92598367,1.6699169,0.8294344,0.0,0.19435012,0.5480704,0.735093,2.180112,0.0,1.2610439,0.7068618,0.0,0
0.0,0.0,1.77812,1.1541508,2.3196936,0.0,0.0,0.0,0.98144585,0.1131997,0.0,1.0065064,0.78185534,0.45713088,0.0,0.0,0.0,1.3605161,0.0,0.0,0.0,0.0,0.0,1.6903368,0.231484,0.0,0.8080537,0.0,0.19239041,0.0,0.0,0.31034806,0.0,1.0198463,0.0,0.0,0.0,0.0,0.28524676,0.0,1.68542,0.0,0.0,1.0750726,0.0,2.2305193,0.0,0.0,0.0,0.8249823,0.0,0.8985309,0.0,0.0,0.0,0.0,1.5992032,0.0,0.7071267,2.179497,1.4987869,0.0,0.0,1.0071192,0.0,0.0,0.24369767,0.0,1.3035451,0.2571208,0.0,0.8368964,0.0,0.0,0.5260306,0.0,0.64632887,0.72116095,1.2084327,0.0,0.0,0.0,0.32251218,0.0,0.46909702,0.0,0.0,1.3601522,0.0,0.0,0.0,0.0,0.0,0.0,1.4617269,1.6346316,0.0,1.8379251,0.6046708,0.10845022,0.0,0.0,1.5341064,0.0,1.8096095,0.0,0.0,0.0,0.7195274,1.7436628,1.3883231,0.0,0.0347774,1.2846545,0.0,0.0,2.0343814,1.48977,1.1407847,1.6739867,0.0,0.0,0.0,0.0,0.0,1.440951,0.0,0.0,0.0,0.0,0.16105397,0.72259915,0.9659464,0.0,0.8852794,0.0,0.0,0.0,0.5936257,0.0,0.0,0.0,1.8014386,0.93624586,0.17752917,0.93849653,0.0,0.108070165,1.4301345,0.38136566,0.18747212,0.0,1.4354452,0.0,1.4356531,0.0,0.0,0.0,0.0,0.0,0.0,0.0,0.0,1.5183463,1.405822,0.0,1.0629964,0.700223,1.9903854,0.0,0.0,0.3271413,1.0873909,0.0,0.0,0.0,1.4070805,1.0039015,0.0,0.0,0.55171096,1.6623416,0.5199058,0.14243117,0.0,0.0,0.21964766,0.0,1.5947071,0.0,0.0,0.0,0.3275543,0.0,4.270166,0.0,0.0,0.0,1.4187825,0.6128262,1.35352,2.3190484,0.6543169,0.16156356,0.0,0.0,1.0031506,0.0,0.0,0.0,1.3562862,0.48309347,0.0,0.22077546,1.2449149,0.0,0.0,1.0951283,0.0,0.8060526,0.49299195,1.1926589,0.44960478,2.3468208,1.5229638,0.0,0.0,1.2750671,0.0,0.7309059,0.0,0.0,0.0,0.33906746,0.0,0.949743,0.39674452,2.645228,0.0,0.0,1.175177,0.0,0.2764607,0.0,1.4963259,2.4273276,1.1841996,0.0,0.726716,0.10065433,0.12089716,1.315427,0.0,1.7638911,0.0,0.0,0
0.0,0.0,2.1611185,1.7158877,2.6652932,1.7107383,0.21756558,0.0,0.0,0.0,0.0,1.4082869,0.15699182,0.29106322,0.0,0.0,0.0,1.4908592,0.0,0.0,0.0,0.0,0.0,2.4775019,0.13278788,0.0,0.0,0.0,0.26177412,0.0,0.0,0.0,0.0,0.0,0.0,0.0,0.98963636,0.00089486886,0.0,0.0,2.040697,0.0,0.5659853,0.8752235,0.0,3.8135886,0.0,0.0,0.0,0.3078294,0.0,1.202783,0.0,0.0,0.0,0.0,0.83439136,0.0,0.1366358,1.0070524,1.3886957,0.0,0.0,0.0,0.0,0.0,0.082644306,0.0,0.07716135,0.0,0.0,2.6235352,0.0,0.0,2.340894,0.0,1.3815337,0.0,1.1120362,0.0,0.0,0.0,0.0,0.0,0.36680365,0.0,0.0,0.90230775,0.0,0.0,0.17152911,0.0,0.0,0.0,1.851847,0.0,0.7610261,2.3252792,0.0,0.0,1.2511066,0.40330154,1.2654971,0.0,2.2245274,0.0,0.0,0.0,0.030458163,1.3962274,0.2585551,0.0,0.369572,1.8897301,0.12163806,0.5994601,0.95244217,1.260469,0.0,1.4187169,0.0,0.0,0.0,0.21281269,0.0,0.0,0.0,0.0,0.09513097,0.07934507,0.22964324,1.1958679,0.81460404,0.0,0.4875575,0.0,0.0,0.0,0.23213372,0.0,0.0,0.0,0.54154336,0.2084971,0.0,0.41651902,0.0,1.9336056,2.3825762,0.31413645,0.0,0.0,0.83329606,1.2582059,0.03830572,0.0,0.0,0.0,0.0,0.19805996,0.0,0.0,0.0,1.2431386,1.7621566,0.0,0.09150265,0.0,1.442265,0.0,0.0,0.0,1.4682668,0.0,0.0,1.1844122,2.5430927,0.3673825,0.0,0.0,0.029923093,2.3180285,0.35399497,0.0,0.0,0.0,0.0,0.0,2.3144467,0.59776723,0.0,0.0,1.3566265,0.0,3.715007,0.0,0.0,0.35656694,0.22376992,0.272624,0.0,2.4684541,0.5597137,0.0,0.0,0.0,1.9353596,0.0,0.0,0.0,1.444527,1.0992002,0.0,1.2061117,0.2840325,0.0,0.0,2.2231038,0.0,0.24015754,2.8987854,1.5677761,0.0,2.7662075,2.4697988,0.0,0.0,2.2678704,0.0,1.6512345,0.0,0.0,0.0,0.0,0.0,2.00213,0.0,1.3956616,0.0,0.0,0.0,0.0,0.0,0.0,1.9481126,1.6422442,0.53846335,0.0,0.0,0.0,0.60293233,2.2544382,0.0,2.7538419,0.984971,0.0,0
0.0,0.0,1.717881,0.65986776,2.339759,0.7720478,0.0,0.0,0.12004857,0.0,0.0,1.1637888,0.022368358,0.13995412,0.0,0.0,0.0,1.1666415,0.0,0.0,0.0,0.0,0.0,1.7796503,0.27386546,0.0,0.0,0.0,0.9327416,0.0,0.0,0.26227215,0.0,0.0,0.0,0.0,0.0,0.07697981,0.0,0.0,1.5447406,0.0,0.2046114,0.23286256,0.0,3.0709863,0.0,0.0,0.0,0.29202768,0.0,0.2932782,0.0,0.0,0.0,0.0,0.48573226,0.0,0.102357395,1.2056651,0.98220336,0.0,0.0,0.0,0.0,0.0,0.24065885,0.0,0.6631619,0.6320538,0.0,2.536333,0.0,0.0,0.75040185,0.0,1.1145139,0.37825033,1.0661042,0.0,0.0,0.0,0.0,0.0,0.6342178,0.0,0.0,1.1272969,0.0,0.0,0.32200986,0.0,0.0,0.0,2.041137,0.39908475,0.20213644,1.362032,0.0,0.044459064,0.012967862,0.0,1.3158433,0.0,1.5702335,0.0,0.0,0.0,0.11920813,1.0454502,0.24440047,0.0,0.31622708,1.463041,0.0,0.07028741,1.7056227,0.67427385,0.05026176,1.6206105,0.0,0.0,0.0,0.0,0.0,0.4398524,0.0,0.0,0.41101396,0.0,0.1391343,1.3885677,0.46619543,0.0,0.6068388,0.0,0.0,0.0,0.0,0.0,0.0,0.0,0.7721335,0.52216023,0.0,0.42182624,0.0,1.3583399,1.687063,0.5605819,0.0,0.0,0.88936603,0.92282027,0.7311225,0.0,0.0,0.0,0.0,0.055060554,0.0,0.0,0.0,1.4138174,1.5398444,0.0,0.48901784,0.12100409,1.5420629,0.0,0.0,0.11901373,1.3372235,0.0,0.0,0.83238965,2.0419362,0.22807173,0.0,0.0,0.3269141,1.8940694,0.28899363,0.0023490943,0.0,0.0,0.0,0.0,1.6528014,0.503739,0.0,0.0,1.0048728,0.0,3.6758337,0.0,0.0,0.11038007,0.74588704,0.35557538,0.99104786,2.3216608,0.62200403,0.0,0.0,0.0,1.6021482,0.0,0.0,0.0,1.1706055,0.9223878,0.0,0.9466116,0.5399443,0.0,0.0,1.4493515,0.0,0.30317974,1.8200641,0.8295432,0.0,2.5738595,1.7417098,0.0,0.0,1.5491943,0.0,0.92785376,0.0,0.0,0.0,0.0,0.0,1.5857948,0.0,1.9184091,0.0,0.0,0.48803276,0.0,0.14449103,0.0,1.4140667,1.6838225,0.37962762,0.0,0.6622516,0.0,0.9261025,1.4822861,0.0,2.9643078,0.42743436,0.0,0
0.0,0.0,1.1717824,0.5789167,0.0,0.32298818,0.9673553,0.0,0.04261738,0.0,0.0,2.4575696,2.0609338,1.6885864,0.0,0.0,0.0,2.5040596,0.0,0.0,0.0,0.0,0.0,2.4715552,0.4201886,0.0,0.15997526,0.0,1.6035808,0.0,0.0,0.6627633,0.0,0.13399906,0.0,0.0,0.0,0.88403386,1.6801182,0.0,1.3736515,0.0,1.3334992,1.2109784,0.0,0.0,0.0,0.0,0.0,2.0098124,0.0,3.023127,0.0,0.0,0.0,0.0,3.1115017,0.0,3.0348587,0.12330391,0.0,0.0,0.0,2.585045,0.0,0.0,2.2411158,0.0,0.0,0.9545178,0.0,0.0,0.0,0.0,0.44403255,0.0,1.3540804,1.3932062,0.0,0.0,0.0,0.0,0.0,0.2684526,1.8716244,0.0,0.0,1.0299804,0.0,0.0,1.598427,0.0,0.0,0.0,3.74996,3.0194116,0.57870036,0.879469,0.0,1.0416774,0.0,0.0,0.50874007,0.0,0.21019134,0.0,0.0,0.0,0.246294,0.0,0.8814538,0.0,1.0911343,0.1557592,0.9510536,3.5702746,0.69312054,1.5336874,0.0,0.0,0.0,0.0,0.0,0.0,0.0,3.4634736,0.0,0.0,1.106781,0.0,0.45461032,2.159257,1.6948584,0.0,0.045177374,0.0,0.0,0.0,0.47931308,0.0,0.0,0.0,1.4200773,0.0,0.5400979,0.54405266,0.0,0.0,0.59249705,0.89551634,0.0,0.0,2.0621681,0.021098072,0.0,0.0,0.0,0.0,0.0,1.1278789,0.0,0.0,0.0,2.693181,0.0,0.0,2.9268491,0.8523258,0.19496696,0.0,0.0,1.8967011,3.1377313,0.0,0.0,0.89944917,0.24091947,2.1998107,0.0,0.0,1.3198701,0.36956668,1.2529771,1.7485422,0.0109962495,0.0,0.24240144,0.0,0.0,0.9623133,0.0,0.09914382,0.120116904,0.0,5.3016257,0.0,0.0,0.0,1.8654273,1.9094203,0.26988664,0.0,1.4957516,0.0,0.0,0.0,0.12579492,0.0,0.0,0.0,0.045639634,0.26724583,0.0,0.61026704,5.0156713,0.0,0.0,0.3763185,0.0,0.3000916,1.075226,0.30139184,0.37539163,0.32391822,1.3126129,0.0,0.0,1.5788289,0.0,0.5935402,0.0,0.0,0.0,0.7734073,0.0,0.5998021,0.11646972,0.0,0.0,0.0,1.200547,0.0,1.5268248,0.0,1.1421123,0.54734445,1.981951,0.0,1.7159269,1.717689,1.9182795,0.14111142,0.0,0.0,0.0,0.0,1
0.0,0.0,1.246097,0.75986683,2.6192577,0.0,0.0,0.0,0.0,0.0,0.0,0.9814576,0.20541416,0.10489639,0.0,0.0,0.0,1.3756676,0.0,0.0,0.0,0.0,0.0,2.045379,0.28102255,0.0,0.22520986,0.0,1.2552786,0.0,0.0,0.080466084,0.0,0.23104446,0.0,0.0,0.0,0.0,0.801341,0.0,1.4149541,0.0,0.0,0.5887335,0.0,2.4245663,0.0,0.0,0.0,1.1865773,0.0,1.0866302,0.0,0.0,0.0,0.0,0.85508955,0.0,0.38228893,1.3276922,1.5056133,0.0,0.0,0.56923133,0.0,0.0,0.6949079,0.0,0.91391283,0.0,0.0,1.5980552,0.0,0.0,1.5600429,0.0,1.1052328,0.57559794,1.3831336,0.0,0.0,0.0,0.0,0.0,0.0,0.0,0.0,1.7033759,0.0,0.0,0.45145425,0.0,0.0,0.0,2.0199656,1.0791347,0.023512853,1.2710556,0.0,0.29459053,0.0,0.0,1.8344669,0.0,2.1793618,0.0,0.0,0.0,0.43382284,0.9222713,0.0,0.0,0.41254053,1.1786524,0.26051575,0.019906312,1.7208377,0.68155164,1.2150843,1.8717611,0.0,0.0,0.0,0.0,0.0,0.17526223,0.03571546,0.0,0.40099096,0.0,0.7678302,1.1435297,0.14648612,0.0,0.6536734,0.0,0.0,0.0,0.0,0.0,0.0,0.0,0.8915344,0.794125,0.14260957,0.33804825,0.0,0.6137086,1.7839193,0.19399373,0.0,0.0,1.1045718,0.92858016,0.80483395,0.0,0.0,0.0,0.0,0.0,0.0,0.0,0.0,0.705165,1.268815,0.14493011,0.20800765,0.3443716,1.9106454,0.0,0.0,0.16338539,1.1503949,0.0,0.0,0.27983016,1.5519319,0.06411504,0.0,0.0,0.0,0.89373934,0.4790403,0.1636667,0.0,0.0,0.0,0.0,1.9272352,0.4636878,0.0,0.0,1.0410495,0.0,3.9815981,0.0,0.0,0.27558902,0.8726264,0.13024983,1.3322141,2.2606764,0.35810724,0.0,0.0,0.0,1.5196503,0.0,0.0,0.0,1.3584247,0.9334879,0.0,0.26877794,0.25515562,0.0,0.0,1.4677082,0.0,1.1135781,1.822471,0.6281072,0.32161862,2.7223012,1.443024,0.0,0.0,1.7805359,0.0,0.54289395,0.0,0.0,0.0,0.6253503,0.0,1.2275983,0.0,1.7653623,0.0,0.0,0.8814984,0.0,0.0,0.0,1.2372546,2.3661,1.0652459,0.0,0.46617377,0.44225878,0.48756316,2.1802533,0.0,1.6130806,0.6728545,0.0,0
0.0,0.0,1.9182844,1.3979086,2.0437787,0.0,0.0,0.0,0.111541644,0.0,0.0,1.5131179,0.15584134,0.20939508,0.0,0.0,0.0,1.0512419,0.0,0.0,0.0,0.0,0.0,1.6674843,0.24414921,0.0,0.23551145,0.0,0.85398394,0.0,0.0,0.0,0.0,1.1060953,0.0,0.0,0.0,0.3889529,0.1958294,0.0,1.36391,0.0,0.36051244,0.7572587,0.0,1.5966781,0.0,0.0,0.0,0.85471153,0.0,0.71841335,0.0,0.0,0.0,0.0,1.1888691,0.0,0.59586775,1.1182815,1.2348574,0.0,0.0,0.24396107,0.0,0.0,0.6933737,0.0,0.35681614,0.20908675,0.0,0.16271818,0.0,0.0,1.5552635,0.0,0.34851196,0.48604852,0.52074605,0.0,0.0,0.0,0.0,0.0,0.26823664,0.0,0.0,1.4792595,0.0,0.0,0.75681406,0.0,0.0,0.0,1.7488406,0.7499487,0.27864873,1.265799,0.0,0.54348,0.03743521,0.0,1.560478,0.0,1.4569795,0.0,0.0,0.0,0.6522128,0.63766605,0.38475963,0.0,0.0,0.4114338,0.2308608,0.93064535,1.6196128,0.7273258,0.7898633,1.1990256,0.0,0.0,0.0,0.0,0.0,1.0328534,0.0,0.0,0.56255716,0.0,0.4366072,1.0193638,0.91633904,0.0,0.081877835,0.0,0.0,0.0,0.6709593,0.0,0.0,0.0,0.7241289,0.9019865,0.5120884,0.31768605,0.0,0.2901085,1.3799644,0.34805247,0.0,0.0,0.8506777,0.91810983,1.1347917,0.0,0.0,0.0,0.0,0.48684698,0.0,0.0,0.0,1.0422902,0.50336456,0.0,0.29436806,0.19778864,1.3916737,0.0,0.0,0.26660162,1.132367,0.0,0.0,0.13324696,1.3903544,1.2666161,0.0,0.0,0.35594177,1.4256507,0.52003163,0.38062152,0.0,0.0,0.0,0.0,1.5572737,0.5008281,0.0,0.0,0.50264466,0.0,3.4206228,0.0,0.0,0.0,1.0659935,0.9179767,1.1355764,1.2384133,0.4088795,0.0,0.0,0.0,1.0202142,0.0,0.0,0.0,0.8477222,0.36358112,0.0,0.770862,0.5915887,0.0,0.0,1.0149486,0.0,0.76116717,1.2335703,0.8495744,0.72066176,2.092947,1.1322205,0.0,0.0,1.551399,0.0,1.2366343,0.0,0.0,0.0,0.29732692,0.0,0.70340407,0.7787449,1.3762171,0.0,0.0,0.60020715,0.0,0.603311,0.0,1.0269653,1.7579495,1.2918017,0.0,0.6701245,0.13377646,0.30910665,1.6547227,0.0,0.72293425,0.49958327,0.0,0
0.0,0.0,1.1587721,0.15855646,0.24936187,0.0,1.3329909,0.0,0.0,0.0,0.0,1.5949845,2.0089839,1.7705013,0.12273468,0.0,0.0,2.2108169,0.0,0.0,0.0,0.0,0.0,1.878434,0.38430646,0.0,0.0,0.0,1.5518104,0.0,0.0,0.71980846,0.0,0.0,0.0,0.0,0.0,0.7222602,1.4132093,0.0,1.4182929,0.0,1.5115176,1.6890664,0.0,0.22424075,0.0,0.0,0.0,1.2923235,0.0,2.624754,0.0,0.0,0.0,0.0,2.6290784,0.0,2.3865795,0.6802906,0.0,0.0,0.0,2.1146777,0.0,0.0,1.5604379,0.0,0.0,0.81648755,0.0,0.31744665,0.0,0.0,0.0,0.0,1.8098737,1.3113364,0.0,0.0,0.0,0.0,0.0,0.9555584,1.9387344,0.0,0.0,0.89127594,0.0,0.0,2.051798,0.0,0.0,0.0,3.0164614,2.366207,0.0,0.6582205,0.0,0.72891873,0.09352998,0.0,0.28414154,0.0,0.70535797,0.0,0.0,0.0,0.006887775,0.0,0.9242307,0.0,1.0343535,0.0,1.749189,3.4179842,0.81031567,1.3273752,0.0,0.31222558,0.0,0.011782516,0.0,0.0,0.0,3.4661496,0.0,0.0,0.6272007,0.0,0.16177298,1.724078,1.7262232,0.0,0.0,0.0,0.0,0.0,0.035502903,0.0,0.0,0.0,1.3683511,0.21951723,0.18117955,0.11833878,0.0,0.0,0.7513774,0.67383975,0.0,0.0,2.0017672,0.49210194,0.46377268,0.0,0.0,0.0,0.0,1.6049564,0.0,0.0,0.0,1.9157271,0.0,0.0,2.6199813,1.1148963,0.25281557,0.0,0.0,1.3247613,2.8333304,0.0,0.0,0.7352058,0.6290174,2.036498,0.0,0.0,0.8626931,0.089231975,1.0239155,1.624199,0.3585396,0.0,0.32954293,0.0,0.29511198,0.7223273,0.0,0.5311394,0.0,0.0,4.830658,0.0,0.0,0.0,1.3108412,1.2828873,0.21900955,0.07260934,1.9230223,0.0,0.0,0.0,0.465831,0.0,0.0,0.0,0.34615546,0.21461938,0.0,0.0,4.610644,0.0,0.0,0.06335077,0.0,0.41586384,1.060526,0.5689475,0.39239967,0.5529173,0.9720052,0.0,0.0,1.0221766,0.0,0.26232293,0.0,0.0,0.0,0.84235567,0.0,0.60494775,0.22762088,0.078185625,0.0,0.0,1.0518519,0.0,0.87202245,0.0,0.87659293,0.30198792,1.0731424,0.0,1.441875,1.595408,1.6901708,0.0,0.0,0.0,0.0,0.0,1
0.0,0.0,1.24789,0.0,0.25270948,0.40037042,1.3985296,0.0,0.291941,0.0,0.0,2.0417569,2.0221884,2.0701132,0.0,0.0,0.0,2.4988418,0.0,0.0,0.0,0.0,0.0,1.9182246,0.9380649,0.0,0.012084388,0.0,1.7513155,0.0,0.0,0.84845585,0.0,0.0,0.0,0.0,0.0,0.82579917,2.1808515,0.0,1.7804888,0.0,0.64468557,1.2096499,0.0,0.754861,0.0,0.0,0.0,1.6767985,0.0,2.6504087,0.0,0.0,0.0,0.0,2.973613,0.0,3.571819,0.53609765,0.0,0.0,0.0,2.4657233,0.0,0.0,1.3773001,0.0,0.0,0.6592894,0.0,0.4317733,0.0,0.0,0.0,0.0,1.5365504,1.6055247,0.0,0.0,0.0,0.0,0.0,0.32073322,1.438914,0.0,0.0,0.6761987,0.0,0.0,2.3869603,0.0,0.0,0.0,3.0095925,3.1087904,0.10032062,0.5735444,0.0,0.5890034,0.0043923035,0.0,0.23977433,0.0,0.4997607,0.0,0.0,0.0,0.0,0.0,1.4257832,0.0,0.74226964,0.29931593,1.7571204,3.3504894,0.14378916,1.0696867,0.0,0.41790915,0.0,0.0,0.0,0.0,0.0,3.4628398,0.0,0.0,1.1858071,0.0,0.0,2.1376717,1.8379598,0.0,0.21024863,0.0,0.0,0.0,0.06839467,0.0,0.0,0.0,1.9674397,0.21451384,0.0,0.41907945,0.0,0.070337325,1.0474119,1.3416885,0.0,0.0,1.9952246,0.19966537,0.0,0.0,0.0,0.0,0.0,0.54453415,0.0,0.0,0.0,2.688294,0.0,0.0,3.1587431,1.0124788,0.070041195,0.0,0.0,1.981511,3.258033,0.0,0.0,0.8661252,0.19764139,2.69845,0.0,0.0,1.8425435,0.0,1.0722632,2.6310935,0.0,0.0,0.0,0.0,0.24537998,0.6663542,0.0,0.08627981,0.4727925,0.0,5.0907907,0.0,0.0,0.018889915,1.8670092,2.239655,0.21712711,0.20639405,2.2528064,0.0,0.0,0.0,0.29001322,0.0,0.0,0.0,0.3948955,0.12455546,0.0,0.3828916,5.4064593,0.0,0.0,0.0,0.0,0.19018558,0.4881425,0.16159117,0.13261846,0.8840785,0.96247613,0.0,0.0,0.8892978,0.0,0.58003134,0.0,0.0,0.0,1.4444479,0.0,0.9252147,0.0,0.0,0.0,0.0,1.8575639,0.0,1.5841458,0.0,0.7807959,1.1922944,1.4886822,0.0,1.8288555,1.559226,2.1193163,0.7627643,0.0,0.33728477,0.0,0.0,1
0.0,0.0,0.70342207,0.7090347,0.32344326,0.0,1.2560724,0.0,0.0,0.0,0.0,1.658178,1.6926954,1.5485158,0.0,0.0,0.0,2.3168669,0.0,0.0,0.0,0.0,0.0,1.9880093,0.5127062,0.0,0.0,0.0,1.4506816,0.0,0.0,0.6704764,0.0,0.0,0.0,0.0,0.0,0.7818341,1.2265221,0.0,1.4591943,0.0,1.234383,1.1278566,0.0,0.0,0.0,0.0,0.0,1.7512149,0.0,2.2386487,0.0,0.0,0.0,0.0,2.7049441,0.0,2.5427804,0.12078341,0.0,0.0,0.0,2.1094797,0.0,0.0,2.0361128,0.0,0.08280944,1.2770497,0.0,0.25594607,0.0,0.0,0.43601677,0.0,1.7103,1.1859611,0.0,0.0,0.0,0.0,0.0,0.5309794,1.6118616,0.0,0.0,1.1135746,0.0,0.0,1.5001408,0.0,0.0,0.0,3.4733138,2.3629568,0.30194867,1.2084379,0.0,0.9143885,0.058561362,0.0,0.83044827,0.0,0.46111712,0.0,0.0,0.0,0.0,0.0,0.80804414,0.0,1.3095253,0.0,0.97771955,3.4752903,0.6878382,1.0317067,0.0,0.0,0.0,0.0,0.0,0.0,0.0,3.1454227,0.0,0.0,0.7742336,0.0,0.335231,1.8308377,1.8191383,0.0,0.0,0.0,0.0,0.0,0.25460848,0.0,0.0,0.0,1.2662597,0.115365624,0.42338166,0.3631076,0.0,0.0,0.92653364,0.7724634,0.0,0.0,1.8105111,0.3366323,0.14069445,0.0,0.0,0.0,0.0,1.2640631,0.0,0.0,0.0,2.0332415,0.0,0.0,3.0421011,0.9825943,0.3297406,0.0,0.0,1.3673259,2.7831318,0.0,0.0,0.4385274,0.82808596,1.7948924,0.0,0.0,1.2634475,0.5026665,1.1306221,1.4701984,0.0,0.0,0.1279094,0.0,0.3868598,0.80507964,0.0,0.22268136,0.4270389,0.0,5.158971,0.0,0.0,0.0,1.7140758,1.3901772,0.74630976,0.2818186,1.5188653,0.0,0.0,0.0,0.56146806,0.0,0.0,0.0,0.37293965,0.1027148,0.0,0.0,4.2411537,0.0,0.0,0.502364,0.0,0.6485646,1.2214018,0.26508248,0.5460291,0.9649974,1.5757378,0.0,0.0,1.3212771,0.0,0.6672054,0.0,0.0,0.0,0.8763627,0.0,0.31231394,0.2243723,0.0,0.0,0.0,1.3027794,0.0,1.2197497,0.23932312,1.3873895,0.44394156,1.356853,0.0,1.0278188,1.4868131,1.5692186,0.39777413,0.0,0.25713572,0.0,0.0,1
0.0,0.0,0.61764455,0.3792712,0.36746505,0.0,0.5216577,0.0,0.21540383,0.0,0.0,1.65312,2.2074301,1.126821,0.0,0.0,0.0,2.4085655,0.0,0.0,0.0,0.0,0.0,1.7961247,0.20955363,0.0,0.0,0.0,1.6378725,0.0,0.0,0.77302617,0.0,0.0,0.0,0.0,0.0,0.80119896,1.9802152,0.0,0.96738106,0.0,1.0425118,1.2863668,0.0,0.3795975,0.0,0.0,0.0,1.2747415,0.0,2.3574767,0.0,0.0,0.0,0.0,2.5874593,0.0,2.6964984,0.4108875,0.10661595,0.15780815,0.0,2.2270336,0.0,0.0,1.3840235,0.0,0.0,0.70370585,0.0,0.33007374,0.0,0.0,0.0,0.0,1.7994386,1.4548963,0.0,0.0,0.0,0.0,0.0,0.857838,1.2405125,0.0,0.0,0.95193416,0.0,0.0,1.5023677,0.0,0.0,0.0,3.3260689,2.4973388,0.0,0.8012092,0.0,0.7843374,0.0,0.0,0.0,0.0,0.7454949,0.0,0.0,0.0,0.0,0.0,0.976707,0.0,0.96492463,0.045203347,1.3418186,3.1188319,0.39103267,1.1314703,0.0627458,0.26762813,0.0,0.0,0.0,0.0,0.0,3.353002,0.0,0.0,0.3988337,0.10668351,0.042380054,1.9654179,1.7956915,0.0,0.10972294,0.0,0.0,0.0,0.25426573,0.0,0.0,0.0,2.1070302,0.2775854,0.8309014,0.0,0.0,0.24909571,0.73909754,0.81065136,0.0,0.0,1.8316525,0.643215,0.0,0.0,0.0,0.0,0.0,1.3068715,0.0,0.0,0.0,2.4890685,0.008043394,0.0,2.6559527,0.9288173,0.19229971,0.0,0.0,1.1089666,2.703936,0.0,0.0,1.2041543,0.47762302,2.4324508,0.0,0.0,1.3602103,0.45320973,0.97659206,1.8415505,0.0,0.0,0.0,0.0,0.25282043,1.096468,0.0,0.4125794,0.0,0.0,5.118154,0.0,0.0,0.0,1.7362683,1.4783719,0.14208335,0.0,1.3993303,0.0,0.0,0.0,0.6386742,0.0,0.0,0.0,0.0,0.06091552,0.0,0.5580111,4.6058097,0.0,0.0,0.10794449,0.0,0.0,0.3804072,0.044068094,0.18055128,1.1038107,0.43623552,0.0,0.0,1.5907565,0.0,0.080866314,0.0,0.0,0.0,0.67188627,0.0,0.6817513,0.0,0.0,0.0,0.0,0.78706104,0.0,1.0206406,0.0,0.5228636,0.9730342,1.4206922,0.0,1.3184394,1.5000176,1.8823043,0.38746116,0.0,0.39218637,0.0,0.0,1
0.0,0.0,1.2255563,0.7426474,1.903239,0.0,0.0,0.0,0.3863139,0.0,0.0,0.5944233,0.5561463,0.4692047,0.0,0.0,0.0,0.9231379,0.0,0.0,0.0,0.0,0.0,1.598123,0.29357475,0.0,0.2538273,0.014812687,0.51983935,0.0,0.0,0.24069223,0.0,0.34359267,0.0,0.0,0.0,0.1725602,0.75609523,0.0,1.1016982,0.0,0.36175206,0.7800965,0.0,1.2041855,0.0,0.0,0.0,0.94970524,0.0,0.43758917,0.0,0.0,0.0,0.0,1.2030749,0.0,0.34169143,1.0861466,0.60863864,0.0,0.0,0.71174276,0.0,0.0,0.55392784,0.0,1.2663645,0.1482211,0.0,0.28144094,0.0,0.0,0.4723361,0.0,0.81446654,0.4924771,0.6288455,0.0,0.0,0.0,0.0,0.0,0.40175527,0.0,0.0,1.0023115,0.0,0.0,0.3040429,0.0,0.0,0.0,1.429487,0.68913823,0.0,1.4138162,0.026297914,0.14369561,0.0,0.0,1.4011996,0.0,1.3197126,0.0,0.0,0.0,0.18923824,0.31041613,0.074060425,0.0,0.0,0.75794214,0.31500465,1.332573,1.9807414,1.0786762,0.9011394,1.1209598,0.0,0.0,0.0,0.0,0.0,1.3184192,0.0,0.0,0.24750614,0.0,0.09804378,0.976712,0.62798905,0.0,0.3229871,0.0,0.0,0.0,0.0,0.0,0.0,0.0,0.77186835,0.33889407,0.4035172,0.5804983,0.0,0.76628464,1.6671283,0.2553736,0.0,0.0,0.6319729,0.26840168,0.73286307,0.0,0.0,0.0,0.0,0.13346066,0.0,0.0,0.0,0.93093216,0.5194396,0.0,0.31610647,0.36424834,1.1925782,0.011305956,0.0,0.40909246,0.8394202,0.0,0.0,0.0,1.140809,1.0305198,0.0,0.0,0.058522295,0.72952354,0.15195414,0.34921482,0.0,0.0,0.13278426,0.0,1.4257516,0.0007917176,0.0,0.0,0.5638902,0.0,3.3141897,0.0,0.0,0.24760075,0.9581172,0.84881276,0.9609569,1.1649568,0.6999952,0.0,0.0,0.0,0.8510582,0.0,0.0,0.0,1.0727246,0.5515399,0.0,0.44410166,0.9698454,0.0,0.0,0.73891973,0.0,0.9785057,0.6314632,0.39821142,0.8003516,1.7032936,0.9897143,0.0,0.0,1.9695821,0.0,0.39180198,0.0,0.0,0.0,0.4532247,0.0,0.6260513,0.15259436,1.3431077,0.0,0.0,0.6333284,0.0,0.17570089,0.0,0.7392718,1.2504095,0.7938403,0.0,0.47609043,0.5780936,0.48571992,1.215763,0.0,0.9456743,0.27675733,0.0,0
0.0,0.0,1.3562877,1.3987297,2.133371,0.0,0.0,0.0,0.64763397,0.0,0.0,1.1579589,0.35590243,0.26988858,0.0,0.0,0.0,1.4225531,0.0,0.0,0.0,0.0,0.0,2.0640996,0.10033572,0.0,0.48717538,0.0,0.8920057,0.0,0.0,0.31479582,0.0,1.3067532,0.0,0.0,0.0,0.07556645,0.6399954,0.0,1.0573874,0.0,0.19624032,0.57777923,0.0,1.5038444,0.0,0.0,0.0,0.9613381,0.0,0.6076455,0.0,0.0,0.0,0.0,1.556325,0.0,1.2656711,1.1222602,1.0185503,0.0,0.0,0.9497692,0.0,0.0,0.36159354,0.0,1.1996709,0.41472355,0.0,0.0,0.0,0.0,1.3398612,0.0,1.0575632,0.27316314,0.8570029,0.0,0.0,0.0,0.0,0.3370384,0.41222513,0.0,0.0,1.8215796,0.0,0.0,0.3665592,0.0,0.0,0.0,2.042328,0.9643326,0.0,1.6461469,0.0,0.4526241,0.0,0.0,1.6045425,0.0,1.8494104,0.0,0.0,0.0,0.8801137,0.9759617,0.40590388,0.0,0.29781583,0.25668547,0.5837417,1.495907,2.3102038,1.3052918,1.4592643,1.341862,0.0,0.0,0.0,0.0,0.0,1.2316909,0.0,0.0,0.21841884,0.0,0.35949954,0.76898843,1.1089766,0.0,0.59725773,0.0,0.0,0.0,0.056869395,0.0,0.0,0.0,1.3237811,0.6289105,0.4579697,0.57877,0.0,0.27579513,1.8354951,0.40707928,0.0,0.0,1.0323447,0.37393492,0.910137,0.0,0.0,0.0,0.0,0.16454749,0.0,0.0,0.0,0.9803501,0.9518546,0.0,0.34834793,0.47155926,1.3045335,0.0,0.0,0.52442694,1.4637506,0.0,0.0,0.2316311,1.6227791,1.2508359,0.0,0.0,0.14509965,1.1971459,0.15955707,0.7182244,0.0,0.0,0.0,0.0,1.6543508,0.2317047,0.0,0.0,0.22379166,0.0,3.9803002,0.0,0.0,0.38491994,1.2035851,0.8675988,0.9630945,1.2451376,0.6722833,0.0,0.0,0.0,1.0588269,0.0,0.0,0.0,0.8641549,0.63188285,0.0,0.24498755,1.1891338,0.0,0.0,0.6465549,0.0,1.0859052,1.0925289,0.7049498,0.90044147,1.8389462,0.89481163,0.0,0.0,1.5880901,0.0,0.7882706,0.0,0.0,0.0,0.37473568,0.0,1.142384,0.574247,1.5427096,0.0,0.0,0.122010164,0.0,0.39599663,0.0,0.8978885,1.4344593,0.93104,0.0,0.19182914,0.37835023,0.7097972,1.4831793,0.0,0.9857354,0.5250697,0.0,0
0.0,0.0,0.7886072,0.8470132,2.0143306,0.0,0.021085484,0.0,0.3180768,0.0,0.0,0.4858601,0.09371607,0.50786895,0.3528403,0.0,0.0,0.73479027,0.0,0.0,0.06555337,0.0,0.0,1.637942,0.023839738,0.0,0.019961767,0.0,0.6456915,0.0,0.0,0.14188525,0.0,0.0,0.0,0.0,0.0,0.041543383,0.24090874,0.0,1.423887,0.0,0.69774866,0.5238313,0.0,1.6588954,0.0,0.0,0.0,0.6675449,0.0,0.5200563,0.0,0.0,0.0,0.0,0.7687752,0.0,0.79476076,1.1792649,0.872237,0.0,0.0,0.70418954,0.0,0.0,0.7408469,0.0,0.592621,0.47361794,0.0,1.0135436,0.0,0.0,1.0446217,0.0,1.1257944,0.044079017,0.8614517,0.0,0.0,0.0,0.0,0.074251555,0.16078907,0.0,0.0,1.3428862,0.0,0.0,0.20421454,0.0,0.0,0.0,1.8859286,0.40659368,0.06812514,0.76521826,0.0,0.0,0.21896009,0.0,1.1708454,0.0,0.98553294,0.0,0.0,0.07795018,0.31069347,0.76433533,0.32258022,0.0,0.10507834,0.67711145,0.39556718,0.680727,1.6088866,0.6529181,0.695607,1.1491191,0.0,0.0,0.0,0.0,0.0,1.0264473,0.0,0.0,0.36265254,0.0,0.11858499,1.0973268,0.7149119,0.0,0.29790926,0.0,0.0,0.0,0.0,0.0,0.0,0.0,0.6982596,0.72185063,0.030069252,0.06668086,0.0,0.6683188,1.7871866,0.326205,0.0,0.0,0.779228,0.63735294,0.540051,0.0,0.0,0.0,0.0,0.09340631,0.0,0.0,0.0,0.9473069,0.8743247,0.0,0.7068695,0.05962183,1.1042324,0.0,0.0,0.4758544,0.68895525,0.0,0.0,0.21476945,1.2523679,0.6192344,0.0,0.0,0.19459157,0.97883004,0.5253738,0.039223745,0.0,0.0,0.0,0.0,1.4803165,0.31115967,0.0,0.0,0.39665592,0.0,3.257525,0.0,0.0,0.08773364,0.95824057,0.7979858,0.8061817,1.1976385,0.25667453,0.0,0.0,0.0,1.2844292,0.0,0.0,0.0,0.8708778,0.6981785,0.0,0.39772728,0.785533,0.0,0.0,0.5652523,0.0,0.87099546,1.2493123,0.6945562,0.21806255,1.8547124,1.3978676,0.0,0.0,1.0960894,0.0,0.5795744,0.0,0.0,0.0,0.49525565,0.0,0.5755965,0.3337395,1.4067246,0.0,0.0,0.1542909,0.0,0.0,0.0,1.0457672,1.2940116,0.31731755,0.0,0.43979526,0.59937936,0.4171278,1.107015,0.0,1.2563459,0.39850554,0.0,0
0.0,0.0,0.66250837,0.0,0.48366413,0.6064325,1.052481,0.0,0.0,0.0,0.0,1.5441912,1.4323065,1.0680583,0.0,0.0,0.0,1.9890655,0.0,0.0,0.0,0.0,0.0,1.6536802,0.5233449,0.0,0.0,0.0,1.4943167,0.0,0.0,0.44394532,0.0,0.0,0.0,0.0,0.0,0.57077736,1.3948926,0.0,1.6173052,0.0,0.8471538,0.9135485,0.0,0.19395053,0.0,0.0,0.0,1.3644689,0.0,2.0118146,0.0,0.0,0.0,0.0,2.1765513,0.0,1.7766944,0.1327962,0.0,0.0,0.0,1.936404,0.0,0.0,1.9638356,0.0,0.0,1.3121687,0.0,0.8713612,0.0,0.0,0.17396118,0.0,1.8073962,1.3766347,0.0,0.0,0.0,0.0,0.0,0.25488773,1.3551669,0.0,0.0,0.68474376,0.0,0.0,1.4855402,0.0,0.0,0.0,2.8826256,2.4765606,0.5704139,0.65897673,0.0,0.49274814,0.19036411,0.0,0.52686656,0.0,0.19397587,0.0,0.0,0.08660008,0.0,0.0,0.8264888,0.0,0.8023949,0.47884107,1.1787037,2.5078878,0.52409804,0.8489408,0.0,0.20549472,0.0,0.0,0.0,0.0,0.0,2.8184736,0.0,0.0,0.7776216,0.0,0.17826782,1.6894667,1.6401683,0.0,0.0,0.0,0.0,0.0,0.003961691,0.0,0.0,0.0,1.113162,0.1435219,0.28697222,0.2742877,0.0,0.7264552,0.5412345,0.84463423,0.0,0.0,1.7110521,0.4805115,0.050540883,0.0,0.0,0.0,0.0,0.6693757,0.0,0.0,0.0,2.4606328,0.061274037,0.0,2.2984474,0.8274632,0.12107368,0.0,0.0,1.0316354,2.3878748,0.0,0.0,0.6259625,0.3563285,1.6121207,0.0,0.0,1.1715266,0.60591507,1.329469,1.2202249,0.0,0.0,0.0,0.0,0.23814002,0.7048764,0.0,0.0,0.48807374,0.0,4.092174,0.0,0.0,0.1373644,1.5712838,1.7018477,0.33947405,0.40659884,1.6870558,0.0,0.0,0.0,0.6073667,0.0,0.0,0.0,0.30397308,0.17996947,0.0,0.5650094,3.86164,0.0,0.0,0.30277395,0.0,0.1047225,1.0733777,0.3114642,0.0,0.3627237,1.2563014,0.0,0.0,1.5070007,0.0,0.5051716,0.0,0.0,0.0,0.66264254,0.0,0.80805814,0.0,0.0,0.0,0.0,1.1058991,0.0,0.49671388,0.11899137,0.98844075,0.2291509,1.5111988,0.0,1.3940449,1.3176794,1.8172187,0.14990632,0.0,0.61675435,0.0,0.0,1
0.0,0.0,0.801715,0.09339933,0.55791175,0.0,0.8196133,0.0,0.0,0.0,0.0,1.668628,3.2465816,1.5557511,0.0,0.0,0.0,2.25869,0.0,0.0,0.0,0.0,0.0,2.816709,0.0,0.0,0.0,0.0,0.13804239,0.0,0.0,0.27295268,0.0,0.0,0.0,0.0,0.0,0.3570125,1.8665894,0.0,1.0503038,0.0,0.0,1.2478381,0.0,0.4437689,0.0,0.0,0.0,0.9458522,0.0,2.3822234,0.0,0.2486383,0.0,0.0,2.9365466,0.0,2.1677585,1.008885,0.0,1.0275099,0.0,2.3118603,0.0,0.0,0.3764178,0.0,0.0,1.3054931,0.0,0.54613584,0.0,0.0,0.0,0.0,1.845019,1.2650433,0.0,0.0,0.0,0.0,0.0,0.28849694,0.53086555,0.0,0.0,0.74411684,0.0,0.0,1.7774724,0.0,0.0,0.0,2.7256732,3.0219266,0.0,2.2564673,0.0,0.76154315,0.0,0.0,0.33149657,0.0,1.3506694,0.0,0.0,0.0,0.72496337,0.09697023,1.0896449,0.0,1.8436277,1.2698642,1.6108274,3.8762028,0.55465966,1.6692928,0.036103092,0.4583665,0.0,0.0,0.0,0.18510929,0.0,3.4362032,0.0,0.0,0.4541099,0.0,0.19949798,1.4710218,1.7079428,0.0,0.13913572,0.0,0.0,0.0,0.8449971,0.0,0.0,0.0,2.350795,0.8626252,0.65404755,1.188062,0.0,0.0,1.8498418,0.774579,0.0,0.0,1.6388315,0.0,0.6928504,0.0,0.0,0.0,0.0,0.79268193,0.0,0.0,0.0,3.1435518,0.117824,0.0,1.9556966,1.0197921,0.13720758,0.0,0.0,2.2186003,2.0564308,0.0,0.0,1.4103272,0.6571077,1.1820725,0.0,0.03921463,0.6855954,0.083750494,0.5024301,2.4175332,0.764813,0.0,0.0,0.0,0.5844844,0.31964776,0.0,0.0,0.031648412,0.0,5.7062464,0.0,0.0,0.0,0.2272121,0.8130463,0.16285619,1.1932027,2.129023,0.0,0.0,0.0,0.33712104,0.0,0.0,0.0,0.15581954,0.010420491,0.25619394,0.0,4.8628826,0.0,0.28488362,0.70772344,0.0,0.69084245,0.0,0.38327998,1.1202431,0.07375622,1.3452343,0.0,0.0,2.8425014,0.0,0.0,0.0,0.0,0.10255883,1.3640317,0.0,1.8782039,0.57396626,0.2926604,0.0,0.0,1.5785685,0.0,0.5268073,0.0,0.4645437,0.54659563,1.0356116,0.0,1.6578624,1.3039889,2.437847,0.44612038,0.0,0.62833405,0.051901363,0.0,1
0.0,0.0,1.058471,1.4837626,2.0967102,0.0,0.0,0.0,0.368524,0.0,0.0,1.2889367,0.30400854,0.13169613,0.0,0.0,0.0,1.4240134,0.0,0.0,0.0,0.0,0.0,1.9649978,0.0,0.0,0.43989053,0.0,0.82745403,0.0,0.0,0.0,0.0,0.99158716,0.0,0.0,0.0,0.31482372,0.4801028,0.0,1.3703421,0.0,0.7407788,0.6454657,0.0,1.035543,0.0,0.0,0.0,0.91647625,0.0,1.012556,0.0,0.0,0.0,0.0,1.4436864,0.0,0.9791748,1.0267652,1.0418043,0.0,0.0,0.7701744,0.0,0.0,0.84470826,0.0,1.0410537,0.38585645,0.0,0.0,0.0,0.0,1.542146,0.0,0.7057362,0.3013159,0.86868536,0.0,0.0,0.0,0.0,0.15390143,0.39590126,0.0,0.0,1.3148218,0.0,0.0,0.38199893,0.0,0.0,0.0,2.2067175,0.94686574,0.0,1.7193469,0.0,0.3203509,0.0,0.0,1.4624214,0.0,1.1931552,0.0,0.0,0.0,1.017969,0.9693474,0.0,0.0,0.37947467,0.15622783,0.5086385,0.94999033,2.0994604,1.5269862,1.1755191,1.1661431,0.0,0.0,0.0,0.0,0.0,0.9158421,0.0,0.0,0.30839062,0.0,0.33641687,1.3193612,0.5052558,0.0,0.45876023,0.0,0.0,0.0,0.35783044,0.0,0.0,0.0,0.8133634,0.4088567,0.4412705,0.6828323,0.0,0.581149,1.537706,0.3311718,0.0,0.0,1.03407,0.9099447,0.9243588,0.0,0.0,0.0,0.0,0.44186288,0.0,0.0,0.0,1.4352982,0.41016042,0.0,0.43506145,0.07841949,1.4404439,0.0,0.0,0.06475547,1.3983023,0.0,0.0,0.35513267,1.1649053,0.8415005,0.0,0.0,0.49182355,1.306113,0.72015965,0.3434426,0.0,0.0,0.0,0.0,1.4785942,0.66212404,0.0,0.0,0.47740602,0.0,4.2710867,0.0,0.0,0.0,0.6071805,0.40523985,1.5876415,1.4721335,0.17619881,0.0,0.0,0.0,0.58700895,0.0,0.0,0.0,0.8205196,0.650703,0.0,0.48823383,1.1219366,0.0,0.0,0.99648494,0.0,1.538034,1.2939419,0.58481586,0.7996984,1.9150634,1.1554844,0.0,0.0,1.1967514,0.0,0.71442384,0.0,0.0,0.0,0.6093302,0.0,0.8405451,0.983009,1.3638502,0.0,0.0,0.35824212,0.0,0.18167368,0.05016672,0.9761183,1.627724,1.0702268,0.0,0.5704341,0.57375807,0.3392837,1.4279263,0.0,1.3189919,0.58751,0.0,0
0.0,0.0,0.87933254,0.31147322,0.6491135,0.14536934,1.14471,0.0,0.0,0.0,0.0,1.7936678,1.6144555,1.4344171,0.0,0.0,0.0,1.9811603,0.0,0.0,0.0,0.0,0.0,1.6194096,0.5376597,0.0,0.0,0.0,1.291324,0.0,0.0,0.5873051,0.0,0.0,0.0,0.0,0.0,0.66232955,1.4960204,0.0,1.6605302,0.0,1.2190874,1.278032,0.0,0.0,0.0,0.0,0.0,1.4985561,0.0,2.2840729,0.0,0.0,0.0,0.0,2.734002,0.0,2.3533514,0.5393496,0.0,0.016959256,0.0,2.1636915,0.0,0.0,1.620139,0.0,0.21420796,1.0742017,0.0,0.4075793,0.0,0.0,0.16582084,0.0,1.5612173,1.2150513,0.15414189,0.0,0.0,0.0,0.0,0.6055236,1.5656066,0.0,0.0,0.7378929,0.0,0.0,1.6862574,0.0,0.0,0.0,3.0995398,2.753205,0.0,0.7336277,0.0,0.8338265,0.0,0.0,0.5779364,0.0,0.43918782,0.0,0.0,0.0,0.30205,0.0,1.1050624,0.0,0.98567325,0.0,1.3053888,3.1560223,0.88775146,1.1320962,0.0,0.23127905,0.0,0.0,0.0,0.0,0.0,3.211178,0.0,0.0,0.6482947,0.0,0.2936854,1.9541631,1.7961295,0.0,0.0,0.0,0.0,0.0,0.1721097,0.0,0.0,0.0,1.5673524,0.26890057,0.08505881,0.0,0.0,0.10419765,0.80311507,0.7296508,0.0,0.0,2.0692914,0.51185375,0.14227994,0.0,0.0,0.0,0.0,1.122042,0.0,0.0,0.0,2.2412667,0.0,0.0,2.5972507,1.0024316,0.012029756,0.0,0.0,1.1991234,2.5767648,0.0,0.0,0.707176,0.43572688,1.74341,0.0,0.0,1.0448352,0.10022461,1.048244,1.6884639,0.40263045,0.0,0.0,0.0,0.21262138,0.6489595,0.0,0.073156506,0.14353374,0.0,4.9077873,0.0,0.0,0.0,1.2901413,1.4626026,0.41749474,0.10005159,1.5645539,0.0,0.0,0.0,0.4753166,0.0,0.0,0.0,0.31814355,0.1338207,0.0,0.4519203,4.1867757,0.0,0.0,0.074541,0.0,0.51148623,1.1130476,0.28972876,0.30047968,0.58888024,1.1165622,0.0,0.0,0.99858814,0.0,0.33613575,0.0,0.0,0.0,1.0335484,0.0,0.72854245,0.14102423,0.0,0.0,0.0,1.0255674,0.0,0.52809876,0.0,0.66551083,0.3555554,1.2864199,0.0,1.3831421,1.7674154,1.6992264,0.041534536,0.0,0.091732726,0.0,0.0,1
0.0,0.0,1.7401745,1.7498436,1.898833,0.052422374,0.2019916,0.0,0.0,0.0,0.0,1.5091122,0.28353408,0.52656025,0.0,0.0,0.0,0.68019485,0.0,0.0,0.0,0.06678425,0.0,2.007909,0.0,0.0,0.0,0.0,0.6286229,0.0,0.0,0.0,0.0,1.1808968,0.0,0.0,0.0,0.23554362,0.05580415,0.0,1.6165434,0.0,0.9586058,0.63688016,0.0,2.0877223,0.0,0.0,0.0,1.0469006,0.0,0.5691763,0.0,0.0,0.0,0.0,0.9303905,0.0,0.99821705,0.0,1.0772269,0.0,0.0,0.35340074,0.0,0.0,0.74666286,0.0,0.46463796,0.0,0.0,0.64568007,0.0,0.0,1.630364,0.0,0.7259462,0.4989359,0.7926117,0.0,0.0,0.0,0.0,0.093978554,0.0,0.0,0.0,1.8401637,0.0,0.0,0.26363695,0.0,0.0,0.0,1.7027165,0.3529137,0.48901993,1.5839032,0.0,0.06457944,0.5090234,0.0,1.7650843,0.0,1.3657491,0.0,0.0,0.0,0.16972172,1.2037444,0.0,0.0,0.41156113,0.07498806,0.07270342,0.9282396,1.1307172,1.1669061,0.68596524,0.95642877,0.0,0.0,0.0,0.0,0.0,0.5782031,0.0,0.0,0.0,0.0,0.4413583,1.2617812,1.0143543,0.0,0.09634065,0.0,0.0,0.0,0.27712345,0.0,0.0,0.0,1.3999846,0.6716641,0.6614403,0.43237722,0.0,0.08698261,1.438001,0.06823506,0.0,0.39978653,0.7288807,0.543019,0.5337674,0.0,0.0,0.0,0.0,0.49207503,0.0,0.0,0.0,0.78470767,1.5076214,0.0,0.38427544,0.0,1.2232791,0.0,0.0,0.515243,1.5676956,0.0,0.0,0.34997082,1.2843249,1.2447733,0.0,0.0,0.44304752,1.786114,0.17380288,0.0684108,0.0,0.0,0.0,0.0,1.3768994,0.20928459,0.0,0.0,0.5289115,0.0,3.5701349,0.0,0.0,0.0,1.3664681,0.83961844,1.6605713,1.2374474,0.18656145,0.0,0.0,0.0,1.0299033,0.0,0.0,0.0,1.2111982,0.37676764,0.0,0.7533613,0.69976735,0.0,0.0,1.4569874,0.0,0.8129784,1.0962869,1.1968418,0.07380059,2.2806892,1.2062572,0.0,0.0,1.3387756,0.0,0.8821333,0.0,0.0,0.0,0.16158079,0.0,0.5239682,0.7157721,1.8326654,0.0,0.0,0.35890314,0.0,0.17658648,0.018898956,1.9751353,1.5890706,0.7026299,0.0,0.29092392,0.025780506,0.015957072,1.6665146,0.0,1.0810202,0.26944536,0.0,0
0.0,0.0,1.4436862,1.2466606,2.7674935,0.0,0.0,0.0,0.5616821,0.0,0.0,0.7403905,0.77280843,0.16455752,0.39077923,0.0,0.0,1.4518552,0.0,0.0,0.0,0.0,0.0,2.0210521,0.13737893,0.0,0.23507598,0.0,0.29558396,0.0,0.0,0.303253,0.0,0.19395988,0.0,0.0,0.0,0.0,0.3448066,0.0,1.8272659,0.0,0.0,0.77934456,0.0,2.4093547,0.0,0.0,0.0,0.3346316,0.0,0.48379254,0.0,0.0,0.0,0.0,1.6322187,0.0,0.529031,1.5900668,1.2287724,0.0,0.0,0.84911025,0.0,0.0,0.6154177,0.0,1.5643657,0.0,0.0,1.4279388,0.0,0.0,1.3559357,0.0,1.3609802,0.46923956,0.964735,0.0,0.0,0.0,0.0,0.19225217,0.0,0.0,0.0,0.8860297,0.0,0.0,0.2877792,0.0,0.0,0.0,2.115718,0.66298026,0.0,2.1251369,0.0,0.0154189635,0.0,0.0,1.494359,0.0,1.7385259,0.0,0.0,0.0,0.7815624,1.0096135,0.30184197,0.0,0.0,0.9785901,0.82248217,0.2662113,2.958681,1.034155,1.6711711,1.6950845,0.0,0.0,0.0,0.0,0.0,0.7657603,0.0,0.0,0.16329694,0.0,0.21537443,0.8840415,0.6654167,0.0,0.40902948,0.0,0.0,0.0,0.0062542944,0.0,0.0,0.0,1.5825646,1.3369874,0.56805146,0.499438,0.0,0.8528846,2.583555,0.59451646,0.0,0.0,0.978181,0.32452923,1.3610014,0.0,0.0,0.0,0.0,0.0,0.0,0.0,0.0,1.1574099,1.4918166,0.0,0.6067566,0.18037866,1.262183,0.0,0.114606686,0.29872727,1.535444,0.0,0.0,0.7648784,2.1174793,0.8156544,0.0,0.0,0.23615374,1.4188876,0.41233656,0.98285127,0.25403303,0.0,0.0,0.0,1.899597,0.0,0.0,0.0,0.7374416,0.0,4.243326,0.0,0.0,0.62818575,1.2765359,0.44430786,0.8974164,2.3900225,0.43278724,0.0,0.0,0.0,1.5404931,0.0,0.0,0.0,1.3483192,0.5350044,0.0,0.13253023,0.7959958,0.0,0.0,0.4562278,0.0,1.5596664,1.3795878,0.443933,0.84810126,1.6833625,1.0332054,0.0,0.0,1.9234114,0.0,0.09031943,0.0,0.0,0.0,0.64794743,0.0,1.6882741,0.59928954,2.095382,0.0,0.0,0.26405615,0.0,0.2928747,0.0,0.9947776,1.383109,0.54714584,0.0,0.13339883,0.3590568,0.99017274,1.538479,0.0,1.425984,0.6939858,0.0,0
0.0,0.0,0.69413936,0.3277975,0.96990365,0.0,0.9983294,0.0,0.09069434,0.0,0.0,1.3738422,2.0220706,1.3236812,0.0,0.0,0.0,1.7475595,0.0,0.0,0.0,0.0,0.0,1.5571573,0.4373074,0.0,0.0,0.0,1.4136292,0.0,0.0,0.34144393,0.0,0.0,0.0,0.0,0.0,0.5895247,1.4384443,0.0,1.3071138,0.0,0.6376587,0.8695242,0.0,0.43421173,0.0,0.0,0.0,1.3250471,0.0,2.4174936,0.0,0.0,0.0,0.0,2.373034,0.0,2.1144814,0.29526255,0.0,0.0,0.0,2.118895,0.0,0.0,1.3059863,0.0,0.123161234,0.77330196,0.0,0.73910815,0.0,0.0,0.1574594,0.0,1.6561993,1.3823551,0.056941845,0.0,0.0,0.0,0.0,0.39006484,1.3632575,0.0,0.0,0.75967073,0.0,0.0,1.844397,0.0,0.0,0.0,2.9421215,2.3152082,0.0,0.93899757,0.0,0.3056808,0.19576077,0.0,0.46423733,0.0,0.54128474,0.0,0.0,0.0,0.24320234,0.0,0.74229854,0.0,0.527715,0.3769131,1.2841363,2.7800665,0.44122794,0.9496673,0.0,0.2224571,0.0,0.0,0.0,0.0,0.0,2.8430088,0.0,0.0,0.55200136,0.0,0.0,1.3353416,1.6892902,0.0,0.12572524,0.0,0.0,0.0,0.12470464,0.0,0.0,0.0,1.2889166,0.25430924,0.21974713,0.0,0.0,0.23940966,1.1314461,0.88314706,0.0,0.0,1.9695951,0.22247992,0.11762544,0.0,0.0,0.0,0.0,0.8723981,0.0,0.0,0.0,2.263589,0.13212363,0.0,2.6753495,0.9338454,0.0,0.0,0.0,0.9605353,2.0004041,0.0,0.0,0.4088108,0.4882625,1.2326504,0.0,0.0,1.1278193,0.24583808,1.047149,1.4903585,0.0,0.0,0.0,0.0,0.37563935,0.80970734,0.0,0.0,0.076529704,0.0,4.4041715,0.0,0.0,0.044730853,1.2384943,1.3556418,0.16357681,0.15047762,1.4984355,0.0,0.0,0.0,0.42641023,0.0,0.0,0.0,0.18056244,0.22099058,0.0,0.29566005,3.724266,0.0,0.0,0.17189433,0.0,0.45188326,0.77144784,0.59947264,0.26793608,0.80458504,0.9478487,0.0,0.0,1.1066288,0.0,0.41396266,0.0,0.0,0.0,1.3931786,0.0,0.6343164,0.0,0.36029467,0.0,0.0,1.1897582,0.0,0.53265107,0.0,0.6016907,0.50377786,1.1363637,0.0,1.4948528,1.4524012,1.4829564,0.42226675,0.0,0.37694654,0.0,0.0,1
0.0,0.0,1.1213716,1.5038086,2.328497,0.0,0.0,0.0,0.55623966,0.0,0.0,1.2426379,0.7292283,0.09808304,0.0,0.0,0.0,1.240045,0.0,0.0,0.0,0.0,0.0,1.9150877,0.14615542,0.0,0.0,0.0,0.14069536,0.0,0.0,0.0,0.0,0.0,0.0,0.0,0.0,0.0,0.0,0.0,1.4266297,0.0,0.44662362,0.31228504,0.0,2.8880281,0.0,0.0,0.0,0.816474,0.0,0.011703534,0.0,0.0,0.0,0.0,0.7678051,0.0,0.2072878,1.5789272,1.1063524,0.0,0.0,0.1446447,0.0,0.0,0.26267204,0.0,1.2937838,0.39136508,0.0,1.5945151,0.0,0.0,1.2224898,0.0,1.5762504,0.017562406,0.57119215,0.0,0.0,0.0,0.0,0.0,0.22893351,0.0,0.0,0.85730565,0.0,0.0,0.0,0.0,0.0,0.0,2.0372813,0.3615716,0.0,1.534918,0.0,0.039174248,0.0,0.058874637,1.1215966,0.0,1.6442066,0.0,0.0,0.0,0.6360116,1.4372704,0.29753894,0.0,0.0020273235,1.4389149,0.0,0.5828224,2.174188,0.98027706,1.1539677,1.8153377,0.0,0.0,0.0,0.0,0.0,0.8044322,0.0,0.0,0.0,0.0,0.09246173,1.2515879,1.1273775,0.0,0.6585721,0.0,0.0,0.0,0.0,0.0,0.0,0.0,0.83147955,0.57380825,0.085767135,0.84787875,0.0,1.1765476,2.2209876,0.40888,0.0,0.0,0.5460146,0.69103205,0.9769947,0.0,0.0,0.0,0.0,0.15711872,0.0,0.0,0.0,1.2118645,1.2870883,0.0,0.0,0.08098976,1.9035298,0.0,0.004847486,0.38079888,1.2364595,0.0,0.0,0.18881798,1.8884928,0.36609092,0.0,0.0,0.40105265,1.7848547,0.03304484,0.46454883,0.13956934,0.0,0.0,0.0,1.8812159,0.15919435,0.0,0.3694209,0.7403412,0.0,3.2435696,0.0,0.0,0.0,0.64955145,0.21461943,0.93371016,2.1442986,0.5187654,0.0,0.0,0.0,1.5760736,0.0,0.0,0.0,1.8066952,1.0458978,0.0,0.0,0.2592071,0.0,0.0,0.7920317,0.0,1.1850357,1.6350827,1.3205876,0.7751066,2.0580297,1.5592489,0.0,0.0,2.4028888,0.0,0.24339731,0.0,0.0,0.0,0.16787861,0.0,1.2134845,0.09222739,2.249351,0.0,0.0,0.0,0.0,0.2828393,0.0,1.561124,1.4741737,0.3568165,0.0,0.8699324,0.24813703,0.58633995,1.5141071,0.0,1.7272109,1.0056355,0.0,0
0.0,0.0,1.1024615,0.47288755,0.67200017,0.0,1.3300132,0.0,0.17916837,0.0,0.0,1.5655987,1.6950382,1.2616538,0.012930881,0.0,0.0,2.35636,0.0,0.0,0.0,0.0,0.0,1.7918847,0.5126511,0.0,0.112774335,0.0,1.280784,0.0,0.0,0.5900253,0.0,0.29422224,0.0,0.0,0.0,0.6369443,1.3427336,0.0,1.560513,0.0,0.80457836,1.3609296,0.0,0.089324534,0.0,0.0,0.0,1.5688587,0.0,2.0017462,0.0,0.0,0.0,0.0,2.7607503,0.0,2.3834867,0.774951,0.0,0.0,0.0,2.048104,0.0,0.0,1.3918774,0.0,0.35171738,0.74858403,0.0,0.03332015,0.0,0.0,0.36514208,0.0,1.3194995,1.0996932,0.1801988,0.0,0.0,0.0,0.0,0.5282499,1.6884202,0.0,0.0,1.1944795,0.0,0.0,2.0317717,0.0,0.0,0.0,2.9755976,2.5805957,0.0,0.91092765,0.0,0.6331468,0.042385854,0.0,0.58535355,0.0,0.6979288,0.0,0.0,0.07205241,0.28344238,0.0,1.0264342,0.0,0.7448444,0.03263435,1.1326253,3.009176,1.2616999,1.0340083,0.5274693,0.33223534,0.0,0.0,0.0,0.0,0.0,2.9736943,0.0,0.0,0.67811835,0.0,0.23710261,1.6370136,1.5023649,0.0,0.1916619,0.0,0.0,0.0,0.37931085,0.0,0.0,0.0,1.5318733,0.11486846,0.29881978,0.019252079,0.0,0.05049151,1.2136465,0.7848009,0.0,0.0,1.8714191,0.3628893,0.34018227,0.0,0.0,0.0,0.0,1.0039126,0.0,0.0,0.0,2.2483575,0.0,0.0,2.4072413,0.98365116,0.29871023,0.0,0.0,1.1756175,2.5795624,0.0,0.0,0.3758185,0.7904706,1.4926656,0.0,0.0,1.0270278,0.20127675,1.1256962,1.3768332,0.0,0.0,0.21144436,0.0,0.427341,0.6467162,0.0,0.05882443,0.0,0.0,4.9726586,0.0,0.0,0.0,1.705028,1.4547913,0.68661654,0.053645164,1.4853337,0.0,0.0,0.0,0.43421218,0.0,0.0,0.0,0.4623495,0.20320661,0.0,0.23721708,3.7768912,0.0,0.0,0.06904314,0.0,0.9045379,0.42305,0.33716488,0.6964879,0.7869279,1.0449849,0.0,0.0,1.2769217,0.0,0.36867455,0.0,0.0,0.0,1.1076308,0.0,0.3909897,0.4733043,0.34628344,0.0,0.0,0.8915294,0.0,0.67989355,0.0,0.8365279,1.1822342,1.4635286,0.0,1.514216,1.2757795,1.36244,0.31433204,0.0,0.23952304,0.0,0.0,1
0.0,0.0,1.7403146,1.6051973,3.4032865,0.0,0.0,0.0,0.74593824,0.0,0.0,1.1319959,0.9192405,0.8673591,0.37381116,0.0,0.0,2.526537,0.0,0.0,0.0,0.0,0.0,2.7582927,0.0,0.0,0.0,0.0,0.69590104,0.0,0.0,0.0,0.0,0.58656144,0.0,0.0,0.0,0.0,0.0,0.0,1.9357669,0.0,0.0,0.74865055,0.0,3.1235943,0.0,0.0,0.0,0.48112854,0.0,0.0,0.0,0.0,0.0,0.0,1.0174447,0.0,0.1403,2.0898757,1.1479697,0.0,0.0,0.9912663,0.0,0.0,0.094928235,0.0,1.5562742,0.0,0.0,0.9742882,0.0,0.0,0.8749072,0.06218581,0.68931615,0.0,0.7427189,0.0,0.0,0.0,0.0,0.0,0.64428425,0.0,0.0,1.2314161,0.0,0.0,0.3692151,0.0,0.0,0.0,2.4510055,0.64899415,0.0,2.8700755,0.0,0.16416247,0.0,0.0,1.2707857,0.0,1.7715898,0.0,0.0,0.0,1.7868792,2.06295,0.85808027,0.0,0.03709528,1.3486043,0.18882743,0.32428953,2.9563534,1.6309984,1.4839492,1.7192935,0.0,0.0,0.0,0.066688925,0.0,0.5677972,0.0,0.0,0.0,0.0,0.16147028,1.0901921,0.23961864,0.0,1.6885614,0.0,0.0,0.0,0.47935227,0.0,0.0,0.0,1.4266893,1.353309,0.5243897,1.0342327,0.0,0.46375048,2.1628087,0.44705483,0.1588236,0.0,1.1079377,0.33633316,2.4084616,0.0,0.0,0.0,0.0,0.49734366,0.0,0.0,0.0,1.069383,1.9460012,0.0,1.0122285,0.29017237,1.9137913,0.0,0.0,0.8497855,1.1167117,0.0,0.0,1.098223,3.074028,0.0,0.0,0.0,0.13327219,2.619591,0.6298562,0.3071212,0.62817717,0.0,0.0,0.0,2.1222024,0.54532075,0.0,0.33351764,0.09928112,0.0,5.4065104,0.0,0.0,0.0,0.21454395,0.013532304,1.6209581,2.8076754,0.2522043,0.0,0.0,0.0,0.9546289,0.0,0.0,0.0,1.3457818,1.25317,0.0,0.40764722,0.0,0.0,0.0,0.7749386,0.0,2.3532937,1.3136362,1.2427909,1.0734754,2.3841763,1.6349323,0.0,0.0,2.025298,0.0,0.6650584,0.0,0.0,0.0,1.1000255,0.0,1.4785134,0.5007808,3.4965816,0.0,0.0,0.38701633,0.0,0.4339754,0.0,1.7916123,2.7015595,0.68014276,0.0,0.5501918,0.5580733,0.0,1.4397367,0.0,2.610095,0.6011891,0.0,0
0.0,0.0,1.3118616,0.7849813,2.1451297,0.0,0.0,0.0,0.6486794,0.0,0.0,0.3134801,0.23905192,0.0,0.0,0.0,0.0,1.0419672,0.0,0.0,0.0,0.0,0.0,1.3029921,0.11881517,0.0,0.24246046,0.0,0.76382864,0.0,0.0,0.20507264,0.0,0.46990505,0.0,0.0,0.0,0.06655942,0.14775878,0.0,1.4191644,0.0,0.300273,0.19665986,0.0,1.63636,0.0,0.0,0.0,0.3541225,0.0,0.0,0.0,0.0,0.0,0.0,0.93883723,0.0,0.38604823,1.5952852,0.6991863,0.0,0.0,0.16318837,0.0,0.0,0.5509384,0.0,0.7755282,0.3012142,0.0,0.93105483,0.0,0.0,0.9210472,0.0,0.89273447,0.0,0.9917307,0.0,0.0,0.0,0.0,0.0,0.0,0.0,0.0,1.185542,0.0,0.0,0.0,0.0,0.0,0.0,1.5390642,0.210018,0.0,1.2448641,0.10310161,0.1577778,0.0,0.0,1.3012836,0.0,1.6018356,0.0,0.0,0.0,0.17322268,0.3560576,0.15692618,0.0,0.0,0.7256697,0.2877225,0.17280857,1.5542618,0.88564825,1.0697454,1.1963407,0.0,0.0,0.0,0.0,0.0,0.5612429,0.0,0.0,0.112980954,0.0,0.08081313,1.1670831,0.32451397,0.0,0.2699524,0.0,0.0,0.0,0.41261888,0.0,0.0,0.0,0.5307413,0.5636019,0.17422628,0.06711407,0.0,0.9962841,2.0645878,0.32409164,0.0,0.0,0.73766285,0.5211904,0.84016246,0.0,0.0,0.0,0.0,0.38996124,0.0,0.0,0.0,0.8579867,1.0106571,0.0,0.33331144,0.19639744,1.4914625,0.0,0.0,0.038528927,0.64820194,0.0,0.0,0.112388074,1.2448666,0.40161029,0.0,0.0,0.028849315,1.1061653,0.6942875,0.28824806,0.0,0.0,0.0,0.0,1.597287,0.35029075,0.0,0.0,0.5218574,0.0,3.356943,0.0,0.0,0.15241261,0.7380157,0.6210451,0.82425445,1.2989862,0.40497786,0.0,0.0,0.0,0.956186,0.0,0.0,0.0,0.8788926,0.5729552,0.0,0.45622402,0.27157608,0.0,0.0,1.0051023,0.0,1.0977706,1.0009593,0.4702435,0.68968195,1.8113922,1.3041915,0.0,0.0,1.4212008,0.0,0.5141878,0.0,0.0,0.0,0.38684624,0.0,0.3346936,0.033385888,1.2920295,0.0,0.0,0.0,0.0,0.0,0.0,0.91062707,1.8090693,0.4325522,0.0,0.2732994,0.5508571,0.3061973,1.3103501,0.0,1.0431988,0.3374971,0.0,0
0.0,0.0,1.0115117,0.29303592,1.3913053,0.0,0.44049188,0.0,0.16465217,0.0,0.0,1.3657987,1.4985042,1.0581852,0.11214571,0.0,0.0,2.2153106,0.0,0.0,0.0,0.0,0.0,1.8126739,0.29795277,0.0,0.0,0.0,1.2541622,0.0,0.0,0.69735515,0.0,0.0,0.0,0.0,0.0,0.4119801,1.1828471,0.0,1.2691804,0.0,0.97345227,0.63723207,0.0,0.39856872,0.0,0.0,0.0,1.226502,0.0,1.706282,0.0,0.0,0.0,0.0,1.9923726,0.0,1.6194428,0.61231405,0.43766025,0.0,0.0,1.7668312,0.0,0.0,0.7334635,0.0,0.3803789,0.84439796,0.0,0.29805383,0.0,0.0,0.39469326,0.0,1.4154673,0.93598264,0.0,0.0,0.0,0.0,0.0,0.60924417,1.0305214,0.0,0.0,0.8264599,0.0,0.0,1.3303843,0.0,0.0,0.0,2.6636105,2.1116781,0.0,0.91429144,0.0,0.53823227,0.0,0.0,0.31819475,0.0,1.0795128,0.0,0.0,0.0,0.15702634,0.30174097,0.7853667,0.0,0.8586374,0.21509574,0.7930245,2.2426348,1.0511756,1.1206025,0.3892158,0.4777664,0.0,0.0,0.0,0.0,0.0,2.7350242,0.0,0.0,0.5532515,0.0,0.13251539,1.9227465,1.869756,0.0,0.18200211,0.0,0.0,0.0,0.060195602,0.0,0.0,0.0,1.4199677,0.46553028,0.5030375,0.0,0.0,0.44088876,0.785613,0.77640355,0.0,0.0,1.470308,0.19963098,0.14239718,0.0,0.0,0.0,0.0,0.9842673,0.0,0.0,0.0,1.9518465,0.26655704,0.0,1.5562279,0.61935806,0.41735497,0.0,0.0,0.9166411,2.2139604,0.0,0.0,0.5501769,0.86905885,1.724059,0.0,0.0,1.0053518,0.2667907,0.3833583,1.5710951,0.0,0.0,0.0,0.0,0.51506275,0.69335276,0.0,0.3326186,0.15646377,0.0,4.901143,0.0,0.0,0.0,1.7153084,1.5094411,0.6243842,0.34216145,1.2953249,0.0,0.0,0.0,0.63742137,0.0,0.0,0.0,0.27279738,0.5590922,0.0,0.23946537,3.3800364,0.0,0.0,0.050898682,0.0,0.02969123,0.82897764,0.3950231,0.56650716,1.187631,1.0979669,0.0,0.0,1.5179284,0.0,0.42436874,0.0,0.0,0.0,0.70416456,0.0,0.5050691,0.0,0.48540568,0.0,0.0,0.5058887,0.0,0.4589625,0.0,0.8025492,0.8436753,1.1534445,0.0,0.91232365,1.3260782,1.0970097,0.9643259,0.0,0.29337403,0.24479404,0.0,1
0.0,0.0,0.849539,0.10724802,1.0265447,0.0,0.0,0.0,0.13885778,0.0,0.0,2.055179,2.602889,0.5785755,0.0,0.0,0.0,2.192698,0.0,0.0,0.0,0.0,0.0,2.1096444,0.0,0.0,0.2117599,0.0,0.17664562,0.0,0.0,0.3764338,0.0,0.0,0.0,0.0,0.0,0.07110151,1.4567176,0.0,0.8655878,0.0,0.023192953,0.95257604,0.0,0.85331935,0.0,0.0,0.0,1.4034941,0.0,1.841947,0.0,0.7072973,0.0,0.0,1.9887873,0.0,1.7909155,1.3648506,0.048044674,0.8513086,0.0,1.840056,0.0,0.0,0.0,0.0,0.16113812,1.5473769,0.0,0.8135674,0.0,0.0,0.0,0.0,2.0894327,0.750985,0.05205206,0.0,0.0,0.0,0.0,0.9784772,0.63286173,0.0,0.0,0.96788377,0.0,0.0,1.1175109,0.0,0.0,0.0,2.3659365,2.6418073,0.0,1.690763,0.5727713,0.8471559,0.0,0.0,0.7738397,0.0,1.6473243,0.0,0.0,0.0,0.6464154,0.89311624,0.9630902,0.0,1.4900743,1.6076554,1.7767453,3.2147217,0.55730826,1.199035,0.5152253,0.7577921,0.0,0.0,0.0,0.0,0.0,3.119878,0.0,0.0,0.0,0.0,0.4467362,1.6966976,1.5386648,0.0,0.59734267,0.0,0.0,0.0,0.17079596,0.0,0.0,0.0,2.0106492,0.65806085,0.8929207,0.65052456,0.0,0.36510414,1.4322538,0.70079297,0.0,0.0,1.9846314,0.0,0.7151043,0.0,0.0,0.0,0.0,1.1505609,0.0,0.0,0.0,2.1836925,0.065038875,0.0,0.98028785,0.6073364,0.0012334471,0.0,0.0,1.7109202,2.114857,0.0,0.0,0.9237361,0.45004028,0.9097799,0.0,0.0,0.68640625,0.27404082,0.43863332,2.1075778,0.0,0.0,0.0,0.0,1.0363547,0.41183004,0.0,0.0,0.0,0.0,5.2614336,0.0,0.0,0.0,0.5619199,0.8657846,0.26483622,0.94528466,1.5297574,0.0,0.0,0.0,0.23536858,0.0,0.0,0.0,0.49536198,0.33619037,0.044674024,0.24546911,3.89684,0.0,0.0,0.46758333,0.0,1.7203541,0.080179065,0.44319358,0.6798579,0.5679556,1.3835388,0.0,0.0,2.265482,0.0,0.0,0.0,0.0,0.0,0.9079569,0.0,1.1975576,0.019499935,0.98299795,0.0,0.0,0.17159443,0.0,0.43840405,0.0,0.5310074,1.1790608,1.1354991,0.0,1.7047197,1.0099916,1.1635633,0.5444968,0.0,1.0324069,0.57191694,0.0,1
0.0,0.0,0.7981814,0.21898465,0.66574156,0.32776225,1.0599879,0.0,0.13070393,0.0,0.0,2.0233874,1.3246405,1.0948333,0.0,0.0,0.0,2.1882734,0.0,0.0,0.0,0.032945234,0.0,1.9948424,0.36104086,0.0,0.0,0.0,1.4167784,0.0,0.0,0.62560874,0.0,0.0,0.0,0.0,0.0,0.64557844,1.3550591,0.0,1.3925942,0.0,0.8525841,1.1854403,0.0,0.6213558,0.0,0.0,0.0,1.0071176,0.0,2.1465673,0.0,0.0,0.0,0.0,2.1210136,0.0,1.9493592,0.3944511,0.19406028,0.0,0.0,1.7684865,0.0,0.0,1.4465153,0.0,0.0,1.0027332,0.0,0.47345152,0.0,0.0,0.48892328,0.0,1.5396391,1.0923631,0.070430554,0.0,0.0,0.0,0.0,0.35088575,1.3914119,0.0,0.0,0.75154823,0.0,0.0,1.1892534,0.0,0.0,0.0,3.3044696,2.3563054,0.08160494,0.7370535,0.0,0.53693527,0.008527912,0.0,0.51418227,0.0,0.30586016,0.0,0.0,0.0,0.04402374,0.07454392,0.94584745,0.0,0.5999856,0.51587343,1.0789961,2.6656458,0.8649322,0.833977,0.057996504,0.72969806,0.0,0.0,0.0,0.0,0.0,2.4897633,0.0,0.0,0.74035716,0.0,0.0,1.7442753,1.4787573,0.0,0.2892487,0.0,0.0,0.0,0.13046761,0.0,0.0,0.0,1.3618829,0.04007298,0.7809898,0.011790292,0.0,0.4988471,0.9742527,0.7149431,0.0,0.0,1.7184073,0.52939117,0.573955,0.0,0.0,0.0,0.0,0.8430572,0.0,0.0,0.0,2.2937884,0.0,0.0,2.0842896,0.62889755,0.31030452,0.0,0.0,0.9454979,2.4512198,0.0,0.0,0.7648684,0.90610635,2.1003678,0.0,0.0,0.8599787,0.42927352,0.99408495,1.6686167,0.0,0.0,0.0,0.0,0.54938954,0.96037877,0.0,0.0,0.17161879,0.0,4.1747313,0.0,0.0,0.0,1.3521292,1.8554668,0.032474548,0.060768314,1.3984385,0.0,0.0,0.0,0.40639982,0.0,0.0,0.0,0.2862121,0.41098002,0.0,0.73168606,3.604144,0.0,0.0,0.117134064,0.0,0.09708601,1.0406675,0.3452493,0.44727173,0.7557604,0.95471734,0.0,0.0,1.4374397,0.0,0.65930635,0.0,0.0,0.0,0.5078739,0.0,0.5576111,0.3222585,0.29687288,0.0,0.0,1.0302743,0.0,0.7694758,0.0,0.9682586,0.7213227,1.4665847,0.0,1.4374604,1.1502812,1.7591486,0.4198861,0.0,0.6136624,0.18346013,0.0,1
0.0,0.0,1.1160779,0.4503297,0.7667704,0.0,1.2916809,0.0,0.56851876,0.0,0.0,1.7735335,1.2794186,1.1913021,0.2109453,0.0,0.0,2.3213642,0.0,0.0,0.0,0.0,0.0,1.6981257,0.39821392,0.0,0.15588763,0.0,1.2888204,0.0,0.0,0.65762115,0.0,0.1528425,0.0,0.0,0.0,0.6530279,1.5517169,0.0,1.6471757,0.0,0.8340718,0.9040767,0.0,0.14961997,0.0,0.0,0.0,1.6049801,0.0,1.8634993,0.0,0.0,0.0,0.0,2.2749305,0.0,2.207549,0.9760829,0.0,0.0,0.0,2.1493049,0.0,0.0,1.1475705,0.0,0.8623961,0.8855149,0.0,0.08498862,0.0,0.0,0.13790993,0.0,1.453108,1.4488727,0.096429266,0.0,0.0,0.0,0.0,0.27729994,1.7079068,0.0,0.0,0.8970704,0.0,0.0,1.3533303,0.0,0.0,0.0,3.194409,2.2388947,0.0,1.2455107,0.0,0.50814176,0.0,0.0,0.53232384,0.0,0.89094037,0.0,0.0,0.18001908,0.29481313,0.20395395,0.93963385,0.0,0.6463396,0.26645353,1.2474259,2.0749476,1.3401247,1.2481387,0.666243,0.4304704,0.0,0.0,0.0,0.0,0.0,2.915928,0.0,0.0,0.8217412,0.0,0.2600786,1.7710766,1.3296204,0.0,0.32401797,0.0,0.0,0.0,0.11892552,0.0,0.0,0.0,1.7120821,0.36072862,0.13039716,0.66181856,0.0,0.06469646,1.2295572,0.9911053,0.0,0.0,1.8432791,0.18880153,0.3381202,0.0,0.0,0.0,0.0,0.66351527,0.0,0.0,0.0,2.18862,0.025320636,0.0,2.4690888,0.7066277,0.35658526,0.0,0.0,1.1082958,2.25767,0.0,0.0,0.43812963,0.57003826,1.8913147,0.0,0.0,1.4643481,0.49702373,1.0456376,1.646911,0.0,0.0,0.0,0.0,0.6569617,0.3080671,0.0,0.09054373,0.11230662,0.0,4.9155545,0.0,0.0,0.0,1.7777944,1.4665179,0.42148596,0.5052023,1.383132,0.0,0.0,0.0,0.32063654,0.0,0.0,0.0,0.44561237,0.104783796,0.0,0.0,3.7026541,0.0,0.0,0.22590679,0.0,1.196146,0.6843776,0.0,0.72487754,0.84570783,1.123068,0.0,0.0,1.5142089,0.0,0.31535384,0.0,0.0,0.0,1.2274636,0.0,0.60835034,0.32982448,0.29007506,0.0,0.0,0.72838604,0.0,0.87840986,0.0,1.016215,1.0210578,1.2420166,0.0,1.1226904,1.1333127,1.121157,0.20183669,0.0,0.6578016,0.0,0.0,1
0.0,0.0,1.0056509,1.3268797,2.3703449,0.0,0.0,0.0,0.5097551,0.0,0.0,0.6887458,0.32015622,0.123571716,0.0,0.0,0.0,1.093003,0.0,0.0,0.0,0.0,0.0,1.7481374,0.17251131,0.0,0.6077591,0.0,0.6739954,0.0,0.0,0.050083335,0.0,0.8854344,0.0,0.0,0.0,0.054480404,0.4715912,0.0,1.3259186,0.0,0.20204046,0.6689033,0.0,1.5319871,0.0,0.0,0.0,0.8016989,0.0,0.57582814,0.0,0.0,0.0,0.0,1.255287,0.0,0.21520461,1.5626867,1.0681729,0.0,0.0,0.6734905,0.0,0.0,0.53925246,0.0,1.7013258,0.040159333,0.0,0.21440686,0.0,0.0,0.7342926,0.0,0.64847034,0.28898898,1.0647354,0.0,0.0,0.0,0.0,0.0,0.2763191,0.0,0.0,1.4315686,0.0,0.0,0.0,0.0,0.0,0.0,1.6964259,0.6661758,0.0,1.8177456,0.39073968,0.4389978,0.0,0.0,2.0603573,0.0,1.4885978,0.0,0.0,0.016005035,0.79971486,0.68394345,0.1230408,0.0,0.077619575,0.52754486,0.21185717,0.7672735,2.5991328,0.7067253,1.5380479,1.3866999,0.0,0.0,0.0,0.0,0.0,1.2043846,0.0,0.0,0.3604827,0.0,0.27721664,0.9676059,0.68991643,0.0,0.35990438,0.0,0.0,0.0,0.0,0.0,0.0,0.0,1.0592428,0.7251354,0.4792184,0.6849586,0.0,0.60834384,1.591941,0.12554774,0.10017011,0.0,0.7445484,0.36301696,1.2770721,0.0,0.0,0.0,0.0,0.004891504,0.0,0.0,0.0,0.7587365,0.67326564,0.0,0.23117171,0.2603106,1.5239338,0.0,0.0,0.25620157,0.39212802,0.0,0.0,0.0,1.3731391,0.8148871,0.0,0.0,0.10161544,0.85178363,0.76923525,0.2693859,0.0,0.0,0.0,0.0,1.5936729,0.0,0.0,0.0,0.8031802,0.0,3.7146275,0.0,0.0,0.07035746,1.2565043,0.7850924,1.2471195,1.6465976,0.28676215,0.0,0.0,0.0,0.82180995,0.0,0.0,0.0,1.2959734,0.5337259,0.0,0.7916555,0.34409314,0.0,0.0,1.16473,0.0,1.5790346,0.77961725,0.44170684,0.8239281,2.3107357,1.2007575,0.0,0.0,1.4974432,0.0,0.59952813,0.0,0.0,0.0,0.34899467,0.0,0.65901196,0.65206975,1.4723724,0.0,0.0,0.27927527,0.0,0.4554026,0.0,0.7181149,1.6022366,0.7874222,0.0,0.50444496,0.4120526,0.08009128,1.6910546,0.0,1.088031,0.34336022,0.0,0
0.0,0.0,0.9409987,0.14578028,1.5007727,0.0,0.6528718,0.0,0.29753384,0.0,0.0,1.7254167,2.4490569,1.535312,0.0,0.0,0.0,2.3122835,0.0,0.0,0.0,0.0,0.0,2.003285,0.48579657,0.0,0.26062718,0.032333415,1.028897,0.0,0.0,0.75427026,0.0,0.0,0.0,0.0,0.0,0.39048234,1.9527305,0.0,1.231295,0.0,0.5775229,1.3918344,0.0,0.58513933,0.0,0.0,0.0,1.3836161,0.0,2.033657,0.0,0.0,0.0,0.0,2.4396472,0.0,1.9705826,1.1462224,0.08531111,0.11611984,0.0,2.1725895,0.0,0.0,1.0630987,0.0,0.29468012,0.57682735,0.0,0.026066516,0.0,0.0,0.0,0.0,1.7695093,1.9539009,0.099293806,0.0,0.0,0.0,0.0,0.7761222,1.0724695,0.0,0.0,1.0829791,0.0,0.0,1.3069514,0.0,0.0,0.0,2.6022668,2.4972458,0.0,0.9754561,0.0,0.7110029,0.0,0.0,0.3580865,0.0,1.3624917,0.0,0.0,0.0,0.0,0.0,0.63163924,0.0,0.8588832,0.1351309,1.6672555,2.8212302,1.5631946,0.72804815,0.59624165,0.96237576,0.0,0.0,0.0,0.0,0.0,3.1023629,0.0,0.0,0.9258151,0.0,0.4459711,1.5561177,1.678563,0.0,0.08867874,0.0,0.0,0.0,0.0,0.0,0.0,0.0,2.0497286,0.008551898,0.12720719,0.112904206,0.0,0.42004675,1.298208,0.4977545,0.0,0.0,1.9966466,0.070561044,0.6784495,0.0,0.0,0.0,0.0,0.4141037,0.0,0.0,0.0,2.2747393,0.22594987,0.0,1.8529181,0.77272344,0.33925426,0.0,0.0,1.4746855,2.7870295,0.0,0.0,0.5133737,0.3027869,1.978904,0.0,0.0,0.9992883,0.22879373,1.0359151,2.2974563,0.09226972,0.0,0.27744353,0.0,0.8862598,0.5381843,0.0,0.41265213,0.028874815,0.0,4.9733887,0.0,0.0,0.38905358,1.9226658,1.572335,0.68393093,0.7830872,1.888814,0.0,0.0,0.0,0.41427317,0.0,0.0,0.0,0.561077,0.18217535,0.0,0.19687583,3.701095,0.0,0.0,0.2420837,0.0,0.5850972,0.5130988,0.07472824,0.50043124,0.78620225,0.670233,0.0,0.0,1.5681533,0.0,0.123735584,0.0,0.0,0.0,0.89408666,0.0,0.7927782,0.10354952,0.16175312,0.0,0.0,0.76296836,0.0,1.1171005,0.0,0.8045928,0.87765294,1.6484652,0.0,1.4886029,1.3529923,1.7019237,0.91145056,0.0,0.20488964,0.0,0.0,1
0.0,0.0,1.3866904,0.0,0.93983084,0.0,0.69155025,0.0,0.0,0.0,0.0,1.2817439,1.6944335,1.2168937,0.0,0.0,0.0,1.5729706,0.0,0.0,0.0,0.0,0.0,1.6831025,0.387547,0.0,0.0,0.06709025,1.347481,0.0,0.0,0.4170308,0.0,0.0,0.0,0.0,0.0,0.53155404,1.1725764,0.0,1.1312422,0.0,0.66566896,1.0059199,0.0,0.78748035,0.0,0.0,0.0,1.4902724,0.0,1.8491707,0.0,0.0,0.0,0.0,1.267824,0.0,1.8896161,0.57947826,0.14574553,0.008077538,0.0,2.4367812,0.0,0.0,0.91808045,0.0,0.046932727,1.045171,0.0,0.38048396,0.0,0.0,0.02328207,0.0,1.3250538,0.98276657,0.0022623911,0.0,0.0,0.0,0.0,0.16509776,1.2156506,0.0,0.0,1.335966,0.0,0.0,1.974363,0.0,0.0,0.0,2.6875768,1.928648,0.0,0.53825116,0.0,0.49564812,0.0,0.0,0.92557055,0.0,0.7722544,0.0,0.0,0.0,0.26743567,0.30367163,0.9879244,0.0,0.7132853,0.63442755,0.94262725,2.5910304,1.0137248,1.0160366,0.25858346,0.6626727,0.0,0.0,0.0,0.06361678,0.0,2.9133317,0.0,0.0,0.47198635,0.04443989,0.3428004,1.6510347,1.645581,0.0,0.12143899,0.0,0.0,0.0,0.0,0.0,0.0,0.0,0.8201876,0.31399435,0.0,0.0,0.0,0.32646316,1.0466202,0.8631174,0.0,0.0,1.39606,0.27989155,0.50403094,0.0,0.0,0.0,0.0,0.6974605,0.0,0.0,0.0,1.7442205,0.19563656,0.0,1.892946,0.97400385,0.19326957,0.0,0.0,0.8356348,1.4772713,0.0,0.0,0.3731003,0.623612,0.505503,0.0,0.0,1.0330706,0.0,0.6777724,1.9834622,0.0,0.0,0.27294505,0.0,0.50970465,0.8583442,0.0,0.0,0.32890487,0.0,4.489461,0.0,0.0,0.19833763,1.2902331,1.5510665,0.39784095,0.35773262,1.2825879,0.0,0.0,0.0,0.6703134,0.0,0.0,0.0,0.50058967,0.49368107,0.0,0.4470179,3.0929675,0.0,0.0,0.27907363,0.0,0.49350756,0.6922135,0.3954,0.47366574,1.6368243,0.9584667,0.0,0.0,1.2689999,0.0,0.4742668,0.0,0.0,0.0,0.99121326,0.0,0.121733755,0.16424939,0.4786507,0.0,0.0,0.80915725,0.0,0.5242043,0.0,0.8768872,0.9884607,0.8698187,0.0,1.5044987,1.2780166,1.2077525,0.39736935,0.0,0.7049885,0.19622919,0.0,1
0.0,0.0,1.3640532,1.2032448,2.2234788,1.0303036,0.0,0.0,0.0,0.0,0.0,0.0,0.19009088,0.3638914,0.22334473,0.0,0.0,0.73949254,0.0,0.0,0.0,0.0,0.0,1.2985463,0.0,0.0,0.16583923,0.0,0.69038916,0.0,0.0,0.13879272,0.0,0.0,0.0,0.0,0.16054326,0.009835789,0.3020563,0.0,1.4008802,0.0,0.37216884,0.37645304,0.0,2.216168,0.0,0.0,0.0,0.2921627,0.0,0.7466126,0.0,0.0,0.0,0.0,0.58524954,0.0,0.18206556,0.7402972,0.8776833,0.0,0.0,0.20307995,0.0,0.0,0.3940164,0.0,0.2343743,0.19217795,0.0,1.6554503,0.0,0.0,0.76864773,0.027600488,1.0914584,0.023455458,0.98235697,0.0,0.0,0.0,0.0,0.086586304,0.014934603,0.0,0.0,1.192005,0.0,0.0,0.18675956,0.0,0.0,0.0,1.3145206,0.0,0.48899204,0.7461426,0.12182401,0.0,0.6301567,0.0,1.4231153,0.0,1.6936125,0.0,0.0,0.0,0.0,0.36770657,0.0,0.0,0.03487992,1.1016252,0.091122985,0.3705113,1.3851581,0.87473047,0.37408963,1.4789413,0.0,0.0,0.0,0.0,0.0,0.35379884,0.0,0.0,0.1080203,0.13273053,0.18240882,1.2342443,1.0867536,0.0,0.0,0.0,0.0,0.0,0.0,0.0,0.0,0.0,0.89999235,0.7188495,0.0,0.0,0.0,1.4459729,1.5267262,0.1409557,0.0,0.0,0.65091634,0.76359445,0.044199605,0.0,0.0,0.0,0.0,0.25552225,0.0,0.0,0.0,0.69486344,1.5058041,0.0,0.04544873,0.0155416755,1.165443,0.0,0.0,0.06122151,0.78488415,0.0,0.0,0.33671212,1.425703,0.8128878,0.0,0.0,0.0,0.84234184,0.28782976,0.0,0.0,0.0,0.0,0.0,1.2275518,0.18469673,0.0,0.0,0.61530614,0.0,3.165333,0.0,0.0,0.40635654,0.76788473,0.6630409,0.808797,1.4954419,0.02799259,0.0,0.0,0.0,1.5376151,0.0,0.0,0.0,0.73748684,0.7189127,0.0,0.80774814,0.4566603,0.0,0.0,0.99071383,0.0,0.36543894,1.750795,1.1675571,0.0,1.8182944,1.2638847,0.0,0.0,1.4114243,0.0,0.7027501,0.0,0.0,0.0,0.12806144,0.0,0.8959891,0.0,1.2184184,0.0,0.0,0.024961343,0.0,0.08085237,0.0,1.1222827,1.4923395,0.45956978,0.0,0.16446185,0.039902262,0.7296611,1.4228989,0.0,1.4434813,0.5865682,0.0,0
0.0,0.0,2.0075164,1.2118319,2.6965427,1.164945,0.0,0.0,0.065634914,0.0,0.0,1.0098207,0.14147232,0.38904724,0.028489094,0.0,0.0,1.0773484,0.0,0.0,0.0144434,0.0,0.0,2.1503062,0.34810513,0.0,0.32977757,0.0,0.4601673,0.0,0.0,0.0,0.0,0.5251663,0.0,0.0,0.0,0.105906636,0.25845718,0.0,1.5435128,0.0,0.15759747,0.16672316,0.0,3.0188951,0.0,0.0,0.0,0.68912864,0.0,0.6559933,0.0,0.0,0.0,0.0,1.1138645,0.0,0.45895553,1.5155739,1.4781275,0.0,0.0,0.2677177,0.0,0.0,0.35399216,0.0,0.40584233,0.0,0.0,1.5856783,0.0,0.0,1.5711198,0.0,0.99462277,0.0,1.7973801,0.0,0.0,0.0,0.0,0.03213687,0.0,0.0,0.0,1.6854756,0.0,0.0,0.4931579,0.0,0.0,0.0,1.4577925,0.0,0.35590017,1.3331152,0.0,0.02932434,0.4024482,0.0,1.8086873,0.0,2.2815423,0.0,0.0,0.0,0.36227277,1.2206637,0.0,0.0,0.18204713,0.9974377,0.23720711,0.2503185,1.469434,0.96500254,0.5961495,1.6030619,0.0,0.0,0.0,0.0,0.0,0.059636306,0.0,0.0,0.26052898,0.15438397,0.46800336,1.3650306,0.5650523,0.0,0.47297493,0.0,0.0,0.0,0.38479847,0.0,0.0,0.0,1.1739103,0.98967695,0.54830337,0.0,0.0,0.88310933,1.9025626,0.28109127,0.0,0.0,0.88745695,0.886975,0.46220896,0.0,0.0,0.0,0.0,0.1495968,0.0,0.0,0.0,0.9999825,1.6230445,0.0,0.2509693,0.15749745,1.8023099,0.0,0.0,0.31841654,1.041046,0.0,0.0,0.8461384,1.811435,0.84118116,0.0,0.0,0.0,1.6717165,0.0,0.15678065,0.0,0.0,0.0,0.0,1.8546355,0.400714,0.0,0.0,0.66139525,0.0,3.8899937,0.0,0.0,0.09128703,0.3658274,0.36833963,1.2827337,1.18293,0.0,0.0,0.0,0.0,1.7232745,0.0,0.0,0.0,0.97755325,0.6243218,0.0,1.0763745,0.5182292,0.0,0.0,1.2962058,0.0,0.5459598,2.0090265,1.1522077,0.0,2.7615361,1.7595778,0.0,0.0,1.5838665,0.0,1.2864338,0.0,0.0,0.0,0.1092262,0.0,1.1568598,0.0,1.8829156,0.0,0.0,0.1280893,0.0,0.0472184,0.0,1.5401889,1.9919693,0.35359147,0.0,0.0,0.37352672,0.67668885,2.1604683,0.0,1.9083067,0.7845415,0.0,0
0.0,0.0,0.8237897,0.2219505,0.290399,0.0,0.6895092,0.0,0.2197114,0.0,0.0,2.1240742,2.119792,0.40139404,0.0,0.0,0.0,1.7924039,0.0,0.0,0.0,0.0,0.0,1.975005,0.41805816,0.0,0.0,0.0,1.4337099,0.0,0.0,0.5720955,0.0,0.0,0.0,0.0,0.0,0.47827813,0.94947714,0.0,1.401213,0.0,1.2113492,0.64933985,0.0,0.5188555,0.0,0.0,0.0,1.6051265,0.0,1.3369662,0.0,0.27132618,0.0,0.0,2.5186577,0.0,2.216503,0.90687424,0.74114496,0.089539684,0.0,1.6328735,0.0,0.0,1.0842255,0.0,0.0,1.5269854,0.0,0.60029936,0.0,0.0,0.28028318,0.0,1.8447578,1.0619484,0.0,0.0,0.0,0.0,0.0,0.57853377,1.2545229,0.0,0.0,0.060743492,0.0,0.0,1.2728966,0.0,0.0,0.0,2.6318507,2.7374978,0.024807079,0.96982986,0.0,0.83007807,0.0,0.0,0.4161925,0.0,1.1247299,0.0,0.0,0.0,0.31461567,0.0,1.4481885,0.0,1.0058492,0.7847992,1.1277249,3.0406358,0.70004886,1.4971598,0.0,0.60965526,0.0,0.015064497,0.0,0.0,0.0,3.1594985,0.0,0.0,0.33660793,0.0,0.4838772,2.2995281,2.037769,0.0,0.107791714,0.0,0.0,0.0,0.6937145,0.0,0.0,0.0,1.9102535,0.4061128,0.42303857,0.3403741,0.0,0.33788645,1.215506,0.84221727,0.0,0.0,1.7121991,0.09939284,0.6687445,0.0,0.0,0.0,0.0,1.183564,0.0,0.0,0.0,2.231021,0.0,0.0,1.3825469,0.8115102,0.0,0.0,0.0,1.5482044,2.590326,0.0,0.0,0.6675444,0.6158634,1.5182911,0.0,0.0,1.0765978,0.4395243,0.8942028,1.8443085,0.0,0.0,0.0,0.0,0.5214107,0.37139624,0.0,0.0,0.2594237,0.0,5.245471,0.0,0.0,0.0,1.5492446,1.4426966,0.19579671,0.4271323,1.9745371,0.0,0.0,0.0,0.46611166,0.0,0.0,0.0,0.3020864,0.3745232,0.0,0.4092969,3.9977226,0.0,0.0,0.20235339,0.0,0.70348305,0.5637937,0.43678522,0.8207182,0.7479947,0.7256943,0.0,0.0,1.7483878,0.0,0.0,0.0,0.0,0.0,0.61203504,0.0,0.55056083,0.28735375,0.2892464,0.0,0.0,0.5497925,0.0,0.5771479,0.26945806,0.3855539,0.39759517,1.1730195,0.0,1.0870459,1.3711169,1.4520066,0.0,0.0,0.6787167,0.14862224,0.0,1
0.0,0.0,0.98711,0.330463,0.739381,0.0,0.41623518,0.0,0.4539831,0.0,0.0,1.4463003,1.3518238,1.0024059,0.0,0.0,0.0,2.5813174,0.0,0.0,0.0,0.22553001,0.0,1.5283388,0.50979507,0.0,0.0,0.0,1.5803093,0.0,0.0,0.3857392,0.0,0.0,0.0,0.0,0.0,0.682837,1.494389,0.0,1.0368146,0.0,0.85846156,0.8885738,0.0,0.4905056,0.0,0.0,0.0,1.1790111,0.0,2.110804,0.0,0.0,0.0,0.0,2.387921,0.0,2.3201823,0.5746971,0.5798093,0.0,0.0,1.5267999,0.0,0.0,0.99078757,0.0,0.52053374,0.6433968,0.0,0.38949075,0.0,0.0,0.44155085,0.0,1.962684,1.433206,0.25358889,0.0,0.0,0.0,0.0,0.91119593,1.2171346,0.0,0.0,1.032804,0.0,0.0,1.1089967,0.0,0.0,0.0,2.6954439,2.1543844,0.0,1.1800315,0.0,0.46482268,0.0,0.0,0.5287786,0.0,0.9286846,0.0,0.0,0.0,0.0,0.06495085,1.2216244,0.0,0.84823483,0.009995956,1.005695,2.2581112,0.5548886,1.262131,0.52180034,1.126747,0.0,0.0,0.0,0.0,0.0,3.0271838,0.0,0.0,0.43505907,0.0,0.0,2.0330474,1.6726406,0.0,0.0,0.0,0.0,0.0,0.06381516,0.0,0.0,0.0,1.7023034,0.15325463,0.5872467,0.1977369,0.0,0.29036397,1.2257559,0.6380265,0.0,0.0,1.9037968,0.6822407,0.5093182,0.0,0.0,0.046988893,0.0,0.8188632,0.0,0.0,0.0,2.2952576,0.4831959,0.0,2.1506064,0.83281255,0.38984072,0.0,0.0,0.92135614,2.5163896,0.0,0.0,0.6644936,0.96632403,2.1338525,0.0,0.0,1.2953272,0.21655256,1.1347352,2.0697768,0.0,0.0,0.0,0.0,0.6120344,0.74879795,0.0,0.40551433,0.39420322,0.0,4.8556075,0.0,0.0,0.07277669,2.0922046,1.4309641,0.42127395,0.38116023,1.1190691,0.0,0.14885919,0.0,0.41975167,0.0,0.0,0.0,0.32979268,0.0,0.0,0.6086375,3.3774962,0.0,0.0,0.0920628,0.0,0.0,0.5466093,0.13557649,0.43206325,0.9508931,0.8115909,0.0,0.0,1.3984754,0.0,0.49217135,0.0,0.0,0.0,1.1818353,0.0,0.7233808,0.0,0.33139792,0.0,0.0,0.6116915,0.0,1.415537,0.0,0.8022286,1.0717725,1.6065972,0.0,0.98293316,1.3398587,1.5229799,0.8929759,0.0,0.53900826,0.032014243,0.0,1
0.0,0.0,0.8804321,0.0,0.0,0.0,0.5145819,0.0,0.1792561,0.0,0.0,2.0830963,2.684429,0.8915337,0.0,0.0,0.0,1.7726088,0.0,0.0,0.0,0.0,0.0,1.8267726,0.3721658,0.0,0.0,0.0,1.0281773,0.0,0.0,0.47145188,0.0,0.0,0.0,0.0,0.0,0.28876457,1.2097253,0.0,1.2158005,0.0,0.73964995,0.8924164,0.09276772,0.10958843,0.0,0.0,0.0,1.3761985,0.0,2.2572305,0.0,0.38342354,0.0,0.0,2.077746,0.0,2.5246582,0.75672394,0.32703117,0.19408102,0.0,2.0959213,0.0,0.0,0.2374264,0.0,0.13005799,1.3673413,0.0,0.55467916,0.08570935,0.0,0.56830215,0.0,1.6597793,1.1363766,0.0,0.0,0.0,0.0,0.0,0.25810766,1.0747132,0.0,0.0,0.8298986,0.0,0.0,1.2341545,0.0,0.0,0.0,2.1556096,2.5766692,0.0,1.2902609,0.0,0.73653907,0.0,0.0,0.7678017,0.0,0.9040293,0.0,0.0,0.0,0.5384467,0.0,1.093934,0.0,1.0220449,0.39179063,1.7357895,3.4377244,0.279617,1.457225,0.0,0.08913898,0.0,0.0,0.0,0.089941055,0.0,3.4118705,0.0,0.0,0.5735519,0.0,0.0,1.696556,1.8916471,0.0,0.14391692,0.0,0.0,0.0,0.27893105,0.0,0.0,0.0,1.7858186,0.000586811,0.14565971,0.47411117,0.0,0.16244444,1.2413357,0.6561975,0.0,0.0,1.745614,0.0,0.3139666,0.0,0.0,0.0,0.0,0.9494439,0.0,0.0,0.0,2.131137,0.0,0.0,1.5342069,0.89897877,0.03329565,0.0,0.0,1.5543445,2.7640994,0.0,0.0,0.87726915,0.6020381,1.8807896,0.0,0.17820255,0.87742966,0.22107798,0.49216914,2.2251432,0.0,0.0,0.23943345,0.0,0.46129668,0.29634678,0.0,0.0,0.12587859,0.0,5.0583572,0.0,0.0,0.0,1.3804057,1.3145924,0.0,0.4488029,2.0771513,0.0,0.0,0.0,0.33708283,0.0,0.0,0.0,0.0,0.0,0.084184214,0.15049227,4.569332,0.0,0.0,0.25688776,0.0,0.25060728,0.43643224,0.40736842,0.4689293,0.38138264,0.92015445,0.0,0.0,1.4346458,0.0,0.50766283,0.0,0.0,0.0,0.47259918,0.0,0.9616502,0.15982816,0.191102,0.0,0.0,1.2098042,0.0,0.9954436,0.0,0.6862437,0.306403,0.52910894,0.0,1.4870831,1.0819991,1.8574406,0.0,0.0,0.23944221,0.0,0.0,1
0.0,0.0,1.2334137,0.41346613,0.6354662,0.0,0.80045545,0.0,0.21548092,0.0,0.0,1.8323592,1.4256989,1.0357021,0.0,0.0,0.0,1.7092707,0.0,0.0,0.0,0.0,0.0,1.4304408,0.82152534,0.0,0.06405141,0.0,1.42415,0.0,0.0,0.3619503,0.0,0.28996956,0.0,0.0,0.0,0.6243463,1.0634558,0.0,1.2041339,0.0,1.0198543,0.9099533,0.0,0.14814594,0.0,0.0,0.0,1.6132661,0.0,2.038511,0.0,0.0,0.0,0.0,2.011526,0.0,1.9632752,0.17259458,0.14086936,0.0,0.0,1.4275142,0.0,0.0,1.0724897,0.0,0.38852674,0.9274073,0.0,0.26756698,0.0,0.0,0.3324742,0.0,1.4069475,1.0031406,0.0,0.0,0.0,0.0,0.0,0.2556912,1.2889572,0.0,0.0,1.2257972,0.0,0.0,1.4047178,0.0,0.0,0.0,2.7214758,2.319719,0.0,0.9172021,0.0,0.72043484,0.0,0.0,0.850151,0.0,0.8419075,0.0,0.0,0.0,0.35025936,0.0,0.80102235,0.0,0.5732866,0.33862945,0.68045723,2.6838255,0.6607653,1.2172457,0.12026911,0.59154737,0.0,0.0,0.0,0.0,0.0,3.0041528,0.0,0.0,0.556989,0.0,0.26019084,1.6886208,1.453922,0.0,0.13169253,0.0,0.0,0.0,0.0,0.0,0.0,0.0,0.87643117,0.0,0.29050723,0.16707198,0.0,0.4787829,0.74633706,0.55882424,0.0,0.0,1.9870003,0.03538697,0.2972904,0.0,0.0,0.0,0.0,0.84612435,0.0,0.0,0.0,1.8883557,0.0,0.0,2.063302,0.81195223,0.36174986,0.0,0.0,1.3062778,2.3399894,0.0,0.0,0.033880826,0.42765248,1.4722406,0.0,0.0,1.3428642,0.0572776,0.62391686,1.7899972,0.0,0.0,0.010959525,0.0,0.23234084,0.5878625,0.0,0.0,0.16334371,0.0,4.57685,0.0,0.0,0.0,1.5271719,1.4789824,0.76658803,0.23065545,1.0245132,0.0,0.0,0.0,0.35507777,0.0,0.0,0.0,0.34639212,0.15591331,0.0,0.48221204,3.230752,0.0,0.0,0.03475186,0.0,0.42014366,0.6904499,0.29259396,0.56408554,1.1069955,1.2150701,0.0,0.0,1.0554097,0.0,0.6160134,0.0,0.0,0.0,1.2194855,0.0,0.52412355,0.045824744,0.5327752,0.0,0.0,0.83164924,0.0,0.7535573,0.0,0.6267902,1.0275289,1.5716951,0.0,1.4155566,1.2935393,0.8334217,0.86138165,0.0,0.5280914,0.05362933,0.0,1
0.0,0.0,1.1799273,0.5004432,1.1354998,1.2368163,0.47413197,0.0,0.16030891,0.0,0.0,1.1637661,1.5598705,1.089249,0.0,0.0,0.0,1.9676123,0.0,0.0,0.0,0.0,0.0,1.8003021,0.25083,0.0,0.0,0.0,1.2193676,0.0,0.0,0.3989784,0.0,0.0,0.0,0.0,0.0,0.6142346,1.2747251,0.0,1.0212046,0.0,0.61672354,0.7536429,0.0,1.1065716,0.0,0.0,0.0,1.2022252,0.0,2.408171,0.0,0.0,0.0,0.0,2.1934557,0.0,1.4704164,0.3671566,0.2780104,0.0,0.0,1.6428523,0.0,0.0,1.0458921,0.0,0.0,0.99189764,0.0,1.3062392,0.0,0.0,0.49751315,0.0,1.6597245,1.0325468,0.31889847,0.0,0.0,0.0,0.0,0.0,1.1761556,0.0,0.0,1.0170689,0.0,0.0,1.2479314,0.0,0.0,0.0,2.782349,1.6860583,0.28468564,0.52789825,0.0,0.41748348,0.5667451,0.0,0.5634414,0.047259763,1.1625426,0.0,0.0,0.0,0.0202474,0.0,0.8274336,0.0,0.8287378,1.114252,0.4684146,2.085244,0.16385533,1.0648147,0.0,0.52705705,0.0,0.0,0.0,0.0,0.0,2.5048602,0.0,0.0,0.6179377,0.05293874,0.34561026,1.8281397,1.8010848,0.0,0.101079516,0.0,0.0,0.0,0.0,0.0,0.0,0.0,1.3109295,0.42936605,0.0,0.0,0.0,1.0791779,1.188781,0.85286385,0.0,0.0,1.5931977,0.426934,0.0,0.0,0.0,0.0,0.0,0.76640797,0.0,0.0,0.0,2.2178087,0.92200565,0.0,2.2764475,0.90397644,0.58734214,0.0,0.0,0.8086271,2.0278938,0.0,0.0,1.0474654,0.95856375,1.1285447,0.0,0.0,0.93144554,0.7460285,0.777031,1.0637568,0.0,0.0,0.0,0.0,0.46527103,0.6151724,0.0,0.0,0.4682652,0.0,4.191678,0.0,0.0,0.16941257,1.1573288,1.5980703,0.2607803,0.63090545,0.9693754,0.0,0.0,0.0,1.0456874,0.0,0.0,0.0,0.34790558,0.30154684,0.0,0.8826766,3.8804584,0.09553499,0.0,0.5765027,0.0,0.0,1.4129497,0.24653876,0.0,1.1422477,1.2909273,0.0,0.0,1.6274297,0.0,0.644045,0.0,0.0,0.0,0.544012,0.0,1.153618,0.0,0.066998206,0.0,0.0,0.827909,0.0,0.38427857,0.0,0.80716103,1.2229961,1.4946475,0.0,1.230594,1.261275,2.0145795,0.7954141,0.0,1.1157733,0.21079428,0.0,1
0.0,0.0,1.2418785,0.8844521,0.7394803,1.1519067,0.83181983,0.0,0.0,0.0,0.0,1.6199278,1.1859152,0.7530523,0.0,0.0,0.0,1.847045,0.0,0.0,0.0,0.0,0.0,1.9219345,0.07838476,0.0,0.0,0.0,0.94424963,0.0,0.0,0.24723557,0.0,0.0,0.0,0.0,0.0,0.6028744,0.60499907,0.0,1.5297309,0.0,0.8078981,0.644326,0.0,0.88492084,0.0,0.0,0.0,1.1365393,0.0,1.7159963,0.0,0.0,0.0,0.0,2.127192,0.0,1.658132,0.19787583,0.0,0.0,0.0,1.3967164,0.0,0.0,1.470723,0.0,0.0,0.6803867,0.0,1.8188144,0.17712726,0.0,1.1400056,0.0,1.5587907,0.36668214,0.5931856,0.0,0.0,0.0,0.0,0.2718617,1.4212766,0.0,0.0,1.2113094,0.0,0.0,1.3743713,0.0,0.0,0.0,2.8045297,1.4690657,0.7257274,0.94454026,0.0,0.3015001,0.38590738,0.0,1.0681981,0.0,0.58464795,0.0,0.0,0.0,0.08810209,0.031480465,0.5575788,0.0,1.1051344,0.7222616,0.53751916,1.9939827,0.4322557,1.3274628,0.0,0.32307816,0.0,0.0,0.0,0.0,0.0,2.4060462,0.0,0.0,0.47832406,0.0,0.88776207,1.7994411,1.5051103,0.0,0.331218,0.0,0.0,0.0,0.41032335,0.0,0.0,0.0,1.0033562,0.17819387,0.100173965,0.0012794896,0.0,0.58403665,1.3465402,0.81831616,0.0,0.0,1.1719017,0.91647005,0.0,0.0,0.0,0.0,0.0,0.6641604,0.0,0.0,0.0,1.8243572,0.5634158,0.0,1.8050915,0.6081215,0.51108015,0.0,0.0,0.5154788,1.8949409,0.0,0.0,0.7284549,1.055382,1.259088,0.0,0.0,0.85074604,0.65489393,0.93992335,0.78728276,0.0,0.0,0.0,0.0,0.72288644,0.35903352,0.0,0.0,0.6387905,0.0,4.230113,0.0,0.0,0.0977629,1.027571,1.3427814,0.21071398,0.64657575,0.33243608,0.0,0.0,0.0,1.1595377,0.0,0.0,0.0,0.15946196,0.4521713,0.0,0.76325244,3.130404,0.004485708,0.0,0.91208434,0.0,0.36026168,1.8634644,0.7550364,0.0,1.2288538,2.2380266,0.0,0.0,1.640811,0.0,1.0814328,0.019263057,0.0,0.0,0.11278806,0.0,0.6871971,0.0,0.13306677,0.0,0.0,1.0509607,0.0,0.33223677,0.52250004,1.076843,1.1198134,0.90746295,0.0,1.0545712,0.9838834,1.3616235,0.86815214,0.0,1.3197701,0.27301335,0.0,1
0.0,0.0,1.2542039,0.6775556,0.9318594,0.5398195,0.84859324,0.0,0.094670646,0.0,0.0,1.5671827,0.94046754,1.3769829,0.0,0.0,0.0,1.810161,0.0,0.0,0.0,0.0,0.0,1.8796476,0.0,0.0,0.19885042,0.0,1.2610273,0.0,0.0,0.37195298,0.0,0.13935582,0.0,0.0,0.0,0.76922023,0.72010744,0.0,1.2749099,0.0,1.0836804,0.47193423,0.0,0.9653479,0.0,0.0,0.0,1.1700761,0.0,2.0181828,0.0,0.0,0.0,0.0,2.1096044,0.0,1.6540588,0.32250294,0.39975363,0.0,0.0,1.5906284,0.0,0.0,1.2745626,0.0,0.0,0.67975134,0.0,0.41452476,0.0,0.0,0.38414875,0.0,1.3820367,1.0127699,0.33089462,0.0,0.0,0.0,0.0,0.62056524,1.0342511,0.0,0.0,0.8743789,0.0,0.0,1.2275892,0.0,0.0,0.0,3.006454,2.1140904,0.27466747,0.73804253,0.0,0.5043786,0.11691312,0.0,0.6370627,0.0,1.0513426,0.0,0.0,0.0,0.0,0.0,1.3934541,0.0,0.6609239,0.52166057,0.60029817,2.4907234,0.6148877,1.27989,0.0,0.21980986,0.0,0.0,0.0,0.0,0.0,2.3437278,0.0,0.0,0.8877738,0.0,0.20032687,1.6607928,1.389897,0.0,0.37928647,0.0,0.0,0.0,0.149758,0.0,0.0,0.0,1.1760076,0.20894009,0.61130327,0.06849398,0.0,0.40946308,1.3186743,0.8508375,0.0,0.0,1.6899673,0.43106562,0.15045317,0.0,0.0,0.0,0.0,0.88978714,0.0,0.0,0.0,2.1617901,0.4146675,0.0,1.953273,0.45020366,0.48143855,0.0,0.0,0.827282,1.9585135,0.0,0.0,0.36032552,0.9813812,1.7753371,0.0,0.0,0.92085373,0.36253965,0.72067064,1.6154891,0.0,0.0,0.0,0.0,0.48960337,0.7392153,0.0,0.0,0.1721308,0.0,4.442503,0.0,0.0,0.0,1.2865419,1.7749069,0.2544305,0.1836692,1.1061344,0.0,0.0,0.0,0.3773032,0.0,0.0,0.0,0.063323274,0.36018336,0.0,0.77029425,3.0111384,0.0,0.0,0.71422887,0.0,0.19440614,1.0827938,0.6861197,0.53218645,0.7718274,0.97079396,0.0,0.0,1.3073925,0.0,0.79651016,0.0,0.0,0.0,0.6971977,0.0,0.76843446,0.0,0.056079626,0.0,0.0,0.3846363,0.0,0.7720579,0.0,0.7845259,1.0464809,1.1455903,0.0,1.1430131,1.206138,1.0436652,0.6615508,0.0,0.82170206,0.03953784,0.0,1
0.0,0.0,0.8126799,0.27938563,1.1012772,0.53792095,0.61417603,0.0,0.16327843,0.0,0.0,1.0882231,1.0664454,0.924659,0.0,0.0,0.0,1.7207897,0.0,0.0,0.0002880121,0.0,0.0,1.5954707,0.2733934,0.0,0.0,0.0,1.5155716,0.0,0.0,0.36703146,0.0,0.0,0.0,0.0,0.0,0.65165824,1.2563814,0.0,1.3218552,0.0,0.76957947,0.7378413,0.0,0.6045549,0.0,0.0,0.0,0.8489758,0.0,1.9228746,0.0,0.0,0.0,0.0,2.2281938,0.0,1.9191061,0.23006502,0.22168565,0.070834525,0.0,1.5203409,0.0,0.0,0.9998616,0.0,0.24042924,1.0301769,0.0,0.87531996,0.0,0.0,0.44758707,0.0,1.812895,0.62138754,0.14470415,0.0,0.0,0.0,0.0,0.54423124,0.8421656,0.0,0.0,0.6900773,0.0,0.0,1.0845138,0.0,0.0,0.0,2.7503943,1.9601232,0.0,0.97870785,0.0,0.3045748,0.0,0.0,0.66347235,0.0,0.59673893,0.0,0.0,0.0,0.11119145,0.103043884,0.8420979,0.0,0.56860334,0.22011313,1.1448207,2.2858865,0.6702123,1.0898265,0.05850531,0.4790871,0.0,0.0,0.0,0.0,0.0,2.2927756,0.0,0.0,0.40827918,0.0,0.0,1.5628127,1.4839001,0.0,0.0,0.0,0.0,0.0,0.0,0.0,0.0,0.0,1.316625,0.52638483,0.6200132,0.07070972,0.0,0.40807667,1.3327157,0.6354785,0.0,0.0,1.6946719,0.43066728,0.0,0.0,0.0,0.15878604,0.0,0.6371015,0.0,0.0,0.0,1.9449043,0.44553477,0.0,1.6750416,0.623248,0.27904832,0.0,0.0,0.6290137,1.9685998,0.0,0.0,0.70029134,0.59725064,1.7291082,0.0,0.0,0.8303468,0.18167317,0.691297,1.3177259,0.0,0.0,0.0,0.0,0.5503029,0.46962422,0.0,0.0,0.20417458,0.0,4.0789156,0.0,0.0,0.0,1.3620813,1.3529427,0.2690702,0.3803898,0.7828129,0.0,0.0,0.0,0.5026146,0.0,0.0,0.0,0.20236507,0.15188535,0.0,0.9580953,3.31087,0.0,0.0,0.22799644,0.0,0.0188961,0.8233922,0.17173123,0.0,0.93635577,1.0583086,0.0,0.0,1.0485979,0.0,0.5971037,0.0,0.0,0.0,0.70103174,0.0,0.78954256,0.0,0.21357164,0.0,0.0,0.782345,0.0,0.28612754,0.0,0.70973057,0.5079092,0.91678584,0.0,0.8816154,1.2258265,1.4458126,0.614007,0.0,0.6283675,0.20346022,0.0,1
0.0,0.0,0.778409,0.5321246,0.7587586,0.31017667,0.93419516,0.0,0.04518415,0.0,0.0,1.350281,1.0838609,1.4505274,0.0,0.0,0.0,2.1988027,0.0,0.0,0.0,0.0,0.0,1.855835,0.3932429,0.0,0.0,0.0,1.4734515,0.0,0.0,0.34209228,0.0,0.0,0.0,0.0,0.0,0.7779518,1.1193534,0.0,1.4791837,0.0,1.0639577,0.78193617,0.0,0.8316499,0.0,0.0,0.0,1.0178355,0.0,1.6756377,0.0,0.0,0.0,0.0,2.360854,0.0,1.8667665,0.23640278,0.14841975,0.0,0.0,1.6709921,0.0,0.0,1.3970405,0.0,0.0,0.6960056,0.0,0.59244287,0.0,0.0,0.2772554,0.0,1.3408093,0.8635659,0.21663986,0.0,0.0,0.0,0.0,0.37997562,0.6760107,0.0,0.0,0.7473583,0.0,0.0,1.3434362,0.0,0.0,0.0,2.7038803,1.7712384,0.0,0.9819867,0.0,0.6087498,0.13457303,0.0,0.8071945,0.0,0.82167256,0.0,0.0,0.0,0.0,0.20154354,1.3110113,0.0,0.4494318,0.17888704,0.751542,2.3827515,0.50404185,1.2103666,0.03203612,0.33139953,0.0,0.0,0.0,0.0,0.0,2.4884388,0.0,0.0,0.5069913,0.0,0.0,1.6311955,1.3963362,0.0,0.2932051,0.0,0.0,0.0,0.0,0.0,0.0,0.0,1.4449297,0.4099273,0.87974375,0.0,0.0,0.17560264,1.1327506,0.7562243,0.0,0.0,1.6611068,0.61460143,0.31268874,0.0,0.0,0.50312626,0.0,1.0439799,0.0,0.0,0.0,2.0361805,0.45813102,0.0,2.2285454,0.7457111,0.5354076,0.0,0.0,1.1889933,2.4288962,0.0,0.0,0.18196994,0.7708217,2.479273,0.0,0.0,0.9351574,0.4448483,0.769143,1.6742498,0.0,0.0,0.0,0.0,0.5050594,0.56776446,0.0,0.0,0.40033746,0.0,4.448942,0.0,0.0,0.35705757,1.7631843,1.637933,0.32778502,0.40269864,1.0177944,0.0,0.0,0.0,0.5317773,0.0,0.0,0.0,0.50729793,0.08398051,0.0,0.83327544,3.1909442,0.0,0.0,0.47462222,0.0,0.0,1.0076874,0.4036113,0.33323205,1.4723531,0.8362169,0.0,0.0,0.99918425,0.0,0.6452132,0.0,0.0,0.0,0.8042723,0.0,0.7023879,0.0,0.36061275,0.0,0.0,0.74614656,0.0,0.92324346,0.0,1.0507393,0.83785635,1.3381264,0.0,0.8457663,0.9944378,1.184104,0.85180116,0.0,0.6434801,0.0,0.0,1
0.0,0.0,0.73130083,0.26355758,1.0264246,0.64654624,0.8301341,0.0,0.30274212,0.0,0.0,1.1854252,1.1455523,1.1341877,0.0,0.0,0.0,2.08816,0.0,0.0,0.0,0.018489407,0.0,1.9752599,0.13789791,0.0,0.0,0.0,1.5240642,0.0,0.0,0.49695253,0.0,0.0,0.0,0.0,0.0,0.69998825,1.370375,0.0,1.2990432,0.0,0.4558904,0.6242255,0.0,0.45121086,0.0,0.0,0.0,0.8966284,0.0,2.184302,0.0,0.0,0.0,0.0,2.2288172,0.0,2.1081114,0.3005713,0.44779155,0.0,0.0,1.9087081,0.0,0.0,1.0385487,0.0,0.0,1.0376084,0.0,0.39251396,0.0,0.0,0.3040737,0.0,1.7845722,0.8988938,0.44488147,0.0,0.0,0.0,0.0,0.9093784,1.371306,0.0,0.0,0.95435774,0.0,0.0,1.4539477,0.0,0.0,0.0,3.2328706,2.155501,0.27070072,0.60459226,0.0,0.46811146,0.31722203,0.0,0.44306135,0.0,0.77255946,0.0,0.0,0.0,0.26200512,0.0,1.1979535,0.0,0.66721314,0.30059516,0.98862845,2.6673462,0.6295779,1.0431665,0.10801301,0.40170282,0.0,0.0,0.0,0.0,0.0,2.848974,0.0,0.0,0.67484903,0.0,0.052641083,1.5192924,1.5951954,0.0,0.0025027138,0.0,0.0,0.0,0.2566224,0.0,0.0,0.0,1.4304388,0.6884585,0.751484,0.0,0.0,0.34408787,1.6727546,0.71911293,0.07671226,0.0,1.5694634,0.42649624,0.06391021,0.0,0.0,0.20352553,0.0,0.8229001,0.0,0.0,0.0,2.0501316,0.387129,0.0,2.3405893,0.5867499,0.47039342,0.0,0.0,1.0240256,2.310611,0.0,0.0,0.6684365,0.948245,1.5531756,0.0,0.0,0.8446686,0.29525495,0.6619775,1.5375469,0.0,0.0,0.0,0.0,0.39195737,0.6783125,0.0,0.0,0.041660957,0.0,4.5614977,0.0,0.0,0.1935782,1.5447185,1.8395071,0.0,0.09590595,0.8363471,0.0,0.0,0.0,0.577061,0.0,0.0,0.0,0.3197193,0.1469394,0.0,0.6013863,3.4282317,0.0,0.0,0.36908212,0.0,0.114074826,0.6660759,0.32089818,0.20939441,0.9516767,1.1021096,0.0,0.0,1.0828853,0.0,0.6067741,0.0,0.0,0.0,1.1387134,0.0,0.53979844,0.1638313,0.13315916,0.0,0.0,0.5994757,0.0,0.6380269,0.0,0.7589468,1.0809735,1.1760826,0.0,1.0756932,1.1491134,1.348499,0.58276355,0.0,0.63887894,0.0,0.0,1
0.0,0.0,1.0376679,0.59863526,1.2546041,0.0,0.97503525,0.0,0.031639233,0.0,0.0,1.7374969,1.3939178,1.0015388,0.0,0.0,0.0,1.7901735,0.0,0.0,0.0,0.62771624,0.0,2.01571,0.09899774,0.0,0.0,0.0,1.6575669,0.0,0.0,0.73321503,0.0,0.44129625,0.0,0.0,0.0,0.67013144,1.4173179,0.0,0.86801225,0.0,0.95210207,0.77629435,0.0,0.46612152,0.0,0.0,0.0,1.3995575,0.0,1.8728083,0.0,0.0,0.0,0.0,2.3940043,0.0,2.1179996,0.1344392,0.13057224,0.0,0.0,1.088322,0.0,0.0,1.2181487,0.0,0.11181896,1.0211283,0.0,0.0,0.0,0.0,0.6423028,0.0,1.1932521,1.3675963,0.26975408,0.0,0.0,0.0,0.0,0.7449451,1.3957738,0.0,0.0,1.1169153,0.0,0.0,0.99535626,0.0,0.0,0.0,2.6728652,2.0866404,0.0,1.2555302,0.0,1.0256913,0.12363217,0.0,1.0190746,0.0,1.139258,0.0,0.0,0.0,0.0,0.3683699,0.83272964,0.0,0.8254576,0.0,0.9590342,2.8232367,1.1694108,1.2824816,0.22915795,0.8031941,0.0,0.0,0.0,0.0,0.0,2.647579,0.0,0.0,0.6939301,0.0,0.107804395,1.6686236,1.3993089,0.0,0.22015496,0.0,0.0,0.0,0.43337372,0.0,0.0,0.0,1.5054088,0.0689581,0.87474376,0.17121865,0.0,0.063756794,1.2818091,0.57695127,0.0,0.0,1.6187779,0.2502496,0.41225335,0.0,0.0,0.0,0.0,0.85011536,0.0,0.0,0.0,1.817467,0.43588525,0.0,2.1772776,0.68635607,0.33057263,0.0,0.0,1.2470899,2.3248744,0.0,0.0,0.55754024,0.754056,2.1997092,0.0,0.0,1.0503143,0.4532926,0.85789895,1.863156,0.0,0.0,0.0,0.0,0.7703179,0.2936242,0.0,0.0,0.46880728,0.0,4.5052767,0.0,0.0,0.10166623,1.6413469,1.5624611,0.6811568,0.3599796,1.1553726,0.0,0.17290519,0.0,0.0,0.0,0.0,0.0,0.22874595,0.13292076,0.0,0.7657706,3.0706263,0.0,0.0,0.4850084,0.0,0.6145659,0.72385997,0.582132,0.3098505,1.0784,1.2671124,0.0,0.0,1.253927,0.0,0.8452744,0.0,0.0,0.0,0.5066531,0.0,0.4609593,0.8143365,0.6667163,0.0,0.0,1.1620156,0.0,1.3193543,0.0,1.3456858,0.53235334,1.206596,0.0,0.77046686,1.0715805,0.93514603,0.99794483,0.0,0.39682385,0.0,0.0,1
0.0,0.0,0.4811592,0.67691857,1.0911219,0.0,0.7379303,0.0,0.0890281,0.0,0.0,0.99820656,1.0955894,1.0599103,0.051572274,0.0,0.0,1.1961646,0.0,0.0,0.0,0.0,0.0,1.6532483,0.47267765,0.0,0.12477469,0.0,0.8203496,0.0,0.0,0.47999606,0.0,0.0,0.0,0.0,0.0,0.37433678,1.110202,0.0,1.1748582,0.0,0.9321027,0.4422428,0.0,0.8211298,0.0,0.0,0.0,1.3192364,0.0,1.4822066,0.0,0.0,0.0,0.0,1.3414946,0.0,1.5973924,0.40419915,0.0,0.0,0.0,1.1355531,0.0,0.0,0.8408769,0.0,0.57233775,0.41003352,0.0,0.51360554,0.0,0.0,0.51062053,0.1485596,1.3701388,0.40310115,0.0,0.0,0.0,0.0,0.0,0.28635892,1.1418182,0.0,0.0,1.4609185,0.0,0.0,1.2208157,0.0,0.0,0.0,1.9287361,0.89022577,0.0,0.6339391,0.0,0.48719665,0.15212868,0.0,1.115611,0.0,0.3616108,0.0,0.0,0.0,0.0,0.9565485,0.0,0.0,0.48760846,0.7285073,0.2690704,1.7833622,1.1225924,0.9793657,0.3144189,0.9747106,0.0,0.0,0.0,0.0,0.0,2.0254788,0.0,0.0,0.2533136,0.015002536,0.12471465,1.5911425,1.2301359,0.0,0.4156394,0.0,0.0,0.0,0.0,0.0,0.0,0.0,1.1603959,0.10901517,0.11103925,0.23289625,0.0,0.0,0.6740564,0.50384325,0.0,0.0,1.2956152,0.44098088,0.05864765,0.0,0.0,0.0,0.0,0.6860059,0.0,0.0,0.0,0.7131562,0.24194007,0.0,1.8905511,0.53297865,0.6703986,0.0,0.0,0.7753296,2.160858,0.0,0.0,0.24759182,0.9984351,1.6198838,0.0,0.0,0.85017747,0.50847256,0.41652444,0.4475619,0.0,0.0,0.0,0.0,0.68523365,0.39428115,0.0,0.0,0.30009365,0.0,4.233384,0.0,0.0,0.0,1.360272,1.0300238,0.66322285,0.64771587,0.3739223,0.0,0.0,0.0,0.7451591,0.0,0.0,0.0,0.4545095,0.3968956,0.0,0.12175907,2.4875894,0.0,0.0,0.6182108,0.0,0.5959451,0.8265422,0.60525984,0.0,1.4182441,1.218491,0.0,0.0,1.1689211,0.0,0.23348877,0.0,0.0,0.0,1.0055219,0.0,0.48315206,0.020566799,1.0081521,0.0,0.0,0.7022911,0.0,0.47168535,0.0,1.2555774,0.9139877,0.5539075,0.0,0.6752525,0.75017375,0.7173785,0.6746487,0.0,1.310316,0.019969026,0.0,1
0.0,0.0,0.8582515,0.52871585,0.37691674,0.0063015744,0.7465505,0.0,0.2999418,0.0,0.0,1.3941767,1.6525868,1.1943319,0.0,0.0,0.0,2.0800638,0.0,0.0,0.0,0.0,0.0,1.7218243,0.31364882,0.0,0.0,0.0,1.745598,0.0,0.0,0.2736593,0.0,0.0,0.0,0.0,0.0,0.707253,1.0256914,0.0,1.3841648,0.0,0.8904534,0.6675031,0.0,0.2600577,0.0,0.0,0.0,1.0654618,0.0,1.6323012,0.0,0.0,0.0,0.0,2.3534534,0.0,1.9418885,0.403585,0.0,0.0,0.0,1.8280953,0.0,0.0,1.1443521,0.0,0.0,0.97272927,0.0,0.2850643,0.0,0.0,0.11619098,0.0,1.2595297,0.5546981,0.018173553,0.0,0.0,0.0,0.0,0.46544725,1.4092284,0.0,0.0,0.8130017,0.0,0.0,1.2339932,0.0,0.0,0.0,2.9307199,1.7746702,0.0,0.9913656,0.0,0.68491834,0.13363092,0.0,0.463894,0.0,0.18186092,0.0,0.0,0.0,0.28905934,0.090895265,1.0943537,0.0,0.4677662,0.0,1.0254898,2.6359365,1.0480431,1.3567659,0.097050495,0.21589787,0.0,0.0,0.0,0.0,0.0,3.0391243,0.0,0.0,0.8449842,0.0,0.0,1.62525,1.6356249,0.0,0.35821322,0.0,0.0,0.0,0.10181629,0.0,0.0,0.0,1.0324814,0.23731565,0.54939157,0.071768686,0.0,0.0,0.98575705,0.7809426,0.0,0.0,1.6020437,0.14613864,0.34945443,0.0,0.0,0.2005596,0.0,0.86451495,0.0,0.0,0.0,1.8154607,0.0,0.0,2.101479,0.7165689,0.38380986,0.0,0.0,1.140886,2.3139813,0.0,0.0,0.48821422,0.62909234,1.7684196,0.0,0.0,0.94236827,0.51635295,1.1759261,1.5851113,0.0,0.0,0.27718955,0.0,0.5525782,0.85711133,0.0,0.0,0.16045359,0.0,3.9261038,0.0,0.0,0.04272188,1.7744939,1.5134006,0.22593477,0.20302476,0.89774305,0.0,0.0,0.0,0.32065806,0.0,0.0,0.0,0.37347215,0.123020895,0.0,0.6423893,3.3183253,0.0,0.0,0.46661952,0.0,0.5472218,0.7153393,0.48886853,0.46906963,1.0121052,0.7175756,0.0,0.0,1.0964948,0.0,0.39202872,0.0,0.0,0.0,1.0911072,0.0,0.12012145,0.16748491,0.28319234,0.0,0.0,0.3985114,0.0,0.7376941,0.0,0.9368521,0.89641416,1.190115,0.0,1.0324699,1.3368915,1.1267598,0.5179359,0.0,0.37756178,0.0,0.0,1
0.0,0.0,0.78794444,0.18819119,1.3272558,0.0,0.50766045,0.0,0.43955296,0.0,0.0,1.7622517,1.3597181,1.225028,0.0,0.0,0.0,1.8638592,0.0,0.0,0.0,0.0,0.0,1.5218987,1.1100106,0.0,0.41734424,0.0,1.595389,0.0,0.0,0.71478224,0.0,0.0,0.0,0.0,0.0,0.6609073,1.3111255,0.0,1.6051013,0.0,1.472285,0.9970598,0.0,0.5640555,0.0,0.0,0.0,1.5467124,0.0,1.8415952,0.0,0.0,0.0,0.0,2.228808,0.0,1.7232404,0.7898192,0.15203281,0.0,0.0,1.4959309,0.0,0.0,0.59612596,0.0,0.35442173,0.77025133,0.0,0.061558377,0.0,0.0,0.38322902,0.0,1.9362035,1.4700389,0.2902374,0.0,0.0,0.0,0.0,0.0,1.1648592,0.0,0.0,1.5914971,0.0,0.0,1.0966982,0.0,0.0,0.0,2.7222695,1.7355009,0.0,0.62927777,0.0,0.6394615,0.0,0.0,1.0588953,0.0,0.8771917,0.0,0.0,0.0,0.0,0.10417178,1.0325863,0.0,0.15890072,0.5757155,0.36572707,1.8516084,0.39838493,1.3049332,0.01639364,1.1190213,0.0,0.0,0.0,0.0,0.0,3.3040276,0.0,0.0,0.06908279,0.0,0.03317346,2.6450758,1.3693864,0.0,0.62005824,0.0,0.0,0.0,0.00052317017,0.0,0.0,0.0,1.5263394,0.0,0.93560463,0.5058662,0.0,0.28613162,0.64762294,0.5065817,0.0,0.0,2.000622,0.06829061,0.43712524,0.0,0.0,0.0,0.0,1.2721066,0.0,0.0,0.0,2.0544438,0.39456648,0.0,2.5451725,0.7326957,0.63967407,0.0,0.0,1.6334108,2.4942932,0.0,0.0,0.27307734,0.70776534,3.2088487,0.0,0.0,1.2329592,0.28502798,0.59093505,1.8793336,0.0,0.0,0.3864881,0.0,0.6265741,0.0,0.0,0.0,0.2093946,0.0,4.9463334,0.0,0.0,0.0,2.1552837,1.8939062,0.65930766,0.08491113,0.90883136,0.0,0.014877663,0.0,0.328226,0.0,0.0,0.0,0.5376216,0.32524163,0.0,0.22706845,3.3942766,0.0,0.0,0.051800992,0.0,0.019783672,0.90752834,0.43053192,0.27237183,1.5808693,1.3062433,0.0,0.0,1.0539935,0.0,0.5036381,0.0,0.0,0.0,0.9774669,0.0,0.34078738,0.19328474,1.2127047,0.0,0.0,0.9307949,0.0,1.5689169,0.0,0.6444906,0.9976075,1.494828,0.0,0.9295726,1.3351185,0.8177773,0.8628469,0.0,0.90407544,0.0,0.0,1
0.0,0.0,1.654594,0.2727577,0.7522834,0.21708895,0.8040163,0.0,0.26396713,0.0,0.0,1.3469471,1.5557694,1.3630158,0.0,0.0,0.0,2.220487,0.0,0.0,0.0,0.10492472,0.0,1.7194471,0.37512708,0.0,0.0017410154,0.0,1.8576931,0.0,0.0,0.7044599,0.0,0.37739843,0.0,0.0,0.0,0.73484343,1.1515749,0.0,1.0593723,0.0,1.0520536,1.0714867,0.0,0.21435374,0.0,0.0,0.0,1.0032886,0.0,2.269734,0.0,0.0,0.0,0.0,2.677746,0.0,2.2196178,0.4701223,0.16831832,0.0,0.0,1.4974984,0.0,0.0,1.0984242,0.0,0.022233464,0.7907334,0.0,0.09882306,0.0,0.0,0.20843515,0.0,1.7156324,0.86357504,0.08772854,0.0,0.0,0.0,0.0,0.41376045,1.4488674,0.0,0.0,1.1871468,0.0,0.0,1.3855832,0.0,0.0,0.0,2.6604357,1.6045787,0.0,0.73682916,0.0,0.94620746,0.11674944,0.0,0.96583277,0.0,1.1271344,0.0,0.0,0.0,0.060882565,0.0,1.4742795,0.0,0.71860677,0.0,1.1205024,2.982701,0.5875299,1.4530483,0.045980804,0.6906314,0.0,0.0,0.0,0.0,0.0,2.8771207,0.0,0.0,0.7374014,0.0,0.037365932,1.4599683,1.6409948,0.0,0.10366835,0.0,0.0,0.0,0.56188524,0.0,0.0,0.0,1.4722862,0.33748996,0.7886334,0.0,0.0,0.21182743,1.130526,0.65366054,0.0,0.0,1.7021452,0.21165422,0.40371385,0.0,0.0,0.0,0.0,0.9580515,0.0,0.0,0.0,1.622013,0.4297254,0.0,2.5208058,0.91257906,0.39992034,0.0,0.0,1.2924107,2.448266,0.0,0.0,0.57742864,0.73212904,2.6135833,0.0,0.0,0.763324,0.39816386,0.998335,2.1336172,0.0,0.0,0.17366579,0.0,0.62819546,0.47735405,0.0,0.0,0.37339985,0.0,4.8404984,0.0,0.0,0.19774331,1.8001249,1.5025798,0.02426478,0.26551226,1.2284479,0.0,0.0,0.0,0.4419165,0.0,0.0,0.0,0.1678563,0.07938834,0.0,0.72862214,3.3147926,0.0,0.0,0.2522746,0.0,0.0,1.1438509,0.54296404,0.25954187,1.3003088,1.078154,0.0,0.0,1.6422378,0.0,0.98939234,0.0,0.0,0.0,0.61480856,0.0,0.4398885,0.31596515,0.21384549,0.0,0.0,0.7112698,0.0,1.3683482,0.0,1.0915945,0.7874637,0.9390094,0.0,0.7362363,1.0890427,1.1122676,1.0229274,0.0,0.0,0.0,0.0,1
0.0,0.0,0.47692096,0.18652447,1.6008573,0.0,0.4131141,0.0,0.3133036,0.0,0.0,1.262153,0.8791375,1.0894395,0.0,0.0,0.0,1.3162796,0.0,0.0,0.735408,0.0,0.0,2.1017122,0.57135373,0.0,0.0,0.01715056,0.92686,0.0,0.0,0.5921708,0.0,0.0,0.0,0.0,0.0,0.33654824,1.5886623,0.0,0.52856845,0.0,0.32924777,0.64668864,0.0,1.0379449,0.0,0.0,0.0,1.0801157,0.0,1.8869656,0.0,0.0,0.0,0.0,1.400673,0.0,1.5922077,0.85472965,0.42560646,0.36177278,0.0,1.2915374,0.0,0.0,0.5842096,0.0,1.0436022,0.78761727,0.0,0.69423795,0.0,0.0,0.72494984,0.0,1.7266309,0.91427267,0.0,0.0,0.0,0.0,0.0,0.1624707,0.5696957,0.0,0.0,1.2818046,0.0,0.0,1.4879222,0.0,0.0,0.0,2.721056,1.7399964,0.0,1.0770558,0.0,0.37274376,0.0,0.0,0.49389726,0.0,0.4848676,0.0,0.0,0.0,0.46293595,0.88230985,0.46708727,0.0,0.6026478,1.0793122,0.78285176,1.1783147,0.8030212,0.8527134,0.6102573,1.5587606,0.0,0.0,0.0,0.0,0.0,1.9511178,0.0,0.0,0.48443848,0.0,0.13878627,1.53364,1.0399551,0.0,0.5936911,0.0,0.0,0.0,0.0,0.0,0.0,0.0,1.2369627,0.8468881,0.0,0.4301275,0.0,0.3384804,1.3670355,0.7268889,0.0,0.0,1.6767336,0.29115784,0.44646558,0.0,0.0,0.0,0.0,0.43533206,0.0,0.0,0.0,1.5812573,0.79919,0.0,1.2706153,0.45255303,0.37341666,0.0,0.0,0.8475163,1.4385474,0.0,0.0,0.69297785,0.6767303,0.4852825,0.0,0.0,0.7275889,0.41581422,0.69382703,1.3133258,0.0,0.0,0.0,0.0,0.81306154,0.43796647,0.0,0.0,0.5426294,0.0,4.371254,0.0,0.0,0.2424032,0.9155173,0.70354843,0.2792333,1.131668,0.6437982,0.0,0.0,0.0,0.8665944,0.0,0.0,0.0,0.57374495,0.49397212,0.09685616,0.33098,2.3485146,0.0,0.0,0.2768637,0.0,0.82748646,0.42047897,0.6344315,0.04234273,1.6408161,0.8769379,0.0,0.0,1.2214193,0.0,0.39588246,0.0,0.0,0.0,1.181343,0.0,0.48056152,0.4199579,1.1132323,0.0,0.0,1.2251762,0.0,0.13732511,0.0,1.3109262,1.3250489,1.095559,0.0,0.9531067,0.649661,0.84185374,0.76401556,0.0,1.600855,0.0,0.0,1
0.0,0.0,0.8909174,0.0,0.22980186,0.31419307,0.59533614,0.0,0.20543171,0.0,0.0,1.8142264,1.828377,1.238496,0.0,0.0,0.0,2.5632753,0.0,0.0,0.0,0.0,0.0,2.1534462,0.45126608,0.0,0.20232871,0.0,1.4367415,0.0,0.0,0.49348432,0.0,0.03948836,0.0,0.0,0.0,0.73425883,1.6455878,0.0,1.1734728,0.0,1.3649386,1.1670443,0.0,0.3841676,0.11604482,0.0,0.0,1.4538627,0.0,2.5580359,0.0,0.0,0.0,0.0,2.535134,0.0,2.4845839,0.30338392,0.31688735,0.25530922,0.0,2.216406,0.0,0.0,0.821164,0.0,0.1912697,0.93773746,0.0,0.0,0.0,0.0,0.030338306,0.0,1.3562639,1.3396908,0.0,0.0,0.0,0.0,0.0,0.4578823,1.2388285,0.0,0.0,1.1069556,0.0,0.0,1.4853474,0.0,0.0,0.0,3.1098213,2.4323082,0.23072185,0.69316536,0.0,0.58152467,0.044599213,0.0,0.13921739,0.0,0.6012737,0.0,0.0,0.0,0.0,0.0,0.9277351,0.0,0.9040107,0.0,1.0792773,3.3913596,0.7860912,1.4052194,0.09448012,0.13437456,0.0,0.0,0.0,0.0,0.0,3.0972528,0.0,0.0,0.7034479,0.0,0.2287757,1.9211842,2.0445192,0.0,0.10981193,0.0,0.0,0.0,0.32753614,0.0,0.0,0.0,1.4476379,0.0,0.6954269,0.100229725,0.0,0.0,0.8128932,0.9169613,0.0,0.0,1.82166,0.05783143,0.082208835,0.0,0.0,0.0,0.0,0.8208226,0.0,0.0,0.0,2.1605294,0.0,0.0,2.2356093,0.5980501,0.10410039,0.0,0.0,1.4258473,2.793444,0.0,0.0,0.9207408,0.93092096,2.2725556,0.0,0.0,0.94176054,0.27930483,0.9609337,1.8541154,0.0,0.0,0.12146737,0.0,0.462252,1.3895546,0.0,0.45156515,0.10062948,0.0,5.0945964,0.0,0.0,0.0,2.035891,2.1226614,0.0,0.0,1.223709,0.0,0.073078975,0.0,0.73925185,0.0,0.0,0.0,0.25288907,0.24846025,0.0,0.29806948,4.1633487,0.0,0.0,0.15582278,0.0,0.0,0.6471218,0.0,0.39356846,0.83185714,0.72168076,0.0,0.0,1.3331034,0.0,0.3975284,0.0,0.0,0.0,0.8291432,0.0,0.80392754,0.0,0.069980145,0.0,0.0,1.0747083,0.0,1.0041715,0.0,0.5160212,0.548124,1.5991831,0.0,1.1031586,1.7923671,1.6353022,0.24939044,0.0,0.12820314,0.094580345,0.0,1
0.0,0.0,1.5749118,0.510284,0.8935282,0.0,0.63135564,0.0,0.41316473,0.0,0.0,1.5586092,1.4712555,1.2558932,0.0,0.0,0.0,2.0579398,0.0,0.0,0.0,0.0,0.0,1.6031278,0.42684218,0.0,0.0,0.0,1.4151918,0.0,0.0,0.50262564,0.0,0.63747066,0.0,0.0,0.0,0.43952084,1.4830698,0.0,1.4610826,0.0,1.0965526,1.1628013,0.0,0.500077,0.0,0.0,0.0,1.4947634,0.0,1.8710172,0.0,0.0,0.0,0.0,2.109231,0.0,1.7906201,0.5425244,0.21374868,0.0,0.0,1.4997349,0.0,0.0,1.220598,0.0,0.4926706,0.6785859,0.0,0.29902843,0.0,0.0,0.0,0.0,1.2537794,1.4287053,0.13990466,0.0,0.0,0.0,0.0,0.39648134,1.6603345,0.0,0.0,1.1125913,0.0,0.0,1.441578,0.0,0.0,0.0,2.5750988,1.962579,0.0,1.1872889,0.0,0.6177175,0.0,0.0,0.594874,0.0,0.9625992,0.0,0.0,0.0,0.09809311,0.05519483,0.824767,0.0,0.47457448,0.05686489,0.86755806,2.2666724,1.4615169,1.0937902,0.41017583,0.72816783,0.0,0.0,0.0,0.0,0.0,2.9218366,0.0,0.0,0.59258515,0.0,0.043305,1.6412649,1.4570649,0.0,0.20496675,0.0,0.0,0.0,0.0,0.0,0.0,0.0,1.3877565,0.161143,0.0,0.25158107,0.0,0.53920573,0.83450145,0.59827596,0.0,0.0,1.6301924,0.0,0.63410634,0.0,0.0,0.0,0.0,1.133315,0.0,0.0,0.0,2.021368,0.3140757,0.0,2.0610452,0.91761464,0.7286517,0.0,0.0,1.105945,2.2573905,0.0,0.0,0.252822,0.71135193,1.4357388,0.0,0.0,1.0930202,0.5669303,1.0319799,0.96963036,0.0,0.0,0.27059966,0.0,0.45990542,0.4690585,0.0,0.4790057,0.09800637,0.0,4.766629,0.0,0.0,0.0,1.6383183,1.3702788,1.0691036,0.316247,1.6013272,0.0,0.0,0.0,0.41702542,0.0,0.0,0.0,0.26545572,0.09834357,0.0,0.5825189,3.473024,0.0,0.0,0.23210266,0.0,0.6851616,0.5376651,0.45832372,0.8447605,1.1285368,1.2542875,0.0,0.0,1.2704663,0.0,0.2759446,0.0,0.0,0.0,0.65821654,0.0,0.6274412,0.26721892,0.46136427,0.0,0.0,1.0250288,0.0,0.72667485,0.0,1.0402535,1.2081825,1.481936,0.0,1.0695493,1.0967543,0.8507517,0.5246544,0.0,0.5102532,0.0,0.0,1
0.0,0.0,1.0799645,0.08590644,0.8329811,0.0,0.54112315,0.0,0.47528362,0.0,0.0,1.536561,1.5105788,1.0449106,0.0,0.0,0.0,1.7364409,0.0,0.0,0.0,0.0,0.0,1.5223334,0.17671092,0.0,0.0,0.0,1.429845,0.0,0.0,0.26720166,0.0,0.15389256,0.0,0.0,0.0,0.49243513,1.4310762,0.0,1.270176,0.0,0.61763036,0.8862277,0.0,0.7790232,0.0,0.0,0.0,1.1793033,0.0,2.0239377,0.0,0.0,0.0,0.0,2.028061,0.0,1.6728231,0.78751075,0.9232704,0.0,0.0,1.4073031,0.0,0.0,1.3175832,0.0,0.24276476,0.65234303,0.0,0.32673338,0.0,0.0,0.29834312,0.0,1.6108962,1.4987243,0.0,0.0,0.0,0.0,0.0,0.3215899,1.2172723,0.0,0.0,1.1342287,0.0,0.0,1.0485742,0.0,0.0,0.0,2.3033533,2.0870087,0.0,0.85514694,0.0,0.38179776,0.11956731,0.0,0.27990428,0.0,0.9874956,0.0,0.0,0.0,0.1244466,0.0,0.78950554,0.0,0.31317347,0.5208151,0.947467,2.0780425,0.83112,1.2852167,0.11065877,0.67479765,0.0,0.0,0.0,0.0,0.0,2.3426623,0.0,0.0,0.44253647,0.0,0.21026774,1.8994905,1.8638328,0.0,0.0,0.0,0.0,0.0,0.26658377,0.0,0.0,0.0,1.709218,0.36429322,0.2011582,0.11637168,0.0,0.67668647,1.167411,0.6739772,0.0,0.0,1.7246429,0.17069978,0.38544306,0.0,0.0,0.0,0.0,0.6214991,0.0,0.0,0.0,2.1827002,0.4787535,0.0,1.8403912,0.775481,0.7530549,0.0,0.0,0.82902884,2.1392014,0.0,0.0,0.63216925,1.3112776,1.5379118,0.0,0.0,0.9442234,0.802038,0.5917228,1.1256605,0.0,0.0,0.05002892,0.0,0.7086944,0.9593803,0.0,0.0,0.34128708,0.0,4.5502644,0.0,0.0,0.0,1.4232858,1.2607946,0.6647223,0.53594136,1.6324036,0.0,0.0,0.0,0.7036919,0.0,0.0,0.0,0.20044143,0.43083763,0.0,0.2909521,3.172016,0.0,0.0,0.302995,0.0,0.0,0.5822308,0.3823583,0.28713715,1.3451697,1.2153951,0.0,0.0,1.2475284,0.0,0.17864521,0.0,0.0,0.0,1.020014,0.0,0.8870717,0.0,0.23520356,0.0,0.0,0.98832786,0.0,1.0897126,0.0,0.9032729,0.97710377,1.3210859,0.0,1.1850157,1.4960968,1.5433178,0.59361625,0.0,0.82285345,0.0473279,0.0,1
0.0,0.0,0.7256682,0.3739524,0.9282559,0.0,0.44172838,0.0,0.22291078,0.0,0.0,1.3169595,1.1048832,1.2156445,0.0,0.0,0.0,2.0853202,0.0,0.0,0.0,0.0,0.0,1.9904518,0.5356955,0.0,0.11567237,0.0,1.634334,0.0,0.0,0.5595103,0.0,0.0069067036,0.0,0.0,0.0,0.65073156,1.348975,0.0,1.2845312,0.0,0.7990147,0.70745915,0.0,0.4192678,0.0,0.0,0.0,0.9521183,0.0,1.7175719,0.0,0.0,0.0,0.0,1.7425967,0.0,1.5741838,0.87078285,0.4893985,0.0,0.0,1.6991546,0.0,0.0,1.1736009,0.0,0.018068425,0.7517029,0.0,0.0,0.0,0.0,0.41403648,0.0,1.3456345,1.0834312,0.1919146,0.0,0.0,0.0,0.0,0.36804184,1.3782555,0.0,0.0,1.2909228,0.0,0.0,0.93617165,0.0,0.0,0.0,3.1355338,1.4669083,0.0,0.9050482,0.0,0.71396625,0.0,0.0,0.6313758,0.0,0.8078859,0.0,0.0,0.0,0.036563482,0.14400348,0.8291611,0.0,0.5541713,0.25188553,0.6868904,2.3530843,0.83040535,0.94509524,0.35698134,0.7095318,0.0,0.0,0.0,0.0,0.0,2.2285864,0.0,0.0,0.40550685,0.0,0.33162996,1.8885722,1.07189,0.0,0.25696185,0.0,0.0,0.0,0.37738594,0.0,0.0,0.0,1.5412132,0.49744177,0.88053566,0.0,0.0,0.5923391,1.2631726,0.36865446,0.034433644,0.0,1.2447776,0.5470724,0.31543627,0.0,0.0,0.0,0.0,1.2102262,0.0,0.0,0.0,1.998143,0.019764708,0.0,1.8872805,0.598364,0.5233781,0.0,0.0,1.1529123,2.2901285,0.0,0.0,0.5604215,0.7919536,1.5191715,0.0,0.0,0.66108537,0.7154587,0.7775204,1.3282782,0.0,0.0,0.09583871,0.0,0.6073542,0.55045927,0.0,0.037079703,0.110961474,0.0,4.7976456,0.0,0.0,0.0,1.7615662,1.4547473,0.638686,0.41252393,0.70944935,0.0,0.0,0.0,0.3293166,0.0,0.0,0.0,0.5158518,0.16205789,0.0,0.43758056,2.970193,0.0,0.0,0.47899243,0.0,0.32354924,0.6470493,0.0,0.6026571,1.3827348,1.0016834,0.0,0.0,1.1092303,0.0,0.5066629,0.0,0.0,0.0,0.91260797,0.0,0.7974202,0.07768039,0.7126979,0.0,0.0,0.7273127,0.0,0.856683,0.0,0.8482354,1.3423077,1.398086,0.0,0.6614962,1.2251077,0.9612348,0.6387236,0.0,0.3500069,0.13041821,0.0,1
0.0,0.0,1.1571733,0.70968354,0.79494786,0.0,0.58154047,0.0,0.4328802,0.0,0.0,1.9597919,1.4023389,1.0340141,0.0027045724,0.0,0.0,2.1259742,0.0,0.0,0.0,0.0,0.0,2.264767,0.40315416,0.0,0.377816,0.0,1.2118075,0.0,0.0,0.5382841,0.0,0.2550499,0.0,0.0,0.0,0.4894308,1.7196833,0.0,1.1377668,0.0,0.32844764,1.3249954,0.0,0.62807894,0.0,0.0,0.0,1.171861,0.0,2.3583915,0.0,0.0,0.0,0.0,2.792304,0.0,2.199984,0.49180928,0.668448,0.0,0.0,1.235111,0.0,0.0,1.7508079,0.0,1.1456674,0.7297086,0.0,0.17163847,0.0,0.0,0.4022891,0.0,1.3611832,1.3764465,0.36892834,0.0,0.0,0.0,0.0,0.17603943,1.9131821,0.0,0.0,1.113555,0.0,0.0,1.3361341,0.0,0.0,0.0,2.6761482,2.327253,0.0,0.99677974,0.0,0.9795384,0.0,0.0,0.5972637,0.0,0.9978299,0.0,0.0,0.0,0.4566224,0.14608964,1.114076,0.0,0.7296998,0.07005616,0.36547065,2.5124466,1.7790015,1.4873687,0.76644367,1.4841012,0.0,0.0,0.0,0.0,0.0,2.5716457,0.0,0.0,0.24652988,0.0,0.0,1.9039252,1.6495993,0.0,0.18939489,0.0,0.0,0.0,0.1446112,0.0,0.0,0.0,1.7937193,0.0,0.64091384,0.41274428,0.0,0.0,1.3004423,0.7509681,0.0,0.0,2.016574,0.54646057,0.70865756,0.0,0.0,0.0,0.0,0.5872151,0.0,0.0,0.0,2.4035954,0.52348185,0.0,1.8386362,0.78972733,0.8977787,0.0,0.0,1.0952932,3.0477011,0.0,0.0,0.92505914,1.0380638,2.0920863,0.0,0.0,0.88819826,0.55677444,1.061433,1.1499656,0.28997216,0.0,0.0,0.0,0.97366494,0.6594218,0.0,0.0,0.3322451,0.0,5.083289,0.0,0.0,0.0,1.8657633,0.8341942,0.54080874,0.6562707,1.0835992,0.0,0.0,0.0,0.29575256,0.0,0.0,0.0,0.52853346,0.16799624,0.0,0.55192703,3.0865855,0.0,0.0,0.505584,0.0,0.390886,0.8308419,0.5727773,0.291062,1.0467653,1.0324631,0.0,0.0,1.7424359,0.0,0.09281623,0.0,0.0,0.0,0.4273322,0.0,0.94972914,0.2884576,0.4915585,0.0,0.0,0.95323133,0.0,1.2131058,0.0,0.7884518,0.80789745,1.4972061,0.0,1.2428725,0.94371754,1.6737384,0.5615749,0.0,0.67970526,0.14099887,0.0,1
0.0,0.0,1.2948358,1.0933446,1.5365674,0.04337389,1.035386,0.0,0.4643119,0.0,0.0,1.71889,0.97800505,1.3946301,0.0,0.0,0.0,1.987936,0.0,0.0,0.0,0.13365059,0.0,2.0659273,0.1232388,0.0,0.18281016,0.0,1.303855,0.0,0.0,0.57463706,0.0,1.146932,0.0,0.0,0.0,0.47805166,1.7311574,0.0,1.3526583,0.0,0.9739807,0.82253337,0.0,0.76194596,0.0,0.0,0.0,0.984817,0.0,1.9762822,0.0,0.0,0.0,0.0,2.285047,0.0,1.8425751,0.011785591,0.58843213,0.0,0.0,1.2006085,0.0,0.0,1.528716,0.0,0.38650715,0.32586035,0.0,0.0,0.0,0.0,1.122904,0.0,1.4138575,1.4923116,0.08718357,0.0,0.0,0.0,0.0,0.0,0.8613556,0.0,0.0,1.7186248,0.0,0.0,1.0260761,0.0,0.0,0.0,2.8932908,1.6423452,0.0,1.3593153,0.0,0.78861785,0.19274734,0.0,1.08229,0.0,1.3503957,0.0,0.0,0.0,0.33940834,0.66055197,0.96819293,0.0,0.7160848,0.2873727,0.5021245,2.6782467,0.60650927,1.1021408,0.5775956,0.3610297,0.0,0.0,0.0,0.0,0.0,2.4660208,0.0,0.0,0.7453528,0.0,0.2625054,1.3839809,1.4468117,0.0,0.0,0.0,0.0,0.0,0.69061834,0.0,0.0,0.0,1.8793359,0.5007469,0.765306,0.0,0.0,0.0,1.1527947,0.64471906,0.081081085,0.0,1.768342,0.4166664,0.46986243,0.0,0.0,0.0,0.0,0.94813377,0.0,0.0,0.0,1.7846348,0.8559737,0.0,2.2712438,0.7293246,0.6826218,0.0,0.0,1.2466112,2.3158476,0.0,0.0,0.91109586,0.98795015,1.6486822,0.0,0.0,0.829746,0.8817306,0.8219775,1.5206898,0.0,0.0,0.0,0.0,1.2411214,0.38479146,0.0,0.0,0.08206467,0.0,5.079361,0.0,0.0,0.0,1.8586986,1.9986675,0.47845477,0.37860608,1.0169874,0.0,0.12629698,0.0,0.20934328,0.0,0.0,0.0,0.17886877,0.27999198,0.0,0.3813623,2.8813682,0.0,0.0,0.60781217,0.0,0.29858226,0.66591364,0.34163535,0.2572442,1.4149753,1.2265735,0.0,0.0,1.3477976,0.0,1.1265696,0.0,0.0,0.0,0.5250619,0.0,0.8944797,0.49451116,0.3855253,0.0,0.0,1.0571572,0.0,0.8159473,0.0,1.2761095,1.3806876,1.0365198,0.0,0.867959,0.96698135,0.9870117,0.6615084,0.0,0.4654884,0.0,0.0,1
0.0,0.0,0.964934,0.61003226,1.0524068,0.0,0.44401333,0.0,0.17532238,0.0,0.0,1.2398787,1.5930145,1.0801276,0.0,0.0,0.0,1.9123834,0.0,0.0,0.0,0.11393534,0.0,2.25673,0.33432388,0.0,0.0,0.0,1.0091977,0.0,0.0,0.59349185,0.0,0.33751225,0.0,0.0,0.0,0.27177587,1.4768596,0.0,1.4440073,0.0,0.061914947,1.1602741,0.0,1.3651254,0.0,0.0,0.0,0.8942317,0.0,1.674208,0.0,0.0,0.0,0.0,2.3802097,0.0,1.4300952,0.9229601,0.4613175,0.0,0.0,1.6964529,0.0,0.0,1.1362466,0.0,0.28757715,0.9897942,0.0,0.53180563,0.0,0.0,0.22025394,0.0,1.7189215,1.3080226,0.27980807,0.0,0.0,0.0,0.0,0.12236904,1.0699817,0.0,0.0,0.8491742,0.0,0.0,1.3585589,0.0,0.0,0.0,2.8854291,2.182849,0.0,1.2602668,0.0,0.6009468,0.0,0.0,0.3977574,0.0,1.5315552,0.0,0.0,0.0,0.26984343,0.027509542,0.8660418,0.0,0.840022,0.45139584,0.9798198,2.6021817,1.5921234,1.3006196,0.5905971,0.5394408,0.0,0.0,0.0,0.0,0.0,2.26497,0.0,0.0,0.4733354,0.0,0.32542345,1.2989429,1.7285435,0.0,0.045921158,0.0,0.0,0.0,0.12688854,0.0,0.0,0.0,2.0476696,0.69645983,0.4031258,0.33278862,0.0,0.24709842,1.575252,0.47143602,0.0,0.0,1.2289451,0.38187188,0.65149206,0.0,0.0,0.0,0.0,0.8927184,0.0,0.0,0.0,2.3389416,0.825593,0.0,1.5538325,0.817935,0.62465775,0.0,0.0,0.7282448,2.4225109,0.0,0.0,0.5893049,0.7658052,1.8322967,0.0,0.0,0.18660066,0.38499153,0.9507912,1.3217497,0.0,0.0,0.0,0.0,0.78615975,0.08068318,0.0,0.0,0.0,0.0,5.0820293,0.0,0.0,0.030252349,1.7069006,0.8894471,0.4766894,0.9128622,1.559218,0.0,0.0,0.0,0.78115565,0.0,0.0,0.0,0.76839435,0.18372871,0.0,0.0,3.070109,0.0,0.0,0.71878445,0.0,0.5056643,0.7185376,0.32134604,0.6972587,0.9766174,0.5323188,0.0,0.0,1.568263,0.0,0.2606447,0.0,0.0,0.0,0.50378406,0.0,1.1776154,0.29016593,0.29099104,0.0,0.0,0.6821771,0.0,0.5999013,0.0,1.1305064,0.87155503,1.3026764,0.0,0.8604301,0.67710835,1.400574,0.8950045,0.0,0.6439426,0.18692952,0.0,1
0.0,0.0,1.3022264,0.0,1.0629208,0.3197933,0.8143715,0.0,0.4798927,0.0,0.0,1.4683554,1.1074625,1.3108741,0.0,0.0,0.0,2.2030487,0.0,0.0,0.0,0.0,0.0,2.2061284,0.37315166,0.0,0.0,0.008280853,1.4288808,0.0,0.0,0.5466642,0.0,0.0,0.0,0.0,0.0,0.6957704,1.4933805,0.0,1.1128265,0.0,0.49378052,1.1593555,0.0,0.74576265,0.0,0.0,0.0,0.8026773,0.0,2.1942747,0.0,0.0,0.0,0.0,2.4864411,0.0,2.0704277,0.372974,0.44553313,0.0,0.0,1.9282184,0.0,0.0,0.98464215,0.0,0.4506242,0.8648864,0.0,0.34676906,0.0,0.0,0.2162023,0.0,1.5878826,1.2909802,0.4792553,0.0,0.0,0.0,0.0,0.6363937,1.1184399,0.0,0.0,1.0482706,0.0,0.0,1.5909295,0.0,0.0,0.0,2.7832208,2.4959466,0.0,1.2534983,0.0,0.5524362,0.0,0.0,0.8083841,0.0,1.1331987,0.0,0.0,0.0,0.2649596,0.0,1.3146727,0.0,0.9982872,0.11439904,1.2521695,2.843114,0.32711378,1.0568184,0.16540605,0.6777158,0.0,0.0,0.0,0.0,0.0,2.8736732,0.0,0.0,0.7432982,0.0,0.0,1.4300945,1.8682393,0.0,0.20870996,0.0,0.0,0.0,0.08005247,0.0,0.0,0.0,1.4416966,0.3848982,0.56209505,0.0,0.0,0.43318152,1.455012,0.8599613,0.0,0.0,1.9256682,0.2532379,0.23983546,0.0,0.0,0.07593097,0.0,0.80688345,0.0,0.0,0.0,2.5422735,0.5196041,0.0,2.3348703,0.8137441,0.24347629,0.0,0.0,1.1982576,2.4520504,0.0,0.0,0.7433559,0.7601537,1.9249848,0.0,0.0,1.1843741,0.12396147,0.7458931,2.2947419,0.0,0.0,0.0,0.0,0.55367756,0.5360273,0.0,0.0,0.37947965,0.0,4.4213166,0.0,0.0,0.17421259,1.6651342,1.5894742,0.18896505,0.27949008,1.3722925,0.0,0.0,0.0,0.88949364,0.0,0.0,0.0,0.7559152,0.1458915,0.0,0.71206105,3.7727547,0.0,0.0,0.5324909,0.0,0.20632702,0.8895703,0.17743099,0.403386,1.108955,0.9792697,0.0,0.0,0.9414005,0.0,0.97744477,0.0,0.0,0.0,1.2367932,0.0,1.0686758,0.14095145,0.6106418,0.0,0.0,0.7937007,0.0,1.1637868,0.0,0.6877187,1.1012408,1.5565038,0.0,1.0290779,1.0384581,1.9248104,0.9650165,0.0,0.69068563,0.09286281,0.0,1
0.0,0.0,0.77775794,0.37673998,1.5182424,0.0,0.29594555,0.0,0.31431577,0.0,0.0,1.2020926,0.99388534,0.6419981,0.25187305,0.0,0.0,1.3328803,0.0,0.0,0.23479238,0.0,0.0,1.6756178,0.3729407,0.0,0.0,0.0,1.0371234,0.0,0.0,0.5935127,0.0,0.0,0.0,0.0,0.0,0.21858126,1.4761049,0.0,1.0759002,0.0,0.62588316,0.4885512,0.0,1.4819069,0.0,0.0,0.0,1.3848871,0.0,1.7330868,0.0,0.0,0.0,0.0,0.91045856,0.0,0.9701596,0.7706936,0.3672751,0.0,0.0,1.1825423,0.0,0.0,0.62793213,0.0,0.3152776,0.9461444,0.0,0.77017385,0.0,0.0,0.50123376,0.09631469,1.8495157,0.92313796,0.38432112,0.0,0.0,0.0,0.0,0.0,0.86302316,0.0,0.0,1.7980613,0.0,0.0,1.0292782,0.0,0.0,0.0,2.605888,1.9708304,0.0,0.9543009,0.0,0.31757012,0.0,0.0,0.6405145,0.0,1.2132007,0.0,0.0,0.0,0.07708612,0.81295764,0.44626242,0.0,0.7296897,1.1953083,0.5122025,0.7483253,0.8781377,0.62791634,0.6599975,1.8241944,0.0,0.0,0.0,0.0,0.0,1.7656653,0.0,0.0,0.4103555,0.017699214,0.21599041,1.8056264,1.1801947,0.0,0.30961668,0.0,0.0,0.0,0.0,0.0,0.0,0.0,1.0710654,0.28787714,0.0,0.23305805,0.0,0.83705854,1.262637,0.735616,0.0,0.0,1.2733583,0.67024064,0.15174957,0.0,0.0,0.0,0.0,0.0859467,0.0,0.0,0.0,1.9280795,0.7365636,0.0,1.2362254,0.5669343,0.60768044,0.0,0.0,0.5060799,1.2957695,0.0,0.0,0.36675414,1.091724,0.8090558,0.0,0.0,0.65432125,0.37605694,0.49852407,0.4289489,0.0,0.0,0.0,0.0,0.8940153,0.54109657,0.0,0.0,0.22307937,0.0,4.5284176,0.0,0.0,0.0,1.2889209,1.1618388,0.7540065,0.749084,0.95572037,0.0,0.0,0.0,1.0170087,0.0,0.0,0.0,0.21805975,0.6729776,0.0,0.12749997,2.858018,0.0,0.0,0.23824315,0.0,0.30021405,0.9040552,0.25148666,0.1649194,1.2207296,1.1813519,0.0,0.0,1.6027892,0.0,0.30226418,0.0,0.0,0.0,0.32804883,0.0,0.8929815,0.0,0.7150989,0.0,0.0,1.142068,0.0,0.0,0.0,0.89890736,1.3776602,1.0503206,0.0,1.160711,0.47115153,1.2306045,0.38273284,0.0,2.0148325,0.21565062,0.0,1
0.0,0.0,0.53083456,0.0,1.3029866,0.0,0.49776855,0.0,0.38774595,0.0,0.0,0.9407716,0.6918993,1.0283587,0.32970387,0.0,0.0,1.6395849,0.0,0.0,0.95716757,0.0,0.0,1.6716089,0.27223894,0.0,0.0,0.3634722,1.2696486,0.0,0.0,0.8320009,0.0,0.0,0.0,0.0,0.0,0.3136314,1.5111377,0.0,1.217972,0.0,0.08100814,1.103574,0.0,0.8122164,0.0,0.0,0.0,1.2095598,0.0,1.9325262,0.0,0.0,0.0,0.0,1.0013244,0.0,1.2331578,0.91218984,0.16704528,0.0,0.0,1.499862,0.0,0.0,0.76576,0.072392136,0.73751086,0.87138265,0.0,0.68947464,0.0,0.0,0.26859346,0.0,1.8846879,1.7171878,0.23847915,0.0,0.0,0.0,0.0,0.0,0.9565501,0.0,0.0,1.3275539,0.0,0.0,0.9230831,0.0,0.0,0.0,2.706078,1.5739772,0.0,0.907938,0.0,0.31220412,0.0,0.0,0.73293257,0.0,0.5412063,0.0,0.0,0.0,0.48770577,0.90398616,0.51807463,0.0,0.69246966,1.1956804,0.83838063,1.3445145,1.1548213,0.21333508,0.43392015,1.4677477,0.0,0.0,0.0,0.0,0.0,2.7575405,0.0,0.0,0.8082668,0.0,0.13049223,1.8962458,1.2112963,0.0,0.5996227,0.0,0.0,0.0,0.0,0.0,0.0,0.0,1.495581,0.6085032,0.0,0.52771133,0.0,0.27734673,1.0596018,1.0292364,0.0,0.0,1.6761432,0.26557988,0.60570395,0.0,0.0,0.0,0.0,0.067183785,0.0,0.0,0.0,1.7810178,0.5325323,0.0,1.5775683,0.7166415,0.98003256,0.0,0.0,0.69432527,1.5281465,0.0,0.0,0.5836988,1.0205257,0.55002433,0.0,0.0,0.8411532,0.4205762,0.5170208,0.81233275,0.0,0.0,0.38324612,0.0,0.70971984,0.36583623,0.0,0.0,0.39695513,0.0,4.2448783,0.0,0.0,0.0,1.3520286,1.1081496,0.9409797,1.5158732,0.57862383,0.0,0.0,0.0,0.7713479,0.0,0.0,0.0,0.9293392,0.63440806,0.15385243,0.0,2.5414286,0.0,0.0,0.25257662,0.0,0.76663804,0.2564506,0.20307791,0.35726306,1.6322714,0.78397167,0.0,0.0,1.5740521,0.0,0.26614746,0.0,0.0,0.0,1.2910565,0.0,0.93154705,0.0,1.5013703,0.0,0.0,1.4780254,0.0,0.19677573,0.0,1.1898834,1.679073,1.374759,0.0,1.137655,0.5626936,0.5691658,0.57686967,0.0,1.6741226,0.0,0.0,1
0.0,0.0,0.48671335,0.029264415,1.738772,0.0,0.44034758,0.0,0.49548987,0.0,0.0,1.5478561,1.1659213,0.2666926,0.0,0.0,0.0,1.5383222,0.0,0.0,0.0,0.0,0.0,2.2593598,0.0,0.0,0.0,0.09224982,0.77573293,0.0,0.0,0.60564876,0.0,0.0,0.0,0.0,0.0,0.0,1.1968205,0.0,0.6229184,0.0,0.9487343,0.2795321,0.0,0.7000816,0.0,0.0,0.0,0.81325436,0.0,1.5149227,0.0,0.0,0.0,0.0,1.2154957,0.0,1.5819838,1.0882441,0.26298362,0.0,0.0,1.3070644,0.0,0.0,0.67696786,0.0,0.5114281,1.3438004,0.0,0.52750283,0.0,0.0,0.3437981,0.0,2.221995,0.4605262,0.24564563,0.0,0.0,0.0,0.0,0.40549576,1.2033129,0.0,0.0,2.0789645,0.0,0.0,0.4133321,0.0,0.0,0.0,2.3112938,1.5384454,0.0,1.3703047,0.0,0.96316046,0.0,0.0,0.6739117,0.0,0.79040086,0.0,0.0,0.0,0.5255071,0.58417135,0.15591678,0.0,0.8321857,0.8391665,1.1762466,1.9915015,1.119575,0.99633753,0.56984484,1.8004743,0.0,0.0,0.0,0.0,0.0,2.4852726,0.0,0.0,0.042846557,0.0,0.11737091,1.1617768,0.7877044,0.0,0.33035648,0.0,0.0,0.0,0.0,0.0,0.0,0.0,1.1336856,0.44254595,0.42115065,0.6536916,0.0,0.08787331,1.4270695,0.55250496,0.0,0.0,1.4274899,0.1555435,0.66472167,0.0,0.0,0.0,0.0,0.6948603,0.0,0.0,0.0,1.792115,0.23127665,0.0,1.1359214,0.7846391,0.8516245,0.0,0.0,1.5767152,2.0859625,0.0,0.0,0.6977387,0.87956804,1.4538349,0.0,0.0,0.6238129,0.6074117,0.2540426,1.3720998,0.21011612,0.0,0.5779395,0.0,0.8438654,0.64588344,0.0,0.23200391,0.08684908,0.0,4.7079964,0.0,0.0,0.0,1.0318162,1.1937,0.36782846,0.46382672,0.26812187,0.0041543674,0.0,0.0,0.2887849,0.0,0.0,0.0,0.33076227,0.65887636,0.0,0.16691539,2.750122,0.0,0.0,0.5559623,0.0,0.8694925,0.5893081,0.41793805,0.41691163,0.840616,1.2825046,0.0,0.0,1.7762023,0.0,0.11030501,0.0,0.0,0.0,0.7737724,0.0,0.6808322,0.37829176,1.0017029,0.0,0.0,0.5205865,0.0,0.3553294,0.0,1.1097409,1.2267846,0.7566776,0.0,0.96722466,1.0461546,1.6013026,0.66995156,0.0,1.3135873,0.36816564,0.0,1
0.0,0.0,0.97024447,0.8512096,1.2866106,0.12273896,0.25241467,0.0,0.23260573,0.0,0.0,1.8829998,1.5064509,0.80099756,0.0,0.0,0.0,1.8319772,0.0,0.0,0.0,0.0,0.0,2.252615,0.5175139,0.0,0.33721122,0.0,1.1081041,0.0,0.0,0.47472274,0.0,0.2019016,0.0,0.0,0.0,0.5405969,1.3537107,0.0,0.92207164,0.0,1.4626615,1.0875114,0.0,1.0800272,0.0,0.0,0.0,1.3217229,0.0,1.4077119,0.0,0.0,0.0,0.0,1.9137104,0.0,1.6296169,0.7011662,0.8488802,0.0,0.0,1.2458918,0.0,0.0,1.0149438,0.0,0.42105246,0.28346276,0.0,0.25238797,0.0,0.0,0.40949786,0.0,1.1163545,1.6820818,0.4054106,0.0,0.0,0.0,0.0,0.14161901,0.47384083,0.0,0.0,1.6448127,0.0,0.0,0.6004812,0.0,0.0,0.0,3.0234613,1.591418,0.0,1.1826344,0.0,1.038006,0.33960494,0.0,1.1078128,0.0,1.3159688,0.0,0.0,0.0,0.0,0.0,0.7415263,0.0,0.8367784,0.18823008,0.30261135,2.359061,0.711838,0.80496156,0.61844474,1.3710101,0.0,0.0,0.0,0.0,0.0,2.1421845,0.0,0.0,0.343643,0.0,0.38480437,1.4746484,1.2438258,0.0,0.09464971,0.0,0.0,0.0,0.39825338,0.0,0.0,0.0,1.6923549,0.0,0.5994654,0.52622586,0.0,0.4984183,1.7317575,0.444886,0.0,0.0,1.592168,0.5508246,0.38066122,0.0,0.0,0.0,0.0,1.353818,0.0,0.0,0.0,2.2139554,0.8262851,0.0,1.5834744,0.5129299,0.7370852,0.0,0.0,1.1427935,2.3841345,0.0,0.0,0.67436343,1.4158483,2.0669506,0.0,0.0,0.574795,0.7817728,0.49994615,1.3258969,0.0,0.0,0.0,0.0,0.48018894,0.5481565,0.0,0.6281045,0.33875075,0.0,5.2107496,0.0,0.0,0.0,1.5171248,1.5952473,0.4446167,0.23382275,1.3764751,0.0,0.0,0.0,1.0724579,0.0,0.0,0.0,0.6770848,0.34692118,0.0,0.27545923,2.824464,0.0,0.0,0.6503079,0.0,0.114068314,0.843268,0.3393085,0.4479943,1.2320424,1.185804,0.0,0.0,1.3806334,0.0,0.36885113,0.0,0.0,0.0,0.0,0.0,1.0681028,0.0607849,0.59571284,0.0,0.0,0.7975119,0.0,1.3115788,0.0,0.95784444,1.1034096,1.578974,0.0,0.6032877,0.8379143,1.3096265,0.8499235,0.0,0.9630104,0.0,0.0,1
0.0,0.0,0.9962102,0.5891555,1.2848172,0.0,0.053512733,0.0,0.06498979,0.0,0.0,1.5501436,1.7947352,1.034706,0.0,0.0,0.0,1.7419269,0.0,0.0,0.0,0.0,0.0,1.9534074,0.37249982,0.0,0.3090599,0.0,0.6674077,0.0,0.0,0.42447948,0.0,0.0,0.0,0.0,0.0,0.19528945,0.7650119,0.0,1.2961019,0.0,1.0533376,1.0890883,0.0,1.1430167,0.0,0.0,0.0,1.5621351,0.0,1.4571238,0.0,0.0,0.0,0.0,1.7917403,0.0,1.2799217,1.3592304,0.36663133,0.19991717,0.0,1.4228894,0.0,0.0,0.784934,0.0,0.7203368,0.6668433,0.0,0.70729226,0.0,0.0,0.53119606,0.0,1.5837357,0.96368074,0.32688493,0.0,0.0,0.0,0.0,0.9160523,0.92758125,0.0,0.0,0.96044755,0.0,0.0,1.1759797,0.0,0.0,0.0,2.2044919,1.7212644,0.0,1.2657651,0.0,0.76102096,0.0,0.0,0.61572087,0.0,1.2868859,0.0,0.0,0.0,0.6096343,0.37454367,0.770352,0.0,0.94240886,0.5820483,1.1896912,1.8310851,0.8465078,1.1661052,0.7323688,0.83230615,0.0,0.0,0.0,0.0,0.0,2.5030363,0.0,0.0,0.41993052,0.0,0.3200561,1.5395265,1.3341291,0.0,0.15514112,0.0,0.0,0.0,0.0,0.0,0.0,0.0,1.5527074,0.30174154,0.291777,0.3659793,0.0,0.6153338,1.8755251,0.5017206,0.0,0.0,1.5925717,0.4240859,0.45822135,0.0,0.0,0.0,0.0,0.95831037,0.0,0.0,0.0,1.8081913,0.19508798,0.0,1.3068802,0.61295074,0.50660664,0.0,0.0,1.0854473,1.6090312,0.0,0.0,0.75757307,0.81393015,1.2463366,0.0,0.0,0.5613462,0.42102545,0.5365555,1.4628273,0.0,0.0,0.36066425,0.0,1.0350147,0.4754633,0.0,0.33094406,0.10202043,0.0,4.573948,0.0,0.0,0.0,1.2304816,0.96752053,0.15881218,0.81912214,1.3614181,0.0,0.0,0.0,0.92992795,0.0,0.0,0.0,0.5924333,0.52768886,0.0,0.02586861,3.036069,0.0,0.0,0.29677513,0.0,0.77654773,1.0487679,0.54606616,0.43334028,0.9829406,1.1911818,0.0,0.0,1.5401402,0.0,0.023447344,0.0,0.0,0.0,0.44912264,0.0,0.51545376,0.21933725,0.7127944,0.0,0.0,0.53041756,0.0,0.0,0.057091765,0.3999898,0.97318083,0.9474537,0.0,1.1844773,1.4040754,1.0300845,0.8762938,0.0,0.31234893,0.56750643,0.0,1
0.0,0.0,0.97049356,0.47247106,1.0868577,0.0,0.5022843,0.0,0.41460052,0.0,0.0,1.4485943,0.9731003,0.9510909,0.0,0.0,0.0,1.5967263,0.0,0.0,0.0,0.0,0.0,1.7589263,0.9034966,0.0,0.14356157,0.0,1.1500268,0.0,0.0,0.6244866,0.0,0.27837452,0.0,0.0,0.0,0.5101481,1.2449609,0.0,0.85655016,0.0,0.94876486,0.72897893,0.0,1.1595302,0.0,0.0,0.0,1.3481731,0.0,1.7484437,0.0,0.0,0.0,0.0,1.5443678,0.0,1.6477293,0.7409516,0.19877972,0.0,0.0,1.5681967,0.0,0.0,0.8110198,0.0,0.48083672,0.94440395,0.0,0.60226834,0.0,0.0,0.3295856,0.0,1.554973,1.0843298,0.1233202,0.0,0.0,0.0,0.0,0.29482388,0.8970803,0.0,0.0,1.9261323,0.0,0.0,1.1451875,0.0,0.0,0.0,2.2232027,1.683428,0.0,0.87372214,0.0,0.56872666,0.0,0.0,0.6941283,0.0,1.0831515,0.0,0.0,0.0,0.18196218,0.3832815,0.32244146,0.0,0.92531365,0.75210506,0.93438876,1.6648576,0.9753221,0.6408326,0.2979557,1.1926317,0.0,0.0,0.0,0.0,0.0,3.1055589,0.0,0.0,0.68917364,0.0,0.15970533,1.7514373,1.1728642,0.0,0.15866734,0.0,0.0,0.0,0.0,0.0,0.0,0.0,1.0519027,0.10299337,0.050181016,0.37748832,0.0,0.3577587,0.803656,0.820532,0.0,0.0,1.6900965,0.22805063,0.50896204,0.0,0.0,0.0,0.0,0.5120731,0.0,0.0,0.0,1.5577557,0.34522307,0.0,1.7698175,0.73785895,0.7284675,0.0,0.0,0.9642957,1.8239536,0.0,0.0,0.33553797,0.7781516,1.4944052,0.0,0.0,0.709476,0.3467024,0.52157855,1.2125481,0.0,0.0,0.0,0.0,0.65303576,0.6329621,0.0,0.0,0.2411796,0.0,4.2379227,0.0,0.0,0.0,1.4051368,1.3288587,0.68783295,0.43483266,0.70921624,0.0,0.0,0.0,0.6452253,0.0,0.0,0.0,0.26246193,0.39528987,0.0,0.43042287,3.2074733,0.0,0.0,0.14606297,0.0,0.59397924,0.6939665,0.37815243,0.19885978,1.1971043,1.1597921,0.0,0.0,1.4316114,0.0,0.4815835,0.0,0.0,0.0,0.6598514,0.0,0.86936194,0.0,0.9377315,0.0,0.0,1.0329741,0.0,0.8280627,0.0,1.0222658,0.99006575,0.82704276,0.0,1.452405,1.1159079,1.2406454,0.6253806,0.0,1.407072,0.010360206,0.0,1
0.0,0.0,0.9631127,0.5054663,0.895346,0.41230303,0.7536019,0.0,0.36105716,0.0,0.0,0.9411466,0.92052287,0.9401208,0.0,0.0,0.0,1.7142297,0.0,0.0,0.06603983,0.0,0.0,1.6088024,0.17455412,0.0,0.19023702,0.0,1.4926742,0.0,0.0,0.36869952,0.0,0.0,0.0,0.0,0.0,0.59810966,0.77884203,0.0,1.5474396,0.0,1.1943297,0.55329764,0.0,0.43593737,0.0,0.0,0.0,1.1207774,0.0,1.8001525,0.0,0.0,0.0,0.0,1.7138816,0.0,1.4043359,0.67883235,0.33418223,0.0,0.0,1.5677893,0.0,0.0,0.8841846,0.0,0.27976775,0.51737624,0.0,0.5221955,0.0,0.0,0.3163321,0.0,1.4986979,0.8984725,0.3944869,0.0,0.0,0.0,0.0,0.09466687,1.1233977,0.0,0.0,0.9443412,0.0,0.0,0.7189984,0.0,0.0,0.0,2.873433,1.3044696,0.0,0.6627107,0.0,0.62999696,0.02417735,0.0,0.43336397,0.0,0.8056645,0.0,0.0,0.0,0.20654161,0.0,0.9100234,0.0,0.6799258,0.39921188,0.33610147,2.0638258,0.6710005,1.453981,0.119454734,0.34960523,0.0,0.0,0.0,0.0,0.0,2.127808,0.0,0.0,0.7380986,0.0,0.018965771,1.6164532,1.5073006,0.0,0.15547764,0.0,0.0,0.0,0.050301656,0.0,0.0,0.0,1.0827556,0.2912146,0.6297931,0.15815844,0.0,0.63146037,1.5628723,0.74912137,0.0,0.0,1.2129973,0.16417122,0.15600647,0.0,0.0,0.0,0.0,0.86864364,0.0,0.0,0.0,2.0485601,0.16475724,0.0,1.7270942,0.5594108,0.4273147,0.0,0.0,0.66264254,1.5714146,0.0,0.0,0.61541235,0.86793816,1.2755879,0.0,0.0,0.6123572,0.6690526,0.95891297,1.0213362,0.0,0.0,0.0,0.0,0.77008045,0.6003366,0.0,0.0,0.2422275,0.0,4.277587,0.0,0.0,0.0,1.3272228,1.4488604,0.0,0.37131572,1.0781027,0.0,0.0,0.0,0.3512183,0.0,0.0,0.0,0.30212122,0.581183,0.0,0.29649553,2.9702268,0.0,0.0,0.6812351,0.0,0.123566926,1.0758497,0.32530975,0.506252,1.3320374,0.9937316,0.0,0.0,1.1584622,0.0,0.6700991,0.0,0.0,0.0,0.7825026,0.0,0.36632255,0.0,0.46663943,0.0,0.0,0.5893153,0.0,0.50303954,0.0,0.43985498,1.1705872,0.96213305,0.0,1.0331105,1.0065825,0.8716259,0.48121572,0.0,0.53426474,0.30652377,0.0,1
0.0,0.0,1.3443191,0.0,0.3014532,0.0,0.25740203,0.0,0.13852145,0.0,0.0,1.9175792,2.8781872,0.9013499,0.0,0.0,0.0,2.0070598,0.0,0.0,0.0,0.0,0.0,2.7808123,0.06318727,0.0,0.15623394,0.0,0.15096582,0.0,0.0,0.33936688,0.0,0.0,0.0,0.0,0.0,0.4047294,1.1078074,0.0,0.93492943,0.0,0.0,1.262318,0.0,0.71290195,0.0,0.0,0.0,1.3317907,0.0,2.7342274,0.0,0.097782396,0.0,0.0,2.757376,0.11113201,2.5052998,1.3279649,0.304157,1.0478928,0.0,1.3237324,0.0,0.0,0.0,0.0,0.7015901,1.8216169,0.0,0.8024972,0.0,0.0,0.26818934,0.0,1.7219424,0.52889025,0.0,0.0,0.0,0.0,0.0,0.4847959,0.9031213,0.0,0.0,1.044649,0.0,0.0,1.0134214,0.0,0.0,0.0,2.515109,2.6992714,0.0,2.000169,0.013123708,0.7100628,0.0,0.0,0.6881232,0.0,1.4664104,0.0,0.0,0.0,0.46253234,0.0,1.4484763,0.0,1.3935,1.1295936,0.7386573,3.6818333,0.8979411,1.9555773,0.31596133,0.8973147,0.0,0.0,0.0,0.0,0.0,3.1984854,0.0,0.0,0.06544285,0.0,0.50229615,1.7709578,1.687921,0.0,0.6257199,0.0,0.0,0.0,0.5931404,0.0,0.0,0.0,2.4100096,0.8975374,0.50190485,1.88965,0.0,0.0,1.8787124,0.487673,0.02792359,0.0,2.1352568,0.0,0.9162988,0.0,0.0,0.0,0.0,0.8834232,0.0,0.0,0.0,2.586347,0.0,0.0,1.8920952,0.752447,0.22476178,0.0,0.0,2.223049,2.4138806,0.0,0.0,1.6090659,1.0090673,1.0936453,0.0,0.0,0.23238276,0.69508773,0.065943986,1.9147631,0.0,0.0,0.0,0.0,0.8345215,0.106751926,0.0,0.0,0.0,0.0,6.020017,0.0,0.0,0.0,0.39078894,0.43815118,0.1182664,1.4940321,1.9874736,0.0,0.0,0.0,0.0,0.0,0.0,0.0,0.4652233,0.44430572,0.0,0.0,4.118858,0.0,0.0,0.35267207,0.0,1.4212782,0.21245165,0.018405909,0.78545874,0.26529357,1.0409966,0.0,0.0,2.235725,0.0,0.0,0.0,0.0,0.0,1.154745,0.0,1.4747914,0.0,1.0387897,0.0,0.0,0.43293497,0.0,1.5761713,0.0,1.0152016,0.84335786,0.9154096,0.0,1.3949293,0.89835745,1.4295075,0.38179293,0.0,1.2217396,0.2011283,0.19041523,1
0.0,0.0,1.0788544,0.72210836,0.8989381,0.0,0.47200796,0.0,0.18738368,0.0,0.0,1.5249494,0.9420303,1.287617,0.0,0.0,0.0,1.7647616,0.0,0.0,0.0,0.0,0.0,1.6082662,0.23805925,0.0,0.28392735,0.0,1.1285509,0.0,0.0,0.6579613,0.0,0.1596957,0.0,0.0,0.0,0.61796355,1.2166158,0.0,1.3453631,0.0,1.0549781,1.2671847,0.0,0.6668567,0.0,0.0,0.0,1.3846447,0.0,2.2219794,0.0,0.0,0.0,0.0,1.7842121,0.0,1.8287307,0.5119766,0.21138014,0.0,0.0,1.4848802,0.0,0.0,1.4429299,0.0,0.4719558,0.71427345,0.0,0.24873811,0.0,0.0,0.60365903,0.0,1.1800833,1.1274613,0.16002952,0.0,0.0,0.0,0.0,0.7541318,1.4675618,0.0,0.0,1.3571461,0.0,0.0,1.6022582,0.0,0.0,0.0,2.63632,1.6487195,0.0,0.6341122,0.0,0.8809594,0.0,0.0,0.7233352,0.0,0.8028323,0.0,0.0,0.0,0.29973575,0.12866727,0.71577233,0.0,0.71623176,0.10902932,1.0393008,2.3746493,1.0457023,0.88193953,0.3066826,0.8346646,0.0,0.0,0.0,0.0,0.0,2.9908235,0.0,0.0,0.3027827,0.0,0.33928764,1.6115874,1.4192243,0.0,0.08120111,0.0,0.0,0.0,0.0,0.0,0.0,0.0,1.1205082,0.22229606,0.12837341,0.18145253,0.0,0.25593755,0.6544124,0.66890424,0.0,0.0,1.3338937,0.7259808,0.1685837,0.0,0.0,0.0,0.0,0.9892507,0.0,0.0,0.0,1.4038031,0.17501937,0.0,1.6907983,0.72749245,0.5799217,0.0,0.0,0.7727848,2.384836,0.0,0.0,0.3603015,1.0323544,1.8343939,0.0,0.0,1.1108531,0.49364728,0.6463107,1.0996692,0.0,0.0,0.2332537,0.0,0.66591656,0.6652071,0.0,0.16597958,0.16234711,0.0,4.3611856,0.0,0.0,0.0,1.4623699,1.1005431,0.6933564,0.37853423,0.98678607,0.0,0.0,0.0,0.2699766,0.0,0.0,0.0,0.40478277,0.4064166,0.0,0.4278687,3.5556908,0.0,0.0,0.43796805,0.0,0.7695782,1.0578126,0.44009048,0.20121121,1.0678842,1.129562,0.0,0.0,1.216755,0.0,0.46178275,0.0,0.0,0.0,1.0140723,0.0,0.53053486,0.25490928,0.20571268,0.0,0.0,0.85056394,0.0,0.78292847,0.0,1.229611,0.8219054,1.0702667,0.0,1.2249095,1.3191638,1.0105389,0.43634456,0.0,0.30202624,0.28371832,0.0,1
0.0,0.0,1.2150667,0.12819175,0.29158533,0.08257135,1.2088107,0.0,0.15297323,0.0,0.0,2.3541481,1.9280268,1.7271273,0.0,0.0,0.0,2.3609004,0.0,0.0,0.0,0.0,0.0,1.9992614,0.73062587,0.0,0.0,0.0,1.5495404,0.0,0.0,0.5346979,0.0,0.116415545,0.0,0.0,0.0,0.79209477,1.9194521,0.0,1.4454666,0.0,0.88555753,1.4448807,0.0,0.47517166,0.0,0.0,0.0,1.7926118,0.0,2.5836394,0.0,0.0,0.0,0.0,2.6784523,0.0,2.8398304,0.085424505,0.111981176,0.0,0.0,2.234454,0.0,0.0,1.6819011,0.0,0.0,1.0133097,0.0,0.36622235,0.040604353,0.0,0.16132414,0.0,1.5790863,1.7351023,0.0,0.0,0.0,0.0,0.0,0.45955953,1.5479251,0.0,0.0,0.96298575,0.0,0.0,1.7463994,0.0,0.0,0.0,3.4684913,2.8428288,0.0,0.810275,0.0,0.7634345,0.14171736,0.0,0.22789565,0.0,0.60326374,0.0,0.0,0.0,0.0,0.0,1.380983,0.0,0.78307366,0.0,1.2171708,3.366051,0.97466844,0.94971305,0.038585953,0.6063456,0.0,0.0,0.0,0.0,0.0,2.928621,0.0,0.0,0.8625548,0.0,0.06260874,1.9973183,1.8745887,0.0,0.10538348,0.0,0.0,0.0,0.14899758,0.0,0.0,0.0,1.5332488,0.15806311,0.114043936,0.55256563,0.0,0.27421483,0.89031196,1.1822687,0.0,0.0,2.1270878,0.4291697,0.3259153,0.0,0.0,0.0,0.0,0.8977744,0.0,0.0,0.0,3.1141229,0.0,0.0,3.0308082,0.95130193,0.0,0.0,0.0,1.4199946,3.0106423,0.0,0.0,1.1909274,0.8986327,2.298239,0.0,0.0,1.3637168,0.77067524,1.2585248,1.708484,0.19319701,0.0,0.0,0.0,0.0,0.961093,0.0,0.28750947,0.22505447,0.0,5.3866997,0.0,0.0,0.05372132,1.7075288,1.6593151,0.06282619,0.24716534,2.274634,0.0,0.0,0.0,0.44892803,0.0,0.0,0.0,0.3053928,0.0,0.0,0.3193681,4.868516,0.0,0.0,0.11885247,0.0,0.11180276,1.2725016,0.0,0.53328043,0.66098124,1.3653959,0.0,0.0,1.1932433,0.0,0.54318196,0.0,0.0,0.0,0.7610914,0.0,0.6476583,0.06002889,0.0,0.0,0.0,1.5067521,0.0,1.3717507,0.0,0.86270577,0.4740928,1.8063881,0.0,1.4657266,1.3350483,2.0930226,0.0,0.0,0.45807824,0.0,0.0,1
0.0,0.0,1.4442037,0.0,0.51845217,0.0,0.97121525,0.0,0.23196161,0.0,0.0,2.028414,1.5429552,1.2234188,0.0,0.0,0.0,2.3975468,0.0,0.0,0.0,0.0,0.0,2.0897295,0.6992122,0.0,0.0,0.0,1.4948268,0.0,0.0,0.54313713,0.0,0.031951055,0.0,0.0,0.0,0.98077023,1.858167,0.0,1.2564033,0.0,1.3455975,1.8263987,0.0,0.2820834,0.0,0.0,0.0,1.348663,0.0,2.7296457,0.0,0.0,0.0,0.0,3.1756124,0.0,3.0725148,0.50070494,0.16121392,0.0,0.0,1.7688606,0.0,0.0,1.4580023,0.0,0.12706503,0.8843268,0.0,0.087596975,0.0,0.0,0.16807285,0.0,1.6944807,1.3450435,0.0,0.0,0.0,0.0,0.0,1.1173819,1.6352887,0.0,0.0,0.9791705,0.0,0.0,1.9686388,0.0,0.0,0.0,3.4477875,2.60604,0.0,0.6384651,0.0,0.9064491,0.0010867494,0.0,0.70364994,0.0,0.56520206,0.0,0.0,0.0,0.0040387325,0.0,1.171071,0.0,0.7945727,0.0,1.4825683,3.3278415,1.5014244,1.2535042,0.12560436,0.6575284,0.0,0.0,0.0,0.0,0.0,3.314729,0.0,0.0,0.69806135,0.0,0.37238005,1.8380044,2.0726843,0.0,0.15139246,0.0,0.0,0.0,0.08848835,0.0,0.0,0.0,1.7211452,0.53062403,0.38484666,0.55253255,0.0,0.0,0.7808433,1.1662567,0.0,0.0,2.242342,0.35778248,0.77336645,0.0,0.0,0.0,0.0,0.9392858,0.0,0.0,0.0,2.1659806,0.0,0.0,2.2945676,1.1485319,0.6037684,0.0,0.0,1.3440489,3.3757265,0.0,0.0,0.34580135,0.57181036,2.731722,0.0,0.0,0.9364017,0.14451961,1.35907,1.6466814,0.57841635,0.0,0.21756335,0.0,0.3582397,0.60704315,0.0,0.86097836,0.0,0.0,5.2531195,0.0,0.0,0.0017060158,1.8545649,1.7082222,0.15085176,0.19438432,1.9207516,0.0,0.0,0.0,0.50265115,0.0,0.0,0.0,0.41900975,0.12453862,0.0,0.32214773,4.0359173,0.0,0.0,0.0,0.0,0.43659115,0.91217935,0.1937834,0.6568878,0.79682356,0.64884466,0.0,0.0,1.3109255,0.0,0.87714255,0.0,0.0,0.0,0.7956971,0.0,0.7704002,0.590025,0.0,0.0,0.0,1.2471205,0.0,1.2983205,0.0,1.0692487,0.21329847,1.6456352,0.0,0.9565308,1.5370747,1.4732225,0.311129,0.0,0.0,0.0933662,0.0,1
0.0,0.0,1.0978194,1.0047615,0.58612674,0.0,0.5647973,0.0,0.100305185,0.0,0.0,1.2622291,1.4068842,0.9297219,0.0,0.0,0.0,1.803432,0.0,0.0,0.0,0.0,0.0,1.6708025,0.26572534,0.0,0.06696936,0.0,1.3774724,0.0,0.0,0.18492228,0.0,0.048854366,0.0,0.0,0.0,0.34829372,0.47466177,0.0,1.2877451,0.0,0.9784734,0.82012784,0.0,0.0,0.0,0.0,0.0,1.2587496,0.0,1.2758373,0.0,0.0,0.0,0.0,1.9092904,0.0,1.6475046,0.937434,0.0,0.0,0.0,1.82276,0.0,0.0,0.98861647,0.0,0.100108735,0.70356977,0.0,0.24239674,0.0,0.0,0.37098333,0.0,0.8677095,0.17562963,0.3240781,0.0,0.0,0.0,0.0,0.5530474,1.4633725,0.0,0.0,1.1839813,0.0,0.0,1.0133928,0.0,0.0,0.0,2.5659678,1.4257506,0.0,1.0727186,0.0,0.7388448,0.0,0.0,0.86275095,0.0,0.88194424,0.0,0.0,0.041986328,0.5395311,0.023080679,0.59342176,0.0,0.8039355,0.0,1.0394908,2.0839753,1.097281,1.0272237,0.501011,0.22996703,0.0,0.0,0.0,0.0,0.0,2.5348709,0.0,0.0,0.5607722,0.0,0.32254702,1.1809613,1.2310029,0.0,0.13702995,0.0,0.0,0.0,0.39253157,0.0,0.0,0.0,1.2152066,0.42750633,0.27498442,0.14074267,0.0,0.0,1.5249286,0.33506194,0.13642201,0.0,1.2177713,0.25571412,0.20690174,0.0,0.0,0.30801207,0.0,0.9854988,0.0,0.0,0.0,1.3356096,0.25732654,0.0,1.8482947,0.8074289,0.74624145,0.0,0.0,0.79553056,1.6561226,0.0,0.0,0.4063068,0.5926769,1.1124867,0.0,0.0,0.5797162,0.6972173,0.9330072,1.1671292,0.0,0.0,0.6063615,0.0,0.520989,0.5028087,0.0,0.06606291,0.03972254,0.0,4.214944,0.0,0.0,0.0088200085,1.4076755,1.1165646,0.31173208,0.7190743,0.7054038,0.01067893,0.0,0.0,0.6367958,0.0,0.0,0.0,0.46566254,0.22459894,0.0,0.23174419,2.5795808,0.0,0.0,0.26454204,0.0,0.84609747,0.9775388,0.11969786,0.65928096,1.3706238,1.0646071,0.0,0.0,0.9974876,0.0,0.67879945,0.0,0.0,0.0,0.7193,0.0,0.00510201,0.018851347,0.19579811,0.0,0.0,0.3658049,0.0,0.43463075,0.0,0.6819699,1.1330392,0.93591857,0.0,0.8049871,1.2201244,1.0713577,0.43001562,0.0,0.032603785,0.0,0.0,1
0.0,0.0,0.71261233,1.0144522,0.63550544,0.48942837,0.4982321,0.0,0.18955259,0.0,0.0,1.2393122,1.3207824,1.0681167,0.0,0.0,0.0,1.9365945,0.0,0.0,0.0,0.0,0.0,1.4943721,0.5701835,0.0,0.0018991465,0.0,1.1840832,0.0,0.0,0.5222559,0.0,0.0,0.0,0.0,0.0,0.5434048,0.7445019,0.0,1.3544251,0.0,1.1823366,0.6678827,0.0,0.3816871,0.0,0.0,0.0,1.0678018,0.0,1.2155142,0.0,0.0,0.0,0.0,2.1631048,0.0,1.8482205,0.7310021,0.0,0.0,0.0,1.7224569,0.0,0.0,1.4417397,0.0,0.0,0.88325214,0.0,0.5581175,0.0,0.0,0.20669751,0.0,1.3827214,0.49364254,0.23370092,0.0,0.0,0.0,0.0,0.5915336,1.2317971,0.0,0.0,0.7286257,0.0,0.0,1.3564649,0.0,0.0,0.0,2.7757764,1.5700393,0.3447606,0.75249285,0.0,0.37486807,0.4434705,0.0,0.378362,0.0,0.80808884,0.0,0.0,0.0,0.0934701,0.0,0.71970123,0.0,0.4994221,0.4520144,0.8628315,1.822233,0.61359787,1.1176403,0.04124912,0.278622,0.0,0.0,0.0,0.039258033,0.0,2.401447,0.0,0.0,0.45470417,0.0,0.16171621,1.8511912,1.3865795,0.0,0.122510344,0.0,0.0,0.0,0.0,0.0,0.0,0.0,1.395958,0.1749587,0.5181734,0.073109284,0.0,0.62179327,1.2490076,0.46258965,0.0,0.0,1.3212544,0.6024795,0.0,0.0,0.0,0.0,0.0,1.0482434,0.0,0.0,0.0,1.9033219,0.4137696,0.0,2.2051919,0.74624836,0.53041065,0.0,0.0,0.8947865,1.853194,0.0,0.0,0.7216374,0.77626777,1.1919192,0.0,0.0,0.81543314,0.5666083,1.0394524,0.9175887,0.0,0.0,0.03663515,0.0,0.5821689,0.63477397,0.0,0.0,0.18881005,0.0,4.3293996,0.0,0.0,0.0,1.324961,1.4652913,0.35542777,0.3188671,0.84920985,0.0,0.0,0.0,0.56994474,0.0,0.0,0.0,0.39126182,0.30337209,0.0,0.27679786,3.242986,0.0,0.0,0.44336304,0.0,0.40957415,1.1115445,0.8150917,0.35287565,1.1583899,1.2730198,0.0,0.0,1.4061867,0.0,0.6188357,0.0,0.0,0.0,1.0052584,0.0,0.19315031,0.0,0.16257389,0.0,0.0,0.34784633,0.0,0.33201915,0.0,0.77326757,1.3225478,1.0690923,0.0,1.2598016,1.3218905,1.0732057,0.3782552,0.0,0.32161078,0.0,0.0,1
0.0,0.0,1.0068802,0.3853341,0.84820396,0.0,0.9561822,0.0,0.33982375,0.0,0.0,1.8571398,1.2438104,0.7971304,0.0,0.0,0.0,1.9154568,0.0,0.0,0.0,0.0,0.0,1.6921564,0.5860646,0.0,0.285359,0.0,1.8816693,0.0,0.0,0.52129215,0.0,0.48151347,0.0,0.0,0.0,0.73117864,1.090009,0.0,1.3595549,0.0,1.2902982,0.84106964,0.0,0.52866936,0.0,0.0,0.0,1.6244177,0.0,1.925924,0.0,0.0,0.0,0.0,1.9789286,0.0,1.768304,0.7182129,0.3247798,0.0,0.0,1.7700028,0.0,0.0,1.3990592,0.0,0.39003393,1.0423738,0.0,0.016732514,0.0,0.0,0.20043872,0.0,1.2986621,1.1704067,0.38605765,0.0,0.0,0.0,0.0,0.04655989,1.8573982,0.0,0.0,1.3499302,0.0,0.0,0.84366804,0.0,0.0,0.0,3.209506,2.139627,0.0,1.2405816,0.0,0.88593715,0.0,0.0,0.56226623,0.0,0.51204723,0.0,0.0,0.06931278,0.51458406,0.11632362,0.68956554,0.0,0.80026835,0.26708955,0.78149647,2.1436412,1.1130792,1.1627482,0.16417083,1.1513433,0.0,0.0,0.0,0.0,0.0,2.8895543,0.0,0.0,0.7879602,0.0,0.3775985,2.03474,1.0972599,0.0,0.028619278,0.0,0.0,0.0,0.12226596,0.0,0.0,0.0,1.1178586,0.047070507,0.21716675,0.7533161,0.0,0.4373908,1.1577222,0.61351955,0.0,0.0,1.6500702,0.37823173,0.48493168,0.0,0.0,0.0,0.0,0.7480728,0.0,0.0,0.0,2.4312887,0.0,0.0,1.7349842,0.8694834,0.7381123,0.0,0.0,1.1878462,2.3816383,0.0,0.0,0.22950113,0.68837273,1.2371739,0.0,0.0,1.2614509,0.37340483,0.8508925,1.2912098,0.0,0.0,0.069153845,0.0,0.8430182,0.75486803,0.0,0.092487976,0.2736639,0.0,4.7065744,0.0,0.0,0.0,1.7953364,1.5388453,0.78854823,0.32378983,1.2605028,0.17855112,0.0,0.0,0.17108527,0.0,0.0,0.0,0.37930667,0.5059419,0.0,0.6634441,3.169612,0.0,0.0,0.40476206,0.0,0.75238305,0.8580571,0.17992699,0.86824507,1.0240957,1.4974177,0.0,0.0,1.4137427,0.0,0.72551113,0.0,0.0,0.0,0.8808533,0.0,0.40065876,0.15018591,0.41922817,0.0,0.0,0.8023898,0.0,1.0739832,0.0,0.8220038,1.4030752,1.8490968,0.0,1.2677133,1.4097989,1.1317471,0.75546974,0.0,0.37885728,0.119632296,0.0,1
0.0,0.0,1.626933,0.4794926,1.1697698,0.42379713,0.7655285,0.0,0.05140266,0.0,0.0,1.8658093,1.2598237,1.2689523,0.0,0.0,0.0,2.3837967,0.0,0.0,0.0,0.0,0.0,2.1209278,0.08932772,0.0,0.0,0.0,1.5391518,0.0,0.0,0.2507834,0.0,0.12952887,0.0,0.0,0.0,0.59648275,0.8803273,0.0,1.477232,0.0,0.38822553,0.8390541,0.0,1.294458,0.0,0.0,0.0,0.9405609,0.0,2.1188905,0.0,0.0,0.0,0.0,2.1063318,0.0,1.5814426,0.49211928,0.5827222,0.0,0.0,1.0524704,0.0,0.0,1.5450655,0.0,0.1017196,0.79439396,0.0,0.4924985,0.0,0.0,0.45784268,0.0,1.1305206,1.241406,0.1874877,0.0,0.0,0.0,0.0,0.26469964,1.3571543,0.0,0.0,1.0440241,0.0,0.0,1.4302238,0.0,0.0,0.0,2.778985,2.0045269,0.0,1.1620333,0.0,1.001652,0.0,0.0,0.62282187,0.0,1.2229369,0.0,0.0,0.0,0.33507654,0.0,0.8642843,0.0,0.89617246,0.29045162,0.7918092,2.4194992,1.1179568,1.1922084,0.14058118,0.48641813,0.0,0.0,0.0,0.0,0.0,2.079882,0.0,0.0,0.8245634,0.0,0.33753103,1.6992133,1.449527,0.0,0.15253982,0.0,0.0,0.0,0.34056744,0.0,0.0,0.0,1.3769193,0.36161238,0.19205905,0.05350776,0.0,0.42791295,1.3757603,0.90341336,0.0,0.0,1.4368174,0.22602743,0.21800871,0.0,0.0,0.0,0.0,0.68560326,0.0,0.0,0.0,1.9261794,0.041610643,0.0,1.457705,0.6740704,0.6215135,0.0,0.0,0.6926238,2.031162,0.0,0.0,0.9544568,1.100325,1.2356821,0.0,0.0,0.98771477,0.9560353,0.83929735,1.3599691,0.0,0.0,0.0,0.0,0.66986954,0.8598558,0.0,0.0,0.46225435,0.0,4.633027,0.0,0.0,0.0,1.0279708,1.6973807,0.38836184,0.8855308,1.4243083,0.0,0.0,0.0,0.5151352,0.0,0.0,0.0,0.3295611,0.54722273,0.0,0.7144458,3.0414438,0.0,0.0,0.9025569,0.0,0.5274291,1.405515,0.38617015,0.23371543,0.75233096,1.1440977,0.0,0.0,1.774198,0.0,1.0973417,0.0,0.0,0.0,0.32641748,0.0,0.7637806,0.0,0.25384247,0.0,0.0,0.9630872,0.0,0.5673023,0.0,0.7357554,0.9907215,0.9584452,0.0,1.2254086,0.8904843,1.436001,0.5436857,0.0,0.9167346,0.3983606,0.0,1
0.0,0.0,1.2056069,0.0,1.0389357,0.0,0.29944918,0.0,0.3518951,0.0,0.0,1.9018055,3.2126777,0.6432157,0.0,0.0,0.0,2.4525428,0.0,0.0,0.0,0.0,0.0,3.1260219,0.0,0.0,0.0,0.0,0.29746383,0.0,0.0,0.3102569,0.0,0.15443309,0.0,0.0,0.0,0.11206343,1.4193026,0.0,0.76851606,0.0,0.0,0.77342325,0.0,1.0854918,0.0,0.0,0.0,1.3597893,0.0,2.9905484,0.0,0.58315784,0.0,0.0,2.887698,0.0,2.484003,1.3826668,0.5460614,1.2440435,0.0,1.0994987,0.0,0.0,0.0,0.0,1.0976993,1.1444552,0.0,0.53000134,0.0,0.0,0.16073792,0.0,1.4297674,0.6963081,0.18840407,0.0,0.0,0.0,0.0,0.14867228,0.94328916,0.0,0.0,1.523876,0.0,0.0,1.0109082,0.0,0.0,0.0,2.7532864,2.534285,0.0,2.2287366,0.23500258,0.4283589,0.0,0.0,0.8793705,0.0,1.1514171,0.0,0.0,0.0,1.0674719,0.5853727,0.5084955,0.0,1.0928911,1.3239013,0.857378,3.1600606,1.1251506,2.0911448,0.86531496,1.1649115,0.0,0.0,0.0,0.0,0.0,3.1229203,0.0,0.0,0.35166413,0.0,0.538784,1.0606486,1.6306009,0.0,0.93837917,0.0,0.0,0.0,0.85167325,0.0,0.0,0.0,2.3013494,0.84539706,0.5476323,1.7811159,0.0,0.033472434,1.9685055,0.23985492,0.28944117,0.0,1.859382,0.0,1.1636741,0.0,0.0,0.0,0.0,1.2099364,0.0,0.0,0.0,2.1547008,0.0,0.0,1.0787611,0.9008446,0.616548,0.0,0.0,1.7831224,1.7899563,0.0,0.0,0.91728395,1.3488772,0.91379386,0.0,0.0,0.8022232,0.44776148,0.42906323,0.57728577,0.056865122,0.0,0.0,0.0,1.4245085,0.0,0.0,0.0,0.0,0.0,6.180524,0.0,0.0,0.0,0.0,0.25689182,0.8129414,1.3874545,1.3816941,0.0,0.0,0.0,0.0,0.0,0.0,0.0,0.30403903,0.47735667,0.8851518,0.17664236,3.9715943,0.0,0.0,0.58557,0.0,1.7767243,0.0,0.40582207,0.72525,1.4487969,1.9170933,0.0,0.0,2.5849128,0.0,0.13308771,0.0,0.0,0.43608314,1.2113118,0.0,1.6791775,0.10332269,1.5912118,0.0,0.0,0.37477723,0.0,0.5467703,0.0,1.1208324,0.6808781,0.82930136,0.0,1.7631798,1.0664729,1.0897614,0.83875114,0.0,1.5114789,0.48578262,0.0,1
0.0,0.0,0.4212172,1.3877577,1.7526636,0.014697,0.0,0.0,0.04990562,0.04542517,0.0,1.4109986,2.1054065,0.61792326,0.0,0.0,0.0,1.8929946,0.0,0.0,0.0,0.2249782,0.0,1.4137771,0.0,0.0,0.0,0.05681811,1.4318726,0.0,0.0,0.26470482,0.0,0.13848405,0.0,0.0,0.0,0.0,1.3824157,0.0,0.8414278,0.0,0.09745269,1.5077616,0.0,1.010905,0.0,0.1909787,0.0,1.6665503,0.0,1.6930498,0.0,0.0,0.0,0.0,1.6198725,0.0,0.312752,0.5252792,0.40339106,0.0,0.0,1.2538155,0.0,0.11855984,0.7116973,0.0,0.0,0.07823224,0.0,0.30774042,0.0,0.0,0.32572475,0.0,1.0205579,1.5530919,0.94254184,0.0,0.0,0.0,0.0,0.0,0.6653708,0.0,0.0,1.6836172,0.0,0.0,0.96402985,0.0,0.0,0.0,2.6226463,2.0951521,0.0,1.5115511,0.0,0.90633225,0.0,0.0,0.9388536,0.0,1.0628489,0.0,0.0,0.0,0.0,1.0900162,0.869087,0.0,0.67525405,0.38466838,0.5429355,1.7036799,1.1490986,1.3943603,0.3900724,0.8976344,0.0,0.026041467,0.0,0.2549608,0.0,2.0292237,0.7405185,0.0,0.0,0.5832786,0.16471054,2.3705063,1.1863298,0.0,0.591356,0.0,0.0,0.0,0.48438293,0.0,0.0,0.0,1.6562225,0.7265354,0.96638167,0.0,0.0,0.3314086,0.7000325,0.05946406,0.014690885,0.0,1.8515418,0.09419759,0.52210516,0.0,0.0,0.0,0.0,0.58896726,0.0,0.0,0.18928081,1.1419597,2.0912375,0.0,2.3901494,0.46113336,0.35764214,0.0,0.0,1.2317134,2.3192568,0.0,0.0,1.2835356,1.5143951,1.7467409,0.0,0.0,1.1667122,0.9338357,0.15086696,1.7097013,0.17471859,0.0,0.0,0.0,1.2193638,0.0,0.0,0.0,0.0,0.0,4.551823,0.0,0.0,0.0,1.2344506,1.0945655,0.49961814,0.34503904,0.9309814,0.0,0.0,0.0,0.32360777,0.0,0.0,0.0,0.0,0.4930953,0.0,0.9459042,2.002974,0.0,0.0,0.0,0.0,0.4276521,0.8368638,1.4282961,0.0,1.163346,1.4870622,0.0,0.0,2.1844237,0.0,0.39790478,0.0,0.0,0.0,0.0,0.14785725,0.505065,0.0,0.80106384,0.0,0.0,3.0014803,0.0,1.0005347,0.0,1.2373856,0.6619833,0.6395884,0.0,1.0729051,1.822094,1.1669412,0.98915094,0.0,0.84476113,0.0,0.0,1
0.0,0.0,1.6086606,0.34070945,1.2719765,0.0,0.5174789,0.0,0.22062412,0.0,0.0,1.9460596,1.8223836,1.19499,0.0,0.0,0.0,2.336382,0.0,0.0,0.0,0.0,0.0,2.0827258,0.5574579,0.0,0.30643383,0.0,1.6572578,0.0,0.0,0.6658271,0.0,0.3629113,0.0,0.0,0.0,0.8198704,1.6792623,0.0,1.134175,0.0,0.8263856,1.3635429,0.0,0.5134524,0.0,0.0,0.0,1.5296336,0.0,3.0305624,0.0,0.0,0.0,0.0,2.6844044,0.0,2.4468246,0.59599066,0.5377534,0.0,0.0,1.4739145,0.0,0.0,1.2551757,0.0,0.3289686,0.8316313,0.0,0.0,0.0,0.0,0.23740172,0.0,1.405042,1.3662894,0.20558368,0.0,0.0,0.0,0.0,0.72043574,1.5787058,0.0,0.0,1.4607711,0.0,0.0,1.6606607,0.0,0.0,0.0,2.8279614,2.3353992,0.0,1.065799,0.0,1.0021851,0.0,0.0,1.0069461,0.0,0.93261576,0.0,0.0,0.0,0.3052757,0.1134375,1.0539317,0.0,0.97445357,0.0,1.2067069,2.9990618,1.0564306,1.0638884,0.398534,1.0383884,0.0,0.0,0.0,0.0,0.0,3.2017982,0.0,0.0,0.7253335,0.0,0.5226398,1.8916314,1.6892846,0.0,0.24151407,0.0,0.0,0.0,0.29515517,0.0,0.0,0.0,1.8594639,0.39465576,0.38864228,0.4239147,0.0,0.046740323,0.999739,0.9465329,0.0,0.0,1.8025844,0.25263953,0.28037724,0.0,0.0,0.0,0.0,0.68202484,0.0,0.0,0.0,1.9417969,0.11212455,0.0,2.1336663,0.9484103,0.55274844,0.0,0.0,1.2803895,2.8261902,0.0,0.0,0.81841534,0.95490223,2.414536,0.0,0.0,1.1380409,0.1189353,1.070245,1.6582536,0.0,0.0,0.0,0.0,0.6527496,0.63896585,0.0,0.44826058,0.22344275,0.0,5.123802,0.0,0.0,0.07452245,1.9092691,1.5769342,0.637044,0.14021969,1.1209714,0.0,0.0,0.0,0.2605072,0.0,0.0,0.0,0.44636947,0.125634,0.0,0.7933403,3.7546825,0.0,0.0,0.0,0.0,0.6755673,0.78605413,0.26935136,0.375513,1.0363224,1.0967653,0.0,0.0,1.4296963,0.0,0.72121346,0.0,0.0,0.0,0.76902324,0.0,0.677259,0.54780334,0.12690577,0.0,0.0,1.2079033,0.0,1.2823973,0.0,0.68603224,1.0911103,2.0905418,0.0,1.2599827,1.0884371,1.2952056,1.0192876,0.0,0.2750481,0.15156531,0.0,1
0.0,0.0,0.85418695,1.0964776,1.2122189,0.29742384,0.4754025,0.0,0.019772721,0.0,0.0,1.050514,1.0680401,1.2381208,0.0,0.0,0.0,2.0216603,0.0,0.0,0.0,0.0,0.0,1.8373109,0.36141157,0.0,0.12434419,0.0,1.1666143,0.0,0.0,0.554729,0.0,0.0,0.0,0.0,0.0,0.6057851,0.60031724,0.0,1.5401418,0.0,1.1046606,0.79521304,0.0,0.7525443,0.0,0.0,0.0,1.4259719,0.0,1.4704244,0.0,0.0,0.0,0.0,2.0349772,0.0,1.6399323,0.6479109,0.0,0.0,0.0,1.7776741,0.0,0.0,1.4222271,0.0,0.12873326,0.83358175,0.0,0.6090846,0.0,0.0,0.38672596,0.0,1.3000731,0.6475648,0.4110294,0.0,0.0,0.0,0.0,0.6656762,1.0042251,0.0,0.0,0.73716885,0.0,0.0,1.1143523,0.0,0.0,0.0,2.9651072,1.7426956,0.0,0.7861543,0.0,0.46013588,0.30439487,0.0,0.5274968,0.0,0.8469174,0.0,0.0,0.0,0.075893104,0.13161108,0.9270798,0.0,0.602582,0.18919058,0.98028874,1.8717963,0.939747,1.0421865,0.28665805,0.40700433,0.0,0.0,0.0,0.0,0.0,2.395079,0.0,0.0,0.621751,0.0,0.0,1.4635116,1.2794181,0.0,0.16026488,0.0,0.0,0.0,0.0649301,0.0,0.0,0.0,1.2450762,0.30061984,0.68043107,0.0,0.0,0.3738043,1.4466035,0.6470773,0.0,0.0,1.4691337,0.5311606,0.19556756,0.0,0.0,0.20416744,0.0,0.81617004,0.0,0.0,0.0,1.8136446,0.415797,0.0,1.9303834,0.52927244,0.5693661,0.0,0.0,1.0487801,1.575446,0.0,0.0,0.5003112,0.74218315,1.330187,0.0,0.0,0.73668885,0.56298125,0.8965993,1.1325275,0.0,0.0,0.0,0.0,0.68230116,0.32036144,0.0,0.025083598,0.18567011,0.0,4.304267,0.0,0.0,0.2300423,1.3199906,1.2820368,0.50200444,0.32549945,0.7535297,0.0,0.0,0.0,0.59340465,0.0,0.0,0.0,0.56912243,0.31324318,0.0,0.24980916,2.7921846,0.0,0.0,0.39728382,0.0,0.45666146,0.9893314,0.6232607,0.2945606,1.3210965,1.1209584,0.0,0.0,1.1876538,0.0,0.7322532,0.0,0.0,0.0,0.7027579,0.0,0.3767555,0.0,0.38631082,0.0,0.0,0.33113796,0.0,0.32545298,0.0,0.7074085,1.0863312,1.0781078,0.0,0.9674807,1.1263531,0.99210465,0.5316079,0.0,0.31421724,0.11093641,0.0,1
0.0,0.0,1.211942,0.42833367,1.3134596,0.0,0.16201518,0.0,0.6055578,0.0,0.0,1.4161017,1.7740546,1.1986175,0.0,0.0,0.0,2.2536821,0.0,0.0,0.0,0.0,0.0,1.9592973,0.23945063,0.0,0.19972727,0.0,0.9777633,0.0,0.0,0.22546935,0.0,0.32620972,0.0,0.0,0.0,0.38474292,1.7635673,0.0,1.1756256,0.0,0.1247128,1.5284419,0.0,0.78429604,0.0,0.0,0.0,0.9040891,0.0,2.2132273,0.0,0.0,0.0,0.0,2.7211227,0.0,2.3447778,1.189099,0.63077426,0.32543012,0.0,1.8597741,0.0,0.0,0.6567457,0.0,0.56432956,0.46011108,0.0,0.08110157,0.0,0.0,0.0,0.0,1.7086145,1.443195,0.3085952,0.0,0.0,0.0,0.0,0.47983947,1.4562188,0.0,0.0,1.2558671,0.0,0.0,1.2482167,0.0,0.0,0.0,2.6746583,2.215193,0.0,1.1459091,0.0,0.74300796,0.0,0.0,0.44358322,0.0,1.4967467,0.0,0.0,0.0,0.30298486,0.0,0.9371651,0.0,0.9014201,0.31424424,1.0872344,2.385678,1.4595634,0.78133976,0.85703033,1.0310912,0.0,0.0,0.0,0.0,0.0,3.229346,0.0,0.0,0.3104601,0.0,0.1594723,1.57697,1.8716536,0.0,0.1841859,0.0,0.0,0.0,0.066073366,0.0,0.0,0.0,2.2650762,0.15635854,0.4502544,0.6625433,0.0,0.13183609,1.3409042,0.4778337,0.0,0.0,1.844442,0.31526682,0.5958804,0.0,0.0,0.0,0.0,0.8108316,0.0,0.0,0.0,1.9056792,0.5164896,0.0,2.0127618,1.0313735,0.77441186,0.0,0.0,0.87057704,2.1227965,0.0,0.0,0.4675962,0.86314213,2.2590692,0.0,0.0,0.63576597,0.13838142,1.3477193,1.5492586,0.0,0.0,0.12170455,0.0,0.8252005,0.33187598,0.0,0.115932465,0.0,0.0,5.118782,0.0,0.0,0.0,2.0815105,1.3093836,0.38758263,0.48500353,1.7685248,0.0,0.0,0.0,0.43872014,0.0,0.0,0.0,0.5316012,0.21169747,0.0,0.11154529,3.6291318,0.0,0.0,0.5016157,0.0,0.24592206,0.46260628,0.24596429,0.5599922,1.2308732,0.66104484,0.0,0.0,1.6507099,0.0,0.2626682,0.0,0.0,0.0,0.6371196,0.0,0.83680636,0.35784134,0.6644157,0.0,0.0,0.7006504,0.0,1.1537745,0.0,0.60290736,1.2559422,1.537238,0.0,0.71631575,1.0443661,1.5169947,0.75622046,0.0,0.38109037,0.06744229,0.0,1
0.0,0.0,1.0994697,1.0797709,0.7467791,0.0,0.5231221,0.0,0.0046414416,0.0,0.0,1.5400444,1.5380375,1.1756808,0.0,0.0,0.0,2.0325375,0.0,0.0,0.0,0.0,0.0,1.9222666,0.19321525,0.0,0.04074111,0.0,0.9682696,0.0,0.0,0.29121664,0.0,0.23254102,0.0,0.0,0.0,0.62814564,1.0480868,0.0,1.1548716,0.0,1.4028506,1.4386166,0.0,0.06489152,0.0,0.0,0.0,1.7679298,0.0,2.001386,0.0,0.0,0.0,0.0,2.262426,0.0,1.9053317,0.467814,0.19172744,0.048191193,0.0,2.0572872,0.0,0.0,1.4233114,0.0,0.18694139,0.82429874,0.0,0.18271543,0.0,0.0,0.6971497,0.0,1.3589541,1.0860606,0.0,0.0,0.0,0.0,0.0,0.5698263,1.075767,0.0,0.0,1.5227374,0.0,0.0,1.642372,0.0,0.0,0.0,3.10704,1.9707903,0.0,0.8169996,0.0,0.7410562,0.0,0.0,0.79488146,0.0,0.66058856,0.0,0.0,0.22748856,0.647641,0.0,0.97753453,0.0,0.8594052,0.09554445,0.90726167,3.056209,0.81362,1.013995,0.31532735,0.5318023,0.0,0.0,0.0,0.0,0.0,2.8074467,0.0,0.0,0.77097607,0.0,0.5535991,1.7472558,1.3819796,0.0,0.30346978,0.0,0.0,0.0,0.16406675,0.0,0.0,0.0,1.0686283,0.15493774,0.536724,0.20397784,0.0,0.19731972,0.84701836,0.4404497,0.0,0.0,1.7238106,0.50365776,0.35383907,0.0,0.0,0.0,0.0,1.1208947,0.0,0.0,0.0,1.8930954,0.066056,0.0,2.0861874,0.8266311,0.4339891,0.0,0.0,1.1369234,2.0294564,0.0,0.0,0.4008214,0.63133115,1.3721977,0.0,0.0,0.87171257,0.14068878,0.8301122,1.4494013,0.022561755,0.0,0.49218544,0.0,0.41820592,0.7506231,0.0,0.06846745,0.0,0.0,4.1528435,0.0,0.0,0.0,1.4170599,1.1683323,0.39346263,0.01206834,1.0303712,0.0,0.0,0.0,0.6433334,0.0,0.0,0.0,0.47142905,0.17563163,0.0,0.6529178,3.397135,0.0,0.0,0.41816303,0.0,0.6495503,0.95094573,0.41387916,0.27875108,1.0103047,1.2223256,0.0,0.0,1.2765613,0.0,0.5858838,0.0,0.0,0.0,0.44076282,0.0,0.45504037,0.23302436,0.37067577,0.0,0.0,0.55276954,0.0,0.3109757,0.19548087,0.62671095,1.0303917,1.4857155,0.0,1.1957712,1.1859348,1.0926299,0.37958446,0.0,0.21357714,0.26376742,0.0,1
0.0,0.0,0.8723109,0.42184064,1.4017638,0.0,0.41276917,0.0,0.74155384,0.0,0.0,1.4070511,0.75603354,0.61472845,0.06550269,0.0,0.0,1.3906116,0.0,0.0,0.0,0.0,0.0,1.8995304,0.6224904,0.0,0.2371963,0.093429096,1.0723048,0.0,0.0,0.48336118,0.0,0.14577855,0.0,0.0,0.0,0.12495393,1.2714081,0.0,1.0742029,0.0,0.6752392,1.0054648,0.0,1.1979719,0.0,0.0,0.0,1.4748279,0.0,1.4339831,0.0,0.0,0.0,0.0,1.3099456,0.0,1.5132177,1.191785,0.62235665,0.0,0.0,1.4147681,0.0,0.0,0.9608043,0.0,0.83414865,0.7937979,0.0,0.38039058,0.0,0.0,0.48226926,0.0,1.5666558,0.9590478,0.2389666,0.0,0.0,0.0,0.0,0.0,1.1538064,0.0,0.0,1.8205148,0.0,0.0,0.98250335,0.0,0.0,0.0,2.688181,1.9390428,0.0,1.4537112,0.0,0.45727158,0.0,0.0,0.5669807,0.0,1.089807,0.0,0.0,0.0,0.5212721,0.73182386,0.68151623,0.0,0.5551861,0.8986985,0.6090067,1.1158233,1.0212642,1.2122749,0.8165829,1.5575233,0.0,0.0,0.0,0.0,0.0,2.0378728,0.0,0.0,0.36321843,0.0,0.4874809,1.3684227,0.9688392,0.0,0.6904838,0.0,0.0,0.0,0.0,0.0,0.0,0.0,1.1679814,0.5517034,0.0,0.24609049,0.0,0.678345,1.2871163,0.71460116,0.0,0.0,1.3938653,0.32164842,0.84194356,0.0,0.0,0.0,0.0,0.10133474,0.0,0.0,0.0,1.6914046,0.70572054,0.0,1.5773985,0.6044249,0.6472901,0.0,0.0,0.720023,1.639397,0.0,0.0,0.16120893,1.3821359,0.6246246,0.0,0.0,0.94048256,0.6902537,0.56580526,0.72254777,0.0,0.0,0.22299023,0.0,1.0544593,0.26752123,0.0,0.0,0.32786795,0.0,4.8618164,0.0,0.0,0.0,1.2213395,0.934165,0.34528846,1.1294026,1.1792722,0.0,0.0,0.0,0.7019723,0.0,0.0,0.0,0.7261981,0.46173996,0.0,0.31060958,2.975233,0.0,0.0,0.49864182,0.0,0.8842571,0.65320796,0.5417313,0.5825091,1.6058509,1.1978498,0.0,0.0,1.6349788,0.0,0.3755784,0.0,0.0,0.0,1.1195215,0.0,0.5041406,0.28250852,1.4063336,0.0,0.0,1.0250673,0.0,0.069410354,0.0,1.204285,1.9061054,1.5403466,0.0,1.3585292,0.8984305,0.94781756,0.6460292,0.0,1.532052,0.14235428,0.0,1
0.0,0.0,1.1226197,0.19008432,0.7312022,0.05489816,0.8719324,0.0,0.28490826,0.0,0.0,1.7559664,1.7491432,1.1336589,0.0,0.0,0.0,2.0323849,0.0,0.0,0.0,0.0,0.0,1.9739366,0.5755425,0.0,0.07622161,0.0,1.6759182,0.0,0.0,0.5276996,0.0,0.0677567,0.0,0.0,0.0,0.73511606,1.7735811,0.0,1.2195202,0.0,0.9833587,1.317387,0.0,0.45607987,0.0,0.0,0.0,1.3019912,0.0,2.515894,0.0,0.0,0.0,0.0,2.575279,0.0,2.0485108,0.60477924,0.39620587,0.0,0.0,1.8393927,0.0,0.0,1.5049589,0.0,0.24202913,0.72114396,0.0,0.39661434,0.0,0.0,0.3833361,0.0,1.4977354,1.3381871,0.0,0.0,0.0,0.0,0.0,0.2423507,1.3064493,0.0,0.0,1.1251955,0.0,0.0,1.016616,0.0,0.0,0.0,2.8717318,2.0168724,0.1411405,0.86664087,0.0,0.7190023,0.0,0.0,0.6277453,0.0,0.6698279,0.0,0.0,0.0,0.10146542,0.0,0.84827524,0.0,0.7183309,0.5275527,1.2616686,2.7964501,0.9557805,1.1917995,0.0,0.83221865,0.0,0.0,0.0,0.0,0.0,3.1447055,0.0,0.0,1.0004004,0.0,0.48873025,1.8427067,1.6430347,0.0,0.12156448,0.0,0.0,0.0,0.26101246,0.0,0.0,0.0,1.4206959,0.01430017,0.37282494,0.34976816,0.0,0.36542264,1.2104578,0.6211583,0.0,0.0,2.0901709,0.3445222,0.31897798,0.0,0.0,0.0,0.0,0.9072412,0.0,0.0,0.0,2.1383677,0.0,0.0,1.9628162,0.9244559,0.69897234,0.0,0.0,1.3253158,2.7108123,0.0,0.0,0.3923987,0.5681818,2.2620256,0.0,0.0,0.8068405,0.29609293,1.0607975,1.2880174,0.0,0.0,0.0,0.0,0.56189895,0.54026806,0.0,0.58204806,0.057409793,0.0,4.7870173,0.0,0.0,0.0,1.9984064,1.6447916,0.24917406,0.1745414,1.2115445,0.0,0.0,0.0,0.43292484,0.0,0.0,0.0,0.117644645,0.26707414,0.0,0.525078,3.8995638,0.0,0.0,0.20859599,0.0,0.39837286,0.91815656,0.010511512,0.50917286,0.7438909,1.2829,0.0,0.0,1.8914844,0.0,1.0091077,0.0,0.0,0.0,0.7904187,0.0,1.0127095,0.064399816,0.15911317,0.0,0.0,1.387433,0.0,0.8834929,0.0,0.73714453,0.87020105,1.7892419,0.0,0.96236235,1.6335975,1.4537399,0.26722136,0.0,0.28162512,0.007161075,0.0,1
0.0,0.0,0.5101309,0.04282859,1.565083,0.0,0.0,0.0,0.29760858,0.0,0.0,1.0946387,0.3360943,0.631721,0.0,0.0,0.0,0.7631151,0.0,0.0,0.6956578,0.0,0.0,1.7545662,0.62450516,0.0,0.008643382,0.09043952,1.02291,0.0,0.0,0.587381,0.0,0.0,0.0,0.0,0.0,0.33548126,0.92419404,0.0,1.0961106,0.0,0.39126217,0.20370817,0.0,1.5282384,0.0,0.0,0.0,1.2873043,0.0,1.0338297,0.0,0.0,0.0,0.0,0.4996125,0.0,0.6235302,1.010965,0.60523486,0.0,0.0,1.0816923,0.0,0.0,0.54610527,0.0,0.80629134,0.8140871,0.0,0.7819003,0.0,0.0,0.39437875,0.0,1.3296969,0.8262112,0.6201772,0.0,0.0,0.0,0.0,0.0,0.6881262,0.0,0.0,1.1204822,0.0,0.0,0.63307214,0.0,0.0,0.0,2.149531,1.3778474,0.0,0.8732468,0.0,0.3598601,0.0,0.0,0.81794596,0.0,0.6635378,0.0,0.0,0.0,0.1807165,0.7793592,0.33946362,0.0,0.4329312,0.8903937,0.79814285,0.07002388,1.0236121,0.81285375,0.38066763,1.6223822,0.0,0.0,0.0,0.0,0.0,2.2116349,0.0,0.0,0.81828284,0.0,0.0,1.2736526,0.76530856,0.0,0.22279334,0.0,0.0,0.0,0.0,0.0,0.0,0.0,0.7473997,0.42560035,0.0,0.35240456,0.0,0.63467723,1.3358095,0.9676412,0.0,0.0,1.08102,0.1291123,0.05535682,0.0,0.0,0.0,0.0,0.0,0.0,0.0,0.0,1.367822,0.49774712,0.0,0.88170666,0.35839218,0.74169433,0.0,0.0,0.33520657,0.7996889,0.0,0.0,0.41390112,0.40510765,0.62587243,0.0,0.0,0.78834796,0.3373848,0.30574045,0.9163883,0.0,0.0,0.0,0.0,1.0989407,0.25287846,0.0,0.0,0.58769786,0.0,3.647558,0.0,0.0,0.34391564,1.4738309,0.856499,0.43185875,1.6330028,0.5658668,0.0,0.0,0.0,0.709344,0.0,0.0,0.0,0.72876763,0.5819789,0.112593986,0.12579922,1.8867894,0.0,0.0,0.55298275,0.0,0.4930601,0.635984,0.22187817,0.14628555,1.2747864,0.99134356,0.0,0.0,1.2788787,0.0,0.44476423,0.0,0.0,0.0,0.6155613,0.0,0.22206828,0.0,1.1969568,0.0,0.0,0.9723163,0.0,0.0,0.0,0.90071386,1.252776,0.9526781,0.0,1.0732428,0.66815764,0.7391173,0.80411315,0.0,1.4472607,0.0,0.0,1
0.0,0.0,1.3199046,0.7693805,1.4326131,0.02998764,0.4038153,0.0,0.3035727,0.0,0.0,1.5724975,1.0118533,0.98927766,0.0,0.0,0.0,1.5681624,0.0,0.0,0.0,0.0,0.0,1.7781906,0.65829647,0.0,0.22166368,0.0,1.1354895,0.0,0.0,0.47034803,0.0,0.28141946,0.0,0.0,0.0,0.6591621,1.1953275,0.0,1.2915498,0.0,0.7813718,0.75815207,0.0,1.1158334,0.0,0.0,0.0,1.1928307,0.0,1.486533,0.0,0.0,0.0,0.0,1.9931539,0.0,1.5666548,0.39000687,0.35322174,0.0,0.0,1.6479123,0.0,0.0,1.1605552,0.0,0.93405294,0.6553669,0.0,0.2914794,0.0,0.0,0.7280116,0.0,1.1510551,1.0336713,0.058311082,0.0,0.0,0.0,0.0,0.08804072,0.7884016,0.0,0.0,0.97516704,0.0,0.0,1.0438284,0.0,0.0,0.0,2.7252674,1.6299766,0.0,1.4348568,0.0,0.64043415,0.0,0.0,0.8926683,0.0,1.397668,0.0,0.0,0.0,0.31219056,0.2981839,0.62466145,0.0,0.38084003,0.03987288,0.6029218,2.0714216,1.4211043,1.3742268,0.68790257,1.1904521,0.0,0.0,0.0,0.0,0.0,1.9502084,0.0,0.0,0.7771454,0.0,0.08125832,1.3873926,1.012088,0.0,0.16507488,0.0,0.0,0.0,0.0,0.0,0.0,0.0,1.5348251,0.10099,0.27405965,0.20540662,0.0,0.7257256,1.3737111,0.7024867,0.0,0.0,1.3464804,0.37385675,0.40874442,0.0,0.0,0.0,0.0,0.66081136,0.0,0.0,0.0,2.0078387,0.71980697,0.0,1.4785933,0.5859046,0.8200747,0.0,0.0,0.4821684,2.2991803,0.0,0.0,0.2685942,0.94229484,1.8124664,0.0,0.0,0.6179897,0.75424725,0.9322444,1.2233827,0.0,0.0,0.0,0.0,1.0625844,0.5514175,0.0,0.0,0.39829814,0.0,4.4690065,0.0,0.0,0.26727098,1.1831703,1.0390553,0.7804037,0.6820591,1.4197365,0.0,0.0,0.0,0.89057726,0.0,0.0,0.0,0.3704272,0.4009304,0.0,0.35386202,2.5936425,0.0,0.0,0.63552344,0.0,0.054313894,1.0485009,0.56278414,0.42278576,1.173589,1.2224497,0.0,0.0,1.4684167,0.0,0.48663703,0.0,0.0,0.0,0.39660344,0.0,0.7570295,0.13516411,0.88850564,0.0,0.0,1.0162425,0.0,0.5019335,0.0,1.0301564,0.8920978,1.2463,0.0,0.7086007,0.9374666,1.4864233,0.9352846,0.0,0.9430205,0.26636133,0.0,1
0.0,0.0,0.70611376,1.3946122,1.9124734,0.0,0.0,0.0,0.5021433,0.37427717,0.0,0.9219133,1.2437023,0.91629374,0.0,0.0,0.0,2.1665556,0.0,0.0,0.0,0.54037684,0.0,1.9700003,0.0,0.0,0.0,0.0,1.6496273,0.0,0.0,0.28416365,0.0,0.872758,0.0,0.0,0.0,0.43799663,1.1206485,0.0,1.1958095,0.0,0.0,1.4810339,0.0,1.2179022,0.0,0.29401466,0.09125316,0.75141805,0.0,2.2322323,0.0,0.0,0.0,0.0,2.3436508,0.0,0.7888949,1.339673,1.179503,0.0,0.5799027,1.7256086,0.0,0.0,0.36523896,0.0,0.0,0.11736606,0.0,0.20505843,0.270785,0.0,0.25898132,0.0,1.1861238,1.3396401,0.6713825,0.0,0.0,0.0,0.0,0.0,0.6607437,0.0,0.0,1.4292116,0.0,0.0,0.42276102,0.0,0.0,0.0,2.5677767,2.4168684,0.0,2.3378203,0.0,0.3925639,0.0,0.0,0.91652966,0.0,0.63733405,0.0,0.0,0.0,0.5149063,1.0899507,1.745491,0.0,0.81426257,0.6249535,0.39576256,1.8914033,1.0660287,1.3079921,0.066944055,0.45898566,0.0,0.0,0.0,0.15779254,0.0,3.012926,0.48095897,0.0,0.0,0.0,0.12732615,1.7597278,1.6852591,0.0,0.9232333,0.0,0.0,0.0,1.599361,0.0,0.0,0.0,2.0764704,0.96786386,1.173681,0.0,0.0,0.0,1.0522943,0.27447715,0.31638306,0.0,1.7888949,0.3086167,0.64036804,0.0,0.0,0.0,0.0,0.71526724,0.0,0.0,0.24464208,1.2326037,1.1118487,0.0,1.8891222,0.8720343,0.6376007,0.0,0.0,1.4408096,1.9883958,0.0,0.01498273,1.1937429,1.1337631,2.0006726,0.0,0.0,1.4313551,0.51250917,0.41894838,1.6662515,0.0,0.0,0.0,0.0,1.3029747,0.0,0.0,0.1973475,0.0,0.0,4.66791,0.0,0.0,0.0,0.756218,1.1315238,0.4020986,0.59091145,0.5713844,0.0,0.0,0.0,0.0,0.0,0.0,0.0,0.20833151,0.14344735,0.0,0.22475642,2.451959,0.0,0.0,0.07416701,0.0,0.61520106,0.46746603,1.3160261,0.025407331,0.72112113,1.2488807,0.0,0.0,2.0383916,0.0,0.68243855,0.0,0.0,0.0,0.0,0.2342371,1.2092013,0.6806779,1.6106191,0.0,0.0,2.3350654,0.0,1.5266024,0.0,1.2574328,1.507124,0.8597311,0.0,0.5499836,1.5740535,0.7742787,0.9463978,0.0,0.23611365,0.0,0.0,1
0.0,0.0,1.149664,0.17582287,1.1871827,0.1265339,0.73226535,0.0,0.20397861,0.0,0.0,1.3838675,0.96909237,1.3790807,0.0,0.0,0.0,2.179717,0.0,0.0,0.0,0.0,0.0,2.0302987,0.46894312,0.0,0.0,0.0,1.7334015,0.0,0.0,0.7410772,0.0,0.0,0.0,0.0,0.0,0.59832066,1.7618256,0.0,1.1724155,0.0,0.38969323,1.0012919,0.0,0.64136153,0.0,0.0,0.0,0.86565936,0.0,2.1689305,0.0,0.0,0.0,0.0,2.373295,0.0,1.9202048,0.53294563,0.5254266,0.0,0.0,1.7963362,0.0,0.0,1.246888,0.0,0.16931489,0.8976229,0.0,0.4963844,0.0,0.0,0.5278119,0.0,2.0800538,1.3456405,0.20069008,0.0,0.0,0.0,0.0,0.43952852,1.287887,0.0,0.0,1.0933517,0.0,0.0,1.2747014,0.0,0.0,0.0,2.904012,2.362786,0.0,0.9548886,0.0,0.48988038,0.16814618,0.0,0.38796878,0.0,1.1929446,0.0,0.0,0.0,0.04265256,0.0,1.1743728,0.0,0.740914,0.45569992,1.2736675,2.6196408,0.6564673,1.1351386,0.16335128,0.9142668,0.0,0.0,0.0,0.0,0.0,2.7048829,0.0,0.0,0.69651884,0.0,0.0,2.0933042,1.5142205,0.0,0.10689785,0.0,0.0,0.0,0.38696662,0.0,0.0,0.0,1.6491952,0.3922925,0.7106834,0.0,0.0,0.7808818,1.4262224,0.6956298,0.0,0.0,1.7095007,0.5448747,0.43871,0.0,0.0,0.0,0.0,0.761746,0.0,0.0,0.0,2.2444758,0.27849317,0.0,2.0881288,0.67414707,0.19185047,0.0,0.0,1.0698339,2.2123563,0.0,0.0,0.68774766,0.6749494,1.8380924,0.0,0.0,0.8767731,0.11838906,1.0758294,1.6207751,0.0,0.0,0.0,0.0,0.71193767,0.68869215,0.0,0.0,0.16839802,0.0,4.812543,0.0,0.0,0.11348106,1.6023042,1.6714431,0.5162499,0.21835141,1.4260643,0.0,0.0,0.0,0.36704108,0.0,0.0,0.0,0.28244364,0.21127687,0.0,0.5945706,3.515853,0.0,0.0,0.47845837,0.0,0.11728141,0.8762941,0.4183879,0.4188566,1.0959367,1.2551835,0.0,0.0,1.631908,0.0,0.5121631,0.0,0.0,0.0,1.131981,0.0,0.9431088,0.23564193,0.6085206,0.0,0.0,0.8535956,0.0,0.80411595,0.0,0.6560106,1.1659782,1.6334876,0.0,0.88869417,1.1043229,1.5306091,0.6727821,0.0,0.82003397,0.16806373,0.0,1
0.0,0.0,0.7084785,1.3901722,1.3538808,0.0,0.69721085,0.0,0.08395147,0.0,0.0,1.0817387,0.54303014,1.0683005,0.0,0.0,0.0,1.9801174,0.0,0.0,0.0,0.024158286,0.0,1.8640418,0.0073208474,0.0,0.0,0.0,0.94829416,0.0,0.0,0.3248059,0.0,0.23718907,0.0,0.0,0.0,0.5033558,0.7119141,0.0,1.5717365,0.0,1.1603038,0.8693087,0.0,0.3708433,0.0,0.0,0.0,1.1020468,0.0,1.4015818,0.0,0.0,0.0,0.0,2.272133,0.0,1.7394338,0.55831605,0.0,0.0,0.0,1.737556,0.0,0.0,1.1679786,0.0,0.0015740199,0.66884375,0.0,0.34542498,0.0,0.0,0.5542191,0.0,1.350828,0.4677752,0.5508196,0.0,0.0,0.0,0.0,0.61237043,0.8889235,0.0,0.0,1.2048829,0.0,0.0,1.1480584,0.0,0.0,0.0,2.5862188,1.6797882,0.03950979,1.1344724,0.0,0.7056416,0.2352271,0.0,1.1196725,0.0,1.0534902,0.0,0.0,0.00010451339,0.34655032,0.42849895,0.66539466,0.0,1.0351869,0.0,1.0252053,2.151429,0.7916318,1.1853751,0.17490996,0.021678228,0.0,0.0,0.0,0.40610138,0.0,1.9876976,0.0,0.0,0.43119067,0.0,0.3098754,1.3430426,1.3892449,0.0,0.2619474,0.0,0.0,0.0,0.5513113,0.0,0.0,0.0,1.318264,0.40818137,0.7297229,0.22082861,0.0,0.0,0.96562797,0.49357593,0.28331807,0.0,1.3752602,0.41325757,0.0,0.0,0.0,0.08886178,0.0,0.96825105,0.0,0.0,0.0,1.3920262,0.34004134,0.0,2.3159697,0.6362468,0.5399895,0.0,0.0,0.9794049,1.9146159,0.0,0.0,0.73619527,0.8511671,1.7457479,0.0,0.0,0.48092645,1.0228994,0.8468509,0.98417675,0.0,0.0,0.0,0.0,0.73787165,0.2766946,0.0,0.0,0.45102018,0.0,4.1737666,0.0,0.0,0.0,1.1291637,1.0377085,0.532633,0.69935477,0.7301876,0.0,0.0,0.0,0.4390112,0.0,0.0,0.0,0.6077557,0.2694692,0.0,0.30222324,2.8025842,0.0,0.0,0.655086,0.0,0.7576149,1.0189034,0.5791849,0.23720211,1.726653,1.51409,0.0,0.0,0.9942608,0.0,0.854087,0.0,0.0,0.0,0.4080846,0.0,0.2370989,0.58105654,0.679983,0.0,0.0,0.7315151,0.0,0.15628527,0.0,1.2950059,0.6803084,0.9348003,0.0,0.5829925,1.2600179,0.71812534,1.0859673,0.0,0.49859884,0.0,0.0,1
0.0,0.0,0.63553566,0.73679674,1.697844,0.0,0.11487536,0.0,0.42114913,0.0,0.0,0.7001152,1.1154319,0.8324569,0.0,0.0,0.0,1.5471237,0.0,0.0,0.0,0.0,0.0,1.5293385,0.092906296,0.0,0.0660617,0.0423841,1.1395955,0.0,0.0,0.44908112,0.0,0.5364475,0.0,0.0,0.0,0.2748286,1.0661017,0.0,1.2291453,0.0,1.0102304,0.50442654,0.0,0.43349537,0.0,0.0,0.0,1.0346833,0.0,1.1755404,0.0,0.0,0.0,0.0,1.7123823,0.0,1.0688503,0.50483495,0.573371,0.0,0.0,1.1540264,0.0,0.0,0.9038476,0.0,0.6219096,0.46469593,0.0,0.13022038,0.0,0.0,0.6821901,0.0,1.4811081,0.8152331,0.5504994,0.0,0.0,0.0,0.0,0.059810635,1.0298072,0.0,0.0,1.4962242,0.0,0.0,0.40722662,0.0,0.0,0.0,1.9272475,1.4766015,0.0,1.719881,0.0,0.39719853,0.0,0.0,1.3022041,0.0,0.7222248,0.0,0.0,0.49570084,0.14389823,0.23011425,0.7081232,0.0,0.3321076,0.24071145,0.97281533,1.9096843,1.1400937,0.71918994,0.64654887,0.7646487,0.0,0.0,0.0,0.0,0.0,2.359719,0.0,0.0,0.5165792,0.0,0.0,1.3134093,0.9986507,0.0,0.24488582,0.0,0.0,0.0,0.10173332,0.0,0.0,0.0,1.1405512,0.4943446,0.7933307,0.0,0.0,0.23598523,1.2836485,0.34807745,0.0,0.0,1.403113,0.049486954,0.69193465,0.0,0.0,0.0,0.0,0.514291,0.0,0.0,0.0,1.4693626,0.6970801,0.0,1.8650669,0.50215864,0.6253851,0.0,0.0,1.3138593,1.7092853,0.0,0.0,0.41269708,0.7021647,2.121806,0.0,0.0,0.84197164,0.31868818,0.75302386,1.0197831,0.0,0.0,0.047204692,0.0,0.9307957,0.21024816,0.0,0.35144073,0.27557066,0.0,4.131585,0.0,0.0,0.0,1.8839014,1.2182343,0.6618773,0.5314016,0.4778537,0.0,0.025964066,0.0,0.31065413,0.0,0.0,0.0,0.20594564,0.0,0.0,0.5731792,2.3503804,0.0,0.0,0.44187573,0.0,0.47883445,0.49281156,0.18855661,0.47786668,1.083042,0.91182876,0.0,0.0,1.3782711,0.0,0.630802,0.0,0.0,0.0,0.99220425,0.0,0.4558849,0.413982,0.8990156,0.0,0.0,0.6477259,0.0,1.0303433,0.0,0.64160985,1.0589192,1.1718997,0.0,0.30126327,0.86115754,0.7597755,1.0422343,0.0,0.67776424,0.0,0.0,1
0.0,0.0,0.91261053,0.4739806,1.3542329,0.0,0.3999711,0.0,0.3194348,0.0,0.0,1.5197918,1.0862666,0.6677882,0.0,0.0,0.0,1.4338969,0.0,0.0,0.46478885,0.0,0.0,1.5398511,0.9020044,0.0,0.5201199,0.0,1.2531182,0.0,0.0,0.0,0.0,0.35613814,0.0,0.0,0.0,0.36433905,0.69873375,0.0,1.3571472,0.0,1.0106381,0.6944143,0.0,1.3571509,0.0,0.0,0.0,1.5205336,0.0,1.0117273,0.0,0.0,0.0,0.0,1.3443717,0.0,0.7679408,0.5728428,0.4419243,0.0,0.0,0.58826673,0.0,0.0,0.88771427,0.0,0.27137586,0.29058394,0.0,0.21347071,0.0,0.0,0.6375511,0.0,1.5534306,0.5977611,0.7903394,0.0,0.0,0.0,0.0,0.0,1.2987943,0.0,0.0,2.06446,0.0,0.0,0.7824853,0.0,0.0,0.0,2.4788868,0.46828812,0.0,0.49896887,0.0,0.70442194,0.0,0.0,0.8002807,0.0,0.63551456,0.0,0.0,0.0,0.0752722,0.6688581,0.75432354,0.0,0.25535974,0.18800728,0.70675266,1.0521339,0.85865724,1.1411843,0.2590228,1.5986004,0.0,0.0,0.0,0.0,0.0,2.7283256,0.0,0.0,0.0,0.0,0.48101154,2.089193,0.6432534,0.0,0.36887637,0.0,0.0,0.0,0.03465829,0.0,0.0,0.0,0.6353076,0.0,0.0,0.45980105,0.0,0.60846156,0.7474558,0.36016455,0.0,0.0,1.2799526,0.8901094,0.76161623,0.0,0.0,0.0,0.0,1.173928,0.0,0.0,0.0,1.399045,0.7317258,0.0,1.3039428,0.5209291,0.83040625,0.0,0.0,0.8193336,1.6446874,0.0,0.0,0.0,0.7969159,1.943857,0.0,0.0,1.1123524,0.514249,0.47244102,1.1845708,0.0,0.0,0.77275014,0.0,1.2599282,0.07918105,0.0,0.17107272,0.5172377,0.014865025,4.45802,0.0,0.0,0.051002573,1.8607011,1.4366195,0.99178773,0.84131473,0.2896641,0.0,0.0,0.0,0.37257203,0.0,0.0,0.0,0.75436074,0.41610536,0.0,0.9092448,2.1571426,0.0,0.0,0.48978782,0.0,0.51568025,0.61535794,0.25017744,0.14082295,1.9789011,1.4722574,0.0,0.0,1.6452222,0.0,0.8830785,0.0,0.0,0.0,0.95246035,0.0,0.0,0.14626223,0.7216418,0.0,0.0,0.636961,0.0,1.0521806,0.0,0.7868538,1.7761377,1.0003211,0.0,0.7506566,1.2204678,0.3887955,1.0043143,0.0,1.3736376,0.0707136,0.0,1
0.0,0.0,0.65777564,0.069573775,1.5472156,0.0,0.31132582,0.0,0.49700937,0.0,0.0,1.8763295,2.0096688,0.34686634,0.0,0.0,0.0,1.9301556,0.0,0.0,0.0,0.0,0.0,2.4177532,0.89828086,0.0,0.13021502,0.0,1.1478425,0.0,0.0,0.49952298,0.0,0.0,0.0,0.0,0.0,0.2898867,1.1146911,0.0,1.0288059,0.0,0.613703,0.61369973,0.0,0.7632507,0.0,0.0,0.0,2.0365062,0.0,1.269617,0.0,0.24249475,0.0,0.0,1.5901293,0.0,1.6985545,1.2990134,0.6531239,0.0,0.0,0.9847604,0.0,0.0,0.0,0.0,0.6717427,1.7241838,0.0,0.39237306,0.0,0.0,0.5846422,0.0,1.5015779,0.24281415,0.45527312,0.0,0.0,0.0,0.0,0.0,1.1014442,0.0,0.0,1.7214049,0.0,0.0,0.52082306,0.0,0.0,0.0,2.6465602,1.8673971,0.0,1.6109635,0.0,0.99709225,0.0,0.0,1.387572,0.0,1.2773665,0.0,0.0,0.0,0.35627443,0.55643696,0.84397966,0.0,1.0258402,0.5320988,0.47591949,2.5408628,1.312244,1.6611054,0.76753104,1.7142847,0.0,0.0,0.0,0.0,0.0,3.0811288,0.0,0.0,0.0,0.0,0.0,2.4099522,1.4048125,0.0,0.46413514,0.0,0.0,0.0,0.00079066464,0.0,0.0,0.0,1.1638508,0.12156409,1.2470869,1.5132982,0.0,0.0,1.9932806,0.9962231,0.0,0.0,1.4960657,0.09355911,1.3442832,0.0,0.0,0.0,0.0,0.98375446,0.0,0.0,0.0,1.9664593,0.36815995,0.0,1.030752,0.7448021,0.7792456,0.0,0.0,1.848333,2.2667787,0.0,0.0,0.28224552,1.300772,1.8690385,0.0,0.0,1.0065402,0.6211731,0.40076822,1.5873659,0.0,0.0,0.10589577,0.0,1.1093608,0.38735077,0.0,0.5661439,0.1154943,0.0,5.4298034,0.0,0.0,0.0,1.409157,1.1916969,0.6526881,0.79222053,1.0954602,0.0,0.0,0.0,0.018098976,0.0,0.0,0.0,0.8871502,0.5806315,0.0,0.1295441,2.88133,0.0,0.0,0.54003704,0.0,0.95902956,0.90769786,0.5920388,1.2857838,1.3958001,1.0169936,0.0,0.0,2.1848044,0.0,0.019186,0.0,0.0,0.0,0.6846017,0.0,0.4523203,0.6403002,1.5732927,0.0,0.0,0.30635023,0.0,0.9942759,0.0,0.84950346,1.171358,0.9104235,0.0,1.0444982,1.0094954,1.2610997,0.8260705,0.0,0.8162418,0.14375946,0.0,1
0.0,0.0,1.5146477,0.22506587,1.1255124,0.63517743,0.63254845,0.0,0.3276548,0.0,0.0,1.6504896,1.3736066,1.1410131,0.0,0.0,0.0,2.4583893,0.0,0.0,0.0,0.0,0.0,1.7682372,0.578619,0.0,0.349929,0.0,1.2877072,0.0,0.0,0.37144,0.0,0.25936794,0.0,0.0,0.0,0.582041,0.9852188,0.0,1.0541755,0.0,0.85580117,0.84571826,0.0,0.7454048,0.0,0.0,0.0,1.1321323,0.0,2.0452933,0.0,0.0,0.0,0.0,2.21918,0.0,2.0515497,0.46351138,0.6888675,0.0,0.0,1.3063595,0.0,0.0,0.9995148,0.0,0.47343913,0.5534168,0.0,0.0,0.0,0.0,0.6441098,0.0,1.579958,1.2942935,0.36817417,0.0,0.0,0.0,0.0,0.35643744,1.0144361,0.0,0.0,1.3647072,0.0,0.0,1.1754404,0.0,0.0,0.0,2.7901917,1.6081226,0.0,1.4176486,0.0,0.72547203,0.0,0.0,0.703613,0.0,1.359686,0.0,0.0,0.0,0.31538624,0.0,1.2544336,0.0,0.72592354,0.3644935,0.66479033,2.8097353,0.78706,1.4258872,0.21400566,1.1925008,0.0,0.0,0.0,0.0,0.0,2.621227,0.0,0.0,0.6785338,0.0,0.29868114,1.9122975,1.4180362,0.0,0.49558225,0.0,0.0,0.0,0.4053603,0.0,0.0,0.0,1.8028188,0.13948256,0.8699151,0.22060992,0.0,0.6472282,1.430666,0.27537328,0.0,0.0,1.6139075,0.40476668,0.65026253,0.0,0.0,0.0,0.0,0.9371282,0.0,0.0,0.0,2.0832474,0.24556683,0.0,1.7764487,0.63246185,0.71277076,0.0,0.0,1.0903428,2.3268166,0.0,0.0,0.5332224,1.0406497,1.8727124,0.0,0.0,0.89615667,0.30711755,1.0493178,2.1763592,0.0,0.0,0.0,0.0,0.95376575,0.8195515,0.0,0.12093566,0.104728654,0.0,4.928383,0.0,0.0,0.038405012,1.6095176,1.8523002,0.5434204,0.40629736,0.73429453,0.0,0.0,0.0,0.5368666,0.0,0.0,0.0,0.47112137,0.3866777,0.0,0.94289917,2.9628117,0.0,0.0,0.7425048,0.0,0.0,0.9218285,0.32224083,0.40742105,1.2358043,0.8082888,0.0,0.0,1.2599937,0.0,0.9820673,0.0,0.0,0.0,0.74761695,0.0,1.0441577,0.24817342,0.5664902,0.0,0.0,0.16398458,0.0,1.3067956,0.0,0.4525183,1.324978,1.4466573,0.0,0.61514056,1.1529489,1.4040502,1.087515,0.0,0.592924,0.32160205,0.0,1
0.0,0.0,0.9874991,0.05853437,1.6087337,0.0,0.3783364,0.0,0.27356356,0.0,0.0,1.5550715,1.7718086,0.4198245,0.0,0.0,0.0,1.9277117,0.0,0.0,0.0,0.0,0.0,2.0465505,0.3866745,0.0,0.13250157,0.0,0.9285407,0.0,0.0,0.41180524,0.0,0.0,0.0,0.0,0.0,0.46699283,0.81255674,0.0,0.96103317,0.0,0.32881978,0.3691446,0.0,1.1088754,0.0,0.0,0.0,1.0857853,0.0,1.7303172,0.0,0.1255514,0.0,0.0,1.5296072,0.0,1.3480728,1.2341264,0.7925285,0.09626255,0.0,1.0563617,0.0,0.0,0.008936027,0.0,0.3872867,1.5115061,0.0,1.0843602,0.0,0.0,0.68960387,0.0,1.3342488,0.3776527,0.0,0.0,0.0,0.0,0.0,0.25173867,0.9783807,0.0,0.0,0.8371302,0.0,0.0,0.81268185,0.0,0.0,0.0,2.2186437,1.7640196,0.0,1.090098,0.0,0.8842406,0.0,0.0,0.77002573,0.0,1.0984366,0.0,0.0,0.0,0.48073015,0.41804144,0.8438073,0.0,0.8182308,1.246852,0.5429769,2.35027,1.5924486,1.7509862,0.41528797,1.2529658,0.0,0.0,0.0,0.0,0.0,2.6102798,0.0,0.0,0.0587396,0.0,0.0,1.5202941,1.4158499,0.0,0.3637585,0.0,0.0,0.0,0.17991665,0.0,0.0,0.0,1.1906917,0.27369672,0.5155926,0.66300094,0.0,0.33109015,2.006545,1.1882806,0.0,0.0,1.4240366,0.18616992,0.6610034,0.0,0.0,0.0,0.0,0.4883213,0.0,0.0,0.0,1.8279233,0.22256063,0.0,1.0551265,0.50090724,0.5771987,0.0,0.0,1.2321459,2.4714735,0.0,0.0,0.74513817,1.0722555,0.97403306,0.0,0.0,0.3652109,0.66960156,0.4696725,1.4353223,0.0,0.0,0.0,0.0,1.0449723,0.5793076,0.0,0.0,0.32478473,0.0,4.975832,0.0,0.0,0.15213062,1.2261674,0.8630411,0.0574975,1.1915016,0.6462038,0.0,0.0,0.0,0.61534667,0.0,0.0,0.0,0.3102333,0.5396933,0.0,0.5885945,2.7254179,0.0,0.0,0.50052637,0.0,0.98206097,0.9041379,0.8979303,0.4806539,0.70702857,1.3008001,0.0,0.0,2.0102496,0.0,0.17045309,0.0,0.0,0.0,0.5550743,0.0,1.0998532,0.1404905,1.0055192,0.0,0.0,0.030361643,0.0,0.54367787,0.12003373,0.8618503,0.14201143,0.9112512,0.0,1.389195,1.2599065,1.0711639,0.5876367,0.0,1.1423576,0.39034358,0.0,1
0.0,0.0,0.8914181,0.96839625,0.9645421,0.0,0.5219363,0.0,0.14274333,0.0,0.0,1.1322862,1.2609198,1.0725917,0.0,0.0,0.0,1.567784,0.0,0.0,0.0,0.0,0.0,1.9080024,0.20678623,0.0,0.2782366,0.0,1.012439,0.0,0.0,0.66740876,0.0,0.01695405,0.0,0.0,0.0,0.4594527,0.8775851,0.0,1.3126814,0.0,1.2026331,0.8359808,0.0,0.38640523,0.0,0.0,0.0,1.2299427,0.0,1.6869231,0.0,0.0,0.0,0.0,2.304957,0.0,1.662186,0.9406168,0.0,0.0,0.0,1.8319399,0.0,0.0,1.4713982,0.0,0.44671968,0.94289553,0.0,0.4402426,0.0,0.0,0.498674,0.0,1.5379051,0.67397684,0.5952356,0.0,0.0,0.0,0.0,0.5949297,1.1428174,0.0,0.0,1.1560171,0.0,0.0,1.3717637,0.0,0.0,0.0,2.4724123,1.4766011,0.0,0.98341453,0.0,0.4893946,0.1872717,0.0,0.68196946,0.0,1.1572264,0.0,0.0,0.15766938,0.4817961,0.0,0.45018935,0.0,0.7231818,0.18993783,1.0966232,2.217875,1.2106918,0.89715993,0.58,0.3161002,0.0,0.0,0.0,0.0,0.0,2.4132783,0.0,0.0,0.6605228,0.0,0.079484515,1.352166,1.5180819,0.0,0.0,0.0,0.0,0.0,0.054928303,0.0,0.0,0.0,1.4821026,0.43187505,0.405704,0.23222022,0.0,0.11574933,1.7401849,0.56990176,0.0,0.0,1.4438831,0.45862743,0.1687689,0.0,0.0,0.07085343,0.0,0.90854645,0.0,0.0,0.0,1.5399244,0.015794324,0.0,1.9363395,0.77740693,0.7337177,0.0,0.0,0.9262588,1.458065,0.0,0.0,0.50992817,0.726156,1.0746905,0.0,0.0,0.45263326,0.39039972,0.7409004,0.8253287,0.0,0.0,0.28141686,0.0,0.5916574,0.53982484,0.0,0.041025233,0.051565945,0.0,4.3016014,0.0,0.0,0.114684,1.0897853,0.93502384,0.22399333,0.55233985,1.0656728,0.0,0.0,0.0,0.98308825,0.0,0.0,0.0,0.588378,0.37554258,0.0,0.0,3.0879717,0.0,0.0,0.47195238,0.0,0.87763184,0.97173715,0.53454477,0.4411789,1.2438515,1.4115833,0.0,0.0,1.1389357,0.0,0.24031453,0.0,0.0,0.0,0.76169324,0.0,0.29627916,0.09920036,0.7016339,0.0,0.0,0.54492,0.0,0.069974646,0.0,0.60503227,0.8063347,1.0465713,0.0,0.74235487,1.0701404,0.8793614,0.3498705,0.0,0.22768389,0.110854365,0.0,1
0.0,0.0,0.8053321,0.0,1.2965767,0.2572792,0.3949344,0.0,0.2331517,0.0,0.0,1.2961867,0.8450674,0.97218794,0.0,0.0,0.0,1.2651451,0.0,0.0,0.022618564,0.0,0.0,1.5050714,0.47415215,0.0,0.12568364,0.0,1.1347123,0.0,0.0,0.54727864,0.0,0.0,0.0,0.0,0.0,0.2758265,1.3356776,0.0,0.8881765,0.0,0.576725,0.67833763,0.0,1.2231134,0.0,0.0,0.0,1.0045513,0.0,1.6548582,0.0,0.0,0.0,0.0,1.5630897,0.0,1.1831726,0.6574505,0.8066901,0.0,0.0,1.1847905,0.0,0.0,1.0903769,0.0,0.36978656,0.842076,0.0,0.8050147,0.0,0.0,0.21420725,0.0,1.3842471,1.1031159,0.22790317,0.0,0.0,0.0,0.0,0.0,0.8578811,0.0,0.0,1.3037109,0.0,0.0,1.217842,0.0,0.0,0.0,2.2019646,1.4057759,0.0,0.14175762,0.0,0.41245046,0.0,0.0,0.756189,0.0,0.9213357,0.0,0.0,0.0,0.0,0.28136286,0.5464359,0.0,0.44122037,1.1595701,0.2083784,0.997578,0.5886805,0.5423121,0.0,1.2983489,0.0,0.0,0.0,0.0,0.0,2.1600904,0.0,0.0,0.48635393,0.0,0.17609407,1.801568,0.98118645,0.0,0.32506973,0.0,0.0,0.0,0.0,0.0,0.0,0.0,1.3949881,0.10980129,0.05297538,0.12141748,0.0,0.75271076,0.55364037,0.38959622,0.0,0.0,1.3355916,0.49678946,0.19714893,0.0,0.0,0.0,0.0,0.45347598,0.0,0.0,0.0,1.7955396,0.4568097,0.0,1.7668434,0.607819,0.75235415,0.0,0.0,0.9139855,1.7754604,0.0,0.0,0.5856108,0.59600073,1.6114992,0.0,0.0,1.0531465,0.41724777,0.4972141,1.0104034,0.0,0.0,0.0,0.0,0.53284544,0.1000217,0.0,0.0,0.5617857,0.0,4.4412146,0.0,0.0,0.0,1.3583293,1.5356141,0.52086294,1.0801737,1.1025687,0.0,0.0,0.0,0.55014473,0.0,0.0,0.0,0.63751966,0.6343267,0.0,0.31867912,2.8848948,0.0,0.0,0.54350966,0.0,0.0,0.65802205,0.1885159,0.0,1.7077997,1.0043219,0.0,0.0,1.4673799,0.0,0.6895459,0.0,0.0,0.0,1.0643096,0.0,0.8559014,0.0,0.73384714,0.0,0.0,0.9827307,0.0,0.7065927,0.0,0.9126076,1.1118449,1.2200071,0.0,1.2052661,0.7170374,1.0095799,0.75205636,0.0,1.4758152,0.0,0.0,1
0.0,0.0,0.5322666,1.1483163,0.9640688,0.0,0.7600814,0.0,0.0,0.0,0.0,1.4962721,1.14268,1.241525,0.0,0.0,0.0,1.8546698,0.0,0.0,0.0,0.0,0.0,1.7637957,0.61922956,0.0,0.0,0.0,1.4481914,0.0,0.0,0.45553818,0.0,0.112622425,0.0,0.0,0.0,0.6644913,0.7232853,0.0,1.6038694,0.0,1.3420035,0.84619105,0.0,0.10428184,0.0,0.0,0.0,1.0812658,0.0,1.2950794,0.0,0.0,0.0,0.0,2.176073,0.0,1.5608603,0.23213592,0.0,0.0,0.0,1.7469354,0.0,0.0,1.4613585,0.0,0.0,0.88993293,0.0,0.33381048,0.0,0.0,0.93062824,0.0,1.454552,0.47401932,0.30409858,0.0,0.0,0.0,0.0,0.5547244,1.0494156,0.0,0.0,1.0974449,0.0,0.0,1.1058713,0.0,0.0,0.0,2.8366547,1.789547,0.119723424,0.834255,0.0,0.66693133,0.24863301,0.0,0.93800306,0.0,0.7916284,0.0,0.0,0.0,0.0,0.28945276,0.8007065,0.0,0.7265046,0.009190621,1.336894,2.3416748,0.5050655,1.0507163,0.12540686,0.26536438,0.0,0.0,0.0,0.016047388,0.0,2.7893531,0.0,0.0,0.3290828,0.0,0.4649643,1.7169449,1.0230243,0.0,0.22988948,0.0,0.0,0.0,0.66689247,0.0,0.0,0.0,1.1465461,0.062138084,0.6086231,0.0,0.0,0.0436444,1.0249705,0.4270749,0.0,0.0,1.5872757,0.46510676,0.56180406,0.0,0.0,0.0,0.0,1.1973376,0.0,0.0,0.0,1.3605732,0.0,0.0,2.1978698,0.6100886,0.57648647,0.0,0.0,1.3347952,2.279843,0.0,0.0,0.714892,0.7206665,1.878091,0.0,0.0,0.90888965,0.70916325,1.0480176,1.3410099,0.0,0.0,0.5037252,0.0,0.7749368,0.6803024,0.0,0.15637937,0.17559499,0.0,4.5109305,0.0,0.0,0.10657622,1.9372786,1.2548262,0.866503,0.33640695,0.82565415,0.0,0.0,0.0,0.5514567,0.0,0.0,0.0,0.4390874,0.26604006,0.0,0.33736697,2.6703389,0.0,0.0,0.2857046,0.0,0.6254921,1.169362,0.20887583,0.53965586,1.5937551,1.2957103,0.0,0.0,1.2865161,0.0,0.6826184,0.0,0.0,0.0,0.8736871,0.0,0.0,0.45295432,0.65311867,0.0,0.0,0.8197302,0.0,0.56142926,0.22204696,1.2242485,1.3248836,1.3265041,0.0,1.0840045,1.3650815,0.8089776,0.5046588,0.0,0.2751964,0.0,0.0,1
0.0,0.0,0.80038035,0.72604835,1.150602,0.0,0.9339218,0.0,0.1664818,0.0,0.0,1.5433009,1.7372394,1.221898,0.0,0.0,0.0,1.9655706,0.0,0.0,0.0,0.0,0.0,1.8019669,0.5567051,0.0,0.20179906,0.0,1.347603,0.0,0.0,0.47472054,0.0,0.0,0.0,0.0,0.0,0.52742946,1.3840343,0.0,1.1792102,0.0,1.246041,1.3965071,0.0,0.22443512,0.0,0.0,0.0,1.4710027,0.0,2.288854,0.0,0.0,0.0,0.0,2.479712,0.0,1.8497508,0.4847906,0.0,0.0,0.0,1.6341631,0.0,0.0,1.5832435,0.0,0.42505425,0.9504823,0.0,0.2323452,0.0,0.0,0.4052833,0.0,1.8175217,1.1469457,0.15719803,0.0,0.0,0.0,0.0,0.7147904,1.3467165,0.0,0.0,0.903622,0.0,0.0,1.2246839,0.0,0.0,0.0,2.9853687,2.3911278,0.0,0.7459118,0.0,0.93611324,0.16817378,0.0,0.5293641,0.0,1.0547419,0.0,0.0,0.0,0.21461712,0.0,0.9732385,0.0,0.6745987,0.18402113,1.2293421,2.8434894,0.89130807,1.1714212,0.056345843,0.53820837,0.0,0.0,0.0,0.0,0.0,3.4030392,0.0,0.0,0.7317391,0.0,0.36280507,1.8470136,1.4353627,0.0,0.11958056,0.0,0.0,0.0,0.12747942,0.0,0.0,0.0,1.457468,0.0051174792,0.6000706,0.33420202,0.0,0.42304567,0.70958436,0.71585876,0.0,0.0,1.8785989,0.37514862,0.56514716,0.0,0.0,0.0,0.0,0.8740205,0.0,0.0,0.0,2.0826917,0.0,0.0,2.3065152,0.84224975,0.3746715,0.0,0.0,1.4724361,2.4369419,0.0,0.0,0.41805464,0.61853665,1.9450599,0.0,0.0,1.10298,0.0688068,0.7753639,1.6429249,0.0,0.0,0.13192017,0.0,0.4410116,0.7616927,0.0,0.38524094,0.0,0.0,4.6256084,0.0,0.0,0.0,1.7221246,1.3321275,0.3675429,0.0,1.45582,0.0,0.0,0.0,0.5012429,0.0,0.0,0.0,0.46854186,0.4317533,0.0,0.617689,3.7116287,0.0,0.0,0.28627017,0.0,0.45925185,1.0589055,0.41025597,0.36112878,0.8971928,1.0322028,0.0,0.0,1.545902,0.0,0.24583729,0.0,0.0,0.0,1.1469272,0.0,0.5001867,0.35635194,0.42278573,0.0,0.0,0.5491056,0.0,0.9262708,0.0,0.716622,0.7730696,1.6279693,0.0,1.218294,1.4249088,1.3255751,0.5347725,0.0,0.21954857,0.08319857,0.0,1
0.0,0.0,0.78131425,0.20711891,1.7682353,0.3337965,0.5543329,0.0,0.2835045,0.0,0.0,1.1598423,0.94636154,0.9281514,0.0,0.0,0.0,1.7042942,0.0,0.0,0.0,0.0,0.0,2.0797596,0.3861863,0.0,0.0,0.0,1.3777028,0.0,0.0,0.45488802,0.0,0.0,0.0,0.0,0.0,0.65396196,1.3218642,0.0,1.1482158,0.0,0.4573499,0.49541306,0.0,0.92984974,0.0,0.0,0.0,0.7173614,0.0,1.6616904,0.0,0.0,0.0,0.0,1.9397864,0.0,1.5730417,0.77236575,0.6520016,0.0,0.0,1.5558097,0.0,0.0,1.1155971,0.0,0.13109009,0.82926106,0.0,0.5984764,0.0,0.0,0.39246175,0.0,1.3282658,0.54100275,0.34684807,0.0,0.0,0.0,0.0,0.49135983,1.0389403,0.0,0.0,1.4572664,0.0,0.0,1.0456592,0.0,0.0,0.0,2.924078,1.4692588,0.0,0.91766673,0.0,0.59375226,0.023107447,0.0,0.89619374,0.0,0.800605,0.0,0.0,0.0,0.20688052,0.24013337,0.48159972,0.0,0.5887591,0.46901593,0.77551645,1.8619323,1.2416292,1.0434417,0.29087785,1.0284007,0.0,0.0,0.0,0.0,0.0,2.1832976,0.0,0.0,0.6166589,0.0,0.1301335,1.796534,0.9693346,0.0,0.28923243,0.0,0.0,0.0,0.021205787,0.0,0.0,0.0,1.3137268,0.4894784,0.48570186,0.11791463,0.0,0.63646877,1.7881521,0.7709773,0.0,0.0,1.4001052,0.2523598,0.46318182,0.0,0.0,0.0,0.0,0.5762762,0.0,0.0,0.0,1.6459444,0.2858007,0.0,1.7189991,0.54474026,0.30606753,0.0,0.0,0.8041384,1.5949204,0.0,0.0,0.70250934,1.1044772,1.2452654,0.0,0.0,0.5949304,0.5732873,0.7506768,0.83592397,0.0,0.0,0.0,0.0,1.0008742,0.57803416,0.0,0.0,0.27408162,0.0,4.3977776,0.0,0.0,0.037487816,1.1647886,1.7482973,0.5161053,0.6844467,0.8117027,0.0,0.0,0.0,0.36697164,0.0,0.0,0.0,0.36621645,0.30998495,0.0,0.6398999,2.5889783,0.0,0.0,0.46742094,0.0,0.40230715,0.73847765,0.19493759,0.37055314,1.0706071,1.2035036,0.0,0.0,1.4875199,0.0,0.85660595,0.0,0.0,0.0,0.8257238,0.0,0.77185476,0.17048746,0.60734934,0.0,0.0,0.7134641,0.0,0.4458865,0.0,0.9104821,1.1823505,0.83338463,0.0,0.8255521,1.0419056,1.2386608,0.7322139,0.0,1.0027155,0.16516265,0.0,1
0.0,0.0,1.2623198,0.8181461,1.0676992,0.86778355,0.64715934,0.0,0.4170176,0.0,0.0,1.4707433,1.0126724,0.788297,0.0,0.0,0.0,1.8477201,0.0,0.0,0.0,0.0,0.0,2.047744,0.41676262,0.0,0.16077074,0.0,1.4822682,0.0,0.0,0.36737335,0.0,0.09824468,0.0,0.0,0.0,0.6603615,0.8032815,0.0,1.5795165,0.0,0.9975353,0.4398527,0.0,1.2327974,0.0,0.0,0.0,0.95895064,0.0,1.696031,0.0,0.0,0.0,0.0,2.041021,0.0,2.0220213,0.89604324,0.5681871,0.0,0.0,1.3953667,0.0,0.0,1.2264787,0.0,0.20132443,0.92400676,0.0,0.67136884,0.0,0.0,0.7268757,0.0,1.298224,0.48772514,0.32534108,0.0,0.0,0.0,0.0,0.14325507,1.2953612,0.0,0.0,1.0675439,0.0,0.0,0.79896045,0.0,0.0,0.0,2.6832707,1.3152529,0.34169242,1.1488711,0.0,0.5499713,0.40853098,0.0,1.1339442,0.0,0.69594485,0.0,0.0,0.0,0.3135481,0.11031011,0.77246857,0.0,0.46796927,0.6515801,0.68740684,1.7727578,1.163693,1.3236731,0.10968896,0.8652383,0.0,0.0,0.0,0.0,0.0,1.7408965,0.0,0.0,0.74939847,0.0,0.2575811,1.846496,1.2158924,0.0,0.22744672,0.0,0.0,0.0,0.0,0.0,0.0,0.0,1.2416697,0.4032035,0.5101772,0.47917718,0.0,0.6336985,1.5263947,0.760907,0.0,0.0,1.2694439,0.44065583,0.20012195,0.0,0.0,0.0,0.0,0.9337756,0.0,0.0,0.0,1.6267685,0.37607086,0.0,1.6496027,0.41684532,0.75154245,0.0,0.0,1.2317122,1.9635544,0.0,0.0,0.8038028,0.61386544,1.2829684,0.0,0.0,0.65287244,0.7723958,1.1803482,1.0851173,0.0,0.0,0.0,0.0,1.0699556,0.743882,0.0,0.0960301,0.5868481,0.0,4.5663266,0.0,0.0,0.0,1.4864734,1.6345891,0.41791773,0.8946425,0.5010384,0.0,0.0,0.0,0.38548377,0.0,0.0,0.0,0.25941294,0.33910242,0.0,0.69214904,2.4991524,0.0,0.0,0.96759313,0.0,0.54279786,1.351022,0.46344268,0.1289444,1.4842204,1.6687695,0.0,0.0,1.5261924,0.0,0.92421365,0.0,0.0,0.0,0.48174554,0.0,0.3351703,0.05058638,0.43124974,0.0,0.0,0.33325136,0.0,0.5600752,0.0,0.96332806,1.3331074,1.2576437,0.0,0.63855183,1.0256621,0.94648546,0.41566363,0.0,0.98159695,0.1561672,0.0,1
0.0,0.0,1.6193527,0.9458852,0.9990609,0.0,0.034166496,0.0,0.6215704,0.0,0.0,2.185762,1.5574727,0.31277022,0.11817828,0.0,0.0,2.0946066,0.0,0.0,0.0,0.0,0.0,1.867227,0.70082116,0.0,0.57185274,0.0,1.5811394,0.0,0.0,0.43781525,0.0,1.202247,0.0,0.0,0.0,0.5594575,0.817426,0.0,0.68541026,0.0,0.9619349,1.1125216,0.06406624,0.8631321,0.0,0.0,0.0,1.5901378,0.0,1.2739295,0.0,0.0,0.0,0.0,2.6713395,0.0,2.2409666,1.060215,0.9034218,0.0,0.0,1.0247922,0.0,0.0,1.1562251,0.0,0.51868415,0.6685946,0.0,0.0,0.0,0.0,0.73030674,0.0,1.3341689,1.1240106,0.024111249,0.0,0.0,0.0,0.0,0.23341757,0.94304633,0.0,0.0,1.5144948,0.0,0.0,1.5582646,0.0,0.0,0.0,2.7526329,1.8613342,0.0,1.2264545,0.0,0.82795316,0.0,0.0,0.95956403,0.0,1.4798361,0.0,0.0,0.03871965,0.24002878,0.22280797,0.6993778,0.0,0.41827598,0.0,0.2191872,2.2357554,1.9287015,1.4480994,1.2871119,1.4077823,0.0,0.0,0.0,0.0,0.0,2.5289114,0.0,0.0,0.33755505,0.0,0.24830942,1.9605247,1.1827368,0.0,0.3825081,0.0,0.0,0.0,0.55281526,0.0,0.0,0.0,1.5906229,0.38951844,0.93016773,0.49462456,0.0,0.1393114,0.9356919,0.43464556,0.0,0.0,1.6143336,0.44052917,1.3174976,0.0,0.0,0.0,0.0,1.2764478,0.0,0.0,0.0,1.5746299,0.0,0.0,1.7003744,0.7684524,1.0882895,0.0,0.0,1.5213314,2.5036664,0.0,0.0,0.4881673,1.0553265,2.2592397,0.0,0.0,0.58320546,0.49152708,0.8519159,1.4458998,0.0,0.0,0.14180964,0.0,0.92381984,0.7679509,0.0,0.61002576,0.14937155,0.11909388,4.842616,0.0,0.0,0.0,2.0005798,1.407659,1.202979,0.6618218,0.91749716,0.0,0.0,0.0,0.8853196,0.0,0.0,0.0,0.487733,0.26317844,0.0,0.6970426,2.7340493,0.0,0.0,0.3438694,0.0,0.7065112,0.85685474,0.18130404,0.64781594,1.7261981,0.7097774,0.0,0.0,1.4246508,0.0,0.76065356,0.0,0.0,0.0,0.62139404,0.0,0.34075853,0.72128195,0.8137898,0.0,0.0,0.93384916,0.0,1.512421,0.0,0.6392388,1.8483887,2.1438785,0.0,0.7021249,0.82260436,0.78095526,0.94828075,0.0,0.8516813,0.09716322,0.0,1
0.0,0.0,1.6910219,0.17705634,1.1698201,0.0,0.1287645,0.0,1.1685255,0.0,0.0,1.7133675,2.2985115,0.8563301,0.0,0.0,0.0,2.067251,0.0,0.0,0.0,0.0,0.0,1.9591475,0.7681334,0.0,0.33967778,0.0,0.56550586,0.0,0.0,0.0,0.0,0.98601145,0.0,0.0,0.0,0.4143844,1.3557271,0.0,1.0975657,0.0,0.0,1.9036367,0.0,1.4450111,0.0,0.0,0.0,1.3031416,0.0,1.9640893,0.0,0.0,0.0,0.0,2.446166,0.0,1.2382666,1.7659289,1.0830339,0.0,0.0,1.4284428,0.0,0.0,0.5190846,0.0,0.81519675,0.0,0.0,0.26767078,0.0,0.0,0.19020301,0.0,1.4045025,1.5854642,0.8982943,0.0,0.0,0.0,0.0,0.0,0.6194624,0.0,0.0,1.2231132,0.0,0.0,0.24498072,0.0,0.0,0.0,2.6873512,2.362253,0.0,1.6276056,0.056428973,0.5690669,0.0,0.0,1.2989633,0.0,0.9766297,0.0,0.0,0.0,0.5337952,0.11535016,0.7629322,0.0,0.13604166,0.5359759,0.0,1.4615766,1.597936,0.7053571,0.7352299,1.7091362,0.0,0.0,0.0,0.0,0.0,3.181046,0.0,0.0,0.33154708,0.0,0.41333276,1.8532993,1.1250005,0.0,0.8005971,0.0,0.0,0.0,0.48007503,0.0,0.0,0.0,1.7963276,0.42279488,0.23820305,0.65631753,0.0,0.6937419,1.465713,0.42802125,0.0,0.0,1.9471537,0.02847808,0.81088525,0.0,0.0,0.0,0.0,0.68649113,0.0,0.0,0.0,2.2534535,0.63751906,0.0,1.6476529,1.1564032,1.4910488,0.0,0.0,1.348327,2.3178647,0.0,0.0,0.27816623,1.5765443,1.8528847,0.0,0.0,1.121859,0.9414664,0.41879764,1.1450421,0.0,0.0,0.0,0.0,1.0709232,0.097341545,0.0,0.0,0.07807238,0.0,5.0941925,0.0,0.0,0.0,2.0011322,1.6729354,1.3483771,0.9837267,1.0339849,0.0,0.0,0.0,0.821962,0.0,0.0,0.0,0.8001926,0.0,0.0,0.5650912,3.006587,0.0,0.0,0.29633698,0.0,1.0865813,0.68589944,0.091886215,1.263325,1.831788,1.3972454,0.0,0.0,1.3655276,0.0,0.0,0.0,0.0,0.0,0.6701654,0.0,1.4171586,0.26245233,1.1829629,0.0,0.0,1.4974626,0.0,1.1837553,0.0,0.6928051,2.1193078,1.8738953,0.0,1.1648455,1.1880201,1.6316874,1.189769,0.0,1.0098346,0.0,0.0,1
0.0,0.0,1.4413781,0.5391298,2.1318884,0.0,0.428233,0.0,0.45378387,0.033410303,0.0,1.0733713,1.7422099,1.5669961,0.0,0.0,0.0,1.4893173,0.0,0.0,0.0,0.04039501,0.0,2.0630984,0.9672227,0.0,0.62112087,0.0,0.093023285,0.0,0.0,0.69449604,0.0,0.0,0.0,0.0,0.0,0.19267143,1.8862897,0.0,1.4957653,0.0,0.32407779,1.0107244,0.0,2.0164247,0.0,0.0,0.0,1.8621106,0.0,1.8528566,0.0,0.0,0.0,0.0,1.9814459,0.0,1.4921759,1.1420828,0.0,0.25426573,0.0,1.7341272,0.0,0.0,1.0713199,0.0,0.9776267,0.1535606,0.0,0.56621903,0.0,0.0,0.50016105,0.0,1.9484575,2.0078237,0.8190725,0.0,0.0,0.0,0.0,0.0,0.34881932,0.0,0.0,1.1864239,0.0,0.0,1.259834,0.0,0.0,0.0,2.3915262,1.9365456,0.0,1.2066072,0.0,0.67177266,0.0,0.0,1.0767937,0.0,2.0353475,0.0,0.0,0.0,0.3514324,0.51174206,0.37950274,0.0,0.68475264,1.5276185,0.5245051,2.1183407,1.4919924,0.59755623,1.0487252,2.2979455,0.0,0.0,0.0,0.0,0.0,2.6072693,0.0,0.0,0.7471769,0.09418803,0.3758405,1.0688955,1.4678278,0.0,0.5542571,0.0,0.0,0.0,0.0,0.0,0.0,0.0,1.6548517,0.03722221,0.0,0.2845687,0.0,0.56276363,1.1263837,1.2127138,0.0,0.0,1.9987257,0.38170892,0.24687095,0.0,0.0,0.0,0.0,0.0,0.0,0.0,0.0,2.1605158,1.0941619,0.0,1.6514964,0.80026656,0.7902686,0.0,0.0,0.8881302,1.9647665,0.0,0.0,0.42788523,0.5471736,0.7310945,0.0,0.0,0.6820411,0.579181,1.0285332,1.8144702,0.0,0.0,0.0,0.0,0.7553265,0.0,0.0,0.0,0.8140004,0.0,5.502309,0.0,0.0,0.5591242,1.136447,1.1714338,0.80043423,1.7519562,1.4571985,0.0,0.0,0.0,0.8718989,0.0,0.0,0.0,0.866563,0.79988766,0.0,0.11529801,2.5083702,0.0,0.0,0.35869822,0.0,0.564158,0.83346105,0.93189955,0.44673505,1.5884397,1.1197426,0.0,0.0,2.2818828,0.0,0.054605335,0.0,0.0,0.0,1.1590348,0.0,0.98503953,0.0,1.4084873,0.0,0.0,1.5630324,0.0,0.5354522,0.0,1.1642318,1.2892829,1.6600492,0.0,1.2995704,0.38357696,1.5503578,1.3019334,0.0,1.2308059,0.34984988,0.0,1
0.0,0.0,0.6762332,0.62578017,1.834136,0.4746834,0.4985061,0.0,0.14125657,0.0,0.0,0.84755635,0.5463119,0.97370404,0.0,0.0,0.0,1.206769,0.0,0.0,0.057411734,0.0,0.0,1.7228738,0.6697772,0.0,0.0,0.0,0.93733543,0.0,0.0,0.57490057,0.0,0.11275335,0.0,0.0,0.0,0.33438691,1.2024893,0.0,1.2598823,0.0,0.59954745,0.5580796,0.0,1.5447282,0.0,0.0,0.0,0.92442185,0.0,1.9898894,0.0,0.0,0.0,0.0,0.98427063,0.0,0.8195645,0.7350016,0.68314105,0.0,0.0,0.78188944,0.0,0.0,0.69782925,0.0,0.30952668,0.6654563,0.0,1.2238362,0.0,0.0,0.92006785,0.0,1.8325878,0.8902966,0.8060433,0.0,0.0,0.0,0.0,0.0,0.631636,0.0,0.0,1.6266549,0.0,0.0,0.4125204,0.0,0.0,0.0,2.2157729,1.454455,0.048644766,0.80740297,0.0,0.5112587,0.0,0.0,1.5229571,0.0,0.97726035,0.0,0.0,0.0,0.0,0.92534035,0.046746954,0.0,0.6612579,0.79359484,0.64266294,1.2324151,0.63601494,0.9275244,0.20870693,1.5810034,0.0,0.0,0.0,0.0,0.0,1.7136202,0.0,0.0,0.45271862,0.026883665,0.18978532,1.5899392,1.2841678,0.0,0.113943346,0.0,0.0,0.0,0.0,0.0,0.0,0.0,0.79314524,0.3800342,0.0,0.16537745,0.0,0.33592695,1.6074083,0.549396,0.0,0.0,1.3884451,0.34410957,0.13759954,0.0,0.0,0.0,0.0,0.14183716,0.0,0.0,0.0,1.0347575,0.75858706,0.0,1.303288,0.4292195,0.74953955,0.0,0.0,0.575799,1.5656505,0.0,0.0,0.5283527,1.0273466,1.4806942,0.0,0.0,0.30417895,0.5603226,0.46178466,0.7070387,0.0,0.0,0.0,0.0,1.1537137,0.32416737,0.0,0.0,0.5764565,0.0,4.134057,0.0,0.0,0.029342186,0.85932565,1.3947396,0.13845572,0.62129503,0.7151598,0.0,0.0,0.0,1.0664501,0.0,0.0,0.0,0.41224056,0.6547607,0.0,0.4982246,2.010336,0.0,0.0,0.5710567,0.0,0.2651285,1.3883408,0.7027932,0.0,1.3462167,1.540212,0.0,0.0,1.27745,0.0,0.67159635,0.0,0.0,0.0,0.42341596,0.0,0.8242662,0.0,0.68280435,0.0,0.0,1.5336696,0.0,0.47306973,0.0,1.2876662,1.2742442,0.8512206,0.0,0.7997364,1.0657828,1.2418396,1.1218246,0.0,1.4798086,0.37129351,0.0,1
0.0,0.0,0.9885526,0.7906144,1.2543311,0.0,0.05869804,0.0,0.34338748,0.0,0.0,1.4199154,1.3229446,0.66266215,0.0,0.0,0.0,1.6104623,0.0,0.0,0.0,0.0,0.0,2.0894794,0.3761064,0.0,0.24670446,0.0,1.3712275,0.0,0.0,0.3830078,0.0,0.0,0.0,0.0,0.0,0.30486685,0.6671832,0.0,1.549475,0.0,1.1971396,0.7842003,0.0,1.1408381,0.0,0.0,0.0,1.273876,0.0,1.2625834,0.0,0.0,0.0,0.0,1.5356978,0.0,1.6008674,1.0318024,0.6633387,0.0,0.0,0.83877933,0.0,0.0,1.1666769,0.0,0.49167445,0.795724,0.0,0.5108384,0.0,0.0,0.65055585,0.0,1.7775285,0.93933964,0.5786129,0.0,0.0,0.0,0.0,0.17847255,1.3085856,0.0,0.0,1.2791206,0.0,0.0,0.6481004,0.0,0.0,0.0,2.6649487,0.89727205,0.0,1.2754759,0.0,0.79440325,0.0,0.0,0.7634368,0.0,0.6717462,0.0,0.0,0.0,0.5258805,0.23614523,0.38751382,0.0,0.8261513,0.27005595,0.6661386,1.6222249,0.9957467,1.3111345,0.540773,1.2009308,0.0,0.0,0.0,0.0,0.0,2.5369575,0.0,0.0,0.6124859,0.0,0.19173403,2.1868575,1.1517138,0.0,0.12487645,0.0,0.0,0.0,0.0,0.0,0.0,0.0,1.2019308,0.24725634,0.0,0.46913892,0.0,0.455847,1.3618875,0.7512582,0.0,0.0,1.2344971,0.11961802,0.6279946,0.0,0.0,0.0,0.0,0.58619165,0.0,0.0,0.0,1.7380816,0.47391135,0.0,1.2407564,0.4563114,0.7250402,0.0,0.0,1.3130845,2.0875413,0.0,0.0,0.6489194,1.1045713,1.3888682,0.0,0.0,0.8931974,0.7019595,0.6562822,1.0670453,0.0,0.0,0.05412801,0.0,1.1126724,0.5006993,0.0,0.40332073,0.34441525,0.0,4.5747156,0.0,0.0,0.0,1.8708918,1.5090079,0.69794494,0.8961562,0.68220925,0.0,0.0,0.0,0.7778149,0.0,0.0,0.0,0.6666306,0.5187434,0.0,0.51105094,2.764016,0.0,0.0,0.855502,0.0,0.6619537,1.1319641,0.3100425,0.13977447,1.2876097,1.3291255,0.0,0.0,1.3160397,0.0,0.256161,0.0,0.0,0.0,0.48421317,0.0,0.4886447,0.0,0.7717412,0.0,0.0,0.39822182,0.0,0.6767672,0.0,0.56991524,1.2620047,0.8769256,0.0,1.2308067,1.3491338,1.1760312,0.67958087,0.0,0.96595883,0.29216406,0.0,1
0.0,0.0,1.024548,0.0,1.6036344,0.0,0.583327,0.0,0.21249612,0.0,0.0,1.1255265,0.77382946,1.1162349,0.0,0.0,0.0,1.6689684,0.0,0.0,0.0,0.0,0.0,1.8183864,0.31889567,0.0,0.0,0.0,1.2591635,0.0,0.0,0.5000857,0.0,0.0,0.0,0.0,0.0,0.55150664,1.2479601,0.0,1.0676249,0.0,0.09998309,0.83488417,0.0,1.3298517,0.0,0.0,0.0,0.56399417,0.0,1.6895193,0.0,0.0,0.0,0.0,2.1701736,0.0,1.7373922,0.53943205,0.3501769,0.0,0.0,1.6336594,0.0,0.0,0.78172433,0.0,0.056486167,0.59340185,0.0,0.7880556,0.0,0.0,0.0,0.0,1.5508121,0.7557614,0.19601779,0.0,0.0,0.0,0.0,0.19382048,1.0236487,0.0,0.0,1.2328607,0.0,0.0,1.6470629,0.0,0.0,0.0,2.3048594,1.879328,0.0,0.7296052,0.0,0.38783845,0.0,0.0,1.2239244,0.0,0.99689674,0.0,0.0,0.0,0.06385295,0.13545051,0.8019693,0.0,0.5546613,0.79677457,1.1611054,1.7301755,0.9097711,1.0778643,0.44047073,1.1534843,0.0,0.0,0.0,0.0,0.0,2.2997174,0.0,0.0,0.5102109,0.0,0.0,1.4967924,0.9291863,0.0,0.3475522,0.0,0.0,0.0,0.0,0.0,0.0,0.0,1.3850293,0.7688539,0.22814426,0.0,0.0,0.35803428,1.4534279,0.8234448,0.0,0.0,1.6153696,0.50475526,0.3249121,0.0,0.0,0.0,0.0,0.4913237,0.0,0.0,0.0,1.6362741,0.35999346,0.0,1.5878048,0.54349697,0.16850454,0.0,0.0,0.8846152,1.641139,0.0,0.0,0.41748407,0.3647677,1.9526925,0.0,0.0,0.3802148,0.0,0.8109973,1.2646335,0.0,0.0,0.0,0.0,0.78274614,0.43659332,0.0,0.0,0.31440565,0.0,4.300484,0.0,0.0,0.48335105,1.5333774,1.628197,0.15001658,0.59732103,1.6057749,0.0,0.0,0.0,0.38963887,0.0,0.0,0.0,0.4179418,0.19621901,0.089818865,0.50369316,2.6551552,0.0,0.0,0.4847182,0.0,0.17671214,0.4184546,0.31429112,0.2628083,0.9948172,0.46535447,0.0,0.0,0.94216233,0.0,0.8089568,0.0,0.0,0.0,0.71530837,0.0,0.82250994,0.0,0.57342666,0.0,0.0,0.6273692,0.0,0.7001133,0.0,0.6443352,1.3525752,1.0936747,0.0,0.4007375,0.82591826,1.3389428,0.47388902,0.0,1.4329274,0.06583316,0.0,1
0.0,0.0,1.36311,0.34319144,1.2595088,0.34255055,0.59213865,0.0,0.48212248,0.0,0.0,2.4289615,2.0381334,0.68752396,0.0,0.0,0.0,1.9454992,0.0,0.0,0.0,0.0,0.0,2.32278,0.93397105,0.0,0.116312884,0.0,1.1742804,0.0,0.0,0.5750321,0.0,0.26414123,0.0,0.0,0.0,0.29693174,1.293789,0.0,1.6003698,0.0,1.0338097,0.7396443,0.0,1.5195554,0.0,0.0,0.0,1.6882344,0.0,2.3690274,0.0,0.0,0.0,0.0,2.3499012,0.0,2.509262,0.88907903,1.0823612,0.103343494,0.0,0.7612806,0.0,0.0,1.5341438,0.0,0.17289317,1.6156487,0.0,0.36504886,0.0,0.0,0.6971964,0.0,1.6735816,1.2332531,0.61018026,0.0,0.0,0.0,0.0,0.10061219,1.6112901,0.0,0.0,1.3727987,0.0,0.0,0.76948017,0.0,0.0,0.0,2.4548302,2.0460575,0.051153466,0.30125573,0.0,1.2114832,0.0,0.0,1.4310493,0.0,1.2630175,0.0,0.0,0.0,0.0920752,0.0,1.0422179,0.0,0.5940542,0.6732075,0.9152457,2.2095582,2.0894976,1.8847016,0.78615946,2.016202,0.0,0.0,0.0,0.0,0.0,3.5321205,0.0,0.0,0.33440435,0.0,0.75148016,1.9333159,1.6989851,0.0,0.37630257,0.0,0.0,0.0,0.7444476,0.0,0.0,0.0,1.9030191,0.0,0.2557611,0.5224487,0.0,0.051257223,1.6008866,0.7388821,0.0,0.0,1.4851217,0.40162086,0.8252061,0.0,0.0,0.0,0.0,0.43848783,0.0,0.0,0.0,1.8381793,0.0,0.0,0.96262467,0.9434973,1.1600968,0.0,0.0,2.3141913,3.5390313,0.0,0.0,0.8787977,0.93903583,2.7167585,0.0,0.0,0.5873278,0.69962424,0.0,2.1042686,0.0,0.0,0.20586045,0.0,1.1722771,0.3666332,0.0,0.0,1.0451698,0.099698916,5.769642,0.0,0.0,0.0,1.9022188,1.808012,0.6365666,1.3387089,0.9395903,0.0,0.0,0.0,0.38194433,0.0,0.0,0.0,0.6168373,0.24016865,0.0,0.8266498,3.0675325,0.0,0.0,0.7474463,0.0,0.45054507,0.82138485,0.71871644,0.09893714,1.2919573,1.239553,0.0,0.0,2.1971138,0.0,0.17856143,0.0,0.0,0.0,0.041415248,0.0,0.82603157,0.45116404,0.59989506,0.0,0.0,0.64269716,0.0,1.3989459,0.0,1.7250468,1.1253661,1.1439701,0.0,1.0503637,1.494212,1.8465562,1.1051778,0.0,1.2069081,0.12134256,0.0,1
0.0,0.0,0.8235039,1.0058404,0.94181675,0.0,0.57595664,0.0,0.31055716,0.0,0.0,1.2996025,1.0444983,1.175336,0.0,0.0,0.0,1.8173457,0.0,0.0,0.0,0.0,0.0,1.4906384,0.4588622,0.0,0.36967364,0.0,0.9568715,0.0,0.0,0.31425247,0.0,0.24907161,0.0,0.0,0.0,0.5357098,0.8783994,0.0,1.475036,0.0,1.1657381,0.8713151,0.0,0.41369098,0.0,0.0,0.0,1.3344378,0.0,1.1526562,0.0,0.0,0.0,0.0,2.1864803,0.0,1.5063237,0.6065322,0.15381676,0.0,0.0,1.7651002,0.0,0.0,1.5370381,0.0,0.08633264,0.86090666,0.0,0.3110499,0.0,0.0,0.5374347,0.0,1.1624367,0.52940905,0.4586276,0.0,0.0,0.0,0.0,0.56179035,0.8471022,0.0,0.0,1.0726697,0.0,0.0,0.91099054,0.0,0.0,0.0,2.8716002,1.8028024,0.19814788,1.0564035,0.0,0.6802312,0.0,0.0,0.9099254,0.0,0.9337825,0.0,0.0,0.28109416,0.24867968,0.08870348,0.7393631,0.0,0.68965393,0.20690031,0.97616255,2.3459644,0.85568094,0.84163916,0.41594478,0.48354936,0.0,0.0,0.0,0.0,0.0,2.7188125,0.0,0.0,0.6738003,0.0,0.42154324,1.7371173,1.3406107,0.0,0.13744959,0.0,0.0,0.0,0.23666058,0.0,0.0,0.0,1.385722,0.35995644,0.749283,0.24259081,0.0,0.20033318,1.005897,0.50171673,0.11924667,0.0,1.5180912,0.40583494,0.5931237,0.0,0.0,0.0017735534,0.0,0.83840925,0.0,0.0,0.0,1.7415122,0.13131063,0.0,2.082144,0.6459515,0.7841685,0.0,0.0,1.1452507,1.7158401,0.0,0.0,0.5177725,0.59503,1.643967,0.0,0.0,0.73139495,0.45514423,1.0781536,0.9768063,0.0,0.0,0.3557619,0.0,0.7268391,0.7904366,0.0,0.21461426,0.03862139,0.0,4.176211,0.0,0.0,0.0,1.9946434,1.5023332,0.7482358,0.4380484,0.7360864,0.0,0.0,0.0,0.5306761,0.0,0.0,0.0,0.52822167,0.20546629,0.0,0.5850187,2.6577559,0.0,0.0,0.4295607,0.0,0.82336456,0.7576336,0.30880684,0.3948646,1.4126593,1.1299218,0.0,0.0,1.2804466,0.0,0.4508871,0.0,0.0,0.0,0.9094048,0.0,0.03028694,0.37669846,0.54337895,0.0,0.0,0.4260937,0.0,0.42914182,0.0,1.0365725,1.1905481,1.3090988,0.0,0.7967471,1.0230508,0.6387361,0.5858416,0.0,0.39621493,0.15464264,0.0,1
0.0,0.0,1.9032503,0.41248965,1.5731404,0.0,0.05656324,0.0,0.65412,0.0,0.0,1.5654343,1.1124475,0.47707203,0.0,0.0,0.0,2.0881736,0.0,0.0,0.0,0.16244493,0.0,2.102955,0.030049559,0.0,0.11152621,0.0,1.2291709,0.0,0.0,0.6354466,0.0,0.73192024,0.0,0.0,0.0,0.47185093,1.2203878,0.0,0.9337463,0.0,0.5744874,1.227768,0.0,0.7932169,0.0,0.0,0.0,1.1034625,0.0,2.1434095,0.0,0.0,0.0,0.0,2.594431,0.17985146,2.172991,0.78544503,0.9890051,0.43449545,0.0,1.5243511,0.0,0.0,0.13946751,0.0,0.34102517,0.5713408,0.0,0.0,0.0,0.0,0.15365733,0.0,1.4479557,1.1209805,0.46381855,0.0,0.0,0.0,0.0,0.4854239,0.8451818,0.0,0.0,1.4789482,0.0,0.0,0.99846256,0.0,0.0,0.0,3.02511,2.006097,0.0,0.7726648,0.0,0.63766235,0.0,0.0,1.2191981,0.0,1.7780207,0.0,0.0,0.0,0.20431758,0.17206725,1.0139719,0.0,0.93786746,0.12871872,0.8530645,2.527136,1.3042966,1.0798746,0.70132333,0.88550556,0.0,0.0,0.0,0.0,0.0,2.8038328,0.0,0.0,0.33406758,0.0,0.6899314,1.6791598,1.9646652,0.0,0.14937024,0.0,0.0,0.0,0.32637474,0.0,0.0,0.0,1.884688,0.591433,0.70649797,0.0,0.0,0.0,1.6534374,0.5671725,0.0,0.0,1.4801904,0.430465,0.37981805,0.0,0.0,0.0,0.0,0.9212955,0.0,0.0,0.0,1.5626624,0.56678236,0.0,1.8296072,0.7172648,0.8635849,0.0,0.0,1.0515237,2.6520488,0.0,0.0,0.98026925,1.0250885,2.286226,0.0,0.0,0.2977657,0.29095894,0.5039315,1.5418559,0.0,0.0,0.0,0.0,1.0710669,0.42193162,0.0,0.49734834,0.04100736,0.0,4.9891267,0.0,0.0,0.07693733,1.9949529,1.4806538,0.3816001,0.41968367,1.0618932,0.0,0.0,0.0,0.7396284,0.0,0.0,0.0,0.6982191,0.0,0.0,0.559401,3.406402,0.0,0.0,0.3120639,0.0,0.5788053,0.8424923,0.5729047,0.8110019,1.5081285,0.43919095,0.0,0.0,1.0941639,0.0,0.8717481,0.0,0.0,0.0,0.2976142,0.0,0.86689204,0.3936595,0.5213308,0.0,0.0,0.65642744,0.0,1.0082077,0.0,0.84315735,1.117478,1.426622,0.0,0.7480004,0.9239809,1.054324,1.7468661,0.0,0.3104497,0.2522419,0.0,1
0.0,0.0,1.2455733,0.28965712,0.60119337,0.17462327,1.1522218,0.0,0.12830737,0.0,0.0,2.1513472,1.8730063,1.5903785,0.0,0.0,0.0,2.6518235,0.0,0.0,0.0,0.04401623,0.0,2.0705602,0.35925704,0.0,0.0,0.0,1.534338,0.0,0.0,0.808775,0.0,0.08392505,0.0,0.0,0.0,0.9936664,1.85335,0.0,1.1713816,0.0,1.1981931,1.479354,0.0,0.33085617,0.0,0.0,0.0,1.4437933,0.0,3.2866602,0.0,0.0,0.0,0.0,3.2929544,0.0,2.883691,0.4703155,0.0,0.0,0.0,2.1132636,0.0,0.0,1.9039277,0.0,0.105575286,0.5496606,0.0,0.25090575,0.0,0.0,0.30777866,0.0,1.7509068,1.6365219,0.0,0.0,0.0,0.0,0.0,0.91178674,1.7017052,0.0,0.0,0.74900126,0.0,0.0,1.8963481,0.0,0.0,0.0,3.8443809,2.6563942,0.0,0.8756908,0.0,0.90263426,0.18300687,0.0,0.46649438,0.0,0.6359082,0.0,0.0,0.0,0.0,0.0,1.1905196,0.0,0.934966,0.0,1.566149,3.1928997,1.0033752,1.3568928,0.0,0.21014015,0.0,0.0,0.0,0.0,0.0,3.0477874,0.0,0.0,0.91547954,0.0,0.14641602,2.0222456,1.7976786,0.0,0.17187089,0.0,0.0,0.0,0.017675975,0.0,0.0,0.0,1.9777274,0.21713209,0.52367693,0.44540194,0.0,0.18761864,1.145477,1.0766715,0.0,0.0,2.0165682,0.30548003,0.079948865,0.0,0.0,0.0,0.0,0.83853906,0.0,0.0,0.0,2.4202955,0.0,0.0,2.7343242,1.0195783,0.22427931,0.0,0.0,1.2552572,3.067185,0.0,0.0,0.85596627,0.30442706,2.5655181,0.0,0.0,1.3415242,0.38485256,1.4629433,1.732299,0.3404787,0.0,0.06858331,0.0,0.17656228,0.37708187,0.0,0.64297193,0.0,0.0,5.355795,0.0,0.0,0.0,2.0751903,1.5914738,0.26856354,0.17686865,1.9201304,0.0,0.0,0.0,0.04393592,0.0,0.0,0.0,0.12051669,0.0,0.0,0.46027657,4.5411277,0.0,0.0,0.0,0.0,0.19840723,1.0337524,0.4945072,0.45879883,0.7783398,1.1483014,0.0,0.0,1.4863284,0.0,1.197235,0.0,0.0,0.0,0.71080583,0.0,0.51771516,0.38510725,0.0,0.0,0.0,1.8594629,0.0,1.308079,0.0,0.7839377,0.117532656,1.7857039,0.0,1.2706417,1.475696,1.772604,0.18130647,0.0,0.009814007,0.04272797,0.0,1
0.0,0.0,2.4955,1.1039914,1.197394,1.4467887,0.089485034,0.0,0.1349103,0.0,0.0,2.6252787,1.6098274,1.5701748,0.0,0.0,0.0,2.2710938,0.05271517,0.0,0.0,0.69440985,0.0,2.3667126,0.0,0.0,0.24781233,0.0,0.9331075,0.36809206,0.0,0.0,0.0,0.0,0.0,0.0,0.0,1.1047534,0.21130227,0.0,1.5354744,0.0,0.5994301,1.1419286,0.0,1.1618688,0.0,0.0,0.0,1.8180574,0.0,1.0920875,0.0,0.0,0.0,0.0,2.113028,0.0,1.9825851,0.0,0.7694659,0.0111044105,0.0,1.6079557,0.0,0.0,0.59120995,0.0,0.0,0.0,0.0,0.13965586,0.0,0.0,0.3229804,0.0,0.0,0.92379385,1.3080261,0.0,0.0,0.0,0.0,0.6670702,0.2311877,0.0,0.0,1.0290319,0.0,0.0,1.6370262,0.0,0.0,0.0,3.089454,1.4074475,0.1811844,0.14606027,0.0,1.1769696,0.98455876,0.0,2.230845,0.0,1.4098474,0.0,0.0,0.0,0.61586124,0.0,0.9198162,0.0,0.8251489,0.83715016,0.07702166,2.4589927,0.9765083,0.9495648,0.03327375,0.80381,0.0,0.0,0.0,0.0,0.0,2.7234452,0.2562414,0.0,0.0,0.0,0.70435554,1.1288525,1.8122945,0.0,0.3644712,0.0,0.0,0.0,0.04986874,0.0,0.0,0.0,1.5137272,0.0,0.0,0.10960235,0.0,0.48146722,2.046894,1.1655145,0.0,0.0,0.6473682,0.8277616,0.0,0.0,0.0,0.0,0.0,0.37928194,0.0,0.0,0.0,2.0373313,1.1006138,0.0,1.8558213,0.70976394,0.7397014,0.0,0.01421142,2.0728054,2.7665377,0.0,0.0,1.0996805,0.32876676,1.8811709,0.0,0.0,1.1862233,1.1572595,0.537941,1.9789888,0.0,0.0,0.0,0.1812421,0.49899423,0.0,0.0,1.1325216,0.47626296,0.0,4.3854084,0.0,0.0,0.90700144,1.4107065,2.5730827,0.76641357,1.5904233,0.7028082,0.0,0.0,0.0,1.1921995,0.0,0.0,0.0,1.3574212,0.3430699,0.0,1.4691406,1.8433781,0.03768741,0.0,0.62262446,0.0,1.3305228,1.9695636,1.3732806,0.36264357,1.4834665,0.7659264,0.0,0.0,2.0726244,0.0,0.859786,0.0,0.0,0.0,0.2713394,0.66443896,0.9281704,0.46957356,0.19766656,0.0,0.0,0.41072732,0.35389036,1.3362055,0.0,1.0525019,1.8509945,2.3538492,0.0,1.3207636,0.14331217,0.42791465,1.7279572,0.0,1.0310915,0.0,0.0,1
0.0,0.0,0.91378224,0.7097507,0.89331436,0.1335436,0.45307592,0.0,0.09264323,0.0,0.0,1.0920624,1.1559389,0.95197093,0.0,0.0,0.0,2.1036959,0.0,0.0,0.0,0.15773548,0.0,1.8572513,0.0,0.0,0.0,0.0,1.612719,0.0,0.0,0.40237254,0.0,0.028946176,0.0,0.0,0.0,0.59203345,0.955728,0.0,1.4435005,0.0,0.8098834,0.6611177,0.0,0.12342024,0.0,0.0,0.0,1.0869908,0.0,1.6361634,0.0,0.0,0.0,0.0,2.072162,0.0,1.6753602,0.2205222,0.22783546,0.0,0.0,1.1790012,0.0,0.0,0.8963307,0.0,0.10051825,0.72260475,0.0,0.0,0.0,0.0,0.3529953,0.0,1.3834757,0.7446477,0.13749687,0.0,0.0,0.0,0.0,0.50399685,1.3414242,0.0,0.0,0.96356356,0.0,0.0,1.1868868,0.0,0.0,0.0,2.684374,1.9835341,0.22465254,1.1346395,0.0,0.6516112,0.15388207,0.0,0.9903157,0.0,0.62102437,0.0,0.0,0.0,0.2475924,0.0,0.8510176,0.0,0.76855284,0.028148873,0.7084192,2.4287636,1.0135466,1.3787032,0.21951832,0.3168911,0.0,0.0,0.0,0.0,0.0,2.0733216,0.0,0.0,0.7294379,0.0,0.13406281,1.4138032,1.8065245,0.0,0.04864792,0.0,0.0,0.0,0.22801937,0.0,0.0,0.0,1.2222428,0.48261344,0.44767746,0.13526054,0.0,0.017164648,1.1563132,0.8570269,0.0,0.0,1.2671077,0.27246523,0.17975952,0.0,0.0,0.0,0.0,1.0176364,0.0,0.0,0.0,1.707547,0.24302427,0.0,2.1065726,0.6270381,0.61601084,0.0,0.0,0.8684478,1.990479,0.0,0.0,0.70330185,1.1547413,1.577848,0.0,0.0,0.6303829,0.4653534,0.8008117,1.0462444,0.0,0.0,0.0,0.0,0.37696132,1.0229526,0.0,0.0,0.44219214,0.0,4.1795516,0.0,0.0,0.01612426,1.4792211,1.2164588,0.35961863,0.43767458,1.0091091,0.0,0.0,0.0,0.5918782,0.0,0.0,0.0,0.36173862,0.18680537,0.0,0.34463048,3.0967815,0.0,0.0,0.8097627,0.0,0.5421762,0.93906194,0.24681962,0.3920033,0.87364763,1.1069943,0.0,0.0,1.1040604,0.0,0.5536092,0.0,0.0,0.0,0.6594371,0.0,0.08530787,0.034588553,0.31412163,0.0,0.0,0.6996243,0.0,0.619929,0.0,0.821743,0.7220438,1.2384839,0.0,0.61371547,0.9129428,1.2189252,0.69283897,0.0,0.72194344,0.0,0.0,1
0.0,0.0,0.99521863,0.032599244,1.3022714,0.52932453,0.7815607,0.0,0.0,0.0,0.0,1.4337993,0.9153091,0.8427461,0.0,0.0,0.0,1.6278534,0.0,0.0,0.0,0.0,0.0,1.9300338,0.63229316,0.0,0.0,0.0,1.5324667,0.0,0.0,0.5317971,0.0,0.0,0.0,0.0,0.0,0.5888179,1.3110654,0.0,1.127175,0.0,0.63307583,0.35490605,0.0,1.15933,0.0,0.0,0.0,1.1510247,0.0,1.9325962,0.0,0.0,0.0,0.0,1.861738,0.0,2.24164,0.6534582,0.45042393,0.0,0.0,1.7392113,0.0,0.0,0.7042219,0.0,0.15340912,0.8111837,0.0,0.72056204,0.0,0.0,1.0829172,0.0,1.4750984,0.8015691,0.121875025,0.0,0.0,0.0,0.0,0.16392422,0.8614306,0.0,0.0,1.3379791,0.0,0.0,1.2675856,0.0,0.0,0.0,2.3092964,1.2436476,0.051055178,0.8730959,0.0,0.527854,0.0,0.0,1.1447104,0.0,0.7072923,0.0,0.0,0.0,0.21365409,0.34889004,0.16351499,0.0,0.58039,0.72171426,0.78258306,1.9470538,0.664248,1.0245777,0.10860472,0.78112835,0.0,0.0,0.0,0.0,0.0,1.9879687,0.0,0.0,0.43650836,0.0,0.061422322,1.5687526,1.1956706,0.0,0.35160905,0.0,0.0,0.0,0.045808636,0.0,0.0,0.0,1.190768,0.30621576,0.15133882,0.38779995,0.0,0.18622819,1.560587,0.7639656,0.0,0.0,1.5905006,0.29686385,0.0,0.0,0.0,0.0,0.0,0.8281697,0.0,0.0,0.0,1.6635609,0.27887166,0.0,1.6863456,0.37773356,0.31145966,0.0,0.0,1.2569522,2.0193267,0.0,0.0,0.347412,0.3238331,1.3838505,0.0,0.0,0.7211161,0.22232653,0.5761036,1.4535395,0.0,0.0,0.0,0.0,0.37713292,0.21129104,0.0,0.3049144,0.3947692,0.0,4.6753197,0.0,0.0,0.40452325,1.4377161,1.7117981,0.39920038,0.7323721,1.0119034,0.0,0.0,0.0,0.5464847,0.0,0.0,0.0,0.73018736,0.37403792,0.0,0.21319897,2.4058342,0.0,0.0,0.6259494,0.0,0.3316021,0.91899246,0.52213,0.19306697,1.3385503,1.3020741,0.0,0.0,1.000476,0.0,0.9171925,0.0,0.0,0.0,1.3915474,0.0,0.52331877,0.0,0.7995039,0.0,0.0,0.93930775,0.0,0.4168535,0.0,0.81931424,1.0673097,1.3049724,0.0,0.48561954,1.1719208,1.1808845,0.8501559,0.0,0.97036284,0.0,0.0,1
0.0,0.0,1.3430237,0.37696928,1.2687955,0.13570903,0.70617974,0.0,0.17020121,0.0,0.0,1.9527351,2.1691766,1.2267715,0.0,0.0,0.0,2.2927167,0.0,0.0,0.0,0.5367864,0.0,2.363846,0.08497304,0.0,0.0,0.0,1.6696615,0.0,0.0,0.36689353,0.0,0.971115,0.0,0.0,0.0,0.90262145,0.9742983,0.0,0.83351904,0.0,1.511793,0.79936004,0.0,0.5097655,0.0,0.0,0.0,1.0900358,0.0,2.0829825,0.0,0.0,0.0,0.0,3.2781858,0.0,2.5323472,0.47370252,0.32366726,0.23535603,0.0,1.4800754,0.0,0.0,0.94768286,0.0,0.39818624,0.46740204,0.0,0.0,0.0,0.0,0.31115118,0.0,1.3489518,1.2648586,0.011275388,0.0,0.0,0.0,0.0,0.37833983,1.397072,0.0,0.0,1.1884412,0.0,0.0,0.813256,0.0,0.0,0.0,3.1181822,1.45772,0.12849091,0.95634776,0.0,0.9399937,0.0023880976,0.0,1.0322564,0.0,1.0101637,0.0,0.0,0.0,0.04772706,0.060399923,0.7931761,0.0,0.7112851,0.0,1.1955292,3.151817,1.214458,1.1534758,0.49681073,0.7690055,0.0,0.0,0.0,0.0,0.0,3.5539849,0.0,0.0,0.54842156,0.0,0.4323974,2.187965,1.9614044,0.0,0.323515,0.0,0.0,0.0,0.31482708,0.0,0.0,0.0,1.6429237,0.19780886,0.5020123,0.36557773,0.0,0.0,1.1164384,0.48405048,0.0,0.0,1.6254979,0.27098444,0.59230864,0.0,0.0,0.0,0.0,1.0880818,0.0,0.0,0.0,1.4396378,0.18546693,0.0,1.9989979,0.86954516,0.5213193,0.0,0.0,1.7457378,3.234635,0.0,0.0,0.74696535,0.8863182,2.878184,0.0,0.0,1.1039579,0.21657665,0.7917385,1.9097242,0.0,0.0,0.07279235,0.0,0.9013744,0.41581813,0.0,0.5907973,0.42560232,0.0,5.271155,0.0,0.0,0.054459702,2.2471874,1.8893636,0.99626577,0.5649234,0.98033106,0.0,0.0,0.0,0.34458402,0.0,0.0,0.0,0.7697324,0.045369375,0.0,0.84192914,3.1805751,0.0,0.0,0.403467,0.0,0.73995894,0.8710008,0.0,0.49009472,1.5395869,1.1178681,0.0,0.0,1.447324,0.0,0.78379244,0.0,0.0,0.0,0.63540477,0.0,0.23131087,0.632615,0.5222051,0.0,0.0,1.0201,0.0,1.3018763,0.0,0.962187,1.1343528,1.9386497,0.0,0.5928616,1.1825132,0.9705324,1.0498365,0.0,0.42274234,0.0,0.0,1
0.0,0.0,1.336473,0.9099518,1.6443875,0.33560315,0.4765964,0.0,0.14032619,0.0,0.0,1.6884625,1.0975951,1.0979899,0.0,0.0,0.0,1.9134332,0.0,0.0,0.0,0.37311715,0.0,2.2257683,0.012124147,0.0,0.18335542,0.0,1.2806033,0.0,0.0,0.28408873,0.0,0.51702994,0.0,0.0,0.0,0.5437988,1.0106368,0.0,1.1736369,0.0,0.6185691,0.7348094,0.0,1.1059976,0.0,0.0,0.0,1.217244,0.0,1.3843546,0.0,0.0,0.0,0.0,2.8114305,0.0,1.9851171,0.8470203,0.569965,0.0,0.0,1.478681,0.0,0.0,1.2063462,0.0,0.2923784,0.5984816,0.0,0.13572112,0.0,0.0,0.40562737,0.0,1.3718185,0.57343614,0.6783122,0.0,0.0,0.0,0.0,0.49238712,1.0319673,0.0,0.0,0.83648115,0.0,0.0,1.2600135,0.0,0.0,0.0,3.13301,2.0811572,0.0,1.2591892,0.0,0.6573195,0.0,0.0,0.9571185,0.0,1.6279135,0.0,0.0,0.0,0.4986473,0.04773024,0.8324262,0.0,1.0469354,0.0,0.8013033,2.05232,1.4430496,1.145323,0.6229518,0.5266711,0.0,0.0,0.0,0.0,0.0,2.4537036,0.0,0.0,0.73807776,0.0,0.23204075,1.7422521,1.6533346,0.0,0.13285556,0.0,0.0,0.0,0.20768435,0.0,0.0,0.0,2.3069184,0.6541308,0.63608575,0.2846652,0.0,0.21111855,1.7589412,0.5314091,0.0,0.0,1.3149265,0.15753162,0.4899306,0.0,0.0,0.3622624,0.0,0.77458,0.0,0.0,0.0,2.0637827,0.53418684,0.0,1.7214247,0.53795147,0.97067726,0.0,0.0,0.6965418,1.837578,0.0,0.0,0.6070686,1.0148998,2.0697305,0.0,0.0,0.63108695,0.64371,0.7825732,1.2815051,0.0,0.0,0.0,0.0,0.94187236,0.8210528,0.0,0.0,0.51725763,0.0,5.0584097,0.0,0.0,0.0,2.0994093,1.2933793,0.4244536,0.34454185,1.2957873,0.0,0.0,0.0,0.91750854,0.0,0.0,0.0,0.77900344,0.2927978,0.0,0.6462659,2.6914482,0.0,0.0,0.7705231,0.0,0.40683824,0.93722516,0.4416554,0.24517642,1.4547372,0.8857475,0.0,0.0,1.2926403,0.0,0.6002793,0.0,0.0,0.0,0.27239096,0.0,0.79940933,0.36351958,0.50918496,0.0,0.0,0.5159611,0.0,0.7269411,0.0,0.89428574,1.2109345,1.2228746,0.0,0.35339668,1.0272887,1.2639391,1.0477138,0.0,0.5975971,0.161659,0.0,1
0.0,0.0,1.0158734,1.0800035,1.2320552,0.09381205,0.41684648,0.0,0.111969315,0.0,0.0,1.9145092,0.9486143,0.95136595,0.0,0.0,0.0,1.916453,0.0,0.0,0.033852104,0.09535037,0.0,1.9384103,0.547286,0.0,0.5224759,0.0,0.82238114,0.0,0.0,0.33192122,0.0,0.59762275,0.0,0.0,0.0,0.4359492,0.11902907,0.0,1.5426836,0.0,1.7268262,0.8578127,0.0,0.59675103,0.0,0.0,0.0,1.5677177,0.0,1.259503,0.0,0.0,0.0,0.0,2.0114014,0.0,1.9872216,0.10332557,0.50445724,0.0,0.0,1.1786586,0.0,0.0,1.115488,0.0,0.078592114,0.50231284,0.0,0.15617235,0.0,0.0,1.1162617,0.0,1.1608963,0.66234595,1.0450109,0.0,0.0,0.0,0.0,0.19026715,0.6681832,0.0,0.0,1.2140416,0.0,0.0,1.1311427,0.0,0.0,0.0,2.6110039,1.3012915,0.0,1.13733,0.0,0.595694,0.35043636,0.0,1.324584,0.0,0.8898774,0.0,0.0,0.0,0.30995148,0.10016057,0.9067499,0.0,0.7459467,0.0,0.5366382,1.619723,1.1328775,1.3092571,0.49706826,0.76831937,0.0,0.0,0.0,0.0,0.0,2.5028996,0.0,0.0,0.3541556,0.0,0.28140613,1.7251569,1.6112905,0.0,0.3781576,0.0,0.0,0.0,0.1565451,0.0,0.0,0.0,0.966257,0.22252017,0.45885134,0.36556005,0.0,0.0,1.1195815,0.5446966,0.0,0.0,1.338188,0.7553943,0.38676265,0.0,0.0,0.0,0.0,0.9858583,0.0,0.0,0.0,1.8249134,0.42321807,0.0,1.4097221,0.33414447,0.9455929,0.0,0.0,1.4118559,2.4813619,0.0,0.0,0.4718424,0.6789867,2.2554631,0.0,0.0,0.81500304,0.8698283,0.43465427,1.4951323,0.0,0.0,0.0,0.0,0.7998009,0.56042016,0.0,0.73252994,0.39477193,0.0,4.219362,0.0,0.0,0.0,2.022434,1.3357083,0.79373705,0.9295489,0.47859773,0.0,0.0,0.0,0.7175835,0.0,0.0,0.0,0.90162414,0.37003887,0.0,0.69214386,2.4722562,0.0,0.0,0.62341624,0.0,0.66484755,1.225025,0.5024424,0.6309094,1.743929,1.4245358,0.0,0.0,1.1185106,0.0,0.9662393,0.0,0.0,0.0,0.62694716,0.0,0.0,0.6791914,0.83644223,0.0,0.0,1.0959495,0.0,0.76641,0.41158742,1.2985731,1.3235228,1.4875493,0.0,0.6635599,0.95768267,0.54510206,1.3228118,0.0,0.6842637,0.041285582,0.0,1
0.0,0.0,0.99590075,0.3885642,1.3284689,0.92985183,0.87786555,0.0,0.1154268,0.0,0.0,1.2733173,0.9016151,0.89612925,0.0,0.0,0.0,1.782953,0.0,0.0,0.0,0.0,0.0,1.7249049,0.10038906,0.0,0.0,0.0,1.7145606,0.0,0.0,0.35498145,0.0,0.0,0.0,0.0,0.0,0.4627353,1.0292119,0.0,1.4170133,0.0,0.3406455,0.43022427,0.0,1.2853979,0.0,0.0,0.0,0.83670825,0.0,1.6028006,0.0,0.0,0.0,0.0,1.6080009,0.0,1.2803084,0.37425432,0.61214036,0.0,0.0,1.0835075,0.0,0.0,1.2591254,0.0,0.0,0.68239814,0.0,1.1728635,0.0,0.0,0.5390997,0.0,1.5683974,0.79805434,0.21680741,0.0,0.0,0.0,0.0,0.34686708,1.3462635,0.0,0.0,0.9355736,0.0,0.0,1.0708019,0.0,0.0,0.0,2.4327369,1.6994776,0.06307565,0.61844236,0.0,0.30655634,0.3870218,0.0,0.95906186,0.0,0.8643153,0.0,0.0,0.0,0.0,0.033561442,0.6551928,0.0,0.50748163,0.7934993,0.91598415,1.780831,0.67829573,0.9582322,0.0,0.5521844,0.0,0.0,0.0,0.0,0.0,1.935577,0.0,0.0,0.65845495,0.0,0.0073442357,1.8926513,1.1802807,0.0,0.0,0.0,0.0,0.0,0.0,0.0,0.0,0.0,1.0210598,0.28805017,0.17176467,0.0,0.0,0.9148,1.305282,0.65477127,0.0,0.0,1.343254,0.6375725,0.0,0.0,0.0,0.0,0.0,0.6113871,0.0,0.0,0.0,1.7164866,0.64198035,0.0,1.9242854,0.43649295,0.6150716,0.0,0.0,0.6360159,1.6413989,0.0,0.0,0.9907279,0.891012,1.2728059,0.0,0.0,0.89137053,0.90075916,0.8606294,1.1904259,0.0,0.0,0.0,0.0,0.97620136,0.7782198,0.0,0.0,0.59715766,0.0,3.6929576,0.0,0.0,0.0,1.3186998,1.3604779,0.68759817,0.6286405,0.90497833,0.0,0.0,0.0,0.749922,0.0,0.0,0.0,0.16452868,0.2959097,0.0,0.7771584,2.8741655,0.0,0.0,0.6642008,0.0,0.0,1.4620273,0.6862886,0.0,0.93785995,1.2371517,0.0,0.0,1.5034974,0.0,1.0719467,0.0,0.0,0.0,0.67091227,0.0,0.83826506,0.0,0.34891587,0.0,0.0,0.62492704,0.0,0.4023351,0.0,0.749062,0.7615549,0.79112244,0.0,1.2707611,1.0936675,1.5366104,0.90373045,0.0,1.2909316,0.16414772,0.0,1
0.0,0.0,1.3756192,0.7368527,1.0659555,1.5242015,0.9919627,0.0,0.0,0.0,0.0,1.7324735,1.3298626,1.3239307,0.0,0.0,0.0,2.049454,0.0,0.0,0.0,0.0,0.0,2.114799,0.0,0.0,0.0,0.0,1.2382388,0.0,0.0,0.60497504,0.0,0.0,0.0,0.0,0.0,0.802074,1.0238011,0.0,1.328209,0.0,1.1233251,0.87261707,0.0,0.8103153,0.0,0.0,0.0,1.0353938,0.0,2.5683274,0.0,0.0,0.0,0.0,2.074604,0.0,2.1031654,0.15854284,0.3175399,0.0,0.0,1.6068846,0.0,0.0,1.2345803,0.0,0.0,0.506841,0.0,0.58677316,0.0,0.0,0.7417453,0.0,1.4587758,1.2643673,0.0,0.0,0.0,0.0,0.0,0.800573,1.0335358,0.0,0.0,1.2397224,0.0,0.0,1.5872327,0.0,0.0,0.0,3.0156224,1.6584096,0.37796792,0.6563198,0.0,0.65666205,0.6839598,0.0,0.5506511,0.0,0.81055146,0.0,0.0,0.0,0.0,0.16559061,1.1565986,0.0,0.8944008,0.64357424,0.83441776,2.8746612,0.0,1.2549448,0.0,0.24353461,0.0,0.0,0.0,0.028333873,0.0,2.3131845,0.0,0.0,0.49838912,0.15564454,0.5004572,1.6644216,1.5967889,0.0,0.06717769,0.0,0.0,0.0,0.35855705,0.0,0.0,0.0,1.3691674,0.37629294,0.48906067,0.0,0.0,0.17473432,1.3255671,0.4831794,0.0,0.0,1.371492,0.67858726,0.0,0.0,0.0,0.0,0.0,0.7690678,0.0,0.0,0.0,2.2045674,0.76186526,0.0,2.129016,0.4474602,0.17518853,0.0,0.0,1.0951737,2.9223323,0.0,0.0,1.184551,1.054145,2.0820835,0.0,0.0,1.2451342,0.93021744,0.5538023,1.5013615,0.0,0.0,0.0,0.0,0.5665264,0.79945695,0.0,0.10629965,0.4000857,0.0,4.261261,0.0,0.0,0.012270253,1.2250937,1.8720808,0.0,0.0520731,1.2387304,0.0,0.0,0.0,0.90040004,0.0,0.0,0.0,0.33894637,0.21641998,0.0,0.89020115,3.7975354,0.09258222,0.0,0.8725996,0.0,0.0,1.5063311,0.24817622,0.0,1.0220165,1.5762277,0.0,0.0,1.522119,0.0,0.911717,0.0,0.0,0.0,0.43378475,0.0,1.0404329,0.0,0.20202291,0.0,0.0,1.0535345,0.0,0.94014627,0.0,1.0284823,0.7287372,1.266864,0.0,0.9816878,1.3810173,1.488976,0.9859811,0.0,0.5381647,0.0,0.0,1
0.0,0.0,1.4400256,1.2670099,1.1667881,0.0,0.0,0.0,0.086314425,0.0,0.0,2.7987704,3.2670069,1.5105214,0.0,0.0,0.0,2.465723,0.0,0.0,0.0,0.0,0.0,2.8851707,0.09495711,0.0,0.88849384,0.0,0.0,0.0,0.0,0.3380351,0.0,0.0,0.0,0.0,0.0,0.0,1.532834,0.0,0.9504947,0.0,0.47419998,0.89023536,0.0,1.1797024,0.0,0.0,0.0,1.3405248,0.0,2.4025009,0.0,0.028933609,0.0,0.0,2.9286566,0.0,1.9750973,1.6739482,0.58894247,0.7522862,0.0,0.67808414,0.0,0.0,0.21456987,0.0,0.42730552,0.97917074,0.0,0.43340763,0.0,0.0,0.26858,0.0,2.181096,2.3072975,0.8297798,0.0,0.0,0.0,0.0,0.7192481,0.40749636,0.0,0.0,1.036418,0.0,0.0,1.0064218,0.0,0.0,0.0,2.06684,2.1385417,0.0,1.3623558,0.0,0.6392061,0.0,0.0,0.9463471,0.0,2.2213063,0.0,0.0,0.0,0.3349201,0.0,0.77339613,0.0,1.188417,1.2809011,1.0561726,2.6289613,1.8197984,2.4815261,1.1729547,1.6264794,0.0,1.003321,0.0,0.0,0.0,3.2831767,0.0,0.0,0.08935606,0.0,0.0,2.2400932,1.2929382,0.0,0.23424445,0.0,0.0,0.0,0.6215176,0.0,0.0,0.0,3.0347545,0.056919042,0.0,1.3168774,0.0,0.0,1.1427605,0.0,0.0,0.0,2.3867908,0.2415738,1.0666429,0.0,0.0,0.0,0.0,1.7792794,0.0,0.0,0.0,1.4211305,0.14298914,0.0,1.2031434,0.2961784,1.0387708,0.0,0.0,2.1042867,3.1649232,0.0,0.0,1.2460321,1.3260182,1.5824677,0.0,0.0,0.22640918,0.56798834,0.054086115,2.2372267,0.21573839,0.0,0.0,0.0,1.3683742,0.22093317,0.0,0.0,0.6381653,0.18674715,5.429556,0.0,0.0,0.0,0.47264758,0.71446306,1.0292722,1.3180707,1.5580124,0.0,0.0,0.0,0.3573893,0.0,0.0,0.0,0.3403707,0.46603316,0.24554406,0.0,3.7083488,0.03476653,0.4652379,0.580923,0.0,1.9425697,1.0169727,0.65570176,0.18028206,0.67777616,1.6749554,0.0,0.23046406,2.419146,0.0,0.0,0.0,0.0,0.0,0.2873861,0.0,1.5606723,0.0,1.1518888,0.0,0.0,1.7871779,0.0,0.775304,0.0,1.2289015,2.1042807,0.805933,0.0,1.9049804,1.2917695,1.2452528,0.89925563,0.0,1.3717897,0.31935006,0.0,1
0.0,0.0,0.8371874,0.6097859,0.5609064,0.7626788,1.0039084,0.0,0.0,0.0,0.0,1.7613722,1.392256,1.5069289,0.0,0.0,0.0,2.2206671,0.0,0.0,0.0,0.05555736,0.0,2.014606,0.3403338,0.0,0.0,0.0,1.4444581,0.0,0.0,0.4657712,0.0,0.0,0.0,0.0,0.0,0.715063,1.1250246,0.0,1.6893315,0.0,1.3280716,0.67434776,0.0,0.50251573,0.0,0.0,0.0,1.5513412,0.0,2.0228384,0.0,0.0,0.0,0.0,2.1850896,0.0,2.0605981,0.0,0.06131675,0.0,0.0,1.8137867,0.0,0.0,1.5188091,0.0,0.0,1.0627934,0.0,0.5937172,0.0,0.0,0.4197516,0.0,1.816159,1.1109152,0.052016236,0.0,0.0,0.0,0.0,0.4780429,1.2247757,0.0,0.0,0.76473534,0.0,0.0,1.3611693,0.0,0.0,0.0,3.0936544,1.9680299,0.406068,0.73712736,0.0,0.7811386,0.26147947,0.0,0.59591097,0.0,0.4396799,0.0,0.0,0.0,0.0,0.0,1.0258613,0.0,0.71040565,0.13669093,0.8745821,2.8896744,0.35158885,1.4432799,0.0,0.30711418,0.0,0.0,0.0,0.0,0.0,2.7394252,0.0,0.0,0.8247112,0.0,0.07623734,1.831406,1.5077505,0.0,0.183836,0.0,0.0,0.0,0.15319319,0.0,0.0,0.0,1.1999009,0.042804066,0.5933853,0.17706658,0.0,0.20058945,0.92554724,0.62700504,0.0,0.0,1.5448416,0.24675545,0.0,0.0,0.0,0.0,0.0,0.96398693,0.0,0.0,0.0,2.4018257,0.16334175,0.0,2.5130792,0.573118,0.101204805,0.0,0.0,1.2524836,2.8248198,0.0,0.0,0.71312106,0.5795306,2.0744457,0.0,0.0,1.1060236,0.7601309,0.9546373,1.6896849,0.0,0.0,0.0,0.0,0.37974608,0.9561996,0.0,0.0,0.4782127,0.0,4.7501526,0.0,0.0,0.1111172,1.6113117,1.6675253,0.15439573,0.20501909,1.1009154,0.0,0.0,0.0,0.63565946,0.0,0.0,0.0,0.3918861,0.27109766,0.0,0.43295702,3.839953,0.0,0.0,0.4984344,0.0,0.015734416,1.3270493,0.37536466,0.046425395,0.8294018,1.5324669,0.0,0.0,1.1392746,0.0,0.5521371,0.0,0.0,0.0,0.7483627,0.0,0.56558865,0.0,0.06004311,0.0,0.0,0.8000146,0.0,0.8379164,0.09611165,0.9549177,0.5294303,1.4059844,0.0,1.0366119,1.3674864,1.4272829,0.4900941,0.0,0.76111674,0.0,0.0,1
0.0,0.0,0.9684285,0.17256124,0.8840525,0.0,0.8793076,0.0,0.42672214,0.0,0.0,2.0531719,1.6423478,1.4028978,0.0,0.0,0.0,2.2829976,0.0,0.0,0.0,0.024358856,0.0,2.0542703,0.29288927,0.0,0.0,0.0,1.3436338,0.0,0.0,0.7534874,0.0,0.67015004,0.0,0.0,0.0,0.7217725,1.4879353,0.0,1.0209314,0.0,0.95814234,0.9101734,0.0,0.3587952,0.0,0.0,0.0,1.2777041,0.0,1.9904503,0.0,0.0,0.0,0.0,2.9119468,0.0,2.4290113,0.14914998,0.11789792,0.0,0.0,1.5122428,0.0,0.0,0.96319485,0.0,0.8815064,0.75766224,0.0,0.0,0.0,0.0,0.08418033,0.0,1.6447074,1.4107517,0.012461998,0.0,0.0,0.0,0.0,0.3406189,1.0809423,0.0,0.0,0.9798229,0.0,0.0,1.432448,0.0,0.0,0.0,2.6334696,2.241358,0.0,1.2157649,0.0,0.9845475,0.0,0.0,0.9152659,0.0,1.2949506,0.0,0.0,0.0,0.0,0.17132452,0.9775621,0.0,0.97201115,0.0,0.9117832,2.9943678,0.96836114,1.4044188,0.33479366,0.7948331,0.0,0.0,0.0,0.0,0.0,2.794326,0.0,0.0,0.45955306,0.0,0.0,1.5880742,1.501904,0.0,0.36607018,0.0,0.0,0.0,0.4961619,0.0,0.0,0.0,1.9408358,0.25723237,0.7337627,0.6631102,0.0,0.0,1.2889477,0.50686026,0.0,0.0,1.7834166,0.37207964,0.9327382,0.0,0.0,0.0,0.0,0.8490824,0.0,0.0,0.0,1.7256088,0.013849006,0.0,2.2541459,0.83618265,0.47875705,0.0,0.0,1.5060025,2.7488878,0.0,0.0,0.77556044,0.7710925,2.5159948,0.0,0.0,1.0389214,0.2261933,0.9529526,2.0976787,0.0,0.0,0.0,0.0,0.93691397,0.77159834,0.0,0.35090953,0.42023697,0.0,5.0842113,0.0,0.0,0.0,1.567791,1.6176465,0.22518477,0.36766118,1.5513618,0.0,0.0,0.0,0.48991624,0.0,0.0,0.0,0.27831957,0.096983306,0.0,0.30947596,3.3417668,0.0,0.0,0.1508322,0.0,0.30156952,0.85364383,0.2465812,0.4582498,1.3401183,1.1184438,0.0,0.0,1.2065245,0.0,0.2841099,0.0,0.0,0.0,0.5216831,0.0,0.4512119,0.78629124,0.56754184,0.0,0.0,1.0277127,0.0,1.6420003,0.0,1.2651354,0.87450415,1.8237131,0.0,0.6145074,1.2783334,1.2487475,0.7332349,0.0,0.4198999,0.0,0.0,1
0.0,0.0,1.3971992,0.39383224,0.5768057,0.3759685,0.7260571,0.0,0.14169869,0.0,0.0,1.1003106,1.4160185,1.3974608,0.0,0.0,0.0,1.4466051,0.0,0.0,0.0,0.0,0.0,1.8797637,0.0764413,0.0,0.0,0.0,1.2927355,0.0,0.0,0.4365074,0.0,0.0,0.0,0.0,0.0,0.43551686,0.77043754,0.0,1.2739824,0.0,0.7756224,0.87480617,0.0,0.5116755,0.0,0.0,0.0,1.1738449,0.0,1.6178093,0.0,0.0,0.0,0.0,1.9508375,0.0,1.9556283,0.3989667,0.14292572,0.0,0.0,1.6657326,0.0,0.0,1.529212,0.0,0.061068557,0.8233567,0.0,0.46193862,0.0,0.0,0.2210895,0.0,1.0856373,0.6393681,0.15874551,0.0,0.0,0.0,0.0,0.25551307,1.2276655,0.0,0.0,1.6601638,0.0,0.0,1.7912055,0.0,0.0,0.0,2.4400175,1.6874257,0.0,1.1475455,0.0,0.54635805,0.0,0.0,0.81357086,0.0,0.70475733,0.0,0.0,0.0,0.31579515,0.0,0.647621,0.0,0.61682844,0.0,1.1610022,2.6396983,0.5251546,1.4253852,0.21932167,0.11147774,0.0,0.0,0.0,0.0,0.0,2.5262592,0.0,0.0,0.49199376,0.0,0.2528691,1.12388,1.525586,0.0,0.0328456,0.0,0.0,0.0,0.017661173,0.0,0.0,0.0,1.0242366,0.4123438,0.059767917,0.0,0.0,0.34683478,1.6868818,0.622661,0.0,0.0,1.2403883,0.18007039,0.0,0.0,0.0,0.0,0.0,0.96473676,0.0,0.0,0.0,1.4976852,0.5773284,0.0,2.1238968,0.9945962,0.2435935,0.0,0.0,0.96034515,2.1185775,0.0,0.0,0.6721473,0.6893976,0.9931265,0.0,0.0,0.69387275,0.6799261,0.53804195,1.3680705,0.0,0.0,0.041609485,0.0,0.4423508,0.4559374,0.0,0.0,0.06613101,0.0,4.586089,0.0,0.0,0.13345303,1.2597494,1.2904441,0.0,0.19993538,1.078254,0.0,0.0,0.0,0.5593631,0.0,0.0,0.0,0.21282525,0.121540196,0.0,0.6810178,3.3540602,0.0,0.0,0.629168,0.0,0.39555702,1.2913021,0.1767174,0.07279861,1.2717942,1.1017162,0.0,0.0,0.89911985,0.0,0.8377558,0.0,0.0,0.0,0.8842458,0.0,0.3347198,0.058939047,0.19360436,0.0,0.0,0.9478559,0.0,0.27256465,0.0,0.59969735,0.61052805,0.94828093,0.0,1.0479511,1.3259265,1.4159806,0.2618669,0.0,0.24481772,0.0,0.0,1
0.0,0.0,1.3306053,0.31048483,1.7156162,0.0962705,0.73095673,0.0,0.45223296,0.0,0.0,1.7507315,1.6994008,1.2222363,0.0,0.0,0.0,1.8834355,0.0,0.0,0.0,0.0,0.0,2.0855477,1.0117949,0.0,0.31612095,0.0,0.93227416,0.0,0.0,0.31961152,0.0,0.0,0.0,0.0,0.0,0.45116097,1.6247057,0.0,1.0548996,0.0,1.12765,1.1133908,0.0,2.0569293,0.0,0.0,0.0,1.0725538,0.0,1.9747237,0.0,0.0,0.0,0.0,2.481819,0.0,1.782593,0.36162278,0.5119134,0.0,0.0,0.8718609,0.0,0.0,1.4754019,0.0,0.48707685,0.10166356,0.0,1.1693821,0.0,0.0,0.44052392,0.0,1.590549,1.1265656,0.61209935,0.0,0.0,0.0,0.0,0.0,1.3285104,0.0,0.0,1.5709366,0.0,0.0,1.4039685,0.0,0.0,0.0,2.5635395,1.3131204,0.0,1.128799,0.0,0.9455482,0.07514266,0.0,0.48630401,0.0,1.3409048,0.0,0.0,0.0,0.010109406,0.5925769,0.5273541,0.0,0.9039529,0.8059089,0.5585092,2.2849982,1.2393767,0.90195924,0.3572858,1.3800236,0.0,0.0,0.0,0.0,0.0,2.8151324,0.0,0.0,0.4825074,0.0,0.5376541,1.4277799,1.299865,0.0,0.60982424,0.0,0.0,0.0,0.0,0.0,0.0,0.0,1.4696534,0.0,0.0,0.21290232,0.0,0.3539268,1.0080467,0.84907985,0.0,0.0,1.9478675,0.745201,0.7013473,0.0,0.0,0.0,0.0,0.48528516,0.0,0.0,0.0,1.8204334,0.8929223,0.0,1.7743337,0.68286985,1.1436452,0.0,0.0,1.3588669,2.7127497,0.0,0.0,0.48357654,0.79249084,1.8119112,0.0,0.0,1.2758327,0.5686917,0.88316095,1.6784226,0.0,0.0,0.0,0.0,1.278914,0.18549588,0.0,0.0,0.8070341,0.0,4.7814693,0.0,0.0,0.1612099,1.3702006,1.3961766,0.39460322,1.1694171,1.4379945,0.0,0.0,0.0,0.56466925,0.0,0.0,0.0,0.9031665,0.69627833,0.0,0.57162285,3.0728009,0.0,0.0,0.7523754,0.0,0.28485996,1.4981631,0.5938821,0.0678418,1.7939447,1.5340645,0.0,0.0,1.6589313,0.0,0.553023,0.0,0.0,0.0,1.2768716,0.0,0.78796107,0.0,1.1335834,0.0,0.0,0.89809567,0.0,1.1152164,0.0,1.762089,1.2592047,1.4775996,0.0,0.82091284,0.59902674,1.1879723,1.5055707,0.0,1.1904474,0.13010746,0.0,1
0.0,0.0,1.3719282,0.19575629,0.7821969,0.0,0.8219431,0.0,0.367625,0.0,0.0,1.8339635,1.586433,1.3295592,0.0,0.0,0.0,2.801762,0.0,0.0,0.0,0.3605056,0.0,2.1884575,0.37452823,0.0,0.0,0.0,1.7986325,0.0,0.0,0.6116666,0.0,0.020581648,0.0,0.0,0.0,0.8225209,1.5981785,0.0,1.0565202,0.0,1.1979742,1.2722951,0.0,0.42373687,0.0,0.0,0.0,1.338026,0.0,2.4209778,0.0,0.0,0.0,0.0,3.458143,0.0,2.4515412,0.5488823,0.52228403,0.0,0.0,1.590451,0.0,0.0,1.1274142,0.0,0.121355616,0.8363455,0.0,0.033182014,0.0,0.0,0.20498298,0.0,1.6450888,1.5476459,0.0,0.0,0.0,0.0,0.0,0.75734645,1.5364479,0.0,0.0,0.87590474,0.0,0.0,1.3543898,0.0,0.0,0.0,3.0709682,2.2619321,0.0,0.6529357,0.0,1.0323172,0.0,0.0,0.8492225,0.0,1.0977159,0.0,0.0,0.0,0.0,0.0,1.4363834,0.0,1.0601612,0.0,1.2852944,3.0833879,1.1077718,1.303148,0.22945231,0.66835403,0.0,0.0,0.0,0.0,0.0,3.359305,0.0,0.0,0.7077913,0.0,0.02071496,1.9995533,1.8365186,0.0,0.36780563,0.0,0.0,0.0,0.45190337,0.0,0.0,0.0,2.033848,0.20012963,0.89320284,0.059812084,0.0,0.0,1.303312,0.82393384,0.0,0.0,2.1565282,0.3330655,0.47553942,0.0,0.0,0.12897135,0.0,1.1286643,0.0,0.0,0.0,2.146133,0.21861319,0.0,2.4350617,1.0866235,0.7634058,0.0,0.0,1.113775,3.1203282,0.0,0.0,0.8693588,0.5394544,3.2540104,0.0,0.0,1.3258349,0.4741816,1.5403895,2.1470764,0.0,0.0,0.03255718,0.0,0.8260137,0.6324373,0.0,0.16496015,0.5102145,0.0,5.891651,0.0,0.0,0.17603816,2.2587128,1.6616702,0.62324315,0.15201929,1.2631713,0.0,0.0,0.0,0.39477232,0.0,0.0,0.0,0.6173572,0.0414155,0.0,0.8081352,3.8321195,0.0,0.0,0.11856216,0.0,0.33491093,1.0351986,0.31542706,0.70300084,1.4779698,1.0515867,0.0,0.0,1.6768126,0.0,1.0406259,0.0,0.0,0.0,0.64979714,0.0,0.5597268,0.40149808,0.14168403,0.0,0.0,0.99047107,0.0,1.556651,0.0,0.8697988,0.90127194,1.6085865,0.0,0.63766646,1.3043001,1.3601406,1.1941158,0.0,0.20629607,0.005067074,0.0,1
0.0,0.0,1.3460314,0.21876986,1.1684821,0.20754035,0.85644794,0.0,0.4610849,0.0,0.0,1.172527,1.1061736,1.098541,0.0,0.0,0.0,2.1184144,0.0,0.0,0.020962419,0.0,0.0,1.5399673,0.64820135,0.0,0.0,0.0,1.2239945,0.0,0.0,0.32392833,0.0,0.099736825,0.0,0.0,0.0,0.7743711,1.8212258,0.0,1.0112638,0.0,0.042875838,1.1452748,0.0,0.10588741,0.0,0.0,0.0,1.4091716,0.0,2.3576665,0.049764592,0.0,0.0,0.0,2.8380525,0.0,1.9859227,0.34717068,0.09526058,0.19784144,0.033432443,1.90486,0.0,0.0,1.1378692,0.0,0.11921387,0.75413007,0.0,0.3313574,0.0,0.0,0.08356637,0.0,1.6052315,0.6370938,0.0,0.0,0.0,0.0,0.0,0.29151475,1.51302,0.0,0.0,0.7578325,0.0,0.0,1.649495,0.0,0.0,0.0,2.9338894,2.0867627,0.0,0.9013468,0.0,0.35242328,0.0,0.0,0.605495,0.0,0.8618179,0.0,0.0,0.0,0.27911678,0.0,1.4209218,0.0,0.52919894,0.65705395,1.7144936,2.235525,0.59364676,0.6667416,0.0,0.19991,0.0,0.0,0.0,0.0,0.0,3.7849987,0.0,0.0,0.45180264,0.0,0.13661034,1.4916766,2.0600536,0.0,0.15328124,0.0,0.0,0.0,0.012052918,0.0,0.0,0.0,1.6630536,0.61852276,0.32163116,0.0056380793,0.0,0.3428979,1.1441746,0.85663205,0.0,0.0,1.8108047,0.6243361,0.041538555,0.0,0.0,0.0,0.0,0.8175004,0.0,0.0,0.0,2.1538,0.53257704,0.0,2.5443013,1.1813805,0.16793643,0.0,0.0,1.1482936,1.9490762,0.0,0.0,0.7530493,0.111948654,2.3009079,0.0,0.0,1.3597881,0.4336221,0.9852929,2.4500458,0.0,0.0,0.07482953,0.0,0.7734095,0.0,0.0,0.0,0.24669236,0.0,4.190877,0.0,0.0,0.5207641,2.0330524,1.3563397,0.5842046,0.5097767,1.2523937,0.20762281,0.0,0.0,0.036519136,0.0,0.0,0.0,0.34544224,0.0,0.0,0.89738864,3.9936652,0.0,0.0,0.0,0.0,0.4927373,0.6812213,0.0,0.18392128,1.335575,0.77494866,0.0,0.0,1.5010244,0.0,1.248421,0.0,0.0,0.0,1.6776049,0.0,0.66793025,0.0,0.0,0.0,0.0,0.6236795,0.0,0.94278634,0.0,0.9957503,1.0071901,1.4236181,0.0,1.1857886,1.1081796,1.7316253,0.7573422,0.0,0.21804355,0.0,0.51939064,1
0.0,0.0,1.8353467,0.09314209,1.6278844,0.0,0.0,0.0,1.164032,0.0,0.0,1.7328416,3.0147026,1.2281238,0.0,0.0,0.0,2.3575149,0.0,0.0,0.0,0.0,0.0,2.567939,0.52892196,0.0,0.44202635,0.0,0.7676135,0.0,0.0,0.3986357,0.0,0.0,0.0,0.0,0.0,0.3425288,1.0052775,0.0,1.092526,0.0,1.2376834,1.5565143,0.0,2.2372932,0.0,0.0,0.0,0.99787927,0.0,2.5028634,0.0,0.0,0.0,0.0,3.0595393,0.0,1.7432581,1.1464418,1.0617948,0.3616906,0.0,0.8169194,0.0,0.0,0.50917304,0.0,0.8479543,0.6227038,0.0,0.7206367,0.0,0.0,0.0,0.0,2.1669047,1.6364182,0.39720407,0.0,0.0,0.0,0.0,0.0,1.4617449,0.0,0.0,1.5738527,0.0,0.0,0.8043072,0.0,0.0,0.0,2.3464503,1.6344059,0.0,0.7454989,0.0,1.1475006,0.0,0.0,1.1307143,0.0,1.4701146,0.0,0.0,0.0,0.55528855,0.20705667,0.20210922,0.0,1.4047954,0.0,0.40430868,2.7299225,2.0865614,1.4784075,0.9484461,1.7686417,0.0,0.0,0.0,0.0,0.0,3.7882183,0.0,0.0,0.25328737,0.0,0.0,1.9938549,1.7779946,0.0,0.32186303,0.0,0.0,0.0,0.00052002975,0.0,0.0,0.0,2.0705163,0.0,0.26183787,0.13945796,0.0,0.43833557,1.49776,0.46138364,0.0,0.0,2.3362288,0.05572947,0.8927426,0.0,0.0,0.0,0.0,0.6910744,0.0,0.0,0.0,1.5554116,0.47816205,0.0,1.483399,1.0609541,0.8420206,0.0,0.0,1.5202879,3.5242188,0.0,0.0,0.55947405,1.1994367,2.2856004,0.0,0.0,0.93085194,0.46380106,0.54109687,2.1464632,0.0,0.0,0.0,0.0,1.1993009,0.36500275,0.0,0.0,0.47496846,0.0,6.121005,0.0,0.0,0.045909297,1.7036507,1.8407236,0.69771284,1.2576224,1.4750893,0.0,0.50133395,0.0,1.0413152,0.0,0.0,0.0,0.6718348,0.4651276,0.0,0.5951148,3.166405,0.0,0.116482794,0.62800825,0.0,0.07086873,1.0189376,0.7601627,0.0,1.0063317,1.1265768,0.0,0.0,1.1655604,0.0,0.0,0.0,0.0,0.0,0.4109639,0.0,1.3398073,0.0,1.1715596,0.0,0.0,1.1314766,0.0,1.7105337,0.0,0.738663,1.3482053,1.6225835,0.0,1.7948769,1.2444826,1.2936832,1.1010885,0.0,0.6120521,0.067946576,0.0,1
0.0,0.0,1.2832081,0.10398809,0.6926931,0.26759017,1.4871137,0.0,0.3845735,0.0,0.0,1.883244,1.5512211,1.8229192,0.0,0.0,0.0,2.5027273,0.0,0.0,0.0,0.0,0.0,1.5973437,0.9580523,0.0,0.057996593,0.0,1.3833462,0.0,0.0,0.7431783,0.0,0.0,0.0,0.0,0.0,0.4947853,1.6960675,0.0,1.6927217,0.0,1.1151131,1.3187963,0.0,0.79508954,0.0,0.0,0.0,1.3656209,0.0,2.4307392,0.0,0.0,0.0,0.0,2.6469107,0.0,2.3599415,0.6200892,0.112560414,0.0,0.0,2.144364,0.0,0.0,1.5689777,0.00448597,0.21074799,0.7928522,0.0,0.37023085,0.0,0.0,0.1010021,0.0,1.5881019,1.606495,0.24659966,0.0,0.0,0.0,0.0,0.19562826,1.0332781,0.0,0.0,0.7353645,0.0,0.0,1.7769433,0.0,0.0,0.0,3.3182783,2.7015178,0.0,1.0393918,0.0,0.7851234,0.13664286,0.0,0.7345131,0.0,0.5923189,0.0,0.0,0.0,0.18093811,0.0,0.9908038,0.0,0.64262563,0.16602284,1.4942073,3.022995,0.5462245,0.93316996,0.042330854,0.749005,0.0,0.0,0.0,0.0,0.0,2.8437705,0.0,0.0,1.0761311,0.0,0.0,1.442554,1.2633941,0.0,0.32066137,0.0,0.0,0.0,0.55075306,0.0,0.0,0.0,1.6488159,0.24005133,0.0,0.79552704,0.0,0.19939372,1.1856221,0.96885204,0.0,0.0,2.0968432,0.16805026,0.24812026,0.0,0.0,0.0,0.0,0.6398278,0.0,0.0,0.0,2.3946767,0.08099757,0.0,3.0361044,0.819662,0.29825178,0.0,0.0,1.7307992,2.9718332,0.0,0.0,0.97147024,0.6089947,1.8879961,0.0,0.0,0.94979286,0.43557352,0.8643813,2.2554035,0.0,0.0,0.12033014,0.0,0.504353,0.66334,0.0,0.0,0.40828687,0.0,5.121183,0.0,0.0,0.21050532,1.341671,1.6969388,0.31817314,0.17768489,2.1846719,0.0,0.0,0.0,0.8418028,0.0,0.0,0.0,0.47495082,0.3019265,0.0,0.43756765,4.24479,0.0,0.0,0.0,0.0,0.41433814,1.2903767,0.14236283,0.30002514,0.9930241,1.3271023,0.0,0.0,0.88334554,0.0,0.35634682,0.0,0.0,0.0,0.77393687,0.0,0.7306141,0.33140424,0.2545355,0.0,0.0,1.6000465,0.0,1.1668098,0.0,1.1589981,0.98083276,1.5544121,0.0,1.2585698,1.2738824,1.9620551,0.37387642,0.0,0.49476418,0.0,0.0,1
0.0,0.0,1.3144386,0.0,1.2045453,1.3344146,1.0011927,0.0,0.0,0.0,0.0,1.5289809,0.7801816,1.3030325,0.0,0.0,0.0,2.0919347,0.0,0.0,0.0,0.0,0.0,2.2483337,0.21810837,0.0,0.0,0.0,1.5840992,0.0,0.0,0.4044653,0.0,0.0,0.0,0.0,0.0,0.77367836,0.9268593,0.0,1.3125505,0.0,0.54095316,0.6680971,0.0,1.402875,0.0,0.0,0.0,1.0924052,0.0,2.0438228,0.0,0.0,0.0,0.0,2.1964812,0.0,2.4700367,0.63276047,0.6709023,0.0,0.0,1.1930795,0.0,0.0,1.0610678,0.0,0.0,0.6245241,0.0,0.6677635,0.0,0.0,0.96196514,0.0,1.620341,0.99025834,0.22697471,0.0,0.0,0.0,0.0,0.51459557,1.0836574,0.0,0.0,0.8267859,0.0,0.0,1.5895675,0.0,0.0,0.0,2.356863,1.9488161,0.5378213,0.96521366,0.0,0.3773936,0.66542286,0.0,0.6728451,0.0,0.68382496,0.0,0.0,0.0,0.0,0.18133119,0.8202024,0.0,0.78554016,0.27351373,0.96655005,2.4481075,0.04128621,1.3059675,0.0,0.563362,0.0,0.0,0.0,0.0,0.0,2.192118,0.0,0.0,0.66612345,0.0,0.0,1.5742861,1.570835,0.0,0.23278444,0.0,0.0,0.0,0.022396917,0.0,0.0,0.0,1.3618076,0.45624894,0.092032626,0.021183388,0.0,0.42750138,1.4360428,1.1881081,0.0,0.0,1.7781181,0.37524244,0.0,0.0,0.0,0.0,0.0,0.6051317,0.0,0.0,0.0,2.1040974,0.24418996,0.0,1.8172596,0.516333,0.070959315,0.0,0.0,1.1577237,2.309447,0.0,0.0,0.812506,0.8587654,1.5971063,0.0,0.0,1.1929375,0.4313566,0.47371784,1.4628534,0.0,0.0,0.0,0.0,0.73739904,0.11412395,0.0,0.0,0.46460465,0.0,4.371141,0.0,0.0,0.43358135,1.305784,2.089947,0.17777154,0.45310625,1.3860512,0.0,0.0,0.0,0.6468658,0.0,0.0,0.0,0.39059603,0.35561264,0.0,0.8229901,3.0252218,0.006331351,0.0,0.93309397,0.0,0.0,1.2804192,0.62685966,0.0,1.3348539,1.2172822,0.0,0.0,1.0450159,0.0,1.3121026,0.0,0.0,0.0,0.7546695,0.0,0.7053664,0.0,0.17711015,0.0,0.0,1.1780378,0.0,0.94266504,0.0,0.8500387,0.9220125,1.1664131,0.0,0.8768416,1.2878363,1.4840393,1.024708,0.0,0.6423163,0.09954833,0.0,1
0.0,0.0,1.1486592,0.6659067,0.68823063,0.0,0.5722038,0.0,0.24700806,0.0,0.0,1.6581722,1.696651,0.9407403,0.0,0.0,0.0,2.262957,0.0,0.0,0.0,0.0,0.0,2.123173,0.48066178,0.0,0.0,0.0,1.2916785,0.0,0.0,0.53443766,0.0,0.0,0.0,0.0,0.0,0.41659394,1.2056049,0.0,1.240406,0.0,0.87033004,1.2703518,0.0,0.94370824,0.0,0.0,0.0,1.4375745,0.0,1.9285523,0.0,0.0,0.0,0.0,2.4383907,0.0,2.3077273,0.59445214,0.43461964,0.0,0.0,1.5572538,0.0,0.0,0.90967226,0.0,0.19243865,1.1008756,0.0,0.87164015,0.0,0.0,0.44063145,0.0,1.6609156,1.1638101,0.2720025,0.0,0.0,0.0,0.0,0.31318277,1.5817945,0.0,0.0,1.1556727,0.0,0.0,1.1122035,0.0,0.0,0.0,2.8973026,2.3026621,0.0,1.2198503,0.0,0.6898314,0.032988466,0.0,0.9409949,0.0,1.1113693,0.0,0.0,0.0,0.4784985,0.3911371,1.3754002,0.0,0.77189034,0.5669882,0.92907035,3.0757616,0.7426677,1.4055954,0.17886361,1.1363367,0.0,0.0,0.0,0.0,0.0,2.6074624,0.0,0.0,0.8056737,0.0,0.12348782,1.7363018,1.9996688,0.0,0.12210305,0.0,0.0,0.0,0.32370377,0.0,0.0,0.0,1.3494031,0.379066,0.2705883,0.23060335,0.0,0.064603895,1.455396,0.8637876,0.0,0.0,1.8662146,0.23096046,0.68613124,0.0,0.0,0.0,0.0,0.7885838,0.0,0.0,0.0,1.9079697,0.59060884,0.0,1.9146118,0.7615857,0.30608603,0.0,0.0,1.1162871,2.3255086,0.0,0.0,0.5415152,1.0870602,1.4924852,0.0,0.0,0.40086925,0.44635943,1.0826957,1.3348895,0.0,0.0,0.0,0.0,0.9868503,0.8760324,0.0,0.0,0.37410116,0.0,4.400725,0.0,0.0,0.0,1.3532851,1.3983046,0.00675991,0.3445064,1.4697917,0.0,0.0,0.0,0.7839809,0.0,0.0,0.0,0.56570846,0.42529362,0.0,0.49387208,3.2526598,0.0,0.0,0.5269763,0.0,0.0,0.74781936,0.7495653,0.26849213,1.0895544,1.2314206,0.0,0.0,1.5113022,0.0,0.20453243,0.0,0.0,0.0,0.3765199,0.0,1.032959,0.09653101,0.24184069,0.0,0.0,0.74608487,0.0,0.98715985,0.0,1.4073995,0.7615489,1.2521498,0.0,1.2765472,1.1138985,1.4488457,0.9527085,0.0,0.86811006,0.2313105,0.0,1
0.0,0.0,0.4741199,0.33497936,0.96495813,0.0,0.18412672,0.0,0.33092374,0.0,0.0,2.0369387,2.569382,1.3454906,0.0,0.0,0.0,1.8425727,0.0,0.0,0.0,0.0,0.0,2.4281714,0.24734074,0.0,0.0,0.0,0.89323,0.0,0.0,0.405393,0.0,0.0,0.0,0.0,0.0,0.28920817,1.0385153,0.0,1.4067166,0.0,0.5489487,0.34898877,0.040804394,1.3347108,0.0,0.0,0.0,1.9189733,0.0,1.885469,0.0,0.56600183,0.0,0.0,1.8644031,0.0,1.9971015,0.8022781,0.88491964,0.124819405,0.0,1.3726349,0.0,0.0,0.39310497,0.0,0.0,1.5105364,0.0,0.7326378,0.0,0.0,0.46376473,0.0,1.5326462,0.88130105,0.0,0.0,0.0,0.0,0.0,0.2202237,0.8916313,0.0,0.0,1.1092792,0.0,0.0,0.74226135,0.0,0.0,0.0,2.8035326,2.2810626,0.0,1.0426781,0.0,0.68019146,0.0,0.0,0.5600625,0.0,1.2706956,0.0,0.0,0.0,0.61959803,0.6814369,1.0101517,0.0,0.74576753,1.22602,0.15787375,2.5266602,1.1576213,1.5251281,0.47066498,1.1959736,0.0,0.0,0.0,0.0,0.0,3.2472908,0.0,0.0,0.07209354,0.0,0.0015470285,2.3359566,1.7759306,0.0,0.39465496,0.0,0.0,0.0,0.0,0.0,0.0,0.0,1.6168423,0.05099291,0.69043213,0.95280766,0.0,0.53982437,1.6236324,0.5206912,0.0,0.0,1.6774493,0.4065627,0.23160489,0.0,0.0,0.0,0.0,0.962246,0.0,0.0,0.0,2.1441808,0.04319696,0.0,1.6270863,0.6935092,0.7443776,0.0,0.0,1.5877315,2.2237995,0.0,0.0,0.6254893,1.2345088,1.1836017,0.0,0.0,0.49685937,0.9077335,0.43909827,1.1740006,0.0,0.0,0.0,0.0,1.1605806,0.8716432,0.0,0.0,0.16797324,0.0,5.5345316,0.0,0.0,0.0,1.7392342,1.1811544,0.4016355,1.0813681,1.5106682,0.0,0.0,0.0,0.2707962,0.0,0.0,0.0,0.4541509,0.37664258,0.0,0.29876935,3.693604,0.0,0.0,0.95036215,0.0,0.3089493,0.53787005,1.2123294,0.45148766,0.76885724,1.2733988,0.0,0.0,2.2209473,0.0,0.0,0.0,0.0,0.0,0.8102835,0.0,1.4741194,0.0,0.70494646,0.0,0.0,0.23506631,0.0,0.63549215,0.0,1.1573639,0.77880424,0.45364434,0.0,1.6765021,1.4416271,1.4184517,0.090169095,0.0,1.1426928,0.4105251,0.0,1
0.0,0.0,0.9085401,0.0,1.3275561,0.0,1.1540779,0.0,0.25496805,0.0,0.0,1.3015411,1.1418675,1.2731853,0.12105636,0.0,0.0,1.296356,0.0,0.0,0.0,0.0,0.0,2.1082447,0.7283527,0.0,0.00019999687,0.0,1.4794098,0.0,0.0,0.73450017,0.0,0.0,0.0,0.0,0.0,0.4059654,1.9740385,0.0,1.4604495,0.0,0.21175896,0.7743859,0.0,0.8453292,0.0,0.0,0.0,1.1452472,0.0,2.21524,0.0,0.0,0.0,0.0,2.0487695,0.0,2.2302666,0.91430545,0.4076733,0.0,0.0,1.8101258,0.0,0.0,1.0369514,0.0,0.6816702,0.8072538,0.0,0.67562747,0.0,0.0,0.41104123,0.0,1.7668403,0.7780874,0.08941851,0.0,0.0,0.0,0.0,0.2534937,1.2807994,0.0,0.0,1.2567382,0.0,0.0,1.7444316,0.0,0.0,0.0,2.600461,2.269621,0.0,1.0082302,0.0,0.32139504,0.0,0.0,0.77202487,0.0,0.6999143,0.0,0.0,0.0,0.07809976,0.23532292,0.6119482,0.0,0.57771057,0.84804666,1.0779517,2.241675,0.6004046,1.0361518,0.43166524,0.903463,0.0,0.0,0.0,0.0,0.0,2.2779124,0.0,0.0,0.6259378,0.0,0.15809996,1.3329561,1.2692599,0.0,0.19928294,0.0,0.0,0.0,0.13108568,0.0,0.0,0.0,1.677076,0.78292775,0.13250746,0.22795542,0.0,0.45029938,1.1663885,0.9495314,0.0,0.0,1.7744256,0.45044073,0.11334022,0.0,0.0,0.0,0.0,0.71513945,0.0,0.0,0.0,2.0146456,0.2961855,0.0,2.373338,0.6459032,0.22698341,0.0,0.0,1.2618846,2.3766243,0.0,0.0,0.3312701,0.4573245,1.4087008,0.0,0.0,0.7251049,0.19506861,0.94047916,1.1470581,0.0,0.0,0.0,0.0,0.48842332,0.27952132,0.0,0.0,0.25355244,0.0,5.080853,0.0,0.0,0.35803586,1.7989829,1.8793663,0.058219522,0.5161433,1.2571685,0.0,0.0,0.0,0.47627684,0.0,0.0,0.0,0.5042253,0.4339356,0.0,0.21272606,3.3089337,0.0,0.0,0.17416093,0.0,0.27403125,0.38398588,0.39693427,0.33071625,1.355175,0.90838516,0.0,0.0,1.4270842,0.0,0.71827894,0.0,0.0,0.0,1.6418034,0.0,0.6618691,0.13412794,0.54525745,0.0,0.0,0.97297645,0.0,0.5418143,0.0,1.1118693,0.997168,1.5933421,0.0,0.9868762,1.1010813,1.4216019,0.39279923,0.0,1.1177508,0.0,0.0,1
0.0,0.0,0.98948133,0.44888884,1.3063717,0.20986825,0.9566915,0.0,0.0,0.0,0.0,1.0425502,1.3438418,1.0882872,0.0,0.0,0.0,1.8628235,0.0,0.0,0.0,0.0,0.0,1.7618333,0.52809787,0.0,0.0,0.0,1.4113266,0.0,0.0,0.58501506,0.0,0.0,0.0,0.0,0.0,0.5133278,1.2262449,0.0,1.2108068,0.0,0.8168839,0.89024746,0.0,0.6813996,0.0,0.0,0.0,1.0493554,0.0,1.9439999,0.0,0.0,0.0,0.0,1.8621225,0.0,1.629898,0.28884205,0.13756783,0.0,0.0,1.6004515,0.0,0.0,1.2236811,0.0,0.28799686,0.69157875,0.0,0.7637361,0.0,0.0,0.71702904,0.0,1.4125125,0.96086204,0.40525246,0.0,0.0,0.0,0.0,0.5415975,1.3210636,0.0,0.0,1.3744473,0.0,0.0,1.4395624,0.0,0.0,0.0,2.4533,1.3582143,0.0,1.0308359,0.0,0.5647027,0.24535821,0.0,0.97353685,0.0,0.99060994,0.0,0.0,0.0688024,0.0,0.0,0.60712045,0.0,0.7209638,0.35067734,1.0389487,2.3935115,0.757287,0.95398474,0.18603721,0.5787405,0.0,0.0,0.0,0.0,0.0,2.3547976,0.0,0.0,0.5038575,0.0,0.28808627,1.2372594,1.3921835,0.0,0.14080456,0.0,0.0,0.0,0.08504728,0.0,0.0,0.0,1.0756402,0.27605343,0.28515968,0.0,0.0,0.4736596,1.465389,0.61829066,0.0,0.0,1.5632706,0.408719,0.28388414,0.0,0.0,0.0,0.0,0.72892106,0.0,0.0,0.0,1.666858,0.7529103,0.0,1.8837528,0.7913932,0.2261592,0.0,0.0,1.1692094,2.0836473,0.0,0.0,0.46106908,0.60397804,1.6447083,0.0,0.0,0.6001462,0.4422897,0.6313703,1.4961553,0.0,0.0,0.0,0.0,0.80394137,0.32183924,0.0,0.08654608,0.30810052,0.0,4.2568197,0.0,0.0,0.2993278,1.3527317,1.4760354,0.2567296,0.48700407,0.9381586,0.0,0.0,0.0,0.47660115,0.0,0.0,0.0,0.42916688,0.29350543,0.0,0.4312103,2.9860663,0.0,0.0,0.4993094,0.0,0.14065275,1.1312591,0.2541905,0.2058419,1.449428,1.0528966,0.0,0.0,1.4041123,0.0,0.904241,0.0,0.0,0.0,1.042426,0.0,0.4040152,0.0,0.37406966,0.0,0.0,0.48359764,0.0,0.7561362,0.0,0.79649335,0.8533382,1.1428351,0.0,0.6416042,0.9220498,0.932848,0.78577596,0.0,0.06573413,0.0,0.0,1
0.0,0.0,0.6470168,0.8555464,1.0910549,0.757812,0.8690712,0.0,0.17575875,0.0,0.0,0.92694145,1.1828724,0.9410417,0.0,0.0,0.0,2.0234172,0.0,0.0,0.0,0.0,0.0,1.3719529,0.29349267,0.0,0.0,0.0,1.3530995,0.0,0.0,0.35053822,0.0,0.0,0.0,0.0,0.0,0.53852355,0.8328554,0.0,1.5847414,0.0,0.8796117,0.74269325,0.0,0.67275715,0.0,0.0,0.0,1.0688586,0.0,1.6532829,0.0,0.0,0.0,0.0,2.024033,0.0,1.3859878,0.554923,0.0,0.0,0.0,1.2175794,0.0,0.0,1.3286924,0.0,0.0,1.1314375,0.0,1.4510436,0.0,0.0,0.5894738,0.0766576,1.6382773,0.63943106,0.51922214,0.0,0.0,0.0,0.0,0.26244053,1.5789016,0.0,0.0,1.0311643,0.0,0.0,0.90912074,0.0,0.0,0.0,2.983632,1.8532567,0.19424729,0.89503664,0.0,0.51742715,0.43818763,0.0,0.6789744,0.0,0.6977164,0.0,0.0,0.0,0.0,0.3953518,0.75352395,0.0,0.9855063,0.44142547,0.74989605,2.1483626,0.5346504,1.0896486,0.0,0.5315285,0.0,0.0,0.0,0.04892662,0.0,2.4425128,0.0,0.0,0.5501792,0.0,0.18471994,1.7518288,1.8428148,0.0,0.1454632,0.0,0.0,0.0,0.0,0.0,0.0,0.0,1.2147416,0.45228505,0.20061946,0.0,0.0,0.07660934,1.1961342,0.6119656,0.0,0.0,1.7154558,0.415961,0.0,0.0,0.0,0.0,0.0,0.91764754,0.0,0.0,0.0,1.702569,0.4112507,0.0,2.1032884,0.61040527,0.44767815,0.0,0.0,0.71892375,2.1446028,0.0,0.0,0.9035675,0.9856651,1.5834947,0.0,0.0,0.63721544,0.79422694,1.1798778,0.59987074,0.0,0.0,0.0,0.0,0.7878541,0.53165174,0.0,0.0,0.30058607,0.0,4.1204805,0.0,0.0,0.0,1.3986753,1.4059881,0.24465501,0.24610083,0.7799649,0.0,0.0,0.0,0.9296621,0.0,0.0,0.0,0.5815099,0.08564048,0.0,0.6009184,2.8349714,0.0,0.0,0.6513632,0.0,0.40341675,1.4037244,0.49038267,0.0,1.0489728,1.1894976,0.0,0.0,1.2468882,0.0,0.44698587,0.0,0.0,0.0,0.35378796,0.0,0.71354777,0.0,0.23195833,0.0,0.0,0.49835527,0.0,0.42864066,0.0,1.0110033,0.84583074,0.84933805,0.0,0.98369026,1.4037373,1.217028,0.55928767,0.0,0.9949682,0.0018345207,0.0,1
0.0,0.0,1.0492854,1.0751053,1.135721,0.7736919,0.43964496,0.0,0.0,0.0,0.0,1.1378379,1.354532,1.291272,0.0,0.0,0.0,1.8972905,0.0,0.0,0.0,0.17500024,0.0,1.9056648,0.0,0.0,0.0,0.0,1.0775819,0.0,0.0,0.5278773,0.0,0.0,0.0,0.0,0.0,0.6176889,1.0683502,0.0,1.4494231,0.0,0.79984003,1.0342851,0.0,0.47204652,0.0,0.0,0.0,1.0477422,0.0,1.8768595,0.0,0.0,0.0,0.0,2.3049836,0.0,2.0098562,0.0,0.26701525,0.0,0.0,1.6710143,0.0,0.0,1.0365955,0.0,0.0,0.6460961,0.0,0.3278732,0.0,0.0,0.38711002,0.0,1.6017867,0.91217095,0.068208314,0.0,0.0,0.0,0.0,0.49767232,0.8647426,0.0,0.0,0.7878173,0.0,0.0,1.4145106,0.0,0.0,0.0,3.0384617,1.7023925,0.10673396,0.8409717,0.0,0.41787866,0.39357945,0.0,0.49772426,0.0,1.2434196,0.0,0.0,0.0,0.0,0.2622836,1.4420434,0.0,0.41343594,0.032773573,0.76223904,2.6948285,0.40241057,1.6774222,0.056216113,0.2764208,0.0,0.0,0.0,0.0,0.0,2.3493845,0.0,0.0,0.51469666,0.0,0.08640676,1.5878296,1.9179506,0.0,0.09868,0.0,0.0,0.0,0.17663473,0.0,0.0,0.0,1.80433,0.6500367,0.86688024,0.0,0.0,0.10767719,0.94296587,0.35342324,0.007579694,0.0,1.5910794,0.6513774,0.019121727,0.0,0.0,0.0,0.0,1.4626486,0.0,0.0,0.0,2.2383368,0.9830102,0.0,2.3313937,0.660169,0.3574802,0.0,0.0,1.1145355,2.524161,0.0,0.0,0.91365665,0.97984225,2.5491078,0.0,0.0,0.71651304,0.775221,0.53771055,1.3962127,0.0,0.0,0.0,0.0,0.55403733,0.6736721,0.0,0.10023201,0.0,0.0,5.049086,0.0,0.0,0.0918894,1.9038572,1.375293,0.12878451,0.065377764,1.1971884,0.0,0.0,0.0,0.7320691,0.0,0.0,0.0,0.3769526,0.07488727,0.0,0.35783488,3.597993,0.0,0.0,0.6606867,0.0,0.0,0.87206084,0.51717687,0.015276889,1.5774115,0.85576874,0.0,0.0,1.5230386,0.0,0.56990355,0.0,0.0,0.0,0.69996387,0.0,0.7381862,0.16444924,0.4059795,0.0,0.0,0.700553,0.0,0.70143247,0.0,1.1288109,0.6762128,0.8042924,0.0,0.57022375,1.0379361,1.213452,0.80348885,0.0,0.19910131,0.0,0.0,1
0.0,0.0,0.8802534,0.26644936,0.59833956,0.3090877,0.92858255,0.0,0.061340094,0.0,0.0,1.0441464,1.0575812,1.2328529,0.0,0.0,0.0,1.7301702,0.0,0.0,0.0,0.0,0.0,1.7511911,0.12860367,0.0,0.0,0.0,1.537161,0.0,0.0,0.49348414,0.0,0.0,0.0,0.0,0.0,0.49214235,1.1322975,0.0,1.4490911,0.0,0.4034417,0.7507937,0.0,0.3226891,0.0,0.0,0.0,0.64426225,0.0,1.96082,0.0,0.0,0.0,0.0,1.7692821,0.0,1.5755732,0.52016205,0.0,0.0,0.0,1.9838884,0.0,0.0,1.1973263,0.0,0.0,1.1104599,0.0,0.76352197,0.0,0.0,0.26912197,0.0,1.4115939,0.6967645,0.14432953,0.0,0.0,0.0,0.0,0.48309416,1.5700257,0.0,0.0,1.0920879,0.0,0.0,1.4925174,0.0,0.0,0.0,2.618925,2.0146482,0.21674047,0.90404874,0.0,0.5013347,0.058161058,0.0,0.4486512,0.0,0.65679425,0.0,0.0,0.0,0.22610685,0.0,1.2191308,0.0,0.6808974,0.20901379,1.0880065,2.358569,0.27835044,1.0072147,0.1642233,0.29841554,0.0,0.0,0.0,0.0,0.0,2.2906802,0.0,0.0,0.6599442,0.0,0.04177593,1.6104306,1.915065,0.0,0.010798778,0.0,0.0,0.0,0.15918829,0.0,0.0,0.0,1.4880399,0.6864433,0.44001755,0.0,0.0,0.118879944,1.462792,0.7768139,0.0,0.0,1.4069561,0.47750074,0.320152,0.0,0.0,0.21856721,0.0,0.9290197,0.0,0.0,0.0,2.177144,0.5262555,0.0,2.3250365,0.7328689,0.30586028,0.0,0.0,0.60490847,1.8167889,0.0,0.0,0.770246,0.7990806,1.2972246,0.0,0.0,0.72212034,0.59206855,1.0393431,1.315262,0.0,0.0,0.0,0.0,0.21871425,0.9830278,0.0,0.0,0.0,0.0,4.3667846,0.0,0.0,0.09298234,1.4282253,1.3755877,0.0,0.4222726,0.9611954,0.0,0.0,0.0,0.588681,0.0,0.0,0.0,0.30553117,0.05770998,0.0,0.37544835,3.2010384,0.0,0.0,0.43795657,0.0,0.06430185,0.7898286,0.066351645,0.2453343,1.2702533,0.98743427,0.0,0.0,0.8861205,0.0,0.40937114,0.0,0.0,0.0,1.2261907,0.0,0.32041487,0.0,0.13251898,0.0,0.0,0.53810966,0.0,0.41099542,0.0,0.5971007,1.0275787,1.1634877,0.0,1.116768,1.036586,1.3690296,0.0,0.0,0.37202635,0.0,0.0,1
0.0,0.0,0.86646116,0.52135116,0.9213817,0.0,0.675332,0.0,0.1411746,0.0,0.0,0.8894593,1.0238814,1.2984548,0.0,0.0,0.0,1.5471954,0.0,0.0,0.0,0.0,0.0,1.7848958,0.32705107,0.0,0.0,0.03610615,1.3126925,0.0,0.0,0.5779754,0.0,0.0,0.0,0.0,0.0,0.49965066,1.1103837,0.0,1.3080374,0.0,0.98121995,0.6716179,0.0,0.21234775,0.0,0.0,0.0,0.93637586,0.0,1.4784164,0.0,0.0,0.0,0.0,2.045164,0.0,1.6279532,0.6354397,0.05876302,0.18287912,0.0,1.8881621,0.0,0.0,1.3009927,0.0,0.026384544,1.024895,0.0,0.24412347,0.0,0.0,0.52459437,0.0,1.6633849,0.7749065,0.42852545,0.0,0.0,0.0,0.0,0.51952904,1.0507737,0.0,0.0,1.260039,0.0,0.0,1.2175372,0.0,0.0,0.0,2.490925,1.9573296,0.0,1.2457383,0.0,0.4269124,0.14407198,0.0,0.6036037,0.0,0.82857156,0.0,0.0,0.13290106,0.2893235,0.016177567,0.9197806,0.0,0.55189896,0.034212388,1.289988,2.5628316,0.62477744,1.1459932,0.4317243,0.5900237,0.0,0.0,0.0,0.0,0.0,2.5395877,0.0,0.0,0.42206365,0.0,0.23246141,1.1241897,1.5335484,0.0,0.08788687,0.0,0.0,0.0,0.32105777,0.0,0.0,0.0,1.3730634,0.65692985,0.48652443,0.0,0.0,0.1622662,1.4470285,0.615229,0.055630255,0.0,1.1898007,0.1285961,0.3389432,0.0,0.0,0.290077,0.0,1.045135,0.0,0.0,0.0,1.801291,0.48536462,0.0,1.9875033,0.74697006,0.40244746,0.0,0.0,1.0057243,1.7739102,0.0,0.0,0.20466352,0.7625296,1.0921348,0.0,0.0,0.6552957,0.4767909,0.8575199,0.98373336,0.0,0.0,0.48325557,0.0,0.34482592,0.46976623,0.0,0.0,0.0,0.0,4.60857,0.0,0.0,0.23972969,1.5064473,1.3850046,0.33574787,0.3460244,1.0506885,0.0,0.0,0.0,0.66208506,0.0,0.0,0.0,0.62986326,0.02167656,0.0,0.036457658,3.0959058,0.0,0.0,0.2987697,0.0,0.5642461,0.39385194,0.4038999,0.5983134,1.1095034,1.1275896,0.0,0.0,1.0689156,0.0,0.4078112,0.0,0.0,0.0,0.9556667,0.0,0.107430845,0.3655934,0.45441628,0.0,0.0,0.37532026,0.0,0.29010227,0.0,0.68792105,0.87319225,1.113984,0.0,0.8408708,1.0792152,1.045849,0.2525766,0.0,0.3257784,0.0,0.0,1
0.0,0.0,1.460268,0.0,0.9329735,0.0,1.081111,0.0,0.32185623,0.0,0.0,1.1822151,0.78823787,0.72372395,0.0,0.0,0.0,1.3072965,0.0,0.0,0.0,0.0,0.0,1.6589857,0.87090254,0.0,0.0,0.08434174,1.5996541,0.0,0.0,0.58509046,0.0,0.009261712,0.0,0.0,0.0,0.47835517,1.0999169,0.0,1.2371037,0.0,0.41316402,1.282396,0.0,0.7117256,0.0,0.0,0.0,1.1361911,0.0,1.8914499,0.0,0.0,0.0,0.0,1.8450934,0.0,1.9099088,0.7688708,0.2738288,0.03618664,0.0,1.3737276,0.0,0.0,0.75483036,0.0,0.28096607,1.0659513,0.0,0.49127614,0.0,0.0,0.4887636,0.0,1.3462884,0.6329252,0.07832808,0.0,0.0,0.0,0.0,0.0,1.3667829,0.0,0.0,1.8711824,0.0,0.0,1.560449,0.0,0.0,0.0,2.2184186,2.096428,0.0,0.91915065,0.0,0.58352786,0.0,0.0,1.2677543,0.0,0.81462055,0.0,0.0,0.0,0.2992966,0.0,0.66758853,0.0,0.5780536,0.04190283,1.235396,2.0831716,1.0748987,1.0254856,0.3881846,0.85365224,0.0,0.0,0.0,0.0,0.0,2.681297,0.0,0.0,0.7237654,0.0,0.14953797,0.86491376,1.3418294,0.0,0.013575394,0.0,0.0,0.0,0.13562386,0.0,0.0,0.0,0.8680053,0.29275393,0.0,0.0,0.0,0.1757688,1.172076,0.7921487,0.0,0.0,1.7922623,0.3488416,0.59944886,0.0,0.0,0.0,0.0,0.40784281,0.0,0.0,0.0,1.368535,0.24467699,0.0,1.68558,1.0486137,0.46636468,0.0,0.0,0.94591504,1.7052097,0.0,0.0,0.195954,0.5569669,1.1127521,0.0,0.0,0.6481364,0.35570633,0.83171433,1.4667786,0.0,0.0,0.38363454,0.0,0.64802676,0.41897374,0.0,0.0,0.29529008,0.0,4.5442176,0.0,0.0,0.5111416,1.4365759,1.1318482,0.23952734,0.9529194,1.1764764,0.0,0.0,0.0,0.41871658,0.0,0.0,0.0,0.26020023,0.43014225,0.0,0.31638595,2.9293008,0.0,0.0,0.0,0.0,0.5620155,0.7909552,0.1996299,0.27225876,1.6932938,1.0192462,0.0,0.0,0.7943773,0.0,0.95936006,0.0,0.0,0.0,0.98521906,0.0,0.1955044,0.19992533,0.6614486,0.0,0.0,0.89910096,0.0,0.5908253,0.0,0.84931654,1.0650803,1.0084045,0.0,1.2670299,0.6507464,1.3463289,0.4311343,0.0,0.8215916,0.0,0.0,1
0.0,0.0,1.8005949,0.29300517,0.80635667,0.0,1.0078553,0.0,0.20421343,0.0,0.0,1.7827661,1.5380849,1.6502947,0.0,0.0,0.0,2.6964471,0.0,0.0,0.0,0.10852514,0.0,1.9964645,0.6276406,0.0,0.0,0.0,1.2239038,0.0,0.0,0.6798311,0.0,0.3756737,0.0,0.0,0.0,0.8730683,1.5695993,0.0,1.2293863,0.0,1.0047626,1.7833909,0.0,0.47877568,0.0,0.0,0.0,1.632146,0.0,2.8690119,0.0,0.0,0.0,0.0,3.093232,0.0,2.504777,0.8190628,0.13011663,0.0,0.0,1.8948696,0.0,0.0,1.2950712,0.0,0.34476906,0.4823116,0.0,0.39939603,0.0,0.0,0.4195843,0.0,1.2839452,1.3272806,0.0,0.0,0.0,0.0,0.0,0.55720794,2.0815704,0.0,0.0,1.0890735,0.0,0.0,1.8247919,0.0,0.0,0.0,3.1320584,2.2266254,0.0,0.5175605,0.0,0.8345438,0.05556587,0.0,1.0411979,0.0,1.0039768,0.0,0.0,0.0,0.11016776,0.0,1.5257685,0.0,0.7900093,0.0,1.6151782,3.286281,1.3947741,1.3959795,0.20928454,0.63478255,0.0,0.0,0.0,0.0,0.0,2.9588273,0.0,0.0,0.97522235,0.0,0.023274561,1.6079171,1.6188729,0.0,0.0,0.0,0.0,0.0,0.21435125,0.0,0.0,0.0,1.5351615,0.68211937,0.31498644,0.3676724,0.0,0.36058614,1.0816629,0.95991915,0.0,0.0,2.0474846,0.0,0.54966265,0.0,0.0,0.0,0.0,0.76465446,0.0,0.0,0.0,2.1197238,0.21418248,0.0,2.4781752,1.1219885,0.44545993,0.0,0.0,1.3551217,3.0421383,0.0,0.0,0.51477176,0.5257806,2.2452912,0.0,0.0,1.0381116,0.29198876,1.2514021,1.6856364,0.14644966,0.0,0.11595516,0.0,0.5441074,0.3371682,0.0,0.458264,0.3571315,0.0,5.2895226,0.0,0.0,0.0,1.8051007,1.4549586,0.38849905,0.68232757,1.9118202,0.0,0.0,0.0,0.31185582,0.0,0.0,0.0,0.5542932,0.0,0.0,0.555183,3.8755598,0.0,0.0,0.030640762,0.0,0.3772362,1.092899,0.43021655,0.5467184,1.0512534,1.1896724,0.0,0.0,1.5076885,0.0,1.3453587,0.0,0.0,0.0,0.99180055,0.0,0.7096936,0.3026368,0.08223271,0.0,0.0,1.6468928,0.0,1.0590324,0.0,0.9674794,0.33223554,1.6601424,0.0,1.0452812,1.0061021,1.6275426,0.43461397,0.0,0.02722512,0.054966114,0.0,1
0.0,0.0,0.8269631,0.408601,1.2667047,0.0,0.34169933,0.0,0.14974107,0.0,0.0,1.5923039,2.010394,1.0793403,0.0,0.0,0.0,1.6256886,0.0,0.0,0.0,0.0,0.0,2.2898407,0.2887631,0.0,0.0,0.0,1.1231327,0.0,0.0,0.2694137,0.0,0.0,0.0,0.0,0.0,0.14827038,1.1411363,0.0,1.5173849,0.0,0.16138838,0.7307071,0.0,1.2610171,0.0,0.0,0.0,1.2016732,0.0,1.9171171,0.0,0.32343692,0.0,0.0,2.1095624,0.0,1.9997058,0.3530213,0.2421989,0.096581586,0.0,1.5012375,0.0,0.0,1.1348878,0.0,0.055885687,0.95957404,0.0,0.7577233,0.0,0.0,0.8289687,0.0,1.9978001,0.96860003,0.1423987,0.0,0.0,0.0,0.0,0.71806854,0.92063534,0.0,0.0,0.5342389,0.0,0.0,1.1636404,0.0,0.0,0.0,2.6765714,2.6402626,0.0,1.0907927,0.0,0.47547778,0.0,0.0,0.11934169,0.0,1.3774362,0.0,0.0,0.0,0.3487857,0.0,0.98356366,0.0,0.5661854,0.8257444,1.1616741,2.6223447,1.1090324,1.6692455,0.1590142,0.81576586,0.0,0.0,0.0,0.0,0.0,2.3510993,0.0,0.0,0.13992292,0.0,0.2639064,1.1556579,1.9466865,0.0,0.15132117,0.0,0.0,0.0,0.32404387,0.0,0.0,0.0,1.6323243,0.44768888,0.34467727,0.2983,0.0,0.7369851,1.4113281,0.33090305,0.0,0.0,1.7972239,0.21391101,0.41984525,0.0,0.0,0.0,0.0,1.4303716,0.0,0.0,0.0,2.244206,0.44068992,0.0,1.4631513,0.61260176,0.17682749,0.0,0.0,1.0832824,1.9582777,0.0,0.0,0.42648327,0.87416196,1.3267936,0.0,0.0,0.110778354,0.36908248,1.1012236,1.5395714,0.0,0.0,0.0,0.0,0.47884434,0.87191343,0.0,0.0,0.010104403,0.0,5.0917115,0.0,0.0,0.0,1.1507194,0.9649642,0.0,0.32773188,1.8600298,0.0,0.0,0.0,0.51742035,0.0,0.0,0.0,0.15059835,0.7667686,0.0,0.12446683,3.4345407,0.0,0.0,0.5642146,0.0,0.06438744,0.75134957,0.5063787,0.33499992,0.7102985,0.86440444,0.0,0.0,1.529181,0.0,0.24685772,0.0,0.0,0.0,0.37786037,0.0,1.1086789,0.35455748,0.0955713,0.0,0.0,0.09586189,0.0,0.37794238,0.0,0.5592008,0.3000741,0.73318005,0.0,1.2551916,1.2964892,1.523919,0.17173089,0.0,0.7868209,0.15493143,0.0,1
0.0,0.0,1.4221847,0.193967,1.4782157,0.0,0.08608644,0.0,0.46551234,0.0,0.0,0.95994973,0.922224,0.77465004,0.13261591,0.0,0.0,1.651227,0.0,0.0,0.306412,0.0,0.0,1.4682007,0.6852338,0.0,0.0,0.0,0.9665657,0.0,0.0,0.3649582,0.0,0.08294521,0.0,0.0,0.0,0.3320709,0.83474475,0.0,1.1657178,0.0,0.0,0.97735375,0.0,1.8576344,0.0,0.0,0.0,0.9583831,0.0,1.5373315,0.0,0.0,0.0,0.0,1.4798225,0.0,1.3207939,1.1231239,0.8893134,0.0,0.0,1.180752,0.0,0.0,0.68414164,0.0,0.7127188,0.23489627,0.0,1.0937747,0.0,0.0,0.67295533,0.0,1.3810816,0.87650067,0.3601263,0.0,0.0,0.0,0.0,0.11431675,0.5378186,0.0,0.0,1.2602544,0.0,0.0,1.1277837,0.0,0.0,0.0,2.240974,1.8740339,0.0,1.073542,0.0,0.19746698,0.0,0.0,1.1473048,0.0,0.9308158,0.0,0.0,0.0,0.3528384,0.47699174,0.7442765,0.0,0.24905126,0.5575534,0.7206275,0.6180945,1.4584566,1.2306403,0.60284615,1.6344315,0.0,0.0,0.0,0.0,0.0,2.1870775,0.0,0.0,0.417161,0.0,0.0,1.9185702,1.0985546,0.0,0.24940662,0.0,0.0,0.0,0.0,0.0,0.0,0.0,1.4566736,0.91268337,0.07172601,0.19317593,0.0,0.7165233,1.484896,0.55574185,0.0,0.0,1.2436316,0.6997253,0.52580315,0.0,0.0,0.0,0.0,0.32515132,0.0,0.0,0.0,1.9343098,1.059898,0.0,1.8644035,0.6264759,0.71125543,0.0,0.0,0.5896599,1.7090507,0.0,0.0,0.7407146,1.0966643,1.3548064,0.0,0.0,0.6515647,0.81210524,0.4088245,1.2116824,0.0,0.0,0.063830666,0.0,0.908946,0.4842119,0.0,0.0,0.54690987,0.0,4.5697145,0.0,0.0,0.011627506,1.6404102,0.7228973,0.5658441,1.3105531,0.8997033,0.0,0.0,0.0,0.73439413,0.0,0.0,0.0,0.61367774,0.049004663,0.0,0.23329227,2.4727674,0.0,0.0,0.19834375,0.0,0.32280242,0.84699804,0.4332186,0.23456237,1.3644971,0.99633056,0.0,0.0,1.0764809,0.0,0.6656811,0.0,0.0,0.0,0.988268,0.0,1.1937021,0.09071674,0.7746373,0.0,0.0,1.0718985,0.0,0.73861533,0.0,1.1158046,1.4472002,0.63558984,0.0,1.3004265,0.8164664,1.1063268,1.064815,0.0,1.3571569,0.0,0.0,1
0.0,0.0,0.15988158,1.7017211,2.2651536,0.32395935,0.0,0.0,0.0,0.0,0.0,1.0256518,2.345255,1.0065093,0.0,0.0,0.0,2.6200411,0.0,0.0,0.0,1.613708,0.0,2.2173285,0.0,0.0,0.0,0.12573732,2.093791,0.0,0.0,0.046169218,0.0,0.0,0.0,0.0,0.0,0.51422304,2.0112839,0.0,0.9922265,0.0,0.0,1.9490535,0.0,1.6956462,0.0,0.0,1.0227647,1.5440342,0.0,1.324238,0.19653869,0.0,0.0,0.0,2.5375686,0.0,0.29445058,0.94968927,0.873217,0.0,0.36146387,1.2396855,0.0,0.0,0.0,0.0,0.0,0.22507222,0.0,0.6504168,0.0,0.0,0.0,0.09152621,1.8889549,1.5436616,1.4507442,0.0,0.0,0.0,0.0,0.70759594,0.30458885,0.0,0.0,1.1582313,0.0,0.0,0.0,0.0,0.0,0.0,3.377151,2.5250895,0.0,2.4905324,0.0,1.0789367,0.0,0.0,1.2188367,0.0,0.5451514,0.0,0.0,0.0,0.0,2.0896244,1.3543581,0.0,1.1981449,0.1414079,1.1185448,2.3265874,1.189783,1.0769671,0.39282477,1.9596405,0.0,0.0,0.0,0.0,0.0,3.3424962,1.0468891,0.0,0.0,0.34556872,0.29669148,2.883398,1.915854,0.0,0.8918596,0.0,0.0,0.0,1.3573961,0.0,0.0,0.0,2.8215268,1.2759031,1.6052984,0.0,0.0,0.0,1.4389479,0.0,0.016835937,0.0,2.5130143,0.2622782,0.6181932,0.0,0.0,0.0,0.0,1.1268287,0.0,0.0,0.0,0.22462624,2.2702885,0.0,1.965727,0.7040535,0.45305276,0.0,0.0,1.7118999,3.0225523,0.0,0.20608152,1.5100703,2.010614,2.4932067,0.0,0.0,0.9237383,1.1889794,0.66152036,1.8502253,1.110008,0.0,0.0,0.0,1.881692,0.0,0.0,0.41108382,0.0,0.0,5.828521,0.0,0.0,0.0,1.6912991,0.8046057,1.094688,0.5363779,0.333401,0.0,0.0,0.0,0.0,0.0,0.0,0.0,0.60525095,0.22888742,0.0,0.9712491,1.137293,0.0,0.0,0.0,0.0,1.5162141,0.186731,2.5148304,0.0,1.1371769,1.5951325,0.0,0.0,2.6447496,0.0,0.26687583,0.0,0.0,0.0,0.0,0.5727227,1.053028,0.8327305,1.7399471,0.0,0.0,2.2077866,0.142731,1.3986524,0.0,1.127664,1.7098309,1.2421186,0.0,0.0,1.8467993,0.93673223,1.0909455,0.0,0.8949261,0.0,0.0,1
0.0,0.0,0.09145771,2.127642,2.2214925,0.22244689,0.0,0.0,0.095717385,0.0,0.0,2.0591686,2.8667796,0.5746124,0.063721105,0.0,0.0,2.3044202,0.0,0.0,0.0,1.595403,0.0,1.5414338,0.0,0.0,0.09265181,0.56317854,2.1049964,0.0,0.0,0.0,0.0,0.0026691707,0.0,0.0,0.0,0.0,1.1508764,0.0,0.89515495,0.0,0.0,2.4319022,0.0,1.4943941,0.0,0.29014727,1.0692554,1.7187167,0.0,1.6771182,0.18944414,0.0,0.0,0.0,2.4242344,0.08785014,0.0,0.6295045,0.17508985,0.0,0.07238092,1.1088374,0.0,0.0,0.21931338,0.0,0.0,0.46230975,0.0,0.49723315,0.0,0.0,0.0,0.0,1.2439388,1.7631029,1.1626374,0.0,0.0,0.0,0.0,0.0,1.4392322,0.0,0.0,1.8812038,0.0,0.0,0.18693908,0.0,0.0,0.0,3.5961258,2.2992408,0.0,2.3648477,0.0,1.0150882,0.21038537,0.0,1.5453231,0.0,1.0057033,0.0,0.0,0.0,0.35311955,1.491632,1.8922718,0.0,0.7492542,0.0,0.74782944,1.2844552,1.9888204,0.9851973,0.35356984,1.5576768,0.0,0.0,0.0,0.064270884,0.0,2.7505171,1.3390126,0.0,0.0,0.20081846,0.18529968,2.8351703,1.8357872,0.0,1.3197646,0.0,0.0,0.0,0.92857754,0.0,0.0,0.0,2.2376637,0.9011468,1.398319,0.0,0.0,0.171734,1.4211578,0.0,0.2274548,0.0,2.1870208,0.1247432,1.0273651,0.0,0.0,0.0,0.0,0.68904054,0.0,0.0,0.51040816,1.0600942,2.5283387,0.0,2.371147,0.5426749,0.38763815,0.0,0.0,1.5161861,2.3920586,0.0,0.0,1.1412891,1.8764217,2.6206176,0.0,0.0,1.2071046,1.2327044,0.495801,2.5463114,0.33411646,0.0,0.0,0.0,1.7591702,0.0,0.0,0.16913494,0.0,0.0,5.2116547,0.0,0.0,0.0,1.1316214,0.61501265,0.56357795,0.8547086,0.49142227,0.0,0.0,0.0,0.0,0.0,0.0,0.0,0.88146085,0.64643663,0.0,0.9725799,1.7780274,0.0,0.0,0.0,0.0,1.1191833,0.6021491,2.2519076,0.0,1.5329765,1.6897763,0.0,0.0,2.7843792,0.0,0.31072322,0.0,0.0,0.0,0.0,0.5450936,0.4773604,0.5917258,2.3628297,0.0,0.0,3.0447373,0.25689667,1.4845868,0.0,1.7963762,1.3650032,0.7914554,0.0,0.88514024,1.7592182,1.1339896,1.3607442,0.0,1.3406892,0.0,0.0,1
0.0,0.0,1.0901287,0.15913682,1.2157943,0.26023877,0.46387532,0.0,0.39807516,0.0,0.0,1.3750846,1.4751092,1.0671362,0.0,0.0,0.0,1.4102505,0.0,0.0,0.0,0.0,0.0,1.8127321,0.28886387,0.0,0.11160227,0.0,1.2129573,0.0,0.0,0.30821544,0.0,0.0,0.0,0.0,0.0,0.3591527,1.2296348,0.0,0.91139436,0.0,0.18420602,0.5270936,0.0,1.0709286,0.0,0.0,0.0,1.2811338,0.0,2.1119337,0.0,0.0,0.0,0.0,2.3014922,0.0,1.4652067,0.37802258,0.60420465,0.0,0.0,1.242236,0.0,0.0,1.360782,0.0,0.3526477,0.675317,0.0,0.29076207,0.0,0.0,0.43797344,0.0,1.5994774,1.1511736,0.38879082,0.0,0.0,0.0,0.0,0.10132155,0.7932277,0.0,0.0,1.180945,0.0,0.0,0.9410755,0.0,0.0,0.0,2.218351,1.8572158,0.0,0.9203953,0.0,0.72344065,0.0,0.0,0.7658254,0.0,1.2014215,0.0,0.0,0.0,0.33692184,0.0031485285,0.9787911,0.0,0.4797199,0.4762326,0.24068952,2.202604,0.8416493,1.4486116,0.310759,0.93226045,0.0,0.0,0.0,0.0,0.0,2.3109744,0.0,0.0,0.5937662,0.0,0.0,1.3476173,1.5302875,0.0,0.062904835,0.0,0.0,0.0,0.14319493,0.0,0.0,0.0,1.4513412,0.35095286,0.6286848,0.02159764,0.0,0.5957186,1.363074,0.5595735,0.0,0.0,1.7851042,0.19046009,0.16329439,0.0,0.0,0.0,0.0,0.6561008,0.0,0.0,0.0,2.170822,0.7467747,0.0,2.0193803,0.71479946,0.6426554,0.0,0.0,0.6695702,2.1350465,0.0,0.0,0.31695688,1.0309948,1.7788876,0.0,0.0,0.46678746,0.55151963,0.6172619,1.1653177,0.0,0.0,0.0,0.0,0.84018123,0.5497072,0.0,0.0,0.14937991,0.0,4.5717363,0.0,0.0,0.4454993,1.3845935,1.4417357,0.37755662,0.39129376,1.3194414,0.0,0.0,0.0,0.6991145,0.0,0.0,0.0,0.24180742,0.40983135,0.0,0.780554,2.9313633,0.0,0.0,0.83884,0.0,0.0,0.86713296,0.13033593,0.0,1.1825501,0.94417596,0.0,0.0,0.95202225,0.0,0.64919573,0.0,0.0,0.0,0.85106534,0.0,0.94287604,0.0,0.39106137,0.0,0.0,0.746749,0.0,1.0233201,0.0,0.78975344,0.7350387,1.258092,0.0,1.0851438,1.122416,1.4372433,1.0493042,0.0,0.77796364,0.11531579,0.0,1
0.0,0.0,0.83282644,0.17152093,1.1494136,0.0074959174,0.41747078,0.0,0.6252247,0.0,0.0,0.72565925,0.6396805,0.7375571,0.16453741,0.0,0.0,1.0223395,0.0,0.0,0.753031,0.0,0.0,1.6065243,0.70071566,0.0,0.17149246,0.0,0.9204222,0.0,0.0,0.40409234,0.0,0.12054129,0.0,0.0,0.0,0.3102386,0.6570944,0.0,1.1236182,0.0,0.88279456,0.18422422,0.0,1.3497301,0.0,0.0,0.0,0.8617791,0.0,1.3031641,0.0,0.0,0.0,0.0,0.89377975,0.0,0.81044555,1.1025666,0.73558575,0.0,0.0,1.0491991,0.0,0.0,0.5862031,0.0,1.0407051,0.26830894,0.0,0.62491286,0.0,0.0,0.7648377,0.0,1.4776815,0.7586526,0.57213545,0.0,0.0,0.0,0.0,0.0,0.55110264,0.0,0.0,1.1759771,0.0,0.0,0.9261528,0.0,0.0,0.0,2.1934257,0.42084455,0.0,0.75364006,0.0,0.2850742,0.0,0.0,0.4923851,0.0,0.49770662,0.0,0.0,0.0,0.34459004,1.0500528,0.24491729,0.0,0.5209567,0.50571924,0.28098255,0.82018095,0.84959865,0.9329749,0.4343438,1.4271662,0.0,0.0,0.0,0.0,0.0,1.8985038,0.0,0.0,0.79578155,0.0,0.0,1.6547108,0.7898022,0.0,0.3413004,0.0,0.0,0.0,0.0,0.0,0.0,0.0,0.9114397,0.30726397,0.0,0.22225653,0.0,0.7222069,1.1411777,0.6692807,0.0,0.0,1.1152331,0.1970931,0.01866438,0.0,0.0,0.0,0.0,0.060131628,0.0,0.0,0.0,1.3818421,0.35065526,0.0,1.1071677,0.520402,0.6199639,0.0,0.0,0.5440845,1.3434827,0.0,0.0,0.21891609,0.8343642,0.6947783,0.0,0.0,0.7951619,0.7540695,0.0,0.7396984,0.0,0.0,0.0,0.0,0.81377786,0.006530468,0.0,0.0,0.24262196,0.0,3.708282,0.0,0.0,0.0,1.5373522,1.3557863,0.39133716,1.0609541,0.49152085,0.0,0.0,0.0,1.1056713,0.0,0.0,0.0,0.45825005,0.5931428,0.0,0.26505944,2.0320096,0.0,0.0,0.4341124,0.0,0.49575356,0.83506304,0.13878334,0.18920636,1.8786701,1.235196,0.0,0.0,1.1649296,0.0,0.5446022,0.0,0.0,0.0,0.7057684,0.0,0.5753862,0.0,1.1336117,0.0,0.0,1.1060508,0.0,0.34160683,0.0,0.7262302,1.0932515,0.44334456,0.0,0.8667438,1.0384674,0.62193036,0.5713137,0.0,1.4054002,0.2553136,0.0,1
0.0,0.0,0.96600276,0.14466059,1.3135083,1.4522172,0.8605617,0.0,0.0,0.0,0.0,1.4581171,0.7806227,1.0438172,0.0,0.0,0.0,1.9649682,0.0,0.0,0.0,0.0,0.0,1.9846619,0.39022404,0.0,0.0,0.0,1.6505587,0.0,0.0,0.4878071,0.0,0.0,0.0,0.0,0.0,0.72248906,0.9068647,0.0,1.4168185,0.0,0.57720447,0.5472027,0.0,1.1025168,0.0,0.0,0.0,0.91509295,0.0,1.9155369,0.0,0.0,0.0,0.0,1.5441656,0.0,1.4654998,0.43082854,0.46790043,0.0,0.0,0.9592401,0.0,0.0,1.1672744,0.0,0.0,0.6422916,0.0,0.9359492,0.0,0.0,0.9961533,0.0,1.4284048,1.0140151,0.077211715,0.0,0.0,0.0,0.0,0.4433442,1.164444,0.0,0.0,1.1151433,0.0,0.0,1.355229,0.0,0.0,0.0,2.6416612,1.571552,0.6489512,0.93595773,0.0,0.39310396,0.7249993,0.0,0.71117556,0.0,0.68936247,0.0,0.0,0.0,0.0,0.07293424,0.62008405,0.0,0.634526,0.7547739,0.77554303,2.08098,0.07854443,1.3222524,0.0,0.73244554,0.0,0.0,0.0,0.16413435,0.0,1.5292598,0.0,0.0,0.5245688,0.0,0.06559151,1.7717973,1.0673379,0.0,0.2489459,0.0,0.0,0.0,0.0,0.0,0.0,0.0,1.1250987,0.3338232,0.30242977,0.044274524,0.0,0.87023765,1.4155867,0.92542005,0.0,0.0,1.2604946,0.5588957,0.0066623883,0.0,0.0,0.0,0.0,0.6797496,0.0,0.0,0.0,1.6889304,0.65134007,0.0,1.7445201,0.38494286,0.577761,0.0,0.0,0.70766926,2.2482126,0.0,0.0,1.0883477,1.1895822,1.1755992,0.0,0.0,0.67249,0.8673933,0.84074485,0.76053536,0.0,0.0,0.0,0.0,0.8625293,0.8202812,0.0,0.0,0.45288324,0.0,4.0484653,0.0,0.0,0.0,1.0065448,1.7447686,0.015678791,0.39958286,0.9391689,0.0,0.0,0.0,0.75430334,0.0,0.0,0.0,0.30129483,0.59253645,0.0,0.753822,2.5817027,0.0,0.0,0.89403796,0.0,0.0,1.541549,0.43530226,0.0,1.3302548,1.5320944,0.0,0.0,1.479711,0.0,1.0836242,0.0,0.0,0.0,0.26936153,0.0,0.6526878,0.0,0.41787034,0.0,0.0,0.78904593,0.0,0.4560993,0.0,0.86469465,0.76486856,1.0425903,0.0,0.9343481,0.9731693,1.2153115,1.0404445,0.0,1.2491473,0.034007244,0.0,1
0.0,0.0,0.7857405,0.37612808,1.0059518,1.1584953,0.87592876,0.0,0.0,0.0,0.0,1.5990443,0.96209526,1.2647405,0.0,0.0,0.0,2.0483289,0.0,0.0,0.0,0.0,0.0,1.723115,0.23947653,0.0,0.035612606,0.0,1.3200454,0.0,0.0,0.51636094,0.0,0.0,0.0,0.0,0.0,0.619827,1.0657544,0.0,1.4856477,0.0,0.86072564,0.8779526,0.0,0.6081157,0.0,0.0,0.0,0.9207677,0.0,2.1388931,0.0,0.0,0.0,0.0,2.284277,0.0,1.6467575,0.30387536,0.054465197,0.0,0.0,1.7769032,0.0,0.0,1.2352753,0.0,0.11350638,0.9650711,0.0,0.66822463,0.0,0.0,0.55824786,0.0,1.5171509,0.6664377,0.19590037,0.0,0.0,0.0,0.0,0.17323723,1.1736891,0.0,0.0,0.6442763,0.0,0.0,1.3964821,0.0,0.0,0.0,3.1338856,1.8107907,0.37409928,0.6602758,0.0,0.431336,0.24079733,0.0,0.7091157,0.0,0.88872594,0.0,0.0,0.0,0.0,0.0059762327,1.1051602,0.0,0.57609934,0.5063524,0.7904102,2.602456,0.34259182,1.0471598,0.0,0.24020682,0.0,0.0,0.0,0.0,0.0,1.9941071,0.0,0.0,0.74858993,0.0,0.0,1.8407869,1.6814464,0.0,0.20552522,0.0,0.0,0.0,0.024522552,0.0,0.0,0.0,1.4220107,0.42000586,0.63765144,0.077437356,0.0,0.3226357,1.3374499,0.7291904,0.0,0.0,1.6881053,0.68355334,0.10154285,0.0,0.0,0.0,0.0,0.9077446,0.0,0.0,0.0,2.2196496,0.2527423,0.0,2.032788,0.62392616,0.42812583,0.0,0.0,0.6281011,2.281201,0.0,0.0,0.71813726,1.012128,2.010572,0.0,0.0,0.7833545,0.54316217,0.958637,1.2376724,0.0,0.0,0.0,0.0,0.74341863,0.75042874,0.0,0.0,0.20676666,0.0,3.9693458,0.0,0.0,0.34414175,1.3110933,1.5401435,0.0,0.0,1.2785105,0.0,0.0,0.0,0.8021042,0.0,0.0,0.0,0.44438022,0.3430594,0.0,0.67780596,3.4606261,0.0,0.0,0.6729648,0.0,0.0,1.4011253,0.2928555,0.08843737,1.0840564,1.1900774,0.0,0.0,1.3774812,0.0,0.8970965,0.0,0.0,0.0,0.48643994,0.0,0.6457302,0.0,0.24912733,0.0,0.0,0.96930295,0.0,0.7800039,0.0,0.9046308,0.4414151,0.8787991,0.0,1.176867,1.2436407,1.5591047,0.36287272,0.0,0.5792803,3.6740326e-05,0.0,1
0.0,0.0,0.6879039,0.6379196,1.436327,0.6653521,0.49377093,0.0,0.119798556,0.0,0.0,1.173698,0.6538009,1.0124366,0.0,0.0,0.0,1.3351823,0.0,0.0,0.21732527,0.0,0.0,1.8106315,0.7617962,0.0,0.06903591,0.0,1.0405029,0.0,0.0,0.4192138,0.0,0.0,0.0,0.0,0.0,0.3618695,1.0309176,0.0,1.2594353,0.0,0.82091486,0.35701454,0.0,1.9122106,0.0,0.0,0.0,1.1842375,0.0,1.3719441,0.0,0.0,0.0,0.0,1.164951,0.0,1.1860027,0.7889387,0.3608145,0.0,0.0,0.60900974,0.0,0.0,0.95540893,0.0,0.40245518,0.7594969,0.0,1.0454369,0.0,0.0,0.66206,0.0,1.7764199,1.0799795,0.63354856,0.0,0.0,0.0,0.0,0.0,0.54815996,0.0,0.0,1.4717705,0.0,0.0,0.66390496,0.0,0.0,0.0,2.1205463,0.89504856,0.22802423,0.8242607,0.0,0.54349476,0.13010691,0.0,1.2026446,0.0,1.0359455,0.0,0.0,0.0,0.0,1.0500072,0.05291067,0.0,0.8648413,0.83077335,0.43915024,0.9631907,0.81482804,0.67363554,0.20295799,1.3266468,0.0,0.0,0.0,0.0,0.0,1.6877759,0.0,0.0,0.8080725,0.0,0.0,1.5237049,0.88999176,0.0,0.4755498,0.0,0.0,0.0,0.0,0.0,0.0,0.0,1.168937,0.13446337,0.07484918,0.20827551,0.0,0.5842313,1.2489586,0.7255162,0.0,0.0,1.4842707,0.44997892,0.0,0.0,0.0,0.0,0.0,0.32478374,0.0,0.0,0.0,1.2764598,0.6662698,0.0,1.2716719,0.52030766,0.9394132,0.0,0.0,0.8604621,1.7983195,0.0,0.0,0.67837,0.97722405,1.29268,0.0,0.0,0.6788852,0.7604874,0.4191247,0.5903073,0.0,0.0,0.0,0.0,1.0919143,0.38486394,0.0,0.0,0.7920169,0.0,4.1889553,0.0,0.0,0.119629756,0.9785937,1.4751394,0.59370977,0.9612891,0.52662224,0.0,0.0,0.0,1.0368212,0.0,0.0,0.0,0.613013,0.54484636,0.0,0.4205216,2.1309144,0.0,0.0,0.9669311,0.0,0.26239815,1.103221,0.73138523,0.0,1.5913376,1.3439888,0.0,0.0,1.470679,0.0,0.69228905,0.0,0.0,0.0,0.17114131,0.0,1.2056825,0.0,0.73350924,0.0,0.0,0.7629667,0.0,0.64511555,0.0,1.2645789,1.5540841,0.5624905,0.0,1.0195359,0.6901408,0.9473231,1.0970237,0.0,1.729396,0.22981699,0.0,1
0.0,0.0,0.34708095,0.7715846,2.105771,0.0,0.0,0.0,0.37247652,0.0,0.0,1.2081821,1.464991,1.5946492,0.3913677,0.0,0.0,1.8616589,0.0,0.0,0.0,0.020617174,0.0,2.237472,0.0,0.0,0.020005547,0.2711544,1.0759987,0.0,0.0,0.105947666,0.0,0.0,0.0,0.0,0.0,0.04551404,1.9072939,0.0,1.0013698,0.0,0.0,2.6185946,0.0,1.3178824,0.0,0.31677386,0.0,1.1495167,0.0,2.3836288,0.0,0.0,0.0,0.0,2.0477786,0.0,0.6649745,0.43193868,0.35426962,0.0,0.0,1.2694429,0.0,0.0,1.6353312,0.0,0.63878584,0.112955466,0.0,0.65001726,0.0,0.0,0.46684375,0.0,1.2368221,1.7164382,0.14502235,0.0,0.0,0.0,0.0,0.0,1.7513596,0.0,0.0,2.3454401,0.0,0.0,1.0141782,0.0,0.0,0.0,2.3147187,2.6038296,0.0,1.8579345,0.0,0.60331076,0.35368136,0.0,0.8695023,0.0,1.345772,0.0,0.0,0.0,0.1757427,0.2370032,0.60002387,0.0,0.9062168,0.03150559,0.4206987,1.6938589,1.4545642,1.0223743,0.5925472,1.508086,0.0,0.0,0.0,0.0,0.0,2.4463935,0.52285796,0.0,0.0,0.0,0.022283217,1.7217436,1.0951772,0.0,0.6385718,0.0,0.0,0.0,0.19383265,0.0,0.0,0.0,1.5249153,0.34568006,0.5115554,0.12151058,0.0,0.25443712,0.74685866,0.31885985,0.13010262,0.0,1.928553,0.61482227,0.8509926,0.0,0.0,0.0,0.0,0.58698004,0.0,0.0,0.4017503,1.70002,1.5387962,0.0,2.2608922,0.7409661,0.16998209,0.0,0.0,1.2576166,2.1544924,0.0,0.0,0.8876805,1.1013047,1.0723249,0.0,0.0,0.84406304,0.8618842,0.9795329,1.7616768,0.25883827,0.0,0.0,0.0,1.3383263,0.123875685,0.0,0.26546985,0.28305975,0.0,5.914933,0.0,0.0,0.0,1.2721068,0.42373663,0.02542725,1.3956727,1.2164283,0.0,0.15508442,0.0,0.0,0.0,0.0,0.0,0.989318,0.5969509,0.0,0.111339025,2.0309172,0.0,0.0,0.030670043,0.0,0.67418325,0.8319096,1.2899884,0.08378501,1.0409693,0.58693147,0.0,0.0,2.0848362,0.0,0.35925698,0.0,0.0,0.0,0.7251057,0.0,1.1992036,0.47895637,1.5173879,0.0,0.0,1.469725,0.0,1.2737786,0.0,2.2331197,1.5029224,0.91496825,0.0,1.0852517,0.9947372,1.0600703,0.7584427,0.0,1.2243334,0.0,0.0,1
0.0,0.0,1.0226179,0.6061836,1.2144879,0.0,0.4888737,0.0,0.34119037,0.0,0.0,1.7893056,1.7744488,0.8631626,0.0,0.0,0.0,1.8424412,0.0,0.0,0.0,0.0,0.0,2.0831919,0.6362905,0.0,0.26686224,0.0,1.1443288,0.0,0.0,0.26211727,0.0,0.10402392,0.0,0.0,0.0,0.38288662,0.9462638,0.0,1.5687017,0.0,0.33270136,0.9444811,0.0,0.89848214,0.0,0.0,0.0,1.2163708,0.0,1.6922686,0.0,0.0,0.0,0.0,2.39464,0.0,1.5401726,0.9518238,0.3890292,0.01338855,0.0,1.1538304,0.0,0.0,0.9932795,0.0,0.638415,1.2310153,0.0,0.689297,0.0,0.0,0.41000775,0.0,1.7096303,1.0410762,0.22621731,0.0,0.0,0.0,0.0,0.0,1.100901,0.0,0.0,1.073541,0.0,0.0,0.6804343,0.0,0.0,0.0,2.8558946,2.0644913,0.0,1.4380317,0.0,0.62324685,0.0,0.0,0.66276425,0.0,1.1922494,0.0,0.0,0.0,0.47885904,0.0,0.7698265,0.0,0.6824183,0.371874,0.7136533,2.1317286,1.5377914,1.2617068,0.78746647,1.2432191,0.0,0.0,0.0,0.0,0.0,2.491719,0.0,0.0,0.5487908,0.0,0.0,1.636471,1.2836056,0.0,0.11719536,0.0,0.0,0.0,0.14333807,0.0,0.0,0.0,1.7728348,0.080750406,0.4526057,0.2700807,0.0,0.38207987,1.8966382,0.43430817,0.0,0.0,1.7603363,0.19232774,0.6506744,0.0,0.0,0.0,0.0,0.50402945,0.0,0.0,0.0,2.2049391,0.35552907,0.0,1.674604,0.66924703,0.56009716,0.0,0.0,1.3787229,2.4788797,0.0,0.0,0.3975169,0.87927264,1.2560893,0.0,0.0,0.50774926,0.59113306,0.82475847,2.0724103,0.0,0.0,0.0,0.0,0.89655304,0.6239568,0.0,0.0,0.04134348,0.0,4.988266,0.0,0.0,0.0364259,1.7559569,1.1110741,0.592297,1.1559465,1.1487653,0.0,0.0,0.0,0.43816563,0.0,0.0,0.0,0.70264834,0.20749621,0.0,0.120241046,2.8202095,0.0,0.0,0.39537168,0.0,0.84439075,1.0479945,0.23592603,0.6280286,0.80209166,1.015019,0.0,0.0,1.6350152,0.0,0.22381854,0.0,0.0,0.0,0.9243453,0.0,1.0565575,0.18148288,1.0565765,0.0,0.0,0.3307542,0.0,0.5885044,0.0,0.52847785,1.1917363,1.3125345,0.0,1.4503678,1.1650524,1.1793866,0.58870673,0.0,0.79223156,0.1159858,0.0,1
0.0,0.0,0.980369,0.6172855,0.69234097,0.0,0.70861334,0.0,0.0,0.0,0.0,1.7992731,1.5873038,1.1992166,0.0,0.0,0.0,1.947216,0.0,0.0,0.0,0.0,0.0,1.9884561,0.4725709,0.0,0.06950959,0.0,1.1676673,0.0,0.0,0.6104886,0.0,0.14923827,0.0,0.0,0.0,0.28949854,1.2067909,0.0,1.4616022,0.0,1.3736815,1.084468,0.0,1.1036924,0.0,0.0,0.0,1.6594483,0.0,1.7084758,0.0,0.0,0.0,0.0,1.8464192,0.0,1.664191,0.5992064,0.3056605,0.07093985,0.0,1.8234501,0.0,0.0,1.306984,0.0,0.3207847,0.5064258,0.0,0.09191363,0.0,0.0,0.70644385,0.0,2.030661,1.3131053,0.24093889,0.0,0.0,0.0,0.0,0.07690912,1.1664407,0.0,0.0,1.0485513,0.0,0.0,1.3792416,0.0,0.0,0.0,2.5091264,2.466988,0.0,1.0745634,0.0,0.77396715,0.19429736,0.0,0.41439906,0.0,1.556459,0.0,0.0,0.0,0.2354173,0.06636569,0.84066546,0.0,0.88030523,0.0,1.4277227,2.361335,0.65537786,1.3874394,0.36430776,0.59498924,0.0,0.0,0.0,0.061787397,0.0,2.6606138,0.0,0.0,0.39241904,0.0,0.21076383,1.5494303,1.6176205,0.0,0.0,0.0,0.0,0.0,0.69321346,0.0,0.0,0.0,1.4221528,0.20948774,0.24110058,0.11775841,0.0,0.56990963,1.191066,0.5265282,0.048442874,0.0,1.649484,0.29576373,0.7775059,0.0,0.0,0.0,0.0,1.089061,0.0,0.0,0.0,1.95872,0.0,0.0,1.9661324,0.7469547,0.41221157,0.0,0.0,1.2357529,2.1867504,0.0,0.0,0.62781364,1.0323457,1.6092757,0.0,0.0,0.83782727,0.52511084,0.7856505,1.6232318,0.0,0.0,0.66867566,0.0,1.0015361,0.93650585,0.0,0.4004046,0.17000727,0.0,5.02887,0.0,0.0,0.0,1.3444755,1.0292851,0.3480649,0.5381343,1.8423104,0.0,0.0,0.0,0.7604547,0.0,0.0,0.0,0.64643264,0.5819192,0.0,0.08053965,3.4610174,0.0,0.0,0.0,0.0,0.34265038,0.93716973,0.38150948,0.5414728,1.6145204,1.294573,0.0,0.0,1.0765603,0.0,0.45111293,0.0,0.0,0.0,0.46827292,0.0,0.09867367,0.21530937,0.66553205,0.0,0.0,1.0065331,0.0,0.16977747,0.1147465,0.7353352,0.70650816,1.0934873,0.0,1.3112538,1.6976533,1.1518908,0.7515527,0.0,0.13331293,0.0,0.0,1
0.0,0.0,1.3983133,0.4512122,1.2867414,0.0,0.78180397,0.0,0.34100097,0.0,0.0,1.5980219,1.3278068,1.1583004,0.34258386,0.0,0.0,1.6992687,0.0,0.0,0.0,0.0,0.0,1.6666121,0.67682165,0.0,0.15864304,0.0,1.1222543,0.0,0.0,0.4817148,0.0,0.08678816,0.0,0.0,0.0,0.44869468,1.1365589,0.0,1.4536129,0.0,1.1307445,1.0405568,0.0,0.36983004,0.0,0.0,0.0,1.3822755,0.0,1.7563275,0.0,0.0,0.0,0.0,2.0798972,0.0,1.8411869,1.0879216,0.3020781,0.0,0.0,1.9364524,0.0,0.0,1.4280161,0.0,0.748121,0.6017043,0.0,0.13187736,0.0,0.0,0.43319187,0.0,1.2478111,0.9109937,0.36062908,0.0,0.0,0.0,0.0,0.45619273,1.201579,0.0,0.0,1.3345208,0.0,0.0,1.4950982,0.0,0.0,0.0,2.297544,1.8619312,0.0,1.2228184,0.0,0.7789819,0.07816408,0.0,1.0834998,0.0,0.9269149,0.0,0.0,0.0,0.72283113,0.052847777,0.7311856,0.0,0.6260371,0.19067891,1.2356601,2.058634,1.4276781,0.77703166,0.67436033,0.8252531,0.0,0.0,0.0,0.08759335,0.0,2.4716432,0.0,0.0,0.52462375,0.0,0.41871038,1.4319583,1.1673172,0.0,0.2598354,0.0,0.0,0.0,0.054618992,0.0,0.0,0.0,1.2851902,0.4022314,0.057164013,0.18057029,0.0,0.1826989,1.4783096,0.54745644,0.0,0.0,1.5924177,0.4899267,0.81399953,0.0,0.0,0.0,0.0,0.9252073,0.0,0.0,0.0,1.6459069,0.17512904,0.0,2.0278308,0.7707089,0.49340686,0.0,0.0,1.2577624,1.9491578,0.0,0.0,0.29632196,0.7683994,0.9695306,0.0,0.0,0.6895475,0.48907766,0.9704771,1.4038955,0.006110427,0.0,0.5283584,0.0,0.9290165,0.59602976,0.0,0.2283748,0.12077331,0.0,4.7923317,0.0,0.0,0.0,1.3526012,1.3629055,0.7510015,0.6173455,1.2161111,0.0,0.0,0.0,0.648604,0.0,0.0,0.0,0.4819168,0.32411695,0.0,0.35043046,2.974638,0.0,0.0,0.0888789,0.0,1.2258523,1.1521529,0.09152775,0.7510358,1.3650932,1.4068825,0.0,0.0,1.1925471,0.0,0.42538816,0.0,0.0,0.0,1.1325845,0.0,0.3156745,0.61731267,0.674328,0.0,0.0,0.6383129,0.0,0.119865224,0.0,0.727876,1.0429169,1.1344745,0.0,1.2989948,1.4332056,1.1807128,0.5279265,0.0,0.32112238,0.26178643,0.0,1
0.0,0.0,0.74862766,0.50021076,1.0735042,0.23128398,0.798543,0.0,0.37884742,0.0,0.0,1.263372,1.6511927,1.2246217,0.0,0.0,0.0,2.0532446,0.0,0.0,0.11943215,0.106855735,0.0,2.326747,0.33982724,0.0,0.0,0.0,1.3781891,0.0,0.0,0.27414665,0.0,0.0,0.0,0.0,0.0,0.5837406,1.9831777,0.0,1.3340404,0.0,0.81784236,0.93943274,0.0,1.1830013,0.0,0.0,0.0,1.0626402,0.0,2.122563,0.0,0.0,0.0,0.0,2.7671683,0.0,2.0305612,1.0326089,0.42306715,0.6280199,0.0,1.3097107,0.0,0.0,1.0842668,0.0,0.5552435,0.37777334,0.0,0.12781467,0.0,0.0,0.33291543,0.0,1.5839379,0.9099138,0.0,0.0,0.0,0.0,0.0,0.020664154,0.9702758,0.0,0.0,0.7108373,0.0,0.0,0.8204232,0.0,0.0,0.0,2.3593569,2.2894776,0.0055021485,1.4902017,0.0,0.50550395,0.21742968,0.0,0.6999405,0.0,1.2485467,0.0,0.0,0.0,0.6095989,0.11160061,0.038250513,0.0,0.5662161,0.39619982,1.7131253,1.9338976,0.32047755,1.0773989,0.0,0.0,0.0,0.0,0.0,0.0,0.0,3.1231222,0.0,0.0,0.25954944,0.0,0.3557656,1.5261347,1.6181116,0.0,0.23721872,0.0,0.0,0.0,0.5652626,0.0,0.0,0.0,2.1649647,0.47687304,0.08295129,0.17336197,0.0,0.6850504,1.0440007,0.90377116,0.0,0.0,1.7741377,0.06268243,0.0,0.0,0.0,0.0,0.0,0.42033833,0.0,0.0,0.0,1.5015137,0.20108943,0.0,2.4651535,0.9789548,0.5123691,0.0,0.0,1.4050077,2.1084661,0.0,0.0,0.95437,0.113441095,2.2032576,0.0,0.0,1.4384918,0.5024223,0.85107416,1.538562,0.0,0.0,0.03380655,0.0,0.9022813,0.0,0.0,0.0,0.45015872,0.0,4.9390583,0.0,0.0,0.7333954,1.6418297,1.7613673,0.7157094,0.71944106,0.70894367,0.0,0.0,0.0,0.27776965,0.0,0.0,0.0,0.34753105,0.05824061,0.0,0.4746293,3.7366087,0.0,0.0,0.0,0.0,0.4225385,0.6611926,0.3217293,0.0,1.4210807,0.7767521,0.0,0.0,1.430763,0.0,1.2211419,0.0,0.0,0.0,1.0863785,0.0,0.85599893,0.0,0.5883618,0.0,0.0,1.3164454,0.0,0.43338853,0.0,0.9812717,0.78989714,1.3531958,0.0,0.875323,1.3509954,1.7093765,1.2511203,0.0,0.7767418,0.0,0.0,1
0.0,0.0,0.75985783,0.042286854,0.35654962,0.0,0.0,0.0,0.32368782,0.0,0.0,1.4801246,2.0652304,0.71925277,0.0,0.0,0.0,1.6544607,0.0,0.0,0.0,0.0,0.0,1.9356078,0.031579327,0.0,0.0,0.0,0.8637121,0.0,0.0,0.0,0.0,0.07911785,0.0,0.0,0.0,0.2520843,1.2341968,0.0,0.99647415,0.0,0.2533996,1.2453483,0.07850457,0.6389068,0.0,0.0,0.0,1.1252726,0.0,1.405121,0.0,0.23006138,0.0,0.0,2.304884,0.0,1.0095762,1.1316736,0.99054885,0.549019,0.0,1.2114861,0.0,0.0,0.17698887,0.0,0.77416337,0.47901204,0.0,0.29303443,0.0,0.0,0.6375075,0.0,0.9350929,0.938756,0.5779545,0.0,0.0,0.0,0.0,0.0,0.60529333,0.0,0.0,0.62015414,0.0,0.0,0.72117966,0.0,0.0,0.0,2.0519962,2.1555529,0.0,1.384332,0.5512407,1.0426854,0.0,0.0,1.2806509,0.0,0.9512573,0.0,0.0,0.0,0.17583394,0.44282916,0.53807014,0.0,0.71422887,0.6301544,0.30504963,2.469987,0.69230855,0.60301006,0.30507314,0.5985227,0.0,0.0,0.0,0.0,0.0,2.839965,0.0,0.0,0.09476181,0.0,0.22138782,1.4552768,1.2312318,0.0,0.067114204,0.0,0.0,0.0,0.005759956,0.0,0.0,0.0,1.4923803,0.42284554,0.920548,0.252596,0.0,0.2661201,1.1862291,0.41228276,0.0,0.0,1.1327056,0.0,0.51174134,0.0,0.0,0.0,0.0,0.89419264,0.0,0.0,0.0,1.314155,0.0,0.0,0.89994806,0.6274833,0.6123903,0.0,0.0,0.79223555,2.0631075,0.0,0.0,0.4878416,1.2066143,1.6140586,0.0,0.0,0.71536386,0.104160346,0.22277024,1.1265115,0.0,0.0,0.0,0.0,0.5633793,0.20153362,0.0,0.0,0.32768172,0.0,4.4967556,0.0,0.0,0.364965,1.5186148,1.5407856,0.5109119,0.8521443,1.218271,0.0,0.44287986,0.0,0.74507034,0.0,0.0,0.0,0.915155,0.008816172,0.0,0.694059,2.7472215,0.0,0.0,0.5894557,0.0,0.9953143,0.4216656,0.30303264,0.51555634,0.60510933,0.65796226,0.0,0.0,1.4285976,0.0,0.0,0.0,0.0,0.0,0.95298916,0.0,1.1144711,0.16044533,0.5636169,0.0,0.0,0.66566306,0.0,1.0481254,0.0,0.5767322,0.5085301,1.5174329,0.0,1.0627261,1.1537321,1.0424542,0.7816659,0.0,0.17529117,0.10707731,0.0,1
0.0,0.0,0.34578753,0.5236336,1.3927847,0.0,0.2814403,0.0,0.552957,0.0,0.0,1.650376,1.5930853,0.8357361,0.0,0.0,0.0,1.6698136,0.0,0.0,0.0,0.0,0.0,2.4432216,0.61002725,0.0,0.0,0.0,1.1205987,0.0,0.0,0.4235943,0.0,0.27015245,0.0,0.0,0.0,0.29232422,1.6200151,0.0,1.1342229,0.0,0.0,0.7453344,0.0,1.8216612,0.0,0.0,0.0,1.2326474,0.0,2.222265,0.0,0.0,0.0,0.0,2.0795333,0.0,1.6698917,0.4165257,0.68893677,0.37737057,0.0,1.7766615,0.0,0.0,0.7881143,0.0,0.61334574,1.3382927,0.0,0.75026983,0.0,0.0,0.21552931,0.0,1.787288,0.2088763,0.0,0.0,0.0,0.0,0.0,0.0,0.92676735,0.0,0.0,1.2123318,0.0,0.0,1.3759031,0.0,0.0,0.0,3.145619,2.5480418,0.0,1.6465101,0.0,0.29218805,0.0,0.0,0.6319238,0.0,1.0376881,0.0,0.0,0.0,0.74910176,0.97891706,0.8094762,0.0,0.55067724,1.0289938,0.6104355,2.6739757,0.778196,1.7090868,0.43136665,1.4613311,0.0,0.0,0.0,0.0,0.0,2.2270305,0.0,0.0,0.0,0.0,0.0,1.5827042,1.1299356,0.0,0.7782796,0.0,0.0,0.0,0.23565456,0.0,0.0,0.0,1.6783049,0.93754745,0.7960814,0.52731615,0.0,0.056563735,1.659167,0.6832481,0.0,0.0,1.6370362,0.33243188,0.76651424,0.0,0.0,0.0,0.0,1.2474988,0.0,0.0,0.0,2.1151097,0.60518146,0.0,2.054292,0.5587783,0.74914795,0.0,0.0,1.2249467,1.8911437,0.0,0.0,0.9519714,0.96749693,0.88092065,0.0,0.0,0.5799329,0.6081391,0.6920794,1.5160071,0.0,0.0,0.0,0.0,0.87013376,0.7561284,0.0,0.0,0.0,0.0,5.341824,0.0,0.0,0.0,1.0458889,0.8619932,0.45958278,0.6833359,1.1180562,0.0,0.0,0.0,0.31928453,0.0,0.0,0.0,0.48114657,0.20520394,0.0,0.11661538,3.1066945,0.0,0.0,0.50212497,0.0,0.7674343,0.51577455,0.53087616,0.63470715,1.6474098,0.89489305,0.0,0.0,1.6045763,0.0,0.27808788,0.0,0.0,0.0,1.8047547,0.0,0.87613523,0.7366506,1.1373167,0.0,0.0,0.0,0.0,0.5244567,0.0,1.3123034,1.031567,1.4519594,0.0,1.2468884,1.2391512,1.4881458,0.58784205,0.0,1.2722441,0.08294972,0.0,1
0.0,0.0,0.84401286,0.659458,0.88929886,0.07927765,0.32586715,0.0,0.28173217,0.0,0.0,1.1822718,1.4157436,1.351991,0.0,0.0,0.0,2.559833,0.0,0.0,0.0,0.0,0.0,1.855604,0.6431334,0.0,0.2962655,0.0,1.3904473,0.0,0.0,0.6153359,0.0,0.22949733,0.0,0.0,0.0,0.7461176,1.3414305,0.0,1.1140891,0.0,1.1349027,1.3939644,0.0,0.26973486,0.0,0.0,0.0,1.2853594,0.0,1.4665638,0.0,0.0,0.0,0.0,2.4612315,0.0,2.1259003,0.89606863,0.33170685,0.14839411,0.0,1.5250306,0.0,0.0,0.8363584,0.0,0.2609013,0.69821733,0.0,0.040294003,0.0,0.0,0.19635051,0.0,1.4698875,0.8235749,0.45905167,0.0,0.0,0.0,0.0,0.18380862,1.4811915,0.0,0.0,1.2449381,0.0,0.0,1.3009052,0.0,0.0,0.0,2.986573,1.5602264,0.0,0.8573527,0.0,0.91913575,0.32615015,0.0,1.2190126,0.0,0.96791786,0.0,0.0,0.0,0.3069869,0.0,1.4477104,0.0,0.61873037,0.09900249,1.4199426,2.7415855,0.61962175,0.8374949,0.45218104,1.0384204,0.0,0.0,0.0,0.0,0.0,3.571261,0.0,0.0,0.37615734,0.0,0.0,1.7075139,1.7807469,0.0,0.5453538,0.0,0.0,0.0,0.2913998,0.0,0.0,0.0,1.4957159,0.40541303,1.0946668,0.38792285,0.0,0.5249449,1.4315853,0.69214135,0.0,0.0,1.5556589,0.5594487,1.145145,0.0,0.0,0.0,0.0,1.076494,0.0,0.0,0.0,1.9819064,0.42941898,0.0,2.2721157,1.0342107,0.5884761,0.0,0.0,1.7415572,2.3638074,0.0,0.0,0.3802523,0.8978905,2.5081131,0.0,0.0,0.9425782,0.7437866,0.6790296,1.9392829,0.0,0.0,0.4007214,0.0,0.99506176,0.5943775,0.0,0.18058777,0.07870787,0.0,4.958489,0.0,0.0,0.39300334,2.0983772,1.8301394,0.5039857,0.41453496,1.3194426,0.0,0.0,0.0,0.42304763,0.0,0.0,0.0,0.8514123,0.21269663,0.0,0.54953724,3.2033887,0.0,0.0,0.21245594,0.0,0.5505789,1.0193319,0.16644335,0.73423594,1.6722232,1.0486287,0.0,0.0,1.4251165,0.0,1.2068527,0.0,0.0,0.0,0.5895598,0.0,0.4031683,0.5432273,0.36763102,0.0,0.0,0.4967265,0.0,1.5643828,0.0,0.95262504,1.5089499,1.5356479,0.0,0.3593411,1.1609641,1.1265764,1.1125194,0.0,0.3106577,0.24644294,0.0,1
0.0,0.0,1.4283187,0.30939555,0.8295171,0.0,0.56214786,0.0,0.24024832,0.0,0.0,1.8571141,2.0136192,0.8425047,0.0,0.0,0.0,2.2789242,0.0,0.0,0.0,0.0,0.0,1.7261091,0.43805897,0.0,0.15821615,0.0,1.5521489,0.0,0.0,0.5717751,0.0,0.22383587,0.0,0.0,0.0,0.51657456,1.4352387,0.0,1.1324536,0.0,0.46110028,1.6679684,0.0,0.55913836,0.0,0.0,0.0,1.2464589,0.0,2.2992,0.0,0.0,0.0,0.0,2.8601248,0.16553502,1.9087315,1.1099952,0.3397454,0.0,0.0,1.5355823,0.0,0.0,0.9754468,0.0,0.20615469,0.7326254,0.0,0.5308033,0.0,0.0,0.35259917,0.0,1.6695232,1.1581289,0.0,0.0,0.0,0.0,0.0,0.49698985,1.1249424,0.0,0.0,0.40187797,0.0,0.0,1.3113922,0.0,0.0,0.0,2.7860856,2.9648137,0.0,1.2771114,0.0,0.72196656,0.0,0.0,0.9280817,0.0,1.2618262,0.0,0.0,0.0,0.51252025,0.03538141,1.2973381,0.0,0.7262526,0.3099183,1.6238319,2.784427,0.99004436,1.552466,0.2916345,0.27058095,0.0,0.0,0.0,0.0,0.0,3.2024553,0.0,0.0,0.4027761,0.0,0.30774513,1.5326172,2.2808735,0.0,0.0,0.0,0.0,0.0,0.6276511,0.0,0.0,0.0,1.8889618,0.6078502,0.4636084,0.28190982,0.0,0.15039673,1.2682631,0.7368347,0.0,0.0,2.042303,0.15329434,0.44589195,0.0,0.0,0.0,0.0,1.169335,0.0,0.0,0.0,2.1133852,0.0,0.0,1.5967336,0.7641649,0.14302649,0.0,0.0,1.0033168,1.9010835,0.0,0.0,0.849201,0.5504641,2.0600824,0.0,0.0,0.8409045,0.23590057,1.1536336,1.871343,0.0,0.0,0.0,0.0,0.621113,0.6784889,0.0,0.0,0.23798715,0.0,4.8012133,0.0,0.0,0.3188768,1.7447269,1.1401479,0.30379313,0.38285097,1.6892308,0.0,0.0,0.0,0.32574907,0.0,0.0,0.0,0.36172622,0.0,0.0,0.0,3.9228368,0.0,0.0,0.17261098,0.0,0.6389661,0.7482204,0.060783263,0.58991635,0.8223168,0.7474144,0.0,0.0,1.5827036,0.0,0.81075305,0.0,0.0,0.0,0.62835443,0.0,0.92798764,0.20027284,0.08540381,0.0,0.0,0.98197687,0.0,0.945184,0.0,0.27371618,0.37237188,0.99501044,0.0,1.5486244,1.409108,1.3221838,0.35037687,0.0,0.104559764,0.16010746,0.0,1
0.0,0.0,1.0956142,0.5516073,0.9129007,0.0,0.16110156,0.0,0.054577827,0.0,0.0,1.4352329,2.072866,0.5845855,0.0,0.0,0.0,2.1317854,0.0,0.0,0.0,0.0,0.0,2.1161845,0.0,0.0,0.0,0.0,0.84610075,0.0,0.0,0.40047428,0.0,0.0,0.0,0.0,0.0,0.17004655,0.7606499,0.0,1.0708787,0.0,0.7564727,0.5472262,0.0,1.1540523,0.0,0.0,0.0,1.661559,0.0,1.5038476,0.0,0.036171906,0.0,0.0,1.4785975,0.0,1.5588396,0.8775936,0.560707,0.074058,0.0,1.2760781,0.0,0.0,0.41147143,0.0,0.015359481,1.2183077,0.0,0.87506396,0.0,0.0,0.0,0.0,1.8578773,0.28239888,0.08389602,0.0,0.0,0.0,0.0,0.6118824,0.91993773,0.0,0.0,0.9188294,0.0,0.0,0.6798318,0.0,0.0,0.0,2.9799309,2.0191855,0.0,1.6630291,0.0,0.81081206,0.0,0.0,0.41103935,0.0,1.0231383,0.0,0.0,0.0,0.50711095,0.889993,0.97008896,0.0,0.9878935,0.90898734,0.910162,2.5531151,1.0153332,1.4812647,0.32050943,1.1902552,0.0,0.0,0.0,0.0,0.0,2.667474,0.0,0.0,0.0,0.0,0.32212088,2.1773603,1.5875568,0.0,0.6195469,0.0,0.0,0.0,0.0,0.0,0.0,0.0,1.3926674,0.53011173,0.6929969,0.9647637,0.0,0.59576654,1.7378888,0.16765086,0.0,0.0,0.9863423,0.5477391,0.7972405,0.0,0.0,0.0,0.0,1.2564399,0.0,0.0,0.0,1.8388689,0.22143553,0.0,1.1185372,0.48588207,0.57116175,0.0,0.0,1.1251961,2.156335,0.0,0.0,0.437236,1.3181291,1.3810883,0.0,0.0,0.6760852,0.74385816,0.33394036,0.7791781,0.0,0.0,0.0,0.0,0.84701943,0.8940007,0.0,0.0,0.0,0.0,5.566821,0.0,0.0,0.0,0.8578645,0.64497215,0.50393844,1.0356606,1.4619638,0.0,0.0,0.0,0.34866646,0.0,0.0,0.0,0.45107263,0.4301346,0.0,0.40066588,4.0400734,0.0,0.0,0.83462405,0.0,0.89847785,0.78053194,0.34026605,0.5627137,0.73333067,1.1174055,0.0,0.0,2.058769,0.0,0.0,0.0,0.0,0.0,0.3197443,0.0,1.1886573,0.19761017,0.730551,0.0,0.0,0.0,0.0,0.47076866,0.0,0.98112375,0.76106536,0.6553936,0.0,1.2177322,1.4559743,1.2743089,0.38741788,0.0,1.2248868,0.45229572,0.0,1
0.0,0.0,0.72366345,0.37839863,0.7422421,0.21912357,0.89431435,0.0,0.10625149,0.0,0.0,1.4560715,1.2085179,1.274222,0.0,0.0,0.0,2.1021183,0.0,0.0,0.0,0.065988526,0.0,1.7207377,0.24913159,0.0,0.0,0.0,1.9235564,0.0,0.0,0.25267962,0.0,0.0,0.0,0.0,0.0,0.7950462,1.2678643,0.0,1.756728,0.0,0.7448715,0.7387548,0.0,0.4802008,0.0,0.0,0.0,1.2946433,0.0,2.1179235,0.0,0.0,0.0,0.0,2.1011248,0.0,1.8039808,0.286743,0.48890996,0.0,0.0,1.5802739,0.0,0.0,1.1089337,0.0,0.0,1.3054897,0.0,0.6235749,0.0,0.0,0.23030382,0.0,1.7218311,0.99387574,0.11156843,0.0,0.0,0.0,0.0,0.39054698,1.4665114,0.0,0.0,0.431736,0.0,0.0,1.0751866,0.0,0.0,0.0,3.165113,2.6850264,0.29304245,1.0480083,0.0,0.5216722,0.0,0.0,0.6714779,0.0,0.5940011,0.0,0.0,0.07118924,0.24413921,0.010016474,1.2028093,0.0,0.5612149,0.034801222,1.1503313,2.3776612,0.8881678,1.1533993,0.031825177,0.4910733,0.0,0.0,0.0,0.0,0.0,2.7378504,0.0,0.0,0.7745333,0.0,0.0,2.1087866,1.6142294,0.0,0.0,0.0,0.0,0.0,0.0,0.0,0.0,0.0,1.1697317,0.3517403,0.55224925,0.0,0.0,0.55490285,1.0901449,0.8596945,0.0,0.0,1.4313965,0.31913692,0.069172345,0.0,0.0,0.0,0.0,0.8506413,0.0,0.0,0.0,2.3912745,0.16751681,0.0,2.3965278,0.7077029,0.24533291,0.0,0.0,0.9499852,2.0265048,0.0,0.0,0.47155052,0.8637281,1.4643596,0.0,0.0,1.1373643,0.3753938,0.8301054,1.7159042,0.0,0.0,0.0,0.0,0.59126884,1.1239488,0.0,0.0,0.46953252,0.0,4.631187,0.0,0.0,0.08155711,1.7651045,1.7159321,0.24179524,0.25392634,1.1796918,0.0,0.0,0.0,0.28958097,0.0,0.0,0.0,0.19983737,0.23526834,0.0,0.8294273,3.5485406,0.0,0.0,0.23984262,0.0,0.37623605,1.0163814,0.40751207,0.31559727,0.6291822,0.9062973,0.0,0.0,1.2774171,0.0,0.4827923,0.0,0.0,0.0,0.84401137,0.0,0.7242632,0.36473578,0.0,0.0,0.0,0.8365626,0.0,0.43241698,0.0,1.0091966,0.7848268,1.4791543,0.0,1.1713439,1.3144238,1.5558639,0.7111455,0.0,0.6270037,0.26806775,0.0,1
0.0,0.0,1.378618,0.15132694,1.0854537,0.0,0.83639187,0.0,0.43999255,0.0,0.0,1.1752927,0.9893386,1.1731052,0.15700312,0.0,0.0,1.6132355,0.0,0.0,0.18384323,0.0,0.0,1.9765584,0.59807473,0.0,0.07306882,0.1971109,1.1863762,0.0,0.0,0.7399059,0.0,0.40118715,0.0,0.0,0.0,0.40581495,0.85073125,0.0,1.1775678,0.0,0.67556775,1.2389512,0.0,0.46676952,0.0,0.0,0.0,1.2762904,0.0,1.8648397,0.0,0.0,0.0,0.0,1.744979,0.0,1.5271739,1.0969096,0.2359347,0.35564658,0.0,1.9435656,0.0,0.0,1.4790508,0.0,0.5371004,0.6289722,0.0,0.023129258,0.0,0.0,0.11742125,0.0,1.26754,0.918149,0.45397177,0.0,0.0,0.0,0.0,0.0,1.0263277,0.0,0.0,2.0712972,0.0,0.0,1.8410708,0.0,0.0,0.0,2.100266,1.5411768,0.0,1.0400171,0.13976815,0.7445782,0.0,0.0,1.1545835,0.0,0.8451031,0.0,0.0,0.0,0.73865664,0.41128907,0.7501988,0.0,0.84844846,0.22476865,1.0282146,2.1832576,1.0158356,1.1385447,0.6014907,0.9695661,0.0,0.0,0.0,0.0,0.0,2.9849136,0.0,0.0,0.5246266,0.0,0.61327505,1.2690986,1.0323074,0.0,0.101828575,0.0,0.0,0.0,0.118026175,0.0,0.0,0.0,1.121317,0.63825464,0.0,0.013025658,0.0,0.0,1.3482915,0.63479966,0.0,0.0,1.2471261,0.042771816,0.45437762,0.0,0.0,0.0,0.0,0.64541435,0.0,0.0,0.0,0.9324048,0.2878629,0.0,1.574989,1.2525785,0.6134606,0.0,0.0,1.0341836,1.6460376,0.0,0.0,0.2812573,0.7440245,0.7674395,0.0,0.0,0.5428333,0.27142614,0.47252384,1.0348136,0.0,0.0,1.1495194,0.0,0.85881066,0.0,0.0,0.0,0.24000962,0.0,4.70905,0.0,0.0,0.41485506,1.2534382,1.2048203,0.8441478,0.98762286,0.8782886,0.0,0.0,0.0,0.7887876,0.0,0.0,0.0,0.69912285,0.62804383,0.0,0.25341383,2.82167,0.0,0.0,0.15788844,0.0,1.0850656,0.464381,0.0,0.59179425,1.7013825,1.085281,0.0,0.0,1.0357914,0.0,0.654584,0.0,0.0,0.0,0.93969685,0.0,0.13232842,0.4534103,0.9263411,0.0,0.0,1.1924297,0.0,0.07689057,0.0,0.6746591,1.5075536,0.9829676,0.0,1.2800597,1.3894695,0.68739545,0.6221688,0.0,0.841407,0.13491973,0.0,1
0.0,0.0,0.94329906,0.7459565,1.0490295,0.0,0.6346116,0.0,0.5302347,0.0,0.0,0.9379762,1.2756839,0.8705133,0.0,0.0,0.0,1.8963743,0.0,0.0,0.3829198,0.0,0.0,1.4981229,0.40284654,0.0,0.2256926,0.0,1.4609874,0.0,0.0,0.31587026,0.0,0.42185417,0.0,0.0,0.0,0.300873,0.4761587,0.0,1.6651844,0.0,0.57541573,0.77490187,0.0,0.3158513,0.0,0.0,0.0,1.1781675,0.0,0.96084255,0.0,0.0,0.0,0.0,2.0239437,0.0,0.956317,0.63404864,0.22393976,0.0,0.0,1.5193208,0.0,0.0,0.6209166,0.0,0.09686843,0.731868,0.0,0.19006099,0.0,0.0,0.11029395,0.0,1.0786673,0.70069575,0.28384355,0.0,0.0,0.0,0.0,0.29064992,1.3731704,0.0,0.0,1.6657965,0.0,0.0,0.6294567,0.0,0.0,0.0,2.5703888,1.009621,0.0,0.7897971,0.0,0.5556616,0.0,0.0,0.8871769,0.0,0.34524098,0.0,0.0,0.0,0.21627916,0.2643083,1.148226,0.0,0.6040415,0.0,0.6350337,1.8236865,1.1902107,1.2496316,0.52262664,0.42653084,0.0,0.0,0.0,0.0,0.0,3.3946397,0.0,0.0,0.22136724,0.0,0.18664171,1.6829394,1.3541105,0.0,0.30832678,0.0,0.0,0.0,0.44420874,0.0,0.0,0.0,1.0967287,0.18202859,0.69622123,0.014823692,0.0,0.12114829,0.8551004,0.080790065,0.0,0.0,1.2476349,0.005151146,0.54015446,0.0,0.0,0.25468448,0.0,1.0360993,0.0,0.0,0.0,1.1048355,0.12922655,0.0,1.6689279,0.81804717,0.7825136,0.0,0.0,0.8802024,1.9398592,0.0,0.0,0.13714822,0.725028,2.179389,0.0,0.0,0.50869465,0.6584319,0.59483516,1.4829687,0.0,0.0,0.83026564,0.0,0.71969545,0.0,0.0,0.0,0.11535626,0.0,4.406123,0.0,0.0,0.0,2.028338,1.4998398,0.86543405,0.5879149,0.32133043,0.003555698,0.0,0.0,0.23555437,0.0,0.0,0.0,0.48038012,0.34437263,0.0,0.6495296,2.4661336,0.0,0.0,0.341152,0.0,0.52472097,0.5886356,0.34735775,0.5370037,1.4953126,0.5956161,0.0,0.0,1.0620726,0.0,0.8667774,0.0,0.0,0.0,0.7987673,0.0,0.0,0.5217487,0.95959777,0.0,0.0,0.80520934,0.0,0.801581,0.0,0.8286064,1.5299749,1.0614167,0.0,1.0251027,1.2128763,0.59678817,0.7491124,0.0,0.6222078,0.0,0.0,1
0.0,0.0,1.0820675,0.0,1.2693979,0.0,0.32181516,0.0,0.39597312,0.0,0.0,1.7399436,0.8568113,0.8617472,0.0,0.0,0.0,1.6903126,0.0,0.0,0.20201817,0.0,0.0,1.7977738,0.77549684,0.0,0.17468014,0.18131317,1.4183558,0.0,0.0,0.44824696,0.0,0.04363762,0.0,0.0,0.0,0.63756406,1.0902132,0.0,0.92518586,0.0,1.0372496,0.7655144,0.0,0.98562634,0.0,0.0,0.0,1.39243,0.0,1.7553632,0.0,0.0,0.0,0.0,1.5780634,0.0,1.5240537,0.7797051,0.6106093,0.0,0.0,1.5941308,0.0,0.0,0.6512546,0.0,0.34626475,0.8042879,0.0,0.56916755,0.0,0.0,0.35038903,0.0,1.4185395,1.3103367,0.31084847,0.0,0.0,0.0,0.0,0.34351352,0.8597135,0.0,0.0,1.6198124,0.0,0.0,1.1836573,0.0,0.0,0.0,2.598487,1.8018404,0.0,0.9377864,0.0,0.7770283,0.0,0.0,1.0267462,0.0,1.1530447,0.0,0.0,0.0,0.27093503,0.16088137,0.8673602,0.0,0.626213,0.3442729,0.75425243,1.5943283,0.9050989,0.75528824,0.3418487,1.3816605,0.0,0.0,0.0,0.0,0.0,2.8090627,0.0,0.0,0.30134475,0.0,0.31156093,2.1568792,1.4518209,0.0,0.46591172,0.0,0.0,0.0,0.0,0.0,0.0,0.0,1.3860772,0.3087718,0.5160664,0.13889618,0.0,0.39711246,1.5019623,0.74570626,0.0,0.0,1.2482464,0.09310045,0.59254366,0.0,0.0,0.0,0.0,0.7701706,0.0,0.0,0.0,1.8438694,0.5899612,0.0,1.5000062,0.61006504,0.7344186,0.0,0.0,1.0986345,2.5051894,0.0,0.0,0.4601764,0.82283086,1.6893605,0.0,0.0,0.91133374,0.40171835,0.41592437,1.9519478,0.0,0.0,0.0,0.0,0.7869453,0.39261037,0.0,0.0,0.5786374,0.0,4.393802,0.0,0.0,0.07019086,1.6930442,1.6279628,0.6753885,0.6942724,0.6490822,0.0,0.0,0.0,0.51929176,0.0,0.0,0.0,0.6181857,0.279492,0.0,0.7227508,3.014459,0.0,0.0,0.0,0.0,0.5372547,0.8959266,0.1534242,0.47757065,1.7433497,0.97975117,0.0,0.0,0.7129506,0.0,0.8200422,0.0,0.0,0.0,1.0176196,0.0,0.686808,0.12564695,0.58766747,0.0,0.0,0.4914394,0.0,0.81076044,0.0,0.99309886,1.2010438,1.1274154,0.0,0.93357176,0.89246106,1.169635,0.9713102,0.0,1.3305138,0.26093936,0.0,1
0.0,0.0,0.70844823,0.391416,1.256909,0.15055904,0.4784247,0.0,0.23200095,0.0,0.0,0.94614017,0.94097996,0.6195413,0.0,0.0,0.0,1.5324417,0.0,0.0,0.0,0.11762287,0.0,1.5591111,0.26774985,0.0,0.0,0.0,1.3896145,0.0,0.0,0.51011544,0.0,0.100019455,0.0,0.0,0.0,0.3998946,1.1261235,0.0,0.8292727,0.0,0.48064643,0.62113017,0.0,0.3511814,0.0,0.0,0.0,0.6243199,0.0,1.1904777,0.0,0.0,0.0,0.0,2.0698786,0.0,1.3858478,0.46547017,0.33028194,0.0,0.0,1.5080042,0.0,0.0,0.8909926,0.0,0.52097064,1.018135,0.0,0.16755384,0.0,0.0,0.6096819,0.044832595,1.2817209,0.638273,0.31929287,0.0,0.0,0.0,0.0,0.46871856,0.89965457,0.0,0.0,0.71714497,0.0,0.0,0.9343129,0.0,0.0,0.0,2.4234307,1.4806135,0.0,1.1015412,0.0,0.41587025,0.09537623,0.0,0.56404847,0.0,0.9529743,0.0,0.0,0.0,0.0,0.14947107,0.96602476,0.0,0.44978085,0.03377858,0.71310735,2.1516128,0.91247666,1.1716295,0.40848845,0.7035376,0.0,0.0,0.0,0.0,0.0,2.0018218,0.0,0.0,0.46529192,0.0,0.0,1.3491527,1.5162456,0.0,0.04803313,0.0,0.0,0.0,0.25760826,0.0,0.0,0.0,1.5241709,0.6294718,0.85296565,0.043008283,0.0,0.32631722,1.4693186,0.5588741,0.0,0.0,1.5042716,0.35739362,0.5673523,0.0,0.0,0.25116542,0.0,1.0411897,0.0,0.0,0.0,1.8013202,0.666714,0.0,1.553104,0.7264517,0.6408871,0.0,0.0,0.66589534,2.0172124,0.0,0.0,0.7983152,0.8568851,1.716998,0.0,0.0,0.43619913,0.6221338,0.69531506,1.2427688,0.0,0.0,0.0,0.0,0.6005213,0.12496167,0.0,0.0,0.25326025,0.0,4.0378227,0.0,0.0,0.15728371,1.4368132,1.1381145,0.162918,0.44121996,1.0797262,0.0,0.0,0.0,0.73702,0.0,0.0,0.0,0.4590149,0.23751943,0.0,0.4336318,2.6512966,0.0,0.0,0.45449466,0.0,0.07874456,0.62534845,0.19918275,0.359578,1.2406479,0.98155415,0.0,0.0,1.1197013,0.0,0.39019513,0.0,0.0,0.0,0.52033037,0.0,0.34551868,0.2572612,0.5097044,0.0,0.0,0.64113045,0.0,0.58028656,0.0,0.6626165,0.76389,0.9571783,0.0,0.51490855,0.8547419,1.221283,0.7476145,0.0,0.35323003,0.0,0.0,1
0.0,0.0,1.3266795,0.69460076,0.82035565,0.008416399,0.4038324,0.0,0.15953644,0.0,0.0,1.6096513,1.2515103,1.2785327,0.0,0.0,0.0,1.8059663,0.0,0.0,0.0,0.0,0.0,1.7843789,0.7677169,0.0,0.0072601074,0.0,0.80230975,0.0,0.0,0.37383273,0.0,0.24068697,0.0,0.0,0.0,0.61624694,1.2541376,0.0,1.1405836,0.0,0.75669456,0.9969642,0.0,0.93706596,0.0,0.0,0.0,0.9930291,0.0,1.7833588,0.0,0.0,0.0,0.0,2.199593,0.0,1.7378079,0.9154819,0.33049923,0.0,0.0,1.3810652,0.0,0.0,1.311203,0.0,0.21599466,0.6357513,0.0,0.6319292,0.0,0.0,0.48121282,0.0,1.3928499,1.121016,0.104927756,0.0,0.0,0.0,0.0,0.591955,1.0498449,0.0,0.0,0.9399481,0.0,0.0,1.2552657,0.0,0.0,0.0,2.454184,2.0415523,0.0,1.0827167,0.0,0.79406434,0.009204365,0.0,0.4743643,0.0,1.4836353,0.0,0.0,0.0,0.64262307,0.0,0.7123763,0.0,0.66797775,0.43006453,0.8404484,2.6585958,1.0162833,1.135281,0.41965535,0.5782962,0.0,0.0,0.0,0.0,0.0,2.0092676,0.0,0.0,0.55327785,0.0,0.27250686,1.3595773,1.506705,0.0,0.36470237,0.0,0.0,0.0,0.13016616,0.0,0.0,0.0,1.208214,0.2725994,0.48908457,0.12937887,0.0,0.2165753,1.495168,0.8055173,0.056279715,0.0,1.6631451,0.019297155,0.6084931,0.0,0.0,0.0,0.0,0.5105098,0.0,0.0,0.0,2.1235933,0.28789514,0.0,1.2838609,0.63195837,0.5523294,0.0,0.0,0.6880816,2.3429415,0.0,0.0,0.44159818,0.6158566,1.5534587,0.0,0.0,0.64691764,0.40596855,1.0500051,1.3889188,0.17385869,0.0,0.0,0.0,0.6163454,0.67062116,0.0,0.3004628,0.08355659,0.0,4.4845057,0.0,0.0,0.15770598,1.0232395,1.1224779,0.1935907,0.898593,1.5855525,0.0,0.0,0.0,0.9104253,0.0,0.0,0.0,0.65784484,0.2824188,0.0,0.2763772,2.8341396,0.0,0.0,0.59135276,0.0,0.55141485,1.1139284,0.41592526,0.39992386,0.62453574,0.88160837,0.0,0.0,1.3720677,0.0,0.38093668,0.0,0.0,0.0,0.8805558,0.0,1.3032519,0.17093241,0.4561271,0.0,0.0,0.6892484,0.0,0.6242932,0.0,0.85871315,0.7268933,1.5944108,0.0,0.93737566,0.96051604,1.1867069,0.2651537,0.0,0.5403363,0.3759378,0.0,1
0.0,0.0,1.1846795,0.27874923,0.8424774,0.0,0.79278237,0.0,0.27945778,0.0,0.0,1.6738539,1.553864,1.4433384,0.0,0.0,0.0,2.0693107,0.0,0.0,0.0,0.0,0.0,2.183738,0.45301533,0.0,0.0,0.0,1.3152632,0.0,0.0,0.4107492,0.0,0.37159708,0.0,0.0,0.0,0.8081172,1.5424287,0.0,1.2820859,0.0,0.7797004,0.8872245,0.0,0.55108315,0.0,0.0,0.0,0.90296626,0.0,2.242038,0.0,0.0,0.0,0.0,2.1731584,0.0,2.1668777,0.36614057,0.352896,0.0,0.0,1.5673065,0.0,0.0,1.0750362,0.0,0.18709274,0.68661237,0.0,0.056152355,0.0,0.0,0.5171639,0.0,1.5467112,1.2673744,0.0,0.0,0.0,0.0,0.0,0.56365395,1.1332177,0.0,0.0,1.4130427,0.0,0.0,1.4063015,0.0,0.0,0.0,2.9549217,1.7919153,0.0,0.9102764,0.0,0.7290578,0.0,0.0,0.6015096,0.0,0.75599533,0.0,0.0,0.0,0.21666092,0.18948767,0.8891608,0.0,0.82708865,0.028677363,0.8117675,2.7347796,0.97427285,1.2882184,0.5913822,0.59547585,0.0,0.0,0.0,0.0,0.0,2.6327152,0.0,0.0,0.47994864,0.0,0.095385216,1.660395,1.2479717,0.0,0.23249775,0.0,0.0,0.0,0.16194844,0.0,0.0,0.0,1.4858387,0.25776738,0.21176337,0.0,0.0,0.15726134,1.5508027,0.50620544,0.0,0.0,1.6754276,0.13635069,0.42801479,0.0,0.0,0.0,0.0,0.7394779,0.0,0.0,0.0,1.9663911,0.010960684,0.0,1.9079175,0.8083184,0.37010536,0.0,0.0,1.0545803,2.28012,0.0,0.0,0.63829464,0.6399894,1.6081446,0.0,0.0,0.88170123,0.17181142,0.91610336,1.9401726,0.0,0.0,0.1348883,0.0,0.61071706,0.7726205,0.0,0.0022769836,0.0,0.0,4.6964583,0.0,0.0,0.06819029,1.562729,1.8210719,0.16276017,0.34652674,1.1701748,0.0,0.04294105,0.0,0.38442978,0.0,0.0,0.0,0.31150565,0.048002888,0.0,0.09224832,3.3048677,0.0,0.0,0.2677447,0.0,0.50530046,0.9379226,0.12582505,0.54944545,0.93108237,0.7861301,0.0,0.0,1.3698465,0.0,0.51642716,0.0,0.0,0.0,0.78095585,0.0,0.8898743,0.48772678,0.36131856,0.0,0.0,0.6951054,0.0,1.026341,0.0,0.67632335,1.1786128,1.1020565,0.0,1.1315372,1.2078282,1.3471873,0.18682022,0.0,0.16071932,0.16065277,0.0,1
0.0,0.0,0.7044308,0.42554152,0.69078636,0.0,0.92060363,0.0,0.12796819,0.0,0.0,1.302564,1.4723955,1.2586994,0.14707057,0.0,0.0,1.9158813,0.0,0.0,0.0,0.0,0.0,1.8859514,0.3740453,0.0,0.08597597,0.0,1.1966357,0.0,0.0,0.52200913,0.0,0.0,0.0,0.0,0.0,0.44123757,1.3645222,0.0,1.424158,0.0,0.9485668,0.9836247,0.0,0.31002057,0.0,0.0,0.0,1.4705688,0.0,1.9461108,0.0,0.0,0.0,0.0,2.1873014,0.0,2.276261,0.66393685,0.0,0.0,0.0,1.8470548,0.0,0.0,1.4351243,0.0,0.47141224,0.9484619,0.0,0.058159437,0.0,0.0,0.43750635,0.0,1.5496113,0.6506096,0.24644898,0.0,0.0,0.0,0.0,0.5731233,1.5820125,0.0,0.0,1.0446744,0.0,0.0,1.3380686,0.0,0.0,0.0,3.125495,2.168533,0.0,0.94211787,0.0,0.70923984,0.28053162,0.0,0.7109546,0.0,0.6145598,0.0,0.0,0.3049096,0.18578118,0.08194545,0.55151683,0.0,0.6370328,0.015982624,1.2374802,2.56493,1.3577307,0.95444083,0.60135806,0.85567737,0.0,0.0,0.0,0.0,0.0,2.7138584,0.0,0.0,0.6071221,0.0,0.0,1.630051,1.308696,0.0,0.12781532,0.0,0.0,0.0,0.0,0.0,0.0,0.0,1.4247034,0.27599043,0.34615418,0.07855444,0.0,0.0,1.2013309,0.5593534,0.0,0.0,1.6250622,0.40979347,0.36689582,0.0,0.0,0.0,0.0,0.95469505,0.0,0.0,0.0,1.7735379,0.0,0.0,2.1485202,0.8694956,0.5742576,0.0,0.0,1.0762845,1.9462739,0.0,0.0,0.11093694,0.6283525,1.207479,0.0,0.0,0.7438146,0.281527,0.99706787,1.1323963,0.0,0.0,0.23656002,0.0,0.7283144,0.7778714,0.0,0.2674069,0.0,0.0,4.8034797,0.0,0.0,0.0,1.8543468,1.3621681,0.62937295,0.1092278,1.0208685,0.0,0.0,0.0,0.42012224,0.0,0.0,0.0,0.35172153,0.36728844,0.0,0.21661444,3.1394222,0.0,0.0,0.2171964,0.0,0.93323195,0.6482635,0.47496474,0.6312056,1.10798,1.0540144,0.0,0.0,1.4744735,0.0,0.28191286,0.0,0.0,0.0,0.84387094,0.0,0.104035884,0.6015526,0.38637418,0.0,0.0,0.56194204,0.0,0.5164507,0.0,0.8712164,1.0786451,1.2936339,0.0,0.89296615,1.3261527,1.3163983,0.24231808,0.0,0.10816644,0.030220503,0.0,1
0.0,0.0,1.1472261,0.47095686,1.5463377,0.10776393,0.47653785,0.0,0.13968919,0.0,0.0,1.0856351,0.98098135,1.1563857,0.0,0.0,0.0,1.6475463,0.0,0.0,0.0,0.0,0.0,1.9061095,0.14122504,0.0,0.0,0.0,1.4037068,0.0,0.0,0.598022,0.0,0.0,0.0,0.0,0.0,0.25408155,1.2204959,0.0,1.3398352,0.0,0.23768157,0.5809661,0.0,1.7459743,0.0,0.0,0.0,0.96004534,0.0,1.3998952,0.0,0.0,0.0,0.0,1.4344531,0.0,0.9610266,0.74916416,0.40931696,0.0,0.0,1.2085446,0.0,0.0,1.1451436,0.0,0.24113509,0.25426555,0.0,1.4150443,0.0,0.0,0.17760636,0.0,1.5241617,1.3091766,0.6485998,0.0,0.0,0.0,0.0,0.0,0.8212879,0.0,0.0,1.0396934,0.0,0.0,1.0628599,0.0,0.0,0.0,2.3220687,1.2574401,0.0,1.210998,0.0,0.62050575,0.0,0.0,0.8442028,0.0,0.88343054,0.0,0.0,0.0,0.0,0.6476083,0.30392998,0.0,0.61281174,0.6459747,0.76141506,1.8052269,0.99803615,1.0340466,0.38888937,0.98009753,0.0,0.0,0.0,0.0,0.0,1.6251833,0.0,0.0,0.56366944,0.0,0.1774684,1.2320753,0.8940672,0.0,0.17688848,0.0,0.0,0.0,0.0,0.0,0.0,0.0,1.2174543,0.5700197,0.0,0.0,0.0,0.88673514,1.4430125,0.69572693,0.0,0.0,1.5280552,0.3372366,0.0,0.0,0.0,0.0,0.0,0.6319591,0.0,0.0,0.0,1.2288744,1.1582198,0.0,1.9663858,0.5268683,0.8732977,0.0,0.0,0.70396763,1.6371052,0.0,0.0,0.6241092,1.4208041,1.1159357,0.0,0.0,0.6835462,1.1454275,0.40415373,0.64426696,0.0,0.0,0.0,0.0,1.0470426,0.50825644,0.0,0.0,0.7470113,0.0,4.4817686,0.0,0.0,0.0,0.6740086,1.0123959,0.3663816,1.0560375,1.419755,0.0,0.0,0.0,0.922284,0.0,0.0,0.0,0.4797779,0.66068316,0.0,0.15088655,2.4368467,0.0,0.0,0.61342895,0.0,0.38074178,1.0818058,0.7128452,0.102396555,1.6254336,1.4372698,0.0,0.0,1.3391135,0.0,0.5021885,0.0,0.0,0.0,0.26370835,0.0,0.90850294,0.0,0.8883444,0.0,0.0,1.3926241,0.0,0.40358678,0.0,1.3321514,1.1572436,0.78232026,0.0,0.64562505,0.96442217,1.4999472,1.140324,0.0,1.8340107,0.0,0.0,1
0.0,0.0,1.4823775,0.9235087,0.95546144,0.0,0.6349939,0.0,0.098285064,0.0,0.0,1.6384532,1.6423054,1.1379246,0.0,0.0,0.0,1.9740117,0.0,0.0,0.0,0.0,0.0,1.7194128,0.48128635,0.0,0.0,0.0,1.3962909,0.0,0.0,0.5706729,0.0,0.2466122,0.0,0.0,0.0,0.6133666,0.9836469,0.0,1.4243375,0.0,1.1440982,1.5161594,0.0,0.53015876,0.0,0.0,0.0,1.2262741,0.0,2.2502465,0.0,0.0,0.0,0.0,2.3037622,0.0,2.0367954,0.92905766,0.0,0.0,0.0,1.8303088,0.0,0.0,1.3507577,0.0,0.5717703,0.63763887,0.0,0.53822887,0.0,0.0,0.28307512,0.0,1.0434644,0.7741896,0.3191668,0.0,0.0,0.0,0.0,0.5507432,1.5950093,0.0,0.0,1.3127968,0.0,0.0,1.7029501,0.0,0.0,0.0,2.6728654,1.4651904,0.0,1.1280977,0.0,0.92632633,0.060548462,0.0,1.0906918,0.0,0.9323108,0.0,0.0,0.0,0.41127566,0.0,0.5984476,0.0,0.9626419,0.06661792,1.2253257,2.4204838,1.1214055,1.2180005,0.34602922,0.44242817,0.0,0.0,0.0,0.0,0.0,2.526457,0.0,0.0,0.8383522,0.0,0.27981326,1.3510238,1.2350583,0.0,0.22202384,0.0,0.0,0.0,0.38312733,0.0,0.0,0.0,1.3967042,0.28472298,0.18153866,0.30577806,0.0,0.044126898,1.1894109,0.6693235,0.0,0.0,1.519111,0.4766899,0.31591293,0.0,0.0,0.0,0.0,0.8426991,0.0,0.0,0.0,1.7168018,0.080736145,0.0,1.8496225,0.9379621,0.41986436,0.0,0.0,0.90946245,2.2504084,0.0,0.0,0.5929578,0.8406373,1.3632771,0.0,0.0,1.0822853,0.6579243,0.90935564,1.3936365,0.17775914,0.0,0.069905266,0.0,0.52545565,0.408519,0.0,0.33090535,0.25619927,0.0,4.2598305,0.0,0.0,0.0019956348,1.0390705,1.0622125,0.32385248,0.41976726,1.172499,0.0,0.0,0.0,0.6475457,0.0,0.0,0.0,0.6282481,0.26597482,0.0,0.38112968,3.2988658,0.0,0.0,0.39589536,0.0,0.7602801,0.89589906,0.2859763,0.43190408,1.3256109,1.3549185,0.0,0.0,1.0985423,0.0,0.53226835,0.0,0.0,0.0,0.9957008,0.0,0.5917905,0.31535167,0.29244393,0.0,0.0,0.88605374,0.0,0.8115753,0.0,0.9330098,0.7373231,1.0041136,0.0,1.2640101,1.1593608,1.3297479,0.42686775,0.0,0.20026945,0.066160224,0.0,1
0.0,0.0,0.9853382,0.2401713,1.323988,0.11786683,0.80963707,0.0,0.30950835,0.0,0.0,1.2959613,1.2676948,1.1241429,0.0,0.0,0.0,1.8361995,0.0,0.0,0.0,0.034196902,0.0,2.1165342,0.47078967,0.0,0.014622712,0.053321224,1.298222,0.0,0.0,0.6965442,0.0,0.0,0.0,0.0,0.0,0.6222224,1.5953436,0.0,1.3700343,0.0,0.59307563,0.76765436,0.0,1.691429,0.0,0.0,0.0,1.2970256,0.0,1.9749259,0.0,0.0,0.0,0.0,2.2303276,0.0,2.0562906,0.70669603,0.15940781,0.0,0.0,1.3409165,0.0,0.0,0.9755763,0.0,0.5282094,0.5977226,0.0,0.84649247,0.0,0.0,0.23492856,0.0,1.4713322,1.0032543,0.24528955,0.0,0.0,0.0,0.0,0.35727638,1.3028847,0.0,0.0,0.9303382,0.0,0.0,1.1459148,0.0,0.0,0.0,2.3081698,2.2022333,0.0,0.9390866,0.0,0.5840109,0.23448126,0.0,0.8693907,0.0,0.77189565,0.0,0.0,0.0,0.0,0.42156485,0.5836388,0.0,0.6800879,0.4997551,1.287674,1.9928262,1.0172503,0.90311456,0.3314991,1.161523,0.0,0.0,0.0,0.0,0.0,2.307088,0.0,0.0,0.5307932,0.0,0.0,1.5061595,1.1718372,0.0,0.0058604074,0.0,0.0,0.0,0.0,0.0,0.0,0.0,1.7415603,0.27667028,0.0,0.03476356,0.0,0.51839,1.5101064,0.9277569,0.0,0.0,1.7469515,0.515361,0.2252595,0.0,0.0,0.0,0.0,0.39737576,0.0,0.0,0.0,1.7451944,0.6662342,0.0,1.8406128,0.7493899,0.76665235,0.0,0.0,0.8507035,2.2575092,0.0,0.0,0.5352075,0.6811067,1.7194133,0.0,0.0,1.0107113,0.27043253,0.910202,1.460731,0.0,0.0,0.14840235,0.0,0.9021304,0.3414823,0.0,0.0,0.5899544,0.0,4.7967396,0.0,0.0,0.5765892,1.5892136,1.4528356,0.4327558,0.85232264,1.5152683,0.0,0.0094478885,0.0,0.6947812,0.0,0.0,0.0,0.35130718,0.43452582,0.0,0.49828407,2.8999963,0.0,0.0,0.37419364,0.0,0.07082337,0.66792315,0.69172853,0.18532956,1.5339513,0.74620146,0.0,0.0,1.3856,0.0,0.38414022,0.0,0.0,0.0,0.7826043,0.0,0.43490848,0.0,0.62305325,0.0,0.0,1.2690912,0.0,0.7554923,0.0,0.889963,0.9215327,1.0229957,0.0,0.89082545,0.74089146,1.6644086,0.7511443,0.0,1.1179758,0.0,0.0,1
0.0,0.0,1.1428648,0.18968748,1.3037701,0.2505763,0.50640786,0.0,0.5744147,0.0,0.0,1.5421468,1.1074235,0.94155633,0.0,0.0,0.0,2.1654782,0.0,0.0,0.0,0.102865264,0.0,2.521174,0.1065191,0.0,0.0,0.0,1.0960082,0.0,0.0,0.6758078,0.0,0.23385958,0.0,0.0,0.0,0.59852815,1.0011119,0.0,1.459313,0.0,0.39417347,0.6878989,0.0,1.1493953,0.0,0.0,0.0,0.8139631,0.0,2.410642,0.0,0.0,0.0,0.0,2.2987247,0.0,2.3164115,0.6455558,0.54552376,0.036342088,0.0,1.5442007,0.0,0.0,1.2047063,0.0,0.20161313,0.56491935,0.0,0.043348197,0.0,0.0,0.40638924,0.0,1.6812786,0.97313225,0.305638,0.0,0.0,0.0,0.0,0.9116667,0.77163464,0.0,0.0,1.0030042,0.0,0.0,1.495891,0.0,0.0,0.0,3.1969686,2.0701902,0.0,1.0143337,0.0,0.71619064,0.050930776,0.0,0.34320974,0.0,1.2093705,0.0,0.0,0.0,0.21883816,0.26385215,0.87667817,0.0,1.0040644,0.03086378,1.0914263,2.2526894,0.9239094,1.1333737,0.41010147,0.6011566,0.0,0.0,0.0,0.0,0.0,2.2768116,0.0,0.0,0.34804988,0.0,0.38591382,1.6799446,1.2515316,0.0,0.29141802,0.0,0.0,0.0,0.53720427,0.0,0.0,0.0,2.187338,0.5961439,0.65601,0.0,0.0,0.0020580592,1.8993304,0.7178576,0.0,0.0,1.5934551,0.3069988,0.18662949,0.0,0.0,0.1898243,0.0,0.89943504,0.0,0.0,0.0,1.9805727,0.44746578,0.0,2.0497243,0.5379366,0.592837,0.0,0.0,1.0376956,2.6602669,0.0,0.0,1.2272848,1.1658225,1.8610972,0.0,0.0,0.94511366,0.7667863,0.6136105,1.4405469,0.0,0.0,0.0,0.0,0.94287044,0.47106123,0.0,0.46056145,0.0,0.0,5.324001,0.0,0.0,0.22533317,1.9618044,1.6836767,0.42513964,0.8478244,1.3978951,0.0,0.0,0.0,0.5741474,0.0,0.0,0.0,0.3508522,0.08765539,0.0,0.40961656,3.3399303,0.0,0.0,0.553871,0.0,0.35466248,0.70027226,0.17667675,0.6350443,1.1998962,0.85677314,0.0,0.0,1.1574669,0.0,0.7826775,0.0,0.0,0.0,0.99121124,0.0,0.70525163,0.44563287,0.47028047,0.0,0.0,0.9672371,0.0,0.75516766,0.0,1.2443515,1.2694038,1.179216,0.0,0.5400013,1.1449294,1.4746518,0.7480278,0.0,0.6251297,0.1914426,0.0,1
0.0,0.0,1.2921615,0.3646475,1.0022434,0.0,0.69775033,0.0,0.05352962,0.042385958,0.0,1.8572212,1.339359,1.3470713,0.0,0.0,0.0,1.9174656,0.0,0.0,0.0,0.0,0.0,1.9029242,0.42848328,0.0,0.0,0.0,1.2421409,0.0,0.0,0.69349056,0.0,0.08649437,0.0,0.0,0.0,0.61917377,1.4617842,0.0,1.0314612,0.0,0.5076704,1.0850997,0.0,0.6970896,0.0,0.0,0.0,1.286568,0.0,2.0233576,0.0,0.0,0.0,0.0,2.6891422,0.0,2.122231,0.56536406,0.32975224,0.0,0.0,1.425709,0.0,0.0,1.2930946,0.0,0.15189815,0.9160337,0.0,0.5413324,0.0,0.0,0.45504767,0.0,1.6867781,1.5216557,0.3724275,0.0,0.0,0.0,0.0,0.46091643,1.470554,0.0,0.0,0.9636358,0.0,0.0,1.1532899,0.0,0.0,0.0,2.9581456,2.3506083,0.0,0.77914274,0.0,0.6469708,0.17971121,0.0,1.0180975,0.0,1.3086773,0.0,0.0,0.0,0.0,0.0,1.0956213,0.0,0.7479448,0.18924515,0.9182003,2.6955845,1.0684819,1.1479101,0.3496849,0.7463919,0.0,0.0,0.0,0.0,0.0,2.7010942,0.0,0.0,0.7375947,0.0,0.19950949,1.9561905,1.5024749,0.0,0.36216992,0.0,0.0,0.0,0.14549865,0.0,0.0,0.0,1.8230567,0.28322703,0.57085806,0.13164778,0.0,0.11399487,1.4578124,0.61254174,0.0,0.0,1.751474,0.27890164,0.4764345,0.0,0.0,0.0,0.0,0.37977302,0.0,0.0,0.0,2.0961761,0.25920564,0.0,2.108241,0.75513005,0.94765174,0.0,0.0,1.051684,2.221255,0.0,0.0,0.62043446,0.7581569,2.0749018,0.0,0.0,0.8941001,0.25017798,1.0022224,1.6313571,0.0,0.0,0.0,0.0,0.7828438,0.6061418,0.0,0.0,0.19582404,0.0,4.773822,0.0,0.0,0.0,1.883222,1.4374691,0.83239216,0.52846324,1.3304242,0.0,0.0,0.0,0.46330962,0.0,0.0,0.0,0.8062569,0.15365,0.0,0.42637017,3.1050851,0.0,0.0,0.42126083,0.0,0.26967388,1.042761,0.60057455,0.69436675,1.2381803,1.0984937,0.0,0.0,1.4707459,0.0,0.4642857,0.0,0.0,0.0,0.5603642,0.0,0.768995,0.19661129,0.47474003,0.0,0.0,0.75509644,0.0,1.0467844,0.0,0.57315767,1.2978613,1.7166622,0.0,1.0169598,1.0283616,1.4049647,0.77570385,0.0,0.6589526,0.17337129,0.0,1
0.0,0.0,1.0096895,0.6314301,0.7794732,0.0,0.7731352,0.0,0.19968727,0.0,0.0,1.442815,1.072868,1.3416518,0.0,0.0,0.0,2.051291,0.0,0.0,0.0,0.0,0.0,1.4469253,0.41813666,0.0,0.2499353,0.0,1.4024777,0.0,0.0,0.50867647,0.0,0.22029488,0.0,0.0,0.0,0.6141688,0.40103576,0.0,1.4421109,0.0,1.6904093,1.0173285,0.0,0.62280184,0.0,0.0,0.0,1.131194,0.0,1.3775322,0.0,0.0,0.0,0.0,1.9167625,0.0,1.3186841,0.64224154,0.03901448,0.0,0.0,1.9215813,0.0,0.0,1.1868695,0.0,0.44912443,0.33269817,0.0,0.08583182,0.0,0.0,0.2590135,0.0,0.90218157,1.0428993,0.25964406,0.0,0.0,0.0,0.0,0.12905148,0.979497,0.0,0.0,1.1127774,0.0,0.0,1.4863595,0.0,0.0,0.0,2.7944925,1.2823637,0.0,0.93389803,0.0,0.7316088,0.0,0.0,0.54006815,0.0,0.8083665,0.0,0.0,0.0,0.13471197,0.0,0.73085743,0.0,0.5738262,0.0,0.9709669,2.2417862,1.0337955,1.2598382,0.38637465,0.49047527,0.0,0.0,0.0,0.32606128,0.0,2.3620727,0.0,0.0,0.8307942,0.0,0.4333674,1.3815761,1.293584,0.0,0.19236791,0.0,0.0,0.0,0.0,0.0,0.0,0.0,1.2703117,0.18635625,0.30024055,0.31645858,0.0,0.40817615,0.95595413,0.5903126,0.0,0.0,1.5861748,0.21067381,0.49915537,0.0,0.0,0.0,0.0,1.0408244,0.0,0.0,0.0,1.3554177,0.07179101,0.0,1.7012241,0.6574787,0.8340845,0.0,0.0,1.0527254,1.9369893,0.0,0.0,0.3622316,0.7746343,1.4147314,0.0,0.0,0.65408313,0.83197314,0.9673212,1.0432884,0.0,0.0,0.47748357,0.0,0.34138748,0.4805769,0.0,0.31749576,0.21752799,0.0,4.191265,0.0,0.0,0.0,1.163813,1.3964876,0.5611655,0.4051933,1.5717483,0.0,0.0,0.0,0.6160801,0.0,0.0,0.0,0.46506998,0.5418903,0.0,0.20920716,2.9813824,0.0,0.0,0.2859334,0.0,0.55855256,0.880585,0.11893194,0.69674987,1.3245319,1.3548967,0.0,0.0,1.0286622,0.0,1.0084233,0.0,0.0,0.0,0.56515795,0.0,0.12971619,0.1047451,0.614552,0.0,0.0,1.0175513,0.0,0.5265506,0.0,0.6849844,0.7221524,0.8690891,0.0,0.8823112,1.4964375,0.68647134,0.33273003,0.0,0.6052835,0.05503226,0.0,1
0.0,0.0,1.2878358,0.12049812,0.7716876,0.0,0.75660723,0.0,0.35550922,0.0,0.0,2.0439742,1.4746461,1.096094,0.0,0.0,0.0,2.385346,0.0,0.0,0.0,0.0,0.0,2.0266132,0.33350882,0.0,0.023293935,0.0,1.445526,0.0,0.0,0.54208916,0.0,0.2935809,0.0,0.0,0.0,0.79934335,1.4960898,0.0,1.4242436,0.0,0.9645558,1.5823972,0.0,0.6971756,0.0,0.0,0.0,1.0845317,0.0,2.3174024,0.0,0.0,0.0,0.0,2.5095677,0.0,2.313923,0.77337736,0.13121794,0.0,0.0,1.7483087,0.0,0.0,1.3225678,0.0,0.7450793,0.5072184,0.0,0.13223016,0.0,0.0,0.2779898,0.0,1.4033445,1.5325388,0.0,0.0,0.0,0.0,0.0,0.568921,1.3930006,0.0,0.0,0.8989604,0.0,0.0,1.6803684,0.0,0.0,0.0,3.2776942,2.0467358,0.0,1.0030805,0.0,0.8017057,0.0,0.0,0.38487542,0.0,0.817745,0.0,0.0,0.0,0.12577039,0.0,0.97883385,0.0,0.6478883,0.0,1.1563231,2.9515924,1.4139198,0.9506127,0.49627715,0.7276615,0.0,0.0,0.0,0.0,0.0,2.367122,0.0,0.0,0.71765983,0.0,0.0,1.9646147,1.7000102,0.0,0.2511704,0.0,0.0,0.0,0.0066887983,0.0,0.0,0.0,1.6574236,0.2158125,0.4937172,0.489357,0.0,0.4169251,1.1829295,0.9492838,0.0,0.0,1.8178267,0.12452897,0.6630206,0.0,0.0,0.0,0.0,0.8888833,0.0,0.0,0.0,2.2544582,0.0,0.0,2.0402582,0.7714622,0.6900495,0.0,0.0,1.121041,3.0925367,0.0,0.0,0.43155172,0.8882554,2.3512666,0.0,0.0,1.1192936,0.5165649,1.4533515,1.6888961,0.12136319,0.0,0.0,0.0,0.6171565,0.9200259,0.0,0.7582307,0.117065445,0.0,5.095598,0.0,0.0,0.0,1.8759363,1.423944,0.23587441,0.6189631,2.0929213,0.0,0.0,0.0,0.59357846,0.0,0.0,0.0,0.472732,0.32800582,0.0,0.13277669,3.7152758,0.0,0.0,0.3585349,0.0,0.28500825,1.0324113,0.0,0.7261759,1.0088817,0.97109365,0.0,0.0,1.2962146,0.0,0.7739578,0.0,0.0,0.0,0.820809,0.0,0.7106962,0.42222866,0.3071072,0.0,0.0,1.3626862,0.0,1.149471,0.0,0.7431676,0.65238327,1.7681732,0.0,1.0275347,1.1209389,1.5928271,0.39996606,0.0,0.2799327,0.23113775,0.0,1
0.0,0.0,1.3746483,0.20031895,1.3067183,0.0,0.96606165,0.0,0.30832836,0.0,0.0,1.7747964,1.763444,1.3690423,0.15288992,0.0,0.0,2.391058,0.0,0.0,0.0,0.0,0.0,2.4306026,0.3749839,0.0,0.0,0.0,1.4099451,0.0,0.0,0.41246152,0.0,0.24376999,0.0,0.0,0.0,0.6424597,2.0577276,0.0,1.3717774,0.0,0.3823364,1.5462284,0.0,0.78219056,0.0,0.0,0.0,0.9196863,0.0,2.6022143,0.0,0.0,0.0,0.0,2.540553,0.0,2.235898,1.2395091,0.23073758,0.0,0.0,1.657944,0.0,0.0,1.3296841,0.0,0.48132774,0.7151077,0.0,0.59144306,0.0,0.0,0.0,0.0,1.7229145,1.1488525,0.038803376,0.0,0.0,0.0,0.0,0.33425298,2.1696253,0.0,0.0,1.2389137,0.0,0.0,1.9391932,0.0,0.0,0.0,2.8073525,2.3856115,0.0,1.3036963,0.0,0.6032929,0.0,0.0,1.0572772,0.0,0.7116067,0.0,0.0,0.0,0.47674778,0.103551,1.0598472,0.0,0.80296206,0.03283911,1.3130124,2.5627453,2.0387967,1.3562627,0.7440774,1.1578245,0.0,0.0,0.0,0.0,0.0,3.310405,0.0,0.0,0.7298112,0.0,0.32142133,1.7548864,1.6955233,0.0,0.13997927,0.0,0.0,0.0,0.0,0.0,0.0,0.0,1.5554248,0.5582039,0.0,0.21095474,0.0,0.27346346,1.2240909,0.9104584,0.0,0.0,1.4302115,0.20751101,0.53173524,0.0,0.0,0.0,0.0,0.6265503,0.0,0.0,0.0,2.093823,0.3784216,0.0,2.3460166,0.82187027,0.66678786,0.0,0.0,1.3848873,2.4110568,0.0,0.0,0.7286829,1.0974121,2.0215416,0.0,0.0,1.1547527,0.20965731,0.9448643,1.5232543,0.0,0.0,0.0,0.0,0.9766356,0.8237063,0.0,0.0,0.59662133,0.0,5.295439,0.0,0.0,0.0,1.518029,1.2504258,0.32910076,0.7819588,1.3968136,0.0,0.0,0.0,0.21382675,0.0,0.0,0.0,0.4327078,0.0,0.0,0.19659494,3.9625926,0.0,0.0,0.5209201,0.0,1.1758511,0.91373533,0.24076581,0.4288319,0.6423047,1.1524005,0.0,0.0,1.6364193,0.0,0.3116031,0.0,0.0,0.0,0.9604532,0.0,0.9690062,0.4621268,0.523526,0.0,0.0,1.3447295,0.0,1.0258616,0.0,1.1688523,1.076433,1.481057,0.0,1.3903825,1.202104,1.5042735,0.6667497,0.0,1.0757532,0.22134425,0.0,1
0.0,0.0,1.033005,0.5674133,0.9089072,0.0,1.3465874,0.0,0.0,0.0,0.0,1.4045284,1.1998489,1.3911579,0.0,0.0,0.0,2.107329,0.0,0.0,0.0,0.0,0.0,1.5157542,0.3993312,0.0,0.0,0.0,1.3616356,0.0,0.0,0.6663049,0.0,0.17867784,0.0,0.0,0.0,0.52222794,0.93324095,0.0,1.6391486,0.0,1.3225356,1.4111553,0.0,0.39920273,0.0,0.0,0.0,1.0398943,0.0,2.0400245,0.0,0.0,0.0,0.0,2.090199,0.0,1.8969599,0.88328224,0.0,0.0,0.0,1.9174714,0.0,0.0,1.32102,0.0,0.23860231,0.71211267,0.0,0.47011682,0.0,0.0,0.226429,0.0,1.4524065,0.82603335,0.18077357,0.0,0.0,0.0,0.0,0.5703006,1.5510095,0.0,0.0,1.0815319,0.0,0.0,1.6945066,0.0,0.0,0.0,3.0012317,1.7289125,0.0,0.98570895,0.0,0.5880113,0.24065249,0.0,0.9995244,0.0,0.9355402,0.0,0.0,0.0,0.094161615,0.059718046,1.025228,0.0,0.7459751,0.0,1.4149191,2.607156,1.0694911,1.1077822,0.30065244,0.43008626,0.0,0.0,0.0,0.36019155,0.0,2.2820656,0.0,0.0,0.57281506,0.0,0.25494817,1.669588,1.3902344,0.0,0.3057416,0.0,0.0,0.0,0.0,0.0,0.0,0.0,1.5806739,0.343121,0.29851392,0.34730402,0.0,0.12186661,1.2783821,0.57587355,0.0,0.0,1.5249301,0.64002174,0.3552265,0.0,0.0,0.020956295,0.0,1.3238726,0.0,0.0,0.0,1.7550879,0.0,0.0,2.2914622,0.8445309,0.58443457,0.0,0.0,1.113448,2.1613293,0.0,0.0,0.43753392,0.97189564,1.4140645,0.0,0.0,0.79243624,0.38801,0.8876824,1.0962824,0.0,0.0,0.15594988,0.0,0.7829753,0.7009753,0.0,0.2769151,0.26515725,0.0,4.581114,0.0,0.0,0.0,1.0188587,1.1784713,0.49998018,0.40622112,1.5748672,0.0,0.0,0.0,0.43791237,0.0,0.0,0.0,0.5972293,0.33264515,0.0,0.0,3.6114166,0.0,0.0,0.2761985,0.0,0.9980529,1.1077852,0.33070004,0.8591274,1.3007768,1.364698,0.0,0.0,0.8298512,0.0,0.6121774,0.0,0.0,0.0,0.9116021,0.0,0.0,0.18367721,0.31385133,0.0,0.0,0.73324335,0.0,0.16778572,0.0,0.75065714,0.773135,0.8673248,0.0,1.142813,1.4562793,0.9161558,0.45593378,0.0,0.06356846,0.0,0.0,1
0.0,0.0,1.5866655,0.65405273,0.67958987,0.17898463,0.7114374,0.0,0.15064019,0.0,0.0,1.7095453,1.4129838,0.96005595,0.0,0.0,0.0,2.0723805,0.0,0.0,0.0,0.47943366,0.0,2.1883152,0.313491,0.0,0.0,0.0,1.4325052,0.0,0.0,0.48786116,0.0,0.31856635,0.0,0.0,0.0,0.6560473,1.1409857,0.0,1.0316633,0.0,0.63758194,1.0304149,0.0,0.0,0.0,0.0,0.0,1.2615777,0.0,1.884544,0.0,0.0,0.0,0.0,2.572925,0.0,2.0571284,0.3462591,0.119754575,0.0,0.0,1.5868777,0.0,0.0,1.2750248,0.0,0.0,1.1418484,0.0,0.0,0.0,0.0,0.2116433,0.0,1.0140473,0.9435388,0.0,0.0,0.0,0.0,0.0,0.3431797,1.5614187,0.0,0.0,1.2176608,0.0,0.0,1.7199426,0.0,0.0,0.0,3.0862021,2.2896333,0.0,0.63373476,0.0,0.8741094,0.0,0.0,0.84933406,0.0,0.80445606,0.0,0.0,0.0,0.29687813,0.0,1.0949442,0.0,0.8267875,0.0,0.7606659,2.7192013,0.95703274,1.0359682,0.1324896,0.15666091,0.0,0.0,0.0,0.025432974,0.0,3.0610015,0.0,0.0,0.68281007,0.0,0.29521716,1.6288362,1.9272301,0.0,0.101619996,0.0,0.0,0.0,0.6527272,0.0,0.0,0.0,1.4818127,0.60023767,0.48767743,0.0,0.0,0.0,1.2727381,0.8898001,0.0,0.0,1.4787174,0.28990576,0.28862062,0.0,0.0,0.12071259,0.0,1.2295802,0.0,0.0,0.0,2.03712,0.52402574,0.0,2.418226,1.0343328,0.4769221,0.0,0.0,0.95432115,2.4849102,0.0,0.0,0.9369517,0.69918925,1.971795,0.0,0.0,0.48920438,0.9899909,0.86161786,1.6312668,0.0,0.0,0.34195456,0.0,0.2246148,0.40337673,0.0,0.0,0.013029449,0.0,4.6130967,0.0,0.0,0.18129052,1.743485,1.8002018,0.45717278,0.4129084,1.2567716,0.0,0.0,0.0,0.6215074,0.0,0.0,0.0,0.4788891,0.0,0.0,0.6328117,3.554804,0.0,0.0,0.2817286,0.0,0.47562248,0.85369796,0.0,0.601429,1.3354216,0.5765311,0.0,0.0,1.2032318,0.0,0.87188023,0.0,0.0,0.0,0.38038743,0.0,0.50520647,0.18594448,0.0,0.0,0.0,1.1228201,0.0,0.8202289,0.0,1.0627807,0.6612527,1.0947788,0.0,1.2173488,1.111883,1.5254557,0.6515974,0.0,0.16617416,0.0,0.0,1
0.0,0.0,1.027286,0.56383926,1.7554872,0.0,0.0,0.0,0.28351054,0.0,0.0,1.0070213,1.0422175,0.81176436,0.0,0.0,0.0,1.1369665,0.0,0.0,0.27984944,0.0,0.0,2.2237144,0.077736065,0.0,0.0,0.16719604,0.72979766,0.0,0.0,0.17873958,0.0,0.0,0.0,0.0,0.0,0.14115657,1.2098943,0.0,1.3485394,0.0,0.0,0.7380161,0.0,2.1265588,0.0,0.0,0.0,1.1314377,0.0,0.8984814,0.0,0.18179168,0.0,0.0,1.5924784,0.0,1.0989354,1.46607,0.7616996,0.0,0.0,1.4532752,0.0,0.0,0.11543738,0.0,0.7568548,0.5253496,0.0,0.9083182,0.0,0.0,0.39965323,0.0,1.283381,0.5076437,0.7818492,0.0,0.0,0.0,0.0,0.0,0.3971429,0.0,0.0,0.74369395,0.0,0.0,0.92427325,0.0,0.0,0.0,2.2864084,1.4783375,0.0,1.0465298,0.0,0.2410539,0.0,0.0,1.0327244,0.0,1.4820594,0.0,0.0,0.0,0.6387249,0.36189756,0.40171733,0.0,0.53709036,0.69470346,0.80387104,1.117839,1.0893384,0.92522216,0.6699145,1.3105074,0.0,0.0,0.0,0.0,0.0,1.6015642,0.0,0.0,0.81181026,0.0,0.0,1.1394552,0.84378976,0.0,0.6315673,0.0,0.0,0.0,0.0,0.0,0.0,0.0,1.2519114,0.5398912,0.46686056,0.4165111,0.0,0.6602076,1.5863163,0.82818556,0.0,0.0,0.9923987,0.6369342,0.5653255,0.0,0.0,0.0,0.0,0.18296961,0.0,0.0,0.0,1.8358865,0.7347238,0.0,1.1709273,0.69145644,0.6354562,0.0,0.0,0.8347513,0.9584772,0.0,0.0,0.48922244,0.9704188,1.3093655,0.0,0.0,0.5003158,0.44326246,0.18647873,1.0569854,0.0,0.0,0.0,0.0,1.1565049,0.17425397,0.0,0.0,0.34005916,0.0,3.8208382,0.0,0.0,0.4764468,1.0548737,0.529807,0.78044724,0.90268075,0.9026921,0.0,0.0,0.0,1.1117651,0.0,0.0,0.0,1.1414831,0.37347478,0.0,0.4703984,2.2690427,0.0,0.0,0.69870543,0.0,0.47783768,0.75842655,0.45436943,0.22702223,1.4164065,0.8107892,0.0,0.0,1.190512,0.0,0.7379717,0.0,0.0,0.0,0.6352878,0.0,1.1880354,0.0,1.126729,0.0,0.0,0.71449864,0.0,0.38132143,0.0,0.5149331,1.4475552,0.8831353,0.0,1.1309144,0.23405264,1.2274507,0.9760547,0.0,1.4918312,0.3159735,0.0,1
0.0,0.0,1.0852574,0.5120811,0.55825245,0.37329453,0.6677764,0.0,0.2902481,0.0,0.0,1.2891222,1.3717315,1.1435484,0.0,0.0,0.0,2.4248924,0.0,0.0,0.0,0.056875873,0.0,1.9237027,0.05838948,0.0,0.043678008,0.0,1.5880263,0.0,0.0,0.52098703,0.0,0.34450632,0.0,0.0,0.0,0.59723234,1.1024328,0.0,1.2188847,0.0,1.0726725,0.8097914,0.0,0.19069093,0.0,0.0,0.0,0.83951026,0.0,1.7243246,0.0,0.0,0.0,0.0,2.3666954,0.0,2.4422727,0.20863947,0.4394115,0.0,0.0,1.4069914,0.0,0.0,0.91934526,0.0,0.04803844,0.91443866,0.0,0.0,0.0,0.0,0.4539605,0.0,1.4493648,0.72770333,0.019587316,0.0,0.0,0.0,0.0,0.6742491,1.3078676,0.0,0.0,1.3134896,0.0,0.0,1.3092644,0.0,0.0,0.0,2.8637962,1.9956299,0.16782491,1.020453,0.0,0.6781314,0.12305734,0.0,0.68251073,0.0,0.68704915,0.0,0.0,0.0,0.2456109,0.004119667,1.0308828,0.0,0.80563813,0.0,0.9879149,2.9728339,0.78557926,1.2827747,0.42826974,0.5169526,0.0,0.0,0.0,0.0,0.0,2.6371007,0.0,0.0,0.8507296,0.0,0.1935762,1.6356268,1.685898,0.0,0.16107427,0.0,0.0,0.0,0.40325627,0.0,0.0,0.0,1.2253356,0.36106998,0.61169726,0.1359872,0.0,0.0,1.4414809,0.4886943,0.0654741,0.0,1.3608854,0.31523046,0.5189556,0.0,0.0,0.13448547,0.0,1.1620959,0.0,0.0,0.0,1.6409502,0.022318827,0.0,2.0494595,0.65280753,0.7500066,0.0,0.0,1.297983,2.4779334,0.0,0.0,0.6451304,1.0857743,1.7024871,0.0,0.0,0.8490175,0.47660246,0.85581595,1.2832743,0.0,0.0,0.0,0.0,0.44327727,1.1161935,0.0,0.27033356,0.016861849,0.0,4.304102,0.0,0.0,0.0,1.9213012,1.599474,0.37762597,0.0,0.77020067,0.0,0.0,0.0,0.51955885,0.0,0.0,0.0,0.23950619,0.10287932,0.0,0.5236667,3.4113922,0.0,0.0,0.5223888,0.0,0.415429,0.7910015,0.3872391,0.64021987,0.93868893,0.92576015,0.0,0.0,1.0330822,0.0,0.8164341,0.0,0.0,0.0,0.61557966,0.0,0.2997239,0.5005563,0.2137596,0.0,0.0,0.412148,0.0,0.9638347,0.0,1.2381283,0.9980536,1.1353424,0.0,0.8288029,1.2272247,1.2113035,0.8340622,0.0,0.3414528,0.0,0.0,1
0.0,0.0,1.014054,0.13501538,1.0504136,0.0,0.90646124,0.0,0.4305294,0.0,0.0,1.5747129,1.7229452,1.237991,0.0028500673,0.0,0.0,1.9872851,0.0,0.0,0.0,0.0,0.0,2.0827806,0.5186754,0.0,0.0,0.14069234,1.3904864,0.0,0.0,0.46115732,0.0,0.0,0.0,0.0,0.0,0.59868276,1.7123532,0.0,1.0180931,0.0,0.66745484,1.5452583,0.0,0.55607986,0.0,0.0,0.0,1.0289623,0.0,2.4265063,0.0,0.0,0.0,0.0,2.5543747,0.0,2.3653674,0.9071699,0.55535924,0.0,0.0,1.9588339,0.0,0.0,0.8728694,0.0,0.76942426,0.5548284,0.0,0.23835506,0.0,0.0,0.07489926,0.0,1.9472301,1.7441908,0.0,0.0,0.0,0.0,0.0,0.35407168,1.4239119,0.0,0.0,1.2909459,0.0,0.0,1.2546239,0.0,0.0,0.0,3.227044,2.239251,0.0,1.1769707,0.0,0.74254525,0.0,0.0,0.62967145,0.0,1.0312625,0.0,0.0,0.0,0.049990453,0.30493078,1.2675055,0.0,0.8324041,0.0,1.1995255,2.9617796,1.5097708,0.9703369,0.7649996,0.9523965,0.0,0.0,0.0,0.0,0.0,3.165702,0.0,0.0,0.6426191,0.0,0.42879277,1.6932381,1.7229111,0.0,0.3857624,0.0,0.0,0.0,0.075029485,0.0,0.0,0.0,1.5827107,0.28405112,0.535939,0.4003525,0.0,0.0,1.2986262,0.80979013,0.0,0.0,1.8028215,0.059579514,0.63013035,0.0,0.0,0.0,0.0,0.3854351,0.0,0.0,0.0,2.3231382,0.086058065,0.0,1.9707594,0.981653,0.37793568,0.0,0.0,1.1552514,2.604287,0.0,0.0,0.30208743,0.9858212,2.2486832,0.0,0.0,1.0567127,0.2698001,1.3434594,1.9712328,0.06780863,0.0,0.28306344,0.0,0.886337,0.5961683,0.0,0.4162194,0.13890158,0.0,5.5575695,0.0,0.0,0.064787045,2.2649698,1.3611808,0.1006951,0.62644404,1.7534182,0.0,0.0,0.0,0.3917797,0.0,0.0,0.0,0.86286634,0.2511757,0.0,0.0,3.489705,0.0,0.0,0.15492572,0.0,0.2369833,0.4231006,0.20090652,0.89177245,1.4257737,0.73933965,0.0,0.0,1.5062329,0.0,0.39720437,0.0,0.0,0.0,0.84051543,0.0,0.8009036,0.80786073,0.28545663,0.0,0.0,0.93906754,0.0,1.3097727,0.0,0.9532636,0.8742139,1.4653116,0.0,0.7676286,1.0653067,1.6254938,0.5103727,0.0,0.41143999,0.109792195,0.0,1
0.0,0.0,1.9345081,1.1294942,2.174426,0.0,0.0,0.0,0.4679239,0.0,0.0,1.3955112,1.43499,1.2388265,0.0,0.0,0.0,2.191659,0.0,0.0,0.0,0.3123778,0.0,2.2838678,0.0,0.0,0.08306166,0.3425808,0.4545322,0.0,0.0,0.01618981,0.0,0.63861346,0.0,0.0,0.0,0.3150802,0.8431409,0.0,1.4322246,0.0,0.0,2.1581473,0.0,1.0805641,0.0,0.0,0.57773566,1.4911664,0.0,1.976638,0.0,0.0,0.0,0.0,2.1729035,0.0,0.7442207,0.56843805,0.0,0.0,0.0,0.7095213,0.0,0.0,0.53391767,0.0,0.49508166,0.7454911,0.0,0.30678466,0.0,0.0,0.3296195,0.0,1.4330704,1.3053082,0.6535511,0.0,0.0,0.0,0.0,0.0,2.2498446,0.0,0.0,1.6405888,0.0,0.0,0.99730533,0.0,0.0,0.0,2.6907473,2.5869503,0.0,1.1497942,0.0,0.556801,0.0,0.0,0.7744738,0.0,0.7428944,0.0,0.0,0.0,0.7120584,0.45679963,1.8033884,0.0,1.031981,0.4288607,0.59839505,1.5540985,1.5562456,0.5182302,0.64523435,1.5676531,0.0,0.0,0.0,0.0,0.0,2.465089,0.6197837,0.0,0.14251542,0.0,0.0,2.0562863,1.2422792,0.0,0.83537686,0.0,0.0,0.0,0.07315437,0.0,0.0,0.0,1.1360142,0.36921793,0.14598471,0.33996585,0.0,0.6796196,1.0917267,0.59707195,0.0,0.0,1.9195656,0.038812302,0.8514125,0.0,0.0,0.0,0.0,0.39518625,0.0,0.0,0.0,2.5793338,2.0660932,0.0,1.9462303,1.1706657,1.169072,0.0,0.0,0.6007538,2.2063408,0.0,0.0,1.2637604,1.4452255,1.8417974,0.0,0.0,1.0251429,0.835908,0.8672774,1.3074964,0.63689804,0.0,0.0,0.0,1.0523552,0.0,0.0,0.122606106,0.24528438,0.0,4.748358,0.0,0.0,0.0,1.2378654,0.102346875,1.4800875,1.3883643,1.7244375,0.0,0.0120248655,0.0,0.007066634,0.0,0.0,0.0,0.82039773,0.21551691,0.0,0.98805875,2.4879875,0.0,0.0,0.57318765,0.0,1.3820629,0.9291095,1.0113114,0.75427157,1.4817644,1.2274009,0.0,0.0,2.071666,0.0,0.37337852,0.0,0.0,0.0,0.0,0.109576225,1.3005122,0.358801,0.9412672,0.0,0.0,2.3945384,0.0,0.65525883,0.0,1.5047814,1.4323319,0.8756309,0.0,1.3662391,0.16166301,0.6638758,1.0262502,0.0,0.92899,0.0,0.0,1
0.0,0.0,0.6651865,0.42281464,1.2739805,0.0,0.13786243,0.0,0.26252604,0.0,0.0,1.0550014,0.9696326,0.8032676,0.115191564,0.0,0.0,1.5669627,0.0,0.0,0.0,0.0,0.0,1.6354638,0.39613175,0.0,0.16749242,0.0,1.0466745,0.0,0.0,0.21970081,0.0,0.0,0.0,0.0,0.0,0.16365223,0.7468418,0.0,1.3084741,0.0,0.59531265,0.77686167,0.0,0.98509717,0.0,0.0,0.0,1.2310114,0.0,1.141267,0.0,0.0,0.0,0.0,1.4752697,0.0,1.0973465,0.8200968,0.2584724,0.0,0.0,1.4232922,0.0,0.0,1.0303448,0.0,0.49221155,0.7790641,0.0,0.76440513,0.0,0.0,0.15555282,0.0,1.3715537,0.8384152,0.54008925,0.0,0.0,0.0,0.0,0.24489771,0.9568875,0.0,0.0,1.2002068,0.0,0.0,0.97443646,0.0,0.0,0.0,2.5903459,1.4373751,0.0,0.7837403,0.0,0.26738617,0.036424078,0.0,0.68705386,0.0,0.7363578,0.0,0.0,0.15995128,0.17831437,0.5683177,0.6531913,0.0,0.44853696,0.5319134,0.60805136,1.5745494,1.098039,0.80821085,0.49599582,1.1270647,0.0,0.0,0.0,0.0,0.0,1.97248,0.0,0.0,0.40203494,0.0,0.0,1.4627724,1.1251744,0.0,0.2166096,0.0,0.0,0.0,0.0,0.0,0.0,0.0,1.0272796,0.38827497,0.3373785,0.08418734,0.0,0.50790197,1.0381988,0.4696122,0.0,0.0,1.1755018,0.7926894,0.35314235,0.0,0.0,0.0,0.0,0.72446436,0.0,0.0,0.0,1.5851789,0.5997554,0.0,1.4280005,0.50276697,0.6075935,0.0,0.0,0.8847871,1.6666594,0.0,0.0,0.34823117,0.8794258,1.2539932,0.0,0.0,0.6566761,0.25391418,0.68618065,0.7758101,0.0,0.0,0.08273424,0.0,0.6955273,0.58916247,0.0,0.29120687,0.17146298,0.0,4.137775,0.0,0.0,0.016284477,1.6477902,1.1066945,0.6552963,0.7977561,0.55020994,0.0,0.0,0.0,0.84674543,0.0,0.0,0.0,0.77215356,0.4370503,0.0,0.39958408,2.448171,0.0,0.0,0.3833738,0.0,0.633839,0.8673077,0.40455544,0.45717597,1.0759598,1.2298621,0.0,0.0,1.2286568,0.0,0.09246903,0.0,0.0,0.0,0.45990726,0.0,0.7796883,0.10417516,1.0182364,0.0,0.0,0.35301498,0.0,0.09442125,0.0,0.77413785,1.24298,1.2548065,0.0,0.81946963,1.1626043,0.6888419,0.60449904,0.0,1.1156842,0.1775336,0.0,1
