0,1,2,3,4,5,6,7,8,9,10,11,12,13,14,15,16,17,18,19,20,21,22,23,24,25,26,27,28,29,30,31,32,33,34,35,36,37,38,39,40,41,42,43,44,45,46,47,48,49,50,51,52,53,54,55,56,57,58,59,60,61,62,63,64,65,66,67,68,69,70,71,72,73,74,75,76,77,78,79,80,81,82,83,84,85,86,87,88,89,90,91,92,93,94,95,96,97,98,99,100,101,102,103,104,105,106,107,108,109,110,111,112,113,114,115,116,117,118,119,120,121,122,123,124,125,126,127,label
0.0,0.0,1.6523153,0.46555325,0.0,1.3462516,1.145189,0.0,1.5914861,1.0070976,0.0,0.0,0.0,0.005294708,0.4743254,0.0,0.9424203,0.0,0.38754827,0.14625074,0.0,0.0,0.0,0.0,1.5856326,0.0,0.6565772,0.8026822,0.0,0.2328617,2.1442266,0.27484274,1.8227344,0.0,0.0,0.6124968,0.0,0.0,1.1888323,0.9070901,1.071595,0.0,0.6965572,0.0,0.23526266,0.015925381,1.2968354,0.0,1.1819123,0.0,0.6951719,0.0,0.04560754,0.0,0.0,1.639112,0.9842456,2.7290833,3.3387134,1.0041515,1.1887226,1.257713,0.0,1.9346999,0.0,2.6425753,0.0,0.9902334,0.0,0.0,3.0464413,0.62563103,1.9332418,0.15094773,0.0,0.0,0.18464586,0.9126174,0.66100204,0.5957986,1.4399987,0.0,2.1212313,1.8005819,0.92078453,0.42215464,0.5285505,1.2730556,0.0,1.1239454,0.71129394,0.0,1.14164,1.5070481,1.0451857,0.0,1.8080287,0.5649566,0.0,0.16276439,1.4326664,1.8607692,0.0066768974,1.5218613,1.7838755,0.11913662,0.0,1.7738272,0.2696107,2.0923374,0.0,0.0,0.0,2.582773,0.7559702,0.19422236,0.0,0.0,0.0,0.0,0.0,0.0,0.0,0.0,0.0,0.4655895,0.4697569,3.4464452,1
0.0,0.0,0.0,1.2946005,1.4098938,0.29713318,0.0,0.12270053,0.40989587,1.0795193,0.0,0.96475756,1.1212302,0.0,0.0,0.0,2.6140964,0.0,0.0,1.9913275,0.09173422,0.0,0.0,0.0,0.0,0.13222052,0.42086297,1.0582175,0.6795576,1.1419545,0.0,1.593919,1.8145475,0.0,0.0,1.6363342,0.0,0.39687905,1.731776,3.1538577,0.7062314,0.59713775,0.29412284,0.77502114,1.5047501,0.0,2.8465579,0.0,1.1208671,0.0,1.8625306,0.0,1.2162807,0.0,0.0,0.0,0.9209354,1.8531841,1.0670183,1.2033653,0.4338674,0.9608998,0.0,2.4526742,0.0,1.350373,0.0,2.5990133,0.0,0.0,0.4530092,2.3019779,2.6374984,1.1761777,0.22446537,0.0,0.0,0.58142155,3.5478227,0.0,1.3087119,0.0,1.5751575,0.3700671,0.0,1.2065041,1.3738513,0.0,0.017450385,0.42872524,0.19570377,0.0,0.0,1.6265235,0.3657435,0.23849837,0.40192556,1.1966971,0.0,2.4324737,0.0,0.024701076,0.0,0.88873404,1.9030415,1.3932878,0.27162474,0.0,0.75567985,2.306682,1.0634273,0.0,0.0,0.0,0.17229049,1.9017088,0.0,1.1830523,0.0,0.0,0.19177064,0.33000174,0.0,0.12129597,0.0,0.0,0.0,3.1354606,0
0.0,0.0,0.0,0.0,1.1927826,0.1464687,0.8836332,0.0,0.93354774,0.0,0.0,0.52516156,0.0,0.0,0.0,0.0,3.8720505,0.0,0.0,2.2626903,0.0,0.0,0.0,0.0,0.0,1.7655834,0.18481643,1.5903687,1.0514169,1.7148916,0.11272002,1.569805,0.60358083,0.0,0.0,0.026485581,0.0,0.0,0.0,2.827825,0.020611182,2.10554,0.13856786,0.0,0.8600377,0.8887938,1.6252717,0.0,0.0,0.0,1.0614586,0.0,0.40603986,0.0,0.79675335,1.5001067,0.0,0.0,0.0,0.0,0.0,1.2162561,0.24337739,0.0,0.0,2.2857819,1.2041341,2.4780462,0.0,0.0,0.0,1.8285562,0.0,1.319654,0.9941625,0.0,0.748266,0.0,1.4247128,0.7644146,0.7152212,0.0,1.3556271,0.0,0.0,0.82670367,0.83908236,0.60534054,0.0,1.583235,0.0,0.0,0.0,2.2167234,0.0,1.1717291,0.0,3.1705952,0.0,2.0512722,1.6673907,1.5226496,0.020958796,0.0,0.8239615,0.48930353,0.95107985,1.9984139,0.0,0.03575579,1.3870286,1.4826899,0.0,0.0060739685,0.0,1.5147953,0.0,0.0,0.0,0.0,0.0,0.2095925,0.0,0.0,0.0,0.45393854,0.0,0.1209328,0
0.0,0.0,1.1070747,0.77669185,0.19119276,0.4141808,0.3768062,0.0,1.1322645,0.4665883,0.0,0.4765986,0.0,0.50024927,1.1948032,0.0,3.3360844,0.0,1.5703237,0.0,0.0,0.0,0.0,0.0,1.2875562,0.0,0.0,2.0162861,0.0,0.0,0.6344961,0.27981102,2.168177,0.0,0.0,0.8006406,0.19939141,0.7711381,1.4613986,1.0596232,1.5927283,2.0166156,0.8730652,0.019267127,0.0,0.33136985,2.0806997,0.0,1.1330369,0.0,0.82158786,0.0,0.6867544,0.0,0.5085835,0.06410471,1.2223393,1.6420531,1.6580222,1.6886016,1.5622115,1.1348535,0.0,1.4138727,0.0,1.5806438,0.0,2.042472,0.0,0.0,0.7458888,1.7185423,2.457127,0.0,0.0,0.0,0.0,1.1338965,0.79330814,0.9871904,1.8315668,0.0,2.4622588,0.73240954,0.0,1.0231583,0.38587886,0.0,0.0,1.0944519,0.72187656,0.0,0.30617487,2.1042001,0.48101327,0.0,1.6539683,1.4466116,0.0,1.8650402,0.9425304,0.5901475,0.0,0.5765844,1.3144226,0.32842302,0.0,2.0118568,0.5898018,2.6707096,1.774535,0.0,0.0,0.9787194,0.40798992,0.0,0.0,0.0,0.0,0.0,0.6611794,0.29170242,0.0,0.0,0.0,0.18211348,0.03144698,1.0117762,0
0.0,0.0,0.29344612,1.255128,0.252127,0.0,0.10022067,0.2586378,1.3043228,0.4850849,0.0,0.6667039,1.0908904,0.0,0.91275835,0.0,2.0194767,0.0,0.8318235,0.9267957,0.20792174,0.0,0.0,0.0,0.60840523,0.84717,1.3825725,1.4396212,0.0,1.6825927,1.2558364,0.5972252,1.0849991,0.0,0.0,0.5470641,0.0,0.0,0.9977168,1.4259675,2.7484906,1.149572,0.0,1.4820572,1.4195732,0.14487866,2.8593585,0.0,1.1038787,0.0,1.7248139,0.0,0.74196094,0.0,0.0,0.0,1.5182928,2.00366,1.1976228,2.895164,1.1343019,0.6967523,0.0,2.31221,0.0,1.5590614,0.0,2.1306462,0.0,0.0,0.43147406,2.0252812,0.2765456,0.047511887,1.051003,0.0,0.0,0.48179156,1.7363727,0.0,1.7372698,0.0,0.9161994,0.0,0.0,1.7850229,0.15481538,0.0,0.0,0.0,0.5904626,0.0,0.0,0.96148264,0.77978855,0.31592032,0.31491604,2.0351934,0.0,2.2248025,0.52648264,0.041434526,0.0,2.4865837,1.3300033,0.0,0.2910287,1.2077668,0.0,0.9692711,1.0428262,0.0,0.0,0.0,0.0,0.0,0.0,0.31255904,0.0,0.0,0.0,0.0,0.0,0.26178485,0.0,0.72840846,0.0,1.3922473,0
0.0,0.0,1.1042676,0.0,0.27102998,1.4049476,0.7759574,0.0,2.816715,1.6781577,0.0,0.18710843,1.6318072,0.05687585,1.9223325,0.0,0.099822216,0.0,0.84784466,0.7235843,0.0,0.0,0.0,0.68740773,1.227216,0.0,0.22146852,1.0587296,0.23197669,0.40613937,1.5905734,0.589066,1.8021616,0.0,0.0,2.0434768,0.0,0.7300249,2.1658325,1.533794,2.5743315,1.1678413,0.43538576,2.7878158,0.7474244,0.0,1.9018826,0.0,1.2745423,0.0,1.6680896,0.0,1.8740981,0.0,0.0,0.1776964,2.627263,2.2875063,1.2426938,0.38825414,0.34998435,0.4958109,0.0,3.9118335,0.0,1.7643768,0.0,0.08524095,0.0,0.0,2.9384425,0.04756458,2.9740946,0.0,0.60798854,0.0,0.2400924,2.1211076,0.7685379,0.11189971,1.6378849,0.0,0.62125266,1.6647195,0.62407124,0.657032,0.0,0.1097757,0.0,0.41710243,1.0204744,0.0,0.036579184,1.1299348,1.9026811,0.0,2.2508636,1.3297895,0.060489736,0.0,0.9229219,1.4978238,0.34673616,2.0772572,1.4455898,0.34548795,0.0,1.7199346,0.7473602,1.662734,0.9442618,0.63122666,0.0,1.204667,0.0,0.19526505,0.0,1.0403079,0.0,0.0,0.30389172,0.79570097,0.0,0.0,0.0,0.0,0.0,2.9320114,1
0.0,0.0,1.335304,1.472245,2.1385486,0.15838303,0.7915053,0.0,1.4339851,0.23015065,0.0,0.0,0.04484583,0.0,0.8132722,0.0,2.7683582,0.0,0.058811262,0.77998525,0.42275953,0.0,0.0,0.0,1.4110494,0.0,1.5065382,2.6815317,0.59340554,1.2351408,0.16567947,1.4995836,2.1902661,0.0,0.0,2.477387,0.0,0.8785014,0.0,3.56589,1.8363264,2.1563962,0.4789212,0.13787785,1.3669003,0.0,1.3388114,0.0,0.45489067,0.0,2.499127,0.0,0.36537847,0.0,0.0,0.0,0.8107219,1.3765906,1.2440243,2.4254827,1.6653411,0.18139194,0.0,0.18316445,0.0,1.6082542,0.0,1.5936339,0.0,0.11094041,0.57752234,1.7191954,1.201343,0.82351434,0.8441253,0.0,0.0,0.0,2.8847003,0.0,0.55133307,0.0,1.5249054,0.63527745,0.0,0.9322211,0.0,0.0,0.0,0.76563644,0.07514445,0.0,0.0,2.0800877,0.0,0.8111912,1.5425994,2.670979,0.26433825,2.5747082,1.2556367,0.004886647,0.11172782,0.91770464,1.6991309,0.22350113,0.61546546,0.13846801,0.0,0.547229,0.78483933,1.1997292,0.0,0.0,1.5333332,0.90299755,0.0,1.9004207,0.0,0.0,0.0,2.0932307,0.0,0.7601415,0.0,0.38543418,0.0,1.0745648,0
0.0,0.0,0.0,0.8401918,0.5706084,0.0,0.0,0.0,0.0,0.8095134,0.0,0.8032071,0.0,0.119205505,1.1062241,0.0,3.4106889,0.0,1.0956292,1.6269803,0.0,0.0,0.0,1.1104625,0.0,0.0,0.22035052,1.8996859,0.8872648,0.15259099,0.1774468,1.7050217,0.5954484,0.0,0.0,0.75744224,0.0,0.11479763,2.4806108,3.129896,0.0,0.9252239,1.8106196,0.19129163,0.12934342,0.0,1.8052703,0.0,0.09807438,0.65725493,0.0,0.0,2.5007937,0.0,0.2332673,0.9487522,1.9914861,0.15487322,0.0,1.5471023,1.536042,1.3858856,0.0,0.26926422,0.0,0.35222155,0.23120178,3.0807137,0.0,0.0,0.83629173,3.2972,2.7088473,0.0,0.0036125141,0.0,0.0,0.0,0.8078461,0.041371647,0.5371512,0.0,1.4001561,0.8908547,0.26712903,0.1659359,0.11217973,0.0,0.50085056,1.1189051,1.0596204,0.0,0.0,2.2307544,0.47241125,0.0,1.3800514,0.15133335,0.0,2.181258,0.0,0.0,0.0,1.2449262,2.7039802,0.7909511,0.017186092,1.3451786,0.27198634,1.6883733,0.30078134,0.9100719,0.0,1.3897611,0.96480244,0.6888675,0.0,0.0,0.0,0.0,0.0,0.32163057,0.0,0.0,0.0,1.0188651,0.7954354,1.2446374,0
0.0,0.0,0.67199194,0.6126637,1.1592053,1.3242307,0.39376187,0.0,2.63791,1.3372939,0.0,0.0,1.5734687,0.26021782,0.80227387,0.0,1.9345691,0.0,0.4702862,1.404428,0.2008375,0.0,0.0,0.0,0.9056388,0.0,0.0,1.4893972,0.0,0.7663124,0.100931175,1.657884,1.8945609,0.0,0.0,2.0345209,0.0,0.7493315,2.6667132,2.479993,1.07822,0.7770238,1.0282738,0.92759216,0.0,0.0,2.9429178,0.0,1.0388094,0.0,1.3186419,0.24348734,2.6634877,0.0,0.030012267,0.0,1.5635972,1.6336926,1.1766452,1.0575602,0.07030602,0.74914294,0.0,2.527091,0.0,1.0349598,0.0,0.7729256,0.0,0.0,2.1353595,0.95246774,2.3852975,0.0,0.0,0.0,0.0041078636,0.51144177,0.49180353,0.0,0.97992635,0.0,1.0031834,0.75203174,0.0,1.8729458,0.131508,0.6390388,0.0,1.2001374,0.8653787,0.0,0.0,2.0514364,1.7818549,0.72801304,1.8132477,1.7746811,0.0,0.6568924,0.12278795,1.139425,0.86735654,1.049917,0.23127513,2.1436622,0.0,2.1435146,0.41936085,0.61704594,0.47246835,0.056591704,0.0,0.9110919,0.0,0.0,0.0,0.22231711,0.0,0.0,0.4202568,0.0,0.0,0.0,0.0,0.110185586,0.0,3.0534744,0
0.0,0.0,0.12357614,0.28601602,0.91076416,0.07659489,0.25105286,0.0,0.75067294,0.8069665,0.0,0.0,0.0,1.9060547,0.0,0.073263444,4.0814857,0.0,1.3354838,0.7925934,0.0,0.0,0.0,0.0,0.47807682,0.0,2.1548004,1.4214114,0.6513576,0.0,0.16299929,0.72214496,2.0376983,0.0,0.0,1.5678074,0.7249417,1.9411105,1.8631624,3.2302687,0.04684861,0.4947942,0.78057754,0.16887435,0.21383625,0.0,2.1420734,0.0,0.8342574,0.0,0.7932077,0.0,1.1215476,0.0,0.085226044,0.78777456,0.7541565,1.8164068,2.2033176,1.1711386,1.5211387,1.8882614,0.0,0.0,0.0,1.9310447,0.0,3.700554,0.0,0.0,1.1800014,3.0192266,1.6728005,0.0,0.66894,0.0,0.0,0.4270969,1.8508295,0.3641833,0.5099068,0.0,1.4221871,1.3789805,0.5524855,0.0,0.15806893,0.0,0.0,0.0,0.32302448,0.0,1.5054226,1.3382766,0.0,0.0,0.8359092,1.5207137,0.0,1.6297848,0.0,1.3104085,0.85017115,0.0,2.0959332,0.0,0.0,1.2675971,1.8914012,2.7973988,1.0890043,0.3778896,0.0,0.0,0.014940787,0.14817718,0.0,0.0,0.0,0.0,0.0,0.02313994,0.0,0.0,0.0,0.0,0.15364836,2.5922544,0
0.0,0.0,1.5070438,2.1149192,0.0,0.63370836,0.4462823,0.0,1.0376631,1.9436102,0.0,0.5878269,0.81446135,0.38953653,0.4105588,0.0,2.402021,0.0,0.0,2.1899629,0.41151896,0.0,0.0,0.0,1.2569664,0.0,0.77728796,1.3613436,0.0,0.0,0.0,1.6020128,2.1535654,0.0,0.0,1.677572,0.0,0.83981997,2.0010812,0.23880476,2.246073,1.118734,0.62676805,1.3001688,2.1891654,0.0,2.0724144,0.0,0.0,0.0,2.854515,0.0,1.6250126,0.0,0.78160834,0.0,1.4664662,2.095324,0.52460694,2.3244772,2.274432,0.22055279,0.0,1.3996714,0.0,1.6653408,0.0,2.1530576,0.0,0.0,1.125201,2.1875772,3.0791464,0.06810628,0.0,0.0,0.0,0.0,0.1975174,0.45230275,1.537007,0.0,1.2809774,0.5258452,0.0,0.661653,0.0,0.4055697,0.0,1.02612,0.21075734,0.0,0.0,0.5331006,0.83587974,0.07438549,0.48289347,1.2553488,0.21384569,1.9462014,0.0,1.3286941,0.0,1.2702876,2.1395628,1.4438932,0.0,0.0,0.5535556,1.4126002,1.2551639,0.0,0.0,0.8346417,1.2331905,0.0,0.0,1.1122319,0.0,0.0,0.784642,0.0,0.0,1.398469,0.0,0.0,0.0,1.9217852,0
0.0,0.0,1.7685103,0.15136066,0.6146229,0.0,1.6015416,0.0,0.704522,1.1869124,0.0,0.0,1.0907431,0.0,0.32353175,0.0,2.6091094,0.0,0.56201226,1.1522655,0.0,0.0,0.0,0.0,0.82041395,0.83524907,0.0,1.0491384,0.10623444,0.7369495,0.27915445,1.6453588,1.490746,0.0,0.0,1.850061,1.3156365,0.0,2.2517295,1.1058924,1.0945472,0.0,1.8355496,0.0,0.83135056,0.0,2.482213,0.0,0.0,0.06450832,1.4581001,0.9421206,0.15591156,0.0,1.53235,0.0,2.0030515,0.0,0.0,0.8205021,1.1549981,1.6974002,0.0,1.225252,0.0,1.3807634,0.20673348,1.5820428,0.0,0.0,0.2634842,2.5222182,0.6756916,0.0,0.962267,0.0,0.0,0.7588282,0.26674378,0.0,1.6254578,0.0,2.0890806,1.1685315,0.0,1.2832873,0.0,0.0,0.0,2.7151172,0.0,0.0,0.77666473,2.1108131,0.0,0.0,0.43614045,2.1209068,0.0,1.7672515,1.1566622,0.0,0.0,0.8221562,0.33593968,0.5793315,0.11788054,1.8993195,0.0,0.0,1.7082396,0.39136174,0.0,0.8816767,0.48569977,1.1929178,0.0,0.0,0.0,0.0,0.0,0.0,0.0,0.0,0.0,0.0,0.0,0.0,0
0.0,0.0,1.3629127,0.834363,1.0910132,1.2644156,0.49414125,0.0,2.0007815,1.2850922,0.0,0.5546209,0.6354892,0.6034441,0.74337345,0.0,0.5040051,0.0,0.4095859,0.635522,0.25326255,0.0,0.08840183,0.25764272,0.07674919,0.0,0.0,2.3219876,0.0,1.8394948,0.50223446,0.9114449,2.0298374,0.0,0.0,1.252276,0.2588876,0.9306751,1.7535284,2.40555,0.61762893,0.4342398,0.33747786,0.41006806,0.0,0.0,2.354399,0.0,0.88221395,0.012887715,2.1952274,0.0,1.9697077,0.0,0.693644,0.0,2.9693537,2.5285637,1.3220367,0.34255674,0.58591425,1.0954685,0.0,2.9364057,0.0,2.4801297,0.0,0.92833537,0.15342027,0.0,1.5939407,0.50469995,3.7309408,0.0,0.0,0.0,0.34083506,3.030693,1.5748786,1.0618289,1.5788847,0.0,1.1932057,1.7457179,0.35897884,1.2586682,0.0,0.81385994,0.0,2.5591516,1.3509574,0.0,0.00062391814,2.4864829,2.125192,0.0,1.7291911,0.9363166,0.0,0.21086651,1.7810425,2.3359196,1.0379212,0.16696893,1.5916904,1.9916134,0.0,1.5256584,0.44254935,1.3729573,1.0515782,0.0,0.0,1.3367153,1.6777582,0.0,0.0,0.03044544,0.0,0.0,0.0,1.1147466,0.0,0.0,0.0,1.3510932,0.0,1.6893616,0
0.0,0.0,0.0,1.5903621,0.96215034,0.0,0.5605167,0.34497932,0.34693614,0.8956967,0.0,0.0,0.7887773,0.63256884,0.51464313,0.0,0.76509035,0.0,0.0,3.793555,0.28770378,0.0,0.0,0.0,1.1789362,0.71635187,1.4540954,0.70365095,0.08111518,1.4567696,0.0,2.2920249,3.1623666,0.0,0.0,0.5835815,0.0,0.53627664,2.8116627,0.94425,0.519409,0.5258406,0.0,0.41369528,1.4667505,0.0,2.6129892,0.16454545,1.4864451,0.19008934,3.365567,0.0,2.5025797,0.0,0.5108585,0.5696316,2.0597467,1.3102938,1.5273466,0.7730344,0.5464449,1.5694075,0.0,0.8952406,0.0,0.90837467,0.0,1.5504827,0.0,0.0,0.0,1.8837221,0.0,1.2127626,1.3036997,0.0,1.021992,0.8775862,0.48030925,0.12756798,0.0,0.0,0.92040026,2.2935565,0.28291062,1.6670165,0.0,0.0,0.0,1.5437839,0.0,0.0,0.59097207,1.8622437,1.1370124,1.6168482,0.0,2.1357515,0.0,1.9471953,0.2408827,0.75588465,1.0247904,0.6756297,1.4876248,0.51437604,1.4162211,1.1685079,0.0,1.0553763,0.7642873,0.0,0.0,0.0,0.660687,0.56712013,0.0,1.1017313,0.0,0.0,0.0,0.0,0.0,0.25513262,0.1237949,0.0,0.0,2.6607738,0
0.0,0.0,2.6573331,1.95626,0.9176273,0.0,0.9572399,0.0,0.7251713,0.9449542,0.0,0.0,0.0,0.27092084,0.4874312,0.0,3.183672,0.0,0.17711575,1.2367599,0.0,0.0,0.0,0.0,1.5616031,0.0,0.7804172,1.9688964,0.0,0.0,0.0,1.1614823,1.7960979,0.0,0.0,2.0206757,0.0,0.15613969,1.2596211,1.713748,0.0,2.2062366,0.0,0.0,1.0169944,0.0,2.3466585,0.0,1.5517007,0.0,0.6175079,0.0,1.2223483,0.0,0.83114487,0.059209798,2.9507565,0.36843732,0.56705683,0.9418304,1.0587381,1.0358042,0.0,0.43545437,0.5220131,0.0,0.0,2.3017013,0.0,0.0,0.88318616,1.7232594,1.9588579,0.6762704,0.0,0.0,0.0,1.0180088,2.3438659,0.99756575,1.6140953,0.0,2.3178492,1.2588779,0.0,0.0,0.25286207,0.8199483,0.0,0.36267865,0.8025785,0.0,0.88710177,1.6463495,1.3149791,0.0,2.0301077,1.5987259,0.0,1.2635725,1.2240173,1.0734028,0.0,0.19576423,2.129406,0.07559098,0.0,1.1535872,0.049709328,1.7956878,0.83487755,0.0,0.0,1.0790821,1.1462702,0.53717405,0.0,0.0,0.0,0.0,0.0,0.17273347,0.0,0.0,0.0,0.048494298,0.0,1.2377902,0
0.0,0.0,1.4743271,1.3230984,0.73055637,0.0,2.0974085,0.0,0.12178478,1.0282501,0.0,1.3824213,0.19601496,0.0,0.0,0.0,2.3022423,0.0,0.47554123,2.395419,0.0,0.0,0.0,0.0,0.33842754,0.0,0.3698997,2.0952559,0.8534058,0.6316527,1.2978357,2.322876,1.7846351,0.0,1.1550806,0.20839429,0.0,0.0,0.31090432,1.653244,2.159999,0.5258749,0.0,0.24344161,0.0,0.0,1.3803332,0.0,0.0,0.0,1.6510112,0.0,0.08717892,0.0,0.0,0.0,0.899609,0.56085527,0.14690648,2.591031,0.7631867,2.4809065,0.0,0.73885167,0.0,2.0227714,0.0,1.8467308,0.0,0.0,1.4052546,2.0955455,0.6645989,0.5089726,0.0,0.0,0.79778874,1.0246536,0.3109051,0.105784796,1.8331246,0.0,0.98369765,0.0,0.0,1.5751154,0.14003302,0.0,0.0,3.1202989,1.3578646,0.0,0.0,2.7283363,0.64119774,0.50191194,1.3227322,3.0479178,0.0,2.6453235,0.0,0.8714985,0.12636255,0.7930256,2.933185,0.061485097,1.1891626,0.40947416,0.0,1.024048,0.94670016,0.0,0.0,1.1565856,0.2122659,1.9851118,0.0,0.0,0.0,0.0,0.84524417,0.28892884,0.0,0.0,0.0,1.4747964,0.0,1.199845,0
0.0,0.0,0.0,0.5538929,1.4544297,0.0,1.1881747,0.0,1.4340334,1.0048963,0.0,0.26893142,0.7304934,0.22960827,1.5536277,0.0,3.7944021,0.0,0.3066321,1.7901149,0.0,0.0,0.39774793,0.0,0.96756744,0.53809637,0.9431428,2.1353197,0.9562094,0.10125393,0.0,1.1394783,1.528425,0.0,0.077549785,2.9510453,0.0,1.4276978,1.0753419,2.2690032,1.129613,0.91696024,0.0,1.4265631,0.9364651,0.0,1.603339,0.0,0.20114702,0.0,2.1616085,0.0,0.50312734,0.0,0.61174536,0.0,3.0446184,0.0,0.0,0.0,0.0,1.6686122,0.0,0.9178856,0.19776739,1.1652211,0.0,2.3120751,0.0,0.0,1.0554605,0.38435796,0.56764406,0.9268802,0.16191064,0.0,1.0784731,1.3477052,0.52621514,0.3200331,0.23162556,0.0,0.92299616,1.3236041,0.0,1.1029739,0.0,0.0,0.0,1.0422941,0.6453698,0.0,0.0,1.547048,0.09503576,0.92561567,1.8054899,2.0510917,0.14049156,2.4192715,1.0950035,1.2385747,0.0,0.96251696,0.92113525,1.1058847,0.46474618,0.18448634,0.0,2.2248192,1.007929,0.0,0.0,0.7798212,0.0,1.5281247,0.0,0.0,0.0,0.0,0.0,0.13614364,0.0,0.0,0.0,0.9000047,0.0,2.4511147,0
0.0,0.0,0.23375075,0.8221429,0.7843712,0.0,1.5614884,0.0,1.4706233,0.47616234,0.0,0.0,1.5207847,0.0,0.522473,0.0,2.7017803,0.0,0.0,2.3777392,0.0,0.0,0.0,0.0,0.8354064,1.9727969,0.9918572,0.252825,0.26745576,1.2571352,0.0,1.5952915,0.8621386,0.0,1.2559211,1.325915,0.0,0.0,0.59012663,2.8655596,0.0,0.78929585,0.0,0.0,1.5664881,0.31997165,2.2906835,0.23530129,1.4248829,0.0,1.3257134,0.0,0.80228025,0.0,0.60014766,1.1518654,2.4938648,0.0,0.0,0.0,0.0,1.7891128,0.0,0.33552733,0.0,0.799533,0.0,1.7328389,0.0,0.0,1.2294351,2.968861,0.0,2.1329663,0.0,0.0,1.8103139,1.2706715,0.16500753,0.0,0.3981981,0.0,0.4863619,1.5112245,0.0,0.99980676,0.0,0.0,0.0,2.0436802,0.4950705,0.046998918,0.0,1.1370063,1.4906291,1.6179622,0.0,2.7307549,0.0,2.8153186,0.5486529,0.90318835,0.09921865,1.0697571,1.0398229,0.78878534,1.2027295,1.5933639,0.0,1.3032056,1.7017509,0.20384075,0.0,0.0,0.0,1.5121516,0.0,0.0,0.0,0.0,0.0,0.19820781,0.0,0.0,0.0,0.2827852,0.0,2.1394043,0
0.0,0.0,0.5532358,1.4232318,1.5541377,1.8108164,1.6261255,0.0,1.8949779,0.44232103,0.0,0.5704603,0.65259606,0.0021176613,1.1876137,0.0,1.9543347,0.0,2.1070938,0.0,0.0,0.0,0.57886565,0.0,0.72222376,0.0,0.0,1.9508295,0.0,1.2984526,0.64433026,0.40784007,0.34767687,0.0,0.0,0.4614368,0.0,0.21176933,1.8392565,2.399038,0.8360863,1.9352924,0.88288325,1.4675916,0.0,0.0,2.5772874,0.0,0.87501246,0.6044148,1.000221,0.0,1.8150542,0.0,0.90888596,0.0,2.040932,0.7827313,2.1791751,1.0579383,1.074894,0.9573715,0.02075291,3.155306,0.0,1.4902548,0.0,0.74833137,0.97291565,0.0,0.17083403,1.896918,2.4145894,0.0,0.0,0.0,0.0,1.9100921,0.4558469,1.500911,0.5713736,0.0,2.216673,1.121744,1.0103334,1.0224928,0.0,0.5017994,0.0,2.563386,0.61408585,0.0,0.115666024,1.4866415,0.595588,0.0,1.9935671,0.20077898,0.53793687,0.0,2.714639,3.0746,0.7039867,0.6922419,1.2497659,0.0,0.21560274,1.516467,2.227741,1.1179463,1.065257,0.08086623,0.0,0.0,0.30868655,0.0,0.0,0.0,0.0,0.0,0.0,0.45068842,0.0,0.0,0.0,0.7755209,0.0,0.8333865,0
0.0,0.0,2.2396164,1.5618818,0.47682574,1.197148,1.3042129,0.0,2.6648142,2.6885633,0.0,0.030052148,0.68105716,0.50218415,1.4010358,0.0,0.889469,0.0,0.2775845,0.0,0.0,0.0,0.890393,0.011045536,1.683098,0.0,0.0,1.9032059,0.0,0.961951,0.6807467,1.2842771,2.2696772,0.0,0.0,3.0697968,0.0,0.3759647,2.859355,1.4227455,0.0,0.15552609,0.0,1.8173678,0.0,0.28220436,1.4760203,0.0,0.82196766,0.089751005,1.7534304,0.0,1.4601399,0.0,0.3415023,0.21395704,2.8073897,1.8908719,2.5131755,1.6240782,1.0294881,0.7016164,0.0,1.89144,0.0,0.5419102,0.0,1.0476296,0.0,0.0,1.0854046,0.0,2.7648194,0.0,0.15990454,0.0,0.16723141,3.4533927,0.84290403,0.3232785,1.3410984,0.0,1.9862751,2.2433474,1.250999,0.12043071,0.0,0.79485947,0.0,1.4403529,0.75737154,0.0,0.0,0.0,1.6923503,0.0,2.557288,0.6201831,0.0,0.0,0.9704857,1.9533548,0.0,1.0478139,1.1974492,1.244167,0.29709572,1.1950146,1.4479825,1.3937714,0.42712972,0.0,0.0,1.7734842,0.98881674,0.0,0.0,0.96654254,0.0,0.0,0.110493004,1.1214831,0.0,0.0,0.0,0.0,0.0,2.0136285,1
0.0,0.0,0.23941846,2.6983876,0.3607863,1.2413507,0.12124889,0.0,0.0,0.7003187,0.0,0.29254967,0.63717955,0.54536533,0.0,0.0,4.6762295,0.0,0.3746766,0.35768566,0.0,0.0,0.0,0.0,1.1044581,2.2403286,3.172023,2.3914728,0.0,0.0,0.0,0.2347597,1.7363179,0.0,0.722857,2.9239485,0.26828277,0.0,0.9905701,0.79222924,1.3192134,1.5514694,0.0,1.3668131,1.5975128,0.0,0.39123282,0.0,0.3300413,0.0,2.9972336,0.0,0.4125038,0.8248139,0.0,0.0,2.0756667,1.7226691,0.3640152,0.7457917,1.3357396,0.3642217,0.0,0.0,0.0,0.98265666,0.0,0.89420134,0.0,0.0,0.0,2.4071634,0.0,0.4065365,0.23855257,0.0,0.7343323,0.0,0.0,0.24931386,1.0512213,0.0,0.0,0.0,0.61555046,1.085855,0.0,0.21729968,0.0,1.2333381,0.0,0.0,0.0,1.7321305,0.0,0.18014713,0.42224178,1.1779703,0.0,2.8743594,0.0,0.0,0.0,2.065479,2.9898708,0.13398375,0.0,0.0,0.29099724,0.8129549,0.79541683,0.43229917,0.0,0.42830846,0.7731618,0.0,0.0,0.27152503,0.0,0.0,0.0,0.0,0.0,0.0,0.0,0.5522888,0.0,1.2245858,0
0.0,0.0,2.5175707,0.7922177,0.0,1.1628106,1.7621139,0.0,1.3629098,2.1037421,0.0,0.0,0.117700085,0.36913827,0.0,0.0,1.2029512,0.0,1.2022009,1.7602502,0.0,0.0,0.32778734,0.0,2.3528714,0.0,0.20315324,0.65031177,0.9184948,0.0,2.0144274,1.8512139,1.8592911,0.07602503,0.0,2.1332934,0.0,0.0,1.0100281,1.2202089,0.6593471,0.807182,1.0061898,0.15794614,0.31149158,0.0,1.0610785,0.0,0.0,0.0,0.7543433,0.0,2.3700993,0.0,0.0,0.51072526,1.6414436,2.212774,0.794099,1.7906111,1.4927896,1.9947029,0.0,0.85483515,0.0,1.7749363,0.0,0.6646126,0.0,0.0,3.071181,0.0,1.8492888,0.85332096,0.0,0.0,0.0,2.127221,0.0,0.40722764,0.9462749,0.0,1.7592303,1.5591213,0.9562364,0.0,0.0,0.705968,0.0,2.0288677,0.0,0.0,1.954805,1.0281396,1.5637488,0.34756228,1.5521789,0.0,0.0,0.0,1.432932,2.0612733,0.033312544,0.0,1.6838055,0.0,0.07316308,0.9684233,0.7747123,0.7105569,1.7304798,0.0,0.0,2.058439,0.13842623,0.021664714,0.0,0.0,0.0,0.0,1.2283555,0.0,0.0,0.0,0.0,0.39502057,1.6373051,2.8733425,1
0.0,0.0,0.9980793,1.415567,0.0,0.3164241,0.0,0.0,0.6755604,0.69934744,0.0,0.0,0.0,0.28364366,1.9549778,0.0,1.8166817,0.0,0.29132643,1.3774983,0.7705931,0.0,0.0,0.0,1.1818812,0.0,0.0,2.117125,0.0,0.59394807,0.5836431,0.0,0.49483716,0.0,0.0,0.046706695,0.0,0.0,1.8509891,2.8622272,1.9451615,1.8222448,0.0,0.96703976,0.29407743,0.0,0.9521196,0.0,0.0,0.0,2.38084,0.23826776,1.390306,0.0,0.0,0.72391665,2.6285825,1.0082872,0.46213004,2.0559738,0.31085488,1.2550758,0.0,3.081905,0.0,1.240516,0.0,1.1182225,0.0,0.0,1.6545966,1.6747414,1.4710518,0.0,0.6147031,0.0,0.0,0.8842886,0.9321215,0.0,0.2337116,0.0,1.8620337,0.52281785,0.72409123,0.9771703,0.0,0.5133392,0.0,1.6283408,0.767465,0.0,0.0,2.261958,1.1947508,0.0,0.9491952,1.009822,0.0,2.2933338,0.85617876,0.0030007376,0.17455839,1.8924011,0.8710001,0.0,0.073270515,2.4591014,0.0,2.7151859,1.0355009,0.9386752,0.0,1.2920771,0.62489134,0.0,0.0,0.0,0.0,0.0,0.0,1.0766692,0.0,0.0,0.0,0.22032808,1.3803871,1.1904523,0
0.0,0.0,0.90872985,0.0,0.30936423,0.7299121,1.1031833,0.0,1.5782772,0.07840786,0.0,0.0,0.0,0.85810876,0.0,0.0,2.813547,0.0,2.1298497,0.0,0.0,0.0,0.48716158,0.0,0.17663972,0.0,0.0,1.8805472,0.0,0.88888586,0.40318155,1.397358,1.0338817,0.0,0.0,0.8071064,0.35383075,0.34699798,2.167327,3.3097398,0.52676475,0.0,1.2038857,0.47193006,0.0,0.0,3.5549376,0.0,0.61154824,0.124771476,0.7786277,0.67328876,0.98591644,0.0,0.5327303,0.0,0.19281942,0.9873826,2.256887,0.14092243,0.8762677,1.8451227,0.22451663,2.846698,0.0,1.818559,0.0,1.2829866,0.0,0.0,1.0562962,3.2197115,2.572851,0.0,0.0,0.0,0.0,1.3077024,0.921396,0.6646511,0.0,0.0,2.853064,1.1891418,1.089131,1.9105434,1.5647681,0.5654175,0.0,0.8856069,0.9894977,0.0,0.10588262,1.5850155,1.2324141,0.0,1.5339504,0.1473874,0.0,0.8332226,1.0500441,1.8487902,0.0,0.85477304,1.4223124,1.609043,0.569796,1.3667154,0.6263463,0.46963617,1.9242728,0.0,0.0,0.18599238,0.07372586,0.0,0.0,0.0,0.0,0.0,0.0,0.0,0.0,0.0,0.0,0.0,0.0,1.2203841,0
0.0,0.0,0.730716,1.008114,0.0,1.5916592,0.492415,0.0,1.4121299,2.1064079,0.0,0.0,1.2144142,0.14174071,1.7507148,0.0,0.54822063,0.0,1.0097116,0.25073504,0.7080972,0.0,0.0,0.0,0.35771936,0.0,0.0,1.7739108,0.0,0.14254355,0.7975185,0.2359081,1.2297714,0.0,0.0,1.6982003,0.0,0.8742256,2.2669454,1.7479105,0.95268464,1.1713282,0.6037466,2.6579576,0.39304528,0.33161888,2.02428,0.0,1.04786,0.0,1.8176961,0.0,2.5270436,0.0,0.0,0.0,3.1634521,2.3318574,2.3575563,0.89560866,0.5349553,1.021813,0.0,3.629775,0.0,2.1095715,0.0,0.16013892,0.0,0.0,2.3184073,0.2129301,2.7812545,0.0,0.0,0.0,0.0,1.4755132,0.6571678,0.55610096,2.3279488,0.0,1.1242378,1.329829,0.0,0.23216233,0.50729585,0.97139066,0.0,1.006642,1.0519264,0.0,1.4111216,1.8001237,0.98343307,0.0,2.1156578,1.4925472,0.064984046,0.0,1.2389967,1.249178,0.8175735,1.435714,1.2000219,0.0,0.0,1.417308,0.52124316,1.5594217,0.61442494,0.03435053,0.0,1.3814062,0.38630646,0.0,0.0,0.6295174,0.0,0.0,0.9515712,0.61306554,0.0,0.3198809,0.0,0.048648972,0.0,3.2687268,1
0.0,1.7908471,0.0,0.0,2.3111908,1.3120213,1.5706614,0.0,0.27690747,0.0,0.0,0.9956004,0.0,0.0,0.0,0.0,2.5600688,0.0,0.0,0.17474586,0.0,0.0,0.5420226,0.0,1.6222353,0.0,0.0,1.1020327,1.4805743,1.102812,0.4187572,1.155183,0.52447313,0.0,0.8943766,1.2629211,0.10536192,0.6442885,1.0284638,1.6312634,0.24604098,0.0,0.87283355,0.0,0.68246764,0.0,3.0150025,0.0,1.6629264,0.0,0.0,0.24434225,1.2712414,0.0,0.74768776,0.16469394,2.0326774,0.3519827,1.2035642,0.0,2.1220508,1.7703062,0.0,0.58099693,0.0,2.199399,0.088443294,2.862851,0.4097095,0.0,0.6302114,1.7932286,2.211395,1.4582366,0.0,0.0,0.019837648,0.0,1.3330373,0.0,0.21170902,0.0,1.9771858,0.81923777,0.0,0.98971134,0.543216,2.4098535,0.11828359,0.0,0.6807334,0.0,0.0,1.2153014,0.5214545,0.0,2.8327363,2.4003954,0.0,0.0,1.896094,0.9212327,0.0,0.0,0.6816206,0.69633627,1.5560527,1.2214695,0.5575743,2.1069312,0.25319293,0.0,0.0,0.66020036,1.5492963,1.1013262,0.0,0.0,0.0,0.0,0.0,0.0,0.39330408,0.0,0.0,1.9200126,0.0,0.78099716,0
0.0,0.06513519,0.0,0.37103423,0.44521174,0.17203496,1.4926076,0.0,2.0124931,0.0,0.0,1.0842768,0.47868967,0.0,1.1559669,0.0,2.809678,0.0,0.18523492,2.3778756,0.0,0.0,0.0,0.0,0.48051223,0.0,0.45634228,1.3606094,0.49534756,0.8623153,0.0,0.8192721,1.7826781,0.0,0.06006205,2.2366707,0.54390556,0.105122276,0.6477814,2.3995426,0.9354067,0.29745525,0.072650135,0.8689382,0.4544373,0.0,1.4509853,0.0,1.4175996,0.0,2.0048826,0.0,1.0382116,0.0,0.2893849,0.0,1.8156078,2.2671764,0.703701,0.98101014,0.30476502,0.0,0.0,1.3712255,0.0,1.1074857,0.0,2.5234196,0.0,0.0,0.45241752,1.4827607,2.0841525,1.4831548,0.92365795,0.0,0.2079713,0.8224972,0.8698193,0.8392366,0.6680037,0.0,0.31383413,0.32108575,0.0,2.2017007,0.271878,0.0,0.0,1.6987467,0.40273824,0.0,0.0,1.5090312,1.7102948,1.2725027,1.7813882,2.829086,0.0,2.663127,0.3369067,1.0494533,0.72158897,1.676212,2.090432,1.2868701,0.96885407,0.9995498,0.0,1.0382218,0.9411921,0.0,0.0,0.36433908,0.56624514,0.8552442,0.0,1.0087416,0.0,0.0,0.08056694,1.1312993,0.0,0.0,0.0,1.9668074,0.0,1.848142,0
0.0,0.0,1.3828411,2.1496644,1.2072718,0.37922332,0.5730329,0.0,2.0744665,0.8709671,0.0,0.0,0.0,0.054950442,1.6339245,0.0,3.199502,0.0,0.0,0.15508284,0.0,0.0,0.0,0.0,1.6152229,0.0,0.0,2.471333,0.67719704,0.36143327,0.0,1.3930961,1.4791263,0.0,0.68172795,1.8090969,0.2509657,0.0,1.9454072,3.1625228,0.0,1.3750175,0.46230024,0.0,0.7231758,0.0,1.9268501,0.0,0.25431836,0.0,0.58316106,0.8198765,1.7898268,0.0,0.0,1.0231826,2.735505,0.0,0.0,0.5987147,0.6533911,1.6994859,0.0,1.9902077,0.0,1.3187695,0.0,2.1560123,0.0,0.0,1.4428912,1.8704016,2.0510142,0.0,0.0,0.0,0.67845356,0.8280804,1.3480624,1.0015604,0.56485367,0.0,1.0051683,1.1531816,0.24317506,1.4176517,0.0,0.33030388,0.0,1.0100753,1.2969632,0.0,0.0,0.17229985,1.7171394,0.72764796,1.6110461,1.2490534,0.0,2.1746564,0.8956131,1.3854119,0.0,1.3293278,1.3452781,0.5867367,0.25426313,2.628238,0.0,2.6096797,1.6159797,0.57032007,0.0,2.224009,0.3289345,0.29711655,0.0,0.0,0.0,0.0,0.0,0.543583,0.0,0.0,0.0,0.29640588,0.0,2.3590686,0
0.0,0.0,0.0,0.32480124,0.5372672,0.6659904,0.0,0.0,0.0,0.0,0.0,0.0,0.8525024,0.0,0.7667708,0.0,1.8908862,0.0,0.0,1.9605994,0.0,0.0,0.0,0.6338246,0.7304448,0.0,0.0,2.3289099,0.0,2.1206338,0.09902612,3.530682,1.6973064,0.0,0.86737794,1.6671954,0.0,0.0,0.7603448,4.6739464,1.0527858,1.5962883,0.0,0.0,0.6028281,0.0,2.5469131,0.8685718,0.88190943,0.28563082,2.812095,0.0,0.02824587,0.0,1.2813809,1.1035594,0.0,0.46633533,0.0,0.64726555,0.0,2.006556,0.0,0.0,0.0,3.1923718,0.0,0.7143351,0.0,0.0,0.0,1.4740717,0.0,0.1788875,0.0,0.0,0.8207567,0.54088,0.0,0.0,0.0,0.0,1.5786277,0.0,0.0,3.1571362,0.0,0.0,0.0,4.1414995,0.42939678,0.14131379,0.0,2.7427492,1.242638,2.897192,1.0483636,1.2709304,0.0,2.6202805,0.6107389,1.4175048,2.7445831,0.0,2.0615747,0.87676406,1.041904,0.5852425,0.13945435,0.0,0.0,0.0,0.0,0.0,0.0,1.2850016,0.0,0.0,0.0,0.44260558,0.0,0.12944163,0.0,0.0,0.0,0.0,0.0,2.184216,0
0.0,0.0,0.0,0.37096962,1.9481765,0.0,1.669321,0.0,1.6329122,0.0,0.0,0.6481561,0.77053565,0.0,1.183705,0.037979066,2.278695,0.0,0.89676183,1.3963432,0.19077921,0.0,0.0,0.0,0.16914485,0.0,0.8460311,0.67027074,0.3686355,1.4767283,0.0,1.5338874,1.5932136,0.0,0.90870327,1.5011046,0.0,0.0,1.1250236,2.0897372,2.4240913,1.4790331,0.0,0.39562836,1.2909261,0.0,1.9510971,0.0,0.0,0.0,1.9672194,0.23891132,0.55990785,0.0,0.12453343,0.84987444,1.6627197,0.07599291,0.0,2.8839827,0.98576385,1.4520522,0.0,0.70592743,0.17816733,1.243337,0.0,1.6077809,0.0,0.0,0.17251211,1.393297,0.4957572,0.5027114,1.3645744,0.0,0.0,0.0,1.3918403,0.53614986,0.33569008,0.0,1.2401178,0.62355494,0.0,1.8635886,0.0,0.12252093,0.0,1.7270536,0.0,0.0,0.0,0.5893201,0.22958049,1.6270912,1.4017346,2.9204378,0.0,2.7531586,1.3901201,0.0,0.0,2.2580967,0.034857865,0.29220822,0.399937,1.2005655,0.0,1.3086455,1.8154541,0.5659246,0.0,0.0,0.0,0.34360465,0.0,0.0,0.0,0.0,0.0,1.2156075,0.0,0.0,0.0,0.7739222,0.0,1.3054241,0
0.0,0.0,1.9818851,1.9378177,0.77365214,2.3029704,0.324578,0.0,2.3592055,0.96303797,0.0,0.0,0.36557567,0.0,1.6801128,0.0,0.33075428,0.0,0.27475518,0.10244285,0.30349678,0.0,0.0,0.0,0.88761336,0.0,0.0,0.9112205,0.0,0.9310597,1.4473622,0.5832618,0.8406344,0.0,0.0,2.077278,0.0,0.0,2.4067082,1.3364527,1.1978531,1.1505272,0.0,1.1049277,0.0,0.0,2.3135598,0.0,2.092929,0.0,1.4140488,0.0,1.9347548,0.0,0.0,0.7735189,3.3527396,2.4564908,2.0690634,0.30758235,1.2773001,0.04663076,0.0,4.0669026,0.0,1.5238718,0.0,0.0,0.0,0.0,2.3736684,0.0,2.2426918,0.0,0.0,0.0,0.0,2.2436626,1.5729835,0.0,2.0546138,0.0,1.6319312,1.222087,1.5435836,0.13296986,0.32549268,0.5380694,0.0,1.5611894,1.2662097,0.0,1.0839357,1.0872163,2.7893238,0.0,2.9150739,0.17797412,0.0,0.0,2.2114334,1.5785744,0.0,0.5386562,1.649839,0.0,0.0,1.8921869,0.3111441,1.9830395,0.16050313,0.0,0.0,1.400495,0.5705071,0.0,0.0,0.1633098,0.0,0.0,0.0,0.6538852,0.0,0.16634132,0.0,0.0,0.0,2.395187,1
0.0,0.599982,0.0,1.0536574,0.7577958,1.7469367,2.1034265,0.0,1.8045768,0.0,0.0,0.0,0.0,0.16919222,1.1269265,0.0,2.6915152,0.0,0.24316354,0.17285812,0.0,0.0,0.8029505,0.0,1.2677121,0.0,0.0,2.4218028,1.090747,1.056602,0.0,1.5593606,2.014395,0.0,0.0,1.2239302,0.06091936,0.0,1.4044511,2.952995,0.64002216,0.0,0.26404697,0.28640017,0.0,0.0,3.1590862,0.0,0.0,0.0,1.8086299,0.47413898,1.1030228,0.0,0.7137607,0.0,2.3203232,0.41293874,0.5150173,0.0,1.870444,0.9259417,0.0,2.2873018,0.0,2.262546,0.0,1.9562975,0.0,0.0,0.79546565,2.073798,2.039409,0.0,0.0,0.0,0.0,0.8860142,0.6530043,0.27889806,0.6600239,0.0,2.0163693,1.7540915,0.97671664,1.3357468,0.0,0.5281639,0.0,1.335732,0.55008715,0.0,0.13810901,2.7129722,2.095324,0.0,2.2643304,1.0654583,0.0,1.2686998,1.9859346,1.8629432,0.0,0.0,0.73845464,2.0296745,1.2501692,0.88056797,0.0,1.4522951,0.3752944,0.82189137,0.0,0.51471376,0.09438173,0.72261804,0.0,0.0,0.0,0.0,0.0,0.7787062,0.0,0.0,0.0,0.6729947,0.0,1.1486787,0
0.0,0.0,0.0,1.4397461,2.0012863,0.3547505,1.3060068,0.4306669,0.9288063,1.0617424,0.0,0.0,0.49210605,0.278451,2.167355,0.0,0.8798977,0.0,0.0,2.0631263,0.0,0.0,0.0,0.25380594,0.045756713,0.5143654,0.12364719,2.360633,0.64445245,0.0,1.6477528,1.1401073,1.9819489,0.0,0.8541941,1.3901492,0.0,0.65303665,0.0,2.5959883,0.7257124,0.0,0.0,0.0,3.1657276,0.0,3.7767076,0.0,1.3633089,1.0602623,0.40320727,0.0,0.41328573,0.0,0.6432528,0.7417149,1.5825002,0.0,0.23867594,0.51364905,0.0,2.0425231,0.5786462,0.08099085,0.0,0.82855684,0.0,2.0145435,0.67743206,0.0,0.107978076,1.1647325,0.0,1.6562452,0.0,0.0,0.28737733,0.8391076,1.2919949,1.1505324,0.0,0.0,1.4192413,1.4706628,0.0,1.8915927,0.5483838,0.98882526,0.0,1.7377443,0.0,0.0,0.0,1.9366592,0.0,1.8916056,1.1449195,0.8203632,0.0,1.1628824,0.52262044,2.001186,1.4309814,0.6677356,0.56271183,1.2721878,0.15323691,0.0,0.0,0.0,1.6437131,1.0009214,0.0,0.0,1.1539636,1.1665395,0.0,0.0,0.0,0.0,0.0,0.0,0.0,0.0,0.0,0.17281874,0.0,2.4868553,0
0.0,0.62607735,0.6417167,2.4210632,2.004746,0.53817725,0.7316914,0.0,0.0,0.1153258,0.0,0.39861536,0.0,1.3480732,0.8220953,0.0,2.3046858,0.0,0.85477406,0.9447999,0.1876207,0.0,0.0,0.0,0.8826452,0.0,0.0,1.6554065,0.0,1.7414484,0.9179174,1.251868,1.271081,0.0,0.0,0.51731193,1.5143058,1.2496432,1.6598445,2.4681814,0.2177716,1.6871799,0.0,0.0,0.0,0.0,2.5390832,0.0,0.18389899,1.128494,2.7359998,0.0,1.4472897,0.0,1.5629858,0.0,1.436411,2.2319822,1.5112351,2.2793474,0.57854843,0.77687705,0.0,1.3945363,0.0,2.69047,0.0,2.8644614,0.0,0.0,0.7213046,2.2344642,2.0197814,0.0,0.0,0.0,0.0,1.5316409,0.8623605,1.8198575,0.30883354,0.0,2.500044,1.224798,0.0,1.5787915,0.14719152,0.0,0.0,2.5737796,0.18828885,0.0,0.0,2.9697561,0.40701708,0.0,0.563947,1.7513341,0.0,0.0,1.2503581,1.3783834,1.2799685,0.0,0.9818155,0.79170114,1.134167,0.82742715,2.305699,0.77099437,1.7742083,0.0,0.0,0.0,2.7915723,0.0,0.0,0.0,0.0,0.0,0.0,0.8642548,0.35047832,0.26036114,0.0,0.8714127,0.0,0.0,0
0.0,0.0,1.4606755,2.4988694,2.9436855,0.6282753,0.8459452,0.0,0.6428168,1.9113514,0.0,0.0,0.09647904,0.077246934,1.1110272,0.0,1.974386,0.0,0.39431578,1.5460904,0.0,0.0,0.0,0.0,0.048587188,0.0,0.5412464,1.1746707,0.0,0.0,0.24638687,1.042559,1.8423405,0.0,0.0,1.4016196,0.22773208,0.27032796,0.53181916,2.7731924,0.30678082,1.2852818,0.0,0.0,0.0057078255,0.0,2.5871515,0.0,0.31432682,0.0,1.8000793,0.0,1.0982788,0.0,0.0,0.54737437,1.8223134,1.377526,0.98794174,2.085894,0.0,1.0853916,0.0,1.384739,0.0,1.5861089,0.57471406,1.7960473,0.0,0.0,1.5618821,1.1332273,2.8664997,0.18132265,0.0,0.0,0.0,1.3795389,1.4107877,1.2328429,0.6907335,0.0,1.3268095,1.07215,0.14710426,0.06600241,0.26041803,0.0,0.73879784,2.8267365,1.1305224,0.0,0.55759364,2.5515566,0.14167425,0.60208607,1.1917598,0.11792112,0.0,1.0080621,1.4005766,0.8318191,0.0,0.49966818,2.4526088,1.6347075,0.0,1.240847,0.6968186,0.7325892,2.773378,0.6081908,0.0,2.3553271,2.0170586,1.0726103,0.0,0.0,0.0,0.0,0.8326994,0.0,0.0,0.0,0.0,1.1373547,0.0,1.6318369,0
0.0,0.0,0.8774509,1.3314434,0.262603,0.88786954,0.9185977,0.24237666,2.5863,1.1091574,0.0,0.0,0.46294713,0.37733784,1.6892135,0.0,1.875897,0.0,0.0,1.9336298,0.0,0.0,0.0,0.0,2.0410695,0.0,1.3292469,1.3089278,0.0,0.6143279,0.10133035,2.68892,0.8654432,0.0,1.182208,2.7426713,0.0880992,1.1516455,2.7392519,1.4606868,1.2661198,0.07627861,0.6414636,1.7341706,1.5117315,0.0,1.2063583,0.0,1.5064719,0.0,2.4862416,0.0,1.8937967,0.0,0.7156026,0.17174476,2.2298179,0.55553716,0.61236995,1.1375841,1.3653007,0.5822775,0.0,0.8626606,0.16887636,0.085105404,0.0,2.2844129,0.0,0.0,0.46101174,2.159445,2.1641471,0.07192607,0.0,0.0,1.0950508,1.5652665,0.6932938,0.78136677,1.1960763,0.0,0.6659057,2.419818,0.0,1.4353275,0.0,0.41902763,0.0,0.8536083,0.0,0.0,0.29565555,0.5522986,1.0584946,0.5925295,1.9816916,1.8216251,0.0,1.7596188,0.112041175,0.735976,0.0,0.9079198,2.012008,1.0288941,0.11877708,1.134322,0.116786726,1.1218683,0.8437821,0.0,0.0,1.5515848,1.0074892,1.3523391,0.0,0.0,0.0,0.0,0.96973056,0.0,0.0,0.0,0.0,0.1803632,0.0,2.587335,0
0.0,0.4113107,1.3069274,0.5137975,0.17883354,2.8018582,0.6389423,0.0,1.8797978,0.45787233,0.0,0.00965237,0.0,0.0,1.926792,0.0,1.863424,0.0,0.45171773,0.0,0.0,0.0,0.8807474,0.0,0.0,0.0,0.0,1.1563462,0.3202411,1.7756889,0.72739613,0.31644875,1.2793065,0.0,0.0,3.3480573,0.7308131,0.88579375,2.3345168,0.5228554,0.50773156,0.076520845,0.49144107,1.4434764,0.0,0.22198614,2.3455856,0.0,2.0288043,0.0,0.9897421,0.0,2.5918767,0.0,0.326549,0.051490787,3.021566,2.682935,1.9352328,0.0,1.9961308,0.34160972,0.0,4.0093665,0.0,1.4244694,0.0,0.8760213,0.8103863,0.0,1.8469346,0.28592148,2.8359308,0.0,0.0,0.0,0.0,2.2752852,0.3096881,0.70006496,1.8108957,0.0,1.6538347,1.696071,0.94175154,0.7176234,0.19419938,2.1146004,0.0,1.3999486,1.6287673,0.0,0.0,0.0,1.8148509,0.0,3.3375726,0.5341797,0.0,0.0,2.6717713,2.7230065,0.16844332,0.0,0.0,0.6472344,0.26655576,0.82495904,0.0,0.70983833,0.40713698,0.0,0.0,2.4449549,0.23998584,0.0,0.0,0.3158165,0.0,0.0,0.0,1.2636116,0.0,0.0,0.0,0.5985996,0.0,1.8134443,1
0.0,0.0,0.15692882,1.9644841,1.515074,2.1030684,1.1510849,0.0,1.8559567,1.3484629,0.0,0.0,0.840842,0.17415217,1.4774475,0.0,2.1371448,0.0,0.48753792,1.0675403,0.0,0.0,0.0,0.0,0.0,0.0,0.0,2.889522,0.0,1.1710253,0.78220993,3.7143273,1.6235559,0.0,0.4275435,1.647767,0.68711156,0.51019037,1.6118766,3.6154525,0.2853874,0.54979104,0.0,0.0,0.0,0.0,2.0240662,0.0,1.5143535,0.0,1.3055658,1.0562415,1.0115266,0.0,0.7495528,0.0,2.3250568,0.9301197,1.7124186,1.0961589,0.9964583,2.428785,0.0,1.9842683,0.0,1.7423708,0.0,1.260066,0.13032982,0.0,0.8975323,1.0230048,2.009496,0.0,0.0,0.0,0.0,1.4888822,0.7139504,0.7741331,2.0102835,0.0,2.2545726,2.154661,0.8449095,2.0841458,0.0,0.0,0.0,1.9852409,0.34202585,0.0,0.0,1.697679,0.05474004,0.0,1.5962186,2.2155647,0.0,0.69740754,1.9990033,1.732653,1.5062556,0.0,0.88239884,1.8105568,0.1901655,1.5948918,1.2033337,1.3332167,1.5690141,0.0,0.0,0.48806062,0.7349038,0.75472695,0.0,0.0,0.0,0.0,0.0,0.8401645,0.0,0.0,0.0,0.8511224,0.0,1.1939564,0
0.0,0.0,1.1215723,0.69518846,2.7219744,0.47343507,1.2462441,0.18939604,1.3365498,0.0,0.0,0.0,0.0,0.27595422,0.0,0.0,3.4794555,0.0,0.25998873,1.4222002,0.0,0.0,0.0,0.0,1.0991749,1.6315053,0.7843862,0.78440255,0.840854,0.2123596,0.57302785,2.1967387,2.521817,0.5891147,0.0,1.408764,0.0,0.0,0.0,3.2771266,1.1242357,2.4164343,0.40856647,0.0,1.6278011,0.0,1.3202684,0.0,0.0,0.0,1.7788411,0.0,0.21402678,0.0,1.7269479,0.2705969,1.3421172,0.2972729,0.4253643,1.459425,0.0,1.0757015,0.0,0.16377473,0.0,2.8865151,0.0297347,3.4421408,0.0,0.0,0.0,2.9872015,0.0,0.8357888,0.09201916,0.0,0.0,0.0,1.9531288,0.0,0.35654777,0.0,1.5473514,1.2093965,0.0,0.0,0.6825682,0.0,0.0,1.2235096,0.0,0.0,1.3498886,1.9327054,0.0,0.3911918,0.03685075,2.9372444,0.20692222,2.26829,0.71311396,0.0,0.0,0.22192304,2.1768453,0.87425643,0.5385224,0.18181925,0.0025643467,1.4712298,1.3203683,1.1836579,0.0,0.0,0.9438507,1.174024,0.0,0.0,0.0,0.0,0.0,2.115023,0.0,0.0,0.0,0.22614057,0.0,0.30135578,0
0.0,0.7232802,0.30235955,1.2387719,0.83856726,1.3675755,1.1787044,0.0,0.07141431,0.0,0.0,0.0,0.23886143,0.84646404,1.4365029,0.0,2.738015,0.0,1.6884398,0.0,0.0,0.017754018,1.34565,0.0,0.0,0.101990655,0.0,1.2082546,0.0,1.4777731,1.3000604,0.0,1.1393838,0.0,0.0,0.66092944,0.7380058,0.91382253,1.2139114,0.46976388,0.63157266,1.3950053,0.11049777,0.52061313,0.0,0.0035439474,2.9646595,0.0,0.79341644,0.10893625,1.5113244,0.39532658,1.5348632,0.0,0.882436,0.0,0.7120924,2.111616,1.7905493,1.7016543,2.056859,1.1584536,0.27498806,1.3084391,0.0,2.1266656,0.0,1.2801695,0.34552318,0.0,0.7351554,1.6808441,1.4626026,0.0,0.0,0.0,0.0,1.6041316,1.2955141,0.98039615,0.5500214,0.03868597,2.3969767,0.6588417,0.9872958,1.5793355,0.35020584,0.09483353,0.0,1.7905271,0.0,0.0,0.0,1.3777735,0.17972389,0.0,1.6870065,1.9592787,0.32458895,0.29812175,1.4885162,1.9773171,0.28394178,0.0,1.2434888,0.2970262,0.25831324,1.2978142,1.0250278,1.4377321,2.104386,0.0,0.0,0.0,1.4714583,0.0,0.0,0.09601663,0.0,0.0,0.0,0.48846236,0.19256355,0.47142988,0.0,0.41850874,0.0,0.0,0
0.0,0.3362588,0.0281112,0.6447596,1.5939325,0.90710247,1.7355498,0.032944698,1.1719859,0.0,0.0,0.0,0.0,0.99601865,0.85867953,0.0,0.9159094,0.0,0.0,2.6877573,0.37266386,0.0,0.0,0.0,0.0,1.3009328,0.59756327,1.8283025,1.8600391,0.023103774,1.6921117,2.6319122,1.7878238,0.0,0.0,1.9557215,0.0,0.670163,0.47275394,1.7032721,0.06716652,0.4174506,0.25999355,0.84422433,0.0,0.6870849,1.8798764,0.0,2.3669484,0.0337165,0.6525529,1.7054548,1.1410967,0.0,1.0937327,0.0,0.0,0.0,0.0,1.0217159,0.0,0.5155935,0.0,0.0,0.0,1.1623163,0.16552104,1.4395514,0.0,0.10267724,0.10246459,0.22901759,0.0,0.9666529,0.0,0.0,1.8432359,0.0,0.8415407,1.1555371,0.117329784,1.0588534,1.0238388,1.1222482,0.039566487,2.6162698,0.9250333,0.0,0.0,2.8167257,0.16802903,0.0,0.23424028,2.1526685,0.25038514,1.1287476,0.0,2.8457127,0.606516,1.6416174,2.2476234,2.70158,3.6599581,0.019612627,1.3438989,0.8218196,0.9892432,1.6510874,0.0,1.1651299,0.0,0.77577823,0.0,0.0,0.44936728,1.6845812,0.0,0.81636953,0.09262565,0.511652,0.0,0.9068233,0.0,0.92597485,1.5432962,0.021888783,0.0,0.0,0
0.0,0.0,1.5635791,0.6692905,0.06427696,1.1639098,0.34808242,0.0,1.6186054,1.8945569,0.0,0.0,0.32802743,0.0,1.5888174,0.0,0.9308698,0.0,0.8985509,0.0,0.0,0.0,0.90767413,0.0,0.9652309,0.0,0.0,1.5680244,0.0,0.32659027,1.4283416,0.418823,0.65385544,0.0,0.0,1.557175,0.0,0.4425236,2.447726,1.3833091,1.4635342,1.4344729,0.0,0.36460224,0.16980606,0.0,2.1038892,0.0,1.4289905,0.0,0.9747677,0.0,1.658926,0.0,0.63244575,0.0,3.0668514,2.0644414,2.5162365,0.014476383,1.2105916,1.6147519,0.0,2.7504392,0.75540173,2.208621,0.0,0.49355748,0.6284268,0.0,1.7544254,0.6140644,2.8001952,0.0,0.30595073,0.0,0.0,2.80839,0.5894221,0.6682115,2.177754,0.0,0.90494263,2.2294538,0.41607526,0.0,0.0,2.1207676,0.0,1.2442375,1.662033,0.09381771,0.97316206,0.5040123,1.1473812,0.0,3.0545042,1.1292766,0.0,0.0,2.2440217,2.1408603,0.0,0.0,0.97731215,0.096492246,0.0,1.1805745,0.0,1.3442793,0.0,0.031391278,0.0,1.9429005,0.34713677,0.0,0.0,0.0,0.0,0.0,0.0,2.1191077,0.0,0.0,0.0,0.5742255,0.0,2.08612,1
0.0,0.072818734,1.2605325,2.736548,1.866303,0.25092134,1.1054927,0.0,0.0,1.7058953,0.0,0.15488675,1.2830832,0.5869514,1.7712779,0.0,3.6649203,0.0,0.0,0.9870742,0.0,0.0,0.0,0.28971583,0.0,0.0,1.8321571,2.296389,0.40039104,0.0,0.0,1.887893,2.9982548,0.0,0.0,0.0,0.0,0.0,0.0,3.055818,0.594817,0.86227703,0.6786566,0.0,0.68763936,0.0,1.9411263,0.0,0.0,0.0,1.7174101,0.0,0.6305018,0.0,2.127949,0.37505227,2.839261,0.0,0.0,1.3702502,0.0,0.7191334,0.0,0.34674633,0.0,1.2770277,0.0,1.6931095,0.0,0.0,0.35183856,3.4507384,0.13260129,1.8825705,0.0,0.0,0.6506652,0.0,1.9797982,0.5948519,0.70267993,0.0,3.40237,1.224661,0.23371214,3.002655,0.0,0.0,0.0,1.6577908,0.59921205,0.0,0.0,3.4021878,0.0,2.1626616,1.0190173,1.3689898,0.0,4.1735454,1.584045,0.59011316,0.0,0.40523642,1.401057,2.6820757,0.0,0.0,1.6829559,1.2334696,2.3703382,0.0,0.0,0.0,0.33042717,1.897998,0.09111104,0.8845232,0.0,0.0,1.7090431,0.0,0.0,0.4883321,0.0,1.8199161,0.0,1.0526161,0
0.0,1.3364942,0.0,0.27995414,0.74278253,2.2956154,0.9484283,0.0,0.7011012,0.6503467,0.0,1.1673137,0.0,0.0,0.0,0.0,3.511541,0.0,0.80836564,0.0,0.0,0.0,0.11123062,0.0,0.6715393,0.0,0.0,1.5199329,0.7705107,0.6397269,1.0035149,0.8790373,0.35778975,0.0,0.13239914,0.37666935,0.5377121,0.55744976,2.1514568,2.520983,0.0,0.0,1.2176875,0.92547697,0.039430525,0.26905224,3.699991,0.0,1.0959992,0.9932176,0.6634584,0.0,1.6735837,0.0,0.7720902,0.0,0.9034039,0.6375332,1.7673169,0.7566229,1.7627374,0.24139975,0.9969468,1.5121912,0.0,1.5316159,0.0,1.6140411,0.7141187,0.0,0.7513603,2.3342578,0.97613466,0.7974044,0.0,0.0,0.0,0.6297144,0.9633923,0.5033006,0.94120955,0.0,2.8346689,1.3432889,1.5235864,0.0,0.21625763,0.779925,0.0,0.0,0.7485667,0.0,0.282326,0.793568,0.4631981,0.0,2.7579312,1.2992911,0.0,1.1963886,1.9672546,0.8395865,0.0,0.6137742,0.2298008,2.0890806,1.2992587,0.42283443,0.52003586,1.4390848,0.20713021,0.0,0.0,0.5782517,0.7023371,0.0,0.0,0.0,0.0,0.0,0.0,0.8905412,1.1821133,0.0,0.0,0.79946023,0.0,0.0,0
0.0,1.1679463,0.6938248,2.2001762,1.3836374,0.83060175,0.0,0.0,0.0,0.0,0.0,0.15926254,0.0,0.0,0.5702217,0.0,3.3142943,0.0,1.4891587,1.5420603,0.0,0.0,0.31136373,0.0,1.5347211,0.0,0.0,1.9789,0.0,1.9524074,0.0,1.3032938,0.0,0.0,0.73658615,1.5234762,0.982374,0.8073823,2.758904,1.1807344,0.8800627,0.50215626,0.3272416,0.8845899,1.504245,0.0,2.8619237,0.0,1.1692953,1.2281346,0.0,0.0,1.9632934,0.0,1.1718733,0.0,2.5794578,0.4540603,1.330886,0.6835797,1.8357005,0.85621953,0.12007669,2.6762352,0.0,1.3715782,0.0,1.3880266,1.4496144,0.0,0.21282855,1.7373266,1.6493652,0.0,0.0,0.0,0.0,1.6891266,2.374612,1.2927754,1.7578903,0.0,1.6051437,0.35431513,0.0,0.257499,0.0,0.4250075,0.0,1.5130004,0.59784293,0.0,0.547421,1.165659,0.11344275,0.0,0.9818604,0.87987,0.0,0.32990837,1.0074053,0.64112234,0.018260524,1.038847,0.2274472,0.0,0.48117024,1.2694445,1.3162429,1.4014685,0.9355936,0.0,0.0,0.12767042,1.2598023,0.0,0.0,0.0,0.0,0.0,0.0,1.1314427,0.0,0.0,0.0,0.27150437,0.008307204,0.48760894,0
0.0,0.0,0.99027014,1.1694279,2.7078,1.3210717,0.42049015,0.0,0.54598176,0.0,0.0,1.0750204,0.008282733,0.0,0.0,0.06380645,0.52217764,0.0,0.0,1.7806145,1.1417753,0.0,0.0,0.0,0.0,0.0,1.7642404,0.16293119,0.0,1.2871594,0.0,1.5545309,0.54952383,0.0,0.32495484,0.5344291,0.0,0.13243107,0.76749563,1.5388757,1.6267182,3.3767679,0.0,0.031807102,0.649576,0.0,1.0157732,0.0,1.6344817,0.0,2.1244516,0.0,0.45255142,0.0,0.40736818,0.59456056,0.016993105,1.521238,0.49808714,2.3806677,0.03063747,1.2307967,0.0,0.0,0.0,1.455793,0.0,0.49976513,0.0,0.0,0.0,1.1847832,0.1378741,1.5309751,0.0,0.0,0.20689657,0.025821399,2.8206224,0.28399014,1.111003,0.0,2.0042806,0.30986333,0.0,1.6728573,0.30429813,0.0,0.0,1.2417159,0.0,0.0,0.0,1.1566257,0.7115722,1.8819666,2.2061381,2.8519738,0.0,3.2571747,1.7847214,0.0,1.6054724,0.45199054,0.23524685,1.1289574,0.3544268,1.6777345,0.47726747,0.50395733,0.48691365,0.3560513,0.0,0.0,0.8636326,1.0349747,0.46344632,0.8410231,0.0,0.0,0.01794392,1.1834483,0.0,0.24519326,0.0,0.7011559,0.0,0.2514245,0
0.0,0.0,1.240594,0.85241705,0.0,2.5807862,0.0,0.0,2.3926795,1.0774972,0.0,0.08842679,1.5562862,0.0,1.5949671,0.0,1.2927836,0.0,0.85732186,0.19601138,0.0,0.0,0.0,0.26189604,0.77354586,0.0,0.0,1.3162581,0.0,0.7758302,0.094552584,1.5647397,0.8681939,0.0,0.0,1.4697645,0.0,0.0,2.3693511,0.8037672,1.4089953,0.9835195,0.36079925,2.301968,0.7042418,0.0,2.1300435,0.0,1.345015,0.0,1.9189153,0.0,1.5051787,0.0,0.0,0.0,3.1464827,2.1046782,1.0828253,1.3707931,2.370525,0.16801713,0.0,3.0479634,0.0,1.4931837,0.42479005,0.24411003,0.0,0.0,1.4729168,0.958306,3.351192,0.0,0.0,0.0,0.39816824,1.9753553,0.63472635,0.26991722,1.086353,0.0,1.3531846,2.0718176,0.6597789,0.030522052,0.0,0.24923396,0.43665332,0.66100246,1.8381253,0.0,0.0,0.75380504,1.9561535,0.080381595,2.0995905,1.0930959,0.51224166,0.023835914,1.5333649,2.8767865,0.57594377,1.3395833,0.804358,0.85578346,0.0,0.59702057,0.7387948,1.6805182,0.20337474,0.0,0.0,1.3213239,0.14285949,0.0,0.0,1.0531956,0.0,0.0,0.0,0.31317288,0.0,0.7959523,0.0,0.9353344,0.0,1.833077,1
0.0,0.0,0.0,2.4089158,2.7509975,1.8274177,2.3178856,0.0,0.8406372,1.5677066,0.0,0.17886958,1.3832185,0.95936906,1.8517548,0.0,1.6065149,0.0,0.30483103,2.1231053,0.0,0.0,0.0,1.0563539,0.0,0.6201544,0.0,1.7557006,0.0,0.0,0.8672299,3.283559,1.7090371,0.011474754,0.0,0.93677187,0.0,0.0,0.0,3.0009625,0.65613425,1.2802948,0.0,1.3761915,0.0,0.0,2.7041209,0.0,1.7490515,1.1944845,3.0372887,0.0,0.43037927,0.0,0.5926505,0.0,3.555837,0.060266465,0.2808729,1.1163771,0.0,1.6832534,0.0,1.3134145,0.0,1.3123927,0.0,1.3883975,0.0,0.0,1.1337504,1.8440804,1.3230145,0.33177015,0.0,0.0,1.1240718,0.8447314,1.238611,0.044882726,0.0,0.0,1.224054,0.56982857,1.1716181,2.3799121,0.0,0.0,0.0,3.1639948,0.031985078,0.0,0.0,2.4750268,0.7561329,0.34935465,0.9857155,0.09194466,0.0,1.2007962,2.19727,1.7526319,0.6015294,0.453863,1.0676831,1.3200372,0.0,0.31744525,0.6026845,1.0840597,2.2273958,0.0,0.0,0.0,1.2686986,1.3630328,0.013046004,0.8933043,0.0,0.0,0.9577619,1.3525257,0.0,0.1109841,0.0,0.0,0.0,1.2446661,0
0.0,1.0559822,0.8785292,0.12383815,0.6378002,0.5825463,0.9359181,0.0,0.50039506,0.0,0.0,0.41919324,0.38497648,1.4882346,0.4529662,0.0,1.8646722,0.0,2.0496523,0.0,0.0,0.6140524,0.82616436,0.0,0.15866838,0.0,0.0,1.1531916,0.0,1.8359314,0.0,0.70811766,1.8702564,0.0,0.0,0.42514676,0.65908355,0.574025,1.2969596,1.0167036,1.3926157,0.3941766,0.0,2.1082351,0.0,0.0,3.0850742,0.0,0.0,1.2889618,0.99370754,0.0,1.7837503,0.0,0.48002356,0.48144782,0.8642937,2.1328466,1.0964704,1.5775553,2.4457138,0.9684162,0.0,2.2926261,0.0,2.651071,0.0,0.7547957,0.88920456,0.0,0.0,1.6334114,1.594285,0.0,0.0,0.0,0.0,2.4447303,0.774166,1.4410973,0.52424926,0.0,2.0908337,1.3101444,1.1374707,0.30475172,0.0,0.0,0.0,0.99451417,0.0,0.0,0.27470896,0.7279363,1.3095258,0.0,1.6327089,0.0,1.284713,0.0,0.27728522,3.6835592,0.0,0.0,1.6092049,0.41233003,0.05143063,1.4269745,2.0286329,1.0258499,1.5151943,0.0,0.0,0.44690648,0.3175024,0.0,0.0,0.42396966,0.0,0.0,0.0,0.15902375,0.4744477,0.6184032,0.0,0.40063474,0.052186295,0.06001146,0
0.0,0.0,0.92770654,0.0,0.823195,1.2694646,0.0,0.0,2.0031161,1.0455334,0.0,0.3319756,0.0,0.0,0.30570766,0.0,1.7009168,0.0,0.2720402,0.5651056,0.0,0.0,0.0,0.0,1.8560061,0.0,0.0,1.83677,0.0,0.97609603,0.10835255,1.4668349,0.8298574,0.0,0.05874458,0.5245574,0.5246106,1.2121707,2.1057947,2.2498586,0.0,0.022283481,1.0474036,0.0,0.41205898,0.0,1.7159315,0.0,1.3644673,0.0,0.6950614,0.0,1.2867115,0.0,0.0,0.0,1.0943164,1.6700169,2.74774,1.1023289,1.4084855,1.1687685,0.0,1.2035824,0.4724449,1.60738,0.0,2.2065158,0.059921235,0.0,2.290406,2.1256576,2.3089378,0.23871295,0.0,0.0,0.0,0.40649697,1.390972,0.0,0.7440933,0.0,0.3281284,2.2616289,0.27812013,0.9881012,0.0,1.1133057,0.0,0.0,1.8930926,0.5633142,0.45022583,0.72138333,0.91655284,0.5505103,2.2170746,1.9678229,0.0,0.0,1.4824506,2.1323454,0.21462525,1.9309634,1.5882545,0.65349084,0.9337695,2.262324,0.96892464,2.4268804,0.5015387,0.0,0.0,1.8012694,0.04762696,0.14764586,0.0,0.5030389,0.0,0.0,0.0,1.081064,0.0,0.0,0.0,0.0,0.0,2.6618516,0
0.0,0.0,1.6623538,1.9514893,0.45256096,0.0,0.72563905,0.0,1.1480832,0.9302663,0.0,1.167925,1.1223468,0.82395804,1.9604406,0.0,2.388632,0.0,0.5558625,0.8741557,0.0,0.0,0.0,0.0,1.0920167,0.5193594,0.0,0.78219265,0.0,0.9699356,0.0,3.1806173,2.830485,0.0,0.0,1.5269188,0.0,0.94923687,2.3719072,1.5072594,0.70355976,1.5817176,0.4762848,1.5902587,0.13945976,0.0,1.4806459,0.0,0.4683805,0.7814697,1.8866851,0.0,1.4294513,0.0,1.0078316,0.0,1.7886486,1.2338512,1.114807,1.3887963,0.529868,0.7265233,0.0,2.0546374,0.0,2.3674433,0.0,1.8641802,0.0,0.0,0.64272267,2.4646602,1.9798174,0.0,0.6213553,0.0,1.2337576,2.572602,0.8622186,0.8618715,1.4654438,0.0,1.2080041,1.2667687,0.4398392,1.2514877,0.14837837,0.37703964,0.0,1.8908387,0.81387675,0.22339061,0.0,1.3459189,0.108923346,0.19595958,0.29627132,0.59207374,0.7393081,1.1859019,0.44272017,1.8693496,1.8639688,0.65069896,1.1604201,1.5792711,0.0,1.4219849,2.0638385,1.4115217,2.1872003,0.0,0.0,0.3293313,0.0,0.6644623,0.0,0.0,0.0,0.0,0.42241895,0.24054809,0.0,0.83472836,0.0,0.0,0.0,0.3893487,0
0.0,0.0,0.0,1.267964,0.0,0.7017639,2.2445831,0.0,1.3776677,0.0,0.0,0.3976472,0.36920884,0.43770614,0.0,0.0,4.480604,0.0,0.0,2.6658428,0.0,0.0,0.0,0.0,1.508342,0.0,0.0,1.1359881,0.0,1.2989383,0.27024627,2.3788161,1.5154581,0.0,0.0,1.5397418,0.85225785,0.16796197,1.0293212,3.7370195,0.27517915,0.0,0.20976686,0.51524603,0.012445535,0.0,3.075793,0.0,0.29939264,0.0,2.2648273,0.0,0.0,0.0,1.0310955,0.39368546,1.615862,0.43027163,0.7020067,0.07473434,0.0,1.7096243,0.0,1.0432373,0.0,2.965764,0.0,1.1209631,0.0,0.0,1.0435712,2.2814863,1.8395275,0.0,0.3647287,0.0,0.4032329,1.228166,0.73318326,0.0,0.59872484,0.0,1.445383,1.3341054,0.50795496,0.9108103,0.06364441,0.34422,0.0,1.6624177,0.0,0.0,0.8957773,2.5182686,2.1100273,0.0,1.3542832,1.9078199,0.90504014,3.1870654,0.62399834,0.6154505,0.48160785,0.41742933,1.9216298,1.5974689,0.29511338,2.3760648,0.8270526,1.4024913,0.6260626,0.4563003,0.0,0.71710813,0.326291,1.1985906,0.0,0.0,0.0,0.0,0.0,1.6349518,0.0,0.0,0.08802597,0.5704515,0.121873125,0.43851092,0
0.0,0.0,1.6983614,2.0255365,2.280174,1.2556771,1.6860913,0.0,0.0,2.0159957,0.0,0.0,1.7836567,0.7642734,2.3813696,0.0,2.2761247,0.0,0.49156314,1.2114668,0.0,0.0,0.20903204,0.832155,0.0,0.0,2.2821176,2.8353572,0.0,0.0,0.0,3.8627822,1.5722611,0.0,0.06673181,0.0,0.0,0.0,0.48601967,3.0236247,0.0,2.0874372,0.0,0.07778487,0.725787,0.0,2.8029163,0.0,0.5616718,0.0,1.3122612,0.0,0.0,0.0,0.8070399,0.0,3.3919492,0.10003111,0.0,2.516528,0.0,0.9698983,0.0,1.1677353,0.0,0.84327555,0.0,0.13783523,0.0,0.0,0.875546,1.4150519,0.7463106,0.6681809,0.0,0.0,0.020438522,0.9309315,1.0956262,0.4107301,1.4884286,0.0,2.3691552,1.0006907,1.3105311,2.7293918,0.0,0.0,0.019316308,2.3701153,0.0,0.0,0.0,2.998272,0.011572092,1.9316562,0.93504953,1.961797,0.0,2.1328182,1.810268,1.8463871,0.20569871,1.7234489,1.0272217,1.2623032,0.0,1.4785925,0.41473857,0.49003565,1.6639282,0.0,0.0,0.0,0.0,2.1833699,0.1456705,0.0,0.0,0.0,2.2696993,0.0,0.0,0.29516092,0.0,1.4991053,0.0,0.4312215,0
0.0,0.0,0.71131766,0.4203526,2.1389594,0.0,3.0265355,0.0,0.33075565,0.046410777,0.0,0.04404282,0.58306557,0.85772,0.0,0.0,2.730336,0.0,0.0,1.4423435,0.0,0.0,0.0,0.0,0.09577511,0.10616632,0.0,0.0,1.7171174,0.9298061,1.3876934,2.9520981,1.9427719,0.076016,0.9451858,3.4714549,0.0,0.0,0.046194695,2.1794813,0.6640252,0.0,0.0,0.0,0.0,0.0,2.4619968,0.0,1.0645429,0.0,3.0983179,0.6098696,0.27552742,0.0,0.0,0.0,2.304312,0.41362616,0.8307683,1.0976423,0.0,2.645358,0.0,0.47618607,0.0,1.3284787,0.0,2.7722578,0.0,0.0,0.0,0.0,0.9119538,0.4092305,1.4606055,0.0,1.4669458,2.0321229,0.75705993,0.0,0.0,0.0,0.5652262,2.6634939,0.6086589,2.7048032,0.0,0.0,0.0,3.5687346,0.36177638,0.0,0.44612265,1.5250112,0.0,1.1020205,0.0,1.8580948,1.4975677,1.2877234,1.6700518,0.0,1.9692448,0.313967,1.4581405,1.0022177,0.0,0.98947424,0.0,0.081988044,2.483042,0.0,0.0,1.505138,0.0,3.7922735,0.0,0.0,0.0,0.0,0.0,0.0,0.0,0.0,0.0,1.1938401,0.0,0.982665,0
0.0,0.10012118,0.6714681,2.5366635,0.8542971,0.0,0.0,0.0,0.0,0.83208764,0.0,0.89135414,0.18208392,1.3428069,0.8012674,0.0,1.2655951,0.0,1.0618151,1.6370091,0.40846056,0.0,0.0,0.0,0.73013234,0.5102678,2.3404458,2.5488925,0.0,1.2333992,0.12408105,0.10790579,1.483115,0.0,0.0,0.2257469,0.0,0.5565412,0.6782836,3.1812696,0.40743107,0.3971994,0.0,1.5828007,1.637818,0.0,1.4415761,0.0,0.046860754,0.9736557,2.485405,0.0,0.47402814,0.0,0.0,0.0,0.0,0.0,0.5941348,2.1391196,0.0,3.566035,0.0,0.7410478,0.0,1.9262546,0.0,2.7810001,0.0,0.0,0.17942289,2.8728778,1.697481,0.0,1.9304107,0.0,0.0,1.295052,2.28684,0.64459544,0.5067897,0.0,1.2221096,1.1188776,0.0,1.8349946,0.0,0.0,0.0,0.0,0.5887391,0.0,0.0,3.8712842,1.954268,0.5413343,0.7183116,1.3828548,0.0,3.1782708,0.2240291,0.5349872,0.45438245,0.67791545,1.6396569,0.7415804,0.6184126,1.7468017,0.4417599,0.060923077,1.0094448,0.12034787,0.0,0.0,2.3779135,0.0,0.0,0.0,0.0,0.0,0.0,0.0,0.0,0.55891573,0.0,0.0,0.15829794,1.4579355,0
0.0,0.0,1.3251578,1.3428879,0.964707,0.0,1.1801984,0.12553789,0.14466497,1.3394209,0.0,1.0140818,0.14854981,0.0,0.0,0.0,1.6430507,0.0,0.59193635,2.559759,0.0,0.0,0.14368664,0.0,0.0,0.84479094,0.035605084,0.84023505,0.97810066,0.8347988,1.2286547,2.7944841,1.0396687,0.0,1.5828196,0.70749176,0.0,0.0,0.43336213,1.1719629,1.2735158,0.3450219,0.0,0.6214358,2.167191,0.0,1.6766977,0.0,1.6798394,0.0,2.2729313,0.0,2.2709172,0.0,0.11833714,0.0,0.843465,2.6376204,1.1284021,2.309087,1.0681697,1.2171849,0.0,0.38345993,0.0,0.9217654,0.0,2.5616422,0.0,0.0,0.46665984,1.6748751,1.2774252,1.9699401,0.0,0.0,0.037471622,1.1144544,0.76656055,0.0,0.40849423,0.0,1.0329238,0.55947906,0.0,2.0129771,0.011990547,0.81650484,0.0,2.9136477,0.0,0.0,0.0,1.7020603,0.24280259,0.9050366,0.20654681,3.1538162,0.0,1.533623,0.24146962,1.4876701,1.4211144,0.0,1.7356399,0.5378232,0.6241817,0.5270303,0.0,1.3731798,0.7220239,0.0,0.0,0.6060039,1.3748964,0.9634076,0.0,1.2366024,0.0,0.0,0.0679065,0.0,0.0,1.3361351,0.0,0.0,0.0,2.4121635,0
0.0,0.0,0.5911291,2.1220074,1.0049503,0.7389876,1.2966436,1.0813836,1.4508432,1.5339136,0.0,0.0,1.7215617,0.36997017,1.0340576,0.0,1.6296804,0.0,0.8074167,1.1078339,0.0,0.0,0.026963599,1.92913,0.0,0.0,1.8246173,1.3629978,0.9591468,0.0,0.0,1.5334281,1.7734191,0.0,0.0,2.2634757,0.0,0.0,2.1660964,2.0011199,1.8233744,1.8348137,0.0,0.4342948,1.8919888,0.72635293,2.3145173,0.0,0.56747884,0.013507604,3.2364223,0.0,0.97785616,0.0,0.0,0.0,4.601458,1.0237272,0.5770384,1.9022487,1.348386,0.24036054,0.0,2.85528,0.0,1.1476175,0.0,1.7553183,0.0,0.0,0.76599693,0.20431185,0.8137898,1.1392195,0.0,0.0,0.6871151,2.801323,1.1262127,1.2602073,0.0,0.0,0.039312497,1.1287756,0.0,0.14211085,0.0,0.0,0.0,1.2334713,0.24477705,0.0,0.0,0.5423746,0.13690314,2.0739973,1.7785412,0.9213394,0.5037188,1.8036172,1.8865455,0.8399317,0.0,0.8409279,1.007044,1.3921573,0.0,0.0,0.0,1.7437086,1.4869642,0.0,0.0,0.79502726,0.22740404,0.8589457,0.0,0.71710515,0.0,0.0,1.5700752,0.2989305,0.0,0.0,0.0,0.0,0.0,1.827339,0
0.0,0.0,2.3020086,0.38614133,0.27205697,1.8835461,0.21208403,0.0,1.4956406,0.21956114,0.0,0.9630076,0.24828015,0.0,0.33225796,0.0,1.9177607,0.0,0.13888736,1.0921421,0.0,0.0,0.0,0.0,0.54251796,0.017101776,0.0,1.4473162,0.9629556,0.009744883,0.0,1.0227907,1.1694399,0.0,0.0,1.9635751,0.5150413,0.0,2.0499504,1.7742125,0.0,0.0,1.1147819,0.12972367,0.5689586,0.0,2.5618858,0.0,1.4734379,0.0,1.4464421,0.6592947,2.5228026,0.0,0.7550245,0.0,1.3602421,1.6136178,0.0,0.0,0.4869926,2.0588872,0.0,1.9500383,0.26812825,1.3906316,0.0,1.5495808,0.067981035,0.0,2.1055772,1.8266575,1.5126835,0.5570642,0.0,0.0,0.0,0.18437739,0.23180187,0.5169169,0.0,0.0,1.0183877,1.3417357,0.7710975,2.590653,0.0,1.4473768,0.0,1.8549107,1.1785842,0.012090562,0.027485557,2.4111986,1.8703033,0.0,1.4204739,0.6704926,0.0,0.7156552,2.0939429,1.8785555,0.6368539,0.36469346,0.2415355,1.6125996,0.0011541124,1.2502962,0.0,0.72398764,1.4337814,0.35491908,0.0,0.3816258,1.0431151,0.46786782,0.0,0.0,0.0,0.0,0.0,0.0,0.0,0.0,0.0,0.0,0.0,0.38165444,0
0.0,0.0,1.4043319,1.0897785,0.0,0.108375534,0.7311651,0.0,2.019749,1.6683522,0.0,0.0,1.0388554,0.3939332,1.7520037,0.0,1.1684493,0.0,0.7119641,1.7550766,0.40054697,0.0,0.0,0.0,1.466692,0.0,0.5943444,0.1704542,0.0,1.3415043,0.0057252725,1.2587268,2.4568665,0.0,0.0,1.0804349,0.8155665,0.8217438,2.5508018,1.5622672,2.0298095,0.4123922,0.0,1.9757882,0.2964164,0.49387822,2.1683753,0.0,0.9921838,0.0,2.6299105,0.0,1.5437517,0.0,0.0,0.44700408,2.4967346,2.3617892,1.150722,0.49662527,1.7343299,0.75891834,0.0,2.9715388,0.0,1.4933245,0.0,0.8676283,0.0,0.0,0.8632788,0.19457364,3.163786,0.0,0.9456697,0.0,0.0,3.639942,0.6480777,0.11649037,2.648166,0.0,1.3406371,2.1610928,0.39995167,0.34924254,0.0,0.0,0.0,1.4785031,1.1344105,0.0,0.0,1.1940763,1.417177,0.0,1.7160573,0.25692493,0.0,0.5060773,0.7015811,2.1980753,0.0,0.78524125,1.6446799,0.31845087,0.23916893,2.1776152,1.3022531,1.6885462,1.2671102,0.0,0.0,0.61705303,0.07896253,0.0,0.0,0.0,0.0,0.0,0.117786705,0.0,0.0,0.6375113,0.0,0.20779188,0.0,2.2617123,1
0.0,0.0,0.7841556,1.2569358,1.5774152,0.0,1.2718459,0.0,1.229288,0.8375699,0.0,0.0,0.0,0.846797,1.5389463,0.0,1.7814294,0.0,0.0,0.9102067,0.19906688,0.0,0.0,0.33413333,1.0034816,0.0,1.1744766,1.9971653,0.0,0.8838743,0.71073246,2.056724,1.3948709,0.0,0.0,0.6016587,0.0,0.0,2.39216,3.273305,0.45866483,0.60283417,0.0,0.23701838,0.0,0.0,2.371493,0.0,0.6637674,0.0,2.5201895,0.0,0.9517644,0.0,1.04165,1.3848934,1.4310412,0.8928018,1.4633108,2.1033921,0.0,2.4775355,0.0,2.5308847,0.0,2.1853554,0.0,2.0234215,0.0,0.0,1.4871823,1.6149145,2.2953105,0.0,0.04006749,0.0,0.0,3.1536613,1.601788,0.0,1.8613786,0.0,1.4378033,0.0,0.8550752,0.094350934,0.5838971,0.061424565,0.0,1.2076834,0.5805847,0.0,0.29836243,2.4041238,1.4168876,0.0,0.93416065,0.9973337,0.0,0.67059124,0.0,1.0812484,0.1215962,0.9063572,3.5736797,0.41599286,0.0,2.3922558,1.0597793,1.2148926,0.9970008,0.2432939,0.0,0.5910845,0.45660424,0.0,0.0,0.0,0.0,0.0,0.0,0.60776263,0.0,0.0,0.0,0.0,0.6283443,2.6336825,0
0.0,0.0,0.8939681,0.6054318,0.83192617,1.7717668,0.0,0.0,1.3128127,1.130848,0.0,0.0,0.0,0.0,1.0630537,0.0,0.68495643,0.0,0.10190864,0.1714526,0.0,0.0,0.0,0.0,1.4636431,0.0,0.0,1.5608032,0.0,2.0293343,1.4379385,0.76943266,1.6367389,0.0,0.0,1.1077747,0.0,0.0,2.375481,1.413312,0.082501665,0.074296996,0.6308747,0.0,0.0,0.0,1.9457895,0.0,0.94435626,0.20495504,1.4734552,0.0,2.3677208,0.0,1.0814795,0.6772076,1.9027607,2.7105277,2.8746133,0.66541386,1.6254843,1.827219,0.0,1.2741921,0.0,2.8444738,0.0,0.551693,0.37749743,0.0,1.5080173,1.2958117,2.8186886,0.0,0.0,0.0,0.0,1.769817,0.82172954,0.0,0.84774494,0.0,1.0801862,2.4780715,0.9390622,0.0,0.0,1.9539297,0.0,0.88417244,1.1107961,0.0,1.7983944,0.96467555,1.4368848,0.0,2.7816415,0.45960057,0.0,0.0,2.3759484,1.962615,0.4935628,0.44293866,1.526996,0.45082566,0.0,2.0860045,0.9732894,1.3257343,0.6703964,0.0,0.0,2.6005297,0.0,0.0,0.0,0.0,0.0,0.0,0.0,1.7649435,0.0,0.004657223,0.0,0.0,0.0,1.2982298,1
0.0,0.0,1.4848348,0.7563823,0.23306587,1.8539354,0.28918344,0.0,2.2169845,1.4704896,0.0,0.0,0.44249988,0.0,1.5842845,0.0,1.9761127,0.0,0.30484277,0.04715203,0.0,0.0,1.2228525,0.0,0.74330354,0.0,0.0,1.7587392,0.24937004,1.7548413,0.24446006,0.5799991,1.0854871,0.0,0.0,2.2864726,0.73059887,0.11132226,2.16248,0.17746192,1.3060246,1.3848823,0.0,1.3779949,0.0,0.20561692,2.1158173,0.0,1.4059862,0.0,1.3636022,0.0,1.4907136,0.0,0.0,0.06980873,2.7555535,2.4102185,1.4836835,0.020043427,2.4045277,0.6828444,0.0,4.03663,0.0,0.92991525,0.0,0.0,1.5499159,0.0,1.522605,0.0006037634,2.1293194,0.0,0.0,0.0,0.25805458,2.981321,0.0,0.5608784,1.7389184,0.0,1.8021978,1.6288443,0.804421,0.33770394,0.0,1.2575856,0.0,1.4651556,1.3436137,0.0,1.2210155,1.1507826,1.2857949,0.0,3.2755764,0.11064387,0.0,0.0,2.832953,3.2202952,0.19318254,0.3643673,0.2712725,0.2341186,1.2258984,0.9439572,0.46153677,0.7141647,0.5311195,0.0,0.0,1.9460429,0.5021356,0.0,0.0,0.0,0.0,0.0,0.0,1.907964,0.0,0.0,0.0,0.8512096,0.0,1.5618261,0
0.0,0.83495915,0.8601297,0.86656505,0.5130768,1.6133676,0.6089501,0.0,0.0,0.17817907,0.0,0.57119304,0.04404114,0.014314501,0.0,0.0,2.3492022,0.0,2.0523152,0.0,0.0,0.0,0.3316077,0.0,0.0,0.0,0.0,1.4034712,0.0,0.9991305,0.64089286,0.90876114,0.14181863,0.0,0.0,0.0,1.2567277,0.0,2.1009777,1.6907853,0.71743923,1.2213362,0.27743095,1.4981002,0.0,0.25839922,2.979251,0.0,0.0,1.1511921,1.3379983,0.0,1.6747481,0.0,0.9924286,0.0,1.9959204,1.7730451,1.133426,1.3175974,1.6392335,0.9699872,1.1206154,2.839739,0.0,2.4680345,0.0,0.7983831,1.0371699,0.0,0.99312603,1.7402694,1.981339,0.07060699,0.0,0.0,0.0,0.760799,0.2238518,0.5927785,0.97241205,0.0,2.7656476,1.0517187,1.9223039,0.5107448,0.7438389,1.532963,0.0,0.8778415,0.49403316,0.0,0.0,2.077167,1.104231,0.0,1.7992805,0.4830526,0.0,0.0,2.0628996,2.1048663,0.32291144,0.0,0.0,0.0,1.4167647,0.8271929,1.6079171,1.0584674,1.1476218,0.0,0.0,1.0759755,1.0628698,0.0,0.0,0.0,0.0,0.0,0.0,0.74468154,0.0,0.43977308,0.0,1.4671713,0.18882506,0.39570037,0
0.0,0.0,1.5733902,1.0465208,2.097643,0.0,0.5751788,0.0,0.61995864,0.41265193,0.0,0.0,0.0,0.0,0.0,0.13912015,3.1708121,0.0,0.65685207,0.48271924,0.0,0.0,0.35697436,0.381875,0.62950844,0.0,0.0,1.8207467,0.23840696,0.0,0.6339394,1.6916327,0.45305622,0.0,0.0,2.0167603,0.0,0.08767233,1.2612762,2.6230066,2.0523143,2.57688,0.0,0.8612661,0.36985275,0.0,2.642553,0.0,0.4225041,0.0,0.6682151,0.0,1.0123957,0.0,0.17717718,0.0,2.3766968,0.0,0.5809821,2.3619251,1.8134202,1.0198425,0.0,0.0,0.0,0.9024807,0.0,1.1247835,0.0,0.0,0.07352522,1.7841748,0.0,0.0062255394,0.0,0.0,0.0,0.0,1.5952438,0.6292698,1.5834202,0.0,3.2569132,0.0,0.0,1.3107938,0.0,0.0,0.0,1.5031499,0.8861887,0.0,0.0,1.7368919,0.0,0.55233425,0.63584363,2.6114535,0.0,2.089778,1.8796368,0.29610226,0.51953024,0.5821921,1.4596521,0.5838109,1.3502235,0.0,0.0,1.1322509,1.5631067,0.0,0.0,0.7727757,0.0,0.99973667,0.0,0.86020917,0.0,0.0,0.0,2.3444698,0.0,0.0,0.0,0.67754525,0.0,0.77911747,0
0.0,1.2088423,1.1833731,1.1345606,0.99701583,1.9934309,1.1088086,0.0,0.32562,0.6932915,0.0,0.21035127,0.41815495,0.0,1.1088933,0.0,2.1191585,0.0,0.9901574,1.5636362,0.6348041,0.0,0.0,0.0,0.39134675,0.0,0.0,1.5777836,0.0,0.48322958,0.092607625,2.48646,1.7313055,0.0,0.38174084,1.3086666,0.5545784,0.33704582,1.8728783,0.33831215,0.0,0.0,0.7060434,0.0,0.6569776,0.0,1.2066729,0.0,1.4633108,0.5971611,0.341625,0.08917557,1.5931008,0.0,2.0686953,0.0,2.1550505,1.1149045,1.8950695,1.2258683,0.89673066,0.84689474,0.0,0.42670462,0.64617014,0.32495964,0.0,1.6282132,0.0,0.0,0.9292591,2.405844,1.5652943,0.0,0.0,0.0,0.30233595,1.9669117,0.0,0.6512442,1.3881675,0.0,2.2272565,1.8779261,0.7929586,3.9216259,0.0,0.36840007,0.0,1.6876115,0.0,0.0,0.0,1.0088575,1.0086826,0.39525956,1.3952277,1.4108132,0.0,0.7271401,1.1772244,1.7805202,2.7575397,0.1928206,0.4749367,1.948018,1.1360474,2.2541678,1.1481992,1.1919852,0.0,0.0,0.0,0.041546002,0.43661246,1.2328757,0.0,0.24409805,0.0,0.0,0.11537504,0.0,0.0,0.38600886,0.0,0.0,0.0,3.068928,0
0.0,0.0,1.7868586,0.4872249,0.0,1.3488628,0.0,0.0,2.2704594,0.71638566,0.0,0.028435372,0.011273426,1.3596159,1.2139369,0.0,1.5221393,0.0,1.5430957,1.2372262,0.0,0.0,0.0,0.0,0.63184875,0.0,1.3910336,1.0016041,0.060116127,0.0,0.061767943,1.5953497,2.4670115,0.0,0.0,1.5290127,0.0,0.7135908,2.0743349,1.832047,1.5521775,1.1981497,0.20937604,1.8424462,0.69359565,0.0,1.4965,0.0,0.42607403,0.5667855,1.6139436,0.0,1.5643059,0.0,0.0,0.3386553,2.2555435,1.8300467,1.7445978,2.0052984,0.26455358,1.2773774,0.0,1.351978,0.0,2.0955682,0.0,1.8907766,0.0,0.0,0.48337272,1.8589512,2.92365,0.0,0.7781015,0.0,0.0,2.3161998,0.66793466,0.6722756,1.1072952,0.0,1.2517781,2.424531,0.32735434,0.0,0.0,0.0,0.0,0.6944206,0.99587095,0.0,0.3485084,2.1284895,1.2244833,0.0,1.2909895,0.2641374,0.32454014,0.5730156,0.0,2.950146,0.27664194,1.1368284,2.4508893,1.4791951,0.3300116,1.2659774,2.0613167,1.8436177,0.73171455,0.45480877,0.0,0.06795521,0.76548177,0.0,0.0,0.034454476,0.0,0.0,0.053066526,0.04065521,0.0,0.79383004,0.0,0.0,0.0,2.4713838,0
0.0,0.45143723,1.0073519,0.80308086,0.63892436,1.8094156,0.16590676,0.0,0.8729795,0.03507022,0.0,0.378884,0.0,0.4470004,1.1097732,0.0,0.9037127,0.0,0.8989784,0.0,0.0,0.0,0.95238614,0.0,0.88494855,0.0,0.0,1.4885061,0.0,1.9762404,1.0494763,0.5453403,0.7430203,0.0,0.0,0.9836682,0.7276052,0.7574797,1.6435041,1.1011441,1.112274,0.42700094,0.9033093,1.677241,0.0,0.0064943773,2.0997734,0.0,0.0,0.7381935,0.30104175,0.0,1.3184164,0.0,0.60381013,0.42569658,1.5091908,1.8439122,1.7220454,0.68354404,2.1190505,0.9487349,0.0,2.517095,0.0,2.052377,0.0,0.29025516,1.3764133,0.0,2.0804772,1.0215309,1.9477265,0.0,0.0,0.0,0.0,1.9535128,0.6516894,0.15386403,1.4246533,0.0,2.16625,1.69384,1.8001934,0.09495303,0.0,1.4976438,0.0,1.1239177,0.6382676,0.0,0.22754513,0.55248225,1.6154115,0.0,2.8228555,0.44019032,0.0,0.0,1.3323416,3.3413737,0.5220019,0.0,0.98651785,0.0,0.4011194,1.5621091,0.17778967,0.8943717,0.26488686,0.71115386,0.0,0.7481452,0.6076446,0.0,0.0,0.09395896,0.0,0.0,0.0,1.9898132,0.0,0.0,0.0,0.21769972,0.20806424,1.0272795,1
0.0,0.0,0.99619853,0.32634494,0.28878558,0.0,0.8423574,0.0,0.36566284,1.5962597,0.0,0.082342766,0.7675364,0.0,1.1675947,0.4740837,2.1022146,0.0,0.9911526,0.86552924,0.19507787,0.0,0.0,0.0,1.6164222,0.72551966,1.1989508,1.6703845,0.12613615,0.7129835,0.15909256,1.2461443,1.3982985,0.0,0.0,0.3606463,0.0,0.97802514,0.8895469,1.8108389,2.3980904,2.8171818,0.2118389,1.9955838,0.052379724,0.8004651,2.5288217,0.0,0.14501035,0.0,1.8700025,0.0,0.79421955,0.0,0.0,0.0,1.5337402,1.9042823,0.5100846,2.9409363,0.0,1.5279822,0.0,2.4628546,0.0,0.76625395,0.0,1.3784091,0.0,0.0,0.93690926,1.4045122,0.72132885,0.0,0.0,0.0,1.0618787,0.44961983,0.70528674,0.0,1.5249456,0.0,1.684036,0.35901982,0.0,1.5934664,0.0,0.0,0.18205301,0.2444601,0.0,0.0,0.0,0.7806723,0.63566107,0.8992738,0.3224448,2.0083537,0.0,2.1721094,0.0,1.5776155,0.0,2.0936575,1.4122764,0.30526388,0.0,2.2467923,0.0,1.5313272,0.35327217,0.0,0.0,0.5611365,0.14857118,0.0,0.0,0.025107129,0.0,0.0,0.8388613,0.0,0.0,0.10410716,0.0,0.57466555,0.0,1.9191018,0
0.0,0.0,0.1849611,1.2232529,1.3381213,1.0969056,1.0313721,0.0,1.4223622,0.29325977,0.0,0.0,0.10179637,0.9466889,0.8966179,0.07998762,0.6603447,0.0,0.0,0.0,0.0,0.0,0.0,0.0,0.4816987,0.08956982,0.0,1.4212778,0.0,1.4007281,1.0090609,1.8881403,0.9776576,0.0,0.0,0.8292875,1.1940769,1.0236075,1.1460733,2.8276799,0.0,0.0,0.44610995,0.8201448,0.31142524,0.0,3.1124473,0.0,0.5392935,1.3792711,1.2739685,0.0,1.3124999,0.0,2.264992,0.0,1.4246992,0.7178172,1.9980966,0.66279614,0.8063183,3.4011059,0.0,0.38130945,0.0,3.3349237,0.0,0.7389559,1.2423004,0.0,0.7245082,1.0423634,1.185992,0.0,0.0,0.0,0.0,1.1166936,1.6706579,1.3144374,0.0,0.0,0.81407255,1.5693413,0.32162574,0.8149902,0.4160326,0.0,0.0,1.2613919,0.9615355,0.0,0.0,1.1635728,0.6045547,0.0,2.1646237,1.2931594,0.0,0.0,1.3491138,3.137983,0.48022965,0.0,1.415702,0.6919803,0.0,0.7236544,1.0123382,0.11951388,2.079912,0.0,0.0,1.5147074,1.5078404,0.0,0.0,0.0,0.0,0.0,0.0,1.099308,0.0,0.0,0.0,1.0723039,0.0,0.61788267,0
0.0,0.0,1.4459097,1.571052,1.4273008,0.22695597,0.0,0.0,1.906108,0.0,0.0,0.5673823,0.0,0.0,0.9561515,0.0,2.1022072,0.0,0.0,1.7163887,0.80389374,0.0,0.0,0.0,1.4135398,0.0,0.25072673,2.3500452,0.0,0.6837317,1.3055316,1.8585968,0.0,0.0,0.10362908,0.9216047,0.0,0.9891351,1.7458701,1.5978391,1.7751037,1.5909113,0.0,0.7429621,1.4452769,0.0,2.919342,0.0,0.30897808,0.0,1.2589713,0.0,1.9836597,0.0,0.44915834,0.0,1.6323599,0.0,0.6980573,2.5718524,1.3340343,0.79510546,0.0,1.1515218,0.24523453,0.9400499,0.0,1.8121016,0.0,0.0,0.8045617,2.6654017,0.51285326,0.0,0.26288885,0.0,0.0,0.48293918,2.3561945,0.88459927,1.0704615,0.0,2.6043937,0.039179258,0.0,1.4297371,0.0,0.44007218,0.0,0.006057542,0.8894303,0.0,0.3502727,0.11586594,2.5937726,0.18426348,1.0788226,0.90151364,0.0,2.209088,1.6544241,0.964229,0.53303885,1.6542168,1.1383531,0.0,0.361085,0.30388197,0.6947311,0.89507717,0.19743718,0.0,0.0,1.3372504,1.7862524,0.10254357,0.0,0.0,0.0,0.0,0.0,0.0,0.0,0.0,0.0,0.0,0.083557054,1.9519377,0
0.0,0.0,1.7093701,1.5311872,0.4640115,0.0,0.8790596,0.0,1.0935897,0.26557603,0.0,0.0,1.7090367,0.46505657,0.8960421,0.0,2.3687782,0.0,1.243821,0.0,0.120520644,0.0,0.3517689,0.0,1.1547043,0.0,0.863726,1.5419471,0.0,0.0,0.0,1.0280793,1.8147515,0.0,0.0,0.9474362,1.3172519,1.6257697,1.7991353,2.4320877,1.7698529,1.5299768,0.0,1.4679471,0.0,0.0,2.0159683,0.0,0.5170211,0.0,0.624991,0.0,1.6717689,0.0,0.9756236,0.0,2.3348248,1.6552323,1.3816133,2.001493,1.3390542,2.0184376,0.0,1.9462594,0.0,2.5464163,0.0,1.621614,0.0,0.0,1.1069474,1.692765,2.8204923,0.0,0.0975716,0.0,0.04897669,2.2904708,1.5049062,1.8562888,1.4493879,0.0,0.6018839,1.0215726,0.0,0.0,0.43533257,0.18150724,0.0,1.8145002,0.80117565,0.0,0.0,1.3980384,0.58886606,0.0,2.2912056,1.0225906,0.0,0.5038802,0.1916329,1.6618016,0.0,0.68196255,1.9557724,0.52424437,0.0,1.0928267,0.48100805,1.5240726,2.1843438,0.08116616,0.0,0.986037,1.1988978,0.0,0.0,0.0,0.0,0.0,0.73390806,0.97212607,0.0,0.7980604,0.0,0.71444803,0.0,2.2194552,0
0.0,0.5236804,0.9658876,2.0971518,0.85380566,0.9934775,1.2616988,0.0,1.4028615,0.6743141,0.0,0.0,2.236849,0.6879339,1.6828218,0.0,2.259927,0.0,0.29556322,0.07726424,0.0,0.0,0.81020224,0.0,0.37887633,0.0,0.0,2.0094302,0.0,0.87538064,0.020263322,1.4268283,0.90412545,0.0,0.0,1.6662887,0.63192815,1.7838725,2.013918,1.8149663,1.4939662,2.1201406,0.10147637,2.4052749,0.0,0.0,3.2594519,0.0,0.13022771,0.0,1.8018293,0.0,1.7004011,0.0,1.552829,0.0,2.5169473,0.86976457,0.9236794,1.1734401,2.0972652,0.98904735,0.0,2.081247,0.0,2.4379382,0.0,1.3080838,0.22266674,0.0,0.98042184,2.081784,2.9511402,0.0,0.13414073,0.0,0.0,2.6625547,1.0205563,1.2351334,1.7925324,0.0,1.741216,1.1110195,0.7227482,0.57508,0.0,0.12109492,0.0,1.8611873,0.45964408,0.0,0.0,1.663063,0.39622054,0.0,1.4385376,0.8640942,0.0,0.5756177,1.104514,2.594809,0.0,0.0,2.2733643,0.40935054,0.0,1.2838911,1.0748832,1.369873,2.7399662,0.0,0.0,0.8822522,0.89507425,0.0,0.0,0.044891756,0.0,0.0,0.28674462,0.38123146,0.0,0.52098054,0.0,0.38522157,0.0,1.2349312,0
0.0,0.0,0.0,0.0,0.16989687,0.0,1.154586,0.0,0.64190423,0.06061504,0.0,0.0,0.17430645,0.0,1.5497173,0.0,3.5577333,0.0,0.0,3.1959426,0.0,0.0,0.0,0.0,0.20143531,2.0169654,0.8749274,0.97283226,0.708935,1.642342,0.0,1.9933492,1.9302092,0.0,0.3258203,0.73860884,0.0,0.20407479,1.3374231,4.793642,1.4550431,0.21789716,0.0,0.0,1.6064149,0.0,2.955708,0.0,1.1969789,0.0,1.9326816,0.37009576,1.831677,0.0,0.14952631,0.0,0.12868619,0.0,0.66692257,0.45779437,0.0,1.5701541,0.0,0.7887992,0.0,2.0649436,0.0,1.9777597,0.0,0.0,0.48994574,2.7095788,0.0,0.8257492,0.6782058,0.0,1.527692,0.7776607,2.2304282,1.9462802,0.0,0.0,0.59041333,0.13891546,0.21575543,1.5897635,0.019304171,0.0,0.0,0.6131828,0.0,0.0,0.36298272,2.4734373,1.2541842,1.4921353,0.035385966,2.0052478,0.0,3.1135726,0.89707494,0.0,0.0,2.2728925,0.59704685,1.554329,1.7754499,2.8054714,0.0,0.6340824,1.9363905,1.0808439,0.0,0.29705837,0.016060043,1.9933715,0.0,0.0,0.0,0.0,0.0,1.1573882,0.0,0.0,0.0,0.0,0.0,1.7690359,0
0.0,0.0,0.4030864,1.6786879,1.1475823,0.0,0.0,0.0,0.0,0.8953528,0.0,1.0036651,0.10013597,0.6077444,0.29068926,0.0,3.3861177,0.0,1.0533317,0.7924319,0.0,0.0,0.0,0.0,0.2764958,0.0,0.0,1.7338082,0.0,1.0014288,0.56593,0.0,0.38732332,0.0,0.0,0.9709951,2.3657532,0.6079691,1.6772444,3.555146,0.4939744,1.2726758,2.6793258,0.55500036,0.19669117,0.27666333,2.7124798,0.0,0.5321144,0.04890001,1.3863192,0.0,1.4501046,0.0,0.34296432,0.14779152,1.4386104,0.77895135,0.3204225,1.6474559,0.5837365,2.303079,0.0,0.4002477,0.0,1.2956249,0.58797854,2.9745905,0.0,0.0,0.32785884,2.900131,1.7159169,0.0,0.0,0.0,0.0,1.6825607,1.7286258,1.8270297,0.0,0.0,2.47065,2.1913579,0.0,0.23594394,0.9795076,0.0,0.0,2.2946134,0.55314463,0.0,0.0,1.757143,0.0,0.0,1.7010065,0.789744,0.0,2.7804694,0.14860979,0.9321289,0.0,0.0,0.68615997,1.9763297,1.1927307,1.4061347,0.35701054,1.5057789,1.0043443,0.37726018,0.0,0.96518224,2.2084603,0.28638914,0.0,0.0,0.0,0.0,0.0,0.7994123,0.0,0.0,0.0,1.0087523,0.0,0.41507164,0
0.0,0.0,1.9677997,0.74759495,1.5237631,2.223039,2.2315147,0.0,1.1663204,0.033052064,0.15474659,0.0,0.0,1.8336884,0.121478796,0.0,1.6295308,0.0,0.6800706,0.6065659,0.16501123,0.0,0.0,0.0,1.8793463,1.1862056,0.0,0.48041242,0.89916116,0.0,0.0,2.5247574,2.2077289,0.0,0.0,0.4450016,0.0,0.79932934,0.715305,0.8444549,0.8791049,1.5061435,0.8769798,0.3731986,0.0,0.0,0.6926858,0.0,0.0,0.0,1.9092443,0.0,0.0,0.0,0.23785438,0.8158485,0.59255636,0.9759931,0.0,1.3104848,1.2177427,0.5674204,0.0,0.6874383,0.0,1.719748,0.0,1.1088681,0.0,0.55447143,0.0,2.240691,0.0,1.3328949,0.0,0.0,0.0,0.0,1.641244,1.4415429,0.95604247,0.0,1.9831182,0.07308649,0.0,0.58599144,0.0,0.0,0.0,0.95151645,0.0,0.0,0.6302454,1.1348718,0.0,0.3029575,0.53955626,2.5922813,0.42268366,1.913532,0.0,0.7284907,1.2257062,0.0,1.2736951,0.09702389,1.8382564,1.1589376,1.3413024,0.26935768,2.3946252,0.0,0.0,0.0,0.0,0.0,0.0,1.4056704,0.0,0.0,1.5212538,0.07919039,0.0,1.8929123,0.0,0.0,0.0,1.5492235,0
0.0,0.0,1.858605,1.6704426,0.5121046,0.0,0.49675232,0.0,0.63022804,1.7943064,0.0,0.0,0.0,0.0,0.13577709,0.0,3.5990598,0.0,1.1517066,0.71450156,0.0,0.0,0.0,0.0,2.0978026,0.0,0.0,0.98762727,0.0,0.0,0.2910707,1.512976,1.641124,0.0,0.0,0.79225886,0.0,0.0,2.1182175,2.2029982,0.32206565,1.2824744,0.08882421,0.0,0.027591418,0.37317923,2.0325058,0.0,1.3967226,0.0,0.76852757,0.029763024,1.6493502,0.0,0.015375185,1.1347476,1.5779103,0.9765788,1.2069193,1.9860379,0.43445903,1.3576819,0.0,1.0424486,0.0,0.8731191,0.0,1.9985253,0.0,0.0,0.9042166,2.2749317,1.5619547,0.2004974,0.0,0.0,0.0,1.3028296,1.5332477,0.0,1.4651461,0.0,2.155278,0.9913824,0.0,0.069037825,0.23648998,0.78551775,0.0,0.81847,1.317034,0.0,0.97109586,1.2437721,0.1075314,0.0,0.6362582,0.7657614,0.0,1.0984963,1.1957307,1.3750627,0.0,0.7237938,1.8205602,0.99794275,0.0,1.5314703,0.1067863,1.9349084,1.929182,0.0,0.0,1.2480503,1.6039888,0.35182616,0.0,0.0,0.0,0.0,0.0,0.0,0.0,0.0,0.0,0.55823475,0.16488509,1.4540043,0
0.0,0.0,1.796486,1.8236333,0.0,1.4648138,0.0,0.0,0.6227578,1.6201916,0.0,0.12479188,0.0,0.19719991,0.0,0.0,1.2758509,0.0,0.004363848,1.633376,0.008662756,0.0,0.0,0.0,1.2144032,0.0,0.0,1.3098339,0.0,0.60537124,0.78090906,1.1644509,2.401258,0.0,0.0,0.16519827,0.0,0.05897344,1.1776066,1.8776145,1.1842756,0.29421204,1.687046,0.20783776,1.9457136,0.0,1.5900002,0.0,0.23274764,0.33402604,1.6356603,0.0,0.15439573,0.0,0.0,0.0,0.0,2.64589,1.2540901,2.538947,1.1959379,0.5563575,0.0,1.2360562,0.0,2.6568053,0.0,2.0777106,0.042982936,0.0,0.0,3.0258992,2.0884635,0.0,1.8751283,0.0,0.0,0.0,1.8397626,0.0,1.2609864,0.0,0.9894295,0.63178873,0.0,1.1416373,0.62295914,0.0,0.0,1.1409632,0.5196163,0.0,0.0,1.9005693,0.50847,0.7219658,1.7419499,2.0419233,0.0,3.274637,0.0,0.16233063,0.0,2.6336734,3.0555832,1.5090617,0.10535322,0.007692613,0.54725397,1.2370093,0.0,0.0,0.0,0.56264603,2.6791382,0.8019345,0.0,0.17663835,0.0,0.0,0.74564075,0.25721595,0.0,0.0,0.0,0.0,0.91146964,0.1750844,0
0.0,0.0,0.0,1.2724291,2.1430671,0.47880238,2.339676,0.0,1.8217336,0.0,0.0,0.0,1.0052197,1.1586418,0.33673215,0.0,1.3688924,0.0,0.0,1.8586831,0.6734374,0.0,0.0,0.0,1.1361685,0.0,0.0,0.95653045,0.0,0.5370883,0.5204454,1.8854507,0.31465328,0.0,0.0,1.6116122,0.47737092,1.2121888,0.74721956,2.4798543,0.38223493,0.0,0.0,0.978431,0.5748746,0.0,2.8130023,0.0,0.6711536,0.0,2.3775117,0.3861777,2.5934403,0.0,1.4773629,0.0,1.1733874,1.0966746,0.6635759,0.0,0.2638676,1.8557066,0.0,0.10770148,0.3834802,1.5725421,0.0,1.3780781,0.047544837,0.0,0.3441744,0.93678725,1.5194783,0.0,0.0,0.0,0.6128942,1.1470616,0.94333047,0.0,0.64608264,0.0,0.0,1.1616164,0.0,2.6369746,0.0683893,0.42004722,0.0,1.7050883,0.0,0.0,0.0,1.6550863,1.2510442,0.8271842,0.09987071,2.7148485,0.62136376,0.68347394,1.5944293,1.2585104,1.2416419,0.68420094,0.39695504,1.0643457,1.0516843,2.0456893,0.45957088,3.259448,1.9741291,0.0,0.0,1.0000306,0.0,0.09687654,0.0,0.0,0.0,0.0,0.3050391,0.0,0.0,0.0,0.7999758,0.0,0.0,1.6340128,0
0.0,0.0,0.08800531,3.8106573,0.0,0.678499,0.07078337,0.0,0.0,1.2331811,0.0,0.0,0.0,0.20792195,0.0,0.0,3.0785956,0.0,0.0,2.574423,0.0,0.0,0.0,0.0,1.1953835,1.8682897,2.7568283,1.9864676,0.0,0.0,0.0,0.42016962,1.373586,0.0,0.0,1.9180886,0.0,0.0,0.63620865,0.2765777,1.067889,0.43909076,1.1494123,1.3674867,1.3769331,0.0,0.0,0.0,0.0,0.01378256,3.176153,0.30476815,0.4674589,0.13575381,0.0,0.0,0.6800637,0.8239625,0.48327157,1.4497368,1.5133537,0.0,0.0,0.0,0.0,1.8537866,0.0,1.957514,0.0,0.0,0.0,2.1797216,0.0,0.28049442,0.8721873,0.0,0.0,0.0,0.0,0.41859704,1.7004832,0.0,0.66336817,0.0,0.0,1.2984246,0.0,0.0,0.0,1.7186767,0.0,0.0,0.0,2.585065,0.0,0.46970096,0.32170418,2.1152155,0.0,2.8122299,0.0,0.0,0.3042299,1.5967648,2.2939107,0.0,1.1164523,0.9392349,0.0,0.54054314,0.998663,1.2013594,0.0,0.0,0.12132462,0.11060477,0.0,1.6922866,0.0,0.0,0.0,0.0,0.0,0.6500837,0.0,0.5827499,0.1561989,2.8751,0
0.0,0.0,0.26932877,0.0,0.32895997,0.0,1.3961977,0.1295531,1.6022555,0.0,0.0,2.4744568,0.0,0.28538242,0.0,0.0,0.8734621,0.0,0.7634279,1.1882781,0.62644887,0.0,0.0,0.0,0.0,0.45753562,0.0,0.65452445,2.1460667,0.51156574,0.94247854,1.608584,0.51316434,0.0,1.536882,0.0,1.4036503,0.6063749,0.7991376,2.2452857,1.5824459,0.780729,0.8277027,2.214645,0.3141992,0.0,0.64014137,0.0,1.3302963,0.31020325,2.4613469,0.0,1.6870822,0.0,1.0528517,0.0,0.0,1.0351495,1.458085,1.6582044,2.829256,1.2628411,0.5579592,0.23115206,0.4766524,0.6493927,0.0,2.559979,0.0,0.0,0.38372424,1.7427794,2.653756,0.0,0.0,0.0,0.0,0.5557354,0.0,2.4777348,1.0080147,0.0,0.72871697,2.0774179,0.0,2.0158265,0.0,0.0,0.0,0.81441474,1.2818009,0.5822053,0.0,0.7388158,0.0,0.0,0.5459835,0.9222038,0.0,0.43393314,1.7434534,0.9174125,2.9869003,2.0072517,1.242524,1.7365334,0.0,0.0,1.6067692,0.5930268,0.8598384,0.60405403,0.0,0.0,1.3085753,0.0,0.2629169,0.0,0.0,0.0,0.0,0.29399827,0.0,0.97045255,1.0512435,0.12675138,0.0,0.58582324,0
0.0,0.0,0.35413203,1.5399165,1.2531681,0.968777,0.9956522,0.0,1.5472913,0.70937514,0.0,0.0,0.33024213,0.28282312,2.0114722,0.0,2.0201883,0.0,0.0,2.1097736,0.0452148,0.0,0.42960265,0.40451458,1.7268095,0.0,0.0,1.0794237,0.0,1.8742559,0.60958034,1.425261,2.0407777,0.0,0.0,1.0635661,0.0,0.22736423,1.8796349,2.3646526,1.3423197,1.3022391,0.0,1.5056343,0.0,0.0,2.7292764,0.0,1.7075256,0.14606726,2.5629358,0.0,1.3844528,0.0,0.5468734,0.45363706,3.101359,1.4724381,2.2667692,1.1571363,1.290988,1.3417197,0.0,3.2904167,0.0,2.9343462,0.0,1.1658572,0.0,0.0,1.9539359,0.19822402,2.2330878,0.0,0.075162105,0.0,0.48083884,1.9636164,0.4451189,0.89477104,1.2971101,0.0,2.1529458,1.7683156,1.0147727,0.86433834,0.0,0.044563454,0.0,1.7316734,0.10809795,0.0,0.0,1.749938,2.0786011,0.0,2.2201295,1.4981307,0.0,0.4922405,0.6684453,1.1433011,1.2561834,0.09364961,2.0835686,1.0243884,0.30785197,1.566489,0.00013779686,1.4977598,0.4223415,1.247592,0.0,1.5011562,1.5479047,0.0,0.0,0.14748926,0.0,0.0,0.0,1.2882794,0.0,0.5215637,0.0,0.2857072,0.0,2.151121,0
0.0,0.0,0.0,2.2545748,0.015304653,1.063274,1.4077451,0.0,0.54036415,1.548932,0.22383031,0.0,0.88541186,0.66314423,2.477001,0.0,1.5939655,0.0,1.7745653,1.5512714,0.6654524,0.0,0.0,0.0,0.76498955,0.4992488,0.2512287,1.4969944,0.0,1.7194211,0.46298355,1.3582104,2.8092961,0.0,0.0,0.26275092,0.0,0.36904332,0.9971996,2.3160179,1.640097,1.0115705,0.04606312,0.5289072,0.18582824,0.0,2.0222576,0.0,1.5659175,1.0401913,1.6874573,0.0,0.9139774,0.0,0.9365086,0.0,1.0945443,1.655947,2.3305976,1.4184757,0.37471873,1.4614854,0.0,2.29521,0.0,1.6612304,0.0,2.008353,0.0,0.0,0.93879116,2.4697654,1.7012153,0.0,0.3265279,0.0,0.90327567,2.9110954,1.700477,1.0100443,0.6799953,0.0,1.7755831,0.7650632,1.0083059,1.049814,0.0,0.0,0.0,0.6435355,0.0,0.059239745,0.10447829,2.829783,0.70934755,0.0,1.310582,0.6581182,0.41778845,0.0,0.66414416,0.0,0.0,1.298833,0.7092661,1.384554,0.0,1.901134,1.3063384,0.14220305,1.9581182,0.0,0.0,0.0,0.98671466,0.0,0.0,0.1437019,0.0,0.0,0.0,0.0,0.0,0.48033524,0.0,0.0,0.0,1.935402,0
0.0,0.51874024,0.82303,1.8797336,1.5315849,1.3381447,1.1799973,0.0,0.45479134,1.2351195,0.0,0.0,0.0,0.0,0.0,0.0,3.0224416,0.0,0.4444307,0.5764616,0.0,0.0,0.0,0.13950981,0.54839456,0.0,0.0,1.9836035,0.8518231,1.4566932,0.0,2.4981558,1.1866392,0.0,0.0,2.0338943,0.0,0.54851675,1.3198649,2.0345392,0.15426446,2.4837873,0.37542516,0.8359068,0.11829343,0.0,2.586749,0.0,1.0684922,0.0,2.0779934,0.0,2.7075217,0.0,1.4050817,0.21560735,2.0309072,1.3055632,1.9680074,0.0,2.9134514,1.3093883,0.0,3.1680856,0.0,2.6555114,0.0,2.1770558,0.92921114,0.0,1.0184255,2.0107267,2.548706,0.0,0.0,0.0,0.0,1.153577,0.2886033,0.0,1.5205245,0.0,2.9652212,1.5088241,0.93045694,0.35765877,0.02259633,1.3209726,0.0,0.0,0.51191384,0.06591141,1.1212999,1.87432,0.9134318,0.0,1.6609925,0.9248881,0.0,0.0,1.3087882,2.07592,0.039810643,0.04455023,1.7115548,0.8452132,0.0,0.80262387,1.7701098,1.405443,0.87181836,0.5851753,0.0,0.7387761,0.6129931,0.0,0.0,0.0,0.0,0.0,0.0,0.7495147,0.0,0.0,0.0,0.44488898,0.0,1.1779336,0
0.0,0.0,0.62904763,0.7777987,1.0980196,0.0,1.20109,0.0,1.119223,0.49820116,0.0,0.42029127,0.0,0.35791227,0.61469793,0.0,1.2284098,0.0,0.29792076,1.7205285,0.0,0.0,0.0,0.072466575,0.511544,0.0,0.08738417,0.0,0.0,0.6486656,0.37186015,3.470758,2.754256,0.38900778,0.81185377,2.1142967,0.0,1.893081,2.0223258,1.7071404,0.86625767,0.48382455,0.0,0.81119657,0.0,0.0,2.2233055,0.0,0.0,0.0,2.526017,0.0,0.700933,0.0,0.9666836,0.0,1.1854994,0.0,0.0377178,0.6091661,0.43452445,1.2318547,0.0,0.0,0.0,1.8528986,0.0,2.5582194,0.0,0.0,1.5279012,1.0348493,2.4434707,0.87291425,0.47385377,0.0,1.232887,1.555865,2.01963,2.056012,0.8774854,0.0,0.91038007,1.0298009,0.0,1.5299456,0.6713581,0.0,0.23465048,2.5458598,0.0,0.0,0.0,1.471332,1.2116934,0.81982195,0.47709578,2.3089118,0.4946085,1.4657776,0.0,0.36431357,0.46596187,1.4226189,2.6907513,0.58001506,0.3009601,0.47540197,0.8285595,1.1474339,1.9346374,0.0,0.0,0.5981736,1.1522238,2.602858,0.0,0.0,0.0,0.0,0.0,0.0,0.0,0.045379534,0.0,0.0,0.0,0.9481832,0
0.0,0.0,0.2142862,1.8475769,0.73363477,1.1626152,2.0280974,0.0,1.9916297,0.11727788,0.0,0.0,0.0,0.5866314,0.8762406,0.0,2.0651617,0.0,0.0,3.1164477,0.0,0.0,0.0,0.0,0.4816481,0.07721992,0.0,1.3126771,0.0,1.2257775,0.0,3.5010114,2.7399626,0.0,0.0,0.70744854,0.47843248,1.181743,0.6004057,2.646573,1.488263,0.5897717,0.6994623,0.38448235,0.061563697,0.0,2.4592912,0.0,0.8863839,0.0,2.3816903,0.0,0.49688157,0.0,0.8947,0.0,1.4457858,2.1067111,2.0986621,1.5249527,0.7853045,2.1061869,0.0,1.6081567,0.0,2.6343718,0.0,1.399831,0.0,0.0,0.0,2.315975,1.9610909,0.0,0.0,0.0,1.192419,0.45614594,0.0,1.6297492,0.6596608,0.0,1.6992221,1.4395105,0.27337566,2.1288826,0.0,0.0,0.0,2.2526002,0.19462626,0.01900394,0.0,1.0834262,0.0,0.0,0.39324477,0.86850977,0.0,1.2963548,0.016548779,0.6229154,1.6073432,1.3154962,0.0,2.888981,0.0,1.6075456,2.1999347,0.0,1.3614272,0.0,0.0,0.74163836,1.1749003,0.0,0.0,0.5214272,0.0,0.0,0.2562616,0.84978026,0.0,0.31191564,0.0,0.0,0.0,1.4523318,0
0.0,0.0,0.72124034,1.6000485,2.8603473,0.0,1.655759,0.1911784,1.7240744,1.2422194,0.0,0.0,1.1218278,0.0,1.0926378,0.0,2.4553752,0.0,0.0,2.0344753,0.0,0.0,0.0,0.9836104,1.8220886,1.1655635,0.9171703,1.3490746,0.0,0.0,0.6827556,2.5619655,2.5709898,0.0,0.88973343,1.9335885,0.0,0.059795193,0.0,1.965395,0.5526501,2.207462,0.0,0.5782484,2.199458,0.0,2.7200215,0.0,0.14914805,1.5577642,1.7018173,0.0,0.0,0.0,0.6129058,1.0107583,1.6240438,0.8164353,0.0,2.293902,0.0,0.5419232,0.55244154,0.16960025,0.0,1.3057489,0.0,0.58069485,0.25971445,0.0,0.6076407,1.5096946,0.61456156,1.9625019,0.6346142,0.0,1.0318601,0.73212844,1.3877895,0.0,0.3633648,0.0,1.1659139,0.8820861,0.0,1.0041658,0.0,0.0,0.0,2.2202437,0.0,0.0,0.0,1.782991,0.0,1.6753848,0.0,2.9158037,0.66886336,1.8250835,0.16550148,0.24021286,1.4355768,1.0156026,2.0195277,2.2424574,0.7740725,0.0,0.39804775,1.2685196,1.8938735,0.0,0.0,0.0,0.44251096,0.8453823,0.0,0.6576149,0.0,0.0,2.0328481,0.0,0.0,0.707714,0.035690296,1.1558112,0.0,0.95312196,0
0.0,0.0,1.6275384,1.6066128,0.66527045,3.4496865,0.0,0.0,2.4397817,1.9239365,0.0,0.0,1.0274217,0.0,1.8256972,0.0,1.9255298,0.0,0.14290316,0.0,0.26177406,0.0,0.0,0.106274,0.5091872,0.0,0.0,1.0043931,0.0,0.77551806,0.17552294,0.639428,0.94347197,0.0,0.4087499,2.2449734,0.0,0.28092727,2.8322377,0.26081496,0.9369785,1.6422035,0.5944181,2.5854194,0.65858865,0.0,2.0432415,0.0,1.5821139,0.0,1.8825781,0.0,1.7170186,0.0,0.0,0.0,3.6907263,2.6047413,1.2445433,0.6498804,1.8936146,0.0,0.0,4.3731546,0.0,1.1303378,0.0,0.6643391,0.098329395,0.0,2.286978,0.0,2.7949932,0.0,0.0,0.0,0.0,1.4931512,0.82676196,0.0,1.5429184,0.0,2.017633,1.2749748,0.36645326,1.2361654,0.0,1.1957551,0.0,0.34850606,1.7711518,0.0,0.0,0.6337428,1.5540665,0.0,2.494659,0.77911603,0.29060018,0.0,2.135332,2.0136526,0.0,1.2414784,0.2792379,1.1418815,0.3313008,0.77137315,0.5419038,1.2578481,1.2023374,0.0,0.0,1.4133346,0.7441069,0.0,0.0,1.7678254,0.0,0.0,0.0,1.0090485,0.0,0.16480114,0.0,0.13575555,0.0,1.93214,1
0.0,0.0,2.2902963,1.1409962,0.12091611,0.47143462,0.388915,0.0,1.5158118,1.7133819,0.0,0.0,0.13282253,0.9098176,2.3528376,0.0,0.9811756,0.0,0.09406312,1.6961627,0.6338634,0.0,0.0,0.37212512,1.2660763,0.0,0.22118218,1.3573062,0.0,0.05813381,0.5483557,2.0654826,2.0518804,0.0,0.0,1.7697707,0.0,0.1711732,3.3082128,1.2375103,0.6436081,0.82045144,0.22742206,0.3650852,0.0,0.28095135,2.3584726,0.0,1.5100799,0.0,1.6036291,0.0,2.257046,0.0,0.7758706,0.88321364,3.7164984,1.7413398,2.9806545,1.0741549,1.235942,0.45570448,0.0,3.1222253,0.0,1.4675579,0.0,1.7632153,0.0,0.0,2.82958,0.52029335,3.8039832,0.0,0.0,0.0,0.0,2.6993797,0.19499397,1.6208781,2.1617093,0.0,2.1901922,2.388871,0.48192486,0.45335475,0.34182072,0.68821734,0.0,1.4224687,0.7534165,0.0,0.15625577,1.5583619,0.8499121,0.0,1.3734804,1.2937453,0.0,0.0,0.79822564,2.3200274,1.1875763,0.0,2.599045,0.19427793,0.0,1.8817763,1.1809151,1.388408,0.7816952,0.0,0.0,1.744182,0.9583305,0.17198703,0.0,0.0,0.0,0.0,0.0,0.7154414,0.0,0.36068714,0.0,0.77348953,0.0,2.176205,1
0.0,0.2705818,2.2068522,0.40129718,0.0,1.1972935,0.0,0.0,1.2705469,0.13772999,0.0,0.021090604,0.0,0.45660093,1.7956544,0.0,2.0552588,0.0,1.1164578,0.0,0.0,0.0,0.0,0.0,0.31747997,0.0,0.0,1.4955199,0.0,0.8105231,1.1300533,0.2267281,0.88493496,0.0,0.028829066,0.80276024,1.0124404,0.47185823,2.2810545,1.0753472,1.620483,1.1071075,0.63003737,1.3632001,0.0,0.20531854,2.389306,0.0,0.30434147,0.031104326,1.3404312,0.0,2.511536,0.0,0.0,0.6749276,1.6436155,1.0386869,1.5822629,1.3202709,1.6776336,0.99324673,0.0,3.0807931,0.7949198,1.9187344,0.0,0.7444654,0.71429074,0.0,0.8665713,1.9753786,1.478598,0.0,0.0,0.0,0.0,2.1763937,0.0,1.5064416,2.1811953,0.0,2.858969,1.2320353,1.1835,0.10535571,0.29368746,0.5983065,0.0,0.45998207,1.1498077,0.0,0.37240905,1.5399473,2.0299606,0.0,2.5107267,0.0,0.0,0.20522587,1.2074645,1.6973203,0.37993804,0.0,1.1546173,0.0,0.0,1.7792658,0.6872837,1.2722224,0.8263549,0.522056,0.0,1.4764525,0.32012647,0.0,0.0,0.0,0.0,0.0,0.0,0.5858725,0.0,0.005294456,0.0,0.47788528,0.0,1.176,0
0.0,0.0,0.0,1.6590213,2.067972,1.8049407,0.89849186,0.79672533,0.0,0.0,0.0,0.0,0.0,0.8928307,0.0,0.0,1.4507916,0.0,0.0,2.3046176,1.0007284,0.12008411,0.0,0.0,0.0,0.0,2.325051,0.8727394,0.4727032,0.34257412,0.23225786,2.1907632,1.3530141,0.046080116,0.4557974,0.0,0.0,1.0848893,0.0,1.352292,0.0,0.04170816,0.0,0.0,0.0,0.0,2.1206677,0.16280225,0.26320738,0.0,2.51767,0.0,0.0,0.0,2.0346022,0.6059034,0.0,0.0,0.56405497,1.3832592,0.030521657,2.1065693,0.3079762,0.0,0.18062137,1.8803416,0.0,1.6192167,0.06377077,0.121300235,0.0,2.075054,0.0,0.0848081,0.0,0.0,0.12253946,0.0,2.5980246,0.03906772,0.0,0.0,0.0,0.41334027,0.0,2.5760398,0.123820305,0.0,0.0,1.4875165,0.6584683,0.0,0.0,2.6895783,0.0,1.2183139,0.0,1.0548161,0.0,1.3541135,2.8035111,0.69369924,1.1598248,0.8086056,1.0839487,1.0110902,0.31009498,1.036987,1.4211649,0.5068602,0.17188822,0.0,0.0,0.0,0.6345342,2.165218,0.0,0.0,0.0,0.0,1.571846,0.82531303,0.0,0.0,0.2954447,0.5199642,0.0,1.5263227,0
0.0,0.0,1.2545604,0.8004166,0.91500336,0.24962427,0.57107705,0.43678185,2.056279,2.1214838,0.0,0.58231336,2.2156925,0.058321383,1.7801938,0.0,2.0274966,0.0,0.0,0.62220067,0.56063527,0.0,0.0,0.051560514,0.96917844,0.6114938,0.9910158,1.5572758,0.0,0.6806596,0.0,1.3679038,1.6442232,0.0,0.0,0.6367033,0.0,0.0,1.829755,2.2141635,1.3317542,0.86667484,0.9252923,0.6164485,0.7176123,0.0,2.3378422,0.0,0.754671,0.0,1.7541032,0.0,1.5237231,0.0,0.0,0.13476288,2.3871822,1.0816673,0.5291016,0.62535965,1.3243537,1.0814191,0.0,2.536102,0.0,0.427154,0.0,0.5529439,0.0,0.0,1.8940432,1.5088208,3.0264497,0.0,0.8150173,0.0,0.0,1.5561274,1.5375456,0.89478534,1.4282368,0.0,1.2530627,1.2882568,0.0,1.846692,0.0,0.0,0.0,0.47972247,1.407725,0.233369,0.19139346,1.2209226,0.7970886,0.62377524,0.97061604,0.84049463,0.0,1.3092502,0.34035078,1.1642226,0.46887144,2.1013334,1.2784653,0.33370173,0.0,1.5862863,1.0592632,1.1492741,1.9152287,0.0,0.0,0.7856641,0.6894397,0.005412643,0.0,0.0,0.0,0.0,2.0787127,0.0,0.0,0.0,0.0,1.0267934,0.0,2.7369914,0
0.0,0.0,1.0852249,1.8374233,0.20381874,0.028062342,0.0,0.0,0.0,0.72961617,0.0,0.25620082,0.0,0.0,2.2446752,0.0,2.2678785,0.0,0.0,1.6246622,0.0,0.0,0.0,0.3298189,0.76226735,0.60305345,0.425832,1.4058192,0.0,1.1131291,0.0,2.304001,0.0,0.0,0.43726736,2.0144582,0.0,0.0,1.1754931,2.5209258,2.0132642,1.4239554,0.09453553,1.0241678,0.57826036,0.0,1.8622916,0.0,0.9305598,0.0,2.2637162,0.0,0.3349962,0.0,0.09650448,0.0,1.5003943,0.0,0.0,1.4579134,0.0,1.721081,0.0,1.7496071,0.19059215,0.17063159,0.0,2.070157,0.6237708,0.0,1.2918591,2.102732,0.47518572,0.40589646,0.17219853,0.0,0.35707852,1.4286675,1.565334,1.0918299,0.5555561,0.0,1.552549,0.45355135,0.0,1.5693846,0.0,0.0,0.01998084,1.339742,0.81821793,1.3009107,0.7737441,1.7076479,1.4152414,1.1526043,0.3450468,1.0833762,0.0,2.2875288,1.2683548,1.1060358,0.0,0.9233004,2.1777928,0.39763921,0.14884786,0.15951817,0.25857365,0.8009599,2.0892227,0.0,0.0,0.7512202,0.16817711,1.0830001,0.0,0.0,0.0,0.0,0.0,0.0,0.0,0.0,0.0,0.0,0.0,1.1743006,0
0.0,0.0,0.44802,1.3402054,1.4615674,0.27773377,1.6738206,0.0,1.3877772,1.1355109,0.0,0.0,0.7552516,0.689807,1.2551835,0.0,1.7338516,0.0,0.0,2.6693704,0.0,0.0,0.0,0.7966634,1.1672223,0.14660849,0.0,0.9647636,0.0,0.8939528,0.0,2.228423,2.2498078,0.23337546,0.0,1.8467513,0.0,0.44099244,1.2173853,1.2779249,0.7361531,0.98762065,0.0,0.45916942,1.2928216,0.0,3.085532,0.0,0.07377562,0.6294751,3.2261713,0.0,1.0314192,0.0,0.1555727,0.0,2.5517418,0.21611133,0.6542897,1.8835206,0.0,1.7589442,0.0,0.47333872,0.0,1.6097909,1.0003203,1.2453846,0.0,0.0,1.2041509,1.2104468,1.244143,0.0,0.96283454,0.0,0.5570595,2.2164066,1.2363335,1.2622713,0.32586122,0.0,0.9633001,1.0933048,0.0,1.020562,0.0,0.0,0.0,2.6164966,0.36150786,0.0,0.0,1.994227,1.0428599,0.4738734,0.15135464,2.0062802,0.059314422,1.3340762,1.2096342,0.064486116,0.054494932,0.19716959,1.7814405,1.5041194,0.0,1.5661675,1.4254752,0.5132529,2.1567814,0.0,0.0,0.21194388,1.1723982,2.116838,0.0,0.0,0.0,0.0,0.0,0.0,0.0,0.0,0.0,0.026484689,0.0,0.98681337,0
0.0,0.0,0.43675664,0.58215684,1.0244324,0.0,1.7589356,0.0,1.0258785,1.4013549,0.0,0.0,1.2636695,1.0376071,1.9882176,0.0,2.9872408,0.0,0.8617294,0.3672715,0.0,0.0,0.0,0.45063365,2.1488981,0.0,0.0,2.477291,0.0,0.25158593,0.58145416,2.7325747,1.867368,0.0,0.0,1.1438192,0.2239693,0.68423843,2.2734246,2.808367,1.1290578,0.39277953,0.2653175,0.8634253,0.0,0.0,2.4972308,0.0,1.1035002,0.4543656,1.3738983,0.22336932,1.7493558,0.0,1.3164966,0.13296655,0.717487,1.0569082,2.2428703,1.9914397,0.9191599,1.2617218,0.0,0.79238665,0.0,2.340271,0.0,1.1529373,0.0,0.0,1.5253838,0.71499795,1.2052562,0.0,0.0,0.0,0.35112947,1.7311758,0.8501003,0.9005987,1.1901375,0.0,0.91489506,2.0224166,0.8875191,1.8332019,0.0,0.0,0.0,1.9691628,0.025934732,0.0,0.0,1.6981452,0.27903366,0.0,1.2916322,1.8308288,0.0,0.16524984,0.49773404,0.9130469,2.7149112,0.71757513,1.4419742,2.2326226,1.43177,1.8270653,1.5995071,0.71161276,0.38319215,0.0,0.0,0.0,0.28883058,0.56725013,0.0,0.30768815,0.0,0.0,0.2295788,0.0,0.0,0.0,0.0,0.106381916,0.0,2.1616538,0
0.0,0.0,0.0,0.0,0.9162462,1.7204112,1.5296273,0.0,0.22420341,0.43102148,0.0,0.0,0.72341084,2.4808645,0.08267972,0.0,0.6052772,0.0,1.5063021,0.0,0.0,0.0,0.0,0.4986869,0.0,0.27194858,0.02110953,1.7944125,0.0,0.5287279,0.25435662,1.8900653,2.2709982,0.0,0.14014083,1.0132816,0.04124227,0.0,0.5674711,1.1263127,1.2192061,0.0,0.0,1.2553703,0.0,0.0,2.413831,0.0,0.0,0.7956296,2.0237157,0.0,0.30193022,0.0,0.0,0.0,1.3054477,0.8452753,1.308028,1.7267976,0.0,2.171048,0.0,1.6178395,0.0,2.260857,0.0,0.48560348,0.0,0.0,0.0,2.6891928,0.0,0.0,0.0,0.0,1.0689285,2.2015994,0.8310665,1.5193157,0.0,0.24516657,1.6883607,1.2246702,0.2800374,0.84012455,0.0,0.0,0.37330884,0.9443534,0.0,0.0,1.5621374,1.597347,1.450595,0.0,0.930566,0.0,2.5646482,0.65941876,1.3056775,1.3108623,0.81030214,0.17312603,1.7401713,1.3331708,0.0,2.2365048,2.3188987,0.0,1.4163159,0.0,0.0,0.0,0.19748648,0.6210046,0.0,0.88660896,0.0,0.0,0.0,0.035772637,0.0,0.0,0.0,0.0,0.0,0.6834982,0
0.0,0.0,1.2082409,1.7913407,0.0,1.1364957,0.86307615,0.020082014,0.0,0.846873,0.14249331,0.0,0.0,0.0,0.0,0.0,3.1489768,0.0,0.0,3.0224526,1.4294418,0.0,0.0,0.0,1.0448761,1.4143654,2.1046362,0.12840909,0.0,0.0,0.0,2.882913,3.457277,0.0,0.0,2.4810796,0.0,0.0,1.1557276,0.54977787,2.3686836,0.79791844,1.8090744,0.51935196,0.8467265,0.0,1.5418553,1.283818,0.0,0.0,3.0308826,0.0,0.0,0.0,0.0,0.0,0.0,2.236697,0.0,1.831391,1.7333351,0.0,0.0,0.35611737,0.0,2.3485608,0.0,0.58302265,0.0,1.2906076,0.21063349,2.5444052,0.0,1.6563708,0.010413524,0.0,0.0,0.040789794,2.0674407,0.4288732,0.7128774,0.0,1.2016419,0.0,0.0,1.0372691,0.0,0.0,0.0,2.4745274,0.0,0.0,0.19909547,1.1629262,0.0,1.1694432,0.0,2.4046931,0.0,2.312459,0.0,0.9899094,0.41166845,1.197434,1.5099114,0.07845862,0.0,0.51524913,0.09944523,0.0,1.4338189,0.3119373,0.0,0.0,0.0,0.18783405,0.0,1.1662225,0.0,0.0,0.5085355,0.0,0.0,0.15652855,0.0,0.0,0.0,1.3412542,0
0.0,0.0,0.5952754,0.61360824,1.2999766,0.0,0.0,0.17024912,0.0,0.67604625,0.0,0.2579095,0.0,0.2258667,0.70599353,0.0,3.2414074,0.0,0.7373233,0.36315534,0.0,0.0,0.0,0.0,1.1046084,0.0,0.50791186,1.7206957,0.72839975,0.0,0.42860746,0.8637692,0.0,0.0,0.0,0.6762349,0.0,0.0,1.7453064,3.262871,0.02070345,0.64399505,0.22294295,0.94918466,2.3561773,0.0,2.632647,0.0,1.2118423,0.0,1.9654942,0.3392122,1.6446137,0.0,0.0,0.54272056,1.1972337,0.0,0.46894935,2.11854,0.0,1.4206783,0.0,1.3681055,0.5678455,0.94407755,0.0,1.0034035,0.0,0.2858978,0.57328707,2.7949312,0.78669816,0.6800752,1.3496798,0.0,0.0,1.3334757,0.9119704,0.6953884,0.631668,0.0,0.9821538,1.4714063,0.0,1.5250674,0.35742787,0.0,0.0,0.0,0.0,0.0,0.0,2.85104,0.0,1.4778558,1.0814427,2.4305558,0.0,1.8137822,0.46186033,0.15724552,0.0,1.5083168,0.54033434,1.1014587,2.0698035,0.0,0.0,1.1372613,1.2404591,1.4726014,0.0,1.0208654,0.15788047,1.3583628,0.0,0.0,0.0,0.0,0.042122725,1.3363112,0.0,0.0,0.0,1.1692251,0.0,1.3484018,0
0.0,0.0,0.0,0.5222391,1.6734751,0.0,2.2446582,0.44428983,0.3682734,0.0,0.0,0.0,1.418653,0.0,1.3907086,0.0,1.8245987,0.0,0.22392131,2.2960472,0.0,0.0,0.0,0.0,0.0,0.78258336,1.0414001,1.9306484,0.0,0.7709453,0.1867242,1.4698299,1.4714562,0.0,0.41466567,0.49542058,0.0,0.0,0.0,1.081715,0.73691773,0.9495719,0.0,0.50412697,1.8768013,0.2598928,2.4195197,0.0,0.8427196,0.0,2.104317,0.36669895,0.086739756,0.0,0.0,1.2246816,1.6794701,0.82599956,0.19214027,0.83653766,0.0,0.42600858,0.0,0.0,0.0,1.638826,0.0,2.0424092,0.0,0.0,0.0,0.94120204,0.0,0.18012825,1.5356207,0.0,0.7485931,0.0,0.6083823,0.5784854,0.0,0.41049838,0.6853775,0.64485574,0.0,2.6304913,0.013525233,0.95551366,0.0,0.8330894,0.0,0.0,0.0,1.8558271,0.0,2.441451,0.4087985,3.7677455,0.0,3.0986176,1.3076864,0.22684841,1.2720741,1.4299333,0.0,0.48076248,1.3202236,1.9668635,0.0,2.5612497,1.5743473,0.0,0.0,0.0,0.0,1.378497,0.0,0.0,0.0,0.0,0.35099077,0.0,0.0,0.0,0.5410899,2.2577176,0.0,1.2580453,0
0.0,0.0,0.9867387,0.62796825,1.361265,0.5832222,2.5937746,0.0,0.9806545,0.41162738,0.0,0.0,0.69707245,2.0117846,0.22402257,0.0,1.7585669,0.0,0.41051695,0.01097076,0.0,0.0,0.0,0.0,1.5853686,0.0,0.0,2.3524442,0.0,1.293599,1.7104828,1.6995999,1.3775051,0.0,0.0,0.75825727,1.5014236,0.0,1.688371,0.9689612,1.4714451,0.0,0.0,0.0,0.0,0.0,3.0620973,0.0,0.0,0.61422324,2.0809517,0.0,0.3651799,0.0,0.69977283,0.0,2.0012038,0.96883607,0.36989906,1.7807018,0.47687593,2.8589861,0.0,0.7140818,0.0,2.005107,0.0,1.8076247,0.16292733,0.0,0.48729977,1.0469453,1.8031064,0.0,0.0,0.0,0.12618479,2.3377364,0.10620857,1.0889647,0.0,0.0,1.0271472,2.4177058,0.57683915,1.5785916,0.0,0.18608241,0.0,2.528985,0.0,0.049794436,0.4207491,2.0652869,0.77583724,0.0,1.7355261,0.47308922,0.1974423,0.8902737,1.4413944,1.7851912,0.27259582,0.11057462,0.53064007,0.94192404,0.0,0.6346583,0.656038,0.727948,1.4449998,0.0,0.0,1.0467087,0.7385481,1.4803681,0.0,0.0,0.0,0.05089169,0.0,0.511205,0.0,0.0,0.0,0.0,0.0,0.0,0
0.0,0.0,2.1827726,0.55122143,0.0,1.0220858,0.0,0.0,2.2722864,1.9173502,0.0,0.8442812,0.15402247,0.0,1.0571997,0.0,0.13739598,0.0,1.7871776,2.7171257,1.5509633,0.0,0.0,0.446656,1.6138206,0.0,1.0356216,0.0,0.0,0.2663896,0.0,2.3076556,3.4715676,0.0,0.0,1.3668183,0.0,0.54314005,3.026796,0.941459,0.0,0.0,1.2867026,0.9652233,0.0,0.0,0.16751775,0.0,1.5275197,0.0,2.1182096,0.0,2.1038942,0.0,0.15222578,0.0,2.024887,2.4191263,2.670944,1.0923519,2.3493662,0.0,0.0,3.161928,0.0,0.999309,0.0,2.2747986,0.0,0.0,2.0505612,0.9490329,4.096107,0.1967205,1.1636285,0.0,0.32566926,0.5804199,1.0034587,0.33668435,0.96994483,0.0,0.015070752,1.35813,0.0,1.420793,0.4655147,0.0,0.0,0.6930001,1.0573919,0.0,0.05168902,2.0666254,1.125366,0.0,0.19424748,1.6290272,0.21173665,0.34947577,0.0,0.9696709,0.36731967,1.417799,0.8368515,1.1685742,0.0,1.768993,0.85324544,0.0,0.30776945,0.0,0.0,0.46168202,0.5676622,0.0,0.0,0.2581075,0.0,0.0,0.0,0.0,0.0,0.0,0.0,0.0,0.0,1.6478897,1
0.0,0.0,0.7543665,0.5116622,1.4758753,0.0,0.41515833,0.0,1.2447714,0.5341856,0.0,0.0,0.0,1.5933656,1.9093509,0.0,2.4293592,0.0,1.3864367,0.83410436,0.016304966,0.0,0.8159002,0.0,1.6860158,0.0,0.0,1.1351504,0.6076721,0.13799596,1.0959468,1.8876029,2.7346754,0.0,0.0,0.9681116,0.0,0.85874236,3.0251002,2.0100913,0.77522755,0.8496807,0.6232638,0.056868717,0.0,0.0,1.6116393,0.0,0.86168224,0.14836276,2.1178265,0.0,2.5477078,0.0,1.8163959,0.8394351,1.6725324,0.92665714,1.5285808,1.1168951,0.20414284,2.1661906,0.0,1.456972,0.0,2.6593199,0.0,1.4452811,0.0,0.0,1.5224569,2.029054,3.1868932,0.0,0.0,0.0,0.0,2.3610773,0.7434599,0.0,1.0625592,0.0,0.85027635,1.4840066,1.3275689,0.0,0.47395557,0.52356446,0.0,0.48853782,0.0,0.0,0.43025485,1.5222645,1.6009642,0.0,1.6398948,0.24781062,0.2821071,0.0,0.3560835,1.9196131,0.0,0.086706325,1.9534429,1.477344,0.0,2.3718314,0.90661293,1.6463327,1.240923,0.78313285,0.0,0.7292343,1.119869,0.0,0.0,0.0,0.0,0.0,0.0,0.5511397,0.0,0.0,0.0,0.12958963,0.22863807,1.333506,0
0.0,0.0,1.9165171,0.7605108,0.6801121,0.0,0.46548453,0.0,0.4297746,0.18025742,0.0,0.90877897,0.0,0.0,0.3264698,0.0,3.9788842,0.0,1.6120621,0.0,0.0,0.0,0.35395026,0.0,0.80006135,0.0,0.0,0.85957885,0.4343354,0.0,0.8181468,0.5948483,0.66356605,0.0,0.90093964,0.0,0.0,0.0,1.0729332,2.8923552,0.152276,2.8046792,0.51527315,0.0,0.7432081,0.546352,3.4034746,0.0,1.09238,0.0,0.38333312,0.0,1.9405025,0.0,0.4301309,1.3588061,0.3501048,0.41557363,0.0,0.6854421,1.6400648,2.1648715,0.0,2.0181935,0.0,1.0616382,0.39401904,2.3241367,0.0,0.0,0.8492548,2.573035,1.289324,0.4263669,0.0,0.0,0.0,0.0,1.1938562,0.0,1.188154,0.0,2.7601402,0.8876217,0.0,0.0,1.6378345,0.99621636,0.0,0.0,0.45795354,0.0,0.3051803,1.2755141,0.9962769,0.0,1.9674864,0.7894444,0.0,1.0495408,0.0,0.0,0.0,0.39207965,1.4980532,0.22746624,0.30855352,1.2123071,0.0,2.662426,1.5840371,1.5616918,0.0,1.0053769,0.16560553,0.0,0.0,0.0,0.0,0.0,0.0,0.0,0.0,0.0,0.0,1.0638018,0.0,1.7254484,0
0.0,0.0,1.6070554,1.4698291,0.0,0.57263553,0.09877067,0.0,1.8509547,1.2164553,0.0,0.0,0.113219544,0.7601322,1.7329277,0.0,1.5763103,0.0,0.22616668,0.45323467,0.0,0.0,0.10798643,0.0,1.4347271,0.0,0.0,1.465589,0.0,0.9395331,0.7236044,1.3465973,1.5967199,0.0,0.0,1.671049,0.0,0.4124513,2.8987331,1.5353165,0.98931926,1.7169398,0.27086085,0.5315122,0.0,0.0,1.5166137,0.0,1.2762009,0.0,1.739068,0.0,1.7504653,0.0,0.41001052,0.0,2.9321146,1.7624823,1.5779868,0.5654191,1.5002351,0.25681388,0.0,2.2762644,0.0,2.0495305,0.0,0.48407635,0.0,0.0,1.3554479,0.7961064,2.4305654,0.0,0.0,0.0,0.0,3.0210457,1.1053959,0.0,1.9449881,0.0,1.7511358,2.1469843,0.7722588,0.07160905,0.24672642,0.16451727,0.0,1.469288,0.8388045,0.0,1.1662967,0.8924352,0.6076814,0.0,2.915638,0.55739313,0.0,0.0,1.1102861,2.180512,0.65385693,0.27019656,1.3098545,0.6118221,0.16129266,2.299214,0.7717744,0.515045,0.3625514,0.43779048,0.0,1.4892961,0.0023868275,0.0,0.0,0.26463285,0.0,0.0,0.0,0.883421,0.0,0.0,0.0,0.5444174,0.0,1.1538215,1
0.0,0.0,0.97647214,0.76461655,0.07803202,0.39731464,0.4335953,0.0,1.6134764,0.9754376,0.0,0.69839585,0.44971862,0.6491822,0.97059464,0.0,1.7207104,0.0,1.5641907,0.61346704,0.68779045,0.0,0.0,0.0,0.8889234,0.0,1.0355791,0.50138444,0.0,1.3566422,0.3279844,0.56166476,2.831578,0.0,0.0,1.2485176,0.0,1.1312381,2.1033,1.6961343,1.0941664,0.78606004,0.46526992,0.7957959,0.0,0.23886326,1.5921496,0.0,0.15504152,0.7162329,2.105514,0.0,1.937203,0.0,1.0444782,0.0,0.6924991,0.38131377,1.9793664,1.7484263,0.8050784,1.9048878,0.0,1.662383,0.0,2.946114,0.0,1.7931314,0.0,0.0,1.4799596,1.9271213,3.2230628,0.0,0.3280441,0.0,0.0,2.1447175,1.4486165,1.1036488,1.2165507,0.0,1.3335922,1.1892706,0.3510063,0.0,0.006322205,0.0,0.0,0.37432095,0.6858552,0.0,1.2097206,1.4030001,0.9201086,0.030709404,2.2332318,0.038090296,0.0,0.0,0.0,0.9651209,0.0,0.0,1.6548768,1.5484757,0.2077884,1.337283,2.3902457,2.050592,1.8193506,0.0,0.0,1.7152271,1.1095827,0.0,0.0,0.0864564,0.0,0.0,0.0,0.6117975,0.0,0.99904156,0.0,0.52763045,0.73155075,1.04223,0
0.0,0.4627415,0.9961384,0.6873249,0.73836493,0.0,0.6575476,0.0,0.0,0.43594593,0.0,0.30236,0.62484837,0.0,0.5207956,0.0,2.440687,0.0,0.31732792,1.1587737,0.0,0.0,0.0,0.0,1.6124411,0.0,0.7827487,2.7013507,0.6887319,0.5300628,0.64013517,2.7863293,1.228792,0.0,0.0,0.36485398,0.0,0.0,1.6934018,4.1153345,0.95639646,1.2151843,0.0,0.0,0.84921074,0.0,3.0634654,0.0,0.7999998,0.0,1.6177578,0.054570895,0.16136825,0.0,1.3203075,0.66328514,0.96894604,0.6247373,0.0,2.1052763,0.0,1.5488751,0.0,0.0,0.0,0.93790233,0.0,2.337104,0.0,0.0,0.2649191,2.8565755,1.5300435,0.777196,0.38470978,0.0,0.0,1.2838664,2.1169193,0.0,1.8232496,0.0,1.8378661,0.5415392,0.3911033,3.2137582,0.0,0.6057945,0.0,1.6258333,0.0,0.0,0.0,1.9320989,2.134813,1.8332685,1.3466389,3.1955628,0.0,4.007894,0.17167783,0.41260368,0.15676288,0.7607002,3.1319768,1.5929734,0.2437643,0.71884793,0.0,2.388155,1.253564,0.33897263,0.0,0.15020414,0.25665176,1.8864862,0.0,0.0,0.0,0.0,0.0,0.6411372,0.0,0.0,0.0,0.0,0.0,1.0267496,0
0.0,0.4439491,0.0,1.6330442,0.6198344,0.0,1.9111012,0.0,2.4394257,1.276538,0.38423818,0.0,1.0291868,0.15439466,0.5877425,0.0,2.7481465,0.0,0.0,1.2421764,0.0,0.0,0.0,0.0,1.4462527,0.0,0.0,1.4276905,0.0,1.4536259,0.0,2.2159553,1.6194386,0.0,0.55098695,2.4174187,1.56504,0.38404903,2.1760607,2.5828278,0.08705886,0.0,1.1108692,0.14427468,1.0993989,0.0,2.500676,0.0,0.63621753,0.5835657,1.5528158,0.37132397,1.2653205,0.0,1.5081954,0.13806686,1.9013772,0.56292427,0.7298799,0.31190294,0.75709987,0.5097465,0.0,1.3469335,0.0,0.81010795,0.0,0.9291437,0.0,0.0,0.9479731,1.762425,1.5262628,0.0,0.0,0.0,1.0009983,2.1496456,0.0,0.694177,0.9765374,0.0,1.0689825,1.4193453,0.25294104,0.63037354,0.0,0.93724555,0.0,1.3557606,0.69212574,0.23825675,0.0,0.7719231,1.6913736,0.0,0.85106796,2.227948,0.3519848,0.71778536,0.24279273,0.90462524,1.0087521,0.8729315,0.2429036,1.1972444,0.0,2.71725,0.027804723,0.42058995,0.9548309,0.10094331,0.0,1.7441556,1.5668849,0.8417632,0.0,0.0,0.0,0.0,0.0,0.56765157,0.0,0.0,0.16575249,0.6484231,0.0,1.5585068,0
0.0,0.0,0.27748427,0.0,1.0772029,0.0,1.2847753,0.0,2.96917,0.3079721,0.0,0.09545507,0.6055217,0.0,0.071641445,0.0,2.7640462,0.0,0.0,1.7135712,0.0,0.0,0.0,0.0,1.4739196,0.8923465,0.0,1.0395253,0.6866098,1.4704472,0.0,0.9072094,1.82986,0.0,0.5020954,1.858399,0.56595814,0.0,1.8917854,3.3885074,0.49466392,0.29960054,1.6689348,0.0,0.7236016,0.0,2.455116,0.0,1.0618488,0.0,0.60321623,0.8475968,1.0931334,0.0,1.3417354,1.1196072,0.0,0.28213832,0.0,0.41305882,0.0,1.3089143,0.0,0.60805005,0.0,1.675504,0.30904168,1.1393439,0.0,0.0,1.4232475,2.8888674,1.2393247,1.4588232,0.0,0.0,1.1745936,1.2250577,0.6159768,0.0,0.2627666,0.0,0.70391655,0.7963023,0.0,1.7539213,0.0,1.211134,0.0,2.46586,0.0,0.0,0.0,1.3676604,1.4072554,0.83492035,0.43081933,3.070591,0.0,2.1716096,0.0648177,2.115201,0.50175804,1.0293815,1.1735787,0.5577888,1.3123776,1.8948448,0.0,1.2854801,0.4741739,0.0,0.0,0.66006553,0.0034446013,1.7824906,0.0,0.0,0.0,0.0,0.0,0.2459925,0.0,0.0,0.0,0.0,0.0,0.6924068,0
0.0,0.0,0.0,1.7048211,0.89766973,0.7678078,1.3172276,0.0,0.839283,0.0,0.0,0.0,0.42961437,1.84915,1.3301185,0.0,3.370078,0.0,0.0,0.3427876,0.0,0.0,0.020315893,0.0,1.2595673,0.0,0.0,1.3798492,0.0,1.9713453,0.9967799,2.3267212,0.8649481,0.0,0.0,1.8633195,0.6123226,0.0,1.7115383,3.2651126,0.7755902,0.12792973,0.0,0.0,0.0,0.18297121,2.4253843,0.0,1.5489632,0.80556977,2.3710928,0.0,1.0690832,0.0,1.1490076,0.14557812,1.9836698,1.5162636,2.2348864,0.54080117,0.4540096,1.2476952,0.0,1.0950195,0.0,2.5685768,0.0,1.0457349,0.0,0.0,0.6003679,0.98106605,1.6947889,0.0,0.0,0.0,0.0,1.95879,0.7585529,0.8153475,0.0,0.0,1.0906671,0.91417944,1.2305954,1.0930234,0.0,0.7379928,0.0,1.8988899,0.6371122,0.0,0.118470915,0.97806036,0.5197446,0.0,1.8539906,1.3291631,0.62952864,0.67291784,1.6909662,1.7235237,1.21015,0.0,1.4151794,0.37551123,0.34827292,1.6545635,1.1429435,1.997036,1.5142202,0.0,0.0,1.4863924,1.0013072,0.68881416,0.0,0.0,0.0,0.0,0.0,0.5898107,0.0,0.4321466,0.0,0.46700385,0.0,1.0879346,0
0.0,0.0,0.0,0.0,1.5909839,0.0,1.0952231,0.0,1.3675493,1.0368527,0.0,0.0,1.3639917,1.7384009,0.0,0.45887223,1.7766232,0.0,2.3198192,0.0,0.0,0.8266509,0.0,0.0,0.26268137,0.0,0.4857762,2.476869,0.0,0.0,0.877245,2.2163553,2.4340355,0.0,0.0,0.6277095,1.5449034,1.4006871,1.1260477,2.8353682,0.384549,0.054906536,0.0,1.1713892,0.85537905,0.0,2.2884078,0.0,0.8000406,0.09222591,0.95695686,0.0,1.6748409,0.0,0.92274153,0.0,0.0,2.1862931,1.4043521,1.1037799,0.3818718,1.9570591,0.0,0.54467076,0.0,2.475168,0.0,3.0069442,0.0,0.0,0.9856196,1.8319135,1.2086034,0.0,0.0,0.0,0.0,2.068792,1.5647284,1.8357565,0.0,0.0,0.4329842,1.491938,0.3204728,0.828033,1.3623159,0.0,0.0,0.14583379,0.0,0.0,0.06784488,0.69054675,1.2873555,0.80891824,1.8465115,0.47842944,0.0,1.4266455,1.2554754,0.7500834,0.93223625,0.58711666,1.8069936,1.6794871,0.0,1.2487171,0.860044,1.9036568,1.9053617,0.0,0.0,0.7730839,0.19582288,0.0,0.0,0.64333475,0.0,0.0,0.38005546,0.0,0.0,0.8736392,0.0,0.0,0.0,2.2117178,0
0.0,0.71538955,0.2935064,0.13922304,2.0413444,0.6176397,1.1368865,0.0,0.0,0.0,0.0,1.24831,0.0,0.15284547,0.0,0.0,3.2543626,0.0,1.3154354,1.4762146,0.0,0.0,0.0,0.0,1.0161593,0.0,0.0,1.2448637,0.5908177,0.8984102,0.49935913,0.6712735,1.3922089,0.24700972,0.0,0.058816615,0.37724692,0.3195419,0.50938046,3.1740696,0.0,1.433933,1.4901013,0.4730156,0.91051733,0.64860004,2.7473872,0.0,0.52298933,0.0,1.2226119,0.0,1.454254,0.0,1.1385369,0.13110304,1.5943297,0.5185322,0.2774567,0.34404236,0.85373855,1.8800095,0.19503939,0.13497977,0.0,1.8044119,0.7924191,1.6664958,0.0,0.0,0.41424218,3.6573064,2.7508717,0.0,0.0,0.0,0.0,0.18223126,2.1825013,0.47557718,1.8185198,0.0,2.788853,0.9002746,0.0,0.0,2.336939,0.0,0.0,0.7688134,0.04154587,0.0,0.48974228,2.8764634,0.45443276,0.0,1.3481133,1.193114,0.0,1.6800218,0.0,1.1007326,0.0,0.0,0.98086953,1.342671,1.4318247,1.0564846,1.8706881,1.542416,0.5507023,0.0,0.0,0.36524662,0.14543112,1.4037293,0.0,0.0,0.0,0.0,0.0,1.1365734,0.0,0.0,0.0,0.97110325,0.0,0.66054463,0
0.0,0.0,0.0,0.28688967,1.7646635,0.0,0.0,0.0,0.16549495,0.0,0.0,0.0,0.0,0.40139982,1.0312154,0.0,3.2005944,0.0,0.59202737,1.5114802,0.0,0.0,0.0,0.0,0.0,0.0,0.9573536,0.70000976,0.03845311,1.2083564,0.00077540474,2.5255122,2.4033499,0.0,0.0,0.0,0.1873797,0.3275024,0.46342954,4.6976295,0.13528939,0.0,0.25132102,0.0,0.7267999,0.0,2.793885,0.0,0.0,0.0,0.15337832,0.0,0.0,0.0,1.3821528,0.5875486,0.0,0.0,0.0,2.11305,0.0,1.4437938,0.0,0.0,0.0,2.5536547,0.0,3.5431428,0.0,0.0,0.0,3.59016,0.75926626,0.0,0.0,0.0,0.0,0.0,2.2111554,1.4172226,0.0,0.0,0.31624165,0.0,0.7987965,0.07137552,0.5869591,0.0,0.0,0.17618428,0.0,0.48186654,0.71266866,3.2122643,0.2903379,0.9130751,0.09574619,2.2775884,0.0,3.1185844,0.0,0.29607978,0.0,1.3052437,2.9197416,1.5994812,0.9739381,2.08213,1.6074486,0.0,2.174128,0.8316975,0.0,0.0,0.18026547,1.5646758,0.0,0.0,0.0,0.0,0.062940985,0.38949493,0.0,0.0,0.0,0.0,0.14031254,0.66257316,0
0.0,0.0,0.0,0.0,1.0277966,0.0,1.306201,0.0,2.5998278,0.12003478,0.0,0.0,0.2977611,0.0,0.5682585,0.0,1.5705281,0.0,0.29891318,2.735062,0.0,0.0,0.0,0.26106673,1.8603532,1.1852688,0.0,2.5423512,1.5426924,0.2700978,0.7257581,2.5118885,1.4271228,0.0,0.02773985,0.50279766,0.0,0.4677786,0.0,2.6239085,1.7427549,0.0,0.0,0.6697507,0.5626841,0.2115818,2.48352,0.0,0.96198434,0.0,0.10122688,0.3500019,0.46513614,0.0,0.0,2.0043705,0.38078982,0.5928504,0.73792535,0.0,0.0,1.4034325,0.0,0.0,0.0,1.036601,0.0,1.2156789,0.0,0.0,1.327729,2.720125,0.61013454,0.27459642,0.0,0.0,1.8087877,0.10558922,0.45433146,0.0,0.0,0.0,0.8266136,0.99670374,0.045998305,2.3696456,0.0,0.0,0.0,1.2717972,0.0,0.0,0.0,1.6193768,0.6267524,1.480521,0.0,3.4715219,0.0,3.320862,0.0,1.0454183,0.88751125,1.1717929,0.6750976,2.8894837,1.3306057,1.4891889,0.0,1.6083362,0.50902605,0.6317458,0.0,0.0,0.0,1.1620872,0.0,0.0,0.0,0.0,0.0,0.0,0.0,0.0,0.0,0.74775106,0.0,3.4471166,0
0.0,0.0,2.151842,0.7445971,0.38743883,1.5600953,1.5133867,0.0,1.5032111,0.0,0.0,0.28514168,0.1142851,0.8845681,1.1945205,0.0,2.1573002,0.031350534,0.0,0.0,0.6980768,0.0,0.9063764,0.0,1.8707252,0.0,0.0,0.9604563,0.0,1.6144801,1.3201357,1.7625599,2.0781736,0.0,0.0,1.6014344,0.63761175,0.0,2.4201977,1.3005428,0.33215547,0.37969834,0.0,1.844778,0.112107866,0.19476745,2.0684724,0.0,1.381312,0.46902198,1.3826907,0.0,1.686947,0.0,0.47575206,0.0,2.333078,3.2402217,0.81716394,0.21165654,1.779703,0.4493756,0.0,1.7878087,0.0,1.7519926,0.0,0.43904486,0.68381864,0.0,1.2695595,1.4805782,2.0258262,0.0,0.0,0.0,0.0,3.0349672,0.015787369,0.5120047,1.1608506,0.0,2.2207944,2.176708,3.7421727,0.4770445,0.0,1.2294976,0.0,2.075304,0.0,0.0,0.47381032,0.38898152,2.2871804,0.0,1.8071431,0.0,0.02617853,0.0,1.3693502,3.4875047,1.0048443,0.069115326,1.2852007,0.93836695,1.2486222,2.0819428,0.32799017,1.2641115,0.86927515,0.5559689,0.0,0.62907183,1.3532133,0.0,0.0,0.0,0.0,0.0,0.0,0.0,0.0,0.0,0.0,0.5015637,0.50772005,0.6985517,1
0.0,0.22951733,1.1499279,2.536758,0.26550695,0.93221,1.1924014,0.0,2.0000389,0.0,0.0,0.0,0.16904108,0.20805576,0.84931314,0.0,3.1453846,0.0,0.0,0.7212568,0.0,0.0,0.38052672,0.0,1.8373673,0.0,0.0,1.3728876,0.86603856,1.4586649,0.12813686,2.0210845,0.040596757,0.0,0.0,1.9180689,0.0,0.9473887,1.6534717,1.5737166,0.0,2.0566597,1.2796854,0.23988199,1.2315719,0.0,3.3594925,0.0,0.43522066,0.0,1.7151198,0.0,2.0114734,0.0,0.65574855,0.20055616,2.1778424,0.0,0.0,0.3028803,1.4488106,0.40961877,0.0,0.6989002,0.0,1.7286643,0.8653685,1.6857004,0.0,0.0,0.88978916,2.472628,1.7401912,0.0,0.0,0.0,0.0,0.52282333,2.0262418,0.0,0.56763464,0.0,2.472492,0.6257799,0.63519675,0.632109,0.0,0.86620224,0.0,0.8913625,1.3607231,0.0,0.46804065,1.2121389,2.3179853,0.053990025,0.025187641,1.0522407,0.0,0.9180724,1.1339324,1.7474501,0.006198436,0.0,1.7851555,0.0033971802,0.70225686,0.40606824,1.220315,2.432947,0.67107683,0.0,0.0,0.61186767,0.9016332,0.018116212,0.0,0.0,0.0,0.0,0.0,0.6410348,0.0,0.0,0.0,0.0,0.0,0.36139995,0
0.0,0.13767542,0.7511259,0.7013263,1.8221638,0.0,1.1843383,0.19048722,1.5590371,0.48496827,0.0,0.5340976,0.6668796,0.70568526,0.0030569737,0.0,1.3293831,0.0,0.11266215,1.6985391,0.02061176,0.0,0.0,0.0,0.6549576,0.0,0.010885844,1.4288774,0.7558671,0.21042043,0.0,4.2063813,2.4884675,0.0,0.0,1.4391738,0.67139685,1.1578747,1.6591506,2.7473202,0.24729975,0.052246977,0.0,0.6310396,0.0,0.0,2.453482,0.0,0.0,0.4495901,0.1328835,0.0,1.9147099,0.0,0.413009,0.0,1.3155417,1.2013918,1.9347824,1.225942,0.5190154,1.4036086,0.0,0.5584211,0.0,1.9053375,0.0,1.5465959,0.0,0.0,1.4240763,1.13979,2.6894524,0.0,0.0,0.0,1.3111637,2.5908668,1.0161498,3.0172753,0.36687803,0.0,0.0,0.9663579,0.0,1.821695,1.04332,0.0,0.0,2.6637502,0.78270453,0.0,0.0,1.4198298,1.5969607,0.0,0.02706489,1.0180182,0.0,0.34481806,0.0,1.8462033,1.63605,0.0,2.8905828,0.82529527,0.54606545,0.87704957,1.1933866,1.223964,2.7172887,0.0,0.0,1.9252956,0.4713401,1.8832405,0.17521471,0.0,0.0,0.0,0.3201354,0.0,0.0,1.076561,0.78806865,0.0,0.0,0.9796536,0
0.0,0.0,0.54142535,2.0024915,1.220598,0.0,0.10381573,0.0,2.1342664,0.6002691,0.0,0.0,0.0,0.0,0.0,0.0,1.7278531,0.0,0.0,0.21611421,0.0,0.0,0.0,0.0,1.3218238,0.0,1.1761851,0.42644724,0.0,1.1189029,0.0,1.5417217,2.7846565,0.0,0.0,0.80885196,0.0,0.5900603,0.73030716,3.3284166,1.1178244,1.724276,0.11554837,0.0,1.2089276,0.11736382,2.2377725,0.0,0.0,0.0,0.4027284,0.0,1.6075114,0.0,0.0,0.0,0.29226375,0.74932224,1.8375233,1.0588101,0.109488666,2.0699828,0.0,0.0,0.9963356,2.154402,0.2123559,3.2346892,0.0,0.0,1.572176,1.773068,2.6800706,0.0,0.32788712,0.0,0.57495797,1.1947821,1.8365716,0.0,0.0,0.0,0.8463666,0.0,0.0,0.8697427,0.62803113,0.0,0.0,0.99299324,1.4107316,0.0,0.9058734,2.120469,0.7267452,2.4344494,0.0,2.7297878,0.0,0.9964701,0.0,0.6264928,0.73742694,1.7930853,2.176859,0.0,0.3954209,2.3355048,0.70514494,2.4533126,1.5200301,0.0,0.0,0.8894129,1.2596477,0.36679196,0.0,0.0,0.0,0.0,0.7462636,1.2177312,0.0,0.46979398,0.36900347,0.0,0.0,1.1406392,0
0.0,0.0,0.39479038,0.8538146,1.365192,1.5980066,0.93937767,0.0,0.6423956,0.0,0.0,0.4838765,0.5743292,0.1700243,1.5723653,0.0,3.6498337,0.0,0.35430855,1.1098404,0.33799744,0.0,0.0,0.0,0.5793391,0.0,0.0,1.5797563,0.0,1.735233,0.71190274,1.0871044,1.3287628,0.0,0.44476599,0.37727398,0.68497866,0.8381556,1.7313946,2.2043746,1.0035187,1.4973696,1.0073013,0.41440454,0.0,0.0,3.689861,0.0,1.03108,0.6853231,2.2862887,0.064281,1.9457096,0.0,1.0814004,0.0,1.3349711,1.6971245,0.0,0.5305115,0.6676476,0.8853531,0.0,2.7214322,0.0,2.1220217,0.25187427,1.590714,0.70662826,0.013374996,1.2730966,1.9353148,1.7533351,0.0,0.0,0.0,0.0,1.0256177,0.9727169,0.22727454,1.2495245,0.0,2.907054,1.0369003,0.81420964,1.228276,0.7505948,0.6206087,0.28085285,1.0158302,0.69271916,0.0,0.0,2.0621634,1.3858925,0.0,1.7622796,1.4110118,0.0,0.0,1.2866322,2.1083024,0.47217098,0.0,0.15892927,0.9556373,1.2443355,1.4528784,0.97315335,1.2128763,1.5256704,0.51795906,0.0,0.0,1.0655975,0.0,0.0,0.0,0.0,0.0,0.0,0.3971037,0.0,0.0,0.0,0.9889464,0.0,0.43617103,0
0.0,0.36427823,1.2322922,1.2881632,0.0,0.0,0.47551572,0.06555219,0.86813945,0.99708664,0.0,1.0642922,1.5662457,0.11264351,0.21909638,0.0,1.3952813,0.0,0.0,2.2470992,0.12417788,0.0,0.13674285,0.0,0.9858885,0.54243237,0.69392663,0.9024587,0.0,1.0776784,0.0,1.9406244,2.3973904,0.0,0.0,0.48047936,0.0,0.20965849,1.487505,1.4821,2.4111338,0.39311308,0.13876891,1.7797524,1.1220862,0.0,2.1640956,0.0,0.79166365,0.0,2.2042828,0.0,0.77339524,0.0,0.6234468,0.0,0.14435872,0.29008946,0.0,2.8062077,1.4495718,0.36220908,0.0,2.21275,0.0,0.9909692,0.0,1.9552758,0.0,0.0,1.5185387,2.7172372,2.140424,1.2664152,0.0,0.0,0.31100902,1.453276,0.8382462,0.5601995,0.26740193,0.0,0.84875166,0.98753464,0.0,1.2595959,0.32561883,0.0,0.13153414,0.0,1.1881915,0.0,0.0,0.252447,0.41226038,1.523782,0.0,2.6798248,0.015290363,2.0462587,0.0,1.2102593,0.3005115,1.3682251,1.5393373,2.0228822,0.0,0.12689932,0.04067897,1.0221447,1.051105,0.0,0.0,1.2366099,0.7555831,0.8745301,0.0,1.2566416,0.0,0.0,1.5945,0.0,0.0,0.60765696,0.0,0.0,0.0,0.9458312,0
0.0,0.0,1.4841852,2.339541,0.78227377,0.0,0.4501128,0.13895541,0.0,0.39592743,0.0,0.5631947,3.1119285,0.0,0.06590995,0.0,1.6766653,0.0,1.5495356,0.7468337,2.0482686,0.0,0.0,0.0,1.2647507,0.49693227,2.7410007,1.1294484,0.0,0.0,0.0,1.1503369,1.3676363,0.21589705,0.0,0.92090964,0.0,0.0,2.087926,0.97364014,1.4418775,0.9999921,0.4452386,0.98242927,0.31646013,0.0,1.5422733,0.0,0.0,0.3140521,2.282612,0.0,0.36348632,0.0,0.22952513,0.0,0.6730757,1.0712429,0.0,2.0037837,1.0191628,0.9853335,0.0,0.9520234,0.0,1.5080206,0.0,0.25737393,0.0,0.61558515,0.14742038,1.5362002,1.3821208,0.41927597,0.0,0.0,0.61252797,1.7674028,3.0454254,1.0986166,0.8209604,0.0,0.0,0.0,0.0,1.5654758,0.66903573,0.0,0.0,0.6708058,0.39532694,0.0,0.0,1.4358971,0.0,1.8460282,0.2642066,1.010405,0.0,2.6097825,0.0,0.2806017,0.0,1.2137666,1.3257593,0.7027921,0.0,0.92667836,0.05257546,1.6678767,2.537968,0.0,0.0,0.0,1.069596,0.18764266,0.23585638,1.0645448,0.0,0.51258254,2.4706109,0.0,0.0,1.3225266,0.0,0.0,0.25601918,1.7528813,0
0.0,0.0,0.0,0.0,1.9630654,0.0,0.22771057,0.0,1.3763572,0.9671025,0.0,0.2709166,0.6476568,0.0,0.06182167,0.0,1.6326563,0.0,0.0,2.633152,0.09809164,0.0,0.0,0.0,0.0,0.52083635,0.0,0.42416155,0.73180467,0.4177848,0.0,2.1066751,1.9443462,0.0,0.0,0.0,0.0,0.0,0.25586468,4.2353315,1.5300843,3.0137327,0.0,0.0,1.448368,0.0,2.5041611,0.0,0.32232445,0.0,0.47908506,0.0,0.37909418,0.0,0.0,0.0,0.2917744,0.0,0.0,0.9299825,0.0,2.1096563,0.47867665,0.99830043,0.48846132,1.9943918,0.44741055,0.6872167,0.30112416,0.0,0.26952505,1.8481002,0.0,1.6265745,0.0,0.0,0.0,0.6263987,0.82574403,1.2825465,0.0,0.0,1.0601507,0.28322205,0.0,1.6913844,0.017533034,1.29943,0.0,3.8972127,0.9986257,0.53697383,0.0,2.4013033,0.52477664,0.88699436,0.0,1.9069635,0.0,1.488636,0.0,0.5107152,2.602996,0.0,2.7107332,1.6102494,1.7782657,0.8236831,0.0,0.1606114,2.3813918,0.9292632,0.0,1.195958,0.36279118,1.1517208,0.0,0.0,0.0,0.0,0.0,0.82808584,0.0,0.0,0.19703673,2.800302,0.0,1.1438744,0
0.0,0.0,1.5268247,1.3574442,0.44130078,0.0,0.0,0.0,0.7971181,0.39434555,0.0,0.3363702,0.0,0.0,0.3244512,0.0,2.1627417,0.0,0.0,2.6419694,0.0,0.0,0.0,0.49903,1.7022082,0.0,0.39300922,1.5270398,0.11180333,0.7672596,0.0,2.353129,1.7722793,0.0,0.0,1.4627391,0.0,0.0,1.0624783,2.9863722,1.7000839,1.7523144,1.0343943,0.83311874,0.38508186,0.0,1.2773701,0.0,0.70961076,0.0,1.8776062,0.0,0.9883732,0.0,0.059651244,0.0,0.3853727,0.7738151,0.0,2.287364,1.0109358,0.91335094,0.0,0.9447078,0.0,1.7133719,0.011703864,1.4407811,0.0,0.0,0.07852593,2.5464325,0.88790995,0.0,0.50449127,0.0,0.0,1.1744012,3.1207287,0.0,0.91928196,0.0,1.3027298,0.40829682,0.0,1.2972163,0.11287615,0.0,0.0,1.2104014,0.37611005,0.0,0.0,2.2202063,1.7129072,0.83778614,1.2605928,2.0449185,0.0,3.234205,0.0,0.0,0.0,1.3927469,1.7124757,0.8857061,0.18987502,0.10175482,0.1550168,1.1335995,0.71753055,0.0,0.0,0.44620708,1.0374134,0.95843834,0.0,0.0,0.0,0.0,0.26780957,1.3736407,0.0,0.0,0.0,0.0,0.4402309,1.5139259,0
0.0,0.0,0.0,0.33399174,0.958286,1.4093586,1.516447,0.0,1.8761827,1.3331621,0.0,0.0,1.0568789,0.18514684,1.4101635,0.0,0.9787525,0.0,0.0,0.7501314,0.0,0.0,0.0,0.0,1.0461708,0.0,0.0,2.4776669,0.0,0.18598631,0.34769318,1.1783533,1.6508225,0.0,0.35062218,1.2075752,0.31775367,0.0,0.73346347,2.5726917,1.3422444,0.39410108,0.0,0.13103345,2.1635625,0.5729053,2.8308654,0.0,2.1350057,0.47864115,1.5752745,0.52775854,0.92901427,0.0,0.53269583,0.45799175,1.8321748,1.8383638,0.1929351,0.7767327,0.0,1.8833174,0.0,0.7583719,0.0,2.1489823,0.0,1.2945938,0.0,0.0,1.1153611,1.4838233,2.5183709,0.4958168,0.033144932,0.0,0.8941164,1.4661454,1.1545237,0.0,0.51660657,0.0,1.3454093,0.9046835,0.27062932,1.7047063,0.22836393,1.0615379,0.0,1.1734651,0.0,0.0,0.0,1.2074091,0.0,1.9972341,2.7919374,1.9624971,0.0,1.653682,1.0583545,1.1186182,0.27100065,0.14210849,0.12187252,1.5879868,0.38931125,2.1553845,0.0,1.7301784,1.2517515,0.0,0.0,0.3256317,0.92461246,0.0,0.0,0.0,0.0,0.0,0.023467707,0.19220074,0.0,0.22998704,0.0,0.75218666,0.0,2.611593,0
0.0,0.0,1.679955,1.1786844,0.9846617,0.68655914,0.7053264,0.0,0.7337663,0.056968726,0.0,0.0,0.0,0.64182454,0.9341421,0.0,2.5076864,0.0,0.0,0.8006037,0.0,0.0,0.0,0.0,2.3550441,0.0,0.0,2.108223,0.0,1.7669673,0.43551016,0.16039957,0.9175475,0.0,0.0,1.5669132,0.0,0.0,1.7974516,2.099522,0.52567637,1.8083414,1.4404299,0.5968381,0.0,0.0,3.1009617,0.0,0.0,1.1542493,2.0655062,0.0,1.2725801,0.0,1.7805235,0.041809294,0.96839213,0.5688192,0.5983448,0.097937964,1.2159833,2.164395,0.0,1.624673,0.0,1.4607514,0.0,1.7282422,0.0,0.0,0.19701722,2.3292496,0.98285383,0.0,0.0,0.0,0.0,0.3876465,1.1939062,0.20490104,0.831106,0.0,2.2133164,1.2720119,0.4047532,0.0,0.07879606,0.0,0.0,1.2454054,1.063163,0.0,0.1850336,2.116557,2.2011588,0.0,2.42263,1.1145808,0.0,0.99645644,1.3818431,0.98372984,0.0,0.92425793,1.3454684,0.55274594,0.7309682,2.789867,0.0,1.0846084,1.0085195,0.48373848,0.0,0.81869394,0.7734,0.0,0.0,0.0,0.0,0.0,0.0,0.42596272,0.0,0.0,0.0,0.616761,0.0,0.0,0
0.0,0.0,1.8016188,1.8711731,2.499906,0.53419065,1.2155422,0.0,0.0,1.668342,0.0,0.0,0.86981785,0.54107594,2.045507,0.0,1.1504301,0.0,0.0,1.4152763,0.0,0.0,0.13337882,0.0,0.27046412,0.0,0.45204383,1.8798668,0.27847815,0.0,0.41751295,2.3177876,0.12198694,0.0,0.10808936,0.0,0.0,0.0,1.7290373,2.5286496,1.3461572,2.6645234,0.0,1.0746826,0.4199393,0.0,3.0703018,0.0,1.7133292,0.0,2.2924082,0.0,1.1436435,0.0,0.0,0.0,1.950788,0.0,0.0,1.957316,0.0,1.4537077,0.0,3.5768044,0.0,0.25903863,0.0,0.711032,0.6883903,0.0,0.5760092,2.152448,0.0,0.8418169,0.0,0.0,0.30301258,1.0858768,1.654951,0.5210543,0.96367085,0.0,2.176379,0.08062672,0.0,1.9009528,0.0,0.5959293,0.0,2.8306956,0.73522246,0.43949986,0.0,2.5180135,1.6233689,2.5849187,0.5263088,1.5781313,0.0,2.8517387,1.7552938,1.5677366,0.0,1.0380855,1.1466478,0.31526443,0.45597923,0.86762017,0.0,1.1165005,0.9093016,0.0,0.0,0.0,0.0,0.92290294,0.0,0.0,0.0,0.0,1.4274882,0.0,0.0,0.0,0.0,0.0,0.0,1.648507,0
0.0,0.0,0.21977653,1.3337024,1.0376399,0.0,0.38308686,0.53763086,0.23033491,1.4945205,0.0,0.055863403,0.0,0.0,1.8758057,0.37815008,2.1173742,0.0,0.0,2.7862022,0.0,0.0,0.0,0.20277013,1.2796183,1.1285524,1.0667534,0.9926555,0.0,2.2663639,0.7192158,2.0819852,0.849878,0.0,0.44833836,1.205473,0.0,0.0,0.0,1.5695486,1.5253547,1.0575703,0.0,0.7327715,2.2994971,0.0,0.92665,0.0,0.3045352,0.0,2.7170112,0.0,0.33425805,0.0,0.0,0.22004145,1.440026,1.9538008,1.2956939,2.08778,0.0,0.8863014,0.0,2.2167242,0.23854826,1.8867053,0.0,1.2637155,0.0,0.0,0.6007111,0.8958687,0.0,0.410746,1.3089371,0.0,0.9017202,0.6382653,1.2623668,0.0,0.0,0.0,0.39568374,0.18454866,0.0,1.3634326,0.0,0.0,0.0,0.9051372,0.14943787,0.062833935,0.0,1.0163629,0.0,1.7150006,0.0,1.6598432,0.0,1.910696,0.0,0.0,1.2628531,2.0978901,0.30001995,0.39280707,1.1935364,1.066635,0.0,0.0,1.8510346,1.028569,0.0,0.051370174,1.3222733,0.0,0.0,0.8488579,0.0,0.0,0.0,1.6174455,0.0,0.0,0.0,0.28181276,0.0,1.8409487,0
0.0,0.0,1.8056669,1.7725412,1.1652789,1.0809478,1.516604,0.0,0.5348151,1.037357,0.0,0.0,1.0424495,0.38170806,2.6319842,0.0,1.8238618,0.0,0.0,1.4477495,0.0,0.0,0.9233756,0.0,1.750652,0.0,0.4625056,1.8416157,0.0,0.5182848,0.5056968,2.915709,1.3824441,0.0,0.0,1.429233,0.0,0.0,1.25401,2.582007,1.2193085,2.188882,0.0,0.539162,0.157554,0.0,2.803107,0.0,0.6403089,0.0,2.5191991,0.0,0.7886469,0.0,0.37064496,0.0,2.7141445,0.0,1.297061,1.4979168,0.091236085,1.2863996,0.0,1.904364,0.0,1.9252989,0.0,1.6839733,0.0,0.0,0.7662853,2.0326765,0.01580152,0.36772054,0.0,0.0,0.19298801,0.5360467,2.6343036,0.03285158,0.7722871,0.0,1.6359689,1.2837977,0.75360674,1.2044785,0.0,0.0,0.0,2.6923418,1.0031556,0.0,0.0,2.174003,0.7693568,0.46956292,1.1087322,1.1588624,0.0,1.7352396,1.9989438,1.145972,0.0,0.5654506,1.6867114,0.5411594,0.0,0.8634704,0.0,1.2941295,1.3767215,0.05871293,0.0,0.0816858,1.1917318,1.0100256,0.0,0.0,0.0,0.0,0.0,0.93717074,0.0,0.0,0.0,0.0,0.0,0.8802527,0
0.0,0.26803493,2.3731856,0.0,2.028533,0.0,0.015597548,0.0,0.8417947,0.48470238,0.0,0.33559057,0.0,0.0,1.0845773,0.0,3.4763284,0.0,0.6443693,0.0,0.0,0.0,0.0,0.0,0.52743804,0.0,0.0,1.0422385,0.59597385,0.25079167,0.75766873,1.2898433,0.55098635,0.0,0.731978,1.7189848,0.16822354,0.0,2.7626295,1.1379414,2.0699859,1.5603491,0.51904935,0.0,1.1088773,0.0,2.4580302,0.0,0.35651293,0.0,0.5525028,0.026195865,1.3362384,0.0,0.0,0.027827818,0.98302364,0.0,0.0,1.4743544,0.38657233,0.83056754,0.0,0.5561465,0.8510185,0.0,1.0110831,1.6633118,0.72718835,0.0,0.66668576,1.3680204,0.24248847,0.57995385,0.0,0.0,0.0,0.0,1.083825,1.0810292,1.8480812,0.0,2.2833097,0.0,0.0,2.016845,0.7244693,0.32231626,0.0,0.30616984,1.4944813,0.0,0.41739413,0.179525,1.7738233,1.378274,1.2427944,2.5868025,0.0,2.0923426,1.1967591,1.0915357,0.24768198,0.6001707,1.6524094,0.32670718,2.0055485,0.0,0.0,2.1194754,1.1964842,0.0,0.0,1.2368906,0.29839998,1.5995015,0.0,0.0,0.0,0.0,0.0,0.0,0.0,0.0,0.0,0.11967202,0.0,0.30289596,0
0.0,0.0,0.9906694,0.0,2.0871391,0.8132501,1.2326478,0.0,1.2259794,0.081954576,0.0,0.040750645,0.0,0.88150775,0.10501635,0.0,2.9551616,0.0,0.9297078,0.0,0.0,0.0,1.0755249,0.0,1.2450824,0.0,0.0,1.4438637,0.16548946,0.97213167,0.0,2.5924888,2.88211,0.0,0.0,0.38712135,0.0,0.7080426,1.7857496,2.2495916,1.6642165,1.2180423,0.267613,1.0514826,0.0,0.0,2.4684322,0.0,0.55714077,0.53438646,2.0898995,0.0,1.8073907,0.0,1.3785806,0.43925786,1.4311392,1.6340597,0.8921448,1.6392008,1.1294358,1.8277267,0.0,1.7939595,0.0,3.1773314,0.0,2.774857,0.0,0.0,0.81600624,2.696304,1.7463688,0.0,0.0,0.0,0.17167589,3.1370523,1.1051961,0.71090126,0.5499583,0.0,2.9330254,1.9628327,0.851675,0.0,0.0,0.91250575,0.0,0.6672869,0.2873974,0.0,0.58336765,1.2608826,1.5275627,0.0,2.1825428,0.109832056,0.017563691,0.9530427,1.2854801,2.55283,0.0,0.0,2.6470468,2.106759,0.51582694,0.41811937,1.436487,1.5440471,0.21523093,0.7290351,0.0,0.0,0.7022865,0.40719283,0.0,0.0,0.0,0.0,0.0,0.35742357,0.0,0.0,0.0,1.0541966,0.0,0.65864116,0
0.0,0.0,0.0,0.0,1.1522081,0.9283568,2.0778248,0.0,1.1200987,0.1680458,0.0,0.4818562,0.0,0.0,0.53691894,0.0,1.0066242,0.0,0.0,2.6918068,0.0,0.0,0.0,0.0,0.6858006,0.0,0.37839085,1.1882465,0.030402308,1.2068374,0.0,3.0491896,1.9935801,0.0,0.5883003,1.1262378,0.0,0.8691007,0.7198908,1.5942776,0.6199342,0.0,0.0,0.0,0.96478146,0.0,2.674642,0.0,0.71676445,1.189966,1.6117494,0.32400414,0.38009784,0.0,1.2935792,0.0,0.6195158,0.57351285,0.0,0.56644404,0.0,1.758799,0.0,0.0,0.0,0.75321686,0.0,1.9374472,0.0,0.0,1.4948215,1.4137609,0.0,1.1146872,0.0,0.0,0.5414301,0.87105995,0.0,0.0,0.060229607,0.0,0.6613094,1.8430858,0.0,2.4692962,0.0,0.6245516,0.0,2.7666297,0.0,0.0,0.0,3.0302653,0.8280159,0.0,1.3711079,1.3925561,0.24213748,1.1078542,1.2433408,1.4145976,1.2084708,0.0,1.4359342,1.5069834,0.23363067,2.2899928,0.14985166,0.19303156,0.44118413,0.0,0.0,0.0,0.2716794,1.0268512,0.0,0.0567051,0.0,0.0,0.0,0.13518722,0.0,0.0,0.0,1.012005,0.0,0.5196438,0
0.0,0.0,0.61997324,0.23201415,0.7032927,0.8271777,1.38704,0.0,2.285893,0.8232265,0.0,0.0,0.7645388,1.0124222,2.291245,0.0,1.3397716,0.0,0.0,1.6314197,0.19275463,0.0,0.0,0.0,2.1210704,0.0,0.0,2.1980252,0.0,1.3456892,0.5905045,1.9280161,1.4501026,0.0,0.0,1.6612891,0.0,0.33908707,1.8392572,1.963301,2.1367645,1.1889772,0.8821116,1.5350953,0.20822302,0.13738903,1.8823221,0.0,1.4141817,0.0,1.5733874,0.0,2.1203296,0.0,0.0,0.51960415,1.4379089,2.3994117,1.9595429,0.0,0.78801537,1.1995553,0.0,2.4453006,0.0,1.9963433,0.0,0.665845,0.09444879,0.0,2.5433056,1.0647995,2.9709322,0.0,0.0,0.0,0.6087586,2.0597641,0.56549734,0.36865306,0.83255893,0.0,1.1946844,1.0478389,0.21922761,1.4320989,0.0,0.0,0.0,1.1956406,0.9254945,0.027357219,0.0,1.8209429,2.0769477,0.6067674,1.249621,1.7316284,0.037186228,0.3196,1.2503476,1.451396,1.1263051,1.5788984,1.1326985,0.16877978,0.0,3.2540398,0.65935266,1.7594912,0.76385707,0.4089066,0.0,1.1993711,0.03792211,0.0,0.0,0.0,0.0,0.0,0.0,0.74563736,0.0,0.0,0.0,0.6146534,0.0,2.455585,0
0.0,0.0,0.807593,1.2419409,0.0,0.0,1.0009745,0.0,2.1165957,0.0,0.0,1.2276436,0.0,0.6069986,1.1511731,0.0,2.528201,0.0,0.18591489,1.3084357,0.0,0.0,0.0,0.0,0.0,0.39865315,0.0,1.7962021,1.9726526,0.0,0.735077,2.923776,2.7853785,0.0,0.0,1.4021717,0.02183105,0.0,0.46101844,2.3684967,0.54842436,0.0,0.5107513,0.07617847,0.22302228,0.0,1.0080031,0.0,0.6896005,0.0,1.8028224,1.2952745,0.0,0.0,0.0,0.1517062,1.5950963,0.0,1.2476456,0.72223854,0.72171474,0.7510888,0.0,0.5318672,0.0,1.4773258,0.0,2.1316586,0.0,0.0,1.0665041,1.2571006,0.3238922,0.0,0.0,0.0,2.2750003,0.506052,0.0,1.2762027,0.44714934,0.0,0.6499413,0.34308934,0.1385127,2.0434937,0.0,0.21929146,0.0,0.11323731,0.0,2.0018601,0.0,1.4500914,2.4751067,1.026093,2.0081933,3.1399512,0.0,2.2339714,1.0771205,1.3337153,1.8848286,1.0409918,0.5772617,2.502002,0.76864964,0.8330367,0.0,0.60488707,0.32246962,2.3844826,0.0,0.44964698,1.0380089,1.2575817,0.0,0.0,0.0,0.0,0.0,0.47312453,0.0,0.0,0.47424227,0.0,0.0,2.596771,0
0.0,0.2699196,0.17235701,0.55173576,1.284514,0.46224555,2.8036654,0.0,0.5743366,0.0,0.0,0.0,0.0,0.0,0.6479589,0.0,2.3180835,0.0,0.0,1.4595561,0.0,0.0,0.5205343,0.0,0.34130418,0.12727626,0.0,0.074872196,1.1784426,2.1057496,0.44096756,3.547027,2.7302575,0.0,0.80157095,1.6721444,0.0,0.0,0.0,1.7674859,0.7145442,0.9210029,0.0,0.0,0.8971226,0.0,2.9621718,0.0,0.006460635,0.0,0.0,0.0,1.6514078,0.0,0.8165991,0.39907277,0.90076137,1.3849783,1.2563274,1.4711697,0.2850532,1.7224597,0.0,0.0,0.0,1.716526,0.0,2.5459242,0.0,0.0,0.0,1.5176139,0.75632876,0.5898598,0.0,0.0,1.276365,1.0319188,0.60764545,0.0,0.22225612,0.0,1.7116954,0.94864535,0.5639904,2.0901215,0.0,0.0,0.0,2.396042,0.0,0.0,0.0,0.35817057,2.1382864,1.0154905,1.0594251,1.3562734,0.0,1.4206517,0.0698165,0.8755719,0.313362,0.41721794,2.0026605,1.7110924,0.7109073,1.4176724,0.79520833,0.59281737,0.26185548,0.0,0.0,0.44727293,1.0122652,0.8817709,0.0,0.1918027,0.0,0.0,0.0,0.0,0.0,0.0,0.0,0.5866901,0.2539573,1.068825,0
0.0,0.0,0.6271931,0.19426939,0.7918192,1.5957006,0.20163877,0.0,0.14757746,1.0216933,0.0,1.1356069,0.0,0.7815112,1.8012874,0.35776466,1.1892178,0.0,2.118232,0.0,0.0,0.008295567,0.39811692,0.0,0.081378445,0.0,0.0,1.402951,0.0,1.7862806,1.6060805,0.0,0.8345102,0.0,0.0,0.7460606,0.06810959,1.9064702,2.1013916,0.5176598,0.31227964,1.3213185,0.33368093,1.4755145,0.0,0.24496374,1.4714537,0.0,0.82488865,1.0855284,2.1529174,0.0,1.5973511,0.0,0.1961454,0.0,1.7180936,2.0920951,1.7976917,1.3003169,1.3693136,1.2317897,0.0,2.1321518,0.0,2.4055028,0.0,0.9599921,0.619822,0.0,1.568059,0.8584406,3.154821,0.0,0.023646709,0.0,0.0,1.7639704,1.3440694,0.9334259,1.3631,0.46018562,2.0273232,2.1960921,1.546142,0.0,0.040150642,0.5590158,0.0,0.7586627,0.28707096,0.0,1.5972042,1.0447539,0.6110938,0.0,2.5149448,0.3957696,0.0,0.0,1.6254165,1.8814335,0.31857744,0.0,0.99843025,0.78784525,0.0,1.7178751,0.42023537,0.928015,1.1607044,0.10841252,0.0,1.2905414,0.5448455,0.0,0.0,0.0,0.0,0.0,0.0,0.82264596,0.0,0.0,0.0,0.66135126,0.0,0.14149062,1
0.0,0.0,2.5572047,0.9795266,0.49814752,0.0,0.0,0.0,0.28570646,0.53482515,0.06707844,0.0,0.0,0.0,2.3790233,0.0,0.9622037,0.0,0.32540554,1.5979049,0.046976265,0.0,0.0,0.0,1.2475288,0.0,1.1037023,2.4784942,0.0,0.9842531,0.579931,2.115671,0.48250484,0.0,0.0,0.639865,0.0,0.106470235,1.5415077,2.0760062,1.9110223,2.8857105,0.038219985,0.24843301,1.6096812,0.0,1.5388702,0.0,0.15264791,0.0,1.686831,0.0,0.0,0.0,0.15286179,0.0,0.45409375,0.0,1.7339022,3.6224523,0.0,0.0,0.0,1.1544147,0.0,1.6377333,0.0,1.101443,0.0,0.0,0.381308,2.1164496,0.0,0.07717739,0.0,0.0,0.0,0.17575486,3.142224,0.09951723,1.4802549,0.0,1.5938725,0.30500793,0.0,0.97338706,0.0,0.0,0.0,1.9715236,0.12294052,0.0,0.35998848,0.6237758,0.8843867,2.249146,0.14063463,0.8235348,0.0,2.4697678,1.588926,0.0,0.620371,0.86590123,2.071649,0.0,0.0,1.1875653,0.0,0.0,0.7609064,0.0,0.0,0.3866805,1.8371472,0.28038114,0.0,0.0,0.0,0.0,0.0,1.002093,0.0,0.0,0.0,0.0,0.0,1.9971776,0
0.0,0.0,0.3679717,1.0603468,0.36611685,0.0,0.679242,0.0,0.6363276,1.9602964,0.0,0.0,0.0,0.48575768,0.3052126,0.0,1.9989941,0.0,0.098541334,1.9339163,0.19081622,0.0,0.0,0.0,2.1091487,0.0,1.7053242,0.69963175,0.957067,0.13913074,0.15087278,2.1789212,1.9517157,0.0,0.0,2.115872,0.0,1.6306617,2.7798297,2.0188725,0.0,1.4635264,0.0,0.98957103,1.0525718,0.0,1.8610148,0.032237206,1.309302,0.36674246,1.7330854,0.0,2.4478056,0.0,0.34984088,0.0,1.1359143,0.0,1.7410586,1.8781267,2.0407481,0.95721054,0.0,0.06915182,0.0,0.284263,0.0,2.3902519,0.0,0.0,0.12635747,3.035642,2.1296217,0.13571908,0.0,0.0,1.0564326,1.7061926,1.6128893,0.22421494,1.6220582,0.0,1.736653,1.1446996,0.69330204,0.0,0.0,0.0,0.0,0.0,0.0,0.0,0.2771585,1.5826497,1.5381237,0.0,0.54518944,1.7062753,0.0,1.8847452,0.0,0.08523157,0.0,1.0243924,2.9230556,2.5098245,0.5098917,1.0962747,0.58763015,0.5898728,0.0,0.0,0.0,0.14855303,0.09512579,0.5104439,0.0,0.0,0.0,0.0,0.0,0.0,0.0,0.0,0.0,0.0,0.6159194,1.5226539,0
0.0,0.0,1.7315135,2.017598,0.0,0.9227175,0.030198898,0.0,0.87641966,1.5702282,0.0,0.0,0.1792733,0.0,2.1990933,0.0,0.51075304,0.0,0.6317733,0.7547571,0.78673726,0.0,0.0,0.0,0.8638935,0.0,0.09885163,0.4210481,0.0,0.17928502,0.90840745,0.40688038,1.4787571,0.0,0.1952739,1.6572217,0.0,0.5706815,2.5879827,0.54028463,1.3867902,1.4653329,0.36424023,0.6655948,0.0,0.0,1.5413735,0.0,2.8022027,0.0,1.3109056,0.0,1.8890156,0.0,0.041722525,0.11502472,2.4611053,2.2013855,2.3159237,0.539557,1.6027176,0.0,0.0,3.501263,0.0,1.5866562,0.0,0.9970571,0.53186107,0.0,2.487959,0.0,2.4885213,0.0,0.0,0.0,0.0,1.1745367,1.2164142,0.0,3.1779244,0.0,1.7139558,1.1757804,0.0290716,0.7241311,0.5321316,0.9366786,0.0,1.9628613,0.90597796,0.0,0.0,1.1461954,1.0438243,0.0,3.0311158,2.1247642,0.0,0.0,0.9715866,1.1001662,0.0,0.6765642,0.9084173,0.0,0.0,1.4556507,0.0,1.4969238,0.4098077,0.0,0.0,2.002085,1.282693,0.0,0.0,0.7150879,0.0,0.36343443,0.0,0.7585763,0.0,0.81933856,0.0,0.52047604,0.0,1.1692036,1
0.0,0.0,0.0,1.6989499,3.7493525,0.12157105,0.71354467,0.0,0.0,2.2206163,0.0,0.5513225,0.53733736,0.9281882,0.42928454,0.0,0.92697424,0.0,0.0,0.8415371,0.9225073,0.0,0.0,0.6166434,0.21650593,1.161857,0.17239846,0.5512944,0.3386488,0.0,1.1136408,3.4091272,0.25615233,0.0,0.4178494,0.29156625,0.0,0.0,0.0,1.9617527,0.0,1.3316846,0.0,0.16344503,0.0,0.0,2.310266,0.0,1.300702,1.3660136,1.2166874,0.0,0.0,0.0,1.0192517,0.0,1.4804926,0.0,0.46693492,0.52972007,0.0,2.292179,0.21048939,0.0,0.0,0.27666977,0.0,2.937966,0.0,0.0,1.547774,0.69196475,0.0,1.1126919,0.0,0.0,0.7946659,0.0,0.46094924,0.30860183,0.0,0.0,1.323777,1.1209023,0.7857787,3.0571067,0.20673227,0.31763026,0.0,2.9646425,0.123298146,0.0,0.0,1.3625569,0.0,2.4208667,0.3023391,0.7211771,0.3958438,0.44222975,0.58870906,0.0,1.1337279,0.0,1.3826841,1.6614236,0.0,1.0936285,0.0,0.0,0.49108326,0.0,0.0,0.0,1.9095602,0.8909206,0.0,0.13550127,0.0,0.32339266,0.42919108,0.0,0.0,0.28037596,0.0,0.0,0.0,0.0,0
0.0,0.9317236,0.5594625,0.43049866,0.37760314,0.0,1.106982,0.0,0.012860804,0.67063445,0.0,0.292521,0.0,0.0,0.5158402,0.0,1.7536855,0.0,0.7751046,1.6256189,0.0,0.0,0.0,0.0,1.2432225,0.0,0.2520622,1.350724,1.6016327,1.1035082,0.024896987,2.788847,2.980414,0.0,0.17865911,1.2841227,0.0,0.9558587,1.3668615,1.7738378,0.15855803,0.0,0.0,0.0,0.14342573,0.0,0.70329654,0.0,1.2532693,0.0,0.9343711,1.347666,1.4798994,0.0,0.16974717,0.0,0.5979563,1.5964395,1.6524104,1.0297626,0.011573132,0.9885521,0.0,0.2501424,0.0,1.5968281,0.0,2.017602,0.0,0.0,0.0,2.8093407,1.2438747,0.20968564,0.010178026,0.0,0.42339107,0.32086068,2.3855453,0.8113352,0.0,0.0,1.6554714,1.2421912,0.0,1.4748526,0.0,0.451188,0.0,1.2419916,0.0,0.0,0.0,1.7388911,0.0,0.97515017,1.9412996,2.2766733,0.0,1.9178185,0.0,1.4661223,1.5521497,0.1669508,0.921023,1.7564601,1.0064455,2.9150443,0.6399088,0.63112956,0.09242556,0.10765685,0.0,0.0,0.73385125,0.6057219,0.0,0.49630132,0.0,0.0,0.0,0.0,0.0,0.0,0.0,0.32423303,0.014350906,1.1874139,0
0.0,0.0,0.0,0.0,1.6686273,0.2714006,1.6848564,0.0,0.7396736,0.90339327,0.0,0.0,0.2753071,0.1650931,0.827179,0.0,0.9351115,0.0,0.6420508,0.55769235,0.0,0.0,0.0,0.0,1.2509778,0.0,0.0,0.9345541,0.3614509,1.7170134,1.2785387,3.202332,1.5271527,0.0,0.29760844,0.072799385,0.0,0.4246044,2.0053544,3.3625875,0.9639478,0.034525324,0.0,0.0,1.1876135,0.0,2.6082137,0.0,0.46868262,1.9916065,1.4532629,0.0,0.57172275,0.0,0.0,0.35865074,0.08572453,1.3396819,0.46161684,1.5499703,0.0,2.7611535,0.0,1.304045,0.0,3.1472301,0.0,1.7702466,0.0,0.0,1.171447,2.8091214,1.4133847,0.04454292,0.0,0.0,1.2024541,0.6373902,1.257848,0.28153133,0.5975231,0.0,1.8283031,1.5555439,0.8001566,2.4403174,0.0,0.0,0.0,2.8138924,0.0,0.0,0.0,2.1847744,0.15226027,0.0,1.5960609,0.79957986,0.10345613,0.75540555,2.0670679,1.7305858,2.2430818,0.0,0.8468652,2.243892,1.543273,1.9744453,0.9084767,0.26279974,0.47765228,0.0,0.0,0.0,0.9445496,2.061438,0.0,0.0,0.0,0.0,0.0,0.0,0.0,0.0,0.0,0.14421768,0.07417236,1.2395996,0
0.0,0.0,0.77103364,0.067307554,0.0,2.5019355,0.0,0.0,1.6726711,0.52916497,0.0,0.0,0.6655088,0.13499275,1.3619232,0.0,1.1259912,0.0,1.6592109,0.0,0.5033745,0.0,0.71464896,0.025316527,0.9127738,0.0,0.0,0.68714213,0.0,1.7482989,1.6231943,0.2616496,1.0832818,0.0,0.0,1.5003288,0.0,0.6467264,2.4506276,0.4896745,1.3503264,0.8906185,0.70761067,2.0036924,0.0,0.0,2.2259426,0.0,1.005778,0.0,1.6587645,0.0,1.9837235,0.0,0.0,0.0,2.5531926,2.2831738,1.5526203,0.87602764,2.1703827,0.0,0.0,3.9194973,0.0,1.3605736,0.0,0.029664475,1.159613,0.0,1.7654386,0.84094757,3.2852786,0.0,0.0,0.0,0.0,1.9200075,0.8852178,0.04874416,1.8598787,0.0,1.3792487,1.9823447,1.5931892,0.36667487,0.0,0.7538966,0.032618187,0.17852445,1.5275636,0.0,0.4677148,0.5110697,1.6801778,0.0,2.2953882,0.20283534,0.5492778,0.0,2.051318,2.4270122,0.37686244,0.6419379,0.35028908,0.38047186,0.0,1.4183818,0.66650665,1.9436848,1.5234126,0.075495526,0.0,1.4476901,0.038716394,0.0,0.0,1.0350037,0.0,0.0,0.0,0.9946999,0.0,0.0,0.0,0.40111086,0.0,1.2136105,1
0.0,0.088756956,1.8162156,1.4401369,1.1579678,1.4421164,1.6650516,0.0,1.5872122,1.7612077,0.0,0.19349039,0.36217946,0.13611534,0.5748448,0.0,2.4754984,0.0,0.94195,1.4369292,0.0,0.0,0.0,0.0,2.2249944,0.0,0.0,1.2704513,1.068074,0.3086356,0.9726267,3.4657273,2.2143395,0.0,0.0,2.502757,0.0,0.0,1.8936985,3.1952827,1.0818108,1.1863135,0.0,0.46344832,0.0,0.0,2.4992592,0.0,1.7550675,0.8795741,0.29930028,0.0,1.50212,0.0,0.47560665,0.53416383,2.2669244,1.4376564,1.3637251,1.1184167,0.8567859,1.7323207,0.0,0.902811,0.0,1.7504182,0.0,2.5279098,0.0,0.0,0.1275821,2.4751298,1.6747895,0.39736477,0.1457003,0.0,1.9296508,2.6259012,0.8722526,1.1553969,0.41472793,0.0,0.9591432,1.7907027,1.1452843,1.2156718,0.0,0.4365291,0.0,0.98062325,0.0,0.0,0.0,1.8119605,1.838185,0.0,1.7727284,1.0736238,0.0,1.7879915,1.0166874,1.6205598,0.0,0.0,1.2272946,2.316034,0.01813935,1.4947336,0.6963548,0.6621441,0.6818591,0.26445878,0.0,0.054850236,0.0,0.719042,0.0,0.0,0.0,0.0,0.19404575,0.0,0.0,0.099362984,0.0,0.6666845,0.0,2.1772258,0
0.0,0.0,0.12908952,1.7383683,0.5165229,0.0,0.18129483,0.0,0.0,0.0,0.0,1.4207236,0.9295689,0.8634349,0.0,0.0,2.0598428,0.0,0.0,1.2849678,0.0,0.0,1.1171936,0.0,0.0399362,0.0,0.0,2.8244827,0.36531842,0.0,0.0,0.7866657,0.17070433,0.041256633,0.32154435,0.114118606,0.0,0.0,1.4008734,4.86495,0.0,1.2514637,0.5921415,0.0,1.5340426,0.0,3.6905444,0.17465737,0.63402194,1.055203,1.4250368,0.0,0.17568997,0.0,0.35741138,0.0,2.1382787,0.0,0.0,0.06919884,0.0,3.0927072,0.0,0.0,0.0,2.0362542,0.19338872,2.265446,0.0,0.0,2.0089924,2.3348734,2.1190937,1.4342273,0.0,0.0,0.089310974,0.0,2.0621197,0.0,0.011838114,0.0,0.42162195,0.1322534,0.0,0.26807764,0.7965646,0.6530841,0.0,0.48333302,1.0370054,0.0,0.0,2.5964608,0.14280793,0.0,0.46841642,0.6986769,0.0,1.2327108,0.0,1.1636105,0.40460572,0.0,2.594463,0.0,1.5755202,0.0,0.22331749,0.24409698,1.147163,0.0,0.0,0.11317827,0.37684196,1.2865772,0.0,0.0,0.0,0.0,0.0,0.0,0.0,0.8085045,0.21873902,0.35165295,0.0,0.69740057,0
0.0,0.0,0.0,0.0,2.7857769,1.7697977,2.9110312,0.0,0.4316218,0.0,0.0,0.0,0.0,1.2178792,1.3795992,0.0,1.1165459,0.0,0.0,2.5794685,0.88161224,0.0,0.0,0.0,0.75000143,2.7578335,0.111279614,0.0,0.35927528,1.5001134,0.0,3.5447512,1.3911736,0.0,0.12310901,2.889785,0.0,0.0,0.0,2.776407,0.5949348,0.0,0.60276914,0.6241215,0.0,0.0,2.285869,0.0,1.7276855,0.0,2.6976583,0.0,0.0,0.0,0.66022706,0.0,0.48574585,0.0,0.0,0.0,0.0,1.8014568,0.0,0.0,0.0,2.3910642,0.0,2.0728388,0.0,0.0,0.46509543,2.3531096,0.10274923,0.17148662,0.85102975,0.0,1.375155,0.0,0.6062714,0.65765953,0.4492529,0.0,0.0,1.0152838,1.3492978,1.7823882,0.0,0.0,0.0,1.344708,1.757664,0.0,0.52201056,2.0396266,0.3207053,1.676509,0.0,1.1369065,1.8084321,2.4352129,1.5395545,2.1587207,2.985304,2.1329153,1.1647775,0.59948725,0.0,2.1643114,0.0,0.37759727,0.46011022,0.0,0.0,0.0,0.0,1.7926471,0.0,0.0,0.0,0.0,0.0,0.9943425,0.0,0.0,0.0,0.0,0.0,0.654319,0
0.0,0.0,0.0,2.3387506,1.0364641,1.3132167,1.1946886,0.2768552,1.164662,0.58617055,0.0,0.0,0.0,0.42671397,0.0,0.0,2.847069,0.0,0.0,0.79256094,0.0,0.0,0.0,0.0,0.49302337,0.0,0.0,0.8333308,0.0,1.9850047,0.3935645,1.5862368,1.4508555,0.0,0.0,0.0,0.0,0.7406552,0.1756594,3.6683576,0.0,0.8151445,0.7143829,0.0,0.0,0.6648168,2.6856403,0.0,0.071593106,0.0,0.97810787,0.0,1.5893204,0.0,1.2849436,0.0,0.22331238,0.0,0.3320609,0.20248738,0.0,1.0050436,0.0,1.2617366,0.0,2.9531224,0.77836585,1.377544,0.0,0.0,1.4978788,2.295588,1.3919609,0.0369427,0.0,0.0,0.054606825,0.52793497,1.9137676,0.285806,0.9980538,0.0,1.28961,0.37309015,0.0,0.0,1.4913212,0.0006691166,0.067244165,1.6299866,1.1293217,0.0,0.0127566075,2.4645145,0.0,0.0,0.6483742,2.5940132,0.0,0.0,1.2574526,0.8573332,0.5036705,0.0,1.3216008,0.03298734,0.3070841,2.4455109,1.1066674,0.5231787,1.4356931,0.45781043,0.0,1.6954473,1.4373825,0.73661953,0.0,0.0,0.0,0.0,0.0,2.2399504,0.0,0.0,0.0,0.036328215,0.0,0.4090692,0
0.0,0.59450436,1.2119257,1.0566397,0.8049893,1.3007041,0.3758574,0.0,1.5090479,0.90496784,0.0,0.0,0.66355664,0.0,2.048602,0.0,2.504884,0.0,0.0,0.0,0.20974535,0.0,0.0,0.0,1.2061568,0.0,0.0,1.7319103,0.0,0.9513753,0.0,0.6299835,0.76286936,0.0,0.37046966,2.135774,0.9005714,0.0,1.8248029,0.8841309,1.2738088,1.3143529,0.53649,0.0,0.008635904,0.0,1.9261913,0.0,2.671711,0.0,1.2738856,0.0,2.4900498,0.0,0.47278637,0.1510699,2.916132,1.8847449,1.0492492,0.0,1.3611939,0.76399696,0.0,2.2830682,0.09416542,1.0869763,0.0,0.8792462,0.5046335,0.0,2.4269168,1.9226589,2.492931,0.0,0.0,0.0,0.0,2.1315577,0.22780085,0.23987746,1.7651938,0.0,1.0142776,1.0163846,0.3095994,1.025738,0.0,1.7322,0.0,0.7649185,0.9830486,0.0019726143,0.14784901,0.4972733,0.904525,0.0,3.0704408,2.1353567,0.0,0.4271586,1.9826907,1.4031702,0.47660723,0.0,0.5700629,0.0,0.6110737,1.666658,0.0,1.8318129,1.3040938,0.0,0.0,2.4519522,0.11459953,0.21825576,0.0,0.0,0.0,0.21935312,0.0,1.0793554,0.0,0.0,0.0,1.3175201,0.0,2.0208476,1
0.0,0.48716608,0.5046825,1.7294291,0.8320397,0.0,0.26231885,0.0,0.8401538,1.3063923,0.0,0.0,0.0,0.0,0.90861785,0.0,3.5176473,0.038554225,0.25110906,0.74802595,0.0,0.0,0.9849015,0.0,0.66007596,0.0,0.0,1.4666362,0.49909717,1.0723048,0.0,1.270911,0.70948076,0.0,0.0,0.37317917,0.6217851,0.0,2.1970801,2.898062,0.3388427,0.9748709,0.064493716,0.0,0.8825671,0.0,3.0727203,0.0,0.6871048,0.103835,0.76551104,0.0,1.3234442,0.0,1.2557087,0.0,1.2678114,0.47686043,0.9057522,1.4907633,0.75192267,1.7387449,0.0,2.8839955,0.0,2.7374792,0.0,1.7946953,0.0,0.0,1.385472,2.0191953,1.9196945,0.27982965,0.0,0.0,0.0,0.0,2.2530951,0.3922717,1.1231529,0.0,2.6861358,0.0,0.0,1.0927579,0.44927588,0.9191064,0.0,2.3834643,1.1892747,0.0,0.38514262,2.5267107,0.04682657,0.0,0.8572774,2.1307247,0.0,1.0142062,1.2550024,0.531759,0.0,0.39801717,1.4165015,0.0,1.480903,1.2175468,0.0,1.6292417,0.8429979,0.8750999,0.0,1.3723166,2.186709,0.49292177,0.0,0.0,0.0,0.0,0.0,1.1732638,0.0,0.0,0.0,0.18928541,0.0,0.7705763,0
0.0,1.3799741,1.3383858,1.0021957,0.43157288,1.348216,1.3210442,0.0,0.81361455,1.1495628,0.0,0.7953499,1.2133976,0.0,0.7551987,0.0,1.9500808,0.0,1.0672681,0.0,0.0,1.4696318,1.422768,0.0,0.08229856,0.0,0.0,1.6817625,0.0,1.7785325,0.0,1.0856194,0.41051972,0.0,0.0,1.9966797,0.45179164,1.1903445,1.7437842,0.76721275,0.8757076,1.3290455,0.13356525,1.4205343,0.0,0.0,2.6845264,0.0,1.1156758,0.32382795,1.3858118,0.0,2.80208,0.0,1.3573569,0.0,1.7537224,1.352567,1.0450828,1.0367553,3.2101583,0.0,0.0,2.5526743,0.0,1.3861657,0.0,1.3501929,0.6979727,0.0,0.72524554,1.3535758,2.5435126,0.0,0.0,0.0,0.0,1.8265674,0.97315747,0.84883726,1.3000177,0.0,2.3757882,0.24221049,0.7721196,1.4212718,0.14441621,1.8386699,0.0,0.0,0.6374509,0.0,0.13144909,0.79404604,0.73323184,0.0,1.0794307,0.743969,0.2554255,0.27476206,1.9890484,2.8258054,0.43500167,0.0,1.2251867,0.9587026,0.0,0.023637272,1.3072364,1.42186,2.31973,0.0,0.0,0.7481811,1.1620852,0.0,0.0,0.78635335,0.0,0.0,0.46369034,0.10866128,0.124912284,0.0,0.0,1.1460134,0.0,0.8356172,0
0.0,0.0,1.3377676,1.0678279,0.50031537,1.8091158,0.0,0.0,2.6640673,1.1822861,0.0,0.0,1.5020345,0.0,2.0757427,0.0,0.9328962,0.0,0.5221497,0.7275293,0.33156607,0.0,0.0,0.0,0.34673896,0.0,0.0,0.71919596,0.14859927,0.88073444,0.93595374,1.7337158,0.987824,0.0,0.0,1.7730101,0.0,0.26104143,2.4927475,1.2593179,2.0203786,1.2578392,0.9398444,1.472335,0.0,0.14765552,1.4877588,0.0,2.4457958,0.0,1.9555864,0.0,2.1819293,0.0,0.0,0.41795057,3.1146977,2.5828896,1.6303247,0.8725381,1.2671927,0.435094,0.0,4.185364,0.0,1.7615987,0.0,0.6887063,0.0,0.0,1.6655194,0.0,3.9302676,0.0,0.0,0.0,0.0,1.6343268,1.3396788,0.0,1.8667446,0.0,1.6959677,1.0816088,0.5032336,0.46194592,0.17069104,1.1356341,0.26500338,0.665519,1.6272999,0.0,0.0,0.7757938,2.006674,0.0,3.0303993,0.6694767,0.360954,0.0,1.1488923,1.4096806,0.56206965,0.8943482,0.81458247,1.0948591,0.36857438,1.4002087,1.1875011,2.077743,0.0,0.0,0.0,0.82121116,0.54671365,0.0,0.0,0.76773983,0.0,0.0,0.0,0.49147952,0.0,1.0937747,0.0,0.1899335,0.0,2.398308,1
0.0,0.6620072,1.0717173,0.6270043,0.42095888,1.0225004,0.50674635,0.0,0.42995787,0.2520375,0.0,0.0,0.0,0.49310902,1.0688648,0.0,1.1159277,0.0,2.0305204,0.0,0.2482734,0.0,0.07609729,0.0,0.23899011,0.0,0.0,1.9521198,0.0,0.8113337,0.6397971,0.0,0.34116274,0.0,0.0,1.6684984,0.02819319,0.5839222,2.0296273,1.218761,0.34299874,0.7882618,0.4569766,0.76707906,0.0,0.2864103,2.5564907,0.0,0.033837616,1.3501157,0.40587136,0.0,1.798151,0.0,0.44284064,0.0,0.968875,1.6130186,2.0321186,1.084085,1.727742,0.93945205,0.0,1.5012301,0.0,1.5981611,0.0,0.9821791,0.49775985,0.0,1.158622,1.8539803,1.9761121,0.0,0.0,0.0,0.0,2.0800598,1.1607143,2.141022,1.3609055,0.0,2.1140862,1.7428734,0.5287147,0.03991965,0.0,1.4160883,0.0,1.4500865,1.16001,0.0,0.74076605,1.3436782,1.141003,0.0,3.2082644,0.20937671,0.0,0.0,0.9738953,1.9222996,0.9016739,0.0,1.8614954,0.0,0.0,1.560113,0.49339312,0.9308242,0.68763167,1.0673122,0.0,1.0515133,0.18567331,0.0,0.0,0.22294568,0.0,0.0,0.0,0.93642586,0.03502633,0.0,0.0,0.7491586,0.0,1.2723452,1
0.0,0.0,1.5218803,1.1251456,0.0,0.0,0.0036310512,0.0,1.5750208,1.7652025,0.0,0.0,0.47645456,0.32403234,1.5319166,0.0,0.100227706,0.0,0.58846265,1.0817876,1.0099937,0.0,0.0,0.28011724,1.3517154,0.0,2.4224935,1.9214073,0.0,0.5108475,0.8284823,0.03398217,1.7311776,0.0,0.0,2.2804873,0.0,0.3052514,2.430756,1.9722282,1.068412,2.5869677,0.5062323,1.2557751,0.29376104,0.31709322,1.2523196,0.0,2.3623538,0.0,2.3014445,0.0,1.5636729,0.0,0.0,1.1523379,1.737122,1.7141777,1.2177521,1.0943911,0.1889134,0.81084806,0.0,3.1101484,0.0,0.71926343,0.0,1.001128,0.0,0.0,1.9871445,0.89676887,3.0199788,0.18506037,0.3291632,0.0,0.0,2.0318065,1.8353336,0.0,2.2544293,0.0,0.6383183,0.7603122,0.0,0.31045368,0.32995984,0.6921881,0.0,0.90484095,1.1332908,0.0,0.0,2.4668732,2.039787,0.15777816,2.1676695,1.7988739,0.0,0.51717806,0.57527125,1.180792,0.0,1.1300116,1.9708158,0.0,0.0,2.2523773,0.0,1.1356277,0.0,0.0,0.0,1.3916292,0.1768593,0.0,0.0,0.0,0.0,0.0,0.20662734,0.0,0.0,0.0,0.0,0.0,0.0,2.7464345,1
0.0,0.0,1.6153632,0.943263,0.0,1.5220237,0.31296414,0.0,2.7486157,0.91919893,0.0,0.31513515,1.8832942,0.0,1.3870338,0.0,1.2524971,0.0,0.44919997,0.45895123,0.68027824,0.0,0.0,0.0,0.5859257,0.0,0.0,1.0320089,0.12995327,0.76548594,0.7731842,0.22853847,0.9844917,0.0,0.7881537,2.308068,0.0,1.1622298,2.0147593,1.060596,0.9203789,2.280287,0.52755445,0.78574526,0.0,0.0,1.1636777,0.0,1.1434734,0.0,1.7026207,0.0,1.7687519,0.0,0.0,0.40377843,3.1659822,2.2699993,1.2582151,0.8133298,0.82118934,0.0,0.0,3.310462,0.8439024,1.475339,0.0,0.2789874,0.38220298,0.0,1.2626269,1.0031447,2.7451873,0.0,0.0,0.0,0.20214662,1.0993708,0.80803835,0.18973261,2.4568675,0.0,0.3435584,1.1475607,0.0,0.0,0.029988527,0.7091121,0.16511144,0.45031458,2.8188865,0.0,1.5325959,0.9243454,1.5547034,0.0,2.7191806,0.13870223,0.0,0.0,1.4206561,2.1709442,0.0,0.18574707,1.3652128,0.60208994,0.0,0.63072485,1.0739815,2.1146824,0.36371258,0.0,0.0,2.2389205,0.0,0.0,0.0,1.0156096,0.0,0.0,0.0,0.8890392,0.0,0.0,0.0,0.4397249,0.0,2.1005764,1
0.0,0.0,1.1049293,0.72626907,0.0,0.8644019,0.0,0.0,2.3028524,0.19607203,0.0,0.28621542,1.3664664,1.196685,1.1154556,0.0,2.1361399,0.0,0.66443115,2.0637724,0.103612475,0.0,0.0,0.0,1.2309728,0.0,0.0,1.1471413,0.0,0.50504434,0.0,0.3885156,1.4784565,0.0,0.0,1.7931182,0.0,0.62553906,2.3422751,2.4862273,1.5810862,0.55861276,1.2840749,1.3323027,0.0,0.0,1.1072053,0.0,1.9338611,0.03690259,2.528123,0.0,0.7814601,0.0,0.005052018,0.52162075,2.650826,2.0993118,0.6851754,0.5589278,0.58211863,0.09305941,0.0,2.1448846,0.0,3.0958529,0.0,1.0868356,0.0,0.0,1.3156263,0.77004546,3.5005825,0.0,0.0,0.0,0.389066,1.765891,1.2215129,0.16312799,2.028431,0.0,0.21169682,1.8958293,0.603215,0.8222506,0.0,0.030914972,0.0,1.7147152,1.9253843,0.0,0.0,1.9298261,1.8381374,0.0,2.5017784,0.7003112,0.6385262,0.7462894,0.60759306,1.9902428,1.2451177,1.1093564,2.0083458,1.8512849,0.4353881,2.3514397,1.4191352,1.7007952,0.33377817,0.0,0.0,0.94744754,0.70733327,0.0,0.0,0.9129491,0.0,0.0,0.0,0.5381752,0.0,0.38689524,0.0,0.0,0.0,2.2457244,0
0.0,0.0,0.8914772,1.2911181,0.4459394,1.6658214,0.2538861,0.0,1.429701,1.4145869,0.0,0.0,0.11819844,0.0,1.2758683,0.0,1.7384727,0.0,2.0133517,0.015472371,0.0,0.0,0.0,0.0,0.5908234,0.0,0.0,2.6240802,0.0,0.580922,0.9793911,1.1426556,0.9654074,0.0,0.0,0.63953245,0.0,0.74464905,2.390767,1.4132512,1.126443,0.7941161,0.0,1.0875676,0.0,0.2071757,2.0194917,0.0,1.2777983,0.0,1.2065439,0.0,1.9791424,0.0,0.0,0.0,2.4877515,2.3998697,2.3179176,1.1385825,0.6064731,1.0361048,0.0,3.151197,0.0,1.959457,0.0,0.48073933,0.44675872,0.0,2.226868,0.0,2.5825412,0.0,0.0,0.0,0.0,1.8568207,0.71035385,0.9188282,1.467527,0.0,1.4987706,1.1420546,0.57611054,0.0,0.0,1.4673916,0.0,1.5292718,1.6727824,0.0,1.2201989,0.7406215,0.0,0.0,2.816406,0.7973535,0.0,0.0,1.8717343,1.7333183,0.6976398,0.6549629,1.2146747,0.0,0.0,1.0342914,1.312561,1.57767,0.7771113,0.0,0.0,2.0781775,1.2438757,0.0,0.0,0.61614627,0.0,0.0,0.4105111,1.3284913,0.0,0.0,0.0,0.5006833,0.0,1.8591543,0
0.0,0.30830732,1.2323184,1.1754062,0.007195531,1.8821844,0.0,0.0,0.5710473,0.24081556,0.0,0.0,0.038783368,0.46393958,1.4893332,0.0,0.8161409,0.0,0.45962608,0.5485847,0.51676184,0.0,0.0,0.0,0.35800594,0.0,0.0,1.7593247,0.0,1.8796307,0.23468475,0.51564234,0.7031565,0.0,0.116962135,0.5862971,0.6470291,0.09569413,2.1326983,1.401618,0.6324656,1.245445,0.23436695,0.68938875,0.0,0.0,2.6899645,0.0,0.6116566,0.72443396,0.26789153,0.0,1.9716158,0.0,0.53477067,0.37998635,1.7018473,1.2887391,1.5000836,0.30909777,1.1760217,2.0067432,0.0,3.8528585,0.0,2.114778,0.0,0.83528763,1.2691867,0.0,1.3563966,1.9134061,1.9136963,0.0,0.0,0.0,0.2212533,2.2298567,0.21692097,0.53879476,1.1461806,0.0,2.2090402,0.835647,1.2390836,0.7452627,0.1122407,1.0072383,0.0,1.6255571,0.84154016,0.0,0.0,1.3556039,1.5696763,0.0,2.2371564,0.76518166,0.101031534,0.0,1.3405082,2.617072,0.9454513,0.0,0.716187,0.0,0.089851126,1.4655005,0.21423678,1.0213691,0.4967656,0.71295196,0.0,1.0956951,0.44738907,0.0,0.0,0.0,0.0,0.0,0.0,1.6789992,0.401391,0.0,0.0,1.095712,0.0,0.75293714,0
0.0,0.23707704,1.1990664,1.0104604,0.6634227,2.0003147,0.0,0.0,0.7450929,0.3603817,0.0,0.07343673,0.536185,1.1631378,1.2622702,0.0,1.4807628,0.0,1.2162062,0.042478967,0.0,0.0,0.9957334,0.049326085,0.490246,0.0,0.0,0.5836103,0.0,1.7765484,0.69923264,0.5326493,1.1405082,0.0,0.0,1.4942411,0.73525256,0.883128,2.476046,1.4317778,0.7526415,0.44354528,0.0,2.2359328,0.0,0.0,2.8635168,0.0,0.21639615,0.8855766,1.8741909,0.0,1.8259774,0.0,0.5258516,0.0,2.0066895,1.8505919,2.3376274,0.8894613,1.7885898,0.87413204,0.0,2.937163,0.0,2.1453176,0.0,0.5338224,1.1429322,0.0,1.3818343,1.0217278,2.3087091,0.0,0.0,0.0,0.0,2.2511332,0.6293143,0.8512826,1.1237057,0.0,1.5273951,2.206351,1.6609632,0.40490595,0.0,0.8006441,0.0,1.6893578,0.14385317,0.0,0.11975803,0.45004454,0.64745015,0.0,2.1891115,0.94551355,0.0,0.0,1.4329342,2.7676766,0.7973875,0.1540746,0.7493285,0.0846159,0.07721047,1.4544581,1.0935,1.0295131,1.1375905,0.000121162855,0.0,0.9638408,1.2630296,0.0,0.0,0.16066693,0.0,0.0,0.0,0.66646343,0.51675326,0.17708303,0.0,0.5857809,0.0,0.9197154,1
0.0,0.69445956,2.0839648,0.8009282,0.73033947,2.0540485,1.1292657,0.0,0.92238766,0.3740076,0.0,0.0,0.0,0.0,0.65263486,0.0,1.882474,0.0,0.49281567,0.0,0.0,0.0,1.7189221,0.0,0.9242249,0.0,0.0,0.32180643,0.3298477,2.3904855,1.3948836,0.0,0.40982246,0.0,0.0,1.7139939,1.0096743,0.0,1.5458682,0.55811554,0.15441085,0.40504044,0.6595425,0.9141873,0.0,0.0,1.9189293,0.0,0.2744627,1.0442759,0.9707569,0.0,1.7052592,0.0,0.47450113,1.0275675,2.0389788,2.4255612,1.3922478,0.23756081,2.0695264,1.4825474,0.0,2.272127,0.0,1.9175729,0.0,0.0,1.7772791,0.0,1.9553152,0.94762117,2.8314364,0.0,0.0,0.0,0.092327565,1.7850839,0.42142713,0.0,2.3184612,0.0,2.01385,1.6220883,1.5943227,0.10671686,0.054261386,1.4636954,0.0,0.7627624,0.94873863,0.0,1.329921,1.386884,2.041851,0.0,3.0077293,0.0,0.0,0.0,2.2424726,2.6113384,0.54217476,0.0,0.98742807,0.0,1.0176771,1.3998934,0.7468537,0.9848774,0.2952347,0.0,0.0,2.24201,0.16694455,0.0,0.0,0.0,0.0,0.0,0.0,1.4521232,0.0,0.0,0.0,0.0,0.0,1.2232606,1
0.0,0.0,1.901746,0.6921019,0.0127832275,0.41602346,0.62095135,0.0,2.0289633,1.5922883,0.0,0.0,0.6167146,0.74811333,1.51447,0.0,0.6803391,0.0,0.20134707,1.3286054,0.0,0.0,0.0,0.0,1.5037332,0.0,0.0,1.7722178,0.0,0.1880542,0.42874825,1.4750441,1.0952128,0.0,0.0,2.1733525,0.120834544,0.07476557,2.6389215,1.8968997,1.4944512,0.48189026,0.31682974,0.7062824,0.0,0.0,1.1786823,0.0,1.7340982,0.0,1.0901667,0.0,1.6539845,0.0,0.0,1.633982,2.7673512,2.1036596,2.6167393,0.9312335,1.503027,1.2760835,0.0,2.9432683,0.0,1.6880097,0.0,0.7729707,0.0,0.0,3.071751,0.46114507,3.0505025,0.0,0.0,0.0,0.0,2.3773167,0.0,0.23369583,2.1018143,0.0,0.78857774,2.5263422,0.096468896,0.0,0.012606025,1.064281,0.0,1.15189,1.1346979,0.1866554,0.5544169,1.1502023,1.4623129,0.0,3.1099377,1.5764488,0.0,0.0,1.160039,2.2265375,0.93013006,0.0,1.6886383,0.32905203,0.0,2.1150985,0.20123929,1.5176328,0.0,0.0,0.0,2.1584117,0.057314742,0.0,0.0,0.28278306,0.0,0.0,0.0,2.08242,0.0,0.0,0.0,0.32896063,0.0,2.3746865,0
0.0,0.0,1.6990597,0.5796104,0.19097868,1.3062184,0.0,0.0,2.0171106,1.2653214,0.0,0.0,0.5063745,0.0,1.4386237,0.0,0.0,0.0,1.3555592,2.010741,0.11115318,0.0,0.0,0.0,1.5853677,0.0,0.7272349,1.8161945,0.0,0.0,0.42177212,1.1680707,1.2827677,0.0,0.0,1.828107,0.0,0.82594484,2.6427104,1.9569201,2.2518504,1.934697,0.5707641,0.75199115,0.5770592,0.0,1.1762094,0.0,2.5267756,0.0,1.620101,0.0,2.4223192,0.0,0.0,0.56302595,3.1226645,2.7776737,2.7409546,0.39791244,0.6768917,0.02849226,0.0,2.748273,0.0,1.1775876,0.0,0.852905,0.0,0.0,2.2801092,0.5481185,3.8576436,0.14018328,0.0,0.0,0.0,1.6690007,1.0282041,0.0,2.3865805,0.0,0.99173653,1.561521,0.36528322,0.066679835,0.024692833,0.8003844,0.0,0.4960239,0.8939714,0.1607989,0.37763423,1.1512842,0.7993663,0.0,2.5483675,0.8007259,0.0,0.0,0.80097276,1.9388514,0.68219036,1.6698618,1.1054376,0.3002748,0.0,1.7377849,0.0,2.330963,0.18867691,0.0,0.0,1.3659974,0.006144215,0.0,0.0,1.0664316,0.0,0.0,0.0,0.16889615,0.0,0.0443113,0.0,0.0,0.0,2.7819836,1
0.0,0.0,1.3822914,0.0,1.391403,0.64379,0.92907596,0.0,0.45162955,2.0754597,0.0,0.0,0.0,0.0,1.9999802,0.0,2.509017,0.0,1.419644,0.915584,0.0,0.0,0.0,0.0,0.0,0.6494586,1.1145676,2.4581323,1.0781616,0.0,0.23356552,0.42264026,0.0,0.0895476,0.062904865,3.0211542,0.0,0.0,1.6910726,2.9232676,0.0,1.0008813,0.065217555,1.3612653,0.8074543,0.0,1.5433909,0.0,1.8516883,0.0,1.4510206,0.0,1.6714969,0.0,0.22300576,0.4624118,3.6376305,0.0,0.7989377,0.21462864,0.0,0.7852416,0.0,2.3504722,0.0,0.7597619,0.0,1.99667,0.0,0.0,0.8641641,1.0517067,1.6413583,0.31619802,0.1586793,0.0,0.47309175,2.4244037,1.8149598,0.795037,0.02345783,0.0,0.78451216,1.3324933,0.23783258,0.3833398,0.0,1.0340291,0.0,1.1281712,0.0,0.0,2.5319421,1.87914,1.5506309,0.0,1.5844976,0.37331963,0.0,0.7749935,1.8516954,1.9694972,0.0,1.312189,0.21883695,0.0,0.34182173,0.67692035,0.16234885,1.0606892,0.098196365,0.0,0.0006680251,0.0,0.09196045,1.3353177,0.0,0.0,0.0,0.0,0.0,0.1981038,0.0,0.0,0.0,0.0,0.0,2.9298444,0
0.0,0.0,0.64065254,0.30133912,1.3806332,0.8225741,2.2816694,0.0,1.8397113,0.0,0.0,0.9430677,0.8527131,0.43568626,0.82113117,0.0,2.7881308,0.0,0.0,1.592932,0.0,0.0,0.0,0.0,1.1522225,0.0,0.0,0.97467214,0.46782136,1.9863962,0.0,2.33805,1.3887115,0.0,0.55802816,2.2887218,1.3146517,0.0,2.363748,0.21401674,1.51106,0.0,0.47725743,0.0,0.71454734,0.0,1.1910939,0.06810663,2.5246627,0.0,1.5679402,1.0695431,1.7429281,0.0,0.0,0.0,1.7278197,0.77000016,0.0,0.79911315,1.0907208,1.353905,0.0,1.840969,0.0,1.8414705,0.0,1.5403808,0.0,0.0,1.1084596,0.740879,0.84718883,1.6023768,0.4977679,0.0,0.0,0.74538153,0.0,1.1693501,0.23049212,0.0,0.0,2.0522492,0.0,1.5813555,0.0,1.3057518,0.0,2.3424878,0.52058095,0.0,0.9335445,0.88992274,0.4588451,0.7416109,2.8509257,2.613595,0.0,2.2692924,1.6489867,1.5604471,0.0,0.20466076,1.3704196,0.0,1.0158161,0.934243,0.0,0.9543552,0.6308397,0.24362607,0.0,2.1324902,0.025814999,0.8456796,0.0,0.0,0.0,0.0,0.0,0.0,0.0,0.0,0.112693414,0.44716898,0.0,1.4047673,0
0.0,0.57299405,2.0971696,1.5920521,0.0,1.4164588,0.0,0.0,1.303181,1.0176129,0.0,0.48409477,0.0,0.23802963,1.6056898,0.0,1.6767808,0.0,1.2586483,0.0,0.2866416,0.0,0.19469495,0.0,0.5906924,0.0,0.0,1.2154462,0.0,0.9849896,0.35192573,0.0,0.81026113,0.0,0.280534,0.57571745,0.33736157,1.5081999,2.149221,1.4197718,0.8951376,1.8100581,0.21030396,1.9298619,0.0,1.4952338,1.4147296,0.0,0.7118429,0.0,0.94331664,0.0,2.114795,0.0,0.14659159,0.91300523,1.9793092,1.7912214,2.0570586,0.51547354,1.8557763,1.0304788,0.0,3.78013,0.16589823,1.2564818,0.0,0.90778226,0.4967963,0.0,1.1980633,0.89761794,2.3141453,0.0,0.0,0.0,0.0,2.0133493,0.8600073,0.25024426,2.6155407,0.0,3.0612357,0.83162785,1.5064552,0.115774095,0.0,0.5534006,0.0,0.45329884,1.3096412,0.0,0.7079247,1.8802513,0.9936877,0.0,3.1323996,0.16268153,0.0,0.0,1.3519903,1.215225,0.0,0.0,0.7260361,0.0,0.0,1.6207097,0.932137,1.2547293,1.1586235,0.0,0.0,1.1132193,0.10801726,0.0,0.0,0.0,0.0,0.0,0.0,0.07479383,0.0,0.0,0.0,1.1115799,0.0,0.5447678,1
0.0,0.0,1.5030153,2.210091,0.3563663,0.45322168,1.4934319,0.0,1.2971824,1.3167912,0.0,0.5235382,0.07700126,0.0,0.69996005,0.0,2.1026142,0.0,0.969575,0.8871731,0.0,0.0,0.0,0.0,0.47728193,0.0,0.40569645,1.4521111,0.0,1.0667114,0.0,1.1052419,1.107471,0.0,0.0,2.1882942,0.44976538,0.0,1.9739592,0.72448105,1.3183736,1.6414808,0.019798694,0.40959555,1.682227,0.0,2.5523841,0.0,1.7051635,0.0,1.5363199,0.0,1.2464163,0.0,0.6048022,0.1779212,2.5463424,1.9628025,0.9900241,1.5790093,1.5744042,1.5369673,0.0,3.2271833,0.0,1.1773111,0.0,1.5921825,0.0,0.0,2.077286,0.57622427,2.9346263,0.0,0.0,0.0,0.21729586,2.6478133,0.74312955,1.382707,1.6725464,0.0,2.265213,1.6714816,0.0,0.48432222,0.0,1.1899434,0.0,1.6523296,0.0,0.0,0.0,0.9160534,1.3537918,0.0,2.3795865,2.6869931,0.0,1.7624874,0.8136826,1.4166911,0.0,0.22197996,1.5581349,0.26061997,0.22447799,2.4489226,0.8978448,1.7088175,0.8803175,0.0,0.0,1.6100394,1.5733559,0.0,0.0,0.0,0.0,0.0,0.2066037,0.0,0.0,0.5695253,0.0,0.40093735,0.0,2.3129318,0
0.0,0.30137655,1.2537044,0.98255897,0.0,1.8295395,1.2329223,0.0,0.76229715,0.39714065,0.0,0.0,0.0,0.0,1.4556978,0.0,1.7376581,0.0,0.47299808,0.0,0.3441698,0.0,0.9841976,0.0,0.0,0.0,0.0,0.9689536,0.0,2.6639543,0.018719472,0.0,0.9113066,0.0,0.0,0.9834447,1.0634531,0.2055767,2.1825264,0.79396826,1.3564677,1.2720641,0.39821678,1.6250907,0.0,0.0069653136,1.655123,0.0,0.0,0.7792232,1.2417969,0.0,0.9481502,0.0,0.26619822,0.4314556,1.7526438,1.3600363,1.6270308,0.59359777,2.2934997,0.33668384,0.0,3.0222955,0.17058454,1.92034,0.0,0.02446096,1.7442694,0.0,0.76963884,0.90622216,2.695667,0.0,0.0,0.0,0.49268776,2.275042,0.0,0.11385573,1.4580374,0.0,2.3616478,1.6866686,2.3375037,0.14300689,0.0,1.2386049,0.0,1.4462361,0.7718447,0.0,0.59799814,0.48304635,1.2241001,0.0,2.702346,0.0,0.0,0.0,1.6168612,2.5166469,0.10200393,0.0,0.30292568,0.28737575,0.6364812,1.1257535,0.0,1.0753529,1.5278155,0.7311664,0.0,2.1332204,0.5686863,0.0,0.0,0.0,0.0,0.0,0.0,2.0942395,0.1809081,0.09733893,0.0,1.3584219,0.0,0.1373529,1
0.0,0.0,0.0,0.9441488,0.0,0.52782214,1.6419502,0.0,1.7946242,0.0,0.0,0.0,0.3945201,0.0,0.10739109,0.0,3.4413302,0.0,0.0,1.0025449,0.0,0.0,0.0,0.0,1.485913,0.0,1.3659201,1.0735873,0.0,1.0398047,0.61379933,0.6607344,1.1948967,0.0,0.0,1.1117494,0.0,0.0,1.128394,2.77029,0.8439385,0.0,0.7481233,0.93601847,0.28244242,0.0,1.4362323,0.0,0.87584025,0.0,1.445992,0.46538463,1.3800242,0.0,0.0,0.8463992,1.2850791,1.2023083,1.5856774,1.9602011,0.0,1.0666586,0.0,0.6385808,0.0,1.4469173,0.0,1.7889671,0.0,0.0,0.72356933,1.5292698,1.9308556,0.27047637,1.9801154,0.0,0.6520935,0.0,1.0836285,0.0,0.0,0.0,0.33854654,0.23591743,0.23700957,1.835082,0.0,0.6042592,0.0,0.53526795,0.5851565,0.0,0.14266287,1.5285544,0.5629326,0.0,0.69945365,1.9564215,0.0,2.6518066,0.0,0.30496138,0.059291076,3.0357714,1.1698399,0.025501264,0.15030478,1.4783441,0.107187815,2.072863,0.701214,0.0,0.0,0.14410754,0.0,0.57278216,0.0,0.21869592,0.0,0.0,0.0,1.5408851,0.0,0.0,0.0,0.052013475,0.061027095,1.5802418,0
0.0,0.0,0.0,0.06946727,0.0,0.97014076,2.3923755,0.0,2.718221,0.0,0.0,0.0,0.0,0.0,0.70269835,0.0,1.5281861,0.0,0.40823072,1.012232,0.0,0.0,1.0836543,0.0,2.1930473,0.0,0.0,1.2480555,0.0,1.7224495,0.0,2.7468789,2.2092216,0.0,0.0,1.6978602,0.26753652,0.26316026,1.9714632,2.9691913,1.3255026,0.0,0.6324924,0.7905463,0.0,0.0,1.7610655,0.0,0.0,0.1412003,1.2537829,0.7144839,0.74184537,0.0,0.9324278,0.0,1.940548,1.0880438,1.6412461,0.28459454,0.33738223,0.46188742,0.0,1.8344623,0.0,1.947897,0.0,1.75875,0.0,0.0,1.9544133,1.1210709,3.9494789,0.0,0.033639338,0.0,0.8779963,2.6913893,0.0,0.54827106,1.5665202,0.0,0.37762907,1.2175126,0.0,1.7042518,0.0,1.6944072,0.0,1.0839807,1.063586,0.042742252,0.012367717,1.9086531,1.1140506,0.0,1.1464219,1.0115057,0.0,0.20787089,2.2676287,1.6331841,1.7078297,0.73035944,2.0501635,1.1200209,0.78246385,0.5874081,0.0,1.5116403,1.2921354,0.41086432,0.0,1.3862842,0.668264,0.044861857,0.0,0.0,0.0,0.0,0.0,2.1799145,0.0,0.0,0.0,0.0,0.0,1.6350337,0
0.0,0.0,0.5619483,0.39465842,0.15330476,1.1722007,1.1123482,0.0,1.9718131,0.7656204,0.0,0.02331277,1.305957,0.0,1.3525817,0.0,1.7350159,0.0,1.0687258,1.2124157,0.0,0.0,0.0,0.0,0.81489086,0.0,0.44509354,1.3608204,0.07918633,0.264929,0.12218154,1.0414001,2.3342192,0.0,0.0,2.1258667,0.0,0.0,2.1860347,0.14820403,1.8180695,0.82229465,0.8220914,1.8951865,0.0,0.0,1.590595,0.0,0.8222245,0.0,2.0138447,0.0,1.7845318,0.0,1.0165286,0.55537343,1.8409138,0.96614647,2.632833,0.956973,1.2248168,0.78186923,0.0,0.888493,0.0,1.8923296,0.0,1.4279304,0.0,0.0,1.2068949,0.78462404,2.5389938,0.0,0.0,0.0,0.0,2.470637,0.3048365,0.47281146,0.8347439,0.0,1.4917004,1.961503,0.0,0.8473813,0.0,0.21330626,0.0,0.74856836,0.6386128,0.0,0.12464195,0.86834604,1.9045802,0.0,2.563387,1.2824274,0.26143137,0.54456735,1.1477357,2.3017814,0.0,0.2850678,1.8396654,1.9884447,0.2891893,1.7228402,0.97533697,2.1557214,0.50909793,0.0,0.0,0.6035333,0.59266835,0.0,0.0,1.0729333,0.0,0.0,0.0,0.47453845,0.0,0.0,0.0,0.6901378,0.0,1.7979847,1
0.0,0.0,1.1893175,0.00612911,0.0,1.5472602,1.7137203,0.0,1.6215111,1.2758121,0.0,0.17476821,0.16002934,0.0,2.0285604,0.0,1.9258189,0.0,0.07400723,1.2085989,0.0,0.0,0.0,0.0,0.601822,0.40101278,0.0,1.994278,0.0,0.4073967,1.3020065,1.5586462,1.6278013,0.0,0.87179583,2.2822971,0.0,0.13761486,1.5866132,1.9113578,0.67371124,0.0,0.37237424,0.9202409,0.0,0.054841433,1.3884726,0.0,2.1966662,0.0,1.7054951,0.48239276,0.81170195,0.0,0.0,0.12292939,3.614864,2.1570897,1.1373475,0.0,0.907065,0.023557235,0.0,3.3283005,0.0,1.0359437,0.0,1.5801264,0.0,0.0,2.1197329,0.47362652,1.1639918,0.010110794,0.72816616,0.0,0.24167234,1.7845924,0.0,0.0,2.9199305,0.0,1.367618,2.2977688,0.9479515,0.8327859,0.037750483,1.7165561,0.0,0.28194776,1.6925886,0.69719124,0.5250508,1.7180516,1.3429142,0.0,2.036686,1.5892045,0.0,0.33883584,1.8625642,2.1372378,0.46674958,1.480635,0.26511955,1.269636,0.0,1.1581966,0.0,1.974499,0.9876187,0.09464179,0.0,1.4368377,0.0,0.8338254,0.0,0.7459274,0.0,0.0,0.0,0.99020284,0.0,0.0,0.0,0.0,0.0,2.0449612,1
0.0,0.031785887,1.1704644,0.59521204,1.2948421,2.214172,0.16686064,0.0,2.42332,1.0798094,0.0,0.075525485,1.8176826,0.036107924,0.68980604,0.0,0.6861422,0.0,0.0,0.7101713,0.0,0.0,0.0,0.0,0.30543292,0.0,0.0,2.0790677,0.0,0.91351914,1.3267622,1.3600608,1.425741,0.0,0.0,2.9334035,0.0,1.3607404,1.8983963,0.9478318,0.45630878,0.0,0.68816084,1.061539,0.15440676,0.0,2.0545695,0.0,1.7393157,0.0,2.2493103,0.0,1.6044172,0.0,1.3089172,0.0,2.153537,1.6165681,1.7175233,0.51185614,0.0,1.711136,0.0,1.2664838,0.0,2.2673178,0.12702496,0.8944264,0.22354323,0.0,2.229444,0.19566521,3.1938295,0.0,0.0,0.0,0.0,1.4779518,1.2187003,0.0,2.2221885,0.0,0.912801,1.8355405,0.0,1.0919094,0.18754709,1.1940049,0.0,1.258847,2.0270138,0.0,0.58071464,1.1449678,2.0498152,0.0,2.9429913,0.47180134,0.0,0.11924626,1.8859847,1.4932735,0.4250561,0.0,1.6485804,1.0064472,0.0,1.0286622,1.5546577,1.5218322,0.0,0.0,0.0,1.7308655,0.5054631,0.0,0.0,0.9400538,0.0,0.0,0.0,0.18934698,0.0,0.0,0.0,0.91780525,0.0,2.5002363,1
0.0,0.0,1.5041028,2.2068403,0.0,0.9352882,0.01062962,0.0,0.73834574,1.1040448,0.0,0.35935566,0.68150485,0.8646821,1.644803,0.0,2.60877,0.0,1.0737952,0.18926135,0.0,0.0,0.0,0.0,1.2519513,0.0,0.0,1.1461565,0.0,0.7618251,0.07559771,0.14140894,1.106542,0.0,0.13493475,2.123607,0.34751934,0.0,3.119604,0.50541645,1.4336185,0.8042569,1.0300096,1.5861696,0.7034088,0.34630868,2.6800911,0.0,0.524042,0.0,1.4596504,0.0,2.2329066,0.0,0.0,0.8843103,2.864503,2.0663526,1.7417539,0.54648185,2.127015,0.39733875,0.0,3.2863855,0.0,1.8830513,0.0,1.284193,0.6703519,0.0,0.99623746,1.4794655,3.2670314,0.0,0.0,0.0,0.0,1.8544291,0.37873453,0.65365356,1.7554168,0.0,1.0996193,1.8236291,0.19157043,0.30484468,0.0,0.8967487,0.0,1.0989051,0.8574167,0.0,0.29633433,0.8625214,1.1107316,0.0,2.2702904,0.6497527,0.0,0.18300833,1.0037317,1.78295,0.0,0.7084911,1.5428392,0.53079927,0.0,1.7024287,0.5387,2.5494275,0.6601179,0.31674308,0.0,1.5372723,0.5152957,0.0,0.0,0.5048174,0.0,0.0,0.0,0.0,0.0,0.3720518,0.0,0.38752404,0.0,2.2866457,1
0.0,0.0,0.97047764,1.6916684,0.0,0.6049604,0.0,0.0,1.7594625,1.8312283,0.0,0.3619949,1.6297978,0.0,0.95898527,0.0,1.699735,0.0,0.64373,1.8488964,0.44097123,0.0,0.0,0.0,1.050281,0.12297179,0.5511465,1.6309402,0.0,0.6545098,0.0,0.8973359,1.6502798,0.0,0.0,1.9464464,0.0,0.0,2.080845,2.1280074,2.8453133,1.0822427,0.70711446,1.9258307,1.7596563,0.19628964,2.281621,0.0,1.3129605,0.0,2.311879,0.0,1.0810974,0.0,0.0,0.0,1.5768263,2.7474852,0.7053642,1.8696579,0.6307123,0.24263333,0.0,2.4448113,0.0,1.0153862,0.0,0.98863083,0.0,0.0,1.2047606,2.0041091,2.885945,0.21033059,0.033419933,0.0,0.007063777,0.5571398,0.49113023,0.0,0.47286206,0.0,0.18660747,0.9697026,0.019564062,1.268431,0.0,0.0,0.0,0.0,1.3524952,0.0,0.0,0.33187658,1.0044211,1.0584666,1.2029216,1.3228451,0.09029209,1.3909446,0.0,0.94379616,0.0,1.847077,1.4830076,0.84118515,0.0,0.80706996,0.3317091,1.285182,0.9375753,0.0,0.0,0.20639428,0.76991314,0.0,0.0,1.5899779,0.0,0.0,1.6430627,0.0,0.0,0.8430548,0.0,0.0,0.0,2.54327,0
0.0,0.0,1.8513186,0.32301757,0.54913807,1.3042592,0.17072576,0.0,1.2901388,1.1703937,0.0,0.38905326,0.5919985,1.0773412,1.1870611,0.0,1.6382699,0.0,1.3439039,0.46961647,0.7762007,0.0,0.0,0.0,2.303003,0.0,0.0,1.4644761,0.0,1.2816036,0.35011715,1.2649958,2.135861,0.0,0.0,0.7283422,0.0,0.01822559,2.0638103,1.474333,1.9215007,0.95387477,0.39151102,1.0241435,0.35259315,0.3181027,2.1834264,0.0,0.6384449,0.6495297,1.4044491,0.0,2.2736614,0.0,0.023759412,0.0,1.7059402,3.0356734,1.5484463,0.10492181,1.8725151,0.4521779,0.0,3.2095656,0.0,3.2105167,0.0,1.2438563,0.55918425,0.0,2.0204756,0.5685677,2.8241827,0.0,0.0,0.0,0.0,2.0150893,1.1836869,0.4537186,1.0767293,0.0,0.544147,1.8868053,1.4030684,1.0113627,0.0,0.0,0.0,1.774256,0.0,0.0,0.0,1.835614,1.219182,0.0,1.6477888,0.7195182,0.14191662,0.0,0.933155,2.7220457,0.0,0.61915535,1.1867858,0.97452444,0.0,2.0177488,1.3380654,1.8781768,1.2441858,0.53132397,0.0,0.43223128,1.3079822,0.0,0.0,0.06747423,0.0,0.0,0.0,0.4357806,0.0,0.0,0.0,0.0,0.22598557,1.214747,1
0.0,0.0,0.59922796,1.3286047,0.0,1.3591242,1.1194268,0.0,3.4561741,1.2337687,0.0,0.0,0.743025,0.0,2.304837,0.0,2.0205085,0.0,0.0,0.9368099,0.0,0.0,0.0,0.0,1.5241103,0.0,0.0,0.3292762,0.0,2.1535025,0.0,1.6145297,1.3717127,0.0,0.7995307,3.0356529,0.0,1.0534045,2.9876873,1.2353312,0.49240208,0.3211952,0.7538131,1.8255059,0.4798412,0.0,1.9535642,0.23055843,1.427035,0.252504,2.6850755,0.0,2.4324558,0.0,0.42682505,0.3239824,2.3779655,1.910189,0.62475336,0.31666917,1.0850852,0.0,0.0,2.4737508,0.0,0.93579006,0.0,1.6188653,0.0,0.0,1.8669872,1.4748181,2.523256,0.0,0.0,0.0,0.9866017,2.7794662,0.0,0.0,2.6375751,0.0,0.9945967,1.6145177,0.0,1.2192695,0.0,0.9558639,0.0,0.16395737,1.4174006,0.0,0.68497777,1.3386155,2.8818254,0.22462513,1.7368096,0.9970225,0.0,0.5511504,1.8322119,2.069817,0.0,1.2003186,1.434213,0.32741386,0.3277982,2.0198624,0.43607476,0.81368995,0.3110424,0.0,0.0,2.2631903,0.0,0.07836161,0.0,0.110171124,0.0,0.0,0.0,0.13181813,0.0,0.0,0.0,0.0,0.0,2.5048966,1
0.0,0.0,2.4606478,2.5729907,0.8364558,0.8820434,0.9312487,0.19267674,0.46869597,0.7477724,0.0,0.0500023,0.5967556,0.0,0.7551145,0.0,2.2019923,0.0,0.7866162,0.62581986,0.22863346,0.0,0.0,0.012572041,0.14684872,0.0,0.06806911,0.47670698,0.0,0.0,0.0,1.9430172,1.2211668,0.0,0.0,2.202091,0.0,0.0,1.9581528,0.36355442,1.6196142,1.635291,0.47894365,1.2243795,1.9595543,0.14677045,1.8358251,0.0,0.42518318,0.0,1.7425138,0.0,1.1320665,0.0,0.0,0.0,3.6909585,1.8524418,0.96549535,2.4461634,1.2622596,0.4735548,0.0,2.8453848,0.0,1.0106272,0.14944686,1.8529675,0.0,0.0,1.1948512,0.5280054,1.5536294,0.016768454,0.0,0.0,0.0,1.7180045,1.6218932,1.4681085,0.97715104,0.0,1.4116442,0.0,0.0,0.034275446,0.0,0.2561572,0.0,1.8829203,0.46288958,0.0,0.0,0.46361417,1.0198977,0.5409913,1.9992847,2.058473,0.0,1.4195346,1.5185531,0.5717534,0.0,0.5922094,1.1770589,0.0,0.0,0.47072104,0.08777579,1.6840223,1.2998023,0.0,0.0,0.86467457,0.7097014,0.32749525,0.0,0.62043834,0.0,0.0,0.36327183,1.0350277,0.0,0.56495035,0.0,0.0,0.0,1.8450578,0
0.0,0.0,2.3366842,0.24093595,1.0419061,0.0,1.4376329,0.0,0.70438564,1.1068741,0.0,0.0,0.0,0.0,0.46891335,0.0,3.1246152,0.0,1.0756061,0.0,0.0,0.0,0.0,0.0,2.5468683,0.12841575,0.0,2.6850843,0.03087235,0.6147607,1.4926345,2.245757,1.2698814,0.0,1.2131968,0.98583144,0.0,0.0,0.8315431,4.3426113,1.9226326,0.33750087,0.0,0.0,1.0012778,0.0,2.106263,0.0,0.2744425,0.02708441,0.21019484,0.06980388,0.0,0.0,0.94430745,0.73939204,1.3549849,0.0,0.22802149,2.0735884,0.0,1.395116,0.0,1.1868573,0.0,0.4467332,0.21395685,1.1640769,0.0,0.0,0.30788806,1.859686,0.0,0.28776023,0.0,0.0,0.0,0.49135476,0.9095274,0.0,2.0895858,0.0,1.6600378,1.4723852,0.0,1.809348,0.0,0.0,0.0,2.1398542,1.2625282,0.118053675,1.1242543,1.774724,0.64328885,1.1910708,0.09481412,0.45784235,0.0,1.4593323,1.0730662,0.0,0.0,2.487544,0.9855335,0.8206055,0.0,1.6264895,0.0,0.7172693,0.5203282,0.0,0.0,1.1101007,0.047254015,2.1682754,0.0,0.0,0.0,0.0,0.0,0.0,0.0,0.0,0.0,0.0,0.0,1.2659879,0
0.0,0.0,2.1489294,0.11671134,0.5034108,1.5381237,0.6181484,0.0,1.1708628,1.1422869,0.0,0.0,0.0,0.0,0.57830673,0.0,0.4747591,0.0,1.2385465,0.0,0.23386967,0.0,0.020108886,0.0,1.2268162,0.0,0.0,0.9874531,0.08973778,0.881601,1.6903133,0.7855505,1.1228099,0.0,0.0,1.6618395,0.3419994,0.6605806,1.671293,1.3435887,1.019169,1.2042785,0.0,1.2723006,0.24309671,0.0,2.1256516,0.0,0.89460593,0.0,1.3925557,0.0,3.1006217,0.0,0.15357703,0.9168618,2.248053,3.2193735,2.569598,0.34852725,1.0570681,1.0383815,0.0,2.679972,0.14688633,2.8907218,0.0,0.83893174,1.0737029,0.0,2.3359993,0.35769537,3.208844,0.0,0.0,0.0,0.0,1.9674002,0.5778054,0.43126625,1.7097275,0.0,1.8125263,1.9554205,1.7682029,0.4825005,0.0,1.2238182,0.0,1.0105903,0.20487347,0.009190796,0.47475815,0.8399904,1.8096565,0.0,3.026709,0.074455865,0.0,0.0,1.3549503,3.3332965,0.0,0.0,1.2088977,0.0,0.0,1.3527533,1.4396534,1.8730235,1.7179006,0.0,0.0,2.1715674,0.1717585,0.0,0.0,0.0,0.0,0.0,0.0,0.9202358,0.0,0.0,0.0,1.1065029,0.0,2.6201832,1
0.0,0.0,0.56911784,0.949517,0.26433635,1.2151374,0.71928287,0.0,2.3998296,0.7687216,0.0,0.0,0.78061575,0.073040724,1.9785368,0.0,0.8816017,0.0,0.0,0.44747558,0.0,0.0,0.0,0.0,1.4627028,0.0,0.0,0.9595375,0.0,1.9848297,0.4152044,1.083587,2.0085523,0.0,0.6740873,2.2248142,0.0,0.3437147,2.73458,1.1156256,1.0894891,0.7560449,0.7351648,0.89909136,0.0,0.0,1.9776068,0.0,1.6649424,0.0,1.8686473,0.2789981,1.5345197,0.0,0.042509515,0.29960454,2.2691092,1.8260754,1.1927179,0.8480868,1.1218784,0.84264874,0.0,2.8754244,0.0,2.3556738,0.0,0.3890492,0.15796341,0.0,1.9125912,1.1599355,2.2724144,0.0,0.0,0.0,0.7100348,3.1144495,0.10583306,0.5179727,1.6457485,0.0,0.42510566,1.5176954,0.21460903,0.8902417,0.0,0.5551588,0.0,0.0,1.5653173,0.0,0.32568005,1.150213,2.5038867,0.0,2.1664984,1.2849368,0.5881607,0.016005741,2.5715518,2.2678144,0.098744765,0.77095556,0.9309488,0.7056564,0.31807524,1.9015373,0.12469081,0.2712071,0.25451618,0.0,0.0,2.4557781,0.0,0.3011482,0.0,0.0,0.0,0.0,0.0,0.53120023,0.0,0.0,0.0,0.63143784,0.0,2.6266572,1
0.0,0.0,1.3214816,0.15827653,0.0,1.0633051,0.50242543,0.0,1.9678006,1.3245136,0.0,0.0,0.27781025,0.0,1.4902539,0.0,1.8942562,0.0,0.0,0.9957232,0.0,0.0,0.0,0.0,1.0763174,0.0,0.0,1.5859902,0.0,1.0982664,0.5613878,1.329027,1.0827658,0.0,0.05278197,1.8565253,0.0,0.0,2.8179677,1.5216221,0.8013084,0.0,0.4891724,1.7425009,0.7464741,0.0,1.8805948,0.0,2.1741772,0.0,2.1673872,0.0,2.671727,0.0,0.021496775,0.33605695,1.8918395,2.386673,1.6170895,0.0,1.0919826,1.1577305,0.0,2.510209,0.0,1.8557997,0.0,0.7868289,0.0,0.0,1.6109766,0.34956652,2.3470747,0.0,0.08368253,0.0,0.0,2.0344272,0.0,0.0,1.9566867,0.0,0.31538522,2.7017066,1.0148079,0.0,0.0,1.4918188,0.0,0.52363956,2.3704262,0.18831456,0.66391706,1.321934,1.9187825,0.0,2.6358237,1.3979892,0.0,0.84374136,1.9491128,2.4731207,0.67225355,1.2313304,1.3009329,0.019712878,0.19138192,1.9517862,0.0,1.6757121,0.0,0.23539044,0.0,2.05553,0.0,0.0,0.0,0.0,0.0,0.0,0.0,1.3504778,0.0,0.17116846,0.0,0.0,0.0,2.8866322,1
0.0,0.0,2.0638778,0.032269202,0.15415058,1.4542636,0.3806275,0.0,2.7433145,1.0257659,0.0,0.3377339,0.0,0.0,1.8930206,0.0,2.0537167,0.0,0.21107943,0.38139883,0.0,0.0,0.277507,0.0,1.0610021,0.0,0.0,0.5724785,0.24588025,1.7675965,0.8228311,1.6707464,1.949692,0.0,0.39048433,1.6842648,0.19834585,0.07683054,1.5535473,2.0595567,1.2301596,1.9382697,0.0,1.2292839,0.0,0.0,2.2335835,0.0,0.9363121,0.0,1.2179811,0.0,1.9495978,0.0,0.43783116,1.2412293,1.9542718,1.5939826,1.1742975,0.84755045,0.9724971,1.0234679,0.0,3.1374817,0.0,1.2015835,0.0,1.8223898,0.0,0.0,0.31258336,1.862788,2.9321373,0.0,0.0,0.0,0.0,2.5266402,0.0,0.0,2.1595292,0.0,2.8568804,1.1217918,0.5184286,1.3916299,0.0,0.21205668,0.0,1.0246549,1.1151568,0.0,0.64334035,1.6238303,2.0160913,0.0,2.373851,0.7684104,0.0,0.6026126,1.75347,1.8808006,0.12856369,0.37063235,2.2548013,1.759323,0.04197671,1.5890666,0.41024852,1.7712207,0.65538865,0.41752636,0.0,1.8066112,0.30981192,0.32399824,0.0,0.0,0.0,0.0,0.0,0.66175646,0.0,0.0,0.0,0.82900614,0.0,1.5257015,1
0.0,0.32061592,1.9326183,0.0,0.0,1.9852567,0.10030567,0.72493374,2.3896155,0.4242393,0.0,0.6076186,1.9802731,0.0,1.8283082,0.0,1.5548133,0.0,1.4164288,1.0461967,1.8939737,0.0,0.0,0.0,0.73812985,0.47172815,1.3895206,1.4510124,0.0,1.7110612,0.0,0.0,1.2453986,0.0,0.1577619,0.42165723,0.0,0.0,3.204171,0.44411525,0.012425019,0.0,1.1005393,2.1221404,0.0,0.0,0.7117986,0.0,1.9212903,0.0,0.43164292,0.0,1.6552532,0.0,0.53008777,0.0,1.8465204,1.527804,1.6421357,0.07841254,0.6231177,0.0,0.0,2.4072614,0.0,0.0,0.0,0.0,0.0,0.057090055,2.3755295,2.4524498,3.069617,0.0,0.0,0.0,0.0,2.2158527,0.5881237,0.0,0.0,0.0,0.0,1.0409701,0.0,0.7846014,0.0,1.3209113,1.023467,0.25372025,1.6425216,0.7204845,0.0,2.2907012,1.3964785,1.0189857,0.0,0.0,0.0,0.086441144,1.0635263,2.0493476,0.0,4.4047956,0.0,0.40344533,0.0,0.8710275,0.0,1.2794483,0.0,0.031050043,0.0,0.368287,0.0,0.0,0.0,0.0,0.0,0.0,0.30475277,0.0,0.0,0.0,0.0,0.03956731,0.0,2.764623,1
0.0,0.0,0.8494034,0.0,0.78529626,0.89870256,0.0,0.0,2.002744,1.4501057,0.0,0.0,0.13441305,0.0,0.9755784,0.0,0.0,0.0,1.3003247,1.4220774,1.5252314,0.0,0.0,0.0,0.822199,0.0,1.1939489,0.0,0.2838897,1.6871009,1.2727412,2.5380557,1.3498666,0.0,0.5042495,2.2886038,0.07746501,0.038744844,2.9648678,0.8322721,0.0,0.0,0.59565705,1.132016,0.0,0.0,2.2082384,0.0,1.6896111,0.8662013,0.8902205,0.08741744,2.714039,0.0,0.32093287,0.0,1.960796,1.1730748,4.230399,0.0,2.348318,0.6769248,0.0,2.5555427,0.0,1.4585768,0.0,1.9556725,0.0,0.0,2.1230137,0.96764,1.8115137,0.8013128,0.0,0.0,0.0,2.1654725,1.400728,1.2872994,1.5862805,0.0,0.78644204,1.8489835,0.5924044,1.3964001,0.6718134,0.0,0.0,0.23163666,0.0,0.0,0.5027057,0.93392646,1.5979546,0.0,1.8739499,1.644526,0.0,0.124746725,2.427115,0.95252943,0.3130722,0.20572779,0.4885607,0.0,1.1372716,1.0516948,0.38585132,0.0,0.46016863,0.0,0.0,0.0,0.0,0.0,0.0,1.1322513,0.0,0.0,0.0,0.0,0.19987758,1.1016921,0.0,0.0,0.0,3.2080088,1
0.0,0.6728204,1.5702721,1.4842235,0.505973,1.3784297,0.3576504,0.0,2.4743245,0.60372853,0.0,1.3783448,0.6014262,0.0,0.28552166,0.0,1.0863038,0.0,0.8982193,1.3871428,0.4540469,0.0,0.0,0.0,0.9937005,0.0,0.0,1.0561972,0.6715459,0.75802374,0.029625185,1.0991381,1.4423177,0.0,0.38370794,1.937497,1.557341,0.0,2.1118383,1.2886324,0.0,0.0,0.9233732,0.0,0.35046384,0.0,2.2181404,0.0,1.7943953,0.0,0.8270648,0.0,2.4391606,0.0,0.24550949,0.032141063,1.6048982,1.0970526,3.213891,1.1285228,0.8205545,1.4108721,0.0,2.3577175,0.0,0.92273724,0.0,2.0476081,0.0,0.0,1.6896517,2.6189566,3.7187083,0.0,0.0,0.0,0.0,3.5738528,1.2190443,2.1059594,1.2030681,0.0,1.0890573,1.4911559,0.0,0.3731241,0.0,0.0,0.0,0.7694707,0.29239666,0.0,0.0,0.61987096,1.3437134,0.07177677,1.4289198,1.1605488,0.0,1.1056496,1.147011,1.5869553,0.833161,0.32729733,1.426584,0.72058946,0.27398977,1.960759,2.6314359,1.2449493,0.76279575,0.0,0.0,0.45185968,0.7542346,0.22773203,0.0,0.0,0.0,0.0,0.0,0.0,0.0,0.224555,0.0,0.0,0.0,1.5740144,1
0.0,0.0,2.3159952,0.88139224,0.0,2.0368514,0.0,0.0,1.7622147,1.4993244,0.0,0.99723935,2.0143375,0.0,1.5160339,0.0,0.6181117,0.0,1.7743542,0.5774126,1.6456743,0.0,0.0,0.5204228,0.8365929,0.5822041,0.6227908,0.6156846,0.38332093,1.1375573,0.0,0.0,1.254489,0.0,0.0,1.8936286,0.0,0.0,2.3018146,0.6381104,0.6410009,0.8848652,1.4234091,2.908466,0.3200957,0.0,1.8166518,0.0,2.0995553,0.0,1.5119314,0.0,2.2164032,0.0,0.26064372,0.0,2.3390121,2.4659398,1.1792817,0.8627746,1.4072242,0.0,0.0,3.6036937,0.0,0.31951523,0.0,0.0,0.0,0.0,1.9740882,1.4961277,3.2741978,0.0,0.0,0.0,0.0,3.1643531,1.2004344,0.44389716,1.0948466,0.0,0.013310746,1.8043349,0.0,0.0,0.14875457,0.21554784,1.0167435,0.483233,0.9444626,0.056037426,0.0,0.40702096,1.4141341,0.0,0.6419912,1.2256304,0.9446231,0.28403407,0.64440215,2.2331526,0.0,2.7175226,0.8283926,1.1718217,0.08313458,0.12363575,1.3104327,1.8709269,0.0,0.0,0.0,1.4728516,0.14543585,0.0,0.0,0.59220487,0.0,0.0,1.7005771,0.0,0.0,0.0,0.0,0.115548216,0.0,1.8568577,1
0.0,0.0,1.0204928,1.7128849,0.31409928,0.28878227,0.79336363,0.0,2.2148755,1.9530381,0.0,0.4284585,0.44040677,0.0,0.88514763,0.0,1.0106826,0.0,1.4729061,0.043802608,0.4723332,0.0,0.0,0.0,0.29078394,0.0,0.0,0.68679863,0.0,1.8788823,0.70565945,0.05132855,0.28141475,0.0,0.0,1.1623005,0.0,0.77636796,2.6381588,1.0840586,0.0,1.4345351,0.0,0.7930391,0.0,0.0,1.7741591,0.0,2.252059,0.66848236,0.619019,0.0,2.0451877,0.0,0.8021969,0.0,2.1855803,1.6705297,2.692917,0.77215445,2.5843272,0.65802383,0.0,2.8505642,0.0,0.2586305,0.0,0.0,0.36209443,0.0,0.5138364,0.70762014,2.4951308,0.0,0.13889214,0.0,0.0,3.5239854,0.0,0.027559523,1.9476279,0.0,0.9287881,2.1256373,0.9570822,0.0,0.0,0.0,0.0,0.8886034,0.98117495,0.0,1.063126,0.20674948,0.06917176,0.0,1.6796216,0.70845693,0.0,0.0,2.7655735,1.7976434,0.0,0.58280927,0.27976122,0.0444154,0.0,1.3581692,0.7425241,0.77002865,0.040766876,0.0,0.0,1.2590679,1.2827352,0.0,0.0,0.7138544,0.0,0.0,0.7577052,0.39002052,0.0,0.0,0.0,0.0,0.0,1.282575,1
0.18720302,0.0,2.3325784,1.3894191,1.1228676,2.6596408,0.0,0.0,2.9819272,2.3033347,0.0,0.22960505,1.3880845,0.0,2.3714051,0.0,0.0,0.0,2.2023005,0.04157229,1.5272647,0.0,0.0,0.652401,0.69750845,0.0,0.0,1.2356513,0.39530966,1.5463424,0.85719836,0.0,0.26594788,0.0,0.32246003,0.15565655,0.0,0.0,2.6974008,0.8559058,0.49973735,1.1449279,0.7283471,2.980759,0.0,0.076768674,2.5835574,0.0,2.34377,0.0,0.74660707,0.0,2.5412548,0.0,0.0,0.0,3.7768595,2.5162222,2.1394339,0.036269363,1.4847667,0.0,0.0,5.418335,0.0,0.0,0.0,0.0,0.6580267,0.0,1.8093508,0.08769323,2.4507096,0.0,0.0,0.0,0.0,1.3565348,0.7116808,0.0,1.9162295,0.0,1.5867097,1.3737694,0.9316993,0.0,0.05046764,1.5643425,0.35478598,0.0,1.3956373,0.16876042,0.09715568,1.1693603,1.2591401,0.0,1.2828918,0.54446554,0.0,0.0,2.221755,1.359525,0.8542376,1.8483713,0.1891592,0.0,0.17473759,1.7252946,0.43365276,1.025581,0.0,0.0,0.0,1.4360659,0.2126354,0.0,0.0,0.25025114,0.0,0.0,0.0,0.755845,0.0,0.0,0.0,0.07478901,0.0,1.7325836,1
0.0,0.8585349,1.2528721,0.8960676,0.32197875,1.2627215,0.0,0.0,0.6954614,0.5832119,0.0,0.14908965,0.25451985,0.0,1.0507365,0.0,1.7113672,0.0,0.5608284,0.0,0.29899755,0.0,0.0,0.0,0.16944878,0.0,0.0,1.8685645,0.0,2.7861047,0.6911451,0.0,0.0,0.0,0.0,0.49591547,1.2640238,0.6690205,2.2279267,0.44852194,0.30592185,0.25084096,0.66786903,2.554287,0.0,0.0,1.9099989,0.0,0.63076437,1.2388817,0.44911838,0.0,2.835201,0.0,0.4903923,0.0,2.115559,1.8101625,1.2567024,0.53731894,1.7403219,0.1896141,0.0,3.1681068,0.0,1.6603543,0.0,0.0,1.8402843,0.0,0.9303565,1.056258,1.311434,0.19491284,0.0,0.0,0.0,3.3395174,0.0,0.88700247,1.5253628,0.0,1.1428963,1.0536404,1.5462102,0.0,0.0,1.0869851,0.0,1.7266619,0.46756545,0.0,0.57984626,0.56463164,0.809438,0.0,2.7983227,1.0802531,0.0,0.0,2.2258682,2.779557,0.80871004,0.0,0.0,0.0,0.5768945,1.413793,0.09053879,0.0,0.57073545,0.5458441,0.0,1.2219392,0.75480086,0.0,0.0,0.25707242,0.0,0.0,0.0,1.501586,0.24752213,0.0,0.0,0.6845371,0.0,0.5715052,1
0.0,0.0,2.3845344,0.0,0.8830888,1.2206649,0.0,0.0,1.4651085,0.4201787,0.0,0.54864955,0.0,0.0,1.0707593,0.0,2.273224,0.0,2.0140955,0.07335885,0.1508897,0.0,0.0,0.0,1.1144994,0.0,0.0,0.19876331,1.213632,1.7397511,0.0,0.6651869,0.6795369,0.0,0.8950892,1.966436,1.6604031,0.0,4.1803856,1.0229218,0.49550658,0.57937646,0.8762755,0.035879143,1.5012207,0.0,0.57244027,0.0,2.083559,0.0,0.0,0.0,2.6019452,0.0,0.0,0.08674801,1.8701093,0.0,1.1976879,1.5012332,1.9221606,1.5894301,0.0,2.6754618,0.0,1.2857989,0.0,1.4216256,0.0,0.0,0.88134104,2.2687278,1.4076395,0.18768708,0.0,0.0,0.0,1.4245052,0.955676,2.711149,2.8132584,0.0,1.1537696,1.951016,0.0,0.8703134,0.0,0.13801692,0.0,0.46446753,0.1683597,0.0,1.6411345,1.9061892,0.26524755,0.0,3.2120588,0.24205007,0.0,1.0480855,2.3133993,0.06893599,0.90472925,1.5465125,1.626728,0.0,2.0629697,2.09866,0.0,0.0,0.0,0.82124436,0.0,2.4175353,0.0,0.0,0.0,0.0,0.0,0.0,0.0,0.32140332,0.0,0.0,0.0,0.0,0.0,1.5000838,1
0.0,0.91516626,0.7642505,0.3543845,0.0,1.6814448,0.45200846,0.0,1.2357002,0.31236574,0.0,0.744674,0.0,0.45125327,1.4389005,0.0,1.6358727,0.0,0.3222201,0.0,0.028736588,0.0,0.835521,0.0,0.112675175,0.0,0.0,2.140116,0.0,2.837712,0.9893466,0.39612114,0.11636254,0.0,0.0,0.52890366,0.5914965,0.098326005,2.3520184,0.5654345,0.5931693,0.23127203,1.1830621,1.6419417,0.0,0.0,2.076316,0.0,1.1417038,0.81343055,0.98805666,0.0,2.2434528,0.0,0.3386407,0.0,2.2736838,1.8212909,1.1341335,0.49176058,3.1244228,0.0,0.0,2.908541,0.0,1.6598936,0.0,0.29747632,1.2827795,0.0,1.2511882,1.4417372,2.5623286,0.0,0.0,0.0,0.0,1.9147507,0.709002,0.27634245,1.0506109,0.0,1.5313634,1.679478,1.8388927,0.31342277,0.0,0.8808672,0.0,0.6527717,1.5354952,0.0,0.65611213,0.0,0.9108471,0.0,2.5482306,0.6792804,0.0,0.0,2.2849908,2.4182293,0.17972837,0.0,0.10669682,0.0,0.00040011364,0.62416345,0.2846292,0.74405754,0.69166154,0.5626899,0.0,0.9737992,0.5102828,0.0,0.0,0.5150423,0.0,0.0,0.0,1.5380816,0.42432597,0.31217253,0.0,1.5134745,0.0,0.4277749,1
0.0,0.72576565,1.3373647,1.5517769,0.44950446,0.9593658,0.2844426,0.096210554,0.91871774,0.29828486,0.0,0.51482624,0.030541789,0.0,1.2678658,0.0,2.4364495,0.0,0.99627703,0.34580648,0.36729974,0.0,0.0,0.0,0.0,0.0,0.0,1.5689356,0.0,2.1970668,0.31615996,0.50539,0.0,0.0,0.5511407,1.3915269,1.5677212,0.0,2.4818687,0.9572456,0.33381832,0.0,0.74418503,1.3476168,0.0,0.0,2.2613592,0.0,2.4731984,1.0614876,0.8549983,0.0,3.340327,0.0,0.97456354,0.0,2.651556,1.864998,1.813269,0.16188943,3.1922,0.0,0.0,3.4605956,0.0,0.9281727,0.0,1.5418408,0.70559144,0.0,1.036028,0.53641474,2.5626202,0.0,0.0,0.0,0.0,2.766586,0.78752613,0.21602964,1.6908616,0.0,2.0347686,1.2056642,1.4382564,0.47020343,0.0,0.5620726,0.0,0.6897432,0.24280167,0.0,0.0,0.12748925,1.514192,0.0,2.8897383,1.0293666,0.0,0.0,1.47069,1.7132978,0.0051503032,0.0,0.2607822,0.3752097,0.9139395,1.1307544,0.8965152,0.9819337,0.56584793,0.5257126,0.0,1.0788274,0.827651,0.0,0.0,0.18435334,0.0,0.0,0.0,1.4886644,0.92184305,0.0,0.0,0.58316547,0.0,1.1173633,1
0.0,0.37560597,0.4292262,0.680259,0.49393,1.5921518,0.6886848,0.0,1.6770058,1.2068375,0.0,0.6491065,0.30495635,0.31512034,1.2894504,0.0,1.3332921,0.0,0.49664918,0.0,0.07446974,0.0,0.5914149,0.0,0.44321302,0.0,0.0,2.123855,0.0,2.5778189,1.511903,0.51728714,0.6327415,0.0,0.13078746,1.0517539,0.5496046,0.9134456,2.8134763,0.5644432,0.02797027,0.57659703,0.9823585,1.684021,0.0,0.0,1.8880918,0.0,0.8915625,1.0774684,0.8647618,0.0,2.8388145,0.0,0.44793302,0.0,2.0174725,1.7756506,1.8712941,0.56084985,2.6445076,0.59827447,0.0,2.795384,0.22437276,2.1613674,0.0,0.18405347,1.2140646,0.0,1.3061135,1.0689545,2.1678193,0.0,0.25736946,0.0,0.0,2.2453744,0.512889,1.4037446,1.1926864,0.0,0.9641342,2.252941,1.1100131,0.513843,0.0,0.8473197,0.0,0.8791684,0.763835,0.0,0.14273243,0.0,0.56923944,0.0,2.3279252,0.8538939,0.0,0.0,3.1922073,2.0805597,0.4793565,0.0,0.616307,0.45312548,0.34542105,0.60723203,1.0265472,0.911585,0.7772307,0.17733057,0.0,1.6947311,0.11302495,0.0,0.0,0.17567764,0.0,0.0,0.0,1.6321764,0.16594626,0.43333685,0.0,0.9071745,0.0,1.185875,1
0.0,0.27432922,0.9704235,0.8186012,0.0,0.08107038,0.6960892,0.0,1.4881415,0.21015625,0.0,0.723548,0.0018098771,1.4739214,1.3770237,0.0,3.5172083,0.0,1.346903,0.7461367,0.12759426,0.0,0.0,0.0,1.2100511,0.2225724,0.0,1.6199769,0.0,0.9414421,0.0938533,0.015197945,1.2401856,0.0,0.0,0.63301265,0.31976944,1.0490783,1.586654,2.9990978,1.8488919,1.1626045,0.5197167,0.588641,0.68419915,0.1472275,3.171578,0.0,0.2825905,0.68065786,0.7089159,0.0,1.1911495,0.0,0.0,0.44534448,1.0448229,0.26232114,0.51560545,0.7636516,0.066376954,1.8918084,0.0,1.5837235,0.0,2.1015174,0.0,2.3480535,0.0,0.0,1.7768267,2.5219862,2.2385774,0.0,0.0,0.0,0.6953336,0.7915904,1.5448362,0.7096435,0.87142813,0.0,3.0594008,0.6752673,0.5065813,1.3026056,0.37442207,0.0,0.26465312,1.1598876,0.7262934,0.0,0.0,1.9621191,2.1072104,0.0,1.1582867,1.3312277,0.0,1.5936525,0.0,1.5649189,0.0,0.53303665,1.6100534,0.76041144,0.0,3.7207637,0.58906317,2.2028809,0.9157634,0.0,0.0,0.59146595,1.3997838,0.0,0.0,0.0,0.0,0.0,0.0,0.2893717,0.0,0.0,0.0,0.0,0.0,1.5420257,1
0.0,0.0,2.3787496,0.58554,0.6874352,1.8868333,0.363113,0.0,1.4447863,1.6081139,0.0,0.0,0.68448293,0.0,1.6435217,0.0,0.76492655,0.0,0.011690451,0.88806254,0.91613966,0.0,0.0,0.0,0.0,0.0,0.0,0.7581969,0.1445874,0.07666314,0.5592997,1.2733921,1.5094323,0.0,0.0,1.6787888,0.0,0.08852837,2.2848618,0.98212457,1.2850541,2.2672317,0.15436155,0.0,0.0,0.0,2.0939498,0.0,2.1878135,0.0,1.881655,0.0,1.9438514,0.0,0.05633423,1.1341343,2.0461514,1.9825027,1.629828,0.36098862,1.228274,0.62336534,0.0,3.1071582,0.0,0.77693665,0.0,0.43512198,0.08550653,0.0,2.0894165,0.329024,1.8725567,0.0,0.0,0.0,0.0,1.7647899,0.7110647,0.0,2.8879504,0.0,1.7465401,1.8183669,0.8689786,0.44562566,0.97193515,1.7871338,0.0,0.67936367,1.7383401,0.0,0.6353878,0.73669076,2.3169844,0.0,3.092682,0.53461874,0.0,0.38528085,2.4976935,1.2614648,0.0,0.13233493,1.1846758,0.47258323,0.0,2.2466698,0.0,2.1069715,0.48944423,0.09699388,0.0,2.7137768,0.5180978,0.43509492,0.0,0.0,0.0,0.0,0.0,0.36479452,0.0,0.0,0.0,0.93779355,0.0,2.0390823,1
0.0,0.3376932,2.026875,0.8134595,0.0,1.2841507,0.0,0.0,0.8217411,0.9969407,0.0,0.0,0.023993324,0.0,1.8826779,0.0,1.2063855,0.0,1.7206612,0.0,0.24772692,0.0,0.30561844,0.0,0.76775414,0.0,0.0,1.6820064,0.0,1.1702363,0.5755989,0.31864214,1.3614216,0.0,0.0,1.4661044,0.0,0.84556764,2.222866,1.0183055,1.3707423,0.8691948,0.080222905,1.6960549,0.0,0.96794,1.8754988,0.0,1.2538083,0.22431013,1.2444476,0.0,2.1859791,0.0,0.2047935,0.9567611,2.2135348,2.1477919,1.3640583,1.0448188,2.1628795,0.49759907,0.0,3.254807,0.0,1.3121909,0.0,1.010842,0.7880484,0.0,2.2669446,0.62090737,2.7040155,0.0,0.0,0.0,0.0,2.868059,1.0500761,0.37913516,1.9754096,0.0,2.1482046,1.7572644,1.2288653,0.0,0.0,1.1329404,0.0,0.9500254,1.4449395,0.0,0.7806003,1.414341,1.6779822,0.0,3.0056906,0.0,0.0,0.0,0.79758084,2.4597027,0.04988794,0.07139649,0.56885505,0.0,0.0,1.4405452,0.70543116,1.4228265,0.83357996,0.52400786,0.0,1.126373,0.24106604,0.0,0.0,0.0,0.0,0.0,0.0,0.41135305,0.0,0.0,0.0,0.08209249,0.0,1.2428029,1
0.0,0.0,0.852478,0.3607888,0.91491854,1.9357742,1.3995377,0.0,2.8871367,1.8012279,0.0,0.0,0.76777905,0.0,0.896718,0.0,1.5268513,0.0,0.75951594,0.42198035,0.0,0.0,0.42844328,0.0,1.6561213,0.0,0.0,2.1774275,1.0923702,0.051368058,0.45046955,2.3152494,1.9870489,0.34888652,0.0,1.2196647,0.0,0.42510483,1.7441959,1.0728111,1.5724121,0.45888036,0.0,0.0,0.16550681,0.0,1.664768,0.0,1.8359379,0.0,1.6858631,0.0,2.2294185,0.0,0.0,0.0,3.1299129,2.5138361,3.0542827,0.38718274,1.0286616,0.40902066,0.0,2.6080387,0.0,1.2675995,0.0,1.6406102,0.15467641,0.0,2.3910282,0.0,3.0478714,0.0,0.0,0.0,0.0,1.6823868,0.31906903,0.012310509,0.7479015,0.04481595,0.0,1.9893124,0.5103031,1.1945636,0.0,1.3816273,0.0,0.8596661,1.0435452,0.25374854,0.6186839,0.70949113,1.2838155,0.0,2.332367,1.5811006,0.0,0.0,2.880105,1.8942486,0.6291544,0.72757244,0.63698107,1.8279064,0.0,0.8748028,0.09870034,2.4868517,1.0864638,0.0,0.0,2.7906005,0.04105835,0.0,0.0,1.5181137,0.0,0.0,0.0,1.8614924,0.0,0.0,0.0,0.009964188,0.0,1.9057584,1
0.0,0.0,1.6908095,0.24596241,0.46014142,2.240679,0.0,0.0,1.7451411,0.7198903,0.0,0.49364224,0.604455,0.0,1.7231585,0.0,0.8110482,0.0,1.4130083,0.8863277,0.9236755,0.0,0.0,0.43278748,0.80714214,0.0,0.0,0.79458153,0.3873469,0.8106899,0.0,1.395212,0.3524124,0.0,0.0,1.8001134,0.0,0.0,2.885724,0.50299364,0.0,0.20574336,0.98799163,2.0702684,0.0,0.0,1.4430397,0.0,1.8878704,0.0,1.560895,0.0,2.8130422,0.0,0.42936096,0.0732392,1.7719839,1.9874644,2.4396517,0.06618788,2.0878594,0.17013659,0.0,3.1964364,0.0,1.0852536,0.0,0.97921604,0.0,0.0,1.7434818,1.3588171,3.7451384,0.0,0.71502745,0.0,0.0,2.0056098,0.57478094,0.0,2.1974518,0.0,0.33633628,1.6471281,0.0,0.93647796,0.0,0.58576256,0.29242182,0.9191433,0.5849437,0.0,0.0,1.3266275,1.8611157,0.0,1.0771881,0.0,0.0,0.49299866,0.534135,0.7352867,0.57027274,3.2658954,1.8274689,0.84910756,0.0,1.5885794,0.9274951,0.91137344,0.13054399,0.0,0.0,0.1336634,1.0583264,0.0,0.0,0.3654732,0.0,0.0,0.0,0.0,0.0,1.062675,0.0,0.0,0.0,3.6643713,1
0.0,0.0,1.5564427,0.29706046,0.27849033,1.861457,1.7121224,0.0,1.9614819,1.7591196,0.0,0.8362098,1.2184553,1.0604728,0.83947265,0.0,1.4490397,0.0,2.4367838,0.0,0.0,0.0,0.0,0.0,0.9236033,0.0,0.0,2.0630383,0.0,0.39797992,0.9073284,0.0,1.9501966,0.0,0.0,1.25377,0.0,0.9582585,1.3600445,1.5093141,1.337064,0.65994483,0.81303585,1.8629414,0.0,0.43778512,2.7463477,0.0,0.8147555,0.0,1.6767275,0.0,1.4768503,0.0,0.24556832,0.0,2.003651,2.1131053,2.1430786,0.7938514,1.4339602,1.9767655,0.0,2.5227032,0.0,1.9888457,0.08498521,0.8721286,0.2627407,0.0,1.801116,0.9939202,2.4349287,0.0,0.0,0.0,0.0,2.238858,0.43806905,0.6146646,1.2849506,0.35474756,0.8757539,1.5493608,0.0,0.119770736,0.0,0.72402686,0.0,1.071112,1.4347477,0.0,1.3886617,0.6327238,1.446019,0.0,2.1872516,0.0,0.12868844,0.0,1.8667798,1.8655005,0.0,0.9999257,2.0400536,1.3374096,0.0,1.7304308,1.6150815,1.4198744,1.2003909,0.0,0.0,1.2220978,0.073061,0.0,0.0,0.49791694,0.0,0.0,0.7189466,0.024953412,0.0,0.04302843,0.0,0.8686404,0.0,1.8089217,1
0.0,0.0,1.4414546,0.34208807,0.43368843,1.4862211,0.28516015,0.23695393,2.0357506,1.4810886,0.0,1.5862107,0.7111683,0.0,0.0,0.0,0.37848425,0.0,1.6745573,0.0,1.3592645,0.0,0.0,0.0,0.8326751,0.0,0.0,0.0,0.0,1.9586205,0.21815278,0.6164908,2.4341753,0.021597292,0.0,2.6157944,0.4218707,0.297646,1.5817654,1.0754933,0.6951438,0.0,0.99997157,1.0663524,0.6490939,0.0,3.243706,0.0,1.5253214,0.83555,1.1265305,0.0,2.1932237,0.0,0.21994035,0.0,1.8654835,2.8996127,3.1157033,0.6994462,2.7905464,0.0,0.0,3.2546644,0.0,1.1162874,0.0,0.9824316,0.0,0.0,0.6938298,0.9513658,2.351856,0.3399805,0.0,0.0,0.0,1.6930053,2.1395233,1.2893909,1.8019227,0.0,0.589478,1.9030548,0.13437751,0.505512,0.0,0.0,0.0,0.0,0.8536255,0.0,0.0,0.5408136,1.5066687,0.0,1.1636556,0.15095384,0.382501,0.0,1.271242,1.3079484,0.0,1.6225461,0.87596637,0.6462834,0.0,1.0316411,1.7236421,0.57134116,1.7531657,0.0,0.0,0.0,1.2826409,0.0,0.0,2.0436354,0.0,0.0,0.0,0.0,0.0,0.7136856,0.0,0.0,0.0,1.9248883,1
0.0,0.0,2.2387905,1.5911341,0.87387246,2.3011498,0.35312462,0.0,2.0831392,0.3208206,0.0,0.0,0.04396796,0.0,1.7945673,0.0,1.3141611,0.0,1.1610726,0.44790766,0.0,0.0,0.0,0.0,0.48768094,0.0,0.0,0.9416427,0.48470804,0.9147474,0.22655262,0.102892,0.8528819,0.0,0.0,3.2335513,0.0,0.15740298,1.745247,1.0053229,0.8580196,1.5032889,0.73216134,1.4767419,0.0,0.0,1.8569705,0.0,0.8982921,0.0,1.3893471,0.0,2.9834547,0.0,0.0,1.3410025,3.296985,0.9978734,1.9684081,0.0,0.6055048,1.3521742,0.0,3.1374702,0.0,0.69239724,0.0,0.25935903,0.7782563,0.0,1.9119213,0.67897445,3.3409932,0.0,0.0,0.0,0.0,2.4148777,1.0978457,1.0445311,1.8373796,0.0,2.283335,1.6118944,1.0460497,0.58803177,0.0,1.0294915,0.0,1.9810219,0.6525441,0.0,0.439676,1.1625358,2.3678133,0.0,2.7632477,0.0,0.0,0.42966035,2.3233695,2.3921385,0.0,0.0,2.034333,0.0,0.1455704,2.1365905,1.0574436,1.8958697,0.7195233,0.0,0.0,2.0738,0.9468146,0.33119825,0.0,0.0,0.0,0.0,0.0,0.5219779,0.0,0.3207721,0.0,0.8773571,0.0,1.80822,1
0.0,0.0,3.0342524,1.3849648,0.41542414,2.0463161,0.90511566,0.0,2.4446752,1.5251734,0.0,0.46363828,1.2345879,0.0,1.7675072,0.0,0.93087584,0.0,1.6567551,0.46671405,0.6142717,0.0,0.0,0.0,0.31786355,0.0,0.0,2.3815818,0.05314351,0.6333211,1.0269531,0.7081064,0.055779967,0.06417268,1.3184545,1.6301963,0.009453788,0.0,1.5253766,1.1658201,0.68253124,0.64486015,5.339971e-07,1.7832742,0.0,0.0,2.0210931,0.0,2.0045292,0.0,0.0042053317,0.0,2.4891791,0.0,0.99265236,0.37064207,3.5332627,1.4575669,1.7990174,0.07607443,1.8058035,0.0,0.0,3.3371181,0.0,0.0,0.0,0.062069613,0.75202477,0.0,1.6147865,0.39459834,3.0513723,0.0,0.0,0.0,0.0,3.578004,0.5497544,0.98239094,3.146269,0.0,1.1872791,1.086946,0.17204633,0.04731137,0.0,1.0241987,0.0,0.72701204,1.6504552,0.0,0.99843264,0.55459225,1.7801601,0.0,2.629399,0.0,0.0,0.0,2.1039352,3.2979457,0.7942119,0.9663245,1.1580333,0.0,0.0,1.1748413,0.54757667,0.56971896,0.94942576,0.0,0.0,3.0381012,0.71728927,0.6906169,0.0,0.030056937,0.0,0.0,0.0,0.0,0.0,0.0,0.0,0.25560126,0.0,2.4251702,1
0.0,0.0,2.0768385,0.83830744,0.8847264,1.511094,0.4890246,0.0,1.4022306,1.0689386,0.0,0.0,0.38969055,0.0,1.1424685,0.0,1.5270143,0.0,0.15120383,1.1821299,0.0,0.0,0.0,0.0,0.3924804,0.17065062,0.0,1.554733,0.0,1.974006,0.0,1.9644263,0.0,0.0013358248,1.0739319,1.0905719,0.30039942,0.0,1.5889163,2.5600245,1.162814,1.691977,0.006543813,1.2663258,0.39459547,0.0,2.758742,0.0,2.4618473,0.0,1.1952891,0.24919026,2.0660408,0.0,0.537003,0.0,2.2171216,0.80962235,1.3396943,0.0,1.518281,0.00089149596,0.0,4.282477,0.0,0.6343921,0.0,0.03121974,0.6327579,0.0,0.9596952,1.833888,2.40476,0.0,0.0,0.0,0.0,1.7309035,1.0028075,0.37167233,1.863074,0.0,1.2408671,0.028105877,0.0,1.0564582,0.0,0.8639992,0.0,0.22224347,1.6329815,0.0,0.6963068,1.0856279,1.4268297,0.0,1.7843658,0.11120195,0.0,0.066068456,2.2189212,1.6326811,0.7041875,1.1453111,0.8719182,0.0,0.031889427,0.7977084,0.0,0.0,1.442316,0.0,0.0,2.3104515,0.43903565,0.6356117,0.0,0.67192006,0.0,0.0,0.0,0.7323651,0.0,0.0,0.0,0.0,0.0,2.6210215,1
0.0,1.182854,0.9026336,0.6716226,0.620703,1.2980927,0.37096524,0.0,0.34081092,0.8036013,0.0,0.13206838,0.0,0.0,0.17192999,0.0,4.4946704,0.0,2.1794236,0.0,0.0,0.0,0.15731713,0.0,1.2143973,0.0,0.0,0.11648458,0.36142707,0.29337776,0.737761,0.22628142,1.1442211,0.0,0.0,1.5666757,0.6206069,0.5501317,2.1866539,1.232325,0.0,0.0,1.5193993,0.09698997,0.7168607,0.27081892,2.261471,0.0,2.2053914,0.0,0.5287449,0.0,2.0627797,0.0,0.0,0.6180948,1.3178293,1.9582676,1.564268,0.81335944,2.7504392,1.255292,0.0,1.663564,0.0,1.5609316,0.0,1.4800193,0.0,0.0,0.6452623,2.3693922,1.6423662,0.0,0.0,0.0,0.0,1.0729564,1.060102,0.4149217,1.0184397,0.0,3.1684444,1.994123,1.1697081,0.0050429143,0.5321324,0.97232175,0.0,0.0,0.0,0.0,0.83758676,0.9448893,0.58218366,0.0,1.5876865,1.0135549,0.0,1.2604554,1.7846044,1.1250334,0.0,1.2396419,0.39498055,0.44094354,0.6625975,1.4643553,1.0705338,2.8802896,0.2829446,0.0,0.0,0.6669774,1.0655501,0.0,0.0,0.0,0.0,0.0,0.0,0.0,0.0,0.0,0.0,0.122889124,0.89620477,1.5288187,1
0.0,0.0,3.3791754,1.0772461,0.0,0.0,0.0,0.9306126,1.6823481,0.7002151,0.0,0.48862273,0.0,0.0,1.5966372,0.0,0.5298909,0.0,0.3098935,0.026462514,0.4569161,0.0,0.0,0.0,1.4384254,0.0,0.0,1.2643759,0.0,1.2989094,1.2259283,0.013595891,0.0,0.0,1.0831794,1.9002346,0.48085314,0.0,3.5015192,1.1165123,1.0102934,1.1949499,0.84731215,1.5984426,1.3702425,0.0,0.8977569,0.0,1.4815447,0.0,0.28697112,0.0,1.1838791,0.0,0.0,0.0,2.0904117,1.0018774,2.4680703,1.8012542,0.81357723,0.0,0.0,2.316508,0.45918044,0.69096136,0.0,0.9209078,0.08957681,0.0,0.0,1.5294713,0.24137858,0.0,0.0350306,0.0,0.0,2.0998304,1.7001165,0.42679328,2.7057652,0.0,0.26516414,1.2103223,0.0,0.51182777,0.08817434,0.0,0.0,1.1532053,1.2583511,0.0,0.8673049,0.0,0.63615936,0.45282874,1.2322254,0.7497313,0.0,1.3407896,1.7631859,1.2241619,1.0356206,0.77456236,0.33172497,0.0,0.5670534,0.09893481,0.0,0.9176102,0.0,0.0,0.005676514,1.3254253,0.0,0.0,0.0,0.36970723,0.0,0.0,0.0,0.0,0.0,0.0,0.0,0.0,0.0,1.5169958,1
0.0,0.57435477,0.0,0.0,0.6308434,0.0,0.03604501,0.0,0.5313158,2.032784,0.0,0.7438568,0.0,0.0,0.62110114,0.0,0.0,0.0,0.72219855,0.94920915,1.9939841,0.0,0.0,0.0,1.5022166,0.45470417,0.0,0.0,1.1579429,2.4944618,1.0103531,1.641012,1.7126029,0.0,1.2076206,0.9271654,0.43624395,0.7695843,1.2234826,1.3396883,0.0,0.0,0.0,1.7969949,0.0,0.0,1.450791,0.0,0.0,2.2486691,2.5339985,0.935375,0.9075423,0.0,0.73446316,0.0,0.0,1.1419992,3.602642,0.0,0.0,0.0,0.0,0.67032665,0.0,1.1473516,0.0,0.7910081,0.0,0.0,0.036431823,1.7175318,1.6802517,0.08639012,0.40004897,0.0,1.45258,3.0655725,0.3860234,1.4467869,1.6312264,0.0,2.011079,1.0253536,0.5061897,1.6148279,0.0,0.20612137,0.0,0.89337033,0.9536389,0.0,0.9977195,0.95438725,2.109566,0.0,1.4259256,0.61602706,0.32050928,0.0,1.8171175,0.94895905,0.0,0.23510347,1.2915686,1.2801398,0.5045737,1.5170596,0.0,0.0,0.38913062,0.0,0.0,0.4229857,0.4383679,0.0,0.0,0.53902805,0.0,0.0,0.0,0.0,1.5610352,0.0,0.062929854,0.44939283,0.0,1.2012404,1
0.0,0.0,1.4693193,0.17187509,0.0,0.6229871,0.8065631,0.0,2.363236,1.7713159,0.0,0.0,0.48702052,0.75914925,1.219131,0.0,0.7530221,0.0,0.27457196,1.9934797,0.0,0.0,0.0,0.0,2.5267282,0.0,1.6920754,1.2761899,0.0,0.0,1.0375051,1.1861626,2.1759474,0.0,0.0,2.3994138,0.0,0.62391484,2.2461152,2.949419,1.0948253,0.6856788,0.26744562,0.8169837,0.0,0.0,0.57585764,0.0,1.8110584,0.0,2.0308454,0.0,0.8697059,0.0,0.13374186,0.81880236,2.1271892,1.9406071,1.8989834,1.0398089,0.0,0.6554675,0.0,2.3396146,0.0,1.4820781,0.0,1.4783604,0.0,0.0,2.7042003,0.9235424,3.1018448,0.0,0.20343816,0.0,0.0,2.590994,1.0656656,0.0,1.8622543,0.0,1.0747403,1.4942482,0.41373953,0.39721408,0.0,0.0,0.0,0.009460699,1.4260267,0.0,0.45288354,1.0994008,2.0369751,0.0,2.1469736,0.7778727,0.0,0.3003019,0.69217026,2.8727784,0.0,1.1673536,2.1416943,0.7814365,0.0,1.9231532,0.6435851,2.0692985,0.4243752,0.0,0.0,0.15537746,0.0,0.0,0.0,0.21027963,0.0,0.0,0.0,0.99985427,0.0,0.0,0.0,0.0,0.103169665,2.5818272,1
0.0,0.7585769,1.7782576,0.0,0.23414019,0.26896754,0.44290358,0.0,2.302951,0.45035115,0.0,0.03725215,0.0,0.0,1.0842671,0.0,2.6566384,0.0,0.0,0.038399372,0.0,0.0,0.0,0.0,1.5108306,0.0,0.0,1.50193,0.5112409,0.8840461,0.0,2.166479,1.5071247,0.0,0.93470055,1.7294147,0.6067881,0.0,2.218732,1.8159938,0.88318586,0.651008,1.2166202,0.0,0.34865004,0.0,1.3895905,0.0,0.6428823,0.0,0.84723556,0.25410965,0.99894696,0.0,0.0,1.018641,1.3178147,0.90833694,0.8459174,0.60248184,0.5899313,0.76030546,0.0,1.1140505,0.0,0.31575933,0.0,1.5936422,0.0,0.0,0.26386747,2.21786,0.9349603,0.0,0.0,0.0,0.4066876,0.097715504,0.0,0.44738024,1.8561147,0.0,1.8897411,0.77178353,0.0,1.7692149,0.0,0.20418938,0.0,0.43147603,1.7522902,0.0,1.0263362,1.9085965,0.6933017,0.018482525,3.0078402,1.5343447,0.0,1.2942929,1.1802557,1.1085439,0.12621956,0.3432675,1.5616727,0.96201736,0.8086852,0.638993,0.0,0.30533457,0.26303595,0.0,0.0,1.8514489,0.25722018,1.7677168,0.0,0.0,0.0,0.0,0.0,0.12810631,0.0,0.0,0.0,0.24007602,0.0,0.687462,1
0.0,0.0,2.2236667,0.0,1.4819424,1.1446658,0.3479756,0.0,1.6253418,2.071455,0.0,0.44937304,1.4673616,0.0,1.823559,0.0,0.050615735,0.0,1.9316653,1.5141363,1.1506711,0.0,0.0,0.93719554,1.0795026,0.0,1.2549064,0.0,0.83871543,0.0,0.0,2.38876,1.5148876,0.0,0.0,2.1554909,0.0,0.0,2.03415,0.9826105,0.0,0.0,0.22824186,1.2542182,0.0,0.0,1.0269468,0.0,1.462533,0.0,2.0476189,0.0,2.7976854,0.0,0.33008632,0.0,2.5650475,1.7140381,2.6139705,0.0,1.6410632,0.0,0.0,2.3734944,0.0,0.492711,0.0,1.0580144,0.0,0.0,1.9038067,0.6109157,3.2330427,0.16550057,0.3046925,0.0,0.0,2.4898803,1.5383443,1.5522422,1.1002847,0.0,0.64332294,1.6936998,0.10560134,0.89977986,0.11233312,0.0,0.0,0.29715815,0.033531193,0.0,0.25531313,1.0672127,1.5196859,0.0,0.44021907,0.0,0.81926847,0.0,0.055883195,0.6337621,0.0,2.1544287,1.2701331,0.4408446,0.0,0.73628503,0.75286996,0.80045015,1.5788897,0.0,0.0,0.0,0.59618187,0.0,0.0,1.9149722,0.0,0.0,1.090483,0.0,0.0,0.0,0.0,0.0,0.0,2.02962,1
0.0,0.0,1.9663575,0.0,0.0,1.9356183,1.0612742,0.0,1.7899469,1.9224948,0.0,0.0,0.0,0.0,1.2264661,0.0,0.71852034,0.0,1.7173182,0.0,0.0,0.0,0.93813735,0.0,1.2499268,0.0,0.0,1.0918128,0.7241901,0.3828817,1.9133586,0.7270075,0.63424176,0.2074754,0.0,1.013909,0.0,0.0,1.4163568,1.341526,1.3943101,1.1445271,1.0995235,1.1592488,0.18000412,0.0,1.9312041,0.0,0.57918996,0.0,1.306262,0.0,1.6002263,0.0,0.0,1.6046885,2.7503762,3.6878839,1.8506745,1.1069825,2.0563443,1.0978836,0.0,3.3341966,0.0,1.5069772,0.0,0.0,0.0,0.0,2.9439998,0.0,1.9902905,0.0,0.0,0.0,0.0,1.9898604,1.0857667,0.28478682,1.7862868,0.0,1.8677257,1.3486315,2.083923,0.0,0.0,1.4174395,0.0,1.4937521,0.6454101,0.0,1.5399439,1.4231333,2.2041197,0.0,1.5561391,0.0,0.0,0.0,2.1080124,2.3289158,0.07161461,0.8917493,1.6806592,0.64093125,0.0,1.0000116,0.0,2.0732007,0.0,0.0,0.0,2.239897,0.28832212,0.0,0.0,0.0,0.0,0.0,0.0,0.0,0.0,0.0,0.0,0.21654154,0.743712,3.5405118,1
0.0,0.052133065,0.9518992,1.6223366,0.95152557,0.60368574,1.3085011,0.0,1.3936294,1.8088524,0.0,0.0,1.4386503,0.0,1.3906065,0.0,1.4024382,0.0,0.43414944,0.11417069,0.331936,0.0,0.0,0.0,1.2921219,0.0,0.0,1.2684493,0.0,0.8198719,0.5146311,0.5284202,1.5403434,0.0,0.0,2.1207268,0.09135784,0.6866403,1.6413672,1.0027125,1.0591214,1.6884309,0.0,0.101131715,0.0,0.0,1.9595323,0.0,0.84254247,0.0,1.1409254,0.0,2.809784,0.0,1.1707761,0.51777256,1.9287384,2.6572793,3.0255067,0.0,1.4555297,0.671855,0.0,1.6489918,0.0,1.0152347,0.0,0.71029943,0.9975576,0.0,1.8246255,0.0,2.5908155,0.0,0.0,0.0,0.0,1.3576926,0.20147842,0.0,2.0286376,0.0,0.5203656,1.7742019,0.5678863,0.7963567,0.0,1.7227311,0.0,0.768203,1.187657,0.0,0.7147361,0.7792264,0.75582,0.0,2.5429502,1.3426355,0.0,0.0,1.6372101,1.689528,0.0,0.5439584,1.5397419,0.08809121,0.0,0.9693219,0.8637024,1.6663089,1.1572404,0.0,0.0,2.7075675,0.30787182,0.0,0.0,0.28214845,0.0,0.0,0.0,0.88378245,0.0,0.0,0.0,0.6227511,0.0,1.0896436,1
0.0,0.0,2.161181,0.0,0.48967993,0.0,0.9123525,0.0,0.95845395,0.7107757,0.0,0.0,0.0,0.0,0.596218,0.0,1.2348983,0.0,1.7354316,0.68829656,0.10392546,0.0,0.0,0.0,1.4055463,0.0,0.7178735,0.4105705,0.0,0.0,0.45995867,0.3857913,2.1551614,0.0,0.7007157,1.0161653,0.0,1.3000631,1.934646,1.4139258,1.8846134,1.5869912,0.0,0.59513974,0.17247772,0.0,0.8339402,0.0,1.57472,0.0,0.71123576,0.0,1.8990155,0.0,0.15105174,0.27253366,1.494375,3.0279117,3.0178752,0.37811443,0.45940304,0.3179248,0.0,1.0332024,0.0,1.7999789,0.0,2.0460525,0.0,0.0,2.295437,0.17785826,3.3921592,1.0157882,0.017844956,0.0,0.0,0.48019385,0.59411347,0.08561397,2.3078587,0.0,1.3209996,1.6518154,0.0,0.0,0.44974566,1.2173632,0.0,1.3607125,0.0,0.0,0.7666005,0.399179,0.2386702,0.0,2.793149,2.579629,0.0,0.0,0.74292564,0.49281657,0.0,1.5078034,0.5404141,0.79485804,0.0,1.886661,0.4330628,2.8032598,0.49910662,0.0,0.0,2.0050733,0.0,0.0,0.0,0.53362006,0.0,0.0,0.055453632,0.48539785,0.0,0.0,0.0,0.82301104,0.0,1.0790387,1
0.0,0.0,0.5413587,0.0,0.4465038,0.99971867,0.0,0.0,1.6071889,0.9342168,0.0,0.0,0.066256806,0.1679785,0.717453,0.0,0.0,0.0,0.7953262,1.1316866,0.12293541,0.0,0.0,0.0,0.5390562,0.0,0.5052421,1.0597492,0.0,0.028600454,1.387315,1.0038868,1.4858564,0.0,0.0,1.889119,0.0,2.3834698,1.6905177,1.2305095,1.6515216,0.31237608,0.0,1.3807989,0.0,0.0,1.1155554,0.0,1.6752802,0.0,1.7411479,0.0,1.3030064,0.0,0.0,0.0,1.7251794,2.3437176,3.3339853,0.43119,0.75143397,0.69069284,0.0,1.5447634,0.0,1.6949835,0.0,1.5645928,0.0,0.0,2.2476008,0.310236,3.3427563,0.0,0.13586223,0.0,0.0,1.3160533,1.7425903,0.08731478,1.897412,0.0,0.7283529,1.8184454,0.5310592,0.07744631,0.07995397,0.8677373,0.0,0.59018135,0.8637542,0.0,0.8921709,0.65991104,1.452259,0.0,2.447152,2.0690687,0.26515806,0.0,1.1542988,1.5555309,0.78756994,0.9429585,1.5040294,1.1444693,0.0,1.2214752,1.1737789,1.8274293,0.0,0.0,0.0,0.5655084,0.7299309,0.0,0.0,1.1199929,0.0,0.0,0.0,0.6339398,0.0,0.0,0.0,0.27439877,0.2735433,1.7145673,1
0.0,0.0,3.208484,0.5654116,0.0,1.8382329,0.0,0.0,2.770193,2.006947,0.0,1.9956198,1.7256826,0.0,1.6558118,0.0,0.37808418,0.0,2.369849,0.5124388,0.8820431,0.0,0.0,0.0,0.47693285,0.0,0.0,1.4722656,1.4772843,0.33937714,0.55504227,0.18489863,0.050408904,0.0,0.112345904,1.9709667,0.0,0.0,2.70563,0.70698994,0.24528672,0.06783222,0.51048887,2.5281403,0.0,0.0,1.2202704,0.0,1.8214834,0.0,0.119576275,0.0,3.2379239,0.0,0.0,0.0,3.3760812,2.3923013,2.419124,0.16914651,1.9455388,0.0,0.0,3.4863272,0.21041112,0.0,0.0,0.81040186,0.0,0.0,1.2524805,1.3516706,3.2804694,0.0,0.33633965,0.0,0.0,2.576313,1.2778026,1.430895,1.9521112,0.0,0.8448837,1.8692405,0.0,0.0,0.73844796,0.7672823,0.17697702,0.37754518,1.7474968,0.47841918,0.28154367,0.7018159,0.9651953,0.0,1.7203518,0.0,0.0,0.0,1.7834177,1.6903342,0.0,2.3306541,0.96205366,0.23270221,0.086190015,0.24120794,0.76090366,2.5728912,0.0,0.0,0.0,1.8513728,0.0,0.0,0.0,0.47085968,0.0,0.0,1.1350199,0.0,0.0,0.0,0.0,0.0,0.0,3.648082,1
0.0,0.0,2.5253775,2.2614205,0.44093102,1.2690382,0.037451025,0.0,1.6723264,2.6396058,0.0,1.8072336,1.3208431,0.0,1.9699974,0.0,2.1295261,0.0,1.5256824,0.0,0.39571917,0.0,0.0,0.0,0.18584196,0.0,0.0,1.1500571,0.28067577,1.0666997,0.0,1.2869111,0.56175923,0.0,0.0,2.5994117,0.0,0.0,2.7992697,1.164482,0.0,0.5054966,0.7119852,0.9540299,0.0,0.0,2.399772,0.0,2.4830132,0.0,0.8561526,0.0,3.2964664,0.0,0.981944,0.0,4.0697927,1.5120555,2.209338,0.59278274,2.0501766,1.050709,0.0,3.5516574,0.0,0.48398936,0.0,1.2352496,0.0,0.0,1.2969208,0.57925254,3.3270633,0.0,0.0,0.0,0.0,2.659438,1.3192991,0.4415821,1.6856036,0.0,1.2852149,1.6286391,0.0,0.632417,0.0,1.0640439,0.0,1.7990851,1.8017035,0.0,0.5219814,1.0478258,0.5845628,0.0,2.0791874,0.14274956,0.0,0.49815437,2.6810842,1.9304345,0.0,1.3096075,0.21152556,0.7704364,0.0,0.09991301,0.9930406,1.8300252,0.7566894,0.0,0.0,1.0185502,0.9748108,0.41877258,0.0,0.0,0.0,0.0,0.41206324,0.0,0.0,0.0,0.0,0.028369626,0.0,3.3964164,1
0.0,0.0,1.3892448,0.9046511,0.0,1.0639662,0.0,0.0,1.65928,1.8152603,0.0,0.099597715,0.84328824,0.88089967,2.2858868,0.0,1.6023691,0.0,0.7848008,1.3918862,0.2558269,0.0,0.0,0.0,1.5008609,0.0,0.0,1.6377527,0.0,0.58190453,0.33648658,0.67903703,0.9981498,0.0,0.0,1.8954052,0.0,0.6719433,2.915322,1.0780838,1.6772178,0.9054772,0.35650414,1.3777907,0.0,0.30805323,1.7793895,0.0,1.9607407,0.0024594658,2.8704004,0.0,1.8769226,0.0,0.45422724,0.52433264,2.364465,2.4766238,1.136135,0.23574898,1.5963302,0.6751653,0.0,3.2922592,0.0,1.7006377,0.0,0.7537623,0.035723,0.0,2.1400173,0.0,2.775668,0.0,0.028122839,0.0,0.0,2.582792,0.5372628,0.61252886,2.379249,0.0,0.61984116,2.3218,0.63869524,0.74704546,0.0,1.039724,0.0,0.7442306,1.6696334,0.0,0.0,1.7601875,1.1409123,0.0,1.9404236,1.6267743,0.5280213,0.0,1.1638613,1.9150281,0.28699496,0.85725635,1.0467337,0.6632198,0.0,2.14244,0.87011963,1.665528,0.5799976,0.0,0.0,1.2011007,0.7113636,0.0,0.0,0.003926916,0.0,0.0,0.0,0.0,0.0,0.0,0.0,0.5692703,0.0,2.1529117,1
0.0,0.0,0.8903554,0.40118024,0.06838876,0.71653074,0.42558753,0.0,1.1856558,1.0878787,0.0,0.0,0.47879598,0.20122483,2.0364294,0.0,1.5029559,0.0,0.23926009,1.3820666,0.46939078,0.0,0.0,0.0,1.4772322,0.0,0.0,1.3615444,0.0,0.5889519,0.43881893,0.30784798,1.2199972,0.0,0.0,1.764774,0.0,0.8687958,2.5575032,1.3254349,1.5798131,1.815499,0.4881336,0.3443958,0.2203342,0.52574456,1.7071524,0.0,2.2787979,0.0,2.4297543,0.0,1.7663081,0.0,0.6507822,0.3248783,1.8206708,1.9377629,1.6535327,0.18052816,0.519231,0.4620434,0.0,2.264668,0.0,1.7313775,0.0,1.1575655,0.6964291,0.0,2.9166806,0.0,2.6944113,0.31528762,0.0,0.0,0.0,1.1824602,0.45816988,0.7117016,2.733076,0.0,1.5271984,1.5004463,0.0,0.85560447,0.31311387,1.5581092,0.0,1.3768342,1.2720842,0.0,0.0,1.6043835,1.2716432,0.0,2.3590088,2.3677433,0.0,0.27645946,1.6340908,0.83480716,0.17522633,1.2912259,0.45299658,0.45574617,0.23078986,1.9568768,0.22636949,2.0035374,0.86219907,0.0,0.0,1.8703241,0.5684144,0.0,0.0,0.0,0.0,0.0,0.0,0.30785754,0.0,0.060393825,0.0,0.8632233,0.0,1.428805,1
0.0,0.10594521,1.6177655,1.3409132,0.21836345,1.1059332,0.0,0.0,1.0655168,0.0,0.0,0.0,0.0,0.41795555,1.1519772,0.0,2.5197725,0.0,1.411988,0.0,0.0,0.0,0.0,0.0,0.8715738,0.0,0.0,1.2891865,0.0,0.45095778,1.0848489,0.5811665,1.2689583,0.0,0.0,0.38394588,0.50655794,0.13974981,2.1953247,2.423714,0.822916,1.0582484,0.9018282,0.9243766,0.0,0.18136594,2.16772,0.0,0.0,0.37588966,1.4498943,0.0,1.8217043,0.0,0.727748,1.511646,2.22027,0.2690005,1.515345,0.45648286,1.0107088,1.8600832,0.0,1.9670259,0.0,1.4341537,0.0,1.5408434,0.0,0.0,0.551091,2.4349747,2.700233,0.0,0.0,0.0,0.0,1.5893178,0.9130024,0.12097604,1.6478506,0.0,3.1699812,1.4091694,1.2471962,0.0,0.0,0.26553422,0.010360829,0.0,1.1394355,0.0,1.1360083,2.0580661,0.9795802,0.0,2.1122108,0.20441498,0.0,0.16789542,0.23947287,2.138574,0.0,0.0,2.0646195,0.0,0.65251404,1.6524006,0.86777115,2.2089725,0.7267447,0.69966936,0.0,1.5976648,0.5936896,0.0,0.0,0.0,0.0,0.0,0.0,0.0,0.0,0.0,0.0,0.22038509,0.0,0.61036056,1
0.0,0.0,1.5657451,0.98483145,0.527732,1.182923,0.0,0.0,1.5004536,1.3438853,0.0,0.235903,0.0,0.4813641,0.8772088,0.0,2.6074724,0.0,1.3918409,0.0,0.0,0.0,0.0,0.0,1.5524627,0.0,0.0,0.86914736,0.0,0.72180617,0.67608964,0.40103716,0.8797962,0.0,0.0,1.2774067,0.0,0.56669956,1.8227003,2.9591215,0.9260676,0.8113615,1.6634948,1.321006,0.72758424,0.0,2.8874373,0.0,1.4590507,0.0,2.0981877,0.0,2.3185823,0.0,0.5185383,0.7907271,1.8218067,0.96037537,0.8870108,0.86947227,0.8493097,1.5881232,0.0,2.438877,0.0,1.4460074,0.4753672,1.9267101,0.531859,0.0,1.9594432,2.6691048,2.2391322,0.0,0.0,0.0,0.0,1.4106392,0.90808296,0.0,1.0911717,0.0,2.8887784,0.9009641,0.8270074,0.0,0.50711715,0.0,0.22535865,0.1862977,1.1674368,0.0,0.0,2.1105042,3.0022552,0.0,1.7662083,0.9595583,0.0,0.9392918,0.6772652,1.7032069,0.0,0.0,2.1505587,0.6718887,0.15922765,0.9531098,1.2501117,2.5985007,0.15698819,0.0,0.0,0.8089874,0.8607574,0.0,0.0,0.0,0.0,0.0,0.0,0.61491686,0.0,0.1597612,0.0,0.0,0.0,0.7745624,1
0.0,0.1790391,2.3973386,0.8125082,0.96874547,0.0,0.34422916,0.0,1.2353771,1.2558682,0.0,0.0,0.0,0.033382203,0.42097142,0.0,1.5149192,0.0,0.20615084,0.0,0.0,0.0,0.0,0.0,1.0915403,0.0,0.0,0.0,0.0,0.0,0.8591983,0.9502653,1.4298375,0.0,0.0,1.542622,0.0,0.8113363,3.1685095,1.4573758,0.9046925,1.2136887,0.10994637,0.0,0.0,0.0,1.230852,0.0,1.0686445,0.0,1.5095184,0.0,2.381746,0.0,0.21768247,1.1498964,1.601263,2.555822,1.7832797,0.5017385,1.1080184,0.33251154,0.0,1.8633059,0.0,1.9488333,0.0,1.5052674,0.82996005,0.0,1.7818842,1.0522709,2.2215707,0.598963,0.0,0.0,0.0,0.99042654,1.1658001,0.0,3.1138594,0.0,0.8739749,1.7063371,1.1860502,0.0,0.6184068,2.0375514,0.0,2.361127,0.39513278,0.0,0.67789984,1.2741327,1.5611943,0.0,1.8188155,0.479994,0.0,0.5465655,1.9316549,1.3331668,0.0,0.0,2.5080469,1.1462852,0.0,1.3819335,1.1452887,3.072471,1.1302,0.0,0.0,2.4394617,0.5692914,0.8943843,0.0,0.0,0.0,0.0,0.0,0.0,0.0,0.0,0.27879646,0.7207164,0.0,1.3944025,1
0.0,0.0,2.7177098,0.0,1.962698,1.4475437,0.0,0.0,3.0495508,2.5015705,0.0,0.5387365,0.47113773,0.0,1.0345193,0.6859141,0.0,0.0,1.326454,1.07949,1.2358729,0.0,0.0,0.0635209,1.0864751,0.0,0.9482105,0.0,1.6387172,0.7213037,1.5161637,1.1246144,1.2434916,0.0,0.27904817,0.39476976,0.0,0.17110515,1.9056563,1.1426843,0.25862306,1.17487,0.25585955,1.5928222,0.0,0.0,1.4974862,0.0,0.8499497,0.0,1.5440474,0.0,3.4276342,0.0,0.0,0.021066282,2.8038578,2.9330063,2.9926474,0.0,1.3237052,1.3805135,0.0,2.1054704,0.0,0.58257455,0.0,0.0,0.0,0.0,1.7985382,0.39981827,2.6453931,0.58226866,0.0,0.0,0.0,1.2015139,0.3958505,0.0,1.6115623,0.0,1.4349418,2.2874863,0.54167473,0.646581,0.0,0.36082008,0.0,0.47227827,1.0743678,0.19349885,0.0,0.29067633,2.3312778,0.91117585,2.3314466,1.4595641,0.0,0.36518425,1.8558763,0.61267436,1.5617859,1.6030643,1.1334727,0.82533264,0.0,1.2536477,0.6302519,1.7754432,0.0,0.1630189,0.0,1.3559657,1.2575179,0.0,0.0,0.6663728,0.0,0.0,0.0,0.78480667,0.0,0.29184923,0.0,0.0,0.0,2.0391467,1
0.0,1.187616,1.2020514,0.55369645,0.5532628,1.1956152,1.4684969,0.0,0.8643524,0.8212374,0.0,0.0,1.5725397,0.31874898,0.82939875,0.0,1.5026485,0.0,1.2651048,0.0,0.47415978,0.0,0.0,0.0,0.4448617,0.0,0.0,1.5138669,0.0,0.5664939,0.0,1.2347242,1.0501597,0.0,0.0,0.7373475,0.9184485,0.0,1.4848106,0.0,1.184746,1.3644996,0.61575294,1.5495487,0.006962712,0.47382542,3.0614705,0.0,0.81490344,0.73297846,0.9828755,0.0,2.4059093,0.0,0.07022835,0.0,2.4192326,3.4695084,1.9412838,1.4143951,2.562277,0.24164937,0.0,3.069344,0.0,2.2910986,0.0,0.8725745,0.2247636,0.0,1.1663369,1.1536306,2.3978279,0.27871206,0.0,0.0,0.0,1.8153414,0.0,0.76886994,1.1487818,0.62818414,1.4239383,1.1597724,0.26500764,1.1835382,0.0,0.62092674,0.0,0.44710267,0.9232677,0.0,0.0,0.0,1.246988,0.0,1.5171438,0.97053355,0.0,0.48092404,1.7351536,2.8908327,0.0,0.85498196,0.37276644,1.4388981,0.0,0.9021761,1.7354472,2.1811504,1.9055237,0.0,0.0,0.17668416,0.0,0.0,0.0,0.6417639,0.0,0.0,0.1929794,0.0,0.0,1.2754055,0.0,0.65935546,0.0,1.5895262,1
0.0,1.153556,1.1395292,0.4491157,0.46059003,1.3463185,0.4431737,0.0,0.7799427,0.14262639,0.0,0.0,0.0,0.0,1.2657261,0.0,2.0448625,0.0,0.38808155,0.0,0.0,0.45155734,1.4311692,0.0,0.0,0.0,0.0,1.8409343,0.0,2.157129,1.1793526,0.0,0.7084824,0.0,0.0,1.3850724,1.9188416,0.82694453,2.0261724,0.38896233,0.6065446,0.58143896,0.63228565,1.2550944,0.0,0.0,2.392684,0.0,0.7031738,0.45198178,1.0519208,0.23477302,2.162954,0.0,0.74374324,0.0,2.3480265,2.0637352,1.7486678,0.9074602,2.2534523,0.5159898,0.0,3.7459724,0.035058122,2.0539987,0.0,0.7931663,2.1353648,0.0,1.7328056,1.2370667,1.9970478,0.0,0.0,0.0,0.0,1.4939228,0.5174663,0.6949836,1.3537878,0.0,2.2109048,1.034848,2.0177877,0.5933084,0.02657175,1.5948919,0.0,0.84297156,0.20574805,0.0,0.5494593,0.576405,1.2236726,0.0,2.8663015,0.072009094,0.0,0.0,1.2088894,2.3574982,0.14327691,0.0,0.0,0.0,0.60837317,0.20472933,0.80328476,0.39095658,1.2009841,0.07684459,0.0,1.5548298,0.6352853,0.0,0.0,0.6159319,0.0,0.0,0.0,1.4879702,0.39350787,0.0,0.0,0.73459965,0.0,0.049476996,1
0.0,0.0,2.620846,0.7176215,0.0,0.08289452,0.0,0.0,1.285925,0.8318899,0.0,0.6657576,0.0,0.25740573,1.9456751,0.0,2.5487273,0.0,0.0,0.18519118,0.0,0.0,0.0,0.0,1.2390454,0.0,0.20956881,2.014611,0.0,0.65204114,0.16507079,0.5670175,0.124157175,0.0,0.4072009,2.7087612,0.0,0.0,2.8013568,1.89077,0.0,0.42699414,1.2047088,0.7353047,0.0,0.0,1.5379934,0.0,2.0396223,0.0,2.08562,0.0,2.1461196,0.0,0.6743571,1.0499939,1.9825697,0.8928527,0.61746275,0.0,0.5384986,1.1306393,0.0,1.558898,0.0,0.0,0.0,1.8234092,0.0,0.0,0.93938786,2.1321042,2.2645802,0.089872435,0.04440516,0.0,0.0,1.6181015,0.33553278,0.0,2.123376,0.0,1.3239467,1.380655,0.0,0.39330187,0.0,0.6651163,0.0,0.09312509,1.7894677,0.0,0.1470143,2.0670388,2.2433238,0.0,1.8252618,0.5937182,0.0,1.377485,0.626143,1.5254235,0.0,0.8470951,1.8501419,0.090317324,0.095649585,1.5969211,0.0,2.921732,0.46057364,0.0,0.0,1.4540511,0.060703147,0.7773697,0.0,0.0,0.0,0.0,0.0,0.0,0.0,0.0,0.0,0.0,0.0,1.0689396,1
0.0,0.46930492,1.0563703,1.0443786,0.5807561,1.7868029,0.7705259,0.0,1.1335189,1.1115124,0.0,0.0,0.24062996,0.0,0.93267816,0.0,2.1132753,0.0,0.0,0.0,0.0,0.0,0.0,0.0,0.25675055,0.0,0.0,1.562069,0.0,0.67212284,0.45111677,1.0632169,0.9397088,0.0,0.37623787,1.3959308,0.9446748,1.1677176,2.1474106,0.42734444,0.9243414,0.44278836,0.15528661,0.5631634,0.0,0.0,2.4438589,0.0,1.2195143,0.0,1.4402477,0.0,2.2596982,0.0,0.32475293,0.0,2.4059842,2.297781,1.6801245,0.0,1.8387463,0.0,0.0,2.879674,0.0,2.4321463,0.0,1.065243,0.9051626,0.0,1.4473538,0.2678046,2.1955445,0.47271582,0.0,0.0,0.0,1.5784196,1.0974003,0.6081825,1.5950673,0.0,0.7505048,0.97051895,0.7383505,1.1346132,0.60481346,1.8177446,0.0,1.7492456,1.2712755,0.0,0.0,0.35043195,1.0979234,0.0,2.3727136,1.8930968,0.0,0.0,2.8761983,2.0847104,0.76391214,0.44872037,0.0,0.0,0.0,0.9460811,0.4916997,1.2810534,1.3785115,0.0,0.0,1.7524072,0.47488254,0.0,0.0,1.0921156,0.0,0.0,0.0,1.6824787,0.0,0.0,0.0,1.009634,0.0,1.2448235,1
0.0,0.0,0.3253834,0.4626957,0.05078815,0.0,1.6982784,0.0,1.314287,0.0,0.0,0.0,0.0,0.9957204,1.3298692,0.0,1.0706631,0.0,0.0,1.566746,0.0,0.0,0.0,0.0,1.7991912,0.937973,0.0,1.873697,0.2615201,1.009903,0.0,1.4008478,1.552468,0.0,0.0,0.6242257,0.9557093,0.27639002,2.520186,2.0642378,1.1313282,0.40445536,1.0926862,0.36664578,1.7938209,0.5719557,2.8964503,0.0,1.5135633,0.0,0.8570056,0.88702023,1.2481768,0.0,0.5059326,0.46797377,1.4624593,0.38750818,0.37858158,0.870939,1.177892,1.867005,0.0,1.2661494,0.0,1.7341403,0.0,1.177527,0.0,0.0,0.7992294,2.5721047,0.543035,0.0,0.0,0.0,0.9202886,1.372248,0.0,1.4403286,0.8429356,0.0,0.4394891,1.3692393,0.0,0.27344346,0.0,1.004834,0.0,0.0,0.5836547,0.0,0.18850468,1.2888446,1.0930027,0.0,2.4482505,0.7682986,0.0,1.862984,0.9730034,1.3630133,0.0,1.0972998,0.6466418,1.6958817,0.53391796,2.7759008,0.0,0.7577781,0.5005401,0.7818165,0.0,1.4414601,0.0,0.16828892,0.0,0.0,0.0,0.0,0.0,0.0,0.0,0.0,0.0,0.0,0.0,2.269255,1
0.0,0.0,0.84190536,0.6741211,0.58354855,1.9388824,1.4018314,0.0,1.1333753,0.24197607,0.0,0.32571167,0.74296314,0.06734422,1.1022888,0.0,0.9070794,0.0,0.86325186,0.0,0.0,0.0,0.26267883,0.0,0.89290595,0.0,0.0,1.675444,0.0,1.3812374,0.6212263,0.8277899,0.7721049,0.0,0.0,2.1303766,0.27371305,0.8514238,2.2583742,0.5618288,0.46006468,0.50119644,0.75810707,2.8464134,0.0,0.0,2.600495,0.0,0.67021656,0.0,1.6481736,0.0,2.1923091,0.0,0.0,0.0,2.575481,1.5911325,2.416044,0.3250817,1.0441089,0.522454,0.0,3.1947699,0.0,2.2035475,0.0,0.3759971,1.2339567,0.0,2.344109,0.41958597,2.6812565,0.0,0.0,0.0,0.0,1.9760731,0.96227974,0.3158002,0.9048216,0.09419521,1.6005367,1.9651606,0.63947755,0.6451705,0.0,1.002897,0.0,1.3911204,1.3587697,0.0,0.88552105,0.82442975,1.8891119,0.0,2.7655349,0.4511696,0.5937721,0.0,2.289055,2.854345,0.0,0.27782863,0.57904094,0.66255057,0.0,0.8510687,0.27957076,1.3637202,0.6993915,0.0,0.0,1.3004949,0.64279854,0.0,0.0,0.5387884,0.0,0.0,0.0,1.962512,0.0,0.21728815,0.0,0.47561154,0.0,0.8563221,1
0.0,1.6164293,1.3915178,1.4165217,0.36788145,0.9500671,1.0989962,0.0,1.3368998,0.8912826,0.0,0.31899917,0.0,0.0,1.1887443,0.0,4.378046,0.0,0.0,0.0,0.0,0.0,1.2038532,0.0,1.5350015,0.0,0.0,0.6715185,0.7419685,1.162158,0.040897585,0.39229226,0.25551277,0.0,0.5689515,1.4058182,0.36764205,0.33432612,2.0225978,1.2068961,0.5685564,1.1518716,0.7672079,0.87208945,0.83953243,0.0,2.348535,0.0,1.5036496,0.0,0.68862295,0.0,2.3352077,0.0,0.55887866,0.7152727,3.9817133,1.3679432,0.54436976,0.0,2.3093798,0.85327184,0.0,2.1733568,0.32729357,0.82848895,0.0,1.4883035,0.30089808,0.0,0.91105497,2.125337,1.6563578,0.0,0.0,0.0,0.0,2.1836805,1.1470674,0.0,2.009294,0.0,2.705961,1.2294332,1.4658471,0.7620359,0.0,2.4287453,0.0,0.0,0.8043838,0.0,1.2618957,1.1624503,0.6746709,0.0,2.4027514,1.2478439,0.0,0.4207937,2.1826963,1.8411845,0.0,0.5133799,0.528036,0.7342565,1.2682245,1.3222718,0.5254377,2.7383802,1.3165666,0.0,0.0,1.0163592,0.7510266,0.0,0.0,0.0,0.0,0.0,0.0,0.9230722,0.0,0.0,0.0,0.20722248,0.0,1.058696,1
0.0,0.0,1.4456742,0.7018744,0.0,1.1098824,0.7819832,0.0,3.0450366,0.64593154,0.0,0.0,0.0,0.030826656,1.9211315,0.0,0.96106994,0.0,0.0,0.73444873,0.067313485,0.0,0.0,0.0,0.80734384,0.0,0.0,1.147887,0.0,1.5211987,0.030016907,1.5256414,1.5537682,0.0,0.2123284,1.6512805,0.9872855,0.0,2.7507737,0.94733125,1.35448,0.2455167,0.10172099,0.80723745,0.0,0.0,1.9905556,0.0,2.0245004,0.0,1.0955237,0.49496418,3.1904905,0.0,0.6193314,0.8008646,3.4386334,1.9546279,2.027374,0.0,2.1659498,1.2088704,0.0,2.6950467,0.0,2.005988,0.0,1.0077337,0.0,0.0,1.5909231,1.1749529,2.2013018,0.0,0.0,0.0,0.0,2.0306168,0.0,0.40179104,0.71412754,0.0,0.6748018,1.9363976,0.58113116,0.20623651,0.0,1.6952815,0.0,0.28175798,1.5928686,0.66062033,0.33509988,0.65833235,1.8031982,0.0,3.4503317,1.3713642,0.16745035,1.1443032,1.9176987,2.8366518,0.0,0.48896095,1.1802567,0.1890908,0.4375013,1.4438655,0.0,1.3027023,0.42944005,0.0,0.0,2.827128,0.0,0.0,0.0,0.0,0.0,0.0,0.0,1.4323877,0.0,0.0,0.0,0.0,0.0,2.7282546,1
0.0,0.37875953,1.1279559,1.0299377,0.43335828,1.7534564,0.055690613,0.0,1.9872154,1.2173201,0.0,0.0,0.33899572,0.0,1.5497286,0.0,1.4747151,0.0,1.445865,0.30383345,0.6245814,0.0,0.15679027,0.0,0.0,0.0,0.0,1.7308528,0.24217105,1.663039,1.2692173,0.44487253,0.084349036,0.0,0.0,1.1407009,0.81777483,0.38667557,2.2645738,1.0925621,0.7787081,1.4395535,1.2693881,1.1976672,0.0,0.0,2.349519,0.0,1.1187192,0.12833637,0.8547215,0.0,2.8322885,0.0,0.3610062,0.0,2.847569,1.7472899,1.9264135,0.41275996,1.9771194,0.0,0.0,4.1970544,0.0,1.6369563,0.0,0.22966789,1.1997316,0.0,2.016072,1.2609371,2.4322627,0.0,0.0,0.0,0.0,1.4458108,0.21226883,0.7455862,1.716416,0.0,2.074635,0.98070943,1.3540573,1.1580163,0.0,0.9875373,0.0,0.90047014,1.3636558,0.0,0.12598245,1.5177379,0.42641082,0.0,2.0209212,1.0719618,0.0,0.0,2.538199,1.7908942,0.78789836,0.0,0.0,0.0,0.59696674,0.7064979,0.60194135,0.3925811,1.1456176,0.0,0.0,1.286455,0.9305328,0.0,0.0,0.3696675,0.0,0.0,0.0,1.7743123,0.0,0.0,0.0,0.7259065,0.0,1.2732548,1
0.0,0.0,0.9790517,1.2338204,0.0,0.6361038,0.0,0.0,1.8510683,1.4464141,0.0,0.27120277,1.978573,0.0632408,1.1936197,0.0,0.934404,0.0,1.7919791,0.8415541,1.3568381,0.0,0.0,0.0,0.17206798,0.025363456,1.0096759,1.2358906,0.43102175,0.27907425,0.0,1.6732072,2.246179,0.0,0.0,1.6907662,0.0,0.0,2.3612087,0.8172073,2.4206138,0.26343405,1.2376318,2.0562568,0.99866015,0.0,2.0021298,0.0,0.9961642,0.21209109,1.8032501,0.0,2.0945106,0.0,0.0,0.0,2.103602,2.6748223,1.109287,2.426549,2.0037937,0.23099469,0.0,3.902961,0.0,0.88809407,0.0,0.1098237,0.0,0.0,1.1074903,0.9511985,2.8893135,0.0,0.0,0.0,0.0,2.3547826,1.663792,1.349254,1.1297889,0.0,0.0,0.8257591,0.0,0.64490783,0.18940605,0.0,0.0,0.3962219,0.6463015,0.0,0.0,1.2128708,1.4209002,0.4692659,0.8105534,0.78903556,0.03503015,0.9710381,0.0,1.2150905,0.0,1.044839,1.5179664,0.96465266,0.18661301,0.51781565,0.11844776,1.3816816,1.0452083,0.0,0.0,0.0,0.0,0.0,0.0,1.091066,0.0,0.0,1.8845342,0.0,0.0,1.2703203,0.0,0.0,0.0,3.2832325,1
0.0,0.0,1.7134871,0.4415693,0.0,0.0,0.0,0.0,2.2586248,1.2074053,0.0,0.0,0.0,0.0,2.4531453,0.0,0.40625983,0.0,0.0,1.10924,0.6240098,0.0,0.0,0.0,1.3355141,0.0,0.25752985,0.8802267,0.0,1.5269034,0.50425893,1.5457202,1.2523711,0.0,0.6190041,1.3500642,0.0,0.0,3.3396552,1.6490216,0.5652958,0.66158766,0.063302934,0.20185116,0.0,0.0,1.4995761,0.0,1.6475034,0.0,1.8145422,0.44027627,2.103236,0.0,0.0,0.0,1.8882973,0.42777452,2.4360836,0.6289355,0.76572526,0.0,0.0,4.095782,0.0,0.8092924,0.0,1.6706996,0.0,0.0,0.50250345,1.8457792,1.4296288,0.0,1.7055541,0.0,0.31737396,2.0595813,0.5506644,0.20468569,1.9000285,0.0,0.74508935,1.2887297,0.020826131,1.3644323,0.030104846,0.49841157,0.0,0.87542105,0.7999912,0.17807913,1.7297258,1.4608641,1.4633508,0.0,2.4221272,0.53978807,0.0,0.24970482,1.6778033,1.3010083,0.0,1.5150691,1.5634762,0.013774646,0.323464,1.4390856,0.0,0.33990598,0.0,0.0,0.0,2.0095334,0.0,0.66618073,0.0,0.0,0.0,0.0,0.0,0.3301669,0.0,0.0,0.0,0.0,0.0,1.0154401,1
0.0,0.0,0.19896887,0.2489247,0.0,0.0,1.1214173,0.0,1.3836279,1.3183713,0.0,0.049498342,0.0,0.0,1.8257854,0.0,0.7327603,0.0,0.16631444,2.3651369,1.1350896,0.0,0.0,0.0,1.1806632,0.0,0.7222402,1.3595327,0.35813713,1.9267135,0.0,0.80867994,2.3584685,0.0,0.0,1.1924399,0.0,0.60886556,2.3688633,2.612751,0.24250288,0.0,0.41443533,1.4987355,0.92235476,0.0,0.7544074,0.0,0.44094145,0.0,1.6502348,0.6529333,2.1989396,0.0,0.0,0.0,1.6063002,1.1939505,1.5421621,0.7431797,1.4565564,1.0292414,0.0,2.9368248,0.0,1.6480982,0.0,2.1253295,0.0,0.0,0.35146382,1.3980356,1.379464,0.0,2.0152988,0.0,0.44964817,1.3225478,1.7230954,1.3627553,1.7075373,0.0,0.69616866,0.59518623,0.0,1.4594007,0.0,0.6995416,0.0,0.03865693,0.91748476,0.0,0.14705895,2.341041,0.0,0.0,2.7064478,2.7864795,0.0,1.2450525,1.270794,0.57272077,0.0,1.899564,1.6218456,0.0,0.9526054,2.0810494,0.0,1.1442755,0.0,0.0,0.0,1.312591,0.0,0.36306804,0.0,0.0,0.0,0.0,0.0,0.8298536,0.0,0.0,0.0,0.23126301,0.0,2.185208,1
0.0,0.35276154,2.495867,0.03345605,1.4433485,0.0,0.0,0.0,0.4082313,0.11594377,0.0,1.3922623,0.49415648,0.0,0.53819674,0.0,0.0,0.0,1.7507418,0.21044989,1.8760446,0.0,0.0,0.0,1.4092069,0.0,0.0,0.9596006,0.78735095,1.9946604,0.4443795,1.0962029,0.49971357,0.0,0.72634226,2.7717106,1.5034207,1.0151136,0.61756724,0.5602854,0.0,0.0,0.39782804,1.7181183,0.5096782,0.0,1.2798975,0.01035515,1.6425174,2.0318215,0.0,0.0,2.210849,0.0,1.0342518,0.0,0.8954061,0.73177594,2.7267706,0.0,0.63082206,0.0,0.17466348,1.4250983,0.13084571,0.2042484,0.0,1.5407326,0.35828784,0.6616066,1.3142338,1.5766522,2.457711,0.0,0.0,0.0,0.47054657,3.9330075,0.363873,0.65745,2.6228962,0.0,1.6691077,1.0626364,0.04699126,0.042343233,0.38574845,1.4502362,0.0,1.8446475,0.41675833,0.0,0.060993277,1.267623,2.562731,0.0,1.6898767,0.53362817,0.7131078,0.14881936,1.2337327,0.6234826,0.17348425,0.0479333,1.0970455,0.0,0.0,1.4024032,1.2675462,0.0,0.72335786,0.0,0.0,0.5119306,0.0,0.0,0.0,0.17022075,0.0,0.0,0.0,0.0,1.1079283,0.0,0.0,0.0,0.0,1.155315,1
0.0,0.0,1.9488281,0.20698687,1.1879325,1.1595129,1.7085932,0.0,0.0,3.0793498,0.0,0.8371639,0.05832283,0.22180822,0.20306912,0.0,0.8516598,0.0,2.5919232,1.2262998,0.46509367,0.0,1.2133863,0.0,1.8533832,0.0,0.3566875,0.16883695,1.5084677,1.5557557,2.077465,1.4101425,2.2265081,0.0,0.52243423,1.6805832,0.35993177,0.0,0.12864503,2.3681448,0.0,0.76726806,0.0,0.22829553,0.60344666,0.0,0.948547,0.0,0.430664,1.0966367,1.4139614,0.0,1.0972322,0.0,0.0,0.0,0.7443579,3.300722,2.8178117,1.3602313,0.0,0.97773266,0.0,0.0,0.0,1.2799753,0.0,1.5707659,0.0,0.0,1.3821268,1.4244444,1.5643605,0.53160715,0.0,0.0,0.3827822,2.0766137,1.1960588,1.6296588,0.13546365,0.0,1.1756073,1.1142828,1.635895,0.8582179,0.0,0.4847979,0.0,1.6822193,0.0,0.0,0.20496339,2.2576435,1.055297,0.0,1.3555312,0.0,0.0,0.87376815,0.8702854,1.5016512,0.14934087,0.0,0.4834049,1.1762329,1.2186545,0.87684274,1.015959,0.27227637,1.0439147,0.0,0.0,0.6968198,0.0,0.0,0.0,0.5378073,0.0,0.05334484,1.1900723,0.0,0.0,0.0,0.0,0.0,0.59520954,2.9267068,1
0.0,0.0,1.2232453,0.40477702,0.0,0.0,0.7102531,0.0,1.0013363,0.55180883,0.0,0.18408385,0.6228412,0.3811725,1.9512355,0.0,1.0837238,0.0,1.6637986,0.0343648,0.0,0.0,0.0,0.0,0.73066646,0.0,0.0,1.1896893,0.0,0.9533906,0.13290037,0.0,1.0657248,0.0,0.0,1.8576794,0.062279776,0.0,2.1038327,0.8405858,1.2129357,1.3586355,0.5913165,0.7605882,0.0,0.22916046,1.938535,0.0,1.7077074,0.2063598,2.1207263,0.031970214,1.9376909,0.0,0.051633347,1.5129986,1.4367659,1.275084,1.0117748,0.0,0.5081053,0.5919803,0.0,2.4279242,0.0,1.4023947,0.0,1.1429002,0.0,0.0,0.9501163,0.79306096,2.846914,0.0,0.0,0.0,0.28479955,2.1476724,1.4123017,0.61500454,2.2241993,0.0,0.7114581,1.3914882,0.3278254,0.7423045,0.27629852,0.44553328,0.0,1.5190355,0.6204275,0.0,0.8458426,1.5915096,2.4264827,0.0,3.044271,0.49228305,0.0,1.5538191,1.1939237,1.7427232,0.0,0.37529776,1.7384297,0.33924636,0.14298819,2.2251518,0.0,2.2250757,1.6339827,0.70898867,0.0,1.5677377,0.0,0.10681654,0.0,0.0,0.0,0.0,0.0,0.0,0.0,0.0,0.0,0.7408312,0.0,1.4321741,1
0.0,0.0,0.80636156,1.4697652,0.0,0.0,0.48707584,0.0,2.3337066,1.3776872,0.0,0.0,0.025278877,0.0,1.030372,0.0,1.9983726,0.0,0.0,0.85173965,0.3961864,0.0,0.0,0.0,1.7450907,0.0,0.30351913,0.0,0.0,1.9008104,0.0,0.7917385,0.43189567,0.0,0.46349525,1.5097839,0.0,0.0,2.4846838,2.5888844,0.0,0.8550771,0.6044058,0.0,0.5283529,0.0,2.2534993,0.0,1.4919561,0.0,1.4906051,0.0,2.841893,0.0,0.40859586,0.0,0.25105515,0.997448,0.29001126,0.31183505,0.3305852,1.6049393,0.0,1.5157686,0.2630559,1.1876519,0.10883172,1.566556,0.0,0.0,0.83267146,1.6619978,1.5873492,1.0379298,0.12997007,0.0,0.7181915,0.46218473,1.1253031,0.0,1.4156696,0.0,0.0,0.0,0.0,1.1914692,0.71659017,0.96596557,0.0,1.1069548,0.92671907,0.0,0.0,1.7111216,1.6098684,0.57265717,0.69193965,2.8629708,0.0,1.4745907,0.7829515,0.15867937,0.0,0.9735599,1.0817794,0.0,0.59399027,2.2434242,0.0,0.9736741,0.26225498,0.0,0.0,1.628451,0.20251535,0.33203983,0.0,0.0,0.0,0.0,0.0,0.8428984,0.0,0.0,0.0,0.0,0.0,1.6638526,1
0.0,0.0,0.37267354,1.2781714,0.44446597,0.61498266,0.92961067,0.0,2.3947241,1.1636727,0.0,0.0,0.15983655,0.0,2.100267,0.0,0.6060474,0.0,0.0,1.3577884,0.19019789,0.0,0.0,0.0,1.0516678,0.0,0.0,1.5912168,0.0,0.9666705,0.0,0.95025104,1.4490756,0.0,0.080372125,2.998132,0.32658982,0.6687888,2.049851,0.89886844,0.80709326,1.363481,0.4949873,0.6067178,0.0,0.0,1.6727438,0.0,1.6563398,0.0,1.0192758,0.0,2.7576005,0.0,0.0,0.3438105,1.8604225,2.6415646,2.5021656,0.0,0.8048806,0.039306033,0.0,3.0172062,0.042981904,1.8881263,0.0,0.73411775,0.0,0.0,2.3927612,0.5250008,3.1354103,0.0,0.0,0.0,0.054850936,1.7629255,0.0,0.42033282,1.8154218,0.0,0.7209157,1.4973524,0.0,1.0301238,0.0,1.0062811,0.0,1.8717262,1.1798819,0.0,0.0,1.1420552,1.598826,0.0,3.0106287,2.3743334,0.0,0.0,1.8767312,1.4141313,0.7873211,0.6424995,0.38488555,0.0,0.25108248,2.399519,0.0,0.867443,0.0283194,0.0,0.0,2.0122986,0.0,0.0,0.0,0.55565876,0.0,0.0,0.0,1.2944739,0.0,0.0,0.0,0.12475314,0.0,2.4858873,1
0.0,0.0,1.636549,1.8627867,0.0,0.82095647,0.9681985,0.0,2.3610048,0.91230696,0.0,0.119891725,0.0,0.93102217,2.285459,0.0,0.42415833,0.0,0.0,0.7287387,0.5428997,0.0,0.0,0.0,0.61199015,0.0,0.0,0.7298843,0.0,0.7319931,0.7108616,0.07197733,1.8564515,0.0,0.33012626,2.303751,0.12914939,0.0,3.6242557,2.1232204,0.420511,0.6920144,0.0,0.8472154,0.0,0.0,1.6638343,0.0,1.3760506,0.0,2.223041,0.0,1.8874398,0.0,0.0,0.73027855,3.3675454,1.9929092,2.880867,0.24591589,1.3977308,0.0,0.0,4.380093,0.0,1.6976657,0.0,0.6396505,0.0,0.0,2.014665,0.21766843,3.880202,0.0,0.0,0.0,0.57588416,2.2458384,0.5505744,0.5373598,2.1255803,0.0,2.1817024,2.0345008,0.6240384,0.11890842,0.0,0.02987034,0.0,0.9573543,1.0739375,0.0,0.28339213,1.2000222,1.6386558,0.0,3.076582,2.0075586,0.0,0.0,1.3538706,2.0002458,0.7222677,0.8110568,1.3272947,0.018336115,0.004347938,2.6734989,0.4904877,2.169847,0.04009063,0.0,0.0,2.2627456,0.63554686,0.0,0.0,0.0,0.0,0.0,0.0,1.2415814,0.0,0.4762461,0.0,0.0,0.0,1.7616783,1
0.0,0.0,1.498062,1.3013515,0.35078672,1.202073,0.0,0.0,1.5511488,1.2414342,0.0,0.81653893,0.47225258,0.0,1.5804942,0.0,1.2115134,0.0,1.3208948,1.4096261,1.166465,0.0,0.0,0.0,1.1416953,0.0,0.14484562,0.6915467,0.15956342,0.38803905,0.85965574,0.9929135,0.29270646,0.0,0.0,1.7457747,0.0,0.0,1.9097522,1.1297071,0.393889,1.666253,1.209789,1.2806168,0.16580668,0.0,2.2066946,0.0,1.4583637,0.0,2.3426726,0.0,3.345129,0.0,0.0,0.080874,2.1394587,1.4381814,1.3330388,1.0603015,1.5903256,0.19285314,0.0,3.0796843,0.0,0.6250278,0.0,0.30775294,0.0,0.0,1.0510056,1.5398552,2.491869,0.0,0.38663933,0.0,0.0,0.5730811,0.5961006,0.40500432,3.3705497,0.0,1.459443,0.7846358,0.014353664,0.74684376,0.2720704,0.43563488,0.0,0.15035336,0.6797995,0.0,0.0,1.0222876,1.4706991,0.0,1.6778985,1.1697441,0.0,1.0962961,0.44018406,0.6413176,0.0,2.1629832,2.171785,0.0,0.0,1.4664581,1.1272806,1.9225032,0.0,0.0,0.0,0.44134906,0.0,0.18046597,0.0,0.66245115,0.0,0.0,1.0058445,0.0,0.0,0.22776915,0.0,0.0,0.0,1.980478,1
0.0,0.0,0.35411635,1.051511,0.86649734,0.18513674,1.1675559,0.0,2.7801414,0.0,0.0,0.0,0.15049331,1.5643659,1.239743,0.0,0.5168023,0.0,0.0,1.4214107,0.0,0.0,0.0,0.0,2.0572557,0.0,0.25634825,1.2338074,0.0,0.28662026,1.0072178,0.89227974,1.3367245,0.0,0.0,2.1655982,0.045310512,1.1151017,2.6237502,2.393269,0.6839663,0.15749733,0.06357974,0.6122469,0.0,0.0,1.5492425,0.0,1.2423978,0.0,1.5637054,0.0,1.2292057,0.0,0.57881427,1.3288859,2.1367557,1.3280712,3.0911684,0.18737471,0.026353296,1.4942597,0.0,1.9338745,0.0,2.407107,0.0,0.9198766,0.04056114,0.0,1.7723095,0.23907942,3.175537,0.0,0.0,0.0,0.0,2.0271506,0.46434546,0.25174397,1.201681,0.0,0.4803122,1.8029982,0.0,0.6604293,0.7158422,0.17360757,0.0,1.1985404,1.185525,0.0,0.0,0.83922344,1.3062743,0.0,2.7196312,1.7945822,0.75632477,0.0,0.9053275,2.1023262,1.0013825,0.05077297,1.7192003,1.2645773,0.0,2.2051954,0.55380255,1.9791342,0.0,0.0,0.0,1.5968333,0.0,0.0,0.0,0.12928186,0.0,0.0,0.0,2.1781423,0.0,0.15657486,0.0,0.063009046,0.0,2.051175,1
0.0,0.5423474,2.0025709,0.6539524,0.0,1.7959,0.8081382,0.0,0.24300519,0.106749035,0.0,0.5052621,0.038213175,0.034976747,0.8092299,0.0,2.3486745,0.0,0.6659417,0.0,0.0,0.0,0.8357996,0.0,0.6556468,0.0,0.0,1.048645,0.16538924,1.8780371,0.39276752,0.49796,0.7059355,0.0,0.0799171,1.2724473,1.0528654,0.39590034,2.0274477,1.0250089,0.7303536,1.4749908,0.05197769,2.1173613,0.0,0.087962724,2.100419,0.0,0.14790893,0.68017983,1.1278034,0.0,2.2358477,0.0,1.1720973,0.05846623,2.051791,1.5173602,1.5337452,0.6276478,3.1011858,0.9829205,0.0,2.3221846,0.0,2.4566724,0.0,1.070145,2.00381,0.0,1.0001777,1.3575773,2.0737464,0.0,0.0,0.0,0.0,1.1933421,0.62827814,1.0698924,0.97607803,0.0,2.0216174,2.0034325,0.59147066,0.0,0.0,1.1364905,0.0,0.15739775,1.3066175,0.0,0.29132295,0.37053353,1.3220528,0.0,2.7119966,0.86775595,0.0,0.0,1.3374923,3.3814762,0.3798104,0.0,0.7200266,0.0,0.0,0.4866523,0.8758872,0.7782405,1.8183509,0.14159824,0.0,1.289756,0.0,0.0,0.0,0.19326659,0.0,0.0,0.0,1.3555183,0.0796152,0.72662365,0.0,1.0846848,0.0,0.38194552,1
0.0,0.76699585,2.4298208,0.11752521,0.0,2.4987986,0.76742357,0.0,1.0691841,1.1935586,0.0,0.33553997,0.0,0.97298986,1.5091522,0.0,2.150401,0.0,0.5811436,0.0,0.0,0.0,2.2129202,0.0,0.0,0.0,0.0,0.9353867,0.0,2.4599018,0.5278767,1.3659492,1.651572,0.0,0.5886622,1.7949861,0.0,0.34623185,2.485288,0.3898641,1.0732173,0.562668,0.0,2.1659708,0.0,0.1322206,1.9134318,0.0,0.80342203,1.1264673,0.55514145,0.0,1.9637647,0.0,0.91272956,0.5930358,2.5431657,1.6352905,0.49685112,1.326161,2.2961679,0.10018759,0.0,2.5563927,0.0,2.1030777,0.0,1.2675357,0.83591974,0.0,1.301769,0.65979594,1.6066457,0.0,0.0,0.0,0.75644076,3.433457,0.0,1.6313202,2.1988153,0.0,1.8247045,1.4507396,0.959096,0.5869677,0.0,1.2032818,0.0,1.0829749,0.40107056,0.0,0.31730157,1.6848577,2.3356352,0.0,3.207263,0.19538797,0.112784855,0.0,1.5241833,3.7971652,1.0413376,0.0,1.1409115,1.23611,0.079027385,0.41308248,0.51141953,0.68937457,2.1640003,0.12591322,0.0,2.228218,0.54158646,0.0,0.0,0.0,0.0,0.0,0.0,0.5446194,0.0,0.0,0.0,0.96897537,0.0,0.97077835,1
0.0,0.82849115,0.8665982,1.1451358,0.0,1.3139488,0.04137085,0.0,0.3995144,0.8438601,0.0,0.0,0.2918428,0.0,1.613244,0.0,2.9448159,0.0,0.0,0.0,0.04953992,0.0,1.2121774,0.0,0.0,0.0,0.0,1.5032547,0.0,2.0249922,0.7236758,0.3769969,0.3635754,0.0,0.0,0.7115016,1.0803206,0.35536852,2.5194755,0.76211905,1.052585,0.7122875,1.1408247,0.64352083,0.6239687,0.0,2.4263556,0.0,0.93448025,1.0285639,1.5160966,0.0,2.4510562,0.0,0.9624529,0.0,2.3413262,0.64324737,0.31724668,1.0961316,2.664552,0.7778051,0.0,2.4257941,0.0,1.3329266,0.0,0.9384203,0.8954034,0.0,0.8546248,1.6581998,1.931321,0.0,0.0,0.0,0.0,2.0428724,0.85061616,1.055024,1.0294106,0.0,1.7983462,1.468732,1.346183,0.0,0.0,1.5987346,0.012481562,0.97354114,0.9138561,0.0,0.3739717,1.1826984,1.1072428,0.0,2.235684,0.43971574,0.0,0.12165029,1.8338372,2.0575874,0.0,0.0,0.1960914,0.33129913,0.63267106,1.5214714,0.0,0.55210555,0.6285109,0.7134252,0.0,2.0453055,1.2514455,0.0,0.0,0.0,0.0,0.0,0.0,1.3832906,0.43949142,0.0,0.0,0.4862419,0.0,0.3638855,1
0.0,0.0,1.9120021,0.0,0.0,1.0903766,0.30468756,0.29992756,1.3886644,0.49077857,0.0,0.0,0.0,0.0,2.1172554,0.0,0.33491236,0.0,0.36886024,0.9239903,1.4305935,0.0,0.0,0.0,1.4623368,0.03788216,0.4675185,0.7538805,0.15308362,1.4055448,0.0,1.3355585,0.18776989,0.024678852,1.3946757,1.0107843,0.0,0.0,1.3057389,1.9892352,0.52883095,1.3770543,0.0,0.8377248,0.5000974,0.0,1.099073,0.0,0.10844082,0.92429787,0.87094206,0.3387873,1.3971301,0.0,0.0,0.19380254,1.3831357,0.013898699,1.2741895,1.1055982,0.994329,0.37442535,0.0,2.964034,0.0,0.3622681,0.0,0.2853534,0.0,0.0,0.0,2.3223178,0.0,0.03647874,0.22612655,0.0,0.0,0.50367326,1.1798937,0.008572999,1.4442731,0.0,0.26030853,0.94251996,0.0,1.1486771,0.0,0.0,0.0,0.3497809,0.5131393,0.0,1.149601,2.1615043,1.7125533,0.5328697,1.6696032,0.2727297,0.0,0.77664435,2.1764784,0.48217762,0.051365778,2.065113,0.7927374,0.0,0.67514247,1.2386757,0.0,0.0,0.0,0.90586674,0.0,1.0054436,0.0,0.38693425,0.0,0.0,0.0,0.0,0.0,0.0,0.0,0.0,0.0,0.0,0.0,2.2180243,1
0.0,0.0,1.0705911,0.063310765,1.078102,1.7012202,0.7554603,0.0,1.4698008,1.8767544,0.0,0.0,0.71360856,0.46206573,0.8479388,0.0,1.263818,0.0,1.3605698,0.0,0.0,0.0,0.0,0.32142428,1.1406658,0.0,0.0,1.2401768,0.0,0.32773823,0.8032769,0.030242695,1.4334539,0.0,0.0,2.058841,0.0,0.5281783,2.9909854,0.20172936,0.089131996,0.16116397,0.44943434,0.37373903,0.048229154,0.66768444,1.4506006,0.0,1.4669672,0.0,2.1501362,0.0,1.6443107,0.0,0.719703,0.0,1.7709327,2.1247568,1.7961298,1.0067643,2.1311135,2.0260837,0.0,2.0517766,0.0,1.290918,0.0,1.0281975,0.0,0.0,1.3856065,0.0,3.066428,0.0,0.0,0.0,0.0,2.6039383,0.50133455,0.6209328,1.7998867,0.0,0.1942151,1.497024,0.5137226,0.11434679,0.5887934,0.93869096,0.0,0.6623523,0.22930226,0.0,0.80413103,0.65318125,1.4191545,0.0,1.7432923,1.4319361,0.7385847,0.0,1.9380066,1.7490083,0.31753218,0.06144287,1.3645557,1.7350832,0.0,1.1673117,0.5999634,1.1868634,1.4149671,0.0,0.0,2.1950707,1.0006443,0.0,0.0,0.0,0.0,0.0,0.0,0.0,0.0,0.0,0.0,0.49809065,0.0,1.9738809,1
0.0,0.0,0.16155194,1.692045,0.76849127,2.5843701,0.0,0.0,2.5790765,0.7482795,0.0,0.0,0.5252024,0.0,1.1502479,0.0,2.321085,0.0,0.88909507,1.3384472,0.0,0.0,0.0,0.47452262,0.7309778,0.0,0.0,1.2042896,0.41644412,1.3432038,0.0,0.9851849,0.27230364,0.8141687,0.5110803,3.8914769,0.3656366,0.0,2.1383276,0.068702035,0.87296575,2.2579448,0.21622092,1.9185954,0.1962584,0.0,2.0566225,0.0,2.2051091,0.0,1.2613571,0.0,2.9925952,0.0,0.06259148,0.0,4.404534,1.9336046,2.294441,0.0,1.6893706,0.0,0.0,2.9264994,0.0,1.6384114,0.0,0.59180814,0.4462138,0.0,2.006679,1.3132901,3.0583344,0.0,0.0,0.0,0.0,1.2340038,0.51953423,0.0,2.8058014,0.0,1.8857689,1.2026925,0.0,0.68947303,0.1720612,0.43511572,0.0,1.3478725,0.0,0.0,0.0,1.0144045,2.0182157,0.0,1.4301289,0.804685,0.655612,0.45041895,2.346717,1.0448546,0.0,0.059998203,0.3470478,0.20920493,0.0,1.0160565,0.0,1.3835028,0.21697514,0.0,0.033257075,0.8226033,0.91436976,0.14337328,0.0,1.4465202,0.0,0.0,0.0,2.1905541,0.0,0.0,0.0,0.0,0.0,1.8799471,1
0.0,0.1329426,2.9432428,0.0,0.9291197,2.1008282,1.9496061,0.0,2.2721837,1.3686464,0.0,0.0,0.0,0.31509677,0.0,0.0,0.03712701,0.0,1.2171496,0.0,0.0,0.2432105,0.5961746,0.0,1.6650999,0.20560975,0.0,0.3180055,0.069064744,1.4104936,2.5796096,0.0,1.9493456,0.0,0.0,2.5673425,0.23670281,0.65344363,1.662786,1.0465653,0.0,0.98132485,0.9797096,0.32194123,0.0,0.0,0.75473684,0.0,0.025303213,0.84011686,1.1639938,0.0,2.2733448,0.0,0.0,0.0,0.6106147,2.981608,2.2083018,0.5449238,1.2745389,0.0,0.0,0.81740254,0.0,1.6760775,0.0,0.8968044,1.1918423,0.0,2.020192,1.0345471,2.5166578,0.0,0.0,0.0,0.0,2.8370407,0.23651183,0.22551784,1.6163383,0.0,1.4976789,1.0863914,1.473253,0.0,0.22095525,0.0,0.0,0.8004724,0.0,0.0,1.4079915,0.6683974,1.5284748,0.0,2.0220313,0.0,0.0,0.0,1.2695556,3.390923,0.0,0.25285238,1.1104037,0.20221181,0.0,1.3308562,1.9996088,0.84837824,1.0441762,0.0,0.0,1.7993902,0.19529895,0.0,0.0,0.32204494,0.0,0.0,0.0,0.0,0.0,0.0,0.0,0.0,0.82656,0.9733332,1
0.0,0.0,0.71243906,0.21536466,0.23363462,1.2005264,0.38008946,0.0,2.1569114,1.7177324,0.0,0.20890409,0.92274934,0.0,1.6805656,0.0,0.69357085,0.0,0.0,2.2580414,0.9113091,0.0,0.0,0.816398,0.89856744,0.0,0.8265577,1.266211,0.22020304,0.94131297,0.18674053,2.2802787,2.358988,0.0,0.0,1.0849874,0.0,0.0,2.078823,2.4316733,0.0,0.0,0.40266997,0.70034844,0.0,0.0,1.0826173,0.0,1.3974227,0.0,1.7762988,0.45436776,1.5801096,0.0,0.024641173,0.0,2.2515535,1.8273933,2.7161844,0.43201935,1.2240788,0.00015049102,0.0,3.6189904,0.0,1.752863,0.0,0.8274646,0.0,0.0,2.7218368,0.8833482,3.8025463,0.0,1.6108227,0.0,0.0,2.4350283,0.0,0.81844443,1.7823927,0.0,0.40594152,2.8115842,0.0,1.8024921,0.4743013,0.0,0.0,1.1738799,1.7062687,0.0,0.0,1.3496685,0.7864526,0.0133182,1.0458978,1.7007965,0.0,1.0683692,1.1888117,1.1058655,1.1589543,2.1253433,2.0750947,1.3284701,0.0,1.7906836,0.7691441,1.2775885,0.19653429,0.0,0.0,1.4447476,0.6880891,0.99741876,0.0,0.0,0.0,0.0,0.05641568,0.16235705,0.0,0.0,0.0,0.024106821,0.0,2.3833234,1
0.0,0.0,0.9118459,0.98337215,1.3542395,1.189565,0.3237672,0.31565908,1.4495509,1.4636644,0.0,0.72996783,0.44500327,0.43001667,0.41097608,0.0,0.72024906,0.0,0.4449448,1.248884,0.42652798,0.0,0.0,0.22427969,1.0677041,0.055490028,0.53694606,0.338642,0.0,0.12518126,0.0,2.8798099,1.9330204,0.0,0.0,2.0393305,0.0,0.025802473,1.6839082,0.0,0.0,0.0,0.9754949,0.8788891,0.7202834,0.0,1.6399682,0.0,1.7063884,0.004205405,2.303981,0.0,2.1608143,0.0,1.0010128,0.0,2.1941493,2.7200515,0.9558578,1.5886565,2.0942662,0.0,0.0,2.020552,0.0,0.88493675,0.4078054,1.1023457,0.0,0.0,2.3714736,0.28258792,2.50507,0.116780356,1.052406,0.0,0.0,1.5281587,0.40680414,1.1404785,1.9753231,0.0,0.33071223,1.4621849,0.0,0.59828025,0.0,0.0,0.0,0.8524234,0.04401729,0.0,0.0,0.0,1.4382641,0.0,1.2599925,1.2307644,0.5530038,0.80388916,0.0,1.3766916,0.0,1.5564194,2.4612494,0.92069525,0.0,1.0779213,1.4196522,1.552976,1.095724,0.0,0.0,0.14400758,1.5161859,0.8468926,0.0,1.4754909,0.0,0.0,1.2194229,0.0,0.0,1.159528,0.0,0.0,0.0,1.2570817,1
0.0,0.0,1.0776386,1.4856144,1.132655,0.4838715,0.0,0.0,0.76800233,1.9031972,0.0,0.0,0.0,0.40688854,0.59428877,0.0,1.5297794,0.0,0.34157586,0.6361732,0.0,0.0,0.0,0.021475052,1.1333998,0.0,0.0,2.1701016,0.0,0.59320116,0.8241714,1.71857,1.6715543,0.0,0.0,0.5888357,0.47506177,0.79653376,2.291429,1.9832321,0.76454955,1.8281233,0.0,0.30434075,0.0,0.5678443,2.1069229,0.0,1.2719837,0.0,1.3488325,0.0,2.223204,0.0,0.2576438,0.0,2.548935,2.3770757,1.9556367,0.7530383,1.0147765,0.8389347,0.0,3.0606508,0.0,1.8516208,0.0,1.0095068,0.0,0.0,2.2036288,0.8659387,2.6758306,0.39447203,0.0,0.0,0.0,1.3071768,1.286756,0.0,1.421729,0.0,2.17856,1.0512259,2.2306497,0.0,0.48510015,0.21528667,0.0,0.005728405,1.3168063,0.0,0.86844796,0.8904842,1.103189,0.0,2.0032833,1.6745263,0.0,0.0,1.0166321,1.4281391,0.085337326,0.5946205,1.3994421,0.1579978,0.0,1.7292025,1.437315,0.17649908,1.5726138,0.0,0.0,0.5731781,0.35482007,0.0,0.0,0.0,0.0,0.0,0.0,1.3062857,0.0,0.0,0.0,1.106157,0.0,1.5659581,1
0.0,0.0,0.0,0.35712692,2.1858263,2.6650052,1.566204,0.0,2.1868417,1.6144805,0.0,0.0,0.71932435,0.0,2.0968673,0.0,2.3917046,0.0,2.10346,0.0,0.0,0.0,0.81941503,1.3248847,0.51350373,0.4711748,0.0,1.9249043,0.00487817,0.63984084,1.7347398,1.1989233,1.3639127,1.4239963,0.0,3.085534,0.48374122,0.0,2.1840706,0.2131952,0.0,0.8694805,0.5045082,0.77085733,0.009155686,0.0,1.7091932,0.0,1.6895592,0.78541327,0.26803035,0.0,1.4056392,0.0,0.5755536,0.0,3.715479,1.0457414,1.4847327,0.53726447,1.9451723,1.2763728,0.0,1.5515181,0.0,0.98426956,0.0,0.58459,0.0,0.0,0.8753093,0.0935999,2.4798124,0.0,0.3038128,0.0,0.0,2.3800423,1.8867759,1.2903645,1.6458465,0.027932102,1.3881656,1.5614998,1.5687485,0.25626397,0.25560278,0.0,0.0,1.4160897,0.69914526,0.0,1.2471323,0.39156616,1.2125611,0.0,1.3219802,0.0,0.3120995,0.0,4.025565,2.1986,0.0,0.0,0.72955936,1.5035127,0.4154017,0.28701487,0.18433766,1.7501734,1.2534508,0.0,0.0,0.95081896,0.0,0.0,0.0,0.55721027,0.0,0.010136089,0.0,0.6268043,0.0,0.0,0.0,0.0,0.0,1.9321454,1
0.0,0.0,2.3621666,0.5082287,0.5019064,2.1774871,0.29708114,0.0,2.2164013,1.357118,0.0,0.0,0.08356552,0.0,2.8054771,0.0,0.0,0.0,2.5809386,0.0,1.1438191,0.0,0.0,0.54704195,0.6714746,0.0,0.0,0.31970754,0.0,1.0413711,0.82630837,0.0,0.0,0.0,0.0,1.9502996,0.0,0.0,2.4486668,0.0,1.2216202,1.2784617,0.74166423,1.7160197,0.0,0.0,1.7449993,0.0,2.111668,0.13609213,1.0976713,0.0,2.3746543,0.0,0.0,0.7700256,3.750935,2.6267526,1.827464,0.0,2.2846384,0.55183893,0.0,4.30288,0.0,0.8126598,0.0,0.0,1.3995299,0.0,1.3092861,0.0,2.7030327,0.0,0.0,0.0,0.0,1.5126289,0.4486126,0.6255266,1.714374,0.0,0.29600427,2.1639187,0.21530667,0.0,0.24084133,0.20061074,0.20164923,0.2251796,1.4579065,0.0,1.1375481,0.6660207,1.3723031,0.0,2.5224223,0.0,0.13288467,0.0,1.2629203,1.8307471,0.0,1.0811111,0.27705774,0.0,0.0,1.1013747,0.37288082,0.6678688,0.118323065,0.0,0.0,1.6019087,0.55812067,0.0,0.0,0.7902177,0.0,0.0,0.0,0.0,0.0,0.0,0.0,0.0,0.0,1.839123,1
0.0,0.0,3.2667577,0.3360773,0.0,1.3679291,0.0,0.0,2.5190928,1.4125518,0.0,1.086933,0.0,0.0,1.5683132,0.0,1.4161006,0.0,1.14442,0.0,0.0,0.0,0.0,0.0,1.2118059,0.0,0.0,1.3730161,0.069323726,0.40455917,0.0,0.08902149,0.054785196,0.0,0.5693298,2.8197525,0.74066013,0.0,2.8750143,1.7905391,0.65242624,1.3604661,1.4261518,1.1800557,0.017167773,0.07556317,2.166591,0.0,1.885578,0.0,0.40416083,0.0,3.0014975,0.0,0.0,1.0429734,2.1128268,1.2266315,0.4046267,0.0,2.2072845,1.1003004,0.0,4.0203996,0.0,0.85915446,0.0,0.053740848,0.17151837,0.0,0.41816118,1.2151568,2.5270607,0.0,0.0,0.0,0.108759016,1.4083627,0.61375666,1.5726378,2.2375927,0.0,1.3729385,0.9559181,0.0,0.0,0.0,0.5858776,0.069075935,1.571387,1.6493359,0.0,0.077651255,1.7429247,1.2570573,0.0,3.1378832,0.91575885,0.0,0.44203654,1.1686482,0.7500738,0.36286974,0.7043013,0.24046756,0.0,1.1961435,1.2041856,0.0,0.34258112,0.06240053,0.0,0.0,1.4282565,0.22486393,0.0,0.0,0.0,0.0,0.0,0.0,0.06693025,0.0,0.0,0.0,0.0,0.0,1.8858579,1
0.0,0.0,1.7862504,0.0,0.21602857,1.6886398,0.46734113,0.0,3.2254293,2.13654,0.0,0.0,0.20263033,0.7854776,1.3885309,0.0,0.40170902,0.0,1.6772013,0.38635606,0.040564474,0.0,0.0,0.0,1.8071108,0.0,0.0,0.8770108,0.0,0.0,1.0492842,0.10773052,2.0658443,1.0144547,0.0,2.1459496,0.23867501,0.38545236,2.402745,0.0,0.21586789,0.24235754,0.95298034,1.589675,0.1500887,0.06781838,1.5153732,0.0,1.0119148,0.0,0.0,0.0,2.5885348,0.0,0.0,0.0,2.2325344,2.4701226,1.688494,1.0747977,1.143485,0.0,0.0,2.8122034,0.0,0.0,0.0,0.088649504,0.0,0.0,1.9442291,0.5677999,2.8583028,0.0,0.0,0.0,0.2155821,3.641793,0.5330799,0.71834874,2.1559563,0.092640035,0.0,1.982132,0.9434828,0.0,0.0,0.0,0.0,1.2166598,0.5462759,0.0,1.6830235,0.90173334,0.939949,0.0,2.0933864,0.9097766,0.0,0.0,1.9375182,0.7413119,0.25895855,1.6186529,1.724837,0.39141786,0.0,1.447889,0.997702,0.44073218,0.0,0.0,0.0,3.0259578,0.0,0.0,0.0,0.59011245,0.0,0.0,0.25349224,0.0,0.0,0.0,0.0,0.0,0.0,1.9472028,1
0.0,0.0,2.4565246,0.6051176,0.9121707,2.3835068,0.0,0.0,2.7375333,1.4453471,0.0,0.0,1.3418554,0.0,1.8038975,0.0,0.64302874,0.0,1.779055,0.3154783,0.34765768,0.0,0.0,0.0,0.0,0.0,0.0,2.1217012,0.44823068,0.0,0.18132986,0.95626986,1.3180974,0.0,0.0,2.0407073,0.0,0.0,2.798465,1.0832936,1.0038615,0.0,0.6546199,1.455976,0.0,0.0,2.532137,0.0,2.8159988,0.0,0.8372488,0.0,2.348783,0.0,0.0,0.15877599,3.8176823,2.5419948,1.0743105,0.45123225,1.4640591,0.0,0.0,3.6479774,0.0,0.06462836,0.15306993,0.19726859,0.0,0.0,2.5536337,0.0,2.4615824,0.0,0.0,0.0,0.0,3.1038728,1.8866113,1.1709774,2.1338685,0.0,0.25026575,1.2131358,0.0,0.94111264,0.11487697,0.7555016,0.0,1.2889446,1.7818102,0.27349252,0.0,1.4117994,0.94594085,0.0,2.1192317,0.0,0.0,0.0,2.4522047,1.0990937,0.83453786,1.2777008,0.67541957,0.0,0.0,1.3561033,0.9808769,1.0359777,0.77334136,0.0,0.0,0.48559883,0.21324228,0.0,0.0,0.16518866,0.0,0.0,0.37876463,0.0,0.0,0.012632414,0.0,0.0,0.0,3.309305,1
0.044271447,0.0,1.1455162,0.76296663,0.123594195,1.2552422,0.44030446,0.0,3.2684827,2.307,0.0,0.0,1.5819885,0.0,2.5124319,0.0,0.0,0.0,1.6886896,0.32333758,0.76246667,0.0,0.0,0.48415637,1.0321732,0.0,0.0,0.42654082,0.16128695,1.2216387,0.23400642,0.17050363,1.5849748,0.0,0.0,2.0512104,0.0,0.0,2.5689116,0.7177953,0.969417,1.1755184,0.43444735,2.0299022,0.4934448,0.0,1.9141728,0.0,0.8473876,0.23539507,1.0636292,0.0,2.3074267,0.0,0.0,0.0,2.595844,1.385405,1.3431798,1.2451512,0.06654495,1.3838965,0.0,4.492398,0.0,0.0,0.0,0.0,0.0,0.0,0.9203418,0.0,2.1913838,0.0,0.0,0.0,0.3713809,3.1228747,0.80843836,0.40702015,1.6848104,0.0,0.7005553,1.5837576,0.5504307,0.0,0.0,0.21955867,0.0,0.84138227,0.8013653,0.0,0.5825076,1.0458088,0.16755089,0.0,2.1515975,0.62453014,0.0,0.0,2.0857666,0.5744643,0.0,2.5472336,0.65322024,0.0,0.37085903,1.6200316,0.6036758,0.7934589,0.0,0.23757087,0.0,2.6028917,0.7715962,0.0,0.0,0.33857137,0.0,0.0,0.33865827,0.040073767,0.0,0.0,0.0,0.0,0.0,2.1140878,1
0.0,0.0,1.7644017,0.27003536,0.65148556,2.14219,0.0,0.0,1.7493112,1.2655737,0.0,0.044467054,1.3346204,0.56722164,1.3900675,0.0,0.90428203,0.0,1.3438985,0.4824092,0.68018013,0.0,0.0,0.79779124,0.83871794,0.0,0.5533359,1.2452648,0.0,0.95479804,0.0,1.4602833,1.6958551,0.48902345,0.0,1.4595824,0.0,0.41573694,2.9989352,0.17271417,1.0669886,0.29544407,0.4073956,1.7746528,0.108925186,0.0,2.2805483,0.0,1.0036575,0.0,2.1758978,0.0,2.3164296,0.0,0.0,0.0,3.5723429,2.7592206,2.0114498,1.2869741,1.7622068,0.0,0.0,3.8397484,0.0,1.4700518,0.0,0.09206068,0.0,0.0,1.5653064,0.5240949,3.1189852,0.0,0.0,0.0,0.0,2.440973,1.1971008,0.81756085,1.1021038,0.0,1.0311092,1.5143216,0.18689284,0.0,0.050582826,0.0,0.0,1.5980587,0.39724597,0.0,0.81232816,0.24337931,1.5917512,0.0,1.6712334,0.22780474,1.3839395,0.0,0.73550487,2.2431352,0.0,0.68709093,1.0572509,1.0147761,0.0,1.2345017,1.0883034,1.3455441,1.060043,0.0,0.0,0.5114094,0.16348617,0.0,0.0,1.7155043,0.0,0.0,0.0,0.0,0.0,0.026323065,0.0,0.0,0.0,2.0859108,1
0.0,0.0,3.8404658,0.113995634,1.0051063,0.0,0.0,0.0,0.60123456,0.8091814,0.0,0.13405165,0.0,0.0,1.0292051,0.0,0.0,0.0,2.5400903,0.9990733,0.94091177,0.0,0.0,1.0146931,1.2413493,0.0,0.0,1.3881357,0.0,0.0,0.5052465,2.3044028,1.1702955,0.0,0.51567316,0.55878866,0.10327911,0.0,3.4432867,0.1626336,0.0,0.4258091,0.09875637,0.0,0.0,0.0,1.522344,0.0,1.4262601,0.0,0.15450133,0.0,1.8186462,0.0,1.0897686,0.0,3.7414422,1.5581877,2.3314686,0.33703646,2.42219,0.0,0.0,3.628879,0.0,0.87681705,1.1528305,0.11015468,0.0,0.0,2.1321182,0.49913332,3.4404273,0.0,0.14040023,0.0,0.0,0.92624927,0.0,0.5072232,0.61917526,0.0,0.0,0.41449195,0.0,0.35240987,0.72997415,0.08451732,0.0,2.5969691,0.97215647,0.45085627,0.1669979,1.999594,0.117925316,0.0,0.6878926,1.1369467,0.22028427,0.0,0.091826886,2.0593798,0.522839,0.0,0.85116863,0.4448117,0.0,1.3373584,0.7827854,0.0,0.06681404,0.0,0.0,2.2255492,0.0,0.0,0.13538355,0.0,0.0,0.0,0.0,0.0,0.0,0.25361186,0.0,0.9012899,0.0,0.23748182,1
0.0,0.40827695,0.9039874,0.56382006,0.75063276,1.2315679,1.161201,0.0,2.5133674,1.7693816,0.0,0.0,0.40145698,1.0422412,1.112753,0.0,1.7273774,0.0,0.8491785,0.0,0.0,0.0,0.17013963,0.0,1.4903584,0.0,0.0,1.5619135,0.0,1.5816894,0.9951863,0.7141648,1.6988542,0.0,0.0,1.8556731,0.7422774,0.5462509,1.4701564,1.2168759,0.2728756,0.46387428,0.54503506,1.2261164,0.0,0.06719897,1.9605565,0.0,0.56806046,0.105484724,1.2798496,0.0,1.1341501,0.0,0.0,0.0,1.9232937,2.7447336,2.4607723,0.34605604,1.967785,0.397426,0.0,2.1536865,0.0,1.877892,0.0,0.8625247,0.21091735,0.0,1.4846063,0.3597194,3.1004608,0.0,0.21814802,0.0,0.0,2.161093,0.4980495,0.4067577,1.8113115,0.0,1.7950102,2.359115,1.7395364,0.8382854,0.0,0.44144693,0.0,0.86266625,0.6391482,0.0,1.6086968,0.5425425,1.1789445,0.0,2.427759,0.15421219,0.0,0.0,1.2620122,2.5168886,0.0,0.37245935,1.1411225,1.1110114,0.0,1.4479846,0.55459625,1.6040945,0.56543815,0.0,0.0,1.1214598,0.8799407,0.0,0.0,0.40532252,0.0,0.0,0.0,1.3593085,0.0,0.0,0.0,0.829766,0.0,1.3636,1
0.0,0.0,1.8010621,0.9335593,0.736485,1.1094337,0.37786758,0.0,0.8489739,0.74008757,0.0,0.0,0.0,0.28971767,2.1524537,0.0,1.0823138,0.0,0.420152,0.0,1.1099826,0.0,1.1902035,0.0,0.6396696,0.0,0.0,1.1164978,0.0,2.1889648,1.1812702,0.25602776,0.5352682,0.0,0.1961833,1.6708149,0.49709934,0.29072985,2.8611445,0.69680697,0.12074144,0.48975223,0.1336518,0.66399384,0.0,0.0,2.328031,0.0,0.68116647,1.1288022,0.9077635,0.3544195,2.0613792,0.0,0.8088874,0.03981409,2.9178338,2.0219672,1.9221405,0.73466563,2.0599842,0.4791362,0.0,3.9155014,0.0,2.1757383,0.0,1.1007366,0.8521933,0.0,1.6955638,1.0913408,2.666958,0.0,0.0,0.0,0.0,2.2996604,0.0,0.713242,1.7127031,0.0,1.3544525,1.8225946,1.4345764,0.29712793,0.0,0.9077581,0.0,0.37517247,0.36877382,0.0,1.2837635,0.0,1.1811812,0.0,2.3437471,0.63357604,0.0,0.0,1.9322321,3.1296177,0.8823395,0.04842328,0.43396738,0.0,0.0,1.5516814,0.40631878,1.0877254,0.23868571,0.38129327,0.0,2.361457,0.0,0.0,0.0,0.0,0.0,0.0,0.0,1.5056682,0.6590407,0.0,0.0,0.44586322,0.0,0.9892399,1
0.0,0.0,1.4085467,0.92378205,0.595515,0.14949912,0.08329611,0.0,2.8681476,1.8889983,0.0,0.0,0.998408,1.4325376,1.8232034,0.0,0.0,0.0,0.536882,0.41136903,0.0,0.0,0.0,0.0,1.4757669,0.0,1.1134627,1.6765027,0.119046815,0.0,1.3000089,1.2359374,1.6799369,0.0,0.0,2.776314,0.0,1.3830794,3.216321,1.5653207,0.88916993,1.2032622,0.40893537,1.4630319,1.0846406,0.11359111,1.932009,0.0,1.660319,0.0,1.0041752,0.0,1.916486,0.0,0.0,0.0,2.69331,1.2086289,2.3881295,1.7085282,0.24117711,0.6488966,0.0,2.0389972,0.16547532,1.590564,0.0,1.2772988,0.0,0.0,2.728509,0.0045365077,3.2029986,0.0,0.0,0.0,0.007820428,2.284599,2.012108,0.5620479,1.2666856,0.31355384,0.63334554,2.70978,0.11665025,0.0,0.67525566,0.64893717,0.0,1.661008,0.57573324,0.0,0.6869147,0.2044308,1.2181317,0.0,2.6003733,1.1174208,0.0,0.0,1.0867966,1.7862854,0.28470424,0.24279775,2.27783,1.0081507,0.0,1.1768185,0.41356546,2.1910055,0.33667806,0.0,0.0,1.243986,0.949632,0.6425976,0.0,1.2877456,0.0,0.0,0.0,1.2927724,0.0,0.29931638,0.0,0.14071532,0.0,2.370124,1
0.0,0.0,3.0154097,0.3861235,0.0,2.3592625,0.0,0.0,2.729893,0.6746015,0.0,0.5524402,0.0,0.0,0.58088255,0.0,0.5523404,0.0,2.3676777,1.6519744,0.8825937,0.0,0.0,0.0,1.4852902,0.0,0.65881234,0.0,0.0,0.86710584,0.8669849,1.8519887,1.1157396,0.0,0.7303106,2.857938,0.0,0.0,2.4107385,0.63411343,0.0,0.16625993,0.937897,0.9652711,0.0,0.0,0.5613847,0.0,1.908224,0.0,0.0,0.0,1.9318023,0.0,0.47068495,0.1409198,3.7516372,1.6044437,2.5197096,0.0,1.8510089,0.32918835,0.0,1.358852,0.0,0.7670416,0.0,0.22041996,0.0,0.0,2.1400895,0.12206182,2.9980834,0.0,0.609196,0.0,0.88958997,2.352332,1.8615088,2.2945545,1.0107538,0.0,0.0,2.6150537,0.0,0.56986666,0.1172432,0.0,0.0,1.7186116,2.5427916,0.6537202,1.9853718,1.4730409,2.3114324,0.0,1.3069881,0.35241246,0.43525684,0.0,1.9680353,1.826966,1.1840985,1.4264648,0.4643448,0.74123806,0.14538874,2.5443964,0.70999146,0.13807802,0.37817675,0.0,0.0,1.6596109,0.0,0.22211376,0.0,0.0,0.0,0.0,0.0,0.32023084,0.0,0.0,0.0,0.0,0.0,1.8164333,1
0.0,0.0,2.3615456,0.17275393,0.34123412,0.0,0.17869928,0.0,1.4700211,2.243314,0.0,0.91933125,0.0,0.0,1.8438852,0.0,1.2509973,0.0,0.18805547,0.34763244,1.0586759,0.0,0.0,0.0,0.80361784,0.0,0.0,0.4449724,0.06954419,1.7725356,1.1523064,0.0,0.015419338,0.0,0.4773731,1.7494812,0.0,0.0,2.3860419,1.367902,0.0,1.9390215,0.74465805,0.92077017,0.9856263,0.0,2.0622694,0.0,1.0006142,0.0,0.25726536,0.0,3.1739106,0.0,0.40967333,0.0,2.458825,0.0,1.4285485,0.0,2.377669,0.561054,0.0,3.185246,1.2018992,0.4432177,0.0,0.48440418,0.12909153,0.0,1.3313408,1.3898721,0.8458552,0.0,0.0,0.0,0.8133203,1.7803782,0.3579061,0.0060769957,1.160164,0.0,0.84156346,1.2361085,0.0,0.0,0.0,0.8456251,0.0,0.0,0.3970025,0.0,1.1018101,1.1039832,2.1469417,0.0,2.2692833,1.1615032,0.0,0.0,2.6109867,1.7610095,0.0,1.8181181,0.95908886,0.0,1.542613,1.2143822,0.0,0.26471484,0.22469942,0.0,0.0,2.6828034,0.0,0.26008165,0.0,0.0,0.0,0.0,0.0,0.15856309,0.0,0.0,0.0,0.0,0.0,1.4928569,1
0.0,0.0,2.6548584,0.16347995,0.41357222,2.0991225,0.57924026,0.0,2.6514368,1.1400434,0.0,0.3050057,0.61638814,0.0,1.0823112,0.0,1.0516205,0.0,1.0520438,0.13070612,0.7254873,0.0,0.0,0.0,1.0598371,0.0,0.0,1.2508156,0.39765882,0.043445706,0.95612,0.7383647,0.25084415,0.48884073,0.0,2.7409089,0.0,0.33666232,2.0110383,0.7400284,0.6067122,0.43373936,1.0375874,1.9643098,0.33450183,0.0,2.2692816,0.0,1.7274183,0.0,0.6132317,0.0,2.9169059,0.0,0.1488748,0.0,3.078763,1.9131212,1.9217824,0.0,2.8947284,0.0,0.0,2.9855087,0.0,0.77897954,0.0,1.1471324,0.9793521,0.0,2.3108416,1.0332974,3.3486269,0.0,0.0,0.0,0.0,0.9850711,1.8664042,0.9351369,1.9204077,0.0,0.39596435,2.4517236,0.0,0.35001588,0.0,0.0,0.0,0.0,1.188605,0.0,1.2656548,0.0,1.3141493,0.0,1.9438328,0.5038059,0.19661151,0.0,1.2157623,2.1704476,0.0,1.1173646,0.8173209,0.37120435,0.0,0.5119676,0.82173896,1.2872938,1.5046984,0.0,0.0,0.5238932,0.7382881,0.0,0.0,1.3951739,0.0,0.0,0.27336,0.0,0.0,0.33797655,0.0,0.0,0.0,2.1546724,1
0.0,0.30971718,2.2650561,0.6331337,0.20970783,1.8457428,0.8521659,0.0,2.0360475,2.5205925,0.0,0.18492383,0.38476798,0.0,1.8679496,0.0,1.2371762,0.0,1.8674018,0.81101084,0.0,0.0,0.0,0.0,1.9479818,0.0,0.0,1.7835453,0.7883069,0.0,0.415155,1.5257992,0.22821182,0.0,0.0,3.1254456,0.0,0.0,1.8833768,2.1794364,0.17115189,0.9355385,0.0,1.898505,0.60081995,0.0,1.1317317,0.0,2.0260112,0.0,0.0,0.0,1.8680751,0.0,0.39836204,0.3274822,4.855936,0.73929346,0.6857662,0.0,1.4930024,0.11974295,0.0,2.8040671,0.0,0.0,0.0,1.1965401,0.0,0.0,1.9570397,0.42723295,2.8140893,0.0,0.0,0.0,1.0966136,3.1729848,1.164749,0.76272875,2.85486,0.0,0.99532557,2.4868588,0.2766513,0.04236499,0.0,0.0,0.0,0.8860606,0.4268957,0.0,1.0438572,1.1222386,1.3058082,0.0,1.8659219,0.0,0.0,0.26287353,1.9606124,2.2736306,0.0,0.6221035,1.2440625,0.7435635,0.0,1.2308577,1.0610693,1.9834685,0.2610956,0.0,0.0,2.0269182,0.0,1.6328914,0.0,0.5276753,0.0,0.0,1.2748533,0.3423749,0.0,0.0,0.0,0.0,0.0,2.699256,1
0.0,0.17480178,0.4501942,0.9505566,0.0,0.0,1.149186,0.0,1.2642506,0.5044034,0.0,0.0,0.34642142,0.3918256,1.0835445,0.0,3.3751822,0.0,0.1108243,1.2595489,0.0,0.0,0.0,0.0,1.7771767,0.0,0.42504698,0.9107817,0.0,0.0068999524,0.276116,0.9946619,1.1547534,0.0,0.0,1.492505,0.22813411,0.7256449,2.2503119,2.0980384,1.3923551,0.5080796,0.29876727,0.14040971,0.0,0.5243616,1.7754818,0.0,0.9603252,0.0,2.7416415,0.0,0.93703294,0.0,0.2286049,1.0599966,0.76448774,1.6834269,0.47918034,0.744213,0.7065569,1.0474904,0.0,1.0992543,0.0,1.6384242,0.0,1.8353256,0.0,0.0,1.5358903,1.303847,2.047023,0.0,0.5141096,0.0,0.0,0.5084991,0.7206308,0.0,2.43336,0.0,1.8871747,1.0577438,0.1153343,0.9603314,0.63037026,1.2414637,0.0,1.2747716,0.4973713,0.0,0.0,1.2672441,1.2528335,0.0,2.3030972,2.1920693,0.0,2.747632,1.3198669,0.5444287,0.0,1.7079194,0.6602875,0.9431661,0.21348678,2.4516468,0.0,2.742257,1.2295746,0.0,0.0,0.62850505,0.26756212,0.24335828,0.0,0.0,0.0,0.0,0.0006253744,0.0,0.0,0.0,0.0,0.0,0.51032203,1.7442042,1
0.0,0.0,1.9744103,1.4874425,0.48284957,0.35924464,0.0,0.0,1.1346618,1.1331263,0.0,0.0,0.0,0.2742696,1.9863265,0.0,2.0757666,0.0,0.0,1.0119786,0.6191966,0.0,0.0,0.0,0.96729124,0.0,0.0,2.107184,0.0,0.9157269,0.0,1.2663594,1.2885514,0.0,0.0,0.9119437,0.0,0.0,2.7780552,1.9773953,1.077817,1.9457587,0.07549566,0.9151242,0.08747845,0.31066748,0.96561384,0.0,1.4939622,0.0,1.0701461,0.0,2.3304052,0.0,0.014235991,1.3668597,1.9293165,1.4291854,2.8206387,1.054885,0.7616062,0.9779141,0.0,2.5049968,0.5711194,0.78380716,0.0,1.2845036,0.0,0.0,1.153527,1.0712252,3.0961998,0.0,0.0,0.0,0.0,2.213608,0.06966055,0.26388866,1.7794574,0.0,1.580701,1.1123544,0.35465583,0.21878436,0.0,1.1344656,0.0,1.230023,2.1411214,0.0,0.7224778,1.4008529,1.1465173,0.0,2.4297853,0.39559376,0.0,0.09256393,0.8881309,1.3762456,0.52560425,0.7315345,1.7827653,0.48693508,0.0,2.1952605,0.0,1.9497261,1.2884347,0.5220864,0.0,2.3570251,0.4405923,0.0,0.0,0.0,0.0,0.0,0.0,0.8967901,0.0,0.0,0.0,0.4317774,0.0,2.230034,1
0.0,0.0,2.5819263,0.0,0.0,0.58567923,0.0,0.1840743,1.4802972,1.0791339,0.0,0.64489657,0.0,0.0,1.3781815,0.0,0.010772997,0.0,0.5092066,1.9455497,0.06665265,0.0,0.0,0.0,0.8501396,0.0,0.0,1.0774246,0.4177769,1.2602336,0.5448615,2.573113,0.35978815,0.0,1.3377137,3.1586149,0.0,0.0,2.846303,0.60183495,1.2595361,0.52905124,0.38140982,1.3034635,0.33616439,0.0,2.5452979,0.0,1.303727,0.0,0.21411045,0.0,1.1474963,0.0,0.0,0.0,1.0799724,0.0,2.5661905,1.228168,1.670285,0.0,0.0,1.5696812,0.0,0.4072168,0.0,0.5159144,0.18126583,0.0,0.8272539,1.4403254,0.511014,0.0,0.0,0.0,0.0,1.4942993,2.1122532,1.055918,1.8852344,0.0,0.5982913,0.5552417,0.0,0.24388006,0.0,0.0,0.0,1.6934512,0.0,0.0,0.69767505,0.0,2.1987395,0.32338166,1.9266479,0.0,0.0,0.16857867,1.8460568,0.5349277,0.0,1.2233053,1.8784698,0.0,0.0,0.17294578,0.0,0.0,0.41566482,0.5993369,0.0,1.6351913,1.0677803,1.8385139,0.0,0.18267241,0.0,0.0,0.0,0.547579,0.0,0.0,0.0,0.0,0.0,2.0018234,1
0.0,0.0,1.4987125,2.4145799,0.31392258,1.8483859,0.8989858,0.0,1.4760054,1.9850943,0.0,0.0,0.4305782,0.0,1.7370198,0.0,1.365353,0.0,0.050066784,0.14820851,0.0,0.0,0.0,0.0,0.49375474,0.0,0.11921013,1.8890152,0.0,0.78172624,0.7988208,0.30808878,1.0122077,0.0,0.0,1.7372338,0.0,0.17125826,3.069787,0.15905732,0.0,0.40432554,0.4553786,0.51207966,1.0935942,0.0,2.4859588,0.0,2.2120275,0.0,1.9763448,0.0,2.5221722,0.0,0.400267,0.0,3.5139737,1.7054474,2.4659245,0.39386803,0.87487805,1.2363642,0.0,2.383183,0.0,1.1840357,0.0,0.13288105,0.0,0.0,1.4365153,0.0,2.136998,0.0,0.42211825,0.0,0.0,2.271822,0.49250817,0.74790466,2.3608134,0.0,1.2705568,1.6378721,0.508393,0.5265825,0.0,1.5959146,0.0,0.7946365,1.1032212,0.45806772,1.065664,1.6368674,1.3293631,0.0,2.8191457,0.82967436,0.0,0.0,2.8169003,1.878687,0.0,1.3878331,0.7054151,0.0,0.0,0.8045156,0.0,1.5916189,1.1889639,0.0,0.0,2.3451977,0.38018057,0.0,0.0,0.58217174,0.0,0.0,0.0,0.72659975,0.0,0.0,0.0,0.026223084,0.0,2.1210313,1
0.0,0.0,1.1964588,1.599519,0.09176776,0.108074114,0.5797224,0.0,1.1014866,0.94973636,0.0,0.0,0.29505453,0.0,1.124738,0.0,1.4232113,0.0,0.68706363,0.0015227091,0.48995087,0.0,0.5352766,0.0,1.3996218,0.0,0.0,1.050523,0.0,2.3382573,1.1906135,0.0,0.6778507,0.0,1.1722258,0.91212523,1.0578501,0.0,1.4791472,2.5083554,0.5525154,0.9792736,0.12506515,0.36537436,0.0,0.0,1.5079443,0.0,0.0,1.5146173,0.83810115,0.0,1.4399467,0.0,0.3473999,1.3551829,1.2342162,2.1539574,1.6668884,0.81686187,1.351063,1.2317983,0.0,2.0706763,0.0,2.024144,0.0,0.6405055,0.96263224,0.0,2.1377237,1.3342513,3.409445,0.0,0.0,0.0,0.0,2.4261963,0.0,0.0,1.0639373,0.0,2.112883,0.90423393,1.4961483,0.0,0.33535564,1.1930845,0.0,0.55417407,1.0971099,0.0,0.75387573,0.6284549,1.232149,0.0,2.3027716,0.04888154,0.0,0.0,0.58319193,2.2949502,0.7552932,0.60078174,1.4371473,0.0,0.5534887,1.9094918,0.3874836,1.19431,0.13714103,0.34209234,0.0,2.137684,0.0,0.0,0.0,0.0,0.0,0.0,0.0,1.0187471,0.0,0.0,0.0,0.13085432,0.0,0.7391638,1
0.0,0.0,2.0814135,1.0726943,1.0421678,0.7544511,0.12892038,0.0,1.9527663,1.7029423,0.0,0.7574238,0.0,0.0,0.65663797,0.0,2.5625489,0.0,0.61248195,0.75604373,0.21784663,0.0,0.0,0.0,1.3692687,0.0,0.0,0.0,0.6688485,1.0453312,0.0,0.68829346,0.0,0.0,0.0,0.45325118,0.085268974,0.0,1.5117404,2.849569,0.0,2.135114,2.3012402,0.1671192,0.0,0.0,1.4980135,0.0,1.5705813,0.63946795,0.6162884,0.0,1.834732,0.0,0.42521918,0.5983682,2.552848,0.5412841,0.6867527,0.0,2.0751998,0.88128793,0.0,2.4601002,0.0,0.9702719,0.111152306,0.51648253,0.0,0.0,0.69641674,1.7063539,3.273239,0.0,0.0,0.0,0.0,1.705427,0.26464367,0.124228425,2.170416,0.0,1.7800068,0.76030576,0.0,0.0,0.0,0.19642244,0.0,2.7958398,1.7670996,0.0,0.10854428,1.8064799,0.47402415,0.0,1.4841405,0.0,0.0,0.6779961,0.6535988,1.0518508,0.5396437,0.4120444,0.6715953,0.0,1.375499,0.83828765,0.82005197,1.1361524,0.0,0.6174373,0.0,1.8358742,0.5463258,1.5479666,0.0,0.0,0.0,0.0,0.0,1.2545786,0.0,0.0,0.0,0.018369725,0.0,1.986728,1
0.0,0.736408,1.2627404,0.42237437,0.22406456,1.4943229,0.0,0.0,1.1163646,0.0,0.0038468614,0.16570605,0.00287233,0.09523144,1.9486818,0.0,1.5611631,0.0,1.4668851,0.0,0.3254774,0.30630377,1.2752608,0.0,0.13035129,0.0,0.0,1.3432488,0.0,1.9358855,0.8016978,0.0,0.29305154,0.0,0.0,1.1735159,1.5323898,0.0,1.9605602,0.2512291,0.23437323,0.52766514,0.7212046,1.991201,0.0,0.090282895,2.04035,0.0,0.61613077,0.94551694,0.59444076,0.0,2.0217733,0.0,0.32132167,0.0,1.9959619,1.8872344,1.2430933,0.5753027,2.8526077,0.0,0.0,3.157905,0.0,1.9280635,0.0,0.28942937,1.5964757,0.0,1.1019435,1.1238916,2.18041,0.0,0.0,0.0,0.0,2.582247,0.40655077,0.917921,1.2810405,0.0,2.1969528,0.84364223,1.750233,0.38947132,0.16784084,1.1933299,0.0,1.7354748,0.24334231,0.0,0.11775022,0.43763396,0.83416206,0.0,1.9138414,0.2729386,0.10955768,0.0,1.5460203,2.514256,0.022362351,0.0,0.0,0.0,0.6485277,0.75055337,0.42452618,0.622494,1.0190922,0.6603575,0.0,0.9243779,0.6489268,0.0,0.0,0.0,0.0,0.0,0.0,1.4165269,0.57839775,0.74642384,0.0,0.912327,0.0,1.0266378,1
0.0,0.0,2.9596617,0.31853554,0.46164116,1.3277439,0.14148384,0.0,1.4901413,0.9423056,0.0,0.9942414,1.0225536,0.0,2.1780694,0.0,0.34680843,0.0,2.1515424,0.0,1.170616,0.0,0.0,0.0,0.6274339,0.0,0.0,1.6944927,0.6835482,0.0,0.91341615,0.0,0.4550435,0.05958828,0.0,2.7485354,0.20483537,0.0,2.1705282,0.012237482,0.0,0.0,0.48955673,1.7477638,0.9211959,0.0,1.6528013,0.0,2.3325334,0.0,0.57155365,0.0,3.6434386,0.0,0.0,0.0,3.3850384,1.3891982,2.020554,0.0,1.1384801,0.9249846,0.0,3.3068836,0.0,0.0,0.0,0.88977075,1.1970639,0.0,2.9485672,0.0,2.9274378,0.0,0.0,0.0,0.0,3.5245574,1.4878246,1.0499465,1.5363237,0.0,0.2245896,1.8955445,0.0,1.0606866,0.12471932,0.6099133,0.0,1.7142091,0.42629203,0.07276076,0.0,1.5252261,0.7657843,0.0,1.48959,0.68052995,0.015467769,0.0,2.5736368,2.1494544,0.4006771,0.22440211,0.7488296,0.0,0.0,1.77972,1.0296177,0.686716,0.71201766,0.0,0.0,0.7059189,0.9227272,0.0,0.0,0.56706893,0.0,0.0,0.0,0.16154905,0.0,0.0,0.0,0.0,0.0,3.3463616,1
0.0,0.2561356,3.0189598,0.93796676,0.39427063,1.0770959,0.0,0.0,1.1855524,0.1249874,0.0,0.4103022,0.0,0.0,1.6559634,0.0,0.0,0.0,2.7496886,0.022762317,0.32114327,0.0,0.0,0.64733213,1.051893,0.0,0.0,0.8248105,0.35043395,0.858275,0.6075791,1.6187127,0.0,0.0,0.62162644,2.0197577,0.21286206,0.57089806,2.4941192,0.0,0.18495847,0.6015593,0.42742068,1.093181,0.0,0.0,2.0890546,0.0,2.21448,0.601377,0.5982744,0.0,2.5613332,0.0,0.106270775,0.0,3.7464252,0.7881157,3.4413688,0.354609,2.459452,0.11373212,0.0,2.7557194,0.0,0.37875545,0.0,0.85517406,0.044675857,0.0,1.1053338,0.14576837,2.167971,0.0,0.48350853,0.0,0.0,3.2464478,1.5425943,1.627491,1.6880195,0.0,1.4861522,1.0598258,0.0,0.0,0.1993922,0.4122698,0.0,0.95803183,0.81928384,0.0,0.4743291,0.28657448,1.7448846,0.0,2.0250103,0.0,1.0060414,0.0,0.9601233,2.0005567,0.4542648,0.0,1.3388877,0.08216037,0.0,2.5454595,1.5889473,0.63588226,0.0,0.0,0.027304774,0.9354483,0.0,0.0,0.0,0.0,0.0,0.0,0.0,0.0,0.0,0.49912512,0.0,0.8135143,0.0,0.0046859994,1
0.0,0.13009183,3.184731,0.84195966,1.2739964,2.2483203,0.0,0.0,3.0469208,1.9794271,0.0,0.80298,1.4875162,0.0,1.6011175,0.0,0.0,0.0,3.0761817,0.0,1.1670607,0.0,0.0,0.42075896,0.8331888,0.0,0.0,0.9703189,0.22123921,1.5140765,0.5479087,0.094490424,0.0583424,0.0,1.240249,0.4029074,0.01647769,0.0,3.373349,0.12346058,1.6274425,0.8974456,0.8437001,0.9491278,0.21529472,0.0,2.7954814,0.0,2.8858433,0.0,0.13688616,0.0,2.740432,0.0,0.0,0.31828243,3.6770253,2.544419,1.9813075,0.0,2.7411098,0.47535256,0.0,5.450093,0.0,0.0,0.0,0.0,0.21895686,0.0,2.3691113,0.115623295,2.5757782,0.0,0.0,0.0,0.0,2.5121658,1.4084669,0.0,2.5702252,0.0,0.7319784,1.9360734,0.0037011215,0.38568264,0.07636111,1.104602,0.0,0.735675,1.3021286,0.35590836,0.0,0.81748927,1.4985651,0.0,1.3027838,0.843518,0.007415762,0.0,1.9394797,2.6911266,0.4301674,1.5502629,0.0,0.47312087,0.0,1.1247739,0.70639414,1.6768332,0.16608433,0.0,0.0,1.7068901,0.6112403,0.0,0.0,0.6061714,0.0,0.0,0.0,0.0,0.0,0.40423983,0.0,0.0,0.0,2.780576,1
0.0,0.0,1.733577,1.1705257,0.0,0.81329584,0.0,1.25392,1.4713382,1.4328502,0.0,1.6247386,1.0076779,0.0,1.4081944,0.0,0.50648177,0.0,0.33412433,1.8981738,1.6071383,0.0,0.0,0.6453711,1.4932147,0.97666657,0.6537295,0.5194093,0.0,0.76924205,0.0,1.1127727,0.31937483,0.0,0.0,1.5376409,0.0,0.0,2.829239,0.2980072,0.76935977,0.0,1.0486833,2.3807046,0.9803209,0.0,1.8834331,0.0,1.9937437,0.0,1.6681899,0.0,2.03408,0.0,0.25377733,0.0,2.0086908,2.607275,1.2893606,0.626902,1.8342443,0.0,0.0,3.3768265,0.0,0.12724853,0.0,1.1065581,0.0,0.0,2.3563128,1.6134962,2.361245,0.0,0.0,0.0,0.11786839,1.9377623,1.4752932,0.45296705,1.3278931,0.0,0.26881102,1.6634319,0.0,0.0,0.0,0.81441206,0.81184095,0.44498116,0.761264,0.51339144,0.0,1.1142545,1.1502881,0.286141,0.0,0.0,0.0,1.2753267,0.3777855,1.263735,0.0,2.3989592,0.7661865,0.34159476,0.0,0.0,0.0,2.2881155,0.52069014,0.0,0.0,0.6798898,1.0671633,1.0523561,0.0,1.7551159,0.0,0.0,1.3617953,0.0,0.0,0.4688301,0.0,0.0,0.0,3.9711692,1
0.0,0.17843752,2.5471103,0.09730991,0.7783249,1.9013915,0.0,0.0,1.1697866,0.939512,0.0,0.5939954,0.56178457,0.36260107,1.5701429,0.0,1.7741022,0.0,0.0,0.0,0.0,0.0,0.0,0.0,0.6866643,0.0,0.0,2.139124,0.094894744,0.47266233,0.0,0.82295734,0.29035184,0.0,0.8133424,1.4041159,0.8345955,0.4260811,3.2165346,1.2584002,0.56926453,0.32952994,1.6991688,0.5952735,0.7127029,1.2478333,2.586121,0.0,0.9384293,0.1583918,0.33634958,0.71083486,3.1398494,0.0,0.0,1.5446225,1.335975,1.119158,0.014090279,0.6105022,1.9227351,1.824114,0.0,1.78226,0.4585566,0.5623692,0.0,1.0126382,1.3814123,0.0,1.736942,1.7164545,2.5803773,0.0,0.0,0.0,0.6804173,1.0733095,0.0,0.0,0.78125894,0.0,1.3247023,1.1685996,1.3999027,0.5377208,0.0,1.6461207,0.0,0.0,0.97006226,0.062716424,0.47117344,1.0514772,1.4371489,0.0,3.1638293,0.81563544,0.0,0.0,0.90187335,2.4798005,0.30247548,0.0,0.7801335,0.443425,0.50192595,1.8402405,0.0,0.5246727,0.6857725,0.0,0.0,2.0353699,0.065181784,0.0,0.0,0.0,0.0,0.0,0.0,0.0,0.0,0.0,0.0,0.0,0.0,0.8573186,1
0.0,0.0,0.42822507,0.0,0.3994319,1.6367745,0.3099218,0.0,2.4173777,1.4073291,0.0,0.0,1.314032,0.60442793,0.43565652,0.0,1.3385537,0.0,1.5052587,0.49583843,0.0,0.0,0.0,0.0,1.7777274,0.0,0.26589805,1.1511991,0.0,0.095044464,1.1017301,0.37523276,2.0542846,0.90667725,0.0,1.8666652,0.0,0.616589,1.4613588,1.450316,1.5437554,0.5590758,0.29485422,2.4032798,1.0646583,0.0,1.4926302,0.0,2.4829626,0.0,1.6663486,0.0,1.3993125,0.0,0.0,0.0,1.6764184,1.9363474,2.991381,1.9314839,0.6714158,0.2400413,0.0,2.208819,0.0,1.8484033,0.0,1.4312676,0.0,0.0,1.7083864,0.9859681,3.1529636,0.0,0.0,0.0,0.0,2.595131,1.165262,0.43647283,1.546286,0.04967217,1.2674166,2.544871,0.81146353,0.0,0.0,0.47797734,0.0,0.83212125,0.038787577,0.0,1.0153599,0.0,1.6831664,0.0,2.5206354,0.572659,0.0,0.0,0.6639182,1.6901946,0.1290323,1.9841568,1.3357764,1.1549021,0.0,0.84605545,1.921838,1.7472246,0.73901933,0.0,0.0,1.2872386,0.4703151,0.0,0.0,2.062863,0.0,0.0,0.20229888,0.05677016,0.0,0.43288836,0.0,0.0,0.0,2.9493077,1
0.0,0.0,2.7142947,0.12147375,0.9142679,2.5873685,0.0,0.0,1.9057595,0.98743904,0.0,0.6199362,0.22815223,0.0,1.71277,0.0,0.113540135,0.0,1.9574876,0.56452066,1.3118912,0.0,0.0,0.0,0.5935274,0.0,0.0,1.452615,1.2896134,0.66709304,0.0,0.20275412,0.51676095,0.0,0.0,2.6481473,0.0,0.0,3.1184618,0.88282657,0.0,0.0,1.759606,1.3660805,0.36721075,0.0,0.8236914,0.0,1.7903467,0.0,2.352374,0.0,2.848048,0.0,0.0,0.0,3.8799884,2.2928624,1.01642,0.0,0.72693294,0.0,0.0,1.847437,0.0,0.75436145,0.0,0.58593965,0.0,0.0,1.5742744,0.7488404,3.9228935,0.0,0.0,0.0,0.0,3.5501108,1.1774181,1.7248819,1.0378895,0.0,0.6096081,2.324389,0.0,1.9547362,0.29191285,0.13906734,1.4054356,1.3861339,1.4414849,0.0,0.0,1.4664708,2.1308258,0.0,1.5935625,0.0,0.5248763,0.5389443,1.93178,2.1050804,0.11307402,0.5078488,0.09401462,1.1438836,0.0,0.5354343,1.1362244,1.2989504,0.1191581,0.0,0.0,0.41327944,0.28995073,0.64791745,0.0,0.57752913,0.0,0.044061087,0.0,0.31673363,0.0,0.0,0.0,0.06791373,0.0,2.9345293,1
0.0,0.0,2.0177038,0.5835927,1.2287493,2.380674,0.0,0.0,1.4407707,1.4259366,0.0,0.0,0.0,0.0,1.6468832,0.0,1.9229996,0.0,0.90118843,2.1192048,0.04113924,0.0,0.0,0.0,1.0281863,0.0,0.5310607,0.96966165,0.0,0.01260376,1.8472705,2.304904,0.98084474,0.0,0.644453,1.1767534,0.0,0.35463747,2.7813983,2.124256,1.1124402,1.9434613,0.5107722,1.3667625,0.5075444,0.0,1.8353753,0.0,1.7955409,0.0,1.2576051,0.0,2.4196196,0.0,0.0,0.89740735,1.4531794,2.4885464,2.1969888,1.1644585,1.039325,0.20044087,0.0,2.347323,0.0,0.49889183,0.0,0.8510764,0.0,0.0,1.4968379,1.7255334,2.0254278,0.42967728,0.4712062,0.0,0.0,0.0,2.0654125,0.20488565,2.373534,0.0,1.4176716,0.41492456,0.6349991,0.88738114,0.73826355,0.920392,0.0,0.09699179,1.7449881,0.0,1.126051,1.2013063,1.0520523,0.0,2.6996753,0.50459033,0.0,1.1043422,0.26000568,0.42808816,0.20561185,1.795316,2.3962338,0.0,0.6042281,1.4593334,0.8596975,1.3667406,0.0,0.0,0.0,1.2544286,0.0,0.29015288,0.0,0.95459175,0.0,0.0,0.0,0.0,0.0,0.31699237,0.0,0.0,0.0,2.90813,1
0.0,0.0,0.0,0.0,0.48956928,1.1806767,0.025498386,0.0,1.4712495,1.6213309,0.0,0.0,0.0,0.19553557,0.0,0.0,2.5781512,0.0,1.0267524,0.067340754,0.0,0.0,0.0,0.0,1.1561074,0.0,0.0,0.94691133,0.0,0.0,1.2145566,0.49763197,0.43528587,0.0,0.0,1.5937077,0.0,0.3524179,2.1903756,2.523331,0.8724904,0.31085294,0.0,0.95435005,0.31711832,0.0,2.457669,0.0,1.3247153,0.17894542,0.77386826,0.0,0.294047,0.0,0.06302236,1.3339088,2.617502,1.3865968,1.8208567,0.9096539,0.85577667,1.3550687,0.0,1.2044096,0.0,1.6900017,0.0,1.724519,0.0,0.0,1.3397938,1.2879179,2.528029,0.12613492,0.525955,0.0,1.1777227,0.6494604,1.8829495,0.0,1.2263126,0.0,0.75664854,1.7907605,0.5079003,0.15026471,0.5466462,0.7362899,0.0,0.47938344,1.1379936,0.0,1.808126,1.1205647,0.37686083,0.0,2.683123,0.5160736,0.0,1.2826943,1.2312406,0.6901796,0.0,2.425343,1.2504933,1.2034109,0.0,1.1451519,0.0,3.3380284,0.0,0.37185454,0.0,1.4064871,0.11059665,0.7231812,0.0,0.0,0.0,0.0,0.0,0.31590757,0.0,0.0,0.0,0.0,0.0,1.7203592,1
0.0,0.0,0.0,0.31303728,0.029566018,1.4941356,1.0951555,0.0,2.013745,0.5374542,0.0,0.2643188,0.0,0.22314325,0.20446324,0.0,1.4714032,0.0,0.11858101,0.29096547,0.0,0.0,0.0,0.0,2.017107,0.0,0.0,0.27516398,0.0,0.94570595,1.2724205,0.803834,1.3355561,0.0,0.082990974,0.9100288,0.0,0.27747464,2.2585394,3.3650327,0.0,0.5453754,0.008171973,0.48094916,0.0,0.2105979,2.611466,0.0,1.2219278,0.0,0.0,0.0,0.87888134,0.0,0.34728253,0.0,1.1518348,1.3001994,2.5103366,0.41099164,0.58998704,1.161119,0.1186224,0.45524326,0.0,0.97526616,0.0,0.7612855,0.0,0.0,0.7616649,1.5264156,0.6222048,0.9320438,0.0,0.0,0.4618152,1.1937362,2.3121798,0.0,1.3419782,0.0,0.18004139,2.2394028,1.2171723,0.0,0.16379333,0.90492743,0.0,0.6822851,1.2914726,0.0,1.1317542,2.695074,0.7335781,0.0,2.3055367,1.5173879,0.0,0.3318457,2.6909294,1.78731,0.0,1.6103954,2.0933862,0.8213633,0.05771028,0.096117474,0.0,1.4258595,0.0,0.0,0.0,1.3360273,0.49432933,0.53264505,0.0,0.0,0.0,0.0,0.0,0.20074268,0.0,0.0,0.0,0.0,0.0,1.0529296,1
0.0,0.0,1.8179355,0.7560896,1.0533191,0.94258934,0.0,0.0,2.546273,1.7976125,0.0,0.93253803,0.7449605,0.0,1.9774477,0.0,0.5417844,0.0,1.7972678,0.7904815,1.456097,0.0,0.0,0.0,0.9323047,0.0,0.0,0.7330983,0.61939853,1.4700018,0.0,1.0132238,0.48460284,0.0,0.0,2.5075958,0.0,0.23582615,3.1230283,1.3867712,0.0,0.0,1.2121172,1.9793478,0.0,0.0,0.752483,0.0,1.8970339,0.0,0.19391616,0.0,2.2317443,0.0,0.0,0.0,1.3415102,1.1340218,2.4949293,0.0,1.3019142,0.0,0.0,4.227177,0.0,0.82817626,0.0,0.9269795,0.0,0.0,2.580922,0.66177243,2.9401486,0.0,0.0,0.0,0.0,2.1229284,0.9016166,0.3289939,1.6118437,0.0,0.08983447,0.88766646,0.0,0.9714487,0.079981625,0.0,0.0,1.7275465,1.4718912,0.0,0.0,0.2819835,1.8389767,0.21239407,0.33503684,0.0,0.0,1.2529285,2.2275858,0.2414326,0.45426884,3.2755976,1.4553435,0.0,0.8593649,1.32101,0.23597957,0.81606966,0.0,0.0,0.0,0.23508944,1.3076558,0.0,0.0,0.35891038,0.0,0.0,0.0,0.0,0.0,0.0,0.0,0.0,0.0,4.005077,1
0.0,0.0,1.0214753,0.68624705,1.6727684,0.41730317,0.38838857,0.0,0.0,0.8745383,0.0,0.40618888,0.6355913,0.0,0.24135369,0.0,2.7415397,0.0,1.6788982,1.0066501,1.4366654,0.0,0.0,0.0,0.055358157,0.0,0.4188799,2.224935,0.9950268,0.7975542,0.0,2.5767057,1.3412242,0.0,0.0,1.4710811,0.0,0.0,2.3601718,1.0611466,0.0,0.71635944,1.4533856,0.0,0.81751007,0.0,1.1276517,0.0,1.3436826,0.0,1.2028251,0.19705431,1.5258024,0.0,1.0252423,0.0,1.0708733,0.7790409,0.8192414,0.8741872,2.6711826,0.8753728,0.0,0.0,0.0,0.0,0.0,1.7671735,0.0,0.0,0.45028993,2.4420063,2.2227452,0.0,0.18327746,0.0,0.0,0.6321586,1.6642107,0.0,0.620389,0.0,1.2983159,1.8387736,0.0,2.8573148,0.0,1.2687706,0.0,1.0557886,0.0,0.0,1.2390258,1.8462269,0.0,0.0,2.4436421,1.0325763,0.0,1.7888291,2.0627074,0.0,0.0,2.1567144,1.7828565,1.2984496,1.4321404,0.45732412,0.056759927,0.9535946,0.0,0.031599417,0.0,0.0,1.1384134,1.1200539,0.0,0.0,0.0,0.0,0.0,0.0,0.08820256,0.0,0.0,0.9914454,0.0,0.3281589,1
0.0,0.0,1.8073925,1.4252988,0.8554816,1.1486865,0.0,0.0,1.2306892,1.5269248,0.0,0.6040022,1.3457884,0.22064355,1.2343585,0.0,1.4265145,0.0,0.53498286,1.4739327,1.9585326,0.0,0.0,0.0,1.1057398,0.0,0.009172762,1.5833623,0.0,1.2681926,0.0,1.8956155,2.2630389,0.047788557,0.0,1.0557622,0.0,0.0,1.4996175,2.331665,0.0,0.5962398,1.0789928,0.0,0.0,0.0,2.7339504,0.0,1.760589,0.0,2.7852554,0.0,2.122812,0.0,0.74267894,0.0,2.1282835,1.2277588,1.816636,0.5299666,0.0,0.5974512,0.0,3.1360555,0.0,1.9123152,0.13357969,1.3971751,0.0,0.0,1.4265324,0.8120785,2.8890603,0.1973223,0.8776238,0.0,0.0,2.1926882,2.5142322,0.0,1.1384293,0.0,0.2721512,0.8454927,0.15961996,1.650871,0.5697169,0.0,0.4910323,2.3851266,1.8458605,0.0,0.09953707,3.0079217,1.6054684,0.34578517,0.0,1.2505528,0.23190016,0.29568797,0.38818043,1.1897521,0.70838696,1.1979157,0.3507974,0.086849436,0.0,0.8858476,1.4105788,0.63474333,0.9722143,0.0,0.0,0.0,1.0895269,0.31431603,0.0,0.67980796,0.0,0.0,0.004867437,0.0,0.0,0.28510293,0.0,0.094705306,0.0,1.9076833,1
0.0,0.0,2.0305414,0.0,2.2457113,0.07665397,0.33304286,0.0,1.5104097,1.0731512,0.0,0.7439082,0.8671952,0.19094482,1.3330263,0.0,1.618423,0.0,1.4348319,2.0916345,1.2001729,0.0,0.0,0.0,0.28518945,0.0,0.0,0.22285599,1.1246976,0.3486477,0.0,3.4539142,2.1814294,0.0,0.25703683,0.90104306,0.0,0.0,2.0107346,0.6534069,0.0,0.0,1.2733343,0.815158,0.0,0.0,2.5414083,0.0,1.8014213,0.53735405,0.19541468,0.0,2.3906338,0.0,0.35849518,0.0,2.8008637,0.86646944,3.8116174,0.10018825,1.1966282,0.28927702,1.2233654,2.146926,0.0,0.61409235,0.0,1.6746802,0.0,0.0,2.5394204,1.9141223,3.0772576,0.0,0.11609889,0.0,0.0,1.8124822,0.1544379,0.8536024,0.0,0.0,1.2375389,1.6872892,0.0,0.7365066,0.0,0.12339199,0.0,1.7223833,0.10038238,0.0,0.42574456,1.2176393,0.8370119,0.0,1.7341621,0.5777123,0.0,0.4884991,1.097442,1.0234041,0.45560354,0.30035433,0.5121731,0.42327362,0.0,1.9506024,0.892023,1.0312785,0.44526523,0.60218567,0.0,0.43663624,0.87364036,0.87855035,0.0,0.27113816,0.0,0.0,0.0,0.0,0.0,0.63205945,0.0,0.5914156,0.0,3.3023436,1
0.0,0.0,2.1910236,0.4083164,0.80265427,0.18627246,0.17547476,0.0,1.5816085,2.181753,0.0,0.40309522,0.0,0.0,0.82112443,0.0,1.8636608,0.0,1.6392008,1.8170551,0.48245943,0.0,0.0,0.0,1.1494342,0.046478283,0.0,0.0355399,0.578817,0.26905972,0.0,1.2226717,2.3355684,0.0,0.7924553,3.0798752,0.0,0.0,2.7387104,0.7855464,0.0,0.0,1.1771166,0.4861716,0.77919894,0.0,1.1200879,0.0,1.1954588,0.4930266,0.6675185,0.0,1.4759674,0.0,0.22428916,0.0,1.3454323,0.86759555,2.1319368,0.5892145,1.9181458,0.9835549,0.0,2.132162,0.0,0.720881,0.0,2.5158942,0.0,0.0,1.6996748,2.453961,2.2089262,0.0,0.13155332,0.0,0.0,1.2771668,0.78011024,0.0,0.82937276,0.0,0.73860776,1.2605293,0.0,1.0970486,0.0,0.0,0.0,1.942859,0.17818895,0.0,0.95736,1.8645093,0.14886758,0.0,0.0,1.4674474,0.0,0.36320984,0.80453444,0.0,0.62947154,2.4624853,0.0,0.0,0.47667557,1.7729299,0.0,0.0,0.8204892,0.3636055,0.0,0.0,1.1245565,0.29602256,0.0,0.0,0.0,0.0,0.0,0.0,0.0,0.0,0.0,0.0,0.0,2.309048,1
0.0,0.0,2.287582,0.38118574,0.0,0.6281307,0.0,0.0,3.1301174,1.2567006,0.0,0.13254824,0.0,0.0,2.1419625,0.0,1.1098781,0.0,1.6211327,1.8747363,0.7692687,0.0,0.0,0.311723,0.8597413,0.0,0.9575665,0.58303446,0.041314967,0.44541755,0.0,0.7398976,0.0,0.0,0.0,2.2477248,0.0,0.0,3.580076,0.5825735,0.0,0.0,0.2192766,1.42242,1.252724,0.0,0.7862965,0.0,3.0434036,0.0,0.6019556,0.0,1.9952585,0.0,1.1883376,0.64955866,2.097651,0.0,1.8072282,0.41152447,2.900432,0.98533434,0.0,2.4642136,0.0,0.0,0.0,1.6850497,0.0,0.0,1.5304731,2.3463843,1.9575168,0.0,0.86247677,0.0,0.0,2.680321,1.6015536,0.6181202,2.1785824,0.0,0.0,1.5043898,0.0,0.0,0.0,0.0,0.0,0.062167328,1.0418764,0.07173316,0.0,0.9092797,1.449301,0.0,0.41117367,0.60415435,0.0,0.7428462,2.0119166,0.9772962,0.24945347,2.3320832,1.5074601,0.0,0.26434818,1.6681584,0.0,0.23257865,0.0,0.5900465,0.0,0.8120676,1.0661658,0.0,0.0,0.0,0.0,0.0,0.0,0.0,0.0,0.35909802,0.0,0.0,0.0,2.6668744,1
0.0,0.0,1.4699005,1.3603389,0.94612116,1.1840833,0.06615751,0.0,1.795315,1.8542013,0.0,0.0,1.0005189,0.4292284,1.111739,0.0,1.2650787,0.0,0.0,0.65134174,0.40441865,0.0,0.0,0.0,1.0818615,0.0,0.0,0.70732963,0.0,1.7927115,0.57940996,1.2022898,1.3707538,0.0,0.0,1.7464463,0.0,1.6945761,3.0816941,1.8149495,0.049474433,0.75223655,0.0,0.93902814,0.0,0.0,2.2188396,0.0,0.57657474,0.0,1.7444456,0.0,2.7230833,0.0,0.83011144,0.0018073962,2.2715435,1.8725288,1.9430754,1.2266695,1.078688,1.1306841,0.0,2.1396968,0.0,2.5137064,0.0,1.072448,0.46453604,0.0,2.2427385,0.6441377,3.1039405,0.0,0.0,0.0,0.0,3.1044257,0.41351902,0.0,1.7389035,0.0,1.4491714,1.9709806,0.9763954,0.28064865,0.26440066,1.5262856,0.0,0.9349648,1.3701332,0.0,1.3623072,1.2162299,1.6183298,0.0,1.5783862,0.38946712,0.0,0.0,1.2553757,2.4516246,0.5299863,0.0,0.931623,0.79209167,0.0,2.7509117,0.88471955,0.7753006,0.96420145,0.0,0.0,2.0056815,0.1310212,0.0,0.0,0.0,0.0,0.0,0.0,0.98263174,0.0,0.0,0.0,0.46643952,0.0,1.3634483,1
0.0,0.0,2.0758815,0.23244575,0.0,0.0,0.32519704,0.0,2.2044945,1.565393,0.0,0.0,0.9428405,0.72600496,1.6952667,0.0,0.3637113,0.0,0.46795136,1.0026555,0.0,0.0,0.0,0.0,1.6092097,0.0,1.0289949,0.7826026,0.0,0.0,0.0,0.98646927,2.448313,0.0,0.0,2.4144058,0.0,2.007083,2.324913,0.4717862,0.9746146,1.2169496,0.0,1.74983,0.46480688,0.0,1.7050269,0.0,2.0128253,0.0,2.0080588,0.0,1.3179032,0.0,0.0,0.71411675,2.726285,2.930006,2.4887512,2.0648298,1.5741054,0.21810971,0.0,2.366931,0.0,1.6508296,0.0,1.097391,0.0,0.0,2.4965096,0.62416154,2.9880033,0.0,0.0,0.0,0.6075703,3.8056507,0.42241788,0.6141637,2.3503714,0.0,1.0047094,2.2806518,0.4720662,0.0,0.0,0.27890882,0.0,1.2190604,0.6443971,0.0,0.92396677,1.0524974,1.105869,0.0,1.7540747,0.7062547,0.24804275,0.0,0.004203167,2.9815989,0.16670172,0.08127229,2.0295517,1.2477952,0.0,2.2992387,0.7404766,0.21391894,0.20315559,0.0,0.0,0.62396526,0.0,0.0,0.0,0.48695353,0.0,0.0,0.010989848,0.4523134,0.0,0.0,0.0,0.0,0.0,2.3392842,1
0.0,0.0,0.86591506,0.8531975,0.0,1.6181474,0.04384857,0.0,1.1699761,1.3779778,0.0,0.01771333,0.2229291,0.07064369,1.5729941,0.0,1.4656038,0.0,1.2770025,0.0,0.07746162,0.0,0.0,0.0,0.3570459,0.0,0.0,1.2424517,0.0,1.4858315,0.96574116,0.09922059,1.3450232,0.0,0.0,1.5453204,0.0,0.21395849,2.3744397,0.43446237,1.3783151,0.7780952,0.189614,1.1417449,0.0,0.0,2.116753,0.0,1.1077485,0.17827225,1.906879,0.0,2.3774765,0.0,0.18855481,0.0,1.8395553,2.1096222,2.1158423,0.6758303,2.383702,0.5307409,0.0,2.7870793,0.0,1.7159365,0.0,1.0824063,1.0203068,0.0,1.4726787,0.23478213,2.6556187,0.0,0.0,0.0,0.0,2.0472758,1.0489683,0.31492007,2.0092173,0.0,1.835778,2.1148787,0.35374805,0.42463076,0.0,0.6898423,0.0,0.22355942,1.4791238,0.0,0.5870699,0.7629896,1.7376276,0.0,2.9675555,0.9824525,0.18122898,0.0,1.2001873,1.7848381,0.0,1.0067842,0.41406998,0.6183581,0.0,0.80728596,1.0868816,1.6885641,0.86401576,0.0,0.0,1.5140622,0.7360587,0.0,0.0,0.49902138,0.0,0.0,0.0,0.57474405,0.59327996,0.099569336,0.0,0.41975674,0.0,1.2925023,1
0.0,0.0,1.855734,0.0,0.30828276,1.3536006,0.0,0.0,2.3304894,0.83815444,0.0,1.1213931,0.06916337,0.0,1.3072474,0.0,1.3425007,0.0,1.9651577,0.42289045,0.297444,0.0,0.0,0.0,1.5262672,0.0,0.0,0.0,1.2026414,1.5489612,0.46368483,1.0326115,0.0,0.0,0.10579732,3.1159623,0.99592215,0.21843635,2.8875787,0.0,0.022297516,0.018889116,1.9113679,1.1832628,0.0,0.0,0.74581957,0.0,1.7140783,2.088684,1.0078629,0.0,2.7976315,0.0,0.0,0.0,3.0287538,0.74965185,3.5629895,0.0,3.1027281,0.5474015,0.20061728,2.4198847,0.0,1.7634783,0.0,1.2861389,0.031231133,0.0,1.0854208,0.71984094,2.3979185,0.0,1.3133167,0.0,0.0,1.9713902,0.22800815,0.8200519,1.1046699,0.0,0.0022495845,1.4033144,0.19296065,0.23413101,0.4984731,0.16333805,0.0,1.5405549,0.7997935,0.0,1.7362374,0.48406193,0.92680925,0.0,1.0973831,0.0,0.0,0.0,2.7010913,1.0317869,0.46497813,1.0713937,0.0,0.0,1.14537,1.5244957,0.63679504,0.8310978,0.0,0.0,0.0,0.7046095,0.29792988,0.0,0.0,0.8207649,0.0,0.0,0.0,0.0054637655,0.0,0.52935964,0.0,0.0,0.0,1.744938,1
0.0,0.054319423,1.2031881,0.6285071,0.0,1.8576478,0.017419722,0.0,1.4748343,0.111600555,0.0,0.63531834,0.2945036,0.0,1.3735254,0.0,1.2047536,0.0,2.1825128,0.0,0.38563043,0.0,0.6021125,0.0,0.0,0.0,0.0,1.821929,0.0,2.068692,1.0004399,0.0,0.0,0.0,0.0,1.7114791,1.4153179,0.022311548,2.4048467,0.5086444,0.77470595,0.9631509,0.28611308,2.305868,0.0,0.03544757,2.0747612,0.0,1.5843774,1.0378095,0.71053886,0.0,2.4044688,0.0,0.35665405,0.0,3.307981,1.8239254,1.9909503,0.05999082,2.5226142,0.0,0.04676426,3.6396682,0.106025346,1.5414282,0.0,0.12211772,1.3597927,0.0,0.9011113,0.59485704,2.6178026,0.0,0.0,0.0,0.0,2.677706,1.0565847,1.3294988,1.8622583,0.0,1.7084471,1.3785105,0.62602,0.0,0.0,0.6790274,0.0,2.0420275,0.49066997,0.0,0.3688531,1.2571614,1.3500336,0.0,2.5025842,0.13169135,0.0,0.0,1.6817967,2.7048514,0.54097384,0.0,0.0,0.0,0.23865919,1.0922499,0.05330711,0.57425183,0.93282205,0.0,0.0,0.8342382,0.2370074,0.0,0.0,0.13561814,0.0,0.0,0.0,1.6814935,0.0,0.0,0.0,0.7256412,0.0,0.57252127,1
0.0,0.0,2.1542664,1.3962693,0.5894067,1.1941167,0.07250177,0.0,1.7784411,0.991157,0.0,0.0,0.0,0.0,0.93899494,0.0,2.493436,0.0,0.0,1.5305252,0.0,0.0,0.90808874,0.05540728,1.3080832,0.0,0.0,0.7913404,0.0,0.6637665,0.0,0.86697453,0.72904587,0.6898357,0.0,3.1365492,0.0,0.0,0.70365113,2.8393009,0.011544063,2.9891484,0.49491245,2.7140725,0.4961551,0.0,1.3163717,0.0,2.0394013,0.0,0.9906546,0.0,0.45131153,0.0,0.5392696,0.58030844,3.14681,0.0,1.029393,0.0,1.2728335,0.0,0.0,1.5025759,0.3228113,0.5687102,0.0,0.8216874,0.0,0.0,1.6498759,2.1107376,1.0806658,0.0,0.0,0.0,1.4681884,1.2973416,1.2450335,0.0,3.4342616,0.0,2.209868,0.21935312,0.0,0.0,0.0,0.0,0.0,1.9143738,0.1349901,0.0,0.0,1.5942926,1.5137559,0.7764837,1.3252267,1.7631062,0.0,2.5835607,1.8103514,0.2759096,0.0,0.0,2.100548,0.0,0.0,0.44795218,0.0,1.2249783,0.0,0.0,0.0,1.0591918,0.0,1.7541913,0.0,0.5386355,0.0,0.0,0.0,2.0021996,0.0,0.0,0.0,0.0,0.0,0.9303003,1
0.0,0.0,0.69323575,2.1523592,0.0,1.1748439,0.0,0.16728075,1.2599028,1.1081947,0.0,1.2987081,0.5589447,0.0,0.47460845,0.0,1.0335611,0.0,0.48201108,0.33877215,0.6300613,0.0,0.0,0.0,0.088634714,0.53814065,0.9064299,1.0062685,0.7314184,1.5266736,0.0,2.2819927,0.05324403,0.0,0.07218698,0.90460896,0.054419294,0.0,2.2357793,1.5999124,0.6663609,0.91708153,0.23800856,1.5033108,1.4715922,0.0,1.8622699,0.0,0.41505933,0.0,1.4744647,0.0,2.1044333,0.0,0.0,0.0,1.9373941,0.88588345,1.2020167,1.5729558,2.0817647,0.44478717,0.0,2.2562551,0.0,0.30712953,0.0,1.4437518,0.0,0.0,0.28303447,2.1135633,2.8034518,0.0,0.0,0.0,0.16368565,2.3398573,0.81739897,1.3412457,0.15400761,0.0,0.085025415,1.6985847,0.0,1.0586244,0.0,0.0,0.0,0.0,0.8728579,0.0,0.0,0.0,1.5167831,0.4162595,0.3950239,1.5065014,0.11535167,1.8020751,0.90971005,1.2313037,0.0,2.0015428,0.5296661,1.3396595,0.0,0.42887187,1.6337545,1.4739692,1.3239948,0.0,0.0,0.0,0.0,0.0,0.0,0.28039095,0.0,0.0,2.6320038,0.0,0.0,1.135556,0.0,0.8394446,0.0,1.9910614,1
0.0,0.015957514,1.4107578,0.86663866,0.11170437,0.97055656,1.2236451,0.0,2.2860353,0.6077143,0.0,0.0,0.4228535,0.24599221,2.279009,0.0,1.8713003,0.0,0.586202,0.0,0.0,0.0,0.0,0.0,0.85249436,0.0,0.0,1.3614504,0.0,1.0653417,0.32424283,1.2429099,1.8253987,0.0,0.0,2.2267265,0.26644856,0.0,2.0090423,0.12805063,0.5943116,0.0,0.0,1.4121357,0.0,0.12526628,2.393474,0.0,1.106908,0.02876985,0.85321695,0.0,1.9182454,0.0,0.090080306,1.243269,2.5449538,1.7502468,2.4996455,0.30024642,1.714379,1.1803983,0.0,2.515698,0.0,1.2855939,0.0,0.9211274,0.3441132,0.0,1.3113065,0.31387806,2.4269657,0.0,0.0,0.0,0.0,3.300894,0.5643475,0.55017525,1.867063,0.0,2.3962634,1.3714479,1.1138226,0.6719562,0.0,1.2446941,0.0,0.6903639,0.524357,0.0,0.23587464,0.40353784,2.7527294,0.0,2.142199,0.520228,0.16882144,0.0,0.77782273,2.7768273,0.0,0.15513465,1.5325495,0.76388395,0.0,1.6618165,1.1019892,1.3068082,0.5862873,0.306087,0.0,0.4185126,0.55362105,0.0,0.0,0.0,0.0,0.0,0.0,0.35083023,0.0,0.0,0.0,1.2732096,0.0,1.5200747,1
0.0,0.0,1.059488,0.52800614,0.1741527,1.0746999,0.65294737,0.0,1.7901961,0.8507531,0.0,0.21625638,0.0,0.0,1.3337588,0.0,0.0,0.0,0.84231406,0.6043585,1.181993,0.0,0.0,0.0,1.3624786,0.0,0.0,0.035645943,0.09267,1.4747684,0.41500688,0.7787417,0.04245538,0.0,0.5899207,1.83604,0.0,1.0412844,1.8358269,0.5524617,0.0,0.9895237,1.0714213,2.1146445,0.9221873,0.0,1.473033,0.0,1.8187584,1.1311,2.462812,0.0,2.7879667,0.0,0.0,0.0,1.1089945,1.9629796,2.4885678,0.0,1.1175041,0.0,0.0,2.5461483,0.0,1.1540972,0.0,1.2685106,1.1253066,0.0,1.941017,1.7110449,2.9056258,0.012884779,0.0,0.0,0.0,2.0547445,0.020936137,0.82037085,2.9820225,0.0,0.69618005,0.95435023,0.17661253,0.0,0.0,0.4133344,0.0,0.6433755,0.760784,0.0,0.0,0.61791307,0.66905504,0.0,1.9800407,1.2374673,0.77413034,0.0,1.6115837,0.74696267,0.0,2.1799808,1.4642036,0.0,0.0,1.5479844,0.0,0.6300792,0.0,0.0,0.0,0.8227565,0.47428226,0.0,0.0,0.6636227,0.0,0.0,0.0,0.0,0.0,0.16857173,0.0,0.0,0.0,1.4238533,1
0.0,0.96960145,1.4941733,0.9727814,0.5821227,0.97286385,0.7868653,0.0,0.16988608,0.29266736,0.0,0.0,0.0,0.4681907,0.77270937,0.116144724,2.354225,0.0,1.3771651,0.0,0.0,1.0237769,1.7512513,0.0,0.24727581,0.0,0.0,1.9230106,0.0,1.6435173,1.2378964,0.2032397,0.8765539,0.0,0.0,1.0434579,0.84946764,0.6792526,1.385611,0.866743,0.9387211,0.79214174,0.0,2.0244062,0.0,0.0,2.298775,0.0,0.08292368,1.0454499,0.6470853,0.0,1.9883277,0.0,0.87368023,0.0,1.3034781,1.6850756,1.8315567,0.970044,2.4359207,1.2013497,0.0,1.9028295,0.0,2.2355845,0.0,0.6920316,1.5860105,0.0,1.08678,1.4942338,2.2658157,0.0,0.0,0.0,0.0,2.2640896,0.22123039,0.8599889,0.92626417,0.0,2.527303,1.7274348,2.0728729,0.65835863,0.0,1.2322403,0.0,1.079411,0.23691612,0.0,1.1149118,0.32256827,0.7777831,0.0,2.3678052,0.0,0.0,0.0,1.0916234,2.718198,0.0,0.0,0.22219275,0.12790574,0.0,0.6353831,0.7594781,0.5617774,1.619147,0.25913808,0.0,0.97980845,0.79466635,0.0,0.0,0.03525881,0.0,0.0,0.0,1.273675,0.70086616,0.0,0.0,0.38794443,0.0,0.0069749816,1
0.0,0.0,1.1183134,0.0,0.32385775,1.176865,1.012565,0.0,1.0992932,0.3772259,0.0,0.0,0.0,0.28760156,0.46980634,0.0,1.3697017,0.0,0.2348605,0.0,0.0,0.0,0.5065642,0.0,0.78083247,0.0,0.0,0.6181284,0.0,1.8177321,0.20470388,0.41447616,0.87951565,0.0,0.0,1.3116976,0.6591236,1.2607038,2.543653,0.5574557,0.07366802,0.689019,0.0,2.1429071,0.0,0.0,2.2910323,0.0,0.7068637,1.0208515,1.4808165,0.0,2.3850727,0.0,0.8392158,1.2804255,1.6060816,1.6537344,1.9994019,0.6515041,2.3518615,1.1105316,0.0,1.6162575,0.0,1.287003,0.0,1.2611935,0.49012288,0.0,0.88648397,1.430278,2.1463845,0.0,0.0,0.0,0.40246364,2.6735265,0.57166183,0.10865445,0.0,0.0,2.0827668,1.7150185,1.7340044,0.0,0.0,0.98283356,0.0,0.0,0.38362792,0.063530445,1.1814016,0.0,1.4921571,0.0,3.04993,0.0,0.0,0.0,0.9514379,2.7808926,0.0,0.67854196,0.06226748,0.3801332,0.21831785,0.7990394,0.0,1.1545488,0.7525854,0.1725039,0.0,1.2500527,0.0,0.0,0.0,0.6274243,0.0,0.0,0.0,1.3510102,0.69468397,0.19805749,0.0,0.0,0.0,1.4581522,1
0.0,0.0057299533,0.0,0.19917664,0.26878878,1.6247243,1.2580763,0.0,2.8332002,0.5355721,0.0,0.0,1.1443797,0.0,1.3604316,0.0,1.8259138,0.0,1.1408672,0.56194335,0.0,0.0,0.0,0.0,1.1772311,0.0,0.0,1.2186038,0.07870341,1.3519232,0.0,0.7491175,2.4658046,0.0,0.012852905,1.8529755,0.1448104,0.24827595,1.4321027,2.5873692,0.49046826,0.2049865,0.6714038,0.75427926,0.0,0.0,1.6800864,0.0,1.4536322,0.66560036,1.1981051,0.0,1.9021542,0.0,0.541689,0.06337724,2.05589,2.537877,1.853593,0.0,1.9044971,0.0,0.0,3.0327427,0.0,2.3229668,0.0,1.5647833,0.19951595,0.0,1.0471964,0.8166875,2.9753098,0.0,0.0,0.0,0.0,2.2207954,0.57484704,0.4877597,1.3650898,0.0,0.7218964,1.9424365,1.1618912,0.41227335,0.0,0.0,0.0,0.8400506,1.4490479,0.48237985,0.0,1.6097668,1.3710917,0.0,3.2601843,0.5911459,0.50132203,0.0,1.3343523,1.6202415,0.12545426,0.8828679,0.12665366,1.0355169,0.0,0.6601781,0.84543175,1.0444865,0.21858628,0.37686917,0.0,0.0,0.0,0.0,0.0,0.31769076,0.0,0.0,0.0,1.3146425,0.0,0.0,0.0,1.1938776,0.0,2.6585817,1
0.0,0.0,0.92459327,0.77149767,0.5071194,0.0,0.61761206,0.0,2.233416,1.499131,0.0,0.0,0.0,0.0,0.2773566,0.0,1.3050448,0.0,1.1422478,1.6001042,0.31954175,0.0,0.0,0.0,1.7423241,0.0,1.2067844,0.32207105,0.0,1.6468912,0.0,1.0020933,2.2652168,0.0,0.0,1.3394674,0.0,0.0,2.370843,3.9081008,0.0,0.0,0.0,0.0,0.0,0.0,0.8318391,0.0,1.2920986,0.0,2.0747437,0.0,1.4952668,0.0,0.36308947,0.7604263,2.4977555,2.4017165,1.8652471,0.26186028,0.65027016,0.9933992,0.0,3.184236,0.0,1.5818897,0.0,1.1049331,0.0,0.0,0.8014506,1.1011986,3.168905,0.0,0.0920394,0.0,0.1504744,2.155476,1.3005178,0.0,1.9479679,0.0,0.31382158,1.0526298,1.1901388,0.84180754,0.0,0.0,0.0,0.0,1.2317281,0.1697979,0.4073705,2.3894382,1.5787467,0.0,2.2812781,0.8319827,0.0,0.0,0.37788284,1.0266391,0.0,1.4802909,2.1901567,0.54991925,0.0,2.1164865,0.60279953,0.9871631,0.0,0.0,0.0,1.5053692,0.0,0.041423712,0.0,0.0,0.0,0.0,0.0,0.7629175,0.0,0.0,0.0,0.21892472,0.0,2.557193,1
0.0,0.0,1.7897892,0.462387,0.0,2.0407696,0.0,0.0,2.238584,1.094782,0.0,0.24258474,0.6804719,0.0,0.0,0.0,0.71852815,0.0,1.967779,0.06219222,1.7129917,0.0,0.0,0.0,0.90529525,0.0,0.0,0.6493875,0.0,1.4272301,0.28264356,0.3961541,1.4259428,0.0,0.033017993,1.4864529,0.37909758,0.3074086,2.5754933,0.9639013,1.0033903,0.20706372,1.3256378,1.2858719,0.41445324,0.0,1.5237726,0.0,1.3664204,0.98169947,1.1293919,0.0,2.5433304,0.0,0.0,0.0,2.1538558,2.720548,2.9118314,0.58214384,1.920702,0.0,0.0,3.6632948,0.0,1.9537972,0.0,0.04232802,0.0,0.0,1.4394598,1.751581,3.660465,0.0,0.06899577,0.0,0.0,2.4186084,1.5834793,0.0,2.76048,0.0,0.0,1.7857322,0.0,0.28319442,0.0,0.0,0.0,0.56642985,1.0168751,0.0,0.09624077,0.9144596,1.2192833,0.0,2.122698,0.1835524,0.8530062,0.0,0.60174024,2.0986135,0.0,1.0562785,0.91439235,0.8636569,0.0,1.0608835,1.7710311,1.8399079,0.0,0.0,0.0,0.21269299,0.5131752,0.0,0.0,1.3395051,0.0,0.0,0.0,0.13644083,0.0,0.88396245,0.0,0.0,0.0,2.2827015,1
0.0,0.0,1.7145662,0.0,0.2584171,0.970233,1.0339226,0.0,1.8220091,0.8850247,0.0,0.0,0.67069906,0.0,0.3453575,0.0,0.7256459,0.0,1.5660995,0.28354412,0.5625798,0.0,0.0,0.0,1.0821141,0.0,1.0009086,1.3383155,0.0,0.312451,0.18085743,0.3790667,1.2951586,0.0,0.0,1.9290564,0.0,0.26747754,1.7213093,1.6283114,1.7530887,1.1880355,1.0993185,1.4078,0.8302497,0.15254718,1.7874615,0.0,0.95279384,0.0,1.5801767,0.0,1.3849,0.0,0.0,0.3315146,1.4579681,2.375017,1.1718377,0.881347,0.6658471,0.14213394,0.0,1.6065403,0.0,1.2447964,0.30835158,1.3074508,0.0,0.0,1.5507567,0.24148698,2.449086,0.36745366,0.083411805,0.0,0.0,0.36641073,1.1432458,0.0,1.0194881,0.0,0.6176807,0.38275397,0.0,0.7413929,0.056473106,0.0,0.0,0.2113237,1.0757537,0.0,0.039880745,0.36619046,1.6919445,0.0,2.4150767,1.2555896,0.0,0.35150552,0.94631684,1.3287295,0.0,2.624767,1.118646,0.49006906,0.0,1.0961994,0.49136266,2.8444803,1.1764052,0.0,0.0,0.10996224,0.0,0.0,0.0,0.5197968,0.0,0.014093167,1.1864077,0.0,0.0,0.0,0.0,0.0,0.06564264,2.0299456,1
0.0,0.0,1.8873307,1.1632314,0.547714,2.3357508,0.86594266,0.0,2.028694,0.40846577,0.0,0.0,1.0547098,0.0,1.1653597,0.0,1.198355,0.0,0.17746837,0.06601884,0.0,0.0,0.21196206,0.0,1.3138131,0.0,0.0,0.12557635,0.07559735,0.43354475,0.1491218,0.8141391,1.0584548,0.0,0.0,2.1273088,0.11933704,0.025606016,2.4843652,1.1946911,0.63264334,0.85581416,0.6411286,1.2561859,0.0,0.0,2.5091767,0.0,0.50059086,0.7785812,0.9630674,0.0,2.2043567,0.0,0.86711687,1.0927608,2.5818818,2.4290395,1.7010108,0.026978562,2.1588802,1.4636409,0.0,2.7217822,0.0,1.2251669,0.0,1.0862838,1.1391078,0.0,0.74236655,0.9392667,2.4878814,0.0,0.0,0.0,0.0,1.5359526,0.0,0.44050884,1.2115618,0.0,0.94652396,2.0540872,0.6757784,0.6828838,0.0,1.2876819,0.0,0.5980772,1.4817536,0.0,0.6971606,0.67438686,1.6617879,0.0,3.286463,0.46609193,0.0,0.0,1.7537521,2.5220454,0.0,0.004086869,0.7816894,1.1196316,0.0,1.0205177,0.44530675,1.8162848,0.32703915,0.0,0.0,2.5190725,0.0,0.0,0.0,0.55717784,0.0,0.0,0.0,1.5799768,0.0,0.0,0.0,0.2483315,0.0,1.6319939,1
0.0,0.0,1.6567296,1.579133,0.18934014,2.2773905,0.17174947,0.0,1.6082413,1.451646,0.0,0.2968944,1.1164898,1.0174158,1.3269298,0.0,1.7722127,0.0,0.81290555,0.6605456,0.1512596,0.0,0.0,0.0,0.28120577,0.0,0.5844423,1.1142945,0.0,0.60123265,0.041146405,0.6581475,1.4812024,0.0,0.0,2.2760544,0.0,0.9481893,2.6317465,0.7585875,1.744911,1.1137961,1.0328326,1.6801308,0.30645418,0.0,2.8114657,0.0,0.08642301,0.054053187,2.6830032,0.0,1.8439784,0.0,0.5021124,0.0,2.4786992,1.3618084,0.62514657,0.7338911,1.7782813,0.8629973,0.0,2.6223505,0.0,1.6111605,0.0,1.3053458,0.13256568,0.0,1.546051,0.5813447,2.7298236,0.0,0.29547,0.0,0.0,1.731391,1.1099235,1.1317933,1.8106414,0.0,2.8475857,0.86527777,0.025782615,0.6869516,0.0,0.08573667,0.0,1.0836853,1.7114886,0.0,0.11812513,0.7094555,1.5796932,0.0,2.3380475,0.31366354,0.16958706,0.71218026,0.10246515,2.0830877,0.0,0.6776131,1.6184477,0.9966586,0.0,1.7110461,1.8410308,1.650238,2.0844693,0.0,0.0,0.64286333,0.8145795,0.0,0.0,0.6250132,0.0,0.0,0.13428235,0.0,0.0,0.87229645,0.0,0.0,0.032983348,2.312651,1
0.0,0.0,0.92728,1.0062281,0.0,0.891922,1.3839442,0.0,1.7838997,0.58522505,0.0,0.0,0.91900355,0.0,1.3452315,0.0,2.404697,0.0,0.29415148,0.0,0.0,0.0,0.0,0.0,1.9604648,0.0,0.0,1.2662616,0.0,0.42726526,0.45941627,0.6114303,0.6359142,0.0,0.74917495,1.1692821,0.38110876,0.0,2.5890756,1.4037431,0.7495177,2.0464106,1.1892643,0.20902303,0.6870874,0.0,2.3597703,0.0,0.916705,0.20410663,1.1767516,0.0,1.6313679,0.0,0.72092193,0.08784608,1.2965951,1.7463986,1.3074957,1.0855665,0.5124171,0.9160679,0.0,1.2543811,0.0,1.5270644,0.0,1.6807084,0.0,0.0,1.7241862,1.698696,2.0573285,0.0,0.0,0.0,0.29919782,1.2692815,0.13390172,0.0,1.5099247,0.0,0.7079279,1.7462201,0.26094475,1.2415408,0.0,1.4612783,0.0,0.80718225,0.87900364,0.0,0.0,0.77263546,1.2734288,0.0,1.7922058,1.8965932,0.0,0.46617562,1.9807824,1.182338,0.29104957,1.1019094,1.0241798,0.90079635,0.0,2.0123816,0.1272429,1.9029332,0.5081082,0.0,0.0,1.9220775,0.0,0.26137152,0.0,0.30996242,0.0,0.0,0.0,0.80718654,0.0,0.055578604,0.0,0.0,0.0,1.6768984,1
0.0,0.0,0.54436815,0.30298242,0.1915657,0.6240975,0.70365316,0.0,2.605827,1.260962,0.0,0.1605145,1.0602713,0.0,1.4855736,0.0,0.72241986,0.0,0.0,0.64191335,0.0,0.0,0.0,0.0,1.5299037,0.0,0.0,2.0490272,0.0,0.44730267,1.746254,2.5126162,2.022252,0.0,0.0,2.0047767,0.0,0.41730142,2.538382,2.4446247,2.2847703,0.19079904,0.829321,0.39081666,0.06221586,0.11501262,1.8408184,0.0,2.08329,0.0,1.646955,0.50283355,1.9121889,0.0,0.0,0.38524002,2.523971,2.279258,1.8566941,0.4961283,0.62163746,0.66605467,0.0,2.7948723,0.2803376,2.2305121,0.0,1.1739881,0.0,0.0,3.0600936,0.17445704,3.4786103,0.0,0.0,0.0,0.0,2.1080632,0.040591247,0.35042983,2.116641,0.0,0.80757046,1.8872072,0.111428976,1.0383871,0.1954014,0.8928707,0.0,0.8923809,1.7120955,0.4653405,0.0,0.9914752,1.5884622,0.0,1.9533712,2.2822065,0.0,0.0,0.6487071,2.271577,1.4176304,0.5347454,0.93556005,0.7092758,0.0,1.9060347,0.053395562,1.2501699,0.23923768,0.0,0.0,2.0655334,0.0,0.09571818,0.0,0.0,0.0,0.0,0.0,2.2346509,0.0,0.0,0.0,0.45638934,0.0,3.1482604,1
0.0,0.0,0.78092444,0.0,0.5373931,1.1505809,0.4071545,0.0,1.4747163,0.954948,0.0,0.0,0.0,0.115876466,0.35210153,0.0,2.2750728,0.0,1.2816705,1.0621992,0.058353003,0.0,0.0,0.0,1.532485,0.0,0.0,1.5064223,0.7161023,0.0,1.2496297,0.780705,1.383636,0.0,0.0,1.262638,0.0,0.84166884,1.132665,2.4454732,0.66955876,0.31875485,1.2439945,0.7288721,0.0,0.0,1.9211488,0.0,1.0704223,0.0,0.1468286,0.0,2.0338006,0.0,0.034628738,0.43108064,1.1021552,2.3092694,2.6592643,0.30213022,1.113065,0.7652977,0.0,0.5630457,0.0,1.8132175,0.0,1.8271143,0.0,0.0,2.6646307,0.7179393,2.7897704,0.0,0.0,0.0,0.05082223,0.07413686,1.1740776,0.0,0.71723145,0.0,0.869256,1.9729402,0.0,0.6795384,0.47484398,0.56563836,0.0,0.72707474,0.7679352,0.0,0.31688094,2.4312253,1.6601143,0.0,3.2567067,1.2442874,0.0,0.9429295,0.5661762,0.80808645,0.37389627,1.6050413,1.5793911,1.5335374,0.0,1.5469441,0.17085044,2.1466665,0.0,1.0677171,0.0,1.1444243,0.8919808,0.82983434,0.0,0.0,0.0,0.0,0.0,1.0064002,0.0,0.0,0.0,0.0,0.69323814,1.5648595,1
0.0,0.0,2.029776,0.0,1.4297974,1.4615167,0.04465073,0.0,2.4586525,1.5491561,0.0,0.12593955,0.8564437,0.0,1.2876029,0.0,0.0,0.0,1.6474439,2.5709288,0.5033222,0.0,0.0,0.0,0.7813333,0.020929616,0.28764647,0.94678074,0.53917825,0.66402197,0.9238049,2.0668437,2.0780215,0.2104133,0.15050283,1.0338634,0.0,0.0,1.743707,1.111269,1.2667862,0.8865301,0.59030014,1.6233274,0.0,0.0,1.0202796,0.0,1.8106372,0.0,0.43276602,0.0,2.457196,0.0,0.0,0.0,2.2199955,3.348489,3.0383089,1.0020888,1.0801662,0.0,0.0,2.7347226,0.0,1.2909296,0.0,0.8756761,0.0,0.0,2.4887974,0.5801594,2.8599484,0.47326592,0.0,0.0,0.0,1.5015751,0.9345378,1.1265227,1.3925713,0.0,0.76531553,1.7106478,0.15727022,0.35149935,0.0,0.35791567,0.0,0.6461961,0.89893025,0.0,0.7503606,1.4507312,0.9890551,0.0,1.5762668,0.6302318,0.0,0.0,0.5736427,0.79947925,1.4199059,1.9243964,0.7300859,0.0039811865,0.0,1.109351,0.7269303,0.48866433,0.0,0.0,0.0,0.96970713,0.0,0.0,0.0,1.4275695,0.0,0.0,0.0,0.8970153,0.0,0.6824833,0.0,0.0,0.0,2.834727,1
0.0,0.0,1.4684048,0.55420965,0.029590635,1.8038787,0.756661,0.0,2.3345308,1.0486704,0.0,0.0,0.23370825,0.0,2.0561461,0.0,0.44294888,0.0,0.0,0.0,0.0,0.0,0.07259209,0.19545422,1.4918337,0.0,0.0,0.9894573,0.0,1.0517772,0.7997406,0.7799461,2.2442844,0.0,0.0,2.3517816,0.0,0.074636795,2.482977,1.5154567,0.9872022,0.137587,0.0,0.726092,0.0,0.0,1.4872003,0.0,1.3038408,0.0,1.1606581,0.0,1.1830273,0.0,0.19700907,2.0004568,2.5276327,2.2465513,2.6060305,0.9238012,0.5066749,1.1850871,0.0,2.908892,0.0,2.0938597,0.0,0.028460164,0.696701,0.0,1.6969306,0.0,2.7679176,0.0,0.0,0.0,0.0,2.5717874,0.26035494,0.10760314,1.3395116,0.0,1.7443753,2.3027434,1.2668549,0.4908717,0.0,0.92332983,0.0,0.5977421,1.6568727,0.14311671,1.4095376,1.2270168,2.3696294,0.0,3.3327196,0.3939851,0.71389425,0.0,1.9138852,3.0857103,0.5623054,0.024079608,1.1385761,0.013726188,0.0,0.79383475,0.42417413,1.587898,0.0,0.0,0.0,2.4356003,0.7553678,0.047011364,0.0,0.6594016,0.0,0.0,0.0,0.8920017,0.0,0.0,0.0,0.48679724,0.0,1.5049213,1
0.0,0.26015687,1.5138037,0.8317051,0.0,1.066518,0.0,0.0,0.60001457,0.85275024,0.0,0.37848058,0.8155491,0.0,2.2887945,0.0,0.7802222,0.0,1.1624249,0.0,0.448655,0.0,0.30199173,0.0,0.19065593,0.0,0.0,1.496008,0.0,0.9785191,1.17623,0.0,0.43753824,0.0,0.0,0.8430017,0.36409748,1.0959786,2.374136,0.91746193,1.3759183,1.7671655,0.8534072,1.7907151,0.0,0.73162985,2.2118413,0.0,0.8581998,0.04950279,1.4899453,0.0,2.2728765,0.0,0.0,0.0,2.0332437,1.9882127,0.7289462,0.70338714,1.5754008,0.7099649,0.0,3.586096,0.0,1.9797138,0.0,0.63063216,1.259112,0.0,1.9856607,0.8743756,2.6068804,0.0,0.0,0.0,0.0,2.1130013,1.2062926,0.352386,2.1501944,0.0,2.0672352,0.70298284,1.9345285,0.06653264,0.0,1.2572707,0.02590873,0.863235,0.65119857,0.0,0.4394312,1.4868269,0.9568967,0.0,2.4195237,0.59789574,0.0,0.0,1.6776181,2.2104697,0.0,0.0,0.3405598,0.0,0.0,1.1475593,0.105712704,0.5411311,1.4661013,0.883018,0.0,1.4065143,0.45405114,0.0,0.0,0.0,0.0,0.0,0.0,1.1292039,0.13269551,0.0,0.0,1.0091943,0.0,0.8695838,1
0.0,0.0,1.9415452,0.8177604,0.0,0.016390426,0.0,0.0,1.7251276,0.55827695,0.0,0.0,0.62026095,0.96081376,1.9962319,0.0,1.1057515,0.0,1.5812613,0.5134711,0.0,0.0,0.33178154,0.0,1.5903568,0.0,0.0,1.954478,0.0,0.0,1.302048,0.4570338,1.4810783,0.0,0.0,2.3592072,0.0,1.5878031,2.2494645,1.825471,1.1459272,1.1109513,0.79751307,1.0831323,0.27708286,0.015120003,0.9095415,0.0,1.0772135,0.0,1.4167299,0.0,1.8240696,0.0,0.0,0.929752,1.8680246,1.9714512,1.3506833,1.63652,0.0,0.9350654,0.0,0.7092591,0.0,2.04681,0.0,0.6735156,0.0,0.0,2.1294022,0.914753,3.316003,0.0,0.5049942,0.0,0.0,2.6543715,1.7679925,0.40456325,1.9027681,0.0,1.0759925,1.627445,0.47348133,0.0,0.0,0.74101526,0.0,1.55441,0.6284147,0.0,0.7135061,0.93002945,0.1861135,0.0,2.6427572,0.0,0.21025982,0.0,0.38018084,1.9110285,0.0,0.36024493,1.5918815,0.6790224,0.30171603,2.3050165,1.3533151,1.6838677,1.0805287,0.83155,0.0,1.260363,0.47690147,0.0,0.0,0.8183715,0.0,0.0,0.09905374,0.6447207,0.0,0.0,0.0,0.53751266,0.85809225,2.071446,1
0.0,0.0,0.26489684,0.0,0.0,1.3054007,0.0,0.0,2.1368766,1.6458476,0.0,0.0,0.7403076,0.53747874,1.1851149,0.0,0.54102916,0.0,0.5446879,0.70440054,0.22257096,0.0,0.0,0.0,2.2829256,0.0,0.6880464,1.8048081,0.0,1.08835,0.68571836,1.8277107,1.8758347,0.0,0.0,1.9416248,0.0,1.1382428,2.7543657,1.2185272,1.2194849,0.0,1.3324424,1.1817387,0.47506753,0.0,1.4223194,0.0,1.167211,0.0,1.3446374,0.0,2.3729098,0.0,0.0,0.0,2.2947557,2.7769272,2.9856255,0.29465526,1.135154,1.2005005,0.0,1.133502,0.0,2.2552943,0.0,1.7957467,0.0,0.0,2.575191,0.6270959,2.6366,0.0,0.46439725,0.0,0.0,1.52799,1.3308182,0.0,1.1558785,0.0,0.0,3.3137565,0.07246888,0.123024285,0.0,0.48611104,0.0,0.3389921,1.9043547,0.0,0.81242734,0.40272826,0.98395157,0.0,2.2164364,1.0696914,0.0,0.10864492,0.577134,2.2750056,0.5227692,1.6799631,1.3868235,1.9035918,0.0,1.7648832,0.78143454,1.3482665,0.0,0.0,0.0,1.0967861,0.12986548,0.0,0.0,0.99832016,0.0,0.0,0.0,0.45464915,0.0,0.0,0.0,1.1087946,0.0,2.956826,1
0.0,0.0,1.8734502,0.0,0.0,1.5132014,0.38473874,0.0,2.8223407,0.81763935,0.0,0.0,1.3838348,0.666345,2.0420403,0.0,0.61625797,0.0,0.71555066,0.0342273,0.44467303,0.0,0.0,0.10808539,1.5659173,0.0,0.0,0.96810967,0.0,0.35098976,1.224629,0.18590279,1.7904004,0.0,0.0,2.1594532,0.0,0.0,2.150205,1.1385427,1.5417632,0.8611309,0.20559841,2.4354513,0.0,0.2604184,1.5570486,0.0,1.8103918,0.0,1.5772305,0.0,1.422085,0.0,0.0,1.3315709,2.6319246,2.2707067,1.8362375,0.2273201,1.0768797,0.7564964,0.0,3.4046874,0.0,1.7463399,0.0,0.7693353,0.0,0.0,2.3691604,0.2654406,2.7947967,0.0,0.1048853,0.0,0.079770654,2.3025548,0.8801334,0.096247084,2.0712528,0.0,1.3244065,2.2024925,1.1735762,0.10132429,0.0,0.47884312,0.0,0.8911488,1.01317,0.0,1.2199435,0.7795105,2.35205,0.0,2.285507,0.62754077,0.8265568,0.05031452,0.11365464,2.9253213,0.39400336,1.3088006,1.6760043,0.08280273,0.0,1.8983061,0.71080524,1.5375005,0.2553508,0.71230596,0.0,1.106917,0.3515525,0.0,0.0,0.80675846,0.0,0.0,0.0,0.406526,0.0,0.003290831,0.0,0.6672836,0.0,2.801535,1
0.0,0.0,2.1618571,0.6768481,0.6978054,0.0,0.0,0.0,2.9436662,1.1277192,0.0,1.3963495,1.0679506,0.0,1.6975919,0.0,0.30159396,0.0,1.8974682,0.7517582,1.6409683,0.0,0.0,0.65458006,1.1446595,0.0,0.24838199,1.3114021,0.3968138,1.0696063,0.0,0.7658867,0.15479904,0.0,0.40559837,2.2320716,0.0,0.0,2.9224157,1.0589844,0.44967204,0.7926551,0.2573691,1.2788774,0.7856925,0.0,1.0314705,0.0,2.3388445,0.0,0.52929157,0.0,1.8707976,0.0,0.14571048,0.0,3.3515654,0.0,1.4666978,0.9743552,1.1848078,0.0,0.0,3.4807363,0.002932529,0.0,0.0,1.0010638,0.0,0.0,1.0040839,2.0248156,2.0718596,0.0,0.52251977,0.0,0.079144806,2.7142437,1.0430604,0.79147595,2.4351625,0.0,0.33175257,1.2809436,0.0,0.8254767,0.0,0.0,0.0,0.36500016,1.60868,0.0,0.0,0.0,2.1116767,0.0,1.2645918,0.5562274,0.0,1.0688975,1.461531,1.614577,0.0,2.4624531,1.2395159,0.08844225,0.025934393,1.3734162,0.78385335,1.792516,0.023401212,0.0,0.0,0.4418843,0.25316662,0.07416662,0.0,0.0,0.0,0.0,0.0849781,0.0,0.0,0.0,0.0,0.0,0.0,0.96836823,1
0.0,0.0,0.2772334,0.69259757,0.0,0.6153502,0.5938904,0.0,1.9606524,2.888756,0.0,0.0,0.0,0.0,0.72794193,0.0,0.9451318,0.0,0.0,0.4942962,0.0,0.0,0.0,0.0,1.3679843,0.0,0.0,1.1090572,0.0,1.1101246,0.7874676,0.20723249,1.3637364,0.0,0.54791147,2.3242877,0.0,0.0,2.5821972,1.0716758,0.35449314,0.0,0.94076306,0.13338554,0.4670573,0.6754173,1.5248036,0.0,2.8279805,0.48887265,0.0,0.0,2.131758,0.0,0.0,0.4412912,2.3709354,2.278578,3.2555256,0.0,0.92332184,0.08190229,0.0,2.9196885,0.4072043,0.40777606,0.0,0.65271,0.0,0.0,1.157454,1.190671,1.3125201,1.5453709,0.02402563,0.0,1.2283902,0.467017,0.97470874,0.0,1.5885706,0.0,0.0,1.0828533,0.0,0.0,0.34387243,0.0,0.0,0.0,0.5054079,0.0,0.61871856,1.7265146,1.5078446,0.048171658,2.3456383,0.5964205,0.16630916,0.0,1.122646,0.5508892,0.0,1.9688954,0.91130054,0.18487075,0.54491764,1.172135,0.0,1.0504199,0.0,0.0,0.0,0.9782865,0.0,0.0,0.0,0.0,0.0,0.0,0.0,0.21227272,0.0,0.0,0.0,0.0,0.0,2.270036,1
0.0,0.40531057,1.5431018,0.75177854,0.9463809,0.4200864,0.0,0.40815836,2.069077,0.61280215,0.0,1.5697831,1.4678601,0.0,0.85219145,0.0,0.8908639,0.0,1.9101485,0.0,1.8523886,0.0,0.0,0.19381683,0.9369351,0.0,0.0,1.3003597,0.92048436,0.22984582,0.0,0.80153763,0.0,0.0,0.179192,1.8219275,0.21689327,0.0,2.387588,0.11695903,0.20271824,0.4999984,0.72934216,1.8895078,0.5771998,0.0,0.96367073,0.0,2.8221774,0.0,0.06637873,0.0,2.6271393,0.0,0.0,0.0,2.896461,1.3520768,1.17949,0.18115029,1.9347359,0.0,0.0,2.991831,0.08509522,0.0,0.0,1.4962478,0.0,0.0,1.8869171,1.6046062,3.402295,0.0,0.0,0.0,0.0,3.1622245,0.93914044,0.7491526,1.790438,0.0,0.0,1.1508169,0.0,0.6431361,0.0,0.0,0.0,0.0,0.33647248,0.07990509,0.083826475,0.0,1.9723046,0.0,0.9249394,1.314485,0.12162023,1.3066362,1.2462965,1.4513582,0.0,2.0126178,0.32720354,0.37334198,0.0,1.0119196,0.60221815,2.240654,0.83312577,0.0,0.0,0.42669198,0.0,0.6668129,0.0,0.56499857,0.0,0.0,0.6992132,0.0,0.0,0.26361847,0.0,0.0,0.0,2.8108742,1
0.0,0.0,0.0,1.3706927,1.1159676,1.3345466,1.1055709,0.0,2.53632,1.3249148,0.0,0.0,1.9443018,1.2359031,1.2159288,0.0,1.5324602,0.0,0.0,1.5828397,0.0,0.0,0.0,0.0,1.3482662,0.0,0.0,1.7811702,0.0,0.6390027,1.0787631,2.038121,2.3321645,0.0,0.0,2.0979707,0.0,0.9034604,2.6639442,1.9629933,1.8543745,0.26968485,0.593005,1.5051459,0.0,0.0,2.7444322,0.0,1.2628909,0.0,2.0849366,0.0,1.9032997,0.0,0.0,0.0,3.0334015,1.0272568,2.3678405,1.0937189,0.89596105,1.4348146,0.0,3.2094445,0.0,2.191135,0.0,1.4092151,0.0,0.0,1.4874378,0.63265365,2.8703566,0.0,0.0,0.0,0.37548932,1.1233529,0.9574548,0.28021604,0.9703404,0.0,1.5664917,2.6156461,0.76840806,0.91848564,0.0,0.13850904,0.0,1.4285877,0.7141982,0.0,0.0,0.8571855,1.1004473,0.0,1.879578,1.5037771,0.4104814,0.1595678,0.6660325,1.6296228,0.4831364,0.73994637,1.5034298,2.683241,0.0,1.4538723,1.16648,1.776124,1.4633542,0.03336911,0.0,1.1477548,0.9014682,0.20886137,0.0,0.9434473,0.0,0.0,0.0,0.8254011,0.0,0.26739115,0.0,0.77585196,0.0,2.2859,1
0.0,0.0,0.9339471,2.5353842,0.75312847,0.97158957,0.0,0.0,1.9628094,1.1827803,0.0,1.2360786,0.0,0.0,1.4285185,0.0,2.720028,0.0,0.0,1.546492,0.6651737,0.0,0.0,0.0,0.55978066,0.0,0.0,0.8677471,0.0,1.2633426,0.019643314,1.1745843,0.0,0.0,1.556602,2.116039,0.0,0.20648824,2.1698284,1.9924892,0.021528378,1.7199465,1.9964802,0.8519023,0.0,0.0,2.25967,0.0,0.86142206,0.0,2.4701526,0.0,2.5558047,0.0,0.0,0.0,3.2064314,0.144389,1.22477,0.0,1.5787076,1.283188,0.0,3.3589015,0.0,0.13678204,0.0,1.3139333,0.14510855,0.0,1.8068317,2.0408943,2.3302119,0.0,0.0,0.0,0.0,0.77517825,0.0,0.6778972,0.90982807,0.0,2.3758495,1.2488434,0.0,0.71394396,0.0,0.0,0.0,0.63716996,1.9494183,0.0,0.21474908,0.6888391,1.1747649,0.0,1.4890796,0.7279303,0.0,0.06819035,1.0619094,0.9049823,0.0,0.3205595,1.1000696,0.0,0.67881685,1.7690575,1.5274603,0.46624985,0.41541716,0.0,0.0,1.4213803,0.8813891,0.0,0.0,0.0,0.0,0.0,0.040065352,1.1829861,0.0,0.0,0.0,0.1241483,0.0,1.7459252,1
0.0,0.0,0.0,1.8631694,1.9029742,1.0925138,1.0145603,0.0,2.167373,1.9302686,0.0,0.0,1.142218,0.67642844,1.0986698,0.0,0.53539693,0.0,0.07339223,1.7597747,0.04978433,0.0,0.0,0.33560413,1.7515571,0.0,0.06849844,1.6330605,0.0,1.7466584,0.0,2.2728605,2.3333676,0.0,0.0,1.8265592,0.22583333,0.39140177,1.8783076,2.5579267,2.0677295,0.9257917,0.0,0.7347274,1.3274343,0.0,3.2964816,0.0,1.8022493,0.0,2.4942422,0.0,1.4487442,0.0,0.29246446,0.0,2.985692,2.240249,2.561945,1.098886,0.2973435,0.88835466,0.0,3.393817,0.0,2.6281567,0.0,1.8210781,0.0,0.0,1.8509784,1.0699687,3.0117419,0.16345154,0.0,0.0,0.6100775,1.8608158,0.86070263,0.9138054,0.51691234,0.0,1.3793117,2.2122254,0.60651106,1.2178286,0.0,0.0,0.0,1.6745182,0.0,0.0,0.37663084,0.7722646,1.1797241,0.0,1.1601331,1.2595838,0.43743291,0.25804633,1.0295271,1.2974877,0.81107527,1.58995,1.2883297,1.3330104,0.0,0.743475,0.45440906,1.7450145,1.119866,0.0,0.0,1.2987219,1.6957709,0.0,0.0,1.801622,0.0,0.0,0.0,1.2430129,0.0,0.11741592,0.0,0.0,0.0,2.9394972,1
