0,1,2,3,4,5,6,7,8,9,10,11,12,13,14,15,16,17,18,19,20,21,22,23,24,25,26,27,28,29,30,31,32,33,34,35,36,37,38,39,40,41,42,43,44,45,46,47,48,49,50,51,52,53,54,55,56,57,58,59,60,61,62,63,64,65,66,67,68,69,70,71,72,73,74,75,76,77,78,79,80,81,82,83,84,85,86,87,88,89,90,91,92,93,94,95,96,97,98,99,100,101,102,103,104,105,106,107,108,109,110,111,112,113,114,115,116,117,118,119,120,121,122,123,124,125,126,127,label
0.0,2.48654,0.3832992,0.0,0.0,0.6594278,0.0,2.2732334,0.34822607,1.1209551,0.052568905,0.0,0.0,1.4341191,0.426948,0.55960196,0.0,0.0,0.4214446,0.0,0.31364912,1.6541905,0.0,0.7779869,0.0,0.8100631,2.4489357,1.8679248,0.7300145,1.3248383,0.0,0.0,0.0,0.13889565,2.8336904,0.0,0.0,0.0,0.3418719,2.8075495,0.0,0.0,2.3892457,1.4096754,0.0,2.3839612,1.4252206,1.8085213,0.49235797,0.0,1.4060612,1.3996083,3.8519928,4.1711674,0.0,0.22774842,1.1272429,0.0,2.7088923,2.3983464,0.0,0.094678104,0.0,1.0783995,1.5438007,4.119923,0.0,0.0,0.06971387,0.0,0.07608883,2.0247746,0.18768087,0.9342136,0.2977826,2.346273,2.5357587,0.0,0.0,0.2659182,0.638452,0.6375406,0.1986657,0.0,2.4818807,0.29186958,1.9317484,0.0,0.8724388,0.0,0.0,0.0,0.0,2.374674,1.2404252,0.29424372,1.0308157,0.30724972,0.0,3.1803489,0.86383706,2.2647214,0.0,0.57707053,1.7724352,0.0,0.0,2.3763762,0.0,0.0,0.0,0.2339334,0.58614725,0.72491896,0.0,0.13911393,2.0031736,0.0,1.8603225,1.1038953,2.235463,0.0,0.7245365,1.8576195,1.4702352,0.0,1.0323179,0.83072644,1
0.0,4.684452,2.1510527,0.0,0.22851136,1.9574149,0.40150708,1.6338423,1.662204,0.0,0.16745207,0.0,0.0,1.2703608,1.0761861,0.0,0.0,0.0,1.553629,0.0,0.0,2.2160373,0.0,0.11364773,0.0,2.8412097,2.510161,4.4639482,0.24116495,2.581858,1.2427179,0.0,0.0,0.15455307,3.2761297,0.23380539,0.0,0.7859278,0.0,2.719723,0.0,0.0,3.934223,2.6914382,0.0,3.3387377,3.6962202,0.0,1.6038053,2.0293822,3.0759413,3.5756977,0.66186744,2.8540394,0.0,0.0,1.5775763,0.048218273,3.341882,3.7730033,0.0,0.0,0.0,0.9710253,1.3914859,2.9929235,0.0,0.0,1.9062883,0.0,2.3010218,0.735159,0.7648859,1.8351082,0.0,2.5693479,1.806915,0.0,0.0,1.2929608,0.0,2.457798,2.014162,0.0,1.6281018,0.0,0.0,0.0,0.76887834,0.0,1.980211,0.0,0.45840374,2.4265156,0.0,3.0492365,1.7359642,0.0,0.6700583,2.9523942,0.8953968,1.6304486,0.0,0.46737632,1.5600593,0.8017116,0.0,0.0,0.0,0.0,0.0,0.0,0.34048927,0.0,0.3449802,1.4053131,3.1322565,1.0133756,0.3183643,2.2481487,2.8217251,0.0,1.7994056,2.3515544,0.09319597,0.0,0.808229,3.1034598,1
1.8794369,1.5457276,0.83210886,1.6564554,1.4656205,0.65968794,0.0,0.2805623,0.0,2.8955755,2.3101187,0.28895652,0.0,0.631075,0.0,0.0,0.0,0.0,0.88380784,0.0,2.724344,0.0017656498,0.0,2.1219559,0.23462999,0.34898067,0.8939413,0.0,3.5984802,0.9800576,1.1579427,0.0,0.0,0.0,0.7919849,1.1920273,1.3369364,3.0217965,0.0,1.1524876,0.0,0.06517653,0.6424466,0.58637017,0.7890073,1.4565827,0.3375302,1.7723947,0.0,0.018120265,2.58352,0.8595377,3.0424845,0.5367046,0.0,0.0,0.7821984,3.3856995,1.7255396,1.4117416,0.0,2.0514493,0.0,3.2049873,0.0,0.8351136,0.5257963,0.0,0.2617824,0.0,3.0651848,0.46025124,0.43908826,1.1123432,2.4561038,0.2335846,0.6005291,1.422808,0.0,2.6508732,1.9669011,1.3521014,1.8884213,0.5980112,1.3274449,0.10792842,1.022564,0.00047058286,0.3223168,0.0,0.023558345,0.0,1.2153594,0.0,2.4388185,2.6349277,0.9693473,0.0,1.747099,0.53706616,2.9824717,0.61904675,0.0,1.6404576,1.350419,1.0967169,0.0,0.0,0.016926806,0.0,0.0,1.9796777,2.1133158,0.09195077,0.0,0.0,0.0,3.2672305,1.7115942,0.093717955,1.1320642,0.0,1.3523164,1.5217566,2.057784,2.2327106,1.5814371,1.633861,0
0.0,2.2940998,3.0412834,1.1253142,0.29363328,1.380191,0.7159207,1.8014818,1.0739833,0.93445486,1.5745399,0.0,0.0,1.6156636,1.2127485,0.0,0.0,0.0,1.5289515,0.0,1.1688074,0.63678163,0.0,2.3527317,0.89047885,0.8449939,2.0490887,2.4993367,0.6818144,2.4853408,1.4761562,0.0,0.0,0.0,2.7164822,0.5333968,0.0,2.2255414,0.0,3.2334867,0.0,0.0,2.4153056,1.1700869,0.0,2.95182,2.673832,2.252864,1.2734616,1.6658207,2.528473,1.9539092,0.7815433,2.7593405,0.0,0.0,1.5689013,1.4624915,2.0572562,2.67439,0.0,0.22143647,0.0,1.4895983,1.7989261,1.3886753,0.0,0.0,0.5447567,0.4680413,1.1316042,1.3441015,0.4037576,1.4444466,1.7526503,2.1274338,0.17932628,0.67198825,0.0,2.0631363,1.6124095,2.1637921,0.8927148,0.3536541,1.1394421,0.0,0.6946277,0.0,0.58630776,0.0,1.9938005,0.0,0.0,0.95284194,0.0,2.7334726,1.6596974,0.0,0.0047900635,0.13718145,0.6425337,1.663904,0.0,1.1434811,0.5117915,0.211798,0.0,0.0,0.0,0.0,0.0,0.23357292,0.99997705,0.44683462,0.0,0.9708214,2.1920204,1.790793,0.0,1.9544927,2.7472637,0.0,1.0119408,1.9637222,0.0020078942,0.26076326,1.6071802,0.87983674,1
3.3967917,0.0,1.0340067,2.4050908,2.046087,0.6505991,1.1438446,0.0,0.0646842,3.4193215,1.7032653,1.1278229,0.0,0.0,0.0,0.26650783,0.0,0.0,1.7293835,0.0,3.6463575,0.0,0.0,2.570685,0.29409745,0.9388848,0.59474355,0.0,4.3540382,0.0027078874,0.0,0.0,0.0,0.0,0.0074376613,0.0,2.3910456,3.4034421,0.0,1.087802,0.0,0.0,1.179097,0.09958619,2.2395868,0.83331877,1.1518166,2.0277994,0.0,0.0,1.0252941,0.6081284,0.39242563,0.0,0.0,0.0,0.43461475,3.4867456,2.969835,0.0,0.0,2.8860693,0.0,3.6068962,1.4551821,0.0,1.449095,0.6303544,0.13548629,0.0,3.3157256,0.89761955,0.8895545,2.5103333,3.3444965,0.0,0.0,1.3665651,0.0,3.45807,2.8512933,0.0,1.1327376,0.66522783,0.7896517,1.6838596,1.2429227,0.7141318,0.0,0.0,0.0,0.0,0.5814908,0.0,3.333433,1.0156997,0.0,0.0,1.2752587,0.0,4.316591,0.622745,0.0,1.0491753,0.69035757,0.68247217,0.0,0.0,0.0669136,0.0,0.0,3.1197112,2.3051744,0.7754939,0.0,0.0,0.0,3.2110434,1.948633,0.9833076,0.74501073,0.0,0.91419435,0.8609637,3.4836862,2.883674,2.4575999,0.5155107,0
2.7914577,0.0,1.7506993,1.7409205,0.36746225,1.6511978,0.3855586,0.0,1.0396233,1.4636474,1.9932271,0.0,0.0,1.4278724,0.0,0.0,0.0,0.6425384,0.41208968,0.0,2.665384,0.0,0.0,1.666783,0.22852758,0.5096094,0.03502055,1.3969127,3.06042,0.5467781,0.881485,0.0,0.0,0.0,0.5271974,0.48199424,1.549342,2.3102005,0.0,2.6961114,0.0,0.0,0.7985261,0.0,1.3387187,1.2012461,2.6284878,3.2588162,0.47734985,0.0,0.3113623,1.3372341,1.8388743,0.5128977,0.0,0.0,1.328895,2.793562,2.6576464,0.36316314,0.0,2.307059,0.0,1.6718043,0.0,0.31145862,0.13463038,0.46912926,0.9909007,0.0,2.8727682,0.0,1.6681314,0.13416821,2.939141,0.0,0.0595525,0.94932586,0.0,3.1624568,2.6520011,0.0,0.6681339,1.4058119,0.5029513,0.93077457,2.0531166,0.15666938,0.0,0.0,1.872289,0.0,0.6079436,0.7371294,2.4367983,2.3125107,2.2484975,0.0,0.48529676,0.0,3.2582269,0.6873244,0.0,0.0,0.8378252,1.2959788,0.0,0.0,0.0,0.0,0.0,1.786939,2.6518981,0.0,0.4069403,1.5512803,0.42464572,2.664229,1.405098,0.7600802,1.300233,0.0,0.43536854,1.0509629,2.9248261,2.8865447,1.9187088,1.3183962,0
0.0,1.6149738,2.7570467,0.74317515,0.7106412,2.366605,1.0425069,1.7775706,0.36395484,0.6890619,0.34281296,0.0,0.0,1.6169804,0.9876869,0.0,0.0,0.2322799,2.6492565,0.0,0.24430315,0.09630892,0.0,1.224926,0.066817515,1.1951786,1.9351491,1.8212291,0.0,1.5399864,1.4779599,0.0,0.0,0.5204705,1.7931042,0.6451537,0.2580036,1.4132333,0.0,2.5262754,0.0,0.0,1.5366071,0.9517993,0.0,1.5476747,3.7726557,1.4000802,2.225149,1.8047062,1.8530618,2.047709,2.0694156,3.0336356,0.0,0.0,2.4152937,0.9185163,4.370515,1.5051316,0.0,0.3180625,0.0,2.3915207,1.4844729,3.0058904,0.0,0.0,3.1383512,0.9914165,1.0815202,0.816688,0.41820487,1.3674477,1.0303108,1.116388,0.66780984,0.0,0.0,1.6595447,0.0,2.014247,1.9774224,0.0,1.1825643,1.1752466,0.72131616,0.0,1.5226921,0.0,3.8597171,0.0,0.55445844,0.8271143,0.0,2.4218357,1.8369849,0.0,0.0,0.4338265,0.0,2.157299,0.0,1.1600841,2.0408952,0.0,0.0,0.0,0.1633837,0.0,0.061217364,0.0,0.6223756,0.0,0.59266007,1.5280508,2.2046115,2.0899186,0.0,2.1551106,2.6262662,0.0,1.2278,1.7365097,0.66232103,0.67263424,1.908943,1.6573473,1
0.6716885,1.8410084,1.7573383,1.3555458,0.3402401,1.9744688,0.0,2.831438,1.4679172,0.41987437,1.9286797,0.79665726,0.0,1.514564,0.5732419,0.0,0.0,0.581192,3.1577957,0.0,0.8794128,2.258442,0.0,2.026751,0.0,1.341544,1.2556227,0.58541054,1.4547257,2.094744,1.9349903,0.0,0.0,0.0,1.1278446,1.7538238,0.0,1.4602072,0.0,2.2946332,0.0,0.3673838,2.6737623,1.6903003,0.0,0.5765719,2.2526436,1.048916,0.35413557,2.2217345,1.0963893,2.080409,2.7679296,2.9794729,0.0,0.0,2.426083,1.4051658,2.822992,1.3668216,0.0,0.6654242,0.0,1.4832283,1.150838,1.7403042,0.34307578,0.0,3.1680026,0.047326885,1.3635489,0.0,0.9360254,1.3343716,1.180077,0.75341827,0.86678046,0.009737798,0.0,1.7739248,0.0,2.2791662,0.9049626,0.0,1.1621928,0.9515982,1.4097118,0.5793467,0.5536531,0.0,0.69757324,0.0,0.22833288,0.69416225,0.5964862,2.6929338,0.024485476,0.0,0.0,1.3474336,0.55448043,1.531534,0.0,1.8729222,1.9420928,0.0,0.0,0.0,0.0,0.0,0.0,1.089986,0.9119973,0.5764535,0.81001174,1.0092196,1.8015114,1.5187182,0.53824204,2.229593,1.2032489,0.0,2.6883774,3.1055145,0.816806,0.6971652,0.28810874,1.8335395,1
0.0,0.0,4.151395,1.2915008,0.0,2.35059,0.25537342,0.72602147,1.1381388,1.7367636,1.6750653,0.0,0.0,1.5446666,0.0058650253,0.0,0.0,0.0,0.6754675,0.0,0.1519513,1.4064009,0.0,1.6726481,0.77047086,1.8442856,0.90765756,1.5961642,0.2781982,0.65108764,3.048446,0.1360829,0.0,0.0,0.0,2.2729292,0.0,3.150414,0.0,3.7452288,0.0,0.0,0.8020432,0.45511094,0.24139707,1.4264235,3.3751073,0.93668383,0.80284494,0.57257867,2.3975573,2.6892738,2.117803,2.0875118,0.0,0.0,2.5964565,0.93106663,3.5036068,1.0079886,0.0,0.9672147,0.0,0.9115801,0.7951419,0.09218206,0.0,0.0,1.8294399,0.15383029,1.4340914,0.17046861,1.4610054,1.1998212,1.5547473,0.7920131,0.84809005,0.32570952,0.0,2.8256328,0.0,1.5622594,0.74143535,0.9072995,1.8087587,0.99689335,1.3481392,0.0520528,1.6162003,0.0,2.4134583,0.0,1.0420156,1.4547181,1.2437915,1.6849872,0.6882296,0.0,0.96463484,0.0,0.9893614,1.1022497,0.0,1.3322709,1.397258,0.0,0.0,0.0,0.0,0.0,0.0,0.603457,0.4795581,0.0,1.4926935,0.921886,1.5045629,0.6718915,0.0,2.9448323,3.4746387,0.0,0.0,1.6893462,0.76361215,0.11890967,1.1873461,0.96427,1
0.98003584,3.0434952,2.8213718,0.38362336,0.72694767,1.9930929,0.0,1.4954971,0.10908781,0.41727382,1.3712951,0.5148859,0.0,1.538416,1.4411299,0.35588992,0.0,0.03306555,1.8331031,0.0,0.07216613,1.8401706,0.0,1.2015969,0.0,1.2132406,2.0249467,1.311591,0.2505773,3.061805,2.3841293,0.0,0.0,0.0,1.3777087,2.6590333,0.0,0.097010866,0.0,2.1850402,0.0,0.0,1.8892673,2.3346462,0.0,2.3222198,1.816364,1.9479208,1.4618988,2.2256505,2.4903693,2.8055346,2.9779222,2.9704406,0.0,0.0,3.544973,1.0385262,3.3004513,3.694811,0.0,0.4609326,0.0,0.21366203,1.6799785,2.6898043,0.0,0.0,2.9830847,0.0,0.54598874,0.01711284,0.6459719,0.70262015,1.1758265,1.9238915,2.3180742,0.19142453,0.0,1.985753,0.0,2.860514,0.71170413,0.03639242,1.0990583,0.7613127,1.0496149,0.0,0.27638206,0.0,1.1362737,0.0,1.2463763,2.1440291,0.0,3.589803,0.06277991,0.0,0.8800994,1.0677406,0.7086215,2.8208094,0.0,2.2025554,2.3891573,0.0,0.0,0.0,0.0,0.0,0.0,0.0,1.1081221,0.23488252,0.99521345,1.7038342,2.1549206,1.4635682,0.9880522,2.5650556,1.6460818,0.0,1.3786497,4.116091,0.0,0.5879548,0.009940753,1.7611846,1
0.45002905,0.0,3.9607787,0.5552538,0.0,2.2084284,0.0,1.4539305,1.4824835,0.9698301,1.4734135,0.06516581,0.0,1.4102848,0.0,0.20929708,0.0,0.0,0.28256863,0.0,0.667313,0.0,0.0,0.95868045,0.23692903,2.0650284,0.9282023,2.4890935,0.6702667,0.0,3.2741227,0.0,0.0,0.0,0.0,1.403828,0.9409706,1.9797,0.0,2.8371155,0.0,0.0,1.1839644,0.7789512,0.0,1.6286681,2.6480033,0.9480921,0.9315557,0.9094266,2.0101922,2.5776806,1.9965138,1.4069272,0.0,0.0,2.4652374,1.5077082,4.304864,1.2522525,0.0,0.9304886,0.0,0.73263043,0.0,1.1865234,0.0,0.52823234,1.102559,0.47937137,1.7846485,0.0,1.6128281,1.0358282,0.35943758,0.0,0.79413646,0.36996847,0.0,2.5281074,0.0,1.2315738,0.7972627,1.2206159,1.1544611,1.7548896,1.3809296,0.0,0.94747955,0.0,2.2015052,0.0,0.22962481,1.4238421,0.4972584,2.3025348,2.0628355,0.0,0.8711688,0.0,1.254097,0.079896025,0.0,1.1156938,1.2110281,0.0,0.0,0.0,0.0,0.0,0.0,0.6206151,0.6330897,0.0,1.7748928,1.326879,1.3841695,1.3598101,0.68660545,1.7368314,3.3812318,0.0,0.22817577,1.328456,0.8427091,0.09051438,1.4332807,1.7095824,1
0.0,0.35448113,3.8644679,1.0467031,0.0,2.6391125,0.45415646,1.580101,1.2209735,1.467896,1.535925,0.0,0.0,1.3118557,0.0,0.0,0.0,0.0,0.46376723,0.0,1.1624007,0.3707806,0.0,0.9685177,0.0,1.060504,2.157324,2.884175,0.43773183,0.10184891,2.7807271,0.2646079,0.0,0.0,0.9296288,1.5846545,0.34279752,2.6633947,0.0,3.594647,0.0,0.0,2.0742822,0.56539214,0.0,2.432569,2.659707,0.0,0.9400703,0.8212854,2.0763476,1.7968137,2.4494314,1.5468285,0.0,0.0,1.5874289,2.4191544,4.119617,0.8408223,0.0,0.26177943,0.0,0.73070955,0.13502239,1.5602949,0.0,0.0,0.99221647,0.0,1.6916648,0.043247927,1.2702397,0.6537152,1.1589756,0.67997193,0.54312575,0.19017978,0.0,2.241608,0.8285574,1.3395901,1.1490211,0.0,0.87631136,1.413913,1.5138681,0.0,1.3298957,0.0,2.70769,0.0,0.0,0.84764105,0.94805574,2.5944452,3.0316885,0.0,0.29316917,1.0270598,1.625593,1.544661,0.0,2.118305,1.2580962,0.0,0.0,0.0,0.0,0.0,0.0,0.85780084,1.338476,0.0,0.6899809,1.5695678,0.9501732,1.4860685,0.20231102,1.6404239,2.4401448,0.0,1.4554149,1.8925399,1.0355457,0.0,1.6060607,1.7206857,1
2.7057288,0.0,1.2198482,2.5988314,2.0128832,2.4180956,0.48412365,0.0,0.0,1.8623337,2.4038415,0.21581,0.0,0.0,0.04734235,0.0,0.0,0.71524096,1.3218515,0.0,1.7232505,0.6134428,0.0,2.3001232,0.0,1.0353638,0.0,1.0811092,2.9667714,0.51829326,1.9153273,0.0,0.0,0.0,1.088192,0.354969,0.81992984,4.0549693,0.0,2.5537944,0.0,0.0,0.1080069,0.8720951,2.4054346,1.3351845,2.121998,0.67305815,0.0,0.0,1.6776832,0.5419961,2.2600482,0.3434877,0.0,0.0,0.90415204,3.135081,2.4462457,0.0,0.0,1.5843936,0.0,2.6258962,0.0,0.0,0.5141005,0.0,0.43519855,0.0,1.7915741,0.43151653,0.89587283,1.306063,4.7899003,0.0,0.0,2.087359,0.0,3.094233,2.4937496,0.33546114,1.5917962,1.4489319,0.0,1.4344213,0.0,1.0119154,0.0,0.0,1.0285343,0.0,1.8533452,0.0,1.4317107,0.57131964,1.7952484,0.0,1.9932237,0.16334312,2.739364,1.0751741,0.0,0.0,0.0,1.283236,0.0,0.0,0.6254838,0.0,0.0,2.6570802,1.7083924,0.28336766,1.2509811,0.795459,0.30747795,3.81381,2.3409452,0.6673616,2.407224,0.0,0.24856006,1.7274337,2.5517924,1.5813514,2.3716042,0.97165245,0
2.6263244,0.0,1.0084047,3.1032658,0.078105934,1.4390056,0.14737658,0.0,0.043345615,1.5175134,2.4695618,0.0701318,0.0,0.3533719,0.0,0.0,0.0,0.45314208,0.0,0.0,2.7138815,0.0,0.0,2.722486,0.18918493,0.98238,0.0,0.01404174,3.3491967,0.0,1.2153225,0.0,0.0,0.0,0.0,1.2031126,1.8239167,3.292812,0.0,2.8363726,0.0,0.0,0.0,0.0,2.0738869,1.024672,1.5360467,1.6114376,0.0,0.0,0.44937837,0.0,1.7277428,0.12183734,0.0,0.0,0.0,4.208732,1.5313655,0.0,0.0,2.6974087,0.0,2.466334,0.0,0.0,0.57575065,0.0,0.33073705,0.24630767,3.003475,1.1785356,0.76747036,1.0834178,3.6156242,0.0,0.0,1.4055909,0.0,3.6357672,1.6942734,0.41108575,0.9110973,1.4361889,0.31205013,1.4509995,1.3203222,0.35995442,0.19203137,0.0,1.0593532,0.0,1.1284683,0.0,2.3760355,1.5875503,1.0753652,0.0,2.0769584,0.0,3.6418464,0.0,0.0,0.86306566,0.5150711,1.298099,0.0,0.0,0.010966357,0.0,0.0,2.3606985,1.4043837,0.0,0.0,1.2107934,0.0,3.5120702,1.2239296,0.7021502,1.5704886,0.0,0.0,1.772895,3.038494,0.5133403,2.00229,0.7226364,0
1.8752841,0.0,0.0,3.071734,2.0592446,0.86709446,0.51571804,0.0,0.0,2.4302495,2.4941475,0.0,0.0,0.57077,0.0,0.19837527,0.0,0.42044735,0.24266239,0.0,2.4548852,0.44387695,0.0,2.4126325,0.5794947,0.0,0.0,0.0,3.9772303,0.0,0.0,0.0,0.0,0.0,0.83647263,0.0,1.6274437,4.2366548,0.3889229,1.8485585,0.0,0.0,0.51162803,0.0,3.0252686,0.9178478,1.5321628,0.6116705,0.0,0.0,0.32562056,0.0,0.0,0.0,0.0,0.0,0.0,2.440357,2.22653,0.0,0.0,3.1131835,0.0,3.4999583,0.0,0.2512212,0.8332029,0.0,0.0,0.6465228,4.1532803,0.6641704,0.73267037,1.245057,3.654339,0.0,0.0,1.3748232,0.0,3.007895,1.6008317,0.0,1.6039641,1.2944956,0.0,0.040451612,1.0764825,0.0,0.2376542,0.0,0.0,0.0,1.449681,0.5495347,2.787311,0.42665613,0.0,0.0,1.7351528,0.0,4.4479814,1.0747783,0.0,0.0,0.50714684,1.8635966,0.0,0.0,0.8239972,0.0,0.0,2.9449153,2.1679442,0.37905043,0.0,0.56167716,0.0,3.4665384,2.2720737,0.45458603,1.456884,0.0,0.18940575,1.3815252,1.829405,0.0,2.4484375,0.0,0
0.66478086,2.7568743,1.4665995,0.0,0.9077851,0.8103042,0.0,1.3632363,0.0,0.21654317,0.81084526,0.37097847,0.0,1.3866568,0.4268555,0.0,0.0,0.5207505,0.94568217,0.0,0.3386533,0.68936664,0.0,0.7763746,0.0,1.3577887,1.753254,1.306453,1.1133907,2.8168893,0.37148875,0.0,0.0,0.0,2.3542209,0.53894395,0.0,0.05522458,0.0,2.6713102,0.0,0.0,1.6943527,1.2395518,0.0,3.183841,1.2681609,1.0604948,1.8599896,1.0986748,2.4554548,1.4129822,2.488786,1.7891706,0.0,0.0,1.6611084,2.403291,2.799975,2.4479253,0.0,0.43944314,0.0,0.81555796,2.4436147,3.522524,0.99525523,0.0,0.22679831,0.092786826,1.0311723,0.042046834,0.1471248,0.24292314,1.4300137,1.4060243,0.6981647,1.7580534,0.0,1.8163579,1.0582514,2.72121,0.0,0.10786249,1.0061432,0.29687116,1.8960028,0.0,0.7753383,0.0,1.4112946,0.0,0.45477295,0.10826548,0.37201223,3.1687024,0.42154408,0.71245056,0.0,0.27458692,1.3047402,2.701666,0.0,2.5622303,1.390116,0.0,0.0,0.9494983,0.0,0.0,0.0,0.48921147,1.8159335,0.0,0.0,0.5771584,1.6089419,0.4958691,0.73519033,1.2825314,1.1781071,0.0,2.4536598,3.5654476,0.91460496,1.0224895,0.0,0.87704813,1
0.0,0.8781895,2.7996404,2.1247332,0.0,1.9892126,0.0,1.1148506,1.8177037,1.0545795,0.6063069,0.0,0.0,1.7030889,0.74603975,0.0,0.0,0.0,1.3780155,0.0,0.0,0.4196562,0.0,0.0,0.39660826,0.43260765,1.0560203,2.347622,0.0,0.0,2.6500027,0.0,0.0,0.0,2.178548,1.5223519,0.0,2.9328363,0.0,2.7530706,0.0,0.0,1.2011696,1.4023981,0.21429394,1.7212939,2.4900723,0.0,0.0,1.3259231,2.5238662,1.2567962,0.97077745,1.9804796,0.0,0.0,1.907682,1.3090824,4.321679,1.9507235,0.0,0.8757616,0.0,1.0846003,0.156837,0.37875715,0.0,0.013314737,0.37258786,0.45292935,1.9257805,0.0,2.3346217,0.6931957,0.5105385,1.243178,0.05426047,0.0,0.0,0.08436854,0.0,0.23494108,1.4399863,0.9248216,0.61138934,0.9415555,2.4949005,0.0,2.2569656,0.0,1.4345778,0.0,0.5393179,0.9287687,0.12885831,1.8207561,1.4997545,0.0,0.0,0.0,2.1117413,1.0380174,0.0,1.3433781,1.8851678,0.0,0.0,0.0,0.0,0.0,0.0,0.68599445,0.7808349,0.0,0.7425968,1.0085838,1.9616557,1.9768437,0.7909915,0.7045285,3.0486207,0.0,0.2896638,1.9127185,0.9342976,0.5327884,0.033360135,1.2997779,1
1.8705484,1.2774633,0.17481364,2.5739324,1.819515,0.26641113,0.0,0.0,0.0,3.0878112,2.420634,0.9294206,0.27714208,0.39328945,0.0,0.0,0.0,0.0,0.105144165,0.0,1.5394977,0.0,0.15519719,2.3530436,0.23946479,0.40190578,1.3038867,0.0,2.2167814,1.4294033,0.09433764,0.2177908,0.0,0.0,1.150613,1.5161737,0.3690008,2.7240286,0.0,1.7467567,0.0,0.0,0.0,0.0,0.9155285,1.2805957,0.42857116,3.137369,0.0,0.0,0.59880686,0.0,2.1031606,0.9903498,0.0,0.0,0.43399158,1.9483436,0.76778835,0.7548915,0.0,2.1282787,0.0,2.6086714,0.0,0.40517595,1.5490361,0.0,0.3961935,0.0,3.4397907,1.0349888,0.6564548,2.0181007,1.81164,0.8232245,0.23826788,2.6281002,0.0,1.3059515,0.2479949,0.3506622,1.4605641,0.0,1.9277371,0.22481743,1.5915054,0.0,1.4911901,0.0,0.0,0.0,2.6006794,0.0,1.4352328,0.62628126,0.0,0.0,0.43091682,0.36790848,3.3121624,2.0456555,0.0,1.5544515,0.6431924,1.4072673,0.0,0.018175108,0.29472494,0.0,0.0,2.8109105,2.5874946,0.0,0.0,0.0,0.0,3.2508118,0.9374141,0.6536014,0.19622362,0.0,1.0126327,2.5968919,1.1645114,0.39282104,2.854142,0.32380822,0
0.89510596,2.5902376,3.1368039,0.08925141,0.36547464,1.7367282,0.0,2.4907432,0.7990417,0.0,0.8057846,0.31774604,0.0,1.47193,0.0,0.0,0.0,0.0,2.185031,0.0,0.0,1.3978889,0.0,0.75621665,0.33564726,0.49983197,2.5439668,2.566741,0.020999841,1.4339322,1.7897426,0.0,0.0,0.0,2.99505,2.1282642,0.0,0.0,0.066205,3.7130928,0.0,0.0,3.360383,0.23760134,0.0,3.8232632,1.1743282,1.6383429,1.560496,1.1007339,1.9115231,3.0829716,2.2380888,2.6944728,0.0,0.0,2.8123746,1.3096498,2.918253,3.5457504,0.0,0.0,0.0,0.34445313,3.100981,1.7444338,0.0,0.0,1.5995324,0.0,0.9117221,0.19706409,1.5783257,0.54783535,1.9308571,2.5762959,0.9921041,0.29929006,0.0,1.3155591,2.6060424,3.1322594,0.8962943,0.0,0.98789996,0.0,0.31993943,0.0,1.3680794,0.0,2.8409076,0.0,0.7106229,1.9944748,0.0,2.663402,2.4034548,0.0,0.0,2.3307006,1.6361982,1.8952963,0.0,1.0226994,1.7279353,0.0,0.0,0.0,0.0,0.0,0.0,0.0,1.0018028,0.0,0.8146313,0.94254464,2.1658514,0.17169574,1.757051,2.066157,2.409061,0.0,1.6705668,1.4968783,0.83330065,0.71497697,0.0,1.903978,1
1.5871052,0.0,1.6475062,2.0310824,0.84486485,1.8075007,0.6519242,0.0,0.7675397,2.4348054,1.087441,0.0,0.0,0.0,0.0,0.0,0.0,0.0,0.18453889,0.0,2.2434094,0.44050482,0.0,1.9573685,0.79114676,1.239594,0.40168884,0.0,2.9446502,0.0,0.9494964,0.0,0.0,0.0,0.014522865,0.43667623,1.1662782,2.8206778,0.0,2.2672899,0.0,0.0,0.6583378,0.0,1.5565228,1.9231727,0.7483058,1.577778,0.0,0.61993474,1.3144903,0.0,2.6465082,0.2418965,0.0,0.0,0.0,4.4595523,2.8492823,1.0795234,0.0,3.1360571,0.0,1.5994964,0.0,1.1193829,0.0,0.3225879,1.043347,0.0,2.4616678,1.2945895,0.8340583,1.026922,2.7206738,0.0,0.0,1.6973342,0.0,1.9023069,1.6525513,0.0,0.0,0.0,0.47322488,1.4099386,2.4010062,0.7880783,0.65752476,0.0,0.09509775,0.0,1.6491244,0.71632636,1.5656108,0.5048323,1.5199006,0.0,0.9762879,0.0,2.9370353,0.9294545,0.0,0.67563874,0.09295019,0.28732017,0.0,0.0,0.0,0.0,0.0,1.5807797,2.1453178,0.9550156,0.5059143,0.13015337,0.8555528,3.5413332,2.4669867,1.1600479,1.5849744,0.0,0.0,1.739625,2.3779054,1.4105061,1.9457986,0.777986,0
1.0479039,1.5118545,2.11272,2.2286334,0.0,2.3055694,0.6311461,0.58362466,1.612675,2.476161,0.35782018,0.0,0.0,0.7653647,0.51829344,0.5058011,0.0,0.0,1.5926422,0.0,2.0597963,0.06954008,0.0,0.95015216,0.0,1.229829,2.4335024,2.8250234,1.9146758,1.3193898,2.397722,0.0,0.0,0.0,1.406127,0.21656367,1.0508548,1.7810613,0.9781712,2.6842396,0.0,0.0,2.7279344,1.4711684,0.0,1.0046151,3.2280693,0.70954394,0.44450188,0.21909156,1.1525668,0.0,2.235886,0.808865,0.0,0.0,2.0993962,1.0151737,3.3588161,0.9675158,0.0,0.7636867,0.0,2.6907904,1.0047996,1.771076,0.0,0.0,1.4041002,0.0,2.0534005,1.3667848,0.78744674,1.3492523,2.843405,1.7414232,0.8039032,0.0,0.0,2.452184,0.5619143,0.0,2.2232199,0.0,1.3635062,1.1889316,1.1191661,0.70190865,1.1727079,0.0,1.3922668,0.0,0.8861255,0.93916446,2.0414224,2.71112,0.3955537,0.0,0.0,1.4277389,1.8529832,2.7708032,0.0,0.6924239,1.6723288,1.250258,0.0,0.0,0.0,0.0,0.0,1.180128,1.0011129,0.0,0.0,0.6951315,1.3538554,1.8742776,0.0,0.51332057,1.5416762,0.0,3.3215456,2.0159652,3.4591506,1.4424641,2.1664922,2.509579,1
2.2529438,0.5285782,1.382671,2.7784603,0.4119003,0.77905643,0.57640815,0.0,0.12839009,2.4068444,1.547894,0.0,0.0,1.8097999,0.0,0.0,0.0,0.74581784,0.5331047,0.0,3.1798625,0.0,0.0,2.4303098,1.2685052,0.0,0.6615299,0.0,2.3663363,0.0,1.1357026,0.0,0.0,0.0,1.1310984,0.36976886,1.8561327,4.7024045,0.0,0.9398155,0.0,0.48109618,0.9065344,0.10950911,1.1393383,1.1439128,0.5140908,1.2682145,0.3267588,0.0,1.8051503,0.30412063,1.2531672,0.0,0.0,0.0,1.0500859,2.9168227,0.8118709,0.0,0.0,1.9260204,0.0,2.6843054,0.0,0.041255493,1.0550623,0.018431349,0.093463875,0.0,3.2979946,0.76039916,1.0816543,1.4818133,3.6836817,0.49171486,0.34592786,1.5270243,0.0,2.1654484,1.6509941,0.9023565,1.908651,1.2268665,1.2188276,0.5719447,1.806419,0.0,0.49651533,0.0,0.8339063,0.0,1.6592062,0.8616641,2.1859143,2.4868855,2.327796,0.0,1.2158422,0.71469873,3.5806537,2.1591887,0.0,0.35646147,0.0,2.3152764,0.0,0.0,0.0,0.0,0.0,2.55799,1.7823554,0.1922679,0.0,0.78933716,0.0,3.4835637,1.5790123,0.58895016,1.3072004,0.0,0.19138235,1.379493,1.3218133,0.20260008,1.7180742,0.7325781,0
0.0,2.8264728,3.3563855,0.0,0.25892183,3.3004816,0.06449373,0.58826804,0.23854582,1.5246164,0.2306938,0.0,0.0,1.0428619,1.0090119,0.0,0.0,0.0,1.2680627,0.0,0.5958154,1.8919709,0.0,0.18785375,0.7808211,1.7842677,1.9838117,1.5031661,0.4097145,2.64454,1.1680794,0.0,0.0,0.27939355,3.5729089,1.2340578,0.63919663,0.6422814,0.0,2.6397645,0.0,0.0,2.0699086,2.1591094,0.0,2.3540397,3.8234966,1.9380801,0.25736713,1.5242327,2.4904666,1.737771,1.6281619,2.7774434,0.0,0.0,0.41170803,0.43550447,4.4358144,3.7112331,0.0,0.24571335,0.0,1.2241198,1.6887604,2.4769216,0.0,0.0,2.4122467,0.0,0.30287653,0.0,0.8340266,0.7736971,0.30430812,1.8345795,0.25836444,0.0,0.0,0.96900004,1.4317777,2.0657887,1.3188394,0.0,1.2038656,0.1561676,0.0,0.5602142,0.90673316,0.0,2.5916903,0.0,1.03054,2.6650388,0.17452358,2.0158596,1.3663702,0.0,0.0,1.5665008,0.61134183,1.756505,0.0,1.6205074,1.3283831,0.0,0.0,0.0,0.0,0.0,0.0,0.34640428,1.0606759,0.0,0.1337818,1.7927556,2.0413578,0.8511519,0.027269645,1.914302,2.1140118,0.0,2.6681566,1.422327,0.17748398,0.0,1.8878843,2.3374958,1
0.051111545,2.7888136,1.6909504,1.8764385,1.5954227,3.1374223,0.0,0.0,0.9917528,1.5288297,0.2556891,0.0,0.0,0.47376624,0.18251412,0.0,0.0,0.0,0.6686243,0.0,0.0,1.6312289,0.0,0.21276703,0.0,1.7954212,0.94958156,3.2249799,0.0,2.7971203,1.4316623,0.0,0.0,0.0,1.2551186,0.36858687,0.0,0.9085568,0.0,3.9427674,0.0,0.0,1.9363506,1.9474401,0.0,2.0405786,2.49445,0.6081381,1.0033765,0.058174778,2.250538,1.7220147,2.181491,1.870357,0.0,0.0,0.47912374,0.46372977,1.9944333,2.7611485,0.0,0.7968955,0.0,1.5194528,1.5741518,2.349069,0.0,0.0,0.3070286,0.0,1.3895458,1.1181118,0.08965618,1.097903,1.5519793,1.9606316,0.0,0.0,0.0,1.8360705,0.34026018,1.1613622,2.470168,0.0,1.7714692,1.1877321,0.66798365,0.0,1.9477686,0.0,1.0681454,0.0,1.2307208,1.8515275,0.77600884,2.2657998,0.0,0.0,0.0,2.2271981,0.27895817,2.7997007,0.0,2.023431,2.363481,0.22305001,0.0,0.0,0.0,0.0,0.0,0.26338306,0.150521,1.1727624,0.0,0.70464635,0.42356873,1.4173675,0.06685756,2.5074704,2.0833704,0.0,2.5634403,3.4705417,1.8211576,0.85662395,0.0,0.9332017,1
0.0,2.2265453,4.2639074,0.0,0.0,3.0847342,0.18095507,1.3311518,1.8860564,1.2948285,0.0,0.0,0.0,1.3525982,0.0,0.0,0.0,0.0,1.5366658,0.0,0.0,2.5214374,0.0,0.0,1.0973334,2.867776,2.9828923,2.473888,0.0,1.4764124,1.4297794,0.0,0.0,0.6993526,3.7235699,2.930561,0.0,0.0,0.0,3.212895,0.0,0.0,2.9758496,1.0805367,0.13985257,2.2712367,3.5878088,1.9356387,1.7801168,1.0833653,1.5372283,3.5495512,0.9857547,2.3282168,0.0,0.0,1.8660687,0.0,3.7725697,4.1147656,0.0,0.0,0.062347323,1.7092444,1.796617,2.7624772,0.0,0.0,2.8453143,0.0,0.0,0.0,1.3244939,0.116893865,0.0,3.216199,0.05632762,0.0,0.0,1.3034024,0.0,1.5182889,1.1333817,0.0,1.275436,0.0,0.35677958,0.68685985,0.73045564,0.0,2.5053425,0.0,0.28317273,3.0119421,0.0,2.6296675,1.2737539,0.0,0.0,1.0550982,0.18674871,0.3284845,0.13177755,0.0,1.9714713,0.0,0.0,0.0,0.0,0.0,0.0,0.0,0.0,0.0,1.4339318,1.8988047,3.829579,0.33335024,1.632796,3.2935898,2.0633035,0.0,2.0192583,0.85322213,0.0,0.012665287,1.2862778,1.8858058,1
1.0104157,2.707748,0.16461624,3.4887567,1.233285,0.0,0.5997936,0.0,0.0,2.6802523,0.4721534,0.023294594,0.0,0.60574234,1.1166059,0.0,0.0,0.0,0.3411578,0.0,1.8589685,0.014674734,0.06933962,1.6649914,0.0,0.17895624,1.6102514,0.0,1.2907594,1.852279,1.4593222,0.0,0.0,0.0,1.4349563,0.50038975,0.40263894,3.6443493,0.5547606,2.1926117,0.0,0.0,0.32204038,0.36562285,0.23982368,1.215052,1.8760846,2.575409,0.2114402,0.0,1.9838492,0.46397707,2.6771,0.8346851,0.0,0.0,0.2606413,1.7616223,1.4974583,1.5357499,0.0,0.91385597,0.0,3.9869974,0.7719605,0.707427,0.0,0.700253,0.0,0.5602101,2.3039324,0.90609246,0.0,0.67373866,2.072653,2.2575247,0.028605485,0.6402048,0.0,1.2589082,0.10836876,0.47853494,2.7438457,0.0,1.7509191,1.4669061,0.51659656,0.0,1.9245242,0.0,0.0,0.0,1.0863981,0.0,1.2734412,2.7624705,1.4555981,0.0,0.19652268,0.23162162,1.4327296,1.5649114,0.0,1.803165,1.1091361,2.3098052,0.0,0.0,0.0,0.0,0.0,0.66795284,1.8731935,0.2521209,0.17131029,0.7848413,0.36107612,3.043196,1.0173944,2.7589965,0.36288446,0.0,1.2983752,1.632816,1.9525293,0.14864476,1.9489202,1.5362068,0
1.4318196,0.0,1.5184844,1.9567646,3.308768,1.267715,2.3135924,0.0,0.0,1.8274798,0.35357842,0.34364566,0.0,0.5171231,0.32875347,0.0,0.04611297,0.012223804,0.0,0.0,1.8123118,0.96065843,0.0,1.8969457,0.0,0.0,1.2922624,1.2099638,2.5534418,1.9883063,1.7805822,0.0,0.0,0.7746933,1.9285437,0.0,0.23761709,3.9899752,0.48484147,2.0260499,0.0,0.0,1.3254626,0.0,0.8958798,1.559556,3.1399097,1.2412903,0.0,0.0,1.0748615,0.0,2.2873886,0.2480628,0.0,0.0,0.0,1.7395614,3.1966567,0.0,0.0,1.207411,0.0,2.2470765,0.54500824,1.0559425,0.0,0.3908975,0.42317545,0.44823685,2.801223,0.0695229,1.1078366,0.18699124,3.3954651,0.4992171,0.42438793,2.271423,0.0,2.1884518,1.1382937,0.0,1.564192,0.0,0.0,0.52055246,0.30845737,0.7823089,0.48271242,0.0,0.0,0.0,0.32672757,0.5962014,1.1397145,1.7060522,0.8210085,0.0,0.0,0.97248745,2.075998,1.5822021,0.0,0.0,0.42433402,1.2723285,0.0,0.0,0.24732065,0.0,0.0,2.510726,1.3804806,0.0,0.0,1.5871273,0.0,3.8486004,0.0,2.034537,1.002658,0.0,1.0642065,1.1998253,1.438262,1.0863323,1.9608717,0.3674107,0
1.8059059,1.1684268,0.88737726,2.4418268,1.1359398,1.5577326,0.6683064,0.46927804,0.046045497,2.7771702,2.2860897,0.18064679,0.0,0.58927745,0.3204915,0.0,0.0,0.0,0.91160977,0.0,2.2647843,0.0,0.0,2.3951926,0.74971485,0.0,1.8188107,0.1831847,2.8758678,0.0,0.14906913,0.0,0.0,0.0,0.95491654,0.0,2.3081632,4.253513,0.0,0.68685234,0.0,0.0,0.4005362,0.5167978,1.8101565,0.68296903,0.88373435,1.1882766,0.0,0.0,1.0624866,0.0,0.89121825,0.30704054,0.0,0.0,0.31827557,3.405179,2.0294127,0.13482356,0.0,1.5679305,0.0,3.80552,1.0034432,0.95056975,0.0,1.196595,1.0318022,0.42317054,3.1435902,0.68428445,0.063710906,1.5997509,2.7487752,0.22819512,0.0,1.1239059,0.0,1.99037,1.2315215,0.12709178,1.637341,0.29565635,0.27860656,0.42806104,0.57619107,0.17628151,0.49788186,0.0,0.22673562,0.0,1.0495418,0.0,3.180046,0.48037207,0.7185793,0.0,0.8738809,0.21215962,3.588545,1.4285622,0.0,0.8917774,1.3925047,0.25829527,0.0,0.0,0.88388014,0.0,0.0,2.848635,2.2383597,0.4188617,0.19069737,0.28138012,0.71829236,4.2586417,1.5003649,1.1267351,0.5332622,0.0,0.30817628,1.4234487,3.1777582,2.520733,3.2097855,0.7664177,0
0.0,3.070049,1.5396799,0.0716498,0.0,1.6928315,0.0,2.0221553,0.77385765,0.17195347,0.82916,0.0,0.0,1.1675494,1.2630501,0.0,0.0,0.7029512,1.4385093,0.0,0.42068735,1.7799071,0.0,0.55020696,0.0,1.1277024,3.745985,1.5756588,0.0,2.602682,1.0568738,0.0,0.0,0.0,3.4033232,0.5693385,0.0,0.5387204,0.15514645,3.3159814,0.0,0.0,2.7903738,1.1139416,0.0,2.140362,2.052086,2.7114546,1.9298282,2.7732759,2.6046896,2.0269656,2.2937894,3.543215,0.0,0.0,2.7458272,0.0,2.9262156,3.868386,0.0,0.0,0.0,0.0,1.8888428,3.9820204,0.0,0.0,0.6340179,0.0,0.40928417,0.09902905,0.0,0.0,0.0,2.746565,0.0030446146,0.0,0.0,0.6107764,0.36619365,2.2312384,0.78684485,0.0,0.5760049,0.7866858,0.0,0.0,1.5070629,0.0,2.3493662,0.0,0.59523666,2.9183676,0.19198306,3.0178084,1.8057182,0.0,0.32759568,2.1460657,0.9538846,2.2965786,0.0,0.87903935,1.8505939,0.16048615,0.0,0.18805672,0.0,0.0,0.0,0.5452709,0.36314017,0.0,0.0,2.020208,2.5122833,0.0,1.6268113,1.9668185,3.1329615,0.0,2.878518,2.279307,0.2788921,0.0,0.9094667,3.043519,1
3.3669925,0.0,1.5945996,2.651298,2.682193,1.8882499,0.53528976,0.0,0.0,2.3551056,2.75559,0.0,0.0,0.5798367,0.4902857,0.0,0.0,0.84653735,0.54781854,0.0,2.8509235,0.53154105,0.0,1.7924322,0.0,0.21708444,0.9130849,0.43350044,4.1037016,0.29097024,2.157203,0.0,0.0,0.0,0.1905397,0.80733323,1.3777083,2.9026623,0.0,1.9462792,0.0,0.0,0.0,0.40689814,0.997985,0.9808225,1.8436173,0.5701242,0.0,0.0,1.2941236,0.0,1.2132471,0.0,0.0,0.0,0.85759753,2.0066736,2.3841615,0.0,0.0,1.8172381,0.0,3.2423742,0.7313515,0.47559014,0.25919038,0.0,0.66202176,0.23270991,2.4197168,1.4061213,0.0,3.0725014,4.3749647,0.0,0.0,2.1909258,0.0,4.1699967,2.499494,0.25771958,1.6507411,1.1480684,0.0,0.3796437,1.3728051,0.2869014,0.19156091,0.0,1.1339993,0.0,0.716525,0.0,2.4774892,1.6312165,0.8664805,0.0,1.7850559,0.0,3.0524516,0.37884134,0.0,0.0,0.47654518,1.1587404,0.0,0.0,0.31764632,0.0,0.0,2.5707366,1.881304,0.24051638,0.6270175,0.6196071,0.24398828,4.0876536,2.9753246,1.4608997,2.6601353,0.0,0.488717,0.40610653,3.6842408,1.8850983,2.444011,0.28661898,0
2.985177,0.0,1.5505857,2.2337918,3.3140943,1.9383479,0.0,0.0,0.66854453,2.2383533,2.201786,0.0,0.0,0.8241398,0.0,0.0,0.0,0.0,0.87414217,0.0,2.542891,0.5864826,0.0,2.7462716,0.9747514,0.57414925,0.0,0.0,3.2715106,0.0,0.2644996,0.0,0.0,0.02406795,0.0,1.2200862,2.6551492,3.4411728,0.0,1.4282292,0.0,0.0,0.07406724,0.40591136,2.6297734,0.2905921,0.11026829,1.2462986,0.0,0.11244691,1.3507133,1.1477065,0.45024925,0.0,0.0,0.0,1.1330992,2.2846615,2.2160363,0.0,0.0,2.8220046,0.0,3.1385324,0.0,0.0,0.91436553,0.0,0.38774902,0.0,3.0675776,0.3079055,0.08882461,2.6480708,3.4793007,0.0,0.0,1.7562486,0.0,3.331405,1.4771824,0.96769476,2.1710067,1.914752,0.48569554,0.0,0.63272804,1.2273288,1.4266974,0.0,0.334169,0.0,2.44903,0.3835183,2.2255523,0.84755385,0.0,0.0,1.6014608,0.35228863,3.4951491,1.2712606,0.0,0.5870619,0.8725639,2.0651214,0.0,0.0,0.0,0.0,0.0,2.298836,2.009436,0.3829948,0.0,0.76470846,0.0,3.7078924,2.5052903,0.5577482,1.8962744,0.0,0.0,1.4709482,2.9520802,1.7448156,2.1609745,0.0,0
0.71909714,2.4035096,1.9581103,0.14545631,0.0,1.0718977,0.0,1.9734477,0.47720093,0.7777621,1.9843285,0.07714807,0.0,1.1877158,1.238427,0.0,0.0,0.23486438,0.9906241,0.0,0.17862475,1.6657605,0.0,2.6144252,0.0,0.8795356,2.284524,1.1124408,1.0544094,2.5856073,0.46626592,0.0,0.0,0.0,1.7381203,1.3463627,0.0,1.409953,0.0,3.4545267,0.0,0.0,1.1064569,1.6410474,0.0,1.0335453,2.414366,1.57652,0.9641876,1.0886401,1.0744193,1.1548121,2.4436276,3.0675642,0.0,0.0,1.9647976,1.201027,2.9036088,2.058785,0.0,1.6709155,0.0,1.0708736,1.3641372,3.7469397,0.0,0.0,1.1993207,0.34494594,0.99478287,0.58996755,0.0,0.6718315,0.7766375,2.5114822,0.799379,0.7865901,0.0,2.535535,0.013633554,2.1754599,0.8940319,0.0,1.7457098,0.19013038,1.9683826,0.0,0.10455889,0.0,1.1328925,0.0,0.91410226,1.6387411,0.39292875,1.8123891,0.20110495,0.0,0.0,0.4652598,0.0,2.0134087,0.0,1.0641062,2.6445162,0.4408763,0.0,0.6336476,0.0,0.0,0.0,0.4198071,1.6720176,0.96637183,0.0,0.8223116,1.0256284,1.308755,0.32131532,2.057441,1.0217184,0.0,0.96290493,2.190391,0.8286008,0.0,1.2265321,1.0410378,1
0.0,2.6327412,1.6896777,0.33957994,1.1151612,1.0550363,0.0,2.0970488,0.28413498,0.3049888,0.64060366,0.17545033,0.0,0.67780125,1.0966047,0.0,0.0,0.0,0.39152116,0.0,0.24780259,1.4562863,0.0,1.7051102,0.41453204,0.9255657,1.3620152,1.1297249,0.0,3.037737,0.748875,0.0,0.3082115,0.0,3.011208,0.12815824,0.0,0.70207584,0.0,2.2796032,0.0,0.0,0.7323109,1.1745695,0.0,1.8748542,3.1211603,1.6955061,0.5000433,0.76286,3.095249,0.9369642,3.214495,2.861379,0.0,0.0,1.5382978,1.5986346,3.0413938,3.2767367,0.0,0.6301711,0.0,1.7161694,2.2623396,3.2259545,0.0,0.0,1.4950392,0.98311925,1.0317767,1.0583049,0.0,0.50531006,0.13435952,2.4953425,1.1936258,0.34284168,0.0,1.360264,0.29945183,1.3761586,1.9003391,0.0,2.1163511,0.84819764,1.5415912,0.0,0.7566412,0.0,0.77617455,0.0,0.9603359,2.0139108,0.0,1.5929912,1.3517442,0.06871344,0.0,0.2691368,0.43760306,3.292354,0.0,2.091612,1.6174781,0.13552965,0.0,0.0,0.0,0.0,0.0,0.0,1.0760974,0.86524254,0.6377628,1.6505473,1.5459976,1.7922583,0.35003105,2.0128171,2.3071198,0.0,1.322925,3.5102596,0.0,0.25952265,1.7384492,0.473115,1
2.0208042,1.1835325,1.7948309,0.5822253,0.3592964,0.622947,0.91485023,1.964391,0.0,0.4496638,0.66526014,0.45292628,0.0,0.21339604,0.39230365,0.0,0.0,0.0,1.767203,0.0,1.1992294,0.0,0.0,2.4263544,0.43882456,0.96279,2.2844746,1.83591,1.5650492,2.0667744,0.9960058,0.0,0.0,0.3185526,2.209687,0.0,0.0,1.8622228,0.40705246,2.2902155,0.0,0.0,1.944969,1.2276618,0.0,1.089869,2.1242113,1.9787421,1.9813845,0.6393616,1.5274613,0.36453256,2.223062,1.8178146,0.0,0.0,1.4081527,1.5518696,2.8001804,1.4553835,0.0,0.6645253,0.0,1.353736,2.0875814,2.8665133,0.0,0.85422933,1.8950156,0.17437185,2.0263116,1.8855953,0.0,0.78489786,1.1350179,2.560383,1.6486518,1.0963206,0.0,1.35447,0.5909304,1.8995879,1.2018088,0.0,1.1227556,0.9740541,1.3753288,0.0,0.6097174,0.0,1.1224192,0.0,0.0,0.84651285,0.0,0.7939008,0.0,0.0,0.0,0.12914197,0.8007829,2.3766181,0.0,1.1825633,0.5706846,0.7164511,0.0,0.50866646,0.0,0.0,0.0,0.24432929,0.9230946,0.99658996,1.2035549,0.11260676,1.2202425,0.67097336,0.71948594,2.5246756,1.8254136,0.0,1.0745895,1.2236595,1.4827427,0.57461387,2.83317,1.9911155,1
2.8607078,0.13792387,0.90495986,1.69606,1.2231438,1.5609813,0.0,0.122327104,0.20219819,1.8089718,2.30355,1.0297322,0.0,0.28768405,0.0,0.0,0.0,0.46880308,0.44059753,0.0,3.0875118,0.0,0.0,2.5724635,0.7908313,0.35906166,0.28766522,0.0,3.1518974,0.075824164,0.98427045,0.0,0.0,0.0,0.052263215,1.2304521,2.231683,4.319882,0.0,2.0347474,0.0,0.0,0.0,0.1764254,1.8954525,1.5335679,0.38261437,1.599684,0.0,0.09983409,1.1774938,0.57839614,2.600301,0.3661654,0.0,0.0,1.073336,3.4108806,1.2228321,0.017184826,0.0,2.4240057,0.0,3.6057475,0.0,0.0,1.2673634,0.0,0.34129667,0.0,2.7505858,1.3921099,0.53637195,1.387903,4.001621,0.0,0.3081499,1.8817711,0.0,3.5000792,2.4945233,1.638942,1.2809337,1.5164315,0.6124399,0.0,0.8265403,0.20648581,0.077326395,0.0,0.16029587,0.0,1.4275213,0.0,3.1084783,2.5054324,1.0125468,0.0,2.2886715,0.06513636,3.5833347,0.7170004,0.0,1.1005663,0.358089,1.3354579,0.0,0.0,0.030388054,0.0,0.0,2.139301,2.1182334,1.0462332,0.0,0.29215446,0.0,3.7101698,1.8388536,0.5945282,1.5865519,0.0,0.0,1.9676573,3.0280194,1.6977681,1.9967288,0.4507047,0
1.6511112,0.0,0.9129665,4.0936995,0.46050438,0.90046924,0.97468996,0.0,0.0009150952,2.390799,1.8541036,0.0,0.0,0.5953668,0.0,0.49014565,0.0,0.0,0.50503045,0.0,2.04001,0.0,0.0,1.7515868,0.9063691,0.50666803,0.041515667,0.40273622,2.8115327,0.0,1.4534851,0.0,0.0,0.0,1.3188076,1.2566029,1.3515553,4.3217154,0.0,1.6177666,0.0,0.0,0.0,0.0,1.1553702,0.45820054,1.9414318,0.6917323,0.0,0.0,0.543109,0.0034371389,2.8988404,0.0,0.0,0.0,0.3369548,3.889625,1.0753175,0.0,0.0,1.8398219,0.0,2.9608138,0.0,0.0,0.0,0.0,0.69750506,0.8253465,4.6109858,1.236407,1.6634976,1.2886082,3.1526425,1.1069722,0.0,1.2951909,0.0,2.4143617,0.32754773,0.0,1.7618372,0.0,0.91221994,1.2272083,1.9730436,0.39463598,0.71978515,0.0,0.0,0.0,2.0079238,0.9471131,1.6511354,1.9422495,2.0701714,0.0,1.4749225,0.0,3.842836,0.6689812,0.0,0.14980787,0.0,1.2165154,0.0,0.0,0.48991096,0.0,0.0,2.6871212,2.2409446,0.0,0.27026132,0.7803661,0.2330727,3.9067311,1.9634354,1.3249443,1.5253234,0.0,0.0,1.8633426,1.5887883,0.5057562,2.5205784,0.0,0
0.9280027,0.0,3.2720788,1.1810844,0.090392835,1.7384033,0.0,0.5018257,1.7357575,2.348926,1.7295709,1.0379498,0.0,0.6945256,0.0,0.6442813,0.0,0.0,0.0,0.0,2.724805,0.0,0.0,1.2037979,0.36038688,0.93495893,0.38406518,0.3074148,3.324078,0.0,1.7056015,0.0,0.0,0.0,0.21560161,0.22815153,2.3194435,2.6687577,0.0,0.86226904,0.0,0.0,0.6900891,0.0,2.16797,0.3871419,1.5662041,1.2465568,0.0,0.0,0.59714556,0.45797876,1.8768427,0.0,0.0,0.0,0.04147561,2.9233868,3.6897454,0.0,0.0,1.6407391,0.0,1.8257874,0.0,0.0,1.6034616,0.0,0.867462,0.0,2.4798458,0.42939258,0.98295486,1.3642961,2.6146374,0.0,0.0,1.1597224,0.0,2.1166098,2.4395583,0.0,1.053488,1.1984262,0.32714522,0.5631224,1.9378294,0.95388514,0.42936608,0.0,0.0,0.0,1.1721551,0.5863439,2.0899734,0.8403514,2.588402,0.0,1.967786,0.0,3.7944033,0.16082716,0.0,0.5022742,1.2281761,0.42571774,0.0,0.0,0.0,0.0,0.0,3.0952094,1.7250671,0.27207166,0.6894631,0.7859502,0.0,3.1267521,2.5726378,1.1106229,2.32638,0.0,0.28288957,1.5204356,1.9956695,1.3599857,2.3949435,0.9381567,0
2.0436478,0.121608645,1.7068555,1.456604,0.520406,2.7132487,0.0,0.6172453,1.0995638,1.8615421,2.7213278,0.0,0.0,2.308837,1.2660378,0.0,0.0,1.5394408,0.32326424,0.0,2.1584382,0.7866789,0.0,1.543806,0.6096176,0.0,1.5670487,0.0,1.8442224,0.5006931,2.3968995,0.0,0.0,0.0,0.47539032,1.9310471,0.99630475,2.7936115,0.0,2.8418217,0.0,0.0,0.6984493,1.3507262,0.7076095,1.1279737,2.0209475,1.7745707,0.0,0.28596112,1.274113,0.45113984,2.8845444,1.9476836,0.0,0.0,0.9858113,1.7184883,2.783216,1.3621999,0.0,2.0189357,0.0,2.3447676,0.15164432,1.5510018,0.32741854,0.0,1.124362,0.0,1.1876059,0.36678237,2.11703,1.2198035,2.320937,0.0,0.08875824,0.78357434,0.0,3.7036655,1.1687167,0.56082356,1.5205312,1.4215238,1.4010316,0.40314975,2.060331,0.3169816,0.5834751,0.0,1.5393887,0.0,2.1770566,0.5817737,1.3127973,2.2465732,0.35537595,0.0,1.8442682,0.0,2.4637818,1.8904909,0.0,1.0110714,1.5833311,0.88714504,0.0,0.0,0.3903957,0.0,0.0,1.4843653,1.9538655,0.19459927,0.99186325,1.2123684,1.062754,3.0196486,1.362063,1.8682777,2.6316183,0.0,0.0,2.0738797,2.2534556,0.97837716,1.5001876,0.91783845,1
3.3671281,0.0,0.8785496,2.6423223,2.2127373,0.897937,0.0,0.14443761,0.6633715,2.5634758,2.015625,0.891248,0.0,0.0,0.0,0.0,0.0,0.0,0.24952419,0.0,2.2982605,0.0,0.0,1.3492635,0.7914035,0.1796619,0.17558952,0.71587175,2.8044748,0.0,0.596223,0.0,0.0,0.0,0.0,0.27111337,1.9674284,4.2874713,0.0,1.7126377,0.0,0.0,1.2306887,0.3002041,1.632869,0.6449711,1.6952856,0.2677837,0.0,0.0,0.5698866,0.0,0.95311177,0.0,0.0,0.0,0.0,2.894483,2.7257879,0.0,0.0,3.2334974,0.0,3.4219248,0.0,0.7225142,0.0,0.0,1.1762972,0.0,3.1385534,0.0,0.15535256,1.2889503,4.525521,0.0,0.0,2.6200807,0.0,3.2785957,1.4771175,0.0,1.8056006,0.13514113,0.0,0.7533912,1.5859345,1.2769362,0.65962756,0.0,0.0,0.0,0.72333056,0.0,1.681767,0.65647984,0.11139805,0.0,0.0,0.0,3.232256,0.42752767,0.0,0.0,0.0,0.9456943,0.0,0.0,0.0,0.0,0.0,2.1868343,0.72492284,0.44940767,0.0,0.26012662,0.0,4.2868476,2.485915,1.6791252,0.9466157,0.0,0.0,0.82890505,2.3702033,1.5830387,2.9065616,0.10427285,0
0.78783923,3.2887254,2.2369413,0.7316755,1.6554325,1.377042,0.0,1.9516132,0.28603238,1.4748551,0.46277437,0.0,0.0,1.3114774,1.6131617,0.2109813,0.0,0.99970347,2.7363083,0.0,0.12991898,2.5354528,0.0,1.7024223,0.0,1.3647002,1.5457273,2.3918154,0.6939481,2.2446344,2.6558208,0.0,0.0,0.0,3.8754094,1.0059906,0.0,0.44732425,0.0,2.8186467,0.0,0.0,3.149291,1.9640275,0.11320333,1.0657876,2.088008,1.735623,1.1266135,2.4233193,2.360881,2.894723,1.2930899,2.5637884,0.0,0.0,3.2378461,0.024580263,3.5986538,2.9843762,0.0,0.0,0.0,0.7646706,1.4755628,1.9092569,0.0,0.0,2.7013555,0.75764906,1.264359,0.0,1.5029802,1.9098525,0.56390285,1.7459359,0.64742935,0.058897324,0.0,2.0010483,0.0,2.2459862,1.9376731,0.0,0.0,0.0,0.24250923,0.10771174,1.3312137,0.0,1.791855,0.0,0.42502996,0.70749265,0.0,1.6676056,0.0,0.0,0.0,1.4280219,0.25858107,2.698786,0.0,1.1383849,2.0668874,0.0,0.0,0.78642637,0.0,0.0,0.0,0.43993142,0.0,0.0,1.9223756,2.4741895,1.7529202,0.73245406,0.69859713,2.578514,1.3537036,0.0,2.3801665,1.3073729,0.0,0.0,0.106279455,1.941664,1
0.95171297,0.0,3.7840226,1.4583538,0.0,2.27057,0.7926488,0.39259017,1.3284996,0.48231816,1.6586088,0.0,0.0,0.35384372,0.0,0.0,0.0,0.2986065,0.6951386,0.0,2.1824982,0.27547818,0.0,0.89344376,1.1688548,1.7116797,0.11657258,1.0498139,2.5328417,0.0,1.9917831,0.0,0.0,0.0,0.0,0.9383158,1.1836156,3.319424,0.0,2.8300653,0.0,0.0,0.83266693,0.0,0.75269955,0.76650757,2.7553267,1.0484327,0.0,0.0,1.0806429,1.8719313,1.0387338,0.6175477,0.0,0.0,1.0626051,2.6974804,2.84562,0.0,0.0,1.28191,0.0,0.55887276,0.0,0.0,0.0,0.0,1.4549558,0.009503996,3.428977,0.07735722,2.0792813,1.3431891,2.9808137,0.0,0.0,0.15124698,0.0,3.649698,1.0584044,0.0,0.0,1.2826401,1.1604215,1.5294113,1.69691,0.8754148,0.85195553,0.0,1.3200481,0.0,0.13849026,0.2589315,1.378968,0.96290606,2.0335255,0.0,0.82705694,0.0,1.876874,0.0,0.0,0.10781003,0.88508105,0.0,0.0,0.0,0.0,0.0,0.0,1.5736233,0.78524274,0.0,1.8992835,0.8501512,1.0474355,2.3422637,0.0,1.41969,2.7122457,0.0,0.0,0.3900649,1.8578913,1.0842315,1.4719856,0.473756,0
2.2119071,0.17306784,0.0,2.1977744,1.5358325,0.98168623,2.3416343,0.0,0.18345837,3.4999068,1.4349964,0.7297824,0.0,0.0,0.0,0.0,0.9940174,0.0,0.0,0.0,2.8303864,0.0,0.0,1.6257693,0.83198714,0.0,0.7074179,1.0205259,4.529118,1.0033542,0.38674855,0.0,0.0,0.0,0.8365191,1.1275216,1.1030948,4.1503754,0.48219532,0.91312444,0.0,0.0,0.0,0.5812566,1.9919978,1.2507513,2.1679375,0.35356155,0.0,0.0,0.94784194,0.0,3.000651,0.0,0.0,0.0,0.0,2.6897707,2.2137976,0.0,0.0,2.8876557,0.0,3.0241258,0.0,2.0066874,0.083013326,1.6835318,0.096287854,0.028252995,4.538882,1.8823788,0.53909254,0.75105494,4.3996215,0.0,0.0,0.7725605,0.0,2.450803,0.8489792,0.4858281,2.92544,0.47692937,0.8125697,1.4409323,1.0756891,0.45968074,0.892652,0.0,0.0,0.0,1.2818241,0.0,1.9631596,2.2432,1.0233667,0.0,0.0,0.0,3.4432542,2.7892318,0.0,1.3706683,0.49989316,2.8255901,0.0,0.0,0.54157466,0.0,0.0,1.615725,1.7756697,0.56987035,0.0,0.6729603,0.0,4.337093,1.6331611,1.6884054,0.9527321,0.0,1.1913255,1.611516,2.2946453,0.9086196,1.4696858,0.64734846,0
2.5142553,0.2876772,0.0,3.980762,2.8672578,0.3735144,1.4877797,0.0,0.0,2.980174,1.256035,0.45501885,0.009217887,0.0,0.4162283,0.0,0.0,0.3703469,0.35909826,0.0,3.2234018,0.67422277,0.0,2.4032936,0.0,0.08525962,1.0854166,0.0,3.6267242,0.5817815,1.1477971,0.0,0.0,0.0,0.4871359,0.0,1.0000474,4.6993747,0.16913784,1.3647236,0.0,0.0,0.0,0.0,1.1232489,0.59632427,1.8603659,2.2106562,0.0,0.0,0.056472324,0.0,2.5953012,0.048346777,0.0,0.0,0.0,3.4340587,1.8420314,0.0,0.0,1.4816415,0.0,4.099399,0.0,0.0,0.36553985,0.0,0.0,0.47592,3.1325436,1.2309866,0.46521065,1.3200866,2.9404852,1.1678667,0.017495641,2.3130348,0.0,2.5995357,1.6717762,0.0,2.3262885,0.0,0.22466591,1.5825968,0.73395133,0.5714033,1.8966376,0.0,0.0,0.0,2.0875716,0.54051656,1.4221638,2.1595163,0.16285934,0.0,1.4601662,0.0,2.9005404,1.9998991,0.0,0.362504,0.13109072,0.7730642,0.0,0.0,1.2740891,0.0,0.0,3.255411,1.448049,0.0,0.0,0.9874337,0.0,4.1159015,1.0641375,1.9973724,1.1929355,0.0,0.55423486,2.0880346,1.7830688,1.3517166,2.2529366,0.0,0
2.6968465,0.0,2.4610171,1.7973253,0.73673606,2.175872,0.0,0.22479022,1.4029218,1.5191115,1.8486525,0.0,0.0,0.924084,0.0,0.14312293,0.0,0.0,0.2464841,0.0,2.4004672,0.4214363,0.0,2.0749369,0.9157042,1.4516371,1.0740223,0.20590626,2.9397333,0.0,2.161916,0.0,0.0,0.0,0.0,1.4245517,3.5200295,2.4544895,0.0,2.6530282,0.0,0.0,0.16263697,0.0,1.9431598,0.9058313,1.1954657,1.6550722,0.0,0.05000298,0.5616841,0.6795568,2.179025,0.4346304,0.0,0.0,0.77938277,2.9605951,3.082447,1.1017717,0.0,2.3040547,0.0,1.9394325,0.35200727,0.0,0.540035,0.0,0.38179004,0.0,2.4633443,1.1056402,2.0725346,2.2242913,2.8284225,0.0,0.0,1.2878342,0.0,3.3996186,2.0716515,0.0,1.7767997,1.8439301,1.8664261,0.9239888,1.3382521,1.3411589,0.88568443,0.0,1.7504395,0.0,1.1219954,0.730944,0.9232364,1.4491338,1.2140324,0.0,1.8661904,0.2735768,2.7242844,0.023884619,0.0,0.6018478,1.1779766,1.3827573,0.0,0.0,0.066833936,0.0,0.0,1.6476313,2.3432546,0.62118906,0.1297205,0.11951842,0.741595,2.2746856,1.7810781,1.2495021,2.3594687,0.0,0.0,1.0561285,2.5060024,1.7285124,1.5342934,0.86470157,0
2.2851164,0.0,0.70846534,2.5436993,0.86376244,2.279891,1.1091182,0.25124666,0.5635976,3.3385258,2.3754125,0.5543243,0.0,0.47641608,0.0,0.0,0.0,0.77435935,0.0,0.0,2.4489994,0.13501047,0.0,1.582313,1.1589391,0.0,0.040644426,0.22809614,2.8787024,0.5418925,2.1446614,0.0,0.0,0.0,0.0,0.6539968,1.2339165,3.358279,0.0,1.511475,0.0,0.0,0.6043107,0.029073266,1.2598121,1.2659781,2.4685006,2.272744,0.0,0.0,0.0,0.8593446,2.378217,0.0,0.0,0.0,1.0447171,2.2355876,2.4575894,0.0,0.0,2.594435,0.0,2.1501458,0.0,0.0,0.0,0.7875118,0.630831,0.0,3.0339127,1.3709004,0.5176823,0.73020476,4.4749355,0.039470863,0.38388807,2.043942,0.0,2.8018343,1.0002158,0.1458774,1.3908693,0.6255966,0.29304856,1.9914222,2.2547576,0.0,0.5764052,0.0,1.1197793,0.0,2.1272006,0.8847448,1.4771345,1.410554,0.9718004,0.0,0.9438346,0.0,3.0021012,1.4681894,0.0,0.3156727,0.0,0.841312,0.0,0.0,0.0,0.0,0.0,2.6155245,1.8584609,1.0140159,0.5825113,1.3557969,0.0,3.8509314,1.3802519,1.7349899,1.076797,0.0,0.8790723,0.5543409,0.9216546,1.0038685,2.369128,0.5844684,0
2.7879589,0.0,1.3278997,1.665982,2.5105414,0.75154537,0.84299934,0.58340406,0.7834047,2.3154747,1.6459391,0.4324246,0.0,0.0,0.0,0.98653316,0.0,0.12563798,1.1232493,0.0,1.397487,0.0,0.0,2.0515518,0.89142746,0.67663467,0.85254216,1.2319235,3.5374143,0.34371498,1.4681535,0.0,0.0,0.0,0.72585154,0.0,2.2610302,3.0918434,0.0,1.6141254,0.0,0.0,1.0693194,0.0,2.44635,0.5189995,2.973021,0.9798305,0.0,0.06850339,0.0,0.75238013,1.1112444,0.0,0.0,0.0,0.24806592,2.1153386,3.1249933,0.0,0.0,2.3062706,0.0,3.4116998,0.0,0.0,0.0,1.2651052,0.6003309,0.0,3.5518754,1.3272216,1.8880601,2.4476318,3.7597017,0.26385802,0.0,2.840673,0.0,3.894271,2.4036002,0.0,0.8019657,0.1938909,0.0,0.35487008,1.5778791,0.9040237,0.6667781,0.0,1.0757693,0.0,0.6959513,0.4348853,1.2479746,1.8283354,0.60043526,0.0,0.7769352,1.157342,2.1104922,0.0,0.0,0.0,0.6540259,0.74781257,0.0,0.0,0.0793431,0.0,0.0,1.4908227,1.489227,0.0,0.78998166,0.17598309,0.0,2.7763882,1.8489907,2.0189314,1.1361521,0.0,0.37708405,0.0,3.341143,1.6687026,2.0730097,0.90262485,0
0.0,0.0,3.8153746,1.2753319,0.0,2.1570132,0.0,1.5355519,0.7571564,0.7475566,1.6993921,0.015946414,0.0,0.89625746,0.0,0.0,0.0,0.34911636,0.96358806,0.0,0.91954076,0.77106136,0.0,2.196065,0.869895,1.628784,2.1310146,0.0,1.3623208,0.0,3.1006937,0.0,0.0,0.0,0.0,1.6126411,0.0,2.364062,0.0,2.2887676,0.0,0.0,1.0783316,0.2811824,0.51548046,1.7594115,2.4738917,0.5862658,0.27777475,0.44506007,1.8881649,1.2045188,2.4293168,1.7058556,0.0,0.0,1.6897017,2.6269438,2.9469032,0.4374612,0.0,0.8695477,0.0,1.3225614,0.0,0.6098839,0.057413667,0.0,1.5378766,0.17309715,2.6404674,0.015241551,1.8988545,0.52985126,1.7842681,0.2763328,0.0,0.0,0.0,2.674829,0.051419858,1.6403613,0.0,1.1368468,1.4572417,1.5931762,0.990309,0.45753318,1.1411616,0.0,1.9772307,0.0,0.48381096,1.0157149,1.189294,2.0596123,1.5243,0.0,0.53861564,0.0,1.5839614,0.44556594,0.0,1.0168641,1.1246505,0.0,0.0,0.0,0.0089375265,0.0,0.0,1.0384022,0.94965166,0.0,1.2169867,0.7241398,1.1961141,3.1845431,0.16451804,1.9760529,2.7250712,0.0,0.8731222,1.4463418,1.4284827,0.9781201,1.7921667,1.6891319,1
0.0,2.123198,2.742197,0.0,0.31911558,2.8958373,0.0,1.1110954,2.8651085,1.044815,0.91801,0.0,0.0,0.63802403,0.90550846,0.0,0.0,0.0,0.7534968,0.0,0.0,1.985639,0.65646166,0.31825143,2.2079277,1.4778656,2.793496,2.2562623,0.0,1.8508062,0.75512147,0.0,0.0,0.9641862,3.9038541,1.7709812,0.0,0.4534361,0.0,2.8522139,0.0,0.0,3.2187185,2.5480323,0.10108195,2.9518602,1.9218483,0.0,1.2865901,1.5691812,1.651713,3.6680677,0.54205996,4.073299,0.0,0.0,1.4337689,0.0,3.2304144,3.1587572,0.0,0.0,0.0,0.8871603,1.7082751,2.5002413,0.0,0.12872757,1.4158124,0.0,1.7162232,0.0,0.9692928,0.7689177,0.0,2.4681952,0.6945363,0.0,0.0,0.7756882,0.0,2.38795,0.58836895,0.0,0.6571513,0.9709638,0.73427194,0.0,0.988951,0.0,2.5807884,0.0,0.54945785,2.3595076,0.039196264,1.4502074,0.14017208,0.0,0.0,0.98286045,1.6888936,1.8077835,0.0,0.0,2.4173934,1.0084357,0.0,0.0,0.0,0.0,0.0,0.0,0.89115137,0.32935986,0.0,0.46299317,2.6050925,0.51402736,0.74828345,2.930723,2.393334,0.0,1.1240618,2.9672995,0.0,0.0,0.89383495,3.1839929,1
2.7253852,0.0,0.7698515,2.5744183,1.1372566,0.9633827,0.9814019,0.28057617,0.0,1.9625937,2.7117686,0.26245782,0.0,0.0,0.0,0.0,0.0,0.0,0.17734586,0.0,1.6734519,0.0,0.0,2.335321,0.0,0.66014045,0.0,0.5171363,3.1943064,0.04819258,0.11454028,0.0,0.0,0.0,0.6226506,0.6016682,0.8579632,3.3797102,0.0,1.9810171,0.0,0.0,0.0,0.0,2.1884148,1.6101177,0.66140735,1.765178,0.0,0.0,1.3117847,0.0400419,2.178567,0.0,0.0,0.0,0.12629649,4.164739,1.0251852,0.20827338,0.0,1.7821405,0.0,1.9552137,0.0,0.0,1.2781847,0.0,0.0049492223,0.0,2.342911,1.5397162,0.122606434,0.49194244,4.531588,0.014932823,0.0,2.3711252,0.0,2.2385037,2.7657676,0.43131,0.13562647,0.7941068,0.5111852,0.6887397,1.7769852,0.0,0.19146638,0.0,0.67756414,0.0,1.619972,0.91032225,2.3710315,1.144432,1.585892,0.0,1.4392583,0.0,4.045401,1.2913342,0.0,0.9133939,0.0,0.7761368,0.0,0.0,0.15792799,0.0,0.0,1.5455414,1.899777,0.9913768,0.057704113,0.0,0.0,3.2467074,2.566688,0.75222504,1.509343,0.0,0.0,2.3646905,2.7444737,0.74636763,2.378074,0.11679316,0
1.5738686,0.0,2.5221622,2.0402365,0.88962746,1.8081503,0.46190646,0.0,0.503741,1.6720799,2.0652037,0.2944119,0.0,0.32386014,0.0,0.28735307,0.0,0.0,0.53887784,0.0,1.8874103,0.5351346,0.0,2.1970706,0.06312576,0.7345516,0.0,1.1884986,2.705007,0.0,1.8149295,0.0,0.0,0.0,0.0,1.4312555,2.124423,3.1608446,0.0,2.0931325,0.0,0.0,0.71370554,0.018395228,1.6500697,1.4051126,1.0404581,1.9694463,0.08388787,0.06410486,0.83157945,1.4036877,0.9866422,0.0,0.0,0.0,0.22502962,2.968398,2.5165076,0.0,0.0,1.780443,0.0,2.2084706,0.0,0.0,1.4617922,0.0,0.18619259,0.0,2.7506845,0.16382413,1.0633543,1.1148164,3.1152198,0.0,0.0,1.3993412,0.0,2.7996047,2.0979958,0.28846854,0.86875266,1.8581393,0.07058096,1.0701039,0.90712434,0.0,0.41440055,0.0,1.3298231,0.0,1.126097,0.36191973,2.3142402,1.2348337,2.2395287,0.0,2.021068,0.0,3.5831273,0.41483003,0.0,0.82778376,1.0750921,0.72961473,0.0,0.0,0.0,0.0,0.0,2.135035,1.529606,0.4886831,0.5001171,1.3773181,0.0,2.785554,2.2937236,2.0120604,2.6366322,0.0,0.0,2.3775647,2.2186153,0.23944409,2.0010452,0.34536478,0
1.9951531,0.8884402,1.2004815,3.0557992,1.2923756,1.938652,0.27358305,0.9700661,1.1726538,2.8135605,2.415884,0.7952682,0.0,0.50315005,0.0,0.56416327,0.0,0.0,1.8471717,0.0,2.2897508,0.363821,0.0,1.7613829,0.15568045,1.2329792,0.3047895,0.16450675,3.812686,0.0,1.331022,0.0,0.0,0.0,1.1497313,0.0,1.9169621,3.0901196,0.0,1.9299836,0.0,0.0,0.25775012,0.7731987,2.3148754,1.1087832,1.3169128,1.9368767,0.40272796,0.73205715,0.66595805,0.2951531,2.1084054,0.0,0.0,0.0,0.27143008,4.1326785,2.854742,0.83262205,0.0,3.1264663,0.0,2.8453472,0.6985108,0.74231577,0.65915877,0.31095546,1.6704683,0.07457767,2.736715,1.5493875,0.77444214,1.5068934,2.4105432,0.0,0.0,1.0591283,0.0,2.5891678,1.8985759,0.35347044,1.6088204,0.0,0.12249595,0.73021364,1.1451921,1.0888433,0.036859613,0.0,0.0,0.0,0.67832965,0.0,1.5599442,1.8981205,1.3477845,0.0,2.1514206,0.01878642,2.2472034,0.9129101,0.0,1.6661842,0.8574992,0.30944875,0.0,0.0,0.38914108,0.0,0.0,2.34601,2.1570802,0.528887,0.72080594,0.8460479,0.60414994,4.4168572,1.88139,0.52392447,1.7318366,0.0,0.42492685,1.7325255,1.69604,1.9459401,1.3512061,0.9917651,0
1.3845226,0.0,2.4892938,1.4464281,0.81539136,2.6999712,0.04430911,0.0,0.6835023,0.86019135,2.3633287,0.0,0.0,0.6195462,0.0,0.0,0.0,0.5251781,0.16062689,0.0,2.5707376,0.18238066,0.0,1.5702715,0.28546885,1.3828893,0.24566294,1.3442785,3.208071,0.0,2.552179,0.0,0.0,0.0,0.089641914,0.99401784,1.5821921,2.0082471,0.0,3.5673087,0.0,0.0,1.431965,0.0,1.7788144,0.46728158,2.235623,1.3647587,0.0,0.0,1.1756954,0.81112605,1.8694125,0.0,0.0,0.0,0.9569349,2.8847504,3.289054,0.0,0.0,2.1254227,0.0,1.0361435,0.0,0.054884452,0.3889874,0.0,1.2689247,0.0,2.3942254,0.4886884,1.8536361,1.9284098,3.8127306,0.0,0.0,0.81839955,0.0,3.9954686,1.9911387,0.083211854,1.0593948,1.577331,1.1488559,1.8323225,1.6102874,0.45437956,0.91801083,0.0,1.3335458,0.0,0.35895783,0.40446648,2.0853317,1.4668847,1.1387974,0.0,0.6461938,0.0,2.4297292,0.0,0.0,0.5799095,1.1275172,0.49536794,0.0,0.0,0.0,0.0,0.0,1.9566878,0.6809709,0.0,0.6831173,1.4629365,0.0,2.5493002,1.3731523,1.4534203,1.9981076,0.0,0.040196672,1.5498335,1.7392751,1.0395766,1.6821165,0.7271854,0
1.6611181,0.0,2.389281,1.2290561,0.08253909,2.9779294,1.0869933,0.4495665,1.5282226,1.4162116,1.6145369,0.0,0.0,0.54623103,0.0,0.0,0.0,0.8855934,0.0,0.0,2.017161,0.0,0.0,1.6514373,1.3980563,1.4892445,0.6966042,0.8679791,3.4677272,0.0,1.6448429,0.0,0.0,0.0,0.91717166,0.70632076,2.0576582,1.9170787,0.0,1.930639,0.0,0.0,0.86873907,0.0,2.0168478,0.87934095,1.4164523,1.5509053,0.0,0.0,0.8272641,0.0,1.7115341,0.0,0.0,0.0,0.0,2.9559624,3.815929,0.0,0.0,2.0525384,0.0,2.3463633,0.46941102,0.4000629,0.7877225,0.0,0.7625268,0.08031813,1.7316426,0.35200214,2.0386374,0.99743205,3.1056712,0.0,0.0,1.2510148,0.0,3.7566154,2.5360174,0.22371553,0.0,1.698231,0.34939814,1.2152342,0.74412,1.4770186,1.6722715,0.30795082,0.9120554,0.0,0.0,0.79759824,1.1388668,1.0766624,1.8920441,0.0,1.4804432,0.0,3.046663,0.33255672,0.0,0.0,0.22824478,0.0,0.0,0.0,0.06706654,0.0,0.0,2.379355,0.8657396,1.1467037,0.0,1.1664848,0.57768524,1.9925513,2.642146,1.6497115,1.9270238,0.0,0.0,0.6491081,1.334532,1.5619763,2.78155,0.6880296,0
0.7577188,0.0,1.7255762,1.5161935,0.0,2.0473611,1.8001426,0.6532146,0.9374063,1.7566888,1.6851933,0.48007923,0.0,0.0,0.0,0.0,0.0,0.21559107,0.06597386,0.0,3.442277,0.0,0.0,1.4890162,1.0829393,0.6645195,0.56465864,0.9135443,1.8497009,0.0,1.5948229,0.0,0.0,0.0,0.0,0.7511736,1.4811579,4.1612167,0.0,2.3641183,0.0,0.0,1.0519651,0.0,0.48302865,1.4182296,2.8820636,0.37288362,0.0,0.0,1.1224248,1.046244,1.6472197,0.7803642,0.0,0.0,0.53342205,2.8914459,2.375678,0.0,0.0,1.4313025,0.0,1.9959749,0.0,0.0,0.0,0.20807554,0.63326937,0.0,3.054427,0.48918086,0.94397616,0.6503561,3.5650403,0.0,0.0,0.7625269,0.0,3.3888817,1.0389085,0.97239363,0.557284,1.6231542,0.44921204,1.5485826,1.9355689,0.023019258,0.3180937,0.0,0.5079795,0.0,0.0,0.1662772,2.5083418,0.6387736,2.054242,0.0,1.0713738,0.0,2.7640722,0.0,0.0,1.0278285,0.0,0.683947,0.0,0.0,0.0,0.0,0.0,2.4398947,0.96072483,0.1638791,0.29292747,0.38003352,0.0,2.7463841,0.5812605,1.8448197,2.0733676,0.0,0.97527,1.1288662,1.7248726,0.95691377,1.9755645,0.108142085,0
0.58801776,0.9263248,0.7386188,1.5820065,1.0752089,2.0311642,1.5992883,0.0,0.9768074,2.517899,0.31812257,0.075844966,0.11876209,0.5953225,0.68871325,0.0,0.0,0.0,0.013938175,0.0,1.4461961,1.0126635,0.0,0.82381725,0.95806634,1.1705979,1.5610527,0.49252236,1.2037226,2.12199,1.221749,0.0,0.0,0.0,0.847582,0.05681136,0.0,3.4142625,0.0,2.79721,0.0,0.0,2.1732666,1.4263237,0.0,2.077616,2.8786082,1.9069108,0.0,0.0,1.0398303,0.0,2.913343,0.28113398,0.0,0.0,0.09930912,1.7039629,2.1323574,0.901663,0.0,0.89426184,0.0,1.3467042,0.8980587,2.5213897,0.0,1.0111053,0.86921597,0.0,2.1829221,0.35454047,0.0,0.0,1.95611,2.2590556,0.08176447,0.83483565,0.0,1.1971226,0.13482825,0.2247474,1.9283242,0.0,2.1116037,1.9374981,1.281971,0.0,1.0370858,0.0,0.636499,0.0,0.3862461,0.6544866,0.70731103,1.8693141,0.8060439,0.0,0.0,0.114134684,0.8136532,2.4673572,0.0,2.649263,1.2207605,1.2943102,0.0,0.0,0.37971473,0.0,0.0,1.3189863,1.9063113,0.7310056,0.0,1.823097,0.75188774,2.2343817,0.5038369,2.1423066,0.5157375,0.0,2.1354322,2.1519032,0.597107,0.7019662,1.7637231,2.0743773,1
0.0,3.098536,2.5424733,2.3280456,0.59577596,1.4481163,0.5233404,0.0,0.07496853,2.1503665,0.7853684,0.022250976,0.0,0.24440661,0.80662507,0.0,0.0,0.0,0.0,0.0,0.0,0.9558174,0.0,1.2857674,0.0,2.0751462,1.6746587,2.4388094,0.1064293,2.4334412,1.581176,0.0,0.0,2.0681767,4.05274,0.0,0.0,0.72858375,0.0,1.0667373,0.0,0.0,1.3171493,0.27133355,0.24738286,0.7161676,3.2970116,0.0,0.0,0.2176895,2.3259342,1.4934981,1.468578,1.1792623,0.0,0.26945806,0.0,1.5884112,2.8647752,1.004029,0.0,0.19073398,0.0,2.6577685,1.0481766,1.6456784,0.0,0.0,0.25157773,1.1516448,1.8503809,0.66335016,1.0089098,0.0,1.0404472,1.9900087,1.749773,0.0,0.0,0.6463942,1.0490936,0.36214483,1.7746706,0.0,1.6841191,1.0454459,0.0910886,0.0,1.25062,0.0,1.0343794,0.0,1.3979642,3.1911736,0.0,2.1072109,0.50681955,0.0,0.0,1.5271834,1.6431451,2.8048356,0.017866207,2.3165643,1.8247192,1.5341233,0.0,0.0,0.0,0.0,0.0,0.0,1.6336489,0.71463394,0.9267923,1.1872598,1.607804,0.8509541,0.0,0.9601631,2.2627196,0.0,1.5354887,2.768754,1.3063422,0.09614439,0.35853285,1.0251021,1
1.6100668,0.114877015,1.7184848,1.830633,0.8411791,2.3548362,0.020591484,1.6396905,0.751779,1.8334605,2.10936,0.0,0.0,0.81694275,0.2222002,0.0,0.0,0.0,1.0430403,0.0,1.135603,0.9102122,0.0,2.3047256,0.0,1.4315215,1.5546827,2.2148864,0.4714462,1.0555849,1.8303554,0.0,0.0,0.0,1.3209364,0.9148185,0.18571074,1.880614,0.0,2.3747337,0.0,0.0,3.5399122,0.7854994,0.0,1.2427157,2.432267,1.650611,0.7204809,0.39659655,1.6625519,1.241463,1.8781823,1.009946,0.0,0.0,0.32082665,1.6274518,2.8256464,0.66242564,0.0,1.6559668,0.0,0.63420177,0.9997193,2.6690245,0.0,0.119479135,0.60045105,0.0,2.855676,0.32268786,0.38332936,1.2343135,1.837116,1.6048577,0.071064495,0.70861477,0.0,1.2927102,0.4562719,0.6283506,1.4460623,0.0,1.7295066,1.1011837,1.1603142,0.0,0.7108816,0.0,0.7949134,0.0,0.0,0.55759066,0.17991959,0.7925519,1.9421618,0.0,0.0,1.1211385,0.85191983,2.152252,0.0,1.3870878,0.9915464,1.9044744,0.0,0.0,0.0,0.0,0.0,0.38685864,1.6520426,0.26779467,0.6224899,0.7370317,1.5304198,2.3173406,1.584636,1.1072757,1.5575913,0.0,1.6554909,1.5110846,1.3865076,1.5495781,2.1707194,2.5795212,1
1.0021791,0.0,2.172576,2.811459,1.1049303,1.633188,1.3927958,0.0,0.0,1.8713201,2.5732093,0.0156224035,0.0,0.0,0.121150896,0.0,0.0,0.0,0.1969919,0.0,2.1407788,0.0,0.0,1.7425617,1.5096993,1.3639978,0.4636921,0.26709422,3.761914,0.0,2.39904,0.0,0.0,0.0,0.7925403,1.0971264,1.6382968,3.2964346,0.0,2.5803812,0.0,0.0,0.35697302,0.0,1.4202199,1.1841931,1.688198,1.3698952,0.0,0.0,0.6329019,0.6081147,1.1522455,0.12264492,0.0,0.0,0.33885053,3.347802,2.0324492,0.0,0.0,2.2907658,0.0,2.1596797,0.0,0.0,0.298815,0.0,0.39150107,0.004872984,2.8045049,0.8669916,1.3502377,2.0710063,3.6243641,0.16217138,0.0,1.7716215,0.0,3.5947883,2.0748754,0.22372632,0.13317922,0.97724056,0.47830716,1.7231889,1.971489,0.89154994,0.4905332,0.0,1.0619205,0.0,0.96478224,0.0,2.7303379,1.3847555,1.5349041,0.0,1.9504354,0.0,3.6994755,0.22521335,0.0,1.1639109,0.018397113,0.0,0.0,0.0,0.56027883,0.0,0.0,2.063841,1.579647,0.1924168,0.0,1.2019048,0.0,2.630592,1.3389817,1.5876515,1.7472119,0.0,0.0,1.4218323,2.6510856,1.2123529,2.6514084,0.3520473,0
1.1958629,1.5143627,2.5771558,1.6609322,1.6214315,2.5105011,0.39582226,0.93367636,0.5945552,3.220319,1.7634363,0.0,0.0,0.61663175,0.18818705,0.0,0.0,0.0,1.1316351,0.0,1.7006961,2.3903124,0.0,1.7482172,0.0,0.81454074,1.5344905,1.0063769,2.3832874,0.1778654,2.1719408,0.11695202,0.0,0.58775675,2.2764645,0.78886396,1.7738768,2.5739105,0.0,2.702829,0.0,0.0,0.0,1.5640416,1.1222281,1.8847106,2.649924,1.2763187,0.0,0.74353224,1.9653865,0.5645014,2.4462044,0.8275326,0.0,0.0,0.44156417,2.0658436,4.6489115,1.3287461,0.0,1.2351302,0.0,3.0707247,0.9217657,0.89442897,0.0,0.0,0.7879644,0.0,0.9549926,1.5424184,1.3825239,1.4521353,3.2511156,0.42536524,0.0,0.6516625,0.0,2.6781561,1.2722281,0.5914014,2.6880705,0.9488768,1.2080835,0.876598,0.7323786,0.26517135,1.0403582,0.0,1.6577522,0.0,0.68023914,0.24928498,1.9469141,2.1951692,1.1838298,0.0,1.382514,1.0727003,3.1704476,1.6057038,0.0,1.4774007,1.1307938,1.5909144,0.0,0.0,0.1332792,0.0,0.0,1.7744257,1.5387052,0.35818747,0.0,1.4544911,1.098763,2.115074,1.2560778,1.3859855,2.8342888,0.0,0.8105992,2.153718,0.9957454,1.3591505,1.3460654,0.8809902,1
0.0,1.6270121,3.0598125,1.6915667,0.78083295,4.094463,0.0,0.6213702,1.8669946,1.171194,1.5129448,0.0,0.0,2.2301462,1.344611,0.0,0.0,0.18224394,0.3242051,0.0,0.0,2.52429,0.0,0.0,1.2557124,1.1086054,1.0903269,1.4851867,0.5721053,0.9747094,1.4637462,0.0,0.0,0.69565535,1.7715213,1.6246825,1.7481477,1.1987679,0.0,3.6923702,0.0,0.27612612,1.7002589,0.76804507,0.0059930547,1.9285483,2.8363428,0.8111726,0.0,0.41629297,2.117345,2.148387,1.3216023,1.529662,0.0,0.0,1.5090258,0.12034073,3.963906,1.7274696,0.0,1.8848246,0.0,2.4025247,1.4374306,1.4656463,0.0,0.0,1.3913231,0.5764281,1.3029667,0.0,1.7185127,1.0966177,2.1886983,0.0,0.0,0.6418182,0.0,2.6828558,0.0,1.4786303,1.3022753,2.3484628,1.3769312,0.19320351,0.6830285,0.0,1.5021869,0.0,2.0478158,0.0,0.12305966,0.7030447,0.7703116,2.3381472,0.7039184,0.0,0.1460863,0.7564113,2.1234782,1.2705901,0.0,0.0,2.7496946,0.0,0.0,0.0,0.0,0.0,0.0,0.0,0.9753443,0.0,0.26708922,1.5570091,2.4358494,2.2961707,1.4985387,0.9463719,3.2958882,0.0,0.0,2.3202116,1.548717,1.141789,0.62036854,0.7496655,1
1.0571969,3.584137,1.5064389,0.6605667,1.1346145,1.279011,0.11293347,1.5012751,0.11935295,0.8850902,0.0,1.0659817,0.0,0.7478882,0.043779064,0.32653165,0.0,0.0,1.181089,0.0,0.71382505,1.1833426,0.0,0.6685832,0.0,1.2751683,2.1397903,1.2885431,2.0158055,0.92592275,2.0187461,0.0,0.0,0.6641967,3.128261,0.0,0.48647636,1.1228988,0.48636085,2.643478,0.0,0.0,1.6351553,2.29687,0.0,2.09321,1.608278,1.9538132,0.7385816,1.7832996,3.0665295,1.3800566,2.5037818,1.1477025,0.0,0.0,0.62682456,1.5704769,4.1515713,4.1423483,0.0,0.0,0.0,1.7086216,1.7309288,2.8505418,0.4444947,0.0,2.3864398,0.9884648,1.3952758,0.3398053,0.7025931,0.0135849165,0.52254087,2.1810162,1.2694583,1.051409,0.0,0.5537195,0.42783767,2.1079955,2.1921868,0.0,1.7294215,0.6979674,0.0,0.09978444,0.84119415,0.0,0.07002887,0.0,1.1709663,2.1237116,0.0,1.6601608,1.9042542,0.0,1.4269183,0.7267832,0.6722827,3.4973261,0.0,2.6336508,1.501658,0.0,0.0,0.0,0.6833774,0.61094064,0.0,0.7796,1.0510924,0.0,0.42565128,2.0603015,1.3753071,1.5120538,1.3239902,1.7260579,1.2980324,0.0,2.3140597,2.9906764,0.11926647,0.7045718,1.9860483,1.5438374,1
1.1460507,2.5070515,0.0,0.4575708,2.553922,0.45036614,0.0,0.86465186,0.0,0.68678707,0.153889,0.52579814,0.0,0.18356118,0.0,0.0,0.0,0.013347143,1.0835663,0.0,1.3804139,0.0,0.0,0.9863807,0.0,0.72270477,2.093634,0.5895774,2.8226256,1.3632812,0.0,0.0,0.0,0.0,2.18915,0.0,0.11177082,1.2211071,0.28045195,2.3326752,0.0,0.0,1.609072,0.22684908,0.0,2.188671,0.0,2.2484124,1.6662364,1.6214736,1.2345443,1.1175869,2.0765836,1.4744138,0.0,0.0,2.564346,1.8124928,3.587015,2.1648877,0.0,0.0,0.0,1.5100888,1.462273,2.306468,0.7548306,0.0,0.6694905,0.5842289,1.5577095,0.27618718,0.0,0.65130717,0.8902276,2.8566499,0.9901017,2.0124724,0.0,1.074942,1.399874,2.4477987,0.84391576,0.0,1.4073902,0.8417257,1.3418794,0.0,1.057867,0.0,1.9794807,0.0,1.1118289,0.7144329,0.49916992,1.1669564,0.0,0.0,0.0,0.99455446,1.0635434,2.8809695,0.0,1.4825602,1.0145696,0.0,0.0,0.6555962,0.7000353,0.69005316,0.0,0.7055855,1.4315673,0.0,0.0,1.5335364,0.6904161,0.7827832,1.2586086,1.3506639,1.2146035,0.0,2.133587,2.7992392,1.1042767,1.2379471,0.93192023,1.0841875,1
2.1490057,0.0,2.5761397,1.4602531,0.0,2.6841025,0.0,0.92977613,1.3360047,1.2791778,2.5305023,0.6061753,0.0,0.4281648,0.0,0.43037578,0.0,0.0,0.17998897,0.0,2.6140912,0.6836925,0.0,1.7332426,1.0104207,1.3353156,0.20437588,0.7271935,1.5328145,0.0,2.4988723,0.0,0.0,0.0,0.0,2.06658,2.3888898,2.4284685,0.0,2.5557191,0.0,0.11396679,0.0721832,0.23986018,1.8991066,1.3101436,1.7516196,1.6929367,0.0,0.68126947,0.13753034,0.56643456,1.9071455,0.6468486,0.0,0.0,1.5448735,2.0923986,2.2390556,0.0,0.0,2.5678756,0.0,1.980437,0.0,0.0,0.7800618,0.06845586,0.23344477,0.0,1.6550443,1.1323059,2.3139963,1.1071839,3.2314978,0.0,0.0,1.8433108,0.0,3.3654034,1.0344998,0.4270403,0.5729081,1.6781754,1.410116,1.2182636,1.5391986,1.3582896,0.562195,0.0,0.8547283,0.0,1.1499172,0.0,1.6748139,1.6301155,1.7592285,0.0,1.2842062,0.28079712,2.376209,0.0,0.0,1.166199,1.3442056,0.8744738,0.0,0.0,0.0,0.0,0.0,1.3446461,1.5384845,0.9407341,0.74645895,0.0,0.0,2.2713957,1.4485524,1.7426269,2.9473846,0.0,0.0,1.5342691,2.15316,1.4320501,1.5052054,0.43552962,0
0.6874583,0.35263762,2.429539,1.4621918,0.9746622,2.576722,0.0,1.0013176,0.28891587,1.0620131,1.2823561,0.0,0.0,0.8633799,0.56744844,0.20100005,0.0,0.6274973,2.2353418,0.0,0.2488166,2.1388698,0.0,2.1074677,0.0,2.0726898,1.4716303,1.2149925,0.0,0.90994567,2.9812088,0.0,0.0,0.0,1.3416295,1.9945973,0.0,1.4992846,0.0,3.2388823,0.0,0.0,1.6212953,0.95754015,0.0,1.0769691,2.308797,0.4573993,0.75518084,1.3695768,2.5580297,1.7947263,3.8869982,2.125929,0.0,0.0,2.2000077,1.6659932,2.7721653,1.5031706,0.0,1.4916446,0.0,0.7549459,0.8111991,2.1386986,0.0,0.0,0.56512934,0.0,2.0739248,0.0,1.0586541,0.0,1.4271181,0.0,0.0,0.0,0.0,1.53496,0.05516896,1.7108878,1.310968,1.6439242,0.69427735,1.3551164,0.5525167,0.30718982,1.2564043,0.0,2.5663476,0.0,0.86793584,1.2233195,0.15508781,2.4904373,0.77390987,0.0,0.9892126,1.1534183,1.6333214,2.362803,0.0,1.8865552,1.562349,0.6449582,0.0,0.0,0.0,0.0,0.0,0.9283025,0.6097522,0.0,1.0012645,2.006006,3.0354106,0.57228726,0.23008482,1.9422363,3.324749,0.0,1.4469332,3.284298,1.8414562,0.83857113,0.020002881,1.8433017,1
0.66711247,1.6233312,2.7588744,2.5701218,0.7885138,1.9841979,0.41931248,0.70064366,1.3685622,2.954931,0.0,0.0,0.0,0.19890088,0.23705316,0.0,0.0,0.0,1.3924626,0.0,1.3506435,2.340952,0.0,1.7487721,0.03142738,0.710425,2.4111104,2.572974,0.4734535,1.9511139,2.1111882,0.0,0.0,0.0,1.3895826,0.0,0.0,3.8221433,0.0,2.640463,0.0,0.0,2.2247326,0.0,0.0,1.2975256,2.8706088,0.03771614,0.18153322,0.0,2.0195282,0.06380319,2.4500122,1.1286265,0.0,0.0,1.4126998,2.2808137,3.0314832,0.44342434,0.0,0.22601905,0.0,2.3639934,0.47640723,1.3069679,0.0,0.0,1.3988044,0.20388226,2.6716313,0.40405446,1.8187506,0.0,2.475283,1.501492,0.4750139,0.0,0.0,1.5555483,0.7029851,0.86225843,2.5614393,0.0,1.3120793,1.1522568,1.0147412,0.0,0.47621164,0.0,1.6880096,0.0,0.0,0.4581656,0.22706793,2.3883145,1.904274,0.0,0.0,1.6900296,0.6480654,2.439867,0.0,1.6489727,0.0,1.2755374,0.0,0.0,0.0,0.0,0.0,0.89531624,0.9826513,0.4331662,0.0,0.18722673,1.6407082,2.4486969,0.0,1.9916531,2.149354,0.0,2.3456645,2.7927184,1.4720243,0.37704787,0.7572433,1.0896939,1
0.69399613,1.547154,1.7804228,0.13800967,1.146755,2.3758357,0.0,1.8284885,0.0,0.71918726,2.259067,0.0,0.0,0.4354072,0.8566732,0.0,0.0,0.40513214,1.7874136,0.0,0.030989334,1.7587074,0.0,2.65593,0.0,1.476183,2.952336,0.64666176,1.6736563,1.4984889,1.829486,0.0,0.0,0.0,2.5175447,0.0,0.0,1.8975292,0.0,3.0583043,0.0,0.0,1.3892561,0.56473994,0.0,1.4152112,1.0929358,0.15223823,1.1206591,0.8829406,2.3520753,1.7269213,3.5796366,3.112235,0.0,0.0,2.1285024,2.0706172,1.9731594,1.9932392,0.0,1.3308579,0.0,1.5968792,1.7369759,2.0419211,0.0,0.0,0.20372765,0.36240682,1.1952686,0.07895492,0.9273679,1.1003807,1.5101651,2.4245262,0.08534748,0.43373173,0.0,1.500063,1.6217713,2.538847,1.0268202,0.81303054,1.4013323,1.1575204,1.1970978,0.0,0.66461223,0.0,2.2197971,0.0,0.34923708,1.4693898,0.658641,1.4248692,0.8634022,0.27734524,0.5299134,1.2124102,1.3984783,2.5308702,0.0,1.347422,1.3243387,0.23896562,0.0,0.0,0.0,0.0,0.0,1.1159112,1.2305794,0.667977,0.0,0.727601,1.4047037,1.2222636,0.0,1.8892381,1.6992773,0.0,1.1968559,2.6141968,2.2794945,0.83757824,1.3451483,0.95391184,1
0.86762524,0.0,2.8932114,0.8235837,0.0,2.284922,0.0,2.7409422,0.0,0.1650193,1.0930531,0.0,0.0,1.1794548,0.5315551,0.0,0.0,0.0,0.30641162,0.0,1.1477234,1.5972534,0.0,2.5561347,0.33774403,0.69332296,1.9039378,0.7900662,0.0,0.5218049,0.62434965,0.0,0.0,0.0,1.3802904,2.3146937,0.67461157,1.4359028,0.0,3.204779,0.0,0.017295793,2.6837668,0.66329545,0.0,1.4768769,1.1963853,1.5271448,1.44982,0.55087996,2.567835,1.4089218,3.2523184,1.8272206,0.0,0.0,1.6038249,1.7727336,2.8434525,1.3443933,0.0,1.327601,0.0,0.0,1.2776158,2.2454965,0.0,0.0,1.0429034,0.0,2.6507108,0.012970733,0.0,0.78308743,2.5268605,0.42974222,0.0,0.5194796,0.0,1.6452285,0.43495554,3.0285192,0.52266043,1.2585914,1.3294138,0.5043984,0.36808473,0.065025516,1.4249822,0.0,1.5755686,0.0,0.7996822,1.6620753,0.0,3.1029897,1.634777,0.0,0.24190691,1.3302267,1.641187,2.310096,0.0,1.1050762,1.2480011,0.0,0.0,0.0,0.0,0.0,0.0,0.49906603,0.9775285,1.2430487,0.758398,1.1368766,1.2895904,1.2356501,1.2726126,1.3601385,2.9865916,0.0,1.318013,2.1626275,1.1364583,1.5788659,2.0012774,1.4684137,1
1.5683856,1.6861386,1.3821836,1.2469977,0.36697394,2.2886784,0.19183679,2.6120396,0.5153169,0.9908176,1.3216658,0.0,0.0,0.03997198,0.0,0.8287037,0.0,0.0,2.4266818,0.0,1.4627377,0.35767356,0.0,1.4454349,0.0,0.9804871,1.335893,0.7546317,2.3868895,0.0,1.2967317,0.0,0.0,0.0,1.5933439,0.9058998,1.5884526,0.90841585,0.0,2.9230192,0.0,0.0,1.52084,0.6913649,0.0,2.0866625,0.93057775,3.1044936,1.0223796,1.1682009,0.841275,1.71735,1.6996262,1.6721405,0.0,0.0,1.2445048,1.6367531,2.7176797,1.8369668,0.0,0.7247953,0.0,2.0604017,1.3136742,1.7993541,0.050149858,0.0,1.3967179,0.0,0.961994,0.0,0.0,1.0561193,1.8073963,1.1343931,0.27183428,1.1336387,0.0,0.86129904,0.6524282,2.041338,1.1822248,1.6271129,0.43473834,0.42358142,0.0,0.0,1.3772057,0.0,1.9183892,0.0,0.0,0.0,1.5981175,2.5594018,1.4247673,0.0,1.1655447,1.0060226,2.1288288,1.4059243,0.0,0.9730512,1.5634189,0.0,0.0,0.0,0.0,0.0,0.0,1.1670161,1.3695524,0.0,0.23431624,1.9545441,1.9333439,0.96430236,2.471266,1.6845767,2.8393593,0.0,2.006155,2.0048923,1.4027056,1.1266807,1.1875337,2.3925705,1
0.28383473,0.9206986,0.0,2.5309095,0.79137355,0.6473284,0.13437477,1.0521927,0.6268236,0.57295674,0.4129745,0.0,0.0,0.0,0.017271923,0.0,0.0,0.0,2.2323825,0.0,1.8855515,0.0,0.0,0.21484444,0.61881787,1.0092012,2.5789409,0.82594377,0.5968232,0.0,1.9639502,0.0,0.0,0.0,1.4312116,0.0,0.0,1.5128417,0.72678584,2.0072486,0.0,0.0,1.1409664,0.0,0.0,0.010918167,2.2119977,0.24914335,0.02761554,0.6166648,0.0,0.0,0.29248142,0.0,0.0,0.0,0.85697424,3.2733445,3.1357503,0.94557494,0.0,0.33692172,0.0,2.8969514,0.0,0.88323593,0.0,0.5512521,2.356438,0.8452491,1.3952957,0.0,1.7440975,0.39274612,0.21899591,1.7143651,0.0,0.6436665,0.0,0.0,0.0,0.0,0.7602871,0.45036477,0.5367474,0.0,0.0,1.2883307,2.302473,0.0,0.47807273,0.0,0.0,0.9340337,0.0,0.6541768,2.9170938,0.0,0.0,0.18745147,1.0764195,1.4022762,0.0,0.6765564,0.7368669,0.0,0.0,0.91745996,0.9935207,0.0,0.0,3.1987169,0.0,0.33009225,0.7720082,0.47728646,1.0084785,1.5330536,0.5361076,1.8343729,1.8504446,0.0,1.1621323,2.0408049,0.3253727,0.50443214,2.2382884,0.84875214,1
1.132469,0.0,1.8731172,2.1350508,0.9095522,3.2196305,0.10588531,0.3991167,1.2647889,1.9208564,3.2773416,0.0,0.0,1.3977528,0.062447894,0.17389166,0.0,0.08128517,0.45036295,0.0,2.046633,0.3430949,0.19805859,1.2030059,1.9003991,0.45764917,0.9167208,0.66475266,1.8769492,0.31179228,1.9586082,0.0,0.0,0.0,0.6500374,0.95905274,3.3702164,3.5467637,0.0,3.1442804,0.0,0.1193977,0.38423166,0.16555533,0.66975635,1.2503977,1.5712304,0.58375984,0.0,0.0,0.0048662927,0.8971229,0.9323176,0.88136023,0.0,0.0,1.499911,2.410144,2.0992186,0.94361454,0.0,2.829315,0.0,2.6035922,0.5969769,0.0,0.0,0.0,1.0765253,0.86575335,1.6071386,0.036900688,2.1002998,1.8408972,2.3988492,0.041269552,0.0,1.8672624,0.0,3.1746318,2.050068,0.98013365,1.2627484,1.0654143,1.2034249,0.30707768,1.6592696,0.88487524,0.82091844,0.0,1.5863044,0.0,0.9155986,0.0,2.2997873,1.8488841,1.2217015,0.0,1.8381596,0.8189667,3.801447,1.1283295,0.0,0.27691275,0.8609557,0.5827273,0.0,0.0,0.0,0.0,0.0,0.7841046,1.753605,0.0,0.20128642,0.0,0.02386752,2.5701947,1.4518139,1.6033777,2.9172494,0.0,0.056020185,1.5082326,3.1047828,1.3038257,2.1690266,0.3622231,0
0.0,1.2493786,2.9661324,1.6250652,0.0,1.7744205,0.0,1.8304937,1.182169,0.9856252,1.0878837,0.0,0.0,1.4689764,0.61124045,0.0,0.0,0.0,1.3781663,0.0,1.4575903,0.14636819,0.0,2.1071067,0.0,1.1559542,2.4693594,2.1223462,0.70968163,0.59079754,1.8426545,0.0,0.0,0.0,1.5428274,0.77186435,0.0,1.3843822,0.30060226,3.9337296,0.0,0.0,2.6213136,0.8839003,0.0,2.006773,1.8110342,1.4386356,0.8020483,0.28484535,2.0122025,2.5395336,1.6954336,2.6366732,0.0,0.0,0.654797,1.3472328,2.622043,2.0985992,0.0,0.0,0.0,1.4550494,0.6381865,2.1790688,0.0,0.61308444,0.67621624,0.0,1.4444075,0.6252512,0.19554624,1.5281272,0.87779063,1.3490899,0.76104355,0.22298302,0.0,1.634233,1.25744,1.0421511,1.6902936,0.0,1.6640692,0.77059853,1.2316403,0.0,1.391431,0.0,2.216535,0.0,0.06340045,1.0684751,0.0,1.68399,2.505178,0.0,0.0,1.8086209,0.023907868,1.590232,0.0,1.2749413,0.7791731,0.41590756,0.0,0.0,0.0,0.0,0.0,0.84132224,1.4477166,0.92907214,0.123831384,0.80260444,1.6359837,0.0,0.116578266,1.6291426,1.7578188,0.0,0.828565,1.787843,0.61900586,0.0,1.5328776,1.332121,1
0.4919348,0.0,3.0520937,1.202511,0.0,2.9179802,0.06922515,1.6635563,1.4587148,1.2280195,2.0160291,0.0,0.0,0.6397803,0.0,0.1236867,0.0,0.0,1.0495576,0.0,0.9295479,0.0,0.0,0.8243247,0.46601215,1.7082866,0.7939243,2.5502272,2.4370744,0.0,3.4490778,0.06696053,0.0,0.35547665,0.6089513,1.109749,1.5885099,2.2165759,0.0,2.8689482,0.0,0.0,0.7515041,1.1227567,0.75174314,1.6267684,2.7603295,0.23681156,1.0102743,0.68166125,1.3825293,1.6711164,1.8574862,0.64517385,0.0,0.0,1.7711061,2.3694975,3.7085094,0.7915495,0.0,1.8184569,0.0,1.0610201,0.07219707,1.1046414,0.0,0.071408674,1.4467796,0.2531755,2.754,1.3309405,1.2540793,1.0575664,2.161729,0.0,0.0,0.53919554,0.0,3.3057222,0.28790462,0.8348853,0.3029277,0.0,0.808241,0.58009064,1.7201449,1.0067139,1.9169699,0.0,2.072219,0.0,0.45309848,0.25513712,0.9450793,1.8345375,2.2933953,0.0,1.165423,0.9978878,1.5791628,0.0,0.0,0.3580858,1.411408,0.47264796,0.0,0.0,0.8245247,0.0,0.0,1.5067233,0.9289901,0.0,1.8658295,0.88472134,2.199946,1.3593564,0.9185936,1.9544824,2.7895796,0.0,0.0,1.5267825,1.0278045,0.19513427,1.1219794,2.192315,1
1.7861183,0.0,1.4948981,3.0379844,1.3246577,1.6699075,0.82506657,0.462444,0.24321409,2.354129,1.6414078,1.490035,0.0,0.0,0.0,0.04237415,0.0,0.0,1.2067393,0.0,2.6857078,0.0,0.0,1.5174147,0.50376546,0.95571536,0.71087056,0.67380595,3.171939,0.0,1.0797913,0.0,0.0,0.0,0.0,0.99568075,2.0781646,4.158405,0.0,1.5675496,0.0,0.0,0.57116383,0.0,2.4881186,1.4908054,2.96306,0.7608615,0.0,0.0,0.84808594,0.32466963,1.4344884,0.0,0.0,0.0,0.4100196,3.5366566,2.738983,0.0,0.0,2.5685534,0.0,2.9751585,0.0,0.0,0.34182325,0.0,0.3138507,0.0,3.5887167,1.5024618,0.7409516,1.9129727,4.5428123,0.0,0.0,1.5861079,0.0,2.8919556,1.0488262,0.24870808,0.9636696,1.07995,0.0,2.1642199,0.9559022,0.24543172,0.25196743,0.0,0.34959212,0.0,0.9154732,0.0,2.7046983,1.2737161,1.7055972,0.0,2.4009936,0.0,3.456897,0.8760605,0.0,1.1558965,0.8574063,0.30424255,0.0,0.0,0.004808988,0.0,0.0,2.9152505,2.244036,0.9776476,0.5938323,0.92162603,0.0,4.420005,1.7139533,1.590021,1.5830485,0.0,0.1495141,1.9579161,3.206482,1.8467834,2.444634,1.0298904,0
0.6179814,0.60083103,2.5847778,2.0895648,1.5908318,2.8194077,0.20865844,0.9424151,0.7932577,2.2966924,0.9881155,0.16062598,0.0,0.61129665,0.87661177,0.35633644,0.0,0.49290553,1.489025,0.0,2.2228305,1.3952188,0.0,0.5224913,0.0,0.0,1.3428316,0.76010567,0.6925968,0.90966266,2.8171258,0.0,0.31776845,0.19397081,1.8452501,0.0,0.26409888,2.5045085,0.0,3.0593667,0.0,0.0,1.5542204,0.62349606,0.0,2.1344707,4.2451706,0.698791,0.0,0.20965487,0.95495665,0.0,3.345136,2.1719124,0.0,0.0,2.5371723,2.559634,3.7742195,0.5841113,0.0,0.44008636,0.0,2.9061124,0.09065949,1.243396,0.0,0.0,1.4550958,0.44914263,1.2656733,1.245006,0.89071894,0.0,3.1342027,0.7035385,0.0,0.13384397,0.0,2.317487,0.0,0.9703479,2.0675879,0.0,1.037963,1.2000194,0.86005646,0.6184601,1.2987498,0.0,1.4542488,0.0,0.19741768,1.4627073,1.7897645,3.423609,0.38391674,0.0,0.028144266,0.80437154,1.9724114,1.9219216,0.0,0.69314283,2.1983564,0.6687592,0.0,0.0,1.1590343,0.0,0.0,1.5022961,1.5269953,0.0,0.0,1.5689344,0.29184574,2.736052,0.77274996,2.579916,1.5535702,0.0,0.9883728,2.8662124,1.1364967,1.1457027,1.6283224,1.1129495,1
0.68628263,0.62505084,2.0456226,2.1845255,1.0722773,3.610417,0.22785632,0.73624766,1.8033974,2.6139035,0.6715461,0.0,0.0,0.0,1.218129,0.0,0.0,0.476521,2.1911087,0.0,1.154611,1.2569317,0.0,0.9517368,0.37809107,0.62711823,0.71258974,1.8712085,1.2342827,1.4662864,2.4938757,0.0,0.0,0.0,1.2162966,0.85867244,0.25721383,2.842935,0.0,3.1012738,0.0,0.0,1.9234316,1.4321158,0.0,1.8257837,3.9487069,0.0,0.0,0.0,1.1585395,0.9258577,2.6074913,1.9121656,0.0,0.0,1.622758,2.4665632,3.2366302,0.0,0.0,0.8398652,0.0,1.2954853,0.0,2.6287851,0.0,0.8647981,1.0600792,0.3947731,2.0751212,0.92686206,1.0273452,0.76074845,2.9395337,1.2608476,0.08967925,0.0,0.0,2.3740332,0.0,2.0008318,2.0326493,0.0,0.2818912,1.1046191,1.8286741,0.0,1.0706428,0.0,1.0096986,0.0,1.0533891,0.040298663,1.9149153,2.8073468,1.4251841,0.0,0.0,1.2196125,1.9914104,2.5193384,0.0,1.254271,2.4145424,0.9391849,0.0,0.0,0.0,0.0,0.0,0.12949349,1.3569915,0.0,0.0,1.6878314,1.2296332,2.4871564,0.038474485,1.6770643,1.861802,0.0,1.6981716,3.4652753,2.010594,1.330729,0.7256931,1.5593626,1
2.0165546,0.9228351,0.35315993,0.6928318,0.52803516,2.524679,1.3039968,1.2587764,1.2047395,1.9915632,1.6322185,0.0,0.0,1.0163168,1.8723698,0.0,0.0014884914,0.0,0.9601109,0.0,1.1834395,1.180851,0.0,1.1488043,0.9397018,0.6557021,1.9363027,1.3547469,1.5646844,1.746139,1.5598247,0.0,0.0,0.0,0.7734735,0.608239,0.20583202,1.1291064,0.0,3.413719,0.0,0.0,1.2635356,1.6331649,0.007980423,1.5457652,1.5831511,2.7874198,0.0,1.8138117,0.8738266,0.0,2.6616929,1.3373486,0.0,0.0,1.3259853,1.1835078,3.4337497,3.3112423,0.0,2.386971,0.0,2.281638,1.3755978,2.657188,0.0,0.0,0.67064744,0.32507083,1.7573515,1.2751155,0.0,0.84462446,0.8422723,1.464609,1.008944,0.0021396964,0.0,2.3957322,0.21009141,1.229087,0.16370556,0.0,1.1740453,1.9095148,1.4594319,0.0,1.1224865,0.0,0.76426405,0.0,0.0,1.2991655,0.49537858,0.8629865,0.0,0.0,0.0,0.0,1.0470731,1.9305146,0.0,1.2973232,1.5654335,1.4850881,0.0,0.0,0.6241507,0.0,0.0,0.15048583,1.5617806,0.47015804,0.0,2.0214293,0.75504875,1.4904075,0.44655523,2.528455,2.312002,0.0,0.9612086,1.6487954,0.48050255,1.032223,2.2483873,1.7885371,1
3.089742,0.4169202,0.0,3.4959612,2.506405,0.65660566,0.027314829,0.0,0.0,3.1378062,3.1030092,0.61573535,0.0,0.7712079,0.0,0.0,0.0,0.20148039,0.47631174,0.0,2.410504,0.03785662,0.0,2.1589756,0.15347245,0.0,0.0,0.0,3.1506355,0.5525582,0.0,0.0,0.0,0.0,0.22395249,0.21562007,1.5922786,5.050394,0.0,1.0164019,0.0,0.0,0.50810075,0.30340064,2.4718533,0.882208,1.452138,2.1657903,0.33274806,0.0,1.1269877,0.5978102,0.93501455,0.0,0.0,0.0,0.0,2.8597896,0.8037607,0.0,0.0,2.7148767,0.0,3.0871332,0.0,0.0,2.3510149,0.36609232,0.0,0.0,3.154627,0.22200052,0.070754506,1.5539734,3.4848025,0.0,0.5363146,2.1493406,0.104191445,2.008135,2.9141982,0.9277496,1.8666034,1.5978485,0.4566317,0.77819526,0.989137,0.0,0.43537673,0.0,0.5173968,0.0,1.6604908,0.0,3.1807308,0.5127403,1.0065492,0.0,1.7273945,0.0,4.471987,2.0478358,0.0,0.0,0.0,1.5056591,0.0,0.0,0.0,0.0,0.0,2.2174003,2.2877574,1.1080523,0.0,0.9564694,0.0,4.475512,1.7065125,0.0,1.2034985,0.0,0.5279206,1.5902122,1.9861833,0.69910556,1.7921748,0.0,0
2.1976418,0.0,0.18445392,3.43377,1.4355845,0.831021,1.6674371,0.0,0.39856523,3.0641255,2.2196794,0.0,0.0,0.0,0.0,0.0,0.0,0.0,0.33578134,0.0,3.1667917,0.0,0.0,2.355403,0.15551922,0.42477503,0.23955227,0.48403743,2.9136968,0.47496083,0.5127065,0.0,0.0,0.0,0.524469,0.0,1.9497645,5.0400605,0.0,2.0662918,0.0,0.0,0.42679504,0.0,1.8323488,1.3788629,2.459307,0.5590979,0.0,0.0,1.2484856,0.0,0.364502,0.0,0.0,0.0,0.2650744,3.696603,2.2031372,0.0,0.0,2.0020475,0.0,4.459368,0.0,0.0,0.5484615,0.046611488,0.0,0.3986617,3.0119483,0.34399104,0.67628443,2.1134067,3.664979,0.18554993,0.0,2.184706,0.0,2.9738278,1.9946113,0.22546537,2.4280682,1.1397438,0.0,1.4904008,1.0493803,0.3732522,0.75080746,0.0,0.0061539374,0.0,1.2557875,0.0,2.346203,1.0780848,2.3620858,0.0,2.2537851,0.0,3.3823369,0.42051637,0.0,0.41457063,0.0,0.5804584,0.0,0.0,0.9821022,0.0,0.0,2.8294237,1.7462978,0.3490802,0.0,1.123733,0.0,3.8580492,1.9150256,1.6767547,1.9909737,0.0,0.18598886,1.9584159,3.025024,1.7600447,2.8227727,0.0,0
0.0,2.1845016,1.4899242,2.1487913,0.18061954,3.2781503,0.6096956,0.0,1.9866885,1.8125024,0.0815896,0.0,0.0,1.3379117,0.008400607,0.0,0.0,0.0,0.6554247,0.0,1.8492991,0.3149365,0.0,0.3485464,0.0,0.0,1.8722382,2.36365,0.0,1.2977972,1.280884,0.0,0.0,0.0,2.9528303,0.0,0.43181705,1.2518778,0.0,2.2053888,0.0,0.0,3.6702595,1.6565537,0.0,2.5255542,2.6631956,0.0,1.2012967,0.24930418,2.5912836,1.3017919,1.8860302,0.98386294,0.0,0.0,1.3386918,1.0659364,2.02083,0.97632456,0.0,0.06358823,0.0,1.2983532,0.63194364,3.2418427,0.0,0.73104554,0.9713222,0.0,1.40551,0.3185246,0.0,0.59577644,0.65844005,1.6124195,0.34767875,0.0,0.0,0.50315785,0.0,0.15915123,2.311303,0.0,1.3942555,1.2393043,0.40102655,0.0,1.7253892,0.0,2.0072753,0.0,0.0,0.6932282,1.9104457,1.8641425,1.6146969,0.0,0.0,1.3141968,0.54760695,3.766347,0.065191634,1.8198931,2.5992868,1.9124309,0.0,0.0,0.31843865,0.0,0.0,0.0,0.46127757,0.0,0.7058985,1.8260396,1.2419647,1.1088108,0.0,1.7082781,2.343245,0.0,2.6993127,2.8643951,2.0855832,0.21583875,2.3311384,1.5656523,1
2.838778,0.0,0.0,2.9182513,1.7177349,1.7199597,0.74798477,0.0,0.0,2.5938842,3.4261653,0.16705012,0.0,0.0,0.07318626,0.0,0.0,0.0,0.67686415,0.0,3.4118364,0.06372781,0.0,2.7692122,0.7385881,0.60692525,1.35922,0.0,3.71556,0.19037946,0.84602463,0.0,0.0,0.0,0.0,0.4403768,1.9428931,3.7037475,0.0,1.574742,0.0,0.0,0.0,0.24196142,1.9097025,0.57340354,1.5410745,1.1163747,0.0,0.040947292,0.43526125,0.36607012,1.1912959,0.0,0.0,0.0,0.6144729,3.4979267,0.9328274,0.0,0.0,2.8381448,0.0,3.6132245,0.0,0.09107175,0.0,0.62916887,0.25213003,0.8437465,3.3761623,1.2983168,0.0,3.2192636,4.138404,0.0,0.0,2.3603237,0.0,4.703632,2.446118,0.5267248,0.80896616,1.0459177,0.0,0.72098684,1.2801381,0.72541016,1.0742228,0.0,0.92920035,0.0,1.2596145,0.0,2.3774164,1.8224101,0.4696738,0.0,1.6337698,0.40560955,2.5470836,0.9392796,0.0,0.0,0.0,1.3252072,0.0,0.0,0.0,0.0,0.0,2.106454,2.7972424,0.8722969,0.25872394,0.18227805,0.0,4.0867963,1.9862069,1.6427006,2.7774212,0.0,0.0,0.90292066,4.0145154,3.1901248,3.286619,0.5581282,0
1.6041003,0.012953061,3.2287834,1.14613,0.7073303,2.8195574,0.0,0.692769,0.6572342,0.24996966,1.2200694,0.0,0.0,1.1630569,0.0,0.15738127,0.0,0.4996338,0.8422966,0.0,0.14299808,1.742049,0.0,1.6009485,0.3087417,1.0042365,0.3875754,2.1922722,1.365039,0.18696328,3.220853,0.0,0.0,0.0,1.2735873,0.9246464,0.0,1.3995339,0.0,3.6842136,0.0,0.0,1.0165135,0.0,1.3327138,1.9110653,2.6229115,1.4380294,0.36489847,1.1323497,2.6679924,1.7087879,4.258007,1.8308164,0.0,0.0,1.538179,1.9881951,2.520496,1.3079208,0.0,0.52636266,0.0,1.1484239,0.8995862,0.0,0.46004543,0.0,1.1655682,0.0,1.6233921,0.036361147,1.9521708,0.32142657,1.8727944,0.0,0.30301672,0.75510454,0.0,2.6410096,0.99421626,2.1217985,1.377948,0.5656949,0.7523361,0.0,0.6183594,0.8906284,1.0423442,0.0,1.776386,0.0,0.18366736,1.3637338,0.0,2.3585696,1.4270587,0.0,0.0,0.21161263,1.3567785,0.6604837,0.0,0.9475759,1.5712534,0.44343865,0.0,0.0,0.0,0.0,0.0,0.22335185,1.3338944,0.0,2.522024,1.5238774,1.9231899,1.3947634,1.2419834,1.9137074,1.9283155,0.0,0.0,2.1906672,1.4191585,0.0,0.9358403,1.5687331,1
0.0,0.0,3.6424897,0.2393924,0.0,2.7434838,0.0,1.8280674,2.5936925,0.55212754,0.7272439,0.0,0.0,0.8080453,0.0,0.07315867,0.0,0.0,0.0,0.0,0.5705981,0.0,0.0,0.5327145,0.5601731,2.000822,0.66758823,2.3528442,0.24157712,0.0,2.4276483,0.0,0.0,0.0,0.0,1.444917,0.47563368,1.8697642,0.0,2.8108726,0.0,0.0,1.7080125,0.0,0.16042756,1.6918746,2.4730144,0.18988077,1.041791,0.043190543,1.9991512,1.7769079,1.5627699,0.94991106,0.0,0.0,0.97861457,2.5556805,3.699833,0.020271065,0.0,1.2261922,0.0,0.0,0.14742172,0.0,0.0,0.0,0.7757301,0.1189122,2.2093084,0.0,2.401245,0.13573655,0.7010973,0.0,0.0,0.2735166,0.0,1.787028,0.27256495,0.9284432,0.0,0.86530316,1.5393327,1.0877767,1.0593357,0.0,1.5506234,0.0,1.9301444,0.0,0.0,0.0,1.3197634,0.8000237,3.3831978,0.0,0.6814488,0.02009796,1.7448255,0.0,0.0,1.7562855,0.95528847,0.0,0.0,0.0,0.0,0.0,0.0,0.084431976,0.48861423,0.0,1.7135484,1.39972,1.8254092,1.0334611,0.27306467,0.85221547,2.9571297,0.0,0.0,1.078615,0.4472438,0.0,1.0434942,1.1883755,1
0.0,0.22431138,2.6069615,1.7562137,0.0,2.494139,0.24491821,0.7007272,0.18602623,1.6685109,2.076377,0.0,0.0,0.80373937,1.4594225,0.0,0.0,0.0,1.5795196,0.0,1.5825601,1.184288,0.0,2.9947128,0.77591336,0.6922482,3.653262,0.74750656,0.76488143,1.1019156,1.7113549,0.0,0.0,0.0,0.9619616,0.0,0.0,2.067155,0.3304356,3.0264504,0.0,0.0,2.1486309,0.9162429,0.0,1.2966672,1.7477697,1.1165684,0.110827856,0.39785865,1.3295515,1.5144844,2.4262078,2.9627485,0.0,0.0,1.1930305,1.7510055,1.5654072,0.6905406,0.0,0.68050945,0.0,1.6395488,0.42732835,0.5714158,0.0,0.63937366,0.0,0.3773969,1.7743957,2.4049609,1.5406225,2.0969884,1.4492971,0.14250512,0.0,0.04244662,0.0,1.6116052,1.5163469,0.0,0.0,0.95126367,0.42672813,0.8066114,1.4665313,0.0644669,1.5693663,0.0,1.2555541,0.0,0.0,1.5659146,0.79440224,2.179964,1.1231635,0.0,0.6561197,1.749789,1.071594,2.485848,0.0,0.0,1.4402397,0.58262056,0.0,0.0,0.0,0.0,0.0,0.52043337,1.5329406,0.82837045,0.0,0.7919425,0.91016257,1.1753544,0.39000896,1.5737644,2.4585903,0.0,0.5177212,1.3237474,2.0576608,1.0869929,1.4890354,0.5485573,1
0.48801485,0.54218084,1.3101462,1.6719785,0.0,2.586175,1.0985723,1.245261,1.9585153,1.1054542,0.5467204,0.0,0.0,0.015685773,0.0,0.0,0.0,0.0,2.0592093,0.0,1.3826112,0.3823289,0.0,1.0855274,0.10385488,1.2324588,1.9325749,0.8457288,1.3975691,0.2309991,1.2687306,0.0,0.0,0.0,1.7268345,0.0,0.0,2.2124667,0.28828946,3.030284,0.0,0.0,2.1557693,0.60347736,0.0,0.8346602,2.0092006,0.7495004,0.9418551,1.7179906,1.0515157,1.2882676,0.77178615,0.24658437,0.0,0.0,1.1176625,1.7515509,3.8341475,1.1808116,0.0,0.40469828,0.0,1.7877097,0.0,1.1156715,0.0,0.6888703,2.0417976,0.0,2.116549,0.50849706,0.5245538,0.016305422,0.8301168,1.7925193,0.0,0.0,0.0,1.8255241,0.0,1.0164604,0.836098,0.3183957,1.0147961,0.0,1.2620685,0.45153886,2.0380056,0.0,0.6833595,0.0,0.15496117,2.3030598,1.0695161,0.76242864,2.834937,0.0,0.044880595,1.9222212,0.27735355,2.6333265,0.0,1.1345434,1.9533713,0.0,0.0,0.0,0.0,0.0,0.0,1.5849239,0.19345932,0.16253221,0.9024985,1.621584,0.6470429,1.3994262,0.31482628,2.1300666,3.5004485,0.0,2.1728785,2.2504573,0.8520702,1.4988257,2.256214,0.7516585,1
0.4269851,0.9741619,2.1652052,1.1831307,0.0,1.5290973,0.0,2.6683025,1.078606,0.7200171,1.4513928,0.13814242,0.0,1.3935977,0.0,0.0,0.0,0.04067763,2.3995502,0.0,1.2834661,0.6551327,0.0,1.744032,0.0,1.0949993,2.7349277,0.91010386,1.1140726,1.3174665,1.4095535,0.04214419,0.0,0.0,1.5348483,0.86141855,0.0,1.9303173,0.0,2.1735957,0.0,0.0,2.6586516,1.1613128,0.0,1.0827558,2.5149693,1.528929,0.9589098,1.3642364,1.3253691,2.559963,2.2574017,2.2159405,0.0,0.0,1.3353503,2.3437226,3.0352225,0.6499773,0.0,0.8482621,0.0,0.5762806,1.1965659,2.1761189,0.09010619,0.55268645,2.0542185,0.0,1.3696032,0.66333944,0.4598407,1.9616657,1.320368,1.0271896,0.0,0.58350235,0.0,1.5412542,0.2992139,1.2487888,0.60544103,0.0,1.3854249,0.73339355,2.016669,0.04237837,1.0300921,0.0,0.08109374,0.0,0.9600045,0.808067,1.0910513,2.1390612,1.9824798,0.0,0.0,1.8400792,0.54780644,2.5207026,0.0,1.3156763,1.8628548,0.0,0.0,0.72851104,0.0,0.0,0.0,1.9623042,0.95294225,1.0267065,1.0905857,0.0,1.5280902,0.2180884,0.47424713,1.5902399,1.7010325,0.0,2.1210966,2.775559,1.5959625,1.0216678,1.4684817,1.4632288,1
0.0,0.0,2.8816557,1.3029091,0.0,2.7356846,0.25286257,1.7313403,2.1923451,1.0384833,1.7915487,0.054424774,0.0,0.1646294,0.0,0.0,0.0,0.0,2.7980762,0.0,1.3256724,0.75701195,0.0,1.638396,0.058956113,2.0978663,2.3658557,1.169541,1.1727482,0.0,2.8197417,0.26818788,0.0,0.0,0.103094086,0.55954546,0.0,2.3156602,0.0,3.3351095,0.0,0.0,2.1392574,0.7887605,0.3088643,1.0360522,2.8495536,0.7103641,2.1220832,1.1868149,1.8000354,2.0170684,1.2422111,0.9860443,0.0,0.0,1.596528,2.3020134,3.4533594,0.75103736,0.0,0.7793977,0.0,0.084571496,0.1413194,0.6960894,0.0,0.0,2.6688328,0.14506403,1.9782258,0.0,1.6272082,0.64801383,1.4378785,0.40181723,0.0,0.0,0.0,1.7977393,0.0,2.7943892,0.6297893,0.23902327,0.86254174,0.38386324,1.2000421,0.40111178,2.0915103,0.0,2.450706,0.0,0.0,0.45791706,0.8047974,0.9744379,2.7834475,0.0,0.39628622,0.5729474,1.3889513,1.4729476,0.0,1.9522083,2.0367682,0.0,0.0,0.0,0.0,0.0,0.0,1.0371175,0.31390077,0.0,1.2331179,2.0717282,1.8707527,2.3818703,0.0,2.1250594,3.0511084,0.0,0.9328304,2.489185,0.7138175,0.81755924,1.7422758,1.9029006,1
0.0,0.10013473,1.1934901,1.3034894,0.0,1.6344414,0.0,2.5256774,2.732576,0.97433627,0.7046003,0.0,0.0,1.2540303,0.54816955,0.0,0.0,0.0,0.020382287,0.0,0.088498816,0.0,0.0,2.2099233,0.6383958,1.6934866,2.0000205,2.7755623,0.0,1.5679349,1.202684,0.0,0.013430015,0.0,1.4354873,0.06533254,0.0,2.1864753,0.66851526,2.6184762,0.0,0.0,4.3491883,0.15742737,0.0,1.9785959,2.4969475,0.98251414,0.9374935,2.3030586,1.6818659,1.210417,0.0,1.833546,0.0,0.0,0.82920134,0.6609855,2.3735747,2.2229586,0.0,0.0,0.0,1.151137,0.21711211,1.981421,0.0,0.33205724,1.0755126,0.9927312,1.1899197,0.21715556,1.4966862,1.0757185,0.0,1.7354101,0.26745987,0.0,0.0,1.7314601,0.0,0.8983012,0.80574805,0.0,1.7414395,0.5400971,1.3408191,0.0,0.56531894,0.0,0.6055115,0.0,0.0,0.36893877,1.3017255,1.9419757,2.9389195,0.0,0.0,0.82636625,0.10144964,1.9856215,0.0,0.7900153,2.437676,2.229284,0.0,0.21239498,0.0,0.0,0.0,1.1120106,0.8060718,0.0,1.1247547,1.190137,1.90763,1.4451824,0.42355272,2.0011249,1.189112,0.0,1.1833919,3.3552294,1.3113624,0.0,1.4660997,1.7312645,1
2.3952482,0.7736698,1.13678,1.1492517,1.1829555,1.5712593,0.0,0.05369118,0.34689683,1.9662194,2.3395338,0.0,0.0,1.0343549,0.14054804,0.31604752,0.0,0.1021732,0.1555881,0.0,2.6995769,0.8149056,0.0,2.3823915,2.1728547,0.0,0.7211134,0.0,2.452301,0.4095164,0.34003752,0.0,0.0,0.0,0.0,1.511799,2.7071514,1.6639861,0.0,1.0579311,0.0,0.76596516,0.63917094,1.3639858,0.60750085,1.3220526,0.0,2.0177531,0.0,0.0,1.3823811,0.8210015,1.0696386,0.0,0.0,0.0,1.1165946,1.2478133,2.094311,0.26500827,0.0,2.8125772,0.0,2.938986,1.1571453,0.0,1.0500253,0.331752,0.52850896,1.0292704,2.6728833,0.72901124,0.6417749,2.2011015,3.377157,0.0,0.0,1.2512109,0.0,3.1418922,1.750229,0.73498696,1.501231,1.4472873,1.1359785,0.0,0.43115172,1.5538738,0.0,0.0,0.71562886,0.0,2.3681545,0.51550514,1.8924587,1.6853741,0.0,0.0,1.1298974,0.034989286,2.8887968,1.5137105,0.0,1.0064037,1.7354455,1.6306665,0.0,0.0,0.0,0.0,0.0,1.1051425,2.3996065,2.0454197,0.0,0.0,0.0,3.371142,2.7402544,1.7877082,1.7987272,0.0,0.5283548,2.206056,2.956389,2.2860472,1.8890684,0.6817046,0
2.9031596,0.0,1.9457395,2.6397958,1.1968088,1.9999084,0.0,0.9164552,1.4654285,1.7806928,2.769501,0.0,0.0,0.7755809,0.494517,0.0,0.0,0.08331024,0.0,0.0,2.3539083,1.6075077,0.0,1.8976651,0.58941746,0.0,0.63726825,0.11277481,3.3395574,0.0,1.3058721,0.0,0.0,0.0,0.0,1.7830813,3.0471811,2.6085641,0.0,2.4628737,0.0,0.932755,0.8046923,0.8465742,0.88868105,0.3185847,0.4866873,1.6488085,0.0,0.0,0.4888501,1.3062067,1.4321678,0.0,0.0,0.0,1.360912,1.5536582,2.2906516,0.0,0.0,2.838643,0.0,3.430673,0.19940846,0.8533286,0.0,0.1947162,0.0,0.34061882,3.4887679,0.61159116,1.2217562,2.553935,2.9876873,0.0,0.0,0.8959305,0.0,3.8143828,1.3488736,0.0,1.3100228,2.8226836,0.59523904,0.45303333,0.88863444,0.67274797,0.82936656,0.0,1.4239596,0.0,0.6351113,0.5774451,1.5403051,0.5737919,0.40156424,0.0,1.8044919,0.55551356,2.391462,0.9254994,0.0,0.0,1.0453428,1.5399355,0.0,0.0,0.4976949,0.0,0.0,1.272911,1.9559467,1.0173745,0.0,1.1898625,0.10103242,2.5887344,1.7079021,2.1898403,2.788101,0.0,0.0,0.32801825,2.9604259,1.7830348,2.0199807,0.325475,0
1.2269096,0.9756659,1.2462221,1.0741055,0.3995002,1.8390632,0.004661666,1.3365074,1.4635205,0.56668895,0.0,0.0,0.0,0.19689217,1.2031057,0.0,0.0,1.1484494,1.5135325,0.0,0.30169395,0.5737525,0.0,1.5482256,1.0936823,0.0,1.5938419,2.249253,0.5831324,1.7150965,1.029074,0.0,0.0,0.56435084,2.3732603,0.92804086,0.74736893,0.63632905,0.0,2.4787734,0.0,0.45682183,0.8462223,1.6011424,0.0,1.5902064,2.7872124,0.28560984,1.1149777,1.0148891,2.1133456,3.0239675,1.6800644,1.9753003,0.0,0.0,1.7045323,0.0,2.5605817,1.463215,0.0,0.23081693,0.0,3.0860307,0.0,2.592968,0.0,0.0,1.6324226,1.3837569,1.0529956,0.0,1.3199581,1.5806057,1.7879392,0.82304484,0.39203995,0.86086565,0.0,1.5231414,0.0,0.6386303,1.6798673,0.720802,0.7482624,0.0,0.0,0.0,1.3218285,0.0,2.1070027,0.0,0.8795498,1.0594641,0.0,2.8257253,1.8323982,0.0,0.0,2.1339443,0.86196804,3.0013692,0.0,0.13295667,1.2653707,0.9587986,0.0,0.0,0.0,0.0,0.0,1.9196013,0.07502896,0.0,0.39058384,1.5055819,2.0386446,2.4887044,2.0061843,1.4670631,1.9955395,0.0,1.2079253,2.5860987,0.828174,0.0,1.4930578,1.5047747,1
0.6883609,2.8982968,1.3194212,2.3864198,1.6990793,1.8405117,0.0,0.0,0.7923566,1.674168,0.86318713,0.0,0.0,0.958273,1.739413,0.0,0.0,0.15676522,1.4065057,0.0,1.523349,1.0723096,0.0,1.5574576,0.0,0.0,1.5820799,0.6701802,1.5783281,2.0157545,1.9199475,0.0,0.0,0.0,2.5597243,0.0,0.15626739,2.5914242,0.0,1.9897583,0.0,0.0,0.9342969,1.123762,0.0,1.4805198,2.1187449,0.90236366,0.0,0.7981868,2.1660943,0.6107712,1.5135664,1.5834961,0.0,0.0,2.1802273,1.8319141,2.387604,1.0361953,0.0,0.0,0.0,1.840797,0.0,1.6043081,0.0,0.0,1.4511384,0.0,1.6797814,0.36746144,0.72559094,1.1939069,2.0476956,0.36444837,1.5349464,0.70945734,0.0,3.4036956,0.050550614,0.41206467,2.6611588,0.0,0.5608027,0.19506267,1.397064,0.0,0.3524072,0.0,0.46620908,0.0,2.235879,1.1858706,1.2416332,2.5691164,0.18696077,0.0,0.36482775,1.3056579,0.99999785,3.1036863,0.0,0.95736253,2.1503165,1.481111,0.0,0.0,0.0,0.0,0.0,3.0021367,1.6328428,1.2194579,0.0,1.96527,0.9986973,3.890379,0.9143814,1.1575706,1.8760194,0.0,1.9162732,3.2376015,1.6923794,1.1123558,1.1534564,1.987677,1
0.546456,2.0709527,0.0920171,0.0,0.44912803,0.42373604,0.93885005,0.0,0.0,0.35831335,0.48233435,0.0,0.0,0.19146302,1.2084767,0.0,0.0,0.0,2.7452896,0.0,0.0,0.0,0.0,1.4533652,0.15569389,0.48268992,1.6504444,2.1550412,0.0,3.319577,0.60543203,0.38203767,0.0,0.18190683,3.1546116,0.0,0.0,0.0,0.0,2.589938,0.0,0.0,1.9681431,2.447387,0.0,1.810994,1.4376731,0.657038,1.9543256,0.04708073,1.1200488,2.296345,0.36186352,0.1880892,0.0,0.0,0.9582029,0.0,1.6174217,2.607391,0.0,0.0,0.0,1.8367416,0.49357432,1.3737316,0.0,0.9098681,0.33487967,0.6054291,1.2050444,0.20976542,0.0,0.0,0.0,2.89955,1.2284236,0.2924142,0.0,0.0,0.0,2.070354,0.023321295,0.08854897,0.56876594,0.0,0.0,0.0,0.88829553,0.0,2.1047235,0.0,1.0850186,1.0373918,0.0,0.34121755,3.8103209,0.0,0.93404704,1.3050878,1.6203578,4.037243,0.0,1.2420726,2.1004062,1.8786824,0.0,0.0,1.3065393,1.0674707,0.0,1.2926275,0.96953934,0.0,0.094654106,2.6419868,1.6028831,0.0,0.0,1.7025541,1.0419337,0.0,3.2895093,2.5942411,0.66816145,0.0,1.3098972,1.554595,1
0.6697224,2.9377868,1.7154799,0.0,0.10664738,2.57392,0.0,0.76521397,0.70646787,0.2624957,3.398027,0.0,0.0,0.6620812,2.0655622,0.0,0.0,0.0,1.9924531,0.0,0.0804262,2.6573768,0.0,1.6771421,0.22490993,0.8019321,2.1283245,1.6381862,0.0,3.6230638,0.8806983,0.0,0.0,0.0,1.3998152,0.0,0.0,0.8819345,0.0,4.011823,0.0,0.0,2.5379987,2.3839576,0.0,1.5741196,1.872849,1.2315545,0.4799081,1.8854903,0.69544965,2.382399,1.9251583,3.9280436,0.0,0.0,1.9735926,0.577107,2.412204,2.4425533,0.0,0.12847593,0.0,0.91825175,1.9120688,3.6070485,0.0,0.0,0.2663085,0.2248675,0.79005504,0.0,0.0,0.45182613,0.0,0.8465723,0.26310912,0.4304226,0.0,1.643965,0.64144397,2.1005185,0.0,0.0,0.44003433,1.6665008,0.82308424,0.0,0.46622455,0.0,1.8387098,0.0,0.0,1.1956846,0.19980375,1.513306,0.24142678,0.0,0.0,1.7265668,0.079999834,2.8885446,0.0,1.115511,3.0872653,0.6241285,0.0,0.74629074,0.0,0.0,0.0,0.0,0.85425216,1.4838612,0.0,1.6060276,1.2887274,0.9951288,0.0,2.7783897,1.2005013,0.0,2.6522932,2.44032,0.0,0.0,0.8283245,1.4756805,1
1.0895683,4.438488,2.5236912,0.18590689,0.21591759,0.6735504,0.0,1.1002573,1.0967572,1.467626,0.0,0.0,0.0,1.5567092,0.106668696,0.0,0.0,0.0,1.0570362,0.0,0.0,2.4261947,0.0,1.4656705,0.8210603,1.1042547,0.83207226,1.964188,0.0,2.7628777,1.2920661,0.0,0.0,1.7358221,3.6714196,0.0,0.13299085,1.4363841,1.377156,1.6930178,0.0,0.0,2.289991,1.4694864,0.0,2.4577122,1.6135957,1.8411723,1.895656,1.0944165,3.6054919,2.1143184,1.1945021,2.6697302,0.0,0.0,1.1986006,0.059078358,4.1353197,4.373983,0.0,0.08234084,0.0,1.8137627,3.4212406,2.4095752,0.53519684,0.0,0.97674793,0.0,0.7066931,0.5096157,0.0,0.3162694,0.0,0.8067766,2.084634,0.379371,0.0,0.0,1.4847648,1.165556,1.1147604,0.0,1.9530587,1.7157899,0.0,0.0,1.23633,0.0,2.546872,0.0,0.0,1.2743394,0.45658693,1.8801352,2.3585486,0.0,0.10330971,0.8579065,0.73898816,2.9710174,0.0,1.8248245,0.19961436,0.43783185,0.0,0.054902744,0.0,0.0,0.0,0.51996493,1.2831104,0.3929331,0.0,0.42852244,1.3625405,0.63873076,0.2445424,0.6713519,2.1077242,0.0,2.8880608,2.2992554,0.0,0.0,1.805598,1.7352072,1
0.75875723,1.7585922,0.70631564,0.4753974,1.6860116,0.3291695,0.0,0.8056781,0.0,0.2560001,0.68122554,0.2592686,0.0,0.19686444,0.0,0.0,0.0,0.0,2.8732336,0.0,2.001487,0.2537101,0.0,1.4549869,0.0,1.9899212,1.56327,0.6506633,1.8537039,1.396726,0.56342024,0.0,0.0,0.12966456,2.5778522,0.0,0.0,2.235187,0.7261584,1.5904986,0.0,0.0,1.7294837,0.9001304,0.48493227,2.0033314,0.79280794,2.232942,0.22621077,1.0769569,2.44948,1.2204314,2.344097,1.5470946,0.0,0.0,0.52600634,1.5737092,2.848454,2.0928445,0.0,0.0,0.0,3.0971167,1.6165648,1.0950963,0.7255462,0.0,1.7931395,0.75598204,1.3795989,0.34478837,1.4513686,0.5448451,0.91861457,1.8351716,0.86567855,1.26276,0.0,0.0,0.19307044,2.4205942,1.473755,0.0,1.8051435,1.2690318,0.0,0.0,0.22303025,0.0,2.2241359,0.0,1.1628666,0.7719415,1.24002,1.3007773,0.6812266,0.0,0.0,0.0,1.8696778,1.8185488,0.0,3.5146158,0.31017512,0.0,0.0,0.39685416,0.0,0.0,0.0,2.0370147,1.5562758,0.98089725,0.62650293,0.47517395,1.8187385,1.865908,0.9542944,1.3694361,0.97040915,0.0,3.2171175,2.489686,1.940103,1.2600744,2.5813181,1.434171,1
0.31420365,3.9406612,0.7961751,0.0,1.2369101,1.0002345,0.0,2.9309082,0.20558615,0.23258859,0.1638191,0.0,0.0,0.48360533,0.11443333,0.0,0.0,0.0,2.490592,0.0,0.0,1.6621063,0.0,0.3530358,0.107513785,0.0,3.085493,1.1824336,0.24362749,2.5759037,0.35062647,0.0,0.0,0.0,4.0481176,0.28533795,0.0,0.0,1.839453,1.7768354,0.0,0.0,2.9815974,1.3551922,0.0,2.439985,2.061139,1.7948163,1.3168006,0.9888648,1.9853886,1.3959459,1.8607637,3.0048227,0.0,0.0,1.4115582,0.31069174,2.6188977,2.5738988,0.0,0.0,0.0,1.3903201,2.082057,2.724261,0.0,0.0,2.3537061,0.13826805,0.23695071,0.6795209,0.31918314,0.1013445,0.0,2.9560316,2.075535,0.39692345,0.0,0.0,0.7806074,2.3322692,2.119606,0.07978192,1.4907702,0.0,0.31479034,0.0,0.6999345,0.0,2.242878,0.0,0.15522891,2.0611286,1.5099458,1.0140976,0.85259145,0.13415793,0.0,2.405712,1.1359917,4.014485,0.0,1.8159069,1.9823018,0.0,0.0,1.8569617,0.0,0.0,0.0,0.6823161,0.38975567,0.0,0.111218,0.5348029,1.3206103,0.0,0.0,0.7687062,2.0653822,0.0,3.584899,3.0051713,1.1293176,0.0,0.39357734,1.767183,1
0.0,3.3952227,1.6037477,0.6116978,0.0,1.0847459,0.28795487,1.20173,1.0231658,1.2668141,0.59365016,0.0,0.4103018,0.6236496,0.5498187,0.0,0.0,0.0,1.4789693,0.0,1.6055546,2.0140939,0.0,0.7783159,0.0,0.31353128,3.8436131,3.6998887,0.0,1.1984564,2.091313,0.0,0.0,0.0,4.1344695,0.15116145,0.0,1.4086419,1.5475149,1.9621545,0.0,0.0,2.956298,2.1855662,0.0,2.982729,2.2655268,0.0,0.8832497,0.53976613,2.5680764,2.1350532,1.9902437,2.163607,0.0,0.0,0.43781093,0.59227914,2.8285356,3.6909127,0.0,0.0,0.0,2.1182683,1.1889491,4.292034,0.0,0.0071457755,1.6895418,0.042450905,1.2478948,0.78459984,0.70805633,0.31299055,0.0,2.6702716,1.0934253,0.0,0.0,0.0,0.09683315,0.5226108,3.0221117,0.0,1.5467945,0.0,0.0,0.0,0.27320042,0.0,2.044336,0.0,0.0,1.5007675,0.1417286,2.1108587,2.6686392,0.0,0.0,1.7714111,0.0,3.3500621,0.0,2.5093744,1.6298599,0.6168273,0.0,0.26630646,0.0,0.0,0.0,0.0,1.283729,0.0,0.0,1.0521259,2.0657828,1.13359,0.0,2.5955486,2.5605063,0.0,2.9562132,3.9124227,0.93864673,0.0,2.1052802,2.2095854,1
0.0,3.2236814,0.15675433,0.26310778,0.6291904,0.25671148,0.31154492,1.0072635,1.1885229,0.5402254,0.3974049,0.0,0.0,0.0,0.41395265,0.0,0.0,0.0,1.1240579,0.0,1.3194664,1.2520213,0.0,2.1254573,0.0,0.0,2.9789894,1.8602039,0.27804193,2.537439,1.6979057,0.0,0.0,0.0,3.3897834,0.0,0.0,1.9236376,0.8296384,2.0462034,0.0,0.0,1.3681686,0.7455692,0.0,1.8872483,2.1667395,0.8993752,1.0284327,1.0787095,2.1676922,1.341548,1.6379416,2.7356937,0.0,0.0,0.31711933,1.0128177,3.1299376,2.084215,0.0,0.0,0.0,2.8402379,0.66532284,2.796773,0.0,0.23487438,0.0,0.0,1.4336288,1.2788347,0.0,0.32019278,0.0,3.2222595,1.3624833,0.0,0.0,0.2902776,0.0,1.8541571,3.1961727,0.0,1.7823542,0.0,0.058532704,0.0,1.296646,0.0,0.9705089,0.0,0.38846725,1.3140762,0.54343116,1.5696608,2.3480363,0.0,0.0,0.73756105,0.0,3.5231767,0.0,1.0046206,1.3907297,0.0590231,0.0,0.80608416,0.0,0.0,0.0,0.0,1.1661679,0.0,0.051712237,1.7544875,0.0,1.2848169,0.0,2.3285444,2.0949786,0.0,2.6942043,2.4492025,0.9087553,0.0,2.0811334,1.2254434,1
3.3740876,0.70027745,1.3923848,3.1069224,2.3988142,1.8209879,0.0,0.0,0.0,2.8287663,2.6895075,0.0,0.0,0.31699887,0.0,0.0,0.0,0.0,0.41289106,0.0,2.9298294,0.16411056,0.0,2.2131805,0.0,0.0,0.8653817,0.0,3.3688831,0.0,2.4087284,0.0,0.0,0.39391685,0.0,1.1201907,2.617731,3.0691302,0.0,2.575031,0.0,0.0,0.0,0.47092342,0.9794512,0.79404604,0.7462045,2.6048708,0.0,0.26080728,1.1544211,0.0,2.3329463,0.0,0.0,0.0,0.14900902,2.2206101,3.2591999,0.70340693,0.0,2.1642246,0.0,4.238046,0.11380335,0.16880013,0.0,0.0,0.93226415,0.5200798,1.6354107,0.71223414,1.0229746,2.3576698,4.0700064,0.0,0.0,1.0552071,0.0,3.2677562,0.983508,0.28847104,2.2082474,1.1744522,0.75089526,0.25298598,0.12052565,0.70598084,0.6411346,0.0,0.75247836,0.0,1.2350613,0.0,2.1591992,1.0289968,0.35855907,0.0,2.0313032,0.0,2.7169464,0.74873316,0.0,0.0,0.36069766,1.2030846,0.0,0.0,1.4203026,0.0,0.0,2.3370953,1.2666442,0.0,0.0,0.60150826,0.0,3.5098805,2.0627236,1.8091719,2.1588442,0.0,0.69043267,0.6313892,2.1430402,1.2155677,2.8584182,1.0072159,0
2.6550684,0.0,1.570846,2.5021276,0.7919099,2.1412103,0.23102634,0.0,0.0805044,0.9663561,2.3836305,0.34672105,0.0,0.0,0.0,0.0,0.0,0.0,0.23547615,0.0,2.7356925,0.8167079,0.0,2.2183638,0.5726917,0.97388065,0.06711241,0.3106487,3.283205,0.0,1.7027438,0.0,0.0,0.0,0.27096826,1.1920172,2.872176,3.90801,0.0,2.1831017,0.0,0.0,0.0,0.0,1.3014927,1.4555029,0.9764444,1.7372967,0.0,0.0,1.1758289,1.1485021,2.489261,0.0,0.0,0.0,0.79441947,3.8536677,2.1972601,0.0,0.0,1.7382472,0.0,2.621237,0.0,0.6445199,1.0492127,0.08804111,0.46820444,0.0,2.7017367,0.584206,0.27333513,1.5851005,4.2266507,0.22431485,0.0,1.4546444,0.0,3.7614477,2.6543236,0.8368171,0.33823207,1.7962426,0.6836962,0.97504914,0.95119506,0.29275602,0.40557703,0.0,1.6660146,0.0,1.1952518,0.478402,1.8901772,2.0356925,1.740737,0.0,1.7394722,0.26414746,3.596895,0.4749499,0.0,1.2094016,0.9545152,0.7639192,0.0,0.0,0.048019614,0.0,0.0,1.2264314,1.733476,0.8369873,0.0,0.9565599,0.0,3.2467856,2.3159423,1.197487,2.749305,0.0,0.0,2.3307915,3.6318574,1.765253,2.424966,0.13699493,0
0.69249666,1.3538852,3.438469,1.0755677,1.4831393,2.6157851,0.0,1.3910657,0.32155055,0.8749459,1.8173757,0.0,0.0,0.61362743,0.051143754,0.24771963,0.0,0.050453745,2.296977,0.0,1.0259651,1.7378768,0.0,0.88445807,0.0,1.1104517,1.8335973,2.4509194,0.0,1.3690212,2.128859,0.0,0.0,0.0,1.5749598,1.6167119,0.0,1.0870425,0.0,3.2169054,0.0,0.0,2.7779362,0.9430393,0.0,1.9281683,2.0559669,2.2258952,0.8979159,1.4628559,1.0127659,1.3615057,2.4027603,3.1369717,0.0,0.0,2.8774915,1.2232385,3.2099042,2.3107567,0.0,0.0,0.0,1.471748,1.9430635,2.1078448,0.0,0.0,2.542073,0.0,0.92061037,0.0,0.48900077,0.74549735,1.3993833,0.8210146,0.8291646,0.22337003,0.0,1.8600519,0.5399246,2.493175,1.4474111,0.851849,0.8955407,0.0,0.7646507,0.0,0.79645956,0.0,1.9359666,0.0,0.0,0.8974331,0.9202248,2.6799784,0.82684654,0.0,0.5837112,2.4069965,1.6212773,1.6753552,0.0,1.5057802,2.0056694,0.0,0.0,0.5847057,0.04407203,0.0,0.0,1.062272,1.2437352,0.6486631,0.7968584,1.5278378,2.3136387,1.624523,1.1910595,1.9076494,2.5437825,0.0,2.118134,2.9261978,2.0786078,2.0936904,0.71447426,1.9779537,1
0.8160025,0.0,4.158758,1.0177842,0.0,2.9406946,0.0,1.4854234,1.9772357,0.7778915,1.5846872,0.0,0.0,2.4600182,0.0,0.33053854,0.0,0.794762,0.0,0.0,1.2452635,0.3578145,0.0,1.2543956,0.87900424,0.6876446,1.4374634,1.0396717,0.6983598,0.0,2.6282427,0.0,0.0,0.0,0.19081904,1.5215787,1.3529804,2.4973896,0.0,2.6361668,0.0,0.0,0.8121279,0.18727086,0.37327012,0.96887696,2.6815484,1.3067108,0.0,0.2546354,1.5881795,1.2287053,1.8293507,0.78591436,0.0,0.0,3.0631022,2.8178885,2.8225636,0.98456645,0.0,2.0503662,0.0,1.6340742,0.4620176,0.0,1.3643631,0.28455752,1.5423331,0.8303266,2.404001,0.34274107,3.188626,0.7425138,1.8301336,0.0,0.0,0.9209214,0.0,3.3737252,0.77396697,0.51947254,0.9366526,2.4213452,1.3028411,0.0,0.6065891,1.3011982,1.7277524,0.0,1.2357086,0.0,0.21688616,1.3951808,0.31015164,1.6295308,2.5522876,0.0,1.0443223,0.0,1.619752,0.0,0.0,1.101706,1.1387266,0.2272536,0.0,0.0,0.60750264,0.0,0.0,1.3570479,0.7201628,0.0,1.2044045,0.33848724,1.5443301,2.283989,1.3678695,1.1840667,2.3292606,0.0,0.0,1.692089,2.106368,0.9739307,1.3086972,0.9266022,1
0.59137183,0.0,2.7971284,1.6927364,0.3146686,1.5958103,0.0,0.41786146,0.49703407,1.5578762,0.7701062,0.0,0.0,1.4470086,0.51985425,0.0,0.0,0.47841072,1.1797642,0.0,0.9093624,0.6652911,0.0,1.2278022,0.2685479,1.264041,1.6469761,1.7821211,1.1197388,0.7967433,2.1686609,0.0,0.0,0.0,1.8470705,1.3648578,0.8201081,2.2469752,0.0,2.565354,0.0,0.0,1.5339824,0.34407052,0.43724874,1.219667,1.7534516,1.3635521,0.58235043,0.6091515,2.5910645,2.0840647,3.2547483,1.7046231,0.0,0.0,1.9961469,1.9699228,3.3958633,1.9076701,0.0,1.3979828,0.0,3.0513396,1.3091145,1.1630635,0.0,0.0,1.9126834,0.48416147,0.9294382,0.042204905,2.5143697,1.7209741,1.6074104,0.42559856,0.71786845,0.5096332,0.0,2.6112416,0.9925739,1.2613342,2.1278443,0.7150977,0.97862357,0.83341515,0.7405314,0.0,0.0,0.0,2.3703377,0.0,0.8229733,0.49418172,0.8250279,2.5321138,1.6571014,0.0,0.19697419,0.65343565,0.8164923,1.2894926,0.0,1.8256493,1.3559198,0.0,0.0,0.0,0.0,0.0,0.0,0.77034545,0.70237756,0.0,1.0367296,0.54257894,1.221966,1.9688838,0.7126296,1.7077779,2.746475,0.0,0.73248315,3.4829993,1.6726928,1.1648992,1.1060857,1.6981148,1
0.0,0.0,3.5695717,1.1452819,0.0,2.7024803,0.0,2.2829978,1.9299402,0.9289696,1.0553648,0.0,0.0,0.7468224,0.0,0.0,0.0,0.0,0.93243116,0.0,0.3644914,0.7496054,0.0,1.4745294,0.0,2.6545913,1.1077486,1.638945,0.0,0.0,2.3055649,0.0,0.0,0.0,0.0,0.9367414,0.0,1.7723013,0.0,3.2446425,0.0,0.0,2.4730332,0.7934638,0.0,1.9636917,2.3667512,0.48267877,1.6771647,0.7841878,2.2069666,1.9290646,2.232205,1.5678333,0.0,0.0,1.180768,2.7348642,3.8247938,0.6145173,0.0,1.4538717,0.0,0.615791,0.875481,1.4332691,0.0,0.0,0.9970018,0.6841187,1.7256649,0.0,0.5238588,0.1369228,0.7457604,0.0,0.06514985,0.0,0.0,1.4579387,0.12626714,1.7210205,0.27227193,0.0,0.99485976,1.9413341,0.84022593,0.0,1.3711689,0.0,1.8525367,0.0,0.0,0.109060906,0.7922965,1.2172867,2.554062,0.0,0.06926807,0.30106837,0.44192323,0.9297565,0.0,2.0214665,1.7212508,0.0,0.0,0.0,0.0,0.0,0.0,0.017900601,0.9482048,0.0,1.9018663,0.99120736,1.6741753,0.6272205,0.023006422,2.0111454,3.033864,0.0,0.42996302,1.7378764,1.0078229,0.796017,2.1148827,1.9730431,1
0.0,0.0,4.4028897,0.53683674,0.0,3.8414805,0.0,1.3535327,1.7446909,1.7901984,0.26470223,0.0,0.0,1.3287321,0.0,0.0,0.0,0.0,0.0,0.0,0.7882817,0.86275417,0.0,1.5487398,0.46248466,2.862685,1.225119,0.6256831,0.27892992,0.0,3.063968,0.0,0.0,0.0,1.016571,0.5045574,0.14255469,0.97652537,0.0,2.9536092,0.0,0.0,2.106277,0.083185256,0.007459329,2.4366658,2.131652,0.6688934,1.1595317,0.6294714,2.0747366,1.8364619,1.5160041,1.1824697,0.0,0.0,2.0788999,2.288977,3.9242315,0.2816622,0.0,1.0113924,0.0,1.6808517,0.016186854,1.0871812,0.0,0.25201207,0.6830601,0.4967012,1.1757811,0.0,0.53504217,0.42790502,0.5650288,0.0,0.0,0.4862185,0.0,2.4000134,0.0,1.1195884,0.0,0.8864334,1.080141,1.8294773,1.0876918,0.0,0.9403577,0.0,2.8060176,0.0,0.0019018638,0.4127557,0.8391818,1.1051065,2.0820618,0.0,0.0,0.012991745,0.54357034,0.8919421,0.0,1.6670885,0.41420504,0.0,0.0,0.0,0.16789615,0.0,0.0,0.25323385,0.875542,0.0,1.5065057,0.0,1.7757595,1.2257562,1.0567522,2.0843313,3.486913,0.0,0.68687105,1.1093886,1.862432,0.5412567,1.4449686,1.6731721,1
2.9434738,0.0,1.8101428,2.3351994,0.69352233,2.5821526,0.64209396,0.0,0.41956902,2.195269,2.6504264,0.0,0.0,1.0000445,0.080270454,0.0,0.0,0.0,0.10642451,0.0,1.8133266,0.52343154,0.0,1.8702482,0.95399845,0.03439206,0.11487415,0.34318426,4.3561316,0.0,1.5312636,0.0,0.0,0.0,0.8389262,0.4248931,2.4219687,3.3259442,0.0,2.041704,0.0,0.0,0.11361977,0.0,2.5093682,0.8475757,1.3014578,0.96019244,0.0,0.3232442,0.8200066,0.5850885,1.9744546,0.0,0.0,0.0,0.0,3.040999,2.602446,0.3859284,0.0,2.8945122,0.0,2.3059561,0.0,0.5445864,0.0,0.0,0.0,0.021430423,2.8436887,0.44778883,1.4746937,1.3546861,2.7184947,0.0,0.0,1.5323209,0.0,3.6482027,3.356133,0.0,1.783426,1.263276,0.74469966,0.06614613,2.0071828,1.0242603,0.32859048,0.0,0.62735975,0.0,1.3828928,0.0,2.5880215,1.3572956,1.9168955,0.0,2.5935113,0.0,3.5808587,0.6605224,0.0,0.03484089,0.6623653,0.95641387,0.0,0.0,0.0,0.0,0.0,1.8720003,1.9501324,0.15314084,0.0,0.20426108,0.17267469,2.7044249,2.3542895,0.96769255,2.8836167,0.0,0.0,1.1491997,3.2299101,1.6668351,2.459933,0.20542514,0
2.147735,0.60136974,2.4839294,1.6894698,1.2491262,2.0012445,1.0557157,0.08692378,1.4038208,0.4918784,1.8017688,0.0,0.0,1.0408907,0.0,0.0,0.0,1.1184113,0.23579936,0.0,1.1232749,0.69249594,0.0,1.3491219,0.58566207,0.8530724,1.086125,0.6257862,2.8720298,0.0,1.9895196,0.0,0.0,0.0,0.031482264,0.73958325,1.2374761,2.1292596,0.0,1.6555872,0.0,0.0,0.17490068,0.0,0.99126524,1.1093752,2.200109,1.9030466,0.0,0.55855066,0.08762845,1.7112368,0.5180685,0.6187337,0.0,0.0,0.723602,2.1912124,3.669931,0.23474452,0.0,1.6006086,0.0,2.3252075,0.0,0.0,0.0,0.47760326,1.0473852,0.0,2.220518,0.5505389,0.56467986,1.5536908,2.374511,0.31849912,0.0,1.4910504,0.0,4.766866,1.6063699,0.05688839,1.3909624,0.62725836,0.5353676,1.1696546,1.9467038,0.9797892,1.0722742,0.0,2.4747994,0.0,0.0,0.048450135,1.1272079,1.8372011,0.81298536,0.0,0.87694687,0.0,2.5070422,0.0,0.0,0.0,1.0238023,2.0871031,0.0,0.0,0.0,0.0,0.0,0.9380655,1.5045125,0.0,0.9596254,0.30165955,1.0987284,2.3552315,2.0794578,2.4452598,2.1941576,0.0,0.0,0.0,1.9459966,1.592631,2.2894118,1.2789382,0
0.22166488,2.4099135,3.4164574,1.8725611,0.0,2.9899,0.072750956,1.0012081,0.20112102,0.8158179,1.0646405,0.0,0.0,1.6778102,0.7936079,0.0,0.0,0.0,0.9850204,0.0,0.0,0.94566816,0.0,0.99107194,0.0,0.69050026,2.0532725,2.5009246,1.251702,1.7534342,2.4568276,0.0,0.0,0.0,2.210063,2.1790216,0.3054585,0.82906324,0.0,2.6183991,0.0,0.0,1.7938437,0.8994336,0.0,1.9142573,2.2375498,1.2626163,0.2704573,0.99461913,2.9444454,1.219847,2.2867844,0.77203804,0.0,0.0,1.4056106,1.4545165,4.1889787,2.2707765,0.0,0.6573038,0.0,0.84512794,1.375555,3.1540654,0.0,0.2797389,1.4051826,0.0,1.7409754,0.6128108,0.59458613,0.08536758,1.5705377,2.1327615,1.0259027,1.5191175,0.0,1.8702518,1.3331096,1.5770732,1.6443106,0.32728887,1.5709742,1.0364732,0.7639148,0.0,1.0382613,0.0,2.1628919,0.0,0.0,1.3387202,0.0,2.0955098,1.0218698,0.0,0.10324899,1.5457695,2.9623356,1.1571835,0.0,1.6081449,1.1046143,0.27108994,0.0,0.0,0.0049046236,0.0,0.0,0.5572347,1.1641655,0.4614181,1.3509398,0.0,2.5436864,0.31203038,1.0584202,1.6447045,1.9023448,0.0,0.0,1.8651437,0.83304423,1.8743933,1.926234,2.818507,1
1.2988745,3.2639847,0.20077153,2.9090211,1.7990744,1.2110786,0.21980445,0.41027296,1.0911679,1.4592208,0.76061416,0.0,0.0,0.8133697,0.0,0.0,0.0,0.0,2.1365268,0.0,0.44288713,1.0617973,0.0,0.88430667,0.0,0.0,1.8998212,3.1474426,1.152972,1.0571915,0.8979709,0.34304458,0.0,0.0,3.8356469,0.21820208,1.6618359,1.6881274,0.70634246,1.8728832,0.0,0.0,1.1439626,1.6739488,0.0,3.1294134,2.825675,0.2418878,0.62707996,0.9389811,2.3802845,0.8007933,1.4295512,0.11257207,0.0,0.0,0.4199447,1.0603405,3.356717,2.597038,0.0,0.9129212,0.0,2.796042,0.45398933,1.8782899,0.0,0.0,2.102778,0.9888323,1.9277935,0.120747134,0.46126398,0.93979496,1.587061,2.1756039,0.0,2.0933924,0.0,1.0509228,0.0,2.3564568,4.073623,0.0,1.3004692,0.0,0.2652269,1.1599714,0.7286992,0.0,0.99567294,0.0,0.9711179,0.25305602,0.23276936,1.5640191,1.594406,0.0,0.6639107,0.44693995,1.6030855,2.5689878,0.0,1.627045,1.3313816,1.9045734,0.0,0.0,0.64694136,0.0,0.0,0.9355502,0.96221024,0.0,0.61428887,2.0325224,0.83758825,2.30887,2.0130754,3.0996523,1.1694728,0.0,1.6161202,2.288664,0.86658365,0.44100198,2.0683506,1.321812,1
3.3967972,1.0385754,0.50235057,1.608791,2.8346171,1.4860919,0.0,0.0,0.0,1.3116584,2.9913943,0.41643775,0.0,0.27288142,0.13748877,0.25855118,0.0,0.24552938,0.22171478,0.0,1.6511115,2.37606,0.0,2.637868,0.0,0.32388732,0.0,0.0,3.113888,0.8182068,1.360094,0.0,0.0,0.0,0.29786903,0.9693875,1.0325204,3.0064614,0.0,1.6616913,0.0,0.0,0.0,0.5927993,1.2486085,1.6723747,0.21793325,1.4114758,0.0,0.096682645,0.67625755,1.0944195,2.0420973,0.0,0.0,0.0,0.8884998,2.879937,1.396373,0.05542696,0.0,2.2111921,0.0,2.4328375,0.0,0.0,1.2372206,0.0,0.0,0.099843554,2.087949,0.69944376,0.0,1.7516487,3.0908582,0.0,0.49810603,1.7422082,0.0,2.3937178,2.8435783,0.5920555,0.5539647,2.0932548,0.9835116,0.27160445,1.7062213,0.0,0.0,0.0,0.1677703,0.0,2.6016874,0.5155273,1.8025026,1.958768,0.30841112,0.0,1.6651733,0.6931049,3.8193161,2.2522063,0.0,0.5112938,1.5348775,0.7291821,0.0,0.0,0.0,0.0,0.0,2.414195,2.267011,1.0981362,0.0,1.2996523,0.0,4.0393395,2.730946,0.7465594,1.8229858,0.0,0.5600219,2.3117645,3.6747534,1.6465214,0.6455263,0.9471471,0
0.78424406,3.3039875,2.332308,0.0,1.3751806,3.276273,0.0,1.4345487,1.4257376,0.0,0.85357213,0.0,0.0,1.8320476,2.459367,0.0,0.0,0.0,1.7386941,0.0,0.0,2.1746492,0.0,0.23527402,0.0,0.8958909,1.6993084,2.4710445,0.0,4.436857,0.21316224,0.53152716,0.0,0.0,1.9582925,0.398263,0.0,0.0,0.04072035,3.0335877,0.0,0.0,3.998157,1.7715386,0.0,3.9559002,2.423658,0.45489746,1.2010757,0.97568375,3.6600306,2.2273545,3.0937207,3.130151,0.0,0.0,2.2218828,0.019914053,2.5603528,4.4743223,0.0,0.0,0.0,0.0,0.71369475,4.158956,0.0,0.0,1.4550682,0.0,1.5555284,0.0,0.0,1.0887295,0.0,1.2540826,1.0542214,0.0,0.0,0.96813923,0.19433951,1.9661527,0.0,0.0,2.0550067,1.9418458,0.0,0.0,0.29358265,0.0,2.0934372,0.0,0.3146935,3.3554041,0.0,1.2212197,0.0,0.0,0.0,2.3557413,0.0,2.4550827,0.0,2.612217,2.2827594,0.47634035,0.0,0.55584806,0.0,0.0,0.0,0.0,0.24528877,0.6027136,0.70910263,1.4769834,1.592851,0.0,0.83180505,1.9362086,2.5560787,0.0,1.7826102,3.1528127,0.0,0.0,0.0,3.2750044,1
2.3094852,0.18694606,2.6661742,2.6793833,0.3517459,1.5403109,0.81724775,0.0,0.8291952,2.2602928,2.5384986,0.20872673,0.0,0.6185924,0.0,0.1457693,0.0,0.0,0.50096357,0.0,2.918745,0.0,0.0,1.7846187,0.0,0.41493595,0.7905605,0.2140946,3.1913013,0.0,1.1982616,0.0,0.0,0.0,0.4698882,0.81920815,2.333702,2.6647716,0.0,1.8676963,0.0,0.0,0.0,0.0,2.5000625,1.8259382,1.1130347,1.3019242,0.0,0.22976592,1.2904904,0.3217635,2.0185788,0.0,0.0,0.0,0.0,3.9631705,2.6113036,0.71841854,0.0,2.3227649,0.0,2.2768211,0.0,0.30318478,0.67003554,0.4645459,0.16553141,0.0,1.5998782,0.72303647,0.6727719,1.3825263,2.5849636,0.0,0.0,2.2092335,0.0,2.367143,2.5735407,0.35222358,1.8616965,0.6368317,0.50372666,0.52672076,1.8629197,0.82553357,1.282462,0.0,1.0477717,0.0,1.5981562,0.0,2.271417,1.6894836,2.013682,0.0,1.5297801,0.56961775,3.9365938,0.7644761,0.0,0.77949274,1.54177,1.3930438,0.0,0.0,0.26727134,0.0,0.0,2.4390874,2.3265345,1.2669392,0.23941384,0.373728,0.53663003,2.469545,2.096101,0.87856066,2.2852194,0.0,0.0,1.5705606,2.5528226,1.7191194,2.0408282,1.3923582,0
2.4863605,0.0,1.364924,0.8697816,0.5992212,3.113948,0.0,0.57895267,1.7868149,1.753066,3.3582609,0.0,0.0,1.4427936,0.08378737,0.0,0.0,0.56620497,0.0,0.0,1.8551035,0.16957578,0.0,1.5256234,2.9665627,0.46127898,0.8427401,0.0,2.7067294,0.0,2.036872,0.0,0.0,0.0,0.0,1.0214365,3.4876175,3.277032,0.0,2.0297482,0.0,0.25457832,0.7458802,0.4372047,0.8297884,0.95058733,0.62174207,0.45965752,0.0,0.0,0.6334927,0.72630155,1.3386412,0.6022406,0.0,0.0,0.9414076,2.6670535,2.5600867,0.5888595,0.0,2.558726,0.0,2.0334022,0.6172614,0.0,0.24862564,0.0,0.036436077,0.7543389,2.257643,0.844613,1.4440913,1.2455963,3.4402301,0.0,0.0,1.4004537,0.0,3.727224,2.0852237,0.0,1.0074325,0.93282336,1.7333363,0.8243692,2.3023236,1.1353176,0.27773222,0.0,1.9978019,0.0,1.8736507,0.0,1.8706225,1.5420787,1.1893806,0.0,1.4880725,0.0027271993,2.4795244,0.87265533,0.0,0.0,0.83444506,1.8684647,0.0,0.0,0.0,0.0,0.0,0.64301383,2.8772414,0.52204454,0.30619597,0.0,0.44856107,2.9895158,2.1604095,1.5014168,2.0757241,0.0,0.0,0.30763787,2.9918163,2.36595,1.4855965,0.5684987,0
2.2495954,0.0,0.33345786,2.8161054,1.6537061,1.0613974,0.4065282,0.0,0.0,2.6180437,2.8040905,0.0,0.0,0.0820776,0.0,0.0,0.0,0.0,0.511701,0.0,2.9631224,0.0,0.0,2.979725,0.0,0.70097446,1.4165027,0.911319,2.9868135,0.28871018,1.5635878,0.0,0.0,0.0,1.6032699,0.62469727,1.25296,3.691791,0.105441876,1.6131029,0.0,0.0,1.2936884,0.4219057,0.9129402,1.0028688,2.0026114,1.711474,0.5337883,0.0,0.16662665,0.0,1.4385209,0.17120783,0.0,0.0,0.45990065,2.8000479,2.0980346,0.4944259,0.0,3.3366566,0.0,3.4636672,0.0,0.6634525,0.33902392,0.6804822,0.0,0.41064152,3.191553,2.1311216,1.5593317,2.0222812,4.0676494,0.38247222,0.0,1.5125525,0.0,3.5875633,3.0900607,0.98914,1.9805142,1.6940032,1.5373695,0.0,1.2957408,0.0,0.24871363,0.0,2.3123214,0.0,0.50967,0.0,2.0256305,2.954779,1.1478057,0.0,0.78852785,0.93682694,3.483555,0.4388492,0.0,0.0,0.0,1.4093605,0.0,0.0,0.5761329,0.0,0.0,3.4150348,1.6129448,0.514549,0.0,0.0,0.0,3.5371146,2.1472714,0.6762784,1.4191788,0.0,0.6769775,0.8872992,2.1850624,1.6151687,1.4550266,0.682502,0
3.4371276,0.0,1.7214106,2.8513846,1.2262547,2.0399628,0.20794936,0.0,0.6862058,1.6457418,2.8945198,0.0,0.4236411,0.4910406,0.0,0.0,0.0,0.82228863,0.07867123,0.0,2.3947935,0.86688405,0.0,2.6943593,1.0644243,0.23411143,1.2087861,0.0,3.4260774,0.0,1.3725888,0.0,0.0,0.0,0.28857577,0.18699107,2.5228543,3.847324,0.0,1.9281873,0.0,0.0,0.0,0.0,2.3539262,1.1381614,1.6813387,0.9250122,0.0,0.0,1.0577931,0.7135054,0.7793309,0.0,0.0,0.0,0.0,3.2295392,2.0248003,0.0,0.0,1.8311942,0.0,5.5100102,0.0,0.0,0.0,0.3169195,0.43221253,1.4393188,2.94998,0.9531005,1.9372628,3.1922054,3.754597,0.0,0.0,1.2755347,0.0,4.8877835,2.3110456,0.0628974,1.3927374,2.5561767,0.40150028,0.60383964,0.70358276,1.0984836,0.34557578,0.0,0.0,0.0,1.2476543,0.5358222,1.9641702,1.8380035,1.1213895,0.0,2.3548632,0.0,2.3390489,1.0576537,0.0,0.6240372,0.39658457,1.6329598,0.0,0.0,0.0,0.0,0.0,2.36989,1.5282542,0.0,0.0,0.9049311,0.0,3.9157925,1.7216294,1.4550796,2.9991388,0.0,0.0,1.6155106,3.6656268,1.6148024,2.5666187,0.49832085,0
3.3958201,1.2362431,0.6399617,2.0074642,1.977329,0.55842835,0.52090895,0.0,0.0,2.4071014,1.0565875,0.0,0.0,0.75808585,0.39481074,0.0,0.0,0.0,0.0,0.0,2.297372,1.1963162,0.0,2.749456,0.63693345,0.0,0.06887164,0.0,2.340978,0.042649496,1.7604916,0.0,0.0,0.0,1.8982396,0.73660606,1.799206,2.9448872,0.0,0.6129126,0.0,1.1978256,0.85790473,0.35731798,1.3158565,1.6096448,0.06605976,0.21541004,0.0,0.0,2.2085307,0.45547262,0.086364314,0.0,0.0,0.0,0.0,1.9062402,2.2980003,0.0,0.0,1.4051653,0.0,2.3263514,0.0,0.5847968,1.4465517,0.0,0.0,0.042007066,2.7671235,0.56201893,1.6246067,1.6461731,2.4408627,1.1308004,0.5280605,2.0896697,0.0,2.7142234,2.5658238,0.9732563,2.9282622,1.4899337,1.5258973,0.4995732,0.837952,0.0,0.7024786,0.0,1.8270456,0.0,2.019868,1.0136236,1.9182827,0.75248504,2.1750154,0.0,2.331509,0.3090015,3.660103,2.2357836,0.0,1.2769831,0.0,2.778793,0.0,0.0,0.41534048,0.0,0.0,2.1143916,1.7129601,0.7266566,0.0,0.83815444,0.0,3.7660084,2.8785348,0.6065858,2.2689064,0.0,0.2033589,1.6083395,1.2550107,0.5279377,2.0863764,0.60101455,0
0.23056468,3.766003,3.123321,0.7079934,0.20344985,0.92516094,0.0,3.020997,1.6779225,0.0,0.0,0.0,0.0,1.1322492,1.7384666,0.0,0.0,0.14801258,2.5565355,0.0,0.0,2.307107,0.0,1.0922775,0.34161493,1.4808838,3.2783628,1.1962796,0.0,2.7200787,1.2595031,0.0,0.0,0.0,3.0911615,0.6874446,0.12287478,0.0,0.26088637,3.51039,0.0,0.0,2.4470618,2.2446764,0.0757363,1.4876517,2.3493552,0.8616897,1.5497792,2.5299795,2.4602766,2.26957,0.8757681,3.3777785,0.0,0.0,2.9790447,0.0,4.0680933,3.4209216,0.0,0.046656366,0.0,0.09896048,2.5934603,2.8337097,0.0,0.7201621,2.9211197,0.07552167,0.014348941,0.0,0.7452543,0.7160498,0.6282012,2.156696,0.9429315,0.0,0.0,1.1029103,0.0,3.1985679,1.4340584,0.8407012,0.8019169,0.0,0.1787958,0.0,0.55119926,0.0,2.153923,0.0,0.4830137,1.645673,0.0,2.7659037,0.6261772,0.0,0.0,2.0461266,0.16811731,3.214475,0.0,1.3959161,2.2996795,0.0,0.0,0.029592229,0.0,0.0,0.0,0.3908247,0.27205384,0.09666285,0.30654997,2.0594368,2.9305873,0.22575209,0.6638318,2.4039092,1.3111887,0.0,1.9433675,2.4086895,0.7770161,0.0,0.44410214,3.322157,1
2.9723175,0.0,1.197257,1.8780192,2.314763,1.9535849,0.07034616,0.0,1.3666708,2.1068633,2.811719,0.0,0.0,0.50143474,0.0,0.0,0.0,0.23723632,0.733635,0.0,2.7292213,0.20353447,0.0,2.5687428,0.5005629,0.51327133,0.8704187,0.0,3.6595495,0.0,1.6323547,0.0,0.0,0.0,1.5149882,1.0751673,2.0171099,2.0111787,0.0,2.1792715,0.0,0.0,0.0,0.0,3.0367858,0.9110513,0.32813618,1.1130805,0.0,0.48755768,1.1117575,0.18020782,2.1871407,0.0,0.0,0.0,0.0,3.5393496,1.8407387,0.93003476,0.0,3.2740216,0.0,2.8825948,0.0,0.6679546,0.42709786,0.0,0.8611676,0.33256897,3.054177,0.88508,0.4340711,2.2479095,3.1358643,0.0,0.0,1.4284781,0.0,3.1545348,1.7761455,0.16211425,1.3766891,0.019820929,0.93752486,1.211489,1.3770244,1.5718181,0.41465065,0.0,2.0612094,0.0,1.5324976,0.3120623,0.67195165,1.7666725,0.0,0.0,1.146471,0.0,2.2335443,0.6720147,0.0,0.6922887,1.2292355,1.6380566,0.0,0.0,0.47966778,0.0,0.0,1.5542674,1.5351235,0.65032744,0.037666254,0.6374949,0.86882037,2.6957302,2.2521808,0.93691814,1.7449437,0.0,0.0,0.62039584,2.628047,1.8247615,3.0304027,1.2040542,0
2.0740652,0.0,2.358506,1.4577473,0.0,2.288762,0.0,1.0231674,0.8512229,1.4902877,1.5976624,0.60904205,0.0,0.1185279,0.0,0.0,0.0,0.22595139,0.0,0.0,2.4358218,0.0,0.0,1.8926231,0.6950683,0.9320289,0.20467408,0.0,2.7571995,0.0,1.0463185,0.0,0.0,0.0,0.0,1.3881357,1.5929203,3.5037193,0.0,1.5350467,0.0,0.0,0.06140826,0.0,1.5298613,1.3213956,2.004108,1.7596768,0.11073623,0.22283608,1.268234,0.6176156,1.7702658,0.8162306,0.0,0.0,0.7723896,3.453543,2.2606647,0.0,0.0,1.7718487,0.0,2.1079276,0.0,0.0,0.6645822,0.0,1.0662442,0.0,2.6319978,0.99956256,1.5448492,0.98835003,4.022312,0.0,0.0,1.7153908,0.0,3.0381234,0.82296664,0.7732073,0.70125204,1.4437873,0.97919065,1.7771859,0.9827899,0.33133024,0.30468974,0.0,0.585431,0.0,1.1369091,0.6834964,2.268768,1.4455676,2.1927145,0.0,1.3965219,0.0,3.0467708,0.0,0.0,1.6205609,0.17045058,0.81287783,0.0,0.0,0.0,0.0,0.0,1.7571839,1.9697672,0.7871776,0.21157174,0.0,0.056910276,3.2690935,1.2567599,1.0253544,1.4713326,0.0,0.0,1.5551746,1.8228285,0.4140539,1.9297345,1.0494949,0
2.8889802,0.0,0.87042755,2.3213427,1.7978402,0.9451372,0.0,0.0,0.37548846,1.7264297,3.0050926,0.0,0.0,0.6777423,0.0,0.0,0.0,0.038952313,0.112191826,0.0,2.419331,0.0,0.0,4.063492,1.2227787,0.0,0.82727957,0.0,3.6976864,0.0,0.13493776,0.0,0.0,0.0,0.0,1.8199676,2.4220886,2.979683,0.0,1.566064,0.0,0.38013026,0.0,0.48039103,1.4934201,1.8641841,0.0,1.5741673,0.0,0.0,0.7758059,0.38924876,1.6971047,0.0,0.0,0.0,0.95854634,2.667886,1.6901875,0.0,0.0,3.9392161,0.0,3.8305795,0.0,0.0,0.0,0.0,0.26083317,0.34020033,2.8896816,1.2067306,0.5226519,2.1366591,4.2979894,0.0,0.0,1.5412754,0.0,3.298238,1.2669251,0.19611694,1.4567845,1.2404215,0.10070127,0.25276414,0.9027784,0.48867399,0.6631197,0.0,0.0,0.0,1.7860897,0.0,2.7843673,0.61588424,0.0,0.0,2.6598253,0.13972525,2.929654,1.2013843,0.0,0.44967455,0.7053829,1.3335491,0.0,0.0,0.072550885,0.0,0.0,1.8236903,1.7880427,1.6491809,0.0,1.313848,0.0,3.3658717,1.384576,1.9494542,1.3964753,0.0,0.0,0.5645402,1.9700722,0.7892162,1.9022198,0.5649913,0
2.8642216,0.0,0.5867115,1.2756196,1.2127122,1.4382012,0.0,0.0,0.6413067,1.7218009,2.0843575,0.0,0.0,0.20261952,0.0,0.99154705,0.0,0.0,0.0,0.0,1.3158375,0.8134494,0.0,2.2566633,0.18852797,0.24668065,0.0,0.15631999,3.1135192,0.0,0.51935714,0.0,0.0,0.0,0.38330448,1.1629558,1.8352,2.442407,0.0,2.2395854,0.0,0.0,0.21426648,0.0,2.230696,2.012302,0.46470243,0.9917707,0.0,0.0,1.8087149,0.10947342,2.4120736,0.0,0.0,0.0,0.6451426,3.5011384,3.1101096,1.154997,0.0,3.2723236,0.0,2.2234454,0.0,0.40473118,1.1860713,0.0,0.33839017,0.0,2.7406263,0.5504609,1.0899293,1.1055256,3.4180553,0.0,0.0,1.9706498,0.0,3.3142397,2.5493724,0.4924219,1.2440205,0.13280752,2.1402957,0.6094816,1.1602167,1.2712831,0.35867664,0.0,0.0,0.0,1.3856418,0.411149,1.634139,2.010523,0.65041965,0.0,1.5535662,0.0,3.1264644,0.7480479,0.0,1.8115935,1.5735407,1.2371781,0.0,0.0,0.090316825,0.0,0.0,0.5830425,2.6336734,1.4691813,0.0,0.0,0.1592161,2.419363,2.9249148,1.3776468,2.267607,0.0,0.0,1.8402098,2.828264,0.5742025,1.8866633,0.3245159,0
2.1330128,0.0,2.167899,1.8479836,0.0,1.8284576,0.27918085,0.6472343,1.7313448,1.0513879,2.2526102,0.24407917,0.0,1.6854692,0.0,0.14884785,0.0,0.0,0.35564756,0.0,3.4042156,0.29394835,0.0,1.2094322,0.32931235,0.3824168,0.3221816,0.6680911,2.5656357,0.0,1.9351354,0.0,0.0,0.0,0.0,1.3161093,3.2684512,3.0407774,0.0,2.4707596,0.0,0.0,0.2770742,0.0,1.2999184,0.78347754,0.7976939,1.4396744,0.0,0.13130593,1.0910361,1.3326414,1.2951324,0.26298156,0.0,0.0,0.7000591,2.763228,2.4191608,0.3726501,0.0,1.5620592,0.0,2.3219945,0.0,0.0,0.9692971,0.0,0.43466657,0.0,3.147164,0.67709816,2.107374,1.9827048,2.7307792,0.0,0.0,1.0627733,0.0,3.3309758,1.9713926,0.99616635,0.97092015,1.7086666,1.187584,0.8371531,2.0087235,0.028245512,1.5990375,0.0,1.3369157,0.0,0.0,0.0,1.9339129,1.9044508,1.7365234,0.0,1.949945,0.0,3.5548255,0.2623919,0.0,1.2632066,1.0492005,1.0702829,0.0,0.0,0.0,0.0,0.0,1.9341412,1.9418103,0.04671046,0.0,0.88874394,0.06500837,2.2649498,1.1694026,1.2459425,1.891492,0.0,0.0,0.82618874,2.1768367,1.5100478,2.3924363,0.0,0
0.5026325,2.3936787,0.9555756,2.2457209,2.3323157,1.8286134,0.0012200939,1.9389937,0.0,1.316022,1.0156404,0.0,0.0,0.5621835,1.1029191,0.0,0.0,0.15337393,0.97387004,0.0,0.9171264,0.92400163,0.0,0.32687053,0.0,0.0,1.7645875,1.4105693,0.6309313,2.8125048,2.493706,0.6051606,0.68737036,0.0,3.1095576,0.0,0.0,1.5392386,0.6839062,0.5698926,0.0,0.0,0.9739374,1.3097309,0.0,1.2055411,4.2367463,1.448078,0.0,0.0,1.5320233,0.16914299,2.01933,1.0559978,0.0,0.0,1.8369272,1.2527217,3.1567612,0.75341475,0.0,0.74861485,0.0,1.867774,1.4020848,2.8163233,0.36640224,0.0,1.100947,1.1591806,1.9059083,1.3155913,0.40675053,0.7875949,1.2702544,0.6802799,0.91121423,1.2457045,0.0,1.4772016,0.8055461,1.8320417,3.157182,0.0,0.100198746,0.32779172,0.9016521,0.6227844,0.87277293,0.0,0.44768795,0.0,0.666192,0.11806437,0.0,2.6943192,3.1968985,0.0,2.8498435,3.107471,1.3829021,2.6553798,0.0,1.7316602,0.73157525,1.1410415,0.0,0.0,1.0685859,0.0,0.0,0.917465,1.1104298,0.25228652,1.0322094,1.2354962,0.40377688,2.378096,1.252302,2.413429,2.6279604,0.0,1.7129707,1.6296415,0.4251066,0.43055484,1.0803374,2.053193,1
0.16928259,0.79653555,3.733166,0.7319405,0.0,3.0435545,0.0,2.0170832,2.0218258,0.0063817515,1.511745,0.35162437,0.0,1.3414907,0.006001073,0.0,0.0,0.26152727,1.9982257,0.0,0.53127134,0.4531829,0.0,0.74818754,0.3635998,2.531865,1.3329846,1.8741163,0.2958406,0.16720559,2.9335885,0.0,0.0,0.0,0.0,1.9919776,0.6250874,0.498444,0.0,2.354067,0.0,0.0,2.5425887,1.1751959,0.0,1.0701457,2.1915092,1.4006615,1.8518742,1.3463314,2.4239428,3.6862466,2.2995079,2.2047408,0.0,0.0,1.7578791,1.2612063,4.1731906,1.1103914,0.0,1.2151663,0.0,0.46105248,0.92993945,0.9576701,0.0,0.0,2.2999213,0.0,1.0744255,0.0,1.5704992,1.3860294,0.96567565,0.46677327,0.30695724,0.0,0.0,2.2398016,0.7209375,2.2105353,0.6574194,0.64744085,1.4179547,1.7521164,1.1796021,0.4793548,1.068881,0.0,2.3692944,0.0,0.17847139,0.7520394,0.5492192,3.0350814,2.3899088,0.0,0.022186097,1.0382569,0.6386891,1.0189383,0.0,2.9337049,1.90876,0.0,0.0,0.0,0.0,0.0,0.0,0.0,0.3585376,0.0,2.0593283,0.6527323,1.9734895,0.63953274,0.6119916,1.5701674,3.065839,0.0,0.9913776,3.1225054,0.7217383,0.4118174,1.1333661,1.6508057,1
0.41230807,1.4491519,0.70076215,0.0,0.44625333,1.4984311,0.0,2.5847483,0.0,0.0,1.4933909,0.0,0.0,1.8669618,0.6110425,0.0,0.0,0.6104895,0.8961465,0.0,0.0,1.3691686,0.0,1.5425111,0.0,0.21773037,1.0423299,2.046039,0.450809,2.9375827,0.84926564,0.0,0.0,0.0,0.80099547,0.45386,0.0,0.77305865,1.3406558,2.6134515,0.0,0.0,3.0083437,0.7239882,0.0,2.5729704,1.9492066,2.02425,0.89139104,1.0496686,1.2077789,2.1623888,1.763665,3.4829218,0.0,0.0,2.0225825,0.40046826,2.33927,1.9135298,0.0,0.0,0.0,0.0,2.3368974,3.4239616,0.0,0.0,0.5297434,0.0,0.0,0.77036154,0.0,0.7759991,0.34471568,2.510402,0.8931426,0.522749,0.0,0.8430579,1.4178333,3.1018062,0.0,0.0,2.1953924,0.9075095,1.3909724,0.0,0.23754661,0.0,1.3472922,0.0,0.5685245,1.3128897,1.0229068,2.1265833,0.88279045,0.0,0.0,1.5479465,0.32908583,2.710795,0.0,1.1581528,2.0460749,0.1850708,0.0,1.0037248,0.0,0.0,0.0,0.14761592,1.6163671,0.8122708,0.4232697,0.33459267,1.5290623,0.94863313,1.5619435,1.7878251,0.8672121,0.0,2.9251254,2.4918966,1.7692262,0.02473791,0.5932834,1.2892921,1
0.6036227,0.0,4.1141047,0.94513434,0.0,2.4667833,0.0,0.8357748,1.4808269,0.6810489,1.4172795,0.0,0.0,1.292885,0.0,0.0,0.0,0.31192702,0.34015173,0.0,0.7803344,1.0436168,0.0,0.40791434,1.48198,0.59508157,0.6147891,1.668688,0.9048509,0.0,2.4791758,0.0,0.0,0.0,0.0,2.2308743,0.611864,1.8162454,0.0,2.33872,0.0,0.0,0.7815982,0.12078142,0.42491156,1.3621025,3.173779,1.4732444,0.95311946,0.27328348,1.3734305,2.151464,0.0,0.40205166,0.0,0.0,1.929413,0.8810843,2.8872461,0.112413585,0.0,0.90405786,0.0,1.0084745,0.07195433,0.0,0.0,0.0,1.4294006,0.056451894,1.6336774,0.23263781,1.8202108,0.6805026,2.6200619,0.31536627,0.0,0.045536347,0.0,3.4203053,0.38122654,1.3877714,0.16973308,2.0053403,1.2178541,0.57132137,0.8053694,0.07011605,0.89780587,0.0,2.2459078,0.0,0.47111833,1.0848602,1.206188,2.2642336,1.9921639,0.0,0.23948517,0.15650682,2.3632863,0.50107944,0.0,0.61337453,1.1726155,0.37794095,0.0,0.0,0.0,0.0,0.0,0.81512547,0.33232152,0.0,1.6552109,2.0097182,1.4368765,2.0248737,0.40123183,1.3270301,2.3847067,0.0,0.46384963,1.4178643,0.9398301,0.0,1.6780062,0.68309116,1
1.6891301,0.81056935,0.0,2.4430363,1.1393675,1.6761115,1.9833479,0.0,0.0,3.735771,2.3543344,0.1922361,0.0,0.0,0.19464724,0.0,0.0,0.0,0.60079503,0.0,2.9241436,0.8056537,0.0,2.2617888,0.0,0.0,2.4859123,0.0,2.9830432,0.6250534,0.0,0.0,0.0,0.0,1.4325266,0.0,1.0006084,4.112194,0.0,1.9052771,0.0,0.0,0.69211596,0.24033305,0.7574782,1.9898046,1.5327631,1.3638865,0.0,0.0,1.228976,0.0,2.8144524,0.0,0.0,0.0,0.0,2.3783028,2.1905143,0.22475937,0.0,1.5418103,0.0,3.3749993,0.5357408,1.1015282,0.0,0.7512007,0.30011553,0.02911747,3.0284836,1.4917402,0.0,1.1844306,3.32999,0.4831609,0.7429545,1.7547766,0.0,2.5063713,0.7876523,0.065065995,1.7417228,0.0,0.25294822,0.5895473,1.7339749,0.0,0.44647536,0.0,0.0,0.0,0.1393835,0.047185265,1.9108231,0.37865108,0.06625662,0.0,0.11706247,0.0,2.8360817,3.1301808,0.0,1.2549167,1.6428336,1.8827835,0.0,0.0,0.36153412,0.0,0.0,2.503648,1.3833008,0.6774916,0.0,0.73758316,0.0,4.309493,2.4445255,1.2493869,1.8740071,0.0,1.529361,1.3152566,2.47545,1.4731565,2.7815397,1.2933937,0
2.7541978,0.0,2.2905288,1.4150743,0.27186733,2.4254067,0.0,0.23614705,0.07618974,1.4280623,2.7590656,0.25528806,0.0,0.49927977,0.0,0.0,0.0,0.1515877,0.35368067,0.0,3.2260046,0.14519335,0.0,2.5108862,0.8275224,0.3338005,0.5010199,0.0,3.1735053,0.09912702,1.7350079,0.0,0.0,0.0,0.0,1.5909631,2.0563023,3.1312916,0.0,2.2170405,0.0,0.0,0.0,0.0,1.6877466,1.3121023,1.1666242,1.968472,0.0,0.5087758,0.62268555,0.9910959,2.4565113,0.5116083,0.0,0.0,0.9798847,3.4985855,1.3345555,0.0,0.0,1.841418,0.0,2.1219838,0.0,0.0,0.34021834,0.0,0.094490655,0.0,1.981173,1.7356969,1.2689372,1.1143684,3.9406545,0.0,0.5769201,2.0311465,0.0,4.082643,2.6370382,1.1286539,0.10627773,2.2669713,0.40419155,1.0310186,1.6239159,0.567133,0.0,0.0797641,1.1394837,0.0,0.26475412,0.049273156,2.3598025,1.8244289,1.7172433,0.0,0.735394,0.0,3.319289,0.0,0.0,0.0523927,0.82451934,0.6677893,0.0,0.0,0.0,0.0,0.0,1.543645,2.4086769,0.8619247,0.34269816,0.48562774,0.0,3.616147,1.9319288,1.0290096,1.5036999,0.0,0.0,0.9953127,3.4046917,2.2762928,2.124676,1.0011648,0
3.185897,0.32387355,0.6384946,2.0911968,1.0773807,1.3937979,0.0,0.020706298,0.0,2.191027,2.316596,1.614187,0.0,0.1054965,0.7648849,0.0,0.0,0.76779795,0.6311427,0.0,3.1104338,0.34587017,0.0,2.2106075,0.75543725,0.0,1.1754837,0.0,5.3013244,0.70401776,1.0803176,0.0,0.0,0.0,0.0,0.9847648,2.547093,2.447921,0.0,1.8283587,0.0,0.0,0.0,0.2060377,1.5003387,0.89588124,0.7983507,3.0515907,0.0,0.18216687,0.0,0.9762292,2.612504,0.0,0.0,0.0,1.1658453,3.3027194,1.3964454,0.0,0.0,2.1810029,0.0,3.522811,0.0,0.63311636,0.1334422,0.8262728,0.5317779,0.0,1.9956605,1.7791883,0.0,2.2322977,4.492281,0.48104462,0.23684621,2.463223,0.0,3.6084726,2.5240998,0.2012205,0.032163497,0.71571946,0.08041078,0.90625536,1.7818172,0.3723504,0.0,0.0,0.36792454,0.0,1.5065925,0.0,2.0712676,1.4748484,0.011944869,0.0,0.7127806,0.0,2.5801136,0.9164316,0.068225786,0.93481517,0.84982073,0.55102515,0.0,0.0,0.2985922,0.0,0.0,1.9078412,2.3463166,1.0401542,0.1166014,0.7362882,0.0,3.688793,2.458741,0.9824936,0.5522775,0.0,0.0,1.4430107,2.4932394,2.088756,2.172178,0.86769944,0
2.7302463,1.2131883,2.7958772,1.734878,0.46912476,2.4896257,0.0,1.0127666,1.0306921,0.52950567,1.833462,0.0,0.0,1.6897919,0.0,0.0,0.0,0.0,0.47469547,0.0,0.3679824,0.0,0.0,1.0858275,0.4301267,1.7437798,1.736703,1.79745,2.1431687,0.14176406,1.9807396,0.0,0.0,0.0,1.1336687,0.29309157,1.2932365,1.0933934,0.0,3.1042476,0.0,0.0,1.2831001,0.4922924,0.7437019,1.9480407,1.8229927,0.0,0.0,1.6271768,2.46303,2.5053933,1.0116827,0.66499925,0.0,0.0,1.0604329,1.1214057,3.4291804,3.2636688,0.0,1.3968891,0.0,2.668916,0.0,1.3097384,0.0,1.2089419,0.28464574,0.39859638,0.97369874,0.0,1.3977104,1.9254283,0.6765211,0.2896486,0.0,0.53250957,0.0,2.545414,0.52091384,1.1865251,1.0520561,2.5497315,1.49667,0.86289215,1.0048301,0.60246235,2.0387602,0.0,3.7107923,0.0,0.0,1.0154682,0.0,1.4753222,0.7453486,0.0,0.48523375,0.63719493,1.4296255,0.9151836,0.0,1.0893502,2.1100707,0.5378043,0.0,0.0,0.29003632,0.0,0.0,0.4629102,0.58997554,0.0,1.3700912,0.32760084,2.5751567,0.0,0.92067826,1.6109387,1.518024,0.0,0.2232361,0.94837433,2.3457363,1.2031194,0.75547993,1.1884038,1
1.5861355,0.0,2.0099456,2.7039511,1.9511205,1.9508419,0.36824605,0.80327916,0.7937707,1.3105569,2.2269018,0.8531617,0.0,0.16733047,0.0,1.2685872,0.0,0.0372146,1.1353134,0.0,2.3049371,0.89255846,0.0,2.5795717,0.08046988,1.7701197,0.5156574,0.36431822,3.4289098,0.0,2.3415585,0.0,0.0,0.0,0.9370713,1.8041973,1.9979513,2.6127808,0.0,1.3315927,0.0,0.37436822,0.5333413,0.6198508,1.9287753,1.0024016,2.1473517,0.7002669,0.0,0.28259107,1.3751843,0.0,2.090037,0.027613927,0.0,0.0,0.69978,4.3258643,3.2045114,0.0,0.0,2.457028,0.0,3.1746876,0.83972067,0.4056292,0.14955519,0.0,0.6372377,0.10791276,2.0819805,0.9560828,0.32742175,2.725793,3.4521642,0.44138604,0.0,2.0329714,0.0,3.0681918,2.4349775,1.159242,1.0211205,0.6931563,0.8407898,0.7482439,0.40195584,2.4786396,0.0,0.0,0.28152016,0.0,1.3758591,0.43964288,1.359622,2.3792236,0.05386091,0.0,2.6366668,0.0,2.0727255,1.1538491,0.0,1.1103106,0.57928854,0.0,0.0,0.0,0.081144445,0.0,0.0,2.055716,2.3565822,1.4802029,0.36453864,0.11447372,0.0,3.685774,2.2863188,0.8364645,1.6442109,0.0,0.0,1.2089376,2.2532597,1.9185164,2.3135803,1.20927,0
1.1865704,0.0,3.782851,1.5149846,1.2486434,2.3915102,0.2519823,0.25156036,1.124974,1.6308306,2.136053,0.0,0.0,0.7679386,0.0,0.0,0.0,0.02142384,1.1487612,0.0,1.1122826,0.0,0.0,1.5158783,0.2751396,1.7314539,0.92211723,1.9673358,1.8258091,0.36361277,1.7855606,0.0,0.0,0.0,1.1639695,0.64062166,1.3505012,3.5205483,0.0,2.2142954,0.0,0.0,1.203677,0.09911583,1.1384931,1.4627316,2.8480573,0.86282384,2.033404,0.0,2.369237,2.113997,1.2252194,1.4615778,0.0,0.0,1.5703741,3.0316775,3.4796944,0.0,0.0,1.5475328,0.0,1.4228016,0.38704407,0.65836203,1.493171,0.0,1.1626828,0.0,2.9325278,0.0153937815,1.8551551,1.1016443,2.3845618,0.26467988,0.8017934,0.99117434,0.0,2.9109612,2.717634,2.0378704,1.3827281,0.7145241,1.2018098,0.8180202,0.88039494,0.0,0.96639216,0.0,2.2489555,0.0,0.0,0.28290257,1.9429767,2.5702627,2.594656,0.0,1.0802629,0.99280864,2.773534,1.0065135,0.0,0.6038397,1.311638,0.3578126,0.0,0.0,0.1934517,0.0,0.0,1.4971639,1.6936531,0.0,0.48693988,0.60094225,0.52968156,1.9945996,1.1855412,1.000913,2.2222745,0.0,1.6456686,2.7669554,1.550544,0.845071,1.4743495,1.9937025,1
0.90226716,2.977599,0.036332622,2.4598472,1.3368084,0.0,0.0,0.31581214,0.0,2.7141268,1.4254951,0.86399084,0.0,0.14297783,0.0,0.0,0.0,0.0,1.9340558,0.0,1.8830267,0.6447763,0.0,2.3278756,0.14887646,0.0,2.867068,0.0,1.9757406,1.9950163,1.6582605,0.0,0.0,0.0,2.6022615,0.0,0.5012535,2.5593126,0.47437567,1.7433784,0.0,0.0,0.52031815,0.49156532,0.8997547,0.9158545,1.0373302,1.4680035,0.10340261,1.0024515,1.2505628,0.27981135,1.633281,1.228391,0.0,0.0,1.4374112,2.4839876,2.6358495,1.6245108,0.0,2.0217543,0.0,3.4279962,1.1139588,1.9656293,0.0,1.3194999,0.27635747,1.1693867,2.5523338,1.0126568,0.014544703,1.5096432,0.74543816,1.7327901,0.6585274,1.2613314,0.0,1.8395667,0.167927,1.3194568,2.1860366,0.0,0.95294935,0.0,1.4066882,0.0,1.2111009,0.0,0.07523596,0.0,1.6632595,0.2622274,0.77789754,0.7392655,0.67527544,0.0,0.7791064,0.26629132,1.2406709,2.1187968,0.0,1.3535125,1.1205887,0.20889752,0.0,1.3975499,1.104378,0.0,0.0,1.480141,1.76664,0.0,0.0,1.2098976,0.0,2.4750452,0.47480652,2.9822862,1.2979835,0.0,1.4553809,2.4011462,1.9477892,0.53585666,1.9513695,2.0106726,1
1.8653046,0.6597852,0.16986217,1.8951933,0.30237505,0.3519832,0.8835057,0.9929662,1.0363216,2.9718564,1.6482621,0.0,0.0,0.8355163,0.0,0.0,0.0,0.0,0.598878,0.0,2.9515755,0.30943924,0.0,1.7070788,1.3003492,0.0,1.3200761,0.0,2.6518674,0.0,0.53574884,0.016497444,0.0,0.0,1.5778855,0.4371698,2.7962313,3.4447339,0.036952503,0.47630712,0.0,0.0,0.1868082,0.0,0.9368196,0.9596899,1.6083541,1.4133769,0.0,0.0,1.7921319,0.06573088,2.2944975,0.25010446,0.0,0.0,0.0,3.5806205,2.393017,0.0,0.0,1.4086478,0.0,3.6986256,0.0,0.8796103,0.6593074,0.0,1.5186977,0.0,3.07816,1.6783578,0.30719873,1.7638988,2.639611,1.0772207,0.0,1.785467,0.0,1.7033895,2.0363512,1.7620416,2.0692568,0.7027201,2.042315,0.38043296,1.167121,1.0090498,0.5235992,0.0,0.58007497,0.0,0.78101426,0.39661095,2.1785622,1.5763503,1.430134,0.0,0.7638481,0.22002314,3.9195454,1.4005246,0.0,2.335948,0.0,0.84125,0.0,0.0,0.60242724,0.0,0.0,2.7548668,2.8753006,0.6321413,0.0,0.0,0.0,3.9370108,0.8829128,0.35142967,0.0,0.0,0.6581316,1.2198162,2.162927,1.237558,3.744519,1.1951017,0
1.9837713,0.0,2.4623344,1.4892216,0.0,2.7824247,0.0,1.1990854,1.2787187,1.487116,2.65618,0.83182806,0.0,0.5366145,0.0,0.11150466,0.0,0.0,0.5847126,0.0,2.5258117,0.0,0.0,1.3617996,0.5733156,0.4437759,0.65726614,0.4414498,2.1344624,0.0,2.8315985,0.0,0.0,0.0,0.0,1.1749048,2.931418,3.640096,0.0,1.6034882,0.0,0.0,0.08980999,0.0,1.1396915,0.90393937,1.3996991,2.2515874,0.0,0.3342554,0.7912198,1.4575412,1.7871633,0.43326306,0.0,0.0,1.392136,2.5993378,2.46975,0.0,0.0,2.1951785,0.0,2.8180058,0.0,0.0,0.68588096,0.87267303,0.27061263,0.0,2.3230097,1.2601545,1.9143417,1.724697,3.4237895,0.0,0.0,2.0085156,0.0,3.4893372,1.8457396,1.1392598,1.1091733,1.7066821,0.55769604,1.6891271,1.160798,1.422353,0.58551776,0.0,0.76555634,0.0,1.421849,0.23960194,1.8939252,2.0158107,1.5220158,0.0,1.8818718,0.047409464,2.3432906,0.4638586,0.0,1.2957559,1.0202878,0.8642425,0.0,0.0,0.42741016,0.0,0.0,2.2531302,1.5682608,0.8978686,0.71126705,0.35166183,0.0,3.318438,1.8352621,1.6962965,2.9390237,0.0,0.0,1.732028,3.2703238,1.405219,1.791819,1.0322294,0
2.1107159,1.6017213,1.5645305,0.21454275,1.4250948,2.8865318,0.0,0.72423637,0.2777645,1.6636429,1.3387396,0.2707758,0.0,0.37965456,0.85726076,0.0,0.0,0.03744685,0.26573104,0.0,1.1872869,1.031501,0.0,2.0674758,0.59924203,1.082359,1.8290956,0.0,3.0838232,0.0,2.121422,0.0,0.0,0.086007014,0.6016431,1.7469956,3.1842856,1.7278997,0.0,1.256922,0.0,0.0,0.1784629,0.47602528,1.7086797,2.0158317,0.0,1.9062631,0.0,0.67787087,0.43365416,1.217458,2.4754622,0.4052782,0.0,0.0,1.7888726,3.0054314,2.398283,2.3174715,0.0,1.7217613,0.0,2.7427998,0.86731523,1.1393163,0.2897499,0.0,0.56206673,0.0,1.0122886,1.7238654,1.4299004,1.5133401,3.1846342,0.76492554,0.0,2.166064,0.0,2.6582541,3.1353858,0.65885437,1.8527148,1.3247942,1.1198401,0.0,0.80229664,1.5388391,0.058967154,0.0,0.69342935,0.0,1.8474567,0.5194443,0.787229,1.1023134,1.0069425,0.0,2.64596,1.1236354,2.4914608,0.9976109,0.0,1.2478402,1.2893641,0.2288646,0.0,0.0,0.0,0.0,0.0,1.3331445,1.1013372,1.2740386,0.59836334,0.1893705,0.08669585,3.1527023,2.4558017,1.3158884,2.2602828,0.0,0.0,1.9666781,3.1381536,1.9626373,0.97238785,0.96679074,0
3.1391172,0.054950986,0.0,3.2587779,1.7793224,1.069589,0.0,0.0,0.38235033,2.0598855,2.8890228,0.19450314,0.0,1.4747175,0.0,0.18338402,0.0,0.52022123,0.0,0.0,2.2701602,0.4025027,0.0,2.7532024,1.2730609,0.0,0.44584265,0.0,3.6086137,0.0,0.6646657,0.0,0.0,0.0,0.21939744,1.5624493,2.2540236,3.0627983,0.0,1.3443867,0.0,0.55331624,0.0,0.0,1.742034,1.429267,0.0,1.4235958,0.0,0.0,0.90322614,0.0,1.1761241,0.0,0.0,0.0,0.059212893,2.724165,1.2758127,0.0,0.0,3.201401,0.0,3.9042268,0.0,0.0,0.97618747,0.0,0.69498533,0.08279488,3.3074431,0.86980075,0.59266365,2.1544342,3.6420405,0.0,0.0,1.8196237,0.0,3.4588711,2.0157495,0.4672727,1.9362925,1.826185,1.6124593,0.47353253,1.4427335,0.23058814,0.122499265,0.0,0.0,0.0,2.0050585,0.4718648,3.068555,1.6936053,0.0,0.0,1.7353578,0.0,2.92474,1.3293756,0.0,0.7284655,1.4691564,1.6959975,0.0,0.0,0.0,0.0,0.0,2.5446975,2.2603712,0.8867505,0.0,0.5223881,0.0,4.3172755,2.6413722,0.13649388,1.0451212,0.0,0.0,1.9970955,3.1881433,0.74997157,2.5442448,0.47016606,0
2.2252061,0.71206546,0.418588,3.1666508,1.8627112,0.44959566,0.0,0.0,0.1389101,2.4048135,2.3835185,0.0,0.0,0.86877096,0.0,0.0,0.0,0.0,1.1336974,0.0,1.4101985,0.10630979,0.0,3.0665078,0.21932718,0.0,0.0,0.0,3.1064818,0.008913178,0.0,0.0,0.0,0.0,0.778364,0.918497,1.164098,4.1966643,0.0,0.97020376,0.0,0.7272931,0.0,0.0,2.918326,1.31355,0.2441015,0.8353236,0.0,0.0,2.225878,0.0,1.152539,0.0,0.0,0.0,0.0,3.4494202,1.1771103,0.0,0.0,2.1354082,0.0,3.3239014,0.0,0.0,1.0255738,0.0,0.18135275,0.0,3.3845637,0.45090657,0.9597968,1.5484415,2.7752764,0.06638582,0.0,0.9256799,0.0,2.2217672,2.0671954,0.10991806,1.93514,0.7164118,0.12716806,0.31027457,1.544138,0.0,0.35992402,0.0,0.055450853,0.0,2.4340663,0.53212136,2.9085562,0.33715224,0.5404909,0.0,1.776904,0.03203659,3.2177587,1.9677705,0.0,1.3317115,0.36055502,2.2086875,0.0,0.0,0.14446759,0.0,0.0,1.6936146,1.9252355,1.2025976,0.0,0.066580616,0.0,4.4604855,1.679498,0.3606623,1.0952333,0.0,0.08516686,1.4866606,2.3712602,1.3653376,0.9719938,0.509955,0
1.5790497,1.2074738,0.0,2.3519878,3.08564,0.25377554,0.5478443,0.0,0.054616615,2.512387,2.0893283,1.3960811,0.0,0.0,0.12624018,0.0,0.0,0.0,1.0787687,0.0,1.3965865,0.24982522,0.0,2.60255,0.0,0.37182087,0.81148154,0.9978561,2.6501336,1.2595803,0.0,0.0,0.0,0.0,0.5197563,0.14353958,0.47515118,3.6700683,0.0,1.4054703,0.0,0.0,0.0,0.0028383713,1.7593706,1.740465,0.08792167,1.1476731,0.0,0.0,0.59443295,0.08844224,0.6649233,0.8571503,0.0,0.0,0.1918741,2.8027542,2.5346599,0.99915314,0.0,1.9370068,0.0,2.820298,0.44859645,0.5670452,0.68848556,0.5527134,0.5480545,0.0,1.6975734,1.1223841,0.0,1.5641751,2.6047382,0.9621958,0.71051747,2.5791416,0.0,1.667152,3.2204452,1.08582,1.5897244,0.0,0.5960217,0.44383883,2.2002463,0.0,0.25910226,0.0,0.9161349,0.0,1.5895143,0.05512377,2.7204535,0.722407,0.11501146,0.0,0.52661604,1.1318375,2.9489825,2.1267433,0.0,1.2074335,1.2799472,1.2653456,0.0,0.0,0.34241152,0.0,0.0,1.6302892,2.2661755,1.6416945,0.0,1.1206877,0.0,3.2842324,1.2876763,1.1668158,1.4226276,0.0,1.3035403,2.7792823,1.9086584,2.012063,1.1744938,0.0,0
1.682882,2.9112132,3.7030773,1.0017416,0.31852627,2.9923556,0.0,0.461401,0.94561267,2.134064,0.09833308,0.0,0.0,2.042125,1.3195155,0.0,0.0,0.0,0.24858314,0.0,0.0,1.8154372,0.0,1.0511034,0.0,2.0670953,2.4236774,2.3928647,0.0,2.5634232,2.5494628,0.0,0.0,0.0,3.2751374,1.3882722,0.0,0.58841324,0.0,3.7050636,0.0,0.0,2.2309327,0.77565885,0.0,2.711941,3.5247052,1.4722093,0.0,1.6150173,3.1313586,1.6405957,2.2571375,2.852925,0.0,0.0,1.8806013,0.3063225,3.1414256,4.6057954,0.0,0.0,0.0,1.7253019,1.424695,2.2214768,0.0,0.0,1.8352864,0.0,1.0621083,0.0,1.6414084,0.42400527,0.34307367,2.2644567,0.0,0.0,0.0,2.068724,0.15085211,1.3566269,2.5115316,0.0,1.0264866,0.11414548,0.07632499,0.0,1.668336,0.0,1.8943812,0.0,0.26152283,2.0353696,0.0,2.216892,1.4117715,0.0,0.0,0.7659529,0.53588516,2.1780424,0.0,1.1402079,2.2466917,0.2773182,0.0,0.0,0.0,0.0,0.0,1.5662569,0.19985352,0.0,0.0,2.3160388,2.1475797,0.8792162,0.9902459,2.7289813,2.3423848,0.0,1.4700145,1.6764635,0.6309586,1.1018263,1.3953669,1.8070606,1
1.1014333,2.79816,2.5167236,1.693303,0.7987443,2.544626,0.0,0.0,1.7836916,2.4573948,0.5831679,0.0,0.0,0.19955568,0.0,0.0,0.0,0.363435,0.7764763,0.0,1.9488095,2.1543374,0.0,0.19923782,0.67157173,0.4716208,0.7180306,1.4930975,1.474891,0.0,2.8682811,0.0,0.0,0.0,1.832202,2.2760937,0.80463654,2.8879523,0.0,3.0012617,0.0,0.0,1.3151087,1.7306807,1.0857024,1.6796983,2.7185583,0.54262745,0.06275784,0.38608894,1.9373719,1.5747081,1.6264421,0.3513961,0.0,0.0,1.7365521,1.4310263,4.11006,2.538553,0.0,1.1029496,0.0,1.6189122,1.3112638,1.2712663,0.0,0.0,1.5564526,0.51616925,0.5899052,0.0,1.4438616,0.73714834,2.2160766,1.2593154,0.1899322,0.31606656,0.0,2.2566469,1.0435417,2.3886342,1.581928,0.20637822,0.41713822,0.0,0.0,1.1991448,1.2527024,0.0,2.854351,0.0,1.7265129,1.4865115,1.5877852,2.0561953,1.4112524,0.0,0.37527546,0.8562073,2.703532,2.8490753,0.0,0.3135872,0.9144648,1.5023301,0.0,0.0,0.0,0.0,0.0,0.19769801,1.4858155,0.06345476,0.85924685,0.7078238,2.22173,3.2237272,1.8187609,2.546234,3.5638306,0.0,1.3112024,2.4488447,1.1953616,0.8603768,2.6947114,1.8130082,1
2.205343,0.0,0.0,4.021653,0.44011623,0.60138273,1.4864914,0.7950074,1.1714983,2.6235497,1.8963076,0.0,0.0,0.0,0.0,0.0,0.0,0.45710158,1.5613567,0.0,2.8788922,0.0793044,0.0,2.964672,0.0,0.17323214,1.4410889,0.25276944,2.558619,0.008671422,0.70964,0.0,0.0,0.0,0.0,0.0,0.0,3.8462636,0.0,2.5168009,0.0,0.0,1.2426604,0.0,0.316966,0.5200089,1.7250679,1.0904448,0.5270131,0.0,0.0,0.0,0.47358504,0.0,0.0,0.0,0.14366685,2.9479067,1.5665461,0.0,0.0,3.027008,0.0,3.061072,0.0,0.095821165,0.0,1.4812936,0.06719691,0.83784086,3.429695,1.1972301,0.117421724,1.7475708,3.3884273,0.0,0.0,0.6023471,0.0,2.1699598,0.33650857,0.052264992,0.7150513,0.0,0.0,0.6261581,1.1048194,0.0,1.372706,0.0,1.2295469,0.0,0.4644665,0.0,1.5376478,0.32920793,1.5099237,0.0,0.0,0.59420484,2.63711,1.5069305,0.0,0.19387019,0.7284439,1.479591,0.0,0.0,0.56510544,0.0,0.0,3.3566067,1.4634624,0.90545195,0.585026,0.36991826,0.0,3.194966,1.4793274,1.0266209,1.4688345,0.0,0.008302943,1.0127357,3.3936894,1.7250365,2.6025,0.58918756,0
0.33864263,1.4603862,2.1908748,2.2473059,1.2664386,0.9644529,0.0,0.8405525,0.58400446,1.6944664,0.124984585,0.16637301,0.0,0.90807843,0.0,0.0,0.0,0.0,1.9735662,0.0,1.3656203,0.7848454,0.0,2.0767407,0.0,0.20071608,1.5473922,0.90784746,1.7810411,1.5558114,1.7631583,0.0,0.0,0.0,2.0246768,1.8154132,0.0,1.0139638,0.0,1.9959048,0.0,0.0,2.4703348,1.1733136,0.45757446,1.5622683,1.5421233,1.5992664,1.3902931,0.9258586,2.808097,1.541472,3.1768878,1.4651209,0.0,0.0,1.8420433,1.8915664,3.0650084,1.5716356,0.0,0.77386045,0.0,1.414778,0.5532797,1.7100657,0.0,0.0,2.8580987,0.0,1.8305789,0.2704316,0.7460908,0.5232378,1.7400588,0.7370752,1.4987664,0.6337721,0.0,1.7258612,0.0,2.234312,1.9723475,0.0,1.4805632,0.17895892,0.54943633,0.0,1.8482188,0.0,0.7702232,0.0,0.7998772,0.33481887,0.0,2.6831577,1.0983169,0.0,0.2137604,0.9686207,0.70458394,2.9438114,0.0,3.2193143,1.0253745,0.024109352,0.0,0.45737377,0.0,0.0,0.0,1.7537163,1.1014602,0.0,0.6266907,1.9342647,1.6780233,1.6811367,0.0,0.8581941,1.9594429,0.0,3.104333,3.3396862,0.0,1.6049463,1.3922967,3.0199466,1
1.8657789,0.0,1.0528,2.1504083,1.6665093,0.108942695,1.152114,1.8419114,1.4917219,2.8996947,1.3338122,0.12811457,0.0,0.0,0.0,0.19147652,0.0,0.0,0.90844285,0.0,2.4470866,0.0,0.0,1.4231932,1.7083939,1.5455426,2.1861262,0.06556406,3.0900218,0.0,0.054866258,0.0,0.0,0.0,0.8343456,0.0,2.7960541,2.9742703,1.1954489,0.18042666,0.0,0.0,1.471922,0.540044,1.1878781,0.0,2.572568,1.7510269,0.0,0.41718876,0.32669583,0.33566454,1.3700358,1.0469962,0.0,0.0,0.0,1.9860787,4.4633546,0.0,0.0,2.2353477,0.0,3.8822844,0.6704493,0.11147883,0.6631442,0.27337557,0.67358714,0.31817758,3.7143815,0.7012954,0.95823973,1.3576514,2.081301,1.2613822,0.03963805,1.6985983,0.0,1.6244844,1.5483955,0.06446235,0.9218683,0.4471898,0.23221517,0.5053303,1.3878303,1.3705156,0.4240202,0.0,0.38703737,0.0,0.37757748,1.24381,1.8001817,1.5864333,0.49124533,0.0,1.5965202,1.1344599,3.2265482,1.2360325,0.0,0.9929751,0.0,0.019644964,0.0,0.0,0.36632907,0.0,0.0,3.2132838,1.8742121,0.7940778,0.0,0.0,1.0695857,2.6069508,1.4054971,1.6493622,0.87474644,0.0,1.9805975,1.0663388,2.5008686,2.2667222,2.6919506,0.1266416,0
0.13395712,0.0,3.8642194,0.0,0.0,2.8635027,0.0,1.5975763,2.358109,0.33981442,1.0156162,0.0,0.0,1.2767546,0.0,0.0,0.0,0.3507625,0.9446738,0.0,0.80655307,1.4117221,0.0,1.2724218,0.1720443,0.9097558,2.3717313,2.3768315,0.30743757,0.09187388,2.3787463,0.0,0.0,0.0,0.4515198,1.7625446,0.0,1.9406005,0.0,3.8663392,0.0,0.0,2.7184997,1.0417383,0.16431354,2.3219798,2.7592921,0.8479075,0.9043877,1.478377,2.1985147,2.4726028,0.33931646,2.8132713,0.0,0.0,2.6697211,0.0,3.853407,2.675007,0.0,0.26609603,0.0,0.42597127,1.0427923,0.18574168,0.0,0.46722648,1.6910533,0.1419673,1.7955947,0.4935282,1.8384805,0.43164656,1.405143,0.14229037,0.0,0.0,0.0,2.6417968,0.16503853,0.89654714,0.28048834,0.02374126,2.0123096,0.0,1.118304,0.0,1.7585379,0.0,2.4574704,0.0,0.27104098,2.1075864,0.73292553,1.1126567,1.9993666,0.0,0.0,0.6714513,0.88751847,0.84575516,0.0,0.8568041,1.3850399,0.0,0.0,0.0,0.0,0.0,0.0,1.1205637,0.0,0.27023357,0.26441136,1.6970654,2.1739926,1.1359136,0.0,2.125987,2.4216728,0.0,2.2428026,1.3268921,0.22725126,0.30824223,1.5454977,1.48347,1
2.7658134,2.615296,0.0,0.6764517,1.0454504,2.4147854,0.39010435,0.0,1.0561681,1.3326126,2.2411885,0.13317832,0.0,0.751806,0.2841702,1.8430945,0.0,0.0,0.15122215,0.0,0.9942587,0.2411405,0.0,1.177556,1.2238437,0.30555552,1.0550137,1.3394626,2.3330405,1.1600208,0.7683913,0.0,0.0,0.0,1.156847,0.2173737,1.4332098,1.6209697,0.0,2.455022,0.0,0.0,0.30601165,0.8126565,1.0756799,2.1352556,0.26580125,0.945298,0.0,0.4850591,1.0915469,0.18761435,2.5424595,0.0,0.0,0.0,0.8469837,2.2654455,2.895209,3.5167768,0.0,2.9702296,0.0,1.9130251,0.4330998,1.5860541,0.0,0.0,1.2614806,0.0,2.3838394,2.0268228,0.0,1.3214483,2.1796682,0.26476008,0.0,1.4733095,0.0,2.102268,1.5110204,0.643628,0.2640513,0.0,2.2177324,0.009979392,0.560699,0.59052783,0.9532623,0.0,0.3822783,0.0,0.33565634,0.84938663,0.3240123,1.4803017,0.0,0.0,1.6923162,0.9813269,2.681384,1.3065244,0.0,2.2727208,1.4192629,2.142306,0.0,0.0,0.62133664,0.0,0.0,0.31301716,1.2102114,1.2127059,0.0,0.9822954,1.0804322,2.4241133,2.573224,1.3179563,1.8671985,0.0,0.0,1.9131987,0.83319193,0.42305169,1.5661646,1.6929777,1
1.7449691,1.1336898,2.488214,1.8405368,0.0,2.8804348,0.2978991,0.4852907,0.69826484,2.4664197,1.6400127,0.0,0.0,0.5305226,0.9871356,0.0,0.0,0.0,1.1699519,0.0,2.2132623,0.0,0.0,2.6852298,0.0,0.73764014,2.1001563,0.63331825,1.3771487,0.95236695,2.6391323,0.0,0.0,0.0,1.7400857,0.54524106,0.2980079,3.064437,0.0,3.561261,0.0,0.0,0.6833887,0.2572799,0.0,0.95852804,1.5529779,0.95181113,0.26795393,1.0455688,0.9256611,0.6799488,4.8151636,2.5310009,0.0,0.0,0.7423853,3.0978382,1.8351547,1.4791967,0.0,1.6594509,0.0,2.448763,0.0,2.1671846,0.0,0.0,0.9308128,0.0,1.7807304,0.88539445,1.1431676,1.173606,1.4601228,0.18758972,0.5107591,0.4192822,0.0,2.2642517,0.7010228,1.0407189,0.7925898,0.23434618,0.720139,1.1103169,1.8742615,0.0,1.3960437,0.0,0.61288923,0.0,0.0,0.0,0.8055848,1.8433497,0.29773793,0.0,0.0,1.086653,0.9717586,1.598429,0.0,1.519015,2.4139817,0.0,0.0,0.0,0.115495704,0.0,0.0,1.0666324,2.210742,0.5598006,0.0,0.2802333,1.8149899,0.48741436,0.48225918,1.7977097,2.8592381,0.0,1.204294,2.23322,2.3513665,0.99091095,2.1236913,1.4904974,1
0.561908,0.0,2.4389217,1.6632633,0.0,2.0346727,0.8560273,1.0326724,0.9832081,1.9275292,0.39844438,0.0,0.0,1.198622,0.0,0.14386235,0.0,0.0,0.0,0.0,1.0011686,0.0,0.20646356,2.0652728,2.117825,1.3236601,0.6198083,0.46758094,2.6037438,0.0118015,1.737667,0.0,0.0,0.0,0.98449963,1.0463206,1.5617973,3.032542,0.0,1.4033911,0.0,0.0,0.0,0.0,1.9281492,1.1850405,2.279359,1.1462992,0.0,0.0,1.9876616,0.0,2.2327962,0.2195756,0.0,0.0,1.2135589,2.6413407,2.076198,0.8218217,0.0,2.5229797,0.0,2.7261145,0.09234289,0.53657377,0.56716186,0.0,0.9719112,0.3122218,1.5896568,1.0199687,1.4317873,2.0338812,2.0039358,0.0,0.0,2.4020958,0.0,2.2888691,1.2278233,0.95116997,0.53653336,1.6570569,0.7615414,0.9591154,1.2221248,1.8953109,1.4051912,0.0,0.0,0.0,0.3156559,1.0971755,0.45128104,1.8245773,1.93637,0.0,1.1909869,0.0,2.802793,0.8170723,0.0,0.28804374,0.3908585,0.0,0.0,0.0,0.0,0.0,0.0,1.9323944,1.6651342,0.5342875,0.38999546,0.0,0.22050798,1.6609757,2.2019982,1.6866376,1.1410556,0.0,0.0,1.2880625,0.613539,0.0,1.2627378,0.0,1
1.6947373,0.17688128,2.5950093,1.5806607,0.0,1.2932868,0.03342305,1.6456337,1.0678544,1.8321235,1.8837976,0.68632764,0.0,1.418706,0.0,0.0,0.0,0.0,0.77739096,0.0,1.8153694,0.0,0.0,1.654341,0.0,0.35809398,1.0168198,0.77388716,3.174611,0.056478787,1.8633052,0.0,0.0,0.0,0.583817,1.7443317,1.8879697,3.1794994,0.0,1.5201608,0.0,0.23330788,1.440802,0.0,1.3335779,1.6426575,1.976074,1.9046075,0.0,0.0,1.4842709,0.7094787,1.9534359,0.0,0.0,0.0,1.5093838,3.6430666,2.9969676,0.39207086,0.0,1.6350337,0.0,2.432391,0.101213895,0.0,1.52202,0.04565753,1.4583879,0.0,2.3881145,0.3920471,1.2766016,1.3201731,2.5514624,0.111571774,0.27764332,1.8204615,0.0,2.6281507,1.59075,1.2481205,0.3146092,0.90385795,1.1396813,0.30178466,1.9250103,0.0,0.9625945,0.0,1.3149978,0.0,1.1342169,0.48806998,1.6596338,1.4082474,1.9076221,0.0,1.6067408,0.31790096,3.8251536,0.4118368,0.0,1.5546476,0.9208753,0.06257309,0.0,0.0,0.4592855,0.0,0.0,1.8810495,2.6763735,0.6915641,0.9700596,0.0,0.0,2.447084,2.0583472,1.2817789,1.908855,0.0,0.0,1.8715069,2.7089722,1.1939486,2.5609252,1.5610552,1
1.6590618,1.0183231,1.0979049,1.058291,1.8985913,0.58020633,0.1769989,1.1530855,0.39294893,1.8332677,1.9702461,0.46077168,0.0,0.33270958,0.28765184,0.0,0.0,0.0,0.39762893,0.0,1.9896239,0.0,0.0,1.1832839,0.08477597,0.20757318,0.76022565,0.35111612,2.7019575,0.4179252,1.5690645,0.0,0.0,0.0,1.2760462,0.94221824,1.9995811,2.3194401,0.0,2.1554968,0.0,0.0,0.62692755,0.86091423,1.1136832,1.2089682,0.4438404,2.1803796,0.0,0.2538785,0.6081538,1.6564295,1.8172935,0.6887541,0.0,0.0,0.68411314,2.409401,3.2066007,1.6063596,0.0,1.3201581,0.0,2.9960787,1.2344639,2.0730047,0.30859092,0.4853539,1.2833089,0.0,2.1346855,0.31297147,0.904816,1.4939991,1.9622602,0.66014844,0.22483803,2.2329316,0.0,1.8542979,1.5285492,0.36105245,1.7275231,0.382785,0.45461172,0.0,0.9210185,0.44063717,0.0,0.0,0.10963085,0.0,1.6340746,0.7908775,1.6749719,1.6345979,0.117952146,0.0,2.399772,0.73516893,2.4425905,1.6523602,0.0,2.161837,1.91122,0.7043248,0.0,0.4551981,0.4056706,0.0,0.0,1.465011,1.2206197,0.49724862,0.75410813,0.3115408,0.0,2.4941285,2.3704767,2.5466564,1.5622779,0.0,0.0,1.8710713,3.1054873,1.3993677,1.8206775,1.045114,1
0.11453348,0.0,2.7433188,1.5723114,0.0,2.7040188,0.0,0.22210228,0.8128163,1.0829421,1.2861352,0.0,0.0,0.4075189,0.0,0.0,0.0,0.0,0.622895,0.0,1.3822248,0.09503387,0.0,1.1205019,0.4230646,1.890666,0.0,1.113309,1.582807,0.0,0.98917997,0.0,0.0,0.0,0.0,1.1307368,1.1134412,2.8488457,0.0,2.8294585,0.0,0.0,0.33592322,0.0,1.5002635,1.5188303,2.3843725,0.16756558,1.3645034,0.0,2.4003494,1.1259453,1.1140127,0.0,0.0,0.0,0.7688798,2.307856,2.6668239,0.0,0.0,1.5329816,0.0,1.1170006,0.0,0.0,0.0,0.0,1.1453435,0.09433756,2.722373,0.0,1.6425858,0.43841738,2.2496707,0.0,0.0,0.26931888,0.0,3.2650113,0.115423836,1.6401609,0.99900115,1.1106205,0.5271973,1.6519613,0.0,0.0,1.2889135,0.0,2.188333,0.0,0.0,0.009525323,1.5817151,1.4480317,2.851592,0.0,1.2800233,0.0,2.521249,0.2173335,0.0,0.8967107,0.79673904,0.8602619,0.0,0.0,0.0,0.0,0.0,2.2297993,1.0371332,0.0,1.5876808,1.643821,0.947973,1.862648,0.40581378,0.8857914,3.2341068,0.0,0.011607365,1.7029762,0.67254424,0.0,1.6846352,0.8998383,1
1.7713505,2.1735818,0.0,2.8034625,2.5216162,1.2019993,0.0,0.40280133,0.0,2.0978591,1.7981603,0.0,0.0,0.1594377,0.60386413,0.0,0.0,0.0,0.740294,0.0,0.93885446,2.7270026,0.0,2.5809975,0.0,0.0,0.46512762,1.4110277,2.176628,1.2460356,2.3751142,0.0,0.0,0.0,2.7267978,1.1927207,0.94356316,1.8292538,0.0,1.888768,0.0,0.0,0.10501791,1.3360196,0.22110297,2.5613644,1.2224505,0.5054095,0.0,0.8035624,1.2074845,0.9291045,1.8374283,0.13312574,0.0,0.0,0.38184252,1.3467833,3.2336738,1.6862949,0.0,1.3792484,0.0,3.0150259,0.5916456,1.3227865,0.0,0.0,1.0407887,0.72673994,1.5918677,0.43830305,0.28140542,1.8860477,2.0274282,1.0888046,0.14732821,1.5843413,0.0,2.0188534,0.5868631,2.1343603,2.6208124,0.34107614,0.979222,0.0,1.001521,0.0,0.029798308,0.0,0.094371855,0.0,0.86593956,0.76801735,1.394387,1.2926284,0.29768735,0.0,1.2054259,0.7062777,2.0684495,2.7482316,0.0,1.3176359,0.97358924,1.7529438,0.0,0.0,0.0,0.0,0.0,1.809507,2.1167715,1.0495467,0.007291442,1.8760512,0.58080375,3.862162,3.089462,2.3499942,2.9368093,0.0,1.7629422,2.4817948,1.197091,0.7204816,1.9405372,1.1044093,1
1.1804279,1.6277333,1.9804318,3.3008432,0.0,2.5398333,0.7739377,0.08525801,0.3605972,2.3815827,0.87511796,0.20716916,0.0,1.1543951,1.9894954,0.0,0.0,0.07530438,0.82887435,0.0,2.9472897,1.3681922,0.0,1.4843092,0.0,0.5528291,1.8729488,0.45784518,2.6159415,1.3154539,2.078547,0.0,0.0,0.0,0.8498593,1.3619064,0.30953622,2.64418,0.099898525,2.2467005,0.0,0.0,0.75196,0.58203065,0.0,1.5936947,2.364161,3.1161225,0.0,0.0,2.0073135,1.5798683,2.605592,2.4253042,0.0,0.0,1.6638867,1.9223006,2.8280282,1.9459997,0.0,0.5321859,0.0,2.7771668,0.7278783,1.4761891,0.0,0.6917016,1.4779651,0.0,2.5979278,0.62085384,0.8794202,2.0130863,1.9309192,0.5416767,1.0675706,0.23342337,0.0,3.1699255,0.26222277,0.0,2.4004974,0.14939836,1.040722,2.051607,0.5946414,0.0,0.04550491,0.0,0.0,0.0,0.32093883,0.68645823,0.27789065,2.3584309,1.2125783,0.0,1.0190792,0.6683486,0.84661543,1.4073586,0.0,1.7642653,1.705201,0.38068676,0.0,0.0,0.0,0.0,0.0,2.4326289,2.0774038,0.0,0.0,0.5922127,0.5238142,2.075289,0.5883288,1.2169085,1.3564122,0.0,1.3967694,1.6999445,0.87620896,1.2755915,1.6392311,1.8223224,1
0.0,0.0,3.2833402,1.5294211,0.0,2.5599701,0.0,1.1569103,2.03088,1.5489515,1.4099162,0.0,0.0,1.3009416,0.0,0.0,0.0,0.0,0.473836,0.0,1.0222965,0.31677273,0.0,0.49978054,0.9751097,1.5619565,0.20985635,1.7642256,0.62681645,0.0,2.5022457,0.0,0.0,0.0,0.6572163,1.7910141,0.6051657,1.898063,0.0,2.1081479,0.0,0.0,1.7264158,0.06359404,0.4799741,1.2320387,1.6793003,0.0,0.40094885,0.0,1.8105793,2.4342268,0.3697295,1.5075146,0.0,0.0,1.331402,1.30192,3.6158984,0.3994276,0.0,0.9586095,0.0,0.0,0.0,0.056148786,0.0,0.88483274,0.0,0.0,1.9245046,0.0,1.9415035,0.80448264,1.1704525,0.7262693,0.5541712,0.014790603,0.0,1.3628334,0.0,1.0927813,0.19807163,1.7044168,0.8559585,0.9230094,1.6623344,0.0,1.7692434,0.0,2.6337433,0.0,0.13819158,0.59840924,1.7663608,0.9953339,2.97097,0.0,0.31579483,0.43013573,3.0899894,0.846213,0.0,0.55760753,0.79240924,0.22151963,0.0,0.0,0.0,0.0,0.0,1.5325027,0.74596775,0.0,0.9310302,0.517028,2.1171274,1.5324556,1.0502523,0.50471246,2.1167765,0.0,0.044153556,1.2642634,1.5267103,0.43242615,1.2510412,1.5038954,1
1.4037834,1.6612837,2.008961,1.2410736,1.2397796,1.598911,0.059903666,2.092632,0.28778857,0.94047874,1.7964187,0.10098492,0.0,0.0,0.95637935,0.0,0.0,0.0,2.3137734,0.0,0.68418556,0.19164555,0.0,0.35241586,0.052038204,0.8964528,1.6785035,0.66898626,2.2372015,0.8939815,2.246025,0.0,0.0,0.0,2.1973526,1.6592448,1.7577503,0.7176757,0.0,1.7041974,0.0,0.0,1.8891016,1.1407822,0.3401283,1.6141609,1.4281168,1.4322696,1.0457718,0.6250413,1.4379005,1.9960858,1.9547789,1.5241537,0.0,0.0,0.5546152,2.4747283,3.013181,1.3765594,0.0,1.0123891,0.0,1.4501882,2.9894993,2.8040934,0.58586794,0.0,1.0581603,0.0,2.112793,0.29852265,0.60333824,1.5856212,1.5355425,0.8164168,0.6525747,0.038625725,0.0,0.61633134,1.5769497,1.7877411,1.0313401,0.3660054,0.23714061,0.0,0.35383675,0.14141697,0.2879875,0.0,2.1118984,0.0,0.0,1.1430955,1.3815653,2.4572554,0.8100689,0.0,1.7511883,0.7951084,3.3960288,2.0310051,0.0,1.0977834,1.4296329,0.36290365,0.0,0.19756477,0.3407718,0.0,0.0,0.50371206,0.7820188,0.19931471,1.9404967,0.12911613,1.6975725,1.698323,1.6760044,2.0034065,1.1375827,0.0,1.3699399,2.7410452,2.1750007,2.1231706,1.3560259,3.123116,1
0.0,3.2039633,1.435621,0.0,0.0,1.2023388,0.33871996,0.8427061,0.0,2.7490098,0.124812804,0.0,0.0,0.47617352,1.7618942,0.0,0.0,0.0,2.2050173,0.0974309,0.15320948,1.5456392,0.0,1.7436146,0.0,1.5590371,2.7640324,0.7721212,0.52843916,1.9885786,0.5578267,0.0,0.0,0.16823472,3.4564319,0.0,0.0,0.42348203,0.0,3.1751506,0.0,0.0,1.6723775,0.8914573,0.0,2.082247,0.0,0.82417357,1.0557249,0.6788162,2.1641753,2.138678,1.1739802,3.6019404,0.0,0.0,0.7588083,0.73099583,4.028612,3.6780522,0.0,0.0,0.0,1.2304573,2.6935802,3.2270422,0.40737456,0.0,0.7257624,0.0,0.64033324,1.4512086,0.41895947,1.3531973,0.20123135,2.121071,0.68016785,1.1190856,0.0,0.362667,1.7183449,0.0786788,1.3952293,0.0,1.4639986,0.0,1.351224,0.0,1.3106874,0.0,1.7558869,0.0,0.0,1.085961,0.91300356,1.3168118,2.1250148,0.0,0.50859743,1.6043636,0.7211931,3.643589,0.0,0.8867056,2.0060282,1.0735179,0.0,0.8972177,0.0,0.0,0.0,1.1530678,1.5815982,0.0,0.0,0.53807724,1.9327888,0.0,0.5145375,0.7494886,2.8358686,0.0,1.1945176,3.212699,1.1281612,0.5389959,0.9681613,1.4978226,1
1.5197806,0.19460616,3.2229729,0.61745465,0.8324003,2.184419,0.0,2.4398937,1.2783511,1.3486518,1.9916394,0.078172185,0.0,0.0,0.0,0.0,0.0,0.0,1.0551107,0.0,0.8346133,0.26896197,0.0,1.0828762,0.0,2.1554847,1.1859496,1.8149768,1.1337965,0.0,3.0148537,0.0,0.0,0.0,1.218226,1.1932393,1.187253,1.9665452,0.0,2.4941914,0.0,0.0,1.5878807,1.9916546,1.7708286,2.2235205,1.344105,1.6048665,0.44172162,1.0135765,1.4366099,1.9243721,1.780026,1.8663328,0.0,0.0,0.8752937,2.936671,3.0727868,1.4750551,0.0,0.3286879,0.0,1.3034785,2.1897583,1.4573271,1.5896337,0.0,1.41548,0.0,1.840547,0.42289627,2.1602201,0.79331934,2.3778882,0.9107235,0.0,0.942692,0.0,1.1472191,2.1505637,1.8608158,1.3696486,1.2970319,1.3505715,0.044940915,0.36560953,0.8922054,0.26853558,0.0,1.5871159,0.0,0.45996964,1.9638693,1.2050438,2.4437926,2.5631223,0.0,2.0553849,1.4612128,2.753909,1.231117,0.0,0.7047108,0.64415556,0.0,0.0,0.0,0.3612702,0.0,0.0,1.1137949,1.3195297,1.623718,1.3349261,0.39085266,1.8311974,2.728325,2.5158362,1.7118917,2.3811362,0.0,0.663135,2.9789433,1.6623018,0.9206216,0.9918583,1.7943143,1
1.9336524,0.0,1.734195,2.4380994,0.0,1.5641209,0.7324448,0.31675053,1.5399084,0.77851766,2.6395667,0.0,0.0,0.50768036,0.0,0.0,0.0,0.41731918,0.0,0.0,2.1091492,0.0,0.0,2.0442815,0.38628432,0.0,0.59307873,0.40039155,2.3277733,0.0,0.6104335,0.0,0.0,0.0,0.013238713,1.4643959,1.2269874,3.6503534,0.0,1.915166,0.0,0.0,0.50100166,0.0,2.0026724,0.65595824,1.7365503,0.72423637,0.0,0.0,0.8730122,1.4411898,1.6677023,0.0,0.0,0.0,0.46991184,3.0208719,1.0466034,0.0,0.0,2.1655338,0.0,2.2624419,0.0,0.0,0.73740494,0.0,0.0,0.0,3.049167,0.9715474,2.009191,0.82540876,3.5651486,0.0,0.0,0.89014643,0.0,3.6558318,1.3001528,0.7195299,0.63250613,2.3744338,0.77517563,1.1785196,1.5747502,0.0,0.5795221,0.0,1.5923313,0.0,0.6161025,0.5118204,2.7515693,1.2117289,1.9960384,0.0,1.6859993,0.0,3.2867587,0.52267826,0.0,1.1086111,0.63081497,1.2699716,0.0,0.0,0.0,0.0,0.0,2.4176042,1.5464978,0.26763105,0.25353456,0.7367265,0.0,3.0550199,0.7767375,1.038321,1.5370044,0.0,0.0,1.627517,2.4860034,0.42788485,2.013737,0.1452609,0
1.1516916,2.4276505,1.605916,1.3689702,1.5229859,1.487107,0.0,0.93269116,0.55299944,1.7584666,1.8349252,0.0,0.0,0.553787,0.022205042,0.11767976,0.0,0.0,0.12415911,0.0,2.1772757,1.042629,0.0,2.469778,0.6540711,0.14874989,1.3063241,0.0,1.4586941,0.5318556,0.9673099,0.0,0.0,0.0,1.0722365,2.4144187,1.7896581,2.7656672,0.0,0.94027245,0.0,0.48574156,0.12357592,0.44458908,1.7352431,1.951045,0.19991963,0.34831977,0.0,0.0,3.3712413,0.0,3.1872776,0.0,0.0,0.0,0.6507292,4.0045557,2.6415439,0.60915554,0.0,2.3150127,0.0,2.929127,0.88142383,1.1160247,2.4079728,0.0,0.7721228,0.0,2.9668894,0.40955406,1.5725291,2.270928,3.3364594,0.3814293,0.0,1.7323602,0.0,2.2887766,1.36824,1.4463265,2.1416354,1.2549335,2.2463923,0.12757286,1.3037993,0.44569474,0.2543473,0.0,0.0,0.0,2.5579364,2.1362903,1.4498551,1.8453914,0.034497775,0.0,3.0666115,0.06003766,2.4420817,2.702393,0.0,2.4408817,1.1002423,0.59215516,0.0,0.0,0.2032839,0.0,0.0,2.1197116,2.5927556,1.881875,0.0,0.0,0.0,3.300102,2.7728772,0.0138057675,1.1984092,0.0,0.0,2.229403,2.583252,1.7571201,2.4545872,1.9474131,0
1.1623591,0.50413203,1.4248737,1.749371,2.0817132,0.8021268,0.48877263,1.6148641,0.6609692,2.216557,1.3900082,1.2762057,0.0,0.0,0.0,0.18112884,0.0,0.0,1.044845,0.0,2.3471537,0.08385651,0.0,1.8470633,0.06944564,1.0591676,0.39003888,0.29622656,2.3825307,0.0,1.6153998,0.0,0.0,0.17936315,2.0508432,0.10650035,2.2193704,3.009102,0.0,0.8255531,0.0,0.42589143,0.8653693,0.8560997,2.8292692,1.4508482,3.1350806,1.2177094,0.0,0.0,0.66605484,0.0,1.6452043,0.6419246,0.0,0.0,0.36644349,3.1975594,3.6806498,0.17487675,0.0,1.235815,0.0,3.3048995,1.9138532,0.52363694,1.3839206,0.0,1.3374202,0.0,1.8287866,1.2391571,1.9371219,2.247997,2.5678556,0.011549157,0.0,1.5567192,0.0,1.9286498,2.050911,0.4091282,1.462621,0.0,1.1442385,0.85008156,0.26404524,1.265427,0.0011679332,0.0,0.0,0.0,1.312538,1.0748838,1.283562,1.778502,1.1119015,0.0,2.3712394,1.270633,3.718316,0.7074602,0.0,0.65473384,0.65073043,0.0,0.0,0.0,0.9221239,0.0,0.0,1.9858309,2.4953382,1.433639,1.4345284,0.3428603,0.0,2.3910484,2.0781517,0.63535345,1.5161028,0.0,0.36953977,1.2976618,1.9317765,1.1722876,3.14935,1.2552637,0
0.50445676,1.7067474,1.8417133,1.7020429,0.928814,2.0153682,0.0,0.0,0.26228964,0.57219404,1.8842633,0.0,0.0,1.4585289,0.59722084,1.1037155,0.0,0.0,0.0,0.0,0.0,1.1239586,0.0,0.4147777,0.78914756,0.7273984,0.8171003,0.9593504,1.1223841,1.4419748,2.9782157,0.0,0.0,0.0,2.3068292,0.017388564,1.7311702,3.084042,0.0,1.18026,0.0,0.0,0.981601,1.2524213,0.896339,1.8610075,2.5076785,0.0066475747,0.0,0.0,2.329953,0.42752022,2.337636,1.49619,0.0,0.0,2.1401107,3.6094894,4.319516,0.6601497,0.0,0.0,0.0,1.7473475,1.2859201,0.4670706,0.6870706,0.0,1.0075988,0.45153478,1.1752101,0.0,2.5059607,0.124973126,1.3338346,1.6049507,1.1791972,1.7093247,0.0,2.5114937,0.88544,1.8982029,2.0556586,0.0,2.583683,1.3187467,1.1720897,0.9775874,0.99224234,0.0,2.3468995,0.0,2.352529,2.2453403,1.6918604,2.980388,0.93814355,0.0,2.088937,0.27414107,2.3040428,3.656591,0.0,1.5972123,0.6677781,0.58475333,0.0,0.0,0.82048625,0.0,0.0,0.4711458,2.8602586,1.1033542,1.5340164,1.4348576,0.23293221,2.6211107,1.2914383,1.0611786,1.0308971,0.0,0.8834386,2.3291323,0.63073933,0.46868873,1.5433553,0.78510714,1
