0,1,2,3,4,5,6,7,8,9,10,11,12,13,14,15,16,17,18,19,20,21,22,23,24,25,26,27,28,29,30,31,32,33,34,35,36,37,38,39,40,41,42,43,44,45,46,47,48,49,50,51,52,53,54,55,56,57,58,59,60,61,62,63,64,65,66,67,68,69,70,71,72,73,74,75,76,77,78,79,80,81,82,83,84,85,86,87,88,89,90,91,92,93,94,95,96,97,98,99,100,101,102,103,104,105,106,107,108,109,110,111,112,113,114,115,116,117,118,119,120,121,122,123,124,125,126,127,label
0.20823689,1.5702796,1.1364192,0.0,0.6677596,3.7538059,1.0646763,0.0,0.7348777,3.120191,0.0,0.17592588,0.0,2.1462457,0.0,1.6214422,0.0,0.0,1.1871449,0.0,2.608974,1.477868,0.0,0.0,1.7123685,0.0,0.0,0.0,0.6168079,0.19338153,0.0,0.15380967,0.20671882,1.9011488,1.3507475,0.0,0.0,0.44117847,0.0,1.4789375,0.0,0.0,0.0,0.0,0.0016957916,0.0,0.0,0.030217232,0.23828472,0.0,0.42568725,0.0,0.7250823,0.0,1.0736333,0.57935596,2.5309284,0.0,0.0,0.0,0.0,0.0,2.0029235,0.80320567,0.5086286,0.0,0.0,0.0,0.0,1.6049837,0.0,0.0,0.5908976,2.342671,1.2039766,0.86849636,0.0,0.2957167,2.5016165,0.78858376,0.7938082,0.0,0.09793678,3.2093809,0.0,0.0,1.5629382,2.1471226,1.4823548,0.20318511,0.0,1.0409898,0.10892392,3.5989847,0.074170545,0.0,0.16214925,0.0,0.048337296,3.3418372,0.0,0.3466828,1.4538984,0.0,2.0090785,3.6147568,1.0711784,1.5834397,3.1548245,0.21828327,0.144439,2.9319222,0.3786774,0.0,2.184744,0.0,0.77084196,0.6928253,0.0,0.0,0.0,0.0,1.6533228,0.0,0.170637,0.0,0.0,0.0,1
1.0525184,1.2899771,0.26509205,0.0,0.42659172,2.0580182,1.8252068,0.0,1.1184541,2.3072886,0.0,0.5339628,0.0,2.8328648,0.0,1.2257203,0.0,0.0,0.98076487,0.3855003,2.4081504,0.59269965,0.0,0.0,1.3687508,0.0,0.0,0.0,0.8926333,0.0,0.0,0.0,0.07142288,0.9087831,0.60988957,0.0,0.0,0.5016831,0.13777785,1.4789536,0.0,0.0,0.12639295,0.0,0.7016206,0.0,0.0,0.0,0.0,0.0,0.0,0.0,0.047400553,0.0,0.58314145,0.36052048,1.1171981,0.0,0.0,0.0,0.0,0.0,1.1039733,0.081585504,0.7795085,0.0,0.0,0.0,0.0,1.432793,0.0,0.0,0.6458965,2.3138628,0.9960645,1.178462,0.0,0.60157406,1.8839101,0.61193657,0.5450296,0.0,0.26912192,2.5428002,0.0,0.0,1.112899,1.8265059,2.0620728,0.0,0.0,1.1404124,0.0,2.7241497,0.13456438,0.0,0.19351338,0.016424783,0.0,2.6474493,0.0,0.56269014,0.8864578,0.0,1.5641421,2.888993,1.7084917,0.72682655,2.267532,0.22859474,0.8925104,2.3499534,0.21705581,0.0,1.7438997,0.0,0.8937803,0.9985908,0.0,0.16977383,0.0,0.0,1.0188394,0.0,0.0,0.0,0.0,0.0,1
1.3771651,1.9560875,0.16413377,0.0,1.4716494,0.7890355,1.6025615,0.0,1.4610065,0.81494355,0.0,0.22485523,0.0,2.3385224,0.0,0.7025768,0.0,0.0,0.09399158,0.0,1.4267899,0.41599613,0.0,0.0,1.069271,0.0,0.0,0.2829781,0.73960906,0.0,0.0,0.0,1.1067042,0.44458115,1.3937954,0.0,0.0,1.9053632,1.1602885,0.8007179,0.0,0.11042219,1.5454389,0.0,1.1702561,0.0,0.0,1.002533,0.06822614,0.0,0.26923665,0.0,0.16129412,0.0,0.7678103,0.0,1.4901153,0.4736398,0.0,0.7539758,1.0810647,0.30538526,1.0486765,0.0,0.7521102,0.0,0.0,0.0,0.9674398,0.9872634,0.0,0.0,0.03511962,0.9637725,0.77628547,0.39848343,0.12260955,0.0,1.1467187,0.50092083,0.29021537,0.0,0.0,1.3617805,0.0,0.0,1.0302873,1.5565715,2.490935,0.0,0.0,1.9316235,0.0,2.4868624,0.79311633,0.0,0.06547455,1.0912129,0.0,2.4894507,0.0,1.9106299,0.7707369,0.0,0.90470797,2.43275,0.9733341,0.20452684,2.3320038,1.1349707,1.1856912,2.348074,0.5662435,0.0,0.88289374,0.0,1.5832416,1.6712728,0.0,1.0807686,0.64507824,0.0,0.55809677,0.0,0.0,0.0,0.0,0.0,0
0.2268509,1.1681423,0.55708927,0.0,0.850568,2.0798898,1.0874878,0.0,1.1946882,2.0995681,0.0,0.17151955,0.0,2.884687,0.0,0.980988,0.0,0.0,0.45731148,0.18933164,2.2218292,0.3019183,0.0,0.0,1.1359777,0.0,0.0,0.094586,0.79677325,0.0,0.0,0.0,0.31620184,0.9717772,0.71564925,0.0,0.0,0.9643307,0.0,1.4538312,0.0,0.0,0.12712045,0.0,1.0538309,0.0,0.0,0.19316474,0.0,0.0,0.4628535,0.0,0.1680231,0.0,1.1400524,0.0,2.1628437,0.0,0.0,0.35222647,0.117160425,0.13029754,1.6564063,0.0,0.72765875,0.0,0.0,0.0,0.0,1.3764685,0.0,0.0,0.7811764,1.6851045,0.54189193,0.992895,0.0,0.30647993,1.8879957,0.5010467,0.7031141,0.0,0.52006364,2.3271987,0.0,0.0,1.2000229,2.173195,1.9984028,0.0,0.0,1.1002344,0.26808855,3.2587407,0.20747577,0.0,0.25528648,0.3694042,0.0,2.719134,0.0,0.7486961,1.1018578,0.0,1.7549411,3.0455527,1.0170616,0.56584066,2.0021005,0.424939,0.55655533,2.8186533,0.64574623,0.0,1.5286123,0.0,1.3433872,0.9920305,0.0,0.32763574,0.0,0.0,1.0923675,0.0,0.0,0.0,0.0,0.0,1
1.5738109,1.9302714,0.2628227,0.0,1.9061031,0.09345097,1.471668,0.0,1.5548218,0.6633513,0.0,0.3485689,0.0,2.3556724,0.0,0.0,0.0,0.0,0.41473964,0.0,1.6408403,0.0,0.0,0.0,0.45478928,0.0,0.0,0.5544436,0.58996916,0.0,0.0,0.0,0.9188814,0.10379723,1.636091,0.0,0.0,2.2729645,1.3754281,0.6057274,0.014801662,0.29425788,1.632857,0.0,1.3185664,0.0,0.0,1.0015882,0.2037722,0.0,0.0,0.0,0.111244164,0.0,0.45361882,0.0,1.328898,0.90217,0.0,0.8911925,1.2925569,0.49684137,1.323431,0.0,1.0024115,0.0,0.0,0.0,1.1941923,1.0304977,0.0,0.0,0.2691517,0.6165707,0.260957,0.6151772,0.23744741,0.122683115,1.3753579,0.71911675,0.0131674465,0.0,0.061225753,1.0978594,0.0,0.0,1.0667703,1.2457308,2.7250214,0.0,0.0,2.5898798,0.0,2.7206788,1.3279325,0.0,0.020724598,1.0561956,0.0,2.4393897,0.0,2.3454046,0.9588153,0.0,1.147281,2.3498785,1.0373313,0.0,2.142619,1.2561713,1.1077858,2.7345693,0.6040379,0.0,0.49759796,0.0,1.8366486,2.159502,0.0,1.4869877,0.83580565,0.0,0.39759842,0.0,0.0,0.0,0.0,0.0,0
1.1852136,1.7562912,0.36631826,0.0,1.6459588,0.48686242,1.3762898,0.0,1.5407676,0.7889212,0.0,0.27996954,0.0,2.4758933,0.0,0.43167844,0.0,0.0,0.59624505,0.0,1.1990105,0.18099754,0.0,0.0,0.27122265,0.0,0.0,0.29013678,1.0682777,0.01438062,0.0,0.0,0.97693485,0.01470396,1.4805369,0.0,0.0,2.1658275,0.9462595,0.6616798,0.0,0.059858076,1.5065988,0.0,1.3740506,0.0,0.0,1.2524798,0.49872375,0.017039858,0.5124583,0.0,0.0,0.0,0.50935405,0.0,1.5602041,1.1630687,0.0,0.6799392,1.1945397,0.4487862,1.1433727,0.0,0.770059,0.0,0.0,0.0,1.1328958,1.2515959,0.0,0.0,0.27571264,0.78402054,0.30727196,0.15048353,0.21759865,0.0,1.4518559,0.750179,0.0,0.0,0.0,1.3357159,0.0,0.0,1.3087627,1.2994865,2.9113972,0.048448365,0.0,2.0388637,0.0,2.521189,0.8882012,0.0,0.0,1.050397,0.0,2.4576325,0.0,2.400873,0.8123647,0.0,0.9844707,2.3218927,0.8890245,0.050085194,2.5072207,1.5136665,1.4495283,2.945305,1.0538931,0.0,0.92116666,0.0,1.6317638,1.5149504,0.0,1.3292552,0.95934933,0.0,0.52496123,0.0,0.0,0.0,0.0,0.0,0
0.5398204,1.2433367,0.6262748,0.0,0.9659861,1.5714871,1.0518777,0.0,1.1317642,2.0747364,0.0,0.45381954,0.0,3.0294232,0.0,1.3828135,0.0,0.0,0.7361528,0.0,1.9683706,0.7459187,0.0,0.0,1.3079832,0.0,0.0,0.0,0.7553932,0.0,0.0,0.0,0.61479735,0.6236586,0.95369446,0.0,0.0,1.0585415,0.25559786,1.6039269,0.0,0.0,0.5284612,0.0,0.8616349,0.0,0.0,0.46870127,0.16842984,0.0,0.36542517,0.0,0.54992735,0.0,0.41041082,0.0,1.8678273,0.046060685,0.0,0.33867985,0.39908135,0.17272109,1.4851891,0.0,0.6298942,0.0,0.0,0.0,0.49405968,1.3521314,0.0,0.0,0.48799583,1.4636319,0.91194135,1.0197254,0.0,0.15686391,1.2928667,0.6869428,0.35264137,0.0,0.27443781,2.557929,0.0,0.0,1.0731511,1.8082315,2.2375667,0.0,0.0,0.98928833,0.0,3.1715279,0.3818589,0.0,0.22862479,0.610126,0.0,2.5906823,0.0,0.6821689,0.80289465,0.0,1.277842,3.1281688,0.9186597,0.44278097,2.7588656,0.33835196,0.8670376,2.73454,0.6402191,0.0,1.6734803,0.0,1.1474439,0.9450444,0.0,0.42183325,0.0,0.0,1.284908,0.0,0.0,0.0,0.0,0.0,1
0.3710005,1.0413253,0.3284425,0.0,0.5601984,1.951514,0.7892825,0.0,1.2529883,2.2420316,0.0,0.09802013,0.0,3.1249866,0.0,1.3193927,0.0,0.0,0.7018276,0.120592155,2.3134866,0.9427996,0.0,0.0,1.4248812,0.0,0.0,0.0,0.1757874,0.0,0.0,0.0,0.31930003,1.1117918,0.4859147,0.0,0.0,0.8206438,0.0687954,1.2583196,0.0,0.0,0.26467645,0.0,0.8701088,0.0,0.0,0.2633239,0.0,0.14355409,0.5943306,0.0,0.5250123,0.0,0.6366707,0.0,1.9824674,0.0,0.0,0.099032365,0.0,0.0,1.3716742,0.0,0.41612074,0.0,0.0,0.0,0.22588138,1.0789709,0.0,0.0,0.19731164,1.9895548,1.2110242,1.1925193,0.0,0.047038563,1.5456915,0.8399199,1.035612,0.0,0.2057087,2.56088,0.0,0.0,1.4113975,1.4154199,2.2576919,0.0,0.0,0.8535477,0.0,3.0248866,0.14545844,0.0,0.22139183,0.12732542,0.0,2.493009,0.0,0.6568824,0.83060694,0.0,1.2282468,3.128224,1.0158806,0.8816012,2.6607854,0.35148895,0.934145,2.2415931,0.42186102,0.0,1.3720354,0.0,0.9805379,0.28510642,0.0,0.45873335,0.07079017,0.0,0.9482802,0.0,0.0,0.0,0.0,0.0,1
0.8861427,1.1597679,0.43980327,0.0,1.2656677,1.1928475,1.287394,0.0,1.5204092,1.2458417,0.0,0.5300799,0.0,2.8338437,0.0,0.50348544,0.0,0.0,0.8962695,0.0,1.3607489,0.0,0.0,0.0,1.2239931,0.0,0.0,0.0,0.5107971,0.0,0.0,0.0,0.7875183,0.53815854,0.9681532,0.0,0.0,1.7409443,0.82728565,0.64250886,0.0,0.0,1.1030432,0.0,1.065286,0.0,0.0,0.62624043,0.0,0.12939176,0.43315595,0.0,0.05419605,0.0,0.9537653,0.0,1.6676968,0.44833496,0.0,0.6084157,0.82444155,0.27963752,1.0897418,0.0,0.74158114,0.0,0.0,0.0,0.82779765,1.0148349,0.0,0.0,0.20691456,1.2491194,0.5313364,0.62909955,0.006549622,0.5459053,1.3574915,0.7749108,0.23578392,0.0,0.020227801,1.7140483,0.0,0.0,0.992635,1.3585049,2.2872071,0.0,0.0,1.7715884,0.0,2.869792,0.708126,0.0,0.0,0.47024852,0.0,2.4431882,0.0,1.5211941,0.69961274,0.0,1.4572823,2.9343312,0.6690638,0.4925578,2.3555598,0.83153915,0.745887,2.4952736,0.8190606,0.0,1.466705,0.0,1.1278163,0.9896239,0.0,0.6334508,0.48599797,0.0,0.74475527,0.0,0.0,0.0,0.0,0.0,1
0.76592827,0.8803499,0.42686433,0.0,1.3843815,1.2032149,1.0153763,0.0,1.3268774,1.4822268,0.0,0.643597,0.0,2.9342594,0.0,0.7266288,0.0,0.0,0.8940156,0.0,1.2580638,0.0,0.0,0.0,0.94884926,0.0,0.0,0.0,0.61486894,0.0,0.0,0.0,0.73305196,0.3384456,0.9467446,0.0,0.0,1.514816,0.3386362,1.0876143,0.122462496,0.0,0.9833113,0.0,0.7551883,0.0,0.0,0.7403814,0.0,0.0,0.6223713,0.0,0.0,0.0,0.54322034,0.0,1.703338,0.27113366,0.0,0.6912691,0.6438222,0.17514578,1.399658,0.0,0.51631325,0.0,0.0,0.0,0.5345186,0.921707,0.0,0.0,0.27175516,1.1457728,0.71724284,0.7960583,0.0,0.30642343,1.4086127,0.6610772,0.21053174,0.0,0.0,1.9599106,0.0,0.0,1.0410393,1.5439771,2.191847,0.0,0.0,1.4471104,0.0,2.9356346,0.5927588,0.0,0.0,0.57891035,0.0,2.3821042,0.0,1.6096398,0.73126143,0.0,1.2373682,2.9240587,0.6683441,0.27123535,2.239292,0.58842963,0.7737626,2.8406713,0.6080925,0.0,1.2036225,0.0,1.0723308,0.82779217,0.0,0.79466134,0.3942616,0.0,0.8412476,0.0,0.0,0.0,0.0,0.0,1
0.50764894,0.89532447,0.29606253,0.0,1.068944,1.4582459,1.3701268,0.0,1.1946722,1.9061999,0.0,0.7609381,0.0,2.8014176,0.0,1.136385,0.0,0.0,1.0675879,0.0,2.302206,0.3228518,0.0,0.0,1.2622012,0.0,0.0,0.07349627,0.56909585,0.0,0.0,0.0,0.3805257,0.77202874,0.8894107,0.0,0.0,1.1171595,0.29325554,1.3919269,0.0,0.0,1.0094085,0.0,0.60964185,0.0,0.0,0.5592843,0.09412573,0.0,0.6767567,0.0,0.08222716,0.0,0.56203663,0.0,1.7995104,0.050966684,0.0,0.3292623,0.2384185,0.10881408,1.4351429,0.0,0.3789551,0.0,0.0,0.0,0.36262304,1.3259095,0.0,0.0,0.5295674,1.4958177,1.0128579,1.0091814,0.0,0.36860114,1.4538555,0.6539883,0.6273256,0.0,0.027165126,2.837202,0.0,0.0,1.2069513,1.8111993,2.4420393,0.0,0.0,1.4900337,0.0,3.1837795,0.13408186,0.0,0.0,0.47468364,0.0,2.6660132,0.0,1.2670399,1.1049724,0.0,1.4161445,3.0828207,0.8361304,0.5197972,2.4890306,0.3870219,0.7951972,3.0205042,0.6162104,0.0,1.4838969,0.0,1.1231645,0.83135897,0.0,0.46756655,0.16615641,0.0,0.8779041,0.0,0.0,0.0,0.0,0.0,1
0.5180572,1.3574612,0.61828756,0.0,0.97244847,1.9614298,1.2558014,0.0,1.0244213,1.9076859,0.0,0.7167966,0.0,2.4484694,0.0,1.3959953,0.0,0.0,0.8088476,0.048567142,2.1359599,0.23321618,0.0,0.0,1.4524912,0.0,0.0,0.0,0.42994475,0.0,0.0,0.0,0.4092352,0.59893346,0.9485322,0.0,0.0,0.9306201,0.31047878,1.4489635,0.0,0.0,0.5621573,0.0,0.82496923,0.0,0.0,0.44139096,0.1673093,0.0,0.552328,0.0,0.051022787,0.0,0.7760436,0.0,2.003235,0.0,0.0,0.03498862,0.17578752,0.091765754,1.3146025,0.0,0.6522775,0.0,0.0,0.0,0.3851003,1.405581,0.0,0.0,0.6991783,1.5020771,0.7191905,1.0491703,0.0,0.36735767,1.5856624,0.8116088,0.8753391,0.0,0.2409268,2.4487534,0.0,0.0,1.3589327,1.7153286,2.2362328,0.025414165,0.0,1.7260673,0.0,3.3003397,0.17942156,0.0,0.0,0.23146826,0.0,2.7685168,0.0,1.3441485,1.0276997,0.0,1.2415828,3.4316237,0.71480495,0.51647997,2.5849679,0.56861156,0.7778637,2.941407,0.6014351,0.0,1.5890433,0.0,1.1237043,0.7549038,0.0,0.5616292,0.0,0.0,1.2828363,0.0,0.0,0.0,0.0,0.0,1
1.8296148,2.2487636,0.15511973,0.0,2.307676,0.060804483,1.46538,0.0,1.9186194,0.7055409,0.0,0.48075402,0.0,2.257284,0.0,0.0,0.0,0.0,0.32283118,0.0,0.9614123,0.16752486,0.0,0.0,0.62828255,0.060052995,0.0,0.30909854,0.7810876,0.0,0.0,0.0,1.1167222,0.0,1.9481342,0.0,0.0,2.433308,1.7380385,0.64524513,0.087324426,0.42876923,2.2645872,0.0,1.8330845,0.0,0.0,1.2877077,0.11470519,0.08649675,0.31321555,0.0,0.1516691,0.0,0.5129495,0.0,1.0637099,1.4080573,0.10790446,1.4424406,1.7972039,0.28530768,1.5450867,0.0,1.003716,0.0,0.0,0.0,1.2233247,0.7317378,0.0,0.0,0.0,0.67308253,0.17506266,0.290612,0.16720152,0.08958272,0.97559345,0.5529949,0.11599536,0.0,0.0,0.7007988,0.0,0.0,0.7665443,1.3852978,2.9505203,0.0,0.0,2.3895266,0.0,2.795817,1.7374831,0.0,0.0,1.2623941,0.0,2.4475074,0.0,2.4563515,0.69192183,0.0,1.0501295,2.3686855,1.1208278,0.0,2.1865392,1.4735372,1.4397969,2.6582146,0.841243,0.0,0.31439397,0.0,1.8717524,1.7837459,0.0,1.8739303,1.1428926,0.0,0.64244235,0.0,0.0,0.0,0.0,0.0,0
2.0212767,2.3776476,0.2360128,0.0,2.9306602,0.0,1.0907063,0.0,2.032698,0.70435077,0.0,0.23400557,0.0,2.4158344,0.0,0.0,0.0,0.0,0.69878954,0.0,0.75573826,0.0,0.0,0.0,0.6325084,0.11832411,0.0,0.85558635,0.5415034,0.0,0.0,0.0,1.6384363,0.0,2.0387964,0.0,0.0,2.689834,1.7581408,0.56177396,0.36698386,0.585702,2.5191023,0.0,1.6757743,0.0,0.0,1.5309794,0.19711728,0.23391885,0.39666983,0.0,0.0,0.0,0.7749414,0.0,1.2835537,1.5937862,0.0,1.8209528,1.8956072,0.15588301,1.5977901,0.0,0.90414417,0.0,0.0,0.0,1.4257287,0.54269314,0.0,0.0,0.0,0.08481495,0.0,0.33135656,0.35575244,0.009772338,1.0390185,0.8117616,0.025126895,0.0,0.0,0.9617536,0.0,0.0,0.2504245,0.9302799,2.799334,0.10300851,0.0,2.7379987,0.0,2.913384,1.5191097,0.0,0.0,1.3862629,0.0,2.3215194,0.0,2.5670455,0.5717577,0.0,0.958555,2.224538,0.29736927,0.0,2.2907586,1.53618,1.5684452,2.8277714,1.230054,0.0,0.4796914,0.0,1.7965857,1.8245984,0.0,1.784558,1.6568416,0.0,0.29674527,0.0,0.0,0.0,0.0,0.0,0
1.7937238,2.3464105,0.16371067,0.0,2.5863278,0.0,1.5368814,0.0,2.1739864,0.25024864,0.0,0.26350674,0.0,2.130767,0.0,0.0,0.0,0.0,0.37506774,0.0,1.186719,0.0,0.0,0.0,0.73137116,0.23642778,0.0,0.58596295,0.8534734,0.0,0.0,0.0,1.3613172,0.13594297,1.9613427,0.0,0.0,2.9456542,1.8009589,0.3675354,0.0932924,0.47650868,1.8436599,0.0,1.8297882,0.0,0.0,1.0724195,0.3777156,0.1392068,0.31372976,0.0,0.0,0.0,0.78704053,0.0,1.5374883,1.6380827,0.0,1.5317925,1.8802006,0.32383236,1.4241581,0.0,1.3118725,0.0,0.0,0.0,1.6545235,0.5380913,0.0,0.0,0.06066246,0.33065554,0.0,0.0,0.30231276,0.003608711,1.2326862,0.8251248,0.0,0.0,0.0,0.676648,0.0,0.0,0.60165495,1.0786067,2.6636543,0.1663495,0.0,2.5887825,0.0,2.4874265,1.6782942,0.0,0.0,1.4469277,0.0,2.324528,0.0,2.3848732,0.90137494,0.0,0.9743791,2.2578151,0.71914375,0.0,2.015678,1.6107135,1.4344934,2.6296582,1.2001781,0.0,0.6041387,0.0,1.9142373,1.9519962,0.0,1.7462987,1.7342011,0.0,0.13781385,0.0,0.0,0.0,0.0,0.0,0
0.4454106,1.1432648,0.10152401,0.0,1.319789,0.9665841,1.2232269,0.0,1.7507644,1.3773575,0.0,0.52135056,0.0,2.6584165,0.0,0.7313107,0.0,0.0,0.81898767,0.0,1.3738594,0.098897226,0.0,0.0,0.68976283,0.0,0.0,0.26199427,0.5668517,0.0,0.0,0.0,0.6966745,0.8134509,0.90932375,0.0,0.0,1.5140654,0.8534495,1.0597223,0.0,0.0,1.241881,0.0,1.2483536,0.0,0.0,0.7500921,0.033828303,0.1215706,0.87259734,0.0,0.16942768,0.0,0.6586628,0.0,1.4532322,0.5216369,0.0,0.6311342,0.7363212,0.17048451,1.418275,0.0,0.57294977,0.0,0.0,0.0,0.7356273,0.7496866,0.0,0.0,0.3327185,1.0951551,0.6200486,0.85443395,0.0,0.36832967,1.0515003,0.61923754,0.66311616,0.0,0.0,2.028149,0.0,0.0,0.8336831,1.666867,2.2056637,0.0,0.0,1.582788,0.0,3.1089425,0.49163598,0.0,0.0,0.80266297,0.0,2.5650907,0.0,1.447691,1.0011684,0.0,1.2931033,2.8024104,0.6779252,0.1724689,2.018443,0.69588506,0.8180932,3.0038908,0.89608115,0.0,1.1158534,0.0,1.2984596,1.0231706,0.0,0.9270013,0.755963,0.0,0.90637606,0.0,0.0,0.0,0.0,0.0,1
0.20396593,1.0592619,0.14705355,0.0,0.94948035,1.5589223,0.8495365,0.0,1.1400484,2.237845,0.0,0.68324053,0.0,2.6240134,0.0,1.2439964,0.0,0.0,0.8657053,0.0,1.9087127,0.5213921,0.0,0.0,1.1044593,0.0,0.0,0.1037028,0.4413939,0.0,0.0,0.0,0.42283833,1.1780367,0.5721825,0.0,0.0,1.0992664,0.4822354,1.3975862,0.0,0.0,0.800451,0.0,1.1550603,0.0,0.0,0.534769,0.0,0.1405113,1.0109044,0.0,0.30988032,0.0,0.94693357,0.0,1.7246348,0.107293256,0.0,0.15615515,0.48816645,0.18561399,1.6644778,0.0,0.23417673,0.0,0.0,0.0,0.271472,0.9278615,0.0,0.0,0.34235984,1.6942531,1.0432943,0.95147175,0.0,0.24082883,1.2174814,0.77781487,0.8036769,0.0,0.1843845,2.4274216,0.0,0.0,0.8969929,1.9459478,1.895221,0.0,0.0,0.82382643,0.0,3.3669064,0.44579637,0.0,0.0,0.5022094,0.0,2.4293952,0.0,0.72990566,0.78346956,0.0,1.2682337,3.0992005,0.8132161,0.37989187,2.0558152,0.40693188,0.6976618,3.035053,0.63479865,0.0,1.4928943,0.0,1.0478736,0.51281273,0.0,0.60167986,0.0,0.0,0.961284,0.0,0.0,0.0,0.0,0.0,1
1.2145268,1.9407198,0.04163705,0.0,1.6564676,0.22078794,1.4260366,0.0,2.0070744,0.40444246,0.0,0.4927865,0.0,2.1733546,0.0,0.18554084,0.0,0.0,0.4488454,0.0,1.0858663,0.0,0.0,0.0,0.5644175,0.31968158,0.0,0.658083,0.82188934,0.0,0.0,0.0,1.1057816,0.115577966,1.3404611,0.0,0.0,1.9381471,1.562052,0.98087233,0.0,0.0701028,1.3598583,0.0,1.4155321,0.0,0.0,1.0620351,0.0,0.16991039,0.73613745,0.0,0.0,0.0,0.8591327,0.0,1.3768653,1.1857165,0.0,1.276599,1.4380631,0.22352067,1.196798,0.0,0.8671743,0.0,0.0,0.0,1.6105071,0.7876589,0.0,0.0,0.0637581,0.65598214,0.23404753,0.0,0.27737325,0.23958339,1.2701483,0.86253154,0.37239543,0.0,0.0,1.3523481,0.0,0.0,0.8199071,1.3551211,1.7428575,0.0,0.0,1.8150241,0.0,2.273293,1.0621644,0.0,0.0,0.83415616,0.0,2.3494563,0.0,1.8566473,0.47640932,0.0,1.0308673,2.2571106,0.5682937,0.0,1.7029886,1.39953,1.1328504,2.960628,1.2141979,0.0,0.78246933,0.0,1.4570118,1.3358465,0.0,1.0936503,1.6997734,0.0,0.52805674,0.0,0.0,0.0,0.0,0.0,0
0.75122255,1.1310132,1.004198,0.0,0.4136369,2.0666015,1.2697947,0.0,0.65937656,1.957866,0.0,0.85042787,0.0,2.6432061,0.0,1.3195338,0.0,0.0,0.8394907,0.23052901,1.9732339,0.6215738,0.0,0.0,1.2791702,0.0,0.0,0.0,0.8363464,0.0,0.0,0.0,0.0,0.16751274,1.0639452,0.0,0.0,0.682439,0.15676565,1.6075298,0.0,0.0,0.22345988,0.0,0.25688106,0.0,0.0,0.2415256,0.25991562,0.0,0.14211199,0.0,0.23981172,0.0,0.28118882,0.0,1.4786048,0.09244097,0.0,0.15376405,0.0,0.0,1.6562263,0.042155094,0.8628159,0.0,0.0,0.0,0.121360466,1.8391695,0.0,0.0,0.92678195,1.5200117,0.8049882,0.8201902,0.0,0.15742226,2.107884,0.41582873,0.6693884,0.0,0.45847294,2.7724047,0.0,0.0,1.8899814,2.178389,2.4593878,0.0,0.0,1.8101361,0.0,2.9879456,0.13420685,0.0,0.14054772,0.16936922,0.0,3.059644,0.0,0.76268476,0.9089297,0.0,1.4312936,3.4131896,1.3337798,0.52387017,2.619273,0.12178901,0.29481602,2.9227118,0.35246864,0.0,1.950904,0.0,0.97582614,1.098247,0.0,0.38920295,0.0,0.0,1.3831527,0.0,0.0,0.0,0.0,0.0,1
1.6277262,2.012222,0.3907606,0.0,1.8225653,0.45538348,1.655991,0.0,1.3587612,0.59742904,0.0,0.17385612,0.0,2.6741104,0.0,0.0,0.0,0.0,0.28434822,0.0,1.3368168,0.0,0.0,0.0,0.26256344,0.0,0.0,0.25560322,1.0191041,0.13477837,0.0,0.0,1.3121517,0.15747362,1.9324249,0.0,0.0,2.4774837,1.1450857,0.43339407,0.0,0.18598837,1.4630646,0.0,1.4710675,0.0,0.0,1.1527929,0.17954768,0.0,0.0,0.0,0.19077976,0.0,0.25709,0.0,1.3610048,1.2636386,0.0,1.2564943,1.2716987,0.35310873,1.3072265,0.0,0.81859076,0.0,0.0,0.0,1.1989841,1.4093367,0.0,0.0,0.31025144,0.5657219,0.4365652,0.23657183,0.48565266,0.16462184,1.7647802,0.48631424,0.0,0.0,0.0,1.0668585,0.0,0.0,1.6060861,1.738946,3.0679495,0.0,0.0,2.524872,0.0,1.8984253,1.1855601,0.0,0.10495371,1.181051,0.0,2.6090872,0.0,2.4944718,0.8242688,0.0,1.250257,2.0707572,1.3077481,0.06432129,2.4594972,1.3070294,1.7035412,2.6759307,0.94203556,0.0,0.75738555,0.0,2.0248334,2.4163055,0.0,1.200522,1.1147902,0.0,0.36309922,0.0,0.0,0.0,0.0,0.0,0
0.9397707,1.5854927,0.57890373,0.0,0.5470036,2.6081305,1.5020542,0.0,1.0008609,2.491688,0.0,0.37456223,0.0,2.7187793,0.0,1.6190757,0.0,0.0,0.89824075,0.05099578,2.4075375,0.9148316,0.0,0.0,1.2230898,0.0,0.0,0.0,0.7231727,0.0,0.0,0.0,0.16994517,1.0364047,1.1029603,0.0,0.0,0.8292292,0.07838224,1.6171905,0.0,0.080900244,0.10550042,0.0,0.495624,0.0,0.0,0.048316717,0.035196528,0.0,0.15870139,0.0,0.41813484,0.0,0.5655216,0.13159788,1.6881591,0.0,0.0,0.0,0.0,0.3306436,1.5011113,0.18464413,0.5840334,0.0,0.0,0.0,0.0,1.7737983,0.0,0.0,0.881984,2.3779633,0.90983444,1.5089895,0.0,0.51943284,1.7099587,0.59799963,0.4514794,0.0,0.3626738,2.496286,0.0,0.0,1.4504608,2.0918543,1.9011902,0.08062407,0.0,1.0419548,0.03802392,3.2576842,0.0,0.0,0.36468717,0.021605082,0.0,2.931813,0.0,0.83591634,0.8144747,0.0,1.2892828,3.007501,1.482368,0.6459169,2.9117553,0.49348179,0.93758154,2.7215257,0.2183023,0.0,1.7561423,0.0,1.0457042,0.94818735,0.0,0.0,0.0,0.0,1.1876746,0.0,0.0,0.0,0.0,0.0,1
1.5635924,2.232919,0.0,0.0,1.6694635,0.46916938,1.402156,0.0,1.7115933,0.5671168,0.0,0.052739993,0.0,2.4000745,0.0,0.1382793,0.0,0.0,0.52113,0.0,1.3717408,0.0,0.0,0.0,0.53407896,0.0,0.0,0.15870431,0.763779,0.0,0.0,0.0,1.3301837,0.22067554,1.6531869,0.0,0.0,2.1217775,1.535047,0.57073843,0.07519834,0.21325988,1.6136929,0.0,1.4541554,0.0,0.0,0.9142304,0.29326126,0.0,0.4905473,0.0,0.0,0.0,0.65907174,0.0,1.3316492,1.1960089,0.0,1.1501501,1.576093,0.27187228,1.1841207,0.0,0.86384296,0.0,0.0,0.0,1.1756815,0.63314885,0.0,0.0,0.10050657,0.95675194,0.15966958,0.3324522,0.23655298,0.15559708,1.5086634,0.88728094,0.0,0.0,0.0,1.1408409,0.0,0.0,1.0409169,1.143852,2.4381385,0.1464439,0.0,1.9549854,0.0,2.3735867,1.1342459,0.0,0.19202691,0.8169005,0.0,2.2503088,0.0,2.0384128,0.6339421,0.0,1.2989805,2.2911415,0.87475485,0.047269948,2.3707902,1.6399814,1.427888,2.476304,1.0583779,0.0,0.8923855,0.0,1.626658,1.6690242,0.0,1.1018872,1.1768032,0.0,0.47624683,0.0,0.0,0.0,0.0,0.0,0
0.8357672,1.0821761,0.8678313,0.0,0.7406861,1.5884674,1.6284124,0.0,0.83110714,2.2542517,0.0,1.0082912,0.0,2.4425192,0.0,1.4301577,0.0,0.0,0.56317025,0.0,2.0810428,0.35697594,0.0,0.0,1.0740255,0.0,0.0,0.01553808,0.7251383,0.0,0.0,0.0,0.20514841,0.15303805,1.1574204,0.0,0.0,0.48839736,0.2563882,1.7711762,0.0,0.0,0.39955688,0.0,0.28268647,0.0,0.0,0.18423983,0.0,0.0,0.31462556,0.0,0.2004209,0.0,0.27524906,0.0,1.5155916,0.0,0.0,0.14822327,0.0,0.08680721,1.479445,0.0,0.52544236,0.0,0.0,0.0,0.5697987,1.9441969,0.0,0.0,0.93307585,1.4930509,0.6221451,1.2131239,0.0,0.22353072,1.3492649,0.6151595,0.55939734,0.0,0.29754612,2.478805,0.0,0.0,1.4550296,2.1433299,2.36843,0.0,0.0,1.2431122,0.0,2.9625182,0.0,0.0,0.018385414,0.38078314,0.0,2.9693882,0.0,0.9761146,0.9017792,0.0,1.1151047,3.00111,1.1714712,0.42894188,2.5980148,0.120184466,0.58433044,3.0433662,0.31459156,0.0,1.7884212,0.0,0.9283044,1.1397451,0.0,0.38722438,0.0,0.0,1.2173394,0.0,0.0,0.0,0.0,0.0,1
0.12954444,0.6914762,1.1448487,0.0,0.9846247,2.2274528,1.4664323,0.0,1.0003626,2.2680192,0.0,0.6026981,0.0,2.996537,0.0,2.0104954,0.0,0.0,1.0713674,0.0,1.8574245,0.5343041,0.0,0.0,1.1593404,0.0,0.0,0.0,0.8169505,0.0,0.0,0.0,0.26416773,0.41897684,0.64236933,0.0,0.0,0.80287737,0.0,2.0123265,0.0,0.0,0.020207126,0.0,0.7681482,0.0,0.0,0.48477763,0.0,0.0,0.92533314,0.0,0.16868077,0.0,1.0116241,0.11112016,1.3954256,0.0,0.0,0.3843267,0.27077156,0.16739649,2.1374717,0.0,0.53255063,0.0,0.0,0.0,0.0,1.1567674,0.0,0.0,0.80344236,1.593062,0.8730062,0.84683514,0.0,0.024848051,1.7079985,0.31890061,1.0616535,0.0,0.1892338,2.5851645,0.0,0.0,1.3338617,2.435801,1.7570964,0.0,0.0,0.6527124,0.0,3.1182709,0.09684001,0.0,0.0,0.448237,0.0,2.9975185,0.0,0.9007326,0.8626452,0.0,1.0998732,3.3810713,1.5456007,0.5709022,1.9709648,0.691082,0.41931546,3.2215445,0.40759405,0.0,1.6562524,0.0,0.80641407,0.38112485,0.0,0.40455255,0.0,0.0,1.145729,0.0,0.0,0.0,0.0,0.0,1
0.7877766,0.6365657,0.66841567,0.0,0.5781642,1.6601,1.5432463,0.0,1.0220432,2.272242,0.0,1.3111347,0.0,2.631936,0.0,1.3390887,0.0,0.0,1.0220369,0.06195293,1.7250593,0.38221908,0.0,0.0,1.0910778,0.0,0.0,0.08059458,0.6834784,0.0,0.0,0.0,0.0,0.2001715,1.1093869,0.0,0.0,0.4353342,0.14640485,1.5899667,0.0,0.0,0.38428783,0.0,0.14767417,0.0,0.0,0.2000206,0.0753362,0.0,0.53575766,0.0,0.10843625,0.0,0.28324813,0.10428535,1.3214136,0.0,0.0,0.0,0.0,0.02332514,1.3933294,0.06252455,0.6799556,0.0,0.0,0.0,0.28553975,1.731579,0.0,0.0,0.5732408,1.5883521,0.921101,1.1094927,0.0,0.48998803,1.795707,0.5738872,0.6171267,0.0,0.12300886,3.1248455,0.0,0.0,1.5110341,2.0871966,2.296826,0.0,0.0,1.0881864,0.0,2.703446,0.05658956,0.0,0.0,0.0,0.0,3.0667956,0.0,0.6393803,0.7691159,0.0,1.3229402,3.3486857,1.2011008,0.7017603,2.5762136,0.0076829055,0.32154563,3.021929,0.26114193,0.0,1.7093512,0.0,0.5279516,0.5020099,0.0,0.007842679,0.0,0.0,1.0143611,0.074516006,0.0,0.0,0.0,0.0,1
1.2548206,1.4517696,0.41039795,0.0,1.3981748,0.7688664,1.2764909,0.0,1.521412,1.2672956,0.0,0.51102525,0.0,2.3775296,0.0,0.60704684,0.0,0.0,0.3235191,0.0,1.0875525,0.0,0.0,0.0,0.6978644,0.0,0.0,0.42771497,1.1742866,0.0,0.0,0.0,0.5875502,0.27452,1.7095828,0.0,0.0,1.582494,1.328676,1.2958816,0.09833275,0.3246343,1.245699,0.0,1.0794227,0.0,0.0,0.75289893,0.035429105,0.0,0.2056304,0.0,0.22725548,0.0,0.24749927,0.0,1.3093804,1.0047703,0.0,0.83720547,1.1724044,0.035739984,1.3484478,0.0,0.7877756,0.0,0.0,0.0,0.8252423,1.3067505,0.0,0.0,0.6839069,0.88040173,0.48239064,0.42208818,0.0,0.16406836,1.1873257,0.4011621,0.10825483,0.0,0.0,1.6531264,0.0,0.0,1.0508205,1.649401,2.5688176,0.0,0.0,1.748832,0.0,2.5137553,0.48052004,0.0,0.0,0.42386615,0.0,2.3829582,0.0,1.6019386,0.5709242,0.0,0.9671012,2.7164896,0.9507337,0.0,2.1773627,1.2021084,0.99118686,3.1009223,0.61516523,0.0,1.4361564,0.0,0.948698,1.3923209,0.0,1.08128,0.8020454,0.0,0.79390585,0.0,0.0,0.0,0.0,0.0,0
1.1871936,1.8860055,0.40149808,0.0,1.2004418,0.937189,1.852421,0.0,1.3245057,0.94090056,0.0,0.27217907,0.0,2.4539516,0.0,0.71528435,0.0,0.0,0.09680438,0.16417809,1.5665225,0.100323595,0.0,0.0,0.459874,0.0,0.0,0.0,0.89916044,0.0,0.0,0.0,0.7538074,0.3971872,1.343779,0.0,0.0,1.7290282,1.0464476,0.866947,0.0,0.0,1.0058141,0.0,1.3603593,0.0,0.0,0.73003393,0.0561914,0.0,0.10087301,0.0,0.15197887,0.0,0.49423718,0.0,1.4695083,0.87878287,0.0,0.89841604,1.0040581,0.44068623,1.2193882,0.0,0.9064378,0.0,0.0,0.0,1.0707077,1.3508089,0.0,0.0,0.27302754,1.055878,0.4551782,0.3892174,0.0,0.0,1.6114557,0.6163763,0.05459444,0.0,0.0,1.5278591,0.0,0.0,1.4451319,1.228408,2.3673363,0.0,0.0,1.4190109,0.0,2.4532332,0.76886624,0.0,0.29418737,0.6539904,0.0,2.460404,0.0,1.7230146,0.81080365,0.0,1.2025627,2.1952288,1.5849179,0.24477962,2.2472856,1.3920219,1.3982688,2.4741023,0.30796185,0.0,0.87404835,0.0,1.7369498,1.7056057,0.0,0.73367304,0.6694272,0.0,0.56544685,0.0,0.0,0.0,0.0,0.0,0
1.2530638,1.9298816,0.27516446,0.0,0.92549163,1.3593502,1.7748837,0.0,1.3523455,1.2228658,0.0,0.34010002,0.0,2.4457464,0.0,0.68491125,0.0,0.0,0.39271054,0.20748374,2.1225286,0.18558364,0.0,0.0,1.1794817,0.0,0.0,0.21827245,0.7098679,0.0,0.0,0.0,0.57112443,0.7503975,0.96654534,0.0,0.0,1.4638909,0.62111145,1.2542351,0.0,0.08065479,0.5694234,0.0,1.150599,0.0,0.0,0.23123023,0.0,0.0,0.0,0.0,0.0,0.0,0.64773434,0.0,1.2122735,0.27797663,0.0,0.26231134,0.9366237,0.30405146,1.042248,0.03300132,0.95800227,0.0,0.0,0.0,0.84751415,1.4374865,0.0,0.0,0.6756244,1.3504702,0.6979703,0.49244407,0.0,0.23974355,1.3691016,0.49371377,0.23878308,0.0,0.029025938,1.7228979,0.0,0.0,1.0297538,1.5557741,2.1136334,0.0,0.0,1.7198588,0.0,2.3716903,0.82910925,0.0,0.57046217,0.51002514,0.0,2.0901706,0.0,1.5458757,0.89258564,0.0,1.1608623,2.549541,1.7493572,0.28933483,2.1608806,0.79216367,1.2612185,2.3696582,0.71320224,0.0,1.3734907,0.0,1.2660558,1.5867463,0.0,0.8488576,0.0,0.0,0.67048633,0.0,0.0,0.0,0.0,0.0,0
0.5780778,1.2159152,0.7640618,0.0,0.58546627,2.0520198,1.6771817,0.0,1.3882476,2.9720821,0.0,0.69170654,0.0,2.871344,0.0,1.7470436,0.0,0.0,1.3181111,0.0,2.3264158,0.9810753,0.0,0.0,1.3332727,0.0,0.0,0.017771108,0.7872737,0.0,0.0,0.0,0.0,0.9021969,1.2266572,0.0,0.0,0.3377938,0.107416935,1.7144164,0.0,0.0,0.27892116,0.0,0.51680136,0.0,0.0,0.0,0.07415964,0.0,0.49559143,0.0,0.34874678,0.0,0.6941142,0.21035945,1.7737163,0.24062485,0.0,0.10304326,0.0,0.17840412,1.6788968,0.09728942,0.34652582,0.0,0.0,0.0,0.0,1.5552684,0.0,0.0,0.8924574,2.1617126,1.0016673,1.0404053,0.0,0.5114686,1.6216211,0.67114353,0.7875464,0.0,0.0,3.3575382,0.0,0.0,1.4678887,2.1527374,2.0928562,0.0,0.0,1.0034062,0.0,3.259873,0.0,0.0,0.13163197,0.0,0.0,2.9894316,0.0,0.583257,0.9226701,0.0,1.7630427,3.3702674,1.0876423,0.5211805,2.9340556,0.111146346,0.8835282,3.0253632,0.52582604,0.0,2.2153022,0.0,0.9433703,0.77161777,0.0,0.02241953,0.0,0.0,1.5018153,0.0,0.0,0.0,0.0,0.0,1
1.8710548,2.5363905,0.20893306,0.0,2.3753195,0.0,1.7567923,0.0,1.7889756,0.6848503,0.0,0.40937138,0.0,2.1350944,0.0,0.0,0.0,0.0,0.5066027,0.0,0.8572933,0.0,0.0,0.0,0.5379899,0.0,0.0,0.5668944,0.9514155,0.0,0.0,0.0,1.3582778,0.064777106,2.0173585,0.0,0.0,2.7004642,1.7985718,0.57282865,0.0,0.5420701,2.3543203,0.0,1.7092613,0.0,0.0,1.2175434,0.19073272,0.36003608,0.51797694,0.0,0.018746633,0.0,0.8627768,0.0,1.1691145,1.6112123,0.2667797,1.3202161,1.8977077,0.43606955,1.4856914,0.0,0.9873015,0.0,0.0,0.0,1.3945483,0.77904874,0.0,0.0,0.0,0.4918699,0.30963653,0.12110237,0.5128302,0.105665125,0.9803412,0.75870675,0.010490296,0.0,0.0,0.8950259,0.0,0.0,0.8818074,0.87924993,2.9280481,0.10696569,0.0,2.4601226,0.0,2.6322787,1.3934557,0.0,0.0,1.3476139,0.0,2.3843045,0.0,2.3209512,0.64935344,0.0,0.8435519,2.398893,0.8184358,0.0,2.395984,1.5703549,1.6091305,2.6223943,0.9510547,0.0,0.5930973,0.0,1.9339048,1.7838987,0.0,1.7414764,1.2072043,0.0,0.36257514,0.0,0.0,0.0,0.0,0.0,0
2.1133854,2.7690878,0.0,0.0,2.7552905,0.0,1.6180494,0.0,2.1209016,0.0,0.0,0.0,0.0,2.6870246,0.0,0.0,0.0,0.0,0.41692004,0.0,1.485841,0.0,0.0,0.0,0.7414955,0.0,0.0,0.45512167,0.67998034,0.0,0.0,0.0,1.8087018,0.18389027,2.0368903,0.0,0.0,3.0859733,1.8951186,0.0,0.008060019,0.7558488,2.6900284,0.0,1.6796961,0.0,0.0,1.6429269,0.14072804,0.5487401,0.035522804,0.0,0.0,0.0,1.5142971,0.0,1.5196079,1.1571739,0.83997476,1.8641013,2.2856915,0.0,1.1505674,0.0,0.83089006,0.0,0.0,0.0,1.7444891,0.22950323,0.0,0.0,0.0,0.0,0.21118724,0.42670706,0.441408,0.10580171,1.8679074,1.2757139,0.0,0.0,0.0,0.41733247,0.0,0.0,0.5757417,0.8092818,3.17983,0.0,0.0,2.864651,0.0,2.499299,1.7913638,0.0,0.0,1.8998448,0.0,2.1852853,0.0,2.7788877,0.8986413,0.0,1.5464619,1.828316,0.10269681,0.0,1.8366241,1.7145315,1.7274281,2.034959,1.6225826,0.0,0.0,0.0,2.4438615,2.6412773,0.0,1.7444828,2.0570002,0.0,0.08559709,0.0,0.0,0.0,0.0,0.0,0
0.52631724,0.86109054,0.5693747,0.0,0.5495532,1.877101,0.9535602,0.0,1.1001459,2.1439717,0.0,0.038887702,0.0,2.918479,0.0,1.3417618,0.0,0.0,0.5965561,0.0,2.0675254,0.63150805,0.0,0.0,0.99616176,0.0,0.0,0.09490596,0.5252457,0.0,0.0,0.0,0.20904447,0.8944612,0.8009038,0.0,0.0,0.7402665,0.0,1.4580628,0.0,0.0,0.4425902,0.0,0.4783694,0.0,0.0,0.4798329,0.24926902,0.0,0.72670925,0.0,0.6928165,0.0,0.5973665,0.0,2.151564,0.0,0.0,0.0,0.0,0.19474798,1.5706147,0.0,0.39548442,0.0,0.0,0.0,0.0,1.239748,0.0,0.0,0.47176817,1.7313198,1.0725609,1.2983338,0.0,0.17666508,1.2764728,0.5970237,0.59456515,0.0,0.28805766,2.338968,0.0,0.0,1.4338989,1.8130141,2.129034,0.10068302,0.0,1.0816592,0.0,3.3692658,0.0,0.0,0.075829305,0.4617449,0.0,2.6853116,0.0,1.0245764,1.0177457,0.0,1.2999377,3.113237,0.8145328,0.5965228,2.5171049,0.48748985,0.57493883,2.830455,0.6368905,0.0,1.7304125,0.0,0.95098597,0.80840313,0.0,0.3635749,0.0,0.0,0.9595919,0.0,0.0,0.0,0.0,0.0,1
0.22810838,1.2200915,0.33438838,0.0,0.7437811,1.7470646,1.1119732,0.0,1.5863448,2.1731057,0.0,0.3923771,0.0,3.1980934,0.0,1.3400447,0.0,0.0,0.88326746,0.0,2.0585203,0.4871743,0.0,0.0,1.1798725,0.0,0.0,0.16544168,0.66729605,0.0,0.0,0.0,0.5889571,1.2928674,0.70821506,0.0,0.0,0.8766089,0.0,1.5362079,0.0,0.0,0.48400003,0.0,0.93256754,0.0,0.0,0.3311668,0.0,0.09627139,1.0141923,0.0,0.8484264,0.0,1.1617993,0.0,1.7360705,0.0,0.0,0.22212158,0.20158432,0.3399098,1.8996311,0.0,0.2833331,0.0,0.0,0.0,0.0,0.9493594,0.0,0.0,0.56420517,1.6805142,1.1339215,1.2433492,0.0,0.36563888,1.1982075,0.44163734,0.7468792,0.0,0.231322,2.4486122,0.0,0.0,1.0637056,2.0596616,1.8863939,0.27029386,0.0,0.53478956,0.0,3.3937237,0.0,0.0,0.0,0.3739494,0.0,2.6657224,0.0,1.0557625,0.81076956,0.0,1.5103673,3.0644138,0.82599473,0.74779344,2.2202218,0.37481457,0.81946534,2.624834,0.86558366,0.0,1.6582137,0.0,1.2182971,0.5352886,0.0,0.22629662,0.0,0.0,0.9624005,0.0,0.0,0.0,0.0,0.0,1
0.30570638,1.0679564,0.6196352,0.0,0.5902221,1.9871237,1.3096042,0.0,1.1232975,2.0047026,0.0,0.20611835,0.0,3.1075945,0.0,1.1571974,0.0,0.0,0.6798846,0.014832701,2.3255758,0.46080694,0.0,0.0,1.1382625,0.0,0.0,0.2716097,0.54637897,0.0,0.0,0.0,0.0479222,0.88283795,0.733524,0.0,0.0,0.80830437,0.0,1.4331782,0.0,0.0,0.3389961,0.0,0.69667536,0.0,0.0,0.0,0.11465795,0.0,0.5788772,0.0,0.5611026,0.0,0.67162484,0.0,2.0941827,0.0,0.0,0.04231297,0.18940453,0.24383783,1.6593304,0.057970934,0.8470359,0.0,0.0,0.0,0.0,1.531768,0.0,0.0,0.6440029,1.7999247,0.97560734,1.2558533,0.0,0.42699635,1.5087473,0.8894603,0.7257882,0.0,0.22808963,2.6485343,0.0,0.0,1.4847053,1.8901136,1.9080373,0.0,0.0,1.008007,0.004321141,3.2518184,0.0,0.0,0.1386734,0.21125787,0.0,2.791445,0.0,1.0304924,1.1570778,0.0,1.418952,3.0381296,1.1677772,0.6092468,2.7018974,0.21026404,0.7587947,2.744093,0.44457915,0.0,1.816342,0.0,1.2497853,0.81281394,0.0,0.27717695,0.0,0.0,0.9262069,0.0,0.0,0.0,0.0,0.0,1
1.851205,2.0525753,0.025571633,0.0,2.4858713,0.0,1.2835486,0.0,2.0373106,0.6693149,0.0,0.37990883,0.0,2.1379998,0.0,0.08003227,0.0,0.0,0.45169607,0.0,1.028807,0.0,0.0,0.0,0.8994855,0.104186244,0.0,0.63097954,0.42552018,0.0,0.0,0.0,1.3986447,0.22322127,1.7489898,0.0,0.0,2.4947882,1.6793189,0.7366945,0.083483085,0.35250372,2.245058,0.0,1.7080715,0.0,0.0,1.324537,0.0,0.2593683,0.4574244,0.0,0.0068342583,0.0,0.92223454,0.0,1.2196656,1.060591,0.0,1.2482159,1.6935972,0.30209905,1.3544959,0.0,0.86279196,0.0,0.0,0.0,1.1640489,0.30693322,0.0,0.0,0.0,0.16146685,0.0,0.25510874,0.4316361,0.0,0.7474735,0.72367793,0.0,0.0,0.0,0.9672955,0.0,0.0,0.3722267,1.2569237,2.6246457,0.0,0.0,2.1678147,0.0,2.743537,1.4052465,0.0,0.0,1.3626076,0.0,2.2319353,0.0,2.1356213,0.74910414,0.0,0.93141836,2.2666135,0.6304845,0.0,1.8322649,1.3009082,1.3389864,2.713209,0.9590509,0.0,0.3765954,0.0,1.5260911,1.5700436,0.0,1.8152865,1.1708512,0.0,0.33631736,0.0,0.0,0.0,0.0,0.0,0
1.6169829,1.9005053,0.23175515,0.0,2.1014667,0.2932272,1.6140932,0.0,1.9595317,0.30418298,0.0,0.8687663,0.0,2.115972,0.0,0.30105206,0.0,0.0,0.5103484,0.0,0.90421283,0.0,0.0,0.0,0.5755021,0.46512896,0.0,0.4600074,0.9279172,0.0,0.0,0.0,1.2683563,0.0,1.9594747,0.0,0.0,2.0658305,1.5299828,0.90876704,0.18394576,0.21035373,1.3034185,0.0,1.6016531,0.0,0.0,1.0106682,0.2018613,0.0,0.33353925,0.0,0.0,0.0,0.47138694,0.0,1.4878832,1.153357,0.0,1.2286247,1.4676298,0.26321244,1.2723483,0.0,1.13234,0.0,0.0,0.0,1.1997535,1.1266296,0.0,0.0,0.4701733,0.67452145,0.049844146,0.3179163,0.0,0.13797654,1.0066344,0.62564,0.0,0.0,0.0,0.71518713,0.0,0.0,0.9185352,1.6819286,2.4779263,0.0,0.0,1.9753132,0.0,2.2559547,0.9273203,0.0,0.0,0.91124046,0.0,2.398677,0.0,2.0173392,0.56360936,0.0,0.7447051,2.3946002,1.1145531,0.0,1.873055,1.538609,1.0082024,2.8667371,0.82297707,0.0,0.9546465,0.0,1.2285656,1.861097,0.0,1.5207158,0.9047492,0.0,0.76425636,0.0,0.0,0.0,0.0,0.0,0
1.8478487,1.9937596,0.08754788,0.0,2.5055604,0.0,1.1472621,0.0,2.239156,0.22003826,0.0,0.5140809,0.0,2.1358185,0.0,0.0,0.0,0.0,0.42852175,0.0,0.922322,0.0,0.0,0.0,0.58324075,0.10153753,0.0,0.91003126,0.4099049,0.0,0.0,0.0,1.2467966,0.0,2.1497924,0.0,0.0,2.4366531,1.7730467,0.33502716,0.16766553,0.4767022,2.1442602,0.0,1.4332446,0.0,0.0,1.3200265,0.0892057,0.0,0.185128,0.0,0.0,0.0,0.7250384,0.0,1.2818044,1.5008234,0.0,1.5725247,1.6245437,0.0,1.370062,0.0,1.0065206,0.0,0.0,0.0,1.1786733,0.771467,0.0,0.0,0.0,0.36434898,0.09109163,0.20371823,0.30522093,0.17188455,1.1527847,0.8874412,0.011236934,0.0,0.0,0.74631304,0.0,0.0,0.6486754,1.095827,2.8407283,0.006610376,0.0,2.936134,0.0,2.410081,1.6267495,0.0,0.0,1.277173,0.0,2.1883013,0.0,2.4989622,0.7682303,0.0,1.0313592,2.441793,0.43925983,0.0,1.6980474,1.4810716,1.0991248,2.720844,1.0853939,0.0,0.47392094,0.0,1.6253736,1.6184486,0.0,1.9305199,1.4928223,0.0,0.22944523,0.0,0.0,0.0,0.0,0.0,0
1.7222204,1.7457595,0.21709,0.0,2.0687964,0.073151626,1.1790862,0.0,1.7684625,0.74125886,0.0,0.72551596,0.0,2.1968527,0.0,0.06596366,0.0,0.0,0.512548,0.0,0.9239127,0.0,0.0,0.0,0.8529871,0.05648345,0.0,0.55219585,0.62422854,0.0,0.0,0.0,1.1619099,0.0,1.7873483,0.0,0.0,2.1780927,1.5097167,0.7249118,0.3442637,0.20083773,1.8535933,0.0,1.4440131,0.0,0.0,1.1754049,0.063051626,0.0,0.43370065,0.0,0.0,0.0,0.72134763,0.0,1.2485265,1.2244197,0.0,1.1774998,1.4699163,0.12243863,1.535467,0.0,0.72615856,0.0,0.0,0.0,1.0291644,0.87744766,0.0,0.0,0.10304802,0.5771518,0.3256479,0.119844,0.23091555,0.052970894,0.893119,0.79127574,0.14490926,0.0,0.0,1.1324599,0.0,0.0,0.54580724,1.3692877,2.6265736,0.0,0.0,2.4111876,0.0,2.5616617,1.464441,0.0,0.0,1.0008253,0.0,2.3373497,0.0,2.096363,0.7254975,0.0,1.1009629,2.6940098,0.7355629,0.011823303,2.0310295,1.4007721,1.0363699,2.8104265,1.0701157,0.0,0.8972997,0.0,1.3012446,1.6678696,0.0,1.5875587,1.1348681,0.0,0.52333504,0.0,0.0,0.0,0.0,0.0,1
1.3874243,2.1263416,0.2658325,0.0,2.0202513,0.20618078,1.5016544,0.0,1.5662147,0.3793393,0.0,0.22914726,0.0,1.9945323,0.0,0.0,0.0,0.0,0.2543362,0.0,0.72789603,0.0,0.0,0.0,0.31454974,0.0,0.0,0.2784994,0.9177504,0.00929539,0.0,0.0,1.0853233,0.18331829,1.7633264,0.0,0.0,2.7872043,1.5111666,0.41178194,0.0,0.2619397,1.9523759,0.0,1.964085,0.0,0.0,1.0314951,0.23219794,0.0,0.16538781,0.0,0.023493279,0.0,0.6860792,0.0,1.4367329,1.4984536,0.48324105,1.2859526,1.7429053,0.34513685,1.1797646,0.0,1.0631568,0.0,0.0,0.0,1.1774594,1.0851462,0.0,0.0,0.12556668,0.27042234,0.315715,0.0,0.38819158,0.0,1.3230292,0.5117129,0.0,0.0,0.0,0.38824898,0.0,0.0,1.2927572,1.1334782,2.9265823,0.17192644,0.0,2.5966322,0.0,2.1886113,1.2623231,0.0,0.0,1.1524241,0.0,2.129574,0.0,2.481823,0.88782036,0.0,0.93485564,2.0708382,1.2476016,0.0,1.9753282,1.6550548,1.6212494,2.5805743,0.8042176,0.0,0.45936695,0.0,2.1208782,2.1023378,0.0,1.4947425,1.110342,0.0,0.2603266,0.0,0.0,0.0,0.0,0.0,0
0.5978914,1.0009803,0.41809267,0.0,0.8103935,1.6160864,1.205,0.0,1.1532086,2.2053893,0.0,0.5186379,0.0,2.8243709,0.0,1.1677213,0.0,0.0,0.9346713,0.35110107,1.99791,0.518862,0.0,0.0,1.0547403,0.0,0.0,0.0,0.5457646,0.0,0.0,0.0,0.29554862,0.6669631,0.77726686,0.0,0.0,0.89918256,0.60702723,1.4570692,0.0,0.0,0.42409006,0.0,0.8091998,0.0,0.0,0.16825365,0.024153069,0.0,0.37166876,0.0,0.25987592,0.0,0.6910288,0.0,1.4145281,0.0,0.0,0.21579145,0.5679854,0.0,1.254389,0.0,0.24098954,0.0,0.0,0.0,0.54026806,1.1357151,0.0,0.0,0.4151038,1.4069558,0.99797875,0.74837637,0.0,0.16298874,1.4504771,0.66373426,0.66682714,0.0,0.08299485,2.787814,0.0,0.0,1.313267,1.6333739,2.4714603,0.0,0.0,1.0764545,0.0,2.7583375,0.39895302,0.0,0.2190817,0.35901845,0.0,2.5701625,0.0,0.59078306,0.82935166,0.0,1.2233076,3.1253197,0.9255298,0.6047739,2.4092672,0.0,0.65767366,2.4651778,0.5727752,0.0,1.1462654,0.0,0.9442804,0.51565886,0.0,0.63584477,0.032982353,0.0,0.8457046,0.0,0.0,0.0,0.0,0.0,1
1.7232751,2.009949,0.24980283,0.0,1.7417672,0.25693652,1.8013269,0.0,1.73387,0.5894217,0.0,0.08666348,0.0,2.3155322,0.0,0.018669643,0.0,0.0,0.0858613,0.0,1.1081686,0.0,0.0,0.0,0.23774365,0.0,0.0,0.3889542,0.87461555,0.08344422,0.0,0.0,1.1214987,0.048947155,1.5628732,0.0,0.0,2.3317873,1.0560249,0.47205102,0.0,0.06620859,1.4316114,0.0,1.5983813,0.0,0.0,0.9545618,0.09362437,0.0,0.42265117,0.0,0.01980393,0.0,0.35021755,0.0,1.2746404,1.3125954,0.0,1.1249775,1.2255515,0.6604287,1.2731698,0.0,1.0179546,0.0,0.0,0.0,1.3623956,0.87598693,0.0,0.0,0.08022597,0.8445514,0.2957378,0.0016287973,0.36957246,0.0054426864,1.5479131,0.58201873,0.0,0.0,0.0,0.67362994,0.0,0.0,1.4076815,1.4160582,2.7867465,0.0,0.0,2.2623796,0.0,2.1406198,1.3429899,0.0,0.098449536,0.8012227,0.0,2.2624507,0.0,2.3652294,0.8354055,0.0,1.0681335,2.038815,1.2224306,0.20857662,2.2315602,1.2760727,1.4572358,2.7876306,0.8351709,0.0,0.8963269,0.0,1.8555332,1.9256179,0.0,1.2496353,1.2749479,0.0,0.38418564,0.0,0.0,0.0,0.0,0.0,0
1.5804532,1.9206285,0.22994731,0.0,1.4195437,0.6908605,1.6086996,0.0,1.54961,0.7665237,0.0,0.0,0.0,2.3695188,0.0,0.31667635,0.0,0.0,0.11795118,0.0,1.1306738,0.0,0.0,0.0,0.39543107,0.0,0.0,0.11174132,1.0368428,0.0,0.0,0.0,1.2743285,0.17854664,1.7995349,0.0,0.0,1.9917868,1.2234482,0.83786947,0.0,0.0,1.2895869,0.0,1.7698836,0.0,0.0,0.9461032,0.1955397,0.0,0.38103843,0.0,0.0,0.05842783,0.6106986,0.0,1.0917473,1.0577424,0.0,0.85787034,1.2995265,0.31901115,0.98416185,0.0,1.0103279,0.0,0.0,0.0,0.9997324,0.61254686,0.0,0.0,0.4598145,1.2279223,0.5053108,0.28009155,0.117960535,0.05658043,1.4710991,0.6357868,0.0,0.0,0.0,0.87749016,0.0,0.0,1.2061607,1.6301336,2.49975,0.0,0.0,1.7232376,0.0,2.2469745,1.1339623,0.0,0.035181556,0.86612654,0.0,2.1143682,0.0,1.9378797,0.74687755,0.0,1.025473,2.0346835,1.5768971,0.0,1.8401003,1.5512536,1.4127074,2.6212971,0.8752056,0.0,1.4285574,0.0,1.4765401,1.8767158,0.0,0.96475714,1.101218,0.0,0.6566373,0.0,0.0,0.0,0.0,0.0,0
1.4090768,2.1116822,0.15225175,0.0,1.6564763,0.49828184,1.7670422,0.0,1.3658029,0.8790893,0.0,0.19781514,0.0,2.4138713,0.0,0.48391148,0.0,0.0,0.3496,0.0,1.5585319,0.0,0.0,0.0,0.69594944,0.0,0.0,0.1877523,1.169991,0.0,0.0,0.0,1.385126,0.48469415,1.5652019,0.0,0.0,2.1656303,0.93872476,0.772888,0.0,0.15343541,1.5072736,0.0,1.6665628,0.0,0.0,1.0367135,0.15606876,0.1716451,0.44539756,0.0,0.0,0.0,0.49308467,0.0,1.2276663,1.2058249,0.0,1.1019939,1.6262088,0.68543696,1.2258849,0.0,0.9243061,0.0,0.0,0.0,1.3613334,1.0625025,0.0,0.0,0.36590153,0.7562922,0.03815359,0.2240607,0.24150184,0.0,1.1222998,0.52258164,0.0,0.0,0.031129878,1.2867521,0.0,0.0,1.0803314,1.6346438,2.442882,0.0,0.0,1.9499577,0.0,2.0915985,1.2368988,0.0,0.0,0.92463267,0.0,2.488271,0.0,1.9298264,0.6005821,0.0,1.0543649,2.2084107,1.1197022,0.012267119,2.2789838,1.2988658,1.580462,2.86177,0.86535794,0.0,0.8003012,0.0,1.4347343,1.6943964,0.0,1.3500854,1.0388908,0.0,0.5354065,0.0,0.0,0.0,0.0,0.0,0
1.8695065,2.0660927,0.068613455,0.0,2.587523,0.0,1.3367635,0.0,2.1390107,0.4783015,0.0,0.34415886,0.0,2.253706,0.0,0.0,0.0,0.0,0.31128317,0.0,1.0932395,0.0,0.0,0.0,0.7405451,0.14121026,0.0,0.8352712,0.4598426,0.0,0.0,0.0,1.5067272,0.09273651,2.0455453,0.0,0.0,2.6034803,1.6468639,0.66832435,0.08104579,0.55540967,2.093068,0.0,1.5993488,0.0,0.0,1.3833416,0.1560118,0.0,0.22205533,0.0,0.0,0.0,0.78546077,0.0,1.4766852,1.1957861,0.0,1.3305172,1.536234,0.16044173,1.2130475,0.0,0.9667293,0.0,0.0,0.0,1.4373118,0.7810418,0.0,0.0,0.0,0.19394107,0.12854004,0.17495768,0.10405209,0.0,1.1069005,0.7205167,0.2009986,0.0,0.0,0.6177462,0.0,0.0,0.46466714,1.2398597,3.1500974,0.15317702,0.0,3.0253134,0.0,2.6377344,1.5915712,0.0,0.0,1.3728728,0.0,2.1219316,0.0,2.5270736,0.7965009,0.0,1.0403831,2.4540045,0.43597266,0.0,1.8574538,1.1755905,1.3277887,2.8441913,0.9112471,0.0,0.6826735,0.0,1.6994357,2.0697503,0.0,2.016428,1.3006856,0.0,0.2621679,0.0,0.0,0.0,0.0,0.0,0
1.0902164,1.7159176,0.46723068,0.0,1.6315932,0.6494042,1.6214619,0.0,1.3985325,0.6445231,0.0,0.20755938,0.0,1.9337676,0.0,0.39514664,0.0,0.0,0.26682335,0.0,0.7974662,0.0,0.0,0.0,0.023303961,0.0,0.0,0.23714657,1.2410171,0.4290634,0.0,0.0,1.2671455,0.21867687,2.10885,0.0,0.0,2.1863089,1.1969614,0.5808336,0.0,0.069725804,1.1267245,0.0,1.7158867,0.0,0.0,0.72721124,0.27608585,0.0,0.49350715,0.0,0.0,0.0,0.3659612,0.0,1.6427987,1.4272898,0.0,1.1921667,1.531722,0.22746319,1.4245769,0.0,0.7185489,0.0,0.0,0.0,1.1986408,1.5676793,0.0,0.0,0.5287205,0.9332925,0.31539348,0.0,0.3124211,0.0,1.5986005,0.57192343,0.0,0.0,0.0,0.81399935,0.0,0.0,1.5720053,1.665649,2.6918917,0.044435423,0.0,2.0185826,0.0,1.9093313,1.1130182,0.0,0.34319547,0.9690888,0.0,2.1171732,0.0,2.267567,0.925022,0.0,0.76209664,2.229162,1.0143718,0.0,2.3190813,1.8230613,1.5028776,2.7523496,0.9193793,0.0,0.73903775,0.0,2.0959353,1.7510775,0.0,1.3034701,1.2485027,0.0,0.35546076,0.0,0.0,0.0,0.0,0.0,0
1.1634196,1.8893757,0.38215706,0.0,1.7982746,0.6226548,1.4895272,0.0,1.2731928,0.70943123,0.0,0.0,0.0,2.439409,0.0,0.0,0.0,0.0,0.3227984,0.0,1.1453618,0.0,0.0,0.0,0.22114003,0.0,0.0,0.15654226,1.1000452,0.10804413,0.0,0.0,1.065603,0.22866195,1.8708645,0.0,0.0,2.581667,0.8999283,0.41663307,0.0,0.28030947,1.5278944,0.0,1.4996662,0.0,0.0,1.0184691,0.3668992,0.0,0.13740598,0.0,0.0,0.0,0.22364773,0.0,1.7746772,1.2441113,0.0,0.9732621,1.3760029,0.34062856,1.118458,0.0,0.96652365,0.0,0.0,0.0,1.2798487,1.3805255,0.0,0.0,0.47144306,0.5174399,0.4195822,0.071071066,0.26794055,0.09762544,1.9269578,0.39992285,0.0,0.0,0.0,1.0479472,0.0,0.0,1.8268787,1.2609911,3.0297055,0.0,0.0,2.6247888,0.0,2.2240286,0.87896705,0.0,0.15117332,1.0163374,0.0,2.452835,0.0,2.503124,0.93545735,0.0,1.1052855,2.247339,0.9330021,0.007880337,2.5868185,1.5785443,1.5726683,2.639444,0.87482464,0.0,0.62261045,0.0,2.0776994,2.2758288,0.0,1.0799482,1.2068424,0.0,0.3095517,0.0,0.0,0.0,0.0,0.0,0
0.7715433,1.0745969,0.21392639,0.0,1.2603252,1.1657152,1.199993,0.0,1.5115484,1.5693185,0.0,0.3155536,0.0,2.6530519,0.0,0.8090535,0.0,0.0,0.5026826,0.39638922,1.7012119,0.0,0.0,0.0,1.1254046,0.0,0.0,0.0,0.61996865,0.0,0.0,0.0,0.7319428,0.70736617,0.9037637,0.0,0.0,1.1429011,0.84832364,1.2316121,0.0,0.0,0.6743207,0.0,1.1764607,0.0,0.0,0.3365922,0.0,0.0,0.43215317,0.0,0.09997583,0.0,0.44551703,0.0,1.6317071,0.18767726,0.0,0.45201403,0.57438457,0.033365723,1.0697153,0.0,0.43502006,0.0,0.0,0.0,0.78381836,1.1977286,0.0,0.0,0.28561187,1.1625301,0.76549894,0.5170369,0.0,0.1414506,1.2230643,0.6223564,0.6686917,0.0,0.0,1.752124,0.0,0.0,1.0623363,1.3531599,2.5669954,0.0,0.0,1.4783733,0.0,2.70658,0.45082825,0.0,0.13112143,0.30240893,0.0,2.3949997,0.0,1.1376053,1.0101674,0.0,1.0379597,2.840045,1.0001702,0.5410597,2.3146102,0.67860913,0.99093753,2.6479833,0.608883,0.0,1.2466077,0.0,1.2515872,1.0487001,0.0,0.6384089,0.36444998,0.0,0.8266945,0.0,0.0,0.0,0.0,0.0,1
1.1220992,1.1881539,0.5371167,0.0,0.50364965,1.5302453,1.3476601,0.0,0.81970316,1.9740145,0.0,0.9709903,0.0,2.5820565,0.0,1.1859561,0.0,0.0,0.7795529,0.0,1.9990537,0.3155177,0.0,0.0,1.4387126,0.0,0.0,0.1720858,0.6030863,0.0,0.0,0.0,0.2054828,0.3437255,1.0182172,0.0,0.0,0.7326075,0.3639203,1.6171479,0.0,0.0,0.48916683,0.0,0.52597785,0.0,0.0,0.26184297,0.0,0.0,0.31548572,0.0,0.10128117,0.0,0.8213025,0.0,1.1940134,0.018764619,0.0,0.15468204,0.0,0.0,1.1534365,0.0,0.54832083,0.0,0.0,0.0,0.39612517,1.7409836,0.0,0.0,0.47744107,1.6722158,1.1690457,0.8429461,0.0,0.27199095,1.6494664,0.6532523,0.8121468,0.0,0.0643754,2.5208898,0.0,0.0,1.2987638,2.1218631,2.1188228,0.0,0.0,1.2736441,0.0,2.672515,0.5539163,0.0,0.0,0.29619354,0.0,2.648557,0.0,1.0832756,0.8054203,0.0,1.243089,2.931712,1.1017295,0.56926155,2.350753,0.21807675,0.4984592,2.6354969,0.29589093,0.0,1.9698337,0.0,0.893397,0.939322,0.0,0.17627318,0.0,0.0,1.0975555,0.0,0.0,0.0,0.0,0.0,1
1.621175,2.0745523,0.38178992,0.0,2.53048,0.0,1.3016022,0.0,2.1722846,0.47132644,0.0,0.35592332,0.0,2.3100986,0.0,0.110111095,0.0,0.0,0.5966885,0.0,0.69206065,0.0,0.0,0.0,0.23636186,0.12705368,0.0,0.66599315,0.80195075,0.0,0.0,0.0,1.411535,0.015331001,1.8584026,0.0,0.0,2.5791597,1.7097723,0.4719872,0.1408463,0.23418736,2.0053115,0.0,1.6231695,0.0,0.0,1.2657645,0.062326,0.28524128,0.71531516,0.0,0.0,0.0,0.8739957,0.0,1.311253,1.9438881,0.0,1.4815904,1.680582,0.4839134,1.4446406,0.0,0.863283,0.0,0.0,0.0,1.489149,0.8560395,0.0,0.0,0.0,0.41144046,0.0,0.0,0.5009978,0.14721301,1.0701733,0.7766368,0.12539326,0.0,0.0,1.0657111,0.0,0.0,0.66571355,1.0568093,2.547944,0.0,0.0,2.2044835,0.0,2.6139207,1.3905698,0.0,0.0,1.1436499,0.0,2.4138484,0.0,2.4005332,0.6778174,0.0,0.84325635,2.3371394,0.6874616,0.0,2.0958946,1.7307112,1.3160158,2.8986204,1.1127626,0.0,0.6470007,0.0,1.7992072,1.7563823,0.0,1.763738,1.7742336,0.0,0.3685596,0.0,0.0,0.0,0.0,0.0,0
1.7231559,2.245527,0.10577899,0.0,2.6774085,0.0,1.4618545,0.0,2.1936083,0.26998648,0.0,0.5040828,0.0,2.1911743,0.0,0.0,0.0,0.0,0.5331492,0.0,0.9840904,0.0,0.0,0.0,0.5983948,0.0,0.0,0.6542483,0.4097928,0.0,0.0,0.0,1.627455,0.19081536,1.8110439,0.0,0.0,2.7606444,1.6863452,0.43897238,0.099697694,0.31095207,2.4998362,0.0,1.5714474,0.0,0.0,1.7163781,0.15775196,0.43373767,0.5679354,0.0,0.06316268,0.0,0.9094579,0.0,1.3514746,1.3135607,0.18668988,1.2839189,1.8433963,0.24797924,1.4698727,0.0,0.7608402,0.0,0.0,0.0,1.6921633,0.6192376,0.0,0.0,0.0,0.0,0.18183964,0.21134941,0.5718722,0.0,0.8898664,0.87213516,0.0,0.0,0.0,0.7478563,0.0,0.0,0.4897446,0.98264176,2.7938843,0.10252282,0.0,2.5998685,0.0,2.6222644,1.510553,0.0,0.0,1.7429538,0.0,2.3691726,0.0,2.58778,0.7986426,0.0,0.8321648,2.2993977,0.22382817,0.0,2.0004985,1.4563735,1.4502236,2.4681787,1.2385174,0.0,0.2095451,0.0,1.7435536,1.6702061,0.0,1.9065133,1.5172732,0.0,0.2111748,0.0,0.0,0.0,0.0,0.0,0
1.8820288,1.9149013,0.1470948,0.0,2.1569571,0.0,1.3877084,0.0,1.904648,0.3783671,0.0,0.119109415,0.0,2.2754848,0.0,0.0,0.0,0.0,0.14381349,0.0,1.0083561,0.0,0.0,0.0,0.47070992,0.0,0.0,0.5201014,0.8349114,0.0,0.0,0.0,1.1578441,0.0,2.1489525,0.0,0.0,2.7640753,1.4543998,0.38886446,0.0,0.32330728,1.6671286,0.0,1.7867591,0.0,0.0,1.1070062,0.09125386,0.0,0.11103642,0.0,0.0,0.0,0.40709662,0.0,1.5346923,1.3166757,0.0,1.4572507,1.5762647,0.18494377,1.3416188,0.0,1.1070573,0.0,0.0,0.0,1.2310737,1.0273747,0.0,0.0,0.022197807,0.5449675,0.08468413,0.0,0.31046423,0.09842531,1.4137702,0.7335039,0.0,0.0,0.0,0.85522735,0.0,0.0,0.99213696,1.4339399,2.9556625,0.0,0.0,2.6949527,0.0,2.1814284,1.4999337,0.0,0.03376523,1.0775082,0.0,2.177854,0.0,2.5192933,1.0571601,0.0,1.3090218,2.259333,1.0451196,0.0,1.8565172,1.3721689,1.1652083,2.8180726,0.919683,0.0,0.57766485,0.0,1.8234235,2.1724303,0.0,1.5868231,1.36295,0.0,0.29035753,0.0,0.0,0.0,0.0,0.0,0
1.517866,1.425788,0.18289337,0.0,2.482544,0.0,0.9793031,0.0,1.5933226,0.7128352,0.0,0.5970898,0.0,1.9122664,0.0,0.0,0.0,0.0,0.29111704,0.0,1.0143641,0.0,0.0,0.0,0.8075919,0.097318776,0.0,0.34810987,0.78726494,0.0,0.0,0.0,0.96828127,0.09469566,1.8125194,0.0,0.0,2.4331875,1.4536393,0.6121049,0.0999981,0.39349425,2.0149744,0.0,1.895138,0.0,0.0,1.1981072,0.0,0.0,0.5727719,0.0,0.0,0.0,0.7106703,0.0,1.5390261,0.6795259,0.106495656,1.2994008,1.5502988,0.22169,1.2720616,0.0,1.1611024,0.0,0.0,0.0,1.1291533,0.7509555,0.0,0.0,0.13684215,0.49507743,0.15179193,0.31507364,0.0,0.0,0.9996375,0.47200108,0.26246235,0.0,0.0,0.712341,0.0,0.0,0.4364035,1.4725107,2.7019467,0.0,0.0,2.436467,0.0,2.590611,1.6281449,0.0,0.0,1.0488605,0.0,2.0948498,0.0,2.2029045,0.86864775,0.0,0.83723307,2.715709,0.80498004,0.0,1.8046359,1.1976418,1.1656089,2.8655598,0.5460763,0.0,0.4474704,0.0,1.4049163,1.5607818,0.0,1.6963861,0.8909366,0.0,0.19091527,0.0,0.0,0.0,0.0,0.0,0
1.4413339,1.1045307,0.3251651,0.0,2.2523937,0.112303354,1.1119812,0.0,1.4423791,0.72038954,0.0,0.5405904,0.0,2.2155595,0.0,0.026443817,0.0,0.0,0.32165638,0.0,1.0267643,0.0,0.0,0.0,0.7737254,0.1362322,0.0,0.40391895,0.85118663,0.0,0.0,0.0,0.88387865,0.0,1.519784,0.0,0.0,2.2465973,0.9371054,0.90395266,0.0,0.055930518,1.5633428,0.0,1.6392231,0.0,0.0,1.0882754,0.011582509,0.0,0.61085945,0.0,0.0,0.0,0.46684155,0.0,1.3942596,0.5715349,0.0,1.1814872,1.4944091,0.30064777,1.3938645,0.0,0.9208734,0.0,0.0,0.0,1.1211678,1.0738713,0.0,0.0,0.20749485,0.518929,0.23532146,0.33516827,0.0,0.0,1.1633304,0.4416355,0.1725885,0.0,0.0035713133,0.8256723,0.0,0.0,0.65565157,1.6334836,2.6910753,0.0,0.0,2.1844425,0.0,2.260491,1.3742025,0.0,0.0,0.81709564,0.0,2.0469048,0.0,2.3373647,0.8807332,0.0,0.8862779,2.4209497,0.90216553,0.0,1.7140602,1.0330913,0.9991506,2.9574504,0.533288,0.0,0.8051689,0.0,1.3236167,1.3777198,0.0,1.4776467,0.8864605,0.0,0.36013043,0.0,0.0,0.0,0.0,0.0,0
1.6240028,2.046222,0.30453706,0.0,1.7238027,0.6320635,1.7441517,0.0,1.965254,0.5057596,0.0,0.41029668,0.0,2.3473783,0.0,0.5147713,0.0,0.0,0.5616881,0.0,1.3084973,0.0,0.0,0.0,0.67424345,0.013180022,0.0,0.43017608,1.070263,0.020268427,0.0,0.0,1.17814,0.19546658,1.6148721,0.0,0.0,2.24275,1.3294663,0.95286804,0.0,0.10266065,1.5723778,0.0,1.4807862,0.0,0.0,1.2929683,0.13656242,0.0,0.40869683,0.0,0.0024160938,0.0,0.7192432,0.0,1.121565,0.93066865,0.0,0.64985055,1.4045877,0.26144803,1.179676,0.0,1.0057291,0.0,0.0,0.0,1.4922966,1.4040763,0.0,0.0,0.12311166,0.92286444,0.4699016,0.15972774,0.383784,0.1065507,1.2417669,0.6101296,0.0,0.0,0.0,1.1161749,0.0,0.0,0.9431748,1.6639873,2.4008536,0.0,0.0,2.0643997,0.0,2.3381515,1.129972,0.0,0.0,0.88754785,0.0,2.248574,0.0,2.0196838,0.51592886,0.0,1.0880623,2.3062906,1.2562119,0.10890586,2.0672586,1.241096,1.1615998,2.7982123,1.0428644,0.0,1.0215486,0.0,1.3976007,1.6786422,0.0,1.1569327,0.84979355,0.0,0.7043009,0.0,0.0,0.0,0.0,0.0,0
1.1872475,1.8370084,0.41164428,0.0,0.7319519,0.8464839,1.8476639,0.0,1.6156111,1.2080014,0.0,0.23215175,0.0,2.3630917,0.0,0.5906574,0.0,0.0,0.22765084,0.0,1.3542585,0.16370527,0.0,0.0,0.2660557,0.0,0.0,0.26903647,1.3923256,0.14458717,0.0,0.0,0.74446964,0.07285184,1.9461758,0.0,0.0,1.2671294,1.1499878,1.2616078,0.0,0.0,0.93899477,0.0,1.4548538,0.0,0.0,0.4803695,0.09367825,0.0,0.17815946,0.0,0.11713024,0.0,0.4135933,0.0,1.0771585,1.1900908,0.0,1.0575404,1.1092814,0.5860204,1.3844943,0.0,0.7786943,0.0,0.0,0.0,1.0183848,1.3604711,0.0,0.0,0.7974348,1.0445081,0.13892266,0.042262714,0.04060408,0.055124916,1.8095415,0.580714,0.0,0.0,0.0,1.3551271,0.0,0.0,1.6024543,2.003013,2.2874684,0.0,0.0,1.22202,0.0,1.9759053,0.9700589,0.0,0.06694011,0.82165396,0.0,2.5791957,0.0,1.6349392,0.5042699,0.0,1.0470284,2.300737,1.4731052,0.0,1.9752512,1.2761308,1.4424745,2.8406296,0.4828835,0.0,1.0571772,0.0,1.5258148,1.7666837,0.0,0.787267,1.0125115,0.0,0.6973306,0.0,0.0,0.0,0.0,0.0,1
0.58994794,1.3707682,0.5782579,0.0,0.62718374,2.0184145,1.9086266,0.0,1.462576,1.5768597,0.0,1.1070945,0.0,2.4204106,0.0,1.288475,0.0,0.0,0.71510446,0.0,2.346416,0.295281,0.0,0.0,1.2950823,0.0,0.0,0.24512242,0.80390376,0.0,0.0,0.0,0.3497101,0.61309266,0.94814056,0.0,0.0,0.81705266,0.412635,1.6768869,0.0,0.0,0.17444797,0.0,0.5241511,0.0,0.0,0.33698156,0.0044257785,0.0,0.37707108,0.0,0.24915923,0.0,1.0722578,0.0,1.4035348,0.0,0.0,0.0,0.07752304,0.25804996,1.0238205,0.04934094,0.7449503,0.0,0.0,0.0,0.723467,1.5885311,0.0,0.0,0.55205435,1.1403849,1.0425436,0.5561234,0.0,0.2727958,1.6160712,0.553645,0.6634155,0.0,0.0,2.6701088,0.0,0.0,1.4337127,2.1617339,2.0527196,0.0,0.0,1.2753191,0.0,2.5638518,0.23357941,0.0,0.055836145,0.04226119,0.0,2.5828187,0.0,1.2015935,0.8387536,0.0,1.1412373,2.9971583,1.3293396,1.0456686,2.347524,0.3498313,0.4485904,2.492717,0.53842163,0.0,1.7540563,0.0,0.7625138,1.2944673,0.0,0.08372425,0.0,0.0,1.1007622,0.0,0.0,0.0,0.0,0.0,1
0.8960257,1.3590459,0.56567574,0.0,0.7246849,2.0493426,1.5545937,0.0,1.0329998,1.8007302,0.0,0.7896362,0.0,2.689186,0.0,1.1820737,0.0,0.0,1.0083393,0.0,2.020826,0.56085706,0.0,0.0,1.0076538,0.0,0.0,0.05243422,0.5409797,0.0,0.0,0.0,0.260133,0.6437417,1.2035193,0.0,0.0,0.9940633,0.4523221,1.0394746,0.0,0.0,0.5643521,0.0,0.47118407,0.0,0.0,0.24492072,0.11420502,0.0,0.33750045,0.0,0.35144725,0.0,0.60117865,0.2168935,1.4343885,0.09268797,0.0,0.42697474,0.0,0.0,1.5991973,0.005607775,0.88876355,0.0,0.0,0.0,0.1777662,1.3933605,0.0,0.0,0.6664635,1.9685715,0.7681456,0.8857643,0.0,0.444922,1.9071685,0.5726068,0.47844195,0.0,0.21878642,2.28133,0.0,0.0,1.5650858,1.892146,2.1208143,0.0,0.0,1.5613256,0.0,2.7852213,0.42498884,0.0,0.0,0.27671474,0.0,2.9054935,0.0,1.078961,0.68303883,0.0,1.675032,3.2176702,1.1535116,0.60766375,2.4114568,0.12809771,0.53872275,2.548401,0.121140614,0.0,1.3307959,0.0,1.1066399,0.84094983,0.0,0.3418989,0.0,0.0,1.1714457,0.0,0.0,0.0,0.0,0.0,1
1.6218175,1.9968021,0.29234678,0.0,2.124481,0.020339545,1.4584278,0.0,1.8326858,0.2770587,0.0,0.01082843,0.0,2.301022,0.0,0.0,0.0,0.0,0.2037529,0.0,0.7543728,0.0,0.0,0.0,0.44793275,0.14020216,0.0,0.31061837,0.78792065,0.0,0.0,0.0,0.9918638,0.1288999,1.5575109,0.0,0.0,2.6262708,1.5103283,0.5290138,0.0,0.25213152,1.7391667,0.0,1.7847686,0.0,0.0,1.0460404,0.26895806,0.0,0.3375959,0.0,0.0,0.0,0.6242284,0.0,1.2795902,1.2365069,0.060825147,1.3199046,1.7013443,0.32529613,1.3139381,0.0,1.0394698,0.0,0.0,0.0,1.4182361,0.8056138,0.0,0.0,0.0,0.44565758,0.21030402,0.0,0.14241937,0.0,1.2520351,0.7043602,0.0,0.0,0.0,0.5153042,0.0,0.0,0.8302068,1.4673624,2.8151221,0.05288845,0.0,2.7317142,0.0,2.3981447,1.593261,0.0,0.22618987,1.0026333,0.0,2.2651527,0.0,2.451947,1.0087014,0.0,1.1080923,2.3204193,1.0437799,0.0070601767,1.9813678,1.611896,1.3340251,2.8054848,0.9249327,0.0,0.44759917,0.0,1.7995399,1.9263631,0.0,1.5037179,1.2994487,0.0,0.3101388,0.0,0.0,0.0,0.0,0.0,0
1.091528,1.4662102,0.17906916,0.0,1.9724514,0.742796,1.1691681,0.0,1.4000909,0.8717738,0.0,0.65396404,0.0,1.9363539,0.0,0.22335117,0.0,0.0,0.11320139,0.28328478,1.0733958,0.22042783,0.0,0.0,1.2324069,0.13135421,0.0,0.09720383,0.50507325,0.0,0.0,0.0,0.8602456,0.3219109,1.395554,0.0,0.0,2.3696945,1.1149541,0.92653006,0.0,0.14058456,1.0745074,0.0,1.6777306,0.0,0.0,0.79563344,0.04643829,0.0,0.31845093,0.0,0.0,0.0,0.5379995,0.0,1.6875125,0.52097446,0.0,0.5913048,1.035129,0.17540568,1.1177472,0.0,1.1072463,0.0,0.0,0.0,0.7610481,1.0227154,0.0,0.0,0.18333331,0.73499095,0.31999388,0.06523756,0.0,0.0,1.2477994,0.55968106,0.45684767,0.0,0.13734956,0.57901984,0.0,0.0,0.97409266,1.6344283,3.0718837,0.09367007,0.0,2.807566,0.0,2.5234942,1.3555803,0.0,0.5193041,0.7236252,0.0,1.9803431,0.0,2.0404835,1.197817,0.0,0.9710151,2.7067878,1.1593974,0.0,1.6758195,0.9511708,0.77997774,2.4774325,0.6962502,0.0,1.1048297,0.0,1.1440972,1.5612872,0.0,1.7041124,0.12956405,0.0,0.73669237,0.0,0.0,0.0,0.0,0.0,1
1.1808451,1.9619589,0.31308427,0.0,1.8926878,0.68143,1.0453185,0.0,1.5895542,0.6358621,0.0,0.46129683,0.0,1.9714429,0.0,0.3393742,0.0,0.0,0.4442177,0.0,0.8084405,0.0,0.0,0.0,0.95160764,0.09532759,0.0,0.08754377,0.75898296,0.0,0.0,0.0,1.149831,0.10073629,1.8646675,0.0,0.0,2.5091078,1.0534676,0.6789405,0.18314509,0.2689253,1.3967607,0.0,1.7373796,0.0,0.0,1.2161788,0.44167808,0.0,0.0,0.0,0.010387351,0.0,0.6067358,0.0,1.3608757,0.9130581,0.0,0.8365471,1.1969723,0.10325175,1.22161,0.0,1.092508,0.0,0.0,0.0,0.97979736,0.978669,0.0,0.0,0.21496038,0.63232243,0.0,0.20454614,0.0,0.34585008,1.3097897,0.7641449,0.0,0.0,0.0,0.9227923,0.0,0.0,0.6682599,1.5043209,2.7796595,0.05426103,0.0,2.479451,0.0,2.5900218,1.5595503,0.0,0.36160046,0.9788033,0.0,2.1830604,0.0,2.198156,1.108898,0.0,1.3617233,2.6064448,0.9218931,0.13891798,2.18593,1.2714108,0.95775396,2.525826,1.2610958,0.0,0.95047325,0.0,1.222544,1.6201153,0.0,1.5404555,0.3757571,0.0,0.7067509,0.0,0.0,0.0,0.0,0.0,1
0.60403347,1.022717,0.5552136,0.0,0.79098386,1.5917796,1.3475564,0.0,1.2959988,2.1870823,0.0,0.72352207,0.0,2.811437,0.0,1.0645182,0.0,0.0,0.6825473,0.0,2.6083477,0.60674715,0.0,0.0,1.3439225,0.0,0.0,0.24475785,1.0095682,0.0,0.0,0.0,0.0,0.5144568,0.99069643,0.0,0.0,0.7715746,0.3962204,1.4941603,0.0,0.0,0.63832974,0.0,0.65669656,0.0,0.0,0.50881135,0.10490538,0.0,0.53644645,0.0,0.3070777,0.0,0.58778995,0.0,1.9708663,0.079108365,0.0,0.16413812,0.0,0.1495699,1.5395997,0.049474858,0.7277875,0.0,0.0,0.0,0.0,1.6726574,0.0,0.0,0.88858217,1.6634772,1.0763705,1.1236023,0.0,0.57529885,1.6937091,0.6661402,0.6639311,0.0,0.058977913,2.6481128,0.0,0.0,1.4361492,2.095653,2.2991805,0.0,0.0,1.3707753,0.0,3.2849174,0.18622008,0.0,0.0,0.08830298,0.0,2.861547,0.0,0.8900606,0.9490092,0.0,1.4826909,3.4420605,1.181023,0.36954272,2.5185583,0.32476258,0.7229995,3.0825164,0.4731224,0.0,1.6722947,0.0,1.0121344,1.0131152,0.0,0.5479372,0.0,0.0,0.970093,0.0,0.0,0.0,0.0,0.0,1
0.28149214,0.7400609,0.7334103,0.0,1.0380026,1.6269773,1.4170914,0.0,1.4654976,2.2873876,0.0,0.44593245,0.0,2.6943288,0.0,1.6589606,0.0,0.0,0.80816483,0.0,2.0040786,0.52052873,0.0,0.0,1.0064023,0.0,0.0,0.0,0.7434207,0.0,0.0,0.0,0.30771124,0.80146796,1.0845222,0.0,0.0,0.6144659,0.6169785,1.3958087,0.0,0.0,0.68443114,0.0,0.99892336,0.0,0.0,0.33132902,0.13490374,0.0,0.6843908,0.0,0.31633857,0.0,0.55284303,0.0,1.5305856,0.50600773,0.0,0.5326741,0.2839585,0.37556964,1.8892547,0.04933656,0.49172255,0.0,0.0,0.0,0.27478158,1.1423835,0.0,0.0,0.70751405,1.5262421,0.77322423,1.1831764,0.0,0.41413996,1.3565733,0.5005851,0.5807528,0.0,0.0,2.9539723,0.0,0.0,1.0357777,2.3410182,1.7597536,0.0,0.0,0.7645985,0.0,2.902125,0.09573914,0.0,0.0,0.21258104,0.0,3.0113137,0.0,0.7024891,1.2340778,0.0,1.2003185,3.245097,1.3863237,0.6189884,2.1229606,0.75611025,0.60253257,3.3382037,0.24973737,0.0,1.7025849,0.0,0.91769034,0.4185176,0.0,0.4946673,0.0,0.0,1.211878,0.0,0.0,0.0,0.0,0.0,1
1.7091568,1.9637396,0.16421704,0.0,2.6220562,0.0,1.021981,0.0,1.8064274,0.38747475,0.0,0.31103134,0.0,2.116618,0.0,0.0,0.0,0.0,0.46958002,0.0,0.6978895,0.0,0.0,0.0,0.669154,0.0,0.0,0.6988692,0.7179413,0.0,0.0,0.0,1.2570791,0.20338303,1.9089175,0.0,0.0,2.762954,1.7162191,0.2893535,0.15161656,0.55320597,2.284443,0.0,1.818522,0.0,0.0,1.4452997,0.20658766,0.0,0.50550574,0.0,0.0,0.0,0.83841497,0.0,1.5825566,1.1111841,0.40891272,1.1397191,1.5279604,0.086449586,1.1803378,0.0,0.8503372,0.0,0.0,0.0,1.3294026,0.6766551,0.0,0.0,0.0,0.21566738,0.25854754,0.16178732,0.36702675,0.10872295,1.2515523,0.7665629,0.0,0.0,0.0,0.56669897,0.0,0.0,0.619191,0.9308687,3.0479116,0.06074914,0.0,2.934458,0.0,2.5629878,1.4679538,0.0,0.0,1.1825378,0.0,1.9970787,0.0,2.44371,0.9162642,0.0,1.078931,2.2812612,0.38379812,0.0,2.0112636,1.5342915,1.2790682,2.4951646,1.1288489,0.0,0.5679613,0.0,1.6771319,1.960668,0.0,1.6497523,1.3194078,0.0,0.09541211,0.0,0.0,0.0,0.0,0.0,0
0.47076404,1.0465375,0.32444412,0.0,0.6995371,1.7343075,0.91691065,0.0,1.1495785,2.447756,0.0,0.10989302,0.0,3.4562626,0.0,1.7335646,0.0,0.0,0.7307213,0.007989834,2.0872483,0.6942085,0.0,0.0,1.3473132,0.0,0.0,0.0,0.6125479,0.0,0.0,0.0,0.6896686,1.2118059,0.87788343,0.0,0.0,0.937651,0.21757995,1.4885882,0.0,0.0,0.6252086,0.0,1.1808187,0.0,0.0,0.4839649,0.0013404783,0.45680895,0.7319851,0.0,0.864452,0.0,0.7148324,0.0,1.9051455,0.0,0.0,0.26436117,0.4789018,0.0,1.3684453,0.0,0.11571405,0.0,0.0,0.0,0.4851534,0.97316974,0.0,0.0,0.11204278,1.7487389,1.0827228,1.1295427,0.0,0.18704076,1.2687654,0.95307714,0.6448018,0.0,0.0012867865,2.5175421,0.0,0.0,1.1628453,1.9505522,2.507685,0.0,0.0,0.623009,0.0,3.2178726,0.0,0.0,0.12169091,0.33747035,0.0,2.7604928,0.0,0.85691947,1.0279082,0.0,1.4671814,2.8659246,0.83415776,0.61295325,2.8690488,0.49026567,1.1360954,2.8526547,0.85136026,0.0,1.2804462,0.0,1.3771108,0.7795193,0.0,0.35527125,0.15920806,0.0,0.88822174,0.0,0.0,0.0,0.0,0.0,1
0.44760725,1.3372109,0.18948269,0.0,0.25549144,1.9748094,1.119705,0.0,1.2091672,2.2669413,0.0,0.3798441,0.0,3.088626,0.0,1.7564507,0.0,0.0,0.65849066,0.6121878,1.9692688,0.585853,0.0,0.0,1.0371706,0.0,0.0,0.0,0.56342083,0.0,0.0,0.0,0.52950144,1.3950385,0.5839904,0.0,0.0,0.65798455,0.37258813,1.7139955,0.0,0.0,0.4907673,0.0,1.0037997,0.0,0.0,0.26898527,0.0,0.0,0.7032627,0.0,0.5521145,0.0,0.7856917,0.0,1.9632193,0.080166884,0.0,0.0,0.5717034,0.0,1.2306514,0.0,0.3198441,0.0,0.0,0.0,0.42420253,1.113496,0.0,0.0,0.60635406,1.8118154,1.168305,0.9903863,0.0,0.022894926,1.2705412,0.91592187,0.38977385,0.0,0.07111424,2.6187565,0.0,0.0,1.1868166,1.6619898,2.2096741,0.0,0.0,0.56835383,0.0,3.173495,0.0,0.0,0.4647555,0.41405612,0.0,2.5632892,0.0,0.63649637,0.8089658,0.0,1.1320201,3.0411444,0.93262863,0.45108187,2.5357435,0.79624844,0.85603946,2.6991441,0.589947,0.0,1.5250341,0.0,0.89268863,0.92896056,0.0,0.7661827,0.0,0.0,1.0947424,0.0,0.0,0.0,0.0,0.0,1
0.3011713,1.4487106,0.6765274,0.0,0.60885274,1.9888474,0.8384353,0.0,1.024959,2.208974,0.0,0.070378505,0.0,3.141941,0.0,1.290101,0.0,0.0,0.6447574,0.20217493,2.315045,1.3240764,0.0,0.0,1.1982958,0.0,0.0,0.0,0.5940289,0.0,0.0,0.0,0.33717984,1.1471556,0.77460295,0.0,0.0,0.93738586,0.14656974,1.4054494,0.0,0.0,0.27404147,0.0,0.79929477,0.0,0.0,0.44510135,0.37313926,0.0,0.079099715,0.0,0.85603684,0.0,0.6664992,0.0,2.135185,0.0,0.0,0.0,0.15847968,0.15244123,1.6249851,0.28034377,0.6875889,0.0,0.0,0.0,0.049675807,1.0950422,0.0,0.0,0.53958815,2.1960118,0.8425203,1.3980212,0.0,0.0,1.6119576,0.8507901,0.65905464,0.0,0.380677,2.5798862,0.0,0.0,1.3345082,2.1713593,2.059106,0.01649272,0.0,0.7531358,0.0,3.5349817,0.0,0.0,0.30503425,0.28685898,0.0,2.9406571,0.0,0.7881662,1.1188157,0.18802078,1.4613574,2.9088209,0.8528054,0.5605324,2.8900616,0.38122636,0.666704,2.9981897,0.54362,0.0,1.5150253,0.0,1.1276196,0.89088523,0.0,0.4549487,0.0,0.0,1.154962,0.0,0.0,0.0,0.0,0.0,1
0.46242955,1.1354978,0.24680685,0.0,0.88793874,1.3473814,0.60585266,0.0,1.1662481,1.6912616,0.0,0.16220683,0.0,2.7622385,0.0,0.77232444,0.0,0.0,0.5676199,0.32986927,1.3541824,0.23897253,0.0,0.0,1.0413947,0.0,0.0,0.0,0.3218685,0.0,0.0,0.0,0.29544675,0.7686857,0.9122657,0.0,0.0,1.2508888,0.5455553,1.0440555,0.0,0.0,0.35395354,0.0,1.4759371,0.0,0.0,0.28673875,0.0,0.0,0.67520815,0.0,0.3236709,0.0,0.6515741,0.0,1.9557682,0.18747127,0.0,0.264022,0.39270896,0.0,1.2134124,0.0,0.5720795,0.0,0.0,0.0,0.53908837,0.6619615,0.0,0.0,0.3393504,1.453494,0.8214776,0.7728355,0.0,0.041155107,1.5783038,0.56453604,0.7763843,0.0,0.24838753,1.6421847,0.0,0.0,1.0018741,1.9115889,2.0735712,0.01427677,0.0,1.45774,0.0,2.8832192,0.37716702,0.0,0.48715594,0.5717043,0.0,2.3231614,0.0,1.010028,1.0774531,0.0,1.3153422,2.7747018,0.858577,0.17517745,2.0298378,0.47208378,0.613599,2.568446,0.6510212,0.0,1.3198026,0.0,1.2516146,1.0342666,0.0,0.7645448,0.3551072,0.0,0.8223913,0.0,0.0,0.0,0.0,0.0,1
1.3246464,1.7144867,0.59334725,0.0,0.8914756,0.96581745,2.110757,0.0,1.1641707,1.8965919,0.0,0.83106655,0.0,2.6987839,0.0,0.7418513,0.0,0.0,0.734469,0.0,2.1467323,0.3357723,0.0,0.0,0.98015696,0.0,0.0,0.36173627,0.73121035,0.0,0.0,0.0,0.42148313,0.1337646,0.87264866,0.0,0.0,1.0834924,0.39509624,1.4553844,0.0,0.0,0.6334579,0.0,0.50401133,0.0,0.0,0.41261673,0.02219434,0.0,0.07661408,0.0,0.1699468,0.0,0.52615696,0.0,1.329558,0.27282584,0.0,0.16728939,0.21102469,0.3885104,1.315921,0.001925698,0.74091077,0.0,0.0,0.0,0.6949103,1.8859979,0.0,0.0,0.72006047,1.528241,0.8059946,1.1401685,0.0,0.42223215,1.3802183,0.60781014,0.49214455,0.0,0.029850729,2.420638,0.0,0.0,1.4486419,1.7763741,1.9845357,0.17267206,0.0,1.5587114,0.0,2.8518772,0.51061624,0.0,0.18890901,0.37925965,0.0,2.7093594,0.0,1.4702009,0.7184961,0.0,1.202016,2.7342312,1.411532,0.4438331,2.6403866,0.28603926,0.8314681,2.7798245,0.6697812,0.0,1.8209099,0.0,1.3025744,1.2477738,0.0,0.12508406,0.0,0.0,1.0310344,0.0,0.0,0.0,0.0,0.0,1
0.8485621,1.0774003,0.25597626,0.0,0.5429966,1.8557398,1.464564,0.0,1.196194,2.644125,0.0,0.46427402,0.0,2.6214051,0.0,1.4083515,0.0,0.0,0.74883384,0.17217235,2.2457492,0.6079093,0.0,0.0,1.4101082,0.0,0.0,0.0,0.49195313,0.0,0.0,0.011902985,0.10454593,1.3492396,0.69382334,0.0,0.0,0.48426977,0.091141835,1.7849525,0.0,0.0,0.2921301,0.0,0.49955446,0.0,0.0,0.0,0.0,0.0,0.4102109,0.0,0.25039363,0.0,0.7496763,0.22890407,1.4306875,0.0,0.0,0.0,0.0,0.0,1.2268425,0.27267036,0.72365206,0.0,0.0,0.0,0.0,1.2623657,0.0,0.0,0.55392206,1.955505,0.91611856,1.3151244,0.0,0.5890502,1.6412449,0.6409544,0.59594893,0.0,0.0,2.492064,0.0,0.0,0.8737886,1.8392128,1.8186656,0.0,0.0,0.6876923,0.0,2.9466567,0.22756545,0.0,0.0,0.021499462,0.0,2.647128,0.0,0.23437537,0.83839965,0.0,1.4469937,2.959204,1.2331916,0.59304416,2.1036315,0.0,0.65513736,2.5371163,0.005704388,0.0,1.4810905,0.0,0.83429563,0.5377469,0.0,0.388834,0.0,0.0,1.0449322,0.0,0.052467503,0.0,0.0,0.0,1
1.5982592,2.1026387,0.118196994,0.0,2.5129468,0.0,1.2023094,0.0,1.895188,0.46258584,0.0,0.19245037,0.0,2.1442955,0.0,0.0,0.0,0.0,0.4476523,0.0,0.8817937,0.0,0.0,0.0,0.6172084,0.02404595,0.0,0.4408406,0.58580524,0.0,0.0,0.0,1.4841601,0.116894394,2.0539427,0.0,0.0,2.6792893,1.7813716,0.50410694,0.14070086,0.45995593,2.1094513,0.0,1.7159202,0.0,0.0,1.3799177,0.16074322,0.0,0.43917328,0.0,0.0,0.0,1.0592829,0.0,1.7298819,1.1635296,0.0,1.4788244,1.7665755,0.103914104,1.4004912,0.0,0.8042497,0.0,0.0,0.0,1.2262908,0.612176,0.0,0.0,0.0,0.15787195,0.0,0.11740974,0.37163955,0.0,1.40629,1.0025873,0.15327801,0.0,0.0,0.5991656,0.0,0.0,0.42207405,1.1798421,2.7012753,0.034219842,0.0,2.5500607,0.0,2.706972,1.380187,0.0,0.0,1.48529,0.0,2.2993338,0.0,2.5409591,0.8862925,0.0,1.1324157,2.134349,0.35789362,0.0,2.0843475,1.690986,1.3500735,2.7061987,1.1728468,0.0,0.4267964,0.0,2.038605,2.0289896,0.0,1.6823856,1.4310387,0.0,0.22110634,0.0,0.0,0.0,0.0,0.0,0
0.031378046,0.9657723,0.49999607,0.0,0.6885892,2.276323,1.4720933,0.0,1.395163,3.0054238,0.0,0.8096897,0.0,2.6501696,0.0,1.8228287,0.0,0.0,1.1579716,0.0,2.253754,0.7213759,0.0,0.0,1.6702349,0.0,0.0,0.014943821,1.0253646,0.0,0.0,0.032171603,0.028727837,1.2877752,0.5926347,0.0,0.0,0.46697074,0.0,2.1316116,0.0,0.0,0.34467673,0.0,0.5846061,0.0,0.0,0.1840609,0.0,0.0,0.79689395,0.0,0.5492387,0.0,1.2044183,0.0,1.6685807,0.0,0.0,0.12316059,0.0,0.19587815,1.6251501,0.2642018,0.54592216,0.0,0.0,0.0,0.0,1.5354165,0.0,0.0,0.721884,1.9930352,1.1720387,1.0184611,0.0,0.70393074,1.8297675,0.41684002,0.7570292,0.0,0.0,3.356593,0.0,0.0,1.0500652,2.3652022,1.6125368,0.0,0.0,0.3002994,0.11181003,3.7520554,0.0,0.0,0.0,0.0,0.0,3.2083485,0.0,0.12800054,0.79152894,0.0,1.7391794,3.7049603,1.1369382,1.0858539,2.2899797,0.06495418,0.57463413,3.3068826,0.46586752,0.0,1.9509405,0.0,1.0955778,0.43499002,0.0,0.0,0.0,0.0,1.1086258,0.0,0.0,0.0,0.0,0.0,1
1.7302662,2.0896888,0.33204734,0.0,1.4661644,0.68301857,1.2030916,0.0,1.3480684,0.93984866,0.0,0.072807744,0.0,2.7076733,0.0,0.1426088,0.0,0.0,0.11074756,0.0,1.6089277,0.29666317,0.0,0.0,0.7077826,0.0,0.0,0.16266297,0.7178259,0.0,0.0,0.0,1.1852224,0.3251066,1.5236822,0.0,0.0,2.1877227,0.78303057,0.802283,0.0,0.28766155,1.3701726,0.0,1.1442542,0.0,0.0,0.98102075,0.08980717,0.11076794,0.0,0.0,0.3211698,0.0,0.46478516,0.0,1.6072689,0.57696694,0.0,0.62604773,0.9131985,0.4758042,1.109577,0.0,0.89884096,0.0,0.0,0.0,1.056645,0.8631818,0.0,0.0,0.011788899,0.84897566,0.45006555,0.7728552,0.035704162,0.02678252,1.1750015,0.69186056,0.0,0.0,0.0,1.1856921,0.0,0.0,1.1825962,1.3682941,2.613435,0.0,0.0,1.9531497,0.0,2.6694102,0.87298465,0.0,0.37020212,0.7944696,0.0,2.3060472,0.0,1.886046,0.861385,0.0,1.0342929,2.0687687,1.055498,0.06648577,2.5178378,0.88963246,1.3215028,2.3376555,0.8066208,0.0,0.9925043,0.0,1.7647463,1.877023,0.0,1.1547989,0.532295,0.0,0.400068,0.0,0.0,0.0,0.0,0.0,1
1.8262968,2.269634,0.07181367,0.0,2.174758,0.021660414,1.4499876,0.0,1.7794456,0.20087406,0.0,0.0056092534,0.0,2.1295667,0.0,0.0,0.0,0.0,0.15660079,0.0,1.1455659,0.0,0.0,0.0,0.4867667,0.0,0.0,0.25786743,0.5969262,0.0,0.0,0.0,1.3508981,0.06250399,1.9120774,0.0,0.0,2.7765074,1.7138544,0.15376675,0.0,0.30396694,1.851456,0.0,1.7946675,0.0,0.0,1.0778003,0.051991925,0.0,0.20185906,0.0,0.0,0.0,0.71203727,0.0,1.3458225,1.24328,0.14290665,1.2861961,1.8854666,0.26461554,1.4414293,0.0,0.98740107,0.0,0.0,0.0,1.3310063,1.0523547,0.0,0.0,0.0,0.73563814,0.0,0.0,0.5303456,0.0,1.4451721,0.6394446,0.0030193455,0.0,0.0,0.5785105,0.0,0.0,1.0789373,1.303357,2.6861324,0.045324218,0.0,2.6259768,0.0,2.2425556,1.8169357,0.0,0.0,1.107188,0.0,2.4337802,0.0,2.5419052,0.90236884,0.0,1.0065826,2.4758027,1.0857804,0.01928515,2.1208498,1.394823,1.4450803,2.403866,0.7475239,0.0,0.48437074,0.0,1.9347713,2.026515,0.0,1.5289854,1.2427016,0.0,0.38910803,0.0,0.0,0.0,0.0,0.0,0
1.0908054,1.2392153,0.0,0.0,0.82854927,1.2801186,1.2308156,0.0,1.2925782,1.3436368,0.0,0.15249385,0.0,2.504719,0.0,0.7525197,0.0,0.0,0.45781562,0.26547277,1.4969765,0.0,0.0,0.0,0.7459398,0.0,0.0,0.0,0.5760252,0.0,0.0,0.0,0.66383463,0.5536063,0.9557853,0.0,0.0,1.359923,0.8855721,1.1570288,0.0,0.13290533,0.84993744,0.0,1.3338085,0.0,0.0,0.37572217,0.002519324,0.0,0.44377437,0.0,0.16388826,0.0,0.22568896,0.0,1.4508967,0.30238986,0.0,0.28457594,0.7336529,0.22933516,0.98693067,0.0,0.75052035,0.0,0.0,0.0,1.0043656,0.8822979,0.0,0.0,0.11581858,1.3491524,0.6892187,0.45867744,0.0,0.16238518,1.3499446,0.62565047,0.4461852,0.0,0.26891616,1.5196164,0.0,0.0,1.2243274,1.839599,2.1380332,0.0,0.0,1.4781492,0.0,2.542851,0.80131394,0.0,0.34428126,0.5024195,0.0,2.4111564,0.0,1.250328,0.82612747,0.0,0.9621139,2.5892365,0.97615033,0.124513336,2.0534391,0.70522213,0.7970895,2.5736172,0.406386,0.0,1.258365,0.0,1.0673605,1.2794687,0.0,0.8978273,0.35438347,0.0,0.80761683,0.0,0.0,0.0,0.0,0.0,1
0.80213845,1.3287461,0.06108259,0.0,0.77837664,1.1226947,1.1467468,0.0,1.3371466,1.603014,0.0,0.021151567,0.0,2.9775515,0.0,1.0226133,0.0,0.0,0.58282495,0.1740721,1.7629564,0.29904425,0.0,0.0,0.7819241,0.0,0.0,0.0,0.51377153,0.0,0.0,0.0,0.88126343,0.92936194,0.8052402,0.0,0.0,1.2938074,0.7441269,1.0861107,0.0,0.0,0.68731344,0.0,1.0844132,0.0,0.0,0.4200085,0.0,0.0,0.60713977,0.0,0.32131416,0.0,0.39709014,0.0,1.5182363,0.6072725,0.0,0.2686871,0.70807654,0.0,1.1153055,0.0,0.3537676,0.0,0.0,0.0,0.7461262,0.83969706,0.0,0.0,0.11088293,1.6534723,0.80129105,0.80812925,0.0,0.11080278,1.4871218,0.8554979,0.5668467,0.0,0.07956332,1.9742607,0.0,0.0,1.2211188,1.5031855,2.1336436,0.0,0.0,1.0898908,0.0,2.9359028,0.22100504,0.0,0.17074531,0.51752794,0.0,2.4561634,0.0,1.2614552,0.863013,0.0,1.2751929,2.6952803,0.7316791,0.26065692,2.3516867,0.75532526,1.0889374,2.4649386,0.7359609,0.0,1.1375678,0.0,1.3637716,0.95111525,0.0,0.7004494,0.6359389,0.0,1.106199,0.0,0.0,0.0,0.0,0.0,1
0.9196786,1.0973952,0.64268804,0.0,0.26951438,1.7364881,1.7065668,0.0,0.73208296,2.1239352,0.0,0.93155617,0.0,2.5329156,0.0,1.4964933,0.0,0.0,1.1751926,0.0,2.3213072,0.5274849,0.0,0.0,0.70892984,0.0,0.0,0.1512938,0.7168126,0.0,0.0,0.0,0.0,0.42384693,1.2045127,0.0,0.0,0.578029,0.26364192,1.7875623,0.0,0.0,0.76834226,0.0,0.0,0.0,0.0,0.31921387,0.10511334,0.0,0.50549877,0.0,0.5762087,0.0,0.38183603,0.438843,1.1398493,0.35648853,0.0,0.15088601,0.0,0.33883822,1.5310047,0.0,0.6418288,0.0,0.0,0.0,0.24996701,2.020964,0.0,0.0,0.63374364,1.8555363,1.1601399,1.2338444,0.0,0.21743341,1.7116973,0.69782007,0.29331362,0.0,0.05634744,2.6433592,0.0,0.0,1.7367886,1.8921281,1.8492413,0.0,0.0,0.97900575,0.0,2.9422116,0.0,0.0,0.11576042,0.2706226,0.0,2.9204571,0.0,0.8999211,0.5418662,0.0,1.1133655,2.885804,1.2471584,0.8662267,2.9312828,0.2622075,0.61551684,2.984062,0.37931064,0.0,1.7849377,0.0,1.1051848,0.9864435,0.0,0.10869702,0.0,0.0,0.85574406,0.0,0.0,0.0,0.0,0.0,1
1.7730575,2.673473,0.0,0.0,2.4756722,0.0,1.3307725,0.0,2.072281,0.0,0.0,0.054496102,0.0,2.156105,0.0,0.039094545,0.0,0.0,0.7560001,0.0,0.8662878,0.0,0.0,0.0,0.882956,0.2270037,0.0,0.4573877,0.48387933,0.0,0.0,0.0,1.865545,0.14918542,1.9859407,0.0,0.0,2.4463844,1.795361,0.33863765,0.33735123,0.49604523,2.042548,0.0,1.9524332,0.0,0.0,1.597496,0.0,0.23976782,0.6009816,0.0,0.0,0.0,1.1824516,0.0,1.4108887,1.1780882,0.0,1.7161613,2.1763234,0.2045696,1.5758417,0.0,0.78532887,0.0,0.0,0.0,1.5435787,0.39968258,0.0,0.0,0.0,0.15719213,0.0,0.0,0.35491595,0.13903819,0.83302355,0.8505509,0.12354299,0.0,0.0,0.5183801,0.0,0.0,0.2361534,1.3046037,2.5414577,0.0,0.0,2.6828256,0.0,2.3237984,1.9709512,0.0,0.215399,1.3527268,0.0,2.284054,0.0,2.2784882,0.7188188,0.0,1.2037486,2.2964435,0.6572342,0.0,1.974355,2.0301309,1.5082926,2.6604986,1.4370664,0.0,0.18399395,0.0,1.732292,2.0015233,0.0,1.7114165,1.6100649,0.0,0.58284336,0.0,0.0,0.0,0.0,0.0,0
1.9678016,2.6521423,0.07898902,0.0,2.3161612,0.0,1.7668384,0.0,2.015622,0.36640063,0.0,0.24261743,0.0,2.3092327,0.0,0.0,0.0,0.0,0.45616698,0.0,1.0583448,0.0,0.0,0.0,0.5950504,0.14144123,0.0,0.59064823,1.0877272,0.0,0.0,0.0,1.5186787,0.119496,2.0602248,0.0,0.0,2.857958,1.7833108,0.4202289,0.02532522,0.6982216,2.3944468,0.0,1.7030064,0.0,0.0,1.4130749,0.17393062,0.47590062,0.29301554,0.0,0.0,0.0,1.0567973,0.0,1.136337,1.4046376,0.32168168,1.4424206,1.8299805,0.0,1.2071986,0.0,1.140016,0.0,0.0,0.0,1.6504139,0.73424834,0.0,0.0,0.0,0.39164412,0.040344954,0.15005212,0.59688944,0.191272,1.469296,0.9326462,0.0,0.0,0.0,0.5502771,0.0,0.0,0.624544,1.1924487,2.852038,0.0,0.0,2.45053,0.0,2.4856136,1.6857955,0.0,0.0,1.3799213,0.0,2.40436,0.0,2.56569,0.5275925,0.0,1.2213823,1.9984432,0.6308012,0.0,2.231942,1.697035,1.645173,2.505698,1.4818445,0.0,0.3581206,0.0,1.983821,1.9543133,0.0,1.472759,1.5816916,0.0,0.011380791,0.0,0.0,0.0,0.0,0.0,0
0.61016697,1.375258,0.12581031,0.0,0.09145292,2.282931,1.5671039,0.0,1.1984577,2.5828507,0.0,0.30196074,0.0,2.809787,0.0,1.5686152,0.0,0.0,0.7184787,0.40688014,2.3381903,0.6425583,0.0,0.0,1.2023662,0.0,0.0,0.0,0.78397244,0.04236278,0.0,0.0,0.2198451,1.31619,0.751576,0.0,0.0,0.39851552,0.122370526,1.9403015,0.0,0.0,0.1466813,0.0,0.8634924,0.0,0.0,0.0,0.0,0.0,0.55099815,0.0,0.38051158,0.0,1.1295652,0.30016053,1.3314989,0.0,0.0,0.18245062,0.31913906,0.21576011,1.2358721,0.23742923,0.43432364,0.0,0.0,0.0,0.0,1.337946,0.0,0.0,0.7194694,2.3758743,0.5644627,1.1083475,0.0,0.45437652,1.7138677,0.64230394,0.15980744,0.0,0.18342978,2.8184388,0.0,0.0,0.9308885,2.170785,1.5652,0.0,0.0,0.22512732,0.09081574,2.6637502,0.059517786,0.0,0.31616837,0.0,0.0,2.8750734,0.0,0.20334312,0.7256297,0.0,1.3172995,2.8338807,1.2717133,0.77905947,2.203397,0.42136422,1.2107627,2.7577498,0.056545988,0.0,1.2997233,0.0,1.166798,0.65694535,0.0,0.0139782615,0.0,0.0,0.9653688,0.0,0.0,0.0,0.0,0.0,1
1.4270731,2.076768,0.5846069,0.0,1.8584375,0.578459,1.9309192,0.0,1.6165559,0.9073849,0.0,0.0,0.0,2.233005,0.0,0.30704227,0.0,0.0,0.33061638,0.0,1.4203511,0.0,0.0,0.0,0.47884503,0.0,0.0,0.011232702,1.317747,0.17951642,0.0,0.0,1.2779094,0.26230586,1.8658179,0.0,0.0,2.5184584,1.171023,0.5376116,0.0,0.112971775,1.28163,0.0,1.9034796,0.0,0.0,1.0714744,0.30898583,0.0,0.11298174,0.0,0.0,0.0,0.32832336,0.0,1.257852,1.3215299,0.032219507,1.2225337,1.50409,0.5904507,1.3489228,0.0,0.92032087,0.0,0.0,0.0,1.337519,1.3296723,0.0,0.0,0.47242635,0.618291,0.006218015,0.04294352,0.04355439,0.110368736,1.6579068,0.4900416,0.0,0.0,0.0,0.87408584,0.0,0.0,1.2197677,1.4694786,2.7453542,0.0,0.0,2.0785112,0.0,2.2162447,1.299828,0.0,0.0,0.94319546,0.0,2.5579746,0.0,2.27451,0.9796584,0.0,1.0741898,2.285982,1.4652293,0.051974125,2.251465,1.588615,1.7601959,2.742241,0.667996,0.0,0.5355558,0.0,2.09597,1.9314396,0.0,1.21327,0.9784108,0.0,0.28836152,0.0,0.0,0.0,0.0,0.0,0
1.1029001,1.1509811,0.058536846,0.0,1.8703167,0.43075877,0.9678868,0.0,1.462252,1.0126884,0.0,0.5217157,0.0,2.371396,0.0,0.28571007,0.0,0.0,0.50966847,0.0,1.1943599,0.0,0.0,0.0,1.2398617,0.0,0.0,0.095243126,0.43822432,0.0,0.0,0.0,0.7914949,0.43311623,1.0434793,0.0,0.0,1.995763,1.1266415,0.88579774,0.045360725,0.26344085,1.6113136,0.0,1.4303527,0.0,0.0,1.0304643,0.0,0.1452531,0.7145096,0.0,0.0,0.0,0.55113995,0.0,1.6497362,0.26054204,0.0034761191,0.55176336,1.2231286,0.07108488,1.0661615,0.0,0.66786766,0.0,0.0,0.0,0.95362437,0.58474046,0.0,0.0,0.0,0.29605585,0.577289,0.5706561,0.051453974,0.047933526,0.90173364,0.55911106,0.49880314,0.0,0.0,1.0575117,0.0,0.0,0.6369132,1.1565379,2.626748,0.0,0.0,1.875788,0.0,2.7408671,1.0892737,0.0,0.0,0.8312021,0.0,1.880878,0.0,1.6975899,0.86023986,0.0,0.8402307,2.7769487,0.36718857,0.07151163,1.6161797,0.66805273,0.83058804,2.1547654,0.42210388,0.0,0.651552,0.0,1.1170764,1.0634128,0.0,1.1733688,0.4668817,0.0,0.5230239,0.0,0.0,0.0,0.0,0.0,1
0.7908097,1.2973335,0.22521673,0.0,1.1861831,1.1953607,1.4172285,0.0,1.5782124,1.9472957,0.0,0.68599445,0.0,2.7381763,0.0,0.94678724,0.0,0.0,1.0363809,0.0,2.0783887,0.54131556,0.0,0.0,1.2930998,0.0,0.0,0.35281625,0.19507934,0.0,0.0,0.0,0.27553695,0.8715685,0.7093573,0.0,0.0,0.974626,0.45445123,1.3451598,0.0,0.0,1.0508932,0.0,0.74952126,0.0,0.0,0.41723973,0.0,0.0,0.75049496,0.0,0.25527075,0.0,0.9016262,0.0,1.4979511,0.0,0.0,0.17763056,0.27075416,0.11480307,1.4156618,0.0,0.51617223,0.0,0.0,0.0,0.46680543,0.96284366,0.0,0.0,0.3300048,1.4360056,1.1521734,1.3493679,0.0,0.3636421,1.059377,0.5684935,1.0055102,0.0,0.0,2.5213091,0.0,0.0,1.0444331,1.6541187,2.0996768,0.1276451,0.0,1.500913,0.0,3.4519176,0.27032068,0.0,0.0,0.4098245,0.0,2.3382738,0.0,1.1383921,0.9590633,0.0,1.3030659,2.9954991,0.73405963,0.34249043,2.3702233,0.11704354,0.6997948,2.7061493,0.5754707,0.0,1.4628047,0.0,0.8916668,0.8287479,0.0,0.86423236,0.0,0.0,1.0161566,0.0,0.0,0.0,0.0,0.0,1
0.21271102,1.3633366,0.29554793,0.0,0.33345744,2.6009948,1.4571438,0.0,1.2313303,2.5651715,0.0,0.0,0.0,2.9689834,0.0,1.3073647,0.0,0.0,1.1355659,0.12853056,2.3971934,0.79756945,0.0,0.0,1.5055748,0.0,0.0,0.0,0.7839859,0.17677867,0.0,0.0,0.1154355,1.9239589,0.45276874,0.0,0.0,0.534555,0.089527026,1.5270519,0.0,0.0,0.0,0.0,0.6714304,0.0,0.0,0.0,0.0,0.0,0.6388177,0.0,0.58044565,0.0,0.95746404,0.1879074,1.6982037,0.017060641,0.0,0.0,0.42753285,0.0,1.3569515,0.28060576,0.8816047,0.0,0.0,0.0,0.0,1.3686845,0.0,0.0,0.71950984,2.4874945,1.0174216,1.2245044,0.0,0.34918952,1.9264572,0.7982416,0.3235548,0.0,0.1769642,2.7399678,0.0,0.0,0.944089,1.9816725,1.8697889,0.0,0.0,0.8245407,0.07818489,3.5088081,0.0,0.0,0.3754461,0.063670285,0.0,2.780503,0.0,0.4609553,1.2863467,0.12409671,2.2061222,3.288418,1.4852861,1.0856795,2.3942451,0.6289696,0.7485532,2.4215255,0.5908594,0.0,1.9483336,0.0,1.1148984,0.75468284,0.0,0.05416878,0.0,0.0,1.0966159,0.0,0.0,0.0,0.0,0.0,1
0.22088876,0.73185414,0.41888514,0.0,0.36784065,2.4338553,1.0900776,0.0,1.3842332,2.7079618,0.0,0.47195,0.0,3.2735963,0.0,1.6518953,0.0,0.0,0.85397846,0.13110359,2.0528123,0.6262487,0.0,0.0,1.4750277,0.0,0.0,0.0,1.0270575,0.0,0.0,0.0,0.050760783,1.2724383,0.4698044,0.0,0.0,0.472282,0.13165484,1.7499948,0.0,0.0,0.3088996,0.0,1.048521,0.0,0.0,0.0,0.0,0.22674681,0.8372449,0.0,0.5472512,0.0,0.91486776,0.0,1.6414238,0.0,0.0,0.08422585,0.027235553,0.0,1.3793666,0.0,0.4172226,0.0,0.0,0.0,0.014543176,1.157249,0.0,0.0,0.39365464,1.992552,1.3064345,1.0530992,0.0,0.45744064,1.6120003,0.79236996,0.5282365,0.0,0.11161201,2.7630465,0.0,0.0,1.0405446,2.37602,2.115178,0.0,0.0,0.53779423,0.19306283,3.0255861,0.0,0.0,0.01705036,0.1990701,0.0,2.7422507,0.0,0.14521739,1.0454639,0.0,1.3715078,3.394877,1.4152353,0.7172743,2.01053,0.15024139,0.50708836,2.6944723,0.18073125,0.0,1.6080838,0.0,0.8535288,0.57576907,0.0,0.37777972,0.0,0.0,1.3361722,0.0,0.0,0.0,0.0,0.0,1
0.5294581,1.34773,0.45484042,0.0,0.48457226,2.1049325,1.2962314,0.0,0.93059164,2.7498796,0.0,0.10596027,0.0,2.959886,0.0,1.5364784,0.0,0.0,0.9348358,0.0,2.400198,0.9295573,0.0,0.0,1.1841002,0.0,0.0,0.18102817,0.565296,0.06140913,0.0,0.0,0.20889379,1.376598,1.0407851,0.0,0.0,0.8586598,0.0,1.6799947,0.0,0.0,0.392911,0.0,0.66211915,0.0,0.0,0.13959314,0.0,0.0,0.6123253,0.0,0.5866096,0.0,0.7470034,0.0,1.7466406,0.013186399,0.0,0.20260654,0.0,0.08926623,1.6333095,0.16641904,0.59176266,0.0,0.0,0.0,0.0,1.1386536,0.0,0.0,0.55513066,1.9765364,1.1691483,1.3176283,0.0,0.2503211,1.6452038,0.6646086,0.78539145,0.0,0.3807645,2.7282887,0.0,0.0,1.3951168,1.9950783,2.2793145,0.1287957,0.0,0.89546645,0.0,3.4559617,0.0,0.0,0.15082487,0.24478501,0.0,2.8917773,0.0,0.5908989,1.1299568,0.0,1.5663041,3.1409042,1.0352651,0.6041682,2.7320583,0.038433924,0.92471963,2.7762105,0.5606383,0.0,1.7134451,0.0,1.4293504,1.1120287,0.0,0.1586938,0.0,0.0,1.2669744,0.0,0.0,0.0,0.0,0.0,1
0.5480099,1.3656993,0.43084037,0.0,0.37072563,2.222912,1.2920223,0.0,0.9549152,2.360603,0.0,0.154477,0.0,3.3593278,0.0,1.5226787,0.0,0.0,0.76387435,0.47989857,2.2530649,0.5850958,0.0,0.0,1.127723,0.0,0.0,0.0,0.61817276,0.0,0.0,0.0,0.37859154,1.2798103,0.4222162,0.0,0.0,0.72089094,0.0,1.3892026,0.0,0.0,0.4694311,0.0,1.0877616,0.0,0.0,0.0,0.0,0.0,0.5859099,0.0,0.5338793,0.0,0.8214138,0.0,1.8135909,0.0,0.0,0.0,0.057474777,0.035074826,1.3450307,0.0,0.40723792,0.0,0.0,0.0,0.25497612,0.8903841,0.0,0.0,0.38424888,2.07093,1.0306444,1.2547026,0.0,0.29046816,1.3648977,0.789368,0.5662301,0.0,0.27658942,2.5821035,0.0,0.0,1.1707085,2.1743894,2.1743743,0.0,0.0,0.67576605,0.07003598,3.1760995,0.0,0.0,0.42921594,0.47157276,0.0,2.6050665,0.0,0.7177616,1.1800643,0.0,1.250893,2.9764774,1.1701679,0.73567593,2.5135782,0.39405358,0.80604273,2.5311282,0.51956046,0.0,1.4795128,0.0,1.2010622,0.94422996,0.0,0.48321733,0.0,0.0,1.1526244,0.0,0.0,0.0,0.0,0.0,1
0.007188307,1.2590903,0.5384409,0.0,0.18117274,2.2174907,1.3758557,0.0,1.4592853,2.7961624,0.0,0.6068926,0.0,3.115025,0.0,1.7408969,0.0,0.0,1.1077023,0.21495646,2.2011082,0.9053871,0.0,0.0,1.2796912,0.0,0.0,0.0,1.2753516,0.0,0.0,0.0,0.22644873,1.1327384,0.6044941,0.0,0.0,0.20747864,0.095653996,1.8968716,0.0,0.0,0.27316654,0.0,0.9812022,0.0,0.0,0.029836448,0.0,0.0,0.7853817,0.0,0.51454526,0.0,1.2227914,0.08084857,1.836115,0.0,0.0,0.21569014,0.083011076,0.14025098,1.5443025,0.081956826,0.6013392,0.0,0.0,0.0,0.0,1.149956,0.0,0.0,0.75844616,2.1456761,0.99733335,1.0218545,0.0,0.55694985,1.7765005,0.75971127,0.6067768,0.0,0.096001714,3.0865302,0.0,0.0,1.3875047,2.1284962,1.5336441,0.0,0.0,0.0876041,0.036612645,3.3215663,0.0,0.0,0.0,0.095312424,0.0,2.9738948,0.0,0.0,0.85138386,0.0,1.8132478,3.4553914,0.9281001,0.62661254,2.3426979,0.09706773,0.824815,2.9244733,0.38924128,0.0,1.7040888,0.0,1.1615918,0.7716634,0.0,0.223233,0.0,0.0,1.4956329,0.0,0.0,0.0,0.0,0.0,1
1.9043376,2.2948446,0.055684444,0.0,2.211037,0.0,1.3237581,0.0,1.6897918,0.5626214,0.0,0.27379584,0.0,2.263188,0.0,0.0,0.0,0.0,0.57218784,0.0,0.5932012,0.0,0.0,0.0,0.42384443,0.0,0.0,0.68440586,0.9806563,0.0,0.0,0.0,1.2733722,0.0,1.9624646,0.0,0.0,2.5544586,1.3986336,0.20630492,0.24780647,0.5248216,2.63111,0.0,1.3412828,0.0,0.0,1.4700451,0.31347412,0.18875264,0.389734,0.0,0.0,0.0,0.8464252,0.0,1.298551,1.66344,0.12271667,1.2696654,1.6299111,0.0,1.191285,0.0,0.8852043,0.0,0.0,0.0,1.4571925,0.6697236,0.0,0.0,0.0,0.29196122,0.22927922,0.14475195,0.40482825,0.07862616,1.3673031,0.79040724,0.0,0.0,0.0,0.8930142,0.0,0.0,0.9507043,0.8460899,2.751812,0.0,0.0,2.574785,0.0,2.4300482,1.3671821,0.0,0.0,1.3527662,0.0,2.1139276,0.0,2.3512464,0.56031954,0.0,1.046042,2.1122582,0.18737808,0.0,2.381065,1.5227818,1.244693,2.5197523,1.365629,0.0,0.45086798,0.0,1.9194403,2.0799341,0.0,1.5273055,1.9590718,0.0,0.19565775,0.0,0.0,0.0,0.0,0.14348376,0
1.7680889,2.0796669,0.27306575,0.0,2.1741261,0.1187372,1.5118914,0.0,1.9201182,0.81660086,0.0,0.19488056,0.0,2.6266224,0.0,0.0,0.0,0.0,0.24979827,0.0,1.389535,0.0,0.0,0.0,0.7452613,0.06257237,0.0,0.4889929,1.0939105,0.0,0.0,0.0,1.2609699,0.2178163,1.84912,0.0,0.0,2.2791162,1.4111326,0.7883373,0.025377434,0.651525,2.1593685,0.0,1.357505,0.0,0.0,1.1041558,0.33242047,0.14291777,0.08002283,0.0,0.0,0.0,0.7029241,0.0,1.534011,1.0592835,0.03630147,1.1867534,1.3158667,0.1755473,0.8839276,0.0,0.9127807,0.0,0.0,0.0,1.6030146,0.623787,0.0,0.0,0.044231888,0.5525297,0.36751285,0.49161366,0.1651372,0.0,1.5267351,0.85959053,0.0,0.0,0.0,0.9143799,0.0,0.0,0.737375,1.2959832,3.1478796,0.11358279,0.0,2.6114757,0.0,2.6259885,1.1218917,0.0,0.09742115,1.3198637,0.0,2.1247656,0.0,2.2227514,0.8804122,0.0,0.909752,2.1655474,0.46506673,0.0,2.2679026,1.0917698,1.4097087,2.717252,1.2322042,0.0,0.9934544,0.0,1.8717636,2.226688,0.0,1.4934105,1.4681791,0.0,0.17767908,0.0,0.0,0.0,0.0,0.0,0
0.712739,1.7078866,0.30177706,0.0,0.7514728,0.99226016,1.9744306,0.0,1.1912162,1.8893031,0.0,1.1007869,0.0,2.4447126,0.0,1.1843169,0.0,0.0,0.944202,0.0,1.4729288,0.030378945,0.0,0.0,1.2605011,0.050878707,0.0,0.0,1.0448045,0.0,0.0,0.0,0.5053982,0.4405673,0.59267306,0.0,0.0,0.81722355,0.74879265,1.4969155,0.0,0.0,1.1394153,0.0,0.98500055,0.0,0.0,0.5269844,0.07868768,0.2688832,0.40296295,0.0,0.1085948,0.0,0.9290611,0.0,0.9096204,0.28047192,0.0,0.6030535,0.80746,0.3817841,1.2226235,0.0,0.6178137,0.0,0.0,0.0,0.914991,0.9188397,0.0,0.0,0.4031257,1.1295396,0.77698916,0.5722545,0.0,0.33364692,1.2645714,0.6487738,0.72616714,0.0,0.0,2.4450405,0.0,0.0,1.0329329,1.6304064,1.7419045,0.0,0.0,0.99174595,0.0,2.6917708,0.34675488,0.0,0.0,0.5400177,0.0,2.4577403,0.0,0.8617894,0.52732086,0.0,0.93836117,2.8413656,0.870502,0.11278439,2.241346,0.5662117,0.9705301,2.907542,0.6689458,0.0,1.51152,0.0,1.0507495,0.79517305,0.0,0.6070016,0.34329236,0.0,1.091454,0.0,0.0,0.0,0.0,0.0,1
0.91839707,1.4436412,0.45344862,0.0,0.70651054,1.3631148,1.7637975,0.0,1.3797755,1.7086679,0.0,0.49821207,0.0,2.9000812,0.0,1.3325922,0.0,0.0,0.6552264,0.047121298,1.7495368,0.0,0.0,0.0,0.7025948,0.0,0.0,0.0,1.2637619,0.0,0.0,0.0,0.76878923,0.56672764,1.0475683,0.0,0.0,1.1448797,0.65560514,1.2807206,0.0,0.19486159,0.8965565,0.0,0.8974268,0.0,0.0,0.54963887,0.21758364,0.0,0.2479694,0.0,0.0,0.0,0.3483601,0.0,1.2659088,0.54314846,0.0,0.76740104,0.8921246,0.27069262,1.1779703,0.0,0.6798219,0.0,0.0,0.0,0.97028494,1.3822939,0.0,0.0,0.82081115,1.319564,0.4512174,0.41785726,0.0,0.44672683,1.5026076,0.5763291,0.0,0.0,0.46728382,2.049668,0.0,0.0,1.5537311,1.6436174,2.4470718,0.0,0.0,1.4025493,0.0,2.534165,0.3718247,0.0,0.0,0.4406464,0.0,2.937721,0.0,1.3413142,0.6579865,0.0,1.0222666,2.8631146,0.80302113,0.078820415,2.3263726,0.8461459,1.2011251,2.741352,0.48257634,0.0,1.2494025,0.0,1.1216198,1.4014775,0.0,0.84668064,0.44271362,0.0,0.89604306,0.0,0.0,0.0,0.0,0.0,1
0.13903193,1.4324759,0.96356857,0.0,0.2252067,2.4334009,1.7270737,0.0,1.1718941,2.1394827,0.0,0.76083857,0.0,2.7158303,0.0,1.6579567,0.0,0.0,0.5736763,0.29644042,1.9751767,0.7913061,0.0,0.0,1.175335,0.0,0.0,0.0,1.081387,0.0,0.0,0.0,0.083380885,0.5605244,1.11411,0.0,0.0,0.08985938,0.71383363,1.7733349,0.0,0.0,0.12666024,0.0,0.389618,0.0,0.0,0.0,0.11574189,0.0,0.0,0.0,0.06877323,0.0,0.60495555,0.390247,0.7876013,0.3384194,0.0,0.75964993,0.056448326,0.0027209474,1.6000689,0.0,0.6669457,0.0,0.0,0.0,0.47856638,1.541537,0.0,0.0,1.1318164,1.7271892,0.33536616,0.86628354,0.0,0.25888038,1.7280741,0.3528095,0.6331209,0.0,0.0,2.9556322,0.0,0.0,1.4156595,2.2744675,1.8083138,0.0,0.18538864,1.0509663,0.0,2.4792302,0.45517984,0.0,0.0,0.012523897,0.0,3.288732,0.0,0.40988463,0.73239666,0.0,1.3573477,2.9909017,1.5799066,0.9762505,2.3822076,0.47307897,0.68669355,2.6226413,0.0,0.0,1.6913363,0.0,0.7750498,0.93658924,0.0,0.23173611,0.0,0.0,1.3045951,0.0,0.0,0.0,0.0,0.0,1
0.14209697,1.2415404,0.8066983,0.0,0.076804005,3.0077717,1.4249995,0.0,0.8728907,2.7723193,0.0,0.016219819,0.0,3.1224284,0.0,1.8046045,0.0,0.0,0.6674279,0.56928813,2.547221,1.2336128,0.0,0.0,1.4231707,0.0,0.0,0.0,1.2421762,0.0,0.0,0.0,0.12442253,1.8845388,0.4377443,0.0,0.0,0.2324959,0.0,1.7244862,0.0,0.0,0.0,0.0,0.6925643,0.0,0.0,0.057356894,0.0,0.0,0.22775209,0.0,0.7557979,0.0,1.1333476,0.033303972,2.198189,0.0,0.0,0.0,0.06451546,0.0,1.4184369,0.18980671,0.21025392,0.0,0.0,0.0,0.0,1.2480832,0.0,0.0,0.9509021,2.0041697,0.7292845,1.0934671,0.0,0.13054068,1.8042042,0.86138695,0.51665413,0.0,0.38459122,2.9071817,0.0,0.0,1.2883359,2.5255983,1.6668373,0.0,0.0,0.5332027,0.07164936,3.1316838,0.0,0.0,0.077428974,0.018444367,0.0,3.0882025,0.0,0.22844595,1.2038212,0.0,1.9960866,3.2366421,1.4165032,0.7437038,2.596372,0.2510149,0.92643684,2.807651,0.5091322,0.0,1.7845808,0.0,1.1698548,1.3405817,0.0,0.0,0.0,0.0,1.5610195,0.0,0.0,0.0,0.0,0.0,1
0.8798692,1.2428678,0.7940141,0.0,0.81025124,2.312808,1.8366704,0.0,1.2577313,2.8391361,0.0,0.72991455,0.0,2.522952,0.0,1.4442552,0.0,0.0,0.28696817,0.16480221,2.7792842,0.8916499,0.0,0.0,1.558413,0.0,0.0,0.0,0.63651246,0.0,0.0,0.306896,0.0,0.7711226,1.0097156,0.0,0.0,0.51033396,0.0,1.8395821,0.0,0.0,0.0,0.0,0.7730237,0.03560991,0.0,0.0,0.0,0.0,0.013482629,0.0,0.31739065,0.0,0.72099733,0.0,1.6899105,0.0,0.0,0.18620758,0.0,0.0,1.5224108,0.06730869,0.5927596,0.0,0.0,0.0,0.0,1.5735662,0.0,0.0,1.0052867,2.247774,0.88019353,1.5792407,0.0,0.4523334,2.0378726,0.7292871,0.87162083,0.0,0.2584825,2.4914956,0.0,0.0,1.0668534,2.381305,2.0658984,0.0,0.0,1.3248641,0.31706822,3.2606227,0.39258865,0.0,0.11949045,0.0,0.0,2.9048073,0.0,0.508986,1.2326951,0.0,1.6498421,3.151491,1.5321631,0.6789947,2.0011208,0.0,0.8153045,2.8835595,0.091120094,0.0,1.8915752,0.0,0.7634605,1.067646,0.0,0.32004037,0.0,0.0,1.3616147,0.0,0.1770496,0.0,0.0,0.0,1
0.67562103,0.8737176,0.8455168,0.0,0.8795413,2.4050004,1.5996106,0.0,1.1983382,2.2390096,0.0,0.55551463,0.0,2.9364042,0.0,1.3973486,0.0,0.0,0.6685227,0.0,2.4680219,0.68802005,0.0,0.0,1.4989344,0.0,0.0,0.0,0.61718315,0.0,0.0,0.11433911,0.0,0.5532138,0.76516175,0.0,0.0,0.44064486,0.19329993,2.006264,0.0,0.0,0.0,0.0,0.6169533,0.0,0.0,0.1442252,0.0,0.0,0.31338972,0.0,0.06791406,0.09854649,0.92596096,0.025534505,1.6692618,0.0,0.0,0.1028396,0.0,0.0,1.4689153,0.06133596,0.678792,0.0,0.0,0.0,0.0,1.5407096,0.0,0.0,0.73820376,1.7739308,0.8831908,1.3827314,0.0,0.62137616,1.8364818,0.55983615,0.9052364,0.0,0.31419826,2.64385,0.0,0.0,1.1759806,2.2047617,1.6962411,0.0,0.0,1.5230433,0.24417435,3.2848663,0.044145092,0.0,0.0,0.0068509653,0.0,2.8797429,0.0,0.71862346,1.0708296,0.044995084,1.6776298,3.421755,1.5020735,0.38347912,1.9678538,0.0,0.486886,2.990503,0.18808933,0.0,1.4966484,0.0,0.95910555,0.68249905,0.0,0.4007884,0.0,0.0,1.3976864,0.0,0.0,0.0,0.0,0.0,1
0.82167643,1.1363193,0.7018077,0.0,0.7828481,2.4807034,1.8675586,0.0,1.306012,2.4609065,0.0,0.48854685,0.0,2.4479332,0.0,1.4119402,0.0,0.0,0.8042391,0.1279391,2.5006511,0.697087,0.0,0.0,1.3784846,0.0,0.0,0.0,0.9856225,0.0,0.0,0.020573404,0.14238991,1.2211531,1.390081,0.0,0.0,0.5832561,0.17801003,1.8297464,0.0,0.0,0.0,0.0,0.45816568,0.0,0.0,0.0,0.0,0.0,0.024621576,0.0,0.40296417,0.06763832,0.6860247,0.3536201,1.2694613,0.0,0.0,0.22209151,0.018447384,0.17897633,1.439023,0.2346495,0.8096689,0.0,0.0,0.0,0.0,1.4977431,0.0,0.0,0.7638998,2.2940905,0.7650015,1.1754144,0.0,0.63833827,2.0809443,0.6512285,0.37406573,0.0,0.0,2.585217,0.0,0.0,1.025604,2.153935,1.8203456,0.0,0.0,0.9413316,0.24386807,2.789489,0.055400267,0.0,0.06385837,0.0,0.0,3.018863,0.0,0.7255143,0.8845706,0.0,1.4257783,2.7776346,1.6527865,0.9483816,2.2874,0.2909592,0.8261906,2.6597528,0.08749919,0.0,1.6188282,0.0,1.0785085,0.49629614,0.04152026,0.0,0.0,0.0,0.9164778,0.0,0.05491677,0.0,0.0,0.0,1
0.3842063,0.99239576,0.48245096,0.0,0.6273191,2.6314518,1.3645277,0.0,1.3488989,2.408163,0.0,0.14971873,0.0,2.6037893,0.0,1.790127,0.0,0.0,0.8460317,0.3339252,2.1604528,0.7072697,0.0,0.0,1.4718788,0.0,0.0,0.0,0.84569645,0.0,0.0,0.0,0.22517146,1.2237657,0.5881561,0.0,0.0,0.4570714,0.22822754,1.8196869,0.0,0.0,0.09257098,0.0,0.9197692,0.0,0.0,0.11952211,0.0,0.0,0.6556659,0.0,0.34715864,0.0,0.78081304,0.122748606,1.4407612,0.0,0.0,0.21612121,0.07340549,0.0886003,1.4818434,0.08612544,0.551311,0.0,0.0,0.0,0.0,1.2479962,0.0,0.0,0.7383459,2.355705,0.57502264,0.90280193,0.0,0.3242054,1.7330312,0.57667476,0.44628194,0.0,0.30196226,2.3654425,0.0,0.0,0.91530424,2.0445344,1.8581202,0.0,0.0,0.502271,0.04964088,2.991634,0.28560492,0.0,0.25777525,0.01149071,0.0,2.7684963,0.0,0.30830675,0.84658045,0.0,1.3112695,3.102813,1.1422325,0.5055369,1.7810287,0.3693011,0.6751234,2.570875,0.09259158,0.0,1.418503,0.0,1.1306347,0.39011618,0.0,0.34011436,0.0,0.0,1.2154521,0.0,0.0,0.0,0.0,0.0,1
0.0,1.047554,0.54722905,0.0,0.39425159,2.7655473,1.1614329,0.0,1.4720238,2.710351,0.0,0.01579594,0.0,2.8786664,0.0,2.0975318,0.0,0.0,1.1850264,0.0,2.7265062,0.75321245,0.0,0.0,0.9694733,0.0,0.0,0.0,1.0024606,0.13600469,0.0,0.0,0.672026,1.5215546,1.0580002,0.0,0.0,0.17706439,0.0,1.7240106,0.0,0.0,0.18146048,0.0,0.7463823,0.0,0.0,0.2002931,0.0,0.0,0.90924364,0.0,0.5144743,0.0,0.6860793,0.0,2.1995955,0.059048954,0.0,0.18266903,0.2903974,0.2784497,1.8659322,0.5363436,0.47645816,0.0,0.0,0.0,0.0,1.100993,0.0,0.0,0.7406666,2.364181,1.1009711,0.89259917,0.0,0.39661306,1.7061455,0.71713793,0.40486225,0.0,0.45865452,3.2958672,0.0,0.0,1.4389812,2.5704768,2.0264592,0.0,0.0,0.2647853,0.25966245,3.4225335,0.0,0.0,0.2194086,0.0,0.0,2.992954,0.0,0.507051,1.1549389,0.0,1.637678,3.5011756,0.89469194,0.8870127,2.5268419,0.63214993,0.55690235,2.7839105,0.44107208,0.0,1.8618048,0.0,1.0811218,0.7216092,0.0,0.25407472,0.0,0.0,1.3059059,0.0,0.0,0.0,0.0,0.0,1
2.1168914,2.1781812,0.22510052,0.0,2.5248423,0.0,1.3413162,0.0,1.807089,0.6856215,0.0,0.47455668,0.0,2.1314003,0.0,0.0,0.0,0.0,0.26228625,0.0,1.2341226,0.0,0.0,0.0,0.6530467,0.0,0.0,0.6707321,0.7571221,0.0,0.0,0.0,1.3090518,0.09140685,1.9044136,0.0,0.0,2.5147014,1.5619401,0.66845673,0.17056541,0.5464704,2.2573142,0.0,1.5065567,0.0,0.0,1.3887712,0.14055867,0.141702,0.25377876,0.0,0.008054127,0.0,0.5958405,0.0,1.3883106,1.1524926,0.03582398,1.1639898,1.4759185,0.34998536,1.2394618,0.0,1.0361015,0.0,0.0,0.0,1.3405637,1.0295608,0.0,0.0,0.0,0.4320917,0.149266,0.47455242,0.35413992,0.0,0.96078324,0.7608958,0.0,0.0,0.0,0.69609123,0.0,0.0,0.55972654,1.2884315,3.0119486,0.044667806,0.0,2.3183184,0.0,2.7431042,1.630521,0.0,0.0,1.470124,0.0,2.4914172,0.0,2.4673207,0.64917076,0.0,0.7013382,2.2308369,0.7025752,0.0,2.3168235,1.4729466,1.4593726,2.865149,0.8489766,0.0,0.42248544,0.0,1.666169,1.6087241,0.0,1.8579783,0.9770639,0.0,0.25757024,0.0,0.0,0.0,0.0,0.0,0
1.5148884,2.3814454,0.13774933,0.0,2.6662717,0.0,1.2497052,0.0,1.9811267,0.33036456,0.0,0.051062323,0.0,2.0878768,0.0,0.0,0.0,0.0,0.45694125,0.0,0.5486991,0.0,0.0,0.0,0.5774531,0.0,0.0,0.58944786,0.6736749,0.0,0.0,0.0,1.4752574,0.19135278,1.736356,0.0,0.0,2.7592878,1.7149513,0.3245955,0.19369607,0.4011199,2.3455198,0.0,1.8015215,0.0,0.0,1.5238726,0.19157088,0.036738116,0.66521055,0.0,0.0,0.0,1.0524899,0.0,1.3852216,1.0958617,0.3000681,1.2728115,1.7450279,0.09562912,1.2456989,0.0,0.76497054,0.0,0.0,0.0,1.3908933,0.32977638,0.0,0.0,0.0,0.07112633,0.078204274,0.03737716,0.38020435,0.0,1.162518,0.8166256,0.030076748,0.0,0.0,0.33933914,0.0,0.0,0.5332063,1.0551442,3.0171556,0.29941252,0.0,2.909429,0.0,2.756378,1.5456648,0.0,0.0,1.5877723,0.0,2.032055,0.0,2.6899922,0.79391885,0.0,1.0932909,2.118507,0.36156377,0.0,1.9839199,1.7912692,1.5439265,2.6855428,1.2924583,0.0,0.26118892,0.0,1.948659,2.0778544,0.0,1.8134842,1.5549774,0.0,0.17090432,0.0,0.0,0.0,0.0,0.0,0
0.74199295,1.3364186,0.1375631,0.0,0.8398518,0.946664,1.574815,0.0,1.4008199,2.2329962,0.0,1.2549282,0.0,2.7951155,0.0,1.5928242,0.0,0.0,1.0652233,0.0,1.8010237,0.47230682,0.0,0.0,0.9955124,0.0,0.0,0.2511933,0.6907037,0.0,0.0,0.0,0.5460812,0.6428913,0.588938,0.0,0.0,0.8874152,0.54941434,1.580988,0.0,0.0,1.3757012,0.0,0.79542136,0.0,0.0,0.836685,0.0,0.5759077,1.0575973,0.0,0.29784116,0.0,0.94881415,0.010460848,1.3284582,0.2625957,0.0,0.17289306,0.50998455,0.5666393,1.2055504,0.0,0.25877365,0.0,0.0,0.0,1.0076252,0.9832184,0.0,0.0,0.1485675,1.1572119,1.0245653,1.0374898,0.0,0.28195375,0.62051904,0.6707736,0.73412985,0.0,0.0,2.788318,0.0,0.0,1.2253188,1.3760546,1.9958265,0.0,0.0,0.5732477,0.0,3.343393,0.2585485,0.0,0.0,0.39957014,0.0,2.7407818,0.0,0.974619,0.47533917,0.0,0.905694,2.969311,0.78467625,0.3380677,2.331925,0.5541309,0.89524883,2.6750345,0.4371731,0.0,1.4440011,0.0,0.9905101,0.76789093,0.0,0.7546748,0.13821244,0.0,0.78605354,0.0,0.0,0.0,0.0,0.0,1
1.2574024,1.631315,0.08451368,0.0,1.0355127,0.5266001,1.0396867,0.0,1.4332031,1.2867988,0.0,0.50852287,0.0,2.6505418,0.0,0.41696793,0.0,0.0,0.6823146,0.0,1.500548,0.31394932,0.0,0.0,0.86141545,0.0,0.0,0.25005925,0.70086735,0.0,0.0,0.0,0.95322114,0.41746435,1.033697,0.0,0.0,1.3465087,0.89853126,0.78317755,0.0,0.23275563,1.8102297,0.0,0.87976086,0.0,0.0,0.87855285,0.0,0.45615944,0.29113162,0.0,0.13280176,0.0,0.8334257,0.0,1.4620087,0.27045077,0.0,0.5006955,0.95883316,0.08109745,0.9564167,0.0,0.7562,0.0,0.0,0.0,1.0765563,0.47755525,0.0,0.0,0.0,0.8056739,0.6692507,0.89765835,0.09378787,0.11126251,1.1506383,0.8121854,0.19967206,0.0,0.0,1.4797288,0.0,0.0,0.9495416,1.260668,2.543752,0.0,0.0,1.680785,0.0,2.8077822,0.70532125,0.0,0.04854909,0.7986547,0.0,2.1186206,0.0,1.4311035,0.8074379,0.0,1.0207281,2.4472873,0.386423,0.18295783,2.1939342,0.46609652,0.95729256,2.2177274,0.63968503,0.0,0.7742794,0.0,1.1979048,1.4050888,0.0,1.0621506,0.6729233,0.0,0.48443314,0.0,0.0,0.0,0.0,0.0,1
1.2890073,1.5675641,0.033286292,0.0,1.3782829,0.26498753,1.1583996,0.0,1.6098238,1.3682195,0.0,0.62212837,0.0,2.460534,0.0,0.5252867,0.0,0.0,0.6828522,0.0,1.1975797,0.0025603257,0.0,0.0,0.84997714,0.0,0.0,0.32306594,0.5449179,0.0,0.0,0.0,1.1179763,0.35532704,1.6556344,0.0,0.0,1.5094182,1.11767,0.7257461,0.0,0.28881383,1.945387,0.0,1.1210006,0.0,0.0,1.2295694,0.0,0.63740605,0.7001044,0.0,0.07242187,0.0,1.0750487,0.0,1.1782371,1.0030099,0.099495,0.9141461,0.9648912,0.15832426,0.7960614,0.0,0.4051474,0.0,0.0,0.0,1.1061739,0.71143067,0.0,0.0,0.0,0.41638348,0.57735026,0.55653024,0.5594227,0.37124074,0.8687671,0.7488788,0.1950735,0.0,0.0,1.4332987,0.0,0.0,0.83981806,1.005125,2.5160904,0.0,0.0,1.4869536,0.0,2.4878433,0.757278,0.0,0.0,0.73312294,0.0,2.1916044,0.0,1.4123479,0.43087274,0.0,1.1890153,2.3894887,0.1707519,0.25782943,2.0164816,0.79861176,1.150688,1.9702432,0.87902623,0.0,0.6914061,0.0,1.1006588,1.1631994,0.0,1.1704766,0.9841738,0.0,0.24228577,0.0,0.0,0.0,0.0,0.04184646,1
0.61331534,1.204293,0.6621952,0.0,1.1490388,2.044469,1.7143226,0.0,1.6163617,2.598813,0.0,0.3772433,0.0,3.371791,0.0,1.5163988,0.0,0.0,1.0059694,0.0,2.5512855,0.68065697,0.0,0.0,1.2502861,0.0,0.0,0.12904246,0.77364206,0.0,0.0,0.0,0.24567594,1.250229,0.64794785,0.0,0.0,1.0362567,0.0,1.5913787,0.0,0.0,0.59731275,0.0,0.61633986,0.0,0.0,0.15519589,0.0,0.0,0.5314236,0.0,0.691456,0.0,0.98670393,0.0,1.7788669,0.0,0.0,0.016927093,0.0,0.30368057,1.839787,0.0,0.5507077,0.0,0.0,0.0,0.0,1.125665,0.0,0.0,0.73440284,1.8971063,1.068243,1.7093803,0.0,0.5230138,1.4916264,0.6656296,0.58174884,0.0,0.24629654,2.9549522,0.0,0.0,1.2767054,2.3140802,2.353753,0.0,0.0,0.81731564,0.0077545326,3.6342235,0.0,0.0,0.0,0.046257325,0.0,3.137251,0.0,1.3928465,1.125102,0.0,1.7801411,3.1750238,0.99427474,0.71340925,2.5992968,0.055533502,0.82185835,2.8255155,0.5993847,0.0,1.5799941,0.0,1.2393551,0.9397186,0.0,0.22054781,0.0,0.0,0.9298227,0.0,0.0,0.0,0.0,0.0,1
0.6563983,1.2599301,0.4201651,0.0,1.3994702,1.209568,1.7006735,0.0,1.6136668,1.9846153,0.0,1.0056078,0.0,2.7605543,0.0,1.284438,0.0,0.0,1.1014795,0.0,1.8211378,0.3290099,0.0,0.0,1.1832542,0.0,0.0,0.27034047,0.84892374,0.0,0.0,0.0,0.65216243,0.54675305,1.0902473,0.0,0.0,1.1089932,0.5212358,1.4589976,0.0,0.0,1.3419453,0.0,0.58185565,0.0,0.0,0.74146116,0.0,0.29778728,0.5285035,0.0,0.21541299,0.0,0.6579221,0.0,1.2661848,0.32479733,0.0,0.6395152,0.26383752,0.22200045,1.7860633,0.0,0.45829275,0.0,0.0,0.0,0.58261204,1.2845658,0.0,0.0,0.5454487,1.3769587,0.9245834,0.9100732,0.030106837,0.4164846,1.2243422,0.70619667,0.5993464,0.0,0.0,2.5326214,0.0,0.0,0.96885663,1.9073498,2.4758673,0.0,0.0,1.4789363,0.0,3.2653904,0.4598522,0.0,0.0,0.36402482,0.0,2.8134806,0.0,1.259484,0.67226374,0.0,1.365898,2.9788773,0.8249437,0.50970095,2.4610145,0.24937905,0.98968995,2.9831598,0.82556707,0.0,1.5357115,0.0,1.1044339,0.7984116,0.0,0.6519668,0.08948672,0.0,0.92731297,0.0,0.0,0.0,0.0,0.0,1
1.9232712,2.336658,0.081941664,0.0,2.6084776,0.0,1.6388435,0.0,2.001085,0.21602139,0.0,0.22190596,0.0,2.2294493,0.0,0.0,0.0,0.0,0.3845714,0.0,0.91597515,0.0,0.0,0.0,0.3189907,0.0,0.0,0.70031923,1.0633827,0.0,0.0,0.0,1.4223429,0.04911557,2.2822433,0.0,0.0,3.3462682,1.6043344,0.24565844,0.11113106,0.5445522,2.419957,0.0,2.161181,0.0,0.0,1.6045979,0.39639795,0.17603296,0.09224577,0.0,0.0,0.0,0.6379045,0.0,1.395114,1.7275251,0.4375799,1.4849056,1.9198656,0.59408045,1.4931552,0.0,1.0487477,0.0,0.0,0.0,1.5139638,1.0087762,0.0,0.0,0.053802725,0.32706594,0.06284678,0.0,0.68375385,0.046008967,1.1179382,0.7855253,0.0,0.0,0.0,0.6509311,0.0,0.0,0.8885004,1.2111747,3.4857016,0.051424872,0.0,2.8227606,0.0,2.5127516,1.6222014,0.0,0.0,1.5562214,0.0,2.42249,0.0,2.9885807,0.82429355,0.0,1.1303841,2.0598109,0.86859286,0.0,2.2693493,1.8648517,1.8592515,2.7249935,1.1110907,0.0,0.23569192,0.0,1.8840805,2.225618,0.0,1.9613909,1.2676202,0.0,0.06711731,0.0,0.0,0.0,0.0,0.0,0
1.5643468,2.1163793,0.49847382,0.0,2.00529,0.32453078,1.4952748,0.0,1.4731625,0.6698239,0.0,0.4234102,0.0,2.273899,0.0,0.16238205,0.0,0.0,0.6794657,0.0,1.1320122,0.0,0.0,0.0,0.01765806,0.0,0.0,0.4526575,1.1363257,0.0,0.0,0.0,0.98760337,0.0,1.9394914,0.0,0.0,2.2856467,1.3568125,0.6287311,0.19778274,0.30468583,1.8675333,0.0,1.1424074,0.0,0.0,1.2961,0.5453738,0.0,0.043049246,0.0,0.14240225,0.0,0.0,0.0,1.4731449,1.4891622,0.0,0.989984,1.2772434,0.39288238,1.384454,0.0,0.99428684,0.0,0.0,0.0,1.5002007,1.558833,0.0,0.0,0.36822575,0.7867517,0.25789243,0.432874,0.32484993,0.0,1.5393714,0.76578635,0.0,0.0,0.0,1.2651964,0.0,0.0,1.2463237,1.3612541,2.5690303,0.012038645,0.0,2.3057246,0.0,2.477841,1.1815255,0.0,0.0,1.0663629,0.0,2.703861,0.0,2.3769999,0.6595795,0.0,0.80561596,2.3306167,0.8272319,0.0,2.551135,1.4863225,1.3048126,3.173629,0.9393182,0.0,0.7790083,0.0,1.9877353,2.1966553,0.0,1.5170541,1.2153306,0.0,0.28056523,0.0,0.0,0.0,0.0,0.0,0
0.85064673,0.740872,0.6191327,0.0,1.1398876,1.441658,1.3894867,0.0,1.4444402,1.4180654,0.0,1.0846198,0.0,2.4522548,0.0,0.8632859,0.0,0.0,0.7071217,0.0,1.6125932,0.0,0.0,0.0,1.3186474,0.0,0.0,0.35806763,0.36057407,0.0,0.0,0.12381214,0.19367321,0.1213966,0.86701065,0.0,0.0,1.056954,0.3516276,1.4093983,0.0,0.0,0.8856101,0.0,0.4507596,0.0,0.0,0.80837226,0.0,0.0,0.7866525,0.0,0.0,0.0,0.8897694,0.0,1.8772885,0.0,0.0,0.082348,0.057043537,0.009861643,1.2899158,0.0,0.67213005,0.0,0.0,0.0,0.41448876,1.1943969,0.0,0.0,0.46903175,0.874907,0.800482,0.9036552,0.0,0.4517203,1.1170665,0.6420573,0.79220986,0.0,0.0,2.3370414,0.0,0.0,1.1408097,1.5601839,2.2345362,0.0,0.0,2.029788,0.0,2.7825482,0.33390293,0.0,0.0,0.3678838,0.0,2.4641695,0.0,1.397041,1.0404285,0.0,1.212612,3.1480863,0.9095317,0.0,1.8520969,0.26210165,0.2193997,2.8494358,0.38400725,0.0,1.4824079,0.0,0.8287117,0.8211794,0.0,0.5854482,0.0,0.0,0.5091248,0.0,0.0,0.0,0.0,0.0,1
0.9850179,1.229506,0.3089432,0.0,1.157614,1.3690379,1.459042,0.0,1.3152629,1.6323342,0.0,0.885808,0.0,2.6847978,0.0,0.9486071,0.0,0.0,0.7283651,0.0,1.8644834,0.21178202,0.0,0.0,1.2124692,0.0,0.0,0.35438788,0.38129964,0.0,0.0,0.0,0.28831246,0.3101409,0.80533123,0.0,0.0,0.9672048,0.68846405,1.417244,0.0,0.0,0.8019162,0.0,0.6080713,0.0,0.0,0.4634788,0.25388664,0.0,0.6507114,0.0,0.1279936,0.0,0.6520174,0.0,1.8550622,0.03623605,0.0,0.10512613,0.0,0.059918936,1.2997934,0.0,0.6821477,0.0,0.0,0.0,0.51528513,1.3615335,0.0,0.0,0.39921007,1.2609792,0.8988787,1.1914101,0.0,0.45212328,1.0715661,0.98447144,0.90701234,0.0,0.0,2.461938,0.0,0.0,1.4204272,1.3740708,2.3946567,0.0,0.0,1.5041492,0.0,3.1536913,0.26516593,0.0,0.0,0.14588684,0.0,2.4677496,0.0,1.3904144,0.8270901,0.0,1.1332477,3.00751,0.8286883,0.24671614,2.418395,0.49274567,0.5183281,2.8223326,0.7413666,0.0,1.3805054,0.0,0.9259446,0.80663913,0.0,0.7481224,0.0,0.0,1.0183249,0.0,0.0,0.0,0.0,0.0,1
2.031465,2.3700383,0.07044165,0.0,3.2711337,0.0,1.520956,0.0,2.3250494,0.574418,0.0,0.36478367,0.0,2.3972774,0.0,0.0,0.0,0.0,0.63497597,0.0,1.1031716,0.0,0.0,0.0,0.8848825,0.0,0.0,0.72662383,0.48043105,0.0,0.0,0.0,1.7581223,0.3350607,2.1504426,0.0,0.0,2.8590372,1.742742,0.4510428,0.08618395,0.51825726,2.5354028,0.0,1.6794935,0.0,0.0,1.7244431,0.1364245,0.5259351,0.49438056,0.0,0.033873755,0.0,1.1797756,0.0,1.4226879,1.4949636,0.31226596,1.7937921,2.0229542,0.20817879,1.6310768,0.0,0.841165,0.0,0.0,0.0,1.5293123,0.56656414,0.0,0.0,0.0,0.060608994,0.24086285,0.3287771,0.5555776,0.0,0.85577524,0.9596914,0.0,0.0,0.0,0.51179147,0.0,0.0,0.26757228,0.6444946,3.1656406,0.14442825,0.0,2.6662056,0.0,2.8080525,1.5000119,0.0,0.0,1.769361,0.0,2.321664,0.0,2.4731624,0.72564137,0.0,1.0425061,2.2703898,0.33355305,0.0,2.0860064,1.519592,1.7053205,2.6195424,1.3659606,0.0,0.24700132,0.0,1.7137569,1.8667291,0.0,2.0655644,1.4700121,0.0,0.2208687,0.0,0.0,0.0,0.0,0.0,0
0.29201126,0.99567604,0.6145969,0.0,0.19333042,2.4508867,1.4597971,0.0,0.9869857,2.787468,0.0,0.6946012,0.0,3.07382,0.0,1.7618706,0.0,0.0,1.1378618,0.0,2.4341874,1.0205472,0.0,0.0,1.1502289,0.0,0.0,0.0,0.7258894,0.0,0.0,0.0,0.0,0.9412226,0.31955284,0.0,0.0,0.16626249,0.0,1.7696477,0.0,0.0,0.07665574,0.0,0.36019993,0.0,0.0,0.0,0.0,0.0,0.6755501,0.0,0.77213556,0.0,0.7482966,0.13877958,1.6237553,0.0,0.0,0.0,0.0,0.38954374,1.9682614,0.1457862,0.32898363,0.0,0.0,0.0,0.0,1.3304625,0.0,0.0,0.7401563,2.1984863,1.1611575,1.3782436,0.0,0.36731565,2.0886009,0.83708656,0.53675956,0.0,0.6075104,3.4420857,0.0,0.0,1.5727333,2.410539,1.6740544,0.0,0.0,0.20745812,0.18580256,3.1907654,0.0,0.0,0.0,0.0,0.0,3.275911,0.0,0.010359929,0.83780533,0.0,1.6028136,3.5928009,1.284452,0.7152953,2.7092774,0.0,0.6229097,2.926098,0.10856527,0.0,1.7429675,0.0,0.8860629,0.7331077,0.0,0.0,0.0,0.0,1.4302927,0.0,0.0,0.0,0.0,0.0,1
1.638352,1.5671538,0.09422766,0.0,2.3017035,0.09177875,1.2481855,0.0,1.6615918,1.0716717,0.0,0.6086826,0.0,2.4031758,0.0,0.0,0.0,0.0,0.4965649,0.0,1.3822143,0.0,0.0,0.0,0.82996434,0.0,0.0,0.6587547,0.6495892,0.0,0.0,0.0,1.0487504,0.37317893,1.614352,0.0,0.0,2.2905328,1.2073951,0.89336526,0.08926128,0.29910034,1.8268169,0.0,1.4005468,0.0,0.0,1.3954949,0.014754117,0.07702194,0.60450643,0.0,0.010412206,0.0,0.84040153,0.0,1.4710557,0.86576265,0.018738633,0.82555383,1.1180314,0.15418343,1.0314498,0.0,0.6696198,0.0,0.0,0.0,1.0923737,0.90823025,0.0,0.0,0.108973645,0.47244197,0.53494173,0.56925946,0.1196064,0.0,1.0299809,0.6394205,0.06415183,0.0,0.0,1.281999,0.0,0.0,0.72942525,1.0304264,2.6923838,0.0029538244,0.0,2.2904856,0.0,2.6578345,0.95133567,0.0,0.0,0.9077384,0.0,2.052084,0.0,2.1369808,0.67609465,0.0,0.83681464,2.425256,0.5231936,0.0,1.9792049,0.96938014,1.2836561,2.7307296,0.63994825,0.0,0.67775327,0.0,1.463241,1.4150976,0.0,1.497366,0.8667335,0.0,0.24803106,0.0,0.0,0.0,0.0,0.0,0
1.8378783,2.4964924,0.07851203,0.0,2.2052274,0.0,1.4057829,0.0,1.8469557,0.48620954,0.0,0.10318806,0.0,2.1369715,0.0,0.0,0.0,0.0,0.17839648,0.0,0.68349284,0.0070935274,0.0,0.0,0.4951953,0.0,0.0,0.55378026,0.8469589,0.0,0.0,0.0,1.2728788,0.09417853,2.0696566,0.0,0.0,2.8248994,1.7310076,0.009199261,0.06339674,0.40387988,2.3136485,0.0,1.9538833,0.0,0.0,1.3793424,0.05947207,0.051445547,0.13143837,0.0,0.059986044,0.0,0.91819435,0.0,1.5914927,1.2650805,0.2902795,1.427906,1.8279251,0.2617703,1.1842253,0.0,0.9824428,0.0,0.0,0.0,1.131981,0.6352394,0.0,0.0,0.0,0.18479387,0.31911433,0.0,0.5778076,0.0,1.3785512,0.74468297,0.0,0.0,0.0,0.5043208,0.0,0.0,0.76538265,1.106783,2.9822307,0.0,0.0,2.6050618,0.0,2.385292,1.7314696,0.0,0.0349263,1.3731695,0.0,2.1831157,0.0,2.5107543,0.8961316,0.0,1.21341,2.250551,0.85798514,0.0,2.1647544,1.9103744,1.6420386,2.343961,0.94951266,0.0,0.3328228,0.0,2.0076044,2.2334046,0.0,1.5957487,1.4609597,0.0,0.30695403,0.0,0.0,0.0,0.0,0.0,0
1.7392865,2.116937,0.19301799,0.0,1.6730664,0.42033243,1.9247282,0.0,1.6668404,0.81503344,0.0,0.44313172,0.0,2.1203783,0.0,0.4323462,0.0,0.0,0.48861253,0.0,1.4311256,0.0,0.0,0.0,0.6719952,0.0,0.0,0.3909664,0.9077752,0.0,0.0,0.0,1.1346747,0.43005395,1.6481256,0.0,0.0,1.9259385,1.5815015,0.8522095,0.0,0.43455666,2.092593,0.0,1.4896168,0.0,0.0,1.1634077,0.11571799,0.29044792,0.26277405,0.0,0.25998113,0.0,0.52070004,0.0,1.0700327,0.8127017,0.0,0.6907838,1.2000041,0.65560406,1.1510917,0.0,0.778259,0.0,0.0,0.0,1.5849596,0.84793925,0.0,0.0,0.0,0.64050984,0.5523507,0.53746337,0.26991493,0.0,0.79150647,0.66904515,0.0,0.0,0.0,1.113475,0.0,0.0,0.81942874,1.2919757,2.7679238,0.0,0.0,1.8920996,0.0,2.7585816,1.2230666,0.0,0.072274335,1.1198843,0.0,2.3253343,0.0,1.8016274,0.7336987,0.0,0.782021,2.1559632,0.8145504,0.0,2.2671573,1.1974622,1.4216272,2.5513961,0.7323694,0.0,0.6128782,0.0,1.546495,1.9065449,0.0,1.281131,0.9094955,0.0,0.4707303,0.0,0.0,0.0,0.0,0.0,0
2.1209698,2.4533823,0.03416981,0.0,2.6398797,0.0,1.4265187,0.0,1.9167889,0.4240419,0.0,0.45895332,0.0,2.084425,0.0,0.0,0.0,0.0,0.4735625,0.0,1.0671393,0.0,0.0,0.0,0.8973658,0.0,0.0,0.72336787,0.6062769,0.0,0.0,0.0,1.2287725,0.15189955,2.0021656,0.0,0.0,2.6040835,1.7799228,0.2056715,0.07784705,0.7952664,2.4394362,0.0,1.5427691,0.0,0.0,1.2783251,0.17864943,0.308529,0.2602981,0.0,0.0,0.0,1.1003745,0.0,1.4983654,1.1544589,0.5373574,1.2045368,1.8331472,0.0,1.2014163,0.0,0.8955124,0.0,0.0,0.0,1.3361794,0.5648385,0.0,0.0,0.0,0.12964089,0.25491172,0.52473944,0.62503576,0.1312811,1.1302843,0.99198586,0.021389054,0.0,0.0,0.7163507,0.0,0.0,0.68062985,0.7861634,2.8395834,0.016601872,0.0,2.6531887,0.0,2.8362608,1.385643,0.0,0.0,1.2912436,0.0,2.262249,0.0,2.2781584,0.7666353,0.0,0.94492686,2.3664393,0.07452021,0.008340127,2.0433514,1.63187,1.4249699,2.094972,1.158553,0.0,0.25511906,0.0,1.8009549,1.737735,0.0,1.5592487,1.3176844,0.0,0.21794797,0.0,0.0,0.0,0.0,0.0,0
2.206398,2.6311731,0.0,0.0,2.4048772,0.11320066,1.6647558,0.0,1.728276,0.46088645,0.0,0.2800466,0.0,2.245871,0.0,0.0,0.0,0.0,0.4071373,0.0,1.2876608,0.025826551,0.0,0.0,0.72639936,0.0,0.0,0.7053716,0.62254506,0.0,0.0,0.0,1.1781023,0.6380214,1.6164325,0.0,0.0,2.4541862,1.7048994,0.21266524,0.0,0.92886597,2.4106703,0.0,1.5147285,0.0,0.0,1.0635912,0.06611432,0.46711007,0.096645094,0.0,0.082279645,0.0,0.76278645,0.0,1.2077862,1.2167573,0.63585633,1.4461436,1.8838882,0.2841568,1.342168,0.0,1.007536,0.0,0.0,0.0,1.4879831,0.30915016,0.0,0.0,0.0,0.4584431,0.3903262,0.56264096,0.49338558,0.11301238,1.1454499,0.9496792,0.09973544,0.0,0.0,0.65528935,0.0,0.0,0.64619505,1.0263582,2.8599281,0.00070030056,0.0,2.4035304,0.0,2.6825514,1.6130927,0.0,0.035685185,1.4093581,0.0,2.2483532,0.0,2.371267,0.58231163,0.0,0.7919479,2.2695625,0.7027366,0.0,2.0031755,1.5532087,1.5075876,1.7880375,1.0403864,0.0,0.51466614,0.0,1.9305285,1.9473239,0.0,1.7814507,1.1436293,0.0,0.43390533,0.0,0.0,0.0,0.0,0.0,0
0.71549344,0.5893146,0.33748612,0.0,0.48488656,1.607408,1.2710947,0.0,1.1329384,2.4857495,0.0,1.0575911,0.0,3.008582,0.0,1.1812977,0.0,0.0,1.0875789,0.1591347,1.9112742,0.55306655,0.0,0.0,1.2916772,0.0,0.0,0.0,0.76258534,0.0,0.0,0.0,0.0052733207,0.63548726,0.83012706,0.0,0.0,0.7497242,0.32970372,1.7352582,0.0,0.0,0.3543895,0.0,0.6654102,0.0,0.0,0.20915222,0.0,0.032704048,0.49196428,0.0,0.23795532,0.0,0.82786095,0.11376505,1.293734,0.0,0.0,0.09978237,0.0,0.0,0.95805806,0.0,0.5209005,0.0,0.0,0.0,0.6351956,1.0811675,0.0,0.0,0.30959043,1.909352,1.2398884,0.9260784,0.0,0.36744452,1.723665,0.8263851,0.957294,0.0,0.0,3.279345,0.0,0.0,1.3669773,1.737585,2.367887,0.0,0.0,0.4031167,0.0,2.7565818,0.21741219,0.0,0.0,0.21307886,0.0,2.6691458,0.0,0.41248494,0.925442,0.0,1.2004646,3.606349,0.6341921,0.5498359,2.4104521,0.0,0.47816208,2.6942077,0.30157697,0.0,1.5948051,0.0,0.62295157,0.16747689,0.0,0.48666543,0.04511929,0.0,0.9603034,0.0,0.0,0.0,0.0,0.0,1
1.9661585,1.9948399,0.20261185,0.0,2.2666197,0.0,1.4770626,0.0,1.6803302,0.70718414,0.0,0.41616428,0.0,2.204418,0.0,0.0,0.0,0.0,0.246003,0.0,1.076078,0.0,0.0,0.0,0.41120258,0.0,0.0,0.6752896,0.6748614,0.0,0.0,0.0,0.9394704,0.24744949,1.8608699,0.0,0.0,2.567511,1.585214,0.3888358,0.0,0.33603966,2.256232,0.0,1.6260176,0.0,0.0,1.2925831,0.14707403,0.010119282,0.18796256,0.0,0.14062648,0.0,0.63781315,0.0,1.5152627,1.3157481,0.07139348,1.0496683,1.4405377,0.4095524,1.1566788,0.0,1.0233632,0.0,0.0,0.0,1.2650276,0.95344067,0.0,0.0,0.025292704,0.4659195,0.41542575,0.24185877,0.40996855,0.0,0.96845764,0.698638,0.0,0.0,0.0,0.8762148,0.0,0.0,0.88719815,1.2172743,2.9594064,0.028224837,0.0,2.5619855,0.0,2.610308,1.3872272,0.0,0.0,1.3633609,0.0,2.1898172,0.0,2.39776,0.7488836,0.0,0.9653539,2.3560364,0.83707595,0.0,2.3756368,1.2992204,1.4873778,2.833409,0.6614934,0.0,0.54656625,0.0,1.7994677,2.0083961,0.0,1.6049474,1.2553633,0.0,0.22215317,0.0,0.0,0.0,0.0,0.0,0
2.1175945,2.4414203,0.0,0.0,2.7607584,0.0,1.3365362,0.0,2.1600718,0.38614592,0.0,0.38392997,0.0,2.1937811,0.0,0.0,0.0,0.0,0.42211106,0.0,0.7998052,0.0,0.0,0.0,0.73549885,0.0,0.0,0.8734347,0.6137369,0.0,0.0,0.0,1.5201359,0.27485114,1.9241545,0.0,0.0,2.9091449,1.943676,0.3319226,0.0,0.6303152,2.4407442,0.0,1.6352751,0.0,0.0,1.3745432,0.0,0.2578773,0.45555058,0.0,0.0,0.0,0.9463752,0.0,1.5086777,1.4349782,0.13118464,1.3494034,1.8890268,0.0,1.1809205,0.0,0.87060916,0.0,0.0,0.0,1.5431122,0.41855475,0.0,0.0,0.0,0.147296,0.19012511,0.12064246,0.7056755,0.0,1.1383218,0.88821495,0.0,0.0,0.0,0.34681764,0.0,0.0,0.49845207,1.1589571,2.9616208,0.10534626,0.0,2.8908916,0.0,2.5795813,1.6378921,0.0,0.0,1.6143314,0.0,2.053346,0.0,2.6867769,0.81582403,0.0,1.0586257,2.2533364,0.43030605,0.0,1.8571211,1.2505486,1.4961742,2.4831579,1.2175484,0.0,0.19920635,0.0,1.9285911,2.0194006,0.0,2.1143825,1.4639772,0.01759726,0.12655853,0.0,0.0,0.0,0.0,0.0,0
2.4680297,2.5243175,0.0,0.0,3.095685,0.0,1.1350262,0.0,1.846621,0.4430686,0.0,0.13197987,0.0,2.2187586,0.0,0.0,0.0,0.0,0.35919207,0.0,0.7445435,0.0,0.0,0.0,0.593173,0.0,0.0,0.7610113,0.47552505,0.0,0.0,0.0,1.7039977,0.13848889,2.0015666,0.0,0.0,2.7359285,1.9691317,0.19181974,0.12630586,0.8929903,2.8045046,0.0,1.675057,0.0,0.0,1.5876443,0.051535502,0.4955107,0.3498355,0.0,0.0,0.0,0.69243556,0.0,1.4511219,1.6966386,0.19395986,1.7073121,2.279058,0.11261848,1.529232,0.0,0.9389334,0.0,0.0,0.0,1.5415695,0.36072245,0.0,0.0,0.0,0.0,0.0,0.060267847,0.7063146,0.0,0.9708538,0.9612108,0.0,0.0,0.0,0.40837488,0.0,0.0,0.38221306,0.9229204,2.9452589,0.07091726,0.0,2.9192595,0.0,2.7239661,1.598555,0.0,0.0,1.4222258,0.0,2.2615244,0.0,2.7118075,0.72279805,0.0,0.942349,2.18169,0.10910139,0.0,2.1159403,1.5297067,1.6638821,2.7687922,1.1549519,0.0,0.09755119,0.0,2.0392895,2.1225996,0.0,2.1227977,1.6558747,0.24113011,0.2409646,0.0,0.0,0.0,0.0,0.0,0
2.063075,2.2648036,0.0,0.0,2.7651246,0.0,1.2685537,0.0,2.4627128,0.5427596,0.0,0.45381096,0.0,2.4512455,0.0,0.0,0.0,0.0,0.7973593,0.0,0.90926677,0.0,0.0,0.0,0.70308983,0.0,0.0,0.91838306,0.45894614,0.0,0.0,0.0,1.7027915,0.0,2.2654057,0.0,0.0,2.8051763,1.9050647,0.4873625,0.28759733,0.45161074,2.5581958,0.0,1.6295235,0.0,0.0,1.6475228,0.11944753,0.45965624,0.3179899,0.0,0.0,0.0,1.1852344,0.0,1.2186735,1.6209006,0.0,1.6918179,2.0835652,0.13622858,1.6162229,0.0,0.71680933,0.0,0.0,0.0,1.3532029,0.528396,0.0,0.0,0.0,0.22526787,0.024750112,0.27972272,0.6079142,0.11173921,1.129154,1.0554225,0.0,0.0,0.0,0.719106,0.0,0.0,0.25911868,0.87290823,2.9474041,0.18976045,0.0,2.8042653,0.0,2.9083416,1.5843534,0.0,0.0,1.5477504,0.0,2.0849745,0.0,2.3210347,0.81205785,0.0,1.1742572,2.3495672,0.36066845,0.0,2.1169202,1.454411,1.5673544,2.614204,1.2033077,0.0,0.427275,0.0,1.7384442,1.7226634,0.0,1.9732677,1.6795394,0.0,0.28734863,0.0,0.0,0.0,0.0,0.03568188,0
1.821957,1.4121803,0.28262407,0.0,2.168888,0.0,1.2154098,0.0,1.7709943,0.5553536,0.0,0.84999096,0.0,1.8995098,0.0,0.0,0.0,0.0,0.33657533,0.0,0.95079905,0.0,0.0,0.0,0.9947868,0.045502845,0.0,0.9010511,0.4010681,0.0,0.0,0.0,1.1438662,0.12661156,2.018395,0.0,0.0,2.1152437,1.4262006,0.8915296,0.08219193,0.22065812,1.6343944,0.0,1.141472,0.0,0.0,1.1829728,0.0,0.0,0.3637498,0.0,0.0,0.0,0.665134,0.0,1.6327595,0.87153417,0.0,0.8528226,1.0514346,0.122601055,1.3683718,0.0,1.034206,0.0,0.0,0.0,0.80052066,1.024808,0.0,0.0,0.19795051,0.49143797,0.22512433,0.5495985,0.0,0.0,0.86576766,0.59185946,0.21820165,0.0,0.044757735,0.6152721,0.0,0.0,0.5682722,1.2612768,2.7726033,0.09043571,0.0,2.7865932,0.0,2.423871,1.4450634,0.0,0.0,1.2527379,0.0,2.0709863,0.0,2.012182,0.9404179,0.0,1.0388734,2.7264676,0.53688097,0.0,1.8121815,0.7651773,0.8384797,2.9510386,0.70844173,0.0,0.9834577,0.0,1.0955085,1.4999056,0.0,1.7131927,0.7598033,0.0,0.49098882,0.0,0.0,0.0,0.0,0.0,0
1.3603055,1.8026278,0.0,0.0,0.62192357,0.7970439,1.5393631,0.0,1.4192435,1.0314584,0.0,0.11420134,0.0,2.674336,0.0,0.91708714,0.0,0.0,0.6845791,0.24445297,1.701195,0.22636245,0.0,0.0,0.8728971,0.0,0.0,0.0,0.66180533,0.0,0.0,0.0,1.1965643,0.6885784,1.1164298,0.0,0.0,1.406836,0.7807099,0.91541296,0.0,0.17739719,1.3451494,0.0,1.2904325,0.0,0.0,0.8701916,0.0,0.7414325,0.55706227,0.0,0.3491505,0.0,1.2252016,0.0,1.3770968,0.27190503,0.14216009,0.64942694,1.122995,0.2754078,0.67448443,0.0,0.5517224,0.0,0.0,0.0,1.240839,0.5352785,0.0,0.0,0.0,0.8867521,0.87936276,0.5920559,0.12314915,0.2297755,0.8911325,0.96296686,0.09347867,0.0,0.0,1.4352311,0.0,0.0,1.3122622,1.0391824,2.1739817,0.0,0.0,0.93754673,0.0,2.298261,0.6320933,0.0,0.13748917,0.66433215,0.0,2.1513555,0.0,0.99840325,0.6402973,0.0,1.3472238,1.9871094,0.41936257,0.43403968,1.9646336,1.030819,1.2447034,1.7021165,0.5641793,0.0,0.44021574,0.0,1.3445832,1.3861355,0.0,0.49809486,0.66539365,0.0,0.3602313,0.07233011,0.0,0.0,0.0,0.0,1
0.55486625,0.9505557,0.38743746,0.0,0.8145134,1.5673585,1.1712873,0.0,1.4351966,2.4154592,0.0,0.5701432,0.0,2.9802446,0.0,1.12415,0.0,0.0,0.8721728,0.0,2.29947,1.056674,0.0,0.0,1.2423576,0.0,0.0,0.22486316,0.3419796,0.0,0.0,0.0,0.012731382,1.0960575,0.878279,0.0,0.0,1.1366615,0.23342784,1.5736501,0.0,0.0,0.7056829,0.0,0.7799133,0.0,0.0,0.4882568,0.0,0.0,0.54499286,0.0,0.43370545,0.0,0.94756377,0.031020874,1.8656132,0.0,0.0,0.17199568,0.22371642,0.20652702,1.6043779,0.0,0.563216,0.0,0.0,0.0,0.0,1.4499855,0.0,0.0,0.57863945,1.644248,0.96956354,1.1520811,0.0,0.4229302,1.5790869,0.77684855,0.76989067,0.0,0.22548622,2.4758086,0.0,0.0,1.2890023,1.6982664,2.4407122,0.0,0.0,1.118652,0.0,3.541897,0.28867176,0.0,0.0,0.1301831,0.0,2.8670452,0.0,1.122835,0.8706873,0.0,1.585585,3.1933472,0.87054116,0.5975205,2.6493366,0.19297658,1.0328766,2.9448764,0.37675652,0.0,1.2408856,0.0,1.3612882,0.6608337,0.0,0.40228853,0.0,0.0,0.6668958,0.0,0.0,0.0,0.0,0.0,1
0.35307813,1.0183959,0.4376781,0.0,0.88114387,1.70873,1.2360011,0.0,1.3997687,1.9096435,0.0,0.53473777,0.0,3.3645463,0.0,1.1928297,0.0,0.0,0.79240847,0.20992632,1.6512972,0.2352922,0.0,0.0,0.95801175,0.0,0.0,0.0,1.0928072,0.0,0.0,0.0,0.2499962,0.74020535,0.7121692,0.0,0.0,0.5325258,0.4661262,1.3046924,0.0,0.0,0.35252437,0.0,1.3104887,0.0,0.0,0.3671057,0.0,0.0,0.8183429,0.0,0.43036562,0.0,0.9914918,0.0,1.428378,0.29090202,0.0,0.49962252,0.31768304,0.0,1.4688215,0.0,0.66938716,0.0,0.0,0.0,0.35485372,0.7460046,0.0,0.0,0.53917855,1.7481943,0.8272156,1.1263839,0.0,0.32049438,1.5101223,0.7455801,0.73201996,0.0,0.032578107,2.313372,0.0,0.0,1.1482028,2.2084498,2.0880084,0.0,0.0,0.82996106,0.0,3.049715,0.0,0.0,0.0,0.45308518,0.0,2.9758303,0.0,0.789488,0.9533397,0.0,1.5558325,2.9563959,1.2269284,0.45612487,1.8403639,0.2502245,0.45353422,2.795328,0.5120083,0.0,1.4609455,0.0,0.9945997,0.942954,0.0,0.5160957,0.11338365,0.0,1.2696476,0.0,0.0,0.0,0.0,0.0,1
1.180804,1.8429704,0.2202141,0.0,1.03914,0.45072678,1.5270052,0.0,1.1669041,1.3400704,0.0,0.4644557,0.0,2.4440846,0.0,0.7399012,0.0,0.0,0.58769584,0.0,1.3081694,0.0,0.0,0.0,0.7244671,0.0,0.0,0.2953527,0.9009983,0.0,0.0,0.0,0.68825567,0.16305679,1.1431248,0.0,0.0,1.5389158,1.0286589,0.8689209,0.0,0.0,1.5866854,0.0,0.8902018,0.0,0.0,0.6226228,0.115747765,0.061942536,0.4407071,0.0,0.348497,0.0,0.29688367,0.0,1.1516018,0.7906197,0.0,0.50013053,0.8914444,0.2166203,1.0574099,0.0,0.7854153,0.0,0.0,0.0,1.2161692,1.0242741,0.0,0.0,0.05748945,1.1028193,0.7101001,0.7051285,0.44257477,0.27380604,0.99164164,0.57908905,0.29297855,0.0,0.0,1.8599106,0.0,0.0,1.2888194,1.4459403,2.2171593,0.0,0.0,1.3121114,0.0,2.4701042,0.734239,0.0,0.0,0.6503173,0.0,2.4395187,0.0,1.2680861,0.56162417,0.0,0.9442023,2.3052292,0.8325696,0.25933534,2.6777494,0.71272546,0.9242056,2.6018403,0.6412492,0.0,1.461857,0.0,1.2155622,1.2543756,0.0,0.58687013,0.59271693,0.0,0.73005587,0.0,0.0,0.0,0.0,0.0,1
1.3861064,1.7838576,0.6734222,0.0,1.2595856,1.2823516,1.5802999,0.0,1.3262691,1.1673808,0.0,0.13204509,0.0,2.443368,0.0,0.71923196,0.0,0.0,0.39178202,0.0,1.4160155,0.0,0.0,0.0,0.791789,0.0,0.0,0.054032758,0.87819415,0.0,0.0,0.0,0.93731445,0.2646266,1.5039933,0.0,0.0,1.8552047,0.8198326,0.9990155,0.0,0.0,0.5397213,0.0,1.0712734,0.0,0.0,0.8702123,0.0,0.0,0.15898646,0.0,0.11829343,0.0,0.46929538,0.0,1.4687809,0.52831465,0.0,0.58152044,0.6075584,0.02600267,1.1459408,0.0,1.0996639,0.0,0.0,0.0,0.72539616,1.3516294,0.0,0.0,0.5618714,1.1549097,0.2867555,0.46128145,0.0045623435,0.21009006,1.5012693,0.5551063,0.11672481,0.0,0.059068765,1.3726195,0.0,0.0,1.0749582,1.6039646,2.0337179,0.0,0.0,1.8099294,0.0,2.533194,0.57790357,0.0,0.20923468,0.82874846,0.0,2.4103918,0.0,1.6574053,0.7114508,0.0,1.0678905,2.4022667,1.3372775,0.23807299,2.288811,1.1481031,1.1310749,2.388044,0.507445,0.0,1.3570243,0.0,1.4338514,1.4156775,0.0,0.631715,0.27850783,0.0,0.64546895,0.0,0.0,0.0,0.0,0.0,0
1.8513137,2.0851214,0.29655534,0.0,2.2292995,0.0,1.3000554,0.0,1.5452632,0.70247614,0.0,0.06312024,0.0,2.1629798,0.0,0.0,0.0,0.0,0.23055016,0.0,0.7792415,0.118502535,0.0,0.0,0.41368014,0.0,0.0,0.36952502,0.965483,0.07905911,0.0,0.0,1.1766568,0.0,1.9516875,0.0,0.0,2.7594297,1.3729894,0.5949112,0.0,0.25051874,2.0952628,0.0,1.8448637,0.0,0.0,1.3792716,0.22035559,0.0,0.3403112,0.0,0.03674974,0.0,0.24959522,0.0,1.3982376,1.2246857,0.15642494,1.1333007,1.5549916,0.47888637,1.3431517,0.0,1.1574541,0.0,0.0,0.0,1.1876098,1.2756435,0.0,0.0,0.16865529,0.5781265,0.37549633,0.18604879,0.24212167,0.0,1.1566839,0.6375735,0.0,0.0,0.0,0.53591865,0.0,0.0,1.1578356,1.3808929,3.1390467,0.07334039,0.0,2.7600284,0.0,2.5438764,1.526357,0.0,0.0,1.1943928,0.0,2.3702776,0.0,2.6491072,0.7266732,0.0,1.1097018,2.3134017,1.0698087,0.0,2.3481884,1.300779,1.5282704,2.9871743,0.61461323,0.0,0.39550227,0.0,1.9298182,2.0120056,0.0,1.704112,1.209922,0.0,0.30754992,0.0,0.0,0.0,0.0,0.0,0
1.9196794,2.19832,0.2318228,0.0,2.4424586,0.0,1.4387982,0.0,1.9106168,0.49899414,0.0,0.380828,0.0,2.07255,0.0,0.0,0.0,0.0,0.13188273,0.0,0.91968334,0.0,0.0,0.0,0.25590566,0.0,0.0,0.55669594,0.99936086,0.0112345675,0.0,0.0,1.2771859,0.0,2.1075263,0.0,0.0,3.1501892,1.5294341,0.4650532,0.04548494,0.37817052,2.1631186,0.0,1.942106,0.0,0.0,1.2918227,0.13643377,0.0,0.2052122,0.0,0.0088457065,0.0,0.20920247,0.0,1.4411939,1.304558,0.014883213,1.3152153,1.4694767,0.49178082,1.3867512,0.0,1.3008634,0.0,0.0,0.0,1.236833,1.3851122,0.0,0.0,0.21343495,0.6113207,0.07040638,0.11262325,0.32338423,0.0,1.3015816,0.496737,0.0,0.0,0.0,0.36487752,0.0,0.0,1.1095904,1.5520443,3.1233268,0.0,0.0,2.8428142,0.0,2.4446867,1.8691244,0.0,0.0,1.2672516,0.0,2.406205,0.0,2.876278,0.7244667,0.0,1.0264394,2.2254941,1.2826827,0.0,2.0820262,1.3691096,1.436764,3.0846117,0.6141111,0.0,0.28181598,0.0,1.9865232,2.3267922,0.0,1.8919824,1.328974,0.0,0.0,0.0,0.0,0.0,0.0,0.0,0
1.0042771,1.2295524,0.35262632,0.0,1.257069,1.0660915,1.6446704,0.0,1.7002162,1.665948,0.0,0.7657972,0.0,2.4415038,0.0,0.7401826,0.0,0.0,0.7658271,0.0,1.796842,0.4418242,0.0,0.0,1.0832139,0.0,0.0,0.31054103,0.48925054,0.0,0.0,0.0,0.6237703,0.5435841,1.0887012,0.0,0.0,1.7051405,0.66606325,1.3688707,0.0,0.0,1.0411655,0.0,1.0829808,0.0,0.0,0.5846567,0.0,0.0,0.5688859,0.0,0.08510225,0.0,0.6457688,0.0,1.3693973,0.25595945,0.0,0.44000843,0.3828426,0.35872635,1.4106035,0.0,0.80065066,0.0,0.0,0.0,0.47381935,1.4820937,0.0,0.0,0.52558213,1.3116592,0.7367107,0.77529734,0.13624656,0.2514522,1.07084,0.55018324,0.58702475,0.0,0.0,1.994632,0.0,0.0,1.1448929,1.4331274,2.2843175,0.0,0.0,1.8088467,0.0,2.9301295,0.7953244,0.0,0.0,0.53103304,0.0,2.503402,0.0,1.5812963,0.8126795,0.0,1.2614745,3.0802596,1.1983732,0.33951816,2.0299244,0.46519688,0.92710114,2.8879364,0.3431898,0.0,1.2697909,0.0,1.1360816,0.98573685,0.0,0.7432065,0.0,0.0,0.66328263,0.0,0.0,0.0,0.0,0.0,1
1.7341002,2.05013,0.035867054,0.0,2.3819091,0.14363259,1.441571,0.0,1.8439075,0.39419022,0.0,0.03874089,0.0,2.5382276,0.0,0.0,0.0,0.0,0.47096363,0.0,0.9612159,0.0,0.0,0.0,0.6093843,0.0,0.0,0.49421373,0.7706043,0.0,0.0,0.0,0.9323506,0.16960108,1.7409734,0.0,0.0,2.838562,1.4812741,0.15551068,0.050482552,0.4951008,2.1640356,0.0,1.6092204,0.0,0.0,1.1723996,0.08726396,0.10806214,0.47491986,0.0,0.0,0.0,1.0355561,0.0,1.4126617,1.2982948,0.2834679,1.068265,1.73987,0.07389047,1.0799621,0.0,0.91896075,0.0,0.0,0.0,1.2993401,0.54375696,0.0,0.0,0.0,0.3866871,0.46793583,0.3679271,0.3289993,0.32973146,1.5396593,0.78148586,0.06508436,0.0,0.0,0.89770097,0.0,0.0,0.8130082,0.8821725,2.8684409,0.12283708,0.0,2.587284,0.0,2.6267314,1.228883,0.0,0.0,1.1895359,0.0,2.1010294,0.0,2.3009803,0.90230644,0.0,1.4041656,2.1946077,0.70997596,0.0,2.0932395,1.5838411,1.2654725,2.402026,0.95906484,0.0,0.7622553,0.0,1.9107108,1.9319865,0.0,1.4043384,1.3515131,0.0,0.13130541,0.0,0.0,0.0,0.0,0.0,0
1.4926926,1.879821,0.2905963,0.0,1.5750604,0.69745004,1.7310932,0.0,1.6658479,1.2712897,0.0,0.50539297,0.0,2.6325426,0.0,0.57676315,0.0,0.0,0.79134846,0.0,1.4062777,0.0,0.0,0.0,0.39327118,0.0,0.0,0.2796221,0.72170204,0.0,0.0,0.0,1.0756378,0.43711385,1.5087985,0.0,0.0,1.7814788,1.2026395,1.0549318,0.0,0.15866375,1.6853049,0.0,0.96245944,0.0,0.0,1.0833095,0.11007728,0.1191465,0.30873823,0.0,0.22496171,0.0,0.5406596,0.0,1.1687143,0.8542569,0.0,0.9074388,0.98521036,0.47217426,1.3645228,0.0,0.9762578,0.0,0.0,0.0,1.2219886,0.9057451,0.0,0.0,0.2801659,0.8651524,0.41272852,0.8016178,0.5007768,0.48545274,1.1817834,0.8059069,0.0,0.0,0.0,1.6435393,0.0,0.0,1.1606709,1.2227397,2.4815118,0.0,0.0,1.7217047,0.0,3.192285,0.78800064,0.0,0.0,0.9709056,0.0,2.786465,0.0,1.6576881,0.5584395,0.0,1.4757736,2.2444265,0.5358944,0.29663235,2.227296,0.73588455,1.1959187,2.7350411,0.862939,0.0,0.859657,0.0,1.5958916,1.7468411,0.0,1.2438185,0.69204515,0.0,0.45121518,0.0,0.0,0.0,0.0,0.0,1
0.17126244,1.327617,0.69071996,0.0,0.7680308,1.9826928,1.4301908,0.0,1.2625927,2.0951297,0.0,0.1293961,0.0,2.7207434,0.0,1.4343419,0.0,0.0,0.8015971,0.26524,1.917248,0.6105129,0.0,0.0,1.0852541,0.0,0.0,0.0,1.0760052,0.011238308,0.0,0.0,0.5974531,0.9050432,1.0659089,0.0,0.0,0.8904341,0.36876923,1.249579,0.0,0.028554732,0.67114204,0.0,1.0070881,0.0,0.0,0.4278164,0.25442624,0.004659515,0.47508302,0.0,0.28053126,0.0,0.39266604,0.0,1.8302323,0.630756,0.0,0.21676566,0.4377073,0.35449457,1.4307208,0.0,0.5290008,0.0,0.0,0.0,0.4418278,1.3190153,0.0,0.0,0.45521355,1.2976103,0.69314545,0.3748307,0.0,0.115877636,1.6249412,0.8131168,0.6333434,0.0,0.38919005,2.2795463,0.0,0.0,1.5548245,1.6717862,2.5030646,0.04578464,0.0,1.1083397,0.0,3.077217,0.20088138,0.0,0.2662101,0.5812634,0.0,2.8522718,0.0,1.1119376,0.952906,0.0,1.3352054,3.3856618,0.93737304,0.7811687,2.7186453,0.8940389,1.2353005,2.7929823,0.8549567,0.0,1.4598014,0.0,1.2140743,1.1184354,0.0,0.7839795,0.24262345,0.0,1.0651518,0.0,0.0,0.0,0.0,0.0,1
1.6677788,1.7940621,0.36608624,0.0,1.5328459,0.75857925,1.676088,0.0,1.4046474,1.2124839,0.0,0.37014315,0.0,2.3727865,0.0,0.65809333,0.0,0.0,0.5496411,0.0,1.5178277,0.0,0.0,0.0,0.9381661,0.0,0.0,0.4371334,0.80834043,0.0,0.0,0.0,0.67629963,0.29735932,1.3939399,0.0,0.0,1.7891806,1.0931772,1.1633046,0.0,0.2832085,1.3220361,0.0,0.9944837,0.0,0.0,0.7359885,0.0,0.0,0.15632622,0.0,0.17635988,0.0,0.46617407,0.0,1.356968,0.4239127,0.0,0.42764127,0.9925618,0.31317914,1.1171323,0.0,0.8978428,0.0,0.0,0.0,1.1590921,1.4377323,0.0,0.0,0.18341945,0.8470608,0.7751196,0.9620164,0.1715801,0.26469344,0.9070486,0.48688275,0.18963462,0.0,0.0,1.6197184,0.0,0.0,0.89964646,1.5753288,2.3198583,0.0,0.0,1.7005415,0.0,2.9023337,0.7243412,0.0,0.0,0.7639999,0.0,2.2431123,0.0,1.689232,0.70613563,0.0,0.79628146,2.3696573,1.1977849,0.0,2.4801762,0.76354486,0.95126617,2.7047641,0.49825028,0.0,1.2705898,0.0,1.4557136,1.764728,0.0,0.94713753,0.08654195,0.0,0.5928172,0.0,0.0,0.0,0.0,0.0,0
1.8609556,2.1893597,0.07829592,0.0,2.2677808,0.0,1.1134473,0.0,1.8313241,0.23356828,0.0,0.12713009,0.0,1.9798723,0.0,0.0,0.0,0.0,0.3787696,0.0,0.6866546,0.0,0.0,0.0,0.48237902,0.0,0.0,0.6640139,0.7465816,0.0,0.0,0.0,1.2298229,0.0,1.9174608,0.0,0.0,2.8949003,1.7191379,0.3224066,0.07070474,0.42767143,2.212688,0.0,1.6594964,0.0,0.0,1.3092864,0.2865076,0.0,0.2835514,0.0,0.0,0.0,0.5670542,0.0,1.4113977,1.5028566,0.10666465,1.2888076,1.7214222,0.1185294,1.2495682,0.0,1.1604961,0.0,0.0,0.0,1.219055,0.87668675,0.0,0.0,0.0,0.24970713,0.05069846,0.0,0.38828808,0.05153971,1.3459921,0.7898034,0.0,0.0,0.0,0.55835056,0.0,0.0,0.86308914,1.1776222,2.9383569,0.056016367,0.0,2.7927918,0.0,2.4032931,1.6198266,0.0,0.0,1.2748917,0.0,2.1880853,0.0,2.4582124,0.883517,0.0,1.0575173,2.2692866,0.6186581,0.008322901,2.014462,1.5205626,1.3174424,2.7388535,1.0117543,0.0,0.41889772,0.0,1.8259467,2.1092458,0.0,1.8177269,1.475928,0.0,0.22549069,0.0,0.0,0.0,0.0,0.0,0
1.7731055,2.2798073,0.14211889,0.0,2.1191626,0.13516334,1.5088738,0.0,1.779044,0.95560426,0.0,0.4391338,0.0,2.3392456,0.0,0.05049018,0.0,0.0,0.2824721,0.0,1.1717664,0.11781231,0.0,0.0,0.5421252,0.0,0.0,0.3446535,0.72661906,0.0,0.0,0.0,1.335387,0.17391011,1.9234401,0.0,0.0,2.5745358,1.4225641,0.56863075,0.062360685,0.25508946,2.018775,0.0,1.6421808,0.0,0.0,1.4519018,0.0,0.5032516,0.33512384,0.0,0.15594588,0.0,0.57068616,0.0,1.2704694,1.3227978,0.042322524,1.0774649,1.5363998,0.5247107,1.2124594,0.0,0.72364694,0.0,0.0,0.0,1.1957537,0.8789039,0.0,0.0,0.0,0.39463395,0.32485205,0.22659414,0.55896384,0.20995046,1.0763445,0.74972135,0.0,0.0,0.0,1.0256424,0.0,0.0,0.96035653,1.1520501,3.1068554,0.0,0.0,2.0788326,0.0,2.7122993,1.3794367,0.0,0.0,1.0413477,0.0,2.2718623,0.0,2.2717404,0.6322608,0.0,0.94331276,2.2389026,0.7444878,0.10664178,2.4455588,1.2464675,1.4439231,2.5394483,0.9854026,0.0,0.46127826,0.0,1.6495905,1.5692295,0.0,1.6534109,0.9878336,0.0,0.21215902,0.0,0.0,0.0,0.0,0.0,0
2.0325742,2.2913198,0.02086011,0.0,2.6936111,0.0,1.1239073,0.0,2.2348094,0.27285,0.0,0.19534221,0.0,2.5261245,0.0,0.0,0.0,0.0,0.44162056,0.0,1.0269232,0.0,0.0,0.0,0.62500274,0.0,0.0,0.5936362,0.69384193,0.0,0.0,0.0,1.6731293,0.15475717,1.9032494,0.0,0.0,2.7838573,1.7502463,0.27182883,0.077778384,0.6398798,2.098302,0.0,1.6216289,0.0,0.0,1.3465694,0.17264311,0.30434617,0.3720829,0.0,0.0,0.0,0.8461982,0.0,1.5865027,1.3516042,0.15129843,1.5242513,1.9324058,0.14146282,1.2377968,0.0,0.8516287,0.0,0.0,0.0,1.5335499,0.25743973,0.0,0.0,0.0,0.23262413,0.2853027,0.39604917,0.6399309,0.0,0.9164945,0.8270891,0.0,0.0,0.0,0.57454747,0.0,0.0,0.58773345,1.0514355,2.9186578,0.0984271,0.0,2.44355,0.0,2.5859933,1.297838,0.0,0.0,1.4597315,0.0,2.2695286,0.0,2.4492614,0.7290968,0.0,0.89974993,2.1922126,0.11836038,0.0,2.0504754,1.3876199,1.357969,2.3286664,1.1668887,0.0,0.30570492,0.0,1.8405002,2.1107876,0.0,1.7112052,1.452954,0.0,0.3716192,0.0,0.0,0.0,0.0,0.0,0
1.8305565,2.5462255,0.044295985,0.0,2.6964004,0.0,1.2293332,0.0,1.8621622,0.05615231,0.0,0.17013484,0.0,2.2469835,0.0,0.0,0.0,0.0,0.43660113,0.0,1.1141316,0.0,0.0,0.0,0.8144505,0.039816443,0.0,0.5903875,0.4948721,0.0,0.0,0.0,1.4889302,0.30251274,1.6296995,0.0,0.0,2.6200495,1.7397779,0.19696741,0.21145432,0.6237024,2.3106236,0.0,1.7028667,0.0,0.0,1.267048,0.25543433,0.0,0.23616333,0.0,0.0,0.0,0.93113077,0.0,1.445661,1.1540053,0.18339449,1.4088076,1.9885184,0.03238764,1.38051,0.0,0.94467175,0.0,0.0,0.0,1.4254986,0.21849559,0.0,0.0,0.0,0.022847634,0.21602756,0.103350796,0.20714447,0.0,1.0301424,0.8896995,0.013890108,0.0,0.0,0.5087829,0.0,0.0,0.46221477,0.89235985,2.7883883,0.0066908235,0.0,2.9454343,0.0,2.7073593,1.7211095,0.0,0.0,1.4865075,0.0,2.2102685,0.0,2.5968244,0.71557105,0.0,1.1346725,2.129363,0.3923156,0.0,1.8728769,1.7148856,1.5150999,2.4192138,1.3755052,0.0,0.3356238,0.0,1.8960191,2.2571673,0.0,1.8374878,1.4613603,0.0,0.39993355,0.0,0.0,0.0,0.0,0.0,0
1.4120651,2.1068501,0.4298357,0.0,1.8892409,0.31323415,1.7567282,0.0,1.838978,0.29415295,0.0,0.46751118,0.0,2.372271,0.0,0.12760441,0.0,0.0,0.6317678,0.0,1.3817672,0.0,0.0,0.0,0.23995009,0.08282388,0.0,0.5061076,0.9874288,0.0,0.0,0.0,1.2994289,0.0,1.7895576,0.0,0.0,2.0780494,1.1714263,0.7068128,0.03005163,0.26806122,1.3578731,0.0,1.3258506,0.0,0.0,1.0204678,0.21221282,0.0,0.33124408,0.0,0.041229326,0.0,0.19910808,0.0,1.4791671,1.4714406,0.0,1.3072003,0.9933064,0.5449373,1.4710956,0.0,0.7502821,0.0,0.0,0.0,1.2600108,1.1746806,0.0,0.0,0.51610714,0.64215684,0.18477911,0.34351364,0.39159432,0.24706246,1.2924798,0.7369329,0.05992352,0.0,0.0,0.8444609,0.0,0.0,1.10344,1.4823288,2.251113,0.24499063,0.0,2.1836822,0.0,2.1917315,0.8925374,0.0,0.104237355,1.0854076,0.0,2.509241,0.0,2.4526148,0.64246756,0.0,0.8033332,2.032942,1.1360419,0.0,2.250711,1.4200467,1.4517503,2.8357892,0.9435054,0.0,0.810588,0.0,1.6927062,1.7842668,0.0,1.3775697,1.1283723,0.0,0.48275715,0.0,0.0,0.0,0.0,0.0,0
0.713257,1.260574,0.73081625,0.0,0.54042697,1.6943575,1.6204128,0.0,1.2051041,1.9164886,0.0,1.355495,0.0,2.6563783,0.0,1.1753528,0.0,0.0,0.8434767,0.0,2.2331014,0.2780505,0.0,0.0,1.2207397,0.0,0.0,0.16387655,0.88281983,0.0,0.0,0.0,0.07887501,0.06178099,0.79294497,0.0,0.0,0.61841476,0.34638324,1.701976,0.0,0.0,0.46351528,0.0,0.44744077,0.0,0.0,0.18593213,0.13827,0.0,0.3374921,0.0,0.26277414,0.0,0.41339517,0.37495434,1.4357158,0.041877512,0.0,0.38665435,0.028715566,0.0,1.3270849,0.0,0.801635,0.0,0.0,0.0,0.4354613,1.7181551,0.0,0.0,0.7481912,1.7099315,0.7338384,0.9758691,0.0,0.39248508,1.7820805,0.48508197,0.48532975,0.0,0.3563636,3.1904504,0.0,0.0,1.5780782,2.0255485,2.0001953,0.0,0.0,1.1481438,0.0,2.6195025,0.42141446,0.0,0.02335808,0.0,0.0,2.955556,0.0,0.7449177,0.4811581,0.0,1.2418517,3.3996804,1.2931764,0.7213417,2.3814275,0.0377066,0.22955798,2.8926904,0.22210671,0.0,1.9358319,0.0,0.6698127,0.7440471,0.028844977,0.337777,0.0,0.0,1.0972885,0.0,0.0,0.0,0.0,0.0,1
1.1298146,1.6570499,0.075749815,0.0,1.5661516,0.70314854,1.444294,0.0,1.5675956,0.7003283,0.0,0.37715194,0.0,2.6658363,0.0,0.54913193,0.0,0.0,0.55258703,0.0,1.0097495,0.0,0.0,0.0,0.90020424,0.0,0.0,0.0,1.0297147,0.0,0.0,0.0,1.0111977,0.5190425,1.4885789,0.0,0.0,2.1231022,1.0220307,0.5090483,0.0,0.39928854,1.8010278,0.0,1.5003265,0.0,0.0,1.0520028,0.20607008,0.5148782,0.5126732,0.0,0.1675017,0.0,0.8864773,0.0,1.5533066,0.7426301,0.039461203,0.7355036,1.8224696,0.24665758,1.1283399,0.0,0.7290736,0.0,0.0,0.0,1.2405102,0.9113387,0.0,0.0,0.0,0.6287709,0.79629725,0.13966899,0.12224545,0.26437646,1.3835963,0.8765065,0.045156915,0.0,0.0,1.035472,0.0,0.0,0.97481316,1.216714,2.853314,0.0,0.0,1.9550074,0.0,2.2545803,0.89499384,0.0,0.0,0.8618613,0.0,2.3358676,0.0,1.7946196,0.8683735,0.0,1.0342108,2.4945428,0.5873064,0.07941324,2.0657165,1.6442193,1.2636671,2.4176733,1.099892,0.0,0.80521315,0.0,1.4835311,1.4088521,0.0,0.7810751,1.0696967,0.0,0.3672542,0.0,0.0,0.0,0.0,0.0,1
0.6374819,1.7097028,0.5425106,0.0,0.9227033,1.8749818,1.2572879,0.0,1.5120295,1.8445424,0.0,0.0,0.0,2.8198771,0.0,0.9239463,0.0,0.0,0.67680293,0.0,1.5852644,0.28770152,0.0,0.0,0.88345194,0.0,0.0,0.0,1.079829,0.0,0.0,0.0,0.7051242,0.97946334,1.2356602,0.0,0.0,1.7239178,0.456121,1.0730934,0.0,0.02646392,0.7730965,0.0,1.173757,0.0,0.0,0.60260814,0.007143631,0.0,0.38956773,0.0,0.35658166,0.0,0.8253321,0.0,1.5310773,0.48488384,0.0,0.80202055,0.77252644,0.099772,1.5423185,0.0,0.76933527,0.0,0.0,0.0,0.1644694,0.962361,0.0,0.0,0.45954126,1.472136,0.43202072,0.48826423,0.0,0.3767422,1.9438732,0.51710546,0.0,0.0,0.13441335,1.8020943,0.0,0.0,1.443281,1.9156595,2.2471986,0.0,0.0,1.4179267,0.0,2.800623,0.33513853,0.0,0.0,0.5784041,0.0,2.7912724,0.0,1.269575,1.0240811,0.0,1.7319418,2.786544,1.027744,0.46576667,2.2162101,0.96966726,0.981129,2.5664384,0.7184794,0.0,1.2891082,0.0,1.6114415,1.3207996,0.0,0.6080058,0.28644848,0.0,0.8112966,0.0,0.0,0.0,0.0,0.0,0
0.841717,1.135903,0.0855577,0.0,0.86334735,1.5691627,1.7383199,0.0,1.2815491,2.025478,0.0,0.49899837,0.0,2.8709831,0.0,1.589458,0.0,0.0,1.0124743,0.0,2.0790558,0.29681727,0.0,0.0,0.99770087,0.0,0.007966409,0.0,0.84008807,0.0,0.0,0.0,0.84942544,0.8861891,0.72642297,0.0,0.0,1.0034541,0.31078506,1.3916446,0.0,0.0,1.098859,0.0,1.0965798,0.0,0.0,0.33664417,0.12656645,0.33969977,0.62676585,0.0,0.15048611,0.0,0.523894,0.11005216,1.4806579,0.0,0.0,0.4809419,0.6966629,0.40745312,1.3354567,0.0,0.2061567,0.0,0.0,0.0,0.8197472,1.2507826,0.0,0.0,0.3800869,1.488164,1.2313678,0.798066,0.0,0.11115468,1.52712,0.39385682,0.22006921,0.0,0.0,2.491736,0.0,0.0,1.5403169,1.6754831,2.3512497,0.0,0.0,0.9829753,0.0,2.507152,0.27580675,0.0,0.051420633,0.32325208,0.0,2.6664686,0.0,1.0990773,0.76272535,0.0,0.9548658,3.061408,1.0348837,0.54664093,2.2734506,0.7398906,1.1601615,2.6466973,0.34953412,0.0,0.88021106,0.0,1.2078816,0.93149334,0.0,0.6763696,0.14112532,0.0,0.7908493,0.0,0.0,0.0,0.0,0.0,1
1.2986826,1.6008896,0.40715793,0.0,1.2616255,0.5170352,1.7417986,0.0,1.3842629,0.87883943,0.0,0.5345978,0.0,1.9971354,0.0,0.22065459,0.0,0.0,0.28842553,0.0,1.1832504,0.0,0.0,0.0,0.4605069,0.0,0.0,0.38095024,0.80532855,0.15668447,0.0,0.0,0.6522547,0.012432368,1.7072318,0.0,0.0,1.7414988,1.1912382,1.0386072,0.0,0.22369,1.4803365,0.0,1.2346541,0.0,0.0,0.88542473,0.0,0.0,0.25586197,0.0,0.02740832,0.0,0.3310304,0.0,1.1304346,0.74202883,0.0,0.7047158,0.8770414,0.4870457,1.2180586,0.0,0.977684,0.0,0.0,0.0,1.257518,1.5135359,0.0,0.0,0.2861832,0.8159302,0.31977624,0.0,0.39906916,0.03579081,1.3424534,0.5867561,0.08329057,0.0,0.0,1.1006349,0.0,0.0,1.5335995,1.5753746,2.6674707,0.0,0.0,2.0892746,0.0,2.350132,1.2888063,0.0,0.0,0.78041124,0.0,2.4798324,0.0,2.224056,0.72001994,0.0,0.8806544,2.3669655,1.2078915,0.0,2.0377376,0.97877324,1.1726543,2.8176324,0.48983687,0.0,0.7418965,0.0,1.5962373,1.83661,0.0,1.0960917,0.7847831,0.0,0.47158802,0.0,0.0,0.0,0.0,0.0,0
0.0,0.8550493,0.63436145,0.0,0.41320145,2.266229,1.2526133,0.0,1.5291865,2.8688347,0.0,0.42378765,0.0,3.448393,0.0,2.1452498,0.0,0.0,1.0905672,0.1343124,2.3802803,0.68842614,0.0,0.0,1.5259142,0.0,0.0,0.0,1.000722,0.0,0.0,0.0,0.021835156,1.3183227,0.51137555,0.0,0.0,0.18634087,0.034049258,1.863748,0.0,0.0,0.0,0.0,1.1085584,0.0,0.0,0.0,0.0,0.0,0.71262944,0.0,0.6370003,0.0,0.9249488,0.0,2.3452172,0.0,0.0,0.0,0.14292984,0.07935449,1.600628,0.15879856,0.31978747,0.0,0.0,0.0,0.0,1.4944791,0.0,0.0,0.95882624,2.2570271,1.0446004,1.205085,0.0,0.4833557,1.5582252,0.8684567,0.5999462,0.0,0.25474024,3.271737,0.0,0.0,1.1095259,2.3183746,1.9005702,0.0,0.0,0.04673671,0.12465049,3.8056958,0.0,0.0,0.19568571,0.22770792,0.0,3.2664037,0.0,0.0472963,1.0381244,0.0,1.7273058,4.161492,0.89790946,0.44334635,2.5739841,0.5630088,0.77491647,3.1953676,0.65350497,0.0,1.8867421,0.0,1.0436426,0.4751364,0.0,0.37750295,0.0,0.0,1.6739283,0.0,0.0,0.0,0.0,0.0,1
1.5178231,1.5901797,0.39649922,0.0,1.8340602,0.108640864,1.255497,0.0,1.6468884,1.0444093,0.0,0.6231952,0.0,2.356737,0.0,0.027052082,0.0,0.0,0.59694886,0.0,1.6434449,0.0,0.0,0.0,0.8795826,0.0,0.0,0.7666957,0.51277643,0.0,0.0,0.0,1.0452063,0.0,1.4961842,0.0,0.0,1.8006684,1.0702277,1.0608279,0.010996144,0.13671857,1.4558419,0.0,0.8573135,0.0,0.0,1.153462,0.0,0.0,0.47302425,0.0,0.0,0.0,0.7336169,0.0,1.5972356,0.5827983,0.0,0.66385883,0.78999543,0.250363,1.1616681,0.0,0.7384203,0.0,0.0,0.0,0.9181391,1.3897997,0.0,0.0,0.25803977,0.6226667,0.37806398,0.8154686,0.12464403,0.31730393,0.88768643,0.709937,0.31751713,0.0,0.0,1.6869105,0.0,0.0,0.92480344,1.2451478,2.273693,0.0,0.0,2.2357142,0.0,2.8738794,0.94248146,0.0,0.0,0.6354362,0.0,2.2306983,0.0,1.8521124,0.81972265,0.0,1.0103142,2.6464882,0.76127315,0.0,2.2388747,0.6601194,0.8955718,2.705578,0.66525453,0.0,1.3249618,0.0,1.1873102,1.4101002,0.0,1.0136256,0.49175185,0.0,0.52045256,0.0,0.0,0.0,0.0,0.0,1
0.43843526,1.1973639,0.51409006,0.0,0.88721794,1.3870131,1.489704,0.0,1.3335298,2.0057306,0.0,0.7744219,0.0,2.7580872,0.0,1.5829883,0.0,0.0,1.1774229,0.0,1.9125655,0.5183642,0.0,0.0,0.8935494,0.0,0.0,0.19901693,0.7171263,0.0,0.0,0.0,0.6507734,0.99276674,1.0124878,0.0,0.0,1.1011686,0.29042414,1.5066277,0.0,0.0,1.0726646,0.0,0.5968038,0.0,0.0,0.70207447,0.17408569,0.33079025,0.7748723,0.0,0.52585894,0.0,0.7009032,0.0,1.4555984,0.26607028,0.0,0.22163959,0.36745405,0.50313836,1.5122273,0.0,0.3600863,0.0,0.0,0.0,0.58507574,1.1925687,0.0,0.0,0.39220014,1.3578733,0.92566746,0.80465,0.0,0.24336933,1.0774394,0.55363744,0.33630684,0.0,0.0,2.6270206,0.0,0.0,1.1132139,1.7420882,2.1546757,0.0,0.0,0.79089504,0.0,3.050159,0.0,0.0,0.0,0.5009539,0.0,2.6182585,0.0,1.1863381,0.67236596,0.0,1.1228422,2.6420496,0.69322884,0.68611765,2.7976065,0.58443946,1.1285511,3.0289888,0.7500396,0.0,1.296993,0.0,1.2095538,0.8016183,0.0,0.416245,0.007198217,0.0,0.6572737,0.0,0.0,0.0,0.0,0.0,1
1.4478141,1.5598423,0.24748416,0.0,1.8072418,0.2453057,1.5052693,0.0,1.8431109,1.2150222,0.0,0.6109044,0.0,2.3884013,0.0,0.2767742,0.0,0.0,0.41183662,0.0,1.7234688,0.0,0.0,0.0,0.9310421,0.10444439,0.0,0.6380146,0.6241628,0.0,0.0,0.0,0.9072523,0.2562091,1.556332,0.0,0.0,1.7355362,1.3156604,1.0775765,0.0,0.47070003,1.4516441,0.0,1.1709151,0.0,0.0,0.87762624,0.013089761,0.04449134,0.43126786,0.0,0.0,0.0,0.5380784,0.0,1.2732809,0.9740731,0.0,0.9901829,0.6273452,0.28218138,0.96987695,0.0,0.8290119,0.0,0.0,0.0,1.1124104,1.031326,0.0,0.0,0.1774111,0.5974462,0.6457345,0.8066359,0.18485355,0.26787043,0.83942366,0.6180011,0.47526997,0.0,0.0,1.6092942,0.0,0.0,0.95003134,1.2801826,2.6592093,0.0,0.0,1.9426856,0.0,2.6034327,0.89157206,0.0,0.0,0.47972012,0.0,2.2638829,0.0,1.5702468,0.62262535,0.0,0.9648167,2.568752,0.88692796,0.0,1.9078376,0.64721644,1.1177145,2.4247172,0.5202459,0.0,0.99135137,0.0,1.0489141,1.3925024,0.0,1.1246594,0.66940117,0.0,0.57888454,0.0,0.0,0.0,0.0,0.0,1
1.3912042,1.4641832,0.28225923,0.0,1.4796212,0.14275585,1.6151022,0.0,1.4151435,0.89790976,0.0,0.81553483,0.0,2.2405837,0.0,0.3438125,0.0,0.0,0.65597934,0.0,1.2930082,0.0,0.0,0.0,0.48797426,0.0,0.0,0.82945657,0.59894115,0.0,0.0,0.0,0.7419221,0.0,1.3204178,0.0,0.0,1.7187747,0.96636295,1.0059227,0.0,0.0,1.7302145,0.0,0.5568067,0.0,0.0,1.0139868,0.22355996,0.0,0.44766086,0.0,0.051882226,0.0,0.38323557,0.0,1.0366817,0.8022037,0.0,0.300481,0.7337511,0.37708944,1.151642,0.0,0.7307584,0.0,0.0,0.0,1.3384639,1.1697243,0.0,0.0,0.12015944,0.74682003,0.73586833,0.736795,0.3905062,0.18397589,1.0188298,0.4535705,0.18668234,0.0,0.0,1.7324071,0.0,0.0,1.1550735,1.248467,2.2131343,0.0,0.0,1.9844606,0.0,2.465278,0.64639145,0.0,0.0,0.8883188,0.0,2.3530471,0.0,2.0164208,0.43112886,0.0,0.80484116,2.2069888,0.5931088,0.28165412,2.2664154,0.6148472,0.6842987,2.6985607,0.7893538,0.0,1.1957769,0.0,1.1950237,1.4073104,0.0,0.90579,0.7038668,0.0,0.2957901,0.0,0.0,0.0,0.0,0.0,1
1.3322326,1.7055221,0.3331768,0.0,1.4850926,0.24320653,1.422548,0.0,1.5941763,0.971747,0.0,0.7364274,0.0,2.2765603,0.0,0.26492795,0.0,0.0,0.72319275,0.0,1.2677035,0.0,0.0,0.0,0.83526504,0.0,0.0,1.0092198,0.57245976,0.0,0.0,0.0,0.9282498,0.0,1.4529433,0.0,0.0,1.5282127,1.0508798,1.0992936,0.0,0.03274905,1.810476,0.0,0.6718155,0.0,0.0,0.98857224,0.039407894,0.0,0.47599238,0.0,0.12723331,0.0,0.7798898,0.0,0.99596083,0.71428233,0.0,0.60900635,0.77765864,0.19174707,1.25295,0.0,0.7724546,0.0,0.0,0.0,1.0106045,1.2285044,0.0,0.0,0.0,0.4259717,0.8149553,0.923832,0.31552407,0.4155567,0.83412385,0.51483727,0.42917722,0.0,0.0,1.6575245,0.0,0.0,1.0921242,1.0701919,2.5153122,0.117430806,0.0,2.1135063,0.0,2.64656,0.89005935,0.0,0.0,0.75824034,0.0,2.571148,0.0,1.8701209,0.5440537,0.0,1.0032291,2.481961,0.7847321,0.37144256,2.3554418,0.71660805,0.6554505,2.5813973,0.8598093,0.0,1.2287244,0.0,1.1003536,1.505586,0.0,0.71499854,0.45869917,0.0,0.42935413,0.0,0.0,0.0,0.0,0.0,1
1.6120745,1.9341209,0.13105272,0.0,1.7513362,0.1590077,1.7388859,0.0,1.7427404,1.3360099,0.0,0.43122026,0.0,2.4190114,0.0,0.44563314,0.0,0.0,0.65711975,0.0,1.6041887,0.23995177,0.0,0.0,1.0744262,0.0,0.0,0.48407236,0.6508969,0.0,0.0,0.0,1.0407815,0.5823041,1.3333815,0.0,0.0,2.0815644,1.1477523,0.985158,0.0,0.28937995,1.6590081,0.0,1.247643,0.0,0.0,1.0049753,0.055030957,0.40440163,0.23290218,0.0,0.08467247,0.0,0.9716861,0.0,1.184055,0.6815017,0.0,0.6570259,1.3223664,0.36220932,1.1833895,0.0,0.68741107,0.0,0.0,0.0,1.1953841,0.9832234,0.0,0.0,0.0024402984,0.7491033,0.45125875,0.6185395,0.31337345,0.032067753,0.8803086,0.6190051,0.2619374,0.0,0.0,1.4725753,0.0,0.0,0.5768065,1.4402984,2.6268559,0.0,0.0,1.8466707,0.0,2.7492843,1.0230926,0.0,0.0,0.9875404,0.0,2.4101815,0.0,1.682479,0.6272943,0.0,0.93283796,2.3668644,0.9826609,0.09824891,2.1636906,0.97290325,1.2983935,2.4238658,0.859377,0.0,0.8549076,0.0,1.523953,1.4108075,0.0,1.1521255,0.4862135,0.0,0.385577,0.0,0.0,0.0,0.0,0.0,1
1.7229102,1.6063399,0.35602957,0.0,2.1888251,0.48687556,1.585573,0.0,1.900149,0.69732296,0.0,0.35960013,0.0,2.2288017,0.0,0.48491046,0.0,0.0,0.29996613,0.0,1.1745802,0.0,0.0,0.0,0.9777945,0.0,0.0,0.54361874,0.51359135,0.0,0.0,0.0,1.2099409,0.39801276,1.7195371,0.0,0.0,2.0366695,1.3489983,0.7683837,0.07052408,0.41528028,1.5790569,0.0,1.3448689,0.0,0.0,1.0265768,0.0,0.0,0.29159206,0.0,0.0,0.0,0.7718692,0.0,1.511366,0.62984365,0.0,0.73604757,1.2164254,0.24111633,1.2312613,0.0,0.86831266,0.0,0.0,0.0,1.0781718,1.0514975,0.0,0.0,0.1772205,0.37965882,0.46790335,0.4423723,0.08387055,0.21984209,0.8295461,0.49381983,0.1600846,0.0,0.0,0.9399779,0.0,0.0,0.55627406,1.1501422,2.7304947,0.0,0.0,2.3795357,0.0,2.6549406,0.88903433,0.0,0.05133799,1.1624616,0.0,2.2293408,0.0,2.0660686,0.72015375,0.0,0.85865194,2.6910655,0.6888819,0.0,1.787584,1.2787238,0.91784036,2.4192426,0.74721855,0.0,0.8951364,0.0,1.2986385,1.45625,0.0,1.2611369,0.63927394,0.0,0.5912756,0.0,0.0,0.0,0.0,0.0,1
1.4926226,1.8373673,0.07323122,0.0,1.6296313,0.1262867,1.528618,0.0,1.6443031,0.6107941,0.0,0.64392084,0.0,2.4613786,0.0,0.15588461,0.0,0.0,0.23322152,0.0,1.1821072,0.0,0.0,0.0,0.76693326,0.0,0.0,0.39149648,1.0587511,0.0,0.0,0.0,0.78302926,0.015198291,1.6450411,0.0,0.0,1.9853956,1.1347234,0.892523,0.0,0.16733944,1.4163111,0.0,1.4820156,0.0,0.0,0.7996777,0.11670877,0.0,0.330796,0.0,0.0,0.0,0.7206305,0.0,1.3276597,0.8054349,0.0,1.0197617,1.3164885,0.0,1.1575863,0.0,1.091062,0.0,0.0,0.0,1.1109939,1.3413692,0.0,0.0,0.424608,0.99145526,0.45310405,0.18497686,0.26368058,0.13115154,1.6240671,0.68129987,0.18443118,0.0,0.0,1.6432258,0.0,0.0,1.1788847,1.8713316,2.454465,0.0,0.0,2.282752,0.0,2.2704864,1.0645471,0.0,0.0,0.57075536,0.0,2.5788236,0.0,2.0966897,0.7871989,0.0,1.187857,2.8868616,0.8047513,0.1874221,1.9419346,0.9047626,0.90097046,2.9768426,0.91798955,0.0,1.0243151,0.0,1.2042487,1.6414051,0.0,1.2531159,1.2396636,0.0,0.41743052,0.0,0.0,0.0,0.0,0.0,1
0.68831486,1.462225,0.45418724,0.0,1.4060977,1.1087929,1.6241131,0.0,1.2718652,1.8976331,0.0,0.39979172,0.0,2.5427046,0.0,1.0809859,0.0,0.0,0.82276523,0.0,1.6789672,0.27379492,0.0,0.0,1.1008692,0.0,0.0,0.059802547,0.820473,0.040322796,0.0,0.0,0.82421017,0.8256117,0.9487184,0.0,0.0,1.4376596,0.40006188,1.163206,0.0,0.0,0.92883,0.0,1.1556065,0.0,0.0,0.47518176,0.13824059,0.0,0.6557582,0.0,0.16785942,0.0,0.68904626,0.0,1.5100979,0.37359393,0.0,0.48830247,0.8655809,0.36545503,1.506014,0.0,0.32429275,0.0,0.0,0.0,0.40290657,1.0658578,0.0,0.0,0.40170965,1.3581817,0.5828286,0.4603851,0.0,0.09770054,1.3961086,0.53012913,0.63758516,0.0,0.0,1.9388133,0.0,0.0,1.2530421,1.6290747,2.1762319,0.1012884,0.0,1.2960197,0.0,2.7512069,0.29454383,0.0,0.059822086,0.44775307,0.0,2.386922,0.0,1.4451624,1.0245413,0.0,1.35178,2.559542,1.0718272,0.28616637,2.2510848,1.0285685,1.0880387,3.0076125,0.6622169,0.0,1.4854082,0.0,1.4200604,1.090998,0.0,0.60824364,0.27066624,0.0,1.0123914,0.0,0.0,0.0,0.0,0.0,1
0.9150534,1.2755167,0.53266597,0.0,1.2392159,0.89525247,1.3957667,0.0,1.1670202,1.0371369,0.0,0.6396585,0.0,2.3046193,0.0,0.5045823,0.0,0.0,0.42662606,0.0,1.5961187,0.0,0.0,0.0,0.93357086,0.0,0.0,0.32437408,0.8182934,0.0,0.0,0.0,0.5089552,0.0,0.8737156,0.0,0.0,1.4402143,0.680094,1.06772,0.0,0.16480121,0.93363756,0.0,0.8835311,0.0,0.0,0.5383891,0.005056217,0.0,0.47365963,0.0,0.0,0.0,0.6720663,0.0,1.4210384,0.29826605,0.0,0.76260227,0.4777404,0.0,1.1040795,0.0,0.905576,0.0,0.0,0.0,0.81929064,1.2951702,0.0,0.0,0.22555634,0.905851,0.79182297,0.42116848,0.0,0.17539145,1.7035844,0.40090507,0.7720214,0.0,0.020307764,1.5009795,0.0,0.0,1.2795068,1.3926109,2.2569203,0.0,0.0,2.3996155,0.0,2.2236001,0.99960786,0.0,0.0,0.7126032,0.0,2.3052108,0.0,1.700812,0.8709795,0.0,0.99526095,2.8420312,1.1634642,0.15646213,1.8316009,0.60204005,0.7123535,2.4117415,0.5807313,0.0,1.1760222,0.0,1.2626737,1.0894603,0.0,0.5802954,0.40243304,0.0,0.40288785,0.0,0.0,0.0,0.0,0.0,1
0.486186,1.0960253,0.43409804,0.0,1.0865338,1.6620492,1.3973739,0.0,1.5581553,2.2432222,0.0,0.22570089,0.0,2.5848637,0.0,1.5634198,0.0,0.0,0.8617731,0.0,2.2195284,0.7575386,0.0,0.0,1.5287085,0.0,0.0,0.013344003,0.65648603,0.0,0.0,0.0,0.3629588,0.91340786,0.8039221,0.0,0.0,0.9311854,0.35486344,1.4536186,0.0,0.0,0.51923823,0.0,0.7516729,0.0,0.0,0.23295361,0.0,0.08447837,0.51773584,0.0,0.35615778,0.0,0.71160036,0.0,1.7800107,0.13301599,0.0,0.39606434,0.3352924,0.0,1.5051738,0.0,0.35607544,0.0,0.0,0.0,0.0722289,1.1920863,0.0,0.0,0.4732145,1.8199544,1.0684038,1.0711175,0.0,0.4386183,1.4271432,0.80772245,0.89622456,0.0,0.0,2.9778767,0.0,0.0,1.0732759,1.3847296,2.0939116,0.0,0.0,0.9439456,0.0,3.2839608,0.0060107573,0.0,0.0,0.0,0.0,2.654709,0.0,0.953618,1.1204367,0.0,1.2589391,3.2512624,1.0306004,0.2586198,2.3789465,0.41165486,1.1012362,2.795478,0.6188015,0.0,1.4600896,0.0,0.89434063,0.41238075,0.0,0.58327097,0.0,0.0,1.3039055,0.0,0.0,0.0,0.0,0.0,1
1.0288764,1.411755,0.63506913,0.0,1.5072138,1.1163423,1.1892328,0.0,1.3450248,1.1329439,0.0,0.6439977,0.0,2.5150075,0.0,0.29433802,0.0,0.0,0.39141497,0.0,1.4481845,0.2827732,0.0,0.0,1.0340711,0.1266529,0.0,0.3492323,0.75169015,0.0,0.0,0.0,0.36511707,0.0,1.0836799,0.0,0.0,1.807764,0.7294269,1.2378563,0.0,0.3128224,1.1432695,0.0,0.8286362,0.0,0.0,0.81390226,0.18555577,0.0,0.21087587,0.0,0.0,0.0,0.8053199,0.0,1.578321,0.1619038,0.0,0.25155005,0.75174165,0.0,0.9920027,0.0,1.2024258,0.0,0.0,0.0,0.67146206,1.0920892,0.0,0.0,0.5258689,0.75158197,0.6470742,0.9530303,0.0,0.28746974,1.3609313,0.5266517,0.590412,0.0,0.0,1.6325023,0.0,0.0,1.1981616,1.4660956,2.5798564,0.0,0.0,2.3091178,0.0,2.983686,0.7078084,0.0,0.0,0.8980693,0.0,2.2916677,0.0,1.8989042,0.89797026,0.0,1.1386051,2.917927,0.9727423,0.0,2.1191614,0.55864775,0.45233446,2.4505858,0.50709665,0.0,1.5435967,0.0,1.0898421,1.4027914,0.0,0.9798828,0.38591385,0.0,0.4874014,0.0,0.0,0.0,0.0,0.0,1
1.7273842,2.3891797,0.20654328,0.0,1.906882,0.14940651,1.6554928,0.0,1.5401741,1.0767217,0.0,0.37171635,0.0,2.152851,0.0,0.4561474,0.0,0.0,0.3370868,0.0,1.2781911,0.0,0.0,0.0,0.927883,0.021582788,0.0,0.46013945,0.5192583,0.0,0.0,0.0,1.1324427,0.52308,1.2237704,0.0,0.0,1.939266,1.4671481,0.78301233,0.0,0.27456743,1.973857,0.0,1.3333195,0.0,0.0,0.9531813,0.032890454,0.4615331,0.35592166,0.0,0.12526847,0.0,0.8850451,0.0,0.9876913,1.028277,0.20278642,0.8851356,1.461185,0.42650437,1.2891107,0.0,0.87957215,0.0,0.0,0.0,1.4522059,0.67277855,0.0,0.0,0.0,0.51247704,0.5143315,0.58133,0.34226692,0.032396264,0.67375004,0.71208817,0.30748668,0.0,0.0,1.3215444,0.0,0.0,0.5228787,1.3068502,2.315373,0.0675371,0.0,1.9343866,0.0,2.8845925,1.1437622,0.0,0.0,1.1832792,0.0,2.4275815,0.0,1.872969,0.5605315,0.0,0.74478364,2.279949,0.81461024,0.0,2.3581188,1.0731527,1.3216374,2.5553002,0.86135304,0.0,0.6915644,0.0,1.6420255,1.4513141,0.0,1.6098831,0.85530865,0.0,0.62511414,0.0,0.0,0.0,0.0,0.0,0
1.5351193,1.7558236,0.114621684,0.0,2.3667798,0.08006819,1.4146832,0.0,1.9634229,0.53809595,0.0,0.570623,0.0,2.225742,0.0,0.0,0.0,0.0,0.19590236,0.0,1.4215136,0.0,0.0,0.0,1.1385617,0.23848349,0.0,0.79471964,0.4028567,0.0,0.0,0.0,0.79674023,0.43985295,1.3738146,0.0,0.0,2.2775018,1.4879252,0.8100892,0.0,0.5289732,1.8148288,0.0,1.2320144,0.0,0.0,0.993331,0.11535753,0.0,0.25161916,0.0,0.0,0.0,1.0621396,0.0,1.6639503,0.47099137,0.0014763833,0.8092191,1.1375998,0.0,0.8705542,0.0,1.0310205,0.0,0.0,0.0,1.0279891,0.6383785,0.0,0.0,0.0,0.45201328,0.6184092,0.53946906,0.0,0.0896673,1.1589451,0.70566154,0.5304809,0.0,0.0,1.0552224,0.0,0.0,0.5666284,1.1518081,2.7522614,0.0,0.0,2.772017,0.0,2.7370045,1.2538601,0.0,0.0,0.9711623,0.0,1.912212,0.0,2.157251,0.9080211,0.0,1.0487094,2.583886,0.69827354,0.0,1.6548898,0.92302454,0.95898455,2.4521985,0.7733097,0.0,0.7876782,0.0,1.4529867,1.7375408,0.0,1.2752187,0.738881,0.0,0.28735334,0.0,0.0,0.0,0.0,0.0,0
1.5582745,2.1294482,0.3154509,0.0,1.6835456,0.49695364,1.6778368,0.0,1.3953055,1.4516984,0.0,0.29488197,0.0,2.1411028,0.0,0.4544511,0.0,0.0,0.34879747,0.0,1.1948743,0.0,0.0,0.0,0.6467717,0.0,0.0,0.43751436,0.5817029,0.0,0.0,0.0,0.96937025,0.5119057,1.5340799,0.0,0.0,1.7499,1.1889856,1.114474,0.0,0.26904666,1.915861,0.0,0.9046743,0.0,0.0,0.9507613,0.0,0.0,0.32402903,0.0,0.0,0.0,0.5594296,0.0,1.0933402,0.99798715,0.0,0.42362428,0.9721926,0.4224504,1.0650419,0.0,0.8294888,0.0,0.0,0.0,1.277521,1.1435014,0.0,0.0,0.09029772,0.72114754,0.5943185,0.5734362,0.0782712,0.0,0.97979015,0.45224285,0.20132402,0.0,0.0,1.1335167,0.0,0.0,0.9184589,1.5258147,2.6267958,0.18262397,0.0,2.2528427,0.0,3.0282476,0.9295213,0.0,0.0,1.0393968,0.0,2.4990194,0.0,1.8824576,0.6156155,0.0,0.92853767,2.493726,0.80687827,0.109904595,2.611862,0.8407101,1.0783142,2.8955357,0.59069157,0.0,0.99278146,0.0,1.3569719,1.8021158,0.0,1.2457596,0.67302954,0.0,0.79573923,0.0,0.0,0.0,0.0,0.0,0
0.9265427,1.3799769,0.13638306,0.0,0.9024175,0.82375026,1.5785341,0.0,1.6394851,1.0769929,0.0,0.7333183,0.0,2.4534812,0.0,1.081142,0.0,0.0,0.9462926,0.0,1.2917266,0.0,0.0,0.0,0.74273807,0.0,0.0,0.079218514,0.69230694,0.0,0.0,0.0,0.8687848,0.28465858,0.7892034,0.0,0.0,1.0991834,0.75158465,1.456699,0.0,0.0,0.9439289,0.0,0.84601116,0.0,0.0,0.92082596,0.0,0.10329955,0.97337294,0.0,0.043234088,0.0,0.5846931,0.0,1.4035925,0.2892603,0.0,0.31226018,0.8711701,0.41311157,1.1544067,0.0,0.6330856,0.0,0.0,0.0,1.0326631,1.0221907,0.0,0.0,0.24809784,0.7184052,0.71171045,0.633476,0.0,0.09565906,0.72474784,0.6581496,0.36222994,0.0,0.021781506,1.7013152,0.0,0.0,0.9595216,1.5739568,2.028895,0.0,0.0,1.7138453,0.0,2.6624148,0.602465,0.0,0.13603832,0.8200017,0.0,2.3656406,0.0,1.2002174,0.75419533,0.0,1.0078171,2.7573185,0.7323174,0.38525495,2.0645823,0.60839766,0.79283386,2.6255097,0.6588685,0.0,1.2134804,0.0,0.9636101,1.2847533,0.0,0.5748924,0.44122368,0.0,0.9178105,0.0,0.0,0.0,0.0,0.0,1
