0,1,2,3,4,5,6,7,8,9,10,11,12,13,14,15,16,17,18,19,20,21,22,23,24,25,26,27,28,29,30,31,32,33,34,35,36,37,38,39,40,41,42,43,44,45,46,47,48,49,50,51,52,53,54,55,56,57,58,59,60,61,62,63,64,65,66,67,68,69,70,71,72,73,74,75,76,77,78,79,80,81,82,83,84,85,86,87,88,89,90,91,92,93,94,95,96,97,98,99,100,101,102,103,104,105,106,107,108,109,110,111,112,113,114,115,116,117,118,119,120,121,122,123,124,125,126,127,label
0.0,0.70278347,0.0,0.0,0.9326123,0.79603624,0.08047284,0.756001,0.0,0.3442703,0.0,0.3312407,0.68179935,0.0,0.0,0.25286356,0.086355165,0.48429903,0.0129034035,0.38033453,0.039366625,0.04436099,0.32158935,0.0,0.30367893,0.6146363,0.14325146,0.0,0.48433557,0.3308358,0.0,0.0,0.0,0.66901696,0.6855504,0.0,0.15399718,0.0,0.33435956,0.68854165,0.0,0.7790005,0.0,0.08744473,0.0,0.23313026,0.0,0.0,0.0,0.89893335,0.0,1.2799331,0.0,0.15390283,0.0,0.0,0.0,0.0,0.8464798,0.0,1.1785581,0.0,0.44031316,0.50602365,0.30488122,0.7584904,0.059528645,0.2325603,1.2177804,0.0,0.25271404,0.49656042,0.38528875,0.66328233,0.18527955,0.7751145,0.38705814,0.0,0.32873443,0.4206065,0.59657496,0.7880201,0.0,0.0160229,0.0,0.0,0.82071716,0.4643806,0.0,0.0,0.13714008,0.56611127,0.09291029,0.0,0.14749005,0.5153663,0.8569753,0.0,0.0,0.0,0.0,0.34842426,0.71973765,0.0,0.9412282,0.6935303,0.58119196,0.8649185,0.0,0.0,0.4631678,0.33648318,0.5843704,0.23893833,1.1911922,0.582862,1.0389434,0.0,0.19065145,0.0,0.0,0.0,0.0,0.0,0.34463686,0.36446828,0.22873108,0.30697888,0
0.0,0.858824,0.0,0.0,1.3260825,1.0832812,0.0,0.76584184,0.0,0.29053798,0.0,0.0,0.5907998,0.0,0.0,0.26239815,0.10432349,0.5507379,0.0,1.036246,0.07159886,0.0,0.40619382,0.0,0.35064277,0.33434507,0.1757781,0.0,0.43793476,0.3831148,0.0,0.0,0.0,0.24755844,0.7693907,0.0,0.25775185,0.0,0.53977686,0.45364365,0.0,0.7497041,0.0,0.38858,0.0,0.80043477,0.0,0.0,0.0,1.1651385,0.0,1.2753334,0.0,0.048591487,0.0,0.0,0.0,0.0,1.0996603,0.0,1.3679785,0.0,0.30691457,0.17777754,0.18984951,0.49382463,0.0,0.17101751,1.0139662,0.0,0.51372784,0.7245817,0.33435243,0.3436707,0.334655,0.5069715,0.03967841,0.0,0.33684137,0.21904382,0.2477161,0.75915456,0.0,0.0,0.0,0.0,0.7430877,0.9837158,0.0,0.0,0.0,0.5841451,0.43554875,0.301357,0.5982484,0.0,0.5944371,0.0,0.0,0.0,0.0,0.13853279,0.36380857,0.0,0.5003315,1.2974352,0.47047156,1.1745834,0.0,0.0,0.61314476,0.22496499,0.21583132,0.751505,1.1216819,0.87992907,1.3575394,0.0,0.7822987,0.0,0.0,0.0,0.0,0.0,0.0,0.65324414,0.0069987336,0.37874615,1
0.0,0.49702772,0.0,0.0,0.77798694,0.72810906,0.0,0.6782499,0.0,0.022749314,0.0,0.50820553,0.864676,0.0,0.0,0.0,0.026211983,0.17502394,0.038171228,0.41582587,0.0,0.11488038,0.74534625,0.0,0.8616638,0.8873302,0.40686572,0.0,0.18282942,0.20849718,0.0,0.0,0.0,0.37274694,0.6075558,0.0,0.6825412,0.0,0.34645578,0.547815,0.0,0.72190005,0.0,0.8351559,0.0,0.29977667,0.0,0.0,0.0,0.46177858,0.02384563,1.2463703,0.0,0.0,0.0,0.0,0.0,0.0,0.73064595,0.0,1.3112049,0.0,0.40919435,0.42138115,0.36728114,0.7519843,0.17680748,0.22290878,1.5421674,0.0,0.7138678,0.42991865,0.8447184,0.808341,0.17736095,0.96951526,0.4785366,0.0,0.44087875,0.0,1.0035865,0.6617607,0.0,0.0,0.0,0.37276453,1.0908136,0.7029956,0.0,0.0,0.14983831,0.8327752,0.0,0.0,0.0,0.54684496,0.8792877,0.0,0.0,0.0,0.0,0.0,0.5818534,0.27067205,1.1671976,0.2390362,0.89181423,1.2521555,0.15118918,0.0,0.48374054,0.36256003,0.67666835,0.44132057,1.7208502,0.41340134,1.0248426,0.0,0.34328353,0.0,0.0,0.0,0.0,0.0,0.5154207,0.6336076,0.5540052,0.31263316,0
0.0,0.56247705,0.0,0.0,0.86556023,0.957676,0.022352029,0.9823396,0.0,0.16370477,0.0,0.88249755,0.7638638,0.0,0.0,0.0,0.17646058,0.25661045,0.0,0.47982016,0.06516739,0.19495465,0.47373348,0.0,0.6255083,1.0336627,0.3114774,0.0,0.55931747,0.55504423,0.0,0.0,0.0,0.4630505,0.65043944,0.0,0.5322978,0.0,0.2723544,0.33103466,0.0,0.7629041,0.0,0.15143026,0.0,0.14514703,0.0020773993,0.00518258,0.0,0.75183696,0.0,1.0847055,0.0,0.0,0.0,0.0,0.0,0.0,0.6001439,0.0,1.2027386,0.0,0.35264954,0.37158832,0.061153915,0.91412,0.18425699,0.071749665,1.3466436,0.0,0.51135695,0.5858695,0.57459563,0.80926096,0.20065323,0.97832185,0.533104,0.0,0.54224277,0.0,0.87242055,0.6038619,0.0,0.0,0.0,0.18404943,0.99895734,0.3413923,0.0,0.0,0.27271572,0.44994456,0.11821137,0.0,0.046336584,0.5182754,0.8479835,0.0,0.0,0.0,0.0,0.39329997,0.47238117,0.13634062,1.1186146,0.5904874,0.5147917,0.7034274,0.0,0.0,0.4812404,0.44474995,0.7297924,0.34272286,1.3709087,0.47946683,1.0407599,0.0,0.26688397,0.0,0.0,0.0,0.0,0.07292278,0.37385195,0.50520056,0.4842993,0.40092775,0
0.0,0.5438667,0.0,0.026993645,0.8592855,0.7232051,0.0,0.6896989,0.0,0.0,0.0,0.1264425,0.85846496,0.0,0.0,0.047456827,0.032254055,0.3983009,0.05849455,0.71667254,0.0,0.0,0.8272005,0.0,0.8427309,0.6557492,0.16235001,0.0,0.2444043,0.41267315,0.0,0.0,0.0,0.30203193,0.6377388,0.0,0.73177963,0.0,0.23667654,0.38380617,0.0,0.5691561,0.0,0.67064685,0.0,0.30415836,0.0,0.0,0.0,0.85246855,0.0,1.2895806,0.0,0.0,0.0,0.0,0.0,0.0,0.7815891,0.0,1.1460196,0.11508927,0.3889122,0.19904815,0.20103903,0.7606322,0.0,0.27392834,1.2588434,0.0,0.7987255,0.43337744,0.7474381,0.6590953,0.22264501,0.7494795,0.17963277,0.0,0.20392121,0.036920756,0.61118835,0.3746751,0.0,0.0,0.0,0.1587303,1.0517361,0.8065813,0.0,0.0,0.016437355,0.83404875,0.20005831,0.15677217,0.062294073,0.33580202,0.76612866,0.0,0.0,0.0,0.0,0.15410644,0.41515145,0.084729135,0.87952304,0.5227388,0.83484364,1.4268141,0.07637083,0.0,0.55011594,0.19583033,0.5108581,0.53847694,1.6758016,0.5431882,1.1296195,0.0,0.71075463,0.0,0.0,0.0,0.0,0.0,0.12966017,0.7852454,0.36596,0.36627042,0
0.0,0.80029863,0.0,0.0,1.3963085,1.0607653,0.0,1.0434403,0.0,0.0,0.0,0.004450808,0.6169877,0.0,0.0,0.7161782,0.20309876,0.87296176,0.0,1.0166352,0.043981016,0.07736396,0.15103945,0.0,0.38891113,0.25775716,0.22413065,0.0,0.62353987,0.97944885,0.0,0.0,0.0,0.36112353,0.8821339,0.0,0.27442867,0.0,0.8359187,0.4198116,0.0,1.1267649,0.0,0.28962427,0.0,0.875741,0.0,0.0,0.008571839,1.0836606,0.030497866,1.5059605,0.0,0.0,0.0,0.0,0.0,0.0,1.0944881,0.0,1.4628085,0.0,0.42585647,0.16957627,0.0,0.44752395,0.0,0.20313825,1.2520086,0.0,0.39466238,0.8226759,0.06081681,0.29833302,0.5744547,0.38490224,0.22482146,0.0,0.6563959,0.62007964,0.2707909,0.6399224,0.0,0.0,0.0,0.0,0.68010515,1.081655,0.0,0.0,0.0,0.5544946,0.62292534,0.61984664,0.66667706,0.0,0.5769787,0.0,0.0,0.0,0.0,0.46595907,0.37564415,0.18404594,0.6961219,1.1595179,0.19664721,1.1924186,0.0,0.0,0.7452264,0.80247164,0.25629961,1.3297083,1.3554255,1.0465001,1.5167125,0.0,0.8202987,0.0,0.0,0.0,0.0,0.0,0.0,0.49918166,0.11441286,0.7517745,1
0.0,1.1277759,0.0,0.09247877,1.3696171,1.4566765,0.06584452,0.881628,0.0,0.49547648,0.0,0.093596555,0.53433025,0.0,0.0,0.38790086,0.29929358,0.61773795,0.0,0.8715731,0.078348964,0.0,0.16460493,0.0,0.23178625,0.4780458,0.13715741,0.0,0.66448855,0.6663296,0.0,0.0,0.0,0.34268904,0.82855093,0.0,0.29889452,0.0,0.65766716,0.52563417,0.0,0.99376047,0.0,0.20390451,0.0,0.6610632,0.0,0.0,0.0,1.2904367,0.0,1.4795948,0.0,0.0,0.0,0.0,0.0,0.0,1.2459061,0.0,1.5411794,0.0,0.37968758,0.29445416,0.13089398,0.49556494,0.0,0.018666638,1.0693625,0.0,0.33678338,0.948124,0.2659853,0.56615585,0.30300593,0.6054098,0.10524872,0.0,0.71925706,0.31819612,0.4768554,1.1148248,0.0,0.0,0.0,0.026276726,0.5732065,0.95784515,0.0,0.0,0.07550748,0.38424695,0.29624224,0.23270139,0.5861706,0.26153174,0.61856896,0.0,0.0,0.0,0.0,0.32493463,0.5237372,0.0,0.76483464,1.5403284,0.31625822,0.9018019,0.0,0.0,0.5357659,0.49800843,0.4976191,0.8476459,1.2229981,0.98434013,1.5800532,0.0,0.60782254,0.0,0.0,0.0,0.0,0.028648742,0.0,0.43386033,0.11970373,0.651529,1
0.0,0.96534985,0.0,0.0,1.6458988,1.0009861,0.0,1.0742484,0.0,0.0,0.0,0.0,0.5325985,0.0,0.0,1.1142747,0.17939234,1.0816587,0.0,0.89225316,0.14011775,0.17482476,0.0,0.0,0.5306242,0.46506718,0.0,0.0,0.6674241,1.3956931,0.0,0.0,0.0,0.4097914,0.8354458,0.0,0.23119761,0.0,1.1020294,0.19944903,0.0,1.357206,0.0,0.3502793,0.0,0.9888952,0.0,0.0,0.10680249,1.312799,0.0,1.6034161,0.0,0.2099294,0.0,0.0,0.0,0.0,1.3622284,0.0,1.6954147,0.0,0.37324578,0.18553607,0.0,0.6573958,0.0,0.17944412,1.2783245,0.0,0.5250998,0.8287173,0.19802608,0.24553157,0.7528964,0.2330778,0.0,0.0,0.8825324,0.6915668,0.10948616,0.8949897,0.0,0.0,0.19738385,0.08520271,0.9072284,1.1434889,0.0,0.0,0.0,0.69032437,0.93308204,1.0275135,1.2314471,0.0,0.41564572,0.0,0.0,0.0,0.0,0.43140104,0.5788294,0.6083883,0.575865,1.1821098,0.060630094,1.2492678,0.0,0.0,1.1578661,1.2137065,0.3268044,1.8175753,1.4246278,0.92074037,1.7342342,0.0,0.87789464,0.0,0.0,0.0,0.0,0.20598821,0.0,0.43003517,0.0,1.0024102,1
0.0,0.7755128,0.0,0.0,1.2597777,0.89576936,0.0,0.67949784,0.0,0.15638381,0.0,0.33709946,0.60727847,0.0,0.0,0.6532106,0.13957217,0.88905126,0.0,0.951372,0.102393895,0.07548597,0.4798536,0.0,0.7478552,0.48128262,0.33418605,0.0,0.5679706,0.76104736,0.0,0.0,0.0,0.32965165,0.71855223,0.0,0.59478766,0.0,0.82617176,0.67055416,0.0,1.0021368,0.0,0.47858518,0.0,0.9141526,0.0,0.0,0.07609975,1.0636164,0.0,1.3824329,0.0,0.0,0.0,0.0,0.0,0.0,0.95459723,0.0,1.2351755,0.0,0.37827504,0.15974404,0.0034246964,0.60312456,0.08317325,0.10333328,1.3139217,0.0,0.48421097,0.7588915,0.37324172,0.61165863,0.6603988,0.59016144,0.37247893,0.0,0.66105765,0.3623875,0.39239416,0.59704304,0.0,0.0,0.0,0.10195701,0.8845771,1.0168962,0.0,0.0,0.0,0.88786095,0.49887186,0.61565214,0.5509533,0.0719338,0.5507332,0.0,0.0,0.0,0.0,0.26178724,0.38310635,0.1899724,0.7566458,1.10345,0.35225025,1.315722,0.0,0.0,0.718397,0.76406646,0.27332616,1.216025,1.5320951,0.86316097,1.4750427,0.0,0.69007313,0.0,0.0,0.0,0.0,0.0,0.0,0.53784764,0.20803128,0.52946216,1
0.0,0.96292293,0.0,0.0,1.8808923,1.0766363,0.012218122,1.1705692,0.0,0.2332231,0.0,0.48086405,0.30432904,0.0,0.0,1.0902786,0.28748834,1.1266187,0.0,0.87139046,0.15879226,0.18760397,0.0,0.0,0.53088856,0.30298766,0.0,0.037996773,0.63244027,1.3446683,0.0,0.0,0.0,0.3796223,0.8940112,0.0,0.24334612,0.0,0.81759137,0.32626623,0.0,1.3195952,0.0,0.20452535,0.0,0.73874515,0.0,0.0,0.0,1.3777063,0.0,1.3122352,0.0,0.36992761,0.0,0.0,0.0,0.0,1.1744576,0.0,1.4714444,0.0,0.40137497,0.0,0.0,0.8019008,0.0,0.072454914,1.5185573,0.0,0.3198747,0.6508189,0.09124188,0.08298946,0.87280005,0.44460365,0.0,0.13853642,0.7410906,0.75514627,0.22312573,0.80866873,0.0,0.0,0.28318954,0.14436387,0.7830532,1.0846016,0.0,0.0,0.0,0.8050012,0.76463324,0.626221,1.0559691,0.0,0.5562254,0.0,0.0,0.0,0.0,0.673217,0.57972157,0.6878494,0.8671539,1.0981246,0.027929554,1.1634023,0.0,0.0,0.79287624,0.9488597,0.685429,1.5796973,1.3090823,0.9317781,1.3559471,0.0,0.8562381,0.0,0.097321495,0.0,0.0,0.61992955,0.0,0.25234237,0.11081933,0.66437757,1
0.0,0.8630912,0.0,0.0,1.7728046,1.0004466,0.0,0.86556727,0.013241055,0.13883153,0.0,0.0,0.5146569,0.0,0.0,1.0584191,0.32500568,1.0597241,0.0,1.4005582,0.03411549,0.0,0.13458818,0.0,0.5564934,0.2736387,0.06954888,0.0,0.81098896,1.1336201,0.0,0.0,0.0,0.3523798,1.0024801,0.0,0.34139782,0.0,1.0190797,0.11113007,0.0,1.2000858,0.0,0.42990467,0.0,1.2055484,0.0,0.0,0.06512429,1.4454938,0.0,1.5676923,0.0,0.30865765,0.0,0.0,0.0,0.0,1.2554004,0.0,1.4099734,0.0,0.34723598,0.0,0.0,0.60860497,0.0,0.08979766,1.2552725,0.0,0.47580963,0.9976075,0.0,0.21209171,0.97885525,0.0,0.040218994,0.0,0.7368129,0.6639223,0.18808082,0.7723634,0.0,0.0,0.0,0.0,0.7546579,1.4283899,0.0,0.0,0.0,0.54456395,0.68052936,1.0634607,1.0832292,0.0,0.4618265,0.0,0.0,0.0,0.0,0.55113494,0.2718235,0.42711478,0.6539944,1.5404309,0.013186971,1.413067,0.0,0.0,1.0360198,0.95452785,0.41211098,1.5800529,1.4238336,1.1398206,1.5741858,0.0,1.0294498,0.0,0.0,0.0,0.0,0.0,0.0,0.64586276,0.0,0.7017931,1
0.0,0.3984319,0.0,0.04789294,0.95922464,0.10799327,0.0,0.5469967,0.0,0.0,0.0,0.6739094,0.6417483,0.0,0.0,0.11238506,0.048252635,0.37216628,0.08422018,0.37389424,0.0,0.13625912,0.52803814,0.0,0.90971667,1.1388556,0.18098763,0.0,0.18629949,0.46110985,0.022047004,0.0,0.0,0.3653501,0.56057084,0.0,0.7635716,0.0,0.017948851,0.36546856,0.0,0.42566618,0.0,0.54450977,0.0,0.0,0.0303792,0.0,0.0,0.7309324,0.0,0.884688,0.0,0.0,0.0,0.0,0.0,0.0,0.42831114,0.0,0.79062086,0.07983363,0.65519375,0.2287951,0.15754111,0.8158157,0.07852421,0.3091304,1.5194886,0.0,0.8347065,0.20401987,0.80817306,0.5123623,0.44625953,0.6858912,0.37196454,0.0,0.0,0.042075396,0.73993033,0.4712316,0.0,0.0,0.16291316,0.57919496,1.1931632,0.4142537,0.0,0.0,0.0,0.8161189,0.14534082,0.3469821,0.21232164,0.27452394,1.044541,0.0,0.0,0.0,0.0,0.10517203,0.3606682,0.44529948,1.0960649,0.15737286,0.5789953,1.2790482,0.061224237,0.0,0.36044484,0.38819396,0.77413356,0.40797487,1.6937641,0.5539135,0.7225235,0.0,0.41700217,0.0,0.0,0.0,0.0,0.0,0.3008051,0.4872342,0.45911515,0.2679409,0
0.0,0.66865444,0.0,0.010444721,0.8471634,0.5968438,0.0,0.6147368,0.0,0.10640323,0.0,0.7059253,0.66912997,0.0,0.0,0.0,0.08491441,0.24619667,0.066380836,0.38210028,0.0,0.13553275,0.81203157,0.0,0.7936467,0.98216707,0.34523436,0.0,0.33272433,0.39166215,0.0,0.0,0.0,0.28445855,0.50027627,0.0,0.6350649,0.0,0.2555411,0.6238043,0.0,0.618533,0.0,0.45921937,0.0,0.14080964,0.05269699,0.0,0.0,0.75853866,0.0,0.93782836,0.0,0.0,0.0,0.0,0.0,0.0,0.69500166,0.0,1.006576,0.0,0.41715175,0.14252706,0.20085113,0.7846576,0.07633536,0.20755804,1.5484115,0.0,0.63756424,0.47806355,0.91904193,0.7296967,0.20788649,1.0469052,0.39022803,0.0,0.29589063,0.0,0.8877247,0.49976465,0.0,0.0,0.0,0.462801,1.0490237,0.6104179,0.0,0.0,0.009739865,0.9675159,0.055037167,0.017221449,0.0,0.48171487,0.7594242,0.0,0.0,0.0,0.0,0.015967855,0.56397504,0.47639,1.2616173,0.46865752,0.7752896,1.357419,0.0,0.0,0.44412625,0.24117786,0.70877886,0.519845,1.668539,0.442689,1.0803735,0.0,0.44522294,0.0,0.0,0.0,0.0,0.002506226,0.4822056,0.5809951,0.52755105,0.19636744,0
0.0,0.40181008,0.0,0.3317904,0.7395892,0.7768185,0.0,0.5237812,0.0,0.10139069,0.0,0.7075539,0.793393,0.0,0.0,0.18987522,0.0,0.37648273,0.0,0.3057587,0.12658407,0.24074784,0.020337887,0.0,0.33261108,0.9148096,0.21762554,0.0,0.21562208,0.6779697,0.0,0.0,0.0,0.3646741,0.43933246,0.0,0.4480918,0.0,0.20374665,0.60484487,0.0,0.87609476,0.0,0.4617695,0.0,0.35169598,0.0,0.0,0.048732236,0.8074883,0.0,1.1097978,0.0,0.0,0.0,0.0,0.0,0.0,0.6014725,0.0,0.94795454,0.30923137,0.6413191,0.066526644,0.4659536,0.88423085,0.094623245,0.19270317,1.2737206,0.0,0.58293265,0.60382324,0.6235743,0.5768081,0.09531047,0.78587407,0.19738005,0.06063828,0.36887482,0.16530594,0.6907411,0.4398446,0.0,0.0,0.099618345,0.4957121,1.228504,0.4970045,0.0,0.0,0.45850533,0.68640417,0.065367535,0.34405336,0.29229766,0.45295727,0.83172524,0.0,0.0,0.0,0.0,0.017685706,0.91856194,0.54603183,1.0603938,0.35874254,0.37224108,1.1435817,0.0,0.0,0.63145983,0.5323669,0.77019453,0.7095122,1.403357,0.76974154,0.8889267,0.0,0.44671616,0.0,0.0,0.0,0.0,0.028407685,0.3119614,0.4488071,0.36170593,0.34172422,0
0.0,0.71502036,0.0,0.07067144,1.0148991,0.98091686,0.0,0.7987074,0.0,0.10963334,0.0,0.12688695,0.80737126,0.0,0.0,0.05054071,0.028540013,0.42053694,0.0,0.7573096,0.05352729,0.063482866,0.50284183,0.0,0.48272148,0.64035124,0.13557602,0.0,0.5565175,0.50758797,0.0,0.0,0.0,0.3740583,0.58895195,0.0,0.58526915,0.0,0.43959892,0.42363375,0.0,0.81818396,0.0,0.5652165,0.0,0.64121056,0.0,0.0,0.0,0.92271185,0.0,1.402956,0.0,0.0,0.0,0.0,0.0,0.0,0.8555208,0.0,1.301382,0.0,0.45475897,0.27580366,0.28902727,0.6765247,0.0,0.118413135,1.1664175,0.0,0.5635988,0.7197492,0.43070632,0.67131174,0.11278582,0.81907266,0.21601675,0.0,0.42906636,0.2813989,0.6673731,0.66737366,0.0,0.0,0.0,0.1757512,0.92312104,0.9084171,0.0,0.0,0.0,0.71365035,0.19275549,0.12782036,0.24182896,0.14965142,0.7320243,0.0,0.0,0.0,0.0,0.178572,0.5059776,0.15834999,0.9776826,0.8447113,0.6356955,1.2969158,0.0,0.0,0.6085985,0.2892709,0.40436336,0.7665999,1.478692,0.78151023,1.2639554,0.0,0.6211815,0.0,0.0,0.0,0.0,0.0,0.020863254,0.6037722,0.31607056,0.5398328,0
0.0,0.56387013,0.0,0.09182848,0.8131415,0.7617548,0.0,0.69443965,0.0,0.23671044,0.0,0.7228922,0.87453127,0.0,0.0,0.045955267,0.031298317,0.28808212,0.0,0.4410438,0.07376247,0.2151515,0.49966455,0.0,0.6590216,0.9352383,0.06341673,0.0,0.4888376,0.5318057,0.0,0.0,0.0,0.46409592,0.44746614,0.0,0.5270218,0.0,0.16389117,0.43836898,0.0,0.65257615,0.0,0.36855158,0.0,0.087868296,0.004009696,0.0,0.0,0.9295613,0.019578958,1.0659064,0.0,0.0,0.0,0.0,0.0,0.0,0.5853805,0.0,1.1684693,0.0,0.33560225,0.5001631,0.07899798,0.8491758,0.18826257,0.07285489,1.3652215,0.0,0.52075815,0.41560778,0.8081452,0.86520916,0.17488706,0.9625693,0.4258961,0.0,0.36873809,0.0,0.72584087,0.5767027,0.0,0.0,0.0,0.31143233,0.972714,0.31661162,0.0,0.0,0.18119991,0.6993268,0.0,0.0,0.09086534,0.55209845,0.7703065,0.0,0.0,0.0,0.0,0.34332943,0.6597774,0.092530906,0.9817794,0.5472239,0.55614704,1.095109,0.0,0.0,0.26238233,0.2579816,0.82161546,0.34266725,1.5351033,0.50121176,0.9835151,0.0,0.36818722,0.0,0.0,0.0,0.0,0.04748881,0.52051115,0.5703788,0.36066586,0.344577,0
0.0,0.72538584,0.0,0.0924505,1.4528627,1.2759304,0.0,1.0196418,0.0,0.10801388,0.0,0.28878564,0.51065916,0.0,0.0,0.79010403,0.15078425,0.86394125,0.0,0.91870904,0.0,0.16421308,0.21241407,0.0,0.40757447,0.55783814,0.13104863,0.0,0.53858536,1.3084984,0.0,0.0,0.0,0.11176934,0.60669154,0.0,0.36356393,0.0,0.80253136,0.19534034,0.0,1.314698,0.0,0.43165258,0.0,0.84083784,0.0,0.0,0.10195544,1.2464902,0.0,1.3890458,0.0,0.0,0.0,0.0,0.0,0.0,1.1206131,0.0,1.4365736,0.0,0.37585694,0.0,0.0,0.80895,0.0,0.0,1.4742355,0.0,0.5225323,0.7464664,0.36272818,0.4010071,0.7064879,0.41536972,0.06370929,0.011888519,0.66820306,0.26395574,0.33883303,0.8733973,0.0,0.0,0.22650832,0.14333148,0.96594334,1.125492,0.0,0.0,0.0,0.69996303,0.6116987,0.84771484,0.62921935,0.0,0.53350323,0.0,0.0,0.0,0.0,0.4183285,0.3974644,0.5712755,0.8340826,0.9101621,0.26992357,1.2471054,0.0,0.0,0.9084993,0.8858949,0.48452395,1.2910687,1.4152837,1.0313069,1.5772978,0.0,0.84911,0.0,0.0,0.0,0.0,0.22441454,0.0,0.38705447,0.047659047,1.0042493,1
0.0,0.48710868,0.0,0.0022550668,0.77322483,0.0,0.0,0.49809334,0.0,0.34345332,0.0,0.5447655,0.23014405,0.034613602,0.0,0.25113997,0.15993038,0.5285626,0.0,0.3182211,0.0,0.0112407245,0.1868272,0.0,0.6257014,0.7511659,0.0,0.0,0.104946524,0.906031,0.0,0.0,0.0,0.13753921,0.42964065,0.0,0.54234236,0.0,0.43736008,0.23033407,0.14208059,0.6180144,0.0,0.14805363,0.0,0.10951892,0.0,0.30287,0.0,1.0963327,0.0,0.8934635,0.0,0.32578617,0.0,0.0,0.0,0.0,1.0114836,0.0,0.79106987,0.0,0.37608325,0.0,0.0,0.6469636,0.0,0.32388026,1.5312685,0.0,0.39716217,0.32688668,0.62583303,0.42213655,0.6791925,0.39076248,0.18435478,0.1436041,0.012941977,0.07780878,0.83373785,0.63011646,0.0,0.0,0.15834518,0.29866877,1.1165878,0.29848883,0.0,0.0,0.0,0.5482757,0.58584523,0.55016106,0.7557098,0.16974077,0.5738249,0.4932027,0.0,0.0,0.07283436,0.23040318,0.40699047,0.29111853,0.8458189,0.5142537,0.3087476,1.0772173,0.0,0.0,0.8332316,0.9071168,0.59842324,0.8947313,1.2642769,0.45137322,1.0490768,0.0,0.848153,0.0,0.20973913,0.0,0.0,0.4221419,0.10350635,0.12771113,0.28202128,0.39197034,1
0.0,0.4204495,0.0,0.047301006,1.0559179,0.29142943,0.0,0.5400477,0.0,0.042285904,0.0,0.7574898,0.6668403,0.0,0.0,0.0,0.0,0.27444983,0.41780573,0.5772737,0.0050343396,0.17333087,0.61110896,0.0,0.93714434,1.157246,0.18559156,0.0,0.21428798,0.41407877,0.0,0.0,0.0,0.33862218,0.3607815,0.0,0.7358224,0.0,0.08864228,0.37471277,0.0,0.44980252,0.0,0.63590264,0.0,0.01172636,0.0,0.029084131,0.0,0.7328654,0.0,0.8806242,0.0,0.11410606,0.0,0.0,0.0,0.0,0.7145291,0.0,0.96311206,0.22772638,0.47959384,0.3022898,0.103194766,0.9676662,0.15234397,0.07505269,1.6568105,0.0,0.7358126,0.326466,0.83893657,0.6247994,0.2218219,0.8691675,0.552794,0.0,0.05345785,0.0,0.7918268,0.23141786,0.0,0.0,0.04918818,0.44381943,1.1732421,0.37669194,0.0,0.0,0.009508301,0.96281725,0.0,0.25971735,0.33472377,0.53178364,0.86305195,0.0,0.0,0.0,0.0,0.06283321,0.6502735,0.59106416,1.2084838,0.18617752,0.68418187,1.5516155,0.0,0.0,0.2790615,0.13047653,0.68004054,0.25166976,1.6625137,0.25050777,0.69129914,0.0,0.37930834,0.0,0.0,0.0,0.0,0.0,0.4591964,0.69687134,0.56150585,0.05441629,0
0.0,0.4712358,0.0,0.55270267,1.2206086,0.09767726,0.0,0.5592417,0.0,0.19814406,0.0,1.4778397,0.20664784,0.008774126,0.0,0.036549356,0.0,0.67861694,0.0,0.45072865,0.093025625,0.037483785,0.0,0.3604103,0.885528,1.1429068,0.0,0.98531884,0.1363126,0.96539724,0.0,0.0,0.0,0.7731607,0.46424672,0.0,0.49686766,0.0,0.2600703,0.37248453,0.8037341,0.80207175,0.0,0.0,0.0,0.0,0.0,0.17740718,0.0,0.55954313,0.0,0.76486367,0.08387636,0.0,0.0,0.0,0.0,0.40687126,0.43109134,0.0,0.57994354,0.04248072,0.62103015,0.1468194,0.0,0.9109736,0.2666992,0.6142443,1.7199953,0.0,0.043977052,0.0,0.8927701,0.0,0.6723682,1.3546063,0.0,0.7126157,0.2546358,0.20370577,0.86611474,0.4128636,0.0,0.0,0.7737456,0.83495057,1.3569458,0.4145795,0.0,0.0,0.16918342,0.79209924,0.04477694,0.06587467,0.6251894,0.57548535,1.0594761,0.10680277,0.0,0.0,0.0,0.11925941,0.5867766,0.6828766,1.1391844,0.0,0.80913854,0.77427757,0.0,0.0,0.2281223,0.4975511,0.97875315,1.0452341,1.3624544,0.50781995,0.69637775,0.0,0.20084715,0.0,0.0,0.0,0.0,0.48443064,0.020738406,0.3743967,0.8410943,0.10701013,0
0.0,1.2213298,0.0,0.0,1.1110382,1.3884001,0.24717724,1.2392784,0.0,0.64979696,0.0,0.5729915,0.40980858,0.0,0.0,0.48616734,0.30888647,0.97777194,0.0,0.4714853,0.1172186,0.0,0.05049274,0.0,0.0,0.68257916,0.22621295,0.0,0.7987144,0.8312969,0.0,0.0,0.0,0.48595667,1.1205099,0.0,0.0,0.0,0.5895527,0.44467467,0.0,1.2083335,0.0,0.0,0.0,0.3905648,0.03993481,0.0,0.0,1.0738271,0.018362908,1.2946113,0.0,0.0,0.0,0.0,0.0,0.0,0.95920634,0.004962551,1.3393472,0.0,0.16857187,0.2885424,0.0,0.45080924,0.29552263,0.042344835,1.1336353,0.0,0.09728541,0.51240915,0.3167484,0.5687231,0.7273686,0.50554633,0.4048051,0.0,0.8716957,0.4867768,0.5497387,1.2632459,0.0,0.0,0.0,0.0,0.60965365,0.6431886,0.0,0.0,0.0,0.38164872,0.5265771,0.17760241,0.25201035,0.4846769,0.6516924,0.0,0.0,0.0,0.0,0.58774054,0.3975268,0.0,0.70144945,0.899351,0.17084058,0.62779367,0.0,0.0,0.656751,0.7887968,0.56685084,0.8173927,0.93599486,0.7060502,1.6519762,0.0,0.38795492,0.0,0.0,0.0,0.0,0.47275102,0.14451347,0.21474452,0.062373437,0.735003,1
0.0,0.9396415,0.0,0.0,1.176353,0.58906865,0.11136603,1.0896449,0.0,0.15242721,0.0,0.036015194,0.795998,0.0,0.0,0.7117449,0.065182365,0.68275684,0.13414544,0.9108385,0.1747629,0.08331433,0.18145166,0.0,0.32694396,0.33923295,0.052909292,0.0,0.5131008,0.3147561,0.0,0.0,0.0,0.506962,0.81529593,0.0,0.029585367,0.0,0.5363695,0.881581,0.0,0.93177074,0.0,0.36858848,0.0,0.49594477,0.0,0.0,0.0,0.5356367,0.102783,1.1821935,0.0,0.47963277,0.0,0.0,0.0,0.0,1.0003363,0.0,1.2455157,0.0,0.27133635,0.22287266,0.19341736,0.4711953,0.094226904,0.22858903,1.1231761,0.0,0.48545778,0.3575773,0.26643607,0.3291118,0.7589733,0.3928827,0.13225442,0.0,0.28384084,0.5025213,0.16946779,0.52432996,0.0,0.0,0.0,0.015898038,0.6767808,0.75923973,0.0,0.0,0.0,0.7896269,0.4799685,0.35692897,0.3289027,0.0,0.4401003,0.172571,0.0,0.0,0.0,0.18688984,0.39711717,0.0,0.72235924,0.52140355,0.22895499,1.2078047,0.0,0.0,0.4268422,0.5932777,0.34358898,0.65578,1.1264217,0.46428505,1.0338744,0.0,0.27052215,0.0,0.0,0.0,0.0,0.0,0.0,0.50761676,0.035359763,0.3689019,1
0.0,0.6574371,0.0,0.051033285,0.92342836,0.64332044,0.033091497,0.9241333,0.0,0.08460879,0.0,0.9576363,0.5434017,0.0,0.0,0.3488144,0.15632463,0.64749265,0.0,0.3501922,0.0,0.039657418,0.3058334,0.06103989,0.34121555,0.79117733,0.301494,0.09707394,0.39002463,0.6864266,0.0,0.0,0.0,0.71525353,0.91275555,0.0,0.15510358,0.0,0.2909232,0.69709384,0.0,0.696163,0.0,0.0,0.0,0.026326625,0.0,0.05206527,0.0,1.1188403,0.0,0.98952097,0.0,0.0,0.0,0.0,0.0,0.0,0.8019844,0.0,1.1932176,0.0,0.6010329,0.28471327,0.006053708,0.74998015,0.31384343,0.20141418,1.4271061,0.0,0.23563875,0.2963437,0.723343,0.5052232,0.47373447,0.73891926,0.40894663,0.0,0.48384222,0.4873408,0.7001844,0.7092785,0.0,0.0,0.0,0.117564514,0.581405,0.390742,0.0,0.0,0.0,0.9034463,0.2832992,0.10677536,0.11262017,0.5786912,0.9585965,0.0,0.0,0.0,0.0,0.3592708,0.7660208,0.25795168,1.1008195,0.20158488,0.48770356,0.92557865,0.0,0.0,0.46819952,0.5734943,0.9570495,0.48585942,1.3116324,0.4748686,0.9750787,0.0,0.2050184,0.0,0.0,0.0,0.0,0.07632395,0.49844724,0.33937854,0.42162132,0.3092845,0
0.0,0.98468435,0.0,0.25032067,1.5986702,1.1113273,0.013812345,1.3058463,0.0,0.11155537,0.0,0.0,0.7700321,0.0,0.0070644966,1.128426,0.17691344,0.9813016,0.0,1.3640862,0.20121247,0.10425684,0.0,0.0,0.5832115,0.3918403,0.0,0.0,0.6838257,1.2587341,0.0,0.0,0.0,0.2732153,1.1887411,0.0,0.6206394,0.0,0.95354944,0.47644395,0.0,1.4656123,0.0,0.41788432,0.0,0.90632653,0.0,0.0,0.13777004,1.3435768,0.032248486,1.7875984,0.0,0.37959957,0.0,0.0,0.0,0.0,1.3509567,0.0,1.3528726,0.0,0.4375327,0.0,0.0,0.59363776,0.0,0.22330205,1.1067157,0.0,0.38011315,0.70030934,0.0,0.29560587,0.6121558,0.055725526,0.0,0.0,0.8682049,0.78542423,0.18945435,0.71874046,0.0,0.0,0.0,0.0,0.6412228,1.4286791,0.0,0.0,0.009980399,0.6578809,1.0175871,0.9959787,0.87288845,0.0,0.55881476,0.0,0.0,0.0,0.0,0.42249146,0.2823546,0.16239297,0.3564651,1.071739,0.20545888,1.2141696,0.0,0.0,0.8347424,1.1528234,0.44743797,1.7408464,1.4003983,1.1240091,1.5055279,0.0,0.6594021,0.0,0.0,0.0,0.0,0.0,0.0,0.5487581,0.0103038335,0.9414618,1
0.0,0.84782094,0.0,0.0,0.85772985,0.67173594,0.09734893,0.84085906,0.0,0.69558805,0.0,0.3280554,0.36138007,0.0,0.0,0.4938744,0.0579841,0.670998,0.0,0.09291014,0.100134365,0.0,0.1576162,0.0,0.024679428,0.6222507,0.26827052,0.038296375,0.7183158,0.8200793,0.0,0.059356064,0.0,0.33736017,0.6492334,0.0,0.16359656,0.0,0.7131155,0.24557677,0.24173234,0.8307262,0.0,0.0,0.0,0.48206592,0.0,0.30786076,0.0,0.63493556,0.0,0.97937405,0.0,0.0,0.0,0.0,0.0,0.0,0.6234326,0.0,1.220186,0.0,0.14409852,0.0,0.0,0.37443438,0.0,0.0,1.0182431,0.0,0.21690318,0.41611132,0.11043517,0.5131926,0.6574499,0.5073127,0.1563827,0.0,0.29517442,0.0,0.6873314,1.0430703,0.0,0.0,0.09310928,0.17587514,0.62452835,0.46172214,0.0,0.0,0.0,0.43169653,0.43836886,0.30473313,0.3529482,0.3319155,0.32574382,0.38726223,0.0,0.0,0.08257714,0.48078564,0.2592364,0.0,0.646163,0.61567855,0.20575194,0.49444756,0.0,0.0,0.7555835,0.9672257,0.522486,0.651296,0.77036786,0.58621544,1.2579652,0.0,0.67526174,0.0,0.19943689,0.0,0.0,0.23514177,0.18838213,0.0,0.15990935,0.90930426,1
0.0,0.35309675,0.0,0.0,0.73559624,0.90329987,0.113754936,0.7375189,0.0,0.34898263,0.0,0.67741364,0.79868203,0.0,0.0,0.0,0.12551796,0.16804612,0.0,0.20689943,0.06665655,0.23884672,0.23199713,0.0,0.48514014,0.9017474,0.25381276,0.0,0.539488,0.55551505,0.0,0.0,0.0,0.40001553,0.39800328,0.0,0.5067279,0.0,0.28684992,0.65786904,0.0,0.7004174,0.0,0.015481869,0.0,0.113968045,0.0,0.0,0.0,0.74096394,0.0,1.0416188,0.0,0.0,0.0,0.0,0.0,0.0,0.45464352,0.0,1.0742832,0.0,0.4433752,0.27436784,0.331932,0.8745754,0.27459645,0.13086243,1.1921558,0.0,0.46432644,0.51082563,0.50950754,0.85038394,0.0,1.0548156,0.43429878,0.0,0.4882062,0.0,0.90354353,0.54586726,0.0,0.08183418,0.0,0.28412417,0.93030745,0.29767022,0.0,0.0,0.59988093,0.60087603,0.0,0.0,0.0,0.7800531,0.53110576,0.0,0.0,0.0,0.0,0.20296936,0.8765286,0.22391742,1.027154,0.36080304,0.5423575,0.855821,0.0,0.0,0.5205432,0.1817747,0.73798835,0.06803757,1.3390371,0.45271856,1.1068121,0.0,0.24382307,0.0,0.0,0.0,0.0,0.0,0.60963446,0.37041605,0.31747448,0.39176977,0
0.0,0.7322243,0.0,0.0,0.8732809,0.8131613,0.026995923,0.80244166,0.0,0.1922927,0.0,0.38225555,0.60744756,0.0,0.0,0.3300506,0.205187,0.41203272,0.12008294,0.4390747,0.0,0.1783883,0.31127337,0.0,0.022828555,0.53222036,0.30428317,0.0,0.3896964,0.2413547,0.0,0.0,0.0,0.7335801,0.77089274,0.0,0.0005132428,0.0,0.39719227,0.4628296,0.0,0.8341674,0.0,0.15371066,0.0,0.32483265,0.0,0.0,0.0,0.7310792,0.038046423,0.9908057,0.03822348,0.0,0.0,0.0,0.0,0.0,0.8742599,0.0,1.2621132,0.0,0.62972116,0.2792714,0.19145899,0.4119845,0.13113172,0.12100911,1.0548443,0.0,0.26077917,0.4806507,0.32745984,0.42662138,0.3568919,0.6638856,0.27341786,0.0,0.22763924,0.17802556,0.4032148,0.8361508,0.0,0.0,0.0,0.07213962,0.41247973,0.6484326,0.0,0.0,0.0,0.5870792,0.19749221,0.09122379,0.18389043,0.45506495,0.6934674,0.0,0.0,0.0,0.0,0.15128529,0.70641756,0.0,0.90943664,0.65559524,0.56759876,0.9930835,0.0,0.0,0.44712132,0.42771912,0.71145177,0.4696521,1.1455951,0.61012894,1.28961,0.0,0.17338146,0.0,0.0,0.0,0.0,0.0,0.3083228,0.5172495,0.38418236,0.24889822,0
0.0,0.27734825,0.0,0.0,1.3479081,0.21390802,0.0,0.9102118,0.3346675,0.0,0.0,0.0,1.3494161,0.0,0.0,0.02129277,0.0,0.43808538,0.27335906,1.2215346,0.0,0.0,1.9809953,0.0,1.0415596,0.0,0.12635584,0.0,0.1660772,0.22320077,0.0,0.0,0.0,0.0,0.69083095,0.0,1.1301186,0.0,0.4570298,0.14829303,0.0,0.16506922,0.0,1.3269583,0.0,0.67295516,0.0,0.0,0.0,0.63306206,0.023470948,1.4918474,0.0,0.40918982,0.0,0.0,0.10693374,0.0,1.086895,0.0,1.0603646,0.77633923,0.26090154,0.4630292,0.021202467,0.6471154,0.0,0.6661821,1.16253,0.0,1.6545087,0.50581765,0.7694978,1.2112219,0.76654387,0.5032307,0.0,0.0,0.048539285,0.0,0.025694065,0.45581722,0.0,0.049181443,0.0,0.0,1.4540062,1.9655019,0.0,0.0,0.16124852,0.96285874,0.6088089,0.0,0.42328075,0.0,0.4548672,0.0,0.0,0.0,0.0,0.058278166,0.2674578,0.03581345,0.32346186,0.8260986,1.0859582,1.7382815,0.4334511,0.0,0.7169518,0.6286383,0.16042888,0.2350874,1.3076519,0.6357993,1.0127548,0.0,1.3205702,0.0,0.0,0.0,0.039877433,0.0,0.0,1.2684417,0.27422804,0.6300835,0
0.0,0.013614557,0.0,0.050499845,0.82094705,0.017039776,0.0,0.5153789,0.077037826,0.033779994,0.0,0.7683846,0.28072804,0.01246498,0.0,0.0,0.03187094,0.23379116,0.0,0.20441358,0.012135916,0.077619955,0.0,0.16998813,0.5524744,1.0872318,0.0,0.11317325,0.039132565,0.6765299,0.0,0.16795228,0.0,0.4821279,0.37812388,0.0,0.6004741,0.0,0.37172955,0.3205318,0.7621936,0.33289254,0.047086474,0.0,0.0,0.11338646,0.0,0.7836253,0.0,0.6949814,0.0,0.25155607,0.02008599,0.24248266,0.0,0.0,0.0,0.3564537,0.55768347,0.0,0.75390977,0.73824453,0.73244685,0.0,0.0,0.5950833,0.0,0.3438715,1.525676,0.0,0.39223316,0.116132185,0.35432208,0.27781135,0.677419,0.36766267,0.09810975,0.99151576,0.0,0.0,0.6583051,0.49871817,0.0,0.0,0.7059619,0.57709193,0.6910085,0.3135198,0.0,0.0,0.17035554,0.26400512,0.1129788,0.3417534,0.6843064,0.26669645,0.72856134,0.4367874,0.0,0.0,0.0,0.21028751,0.4285331,0.54921556,0.9671767,0.36565343,0.28051338,0.6759544,0.0,0.0,0.8580688,0.6388035,0.8214436,0.44994104,1.2088001,0.5080971,0.52875304,0.0,0.35906947,0.0,0.25094685,0.0,0.0,0.23085608,0.40778363,0.0,0.16301623,0.17268334,0
0.0,0.30167076,0.0,0.09234127,0.87809455,0.57364386,0.0,0.404204,0.0,0.0,0.0,0.42813438,0.71122193,0.0,0.0,0.122711234,0.08108037,0.15584743,0.08563889,0.2993512,0.0,0.056634393,0.39875323,0.0,0.94630945,0.98027676,0.097122915,0.0,0.042687148,0.45245406,0.0066472646,0.0,0.0,0.438394,0.61715233,0.0,0.653071,0.0,0.15632907,0.3817796,0.0,0.47856778,0.0,0.5591375,0.0,0.22505088,0.0,0.0,0.0075165764,0.68643177,0.0,1.0144795,0.0,0.0,0.0,0.0,0.0,0.0,0.72309893,0.0,0.8383451,0.038922813,0.70143926,0.22107817,0.45741025,0.8706948,0.0,0.16578032,1.3067112,0.0,0.7490175,0.33538216,0.7940207,0.66658497,0.1640845,0.75411505,0.3776182,0.0,0.08918554,0.081172526,0.5904001,0.26854077,0.0,0.0,0.0,0.21753284,1.1713269,0.5036642,0.0,0.0,0.16389777,0.82640475,0.1755958,0.29970723,0.18495166,0.44384003,1.1424059,0.0,0.0,0.0,0.0,0.13779646,0.7224071,0.3700064,1.0211153,0.30003354,0.73036134,1.2478437,0.004364705,0.0,0.7511724,0.46067688,0.6353394,0.31276706,1.4317772,0.6588679,0.8941324,0.0,0.6240431,0.0,0.0,0.0,0.0,0.0,0.3199675,0.48074573,0.427488,0.28701591,0
0.0,0.83652043,0.0,0.0,1.026021,1.2133428,0.13819633,0.6409467,0.0,0.40067467,0.0,0.3706806,0.6168417,0.0,0.0,0.36313334,0.24999213,0.59961015,0.0,0.6280462,0.0879729,0.0,0.42763636,0.0,0.5250042,0.6275124,0.18672033,0.0,0.5763122,0.4660146,0.0,0.0,0.0,0.23348857,0.6922587,0.0,0.44150776,0.0,0.5993004,0.5578782,0.0,0.90981275,0.0,0.20053323,0.0,0.6167626,0.0,0.0,0.0,0.98418206,0.0,1.2302005,0.0,0.0,0.0,0.0,0.0,0.0,0.89519024,0.0,1.3468684,0.0,0.26525536,0.14653905,0.09478069,0.67676127,0.09620205,0.027667968,1.2959224,0.0,0.48754624,0.7056712,0.5460723,0.76175714,0.3506532,0.7856192,0.33906543,0.0,0.73053616,0.084460035,0.74616754,0.9303835,0.0,0.0,0.0,0.10531883,0.83622676,0.7507995,0.0,0.0,0.09653788,0.59565383,0.2390796,0.117730156,0.2900591,0.43972585,0.5286645,0.0,0.0,0.0,0.0,0.31837305,0.6083367,0.07120496,0.7679585,0.8769558,0.20623001,1.0824823,0.0,0.0,0.83966327,0.5395409,0.43156534,0.71074677,1.4049966,0.7750903,1.356171,0.0,0.6302385,0.0,0.0,0.0,0.0,0.031434044,0.3192762,0.36601815,0.2961357,0.42674488,1
0.0,0.9119768,0.0,0.0,1.1541756,1.4448731,0.3936112,0.86567664,0.0,0.7493942,0.0,0.7052544,0.6060661,0.0,0.0,0.17057054,0.2602468,0.597879,0.0,0.17850678,0.018294835,0.0,0.09857926,0.0,0.2695051,0.72601885,0.0,0.066632725,0.76177883,1.086553,0.0,0.0,0.0,0.3892104,0.89620537,0.0,0.21487452,0.0,0.68425703,0.30616182,0.0,1.1074494,0.0,0.0,0.0,0.11061321,0.043868143,0.0,0.0,1.119006,0.0,0.99046934,0.004691363,0.0,0.0,0.0,0.0,0.0,0.77753806,0.05637229,1.2158345,0.0,0.26477274,0.08173474,0.0,0.5824259,0.06460754,0.12751898,1.0371199,0.0,0.29129234,0.6591833,0.230536,0.8595288,0.46783152,0.77416676,0.5261904,0.0,0.84380084,0.043138064,0.82768154,1.1036805,0.047634542,0.0,0.0,0.28145278,0.8301834,0.362787,0.0,0.0,0.33195224,0.17329794,0.44945973,0.0,0.1911282,0.6537688,0.27940592,0.0,0.0,0.050326496,0.0,0.75998175,0.7551918,0.23201203,0.93193007,0.654603,0.17580615,0.298093,0.0,0.0,0.7775694,0.87999994,0.7310074,0.6140468,0.83338416,0.57607013,1.4389263,0.0,0.6309227,0.0,0.0,0.0,0.0,0.28035164,0.44188213,0.0,0.24073263,0.8168243,1
0.0,1.0577892,0.0,0.0,1.2060086,1.1745137,0.0680676,0.7662453,0.0,0.46753222,0.0,0.3028712,0.61567247,0.0,0.0,0.31000334,0.15159926,0.76915324,0.12744391,0.802521,0.15570305,0.0,0.22499248,0.0,0.36107352,0.6580802,0.06507976,0.0,0.675136,0.3844375,0.0,0.0,0.0,0.3130509,0.48198032,0.0,0.35405862,0.0,0.55094993,0.71207094,0.0,0.92119104,0.0,0.14867157,0.0,0.72400755,0.0,0.0,0.0,1.0209364,0.0,1.408802,0.0,0.0,0.0,0.0,0.0,0.0,0.9298734,0.0,1.276621,0.0,0.26403317,0.23175035,0.10508477,0.5880576,0.11822236,0.0,1.0693352,0.0,0.2968818,0.757449,0.3236903,0.57528996,0.33753136,0.71752256,0.21784024,0.0,0.72890586,0.37895507,0.51950717,0.9704615,0.0,0.020733364,0.0,0.08745028,0.8635085,0.8104382,0.0,0.0,0.16620553,0.7131111,0.15663636,0.22530696,0.40137446,0.2753344,0.6196725,0.0,0.0,0.0,0.0,0.18797845,0.40869504,0.0,0.67058295,1.1599361,0.26445162,0.9500322,0.0,0.0,0.49326625,0.26272035,0.21741945,0.74355495,1.2983283,0.9337188,1.2295221,0.0,0.50678146,0.0,0.0,0.0,0.0,0.018694587,0.19528846,0.38404396,0.1471639,0.31647408,1
0.0,0.37517226,0.0,0.0,0.7439976,0.47606266,0.0,0.30792317,0.0,0.080933526,0.0,0.47964033,0.7370777,0.0,0.0,0.0,0.0,0.28668344,0.09807805,0.39177787,0.020698601,0.105721354,0.6762583,0.0,0.7815479,0.8506917,0.36491925,0.0,0.1577771,0.13677718,0.0,0.0,0.0,0.22187442,0.5547083,0.0,0.61941415,0.0,0.26477352,0.3973158,0.0,0.5544421,0.0,0.56866735,0.0,0.510128,0.0,0.0,0.05394408,0.65813595,0.0,0.8189329,0.0,0.0,0.0,0.0,0.0,0.0,0.60000914,0.0,0.9043276,0.02189612,0.63261765,0.16728656,0.29545492,0.7604026,0.0,0.095381126,1.278098,0.0,0.56778544,0.4621414,0.73274666,0.4952091,0.14488266,0.9178013,0.47113398,0.0,0.0,0.0,0.61545765,0.27118024,0.0,0.0,0.0,0.30040962,1.0331367,0.44965386,0.0,0.0,0.097446136,0.79024726,0.15692474,0.039701533,0.104192875,0.5185587,0.8270408,0.0,0.0,0.0,0.0,0.0,0.8032112,0.56226,0.8798662,0.54461986,0.5877759,1.4510275,0.0,0.0,0.7055222,0.21041249,0.3942187,0.29906747,1.4098988,0.6378153,1.0009671,0.0,0.578843,0.0,0.0,0.0,0.0,0.0,0.42655534,0.5818642,0.36753374,0.108287506,0
0.0,0.43125436,0.0,0.16215101,0.9594878,0.7643228,0.00852855,0.60168284,0.0,0.0,0.0,0.29725906,0.758582,0.0,0.08830053,0.31541663,0.0,0.47717208,0.30490074,0.61927634,0.17539757,0.17125961,0.21117292,0.0,0.55659646,0.73175114,0.15988739,0.0,0.3112602,0.38242683,0.0,0.0,0.0,0.40565288,0.67189294,0.0,0.5794716,0.0,0.28772262,0.58238274,0.0,1.0278206,0.0,0.7416479,0.0,0.65230167,0.0,0.0,0.11194681,0.65861297,0.02721277,1.0358915,0.0,0.12316051,0.0,0.0,0.0,0.0,0.7175682,0.0,0.9321435,0.0,0.7212309,0.18340756,0.30916986,0.6966593,0.009280602,0.12521379,1.3014518,0.0,0.44588605,0.5098874,0.2976479,0.51405436,0.19695072,0.6584125,0.11084204,0.0,0.12734307,0.24787194,0.40157503,0.3491439,0.0,0.0,0.0,0.17982402,0.7021541,0.67387813,0.0,0.0,0.0,0.73557884,0.2521082,0.31328335,0.370288,0.14987387,0.6072119,0.0,0.0,0.0,0.0,0.05109548,0.6275914,0.3775074,0.667832,0.63268375,0.5163751,1.4492561,0.0,0.0,0.49657387,0.6147274,0.5400231,0.75005424,1.4289924,0.7778125,1.0097964,0.0,0.33375296,0.0,0.0,0.0,0.0,0.0,0.28429234,0.5014571,0.33637422,0.5203568,0
0.0,0.0,0.0,0.0,0.7367925,0.0,0.0,0.34246603,0.0,0.18438438,0.0,1.1444126,0.14319699,0.08156907,0.0,0.0,0.0,0.41802463,0.0,0.09877951,0.027117128,0.0,0.0,0.62642,0.26002038,1.1878709,0.0,0.84069824,0.0,0.39468986,0.0,0.43954498,0.0,0.78193563,0.34702915,0.0,0.75194293,0.0,0.54624623,0.34528533,0.8468714,0.4162664,0.10562708,0.0,0.0,0.0,0.0,0.9379719,0.0,0.51494896,0.0,0.551082,0.07303642,0.21836998,0.0,0.0,0.0,0.26449385,0.31449655,0.0,0.6600329,0.8287358,0.62707865,0.0,0.0,0.58609444,0.0,0.24035509,1.4699252,0.0,0.0,0.03033091,0.5032978,0.27299276,0.50221825,0.62975985,0.12699828,0.75162005,0.13048017,0.0,1.0243775,0.5456347,0.0,0.0,0.96522135,0.7188373,0.9990942,0.2954329,0.0,0.0,0.34300047,0.49669066,0.02423536,0.2981541,0.5283645,0.6648342,0.7992166,0.29612613,0.0,0.0,0.16112132,0.4741532,0.46889627,0.443238,1.1106272,0.23281443,0.54661274,0.338566,0.0,0.0,0.63141274,0.97018325,0.69402534,0.3235965,0.95273256,0.38903973,0.52778053,0.0,0.647647,0.0,0.0,0.0,0.0,0.0,0.19883011,0.0,0.17401001,0.17064731,0
0.0,0.21311733,0.0,0.7972132,1.1597737,0.11942882,0.0,0.52038336,0.0,0.28442624,0.18511641,1.3940259,0.15266491,0.05506248,0.0,0.00073712517,0.0,0.43478894,0.0,0.39928922,0.0057410644,0.0,0.0,0.3873033,0.3184937,1.3117303,0.0,1.3125963,0.16509649,1.1352656,0.0,0.0,0.0,0.37582397,0.34790114,0.0,0.65846735,0.0,0.3714568,0.0,1.1624315,0.94619536,0.0,0.0,0.0,0.0,0.0,0.17586504,0.0,0.51286644,0.0,0.17204496,0.0042517874,0.04815212,0.0,0.0,0.0,0.97785306,0.830816,0.0,0.63439864,0.0,0.3958468,0.0,0.0,0.8451041,0.007784981,0.47570112,1.5841756,0.0,0.0,0.2684038,0.5400032,0.0,0.64696294,0.9014439,0.0,0.9448349,0.4268226,0.069141746,0.9356892,0.41810304,0.0,0.0,1.635589,1.1639715,1.1701167,0.40639243,0.0,0.0,0.0,0.25610974,0.0,0.0,0.9432711,0.3579215,0.4682239,0.032585416,0.0,0.0,0.0,0.0,0.7728515,0.795529,1.1766458,0.0,0.2980889,0.63855094,0.0,0.0,0.5306714,0.49253994,0.61710894,1.283934,1.3083329,0.45095274,0.75967443,0.0,0.34491277,0.0,0.28016934,0.0,0.0,0.859691,0.0,0.5530865,0.5912359,0.45540503,0
0.0,0.11250862,0.0,0.031809803,0.90650666,0.13051486,0.0,0.5858731,0.0,0.12728675,0.0,1.1382824,0.33167315,0.0,0.0,0.034029152,0.0,0.3462091,0.0,0.24519096,0.06466144,0.0,0.0,0.2607119,0.39730278,0.9116307,0.0,0.16293584,0.20505732,0.5466225,0.0,0.20957722,0.0,0.73087883,0.39650133,0.0,0.74532384,0.0,0.30472475,0.39765304,0.44591355,0.5522279,0.0,0.0,0.0,0.0,0.0,0.8002294,0.0,0.7458053,0.0,0.7256592,0.0,0.058668315,0.0,0.0,0.0,0.16048613,0.36390203,0.0,0.8275668,0.65035456,0.7389052,0.0,0.0,0.7957863,0.0,0.3536728,1.4391129,0.0,0.36535636,0.2068425,0.39178887,0.45714247,0.50719917,0.77491194,0.2809427,0.5275134,0.1338667,0.0,0.8974686,0.63748217,0.0,0.0,0.6111795,0.62904876,0.95779663,0.35366127,0.0,0.0,0.30956358,0.38941282,0.013836821,0.07514654,0.37172997,0.5275927,0.7300526,0.21097437,0.0,0.0,0.0,0.29535216,0.51450956,0.5347255,1.3041058,0.26381713,0.57639223,0.76018083,0.0,0.0,0.50764346,0.6471967,0.98763984,0.30098015,1.1563598,0.41713038,0.63550276,0.0,0.37806922,0.0,0.0,0.0,0.0,0.09251802,0.38528818,0.0,0.48208877,0.32424688,0
0.0,0.63155174,0.0,0.12170499,1.3197573,0.5240269,0.0,0.6048638,0.0,0.0,0.0,0.2748547,0.7060972,0.0,0.21160147,0.5868496,0.0,0.37399003,0.29014328,0.8131924,0.022454226,0.20154442,0.5754537,0.0,0.7364898,0.597845,0.25967342,0.0,0.2689441,0.6873335,0.0,0.0,0.0,0.41890907,0.8102659,0.0,0.518697,0.0,0.59021944,0.31231502,0.0,0.6895014,0.0,0.8413079,0.0,0.69521546,0.0,0.0,0.11276758,0.6340632,0.1723064,0.975792,0.0,0.13637841,0.0,0.0,0.0,0.0,0.9022286,0.0,1.1733983,0.0,0.62284625,0.3720831,0.09732515,0.70454735,0.0,0.18875223,1.4307828,0.0,0.5891607,0.6244868,0.4538162,0.36435404,0.5551852,0.5839893,0.28194457,0.0,0.025175126,0.098695725,0.38652006,0.38273567,0.0,0.0,0.065769166,0.21870582,0.80108374,0.73176473,0.0,0.0,0.0,0.7372347,0.38936216,0.5629346,0.5555871,0.0,0.6530425,0.0,0.0,0.0,0.0,0.09858516,0.47806028,0.4660308,0.7111832,0.6846045,0.40347993,1.3867669,0.0042034746,0.0,0.7502214,0.8460477,0.6748644,0.980419,1.4954153,0.69982505,1.0858802,0.0,0.69255364,0.0,0.0,0.0,0.0,0.0,0.0,0.42167607,0.27096412,0.50317895,0
0.0,0.5763615,0.0,0.85472125,1.403788,0.4342617,0.0,0.4275756,0.0,0.15422143,0.0,0.47059315,0.0,0.5086898,0.0,0.34481874,0.0,0.3323821,0.0,0.40744832,0.08173565,0.10448856,0.0,0.043002773,0.8217331,1.0702668,0.0,1.350246,0.13721092,1.4133624,0.072694786,0.0,0.0,1.3383435,0.579519,0.0,0.786725,0.0,0.79504627,0.055367135,1.3560688,0.65247506,0.095842816,0.0,0.0,0.2002904,0.0,0.0,0.15799978,0.5161262,0.0,0.15548566,0.00057276385,0.6044873,0.0,0.0,0.0,0.8795018,0.7677877,0.0,0.98616815,0.0,0.33954695,0.48562813,0.0,1.0641482,0.0,0.49092123,1.7329473,0.0,0.0,0.21857503,0.24411179,0.0,0.80197364,0.91903454,0.0,0.29425576,0.50698215,0.22113219,0.3880785,0.71781063,0.0,0.0,1.7468276,0.73218524,0.75508964,0.7275139,0.0,0.0,0.0,0.10004701,0.30953503,0.3094077,1.484926,0.00041557464,0.48065856,0.0,0.0,0.0,0.0,0.2903205,0.88837445,1.3143435,0.8736289,0.28132445,0.26232606,0.20097288,0.0810437,0.0,0.6895813,0.917806,0.88506263,1.6415207,1.6392357,0.47980613,0.33428183,0.0,0.18478592,0.0,0.38002416,0.0,0.0,0.8063514,0.0,0.69775707,0.75442374,0.031832017,0
0.0,0.50183606,0.0,0.1829034,0.948401,0.63796705,0.0,0.56424695,0.0,0.0,0.0,0.20995128,0.82789356,0.0,0.0,0.0,0.0,0.28637707,0.15141946,0.60611844,0.038026534,0.0034137813,0.5036662,0.0,0.8030209,0.6986372,0.022894233,0.0,0.33645788,0.269734,0.0,0.0,0.0,0.3632798,0.50040936,0.0,0.60423404,0.0,0.029340893,0.47046942,0.0,0.60753566,0.0,0.6253682,0.0,0.36661538,0.0,0.0,0.062433884,0.69286734,0.0,1.1308467,0.0,0.0,0.0,0.0,0.0,0.0,0.735415,0.0,0.9612861,0.14912714,0.5243445,0.27034572,0.42985088,0.74562514,0.0,0.118226275,1.2345502,0.0,0.7498697,0.39886662,0.63182116,0.7921028,0.08834504,0.7619624,0.18080741,0.0,0.12977867,0.10202323,0.49576932,0.3408349,0.0,0.0,0.0,0.18893775,1.0571785,0.57061064,0.0,0.0,0.052961845,0.7978353,0.13276851,0.09967098,0.1552442,0.3616419,0.75122315,0.0,0.0,0.0,0.0,0.09309505,0.5820608,0.3617006,0.88435036,0.5109879,0.7323693,1.449652,0.0,0.0,0.4434109,0.12368329,0.49528968,0.37612864,1.554347,0.7167543,0.9259741,0.0,0.52915466,0.0,0.0,0.0,0.0,0.0,0.26579088,0.6933977,0.2886057,0.3015943,0
0.0,0.72227913,0.0,0.05883808,0.86526304,0.8877488,0.05321027,1.0060384,0.0,0.37369812,0.0,0.87348706,0.53389275,0.0,0.0,0.36374226,0.08190867,0.76008326,0.32274437,0.24906431,0.15186785,0.011852164,0.50545615,0.0,0.1467156,0.83228356,0.52834773,0.0,0.59152883,0.3216299,0.0,0.0,0.0,0.51884955,0.8057799,0.0,0.120585345,0.0,0.56704277,0.6841031,0.0,0.90728426,0.0,0.29695836,0.0,0.13386354,0.0,0.0,0.0,0.7482259,0.014157848,1.124066,0.020475745,0.046721086,0.0,0.0,0.0,0.0,0.7619799,0.0,1.1709766,0.0,0.35493618,0.41521496,0.0,0.7438959,0.28079504,0.06201985,1.1541953,0.0,0.27310103,0.40730438,0.4908122,0.41942275,0.4204233,0.7431665,0.58138645,0.0,0.5574787,0.49348664,0.8384411,0.8370843,0.0,0.045782197,0.0,0.0,0.7652851,0.46499765,0.0,0.0,0.0,0.76225877,0.25497106,0.10915452,0.072080724,0.9005826,0.74157166,0.0,0.0,0.0,0.0,0.10628205,0.58961016,0.0,0.9270349,0.44768295,0.47070524,0.86054826,0.0,0.0,0.50585383,0.41996384,0.56565267,0.36487415,1.1752474,0.43903893,1.0759203,0.0,0.0,0.0,0.0,0.0,0.0,0.06609559,0.2732569,0.43635568,0.18765923,0.30707097,0
0.0,0.51265216,0.0,0.06815338,0.9618195,0.7586445,0.0,0.5830897,0.0,0.011613684,0.0,0.23033775,0.8741448,0.0,0.0,0.11748185,0.0065669334,0.44712824,0.0,0.5035323,0.06799872,0.07861443,0.31294227,0.0,0.5087365,0.7493008,0.21462919,0.0,0.3592668,0.35684153,0.0,0.0,0.0,0.33231091,0.5776822,0.0,0.5998353,0.0,0.24705876,0.59955275,0.0,0.8079566,0.0,0.49672937,0.0,0.33404532,0.0,0.0,0.079929516,0.7869329,0.015972683,1.2123597,0.0,0.0,0.0,0.0,0.0,0.0,0.7250469,0.0,1.0668384,0.04443712,0.62802064,0.27336484,0.31422338,0.6927621,0.0,0.16547135,1.1556565,0.0,0.60877264,0.4878383,0.5933862,0.59203446,0.12865826,0.8273814,0.27532262,0.0,0.24973477,0.12505603,0.5419266,0.5062786,0.0,0.0,0.0,0.27893397,1.0049273,0.6627891,0.0,0.0,0.1857307,0.83279294,0.19821171,0.19342273,0.19215058,0.41884205,0.7612673,0.0,0.0,0.0,0.0,0.12464187,0.6350223,0.29198474,0.838452,0.51479715,0.66060376,1.3729115,0.0,0.0,0.53888,0.28782195,0.5169175,0.4908178,1.5163568,0.6584648,1.0570351,0.0,0.4195175,0.0,0.0,0.0,0.0,0.0,0.15175855,0.6086891,0.27825534,0.37378618,0
0.0,0.2145361,0.0,0.64791405,1.0267026,0.07629835,0.0,0.38934156,0.0,0.23747553,0.12192031,1.425711,0.0,0.0,0.0,0.0,0.0,0.4589852,0.0,0.4152104,0.05283709,0.0,0.0,0.49643427,0.3646848,1.296869,0.0,1.5805786,0.23237959,0.95529246,0.0,0.0,0.0,0.30634013,0.22164427,0.0,0.8821131,0.0,0.13335676,0.0,1.1297024,0.82486385,0.0,0.0,0.0,0.0,0.0,0.12321931,0.0,0.6141189,0.0,0.27509928,0.121585466,0.0,0.0,0.0,0.0,1.1007442,0.78203356,0.0,0.30610925,0.0,0.6594442,0.0,0.0,0.63822585,0.051602963,0.2630598,1.3936716,0.0,0.0,0.13996458,0.90890056,0.0,0.5395928,0.96508974,0.0,0.9087338,0.34020764,0.079024985,0.70545566,0.21001935,0.0,0.0,1.8187671,1.1182395,1.1977072,0.3490603,0.0,0.0,0.0,0.3520943,0.0,0.043177687,0.82137674,0.20697136,0.8267378,0.0,0.0,0.0,0.0,0.039167874,0.8154949,0.6470742,1.1242576,0.0,0.38552016,0.4688923,0.009254671,0.0,0.20056199,0.14209442,0.66362286,1.0214299,1.2741215,0.36744705,0.6557342,0.0,0.49915168,0.06943038,0.20067151,0.0,0.0,0.7828589,0.0,0.35707068,0.69178593,0.4478907,0
0.0,0.7284736,0.0,0.081626706,1.068897,1.0986202,0.0,0.75654066,0.0,0.24130362,0.0,0.20380138,0.74708235,0.0,0.0,0.0716229,0.0692203,0.3762262,0.0,0.791592,0.0022702303,0.07301363,0.33832607,0.0,0.5531267,0.7412756,0.0,0.0,0.49605975,0.6082942,0.0,0.0,0.0,0.45766985,0.5932429,0.0,0.4814769,0.0,0.17564783,0.28981274,0.0,0.842593,0.0,0.35844612,0.0,0.49435613,0.0,0.0,0.0,1.0710375,0.0015681186,1.2478824,0.0,0.0,0.0,0.0,0.0,0.0,0.91365993,0.0,1.1769857,0.0,0.25461468,0.39151034,0.13917334,0.74440604,0.025431046,0.18711917,1.1016688,0.0,0.5709036,0.58982915,0.4045936,0.7396923,0.2334017,0.594355,0.25410822,0.0,0.30270913,0.0,0.63797355,0.6541014,0.0,0.0,0.0,0.16480577,0.8286783,0.7378661,0.0,0.0,0.21137759,0.5008196,0.031809162,0.094227284,0.3412121,0.30292603,0.7383079,0.0,0.0,0.0,0.0,0.15669072,0.41628516,0.08798316,0.89667475,0.98708194,0.5046691,1.195234,0.077935435,0.0,0.5261075,0.2673806,0.5818201,0.4926167,1.5098996,0.6369254,1.265138,0.0,0.5746286,0.0,0.0,0.0,0.0,0.0,0.16320202,0.7440279,0.2831391,0.43534142,0
0.0,1.0780221,0.0,0.104989946,1.6544874,1.4981829,0.07471207,1.1384288,0.0,0.4289785,0.0,0.19466507,0.56664866,0.0,0.0,0.6886442,0.36202198,1.0776324,0.0,0.87071896,0.20348388,0.04680765,0.0,0.0,0.3714994,0.49224636,0.0,0.0,0.7346648,1.4314262,0.0,0.0,0.0,0.33162725,0.8300841,0.0,0.21024667,0.0,0.91628027,0.39027828,0.0,1.426024,0.0,0.15625584,0.0,0.76684207,0.0,0.0,0.0,1.330598,0.0,1.6286521,0.0,0.0,0.0,0.0,0.0,0.0,1.1395384,0.0,1.6203539,0.0,0.3601561,0.029896788,0.0,0.72566813,0.15488845,0.05932812,1.4458662,0.0,0.27180323,0.94002837,0.015671238,0.49230626,0.7101995,0.5400871,0.041215435,0.0,1.0551379,0.44248897,0.5744772,1.1653343,0.0,0.0,0.12193249,0.24369241,0.90688974,1.1454867,0.0,0.0,0.0,0.5612022,0.46305275,0.5790731,0.7306664,0.0,0.6813888,0.0,0.0,0.0,0.0,0.6906622,0.5765659,0.55696887,0.8141736,1.1703624,0.13644497,0.964139,0.0,0.0,0.83679307,0.8564389,0.5497575,1.446108,1.3422228,1.0855904,1.6527902,0.0,0.7617775,0.0,0.0,0.0,0.0,0.39950308,0.0,0.2731821,0.11947538,0.9926102,1
0.0,0.59064966,0.0,0.0,1.4748679,0.2600231,0.0102828415,1.0319617,0.0,0.01270652,0.0,0.50231344,0.76108676,0.0,0.016842013,0.7464762,0.039824847,0.8448872,0.1478801,1.124495,0.2439751,0.0,0.62624866,0.0,0.7672595,0.49659982,0.32978436,0.0,0.37121722,0.562226,0.0,0.0,0.0,0.03599967,0.8586856,0.0,0.4725423,0.0,0.6657479,0.68548554,0.0,0.95552796,0.0,0.7529584,0.0,0.7929406,0.0,0.0,0.115470104,0.75674355,0.0,0.97367597,0.0,0.9521775,0.0,0.0,0.0,0.0,0.89576197,0.0,0.9176993,0.0,0.22241957,0.013425848,0.061739944,0.60340154,0.0,0.17661601,1.2511287,0.0,0.7346664,0.19535089,0.14071314,0.5233775,0.79827565,0.43407595,0.10910573,0.0,0.19445516,0.46557325,0.442604,0.23972592,0.0,0.0,0.0,0.010524351,0.7389977,1.054802,0.0,0.0,0.0,0.8046993,0.7114848,0.5660216,0.47619396,0.0,0.49688622,0.30051994,0.0,0.0,0.0,0.30248776,0.30262554,0.34977978,0.5878539,0.6998246,0.4886601,1.6214181,0.0,0.0,0.5940075,0.73539,0.3026166,1.1208245,1.415986,0.60604274,1.0316571,0.0,0.5362395,0.0,0.0,0.0,0.0,0.0,0.0013956462,0.6418221,0.10387217,0.37231177,1
0.0,0.9497293,0.0,0.0,1.477018,1.2464746,0.052406695,1.0966817,0.0,0.29764274,0.0,0.07235781,0.6092135,0.0,0.0,0.62101066,0.26510665,0.8192446,0.0,1.0055966,0.040468812,0.0,0.22273915,0.0,0.2718334,0.5093819,0.0,0.0,0.65224284,0.9483596,0.0,0.0,0.0,0.32015684,1.1395707,0.0,0.0894918,0.0,0.82904094,0.25457585,0.0,1.0096679,0.0,0.19465294,0.0,0.81522274,0.0,0.0,0.0,1.3460994,0.0004023523,1.5609356,0.0,0.12593722,0.0,0.0,0.0,0.0,1.1869795,0.0,1.3554184,0.0,0.27702713,0.15698685,0.0,0.5057494,0.0,0.15328361,1.0574758,0.0,0.41424838,0.7648626,0.17621724,0.4852344,0.63904345,0.49533746,0.16399796,0.0,0.7156137,0.4574046,0.27451205,0.8116857,0.0,0.0,0.0,0.017971087,0.785819,0.9605211,0.0,0.0,0.13134345,0.569712,0.7833565,0.57953084,0.6588147,0.007329952,0.67542404,0.0,0.0,0.0,0.0,0.5405064,0.31224063,0.0,0.48110306,1.0615457,0.25188822,1.0056746,0.0,0.0,0.81145036,0.91184896,0.34702823,0.9208075,1.1805305,0.9239399,1.5746619,0.0,0.8105788,0.0,0.0,0.0,0.0,0.0909668,0.0,0.3055601,0.10415276,0.6394738,1
0.0,0.7592317,0.0,0.0,0.9563357,1.1898844,0.09419003,0.6710213,0.0,0.31754056,0.0,0.39638144,0.83130145,0.0,0.0,0.073466025,0.20332526,0.1931985,0.0,0.4320828,0.03041322,0.12895411,0.39011315,0.0,0.56586397,0.9502992,0.0,0.0,0.47583297,0.3163899,0.0,0.0,0.0,0.46073493,0.4970984,0.0,0.46508646,0.0,0.46143314,0.6776205,0.0,0.73339117,0.0,0.447592,0.0,0.44110966,0.036188472,0.0,0.0,0.7496477,0.0,1.2926512,0.0,0.0,0.0,0.0,0.0,0.0,0.7007871,0.0,1.45683,0.0,0.43913272,0.39388594,0.30298713,0.7275335,0.14383931,0.04744078,1.3565555,0.0,0.46217647,0.5368172,0.78776735,0.8452186,0.18167683,1.1008111,0.27388573,0.0,0.642561,0.0,0.6321129,0.75927496,0.0,0.0,0.0,0.28772306,1.0574471,0.5707906,0.0,0.0,0.4203381,0.87203103,0.108244136,0.060983088,0.13261512,0.5433499,0.7196733,0.0,0.0,0.0,0.0,0.17298079,0.79640186,0.07928026,0.93402815,0.8929144,0.5923693,1.1057345,0.0,0.0,0.66587275,0.42141342,0.61454666,0.39597455,1.539012,0.87613803,1.4426905,0.0,0.42324603,0.0,0.0,0.0,0.0,0.0,0.2793218,0.50467277,0.31465852,0.44254744,0
0.0,0.5936214,0.0,0.0,1.0122786,0.4112613,0.0,0.5676109,0.0,0.1853417,0.0,0.63318026,0.7879816,0.0,0.0,0.3023994,0.028077891,0.27074012,0.23212056,0.4770353,0.011446872,0.01716071,0.8411283,0.0,0.83887833,0.9256746,0.18904066,0.0,0.23243155,0.34999773,0.0,0.0,0.0,0.24507266,0.45657626,0.0,0.44249195,0.0,0.5142535,0.7821009,0.0,0.4083799,0.0,0.65589213,0.0,0.20594855,0.0,0.0,0.0,0.62758476,0.0,1.000432,0.0,0.0356374,0.0,0.0,0.0,0.0,0.80336106,0.0,1.1381131,0.0,0.45343736,0.26164672,0.19458713,0.5399915,0.1372893,0.03480136,1.4762042,0.0,0.6979221,0.37113467,1.0490555,0.705343,0.36191067,1.0535964,0.34195432,0.0,0.17034535,0.0,0.7116855,0.25428993,0.0,0.0,0.0,0.4128646,1.2993331,0.5515085,0.0,0.0,0.0,1.2922637,0.3233601,0.12529102,0.20920536,0.35469434,0.6997615,0.005907943,0.0,0.0,0.0,0.0,0.8530756,0.4042157,0.9054096,0.31411624,0.6472109,1.5346276,0.015257872,0.0,0.6698968,0.36237097,0.37514743,0.4838105,1.6883816,0.3986165,1.0740411,0.0,0.56703174,0.0,0.0,0.0,0.0,0.0,0.35009181,0.3832398,0.538422,0.18306413,0
0.0,0.73356926,0.0,0.0,2.2135887,0.8951679,0.0,1.1854017,0.18861136,0.0,0.0,0.0,0.9138344,0.0,0.0,1.2922642,0.0,1.0660307,0.0,1.422374,0.07775258,0.0,0.19022426,0.0,0.7380237,0.1540291,0.0,0.0,0.65101147,1.5710136,0.0,0.0,0.0,0.058237515,1.0269648,0.0,0.37223852,0.0,1.4540193,0.34289217,0.0,1.2606367,0.0,0.5355698,0.0,1.1668179,0.0,0.0,0.28971246,1.3143692,0.0,1.5064695,0.0,0.39723733,0.0,0.0,0.0,0.0,1.5358216,0.0,1.602301,0.0,0.30300662,0.07758143,0.0,0.7023918,0.0,0.35450867,1.3418324,0.0,0.617712,0.9087912,0.13508995,0.12937522,0.8424321,0.064713195,0.088992566,0.0,0.73526615,0.68859935,0.2916326,0.57770956,0.0,0.0,0.03602442,0.13312007,0.8976409,1.4886842,0.0,0.0,0.0,0.9068291,0.93978834,1.3348715,1.3161825,0.0,0.0697364,0.0,0.0,0.0,0.0,0.6129963,0.30641606,0.40706947,0.3149088,0.9766997,0.0,1.258899,0.0,0.0,1.1428158,1.5336113,0.1622846,2.109979,1.4389821,1.1264006,1.8305472,0.0,1.1429803,0.0,0.0,0.0,0.0,0.0,0.0,0.18978103,0.020924307,1.0580368,1
0.0,0.44390288,0.0,0.10166898,1.1005547,0.6072737,0.0,0.6873647,0.0,0.29240644,0.0,0.76010114,0.776846,0.0,0.0,0.0,0.048566595,0.40732718,0.20584567,0.53495026,0.070466846,0.2044049,0.54890275,0.0,0.63071585,0.9970053,0.10463809,0.0,0.3914022,0.33154738,0.0,0.0,0.0,0.25259638,0.51877785,0.0,0.6124808,0.0,0.096162505,0.5375987,0.0,0.69161165,0.0,0.41850105,0.0,0.14725262,0.0,0.0,0.0,0.82482237,0.0,1.0058739,0.0,0.03589955,0.0,0.0,0.0,0.0,0.5831075,0.0,1.1151166,0.0,0.43078274,0.10880249,0.05549649,0.79737514,0.24124919,0.16052598,1.3666397,0.0,0.57809395,0.53044325,0.6006157,0.67263913,0.25264814,0.8806851,0.4139321,0.0,0.206447,0.016365886,0.7291404,0.6548439,0.0,0.0,0.0,0.35775453,0.9569816,0.48758614,0.0,0.0,0.12201278,0.60913247,0.0,0.0,0.31225795,0.49180517,0.82620823,0.0,0.0,0.0,0.0,0.22394776,0.49948657,0.12388384,1.0211798,0.6671828,0.55047065,1.2513485,0.0,0.0,0.42598164,0.12012488,0.6876419,0.29257044,1.457037,0.45730224,1.0346087,0.0,0.51497734,0.0,0.0,0.0,0.0,0.11971125,0.46990445,0.5822208,0.31576687,0.32704812,0
0.0,0.41400596,0.0,0.0,1.4324597,0.49712738,0.0,0.795994,0.0,0.0,0.0,0.36543033,0.96032524,0.0,0.0,0.6946038,0.0,0.506716,0.0,0.88496333,0.0,0.08087322,0.61628884,0.0,0.9188033,0.62526745,0.041757382,0.0,0.2563448,0.871971,0.0,0.0,0.0,0.14025806,0.70589054,0.0,0.55425626,0.0,0.6186259,0.4924749,0.0,0.8412445,0.0,0.8315152,0.0,0.626366,0.0,0.0,0.18734157,0.8007251,0.011299888,1.1593633,0.0,0.19071975,0.0,0.0,0.0,0.0,0.8900689,0.0,1.105285,0.022547256,0.35841528,0.17400758,0.033217005,0.8200356,0.0,0.23443063,1.5598595,0.0,0.86300576,0.55296457,0.58324945,0.5008604,0.57060987,0.55843943,0.31088954,0.0,0.21359466,0.3069377,0.47453967,0.3395502,0.0,0.0,0.0,0.334002,1.2110217,1.028712,0.0,0.0,0.0,1.0645583,0.5811018,0.7391177,0.5094947,0.0,0.54539925,0.0,0.0,0.0,0.0,0.1489166,0.5960606,0.58351296,0.8223878,0.28279093,0.36805278,1.5149101,0.041841783,0.0,0.83226013,0.82088363,0.41301012,1.0745465,1.6255159,0.6425079,1.1049838,0.0,0.7309504,0.0,0.0,0.0,0.0,0.0,0.0,0.4611891,0.35281095,0.6059512,0
0.0,0.88627726,0.0,0.0,1.1712558,1.1879647,0.16523053,0.55433804,0.0,0.50773764,0.0,0.0,0.64355296,0.0,0.0,0.046408918,0.24512321,0.51021945,0.06552928,0.5575489,0.07284135,0.0,0.11732883,0.0,0.49122757,0.58855313,0.020276554,0.0,0.58958685,0.2971257,0.0,0.0,0.0,0.32289347,0.6469325,0.0,0.3766056,0.0,0.37506935,0.5539781,0.0,0.9258637,0.0,0.2594413,0.0,0.553106,0.0,0.0,0.0,1.1020019,0.0,1.2688161,0.0,0.0017452403,0.0,0.0,0.0,0.0,0.82514936,0.0,1.3238033,0.0,0.45728695,0.13839881,0.22400363,0.684822,0.0,0.08494483,1.0130157,0.0,0.28205046,0.8541003,0.19790687,0.610715,0.18703794,0.7785933,0.19623093,0.0,0.28215176,0.17098013,0.44444904,0.94934624,0.0,0.0,0.0,0.060702,0.673055,0.5596476,0.0,0.0,0.20685118,0.32655817,0.018985553,0.0,0.29120734,0.30926535,0.670853,0.0,0.0,0.0,0.0,0.28490555,0.5424838,0.0,0.7691864,1.2108369,0.42846116,1.0827186,0.0,0.0,0.5329582,0.011435626,0.48887083,0.39301065,1.152535,0.7691235,1.3527737,0.0,0.6368071,0.0,0.0,0.0,0.0,0.0,0.47261244,0.49591464,0.0,0.39761502,1
0.0,0.5023875,0.0,0.121144935,0.9824177,0.49110883,0.0,0.6181304,0.0,0.0,0.0,0.043889325,0.8794189,0.0,0.16381678,0.16593781,0.0,0.43123,0.07753802,0.6017858,0.17298645,0.0,0.58431095,0.0,0.68544155,0.49582025,0.12183073,0.0,0.22343363,0.27119267,0.0,0.0,0.0,0.1873844,0.67674863,0.0,0.6779958,0.0,0.25863424,0.59751153,0.0,0.7361657,0.0,0.7553971,0.0,0.5665535,0.0,0.0,0.20753357,0.66229784,0.013008447,1.1177316,0.0,0.07716572,0.0,0.0,0.0,0.0,0.8885114,0.0,0.99200577,0.18838781,0.62502676,0.23470871,0.47874904,0.5832389,0.0,0.12758516,1.1062663,0.0,0.86221284,0.40959883,0.8242585,0.59875804,0.20143723,0.6920812,0.13961467,0.0,0.106452174,0.15701467,0.44791612,0.41819122,0.0,0.0,0.0,0.069105625,1.1347469,0.81540257,0.0,0.0,0.025956739,0.97593033,0.4929567,0.0723007,0.29844767,0.0,0.72072804,0.0,0.0,0.0,0.0,0.0,0.72184,0.45551607,0.7461942,0.56447697,0.5054378,1.5466394,0.0,0.0,0.7371696,0.4274084,0.38387033,0.6862172,1.3978083,0.802863,0.8945285,0.0,0.7695992,0.0,0.0,0.0,0.0,0.0,0.0,0.65936637,0.20854706,0.38919216,0
0.0,0.3326918,0.0,0.49746415,1.2279272,0.39099208,0.0,0.39681947,0.0,0.0,0.0,1.0368663,0.6426879,0.0,0.0,0.23335367,0.059345037,0.4179935,0.36886734,0.5919993,0.0384859,0.23126827,0.56098086,0.0,1.0628386,1.1997969,0.18914679,0.0,0.21780294,0.6718342,0.0,0.0,0.0,0.35126728,0.4767294,0.0,0.9239823,0.0,0.06571434,0.3503201,0.0,0.65635544,0.0,0.7335548,0.0,0.08451015,0.12401163,0.22772859,0.0,0.8333792,0.043365646,0.8440734,0.0,0.02933672,0.0,0.0,0.0,0.0,0.63238144,0.0,1.01244,0.14598256,0.753733,0.2705031,0.0,1.1495382,0.08169315,0.08171071,1.8299863,0.0,0.6623088,0.50534827,0.80801934,0.66193193,0.33111113,0.9155123,0.40949294,0.0,0.10439698,0.16178322,0.7424475,0.41268224,0.0,0.0,0.29885346,0.72595274,1.1055931,0.5163905,0.0,0.0,0.0,0.79911596,0.008833257,0.33019474,0.4364442,0.38430384,1.1471249,0.0,0.0,0.0,0.0,0.10755559,0.6902854,0.6775859,1.2816978,0.4484261,0.7116292,1.4262297,0.0,0.0,0.33796674,0.3805877,1.0799049,0.563243,1.6053706,0.38164213,0.7720558,0.0,0.5169583,0.0,0.0,0.0,0.0,0.0,0.38562495,0.6365176,0.67227817,0.22578216,0
0.0,0.3602404,0.0,0.23137441,1.3062572,0.572337,0.0,1.1846023,0.0,0.0,0.0,0.9062856,0.9005587,0.0,0.0,0.0,0.35135227,0.7076742,0.0,0.86503106,0.01731296,0.05381881,0.42674547,0.0,1.1592826,1.0133849,0.0,0.0,0.37961826,1.1041224,0.0,0.0,0.0,0.18244286,0.7518547,0.0,0.92283005,0.0,0.4177425,0.13266148,0.0,0.7714892,0.0,0.5517014,0.0,0.08149828,0.0026161321,0.0718572,0.0,0.8479311,0.0,1.3344946,0.0,0.028460644,0.0,0.0,0.0,0.0,0.9013213,0.0,1.3203806,0.56746304,0.16878809,0.16406737,0.0,1.1607707,0.1957544,0.1142042,1.6861664,0.0,1.0205303,0.54688495,0.5981417,0.383299,0.7591916,0.6493382,0.4667252,0.20657162,0.37128446,0.47326207,1.3295108,0.4272766,0.0,0.0,0.6070932,0.72025096,1.5788779,0.80913067,0.0,0.0,0.0,0.55575794,0.06497641,0.45003468,0.17720261,0.27488804,1.0106652,0.0,0.0,0.0,0.0,0.523181,0.03034374,0.57877874,1.4989477,0.46908864,0.85958767,1.0697819,0.0,0.0,0.21346484,0.13900644,1.0964502,0.7982651,1.6813356,0.62266576,0.65326256,0.0,1.096137,0.0,0.0,0.0,0.0,0.122996725,0.09642776,0.72298265,0.28067392,0.5762652,0
0.0,0.8677748,0.0,0.0,0.98810625,0.99578786,0.1551436,0.6973037,0.0,0.24879427,0.0,0.37314707,0.6724037,0.0,0.0,0.28888404,0.18791842,0.4690619,0.0,0.6460371,0.0264879,0.025082532,0.1395876,0.0,0.32168135,0.6524786,0.0,0.0,0.48096395,0.63653576,0.0,0.0,0.0,0.6313914,0.7816212,0.0,0.27745414,0.0,0.113792054,0.27701914,0.0,0.88949823,0.0,0.031175429,0.0,0.3389149,0.0,0.0,0.0,1.0707062,0.0,1.1311283,0.0,0.032014366,0.0,0.0,0.0,0.0,0.8333059,0.0,1.1930398,0.0,0.5590661,0.30212995,0.07389873,0.71696866,0.1303588,0.18605609,1.2330692,0.0,0.21417446,0.5950051,0.18332632,0.6133423,0.25497505,0.6615694,0.21956524,0.0,0.5322258,0.42038575,0.41126138,0.81199735,0.0,0.0,0.0,0.18757008,0.6127225,0.565588,0.0,0.0,0.1343354,0.38591886,0.096963406,0.0,0.3540164,0.48660007,0.69628376,0.0,0.0,0.0,0.0,0.32774326,0.61305386,0.07259202,0.8615468,0.8551168,0.45010084,0.76745003,0.0,0.0,0.43476668,0.41695797,0.8950714,0.6068653,1.0547464,0.6487298,1.1879259,0.0,0.32567248,0.0,0.0,0.0,0.0,0.042418733,0.29197192,0.3132325,0.2670847,0.34907308,1
0.0,1.1730785,0.0,0.0,1.3821203,0.7533079,0.11095904,1.2659167,0.003474179,0.083420984,0.0,0.0,0.7866472,0.0,0.0,1.159455,0.100464866,0.94618934,0.26538908,0.88552177,0.40458155,0.0,0.1255901,0.0,0.22685924,0.105684854,0.040268756,0.0,0.58261985,0.66779935,0.0,0.0,0.0,0.42662024,0.9541328,0.0,0.0,0.0,0.85395867,0.7207705,0.0,1.0170468,0.0,0.27505377,0.0,0.6297665,0.0,0.0,0.038756736,0.6261042,0.16449767,1.2146239,0.030124791,0.66020155,0.0,0.0,0.0,0.0,1.0050447,0.0,1.5066463,0.0,0.22623342,0.15382086,0.0,0.46106836,0.0,0.23771471,1.055908,0.0,0.49094287,0.46204323,0.023828596,0.29292783,0.77694416,0.31892583,0.0,0.0,0.43351877,0.7916163,0.044307888,0.49672937,0.0,0.0,0.0,0.0,0.68539727,0.87375695,0.0,0.0,0.0,0.8181128,0.8079418,0.56983536,0.581342,0.0,0.43368763,0.1082607,0.0,0.0,0.0,0.41393173,0.536608,0.0651916,0.52502334,0.6727738,0.17976387,1.1980095,0.0,0.0,0.6759084,0.99083793,0.35310894,0.9773827,1.0373008,0.7025937,1.1126902,0.0,0.36886933,0.0,0.0,0.0,0.0,0.0,0.0,0.37455654,0.0,0.5069852,1
0.0,0.94540465,0.0,0.0,1.3198533,1.1819891,0.021856856,1.0255201,0.0,0.28664476,0.0,0.13048233,0.5444001,0.0,0.0,0.5772558,0.31580585,0.6574233,0.0,0.8560906,0.0627006,0.037516717,0.1607606,0.0,0.16577122,0.3175957,0.17157044,0.0,0.61854815,0.7891687,0.0,0.0,0.0,0.3350428,1.036744,0.0,0.17103978,0.0,0.5617443,0.56503105,0.0,0.7744866,0.0,0.06065423,0.0,0.66998136,0.0,0.0,0.0,1.1048023,0.0,1.4233425,0.0,0.13768713,0.0,0.0,0.0,0.0,1.0312514,0.0,1.2008593,0.0,0.3691914,0.22932126,0.0,0.45278123,0.121220805,0.19598556,0.99264514,0.0,0.25241846,0.5647051,0.09888029,0.38459155,0.57693076,0.3470663,0.10368062,0.0,0.7123638,0.50543493,0.337003,0.69846267,0.0,0.0,0.0,0.0,0.63946426,0.86359316,0.0,0.0,0.0,0.35400546,0.6033684,0.3993156,0.42342386,0.15851937,0.6738039,0.0,0.0,0.0,0.0,0.4425402,0.3702361,0.0,0.8411453,1.0219709,0.3651496,0.89539087,0.0,0.0,0.46606967,0.5487644,0.43464348,0.86850065,0.9707546,0.9438884,1.3966353,0.0,0.46242592,0.0,0.0,0.0,0.0,0.0,0.0,0.4802549,0.04094011,0.40753958,1
0.0,0.5831974,0.0,0.24937473,0.95756775,0.7886098,0.0,0.6455974,0.0,0.07170415,0.0,0.0,0.75259364,0.0,0.0,0.062633656,0.020118726,0.24663095,0.09687973,0.7256123,0.0,0.06420701,0.5946865,0.0,0.37307665,0.7242195,0.10936196,0.0,0.4517225,0.30343118,0.0,0.0,0.0,0.56759906,0.6738204,0.0,0.6189496,0.0,0.50192016,0.20032051,0.0,0.6539162,0.0,0.61867964,0.0,0.6891703,0.0,0.0,0.0,0.7132579,0.0,1.1753153,0.0,0.0,0.0,0.0,0.0,0.0,0.92244333,0.0,1.3075417,0.0,0.5961958,0.5495152,0.35758585,0.5309772,0.0,0.1707965,1.1909696,0.0,0.6410623,0.5894663,0.55673665,0.6279864,0.20209152,0.62793505,0.19982798,0.0,0.26733232,0.0,0.47556916,0.7653512,0.0,0.0,0.0,0.20066679,0.8185761,0.7447145,0.0,0.0,0.113253035,0.5883172,0.15782176,0.2365809,0.3340337,0.0,0.73388886,0.0,0.0,0.0,0.0,0.016660804,0.42431903,0.0,0.7693553,0.91942406,0.6656227,1.2392831,0.1791115,0.0,0.6892959,0.41663286,0.5349369,0.44984543,1.5247645,0.70334435,1.432452,0.0,0.60501266,0.0,0.0,0.0,0.0,0.0,0.0,0.69296205,0.39207193,0.5290459,0
0.0,0.5610206,0.0,0.019157356,0.9275483,0.8856094,0.0043442296,0.53717375,0.0,0.16834182,0.0,0.0802112,0.6456226,0.0,0.0,0.18869036,0.026594197,0.28634122,0.0,0.6207964,0.0,0.0,0.30495268,0.0,0.42503613,0.6216482,0.0,0.0,0.3497875,0.42351416,0.0,0.0,0.0,0.32197955,0.65301836,0.0,0.4466465,0.0,0.37597883,0.3520866,0.0,0.7159119,0.0,0.23904316,0.0,0.62555,0.0,0.0,0.052422047,0.94275004,0.0,1.1377271,0.0,0.0,0.0,0.0,0.0,0.0,0.9755002,0.0,1.1577837,0.0,0.513094,0.25980893,0.3524038,0.64419717,0.0,0.1128604,0.9627918,0.0,0.6016139,0.53751665,0.7352729,0.60136193,0.09873146,0.64914536,0.14850773,0.0,0.31345576,0.0,0.39009872,0.6768247,0.0,0.0,0.0,0.09053412,0.9816198,0.71929324,0.0,0.0,0.2506003,0.7485041,0.1441585,0.13235164,0.31822106,0.19960338,0.7129235,0.0,0.0,0.0,0.0,0.0,0.571145,0.02527553,0.6816398,0.77099216,0.4682715,1.2689462,0.0,0.0,0.8538146,0.28121936,0.27050745,0.5350331,1.393105,0.822904,1.3262078,0.0,0.721387,0.0,0.0,0.0,0.0,0.0,0.0,0.5131608,0.26823986,0.39506343,1
0.0,0.5150682,0.0,0.0,1.3049636,0.25032383,0.0,0.9037762,0.1451588,0.10710655,0.0,0.19292106,0.5550839,0.0,0.0,0.77803946,0.19484647,0.7515389,0.0,0.9150576,0.00095710275,0.0077204816,0.27785265,0.0,0.7423086,0.5198769,0.0,0.0,0.24767742,1.0276878,0.0,0.0,0.0,0.036135964,0.8288686,0.0,0.5101623,0.0,0.7429663,0.13695784,0.0,0.8780505,0.0,0.36327407,0.0,0.57911646,0.0,0.15019703,0.065309845,1.0860531,0.0,1.2465305,0.0,0.6291877,0.0,0.0,0.0,0.0,1.1752844,0.0,1.1602646,0.038330648,0.46882096,0.0,0.038441114,0.63636315,0.0,0.23297717,1.324769,0.0,0.6975711,0.5049229,0.16283207,0.39635214,0.82032317,0.18588497,0.23747544,0.090308085,0.0,0.5681317,0.3959336,0.5182774,0.0,0.0,0.21544248,0.0,1.0823292,0.8689082,0.0,0.0,0.0,0.57696027,0.91616786,0.8831337,0.9287015,0.0,0.44828358,0.37880647,0.0,0.0,0.039631218,0.4661987,0.34106407,0.24519527,0.56495786,0.7019714,0.05836803,1.1650388,0.0,0.0,1.056485,0.92256635,0.39448243,1.2551446,1.3295745,0.8334619,1.1890528,0.0,1.1119003,0.0,0.0,0.0,0.0,0.20360914,0.0,0.16384815,0.0,0.86381793,1
0.0,0.9947034,0.0,0.0,1.1931262,1.2601825,0.0,0.77723265,0.0,0.4530388,0.0,0.0,0.5945082,0.0,0.0,0.5804472,0.49177083,0.51724744,0.0,0.6959546,0.0,0.13719098,0.047303118,0.0,0.45461342,0.6538033,0.0,0.0,0.66021925,0.91348857,0.0,0.0,0.0,0.5122573,0.8772791,0.0,0.5414962,0.0,0.33048373,0.26839188,0.0,0.83946276,0.0,0.07663436,0.0,0.6141917,0.0686698,0.0,0.0,1.3875875,0.0,1.287245,0.0,0.0,0.0,0.0,0.0,0.0,0.91478777,0.0,1.3157272,0.0,0.25788018,0.11412259,0.0,0.596858,0.06658582,0.2648826,1.228307,0.0,0.37326616,0.7465623,0.16833274,0.50567657,0.7428773,0.32872182,0.08271615,0.0,0.592071,0.092216514,0.25260526,1.1944423,0.0,0.0,0.0,0.0,0.49461138,0.8725649,0.0,0.0,0.24970865,0.1981775,0.33263904,0.4114377,0.5560898,0.1293437,0.5564379,0.0,0.0,0.0,0.0,0.6258024,0.33613807,0.0,0.46766096,1.4284372,0.2133283,0.5465835,0.0,0.0,0.7424464,0.786697,0.6694686,0.7067357,1.1691532,1.1409436,1.5339414,0.0,0.71655416,0.0,0.0,0.0,0.0,0.260231,0.049251627,0.547722,0.0826522,0.49159673,1
0.0,0.7433445,0.0,0.24456051,1.0539348,0.8660756,0.19424331,0.40436095,0.0,0.21894667,0.0,0.0,0.57269645,0.0,0.0,0.5945287,0.0,0.55326074,0.06632004,0.3850699,0.10862879,0.1891318,0.02599933,0.0,0.22513303,0.6965342,0.0,0.0,0.4968117,0.52379215,0.0,0.0,0.0,0.26127842,0.5819079,0.0,0.19835238,0.0,0.90526235,0.694021,0.0,1.0227698,0.0,0.7430611,0.0,0.7624487,0.0,0.0,0.074296415,0.7286091,0.0,1.152138,0.0,0.0,0.0,0.0,0.0,0.0,1.3248322,0.0,1.3746729,0.0,0.59474576,0.23441705,0.28416306,0.40097797,0.0,0.035544734,1.2678828,0.0,0.41804078,0.57124734,0.6704576,0.52043474,0.3761167,0.6446759,0.019610466,0.0,0.7681359,0.18810257,0.29085198,0.85573316,0.0,0.0,0.0,0.06415224,1.0206246,0.84118533,0.0,0.0,0.26142606,0.8248643,0.45209444,0.62179935,0.655211,0.0024065487,0.6757381,0.0,0.0,0.0,0.0,0.020665938,0.8408796,0.35300663,0.4260624,0.71747875,0.29034656,1.0753524,0.0,0.0,0.95939124,0.76807237,0.26060176,0.96639,1.3595784,0.9307498,1.5086778,0.0,0.514974,0.0,0.0,0.0,0.0,0.0040189177,0.0,0.23115377,0.18256718,0.62556136,1
0.0,0.7361398,0.0,0.0,1.2695332,0.6575562,0.08028303,0.63733226,0.15812744,0.045875214,0.0,0.0,0.5429846,0.0,0.0,0.66988134,0.16218425,0.6637972,0.0,0.90449756,0.052105043,0.045827158,0.4094041,0.0,0.25509983,0.19072875,0.259171,0.0,0.4422395,0.42841604,0.0,0.0,0.0,0.5676506,0.8546872,0.0,0.0,0.0,0.8727392,0.5852274,0.0,0.6514805,0.0,0.27417699,0.0,0.7319286,0.0,0.023426935,0.15968241,0.65225023,0.0,1.0867043,0.09018268,0.4973403,0.0,0.0,0.0,0.0,0.87580657,0.0,1.2261701,0.0,0.37935203,0.26501718,0.18137331,0.44877085,0.0,0.3295977,1.02392,0.0,0.40402314,0.6113289,0.11842722,0.3509285,0.7278798,0.43706593,0.2526328,0.0,0.23202176,0.18034585,0.13219358,0.4548108,0.012372014,0.0,0.0,0.0,0.7062935,0.75586104,0.0,0.0,0.0,0.9290059,0.4750717,0.5495543,0.5585371,0.0,0.49310547,0.0,0.0,0.0,0.043983303,0.38021308,0.48226497,0.0,0.6408005,0.75963247,0.29987794,1.0268044,0.0,0.0,0.72986543,0.71896875,0.092072584,0.6908897,1.0358353,0.9322097,1.2383559,0.0,0.8083072,0.0,0.0,0.0,0.0,0.0,0.0,0.2641562,0.27688506,0.20137542,1
0.0,0.7567469,0.0,0.0,1.5622265,1.1828573,0.0,0.99156886,0.0,0.12855123,0.0,0.0,0.7683855,0.0,0.0,0.64975655,0.34226808,0.7438893,0.0,1.1690739,0.0,0.0,0.16584745,0.0,0.535603,0.4646453,0.17611144,0.0,0.7410973,0.8548827,0.0025015976,0.0,0.0,0.37772736,1.1304659,0.0,0.26247174,0.0,1.0728208,0.48210168,0.0,0.91628987,0.0,0.31616142,0.0,0.9636718,0.0,0.0,0.052191526,1.2217638,0.0,1.6520146,0.0,0.13575412,0.0,0.0,0.0,0.0,1.3317859,0.0,1.5392107,0.0,0.2856619,0.15654336,0.06501242,0.6105463,0.0,0.28165507,1.1800807,0.0,0.44601777,0.9381763,0.10555324,0.444088,0.56023264,0.2954851,0.07250833,0.0,0.6875706,0.4115389,0.26599717,1.048478,0.0,0.0,0.0,0.0,0.6829145,1.3297354,0.0,0.0,0.03528041,0.66879463,0.60719514,0.77700025,0.77045745,0.0,0.57178885,0.0,0.0,0.0,0.0,0.43082938,0.13917196,0.0,0.3893184,1.2556093,0.17828159,1.1361773,0.0,0.0,0.8553092,0.8557533,0.21509324,0.9582721,1.2467599,1.2026588,1.7135947,0.0,0.84298235,0.0,0.0,0.0,0.0,0.0,0.0,0.538064,0.0,0.73456174,1
0.0,0.58664244,0.07186668,0.027953146,2.42056,0.40356433,0.30690935,0.36921483,0.30149096,0.23082738,0.0,0.34843457,0.5599092,0.0,0.09989787,1.0983584,0.0,0.8698879,0.0,1.3777974,0.08235567,0.0,0.7498106,0.0,1.0298916,0.05749765,0.20277481,0.0,0.67937577,1.5625762,0.040448755,0.13509043,0.0,0.0,0.79675543,0.0,0.22831337,0.0,1.6460724,0.45345563,0.0,0.9684572,0.12825027,0.6091169,0.0,1.118034,0.0,0.0,0.29990903,1.1041737,0.0,1.3962765,0.0,0.7303996,0.0,0.0,0.0,0.0,1.5835648,0.0,1.0503035,0.0,0.17459053,0.2095712,0.0,0.5249812,0.0,0.12635306,1.2631407,0.0,0.74406916,0.86168844,0.17706387,0.60490036,0.9317686,0.5401995,0.44091594,0.0,0.6927562,0.0,0.18930961,0.4435127,0.0,0.0,0.114493854,0.06424938,1.0770197,1.412641,0.0,0.0,0.0,1.2468545,0.9332502,1.1483114,1.2542479,0.0,0.07535169,0.07208798,0.0,0.0,0.014474356,0.47673813,0.28937882,0.37781286,0.22761682,0.88980067,0.15971221,1.8773069,0.0,0.0,1.2649523,1.4542358,0.0,1.7652124,1.1688213,1.1388896,1.5715469,0.0,1.0142978,0.0,0.0,0.0,0.22472386,0.0,0.0,0.20004795,0.5424646,0.2681369,1
0.0,0.834844,0.0,0.15376306,1.2962606,1.0484301,0.23820262,0.6457336,0.0,0.30649495,0.0,0.019235173,0.63021815,0.0,0.0,0.88458115,0.15894464,0.7369995,0.0,0.5676968,0.15432933,0.17255887,0.0,0.0,0.26702783,0.6682139,0.026652701,0.0,0.5687898,0.88372755,0.0,0.0,0.0,0.42001218,0.9664066,0.0,0.19499461,0.0,1.0988696,0.68231547,0.0,1.1409639,0.0,0.48809618,0.0,0.8438612,0.0,0.0,0.10010417,0.96421385,0.0,1.3893862,0.0,0.0,0.0,0.0,0.0,0.0,1.320324,0.0,1.4895611,0.0,0.5959475,0.045687206,0.32966477,0.5628291,0.0,0.13294882,1.2978067,0.0,0.22724257,0.6722381,0.42098904,0.52606666,0.33159435,0.6102365,0.003906698,0.0,0.90840465,0.33919922,0.23753047,1.106303,0.0,0.0,0.0,0.17771594,0.6556714,0.9314745,0.0,0.0,0.21487893,0.8123028,0.45070812,0.7701176,0.71544504,0.0,0.673699,0.0,0.0,0.0,0.0,0.44031134,0.70849645,0.34977943,0.43804136,0.88280183,0.12776482,1.0014805,0.0,0.0,1.0527997,0.95054746,0.43358496,1.1876074,1.2714534,1.1677899,1.6578281,0.0,0.47255805,0.0,0.0,0.0,0.0,0.10278353,0.0,0.07985376,0.043454267,0.7689172,1
0.0,0.9045063,0.0,0.17081009,1.3004867,1.102752,0.0,0.73861384,0.0,0.20834826,0.0,0.0,0.70584095,0.0,0.0,0.3496277,0.019937558,0.61092967,0.098059215,1.0280315,0.10841034,0.0,0.2931093,0.0,0.3081273,0.3770921,0.050109506,0.0,0.7128914,0.2621735,0.0,0.0,0.0,0.38098994,0.6815552,0.0,0.34612954,0.0,0.44871992,0.43396866,0.0,0.9543681,0.0,0.43895522,0.0,0.9293636,0.0,0.0,0.0,0.9200432,0.0,1.410522,0.0,0.106938444,0.0,0.0,0.0,0.0,0.9327082,0.0,1.3806858,0.0,0.46281785,0.19101147,0.25627136,0.5348205,0.0,0.07643069,1.0101827,0.0,0.41261473,0.72573525,0.06820522,0.40815133,0.3735295,0.49723828,0.05196201,0.0,0.6705839,0.42660525,0.3831316,0.76246554,0.0,0.016870977,0.0,0.110339746,0.646996,1.058331,0.0,0.0,0.0,0.44682974,0.4155392,0.23467189,0.5813959,0.0,0.61367035,0.0,0.0,0.0,0.0,0.03607761,0.36160386,0.03328356,0.5258219,1.1734838,0.42103162,1.2877283,0.0,0.0,0.5004667,0.32246187,0.34513092,0.9312337,1.3147168,0.8970748,1.2414742,0.0,0.54987514,0.0,0.0,0.0,0.0,0.0,0.0,0.6448998,0.0,0.5387455,1
0.0,0.74059457,0.0,0.010624377,1.1417522,0.90681463,0.0342486,0.7741205,0.0,0.08119327,0.0,0.0,0.7991332,0.0,0.0,0.6162405,0.0,0.61451787,0.0,0.8443398,0.20136102,0.0,0.27455908,0.0,0.38981104,0.36335433,0.036038734,0.0,0.41665617,0.59813213,0.0,0.0,0.0,0.1846175,0.7909117,0.0,0.45090416,0.0,0.5810419,0.5293691,0.0,0.9821103,0.0,0.6209861,0.0,0.8637481,0.0,0.0,0.13952835,0.8820895,0.05042844,1.337691,0.0,0.022202443,0.0,0.0,0.0,0.0,1.0732626,0.0,1.1909744,0.0,0.4766802,0.122483335,0.35867637,0.5265903,0.0,0.117565334,1.1125733,0.0,0.5429763,0.6537594,0.36867768,0.54921037,0.1696099,0.53243077,0.010460944,0.0,0.53198975,0.5063648,0.39627904,0.48732045,0.0,0.0,0.0,0.07629712,0.81927294,0.9946275,0.0,0.0,0.0,0.7429472,0.6324145,0.39880034,0.5823785,0.0,0.4894443,0.0,0.0,0.0,0.0,0.16999471,0.6845243,0.26463768,0.43390647,0.806174,0.17255348,1.3398393,0.0,0.0,0.8711687,0.7412417,0.34172273,1.2740593,1.2360718,0.9485488,1.1845325,0.0,0.72696424,0.0,0.0,0.0,0.0,0.0,0.0,0.40952843,0.08732588,0.6287383,1
0.0,0.45535222,0.0,0.11144221,1.2095689,0.5205508,0.008028385,0.6826123,0.0,0.0,0.0,0.40847144,0.8338703,0.0,0.042012308,0.5957412,0.0,0.26091778,0.2899643,0.62125164,0.09496251,0.074665256,0.6557525,0.0,0.8133366,0.74067396,0.14430442,0.0,0.1915543,0.7646308,0.0,0.0,0.0,0.2534272,0.5144055,0.0,0.46904704,0.0,0.699394,0.60123956,0.0,0.63061005,0.0,0.9788321,0.0,0.5187846,0.0,0.0,0.20411779,0.49123132,0.03343369,1.0631492,0.0,0.16639005,0.0,0.0,0.0,0.0,0.8842484,0.0,1.1819067,0.008146163,0.35892722,0.23649447,0.27506226,0.9162947,0.0,0.1202354,1.5649751,0.0,0.9095969,0.39402124,0.8357789,0.6673497,0.3843863,0.8441178,0.22993213,0.0,0.23234431,0.014513373,0.6175891,0.2548358,0.0,0.0,0.0,0.3073398,1.2245517,0.89348775,0.0,0.0,0.0,1.1703788,0.47771475,0.6021481,0.6337604,0.0,0.67494357,0.007917127,0.0,0.0,0.0,0.011460119,0.706035,0.67527354,0.8158771,0.30728096,0.51811993,1.6011007,0.12582502,0.0,0.9940975,0.73910904,0.6535908,0.9615513,1.7398939,0.6506149,1.1681432,0.0,0.5922042,0.0,0.0,0.0,0.0,0.0,0.163494,0.3590064,0.59177744,0.45545432,0
0.0,0.48027563,0.0,0.0,1.1085457,0.946691,0.0,1.1244644,0.0,0.0,0.0,0.15145172,0.8967272,0.0,0.0,0.5037824,0.34972963,0.67533296,0.0,1.1975567,0.0,0.06912157,0.0,0.0,0.72261095,0.66573554,0.06494928,0.0,0.5780823,1.0966884,0.0,0.0,0.0,0.42268777,1.1087402,0.0,0.4890483,0.0,0.57470703,0.13053781,0.0,0.9939671,0.0,0.0,0.0,0.40388545,0.0,0.0,0.0,1.0811344,0.0,1.4613619,0.0,0.0,0.0,0.0,0.0,0.0,0.9081156,0.0,1.1966856,0.0,0.27244505,0.23701215,0.0,0.819583,0.18907346,0.27338615,1.4568129,0.0,0.60749394,0.5746073,0.0,0.33522612,0.5680565,0.37155,0.23849542,0.0,0.53397113,0.82128054,0.49807817,0.7270049,0.0,0.0,0.07043342,0.0390261,0.8729642,1.0007715,0.0,0.0,0.11522626,0.59958214,0.47778285,0.69182885,0.44065955,0.024376195,0.53388065,0.0,0.0,0.0,0.0,0.5739142,0.17588226,0.12843543,0.68013465,0.42506394,0.30907625,0.963347,0.0,0.0,0.5851378,0.49104136,0.66898036,1.0678495,1.4248819,0.6946124,1.1493176,0.0,0.43488675,0.0,0.0,0.0,0.0,0.0,0.0,0.7161957,0.11178012,0.44783658,1
0.0,0.38449228,0.0,0.0,0.8984748,0.58240455,0.0,0.6735848,0.0,0.0,0.0,0.5262868,0.73670816,0.0,0.0,0.18356368,0.0,0.4632821,0.17155,0.5057611,0.0,0.23266153,0.29383844,0.0,0.60340583,0.81522125,0.35095245,0.0,0.21951103,0.43330684,0.0,0.0,0.0,0.41120124,0.5911751,0.0,0.24743576,0.0,0.3127954,0.52843153,0.0,0.878055,0.0,0.2690383,0.0,0.35267588,0.0,0.0,0.0,0.6193831,0.0,1.0098904,0.0,0.018242814,0.0,0.0,0.0,0.0,0.67018753,0.0,0.9513014,0.0,0.74624574,0.18040611,0.19585826,0.7251401,0.092161536,0.20507033,1.303844,0.0,0.40678695,0.3140693,0.38429803,0.48732147,0.3297446,0.7334249,0.32618955,0.0,0.21093929,0.23905109,0.45160893,0.26136905,0.0,0.0,0.0,0.26316223,0.73747355,0.59053546,0.0,0.0,0.1282844,0.8024333,0.31711397,0.29730842,0.20266789,0.20685449,0.6931912,0.0,0.0,0.0,0.0,0.18945423,0.6698899,0.33303243,0.9850226,0.3753984,0.525255,1.2884648,0.0,0.0,0.47728983,0.5484699,0.5379351,0.44053906,1.3703196,0.5568784,0.99817264,0.0,0.27477914,0.0,0.0,0.0,0.0,0.0,0.3014239,0.4021294,0.29003814,0.27049202,0
0.0,0.3129348,0.0,0.00084217446,0.7735758,0.75751525,0.0,0.8110063,0.0,0.23586842,0.0,0.6620583,0.77472734,0.0,0.0,0.0,0.087118745,0.22620958,0.17812537,0.4454705,0.0,0.048044857,0.27990568,0.035712376,0.57450783,0.96685594,0.16731854,0.0,0.25968066,0.5261863,0.0,0.0,0.0,0.6426052,0.5717195,0.0,0.4292894,0.0,0.12104251,0.19101763,0.0,0.6237162,0.0,0.17725359,0.0,0.14517622,0.0,0.00153114,0.0,0.92058814,0.0,1.0326115,0.0,0.044877425,0.0,0.0,0.0,0.0,0.6397702,0.0,0.85864216,0.0,0.31963885,0.41754547,0.17838106,0.9981934,0.031788167,0.118233934,1.131303,0.0,0.53164655,0.4405193,0.49695355,0.82887876,0.19117811,0.6801532,0.3492925,0.0,0.19779652,0.07808784,0.8746139,0.5186404,0.0,0.0,0.0,0.23353392,0.9204447,0.4273264,0.0,0.0,0.291031,0.3519612,0.0,0.0,0.13699955,0.49913493,0.7497287,0.0,0.0,0.0,0.0,0.3422037,0.5487514,0.06301975,1.0054845,0.6008203,0.635628,0.883252,0.0,0.0,0.37521493,0.19275273,0.73449165,0.1967251,1.3967266,0.42226976,0.98045313,0.0,0.39885405,0.0,0.0,0.0,0.0,0.0,0.3829716,0.5027727,0.40847814,0.25404888,0
0.0,0.6832766,0.0,0.0,0.99186087,0.3849431,0.0,0.90880376,0.057796437,0.21416724,0.0,0.07779802,0.5678847,0.0,0.0,0.3140575,0.21562262,0.5187301,0.0,0.37770545,0.13501082,0.06763448,0.0,0.0,0.16737248,0.5382008,0.0,0.0,0.56084955,0.4920341,0.0,0.0,0.0,0.343455,0.69066185,0.0,0.19520856,0.0,0.474919,0.43208438,0.28556642,0.56580555,0.0,0.0,0.0,0.5190618,0.0,0.16553383,0.0,0.6026939,0.0,0.84049904,0.014952958,0.20448908,0.0,0.0,0.0,0.0,0.76045096,0.0,1.1203662,0.30887094,0.22384235,0.0,0.0,0.360188,0.0,0.08959128,1.1007628,0.0,0.38866025,0.2875579,0.28931805,0.31788352,0.5864032,0.5042091,0.08923672,0.0,0.12550521,0.029286496,0.3390359,0.7315427,0.0,0.0,0.12722869,0.141542,0.8447053,0.7056795,0.0,0.0,0.044829044,0.6880886,0.23461622,0.30012682,0.3793863,0.04318927,0.44511876,0.3532588,0.0,0.0,0.0,0.25358373,0.22393683,0.31199244,0.6658374,0.7617801,0.3056788,0.7922497,0.0,0.0,0.5696662,0.6362867,0.38578963,0.5659692,0.8940161,0.65705985,0.8665622,0.0,0.40315625,0.0,0.0,0.0,0.0,0.0,0.13359019,0.10613711,0.0,0.4942209,1
0.0,0.9459318,0.0,0.0,1.2294561,1.5271333,0.06659935,0.9071084,0.0,0.14517027,0.0,0.04548992,0.6624452,0.0,0.0,0.3418025,0.35530305,0.55942446,0.0,0.93836075,0.0,0.060689785,0.0,0.0,0.4612772,0.6285152,0.08124896,0.0,0.7532159,0.79179096,0.0,0.0,0.0,0.3704865,0.90749025,0.0,0.19195943,0.0,0.7105235,0.37909555,0.0,1.0889893,0.0,0.1866657,0.0,0.6977849,0.0,0.0,0.0,1.1695123,0.0,1.5256455,0.0,0.0,0.0,0.0,0.0,0.0,1.09552,0.0,1.6069506,0.0,0.41624856,0.1318431,0.15221031,0.63481486,0.0,0.10338543,1.2292774,0.0,0.48141095,0.8825646,0.32702804,0.583477,0.4035565,0.61897004,0.22923695,0.0,0.7036539,0.41468439,0.5315546,1.0855813,0.0,0.0,0.0,0.0014450435,0.8273528,0.90331376,0.0,0.0,0.15473549,0.3931746,0.4271549,0.37787184,0.4903145,0.25513288,0.6393435,0.0,0.0,0.0,0.0,0.45029482,0.32783517,0.0,0.75141954,1.190175,0.2814618,0.86114794,0.0,0.0,0.7014978,0.53135896,0.40529877,0.8213204,1.2386675,1.0423146,1.6361727,0.0,0.73008335,0.0,0.0,0.0,0.0,0.0,0.0,0.511502,0.015321522,0.8524815,1
0.0,0.74642396,0.0,0.0,1.2589734,1.1551204,0.0,0.72037184,0.0,0.22366004,0.0,0.0,0.6584038,0.0,0.0,0.3464224,0.13088241,0.49834356,0.0,0.9493238,0.024937058,0.0,0.2958033,0.0,0.44564292,0.5410098,0.0,0.0,0.4666011,0.48731288,0.0,0.0,0.0,0.23502864,0.83934194,0.0,0.50882137,0.0,0.5353809,0.37025505,0.0,0.9094246,0.0,0.35618982,0.0,0.79641753,0.0,0.0,0.0,1.134077,0.0,1.4693094,0.0,0.0,0.0,0.0,0.0,0.0,0.959847,0.0,1.3874003,0.0,0.5082008,0.11319738,0.275094,0.6652928,0.0,0.1895515,1.0848886,0.0,0.5323092,0.7702402,0.4172874,0.5864171,0.20160688,0.6422278,0.23725645,0.0,0.5357696,0.19468185,0.47001606,0.8706155,0.0,0.0,0.0,0.1445983,0.8613394,0.8892492,0.0,0.0,0.17328216,0.5880839,0.2771322,0.2520162,0.34634674,0.117021404,0.64859545,0.0,0.0,0.0,0.0,0.06960232,0.42508194,0.0,0.89589524,0.9239466,0.4593966,1.3176298,0.0,0.0,0.7459119,0.33645135,0.33499515,0.7851388,1.3955798,0.82738084,1.5706953,0.0,0.71950066,0.0,0.0,0.0,0.0,0.0,0.0,0.5934734,0.12051314,0.7393503,1
0.0,0.59934086,0.0,0.0,1.4252406,1.1092563,0.060884897,0.7464778,0.03652582,0.0073813586,0.0,0.0,0.7097554,0.0,0.0,0.7709956,0.16467254,0.6948844,0.0,0.9313609,0.05329193,0.0,0.0,0.0,0.40719146,0.55027395,0.21391945,0.0,0.6136655,0.9017305,0.0,0.0,0.0,0.37605563,0.88576794,0.0,0.33241674,0.0,1.1388305,0.16232792,0.0,1.0410727,0.0,0.33437106,0.0,0.9893254,0.0,0.0,0.06359711,1.0447655,0.0,1.3863178,0.0,0.0,0.0,0.0,0.0,0.0,1.3261812,0.0,1.5804825,0.0,0.36542866,0.15587234,0.11662056,0.759541,0.0,0.3364751,1.19262,0.0,0.5292745,0.7785254,0.2203796,0.37579533,0.6146871,0.24314596,0.0,0.0,0.6955434,0.5261657,0.45427954,0.9393711,0.0,0.0,0.0,0.013346184,0.80469924,1.2236031,0.0,0.0,0.24253348,0.6550651,0.5213777,0.82173306,0.8055671,0.0,0.48452163,0.0,0.0,0.0,0.0,0.32853502,0.39295882,0.0,0.51367474,0.7777356,0.20420438,0.9542529,0.0,0.0,1.0708663,0.9353163,0.25105315,1.3340923,1.341327,1.0147753,1.8068248,0.0,0.72454596,0.0,0.0,0.0,0.0,0.0,0.0,0.31171665,0.2024549,0.8862047,1
0.0,1.1745872,0.0,0.0,1.3108541,1.6839948,0.25033253,0.93552643,0.0,0.7281102,0.0,0.45289984,0.42819926,0.0,0.0,0.3649805,0.45554996,0.5808398,0.0,0.6399673,0.0289666,0.057769924,0.013989813,0.0,0.5098273,0.79525536,0.035534598,0.07838207,0.71034807,0.8398894,0.0,0.0,0.0,0.3845933,0.84166825,0.0,0.3533696,0.0,0.6498243,0.7687645,0.0,1.2393385,0.0,0.0,0.0,0.51175666,0.12192763,0.0,0.0,1.2818043,0.0,1.5608292,0.0,0.0,0.0,0.0,0.0,0.0,1.0577228,0.0,1.6852306,0.0,0.25130945,0.2556087,0.0,0.7451692,0.3781591,0.0,1.2345258,0.0,0.12307515,0.89019614,0.4108302,0.9363969,0.44331953,1.0098703,0.2185553,0.0,1.2885097,0.18560737,0.7517135,1.5393174,0.059644524,0.0,0.0,0.13241486,0.6300337,0.8529331,0.0,0.0,0.5266511,0.41688493,0.14509957,0.058488127,0.24744311,0.41567793,0.6924315,0.0,0.0,0.0,0.0,0.6662991,0.5066589,0.0,0.9839766,1.2319841,0.22247083,0.47514406,0.0,0.0,0.647487,0.72720075,0.7278589,0.8054384,1.3640493,1.1274877,1.7363583,0.0,0.49516615,0.0,0.0,0.0,0.0,0.31935322,0.21739806,0.16498438,0.24048463,0.756763,1
0.0,0.9174408,0.0,0.0,1.2977281,1.5762942,0.24848984,1.1736418,0.0,0.3052173,0.0,0.4383693,0.63775575,0.0,0.0,0.39545575,0.51820844,0.58285934,0.0,0.91991067,0.036583517,0.0,0.0,0.0,0.515271,0.4777327,0.0,0.0,0.7064862,1.0755414,0.0,0.0,0.0,0.36095133,1.2782019,0.0,0.12624286,0.0,0.71590817,0.1552132,0.0,0.9074428,0.0,0.0,0.0,0.35138884,0.0,0.0,0.0,1.0071006,0.0,1.384185,0.0,0.1047048,0.0,0.0,0.0,0.0,0.989852,0.0,1.3808552,0.0,0.13540486,0.104666255,0.0,0.7877108,0.022951799,0.12918954,1.2460607,0.0,0.24377738,0.7860654,0.0,0.61332345,0.757068,0.49342126,0.14172684,0.0,0.705581,0.5206083,0.49044776,1.0872351,0.0,0.0,0.0,0.067678556,0.79769844,0.80800164,0.0,0.0,0.16474262,0.14250942,0.40014613,0.21313262,0.36127937,0.40860587,0.4863715,0.0,0.0,0.0,0.0,0.80587685,0.107926875,0.0,0.85730624,1.1536146,0.0025779628,0.40673092,0.0,0.0,0.42893714,0.7878789,0.7232367,0.67283607,1.0130177,0.8848492,1.4437275,0.0,0.4508932,0.0,0.0,0.0,0.0,0.1392106,0.16667293,0.24780057,0.3733689,0.6858964,1
0.0,0.5887182,0.0,0.0,0.93931615,0.3641668,0.0,1.0463071,0.0,0.14340897,0.0,0.6985743,0.7914505,0.0,0.0,0.23246148,0.10888213,0.45452878,0.2276411,0.479215,0.1929796,0.16606759,0.53513193,0.035803806,0.6899842,0.88587266,0.34485278,0.049359083,0.3322629,0.35523877,0.0,0.0,0.0,0.59218144,0.66212374,0.0,0.30207613,0.0,0.40980828,0.72419816,0.0,0.5456179,0.0,0.321188,0.0,0.0,0.0,0.034845337,0.0,0.66663915,0.0,1.0868841,0.0,0.055208065,0.0,0.0,0.0,0.0,0.54145014,0.0,1.1053851,0.0,0.4817373,0.25832954,0.05039046,0.76086736,0.3673416,0.078904726,1.5395415,0.0,0.60221606,0.059008565,0.5987314,0.50373036,0.5485155,0.8311818,0.5255256,0.0,0.39189422,0.28023577,0.61184275,0.33883718,0.0,0.0,0.0,0.3096849,1.103287,0.25211293,0.0,0.0,0.0,0.9422415,0.18566346,0.06587593,0.0,0.6953573,0.77214617,0.0,0.0,0.0,0.0,0.097510256,0.6734326,0.2903344,1.3114469,0.28187847,0.83123726,1.2155564,0.0,0.0,0.1432581,0.23386154,0.67724556,0.32151935,1.519977,0.32141653,0.82699543,0.0,0.07769956,0.0,0.0,0.0,0.0,0.0,0.3857441,0.5595852,0.44571584,0.026351564,0
0.0,0.41010675,0.0,0.0,1.1641958,0.4406979,0.0,0.64822936,0.0,0.0,0.0,0.25450143,0.7219302,0.0,0.0,0.4769412,0.07989943,0.40370345,0.0,0.8134018,0.0,0.12767746,0.4412162,0.0,0.9329648,0.9008476,0.076547004,0.0,0.23972492,0.7154952,0.0,0.0,0.0,0.3587512,0.67632097,0.0,0.6213811,0.0,0.52501774,0.36759597,0.0,0.5903434,0.0,0.76934576,0.0,0.35793257,0.0,0.0,0.16702874,0.7840793,0.025745125,1.2685505,0.0,0.15217061,0.0,0.0,0.0,0.0,0.91325897,0.0,1.0806,0.0,0.4605243,0.20703362,0.058904313,0.86942166,0.0,0.31762022,1.4467269,0.0,0.882819,0.40437654,0.50473076,0.34010985,0.5169628,0.5632517,0.34402007,0.0,0.09913483,0.12986673,0.32506803,0.32968736,0.0,0.0,0.07873774,0.09950088,1.145178,0.8109358,0.0,0.0,0.0,0.95177346,0.5453668,0.68886393,0.50339556,0.0,0.80673295,0.0,0.0,0.0,0.0,0.24732736,0.25487232,0.38088575,0.8777323,0.4736005,0.40650803,1.5112705,0.06910184,0.0,0.7053509,0.7168687,0.31564832,0.6628827,1.5401156,0.7829397,0.99556327,0.0,0.5799215,0.0,0.0,0.0,0.0,0.0,0.0,0.47372493,0.32893044,0.43024552,0
0.0,0.49111465,0.0,0.0,0.94623643,0.5629773,0.0,0.6558322,0.0,0.0,0.0,0.22976156,0.8030381,0.0,0.06389917,0.1309574,0.0,0.33427227,0.15709543,0.8008752,0.089206405,0.0,0.4195904,0.0,0.8484893,0.7405006,0.0,0.0,0.19931999,0.40563902,0.0,0.0,0.0,0.37985802,0.5834459,0.0,0.7832163,0.0,0.27346984,0.5620061,0.0,0.5863464,0.0,0.66768444,0.0,0.39104405,0.0,0.0,0.12749721,0.7372879,0.0,1.2039454,0.0,0.059640728,0.0,0.0,0.0,0.0,0.7523719,0.0,0.9454129,0.06407665,0.51100826,0.22280042,0.32963425,0.7989208,0.0,0.20898345,1.2782629,0.0,0.71044725,0.44539037,0.57215077,0.4738099,0.30075702,0.64491606,0.14422973,0.0,0.26566413,0.24533153,0.4135294,0.14381957,0.0,0.0,0.0,0.27728704,1.0837585,0.72350734,0.0,0.0,0.054370765,0.8751765,0.3122903,0.32004264,0.35092366,0.18818419,0.7096044,0.0,0.0,0.0,0.0,0.11421388,0.33549735,0.3629829,0.8191447,0.5396074,0.6152415,1.4905125,0.024713522,0.0,0.45699108,0.3943603,0.47754195,0.68639994,1.6679292,0.7290375,0.744407,0.0,0.38336083,0.0,0.0,0.0,0.0,0.0,0.040505048,0.5984687,0.22340544,0.3667214,0
0.2228699,0.0,0.0,0.68042016,1.3745351,0.15805379,0.0,0.4566637,0.0,0.0,0.18796577,1.6370795,0.05789851,0.20899275,0.0,0.0,0.0,0.7343761,0.0,0.5920093,0.13452044,0.0,0.0,0.36778027,0.75242025,1.6508251,0.0,2.1665385,0.11783851,1.1391865,0.0,0.0,0.0,0.4011646,0.48259997,0.0,1.0303634,0.0,0.67688173,0.0,1.126782,0.70842236,0.0,0.0,0.0,0.0,0.0,0.06462057,0.0,0.6259827,0.0,0.0,0.09637047,0.73730993,0.0,0.16033877,0.0,1.483229,1.11656,0.27320853,0.6800536,0.0,0.3773861,0.0,0.0,0.8013279,0.0,0.50771004,2.0080056,0.0,0.0,0.0,0.7191265,0.0,1.3109509,1.4154121,0.0,0.9214829,0.57298106,0.16549918,0.7998297,0.046491895,0.0,0.0,2.4560368,1.6497402,1.6761118,0.24983154,0.0,0.0,0.0,0.2035204,0.25344217,0.0,1.3945862,0.0,0.55322945,0.0,0.0,0.0,0.0,0.1948649,0.76764643,1.0982379,1.3611976,0.0,0.26052138,0.9846072,0.20352691,0.0,0.0,0.41235822,0.46199995,1.8226737,1.4444296,0.20251597,0.34586918,0.0,0.63730025,0.13705683,0.60970795,0.0003473874,0.0,1.2023306,0.0,0.71715355,0.32460898,0.22960368,0
0.0,0.8857635,0.0,0.0,1.3581764,1.049675,0.11623965,0.8125234,0.0,0.30162442,0.0,0.057805013,0.6756995,0.0,0.0,0.725986,0.108953394,0.8372094,0.031162795,0.92159456,0.23967415,0.05107881,0.0,0.0,0.3139467,0.48399308,0.0,0.0,0.740363,0.53253895,0.0,0.0,0.0,0.38013288,0.73522705,0.0,0.45691836,0.0,0.69854945,0.63711584,0.0,1.1079224,0.0,0.42699176,0.0,0.7810923,0.0,0.0,0.05841762,1.0653118,0.024041982,1.5158769,0.0,0.18957548,0.0,0.0,0.0,0.0,1.0738215,0.0,1.3545698,0.0,0.4834484,0.13024445,0.09223714,0.62078846,0.0,0.07196225,1.1532689,0.0,0.24830268,0.7556942,0.20011126,0.34287345,0.47496104,0.45406932,0.0,0.0,0.77767414,0.5901951,0.21203801,0.9862344,0.0,0.0,0.0,0.065344036,0.6838376,0.9744448,0.0,0.0,0.06865417,0.5979076,0.58417606,0.6254836,0.733319,0.0651801,0.77818835,0.0,0.0,0.0,0.0,0.39895552,0.3988258,0.11371088,0.36969233,1.2103492,0.18690419,1.0634916,0.0,0.0,0.69427747,0.6736547,0.47529176,1.0331725,1.2747974,1.1764663,1.1831087,0.0,0.5331883,0.0,0.0,0.0,0.0,0.0,0.0,0.43609416,0.0,0.59457684,1
0.0,0.8602375,0.0,0.0,1.1638188,0.6431816,0.0949021,1.1640111,0.0,0.077674404,0.0,0.063073404,0.6840061,0.0,0.028815126,0.97752124,0.0,0.6990248,0.33065498,0.74907947,0.30108777,0.0,0.2758412,0.0,0.2713413,0.3364558,0.11123922,0.0,0.48388925,0.45386097,0.0,0.0,0.0,0.40003645,0.8310947,0.0,0.059589606,0.0,0.54857457,0.59697616,0.0,1.0580435,0.0,0.42582121,0.0,0.5937746,0.0,0.0,0.0013021589,0.5828408,0.17462581,1.113831,0.0059553836,0.6136022,0.0,0.0,0.0,0.0,0.79257965,0.0,1.1712343,0.0,0.184506,0.2623223,0.12996842,0.42142022,0.0,0.2613441,0.99585617,0.0,0.43633285,0.24902521,0.11182241,0.48015872,0.6355476,0.19178338,0.08983307,0.0,0.51778024,0.62814546,0.19973795,0.35143334,0.0,0.0,0.0,0.0,0.5231901,0.77261055,0.0,0.0,0.0,0.95647544,0.8016968,0.5634696,0.49562883,0.0,0.5367489,0.20503658,0.0,0.0,0.0,0.21166827,0.4866892,0.05192724,0.52439696,0.48977497,0.317908,1.355132,0.0,0.0,0.7246766,0.93045247,0.33680558,1.0218917,1.1944329,0.7303579,1.1503152,0.0,0.22670597,0.0,0.0,0.0,0.0,0.0,0.0,0.31398517,0.024897918,0.5240595,1
0.0,0.42238405,0.0,0.33764443,1.0272304,0.27704483,0.0,0.825402,0.0,0.0,0.0,0.60216033,0.64995253,0.0,0.0,0.38748866,0.06770828,0.720215,0.0,0.9514064,0.0541197,0.13219632,0.0,0.0,0.656109,0.7488768,0.0,0.0,0.20124713,1.1066931,0.0,0.0,0.0,0.38471788,0.5558063,0.0,0.72091466,0.0,0.36284387,0.0,0.0402662,1.0035667,0.0,0.18663089,0.0,0.19120455,0.0,0.0,0.24269544,0.8542024,0.03491023,1.2073011,0.0,0.16365132,0.0,0.0,0.0,0.115154214,0.6525668,0.0,0.7426038,0.26688772,0.73812175,0.05002328,0.0,1.1247244,0.0,0.5029848,1.3142296,0.0,0.43002075,0.24902849,0.2550299,0.0,0.57677674,0.73725915,0.0,0.52133137,0.0,0.46547186,0.5461196,0.20212251,0.0,0.0,0.78608084,0.5173531,1.3008814,0.7105163,0.0,0.0,0.32123291,0.5257474,0.47680047,0.5799869,0.7825011,0.0,0.8829236,0.0,0.0,0.0,0.0,0.18431029,0.44503918,0.5676385,0.9772483,0.034191225,0.56038,1.1653557,0.0,0.0,0.63500094,0.4852955,0.70393085,1.190148,1.3820119,0.6999395,0.98873127,0.0,0.51780427,0.0,0.0,0.0,0.0,0.0,0.0,0.7532742,0.2882009,0.54661405,0
0.0,0.5797004,0.0,0.0,0.6791988,0.731458,0.012276416,0.50285107,0.0,0.105791494,0.0,0.5287106,0.79343444,0.0,0.0,0.0,0.13840955,0.17105862,0.0,0.32871887,0.049296178,0.030279528,0.6210478,0.0,0.7553082,0.9681037,0.09912074,0.0,0.33429492,0.15664798,0.0,0.0,0.0,0.371921,0.5081559,0.0,0.713006,0.0,0.16417487,0.6903024,0.0,0.48556978,0.0,0.44342542,0.0,0.20471722,0.0,0.0,0.0,0.672202,0.0,1.143988,0.0,0.0,0.0,0.0,0.0,0.0,0.67306536,0.0,1.0907347,0.034945186,0.495842,0.14560707,0.28321803,0.8178293,0.21949352,0.11690495,1.41035,0.0,0.46869278,0.39017555,0.999455,0.8379402,0.1470659,1.0940034,0.45913,0.0,0.33265,0.0,0.91197485,0.5658666,0.0,0.0,0.0,0.44560924,1.2466174,0.43333635,0.0,0.0,0.3302851,0.9443837,0.0,0.0,0.011173524,0.66478205,0.6692393,0.0,0.0,0.0,0.0,0.14851388,0.6604277,0.28551307,1.131725,0.31309426,0.72151864,1.2706661,0.0700563,0.0,0.6330346,0.21854231,0.570065,0.25438192,1.6658788,0.42537445,1.216123,0.0,0.40075484,0.0,0.0,0.0,0.0,0.0,0.5594494,0.41873276,0.39839953,0.23026252,0
0.0,0.86258775,0.0,0.0,1.1993464,1.3943315,0.17750268,0.9739902,0.0,0.46768293,0.0,0.15156251,0.75275433,0.0,0.0,0.018318916,0.3049312,0.6071748,0.0,0.7985162,0.0,0.0,0.29463497,0.0,0.3679259,0.67283857,0.10171036,0.0,0.6413324,0.57595354,0.0,0.0,0.0,0.28328314,0.89345556,0.0,0.52083844,0.0,0.52242947,0.4307351,0.0,1.008637,0.0,0.0,0.0,0.596943,0.0,0.0,0.0,1.2850388,0.0,1.5335883,0.0,0.0,0.0,0.0,0.0,0.0,1.0049407,0.0,1.4164258,0.0,0.29284492,0.17036365,0.059004016,0.7954132,0.0,0.10656141,1.0246338,0.0,0.53707314,0.91797334,0.3500805,0.67287004,0.31506398,0.592769,0.23680033,0.0,0.58655065,0.26787332,0.8175825,1.1067164,0.0,0.0,0.0,0.15147837,0.7855144,0.82215023,0.0,0.0,0.18476848,0.23744026,0.14073046,0.0,0.27198493,0.24102403,0.71069366,0.0,0.0,0.0,0.0,0.49806988,0.34070805,0.0,0.9673754,1.0933353,0.40564165,1.0168657,0.0,0.0,0.7183157,0.14941186,0.4296465,0.63095665,1.2093327,0.84173477,1.7078105,0.0,0.73484325,0.0,0.0,0.0,0.0,0.0,0.25602224,0.6378802,0.120137915,0.79710495,1
0.0,0.30991527,0.0,0.0,0.49836242,0.2694757,0.04492089,0.32887185,0.0,0.12105868,0.0,0.67727417,0.3987715,0.0,0.0,0.0,0.0,0.17492676,0.0,0.15536006,0.09648793,0.009820025,0.0,0.0,0.3030145,0.8826587,0.0,0.33135894,0.26422215,0.45183414,0.0,0.09074334,0.0,0.8021563,0.4055608,0.0,0.5830863,0.0,0.09876118,0.6112453,0.5813839,0.24903537,0.0,0.0,0.0,0.0,0.0,0.5517042,0.0,0.5989519,0.0,0.49822628,0.0,0.0,0.0,0.0,0.0,0.1149868,0.32457516,0.0,0.7824235,0.7482962,0.517317,0.0,0.0,0.65160686,0.0,0.1475875,0.9205994,0.0,0.24999027,0.11070007,0.3165174,0.35757652,0.3134864,0.6272759,0.17326632,0.20549285,0.21708019,0.0,0.86227685,0.53791714,0.0,0.0,0.31522045,0.47186384,0.75482893,0.06603524,0.0,0.0,0.64997596,0.59566367,0.0,0.0,0.043130465,0.61954314,0.5179357,0.04629061,0.0,0.0,0.0,0.14547847,0.6815742,0.55525523,1.2218128,0.3508704,0.31075424,0.5100353,0.0,0.0,0.34028742,0.57400405,0.775304,0.25609502,1.0506408,0.5665122,0.61632854,0.0,0.06860921,0.0,0.0,0.0,0.0,0.09749531,0.5489683,0.0,0.39771295,0.22017545,0
0.0,1.060391,0.0,0.0,1.2341379,1.2916313,0.18398869,1.0278867,0.0,0.8209225,0.0,0.4816552,0.56177515,0.0,0.0,0.5316899,0.38731396,0.82723296,0.0,0.38101313,0.01538588,0.0,0.06546005,0.0,0.25082853,0.7661422,0.13799764,0.0,0.9972155,0.98660344,0.0107600745,0.0,0.0,0.2445721,0.8442552,0.0,0.14525257,0.0,0.7542118,0.34468353,0.0,1.0826211,0.0,0.11330222,0.0,0.38619778,0.0,0.0,0.0,1.0212736,0.0,1.11815,0.0,0.031267755,0.0,0.0,0.0,0.0,0.88025045,0.26753157,1.4171627,0.0,0.0,0.098414294,0.0,0.49010444,0.12256103,0.062419977,1.0932642,0.0,0.1804756,0.74797565,0.2964385,0.78019136,0.82130826,0.5417566,0.37269887,0.0,0.775286,0.20946288,0.53262234,1.4008329,0.0,0.0,0.0,0.043815944,0.64860964,0.58413774,0.0,0.0,0.0,0.30425322,0.74740833,0.18230647,0.33332187,0.56211764,0.31284496,0.2872224,0.0,0.0,0.0027183152,0.63744915,0.43060905,0.0,0.6944665,1.1284419,0.18095298,0.50232846,0.0,0.0,0.7323676,0.9463515,0.5384591,0.6311876,0.91839457,0.80454135,1.7441951,0.0,0.6270557,0.0,0.0,0.0,0.0,0.5842196,0.28558356,0.12018861,0.0846627,1.143541,1
0.10135431,0.88419336,0.0,0.0,0.7001387,0.8009568,0.27312288,0.7722603,0.0,0.46097037,0.0,0.41804662,0.45332175,0.0,0.0,0.03745539,0.20166864,0.44921774,0.0,0.1596674,0.07017456,0.028816279,0.17802525,0.0,0.39621302,0.71594876,0.1711341,0.08379446,0.6171941,0.8144091,0.0,0.0,0.0,0.39092636,0.80114216,0.0,0.11150972,0.0,0.26511845,0.29801062,0.12828912,0.5809395,0.0,0.0,0.0,0.2558827,0.0,0.15352264,0.0,0.7195034,0.0,0.88646877,0.0,0.0,0.0,0.0,0.0,0.0,0.66015285,0.0,1.1498884,0.0,0.2721025,0.15109365,0.0,0.33548763,0.0,0.19516976,0.8267353,0.0,0.32331178,0.36772457,0.12854119,0.5043243,0.5495637,0.6996891,0.23113587,0.0,0.40183744,0.0,0.9782381,1.0932698,0.0,0.010175834,0.0,0.29290667,0.5355249,0.26201308,0.0,0.0,0.1617434,0.42868334,0.026706053,0.0,0.022686295,0.4441403,0.53851634,0.04891554,0.0,0.0,0.0,0.3503291,0.42019913,0.2690392,0.8606148,0.9715886,0.15948759,0.39328304,0.0,0.0,0.77044034,0.7530065,0.4553078,0.3378833,0.8171365,0.55944157,1.3226022,0.0,0.16556203,0.0,0.0,0.0,0.0,0.21046793,0.21210836,0.0,0.42827368,0.7863839,1
0.0,0.67880106,0.0,0.16942868,0.96033156,0.8846579,0.0,0.6054255,0.0,0.3138007,0.0,0.0,0.85437155,0.0,0.0,0.08481666,0.0,0.37424612,0.06216843,0.62866265,0.02723072,0.0,0.39740777,0.0,0.43844408,0.52044094,0.0,0.0,0.42198846,0.2377307,0.0,0.0,0.0,0.30224,0.53792936,0.0,0.47375384,0.0,0.2795559,0.5613841,0.0,0.7486059,0.0,0.7481013,0.0,0.6061455,0.0,0.0,0.0,0.82397974,0.0,1.2891293,0.0,0.0,0.0,0.0,0.0,0.0,0.9974978,0.0,1.1957661,0.0,0.45911595,0.31288227,0.2996411,0.5188111,0.0,0.1026234,1.0033418,0.0,0.65223515,0.5626165,0.54614365,0.6654263,0.11683902,0.6350098,0.033107877,0.0,0.282889,0.0114271045,0.40989727,0.5449523,0.0,0.0,0.0,0.07655449,0.88452643,0.790453,0.0,0.0,0.054309312,0.748923,0.17227192,0.0036270302,0.33931872,0.2806477,0.6930823,0.0,0.0,0.0,0.0,0.09915384,0.49945408,0.070844084,0.5783946,0.9030159,0.5412846,1.341059,0.018125897,0.0,0.52902067,0.2817791,0.33669925,0.55140746,1.3955929,0.8160553,1.0441923,0.0,0.672938,0.0,0.0,0.0,0.0,0.0,0.08125169,0.6665951,0.19782445,0.47506097,0
0.0,1.2421049,0.0,0.0,1.7415324,1.243313,0.15833366,1.0503478,0.0,0.52430093,0.0,0.39212975,0.4207661,0.0,0.0,0.6870352,0.43470308,1.0798149,0.0,1.0838034,0.12694588,0.0,0.384704,0.0,0.57337075,0.59860504,0.1325323,0.0,0.8308266,1.1483203,0.0,0.0,0.0,0.18764108,1.1816107,0.0,0.35087976,0.0,1.126092,0.48705587,0.0,1.0621686,0.0,0.21644554,0.0,0.7691985,0.0,0.0,0.0,1.407162,0.0,1.5724571,0.0,0.31192163,0.0,0.0,0.0,0.0,1.3594756,0.0,1.4755431,0.0,0.064276084,0.0,0.0,0.5041953,0.25323796,0.072277844,1.4760387,0.0,0.3201107,1.0877028,0.0,0.4788922,0.78575265,0.5732377,0.37312055,0.0,0.87019163,0.6711223,0.5849281,1.0599182,0.0,0.0,0.0,0.1917728,0.7576079,1.1032934,0.0,0.0,0.0,0.4561124,0.5769814,0.5609378,0.8103685,0.0,0.67903095,0.0,0.0,0.0,0.0,0.63795376,0.04981734,0.031005563,0.9211832,1.4058788,0.26082164,0.9420674,0.0,0.0,0.577101,0.75151193,0.562454,1.2856399,1.3527193,0.90834343,1.5519105,0.0,1.0077602,0.0,0.0,0.0,0.0,0.11479538,0.0,0.4605019,0.20793867,0.6753907,1
0.0,0.93626773,0.0,0.0,1.2223897,1.3594296,0.23288138,0.9043295,0.0,0.50167006,0.0,0.25372025,0.556509,0.0,0.0,0.30312932,0.39328697,0.7571779,0.0,0.7331841,0.084589474,0.0,0.27778894,0.0,0.11260802,0.3653493,0.09216484,0.0,0.7208942,0.70137143,0.0,0.0,0.0,0.369761,0.9918168,0.0,0.19233924,0.0,0.51393783,0.40975446,0.0,0.9445136,0.0,0.0,0.0,0.5911877,0.0,0.0,0.0,1.162901,0.0,1.3382801,0.0,0.0,0.0,0.0,0.0,0.0,0.9244016,0.0,1.2980506,0.0,0.37912023,0.09419765,0.039167613,0.50214416,0.09665937,0.12836914,0.91584843,0.0,0.20066036,0.78619224,0.06981626,0.47811428,0.41418934,0.5224294,0.18901797,0.0,0.498289,0.30347303,0.41879034,1.0003507,0.0,0.0,0.0,0.0,0.46805593,0.6999626,0.0,0.0,0.10284782,0.075868174,0.34213787,0.022304935,0.34146643,0.15477623,0.6494702,0.0,0.0,0.0,0.0,0.54449856,0.39961153,0.0,0.7157663,1.2357237,0.1950661,0.8096449,0.0,0.0,0.6483796,0.3980626,0.49340844,0.8171544,0.9685575,0.8927443,1.5031587,0.0,0.56069106,0.0,0.0,0.0,0.0,0.0,0.21982457,0.53023696,0.0,0.58898765,1
0.0,0.62012696,0.0,0.0,1.0250988,0.90232545,0.0,0.6174414,0.0,0.21059683,0.0,0.6086606,0.8070196,0.0,0.0,0.043332722,0.047672532,0.28104252,0.08407306,0.5075594,0.013205455,0.007527638,0.67888075,0.0,0.61200565,0.86771226,0.35850015,0.0,0.4147275,0.33225694,0.0,0.0,0.0,0.40356582,0.5561588,0.0,0.5829527,0.0,0.38950634,0.7143797,0.0,0.64582115,0.0,0.5420277,0.0,0.45566106,0.0,0.0,0.0,0.6808235,0.0,1.1908432,0.0,0.0,0.0,0.0,0.0,0.0,0.9207141,0.0,1.3551517,0.0,0.3746507,0.4471596,0.26055554,0.70161945,0.22184317,0.08143532,1.3881316,0.0,0.62315804,0.62459284,0.82535756,0.8005091,0.13630813,1.0687275,0.3941249,0.0,0.37676632,0.0,0.7981004,0.5776484,0.0,0.0,0.0,0.23198275,1.0998689,0.6973161,0.0,0.0,0.17333786,0.96744543,0.049466264,0.011220856,0.19937465,0.44476599,0.81707716,0.0,0.0,0.0,0.0,0.23356786,0.59544903,0.0018831503,1.0125543,0.5844362,0.7859531,1.3256141,0.0,0.0,0.500193,0.30255783,0.5430308,0.4589051,1.5161291,0.61528933,1.2496291,0.0,0.44100234,0.0,0.0,0.0,0.0,0.0,0.38447303,0.48484638,0.5072721,0.36719757,0
0.0,0.5290809,0.0,0.0,0.71928924,0.84283894,0.17584349,0.63359237,0.0,0.19678797,0.0,0.48631296,0.5339605,0.0,0.0,0.19880651,0.18808705,0.26724586,0.0,0.44107386,0.0,0.0,0.0,0.01570883,0.41996938,0.6743976,0.0,0.07015472,0.3982717,0.68306327,0.0,0.0,0.0,0.59174645,0.6816744,0.0,0.41861573,0.0,0.1999846,0.36010647,0.07264684,0.8959028,0.0,0.0,0.0,0.0974358,0.0,0.2207807,0.0,0.9294054,0.0,0.95396674,0.0,0.0,0.0,0.0,0.0,0.0,0.72048604,0.0,0.9468216,0.2407498,0.51255995,0.08573904,0.074242376,0.72131026,0.015765348,0.2743151,1.0455825,0.0,0.23963648,0.35530487,0.29882354,0.5470104,0.1806782,0.7592732,0.18136244,0.04469563,0.3232121,0.0,0.7148733,0.79175806,0.0,0.0,0.11765881,0.34231052,0.70766145,0.34116662,0.0,0.0,0.54463005,0.30913597,0.1075927,0.0,0.12707889,0.6167275,0.5950566,0.0,0.0,0.0,0.0,0.33319345,0.76122177,0.32987738,1.0337343,0.4292461,0.33928207,0.47732857,0.0,0.0,0.69119567,0.47964716,0.850254,0.41672847,1.1119554,0.5440402,1.0283369,0.0,0.11923006,0.0,0.0,0.0,0.0,0.07723433,0.34575775,0.08876179,0.39412433,0.6542107,0
0.0,0.5760599,0.0,0.0,1.2749716,0.9480359,0.0,0.7154288,0.0,0.0,0.0,0.548437,0.75291026,0.0,0.0,0.28362808,0.006898283,0.51572424,0.0,0.7732004,0.09473953,0.0,0.54283684,0.0,0.78507996,0.7874808,0.29645163,0.0,0.36768335,0.6403835,0.0,0.0,0.0,0.22465457,0.68819565,0.0,0.5625222,0.0,0.49774295,0.7037074,0.0,0.8195419,0.0,0.5567827,0.0,0.531403,0.0,0.0,0.122831315,0.79429775,0.0,1.2045075,0.0,0.0,0.0,0.0,0.0,0.0,0.76032203,0.0,1.1927094,0.0,0.4305145,0.13855435,0.18637013,0.7625583,0.06841234,0.14807026,1.4989343,0.0,0.7387742,0.55150276,0.68079215,0.5401733,0.3889952,0.8725522,0.3673661,0.0,0.34986845,0.2865224,0.69071287,0.43692806,0.0,0.0,0.0,0.31664616,1.1749945,0.7839232,0.0,0.0,0.0,0.9839192,0.27838752,0.3657409,0.36288843,0.1829833,0.7342521,0.0,0.0,0.0,0.0,0.04563611,0.52143896,0.24782804,1.047314,0.63652277,0.5830665,1.4331359,0.0,0.0,0.4949189,0.4569863,0.3461637,0.7884469,1.6181464,0.7580782,1.1699055,0.0,0.6055541,0.0,0.0,0.0,0.0,0.0,0.07081541,0.57516736,0.3605157,0.519742,0
0.0,0.50418156,0.0,0.1592436,0.70469356,0.8368184,0.043198388,0.68584466,0.0,0.06867019,0.0,0.29406562,0.8105606,0.0,0.0,0.0,0.13489655,0.26090604,0.0,0.33168304,0.0,0.18582506,0.08985006,0.0,0.27568778,0.83160406,0.009213545,0.0,0.3244316,0.51055485,0.0,0.0,0.0,0.44086996,0.47368175,0.0,0.39554012,0.0,0.18032062,0.3985501,0.0,0.84510034,0.0,0.12191311,0.0,0.14708956,0.0,0.0,0.0,0.8349193,0.0,1.0021442,0.0,0.0,0.0,0.0,0.0,0.0,0.72707415,0.0,1.0521808,0.036733713,0.65699416,0.19793163,0.334611,0.76793164,0.0031233826,0.20102125,1.1585155,0.0,0.3977442,0.46442196,0.54054743,0.66895896,0.002412471,0.79730123,0.2863464,0.0,0.34552956,0.009799145,0.6876682,0.7213317,0.0,0.0030688448,0.0,0.34172264,0.82627827,0.43644777,0.0,0.0,0.6324335,0.363943,0.0,0.0,0.13024667,0.4842422,0.7221948,0.0,0.0,0.0,0.0,0.17301448,0.79496497,0.17706355,0.98088443,0.63334644,0.59653175,0.93608165,0.0,0.0,0.606685,0.13858695,0.7866274,0.17607999,1.2115893,0.57771873,1.110335,0.0,0.5014002,0.0,0.0,0.0,0.0,0.0,0.24848633,0.49903703,0.2902247,0.3758045,0
0.0,0.80606073,0.0,0.0,0.7934387,0.66487586,0.0,0.8604081,0.0,0.075315416,0.0,0.21570748,0.6931815,0.0,0.0,0.44474074,0.0,0.4365792,0.36073872,0.34468266,0.18603504,0.123831,0.19466905,0.0,0.42654797,0.5654851,0.27280018,0.0,0.3988063,0.39082083,0.0,0.0,0.0,0.4724309,0.70341384,0.0,0.20724162,0.0,0.38025764,0.5230594,0.0,0.8326425,0.0,0.6142727,0.0,0.28129295,0.0,0.0,0.0,0.39700225,0.14724138,1.0148367,0.0,0.13751997,0.0,0.0,0.0,0.0,0.78363127,0.0,1.1718173,0.0,0.6108496,0.29757088,0.27417815,0.504929,0.016100058,0.1233034,1.0921556,0.0,0.48697773,0.3327488,0.41460136,0.46431285,0.24870351,0.6411607,0.20333163,0.0,0.3887021,0.4237237,0.4351294,0.3084913,0.0,0.0,0.0,0.1360795,0.63442904,0.5201058,0.0,0.0,0.0,0.7595328,0.4812415,0.26809052,0.14518842,0.41528687,0.66738105,0.0,0.0,0.0,0.0,0.11913075,0.8656455,0.27818078,0.8282395,0.4775633,0.56527376,1.190077,0.0,0.0,0.5547444,0.72544086,0.54236394,0.76818,1.270534,0.56349564,1.046898,0.0,0.11942133,0.0,0.0,0.0,0.0,0.0,0.294658,0.30910495,0.31061006,0.33182895,0
0.0,0.67013204,0.0,0.0,0.8315698,0.69942063,0.09839761,0.6522488,0.0,0.087389596,0.0,0.482002,0.7119799,0.0,0.0,0.05149811,0.19253448,0.34538817,0.0,0.38455635,0.0,0.15648833,0.028450675,0.04907444,0.26768085,0.84870505,0.0,0.0,0.36310425,0.4582072,0.0,0.0,0.0,0.63667357,0.80034554,0.0,0.2803378,0.0,0.14840607,0.39853224,0.0,0.8912437,0.0,0.0,0.0,0.00036525977,0.0,0.0,0.0,0.8944709,0.0,1.1271458,0.0,0.0,0.0,0.0,0.0,0.0,0.8439796,0.0,1.1270891,0.0,0.72027016,0.32339796,0.15421923,0.74355274,0.044893596,0.23483495,1.161618,0.0,0.5095129,0.22860688,0.33293238,0.5979217,0.18381299,0.7736264,0.3809308,0.0,0.5022425,0.19744036,0.82155806,0.7574199,0.0,0.0,0.0,0.41722673,0.77032405,0.52149135,0.0,0.0,0.6564523,0.72444826,0.16524775,0.0841583,0.032474913,0.5409555,0.7116422,0.0,0.0,0.0,0.0,0.4258204,0.870237,0.084616065,1.1077611,0.3819334,0.71261513,0.7918151,0.0,0.0,0.5139971,0.36105034,0.87695676,0.28552464,1.1904767,0.4468414,1.29693,0.0,0.20760146,0.0,0.0,0.0,0.0,0.0,0.3086958,0.2792002,0.4719984,0.37181666,0
0.0,0.755141,0.0,0.0,0.8972541,0.6264773,0.0,0.70211184,0.0,0.0,0.0,0.085619725,0.5977768,0.0,0.0,0.6006944,0.0681914,0.5957127,0.22907372,0.4081166,0.08163477,0.17341655,0.17598037,0.0,0.40944535,0.4147805,0.26388437,0.0,0.33601117,0.64824927,0.0,0.0,0.0,0.6796299,1.0296226,0.0,0.1197927,0.0,0.6276348,0.698889,0.0,0.80797374,0.0,0.4691885,0.0,0.4328842,0.0,0.0,0.10756242,0.6198063,0.06698277,1.1748197,0.0,0.14116041,0.0,0.0,0.0,0.0,0.95192707,0.0,1.1545867,0.0,0.75093806,0.41228402,0.18906401,0.4441461,0.0,0.396596,1.2005877,0.0,0.4224455,0.37605178,0.51592827,0.34088582,0.50217116,0.6564717,0.15940379,0.0,0.29724592,0.41753116,0.17286953,0.46432847,0.0,0.0,0.0,0.07268733,0.7871073,0.56932354,0.0,0.0,0.0,0.81807774,0.58713216,0.40571663,0.4139611,0.08962432,0.7057788,0.0,0.0,0.0,0.0,0.4223543,0.804508,0.20422694,0.6836855,0.5489658,0.48628297,1.0583892,0.0,0.0,0.70091414,0.90631115,0.46425492,0.7200483,1.3127693,0.70752776,1.2021278,0.0,0.2506805,0.0,0.0,0.0,0.0,0.0,0.09327657,0.28594065,0.3470667,0.30814528,0
0.0,0.7615075,0.0,0.0,1.1532149,1.0347192,0.0,0.74652934,0.0,0.24016412,0.0,0.60523355,0.7704592,0.0,0.0,0.0048931483,0.23899883,0.38131213,0.0,0.7778673,0.025544653,0.006339263,0.48200902,0.0,0.7176932,0.80172694,0.16957204,0.0,0.43046236,0.6148274,0.0,0.0,0.0,0.35673523,0.6655332,0.0,0.62410504,0.0,0.33833817,0.5271326,0.0,0.70105374,0.0,0.41501454,0.0,0.35236102,0.0,0.0,0.0,0.962879,0.0,1.3101262,0.0,0.0,0.0,0.0,0.0,0.0,0.768412,0.0,1.3023373,0.0,0.26786044,0.26010728,0.12638155,0.83641136,0.2652178,0.10650052,1.2926273,0.0,0.67489356,0.67542976,0.577702,0.76002747,0.2844594,0.9093223,0.4208764,0.0,0.4711909,0.14366584,0.91253,0.7318134,0.0,0.0,0.0,0.26857272,1.016785,0.7608712,0.0,0.0,0.05044428,0.63122565,0.0908861,0.004752351,0.17729796,0.51126206,0.76252913,0.0,0.0,0.0,0.0,0.21867403,0.3000827,0.035645366,1.207942,0.84279907,0.6569333,1.2241362,0.0044775964,0.0,0.4290518,0.16134614,0.5781426,0.54397786,1.5743561,0.6436867,1.2818831,0.0,0.5723095,0.0,0.0,0.0,0.0,0.0,0.3989449,0.7132809,0.36776578,0.45647487,0
0.0,0.62947065,0.0,0.1484324,0.8332167,0.6900168,0.0,0.57260907,0.0,0.037185416,0.0,0.27908292,0.7134388,0.0,0.0,0.061197814,0.052648965,0.1716467,0.22152753,0.573745,0.0,0.067203715,0.34036964,0.0,0.6383282,0.8617665,0.0,0.0,0.2016929,0.54050183,0.0,0.0,0.0,0.43266746,0.65295553,0.0,0.46348274,0.0,0.14234304,0.38798037,0.0,0.67002624,0.0,0.6523777,0.0,0.26246983,0.0,0.0,0.0,0.78475213,0.0,1.075032,0.0,0.0,0.0,0.0,0.0,0.0,0.7631216,0.0,1.0235387,0.0,0.46425244,0.42413273,0.24578777,0.6448569,0.0056703635,0.19878224,1.1993685,0.0,0.75657994,0.3255377,0.72224784,0.58151186,0.12112202,0.66024274,0.19361109,0.0,0.099538155,8.5473e-05,0.46745273,0.47678232,0.0,0.0,0.0,0.14702694,0.8598631,0.50517446,0.0,0.0,0.16357045,0.7292923,0.091726735,0.26108816,0.22500348,0.34147498,0.87096226,0.0,0.0,0.0,0.0,0.036115922,0.57818377,0.05523306,0.8117889,0.64253366,0.62965554,1.1041276,0.0,0.0,0.52263075,0.2873088,0.5032606,0.31174263,1.4267949,0.58300173,1.106738,0.0,0.5391873,0.0,0.0,0.0,0.0,0.0,0.21202655,0.55299973,0.3464881,0.36833474,0
0.0,0.608123,0.0,0.0,0.93171185,0.84752935,0.094816,0.60112584,0.0,0.18111834,0.0,0.24153045,0.8884383,0.0,0.0,0.0,0.10861352,0.15059763,0.0,0.31426203,0.0,0.0,0.52295923,0.0,0.6753855,0.8181434,0.16965458,0.0,0.2964029,0.25827953,0.0,0.0,0.0,0.31537277,0.64281005,0.0,0.62097687,0.0,0.4418487,0.6759912,0.0,0.5337129,0.0,0.49727416,0.0,0.3763717,0.0,0.0,0.0,0.7556149,0.0,1.3302174,0.0,0.0,0.0,0.0,0.0,0.0,0.8357569,0.0,1.1676788,0.0,0.53781533,0.22620218,0.44583452,0.74548084,0.0,0.16592912,1.2098602,0.0,0.63820565,0.60064846,0.7871487,0.8463613,0.05808217,1.0781697,0.4062625,0.0,0.29410183,0.0990078,0.7698666,0.55747104,0.0,0.0,0.0,0.34560922,1.2267748,0.63808936,0.0,0.0,0.38008058,0.87286896,0.09677294,0.0,0.033701636,0.51767987,0.8006381,0.0,0.0,0.0,0.0,0.15705067,0.64990026,0.21342605,0.9910589,0.5569406,0.7863882,1.337138,0.0,0.0,0.77676606,0.17587852,0.5661935,0.33380795,1.389746,0.58913577,1.2842835,0.0,0.5647471,0.0,0.0,0.0,0.0,0.0,0.18625836,0.51188886,0.36010718,0.35847914,0
0.0,0.4982923,0.0,0.14388436,0.87179476,0.6123657,0.0,0.4179041,0.0,0.23566516,0.0,0.41901872,0.77422297,0.0,0.0,0.18153802,0.04343546,0.19707143,0.109743126,0.39485213,0.0,0.08920541,0.30464938,0.0,0.66131103,0.9590294,0.016682534,0.0,0.16148213,0.4176797,0.0,0.0,0.0,0.28648224,0.5443336,0.0,0.415369,0.0,0.38837138,0.47544852,0.0,0.67360044,0.0,0.48482037,0.0,0.40102717,0.0,0.0,0.0,0.8902204,0.0,1.0259475,0.0,0.0,0.0,0.0,0.0,0.0,0.79420364,0.0,0.9299662,0.0,0.47636405,0.14736585,0.26538533,0.65345836,0.0,0.1496049,1.1036446,0.0,0.56459874,0.43268302,0.8357101,0.61148673,0.16503938,0.7615616,0.2819759,0.0,0.1586102,0.0,0.41642347,0.458971,0.0,0.0,0.0,0.37596217,1.0553148,0.45864475,0.0,0.0,0.1891188,0.7991292,0.10687184,0.18275042,0.2105455,0.40482152,0.8492539,0.0,0.0,0.0,0.0,0.055217072,0.5883301,0.32601056,0.79094994,0.65995747,0.52838427,1.40628,0.0,0.0,0.6712422,0.34307167,0.48616958,0.3967374,1.4418945,0.6864879,1.2648815,0.0,0.59894454,0.0,0.0,0.0,0.0,0.0,0.26444834,0.35907978,0.36553323,0.3284927,0
0.0,0.6215909,0.0,0.0,0.7708027,0.958867,0.15268883,0.5176307,0.0,0.35266727,0.0,0.509678,0.74994075,0.0,0.0,0.0,0.15645543,0.20605013,0.0,0.2549625,0.0,0.058315318,0.106727436,0.0,0.6233189,1.0366399,0.0,0.0,0.43149146,0.4483498,0.0,0.0,0.0,0.44951022,0.5828319,0.0,0.57347316,0.0,0.13136934,0.65741456,0.0,0.88472843,0.0,0.0,0.0,0.18968235,0.06327017,0.0,0.0,1.0061759,0.0,1.0888753,0.0,0.0,0.0,0.0,0.0,0.0,0.6740908,0.0,1.0892805,0.0,0.42767933,0.24725488,0.23824261,0.8096788,0.0,0.16213734,1.1111041,0.0,0.41339564,0.5471234,0.67676014,0.80247027,0.0036658878,0.9125793,0.4793639,0.0,0.46221775,0.0,0.7880885,0.8595593,0.0,0.0,0.0,0.3381355,0.8992011,0.2920225,0.0,0.0,0.5942005,0.4177198,0.0,0.0,0.116301745,0.7280043,0.837824,0.0,0.0,0.0,0.0,0.19843033,0.70589656,0.13658547,1.0991427,0.6698276,0.41053972,0.87436575,0.0,0.0,0.6442642,0.23979639,0.7104843,0.22356308,1.3170614,0.6380952,1.2782109,0.0,0.45040807,0.0,0.0,0.0,0.0,0.0,0.5692904,0.3504834,0.3562556,0.41692966,0
0.0,0.718623,0.0,0.0,0.84717494,0.95709103,0.08215089,0.54888916,0.0,0.10757088,0.0,0.4185582,0.83055836,0.0,0.0,0.11340105,0.18010718,0.22337213,0.0,0.43584514,0.0,0.11635894,0.38383004,0.0,0.593387,1.060056,0.03793338,0.0,0.48028174,0.24219546,0.003825834,0.0,0.0,0.40481701,0.7393998,0.0,0.47587293,0.0,0.35453162,0.723033,0.0,0.73453337,0.0,0.40376073,0.0,0.3837813,0.0,0.0,0.0,0.7296078,0.0,1.1871027,0.0,0.0,0.0,0.0,0.0,0.0,0.8806639,0.0,1.3962332,0.0,0.46066043,0.31509826,0.22739969,0.5993215,0.15403245,0.16719796,1.3661236,0.0,0.5449768,0.4790739,0.8535848,0.7128628,0.12841335,1.0491548,0.39644566,0.0,0.35107127,0.0,0.5871946,0.7826443,0.0,0.0,0.0,0.44182035,1.2056057,0.5584684,0.0,0.0,0.43579197,0.89543176,0.12505732,0.0155099165,0.146908,0.50151813,0.6928866,0.0,0.0,0.0,0.0,0.056007273,0.63413024,0.03272444,0.79211545,0.5574161,0.5415553,1.0691439,0.0,0.0,0.7782463,0.43790203,0.46222502,0.34988165,1.4875777,0.6657423,1.3445091,0.0,0.4823868,0.0,0.0,0.0,0.0,0.0,0.2118708,0.32625788,0.3298215,0.41189843,0
0.0,0.7232365,0.0,0.0,1.399867,1.3347508,0.03609127,0.9227607,0.0,0.13050753,0.0,0.16316113,0.6407374,0.0,0.0,0.61959463,0.2842753,0.66704947,0.0,1.0724483,0.0,0.089500226,0.050680675,0.0,0.56784743,0.59461725,0.18493098,0.0,0.7328837,0.9111834,0.0,0.0,0.0,0.40779352,0.8072597,0.0,0.33866024,0.0,0.81796926,0.40388483,0.0,1.0657663,0.0,0.22436884,0.0,0.811948,0.0,0.0,0.0,1.1450344,0.0,1.4701616,0.0,0.0,0.0,0.0,0.0,0.0,1.0410542,0.0,1.538619,0.0,0.40489376,0.18817328,0.0,0.6727299,0.0,0.1845599,1.3961601,0.0,0.6036139,0.81391245,0.25456053,0.45435765,0.6591914,0.41132048,0.21811952,0.0,0.72276837,0.28721106,0.36542168,0.85148853,0.0,0.0,0.0,0.08018713,0.7780949,1.1343476,0.0,0.0,0.070429154,0.62468153,0.4656462,0.6718914,0.5516674,0.0,0.43864575,0.0,0.0,0.0,0.0,0.4850655,0.3396987,0.016967716,0.6187835,1.1781162,0.2597216,1.1414878,0.0,0.0,0.7607064,0.8404517,0.40973765,1.1118041,1.4947913,1.1514055,1.6350391,0.0,0.6469122,0.0,0.0,0.0,0.0,0.0,0.0,0.62796676,0.21287958,0.7982105,1
0.0,0.3940148,0.0,0.0,0.9374818,0.24276231,0.030618712,0.6756106,0.0,0.27592745,0.0,0.61640394,0.48091713,0.0,0.0,0.26428655,0.0,0.4312088,0.053777736,0.121494174,0.10879239,0.0,0.0,0.18103865,0.13576305,0.93994755,0.03344936,0.34096682,0.48053932,0.29497454,0.0,0.3398173,0.0,0.9174958,0.5762652,0.0,0.32492805,0.0,0.42137104,0.40388107,0.37673897,0.43217003,0.0,0.0,0.0,0.13201396,0.0,0.5006516,0.0,0.53324556,0.0,0.5409958,0.0,0.4565535,0.0,0.0,0.0,0.12475661,0.47872975,0.0,0.8440345,0.3770168,0.47037622,0.13722517,0.0,0.46480587,0.0,0.18634143,1.2053369,0.0,0.22226201,0.17386687,0.36635837,0.30536968,0.6106933,0.53503364,0.023976991,0.2590793,0.20268469,0.05870764,0.7678488,0.7871577,0.0,0.0,0.3694409,0.510544,0.71826357,0.28353795,0.0,0.0,0.19773774,0.5413952,0.16555323,0.36663672,0.5009463,0.4988835,0.5314735,0.070902444,0.0,0.0,0.0064872885,0.39506206,0.4902689,0.3369789,0.96325725,0.59104204,0.48734355,0.59525007,0.0,0.0,0.35615593,0.75071365,0.8229389,0.27890095,0.9862569,0.39967054,0.85858095,0.0,0.25403604,0.0,0.0,0.0,0.0,0.004917957,0.5646101,0.0,0.32208598,0.24889,0
0.0,1.0036997,0.0,0.0,1.4876208,1.3104923,0.015155156,1.0196949,0.0,0.17753175,0.0,0.0,0.63489455,0.0,0.0,0.5792852,0.2861029,0.95569456,0.0,1.1002595,0.048158072,0.043336634,0.026904471,0.0,0.41039363,0.5699859,0.13638371,0.0,0.69887865,1.1043108,0.0,0.0,0.0,0.33651733,0.9724972,0.0,0.5490172,0.0,0.8545211,0.38418993,0.0,1.2934976,0.0,0.42037362,0.0,0.9941219,0.0,0.0,0.0,1.0901036,0.0,1.6427952,0.0,0.0,0.0,0.0,0.0,0.0,1.3496203,0.0,1.5051188,0.0,0.38369358,0.11658352,0.017443947,0.5523344,0.0,0.12571733,1.2511079,0.0,0.29975674,0.90792626,0.07326883,0.47209668,0.66723144,0.40996534,0.07379064,0.0,0.87141985,0.58116806,0.51513606,1.091385,0.0,0.0,0.0,0.0,0.8370151,1.3040819,0.0,0.0,0.0,0.5575303,0.6002701,0.67779934,0.76388633,0.0,0.5471939,0.0,0.0,0.0,0.0,0.5296771,0.32865843,0.02854121,0.6901517,1.3116574,0.21889336,1.0283741,0.0,0.0,0.9098167,0.9107059,0.27201566,1.405688,1.4401312,1.1026102,1.701406,0.0,0.8847726,0.0,0.0,0.0,0.0,0.0,0.0,0.44158924,0.15050036,0.95953846,1
0.0,0.49855095,0.0,0.20979899,0.88594973,0.91252476,0.0,0.60001475,0.0,0.0,0.0,0.3142408,0.9284735,0.0,0.0,0.0,0.041560985,0.27675605,0.08612134,0.720668,0.025161514,0.2175266,0.3639543,0.0,0.59034956,0.83274645,0.042303234,0.0,0.48003012,0.525969,0.0,0.0,0.0,0.571996,0.4971579,0.0,0.6981595,0.0,0.2654193,0.45018616,0.0,0.80762696,0.0,0.545985,0.0,0.26809308,0.0,0.0,0.0,0.7757661,0.03766975,1.1844757,0.0,0.0,0.0,0.0,0.0,0.0,0.6298567,0.0,1.1602453,0.0,0.40582803,0.43342927,0.20897467,0.8155922,0.14340366,0.12457596,1.3093938,0.0,0.6370466,0.63495004,0.44193956,0.65914387,0.027986262,0.80450773,0.28545678,0.0,0.36424223,0.06175621,0.63159305,0.3761465,0.0,0.0,0.0,0.13019799,0.83229905,0.61719245,0.0,0.0,0.10969823,0.49679285,0.0,0.12619464,0.1271303,0.3777012,0.70883775,0.0,0.0,0.0,0.0,0.13064112,0.5156863,0.17900637,1.0434583,0.6511103,0.6035113,1.2331811,0.026426455,0.0,0.3403456,0.23463157,0.6175395,0.45467576,1.5362784,0.6106932,0.9357612,0.0,0.24137603,0.0,0.0,0.0,0.0,0.0,0.2827226,0.6820861,0.34957543,0.4150915,0
0.0,0.39355037,0.0,0.26435864,0.9842489,0.637549,0.0,0.6198598,0.0,0.0,0.0,0.46339685,0.8851925,0.0,0.1194076,0.23909408,0.0,0.3889597,0.37386066,0.67761004,0.11234254,0.0,0.51500577,0.0,0.82338464,0.72967815,0.03942003,0.0,0.41677418,0.28828946,0.0,0.0,0.0,0.45309895,0.45724198,0.0,0.7665174,0.0,0.22765252,0.7636712,0.0,0.8597439,0.0,0.84630424,0.0,0.616958,0.0,0.0,0.047314778,0.6354983,0.086725876,1.0917401,0.0,0.13530776,0.0,0.0,0.0,0.0,0.7208096,0.0,1.1224941,0.034927543,0.49475494,0.28108686,0.3849447,0.9138871,0.0,0.015988363,1.4413935,0.0,0.6991219,0.37847552,0.6152748,0.77164334,0.16533539,0.78956103,0.25667936,0.0,0.50762,0.2305331,0.6505267,0.36529678,0.0,0.0,0.0,0.26230684,0.9522573,0.90788716,0.0,0.0,0.007783611,0.9051823,0.23447822,0.18145934,0.32461616,0.3214862,0.72783774,0.0,0.0,0.0,0.0,0.059582077,0.784315,0.4619686,0.9343734,0.61058277,0.64369315,1.563836,0.08759753,0.0,0.5957905,0.49132752,0.59667665,0.7565218,1.6734524,0.67583036,0.90911686,0.0,0.4278603,0.0,0.0,0.0,0.0,0.0,0.422783,0.7157953,0.42808288,0.2510405,0
0.0,0.58311415,0.0,0.07705901,0.9237618,0.79174954,0.0,0.70297706,0.0,0.0,0.0,0.26366934,0.78356194,0.0,0.0,0.0,0.1667544,0.2702996,0.0,0.6967294,0.0,0.053405255,0.36752832,0.0,0.71521235,0.86660784,0.048116527,0.0,0.3216928,0.6354738,0.0,0.0,0.0,0.51430017,0.56695163,0.0,0.70171195,0.0,0.07916405,0.240138,0.0,0.5341552,0.0,0.44992355,0.0,0.11022821,0.0,0.0,0.0,0.82472867,0.0,1.218612,0.0,0.0,0.0,0.0,0.0,0.0,0.6767353,0.0,1.1187334,0.0,0.44779494,0.42245778,0.072817646,0.8449743,0.050464567,0.24664184,1.3425022,0.0,0.61504877,0.39187077,0.59782386,0.670588,0.13624996,0.69864756,0.24300323,0.0,0.23503909,0.0,0.7108701,0.5169823,0.0,0.0,0.0,0.26890135,0.90342313,0.6376713,0.0,0.0,0.22880198,0.52565074,0.017372025,0.056153577,0.16917472,0.30877072,0.76276934,0.0,0.0,0.0,0.0,0.21318921,0.50311464,0.03376901,1.1115472,0.5833398,0.6866662,1.1888304,0.07846562,0.0,0.51857495,0.17399086,0.83623415,0.2466588,1.537478,0.4862478,1.1293702,0.0,0.36467698,0.0,0.0,0.0,0.0,0.0,0.22520743,0.6900978,0.38491926,0.30678487,0
0.0,0.888288,0.0,0.0,1.5087276,1.24171,0.0,1.0703942,0.0,0.21017665,0.0,0.002757857,0.5007737,0.0,0.0,0.524041,0.06680972,0.772886,0.0,1.164419,0.18365198,0.05410595,0.109051146,0.0,0.42381212,0.32405344,0.0,0.0,0.64831257,1.1587615,0.0,0.0,0.0,0.23978902,0.6705946,0.0,0.47555616,0.0,0.682353,0.12788372,0.0,1.1660483,0.0,0.36734316,0.0,0.8852378,0.0,0.0,0.03108201,1.3812915,0.0,1.4094847,0.0,0.0,0.0,0.0,0.0,0.0,1.1919823,0.0,1.4041502,0.0,0.27531096,0.088347696,0.0,0.6839317,0.0,0.0,1.3342563,0.0,0.5657742,0.71658117,0.21887815,0.4136888,0.49427104,0.42210135,0.0,0.0,0.6714638,0.42843378,0.4259181,0.658417,0.0,0.0,0.0,0.20708343,0.9557422,1.2314477,0.0,0.0,0.0,0.6784978,0.5060029,0.5895538,0.73338836,0.0,0.31979558,0.0,0.0,0.0,0.0,0.26594424,0.4256128,0.37194315,0.9030776,1.1767962,0.309195,1.3405071,0.0,0.0,0.5217526,0.5462116,0.3034173,1.5259224,1.503555,0.818385,1.5158231,0.0,0.92190623,0.0,0.0,0.0,0.0,0.1647239,0.0,0.57374305,0.0,0.9110764,1
0.0,0.56032175,0.0,0.2604451,0.8441316,0.5543301,0.0,0.5623046,0.0,0.005674438,0.0,0.30836388,0.7338867,0.0,0.107621185,0.18395498,0.0,0.33404514,0.29632032,0.35219437,0.11944082,0.053914417,0.5091493,0.0,0.6335336,0.7297258,0.17082082,0.0,0.28040475,0.10188695,0.0,0.0,0.0,0.32475036,0.56406456,0.0,0.5843205,0.0,0.093612425,0.7074603,0.0,0.798546,0.0,0.7017431,0.0,0.44708738,0.0,0.0,0.081735924,0.5373196,0.048745293,1.0276713,0.0,0.005004264,0.0,0.0,0.0,0.0,0.72368044,0.0,0.942048,0.054651845,0.717799,0.20516138,0.45040715,0.6242875,0.0,0.016244961,1.2339082,0.0,0.57203346,0.3823919,0.73123896,0.61477983,0.106735736,0.85400957,0.17327039,0.0,0.18283196,0.13488057,0.47107452,0.43688834,0.0,0.0,0.0,0.25455678,0.96248406,0.6156315,0.0,0.0,0.16820946,0.95726854,0.2132914,0.04952177,0.21654865,0.2949719,0.84175926,0.0,0.0,0.0,0.0,0.0,0.7649238,0.3893913,0.7611759,0.5685634,0.62397987,1.4871793,0.0,0.0,0.5555929,0.44835633,0.5188577,0.4605016,1.5734954,0.738932,0.925275,0.0,0.4188049,0.0,0.0,0.0,0.0,0.0,0.25817516,0.5995646,0.33469442,0.3317936,0
0.0,0.40586525,0.0,0.0,1.2502878,0.065034516,0.0,0.66265696,0.07595456,0.0,0.0,0.6174488,0.7645885,0.0,0.07409007,0.39813927,0.0,0.26859054,0.156938,0.7243748,0.0,0.027334709,0.9749306,0.0,1.1348426,0.85746974,0.366672,0.0,0.19471383,0.62818575,0.0,0.0,0.0,0.13563631,0.64168763,0.0,0.5874333,0.0,0.5610688,0.54828274,0.0,0.36327317,0.0,0.9463343,0.0,0.3538448,0.0,0.0,0.24903469,0.486178,0.023391748,0.99422,0.0,0.33355626,0.0,0.0,0.0,0.0,0.89007574,0.0,0.8842647,0.25232065,0.29424617,0.15044047,0.13848151,0.8530522,0.0,0.26805004,1.6423743,0.0,0.94435877,0.41320223,0.9521436,0.70405084,0.47570416,0.7811354,0.4796764,0.0,0.12080521,0.07531345,0.7497166,0.1397456,0.0,0.0,0.0,0.22851978,1.312,0.77734125,0.0,0.0,0.0,1.0968866,0.44560322,0.35321996,0.20734704,0.1305902,0.7091482,0.0,0.0,0.0,0.0,0.0,0.58861536,0.6206924,1.0520934,0.053431127,0.681077,1.6339749,0.07296828,0.0,0.75179374,0.452359,0.29637808,0.74817073,1.6265941,0.45295468,0.76071894,0.0,0.65898013,0.0,0.0,0.0,0.0,0.0,0.12621129,0.5613623,0.53690964,0.25320494,0
0.0,0.7004461,0.0,0.13885078,0.8564495,1.0818837,0.0,0.63167757,0.0,0.3893548,0.0,0.0,0.84630007,0.0,0.0,0.0448766,0.016132815,0.19078639,0.067923896,0.57848907,0.024604091,0.0,0.37714013,0.0,0.19939095,0.7555533,0.008327038,0.0,0.5552429,0.2869986,0.0,0.0,0.0,0.28784958,0.42621434,0.0,0.40955478,0.0,0.3719562,0.48772758,0.0,0.69497603,0.0,0.46917537,0.0,0.5839845,0.0,0.0,0.0,0.91527486,0.0,1.1864846,0.0,0.0,0.0,0.0,0.0,0.0,1.0087475,0.0,1.2909144,0.0,0.45962337,0.42801148,0.36690885,0.6089967,0.0,0.05836689,0.9415053,0.0,0.6006554,0.5236636,0.5971771,0.7730107,0.0037454842,0.815549,0.09362955,0.0,0.37431198,0.0,0.5609215,0.7421803,0.0,0.0,0.0,0.37087196,0.9409779,0.6858961,0.0,0.0,0.3228603,0.64615244,0.027734978,0.0,0.22960378,0.38925678,0.65680414,0.0,0.0,0.0,0.0,0.06239497,0.68060553,0.021356048,0.686677,1.07684,0.49788827,1.1788068,0.0,0.0,0.6978186,0.2179172,0.37843224,0.40768263,1.3782353,0.74278855,1.5022244,0.0,0.59623194,0.0,0.0,0.0,0.0,0.0,0.042691763,0.68311995,0.16792002,0.39216673,0
0.0,0.35944498,0.0,0.028108563,0.7360714,0.7588893,0.06704417,0.76121956,0.0,0.21283157,0.0,0.896269,0.77390224,0.0,0.0,0.0,0.053052135,0.1812791,0.0,0.22029682,0.010073026,0.11496204,0.2684654,0.0,0.41241935,1.0602657,0.25373158,0.0,0.37052557,0.5324582,0.0,0.0,0.0,0.49808916,0.5434893,0.0,0.44893587,0.0,0.17486912,0.34974664,0.0,0.72593755,0.0,0.0,0.0,0.032037143,0.0,0.0,0.0,0.79015976,0.0,0.9838902,0.0,0.0,0.0,0.0,0.0,0.0,0.73325586,0.0,0.98159575,0.012688633,0.44101664,0.3335217,0.15505818,0.8491329,0.029418694,0.0,1.1300241,0.0,0.3726464,0.4281415,0.5373287,0.5717264,0.0,0.89762765,0.5014063,0.0,0.42396873,0.0,0.8164785,0.51852524,0.0,0.019249389,0.0,0.14355044,0.98152983,0.31245235,0.0,0.0,0.6241624,0.49344394,0.0,0.0,0.045898795,0.6518502,0.7665565,0.0,0.0,0.0,0.0,0.19863197,0.7818203,0.14221084,1.1165947,0.50015867,0.51563025,0.784883,0.0,0.0,0.47948703,0.3486191,0.78113604,0.069300406,1.1522071,0.5721546,0.9853913,0.0,0.24004503,0.0,0.0,0.0,0.0,0.0,0.4666494,0.39753336,0.4521352,0.44840688,0
0.0,0.26366925,0.0,0.0,0.6150353,0.06072609,0.09821558,0.4492351,0.0,0.28858536,0.0,0.7133684,0.40047294,0.0,0.0,0.0312643,0.010364323,0.29984128,0.0,0.093667395,0.09290138,0.1304028,0.0,0.1308192,0.3331245,0.8782789,0.07080627,0.15833347,0.24397062,0.55182046,0.0,0.19944717,0.0,0.41327292,0.41566885,0.0,0.59278554,0.0,0.4903288,0.5913453,0.52269524,0.65907174,0.0,0.0,0.0,0.112501085,0.0,0.48390535,0.0,0.8196627,0.0,0.55873346,0.0,0.0,0.0,0.0,0.0,0.15243572,0.47184655,0.0,0.8487228,0.40772453,0.5364741,0.0,0.0,0.58225733,0.0,0.25720248,1.3200251,0.0,0.31554756,0.21796168,0.4252512,0.33424586,0.53580326,0.4897054,0.22985949,0.35352954,0.0,0.0,0.89275193,0.6577369,0.0,0.08554012,0.22008502,0.22489594,0.8886314,0.12185607,0.0,0.0,0.43169308,0.47617748,0.010432099,0.23375903,0.21913287,0.56040925,0.56316525,0.15471761,0.0,0.0,0.05847233,0.22390884,0.45950502,0.1556885,0.96371245,0.42251822,0.20416677,0.5505694,0.0,0.0,0.6295961,0.64649177,0.7529961,0.2849554,0.80678785,0.472383,0.80791306,0.0,0.28188938,0.0,0.0,0.0,0.0,0.059543297,0.29774737,0.0,0.34490108,0.18095385,0
0.0,0.8463235,0.0,0.11886571,1.4279035,1.018815,0.069671065,1.0677041,0.0,0.06022421,0.0,0.0,0.91507846,0.0,0.0,0.7151084,0.042243473,0.5783622,0.0,1.0301744,0.23107122,0.0,0.0,0.0,0.36539203,0.34074762,0.0,0.0,0.55779207,0.7994747,0.0,0.0,0.0,0.27634287,0.8041409,0.0,0.4740038,0.0,0.6285706,0.5002839,0.0,1.1412432,0.0,0.50307,0.0,0.8015509,0.0,0.0,0.112499595,0.8941871,0.072157994,1.4975879,0.0,0.23617639,0.0,0.0,0.0,0.0,0.95129657,0.0,1.2931917,0.0,0.36378595,0.0,0.17337243,0.61543274,0.0,0.26258156,1.143758,0.0,0.57272464,0.5875279,0.116337195,0.46436247,0.24114123,0.4360917,0.0,0.0,0.56719357,0.7215506,0.42121923,0.7221494,0.0,0.0,0.0,0.12171881,0.7943161,1.1764863,0.0,0.0,0.104063936,0.60482955,0.65194815,0.53178906,0.8015477,0.0,0.6044557,0.0,0.0,0.0,0.0,0.26077262,0.4206094,0.19710308,0.54012376,0.84537697,0.09010075,1.3040189,0.0,0.0,0.77936447,0.76148915,0.4969435,1.3483394,1.3962327,0.9906302,1.17626,0.0,0.65900385,0.0,0.0,0.0,0.0,0.027384412,0.0,0.4681781,0.17444284,0.7954567,1
0.0,0.6182225,0.0,0.06594777,0.91804284,0.89124507,0.0,0.6358975,0.0,0.20870309,0.0,0.33291766,0.84510434,0.0,0.0,0.0,0.06600325,0.2369197,0.075650774,0.42933112,0.0,0.025947753,0.45738918,0.0,0.5472773,0.86179096,0.1798392,0.0,0.47510985,0.29440317,0.0,0.0,0.0,0.50165707,0.5093686,0.0,0.45281526,0.0,0.3655049,0.6045165,0.0,0.70156235,0.0,0.47589597,0.0,0.29160884,0.0,0.0,0.0,0.636489,0.0,1.1745203,0.0,0.0,0.0,0.0,0.0,0.0,0.8666973,0.0,1.2332743,0.0,0.45266426,0.24448757,0.33911067,0.63116455,0.028149689,0.09567587,1.2793671,0.0,0.51970905,0.637493,0.8103086,0.7698492,0.02071559,0.9833129,0.35367665,0.0,0.37582365,0.0,0.75991225,0.78855467,0.0,0.0,0.0,0.18577954,0.9990852,0.5557194,0.0,0.0,0.2864934,0.7011502,0.015295845,0.0,0.14923552,0.48672023,0.8016919,0.0,0.0,0.0,0.0,0.1781084,0.6515565,0.038792133,1.0026215,0.613796,0.75299203,1.0908531,0.0,0.0,0.5592601,0.13567378,0.49944887,0.28809515,1.4582882,0.5062232,1.1159407,0.0,0.5706626,0.0,0.0,0.0,0.0,0.0,0.4287451,0.5394349,0.43334714,0.4520272,0
0.0,0.42476392,0.0,0.0,1.0759139,0.68848985,0.0,0.7118336,0.0,0.0,0.0,0.76054054,0.9062456,0.0,0.0,0.18932655,0.08809126,0.38798636,0.0,0.72422844,0.0,0.07458791,0.8146798,0.0,0.99754614,0.73837465,0.25751296,0.0,0.33828884,0.73324597,0.0,0.0,0.0,0.22784266,0.69666725,0.0,0.6218447,0.0,0.3897877,0.3618059,0.0,0.6831209,0.0,0.6811789,0.0,0.17281291,0.0,0.0,0.020656837,0.7432042,0.06587742,1.1368818,0.0,0.0,0.0,0.0,0.0,0.0,0.76317924,0.0,1.156833,0.10758373,0.057627525,0.40841907,0.0,0.8438371,0.09838902,0.060248192,1.5857935,0.0,0.860212,0.5469344,0.8315556,0.53163373,0.50646275,0.84953445,0.64386606,0.0,0.3485027,0.14032672,0.9341378,0.21075925,0.0,0.0,0.01089799,0.30138826,1.2442254,0.6889372,0.0,0.0,0.0,0.8411942,0.2654623,0.31604716,0.09927008,0.25300276,0.8006854,0.0,0.0,0.0,0.0,0.09310918,0.40856224,0.42211407,1.3614883,0.481135,0.6753119,1.389273,0.005280419,0.0,0.62184095,0.39475262,0.66297215,0.679046,1.7546018,0.5644858,0.8730391,0.0,0.57684404,0.0,0.0,0.0,0.0,0.0,0.16917965,0.8542892,0.46063069,0.29870814,0
0.0,0.71535724,0.0,0.0,1.2701957,0.6133546,0.0,1.1721855,0.0,0.29720646,0.0,0.556492,0.49253258,0.0,0.0,0.6184236,0.24798149,0.82277644,0.0,0.6063311,0.12777333,0.078211196,0.0,0.0,0.52970165,0.6894419,0.0,0.0,0.49014756,1.021777,0.0,0.0,0.0,0.3057335,0.79954076,0.0,0.17968485,0.0,0.44453132,0.45607606,0.18214689,0.870221,0.0,0.0,0.0,0.2782829,0.0,0.2043221,0.0,1.0979999,0.0,1.0744035,0.06791926,0.628759,0.0,0.0,0.0,0.0,0.80029297,0.0,1.0428007,0.0,0.2339997,0.0,0.0,0.50066614,0.0,0.16063756,1.3963494,0.0,0.24647087,0.37445533,0.18591234,0.3794064,0.9790049,0.55720514,0.13689058,0.22707829,0.31636924,0.3839963,0.3533183,0.6658077,0.0,0.0,0.20774877,0.25091478,0.8149641,0.6659683,0.0,0.0,0.0,0.4808687,0.58529186,0.65814227,0.65142775,0.0073233284,0.59462124,0.40032727,0.0,0.0,0.0,0.6672431,0.121407375,0.44080213,0.8375905,0.64496803,0.18743469,0.8679926,0.0,0.0,0.56875163,1.0059948,0.87474775,0.9764917,1.0813289,0.7516216,0.8894464,0.0,0.53112966,0.0,0.044460043,0.0,0.0,0.6932067,0.1724232,0.0,0.0,0.43084294,1
0.0,0.48823997,0.0,0.0,0.9666298,0.61091256,0.0,0.7701188,0.0,0.0,0.0,0.11000208,0.9645223,0.0,0.0,0.43219712,0.0,0.44818878,0.09599493,0.6653902,0.17341837,0.14002176,0.12271085,0.08311125,0.57868755,0.6221073,0.0,0.0,0.3161287,0.47200242,0.0,0.0,0.0,0.4086235,0.5603169,0.0,0.3255464,0.0,0.38914478,0.40334445,0.0,0.79322004,0.0,0.52099705,0.0,0.53225183,0.0,0.0,0.05801954,0.60537213,0.08339697,1.0614423,0.0,0.14940028,0.0,0.0,0.0,0.0,0.785235,0.0,1.2514843,0.0,0.47250462,0.29405203,0.37043723,0.7198806,0.0,0.2549472,1.2455115,0.0,0.68566287,0.3701394,0.39643258,0.52589715,0.11639412,0.5516359,0.10844195,0.0,0.22473414,0.42233497,0.45006195,0.35496768,0.0,0.0,0.014319625,0.36234707,0.7871432,0.8037996,0.0,0.0,0.16170618,0.7993667,0.3610797,0.4413558,0.46492243,0.03972734,0.79991394,0.0,0.0,0.0,0.0,0.10953226,0.7120725,0.46860713,0.70093626,0.28151342,0.55237186,1.1419877,0.0,0.0,0.6256421,0.60983837,0.7099812,0.70661247,1.3924977,0.72071564,0.84504515,0.0,0.39652714,0.0,0.0,0.0,0.0,0.0,0.17729087,0.4554513,0.31455028,0.51607025,0
0.0,0.5607029,0.0,0.0,1.1198645,0.9414703,0.0,0.97185606,0.052470658,0.032549948,0.0,0.07461477,0.59443307,0.0,0.0,0.5798057,0.25363752,0.6634148,0.0,0.97728485,0.0,0.26348934,0.0,0.0,0.38995168,0.57411426,0.19988795,0.0,0.6243064,0.9940485,0.0,0.0,0.0,0.51731515,0.87842,0.0,0.2528166,0.0,0.8303275,0.15443519,0.0,1.0907836,0.0,0.11843809,0.0,0.7215617,0.0,0.0,0.042279124,0.9898733,0.0,1.3067768,0.0,0.0,0.0,0.0,0.0,0.0,1.1203799,0.0,1.1207507,0.0,0.60043657,0.2364179,0.021580152,0.7651379,0.0,0.33999494,1.0150388,0.0,0.5862157,0.5799944,0.0,0.27570635,0.54922765,0.44115597,0.13793255,0.0,0.2790437,0.4496059,0.20278123,0.61030275,0.0,0.0,0.0131331235,0.056682292,0.8083034,0.8635542,0.0,0.0,0.33988535,0.48704746,0.57733226,0.69261295,0.5162168,0.0,0.49829504,0.0,0.0,0.0,0.0,0.41653594,0.2523539,0.0,0.4391144,0.60268503,0.24149054,0.8646057,0.0,0.0,0.81410617,0.7312938,0.33130407,0.91052765,1.3626447,0.85181224,1.5325164,0.0,0.4590138,0.0,0.0,0.0,0.0,0.0,0.0,0.39249796,0.33291912,0.56574357,1
0.0,0.8781252,0.0,0.012521109,1.2128001,1.2494531,0.072129354,0.7581123,0.0,0.53816503,0.0,0.0,0.77888227,0.0,0.0,0.0,0.16904666,0.4266653,0.0,0.63522166,0.00050734845,0.0,0.27507976,0.0,0.48543042,0.706884,0.0,0.0,0.50098664,0.32761422,0.0,0.0,0.0,0.3035446,0.72962606,0.0,0.5317876,0.0,0.22706653,0.39860567,0.0,0.85117024,0.0,0.15507135,0.0,0.45548564,0.0,0.0,0.0,1.2372385,0.0,1.4443703,0.0,0.0,0.0,0.0,0.0,0.0,0.88687134,0.0,1.4216428,0.0,0.5327802,0.26345786,0.22641994,0.5904312,0.0,0.164968,1.044631,0.0,0.5338892,0.61914355,0.31021702,0.56596935,0.0,0.6419814,0.108580396,0.0,0.37240624,0.122049406,0.6099769,0.9499004,0.0,0.052940194,0.0,0.22812718,0.7021441,0.8083672,0.0,0.0,0.36157125,0.3207075,0.13991271,0.0,0.22037569,0.24400634,0.72582525,0.0,0.0,0.0,0.0,0.31687203,0.39671236,0.0,0.89071566,1.1194699,0.37567407,1.1991823,0.0,0.0,0.52716863,0.0,0.5139924,0.2394751,1.1826981,0.7997068,1.5063454,0.0,0.5968267,0.0,0.0,0.0,0.0,0.0,0.10015727,0.636098,0.15593365,0.5638003,1
0.0,0.56092125,0.0,0.15196334,1.1057085,0.81040484,0.0,0.6108597,0.0,0.0,0.0,0.0,0.72167057,0.0,0.0,0.34996805,0.053932592,0.5003701,0.0,0.82875645,0.0,0.074379005,0.2130353,0.0,0.4925803,0.60515535,0.0,0.0,0.28536573,0.6418061,0.0,0.0,0.0,0.27920708,0.89580184,0.0,0.43163443,0.0,0.44721156,0.34850308,0.0,0.88160044,0.0,0.6435846,0.0,0.6607543,0.0,0.0,0.07963806,0.8877799,0.0,1.3174486,0.0,0.0,0.0,0.0,0.0,0.0,0.96466506,0.0,1.0445353,0.0,0.68072855,0.14973709,0.2423775,0.49110663,0.0,0.3434625,1.0829045,0.0,0.7143866,0.49728972,0.53339565,0.4071492,0.20165628,0.6318522,0.030814143,0.0,0.30121374,0.1931848,0.19929498,0.5659242,0.0,0.0,0.0,0.060055275,0.9471132,0.96705014,0.0,0.0,0.108552136,0.75254005,0.65132004,0.55667865,0.41900653,0.0,0.70724285,0.0,0.0,0.0,0.0,0.088672645,0.46929246,0.034018397,0.5240524,0.6835825,0.40994522,1.3672482,0.0,0.0,0.91050977,0.53335327,0.3485273,0.8103625,1.403749,0.8754778,1.3565928,0.0,0.5909725,0.0,0.0,0.0,0.0,0.0,0.0,0.52406955,0.12758675,0.7218093,1
0.0,0.8616015,0.0,0.019120162,1.078214,1.4227587,0.07853773,0.93344516,0.0,0.3169234,0.0,0.056007367,0.7855238,0.0,0.0,0.04413819,0.3071411,0.4939069,0.0,0.8564401,0.0,0.0,0.06940601,0.0,0.48726568,0.88258445,0.0,0.0,0.68758816,0.7877982,0.0,0.0,0.0,0.24557841,0.6602705,0.0,0.35583586,0.0,0.5148402,0.28151572,0.0,0.9504083,0.0,0.25272968,0.0,0.46186593,0.0,0.0,0.0,1.2268568,0.0,1.4883641,0.0,0.0,0.0,0.0,0.0,0.0,0.9998783,0.0,1.4169116,0.0,0.38620302,0.1887404,0.09702491,0.68821263,0.0,0.19445013,1.1524019,0.0,0.51264596,0.66914165,0.33650896,0.64876026,0.28079545,0.6292103,0.13344009,0.0,0.44384655,0.113013685,0.5170803,0.9757439,0.0,0.0,0.0,0.164255,0.9540191,0.8281487,0.0,0.0,0.40147564,0.44686887,0.25020742,0.23950562,0.3041078,0.26526594,0.6202923,0.0,0.0,0.0,0.0,0.39998218,0.354422,0.0,0.7427608,1.177965,0.33167353,1.0017221,0.0,0.0,0.68258893,0.30971205,0.48003447,0.5246023,1.2748251,0.8461609,1.5087973,0.0,0.6286191,0.0,0.0,0.0,0.0,0.0,0.0,0.4451193,0.13964067,0.84502673,1
0.0,0.8120934,0.0,0.1131483,1.006721,0.6588289,0.0,0.8908966,0.0,0.11618133,0.0,0.13346307,0.63941073,0.0,0.0,0.40911144,0.0,0.47444835,0.03616796,0.73992527,0.13601466,0.14924966,0.11540375,0.0,0.4292908,0.6977729,0.20271999,0.0,0.34774482,0.6055168,0.0,0.0,0.0,0.27501547,0.7454252,0.0,0.33243817,0.0,0.55124086,0.2790754,0.0,1.0241113,0.0,0.42256287,0.0,0.53628284,0.0,0.0,0.12043532,0.8425375,0.0,1.1756989,0.0,0.29168406,0.0,0.0,0.0,0.0,0.88885754,0.0,1.0449523,0.0,0.5656348,0.19714937,0.2524054,0.4758773,0.0,0.14505623,0.9536736,0.0,0.4538848,0.51679397,0.32164168,0.27862006,0.14650176,0.44864658,0.06445807,0.0,0.19905274,0.27382743,0.23133063,0.48591945,0.0,0.0,0.0,0.110986605,0.7487672,0.79793096,0.0,0.0,0.081150286,0.6207132,0.481644,0.569737,0.44413978,0.0,0.6050155,0.0,0.0,0.0,0.0,0.0,0.3888483,0.23630574,0.67746675,0.719658,0.32655028,1.245368,0.0,0.0,0.6828191,0.6494305,0.4801118,0.767224,1.2718866,0.79787767,1.1875488,0.0,0.45404607,0.0,0.0,0.0,0.0,0.0,0.0,0.4705642,0.19956654,0.63903654,1
0.0,0.6990859,0.0,0.0,1.1228606,0.0,0.0,1.2484639,0.15636264,0.0,0.0,0.56267834,0.46154004,0.12931432,0.0,0.7121899,0.458788,0.98966116,0.37828693,0.69455653,0.29726517,0.09899475,0.28711766,0.0,1.0025238,0.76760423,0.0,0.21529526,0.37096542,1.1964127,0.0,0.0,0.0,0.12886561,1.0961831,0.0,0.38506758,0.0,0.60082155,0.36352676,0.021152154,0.7899975,0.0,0.017337488,0.0,0.0,0.0,0.0,0.0,0.19033079,0.0,0.6739422,0.25831258,1.3073021,0.0,0.0,0.0,0.055378746,0.8379017,0.0,1.2003019,0.0,0.060461655,0.0,0.0,0.7830339,0.3339373,0.23026007,1.7594264,0.0,0.5375401,0.0,0.23912074,0.0,0.90682995,0.8675373,0.20341092,0.28399098,0.4156581,1.0095011,0.58651805,0.5840378,0.0,0.0,0.25489044,0.24101825,0.6579978,0.61457527,0.0,0.0077979625,0.0,0.7772824,0.87776726,0.58253497,1.3205724,0.0,0.2582721,1.3429871,0.0,0.0,0.00764344,0.9700108,0.3050495,0.8084522,0.8227395,0.0,0.26245052,0.95159703,0.0,0.0,0.6056193,0.69376457,0.5553665,1.3530761,1.3139596,0.0,0.25655854,0.0,0.57770216,0.0,0.061114743,0.0,0.0,0.9900341,0.43186843,0.19866093,0.34686646,0.0,1
0.0,0.6839109,0.0,0.0,1.1303813,0.8331931,0.12065697,0.9119079,0.0,0.6971266,0.0,0.5772541,0.35771093,0.0,0.0,0.30299172,0.11406003,0.37932616,0.0,0.42324707,0.12015153,0.0,0.0,0.0,0.0,0.6816389,0.057350986,0.27915654,0.577161,0.8137014,0.0,0.0,0.0,0.61811334,0.81275165,0.0,0.20988032,0.0,0.6752614,0.27189213,0.09448154,0.90682,0.0,0.0,0.0,0.35977295,0.0,0.25111875,0.0,1.0072122,0.0,1.0281967,0.0,0.01274681,0.0,0.0,0.0,0.0066908794,0.49415538,0.0,1.1871225,0.0,0.28248024,0.050904147,0.0,0.49993598,0.0,0.09319534,0.97660524,0.0,0.23766354,0.6096857,0.11850683,0.46695906,0.5680093,0.35970148,0.10858334,0.06615874,0.20068459,0.0,0.67754555,1.1488471,0.0,0.0,0.04834996,0.17946328,0.5484074,0.33993948,0.0,0.0,0.14482316,0.1554835,0.1656739,0.4832845,0.4760457,0.36083972,0.3830044,0.07487888,0.0,0.0,0.22048545,0.6225289,0.31440732,0.0,0.63310075,1.1642492,0.06492511,0.29444876,0.0,0.0,0.7230346,0.88011634,0.7749076,0.63464797,0.7474954,0.7518816,1.2349342,0.0,0.5847385,0.0,0.0,0.0,0.0,0.25268042,0.12968777,0.0,0.03884215,0.76553345,1
0.0,0.70762014,0.0,0.0,0.8796741,0.98817724,0.057875972,0.6281734,0.0,0.29363784,0.0,0.0,0.86654854,0.0,0.0,0.0,0.07304958,0.40479892,0.0114161335,0.6432484,0.14860165,0.0,0.32395416,0.0,0.3186404,0.5774869,0.0,0.0,0.3535839,0.10975786,0.0,0.0,0.0,0.22050312,0.5206669,0.0,0.41714266,0.0,0.33044934,0.41607407,0.0,0.67516744,0.0,0.19133002,0.0,0.56143385,0.0,0.0,0.0,1.0066019,0.0,1.2780447,0.0,0.098222375,0.0,0.0,0.0,0.0,0.7771665,0.0,1.1789405,0.0,0.41502628,0.10161563,0.32847017,0.62676555,0.0,0.10624643,1.0034893,0.0,0.44983128,0.65746945,0.24744143,0.652511,0.12486395,0.7208031,0.12487564,0.0,0.34553236,0.07160762,0.48602948,0.80347574,0.0,0.0,0.0,0.09291679,0.8760252,0.6069249,0.0,0.0,0.21539134,0.44496018,0.0,0.0,0.22309159,0.26265082,0.54191864,0.0,0.0,0.0,0.0,0.17275554,0.45048657,0.09712914,0.71038985,0.9313193,0.3744183,1.2967974,0.0,0.0,0.5501255,0.0,0.3860255,0.4287889,1.2903286,0.6456821,1.1253242,0.0,0.6810053,0.0,0.0,0.0,0.0,0.0,0.20040403,0.5354049,0.035723187,0.34542608,1
0.0,0.5394102,0.0,0.14561519,0.9769758,0.5936377,0.0,0.56224954,0.0,0.10605799,0.0,0.4924079,0.77271575,0.0,0.0,0.3092121,0.013336181,0.4100653,0.13720149,0.5453081,0.13352361,0.107721955,0.26000273,0.0,0.78007543,0.9044122,0.18420517,0.0,0.25826177,0.33638546,0.0,0.0,0.0,0.46996206,0.63397336,0.0,0.67367595,0.0,0.364338,1.0741384,0.0,0.8518985,0.0,0.55658513,0.0,0.43414038,0.0,0.0,0.105105355,0.6436649,0.014250988,1.1939446,0.0,0.0,0.0,0.0,0.0,0.0,0.78657836,0.0,1.0288721,0.016984057,0.6699719,0.18599848,0.3922197,0.74630296,0.0,0.10612889,1.402004,0.0,0.62349635,0.4979912,0.88177276,0.662694,0.1907582,0.9141656,0.19832261,0.0,0.39411962,0.25775868,0.585242,0.43228084,0.0,0.010180461,0.0,0.23545755,1.0632304,0.68546957,0.0,0.0,0.16776642,1.0374179,0.20140032,0.24407631,0.2364348,0.42696556,0.84122497,0.0,0.0,0.0,0.0,0.026725376,0.7091232,0.42200956,0.92639375,0.30711225,0.5592217,1.370384,0.0,0.0,0.49657524,0.3607622,0.51969504,0.67654765,1.6552124,0.71998614,0.970822,0.0,0.36101153,0.0,0.0,0.0,0.0,0.0,0.42818362,0.48077595,0.48534653,0.31954095,0
0.0,0.58744395,0.0,0.20265585,0.8072143,0.56957436,0.0023086565,0.6437001,0.0,0.114851974,0.0,0.24803464,0.920903,0.0,0.25274023,0.3841761,0.0,0.45080754,0.2545948,0.37043256,0.13931626,0.055949274,0.19630907,0.0,0.5385564,0.71224266,0.0,0.0,0.40490577,0.21943422,0.0,0.0,0.0,0.5699448,0.51763576,0.0,0.6632138,0.0,0.30470082,0.93009025,0.0,0.91695136,0.0,0.793749,0.0,0.47660574,0.0,0.0,0.1598421,0.52423877,0.13118403,1.1789457,0.0,0.14332132,0.0,0.0,0.0,0.0,0.63437706,0.0,1.003447,0.0,0.58554476,0.2294067,0.36001307,0.65811455,0.0,0.116899386,1.2777722,0.0,0.5904903,0.38773295,0.68987584,0.70135134,0.16580305,0.78056544,0.099855155,0.0,0.498484,0.36457136,0.6859733,0.5081048,0.0,0.046986353,0.0,0.2487536,0.9567114,0.71779984,0.0,0.0,0.20469037,0.8069577,0.29259682,0.17947271,0.3074877,0.26343971,0.8048356,0.0,0.0,0.0,0.0,0.07309923,0.73116267,0.4185719,0.78951836,0.58962476,0.4683526,1.4233646,0.0,0.0,0.57769865,0.55751157,0.6424293,0.76719385,1.5492653,0.83886814,0.78860956,0.0,0.335353,0.0,0.0,0.0,0.0,0.0,0.22964089,0.48298547,0.33346614,0.37968087,0
