0,1,2,3,4,5,6,7,8,9,10,11,12,13,14,15,16,17,18,19,20,21,22,23,24,25,26,27,28,29,30,31,32,33,34,35,36,37,38,39,40,41,42,43,44,45,46,47,48,49,50,51,52,53,54,55,56,57,58,59,60,61,62,63,64,65,66,67,68,69,70,71,72,73,74,75,76,77,78,79,80,81,82,83,84,85,86,87,88,89,90,91,92,93,94,95,96,97,98,99,100,101,102,103,104,105,106,107,108,109,110,111,112,113,114,115,116,117,118,119,120,121,122,123,124,125,126,127,label
2.1652036,0.0,2.3780198,0.0,1.2704446,0.0,0.0,0.30720332,0.9753557,1.3141326,0.8610743,1.1106606,0.45841563,0.8695289,0.016486524,1.7880276,1.5838364,0.28940642,0.35884747,1.6223288,2.3658938,0.9584604,1.1334741,1.2812753,0.0,0.0,2.7559707,1.6651853,0.10276775,2.578072,1.0223229,2.5470896,2.274828,1.7201618,2.2808573,1.3136362,0.0,1.1911755,2.2219067,0.0,0.0,0.0,1.2639296,1.3858422,0.0,0.0,0.0,0.0,1.498761,1.8185346,0.0,0.0,1.4687552,0.2671042,2.387335,0.7067141,2.9134934,1.1819992,1.2508575,1.1510279,2.2978284,0.0,0.11716191,1.0167261,1.6546257,0.73107564,0.46937692,0.0,2.730928,0.10966466,2.9602,1.1536406,2.1583426,0.0,0.0,1.2376401,0.74239564,0.0,1.550878,0.0,3.41777,1.403149,0.0,0.0,1.6089544,1.4709615,1.0261214,0.0,0.97476935,0.0,0.3777733,0.62442595,0.0,1.4594057,2.2281172,0.69797057,0.0,2.4495218,0.0,0.0,1.2043171,0.29446888,0.0,2.513154,0.5870244,0.3609762,1.6354673,0.0,1.0372701,0.36626622,1.0163394,0.0,0.8091619,0.9428556,1.0251336,1.7816387,0.0,0.0,0.8117987,0.0,1.2571765,0.0,1.3056022,0.0,0.0,1.9093698,2.1924925,0.7034585,0
0.50258267,1.423824,0.50703037,0.0,0.0,0.0,0.0,1.0857642,1.8591242,0.6572039,3.1245959,2.0522244,0.0,0.081126645,0.0,3.3992128,0.39847466,2.3972487,2.4191315,0.0,0.24170776,0.0,1.8644867,0.0,0.2636488,0.0,0.024819976,1.9785875,0.0,1.041758,3.2597806,1.0317427,0.0,0.38813958,0.7074285,0.0,0.0,3.5340085,2.0634203,2.000048,0.0,0.0,0.0,0.06372398,1.5928779,0.0,0.0,0.0,0.0,1.3485394,0.13426827,0.0,2.8033144,0.0,4.551858,1.8733629,0.39872235,1.1824728,2.6268344,0.821049,1.096084,1.6004837,1.624879,0.4684158,0.1202314,0.0,3.7765455,0.0,0.0,0.99604994,1.2313496,0.0,0.5221154,0.0,0.0,0.24787939,2.5857763,0.0,0.989732,0.0,1.5791821,0.0,0.0,0.9262043,3.212612,1.9669442,2.8283648,0.0,0.0,0.0,0.8390998,0.817887,0.37615797,3.5227995,0.032360382,0.0,0.0,2.4814978,0.0,2.3181925,0.30964312,0.0,0.0,0.0,0.33912745,0.09069426,0.0,2.919217,0.0,0.0,1.6915886,0.0,1.4830817,0.0,0.0,1.7965274,0.0,0.0,3.0905619,1.6255252,1.2964154,0.0,3.4502697,0.0,0.0,3.780881,0.0,0.0,1
0.4087014,0.0,3.4077477,0.0,1.2242084,0.0,0.0,1.608761,0.53192955,0.97618306,0.0,1.0141845,0.79381454,1.3285763,1.2552902,2.8578715,1.917203,0.0,0.5750481,1.8049022,3.5307696,1.0190052,0.30595788,2.3880088,0.80675393,0.0,2.0896554,0.0068402304,0.17278998,3.5302072,0.85912853,2.2771008,2.894216,1.7010163,2.9776738,0.7443192,0.0,1.3285489,2.6655574,0.548293,0.0,0.0,0.06311892,1.470949,0.0,0.0,0.0,0.0,2.7392206,2.6261606,0.0,0.0,0.69071853,0.57775044,1.0691555,0.021427978,1.9503603,0.0,0.0,2.412259,2.1586783,0.0,0.0,2.111293,2.4409373,0.055735298,0.0,0.0,1.4183227,0.23276962,3.4402874,2.0554678,0.9874733,0.0,0.0,0.71105516,0.4951813,0.0,2.48363,0.14636506,2.9999878,3.286451,0.0,0.0,0.40626764,1.1261269,0.0,0.5610066,2.6021006,0.0,0.3059135,0.0,1.5048182,1.4735341,1.7222165,0.0,0.6272795,1.059155,0.0,0.107890435,0.479314,0.0,0.0,1.2219787,1.1019031,0.0,1.36772,0.031207386,0.0,0.0,1.0933241,0.0,0.76144797,1.7689449,1.6817217,1.069278,0.33183426,0.0,0.0,0.0,1.2973249,0.0,0.5015348,0.0,0.0,1.551713,1.7293943,0.0,0
0.5781115,0.0,2.6436124,0.0,1.7418377,0.0,0.0,1.2106566,1.743729,1.8926419,1.756192,0.5317842,2.5431583,1.8992528,1.1623502,2.9390192,1.6924695,0.59324616,1.0957074,1.3208678,3.4350142,0.26381475,1.1115404,1.9975178,0.6149258,0.0,1.0322907,1.9123033,0.0,1.3075161,1.6073916,1.5515702,2.297339,1.9438837,3.3355572,0.41598102,0.0,1.2716842,2.2525303,0.0,0.0,0.0,0.03969537,1.3388122,0.7635824,0.0,0.0,0.0,1.2745316,3.0932643,0.0,0.0,0.7347963,1.0928625,2.22759,0.78105116,3.3242066,1.7180312,0.8214759,2.5740693,1.9613223,0.63633776,1.303902,0.49323168,2.1787205,0.0,0.5849012,0.0,1.3668014,1.3707033,2.8391018,0.50043374,0.71716624,0.0,0.0,1.999205,1.0889215,0.0,2.715201,0.048612908,2.6038694,0.6793381,1.3718917,0.0,0.5490406,1.187363,1.9188392,1.2236658,2.7599506,0.0,0.0,0.42716554,1.0591682,1.025149,3.3541718,0.0,1.7411194,0.6043354,0.0,1.3383182,0.0,0.0,0.0,1.5161486,1.8598614,1.010366,0.6314939,0.13126937,0.70823807,0.61733913,0.44634554,0.0,0.0074846474,0.8992556,0.61608744,1.4019647,0.0,0.0,0.3881248,0.0,0.0,0.0,0.93837184,0.0,0.0,2.0742915,1.0074252,0.0,0
0.0,0.0,1.9101199,0.0,1.2313672,0.0,0.0,1.2644191,0.23009829,1.4340453,1.5929166,1.6381109,0.74584246,0.6214456,0.0,2.5881205,0.6872823,0.0,1.3513317,0.0,1.8987706,0.0,1.9347723,0.919015,0.0,0.0,0.27230367,2.8372555,0.18239515,1.847464,2.3152783,0.6557326,1.2971852,1.2484429,2.0995731,0.0,0.0,1.271338,1.4771584,1.0175524,0.0,0.0,0.0,0.19950575,0.8310355,0.0,0.0,0.0,0.81125504,3.7297757,0.0,0.0,1.3538028,0.26000905,1.8673426,1.4999261,1.706482,1.2497059,1.6429502,1.4232683,1.7143893,0.0,3.134757,1.0795283,1.2635227,0.0,1.6811985,0.0,1.5867137,2.1271398,3.6270647,0.0,0.25465426,0.0,0.0,0.13725504,0.49916708,0.0,0.16570155,0.74371314,0.2941848,1.0424129,0.0,0.0,0.9388787,1.0771772,1.9842266,0.8249896,1.6330577,0.0,0.0,2.1952384,1.3730235,2.275004,0.8569294,0.0,0.0,0.07311368,0.0,1.5374073,0.0,0.0,0.0,0.5415472,1.0796232,1.2727253,0.0,0.35942668,1.1756837,1.0924593,0.0,0.0,0.1503695,0.766437,0.08892276,2.2773163,0.0,0.0,0.16606958,0.37432438,2.419872,0.0,0.26320708,0.0,0.0,1.3190373,1.4298674,0.0,0
0.0,0.82511324,0.71102226,0.0,0.21219718,0.0,0.0,0.2801208,1.5507019,0.60410714,3.252359,1.956846,0.0,0.0,0.2359384,3.6175694,0.0,1.7551287,2.981211,0.0,0.0,0.0,2.629722,0.5293403,0.0,0.0,0.0,2.200931,0.0,0.8011112,2.5096297,0.9957448,0.0,0.0,0.0,0.0,0.0,3.2441149,0.0,0.9816708,0.0,0.0,0.0,0.0,2.7732136,0.0,0.0,0.0,0.0,1.1078715,0.86135817,0.0,2.2245743,0.20465386,4.3755984,3.0524712,1.0357898,1.227245,3.8902059,0.0,0.0,2.4290032,2.6320252,0.3221172,0.0,0.0,2.4360309,1.779642,0.50828135,2.982879,1.4675753,0.0,0.065645516,0.0,0.0,0.0,2.1662667,0.0,0.78976375,0.0,0.0,0.0,0.0,0.0,3.0035002,2.500953,2.5763166,0.0,0.0,0.24104932,0.3179329,2.6758704,1.1398759,3.280337,0.14229718,0.35283908,0.0,2.1779132,0.0,2.7515197,0.0,0.8383779,0.0,0.0,1.3572053,0.0,0.0,1.8942931,0.0,0.0,0.93655026,0.0,2.8907115,0.0,0.0,2.7558582,0.0,0.0,1.2958791,1.8704315,1.1935636,0.0,0.48976293,0.12674402,0.0,2.9014206,0.0,0.0,1
0.37888947,0.0,0.0,0.0,0.0,0.0,0.0,0.20136397,2.6699812,1.1424608,3.9264474,1.7610953,0.9372709,0.44622737,0.0,2.9099236,0.0,0.8081856,2.942302,0.0,0.43755972,0.0,1.1419308,0.0,0.0,0.0,0.32921496,3.5129082,0.0,0.6069627,2.2017317,1.3806753,1.156226,1.5446008,0.0,1.4469182,0.0,1.3703183,0.0,1.7578962,0.0,0.0,0.0,0.45649952,2.1232467,0.0,0.0,0.0,0.0,0.33861095,0.0,0.0,2.392259,0.030122038,2.1763206,1.9984452,1.2973216,0.87324077,2.8077998,0.5637956,0.35985854,2.1980855,0.31258067,0.0,0.0,0.8177952,2.0803826,0.15313256,0.06265774,1.2287171,2.3978484,0.55069816,0.0,0.0,0.0,0.0,1.1696346,0.0,0.0,0.0,0.0,0.680741,0.8754438,1.2557253,3.141287,2.6104233,1.6863132,0.0,0.0,0.0,1.0018748,2.9740062,0.62289596,2.030439,0.33634904,0.0,0.0,3.5066369,0.0,2.3734665,0.6457177,0.6305583,0.0,0.0,0.0,1.3008845,0.2689152,0.7846468,0.0,0.0,2.203288,0.07417928,3.3068602,0.28255323,0.7493304,1.7563764,0.0,0.0,2.3378544,1.453867,2.3101215,0.0,1.4125357,0.0,0.0,2.3141265,0.42510948,0.59791076,1
0.26166478,0.0,1.3325274,0.0,0.0,0.0,0.0,2.340929,1.3735555,0.0,2.1676087,2.1415222,0.0,0.47671315,0.0,3.2068384,0.0,0.11538184,2.273198,0.23085056,0.8330034,0.0,1.950727,0.0,0.0,0.0,0.0,2.427056,0.0,0.7164106,3.095869,0.0,0.0,0.25465855,0.0563276,0.0,0.0,2.0633936,0.0,1.0560048,0.0,0.0,0.0,0.0,1.1814854,0.0,0.0,0.0,0.07502451,2.6050646,0.28842145,0.0,2.8199449,0.0,3.6421463,2.5098898,1.0461177,1.3171492,2.8548756,0.0,1.4323988,1.0928023,3.5421484,0.9054357,0.0,0.0,3.0551353,0.0,0.90628654,2.60124,2.8604014,0.0,0.27538309,0.0,0.0,0.018751437,2.1250563,0.0,0.51454556,0.0006642495,0.26137525,0.0,0.22926788,0.0,2.4867432,1.8638651,1.655658,0.24374595,0.39093253,0.0,0.0,2.39644,1.4878272,3.0513034,0.8125622,0.0,0.0,1.1181679,0.0,2.2021523,0.0,0.7205142,0.0,0.0,0.5661565,0.6961418,0.0,0.45945394,0.0,0.0,1.6160091,0.0,1.1474113,0.44647032,0.0,2.8131475,0.0,0.0,0.57102495,1.2646211,1.7133405,0.0,1.1180648,0.0,0.0,1.7693614,0.0,0.0,1
0.045810606,0.0,0.735244,0.0,0.0,0.0,0.0,1.0386226,0.36848983,0.1795789,1.4046221,2.6016774,0.026636608,0.37003207,0.0,2.9683535,0.0,1.0134033,2.79885,0.07108986,1.7822025,0.0,1.0951028,0.48312238,0.0,0.0,0.28104272,2.4922116,0.0,0.8609791,2.6110797,0.0,0.6413624,0.19587216,0.8302576,0.0,0.2033215,1.5620987,0.15116191,1.5386353,0.0,0.0,0.12267457,0.0,1.4969409,0.0,0.0,0.0,0.32132664,4.193514,0.0,0.0,1.5520432,0.0,2.9957933,1.5947338,1.0054357,1.1364413,2.5053158,0.06402652,0.0,0.874889,3.0169008,0.036931142,0.0,0.0,2.767397,0.21135885,1.6448296,2.7725043,3.610467,0.026596565,0.021479106,0.0,0.0,0.7982346,1.4497378,0.0,0.726203,0.74338,0.0,0.40036246,0.0,0.0,1.1168541,1.4562141,1.3262864,0.019058205,0.0,0.0,0.0,2.2151606,1.774223,2.9763086,1.5189481,0.0,0.0,0.0,0.0,2.4926572,0.0,0.0,0.0,0.0,0.40862498,1.3890005,0.0,0.7655139,0.40767282,0.54128957,0.5681788,0.0,0.8269231,0.0925157,0.22585388,2.7307332,0.0,0.28058472,0.19090335,1.1137936,2.4137745,0.0,1.135138,0.0,0.0,1.4249991,0.49259987,0.038219552,1
1.1459152,0.0,0.27123332,0.0,0.0,0.0,0.0,0.6791616,1.008178,0.26876223,2.914614,2.6673117,0.0,0.0,0.0,3.5813422,0.16917406,0.41328475,1.761354,0.0,1.924452,0.0,1.5191579,0.0,0.13997933,0.0,0.0,4.3491297,0.3398872,0.3043698,2.5502532,0.0,0.0,0.06656882,1.3184837,0.0,0.0,2.3193913,0.2367208,0.17119725,0.0,0.0,0.0,0.0,1.3116084,0.0,0.0,0.0,0.8612025,2.8037183,0.4013558,0.0,3.1082397,0.0,4.1600094,2.1125019,1.6580493,1.4580147,2.606185,0.8644165,0.50801134,2.6157622,3.2348297,0.17680937,0.0,1.211922,2.5280085,0.15686405,0.032189902,2.7772286,2.779169,0.0,0.38828123,0.0,0.0,0.50280887,2.1901126,0.0,0.7405099,0.0,0.36716557,0.17875765,0.0,0.0,1.2293226,2.438097,1.9606526,0.124418296,0.2327736,0.0,0.02975747,2.5577507,1.022032,2.5855074,1.3912952,0.0,0.18272267,1.5624924,0.0,2.3173113,0.0,0.0,0.0,0.0,0.07089366,1.751135,0.0,1.3977958,0.0,0.029380469,1.6119978,0.0,0.3423423,1.1778281,0.0,2.305647,0.0,0.0,1.2862034,1.8999085,1.3129388,0.0,1.3006397,0.0,0.0,2.9323933,0.76567256,0.0,1
0.0,0.0,1.0477141,0.0,0.0,0.0,0.0,1.4817872,0.4528242,0.853081,1.8806245,1.9322124,0.42478967,0.30788374,0.0,3.061267,0.018594604,1.313734,2.2911227,0.8532818,1.5361016,0.50018233,2.303188,1.4527967,0.0,0.0,0.57623047,2.7027454,0.0,0.1677118,2.4389412,0.0,1.6689111,0.13074967,0.81234014,0.0,0.0,1.6405778,0.9325331,1.6076936,0.0,0.0,0.0,0.0,0.3123989,0.0,0.0,0.0,0.04067197,3.4535992,0.0,0.0,2.2014444,0.29088616,2.6753109,1.8045557,0.43248865,1.1636688,2.4243722,0.0,0.8976251,1.2233853,2.4062533,0.09664877,0.0,0.3095128,2.581767,0.0,1.2037688,2.6935601,2.7991953,0.0,0.35776496,0.0,0.0,0.8439132,1.0126994,0.0,0.45600024,0.020719662,0.12100516,0.046929676,0.018162657,0.0,0.65909594,1.7842005,1.2467254,0.27456164,0.29822543,0.0,0.0,1.3230643,2.3628335,3.131958,1.8847939,0.0,0.68698,0.8712355,0.0,2.001541,0.0,0.0,0.0,0.64952624,1.3126212,1.0139644,0.0,1.0549432,0.23106085,0.59115016,1.1767335,0.0,1.1244237,0.79219157,0.75173485,1.9198985,0.0,0.54014224,0.021614239,1.3528621,1.9322633,0.0,0.9704146,0.0,0.0,1.1405005,0.6635184,0.00028146338,1
1.4834963,0.0,2.9175146,0.0,1.9863212,0.0,0.0,2.0481105,0.0,0.731077,0.71148354,0.37565553,1.6382678,0.0,0.0,1.6072419,1.5158072,0.0,0.47701016,0.28444487,3.1153703,0.6174461,1.7361131,1.7774948,0.55936134,0.0,0.35625616,0.7808139,0.0,3.5663922,0.91330564,1.8013065,1.8869311,1.3214874,1.911502,0.0,0.20615964,1.0444553,1.5479094,0.12784074,0.0,0.0,0.0,2.2033882,0.0,0.0,0.0,0.0,0.27482912,2.8905108,0.0,0.0,0.677286,0.64870256,2.6346824,0.44592366,1.5774122,0.8217436,1.314885,2.0717711,2.1042995,0.0,1.7150035,1.715084,1.4539597,0.0,1.250393,0.12457907,2.7255054,1.5177177,2.666498,0.13070963,1.0827966,0.0,0.0,1.3479387,0.43555114,0.0,1.5355501,0.8136421,1.4415908,0.88928396,0.4323104,0.0,0.80383563,0.0,1.0681427,1.7718732,3.0788913,0.0,0.0,0.274206,0.6809982,2.393224,1.530114,0.0,0.0,0.0,0.0,0.3424672,0.78515977,0.0,0.0,2.4239898,2.9036956,0.0423779,0.3009524,0.7650034,1.3334131,0.8969287,0.0,0.0,0.27318016,0.6328173,0.0463176,1.4957862,0.0,0.0,0.0,0.47982618,1.7443999,0.0,0.6433362,1.6285638,0.0,1.3340231,0.87738234,0.0,0
0.32722288,0.0,2.9440084,0.0,1.9452561,0.0,0.0,1.4394131,0.94146746,0.499727,0.12296782,0.16876121,0.0,0.7416531,0.25431913,2.0906432,1.7846011,0.0,1.681051,1.3611465,3.883456,0.91615844,0.9004122,2.5149171,0.03921967,0.0,0.9493329,2.2533534,0.0,3.230993,0.29250094,2.4385138,2.313178,1.1601914,2.670594,0.88936013,0.0,0.17488421,2.9675648,0.0,0.0,0.0,0.28571677,1.3965255,0.0,0.0,0.0,0.0,0.8065471,4.055032,0.0,0.0,1.3974155,0.71873426,0.8757086,0.0,2.6019106,1.9070808,0.61601424,1.7896909,1.7710367,0.0,2.753859,1.9476978,1.9542141,0.2981869,1.2893468,0.62305665,1.5486088,0.38774917,4.4361,0.0,0.73485994,0.0,0.0,0.9283375,0.4138439,0.0,1.1941686,0.0,1.3588144,1.9314982,1.083972,0.0,0.053040296,0.36147785,1.2667868,0.5048601,3.021017,0.0,0.0,2.1848469,0.054370098,1.1575089,1.7993186,0.0,0.8594414,0.6571754,0.0,1.0596827,0.9335789,0.25895113,0.0,2.0612943,1.945221,0.67285836,0.4321092,0.20002794,0.490481,0.0,0.8280325,0.0,0.0,1.8958042,1.6124197,2.7373765,0.0,0.0,0.0,0.0,1.2140894,0.0,0.0,0.0,0.0,1.8405982,2.156585,0.0,0
1.815203,0.0,3.9944355,0.0,3.251904,0.0,0.0,1.9120911,0.27497187,0.67641395,0.5849849,0.0,0.76896787,2.0737154,1.1229287,2.363369,2.4281626,0.0,0.068134576,0.30996114,3.7724729,1.8790044,0.1515985,2.3282197,0.046569876,0.0,2.2713938,0.51315,0.05013906,4.619925,0.0,2.3212345,3.6242993,1.4240217,2.0959907,0.5419429,0.4075561,0.76953983,2.4967864,0.0,0.0,0.0,0.29085568,2.3986678,0.0,0.0,0.0,0.0,0.011687058,2.541898,0.0,0.0,0.8038095,1.3052752,0.6217363,0.0,1.5139568,0.0,0.0,0.78668636,2.5609257,0.0,0.0,0.57008517,2.846508,0.0,0.043146353,0.0,1.9888154,0.91392434,3.5716796,0.2773477,2.1686687,0.0,0.0,1.5066153,0.0,0.0,2.050045,0.0,2.8929858,3.5060833,0.09218793,0.0,0.62875897,0.44421875,0.24125977,0.578593,2.1043532,0.0,0.0,0.0,0.30171594,0.7173548,0.99408233,0.0,0.21158384,0.73432654,0.0,0.0,1.2759098,0.0,0.0,2.1001883,1.137013,0.0,1.8264463,0.0,0.80872154,2.3699257,0.0,0.0,0.0,0.6101384,1.8227919,0.0,0.0,0.0,0.0,1.0349696,0.67000467,0.0,0.0,0.2843337,0.0,0.0,1.5705097,0.0,0
2.3377962,0.0,2.8644462,0.0,2.45832,0.0,0.0,1.0188116,1.9475815,0.9674252,0.09519563,0.80814004,0.5983188,1.1438526,0.78801113,2.0895553,1.8656598,0.5767293,0.10993686,2.6916215,2.6444511,0.8990302,0.22490965,2.051098,0.52519166,0.0,2.2239816,0.7037188,0.0,3.9778445,1.2627031,2.9192889,3.1514184,2.384338,2.3920128,1.4647833,0.0,1.892173,2.8143878,0.14997427,0.0,0.0,0.0,1.1335975,0.0,0.0,0.0,0.0,1.3453219,1.9850985,0.0,0.0,1.7355115,0.99266344,1.1913807,0.055043,3.4251652,0.6063066,0.027280735,2.3043787,2.3259137,0.28464437,0.011268295,1.8881825,2.1591136,0.0,0.0,0.0,1.2292931,0.0,3.1570826,1.1436286,1.6012709,0.0,0.0,1.018721,0.8746569,0.0,1.2032459,0.0027288352,3.6031885,2.3596175,0.19223323,0.0,0.0,2.0202658,0.74719477,1.2937677,2.843621,0.0,0.0,0.0,0.0,0.6641811,2.0394268,0.0,0.0,0.865258,0.0,0.0,1.0143472,0.20298176,0.0,2.7481477,1.4268067,0.0,1.2042236,0.8159285,0.0,0.0,0.0,0.0,0.9872116,2.2937849,2.0649085,0.6276115,0.0,0.0,0.5905509,0.20062625,0.6252406,0.0,0.786986,0.0,0.0,2.3303115,2.1666572,0.09238412,0
1.12253,0.0,2.2268498,0.0,2.5854564,0.0,0.0,1.8981532,1.1334392,1.4340249,0.8857396,0.71271724,1.3799214,1.0632111,0.841081,1.9478382,1.2877232,0.26813552,1.1997335,2.0600722,3.3327112,0.9891408,0.980706,2.4587636,0.49073505,0.0,1.6237656,1.8339397,0.0,2.3387172,1.3669127,1.4907309,2.178855,1.9929912,2.7216785,0.0,0.0,0.0,2.3603556,0.05349897,0.0,0.0,0.0,1.4118775,0.0,0.0,0.0,0.0,0.8065682,3.3184502,0.0,0.0,1.6326802,1.0946463,1.7603287,0.72702795,3.490252,1.3524925,0.9833091,2.0931947,1.9984262,0.0,1.2612919,1.7000531,2.4030368,0.47321677,0.51079196,0.0,2.0266597,1.2782301,3.9942358,0.81202954,1.389333,0.0,0.0,1.4287081,0.51797086,0.0,1.1732802,0.0,2.2848475,2.1234872,0.9480799,0.0,0.0,1.0235435,1.1992776,0.3209523,2.0509617,0.0,0.0,1.1619787,0.83136547,1.8590829,2.9052196,0.0,0.912524,0.25087607,0.0,1.044674,0.6157591,0.0,0.0,2.375923,2.4151947,1.1760693,0.0,0.41469777,0.54544765,0.0,0.0,0.0,0.21211159,1.8642815,1.3690648,1.854142,0.0,0.0,0.0,0.0,0.28029016,0.0,0.5232711,0.0,0.0,1.7408143,1.7033271,0.0,0
0.990315,1.1989983,1.1539273,0.0,0.72060466,0.0,0.0,0.0,2.4614265,0.0,1.428282,0.9286431,0.0,1.3968295,0.0,3.3564324,1.4741855,2.5330458,1.7974879,0.0,0.87596387,0.26911098,0.00375894,1.3522048,0.0,0.0,1.3322871,1.7108223,0.57103854,0.0,1.6566392,1.2136738,0.7494922,0.0,0.0,0.9070307,0.0,2.5447896,0.0,0.65491325,0.0,0.0,0.0,1.1730763,2.4588475,0.0,0.0,0.0,0.67737776,0.37504238,0.0,0.0,1.8654515,1.3892132,3.3843203,1.4273934,0.71979046,0.957822,2.0305042,1.2405336,0.34295186,2.2020469,0.0,0.31235552,0.83578813,0.33434927,2.922464,0.13003299,0.7911123,0.6843835,0.6305457,0.7819027,0.27906245,0.0,0.5278982,1.2622074,2.142325,0.0,0.620538,0.0,0.9876975,0.11658253,0.25907624,2.0059497,2.9190736,2.1076734,1.1773013,0.0,0.9547496,0.0,1.4513437,0.80307394,0.0,1.6617742,1.1126826,0.0,0.38272148,3.3690877,0.0,0.8231418,1.8149647,0.0,0.0,1.0955247,0.0,0.0,0.0,2.3952122,0.0,0.0,3.1081946,0.0,2.5436323,0.0,1.1813208,1.1769516,0.7842517,0.0,1.8452013,1.7773732,1.1055964,0.0,3.0624177,0.0,0.0,3.2009518,0.0,0.0,1
0.6101543,0.41089818,1.0968039,0.0,0.55426526,0.0,0.0,0.2385924,1.4400806,0.0,3.077476,2.8727787,0.0,0.0,0.6082429,2.6987166,1.0487622,0.9350353,2.418318,0.82084095,1.4111487,0.0,1.5324812,1.286659,0.06114573,0.0,0.7617068,2.636306,0.0,1.8274606,2.173989,1.2055694,0.0,0.2594628,0.11685907,0.81724584,0.0,0.19803573,0.5073148,1.8938732,0.0,0.0,0.0,0.0,2.0974445,0.0,0.0,0.0,0.67917657,1.7579474,1.2831901,0.0,2.605289,0.0,2.7382166,2.3846862,1.0605778,2.1292813,2.3779333,0.9452496,0.77374184,1.1237109,2.620887,1.4484508,0.6311296,1.0988472,2.4207315,0.44786048,0.117568046,2.8207636,2.0776987,0.24505195,0.20116359,0.0,0.0,0.23016375,0.5769592,0.0,1.6249795,0.0,0.022150088,0.0,0.7569512,0.0,2.0141466,1.3515314,2.2348757,1.4705375,0.25061378,0.0,0.0,3.2155013,1.4196355,2.2033136,0.22424564,0.1799351,0.7587339,1.8227519,0.0,2.2495914,0.69250363,0.0,0.0,0.0,2.186509,0.97283655,0.0,2.394887,0.0,0.0,2.3548734,0.0,0.32217202,1.4377816,1.0044332,1.5075661,0.0,0.0,0.9377668,0.5604905,1.1128681,0.0,0.020626703,0.0,0.0,2.2594328,1.3470719,0.0,1
1.3308235,0.0,2.9623497,0.0,2.2566693,0.0,0.0,1.7637445,0.30748692,2.5689406,1.4730439,0.0,1.0725046,1.8338913,1.4869413,2.3635569,2.4676611,0.0,0.5829904,1.4521302,3.9567034,1.8218209,0.24837323,3.3157666,0.7645004,0.0,0.74431837,0.7119631,0.68775713,3.2677732,0.5688522,2.1735988,2.739182,1.9118841,2.0338686,0.8134572,0.80846924,0.68344116,2.7624667,0.0,0.0,0.0,0.11007486,2.2287292,0.0,0.0,0.0,0.0,0.4288914,1.2810187,0.0,0.0,1.033894,2.4514236,1.5965955,0.0,2.1162124,1.1540841,0.31324717,1.5497044,2.1377962,0.071057945,0.677398,1.1776475,2.9425476,0.0,0.13632388,0.6259768,0.7590452,0.788709,3.5438309,0.0,1.6395609,0.0,0.0,1.3935839,0.0,0.0,2.6024776,0.04651858,1.9925983,1.4023607,1.0451691,0.0,0.032644153,1.716835,1.4135394,0.9633969,3.560937,0.0,0.0,0.57348084,0.7005189,1.7412901,1.6158563,0.23940468,0.0,0.96093786,0.0,0.0,1.0199137,0.0,0.0,2.1909938,1.779962,0.17507009,0.6103462,0.05709702,0.8317192,0.62392247,0.06863555,0.0,1.9148066,1.0702927,1.5975182,0.122174695,0.33465052,0.0,0.0,0.20987806,0.49476776,0.0,0.0,0.32829112,0.0,0.63577014,1.3995454,0.0,0
2.44276,0.611203,1.7009447,0.0,2.055509,0.0,0.0,1.0353345,0.055390947,0.14287396,0.64078444,1.5905154,0.0,1.6646924,0.0,1.7920299,0.7699081,0.0,1.0256335,2.0020912,2.8269112,1.4146851,0.5960198,1.9303696,0.0,0.0,0.7489017,1.1741668,0.0,3.698751,0.74895215,3.2591746,1.0739273,3.03272,2.001716,1.4865481,0.0,0.40111092,2.100649,0.22689758,0.0,0.0,0.94101727,1.2313643,1.5645186,0.0,0.0,0.0,1.2625144,0.55226576,0.0,0.0,1.2466993,1.0581592,1.2700104,1.9759307,2.8759117,0.09737896,1.4731164,0.5144982,2.3704448,0.0,0.029853024,2.1641912,1.5901353,0.0,1.641841,0.0,2.0503843,0.5942755,1.427727,0.5310433,1.4239072,0.0,0.0,0.2267644,1.1092452,0.0,3.3650894,0.0,3.7206995,0.6838709,1.8989279,0.0,0.86355424,1.0242517,0.23354045,0.0,0.0,0.0,0.7654268,0.0,0.0,0.9565911,2.6634078,0.49334425,0.60506576,1.7286909,0.0,0.0,1.3704743,1.3786994,0.0,2.2967584,1.5093946,0.0,2.4678626,0.53177273,0.0,0.0,1.4097058,0.47469744,2.062096,1.7432551,1.9914911,2.482309,1.1448611,0.0,0.9203533,1.5485634,0.0,0.0,0.73341566,0.0,0.0,2.9538367,1.2345074,0.0,0
0.15013705,1.4692535,0.34009302,0.0,0.0,0.0,0.0,0.4879279,2.8233447,0.7222997,1.6906767,1.7595987,0.0,1.304189,0.03188601,1.9316645,0.0,2.2853417,3.137337,0.0,0.51835185,0.37764263,0.13107593,0.30090633,0.48288757,0.0,0.7837845,1.8044682,0.0,0.0,1.8767056,1.7608339,0.0,0.92958605,0.0,0.0,0.0,3.4359329,0.0,0.037966654,0.0,0.0,0.0,0.3150043,2.308155,0.0,0.0,0.0,0.66168255,0.0,1.2624402,0.0,2.9616816,0.437315,1.7708004,2.2454698,1.7264642,1.5337716,3.5605805,1.9011436,0.0,2.6253755,0.0,0.0,0.0,1.0018177,2.5735073,0.33598536,0.60642797,0.0,0.23878342,0.0,0.0,0.0,0.57799554,0.0,1.7366788,0.0,1.7138231,0.0,2.2733488,0.0,0.0,1.1998459,2.998419,1.414027,1.6562979,0.0,0.0,0.8571502,1.1200418,1.530185,0.25301683,1.652774,0.28345808,0.088270195,0.21830378,2.4156122,0.0,1.7339526,1.6646879,0.25195736,0.0,0.97150624,0.14154427,0.0,0.0,0.6937013,0.0,0.0,2.5948396,0.03418176,1.4007952,1.0544989,0.0,1.2813232,0.58433115,0.0,2.3398895,2.7744508,1.7022775,0.0,3.1057754,0.0,1.0021002,3.3262362,0.046558414,0.0,1
1.4115509,0.1597963,0.46455634,0.0,0.0,0.0,0.0,0.049444407,1.0895585,0.8923444,2.073122,1.5541043,0.07839335,1.8745409,0.0,2.7833323,0.0,0.28861836,0.83726907,0.6155386,2.1844668,0.0,1.1493468,0.5080131,0.0,0.0,0.3373463,2.3028362,0.6530816,0.0,1.2990537,1.4375775,0.2430615,2.3596635,2.0607455,0.68628705,0.0,2.0695543,0.0,0.59011716,0.0,0.0,0.112287566,0.27333492,1.7011895,0.0,0.0,0.0,1.4637023,1.499775,0.0,0.0,1.8024485,0.6902775,2.955714,1.8035861,2.6586537,1.0635272,1.0320978,0.9606072,0.70149267,2.7863455,0.0,0.8610569,1.5910091,1.1827613,1.8669556,0.0,0.89974,0.963721,1.1911843,0.7120225,0.7975033,0.0,0.12348977,1.5606842,2.3974748,0.0,2.9877183,0.0,0.86018217,0.0,0.17626254,0.29310393,1.3169132,1.4593905,1.5874804,0.0,1.1603442,0.0,0.47427574,2.3706748,0.02242624,1.7404156,0.8541874,0.36225447,2.0506763,2.1257758,0.0,1.7784706,0.0,0.0,0.0,0.0,1.1197791,0.74309874,0.4495065,0.0,0.0,1.8768245,2.039502,0.0,0.30904177,0.6720818,0.0,0.0,0.0,0.0,1.713625,0.44565636,0.0,0.0,2.0397847,0.0,0.0,2.1911368,1.1252329,0.0,1
2.1015518,0.0,1.644281,0.0,1.0078211,0.0,0.0,0.9388449,0.9980299,0.92239255,0.14374669,0.7463859,0.0,1.343032,0.0,1.8213028,1.6140876,0.0,0.3739104,1.2229183,2.1445355,0.6351441,1.5439768,1.9635079,0.37238294,0.0,0.92273504,1.7739111,0.0,1.9588403,0.88420904,1.0536103,2.6017475,1.6684737,1.6572787,2.163551,0.0,0.8966756,3.3682022,0.011384352,0.0,0.0,0.10232191,0.74243516,0.0,0.0,0.0,0.0,0.0,1.4345767,0.0,0.0,0.80876744,0.0,2.4066293,0.24297991,1.7611502,2.129588,2.667082,1.5744761,1.9762511,0.0,1.5556232,0.40388137,1.1023693,0.0,0.6580087,0.0,2.0679746,1.676351,1.6338794,0.0,2.119207,0.0,0.0,0.026774311,0.14972277,0.0,3.8915515,0.0,0.98106796,1.204002,0.5149312,0.0,1.1985855,1.0481923,0.0,0.8259753,0.1204178,0.0,0.09632975,1.1083933,0.032256715,1.5610971,1.089153,0.0,0.57030594,1.3586473,0.0,0.2967652,0.19727327,2.055677,0.0,2.323292,1.528023,1.6857462,0.5717602,0.6395345,0.0,0.58074856,0.5212995,0.0,0.0,1.481711,0.6464352,2.9972112,0.0,0.0,0.0,0.0,0.26627293,0.0,0.74133676,0.0,0.0,1.6625118,1.25183,0.0,0
0.6794483,1.112925,0.7434958,0.0,0.0,0.0,0.0,0.60317373,1.9418418,0.30521673,1.7557378,2.4800522,1.0988102,0.08794685,0.11326483,3.4891324,0.2682362,1.2380422,2.720801,1.3296574,1.7962726,0.23738103,0.4753042,0.61330986,0.9545372,0.0,0.3166937,0.8756725,0.012628246,0.0,2.4034646,1.5544128,0.0,0.54941356,0.43148863,0.0,0.0,3.0046682,0.6370037,0.5922665,0.0,0.0,0.25429523,0.40190166,0.43914405,0.0,0.0,0.0,1.227897,0.0,0.7880193,0.0,2.0154705,0.0,3.295245,1.4907758,0.37901446,0.0,1.2779949,0.0,0.2559965,1.6794546,0.0,0.75111073,0.0,0.0,2.8405564,0.276725,0.0,0.028800711,1.2612331,0.0,0.0,0.0,0.0,0.083824925,2.0315266,0.0,0.44540575,0.0,0.6362492,0.0,0.0,2.8850024,2.5900788,1.6934563,1.8541952,0.20813036,0.22635108,0.59209436,0.46902725,0.0,0.3095303,3.246819,1.067479,0.0,0.0,3.686881,0.0,0.8547343,0.0,0.0,0.0,0.0,0.0,0.29884458,1.0117904,1.849292,0.0,0.0,1.7543657,0.0,1.344752,0.79179996,0.0,2.125119,0.0,0.0,2.544633,1.0948033,0.48363242,0.0,3.4151804,0.0,0.0,2.9128444,0.0,0.019753557,1
0.7178514,2.0027196,0.08934426,0.0,1.0169597,0.0,0.0,0.0,1.0240003,0.26113436,2.3292859,2.2176962,0.0,0.9751933,0.0,2.3618424,0.0,1.4790196,2.1413448,0.88469744,0.44393718,0.0,1.4175271,0.0,0.8020991,0.0,0.0,2.1772556,0.16439609,0.059947137,0.90542734,0.0,0.0,0.24049857,1.4515027,1.4658104,0.0,2.131792,0.0,0.9926241,0.0,0.015210685,0.0,0.0,1.2246866,0.0,0.0,0.0,0.28118816,1.3669946,0.0,0.0,3.232866,0.0,2.3819401,1.5553348,2.421153,0.28760493,0.28897083,1.0409153,0.43615088,2.980767,0.0,1.5131081,1.5461067,1.2198489,1.9530041,0.0,0.68375534,0.0,0.0,1.294973,1.4515921,0.0,1.4999183,0.16953784,3.1532214,0.0,1.2901034,0.0,0.7459793,0.0,0.5815832,0.34676933,1.8966523,0.029694906,2.2958822,0.0,0.89715046,0.0,2.4923043,1.0944213,0.560145,2.1116922,0.026944496,0.0,1.7510515,3.005094,0.0,1.2691723,0.0,0.0,0.0,0.0,0.0,0.12827589,0.065848805,0.8900429,0.0,0.0,3.1604486,0.0,0.79837066,0.26799875,0.7241314,0.5699833,0.839445,0.0,2.2464504,0.16637486,0.0,0.0,2.5673366,0.0,0.0,3.137666,0.120554365,0.0,1
1.860649,0.15671745,2.8978758,0.0,1.2532328,0.0,0.0,1.5505514,0.34204602,1.5828028,0.0,0.0,0.0,1.3348548,1.361085,2.5464954,2.2082825,0.0,0.54120255,2.1970217,3.4730418,0.4447559,0.7915487,3.2665265,0.0,0.0,1.3758837,1.3491532,0.0,3.590152,0.0,2.7450686,3.1089401,0.63331646,1.5546736,1.6237484,0.13903432,1.3003871,2.6682544,0.0,0.0,0.0,0.85467887,2.1754587,0.0,0.0,0.0,0.0,1.4812818,1.1469228,0.0,0.0,0.8071554,0.39538744,1.2766677,0.0,2.7341256,0.81537193,0.0,1.7675061,2.1894686,0.0,0.03013406,1.5213357,2.5538342,0.0,0.8604481,0.0035216347,2.4550605,0.2598683,3.6783874,0.4042598,0.7697643,0.0,0.0,0.8246715,0.3148205,0.0,2.2930057,0.29422048,2.5028067,2.0124764,0.0,0.0,0.38029265,1.2222879,0.0,0.8321523,3.0264964,0.0,0.0,1.0128934,0.0,1.0523851,1.5532407,0.0,0.8879324,1.6769807,0.0,0.0,1.9888376,0.0,0.0,1.9478998,0.5346802,0.0,1.6972631,0.7769721,0.0,2.1610339,1.6339281,0.0,1.8019567,1.0891154,1.7878453,1.092238,0.01628412,0.0,0.27065662,0.08709901,0.64359415,0.0,0.106484376,0.5655626,0.0,2.0510347,1.7313662,0.0,0
0.5622226,0.2030245,1.2996348,0.0,1.2308966,0.0,0.0,0.5659493,1.1792395,1.0956067,0.8936706,2.295577,0.92837244,1.2533534,0.0,1.8831675,1.1041303,0.0,0.5617883,0.81531626,1.2970576,0.0,0.31089395,2.587345,0.9858987,0.0,1.4139439,0.46006024,0.0,2.0406811,1.484697,1.9373614,1.610004,1.1523457,2.3976772,0.5319735,0.0,2.1184096,1.7250179,0.0,0.0,0.0,0.9490994,0.0,0.086004786,0.0,0.0,0.0,0.77334696,1.4471829,0.0,0.078008525,1.713242,1.1006627,1.6275275,1.2575744,2.1060483,1.2058345,0.02749251,2.0076773,1.6381356,0.58216447,0.0,1.9096029,1.2823272,0.66304874,1.0645322,0.0,1.5866042,0.0,1.6099354,1.2950929,1.1721224,0.0,0.04056957,0.0,1.2326657,0.0,4.014124,0.0,1.9160063,0.6833248,0.08284285,0.0,0.7470681,1.1465397,0.5139246,0.0,0.0,0.0,0.0,0.007106863,0.0,1.1857513,0.2239891,0.0,0.654788,1.8214483,0.0,0.0,0.0,0.21918063,0.0,0.42096993,0.0,0.8498074,0.6339649,0.0,0.18428051,0.48350516,1.0552672,0.0,0.61569136,2.4407225,0.0,0.8398834,0.0,0.0,0.21016449,0.7967048,0.42793652,0.0,1.4778835,0.11272847,0.0,2.7670693,1.0479788,0.0,0
2.022125,0.0,2.3949,0.0,1.4961556,0.0,0.0,1.7611009,0.24987738,1.8587656,1.3093857,1.2095225,0.15787983,0.27977738,1.7014239,2.4023447,0.9348458,0.39278302,0.63988805,1.3298106,2.6515057,0.02483739,1.5728513,1.2980409,0.0,0.0,2.1631448,1.1875758,0.0,2.865379,0.3350816,3.3905938,1.454581,1.4028178,1.6319376,0.33286312,0.0,1.1431952,1.8815894,0.31451592,0.0,0.0,0.03782769,1.4761894,1.3594253,0.0,0.0,0.0,0.63694835,2.361877,0.0,0.0,1.1459825,0.61419237,1.4351283,1.6623175,2.0670774,0.0,0.4873067,1.9290644,0.66066265,0.24877307,0.0,1.7783136,1.616869,0.55444276,0.0,0.0,1.5189474,0.0,2.852049,0.86422616,1.1141882,0.0,0.0,0.0,0.39453045,0.0,1.84065,0.36514995,2.5757794,2.1146305,0.0,0.0,1.7530364,0.6182797,0.030062517,0.0,0.0,0.0,0.0,0.8929213,0.15748686,0.37405178,1.1861931,0.0,0.77410406,1.4775388,0.0,0.0,0.95427483,0.03328889,0.0,1.3694077,1.5250827,0.0,1.9822154,0.15652111,0.0,0.66377836,0.0,0.0,1.095181,0.707447,0.8276685,1.426458,0.0,0.0,0.5014889,0.46418473,1.8691452,0.0,0.0,0.0,0.0,2.7360194,1.8124399,0.65818346,0
2.5422244,0.0,2.9310155,0.0,1.3266709,0.0,0.0,0.6113069,0.16451259,1.121713,1.274102,0.49426186,0.0,1.2685236,1.8070173,0.6550013,2.8991675,0.59597135,0.41888335,1.7545223,4.01299,1.7833744,0.47283214,1.7053269,0.2606655,0.0,1.1202701,1.9567668,0.0,3.8892078,0.21607365,1.9716638,2.628295,2.5067272,2.6410034,1.7546514,0.0,0.0,2.8679645,0.6815813,0.0,0.0,0.0,2.5831614,0.13285352,0.0,0.0,0.0,1.427291,1.8119035,0.0,0.0,1.0209738,0.7432354,0.89796245,0.0,2.4439216,1.4837027,0.94173205,3.5364716,1.2593833,0.0,0.0,1.4748602,2.4821808,0.0,0.44965616,0.0,1.9586521,1.666713,3.2254982,1.0859592,0.87626135,0.0,0.0,1.1394172,0.0,0.0,2.3134143,0.0,1.9811558,1.8447284,0.8303508,0.0,0.0,0.40412623,1.3573354,1.7430521,3.1731706,0.0,0.28396845,1.182466,0.7134008,0.78223515,0.6393713,1.1583488,0.741649,0.0,0.0,0.14541984,0.97699755,0.0,0.0,2.3440223,2.464286,1.0508945,1.5079316,0.0,0.46415266,1.0493249,0.3879647,0.0,0.0,0.9160284,1.8785963,0.31130672,0.0,0.0,1.2931836,0.3515386,1.0331858,0.0,0.0,0.0,0.0,0.7558161,2.467218,0.0,0
1.6657232,0.0,3.2642565,0.0,2.5090077,0.0,0.0,2.4284241,1.3007355,0.8500245,0.24711382,0.0,0.0,0.5360262,0.12718293,0.8896817,1.5328945,0.0,1.2442842,1.9201667,3.0392504,1.3840693,0.064313486,2.643613,0.58457446,0.0,2.1150877,0.87410444,0.0,4.635677,0.13326128,1.4151288,4.053284,1.4592973,2.1683974,1.3969394,0.06487028,0.9641309,3.0209305,0.0,0.0,0.0,0.34562063,2.9844735,0.0,0.0,0.0,0.0,2.0368736,0.5547086,0.0,0.0,0.63242817,1.5816138,1.2335494,0.0,1.8162297,0.627028,0.0,1.2757549,2.47729,0.0,0.0,1.5034753,2.6008894,0.0,0.2994432,0.0,2.1154227,0.90915334,2.5888197,0.49938005,1.4840391,0.0,0.0,0.37975675,0.0,0.0,1.4850786,0.0,2.7819405,2.8862188,0.73839927,0.0,0.4123087,1.0428264,0.0,0.8920367,2.4395792,0.0,0.0,0.0,0.0735118,1.6535523,2.606553,0.0,0.12088634,0.3771444,0.0,0.0,0.4210458,0.0,0.0,3.3750086,1.1112815,0.0,2.2146509,0.20522976,0.5366485,0.16761495,0.6603675,0.0,1.1062329,0.8469316,1.6106054,1.1865487,0.4919983,0.0,0.0,1.2621952,1.4658105,0.0,1.0402268,0.5188459,0.0,0.2522527,2.5561695,0.0,0
0.17506824,1.0488516,0.7577231,0.0,0.0,0.0,0.0,0.0,2.4473135,1.210835,2.928576,1.5393189,0.0,0.0,0.5888574,2.3374743,0.0,2.3858747,2.785485,0.0,0.4507268,0.0,0.8831747,0.0,0.0,0.0,0.0,2.6101205,0.0,0.67761594,2.2199383,1.7700115,0.0,0.0,0.0,1.1673359,0.0,2.151067,1.4917146,0.8228217,0.0,0.0,0.0,1.0583076,2.366811,0.0,0.0,0.0,0.46652362,0.0,0.0,0.0,1.4036576,1.1837314,2.9049046,2.2195613,1.2104117,0.9118373,2.3182244,0.6419524,0.0,2.0923278,1.1104983,0.0,0.0,0.60634923,3.1268613,2.140543,0.059987362,0.9837587,1.5064957,0.0,0.0,0.0,0.0,0.5866884,2.801456,0.0,0.28278917,0.0,0.0,0.7855286,0.0,1.0142301,3.1499398,2.768221,3.3517127,0.0,0.0,0.0,0.30392972,2.9074812,0.0,2.1797674,0.0,0.0,0.6372181,3.537485,0.0,0.66618264,1.2056621,0.0,0.0,0.1626177,0.0,0.026823265,0.9693645,2.1183257,0.0,0.0,3.550786,0.0,2.589308,0.101145454,0.34867415,1.4390986,0.0,0.0,4.208983,2.254676,1.9317025,0.0,2.376014,0.0,0.0,2.811463,0.0,0.10252265,1
0.9787115,1.6677122,0.7998911,0.0,0.0,0.0,0.0,0.0,2.231581,0.70014054,2.057391,1.6235061,0.0,0.0,0.46229485,3.2876258,0.0,1.91735,2.9427972,0.0,0.10086514,0.0,0.1719264,0.40886804,0.0,0.0,0.0,1.468828,0.0,0.7144326,1.9450899,1.9519869,0.0,0.0,0.0,0.44499794,0.0,2.5727584,1.135558,2.2859173,0.0,0.0,0.0,0.5868477,3.352339,0.0,0.0,0.0,0.0,0.32665414,0.0,0.0,1.4783362,0.0,2.212159,2.2705355,1.3179446,0.1583905,2.0842044,1.175754,0.0,2.820679,0.5414786,0.33716935,0.0,0.07228852,3.4319603,0.7587083,0.0,1.5304073,1.0710986,0.26322806,0.0,0.0,0.0,0.0,2.1649597,0.0,1.4528272,0.0,0.5503204,0.0,0.0,1.1964183,2.8040867,2.3700523,2.2136896,0.0,0.0,0.0,0.94005233,1.9954301,0.46403587,1.5098096,0.0,0.0,1.1513218,3.907075,0.0,1.6503943,1.0784175,0.0,0.0,0.0,0.8315086,0.0,0.6409677,1.8842728,0.0,0.4500783,2.9203496,0.0,1.9572041,0.1676436,0.0,1.1531794,0.9749064,0.0,3.8862376,1.9130462,0.861261,0.0,2.5551775,0.0,0.0,2.9078429,0.0,0.0,1
1.0212922,0.7281355,0.0,0.0,0.0,0.0,0.0,0.0,2.7288244,0.9954802,1.9910651,2.406516,0.0,0.0,0.43001312,2.562877,0.0,1.7236571,2.5527856,0.0,0.16474451,0.0,1.6676904,0.66150224,0.0,0.0,0.0,1.6483343,0.0,0.87790483,2.6819444,2.7994106,0.6044726,0.1365808,0.0,0.88647294,0.0,3.0164027,1.2676922,1.7029814,0.0,0.0,0.0,1.007018,2.7270372,0.0,0.0,0.0,0.0,0.73946506,0.0,0.0,2.0625582,0.9481357,3.254672,2.4767115,1.0272442,1.2306472,2.1102242,0.13283217,0.0,2.0222964,1.6044785,0.0,0.33256814,1.3690313,4.0681853,0.7316842,0.0,1.3607733,1.0465113,0.17258313,0.21704224,0.0,0.0,0.48391896,2.2216797,0.0,1.898778,0.0,0.0,0.51956135,0.0,1.5742294,3.1354167,1.8084321,1.88245,0.0,0.0,0.0,0.27621722,2.2012823,0.41692612,2.0422845,0.124468185,0.0,0.47257957,3.3007267,0.0,2.5999234,1.3843493,0.0,0.0,0.0,1.2912624,0.18300419,0.059310175,1.9364316,0.0,0.0,2.3725257,0.0,2.3369195,0.0,0.38535976,1.8958545,0.72220373,0.0,3.326535,2.3327167,1.5226129,0.0,1.3755517,0.0,0.0,2.9340775,0.0,0.44060323,1
1.7215985,0.0,2.6736636,0.0,1.6842331,0.0,0.0,1.2856643,1.3689885,1.2004924,0.23134579,0.8597667,0.16041857,1.1297029,0.8204646,2.5630112,1.9555486,0.0,1.6021185,2.0192063,2.9778569,1.4301451,0.11157635,3.0204327,0.33099133,0.0,1.5919945,2.076413,0.0,3.4817107,0.4670647,2.615231,2.6534443,1.229164,2.002178,0.47046736,0.0,0.67200387,2.8234339,0.0,0.0,0.0,0.0,1.4934248,0.11076435,0.0,0.0,0.0,1.6004561,2.416202,0.0,0.0,1.0595748,0.917952,0.5726602,0.9131242,2.08903,0.83532226,0.050262198,2.4225686,2.6450102,0.0,1.2439255,1.7874409,1.7976873,0.0,0.49357542,0.0,1.4534633,0.0,4.0995016,0.115601376,1.3966087,0.0,0.0,0.6973813,0.5324693,0.0,0.9019824,0.04551603,2.187217,2.1484072,0.40849024,0.0,0.8199593,1.3298659,0.5828409,0.8703891,2.0477958,0.0,0.0,2.0010414,0.22529882,1.0743861,2.3867795,0.0,0.0,1.2882438,0.0,0.0,2.1766655,0.0,0.0,2.2624238,1.2909414,0.2442453,0.72722197,0.2583422,0.4870318,0.0,0.39764896,0.0,1.268269,1.8298423,2.3172832,1.8895259,0.0,0.0,0.0,0.0,1.2891134,0.0,0.6891758,0.0,0.0,0.7819292,2.7358048,0.0,0
1.7487549,0.33839536,2.8980174,0.0,2.3790152,0.0,0.0,1.9226236,0.34407303,0.291992,0.45090067,0.48964834,0.44816482,1.2668374,1.2419932,2.55459,1.5706152,0.0,0.9833424,2.7027996,3.1552591,0.89746857,1.5092276,2.0238264,0.08018274,0.0,1.4117135,1.2119893,0.0,2.9357002,0.9766611,2.1847887,2.765138,1.069598,3.0988634,0.81093144,0.0,1.2272654,3.2423294,0.0766695,0.0,0.0,0.6255866,1.7185539,0.0,0.0,0.0,0.0,0.8194894,2.3060007,0.0,0.0,1.2548686,0.6481938,0.66909194,1.1404136,2.1079376,1.0736029,0.0,3.3036876,2.1456692,0.0,0.0024951473,1.5590215,1.2697735,0.22735436,0.0,0.0,1.4060329,0.021340027,3.6332693,0.96818846,1.5606561,0.0,0.0,0.4147577,0.2980545,0.0,1.4017837,1.4339446,2.9585338,2.5043428,1.874348,0.0,1.5760139,1.3480666,0.37516287,0.91240305,2.0050063,0.0,0.0,0.9302382,0.0,0.42403886,3.0693953,0.0,0.18600135,1.118051,0.0,0.0,0.9451533,0.58975494,0.0,2.7700665,1.3409655,0.13670592,1.8834362,0.45880532,0.0,0.49821275,1.137676,0.0,0.95222205,1.8758264,1.7764009,2.205358,0.0,0.0,0.0,0.3864136,0.7039024,0.0,0.33416355,0.568822,0.0,1.0467092,3.167844,0.0,0
2.4721174,0.0,1.1288986,0.0,1.7157174,0.0,0.0,0.6079565,0.58338577,0.79132676,0.62352365,1.5502414,0.0,0.0747429,0.59092087,1.7513063,1.0773607,0.0,1.2082725,0.32040223,3.113863,0.0,2.5835204,2.5697927,0.0,0.0,0.008851622,1.1712548,0.0,2.1569438,0.14595948,2.3100088,1.1153796,1.8048836,2.6530063,1.3845127,0.0,1.5777401,2.4035554,0.0,0.0,0.0,0.44722188,1.4506884,0.3207017,0.0,0.0,0.0,0.11776074,2.6637309,0.0,0.0,1.0575863,0.0,2.0954177,1.8986049,1.8795491,0.91039234,1.964645,2.0245502,1.6758565,0.0,1.9704641,1.5274597,1.0818667,0.2325504,1.5288926,0.32675314,1.4689167,0.7745378,2.9640503,1.1870176,1.1406634,0.0,0.0,0.9669033,0.77232337,0.0,2.7984161,0.0,1.2480149,0.29279613,1.5351562,0.0,0.34246188,0.8483743,0.91519606,0.7143096,0.8033381,0.0,0.0,1.3729057,0.0,0.86375034,1.6473154,0.043525763,1.9485987,1.0385793,0.0,1.4556988,0.19520004,1.2564409,0.0,2.1612287,2.4565,1.4069121,1.5119084,0.089399874,0.0,0.6959507,0.2749481,0.0,0.0,1.6760199,0.86484534,2.7284794,0.0,0.0,0.0,0.072485216,0.37244567,0.0,1.4521903,0.35874212,0.0,3.679407,1.4568781,0.0,0
2.7874377,0.0,2.1371224,0.0,1.2917726,0.0,0.0,1.6794703,1.2194321,1.10664,0.4469889,2.1806438,0.8328891,1.7014369,0.3879341,0.90198165,1.4151525,0.0,0.0,1.3064654,2.482404,0.5284834,1.790618,1.2494198,0.4509275,0.0,0.09278957,1.3546318,0.0,2.8442752,0.8235881,2.315291,2.0911174,3.1953068,2.8823454,1.8734968,0.0,1.0254009,1.5190254,0.0,0.0,0.0,0.0,1.980155,0.69215924,0.0,0.0,0.0,0.30684176,1.8083453,0.0,0.0,0.53048295,0.5639556,1.6764174,0.64263314,3.0271115,0.73815936,1.5438954,1.8737231,1.7931011,0.0,0.40979162,1.6602199,1.3996226,0.7597001,1.6803814,0.0,0.9049606,0.6062758,2.317645,1.1348373,2.0452645,0.0,0.0,0.7803602,0.854001,0.0,3.733585,0.0,1.7812243,0.6435205,0.92974585,0.0,1.0005578,1.6250823,0.17207086,1.1278719,0.79884326,0.0,0.2869747,0.70508313,0.0,1.4985691,2.2229936,0.0,1.024125,0.464952,0.0,0.8753022,0.6880771,0.3939327,0.0,2.2807677,1.7092823,2.1788602,0.9413388,0.47031048,0.34796783,0.38567546,0.14454272,0.0,0.47188112,1.478067,0.8597036,2.3954103,0.0,0.0,0.0,0.0,0.0,0.0,1.2501229,0.42244232,0.0,2.7442331,1.1002885,0.0,0
1.6083595,0.0,2.7750902,0.0,1.335657,0.0,0.0,1.1377487,0.0,1.4877597,0.81006634,0.6826816,0.51622045,1.626113,0.68784827,2.139087,2.7746766,1.016718,0.8004038,0.63327897,4.1590014,0.8918504,1.4738269,2.0456173,0.58330476,0.0,0.7617476,1.2963792,0.0,3.067773,1.0419112,1.5904423,2.1496181,2.3515563,1.6712859,0.966568,0.0,0.38251832,2.5815377,0.10689016,0.0,0.0,0.0,2.1500936,0.11620375,0.0,0.0,0.0,1.3030508,2.117703,0.0,0.0,1.3744279,1.4311628,2.6832647,0.97257674,1.7074442,1.4828619,1.0333464,1.9347231,1.6641735,0.0,1.4337015,1.4450572,1.5453442,0.0,0.94568425,0.0,2.3923502,1.8791375,4.0144057,0.0,1.3596809,0.0,0.0,1.6862367,0.31538147,0.0,2.5060506,0.0,1.9389315,1.6962903,0.8166444,0.0,1.0196099,1.2155714,0.7179833,1.288818,2.5898416,0.0,0.0,1.2588632,0.8402971,1.3521684,2.6572382,0.0,0.5394725,0.974042,0.0,0.7425389,1.3050429,0.0,0.0,2.9817762,2.260596,0.19594403,1.2010632,0.0,0.1399319,0.5902129,0.37282568,0.0,1.0394014,0.8832303,1.5588545,0.5438733,0.0,0.0,0.0,0.07826231,0.7689709,0.0,0.20447837,0.0,0.0,1.0521741,2.0518923,0.0,0
2.0219078,0.0,1.6279141,0.0,2.6544378,0.0,0.0,1.5739585,0.0,1.0176773,0.7320838,0.64289266,1.2297652,1.322415,1.1475585,1.3789232,2.067191,0.0,0.5269865,3.2504869,2.3235009,0.3061141,1.0340118,2.467919,0.0,0.0,0.8359329,0.4971195,0.0,3.0283668,0.21951409,1.946677,3.5964518,2.0860014,3.5915694,1.8099564,0.0,0.0,3.578104,0.0,0.0,0.0,0.0,1.9959576,0.0,0.0,0.0,0.0,0.0,3.1485794,0.0,0.0,0.7695468,1.6637406,1.7985129,1.1625401,2.8809035,0.74122566,0.7554308,4.10775,0.5417799,0.0,0.32985672,1.8276883,3.0818608,0.0,0.49597463,0.0,1.8125938,2.0840116,2.2473526,1.1436543,1.487183,0.0,0.0,1.1657914,0.5341559,0.0,2.255478,0.7347913,2.4125657,1.8395822,0.8979431,0.0,0.2271998,0.74305844,0.34419078,1.2751616,1.1430305,0.0,0.0,0.0,0.5948642,1.2693409,1.8549808,0.0,1.1879942,0.0,0.0,0.4404372,0.0,0.0,0.0,1.5448468,2.2201202,0.0,2.0235398,0.2761307,0.0,0.0,0.0,0.0,0.0,1.127257,0.79914945,0.9267994,0.0,0.0,0.0,0.30112398,0.0,0.0,0.0,0.0,0.0,3.3457227,2.6265993,0.0,0
0.98549956,0.6508021,1.1303973,0.0,0.0,0.0,0.0,0.2976936,0.0,0.99412006,0.56668335,1.5708165,0.04745353,2.588176,1.0685073,0.0,1.1218622,0.0,0.0,1.4950856,2.9193726,0.09604068,0.38160416,1.803937,0.0,0.0,0.0,1.0855178,0.9870774,1.4293329,0.0,2.0067508,1.9137735,3.0500011,2.8766172,1.9149171,0.0,0.0,2.1420617,0.0,0.0,0.11512673,0.6916572,1.2156774,0.54820144,0.0,0.0,0.0,1.0390382,1.3000635,0.0,0.0,0.43486112,2.1189826,2.0832372,0.04325025,2.9613042,0.0,1.0351244,1.9742252,0.86020947,0.0,0.013811506,1.6026124,0.8545861,1.1786518,0.801538,0.004481195,1.9125007,0.0,0.9570648,0.9769427,0.4887078,0.0,0.2710785,0.5398295,0.0,0.0,4.7627096,0.0,2.3252335,0.6660599,0.3681036,0.0,0.0,0.0,0.0,0.5636667,1.4166759,0.0,0.0,0.0,0.0,0.0,0.9680444,0.0,1.8093656,2.7547023,0.0,0.55270314,0.9779193,0.0,0.0,1.3782127,1.2447966,1.443513,1.4492676,0.30199823,0.6560452,1.1190063,0.9526149,0.0,0.0,2.6057487,0.14726974,0.19855256,0.85988945,0.0,0.016824946,1.3842354,0.0,0.0,0.98560095,0.0,0.0,2.4439094,1.1953316,0.0,0
1.4665744,0.0,2.6191142,0.0,1.2282206,0.0,0.0,1.7093823,0.37539274,0.84185404,0.6147543,0.3797531,2.5597274,0.9765011,0.0,2.9551396,1.8627013,0.0,0.30895856,1.5114295,3.223271,0.41978183,0.5053859,1.5368506,1.0791396,0.0,1.8379815,0.9471781,0.34062928,2.5277236,1.2250445,1.1538235,2.800089,1.6185501,2.623309,0.0,0.0,1.6182328,2.3554685,0.88199025,0.0,0.0,0.0,1.4263852,0.0,0.0035265973,0.0,0.0,0.73656076,3.2497513,0.0,0.0,0.8645745,0.57136077,1.191442,1.0552659,2.4819627,0.6137848,0.0,2.5371182,1.3523508,0.0,1.1189469,0.57156485,2.6939034,0.0,0.0,0.0,2.1101136,1.8362253,4.030777,0.9598238,1.4356341,0.0,0.0,1.9453174,0.0,0.0,1.6448128,0.34345707,2.8343878,1.8386526,0.30367708,0.0,0.67324585,0.5399048,1.3441925,1.3149838,1.55022,0.0,0.5864504,0.6092295,1.0671612,1.2402705,1.5637839,0.0,0.0,0.0,0.0,0.0,0.32462648,0.0,0.0,1.598096,0.5004031,0.0,0.45927486,0.0,0.85115236,0.78259534,0.3773246,0.0,0.0,1.4722246,0.5504993,0.7116777,0.0,0.0,0.0,0.25436997,0.9634549,0.0,0.2907152,0.0,0.0,0.89611894,2.1485627,0.0,0
0.6992396,0.7549084,1.644745,0.0,0.4569937,0.0,0.0,1.3459109,1.2644414,0.4631745,0.5617937,1.4560044,0.5319704,0.0,0.2907204,2.9303434,0.105447635,0.3820417,0.59319836,2.068753,3.3979206,0.0,0.0,2.8783844,0.0,0.0,1.7468961,1.2511516,0.0,1.8144711,1.9572141,1.3045044,0.77096534,0.0,2.027295,0.88647354,0.0,1.3854777,2.768762,0.0,0.0,0.0,0.82101494,0.0,0.9039731,0.022952378,0.0,0.0,1.6202493,0.6636682,0.0,0.0,1.5534962,0.8037546,0.76197624,0.34243923,2.1152458,0.46637475,0.38978857,0.6764838,1.632981,0.36158568,0.36577514,0.74337876,1.5355949,0.0,0.47876224,0.0,0.90949833,0.0,3.0622354,0.34036565,1.2984381,0.0,0.0,0.0,1.4079316,0.0,1.9469953,0.122234926,2.020027,0.7468688,0.0,0.0,0.8967259,0.4442898,0.53666985,0.0,0.6632503,0.0,0.0,0.0,0.0,0.7971456,0.5607314,0.0,0.6821246,1.8771485,0.0,0.81617916,0.16219051,0.1330003,0.0,0.7643455,0.0,0.0,1.1477551,0.2160987,0.0,0.3497802,1.2215841,0.0,0.05021951,1.8839391,0.2733025,0.6813167,0.2540867,0.0,0.8427273,0.06372387,0.104843594,0.0,1.0962441,0.1599621,0.0,2.33834,0.6749706,0.0,0
1.0946462,0.0,2.3107557,0.0,1.9179403,0.0,0.0,1.9902961,0.3916648,0.582378,1.0901515,0.5617436,1.8157417,0.9115901,0.0,2.5211132,1.3618197,0.0,1.2467014,1.7270484,3.3229432,0.81469023,1.5721744,1.3150893,0.0,0.0,1.7055054,1.6125344,0.0,2.8431523,1.3142077,1.5971967,2.3215911,1.6772227,2.133302,0.70009506,0.13522129,1.35411,1.7759625,0.0,0.0,0.0,0.0,1.7957504,0.0,0.0,0.0,0.0,0.53690284,2.9415312,0.0,0.0,1.4485965,0.0,2.0050929,0.0,2.5240026,1.7629168,0.68163157,1.746163,2.5054479,0.0,2.2307088,0.99963796,2.4971545,0.0,1.9136089,0.0,1.1641885,1.8040813,3.8875914,0.0,0.49787956,0.0,0.0,1.9847587,0.79274917,0.0,0.62016964,0.10093619,1.2093545,1.5362903,0.0,0.0,0.47705752,1.5193448,1.4742383,1.4893377,2.748526,0.0,0.37165925,1.0097928,1.277062,2.6460824,1.0168699,0.054814138,0.0,0.45585945,0.0,0.74479365,0.30106387,0.0,0.0,0.9782407,1.8905501,0.7227566,0.0,0.53450966,0.90239584,0.46756536,0.04394266,0.0,0.49719444,0.358055,1.1325951,1.4311037,0.0,0.0,0.0,0.2291789,1.0884148,0.0,0.11981303,0.6224086,0.0,0.15555353,1.219847,0.0,0
0.77400875,0.0,0.91177857,0.0,0.5468898,0.0,0.0,0.4546487,1.8439171,0.4031167,0.68255955,1.0480564,0.576197,2.5952456,0.3696283,2.099991,0.6388923,0.0,1.602052,0.5891756,2.7226214,0.38052928,1.2388171,1.5740012,0.71165895,0.0,0.0,1.6693636,0.0,2.0226748,1.0182599,1.5233741,1.4563837,2.729457,2.897813,1.5309027,0.0,0.70742774,1.3229238,0.66052014,0.0,0.0,0.0,1.3822893,0.6395961,0.0,0.0,0.0,0.84359986,1.9168174,0.0,0.0,1.0370468,1.2576634,1.397152,0.9474903,3.1680858,0.40895241,1.5854936,1.8070779,1.1064465,0.5598193,2.0671065,1.0929086,1.500951,0.013094434,1.4452697,0.089535534,0.0,1.8804282,2.226266,1.2673932,0.3425601,0.0,0.0,0.7238971,0.02050541,0.0,2.319706,0.0,0.98792803,1.8528346,1.4453931,0.0,0.2310077,1.4119686,0.9323061,1.7057009,1.3677906,0.0,0.051101103,1.2899884,0.0,1.2485986,1.878676,0.4173173,1.4031905,1.4459611,0.0,1.5941707,0.0,0.7095594,0.0,1.2413521,1.6016438,0.56533134,0.98964936,0.0,0.57557786,0.068188265,0.39236787,0.0,0.24030843,1.9816039,0.5379467,1.7669063,0.0,0.0,0.12645024,0.0,0.0,0.0,0.0,0.0,0.0,2.241557,1.1659542,0.0,0
0.0,0.74715495,2.0377617,0.0,0.97191006,0.0,0.0,2.2968936,2.243731,1.3227506,0.67465156,1.1666783,1.0181179,0.8350108,0.447548,1.5146277,0.9901197,1.001055,1.0671167,0.8003367,2.3053393,0.72331387,0.7432293,3.348641,0.9724201,0.0,2.3954356,1.8081881,0.0,3.3416731,2.4649274,1.8918309,2.6355026,0.91996,2.8327985,0.0,0.0986356,0.7351357,1.4483086,0.0,0.0,0.0,0.0,0.9697986,0.0,0.0,0.0,0.0,1.4223533,1.7305251,0.0,0.0,0.44488266,0.9464796,1.1817944,0.84280914,2.512337,1.0537816,0.26015517,0.77780503,0.8433852,0.092962354,0.0,0.71086264,1.0789515,0.0,1.4845253,0.0,1.3233205,1.1798912,3.1409497,1.0967432,0.25068137,0.0,0.0,0.73765916,0.0,0.0,1.3374963,0.2645549,1.4104983,1.0293845,0.0,0.0,1.0687673,1.2815249,1.1976314,0.17580576,1.8649992,0.0,0.0,0.49131685,1.2906117,1.516867,0.0,0.0,1.26258,0.0,0.0,0.0,0.20399733,0.0,0.0,0.0,0.7036558,0.24769643,0.44061074,0.0,0.17512964,0.3153634,0.39516428,0.0,0.0,1.0182549,1.1590894,0.6399333,0.0,0.0,0.0,0.66969824,1.3031367,0.0,0.3626615,0.3518332,0.0,1.4456455,1.6506046,0.0,0
1.0713147,1.3358502,0.21336341,0.0,0.6006587,0.0,0.0,0.04558514,2.2029865,0.0,2.3643413,0.42749155,0.0,0.71159697,0.0,3.2128286,0.26921448,3.2967188,2.160773,0.599982,0.10280992,0.0,0.0,0.45205423,0.0,0.0,0.3032739,2.239303,0.0,1.0223608,1.9539111,0.0,0.8360026,0.12437269,0.0,0.47858244,1.0627189,3.374846,0.30866215,1.7115581,0.0,0.0,0.0,0.0,2.6537879,0.0,0.0,0.0,0.099413656,0.0,0.0,0.0,2.1326213,0.20818985,2.6199899,0.69328403,1.2928108,0.30314994,1.5159982,0.0,0.017827418,2.3627458,0.5346574,0.69655204,0.24074294,0.0,1.8773855,0.25708303,0.0,0.9202002,0.43138993,0.0,1.5759029,0.0,0.0,0.19328916,3.0641675,0.0,0.0,0.0,0.9277476,0.0,0.0,2.4354255,2.5198061,1.2788388,1.8573188,0.0,0.0,0.0,1.2041231,1.893665,0.14016321,2.2755387,1.7373236,0.0,0.0,2.6754045,0.0,2.6295576,1.7542063,0.0,0.0,0.0,0.061424877,0.0,0.0,2.871343,0.0,0.0,1.4939125,0.0,3.3746507,0.0,1.8054526,1.9302366,0.70075464,0.0,2.6554651,1.2212111,0.0,0.0,2.4150522,0.0,0.0,2.8195493,0.0,0.0,1
0.6902956,1.3818194,0.4442109,0.0,0.041953642,0.0,0.0,0.4899535,1.7630361,0.22804755,1.3960702,1.5145898,0.0,0.20603488,0.27635196,3.5992405,0.0,0.5430295,1.2393303,1.1960024,1.0087106,0.0,1.2588615,1.3890566,0.0,0.0,0.89289296,1.4358968,0.0,1.6887735,1.379732,1.4926553,0.019307686,0.0,1.7698792,0.7928371,0.0,3.1480649,0.056474824,0.55328596,0.0,0.0,0.81368077,0.0,1.1089483,0.0,0.0,0.0,0.0,0.2037282,0.0,0.0,1.6042682,0.0,1.4590445,2.8960912,1.6697003,0.0,1.0206928,0.5967961,0.6412455,1.5741514,0.0,1.9925807,0.33004943,0.7225554,1.4129764,0.85344076,0.12722445,0.0,1.187232,0.0,0.22027001,0.0,0.0,0.0,0.5094939,0.0,1.4718075,0.57788664,0.17160831,0.017230053,0.0,0.8098787,1.6154015,0.0,1.7817091,0.0,0.7678203,0.0,0.0,1.736992,0.0,0.7323009,0.0,0.15653849,0.7240095,2.5920136,0.0,1.4649198,0.0,0.0,0.0,0.0,0.0,0.0,0.558131,0.863541,0.0,0.8210811,2.0620248,0.0,0.7311156,0.68586403,0.56803656,0.7633007,0.0,0.0,1.5811024,0.17172039,1.465355,0.0,1.5652272,0.0,0.0,2.5559928,0.40183362,0.0,1
0.23853366,1.0630263,0.0,0.0,0.17655607,0.0,0.0,1.764926,1.7789898,0.0,3.5372686,1.5792344,0.0,0.33861738,0.123838544,2.7464974,0.0,0.13572559,3.2116811,0.0,0.0,0.0,2.5646682,0.0,1.7780097,0.0,0.0,2.0831945,0.60220975,0.0,2.288794,0.0,0.0,0.31653398,0.56914264,0.0,0.0,4.162413,0.0,1.3128304,0.0,0.0,0.10368846,0.0,2.412227,0.0,0.0,0.0,0.62798405,0.0,1.1786877,0.0,3.2576013,0.0,4.1442757,0.83997786,0.8976723,1.4661511,3.5817025,0.31781763,0.19093604,2.0297904,1.2320842,0.0,0.0,0.0,3.8616982,0.9785726,0.0,0.91375554,0.0,0.0,0.0,0.0,0.0,0.6663363,1.4932387,0.0,0.0,0.0,0.564923,0.0,0.7316517,1.4085087,2.3794236,0.67888427,3.5312598,0.0,0.07610953,0.0,0.5997361,1.619462,0.39549464,3.4134037,0.6125264,0.0,0.0,2.1201167,0.0,2.5666711,0.0,0.123603635,0.0,0.0,0.14523815,0.90710485,0.7810112,0.95338064,0.0,0.0,1.4154694,0.0,0.47144255,0.85065615,0.0,3.5417383,0.0,0.0,3.0784526,2.278048,0.7659715,0.0,3.4197936,0.0,0.0,2.6028478,0.0,0.15242319,1
2.9095154,0.0,2.3303964,0.0,3.3317425,0.0,0.0,2.092996,0.82235986,0.42957383,0.663764,0.0044962266,0.17427629,1.2832745,1.1294715,2.236341,1.3937656,0.0,1.8419831,2.697676,2.4281373,0.42921412,0.76931065,3.194735,0.0,0.0,0.28291038,1.249539,0.0,2.3877997,0.37038875,2.636371,2.3128927,1.4992782,4.01225,1.9039066,0.0,1.1242161,2.9840555,0.0,0.0,0.0,0.905546,1.7888869,0.0,0.0,0.0,0.0,0.7415167,2.6010864,0.0,0.0,1.4789854,0.84209627,2.9230385,1.1110541,2.59199,0.7290374,0.93873525,2.5897403,2.6522195,0.0,1.7480081,1.4781028,1.8231869,0.0,0.17252614,0.0,0.9262302,0.33130193,2.5635223,1.2235308,1.093071,0.0,0.0,1.6305999,1.1017172,0.0,2.7195916,0.0,2.753261,2.002447,1.8731833,0.0,0.8811257,0.3353246,0.093888074,0.5374992,1.5765711,0.0,0.0,0.66016257,0.0,1.5397174,2.361777,0.0,1.1397443,1.4904939,0.0,0.61223286,1.4356985,0.9742554,0.0,1.43521,2.4459324,1.4179589,0.97050524,0.7794114,0.0,0.1191344,0.5893233,0.0,1.0565656,1.8520226,2.0226672,1.7651851,0.11750744,0.0,0.63122785,0.0,0.6789586,0.0,0.39171,0.18271397,0.0,2.6191595,2.396279,0.0,0
1.7176281,0.0,3.37142,0.0,1.8501334,0.0,0.0,1.2886635,0.066785984,1.0650587,1.2831404,0.66889036,0.57589,0.913486,0.073884636,2.2230992,1.9137654,0.0,1.2471519,1.5033981,3.4735322,0.39195275,0.5750709,1.1600295,0.27688286,0.0,1.6004183,1.2799014,0.0,3.0060651,1.3714005,1.3800864,2.6274772,1.3218515,1.9312406,0.0,0.35912886,1.93295,2.3981485,0.19227915,0.0,0.0,0.0,0.71771425,0.0,0.0,0.0,0.0,1.0307311,2.2115664,0.0,0.0,1.3820938,0.35080814,1.7398775,0.0,2.3372788,1.234086,0.60428464,2.135945,1.548979,0.0,1.7012744,0.99012154,1.770928,0.033965595,0.14966856,0.0,2.0222142,1.8271128,3.302917,0.15595052,1.1371167,0.0,0.0,1.0450736,0.4679216,0.0,1.0459764,0.0,1.1193839,2.4905343,1.4813293,0.0,0.3403324,0.72477853,0.9525148,0.5004077,2.5849476,0.0,0.0,1.0183041,1.0627813,1.3119526,2.7028847,0.0,0.3913632,0.2525885,0.0,0.7022518,1.2834789,0.36791873,0.0,2.5973015,1.3631792,1.5129832,0.0,0.25629056,1.0239214,0.0,0.22940621,0.0,0.34390238,1.6324686,1.6003064,2.1591172,0.0,0.0,0.0,0.024623312,0.5911868,0.0,0.0,0.8093761,0.0,1.9234976,2.0235822,0.0,0
0.5800303,0.0,1.7341834,0.0,1.6287225,0.0,0.0,1.708696,1.2829975,0.07748802,1.1088092,1.2790301,0.17276406,0.0,0.0,3.3024569,0.7920539,0.0,1.5969186,1.1475923,1.4402504,0.0,1.7789049,1.3877461,0.2803336,0.0,1.7897252,1.6151798,0.0,2.7498138,2.2915568,1.2386906,1.3477103,0.49640104,2.3556068,0.40037975,0.0,2.9535694,0.77590287,1.2198954,0.0,0.0,0.0,0.4028172,0.57028085,0.0,0.0,0.0,0.0,1.9245627,0.0,0.0,1.5922843,0.11949152,2.7293851,1.7966205,1.6205288,0.66572237,0.13316448,3.002211,1.0914892,1.3342543,1.1024302,1.4074337,0.7829717,0.73944676,1.0446517,0.0,1.5966538,1.6066757,3.4096606,1.1200632,0.4372888,0.0,0.0,0.012307817,1.4784181,0.0,1.0077982,0.0,1.6030455,1.4021049,0.0,0.0,1.8133532,1.7679186,0.507409,0.83007294,0.9169952,0.0,0.34336984,0.72712266,0.37145042,1.6551758,1.9981107,0.0,0.0,1.323735,0.0,1.3445305,0.1218498,0.21279411,0.0,0.17253867,0.6769085,0.22151126,0.8139897,0.0,0.32655185,0.0,0.99556184,0.0,1.779063,1.5518577,0.77405655,3.221315,0.0,0.0,0.031791613,0.640168,1.9501036,0.0,0.6725838,0.0,0.0,2.4867926,2.0160227,0.39638367,1
1.7557584,0.0,1.7274383,0.0,1.7532653,0.0,0.0,1.3086784,0.7395566,0.46494028,1.2687621,1.7012924,1.7217429,0.8619067,0.5235342,2.8012772,1.8754227,0.0,1.267086,1.3736649,3.3619123,0.43999222,2.0571382,1.962094,0.6021633,0.0,1.1606674,1.9921522,0.37849754,2.9405873,1.2062013,2.3318963,2.3583431,1.769881,2.3145263,1.4696562,0.14801292,1.2545178,2.4117136,0.0,0.0,0.0,0.0,1.5410306,0.0,0.0,0.0,0.0,0.9999595,3.0126476,0.0,0.0,1.389344,0.20450565,1.5416847,1.2780007,2.3455849,1.4791586,0.22882251,1.5676894,2.6140501,0.0,2.1326332,1.1795174,2.5031807,0.754985,0.7671861,0.0,0.78421825,0.08120872,4.3272696,1.2129704,0.8966397,0.0,0.0,1.2517451,1.160277,0.0,0.9413742,0.0,2.094346,1.7370394,0.14891426,0.0,0.9093106,1.3753467,0.86627316,1.2664508,2.324191,0.0,0.0,0.78011787,0.16498187,1.8901958,2.096059,0.0,0.6143528,1.2208542,0.0,1.7288209,0.49207643,0.15791552,0.0,1.176975,0.9161825,1.650301,0.4212992,0.80177134,1.1924473,0.26052043,0.5129516,0.0,0.40266627,1.2381177,2.0538912,1.6943119,0.0,0.0,1.031481,0.0,1.2735835,0.0,1.0258396,0.0,0.0,1.2458788,2.7059371,0.0,0
0.1912903,0.0,1.5869596,0.0,1.4622581,0.0,0.0,0.81481934,0.96818393,0.37962645,1.1910931,0.7215421,0.31220007,1.4644488,0.0,3.2328227,1.3109972,0.46546826,2.3676038,1.5952599,1.8262119,0.11038785,1.5606223,1.6586692,0.0,0.0,1.2159163,1.8841722,0.0,2.998568,0.6054145,2.4073973,2.1392667,0.0,1.4164714,1.1410342,0.0,2.2173407,1.9185838,0.5814888,0.0,0.0,0.0,1.8249815,0.5038734,0.0,0.0,0.0,1.2785839,1.9467213,0.0,0.0,0.79858744,0.0,1.1266408,1.3009915,2.4563684,0.32284242,0.37846392,1.9735645,1.6332061,1.5924325,0.9379194,0.54916465,1.452712,0.27641094,0.53200895,0.0,0.67877424,0.47161022,2.9958098,1.5077952,0.13718075,0.18948388,0.0,0.0,0.0,0.0,1.6246911,0.0,1.5939693,1.699843,0.0,0.0,0.72408175,2.4228008,0.1783956,0.61882645,1.7745087,0.0,0.0,0.5292739,1.4573627,1.6784846,1.0953177,0.0,0.061721075,1.9151657,0.0,1.0947185,0.99960417,0.0,0.0,0.0,0.31241813,0.0,1.2500379,0.22722733,0.54075253,0.3291471,0.90735555,0.0,1.6377848,0.7852787,1.6113089,0.72861147,0.0,0.0,0.62263596,0.0,1.4463729,0.0,0.48135838,0.0,0.0,2.3816917,1.610535,0.2387157,0
1.8209947,1.8828593,0.80703616,0.0,1.4898278,0.0,0.0,0.521065,2.1305425,0.77536154,1.9881358,1.2279243,0.7784333,1.0001594,0.0,2.7802856,0.46650228,0.45453033,1.5268142,1.0246398,1.189284,0.0,2.1014702,0.0,0.0,0.0,0.87270653,2.8429542,0.0,0.1181177,1.3897002,1.2094824,1.280614,1.7611692,0.54515505,1.4732896,0.0,2.0646012,0.89377326,0.9234987,0.0,0.0,0.0,1.0503974,2.150915,0.0,0.0,0.0,0.22819296,0.64128304,0.0,0.0,1.4953045,1.1180513,1.4496334,0.9343398,0.7937936,0.87176865,2.0398319,1.3380507,0.82984185,0.7750306,0.0,0.34910977,0.68402797,0.45265567,1.6552178,0.4232564,0.3252232,0.7131034,0.6757588,0.6287133,1.0051643,0.0,1.1697518,0.33915293,2.1843684,0.0,1.4100897,0.0,0.91575867,0.68045133,1.6386925,1.246523,2.1775196,2.8478234,2.095368,0.0,0.0,0.0,2.390091,1.7475822,0.0,2.0641003,1.4413788,0.82158506,0.15716766,2.8763986,0.0,1.3636186,0.3351479,0.6620311,0.0,1.6323586,0.7250175,0.39853966,0.0,2.07653,0.0,0.0,2.987832,0.14547116,2.2259202,0.059204645,0.19161078,2.3748074,0.620765,0.0,2.2319598,1.6518316,1.2450386,0.0,3.19356,0.61310256,0.0,3.9026628,0.0,0.0,1
0.4875883,0.0,2.0772727,0.0,2.412753,0.0,0.0,2.6534436,0.81302285,0.123428866,0.45779505,0.93575037,0.3534845,0.93891966,0.49790972,1.369396,0.0,0.020818025,0.3338788,2.2318475,2.8389983,0.11009781,0.8533498,2.83791,0.0,0.0,1.2152045,1.3755957,0.0,4.321662,0.0,1.4534473,3.339015,0.6382604,2.3171942,1.216298,0.17360787,1.3416706,2.1532326,0.032407656,0.0,0.0,0.0,1.0448071,0.0,0.0,0.0,0.0,0.92406535,1.7407348,0.0,0.0,0.57296044,0.0,1.9712982,0.50862426,1.6708641,1.1515137,0.25646785,1.8071619,2.628628,0.0,0.61280376,1.2098044,1.9155669,0.24063946,1.3747286,0.0,1.4562759,0.8608439,3.0044835,1.3167404,0.0,0.0,0.0,0.30083936,0.0,0.0,0.75524145,0.04856147,2.2096815,1.2107341,0.0,0.0,0.7745801,2.0556812,0.6071267,1.1049411,2.1562169,0.0,0.48453036,0.3026152,0.81121475,2.397128,1.2786098,0.0,0.33324102,0.32051748,0.0,0.0,0.0,0.0,0.0,0.3425223,1.3530457,0.0,0.92733145,0.4928922,0.0,0.33183205,0.027908713,0.0,1.2601521,0.7237821,1.3395647,0.62046665,0.0,0.0,0.8699311,0.0,0.8475264,0.0,0.5679696,0.90620714,0.0,2.568133,1.382051,0.0,0
0.34163025,0.0,1.7267731,0.0,1.1219612,0.0,0.0,0.5576352,1.0142387,0.46346748,1.112751,1.3530719,1.5653335,1.0094719,0.0,2.5639012,1.1554468,0.0,2.0721176,0.0,2.186459,0.30659318,1.8658401,1.215805,0.6953727,0.0,2.0049849,2.140979,0.4956258,1.6651866,2.3627453,1.0539101,2.201065,1.6612235,2.2822723,0.0,0.24613707,2.0022955,1.643054,0.31542212,0.0,0.0,0.0,0.27419847,0.07892134,0.0,0.0,0.0,0.9000081,3.823467,0.0,0.0,1.4123874,0.7499948,1.8535247,1.1409361,2.0671582,1.1468493,1.82906,0.8864079,1.3320472,0.063583285,2.5516677,1.4661335,1.6722492,0.007581719,1.6525505,0.0,1.7128525,2.2844238,3.6580887,0.5901768,1.1378905,0.0,0.0,0.9599201,0.564724,0.0,1.4833932,0.25294617,0.949783,0.96266496,1.082718,0.0,0.26177448,1.3892893,1.345756,1.2028011,1.5215167,0.0,0.0,1.5552511,1.7076998,2.365342,1.7413534,0.0,0.52670157,0.0,0.0,1.631961,0.3327498,0.0,0.0,0.96240294,1.9094833,1.548172,0.0,1.1323073,1.1176527,0.0,0.40939718,0.0,0.074361354,1.327984,0.94589293,1.6178334,0.0,0.0,0.0,0.097851224,0.28613073,0.0,0.37777707,0.0,0.0,2.461975,1.2708069,0.0,0
0.0,0.0,1.6402621,0.0,1.0595468,0.0,0.0,1.2144784,0.662509,1.0460668,1.5461926,1.4023811,1.4305363,1.1110835,0.8401874,1.6318438,1.3370568,0.0,2.2125957,0.3294931,1.3111943,0.396781,0.58779144,1.5590335,1.1029818,0.0,0.7426256,1.1756003,0.32641467,1.9895735,1.7497388,1.3063326,2.4863698,1.0225006,2.1493976,0.0,0.11525987,0.9641955,2.7137814,1.7026114,0.101561055,0.0,0.0,0.81970024,0.0,0.0,0.0,0.0,1.2410429,3.185809,0.0,0.0,0.42736554,0.49535757,2.1272798,0.59078705,1.9406353,0.25736573,1.7318376,1.0646466,2.618158,0.0,2.829496,0.98950183,1.3999774,0.64926815,1.7538937,0.0,0.14782429,1.6942993,3.5185468,0.24549118,0.0,0.0,0.0,0.21903092,0.6509652,0.0,0.94463897,0.14017166,1.233574,1.35052,0.8274959,0.0,0.33947784,1.0451727,1.8401687,1.4425442,2.176899,0.0,0.0,0.08594308,1.4595463,1.6041384,1.193661,0.0,0.043418813,0.20615858,0.0,2.1917915,0.0,0.0,0.0,0.07133719,1.5199776,1.4873538,0.0,1.0158713,1.958917,0.45809457,0.5420792,0.0,0.0,1.3512099,1.093073,1.097364,0.0,0.0,0.19996594,0.0,1.0298194,0.0,1.2220525,0.15832455,0.0,2.0463583,1.1277541,0.48012862,0
0.10853499,0.3960845,0.0,0.0,0.0,0.0,0.0,0.0,2.327582,0.21847695,1.581444,1.6410947,0.6372717,1.1269146,0.0,3.4266524,0.47733745,0.7266899,0.8071418,0.55060136,2.1715593,0.0,0.62500876,1.142174,0.8944411,0.0,0.7316379,1.1084822,0.0,0.0,1.6507654,1.1231253,0.18784858,0.27022728,1.3367932,1.5012699,0.0,0.89054346,0.8361436,0.2610496,0.0,0.056671467,0.0,0.0,1.4361004,0.0,0.0,0.0,0.46679786,0.0,1.329685,0.0,1.4879493,0.0,2.3425627,1.3079532,3.3554797,0.2534011,2.1453362,2.0680473,0.0,2.0163722,0.0,2.0633545,0.2321931,0.7525122,2.3990784,1.3951069,0.0,0.0,0.30638027,0.91958493,0.36249027,0.0,1.9714576,0.0,2.2736788,0.0,3.1145377,0.0,0.8277118,0.0,0.0,0.55245626,0.82184386,1.8770624,2.0789468,0.0,0.0,0.0,0.7219566,0.0,0.0,0.78792775,1.4289522,0.0,0.53894156,2.6415906,0.0,0.7472328,0.093856774,0.0,0.0,0.0,0.94605726,0.0,0.37901673,0.42051223,0.277135,0.0,2.4133976,0.0,0.0,1.1745334,0.0,0.78558123,0.6730392,0.0,2.1371622,2.1469185,0.0,0.0,2.2571845,0.0,0.0,2.7806387,0.7617635,0.0,1
1.0347372,1.9206356,0.12017566,0.0,0.0,0.0,0.0,0.011070952,0.8450448,0.07132858,2.3875113,1.165308,0.0,1.1207906,0.0,3.1221552,0.0,0.0,0.0,0.98044086,0.3556736,0.0,1.3041093,0.37579486,0.0,0.026279056,1.3499902,1.040965,1.326109,0.0,1.7788775,0.12451253,0.0,0.69317305,2.1873894,0.0,0.0,3.2771282,0.0,0.5922767,0.0,0.0,1.0503178,0.0,0.4786508,0.0,0.0,0.0,0.0,0.23543149,0.07253592,0.065721355,2.17774,0.28116697,1.7467012,3.3340032,0.63733864,0.0,1.3241284,2.0241096,1.4724687,2.3192682,0.0,0.710076,0.0,1.7666337,0.72756624,0.12961763,0.10069698,0.080139115,0.33529133,0.72268677,0.3576048,0.0,0.68269795,0.7401139,1.3147956,0.0,1.3952851,0.0,0.6635689,0.09371948,0.0,0.0,1.1078115,1.1955572,1.7869567,0.0,0.0,0.0,0.0,2.1973813,0.0,0.9762015,1.0252839,0.279028,0.45578888,2.3771434,0.0,2.132263,0.0,0.39131004,0.0,0.0,0.0,0.0,0.0,0.36813977,0.0,0.0,2.546143,0.0,0.0,0.48790303,0.0,1.2594216,0.0,0.0,1.6074013,1.9773539,1.3435909,0.0,1.2570039,0.0,0.0,2.923013,0.0,0.0,1
1.5160795,0.5583835,0.56469655,0.0,1.0339831,0.0,0.0,0.68581337,2.226105,0.66198194,3.083448,2.1787288,0.0,0.52805597,0.0,2.524847,0.0,2.084704,1.9425256,1.4501269,0.69768816,0.0,0.85698026,0.0,0.0,0.0,0.8171634,2.4296525,0.0,1.1865934,1.0745217,0.8474724,1.3617675,1.0301826,0.0,0.0,0.0,1.7921942,0.0,0.76351744,0.0,0.0,0.0,1.1377214,1.4056787,0.0,0.0,0.0,0.22640678,0.0,0.0,0.0,2.9888268,0.0,3.241389,1.7758071,2.9220145,2.128934,2.3033452,1.3740017,0.0,2.6277828,1.4008733,0.43802968,0.43119758,1.285413,1.9858288,0.0,0.7327287,2.2798166,0.16514772,0.5644069,1.1183045,0.0,0.0,0.0,1.3328717,0.0,0.99140584,0.0,1.2210584,0.3923189,0.0,0.0,2.3787937,2.4068468,1.9113122,0.6330447,0.5497249,0.29137596,1.2272753,1.5166788,1.4290642,1.9789897,1.3525598,0.0,0.73001146,2.3555236,0.0,0.48826468,0.0,0.0,0.0,0.27939665,0.14278398,1.4060802,0.15178512,0.9479212,0.9960661,0.1367136,1.5858008,0.0,1.7505355,0.18325442,0.0,1.4789574,0.0,0.0,1.2054185,3.4841268,1.0652243,0.0,2.6890492,0.0,0.0,3.3093956,0.4349087,0.36731026,1
1.0680106,0.0,1.6277817,0.0,1.9748262,0.0,0.0,1.2608491,2.1261916,0.40665206,1.9872569,0.73128015,1.2106891,1.347792,0.0,3.0668707,1.150361,0.409857,1.3542166,1.7049558,0.8594505,0.57933736,0.6112016,2.0514357,0.41450876,0.0,1.2829545,1.4374384,0.0,2.5692165,1.386384,1.128051,3.1883202,1.5592406,2.4844139,0.0,0.68337303,1.5661564,1.64605,0.4019797,0.0,0.0,0.0,0.25212353,0.0,0.0,0.0,0.0,1.2611845,2.3475683,0.0,0.0,1.8353755,0.5529835,1.8840123,0.52566427,3.176384,0.9027138,1.0104234,1.6524868,2.4082665,0.3302649,2.3891351,1.4733429,1.5168235,0.38819075,0.6557492,0.0,1.6438674,1.8795369,2.847147,0.52089614,1.6462704,0.0,0.0,0.94445556,0.81339324,0.0,0.7205916,0.0,1.4673324,1.4139867,1.0406497,0.0,1.4661921,1.8607177,1.5299563,1.2384907,1.3801003,0.0,0.0,0.5847452,0.13908488,1.0947676,3.1473594,0.0,0.05174304,0.6492091,0.0,1.132297,0.48543617,0.67768055,0.0,1.8108399,0.83483917,1.5606788,0.0,0.5136481,0.66805416,0.0,0.0,0.0,1.7329757,1.4035773,0.79544836,2.2841916,0.0,0.0,0.106173456,0.0,0.9489449,0.0,1.3169191,0.0,0.0,2.4489648,1.7025282,0.0,0
0.23322503,0.0,1.135047,0.0,0.0,0.0,0.0,0.29096147,1.270853,0.0,2.0326166,2.7557971,0.6492677,0.36628073,0.0,3.4155288,0.7193513,0.0,2.345122,0.0,2.450626,0.0,1.7695373,0.41968414,0.0,0.0,0.40357032,3.0257103,0.0,1.8351375,2.3951585,0.61912954,0.443264,0.29505607,0.65867084,0.0,0.0,0.66579115,1.3417212,0.5825682,0.0,0.0,0.0,0.2527414,0.5290976,0.0,0.0,0.0,0.0,3.3010294,0.0,0.0,1.5200372,0.0,1.2179768,1.7937567,1.1677936,1.3820125,1.8655998,0.78997356,0.6684169,0.14588875,3.5001807,0.84872174,0.25115976,0.0,1.9036716,0.4158355,1.0863997,2.7082293,4.317104,0.0,0.0,0.0,0.0,0.0,0.6296925,0.0,0.0,0.015178457,0.0,1.183981,0.0,0.0,1.0584227,0.7641418,0.37996915,0.36161414,0.4519357,0.0,0.0,2.4486773,2.3080468,1.6577661,0.18813142,0.07477627,0.0,0.9805601,0.0,2.2481494,0.83852273,0.0,0.0,0.16448787,1.1086286,2.009543,0.0,0.40459752,0.7444167,0.19042742,1.4130269,0.0,0.0,0.9758058,0.31609404,2.4435184,0.0,0.0,0.0,0.6009,1.4942062,0.0,0.1374249,0.25572625,0.0,0.79602665,1.5632153,0.57678795,1
0.12858711,0.0,1.2695053,0.0,0.95551157,0.0,0.0,0.64569247,0.18398847,0.4880001,2.6459334,1.8389118,1.201755,0.033919495,0.16096008,2.18384,0.788221,1.9227257,0.72290176,0.0,0.92982394,0.0,1.9976016,0.90210056,0.21357751,0.0,0.0,2.8634353,0.0,3.3891728,1.830557,1.2023025,0.5895111,0.09040591,0.33034033,0.0,0.0,0.559698,0.60912985,0.8993251,0.0,0.0,0.0,0.23030156,0.81306255,0.0,0.0,0.0,0.6081428,1.5413264,0.49353287,0.0,2.2164376,0.0,3.8623908,1.7104497,1.9035463,1.5212016,3.0204358,1.3456317,0.4873081,0.06037414,2.0524876,1.6482266,1.2427406,0.0,3.0290737,0.81620723,0.9877385,3.37795,2.15477,0.0,0.82854587,0.0,0.0,0.0,0.76702845,0.0,1.0918553,0.01022853,0.0,0.0,0.011216093,0.0,1.8824122,1.8586763,3.026337,1.4021739,0.9715818,0.0,0.0,2.6596706,1.3188362,3.4285078,0.8625563,1.6991436,0.0,1.2691015,0.0,1.9738487,0.0,0.0,0.0,0.0,1.5993097,0.4871595,0.44594893,1.429733,0.0,0.0,0.6113901,0.0,2.432281,0.0,0.0,1.0892596,0.0,0.0,2.397293,0.79709154,1.4640712,0.0,1.3088518,0.0,0.0,2.5436428,0.6399859,0.0,1
1.5971669,1.0249635,0.0,0.0,1.1640525,0.0,0.0,0.0,2.597401,0.8230314,1.0366971,0.29984477,0.0,0.11047414,0.0,3.4555345,0.312566,2.4226491,1.9894866,0.97697043,0.59424907,0.30389842,0.8516925,2.6468632,0.0,0.0,1.4692622,1.2258376,0.0,0.18138278,2.2347932,0.86908394,0.72485757,0.0,1.9692047,0.0,0.0,3.3698258,0.7504457,2.2033923,0.0,0.0,0.0,1.9935542,2.8031168,0.0,0.0,0.0,0.09070965,0.44480175,0.0,0.03992506,2.243462,0.97328424,1.9462951,1.5215057,2.2319536,0.32836056,1.3509506,1.0774001,0.0,1.2764572,0.17696294,0.6966332,0.67688155,0.08848143,2.8487544,0.0,1.0426532,0.4916499,0.9380371,0.2919838,0.9172264,0.0,0.13973644,1.0104231,2.0176046,0.0,0.07912042,0.05719556,1.7676691,0.1730419,0.0,0.7745724,2.5752072,3.097104,1.4765688,0.90026826,0.10284859,0.0,0.28550732,0.49932322,0.08852073,1.5930426,0.41430387,0.0,1.356897,1.5857882,0.0,1.7322062,0.84401304,0.0,0.0,0.76089454,1.0560428,0.0,0.0,2.626667,0.0,0.0,1.4192278,0.0,2.5254755,0.23115784,0.14475837,1.7313906,1.6428849,0.0,2.2697988,2.371918,0.21402326,0.0,4.135641,0.0,0.0,3.5892713,0.46093214,0.46752778,1
0.0037605595,0.0,1.1467031,0.0,1.2584373,0.0,0.0,0.03747259,2.3340495,0.0,4.06561,1.6968621,0.0,0.0,0.0,2.6649444,0.0,2.0888574,3.0707734,0.0,0.8118218,0.0,2.0387433,0.0,0.0,0.0,0.49596384,3.6637032,0.0,1.7120444,2.4397316,0.6341787,0.8043802,0.0,0.0,0.5470154,0.0,1.8375262,0.0,0.7793154,0.0,0.0,0.0,0.622765,2.0537305,0.0,0.0,0.0,0.5195458,0.30395538,0.0,0.0,3.2746696,0.0,3.0547302,2.2513359,0.6347157,2.9056416,2.7635632,0.0,0.749091,1.6796947,2.0684416,0.35062048,0.0,1.0145549,2.6337714,0.31264532,1.1712978,1.3399403,2.6469138,0.0,0.0,0.0,0.0,0.0,2.6093307,0.0,0.08266684,0.0,0.0,0.0,0.47129738,0.0,2.6142178,2.0614557,2.2178123,0.0,0.08135706,0.34810922,0.0895178,3.5527587,0.9582655,2.2876306,0.830992,0.0,0.0,2.6662714,0.0,2.6584952,0.0,0.03802406,0.0,0.63707995,0.0,1.3811586,0.0,1.2770817,0.0,0.0,2.431061,0.0,2.2010193,0.084900625,0.30566776,1.9812965,0.0,0.0,1.8583734,1.999302,2.156963,0.0,1.4520341,0.0,0.0,1.8531123,1.5556659,0.037420314,1
1.0583993,0.0,0.3093137,0.0,0.35070115,0.0,0.0,1.1348081,1.2522995,0.72303486,3.17839,3.1627996,0.02306933,0.0,0.0,2.6377864,0.0,0.0,1.9595034,0.0,0.5825471,0.0,1.6098659,0.0,0.6863047,0.0,0.0,2.2938225,0.09179501,0.0,2.2057123,0.84251744,0.5674803,1.1951263,0.63244814,0.2263995,0.0,2.12093,0.0,0.36257187,0.0,0.0,0.0,0.0,1.130187,0.0,0.0,0.0,0.0,1.3983209,0.0,0.0,3.243394,0.0,3.5865462,2.2941883,1.8414332,2.1050093,2.7836466,1.3716915,0.22035715,2.4131541,1.8254274,0.0,0.79199773,2.5429564,1.761185,0.0,0.0,0.86075103,1.75296,0.0,0.6828436,0.0,0.0,0.11589315,1.7557709,0.0,2.0111213,0.0,0.47321594,0.6782344,0.070859365,0.0,1.3948722,2.2097137,1.646937,0.0,0.0,0.0,0.44736668,2.1748333,0.8298593,2.5294316,1.0155151,0.0,0.6867847,2.672717,0.0,2.4392495,0.52163166,0.28414798,0.0,0.0,0.038030516,0.6006582,0.3636901,0.0,0.49799475,0.77655256,2.4620435,0.0,1.1853849,2.0705476,0.0,2.121976,0.0,0.0,1.1711478,1.1455868,1.204569,0.0,1.0984946,0.0,0.0,2.6552362,1.293047,0.0,1
0.91219276,0.0,0.92984605,0.0,0.56207985,0.0,0.0,0.67142344,1.5541525,1.3473394,3.034059,1.2603182,0.0,0.0,0.26799732,2.5290484,0.20017122,1.740148,1.9027497,0.0,0.8804955,0.0,1.4044163,0.0,0.0,0.0,0.9828,2.580281,0.0,1.9168066,2.0229716,0.98562247,0.386742,0.0,0.0,0.06035619,0.37860623,1.8735517,0.32436422,1.2040646,0.0,0.0,0.0,1.1871983,1.7741477,0.0,0.0,0.0,0.0,0.62704414,0.0,0.0,1.9747952,1.6082404,3.1585715,0.76709014,0.26184648,1.6890537,2.0699966,0.29305828,0.6668112,2.2479722,1.0485781,0.3850588,0.5064497,1.0321357,2.632568,0.08561054,0.36832735,0.9874511,2.2961679,0.0,0.83329713,0.0,0.0,1.4896507,1.6545563,0.0,0.07967877,0.0,1.7083862,1.7220154,0.0,0.31034535,2.144228,1.5119079,2.3943036,0.37687442,0.0,0.34101886,0.0,2.7119584,0.81516767,1.9047964,0.0,0.0,0.9599776,1.8763952,0.0,1.8343812,0.68138224,0.0,0.0,0.3137675,0.0,0.0,0.33024508,1.0483615,0.0,0.20790341,2.3496544,0.0,1.9065616,0.110715814,1.3116986,1.341687,0.7109545,0.0,2.3127797,1.8674086,3.10125,0.0,1.6483399,0.0,0.0,2.1694305,1.6578225,0.65096396,1
0.3062629,0.95909876,2.286183,0.0,0.5670462,0.0,0.0,0.43575484,2.1693146,0.9151405,2.6465845,1.2486744,0.09689701,0.24968375,1.4350032,2.954997,0.14834557,1.0600232,1.963955,0.8506506,1.029665,0.0,1.7030078,0.8689108,0.0,0.0,0.18649736,1.7624162,0.0,1.4877647,1.4472208,1.7896887,0.02260734,0.10296914,0.0,1.0615078,0.0,1.3524153,0.40145501,1.2677763,0.0,0.0,0.0,0.5774402,1.936992,0.0,0.0,0.0,0.0,0.0,0.09663065,0.0,1.9928719,0.6262097,3.3214087,1.5686214,0.2044447,1.791416,2.7452512,0.093680486,0.9156997,2.2957306,1.4713984,0.67122185,0.0,1.4120508,2.6167567,0.6490771,0.0,1.1229599,1.3647329,0.0,1.0410283,0.0,0.0,0.0,1.9849347,0.0,0.47486165,0.0,0.5871413,0.83378595,0.017608155,0.05272328,1.6705178,2.2976148,1.4894347,0.0,0.69269645,0.0,0.0,2.1202416,0.005288237,2.5570397,0.5296184,1.4541687,0.70528316,4.267889,0.0,0.86220604,0.15188667,0.027152529,0.0,0.15293795,0.29237288,0.0,0.0,1.0203279,0.0,1.6387141,2.7074103,0.0,2.9650896,0.0,0.17768712,2.576513,0.0,0.0,2.1868982,0.839498,2.4972966,0.0,1.0358874,0.0,0.0,1.8606702,0.9293373,0.0,1
0.96439517,0.0,0.6399987,0.0,0.71581763,0.0,0.0,1.5566099,2.0831807,0.6788741,2.8272405,2.2624257,0.0,0.0,0.0,2.7434874,0.0,1.6936219,1.4839913,0.0,0.0,0.0,2.1060715,0.0,0.0,0.0,0.0,2.8670223,0.0,2.0470526,1.9771899,0.6722894,0.2714603,0.0,0.0,0.8545267,0.6779755,1.9067488,1.074737,1.1597731,0.0,0.0,0.0,0.0,0.8746356,0.0,0.0,0.0,0.0,0.92671025,0.0,0.0,2.204367,0.8293516,4.512925,1.8002508,0.54738927,1.7586256,3.7071192,0.0,0.34657124,1.9251333,1.4103738,0.35755327,0.0,0.0,3.5009542,0.79685986,0.414252,1.8576909,1.9716372,0.0,1.3079226,0.0,0.0,0.26850945,2.568575,0.0,0.0,0.0,0.0,1.0471143,0.0,0.0,2.3961642,2.270531,3.0692172,0.49184585,0.0,0.2532945,0.7789915,2.4078128,0.26151392,3.9259768,1.3586472,0.0,0.0,2.011606,0.0,2.0058384,0.0,0.0,0.0,0.022247076,0.0,0.82351303,0.7306567,1.0303316,0.4535164,0.0,1.5276575,0.0,2.4964879,0.0,0.88298327,1.8147672,0.0,0.0,1.7476393,3.3246305,2.1471903,0.0,2.2026165,0.0,0.0,1.6044803,1.5055423,0.0,1
0.509394,0.1114147,0.22388422,0.0,0.0,0.0,0.0,0.5919312,1.5089183,1.0619576,2.4786568,3.0074255,0.19277701,0.0,0.0,4.2227063,0.0,1.2478901,3.4110491,0.0,0.37886086,0.0,1.0876892,0.45694265,0.0,0.0,0.020022845,2.9000576,0.0,0.015032333,3.3459158,1.2937906,0.0,1.1202904,0.0,0.0,0.0,2.7898433,0.08848987,1.663525,0.0,0.0,0.0,0.0,1.8936237,0.0,0.0,0.0,0.0,1.8197219,0.7872687,0.0,3.3412693,0.0,4.415739,1.7822156,1.8831695,1.8139163,3.1367795,1.1094501,0.37943402,2.2265635,2.6319435,0.15332218,0.5282375,0.6756409,4.9103417,1.0840402,0.05625805,2.1462739,1.9455391,0.0,0.022239296,0.0,0.0,1.2167884,2.5216694,0.0,0.73914737,0.0,0.0,0.4633401,0.0,0.0,2.6240482,2.3756247,3.00827,0.0,0.0,0.6298937,0.33525085,1.6863214,1.8263514,3.9203246,1.0898741,0.0,0.4091956,2.4459739,0.0,2.5804667,0.0,0.0,0.0,0.0,0.0,0.8164022,0.0,1.7719748,0.0,0.0,2.009586,0.0,0.95392096,0.3381891,0.0,2.4244788,0.0,0.0,2.9922395,1.9635876,1.2880628,0.0,2.5643144,0.0,0.0,1.8001674,0.0,0.9587158,1
0.0,0.0,0.34397888,0.0,0.0,0.0,0.0,1.1470053,1.4379842,0.031256977,1.942011,2.276581,0.36780655,0.044469815,0.0,3.610736,0.27021733,1.0772663,3.081759,0.7289581,1.108674,0.0,1.8937334,1.2499845,0.0,0.0,0.016805267,3.255738,0.0,1.3091747,2.6884243,0.43382618,0.26426286,0.38238114,1.0938712,0.0,0.0,1.8842014,0.0,0.8144106,0.0,0.0,0.0,0.0,1.332216,0.0,0.0,0.0,0.102189325,3.277167,0.28393453,0.0,1.5275164,0.0,2.8316057,2.107917,1.7781817,1.0044787,2.3591971,0.26467872,0.36381328,0.9367852,2.9610703,0.676306,0.0,0.0,2.7037096,0.0,1.8565997,2.1406553,4.230817,0.0,0.0,0.0,0.0,0.13904339,0.7129356,0.0,0.32763222,0.0,0.0,0.36340606,0.20306127,0.0,1.5904242,1.5836494,2.5927947,0.0,0.0,0.0,0.0,2.6387382,1.688496,2.6155736,0.46398392,0.0,0.0,0.441444,0.0,1.6579641,0.0,0.0,0.0,0.0,0.89847916,0.8119871,0.0,1.1158613,0.0,0.0,0.095674604,0.0,0.40460274,0.18421033,0.0,3.0898085,0.0,0.0,0.5188244,0.7179324,2.385707,0.0,2.0095253,0.029296685,0.0,2.5712593,0.41304395,0.25476477,1
0.66312253,0.0,2.389451,0.0,1.7931648,0.0,0.0,2.2398713,1.5277303,0.0,0.6387696,1.2861573,1.2922218,0.87715584,0.2582294,2.8259878,0.7006799,0.0,0.83353555,1.2106271,2.989924,0.62162673,0.71078545,3.168712,0.020725451,0.0,1.2818357,0.8129928,0.1282895,2.3826525,0.17122938,2.0435522,3.375094,1.3094673,2.6850412,0.62197566,0.0,1.1351784,2.7791443,0.0,0.0,0.0,0.0,0.4836777,0.0010212255,0.0,0.0,0.0,0.610674,3.4009514,0.0,0.0,1.583743,0.6349999,0.46568936,0.93129295,2.7279854,0.0,0.0,2.3304439,1.5255326,0.41065246,0.5086563,1.7868363,1.8122414,0.32640433,0.8575265,0.0,1.1448861,1.9272746,3.8947656,1.2714448,1.2182498,0.0,0.0,0.0,0.08208064,0.0,2.1768177,0.11015274,1.4600697,1.6661408,0.0,0.0,0.29847574,1.9999938,0.36854795,0.47143772,1.6204314,0.0,0.09208298,1.4762461,0.22709337,0.34592518,0.8238527,0.0,0.7453766,0.82696676,0.0,0.38127303,1.0903488,0.36061817,0.0,1.4552792,0.7503592,0.5367015,0.40110418,0.0,0.08943926,0.0,0.27076325,0.0,0.36797902,2.5644662,0.3626363,1.2062416,0.14537121,0.0,0.0,0.0,0.28803894,0.0,0.0,0.0,0.0,2.3129783,1.4214908,0.0,0
0.11058019,0.1406059,0.0,0.0,0.3343827,0.0,0.0,0.094876036,1.649761,1.5540822,2.9713433,0.68157786,0.0,1.4174947,1.3319836,1.7508001,0.77633953,1.990656,2.5806222,0.27453947,1.4013919,0.28489625,0.78962654,1.1062918,0.4996959,0.0,0.061508987,1.2206763,0.061989952,0.5831323,0.0,2.1510406,0.0,1.2879801,0.90554756,1.0442802,0.0,1.2526579,0.45215026,0.66167367,0.0,0.0,0.26040494,2.2450924,1.5046843,0.0,0.0,0.0,1.0208253,0.0,0.0,0.0,0.95738995,0.73374605,3.0757778,1.7010181,4.216934,0.23749456,2.6609585,0.014763102,0.0,1.6331972,1.2343814,0.5996012,1.1460372,0.82004356,1.7705469,2.3330197,0.0,0.16339864,1.4937456,0.6093755,0.0,0.0,0.0,0.0,2.8601177,0.0,2.5206497,0.0,0.67410135,0.0,0.41778472,0.4784452,2.0972664,1.0842263,1.5663897,0.0,0.0,0.13747796,0.91431916,1.3322365,0.30608073,2.519525,1.7412745,0.23055166,1.3127013,3.38675,0.0,1.3313401,1.0572376,0.0,0.0,0.06455219,1.2879695,0.2581084,1.796127,1.8937694,0.0,0.24392927,2.0505161,0.0,0.71362317,0.57864106,0.596259,0.9205284,0.0,0.0,2.064662,1.0427735,0.0,0.0,1.9369534,0.0,0.0,3.3386734,0.0,0.0,1
1.4265739,0.0,2.0968418,0.0,1.8100566,0.0,0.0,1.5823305,0.8945467,1.0757245,0.32950196,1.6535196,0.0,0.0,0.80908054,3.0437706,0.46815577,0.0,1.1333175,0.843167,3.3656878,0.0,1.60406,2.2045388,0.43255812,0.0,1.9546098,1.4102182,0.6948181,3.321952,0.49153054,1.5516748,2.8485956,0.68845415,1.850306,1.5734036,0.0,1.6743524,3.313174,0.0,0.0,0.0,0.7830603,1.6437901,0.0,0.0,0.0,0.0,1.5771217,3.7649899,0.0,0.0,1.8565029,1.2583348,1.4620917,1.4561274,2.1233478,0.20565389,0.0,2.0838008,2.2943118,0.0,0.8573676,1.394643,1.8925749,1.0861106,0.31777227,0.0,1.7982618,0.0,3.0698106,1.352546,1.9122951,0.0,0.0,0.0,0.69733965,0.0,0.9772353,0.40030208,2.8195612,2.5004973,0.0,0.0,0.025667967,1.3315816,0.17053393,0.0,2.2291272,0.0,0.0,0.7880397,0.13920386,0.905888,0.4383708,0.0,0.97546476,1.7327764,0.0,0.5952388,0.46816924,1.0465013,0.0,1.2880852,0.91380984,0.30913445,1.5166051,0.0,0.016412897,0.35371557,0.62946594,0.0,0.34371522,2.5449545,1.7176933,0.96393967,0.0,0.0,0.0,0.0,1.8175837,0.0,0.0,0.0,0.0,1.9284524,2.5158036,0.0,0
1.2387413,0.67156845,2.4491913,0.0,2.8304102,0.0,0.0,2.673317,0.53254837,2.084677,0.34795147,0.76943797,0.0,0.61143786,1.1949903,1.4119005,1.4210318,0.8072387,0.3903089,0.84656274,3.0791993,1.0487318,1.0118829,2.4629169,0.0,0.0,2.7054746,0.31343168,0.0,3.73571,0.48768696,2.17804,4.230133,1.1914433,1.8938996,1.4523692,0.0,0.15247871,3.4167652,0.0,0.0,0.0,0.0,2.3518581,0.0022904766,0.0,0.0,0.0,1.0081842,2.2878342,0.0,0.0,1.2087835,1.8374616,0.80065703,0.4986174,3.0272622,0.0,0.59531105,1.1332985,2.0106866,0.0,0.0,1.095398,2.4049904,0.07628865,0.8043939,0.0,1.7997888,0.0,2.7309086,0.5361652,1.332048,0.0,0.0,0.0,0.5501948,0.0,2.4435728,0.0,4.3262215,2.272844,0.4363286,0.0,1.2022792,0.6677571,0.0,0.12703827,0.0,0.0,0.0,0.9323814,0.0,0.48032954,1.5228053,0.0,0.9912451,0.59063256,0.0,0.0,1.5067285,0.14839219,0.0,2.3790631,1.5456905,0.0,2.3164854,0.0,0.8626309,0.49356675,0.0,0.0,0.8140372,1.1088171,1.1305681,0.0,0.4888571,0.0,0.29304042,0.8644869,1.3772573,0.0,0.26134375,0.0,0.0,0.9371994,1.899918,0.0,0
0.0,0.0,0.36131126,0.0,0.0,0.0,0.0,1.0460502,0.79798967,0.48558542,2.4072032,3.4011586,0.006629117,0.0,0.0,2.7841096,0.0,0.40031514,3.3200488,0.27366072,1.820806,0.0,2.2525823,0.6717529,0.0,0.0,0.0,3.2117965,0.0,1.588319,3.9554224,0.8329274,0.0,0.6380149,1.3271867,0.24258496,0.0,1.5345913,0.0,1.2116092,0.0,0.0,0.3899774,0.0,1.8661461,0.0,0.0,0.0,0.07122966,2.4762003,0.0,0.0,2.2226365,0.0,4.169177,2.1663225,1.4345623,0.7837274,3.2671204,1.531862,0.4490675,0.543679,2.88912,1.0680854,0.0,0.3039192,3.566026,0.0,0.94976914,2.1843457,3.8274593,0.0,0.0,0.0,0.0,0.080094896,0.29824322,0.0,0.0,0.0,0.019569863,0.3418293,0.367693,0.0,1.3583103,1.7002956,1.9401611,0.0,0.06788528,0.0,0.0,2.003787,1.6704096,2.9339626,0.4387081,0.0,0.47117645,0.52045107,0.0,2.1282408,0.0,0.0,0.0,0.0,1.3465363,1.2394334,0.05787728,0.41437423,0.0,0.34602317,1.2995174,0.0,0.05419079,0.3893073,0.0,2.7201052,0.0,0.0,1.4635911,0.8871357,1.561341,0.0,1.2609477,0.0,0.0,2.2223504,0.9854688,0.43149522,1
1.36569,0.33761033,0.09762454,0.0,0.8361872,0.0,0.0,0.059331283,1.4658973,0.6910775,2.603618,0.2830193,0.0,0.0,0.0,1.5750742,0.7546892,2.080483,2.2433908,0.0,0.8966723,0.0,1.4652877,0.0,0.543683,0.0,1.7759575,2.4727862,0.0,0.47037476,2.2519975,2.3581803,0.26046973,0.0,0.35859036,1.016537,0.0,1.8788471,1.8723112,0.94201046,0.0,0.0,0.15444921,1.2697982,1.5404348,0.0,0.0,0.0,0.0,1.4879771,0.0,0.0,1.390571,0.2875007,3.1740627,1.8668479,1.7385767,0.84067273,1.7849921,1.596513,0.0,1.6691875,1.4865932,0.14178492,0.2426184,1.3009115,3.2560253,0.76664466,0.24590456,0.13805704,2.855056,0.12517977,0.0,0.0,0.0,0.770786,2.618181,0.0,0.73834527,0.0,1.0551758,0.25919804,0.0,0.64985204,2.5412054,2.523118,2.176402,0.0,0.0,0.039988577,0.6492022,1.1292503,0.08966466,2.006743,0.023234703,0.0,0.6854212,3.4951448,0.0,2.0051985,1.2903001,0.0,0.0,0.8727279,0.80942994,0.2588811,0.0,3.0692196,0.0,0.0,2.021563,0.0,2.5690463,1.0148363,0.0,0.0,0.0,0.0,3.8811862,1.3383666,2.0370138,0.0,2.1816885,0.0,0.0,3.8691618,0.65601844,0.031219196,1
0.0,0.0,0.55489635,0.0,0.0,0.0,0.0,0.9640195,0.9120525,0.0,2.2661753,2.2358997,0.0,0.0,0.0,3.1867983,0.0,0.32642353,2.4200325,0.0,1.2163028,0.0,2.1026034,0.0,0.007691525,0.0,0.33546057,3.6351144,0.0,0.7251568,2.3990197,0.0,0.39319468,0.95912516,0.3759864,0.0,0.0,2.1579092,0.0,1.4233977,0.0,0.0,0.0,0.0,1.0938842,0.0,0.0,0.0,0.17802092,3.6200035,0.0,0.0,2.9364038,0.0,2.870645,2.2388074,1.3399185,1.5534875,2.7373953,0.15744577,0.79747295,1.7520777,3.7868826,0.49324337,0.0,0.62643224,2.708518,0.0,0.761665,2.7164497,3.489251,0.0,0.0,0.0,0.0,0.0,0.78519183,0.0,0.34282795,0.0,0.0,0.51683635,0.24000196,0.0,1.3684052,1.5041484,1.7149317,0.69033337,0.0,0.0,0.0,2.2879062,1.9397402,2.6350844,0.7352804,0.0,0.0,0.54047763,0.0,2.4290926,0.0,0.222295,0.0,0.0,0.23059823,1.9192017,0.0,1.0256019,0.0,0.47549626,1.1205345,0.0,0.9274474,0.50417936,0.0,3.083657,0.0,0.0,0.82316905,0.97837013,2.6525526,0.0,0.6647016,0.0,0.0,1.716692,1.1002789,0.40995845,1
0.0,0.0,0.0,0.0,0.0,0.0,0.0,2.1335912,1.6588302,1.5575508,3.5092669,1.5200036,0.0,0.0,0.0,4.078159,0.0,1.1500523,4.286727,0.0,0.32911226,0.0,2.4615824,0.9338533,0.30696762,0.0,0.0,3.2779744,0.48713177,0.0,2.4560149,0.0,0.6956818,0.14666219,0.7206284,0.17034347,0.0,2.9596047,0.0,2.8626626,0.0,0.0,0.0,0.0,2.7463925,0.0,0.0,0.0,0.0,2.1731806,0.6919214,0.38899592,3.4972394,0.0,2.9337277,2.7379923,1.8722036,1.0315058,1.7873302,0.26320317,0.0,2.417314,1.7850671,0.09822063,0.1505395,1.2490318,2.974163,0.0,0.0,1.5222217,1.5471075,0.0,0.0,0.0,0.0,0.16724595,1.5373731,0.0,0.09655609,0.0,0.0,0.0,0.0,0.0,2.1976871,0.9659655,2.3164408,0.20692226,0.0,0.0,0.78950787,2.684692,1.116401,3.308273,0.04968331,0.0,0.77446824,2.2570264,0.0,3.7460349,0.0,0.0,0.0,0.0,0.0,0.95459974,0.0,2.7821288,0.0,0.0,1.3039608,0.0,0.3489272,1.5508001,0.0,1.5723609,0.0,0.0,1.7263668,1.5017074,1.6083319,0.0,2.4103596,0.0,0.0,3.5876672,0.0,0.25095937,1
0.72574234,1.8505399,0.0,0.0,0.0,0.0,0.0,0.0,2.8089774,0.6587708,1.50235,2.401783,0.0,0.0,0.0,2.8433683,0.078434095,1.2768863,2.2276495,0.5954216,0.0,0.25667548,0.0,0.6407681,0.0,0.0,1.336652,0.23645608,0.0,0.0,1.8214554,1.1351497,0.0,0.0,0.0,0.0,0.0,3.557963,1.2143824,1.1916809,0.0,0.0,0.58935606,0.8736271,2.9241846,0.0,0.0,0.0,0.0,0.0,0.0,0.0,2.1685286,0.0,2.0460694,1.3255132,1.5934294,0.0,0.78797406,0.9744682,0.0,4.140545,0.0,0.34561443,0.23084612,0.0,4.089362,0.56679076,0.9040822,0.120357946,0.4093334,0.0,0.0,0.0,1.6693014,2.316915,1.792377,0.0,0.18291323,0.0,0.0028400305,0.0,0.0,1.742971,3.0172677,3.1969202,1.4261647,0.0,0.030848147,0.11442125,1.1747688,0.7057495,1.132194,1.042052,0.0,0.0,0.6318866,2.6075091,0.0,0.5405406,2.6166446,0.0,0.0,0.16582629,0.0,0.0,0.0,2.32212,0.0,0.0,2.6554468,0.8917899,2.393397,0.45985097,0.0,0.7919214,1.1949197,0.0,2.7479675,2.073623,1.014269,0.0,4.424704,0.0,0.0,2.2686105,0.0,0.3105158,1
0.3588084,1.7728554,0.0,0.0,0.0,0.0,0.0,0.0,1.9483712,0.4112456,0.57444453,2.2681415,0.0,0.14101256,0.24597472,3.9418628,0.0,1.0747601,2.7245858,0.0,0.0,0.22524633,0.0,0.0,0.0,0.0,0.6648202,0.19199435,0.0,0.0,2.5465593,0.3466087,0.0,0.0,0.0,0.0,0.0,4.4599085,1.049848,0.0,0.0,0.0,0.0,0.09351653,2.4486747,0.0,0.0,0.0,0.0,0.0,0.74781775,0.0,2.2908173,0.0,1.5523422,1.336646,2.4115725,0.61576754,0.76834106,0.7034873,0.0,3.4261649,0.0,0.40747607,0.0,0.5553298,4.194962,1.0010391,0.52474767,0.030631356,0.5383913,0.0,0.0,0.0,1.176364,1.7705177,1.3742306,0.0,0.5796672,0.088116065,0.0,0.0,0.0,1.7896909,3.0712283,1.9526529,1.750736,0.26410607,0.0,0.0,1.0911126,2.267806,1.277897,0.29700273,0.0,0.13318467,0.8848802,3.0547953,0.0,0.22806859,2.0795,0.0,0.0,0.0,0.0,0.29086882,0.0,2.7878299,0.0,0.0,2.5681686,0.14210421,1.2062937,0.89196706,0.0,1.252296,0.16202787,0.0,2.7290938,1.9280472,1.4075389,0.0,3.5477264,0.023436833,0.0,3.2679539,0.0,0.6516268,1
1.339259,0.0,0.8433629,0.0,0.24107908,0.0,0.0,0.95520407,2.114851,0.44039994,0.76065516,1.943211,2.5935318,0.5312996,0.23117745,2.3182077,0.979383,0.0,1.7025818,1.0884974,1.9316902,0.72748625,0.5168053,1.8194498,0.15818477,0.0,1.2970113,2.2582216,0.0,0.9595332,1.869621,1.5260491,1.0248132,0.73763216,1.305911,0.3212526,0.0,0.51320887,2.0196676,0.0,0.0,0.0,0.3422586,0.45638257,0.0,0.0,0.0,0.0,0.0,2.3865178,0.0,0.0,1.0320367,0.6822758,1.2871385,2.0639708,2.339892,0.71398836,1.3978796,0.041399047,1.2410581,0.3637628,2.5057218,1.1300849,0.71688527,0.022640117,2.2421105,0.0,1.0068698,0.5978186,3.5557513,0.023017053,0.50111806,0.0,0.0,0.704377,0.66542697,0.0,2.4073093,0.09381522,0.27433065,1.0685093,0.0,0.0,0.23565519,1.976872,0.0,0.19738877,0.8652685,0.0,0.0,0.68684304,1.5918397,1.0340072,0.12120662,0.23375665,1.1165546,1.2663481,0.0,1.2416402,0.0,0.0,0.0,0.0,0.0,0.78945374,0.9819226,0.0,0.38957584,0.16420776,0.70805764,0.0,0.0,1.0422295,0.9231065,1.8734081,0.0,0.0,0.0,0.0,0.31281716,0.0,0.34820274,0.15860118,0.0,1.5626432,0.35345906,0.0,0
1.4474078,0.0,3.0603237,0.0,2.1127698,0.0,0.0,0.897103,0.5049516,2.7771568,0.6102411,0.0,0.0,1.2900642,2.3056948,2.7531242,2.282933,0.5269343,0.009298949,1.3830706,2.925329,1.1250392,0.17670949,2.2708964,0.039936475,0.0,0.9571115,0.8661625,0.3145643,4.0681133,0.0,1.7750642,2.797381,0.54610753,1.8833259,1.5862352,0.89283615,0.9334408,2.3280153,0.41054547,0.0,0.0,0.0,2.7326949,0.0,0.0,0.0,0.0,0.6896137,1.356562,0.0,0.0,0.0,0.43559098,1.9495143,0.0,1.3772259,0.48261306,1.061381,0.7394517,2.8938248,0.0,0.1967437,1.1807661,3.4402559,0.04285536,1.0332729,0.18790251,1.824088,1.7624791,3.1179652,0.0,2.54381,0.0,0.0,1.6230439,0.0,0.0,1.337333,0.0,2.6590421,2.7727342,0.0,0.0,0.68150353,0.67785525,1.1160518,1.9306507,1.7231019,0.0,0.0,0.47648463,0.0,1.7548271,1.3138553,0.0,0.6696537,0.9447503,0.0,0.63674235,0.66533774,0.0,0.0,2.5388787,1.6776063,0.0,1.2878337,0.09565917,0.9630724,1.5181859,0.832147,0.0,0.94250166,0.39813715,2.2117596,0.95656693,0.0,0.0,0.09816332,0.7665692,0.3703125,0.0,0.554086,0.5153018,0.0,1.7809135,1.926155,0.0,0
0.120713696,0.0,2.7781024,0.0,1.6390373,0.0,0.0,3.180195,0.0,2.2112188,1.5530194,0.0,0.18810701,0.83872604,0.47662854,1.8668476,0.7897395,0.0,0.103937775,1.1265259,2.994084,0.34274632,0.9839383,2.3554683,0.0,0.0,1.7832959,1.3360254,0.0,3.3508556,0.963235,0.68501854,2.7213538,1.2617176,0.9635161,0.32941,0.20453237,0.17518903,2.7630048,0.75623757,0.0,0.0,0.4736079,0.98965174,0.0,0.0,0.0,0.0,0.5390318,2.229505,0.0,0.0,1.0530547,0.8932592,2.5170913,0.29811433,1.3154687,1.4492433,1.7462581,0.5078763,1.5911007,0.0,0.9483796,0.37245923,1.9542607,0.0,1.1415375,0.42915332,2.611948,1.1834046,3.5742486,0.0,0.9925576,0.0,0.0,0.56690305,0.0,0.0,1.3014566,0.5390308,1.321021,0.95403415,0.0,0.0,0.0,0.80586934,1.0398324,0.7558307,1.8482692,0.0,0.0,1.512753,0.80124706,2.779592,1.5008705,0.0,0.3944161,0.0,0.0,0.0,0.54298395,0.0,0.0,1.376489,1.4747653,1.0839307,0.7397857,0.35367256,1.5589007,0.5020208,0.0,0.0,0.3661335,0.81808597,1.3479323,0.20151575,0.0,0.0,0.0,0.64632225,0.49044234,0.0,0.8952879,0.47058302,0.0,0.6205905,1.7152117,0.0,0
1.8845524,0.26524326,2.522722,0.0,0.7404542,0.0,0.0,1.7055334,0.69198817,1.3308458,0.55695355,0.91761637,0.0,1.7276679,1.4263527,1.9872695,0.5003422,0.0,0.0,0.45251927,2.9327774,0.44514883,1.1299946,0.98177564,0.0,0.0,1.1192073,0.0,0.94090813,2.4836686,0.662614,0.914202,0.8841706,1.158204,1.6468412,0.9675476,0.0,0.62574464,1.9836131,0.0,0.0,0.0,0.35358083,1.177611,0.083324395,0.0,0.0,0.0,0.15161929,0.20673406,0.73798186,0.0,0.9070587,0.9032193,2.2563674,1.5153271,1.4982456,0.45829767,1.8399751,1.532033,1.9603474,0.46176815,0.0,0.986116,1.799532,0.82685864,2.1824281,0.0,1.5095714,1.6448313,1.4233613,2.084507,1.2227553,0.0,0.4176866,0.50526667,0.0,0.0,2.4151368,0.104132995,2.495139,0.7232803,0.0,0.0,0.5089352,1.1102693,0.6657665,0.0,1.1444365,0.0,0.0,0.46349427,0.03516691,2.4013197,0.89427954,0.51432943,0.7227815,2.0202823,0.0,1.3622252,0.0,0.82330483,0.0,1.7906793,1.104871,0.8358898,0.9258672,0.33050394,0.0,1.8530976,0.0,0.0,0.0,1.5525149,0.17101298,0.71688575,0.0,0.0,0.3338991,0.9333793,0.38696155,0.0,0.0,1.390977,0.0,2.6406791,0.54046196,0.0,0
0.5221187,1.1350484,0.0,0.0,0.0,0.0,0.0,0.0,2.299176,0.41768116,0.9210889,2.724001,0.09612223,0.0,0.0,2.666969,0.0,1.8060831,1.9711852,0.0,0.0,0.58526963,0.0,0.0,0.0,0.0,1.3150631,1.0760397,0.0,0.0,3.1278522,0.3628005,0.0,0.0,0.0,0.610579,0.0,2.694604,1.8770235,1.3112278,0.0,0.0,0.01097061,0.0,2.3329084,0.0,0.0,0.0,0.4366481,0.67639893,0.0,0.0,1.816988,0.0,2.4999027,1.1702149,1.2191857,0.18199675,1.4779481,0.5407464,0.0,4.2967587,0.0,0.0,0.0,0.0,3.7920856,0.78449595,1.0457891,0.49442118,0.6275795,0.0,0.0,0.0,0.9452834,1.2591296,2.161066,0.0,0.0,0.0,0.40960228,0.0,0.0,1.8681284,3.3478463,3.671003,1.2135173,0.31268945,0.0,0.7375459,0.6642283,2.162511,1.4364387,2.0983849,0.10402674,0.0,0.85297835,3.5310318,0.0,0.9201733,1.9027536,0.0,0.0,0.0,0.0,0.0,0.0,2.6189427,0.0,0.0,2.6385381,0.36487025,3.8084424,0.018169379,0.34179598,1.1631131,1.3829176,0.0,3.1033688,2.0446537,1.0324768,0.0,4.813636,0.0,0.0,2.291103,0.0,0.48027658,1
1.0406339,1.0829372,0.0,0.0,0.0,0.0,0.0,0.0,1.7277706,0.0,2.233182,2.4552026,0.0,0.0,0.0,3.4147897,0.0,0.15617174,3.1959012,0.0,0.33214796,0.0,0.49693948,0.42727837,0.0,0.0,0.22471157,2.2393713,0.0,0.0,2.7698274,0.9985145,0.0,0.07993266,0.0,0.89767003,0.0,4.2517705,0.0,0.86738914,0.0,0.0,0.0,0.0,2.0703459,0.0,0.0,0.0,0.0,0.0,2.382897,0.0,3.007145,0.0,2.7825963,1.8617903,1.3004843,1.7885575,3.152339,2.2206151,0.0,2.8561883,0.0,0.0,0.0,0.3186251,2.4684231,1.1196213,0.20299268,0.0,0.9809244,0.0,0.0,0.0,0.682961,0.0,2.5043647,0.0,0.2682291,0.0,0.0,0.0,0.0,0.7758718,2.7315757,2.4824421,2.0339556,0.0,0.0,0.0,1.6065613,3.9347317,0.6202703,2.2754502,0.0,0.0,0.46563682,2.9407873,0.3719898,1.8987435,0.5785094,0.0,0.0,0.0,0.0,0.0,0.0,1.5237525,0.0,0.0,3.1888485,0.0,1.2038878,0.6982459,0.0,1.1169038,0.0,0.0,3.7662668,2.0485108,0.6378553,0.0,4.2325068,0.0,0.0,3.256572,0.0,0.1783744,1
0.91872966,0.0,2.5287592,0.0,1.1509234,0.0,0.0,1.8126321,0.15196441,1.4970677,0.59902763,0.9323862,0.9757312,1.0788349,0.0,2.073565,0.64560074,0.0,0.41636792,0.13120592,2.7811792,0.483431,0.9859273,1.0682716,0.0,0.0,0.5519913,1.7886664,0.0,1.4939183,1.5429276,0.19718018,1.7330165,1.5500747,1.9801408,0.0,0.0,0.47394386,1.2332114,0.0,0.0,0.0,0.0,0.6895893,0.0,0.0,0.0,0.0,0.28617552,4.150942,0.0,0.0,1.4875909,0.2752655,2.5559456,1.1521716,1.2417291,1.1162354,1.3023367,1.4147576,1.3966734,0.0,2.4845092,0.5440321,0.9135499,0.0,0.9202058,0.0,2.0270317,1.6967317,4.02304,0.0,0.70441073,0.0,0.0,0.7502822,0.45034656,0.0,1.788434,0.0,0.5510638,0.5614777,0.8539764,0.0,0.0,1.2506126,1.1945579,0.2249234,1.982957,0.0,0.0,1.9805236,0.98756224,1.9646639,1.5239502,0.0,0.3064372,0.0,0.0,0.6826539,0.21230502,0.5549262,0.0,1.127954,2.503929,1.4232218,0.54714,0.0,0.40241423,1.6620253,0.0,0.0,0.0,1.25919,0.8913812,1.9321022,0.0,0.0,0.0,0.0,0.45246813,0.0,0.85204226,0.0,0.0,0.98364073,1.3672261,0.0,0
1.4319366,0.0,3.6398664,0.0,2.838825,0.0,0.0,0.8180227,0.85866463,1.9351059,0.7296886,0.3142118,0.8286436,0.95010066,0.84221506,2.3652692,1.505233,0.048564762,0.93397725,1.1207772,2.9471412,1.2124422,1.0436426,2.0527816,0.9658434,0.0,1.5588993,1.9759566,0.49755043,3.9062593,1.0813781,2.2838817,2.7130601,1.6925433,2.1969721,0.41276196,0.12807374,1.1247652,2.722548,0.0,0.0,0.0,0.0,1.5994699,0.0,0.0,0.0,0.0,0.85939497,2.2385364,0.0,0.0,2.2385154,1.6239822,1.8688823,0.21393965,1.8245424,1.1990571,0.24970321,1.7001202,2.1527464,0.0,1.0475477,1.1548613,2.0432048,0.7273078,0.14860989,0.0,1.5606991,0.782548,3.3680847,0.5480742,1.3445275,0.0,0.0,0.53516775,0.8410692,0.0,0.61377597,0.0,1.999442,3.0874574,0.714731,0.0,0.38289565,1.4825397,0.7839112,0.7530439,2.8585987,0.0,0.0,1.4674455,0.5424848,1.5929617,2.639818,0.0,0.33152336,1.3247387,0.0,0.30006635,0.60500264,0.0,0.0,2.4047718,1.7659742,0.61559486,0.14868651,0.5252803,1.6156226,0.0046428265,0.27068695,0.0,1.1439667,1.3698475,1.9420508,1.2666533,0.0,0.0,0.0,0.5455417,0.8914965,0.0,0.70753175,0.0,0.0,1.100885,2.4985693,0.0,0
1.5765306,0.4330568,0.9428479,0.0,0.7363882,0.0,0.0,0.6059928,1.5072817,1.5872264,2.5587687,1.8019152,0.6092911,1.8193034,0.0,3.512115,0.0,1.1910263,3.2399867,0.3558572,0.66564035,0.0,1.8384687,0.58195853,0.0,0.0,0.26194116,2.6189728,0.0,1.8693339,2.8673742,0.606664,1.2565742,0.986308,0.7178244,0.35483685,0.0,2.1335104,0.0,2.0698006,0.0,0.0,0.0,0.35256404,2.2275553,0.0,0.0,0.0,1.2281836,1.2553306,0.0,0.0,2.50463,0.26132572,3.2732701,2.2834952,1.7445396,1.2429467,1.7870587,0.7326011,1.6096693,1.5072646,0.5969284,1.1894257,0.3913633,0.0,2.039724,0.0,1.0436251,2.0921779,2.2260132,0.16484733,0.8975096,0.0,0.0,0.7397334,2.1956742,0.0,0.0,0.0,1.3366497,0.22667475,0.0,0.92415106,2.3240368,2.5798495,1.2813284,0.09938649,0.0,0.0,0.0,2.9215136,0.36764023,3.27107,1.4460752,0.0,0.0,2.2917843,0.0,1.9336047,0.0,0.4307594,0.0,0.9715719,0.5049472,0.5692992,0.0,1.8075653,0.807274,0.35103586,1.5305564,0.0,3.5554562,0.059940584,1.299241,1.6898513,0.0,0.0,2.2117486,1.0762792,1.3160937,0.0,2.507546,0.0,0.0,2.2083979,1.2461897,0.03770153,1
1.0967058,0.0,1.8172201,0.0,1.7849003,0.0,0.0,1.5615261,0.016430398,0.44206825,1.5946541,1.2241964,0.8580214,0.6289947,0.53613317,2.5758088,1.3089774,0.0,1.6396024,0.83626175,3.5120497,0.0,1.97375,1.2926116,0.27287927,0.0,0.9151849,2.7219412,0.0,3.211219,1.7289869,1.7113345,2.0938437,1.9142731,3.3791559,0.0,0.0,1.3501515,2.5667381,0.5462212,0.0,0.0,0.0,1.1924042,0.83257097,0.0,0.0,0.0,0.65660685,3.3362224,0.0,0.0,2.123748,0.39270973,1.8155913,0.5327618,2.1621342,1.4143977,1.2250923,3.2122135,2.6737869,0.0,1.7175809,1.1967081,2.6731153,0.46621227,0.92056584,0.0,1.2737958,1.8616961,3.0226455,1.47126,0.39105457,0.0,0.0,1.0230597,0.16564746,0.0,1.3951175,0.0,2.03747,1.9900643,1.4264631,0.0,0.76489633,1.3821957,1.5748769,1.1410731,2.0267782,0.0,0.0,0.6805366,0.8000508,0.9200454,1.5922521,0.0,0.93604743,0.6718857,0.0,1.6933235,0.5491159,0.0,0.0,1.0520384,1.6072909,2.1776252,0.0,0.72217214,0.2669914,0.074081555,0.41848326,0.0,0.0,1.5387769,0.45557576,2.2321892,0.0,0.0,0.6546062,0.0,1.2153949,0.0,0.0,0.1157087,0.0,2.2447321,2.0562725,0.0,0
1.7694458,2.3610322,0.1425631,0.0,0.17813455,0.0,0.0,0.0,3.878327,0.14969887,2.8078527,1.37574,0.0,0.5575315,0.0,3.1708012,0.0,1.9956397,3.7406154,0.049551006,0.0,0.08875121,0.94485587,0.0,0.0,0.0,0.19508258,1.7307845,0.0,0.3074953,2.6132421,1.1983182,0.0,0.083183736,0.0,0.92143,0.0,2.2902443,0.0,2.3400495,0.0,0.0,0.018184708,0.19107157,3.7304785,0.0,0.0,0.0,0.41579095,0.21460694,0.5553775,0.0,2.970107,0.0,3.2991717,1.5768068,0.49336654,1.4381008,3.5071516,0.6842281,0.6866658,2.5712557,0.0,0.5240586,0.0,0.0,3.2644,0.4744363,0.42223307,1.4658133,0.41062796,0.0,0.6557195,0.0,0.0,0.31893355,2.2782269,0.0,0.0,0.0,0.6708493,0.0,0.0,1.6526912,3.5457165,3.2251918,2.448439,0.0,0.0,0.0,2.4475417,1.5637867,0.3629469,1.4930594,0.2973913,0.41552347,0.0,4.200697,0.0,2.1335826,0.0,1.3123633,0.0,0.0,0.0,0.6065893,0.26118228,2.5606842,0.0,0.0,3.4237537,0.0,2.9333827,0.0,0.0,1.6905279,0.48974842,0.0,2.3957586,1.4286383,1.1194751,0.0,4.052107,0.0,0.0,3.6771324,0.46697697,0.008978824,1
0.93014127,1.7575355,0.0,0.0,0.73552895,0.0,0.0,1.474175,3.9883657,0.13351823,3.4860308,1.691988,1.2692322,1.0197084,0.0,4.1869736,0.0,2.082353,3.6046538,0.0,0.0,0.006235278,2.1480582,0.5874144,0.0,0.0,0.0,1.5311686,0.0,0.07479883,3.8519344,0.32795903,0.5619052,0.5039072,0.79719436,0.06399309,0.0,2.848632,0.0,2.4807758,0.0,0.0,0.0,0.0,3.3039336,0.0,0.0,0.0,0.34247807,0.11250085,1.0535249,0.0,2.7025876,0.0,3.6630332,1.8848464,1.0426689,1.2367241,3.726344,0.7108741,0.29177585,2.4809854,0.11226723,0.4433897,0.0,0.0,3.5264497,0.3853302,0.9757606,2.5435424,1.216197,0.0,0.33085108,0.0,0.0,0.07732784,3.1103363,0.0,0.0,0.0,0.50933814,0.0,0.4109567,0.55035055,3.4818523,3.6629908,2.8641639,0.0,0.0,0.0,1.622192,1.0194511,0.0,3.1769419,1.9599254,0.0,0.0,2.8888698,0.0,2.8605347,0.0,0.8275856,0.0,0.15786916,0.035861056,0.4554366,0.0,2.2933254,0.18000054,0.0,1.9244837,0.0,2.460313,0.0,0.0,2.7673275,0.0,0.0,2.6562347,1.1255323,0.07430247,0.0,4.1076484,0.0,0.0,3.1409364,0.0,0.0,1
0.0,0.0,1.3312846,0.0,0.6489506,0.0,0.0,1.4290794,0.06057983,0.7302456,1.5337698,1.5053161,0.4924476,1.0315918,0.0,2.0212274,0.028115164,0.0,1.6430492,0.0,1.7858994,0.0,1.2510625,0.8388192,0.0,0.0,0.32191285,2.5279176,0.0,1.6454307,1.6555163,0.1528121,1.6597526,0.64248526,1.7669389,0.0,0.0,1.0422237,0.6223939,1.130911,0.0,0.0,0.0,0.0,0.011187274,0.11318615,0.0,0.0,1.0315588,3.8262262,0.0,0.0,1.8763148,0.0,1.7620137,0.8386972,1.5196717,1.3312113,1.8957387,0.87145907,1.1272955,0.0,3.6897194,0.5338968,0.8095753,0.0,2.0106273,0.0,1.6428868,2.1389353,4.062144,0.0,0.065512344,0.0,0.0,0.12851775,0.5287361,0.0,0.3693817,0.88946414,0.0,0.94208854,0.64496654,0.0,0.0,1.2082816,1.7580868,0.42451194,1.4103471,0.0,0.0,2.1356313,1.8793962,1.8531326,0.4080014,0.0,0.18191405,0.0,0.0,1.082349,0.0,0.0,0.0,0.02905479,1.7991123,1.3656783,0.0,1.0784905,0.28316322,0.86956155,0.0,0.0,0.0,1.2101595,0.8432665,2.2675047,0.0,0.0,0.0,0.0,1.3101861,0.0,0.499629,0.23972337,0.0,1.6941572,1.1809976,0.0062464876,0
1.7991468,0.0,0.084187865,0.0,0.0,0.0,0.0,0.8354436,2.1484635,1.7767539,2.2291074,2.0140264,0.49604228,0.2880774,0.0,2.19981,0.04174171,1.2966468,1.5266601,0.9310901,0.30713373,0.0,2.1071162,0.62686676,0.0,0.0,0.4016805,2.9011838,0.0,1.7176781,3.0790582,1.296895,0.0,0.26974794,1.0419499,0.16874881,0.0,2.2772388,0.7628451,1.3099862,0.0,0.0,0.0,0.0,0.5829449,0.0,0.0,0.0,0.0,1.2366849,0.0,0.0,2.2521706,0.37924573,4.951317,1.7353857,1.6864833,0.9242993,3.1151404,0.12345408,0.0,1.8593076,2.095518,0.007638111,1.0651691,0.6587715,2.7025554,0.025273262,0.5985655,2.221084,2.6926136,0.0,1.3703349,0.0,0.0,1.1099966,2.6945791,0.0,1.0188835,0.0,0.0,0.746627,0.0,0.07373219,1.9463689,2.6280847,1.8750932,0.68314624,0.0,0.0,0.29326597,2.2442434,0.4890475,3.5713775,0.40741542,0.0,0.0,2.0047014,0.0,2.2662153,0.0,0.0,0.0,0.0,0.61833155,0.91926783,0.0,1.5816536,0.39048743,0.0,1.356559,0.0,2.0892189,0.7687063,1.0914752,1.9232429,0.0,0.0,1.7225873,2.1210434,1.8009602,0.0,1.7026753,0.20739926,0.0,3.7524993,0.27606985,0.47063652,1
0.9171374,0.580083,0.35669178,0.0,0.12136003,0.0,0.0,0.56425667,0.7228854,1.3996439,1.9884901,1.7288113,0.0,0.856223,0.15436482,2.7698183,0.0,0.8316554,2.1602504,0.8032857,1.1645799,0.0,0.83581644,2.0774813,0.0,0.0,0.6215268,2.1926816,0.031799484,1.4893299,2.1251771,1.6981102,0.85869086,0.0,0.19261472,1.2787791,0.0,2.5555625,0.38688213,0.0022069057,0.0,0.0,0.015264767,0.0,2.161223,0.0,0.0,0.0,0.47339475,0.5473761,0.0,0.0,1.0940546,0.0,2.6290948,0.92860305,1.5170811,0.3621109,2.1456523,0.56012386,0.04006311,1.448632,0.08838455,1.460941,0.9250045,0.05102516,1.6566486,0.55195165,1.165614,1.4007176,1.202615,0.0,0.0,0.0,0.0,0.0,2.0511816,0.0,1.2047887,0.0,0.5953938,0.0,0.0,0.10929673,1.8116417,1.7595197,0.8147868,0.0,0.0,0.499673,0.81893355,1.8594251,0.23939982,1.9605231,0.16247842,0.67272353,0.32402125,1.8111882,0.0,1.9179399,0.0,0.13170116,0.0,0.0,0.21212505,0.0,0.9970817,1.8053701,0.0,0.15487868,1.141281,0.0,2.3076262,0.85990006,0.14494939,1.1345093,0.017441671,0.0,3.0609717,1.5862514,1.2308747,0.0,1.9276222,0.0,0.0,3.1538136,0.0,0.34865043,1
2.1822581,0.0,2.0735288,0.0,1.4641035,0.0,0.0,1.2953243,1.0509698,0.64892876,0.92490417,0.7913124,0.9177784,1.7172306,0.0,2.5428164,1.1666132,0.0,0.48215345,1.5084754,2.802025,0.6381849,1.5227429,1.7922369,0.29725897,0.0,1.0585797,2.1478927,0.0,2.8733153,0.91019255,2.4251077,2.4138076,2.6081834,2.6708622,1.4385489,0.026648683,1.3928884,2.0138874,0.0,0.0,0.0,0.0,1.0723089,0.0,0.0,0.0,0.0,1.3347521,2.3989942,0.0,0.0,1.0607871,0.6147792,2.524039,0.0,2.8320134,0.7599344,0.23198666,1.3870268,2.521249,0.0,1.331901,1.7067218,1.3469363,1.3526095,0.39015985,0.0,1.620424,0.40841642,3.7042568,1.7025295,1.070082,0.0,0.0,1.4509994,0.8768321,0.0,1.6420205,0.0,1.8354878,1.6964551,0.56644726,0.0,0.31548756,1.6974916,0.54366356,1.9376101,2.567741,0.0,0.0,0.28032848,0.0,1.6730202,2.210343,0.0,0.0,2.329401,0.0,1.185038,0.7496715,0.0,0.0,1.2764609,0.75773925,1.7699139,0.045782544,0.188227,1.8289472,0.0,0.0,0.0,0.9334768,0.9730139,1.2519423,1.0441235,0.0,0.0,0.44504136,0.0,0.8856978,0.0,0.27172375,0.16492106,0.0,1.8690329,1.5940899,0.20365952,0
0.810718,0.0,2.2552867,0.0,1.8143885,0.0,0.0,1.4485492,1.0391498,1.4532378,1.000823,0.8648425,1.2556033,0.8303023,0.744641,3.0241046,1.5696276,0.6716125,0.8369887,1.158517,2.8255398,1.3644916,1.4034882,1.7892041,0.0,0.0,1.1447837,2.2966404,0.47094208,3.2502556,0.12574442,1.3521184,0.9930701,1.0678055,1.8186098,0.98659194,0.0,0.42728952,1.1312053,0.0,0.0,0.0,0.0,2.9334455,0.5015021,0.0,0.0,0.0,0.7365545,2.878423,0.0,0.0,1.1038421,0.0,1.8069162,0.57173854,2.7657328,1.5347308,1.7956618,2.132329,2.1104705,1.010833,1.262026,1.1020621,2.8015163,0.28735885,1.6125612,0.0,1.5060407,3.2673779,4.217515,0.52737623,0.7034895,0.0,0.0,1.5070568,0.0325153,0.0,0.76197076,0.0,2.1269217,2.4447274,0.0,0.0,1.1508409,1.0865597,1.5460654,1.2454278,1.6479849,0.0,0.0,0.8021499,1.6544106,2.750567,1.3171607,0.7898413,0.43226278,0.0,0.0,1.1738752,0.0,0.0,0.0,1.1703737,2.1350322,0.45053795,0.7824583,0.0,0.55634826,1.1884815,0.0,0.0,0.0,0.0,0.21919693,1.50543,0.0,0.0,0.44477025,0.71069247,2.080597,0.0,0.0,0.3565075,0.0,0.44968277,2.2516866,0.0,0
0.55094594,0.101671934,3.088256,0.0,2.1354892,0.0,0.0,0.99874014,1.9092585,1.3543148,0.95270216,0.7791974,0.7183683,0.8655953,1.0013049,1.5407901,1.9350995,0.7311936,0.9222903,1.9843231,3.4372687,0.59814644,1.0849465,2.697956,1.4076123,0.0,1.1683909,1.5282422,0.0,2.877876,0.92975605,2.3190377,2.9206743,1.4610448,2.6477377,0.5602251,0.0,0.17475773,3.2739973,0.0,0.0,0.0,0.64387965,1.2041658,0.0,0.0,0.0,0.0,1.7611611,2.1971831,0.0,0.0,1.3133672,2.3660662,1.1244797,0.30975378,2.6835606,0.8605061,0.0,1.8500865,1.7570521,0.009913743,0.954625,1.8839009,1.6375777,0.0,0.51035535,0.0,1.4985272,0.69827056,3.242874,0.0,1.3471878,0.0,0.0,0.8349817,1.3118379,0.0,0.88815016,0.26208505,1.5791107,2.503142,0.5356264,0.0,0.44652334,2.0096,1.0323261,0.5224248,2.7653394,0.0,0.09618303,1.5144227,0.21605524,1.4054444,2.520811,0.0,0.2710538,1.1659166,0.0,0.6939987,0.1475182,0.0,0.0,2.6826046,2.5042012,0.113478735,0.36269605,0.84749776,1.1171653,0.0,0.3523982,0.0,1.8094765,1.8105731,2.3994594,1.5442986,0.027308714,0.0,0.0,0.0,0.9920699,0.0,1.1922756,0.0,0.0,2.0137625,1.6244646,0.0,0
1.9355265,0.0,3.113517,0.0,1.768525,0.0,0.0,1.599689,0.6250198,1.3263996,1.3355088,0.34646398,0.0,1.7161585,1.476412,2.2314887,2.1573017,0.0,0.06451216,1.5351148,4.2087893,1.1553603,0.1758707,1.9148122,0.528145,0.0,1.5067633,2.1775334,0.53514427,3.895573,0.29800704,3.0015948,2.3881123,1.7679454,1.8533858,1.3681582,0.0,0.52282155,2.9895916,0.0,0.0,0.0,0.0,2.004104,0.0,0.0,0.0,0.0,1.0811821,2.324597,0.0,0.0,1.1724504,0.84148175,1.7153863,0.0,2.1880956,0.97404724,0.38903666,1.1483834,2.2404065,0.111082494,0.93530774,1.2407917,2.3398228,0.32831657,0.10813176,0.0,1.743347,0.4517912,3.756261,0.8486356,1.8690338,0.0,0.0,0.52540785,0.67255217,0.0,1.453227,0.0,3.3186834,2.495559,0.7873278,0.0,0.46766958,0.9495106,0.67132044,0.0,3.1508217,0.0,0.0,0.97838837,0.0,1.1038088,2.017289,0.0,0.0,1.0268165,0.0,0.5937969,2.0632038,1.728019,0.0,2.294621,1.3200016,0.4177866,1.0826503,0.030098382,0.00096414756,0.13100447,0.5762371,0.0,0.93408495,2.3312652,2.406339,1.304945,0.0,0.0,0.8824746,0.28076923,1.7523701,0.0,0.0,0.0,0.0,2.3040926,2.6738393,0.0,0
1.4161876,0.62277067,2.7378209,0.0,2.1748638,0.0,0.0,0.9617173,1.1227065,1.7328541,0.26984283,1.1321962,1.443363,1.5089248,1.093817,2.6648736,1.520839,0.0,0.5281328,2.0956266,2.918511,0.14448605,1.1946678,2.1059477,0.0,0.0,1.4643837,1.2508519,0.0,2.698929,1.135249,1.9302413,2.2628412,2.2976108,2.6635098,0.2049947,0.0,0.95861566,2.1997128,0.0,0.0,0.0,0.0,1.3165177,0.0,0.446724,0.0,0.0,1.20786,2.4813066,0.0,0.0,0.9949942,2.056864,1.5113788,0.5091328,2.3428354,0.3001858,0.1543793,1.8727659,2.1686351,0.0,0.044349708,1.0123409,2.0555954,0.0,0.0,0.0,1.8995819,0.6148305,2.771162,0.82251817,1.9376106,0.0,0.0,0.48141268,0.4778466,0.0,2.9176357,0.6958617,3.0239172,2.2400184,0.29349235,0.0,1.5214509,0.7442521,0.8307642,0.105457745,1.2132696,0.0,0.0,0.0,0.8316285,0.5334821,2.2186966,0.0,1.2133843,1.3407855,0.0,0.0,0.38094077,0.07209449,0.0,1.0915208,1.1787903,0.0,1.2053629,0.0,0.07412182,0.55423546,1.1747559,0.0,0.0,0.1619392,0.64083683,1.4792783,0.0,0.0,0.0,0.0,0.0,0.0,0.06833363,0.0,0.0,1.3533942,1.3558912,0.0,0
0.8701696,0.0,3.442793,0.0,2.0543005,0.0,0.0,2.6341004,0.0,1.3559302,0.0,0.12209759,0.0,0.9356112,0.93046826,1.8299701,1.013648,0.0,0.0,0.8705381,3.3679924,0.5535573,1.1470165,1.9569144,0.22035888,0.0,1.5190166,1.6632911,0.63922405,3.5518577,0.7809829,1.7913579,3.9439723,1.6126657,1.1266524,0.36685362,0.0,0.0,2.555119,0.0,0.0,0.0,0.0,2.3171203,0.0,0.0,0.0,0.0,0.15694201,2.5025923,0.0,0.0,2.212429,0.20287639,0.7866926,0.54069126,2.3591628,0.74232846,0.44218975,0.74167407,2.610986,0.0,0.17424068,0.5155725,1.5711662,0.53079915,0.49638277,0.0,2.3985844,0.8981527,3.0558326,0.0,0.74235034,0.0,0.0,0.0,0.0,0.0,1.7170174,0.07296567,3.053317,2.758739,0.099296145,0.0,0.0,1.2067327,0.0,0.0,2.4496584,0.0,0.0,0.448849,0.7590833,1.0171742,1.5439115,0.0,0.0,0.3532697,0.0,0.0,0.81230444,0.6400711,0.0,3.14686,2.1653411,1.2305489,1.8497894,0.10946566,1.2728292,1.8944815,0.0,0.0,0.26861438,1.9837129,0.9040214,0.900076,0.0,0.0,0.0,0.29803464,0.4343879,0.0,0.0,0.0,0.0,0.46227956,1.6341441,0.0,0
2.0005932,0.0,2.0143933,0.0,1.9476627,0.0,0.0,0.8800363,0.42741227,0.45068824,0.0,0.79400194,0.0,0.44068503,0.3681484,2.1250663,1.140219,0.0,0.47695377,1.8202219,2.914979,0.42747676,0.4557262,1.1745416,0.0,0.0,1.6020641,0.58532864,0.014309812,2.836716,0.80609804,0.5333823,2.9476836,2.1240015,3.0473516,1.9827279,0.0,1.1175281,2.135767,0.10417928,0.0,0.0,0.9651933,2.0013258,0.0,0.0,0.0,0.0,0.41087723,1.2146399,0.0,0.0,0.8781829,0.0,2.3864613,0.7524341,0.8271748,1.2449615,1.2506566,1.9737033,2.2795146,0.0,0.0,1.258012,1.9855194,0.0,0.07240931,0.0,1.9160746,1.3335353,1.96436,0.6340382,1.2445104,0.0,0.32924023,0.6347664,1.2481974,0.0,2.7923608,0.33580485,2.1598952,1.6273538,0.29187703,0.0,1.3906083,1.7890557,0.0,0.66793036,1.6812122,0.0,0.0,0.12946498,0.0,1.602148,2.2453232,0.0,0.35655236,1.708422,0.0,0.0,0.37231037,0.43216282,0.0,2.894566,0.4072241,0.77756596,2.5155087,0.19971082,0.0,0.64829004,0.7611002,0.0,0.29419702,1.5731398,1.209701,1.9181049,0.44864953,0.0,0.0,1.2276347,0.8929878,0.0,0.87516296,0.2821533,0.0,0.98290056,2.1034832,0.0,0
0.5982257,0.0,1.5972887,0.0,2.5499766,0.0,0.0,1.8932654,0.3224278,0.7048799,0.62108415,1.3049717,0.6435646,1.7554322,0.265992,1.6581222,0.7939643,0.28569725,1.2604486,0.48954228,2.2141166,0.0,2.6251042,2.0495715,0.47918284,0.0,0.725482,1.239284,0.020150173,1.8288825,1.5740887,1.142157,3.0782232,2.340524,2.1407359,0.0,0.0,1.766726,1.8560647,0.19286658,0.0,0.0,0.0,1.8150228,0.0,0.0,0.0,0.0,1.0442677,2.15975,0.0,0.0,1.7211078,0.8517632,2.749549,0.37868008,2.4257278,1.1389717,1.3770705,0.7884693,2.171776,0.0,1.7678449,0.79216224,2.913173,0.86747235,1.6141663,0.0,1.065688,1.0963949,1.9203938,1.4995956,1.1615555,0.0,0.0,1.6209608,0.7272351,0.0,2.6676178,0.09756006,1.6582549,1.308057,1.3639895,0.0,0.7398838,2.1723566,1.1058512,1.8660531,1.3316374,0.0,0.0,0.33948168,0.0,2.0809345,2.330146,0.0,1.4513708,0.0,0.0,1.32518,0.21901913,0.0,0.0,0.17610088,1.942677,2.4562101,0.0,1.3602383,1.0141006,0.82175064,0.33746967,0.0,0.5697191,0.18905681,0.27723616,0.95303476,0.0,0.0,0.0,0.033706136,0.16538855,0.0,1.0311515,0.6263987,0.0,1.598792,0.05252335,0.18623082,0
0.16591726,0.0,1.6406649,0.0,2.3119075,0.0,0.0,1.7399583,0.63987666,1.052002,1.0123391,0.66608435,0.45726442,1.2073591,0.3953322,0.282994,1.6531729,0.22872385,1.7062752,0.792153,3.005931,0.4437592,1.3797029,1.8617427,0.0,0.0,1.3719215,2.088124,0.0,3.1937401,1.0163337,2.9136896,3.000125,1.556802,1.683822,1.2633492,0.0,1.1570433,1.4508492,0.86738336,0.0,0.0,0.0,1.462912,0.24157514,0.0,0.0,0.0,0.8996864,2.5779674,0.0,0.0,0.8487265,0.0,2.1722453,0.0,1.5395542,1.9935298,1.6392517,1.0681791,2.303209,0.0,1.4265082,1.6410956,2.780574,0.37815112,2.0582256,0.0,0.9062425,1.0885278,3.858849,1.1765625,0.0,0.0,0.0,0.7345306,0.0,0.0,1.9314348,0.0,1.8607931,1.6233193,0.49685892,0.0,1.0424184,1.6553316,0.9498497,1.3732666,1.353247,0.0,0.22081164,0.6164448,0.9213709,2.602466,1.2078558,0.0,0.035233546,0.7923857,0.0,0.8915653,0.33053777,0.0,0.0,0.0,2.2011824,0.65807885,1.0395522,1.0995065,0.52092767,0.21615867,0.94666517,0.0,0.57902956,0.0,1.2480966,1.0610864,0.0,0.0,0.7326042,0.0,0.8951435,0.0,1.4824358,0.8739933,0.0,1.9536268,2.2913907,0.048428338,0
0.99875873,0.0,2.3799436,0.0,1.0560148,0.0,0.0,1.5325768,1.2156426,0.11575961,0.9395252,1.2877635,0.02585072,0.56247145,0.0,2.233458,0.4236854,0.0,1.2218127,1.8498063,2.3467245,0.17079459,1.1180179,1.9545759,0.1257807,0.0,0.0,2.5206866,0.0,2.5892303,0.3872883,1.5827416,1.8902793,1.7885625,2.3911757,0.36917713,0.0,0.6336607,2.1653624,1.0412893,0.0,0.0,0.0,0.7188576,0.0,0.0,0.0,0.0,0.0,3.4834554,0.0,0.0,1.9103969,0.09837783,1.406595,0.822775,1.3946267,1.2700074,1.8089939,2.3081567,1.5297111,0.5229283,2.4000683,1.6142583,0.7573869,0.5505356,1.2164866,0.0,0.8543395,1.501465,4.057647,0.6335935,0.3679241,0.0,0.0,0.8145949,0.29776457,0.0,0.45224053,0.0,0.56571007,1.3681194,0.7333316,0.0,0.0010600701,0.8011487,1.1060444,0.5819659,1.8562714,0.0,0.0,2.2242527,0.36442298,2.1736326,1.1751622,0.0,0.0,0.8453275,0.0,1.3377659,0.90037984,0.9195356,0.0,1.316886,0.9850417,1.2596387,0.0,0.0042204885,0.5437281,0.2616284,0.0,0.0,0.3838332,1.7733825,1.3351344,2.6851125,0.0,0.0,0.0,0.0,1.3940707,0.0,0.0,0.0,0.0,1.6163014,2.081877,0.093690075,0
1.1327428,0.0,2.6445982,0.0,1.6319776,0.0,0.0,2.5688074,0.93555224,1.2502877,0.40552208,0.0,0.0,0.7051223,1.6645083,1.3874557,1.8649412,0.07984699,0.0,1.9846817,3.3282475,0.18156661,0.5329987,4.2333784,0.0,0.0,0.13281006,1.3288856,0.0,4.0962105,0.0,2.686409,2.51899,1.8563786,2.1636512,1.6016134,0.0,0.0015607094,3.178612,0.41398033,0.0,0.0,0.6210342,1.9096392,0.0,0.0,0.0,0.0,0.4819915,1.8170822,0.0,0.0,0.46030408,0.6442889,1.9663665,0.16256644,1.9605509,0.75701696,1.4298105,1.8148289,1.5711275,0.0,2.3793948,2.0711563,1.9939188,0.0,0.37988496,0.8047889,2.8294868,0.83980614,4.327362,0.0,0.7959761,0.0,0.0,0.6908248,0.15441193,0.0,1.9867536,0.653046,1.2989858,1.4789522,0.0,0.0,0.16589504,0.34857714,0.0,0.71968246,2.4905632,0.0,0.0,1.0300236,0.20751119,1.8888142,2.6416478,0.0,0.9267133,0.35247618,0.0,0.0,1.3108668,0.26047283,0.0,2.6399274,1.7546722,0.0,1.679504,0.20103055,0.0,0.0,0.0,0.0,1.0025175,1.8303694,2.1862135,1.4368471,0.0,0.0,0.038233712,0.0,0.6377941,0.0,0.0,0.11377444,0.0,2.38975,2.512981,0.0,0
0.86779654,0.50716686,3.0008984,0.0,2.5874074,0.0,0.0,1.9288616,0.5390494,1.9211267,0.0,0.0,0.0,1.1960684,0.1996145,2.0432112,1.4894847,0.5844403,0.5399076,1.4424448,3.4968557,1.3327733,0.0,2.7838058,0.45200354,0.0,2.3233807,0.0,0.091527924,5.1975646,0.5327746,1.8161049,3.0627046,0.06694791,0.81469256,0.68949884,0.75711364,1.2134745,3.2500896,0.0,0.0,0.0,0.06538759,1.9326493,0.0,0.0,0.0,0.0,1.3299117,0.6485188,0.0,0.0,0.16462061,0.9362803,0.8199996,0.0,1.7754397,0.16897707,0.0,0.18620183,3.3909707,0.0,0.0,1.6953397,2.4733586,0.0,0.95341635,0.0,2.3108706,0.5675975,3.0449533,1.1458532,1.5960834,0.0,0.0,1.0579017,0.0,0.0,2.244988,0.15348358,2.9543238,2.809878,0.0,0.0,0.57859665,1.1148661,0.08181638,1.0085098,2.2046661,0.0,0.0,0.0,1.3648257,1.3309532,2.7714946,0.0,0.859578,0.7253514,0.0,0.0,1.4832938,0.0,0.0,2.617656,0.91188675,0.0,1.576694,0.7816879,0.954219,0.7616947,0.7883041,0.0,0.22541517,0.30394262,2.0985334,0.34909487,1.094452,0.0,0.0,1.3979708,0.7742805,0.0,1.37386,1.343195,0.0,0.73521554,1.055312,0.0,0
1.0013355,0.0,2.7349389,0.0,2.343273,0.0,0.0,1.5684087,1.1873796,1.1764566,0.052227892,0.0,0.40801418,1.1557401,0.70699596,2.4300413,2.2021673,0.15971415,1.2611353,2.5175781,3.070035,0.92468524,1.4810867,2.4190924,0.71187365,0.0,0.8781317,1.855038,0.19066583,3.8093646,0.6701025,2.5113757,2.3770108,1.3147091,2.339003,1.0194092,0.32983723,1.0950232,2.1792195,0.19079427,0.0,0.0,0.0,2.9113457,0.0,0.0,0.0,0.0,1.4579473,1.1931999,0.0,0.0,0.57515395,0.061292168,2.0801823,0.0,2.098984,1.1188586,0.86300075,2.0032094,3.0251842,0.013398379,1.5258855,1.5873222,2.3471477,0.6860081,1.0018995,0.7018606,0.6839051,0.40783194,3.835499,0.9249137,0.6156794,0.0,0.0,1.8224247,0.58158827,0.0,1.3795261,0.0,1.4180326,2.0777485,1.5250676,0.59349537,1.335482,0.21157251,0.6629641,1.5764085,3.3578305,0.0,0.20586273,0.73438764,0.0,1.3536196,2.3564343,0.0,1.4013535,1.5097928,0.0,1.0260891,1.4055917,0.0,0.0,1.1627194,0.7737673,0.92748785,1.029038,0.8101217,0.46185693,0.349167,1.6265328,0.0,0.9959098,0.8526136,2.446674,1.4813377,0.0,0.0,0.5196837,0.009638257,1.1005801,0.0,0.6104633,0.75045025,0.0,1.7248887,1.8710726,0.0,0
1.1197737,1.4107764,0.37576246,0.0,0.8070585,0.0,0.0,0.12206577,4.202995,0.0,3.1049166,2.1072552,0.081371315,0.13362719,0.0,4.7439275,0.16661201,2.479046,3.059666,0.3047915,0.0,0.0,0.9345924,0.48972473,0.45390755,0.0,0.0,1.8879212,0.0,0.0,2.7167773,0.24674612,0.0,0.0,0.46598437,0.0,0.0,3.3728786,0.16548929,1.2325222,0.0,0.0,0.0,0.8074886,1.5036743,0.0,0.0,0.0,0.0,1.2978568,0.3281104,0.0,2.7058005,0.0,2.3173258,1.6885527,1.5379341,0.567169,1.0251664,1.9352639,0.0,1.5120002,0.0,0.85847133,0.0,1.5000551,3.0597878,0.0,0.0,1.5716106,0.058466967,0.8725551,0.0,0.0,0.80597186,1.4458021,3.4363217,0.0,0.0,0.0,0.73482025,0.3858933,0.031575773,1.1344341,4.0218267,1.9365295,3.2009118,0.0,0.0,0.0,1.313284,0.4145613,0.5610822,1.5755106,0.0,0.0,0.6723715,4.0467052,0.0,1.0127579,1.0806679,0.0,0.0,0.7628274,0.5133795,0.0,0.67177874,1.4840791,0.0,0.0,2.6324158,0.0,0.9871342,0.3539099,0.0,1.957798,0.08229415,0.0,3.0979555,2.61462,0.96749085,0.0,3.3996465,0.0,0.0,3.2938774,0.0,0.0,1
0.92881036,0.0,1.5693839,0.0,0.9346976,0.0,0.0,1.3177389,0.014260998,0.6750692,2.9401004,1.3243504,0.6061917,2.9762018,0.0,1.8748507,1.0390117,0.18572694,2.1282732,0.5254014,2.737679,0.3747121,2.0393662,0.35848168,0.0048384294,0.0,0.66358197,2.9780533,0.0,3.4624665,2.5287275,2.1987522,0.9579779,2.218988,1.1695077,0.0,0.2094851,1.1085324,1.3532783,1.1780766,0.0,0.0,0.0,1.4741358,0.81073177,0.0,0.0,0.0,1.886522,1.8511603,0.3566649,0.0,2.2798758,0.0,3.1992056,0.45178798,1.7307006,2.5657394,1.353015,2.4291327,2.5158806,0.36341086,2.960299,1.3815873,1.4641497,0.47991335,1.4047685,0.0,1.5157527,1.6398737,3.1269782,0.71318096,0.7264435,0.0,0.0,1.2084736,0.42477334,0.0,1.4058461,0.0,1.1280487,1.6098169,1.0014683,0.0,1.3393326,0.6813864,0.48676947,1.7148188,1.2335956,0.0,0.0,1.3061742,0.21349852,1.5957502,2.3842907,0.41734797,0.17454503,0.68416333,0.0,1.4727945,0.60129005,0.0,0.0,0.44217727,1.2311673,1.5853662,0.0,0.43987942,0.25368932,1.1719573,0.77956903,0.0,0.8513477,0.95033306,1.6794599,1.4461222,0.0,0.0,0.5520257,0.018114336,1.3568304,0.0,0.33213744,0.34758735,0.0,1.4154947,2.3074303,0.0,0
0.0,0.0,1.3967525,0.0,0.3718416,0.0,0.0,1.6052958,0.5335164,0.8230219,2.244602,1.779275,0.0,0.25491196,0.0,2.0957432,0.0,0.18682244,2.1545405,0.0,0.9788719,0.0,2.367532,0.8777291,0.0,0.0,0.0,2.9136705,0.119583055,1.3905982,3.0442116,0.0,0.94139266,0.5528746,2.121757,0.0,0.0016771979,1.0904173,0.47753868,1.2649429,0.0,0.0,0.0,0.0,0.7180158,0.048899144,0.0,0.0,0.5392089,3.111652,0.0,0.0,2.028647,0.0,3.2189617,1.3514714,1.7742095,1.2274084,2.580981,0.05124913,0.033044335,0.17912388,2.7725832,0.72378683,0.21902673,0.0,2.255565,0.0,1.477702,2.8744724,2.5300267,0.0,0.30629966,0.0,0.0,0.53424895,0.76725674,0.0,0.38787523,0.010587469,0.0,0.0,1.3570051,0.0,0.20565763,1.4905565,2.7326064,0.044086434,1.4310126,0.0,0.0,2.1281955,2.309754,2.4111059,0.7928467,0.0,0.03061657,0.05412787,0.0,2.38851,0.0,0.0,0.0,0.47755376,1.6671474,2.2714539,0.0,0.63076514,0.17396714,0.4837161,0.098077685,0.0,0.0,0.9273852,0.0,2.4136553,0.0,0.0,0.0,0.45147574,1.481397,0.0,1.4211818,0.0,0.0,2.626425,0.015965972,0.11487279,1
0.0,0.0,2.0710452,0.0,1.2387131,0.0,0.0,1.071096,0.9138542,2.1106327,1.206757,0.72400796,2.7266476,1.7696959,0.8177414,2.0930278,0.43352324,0.0,1.3989896,0.91859937,2.671792,1.3308997,1.589507,2.0601451,0.60177964,0.0,1.0442442,1.8490053,0.18866532,2.1249266,2.1388671,1.3399701,2.2302203,1.8925929,2.6703298,1.0383456,0.33329895,0.5437752,2.2920506,0.8867796,0.0,0.0,0.0,1.1826177,0.20740993,0.0,0.0,0.0,1.2715846,3.4676595,0.0,0.0,0.71128654,1.2459259,1.9563853,0.38313404,2.3281813,1.3863045,1.5438561,1.0873371,2.0871065,0.36474833,2.778896,0.54669476,1.9831209,0.0,1.5168287,0.24284941,0.5095189,1.3581327,2.9477494,0.4890831,0.18798581,0.0,0.0,2.0450988,1.0347439,0.0,2.6184251,0.0,1.8237944,0.3321826,1.4547793,0.46208608,0.44148052,0.5388057,1.0659987,1.8824122,2.434261,0.0,0.0,0.9354564,1.5336175,1.3238022,1.9527805,0.0,1.6468154,0.42933327,0.0,1.4614276,0.0,0.0,0.0,0.0,1.4192016,1.5727947,0.0,0.50598854,1.4240563,0.92736,0.7018337,0.0,0.3020452,0.37963578,1.6455895,0.5017223,0.0,0.0,0.0,0.0,0.40408123,0.0,0.9659658,0.5148525,0.0,0.39425665,1.4132357,0.0,0
0.95168686,0.0,0.80306375,0.0,0.0,0.0,0.0,2.3739853,0.83209264,1.5090578,0.34470797,1.8284726,2.6193266,2.1353574,0.0,1.9525044,1.310345,0.7849279,0.4689106,2.3581316,2.3974085,0.08540307,0.0,3.1912377,0.72938883,0.0,1.6016728,0.5061937,0.681104,2.4955003,1.2602433,2.3485544,2.3063307,0.0,2.3994708,1.7414453,0.0,1.8590862,2.7537313,0.42575285,0.0,0.0,1.2442708,0.45140284,0.0,0.0,0.0,0.0,1.7292668,1.2650485,0.0,0.0,0.0,0.9791031,1.2950826,0.0,2.39424,0.0,0.0,2.3788447,1.2895235,0.12693763,0.091477074,1.7289525,1.3919517,0.45460618,0.85559374,0.0,0.0,0.0,4.441824,1.2409446,0.29168123,0.10856993,0.0,1.4379872,1.2340071,0.0,2.53682,0.0,2.0058386,0.9212605,0.0,0.028702846,0.0,1.2877936,0.0,1.2238618,2.748433,0.0,0.0055677295,0.0,0.20078209,1.0036098,1.1405495,0.0,1.0405067,1.7179695,0.0,0.27323526,0.91884005,0.0,0.0,0.0,0.0,0.67304564,2.7170613,0.0,0.66399425,0.56820035,1.0659882,0.0,0.66756433,1.8942893,1.2663327,0.0269763,0.0,0.0,1.2119944,0.05287016,0.74257576,0.0,1.1233907,0.0,0.0,1.8168728,1.1804651,0.16598491,0
1.7377738,0.20360407,2.3209295,0.0,1.8525001,0.0,0.0,0.6152491,1.9270861,2.776301,0.12948702,0.14019789,2.2970212,2.1984224,0.93721956,2.2687085,2.816989,1.0399116,0.4434276,1.7097787,3.2755256,1.3445154,0.14824332,3.204001,0.7653601,0.0,0.46998844,0.24594837,0.031374175,1.8670725,0.2848989,2.6481128,4.2452164,2.4053059,2.9177659,2.0432267,0.0,0.45005122,2.759828,0.03343682,0.0,0.0,0.0,2.5610507,0.11609971,0.0,0.0,0.0,1.1646348,1.3276075,0.0,0.0,0.0,2.6188564,0.5007721,0.060117293,2.0521579,0.52941954,0.4733305,1.9205087,1.043311,0.0,0.0,0.8416953,2.1785455,0.0,0.10716865,0.0,1.2163409,0.2753218,2.9069448,0.799972,1.9820584,0.0,0.0,1.9287302,0.815751,0.0,1.8805563,0.0,2.0154173,2.1883216,0.74303377,0.17861985,0.25229624,1.8802137,0.56426626,0.79141676,1.6894331,0.0,0.0,0.2782923,0.087117754,1.3801377,2.0118365,0.0,1.7102128,1.8053927,0.0,0.0,1.4202166,0.0,0.0,2.1359253,1.3294264,0.0,0.45071715,0.24595624,1.3427851,0.0,0.17278472,0.0,1.135078,1.2604053,1.8736814,0.9181811,0.6213465,0.0,0.03692566,0.0,0.0,0.0,0.26908162,0.0,0.0,1.4553037,1.2423611,0.0,0
0.12639686,0.010069909,0.5411891,0.0,1.6238928,0.0,0.0,1.1667073,0.05035361,1.2005534,1.9800864,0.8872662,0.4438879,1.077168,0.07280974,2.598713,0.24396573,1.7956656,1.9455293,0.0,2.123315,0.48075283,1.3539859,1.2347279,0.37412098,0.0,1.342103,2.3788536,0.21185203,2.1769125,2.3680015,0.86695063,0.58838856,0.0,0.1669756,0.0,0.3828068,1.245288,2.1081495,1.5095979,0.0,0.0,0.0,0.0,1.1805437,0.0,0.0,0.0,0.87742215,2.574998,0.0,0.0,1.6624957,0.36480752,3.319925,1.0163713,1.0792094,1.67285,1.75239,0.0,0.6439434,0.5446844,1.8777089,0.0,1.6816795,0.19014432,3.1354957,0.0,0.5684176,1.2095722,2.9761996,0.0,0.5393433,0.0,0.0,1.589415,1.1004514,0.0,1.3329988,0.0,0.9786843,0.45493856,0.47225124,0.0,1.4487637,2.6515722,1.7853986,0.94726574,0.24889874,0.046025053,0.23386607,0.5852696,1.9318922,2.910427,0.90325344,0.4044354,0.0,1.1325269,0.0,1.0287148,0.0,0.0,0.0,0.0,0.118241265,2.0249882,0.0,2.284717,0.6765551,1.2555182,2.4184852,0.0,0.8892894,0.0,0.24829827,0.76130825,0.0,0.0,1.6567348,1.413543,1.6356703,0.0,2.018648,1.0862006,0.0,0.5611729,0.057822634,0.5378311,1
0.4671581,0.0,3.5993135,0.0,1.769523,0.0,0.0,2.0894213,0.9379653,1.926816,1.5233262,0.6912803,0.0,0.99559885,0.1262354,2.3342218,1.2055104,0.0,1.9082847,1.0492926,2.8434696,0.36204273,0.7007878,2.2161317,0.3305414,0.0,1.4065553,1.9985061,0.042336155,3.445689,1.4412106,1.9721994,2.7979627,1.9427742,2.2413163,0.3517901,0.50141007,0.9614861,2.6895187,0.0,0.0,0.0,0.013395774,0.3885396,0.0,0.0,0.0,0.0,0.09083178,2.6541955,0.0,0.0,1.6204556,1.0593293,2.2574492,0.8028261,1.4789695,1.3609039,0.5267316,1.0591933,2.588651,0.0,0.8616807,1.2464508,1.5198307,0.0,0.5424644,0.0,2.5216656,0.8551035,3.1730144,0.16021489,1.8970411,0.0,0.0,0.6539759,0.0,0.0,1.7574708,0.0,1.0346417,1.8620626,1.0906746,0.0,0.7250849,1.5363305,1.1556354,0.0,1.2887146,0.0,0.0,1.5752492,0.045427613,2.1431112,1.8390493,0.0,0.0,0.58276105,0.0,0.58503556,0.22750427,0.75196075,0.0,1.6822145,1.5902351,1.3016115,0.7808676,0.039008144,0.5534317,0.14942071,0.0,0.0,1.2768438,1.0909958,1.7459122,1.9407498,0.0,0.0,0.0,0.34721357,1.2780131,0.0,0.24814282,0.0,0.0,1.561295,1.2642199,0.0,0
1.5507096,0.0,2.986405,0.0,1.1541308,0.0,0.0,1.9348061,0.5311867,0.29276514,1.3207619,0.50579214,0.7261287,0.8632835,0.034303278,2.9758382,1.5509056,0.0,1.734048,0.9286319,2.6401198,1.1220496,0.872139,1.0597732,0.31737733,0.0,1.4613672,1.6771079,0.0,2.786992,0.7809927,0.92990136,2.389118,1.266444,1.4432104,0.083027266,0.0,0.6334734,1.8928796,0.38145632,0.0,0.0,0.0,1.1536373,0.0,0.0,0.0,0.0,0.9032435,3.435263,0.0,0.0,1.7357378,0.25811532,1.5336125,0.66324586,2.2112522,0.65855986,1.2807351,1.9186902,1.1789168,0.0,1.6620082,1.3734839,1.1626844,0.50768495,1.108846,0.0,2.0613432,1.7090368,3.8496592,0.9208696,1.4566047,0.0,0.0,1.2237487,0.08522881,0.0,0.20968197,0.7715124,0.49100998,2.3264852,0.22055714,0.0,0.5369618,1.524651,1.0014826,0.7114552,1.6624594,0.0,0.0,1.6645544,0.8092944,2.012526,1.3597869,0.0,0.0,0.0,0.0,1.1560608,0.4138318,0.20289122,0.0,1.3555973,1.3515182,1.0064871,0.0,0.0,1.4065717,0.5233133,0.0,0.0,0.22178638,0.9348675,1.5755323,1.7006721,0.0,0.0,0.0,0.82106286,1.0741694,0.0,0.53247917,0.0,0.0,1.186892,1.4178898,0.0,0
2.2526283,0.0,2.495892,0.0,2.404371,0.0,0.0,1.4159663,0.8538986,1.0423684,1.5859473,0.47239828,1.0033739,1.4923149,0.75774753,2.6727657,2.5471482,1.0432295,0.516546,1.6381667,2.969885,0.6308993,0.5279258,2.2536454,0.8158407,0.0,0.5063211,1.6782949,0.7280335,3.0411894,0.7948035,2.1967602,2.3635807,1.5100163,1.2822074,1.1652156,0.9541244,1.082577,2.1564424,0.0,0.0,0.0,0.0,2.413266,0.30278584,0.0,0.0,0.0,1.2582552,1.0969777,0.0,0.0,1.1623665,0.9672877,1.2690907,0.43713316,1.8346225,0.3707896,0.5532027,1.1391121,2.6186163,0.0,0.0,1.355313,1.3594836,0.0,0.94754267,0.0,1.6457071,0.71051985,3.6162367,0.08539772,1.6835253,0.0,0.0,0.7509093,0.64936405,0.0,1.2352152,0.23744084,1.6371129,2.286556,0.0,0.3664881,0.8661272,2.2083693,0.0,1.0297289,1.748588,0.0,0.0,0.8848299,0.0,1.8381346,0.42713085,0.0,0.0,0.6235912,0.0,0.0,0.8458621,0.0,0.0,1.9689351,0.21318649,0.0,0.14331351,0.23968872,1.1109298,0.7840331,0.0,0.0,1.4783573,0.77495605,2.1932087,0.21179022,0.16557749,0.0,1.3651497,0.56998175,0.7827877,0.0,1.3287209,0.54490626,0.0,1.1807653,1.5701733,0.0,0
1.9685842,0.13184169,3.4901493,0.0,2.0166445,0.0,0.0,1.963946,0.1362568,1.7028701,0.0,0.10894824,0.20033574,1.2840964,0.60397667,0.79903793,2.1379173,0.0,0.0,2.4581609,3.989656,1.5426377,0.17523415,3.1273422,0.19704008,0.0,0.65441847,0.9169757,0.21101265,3.808159,0.086558595,1.974391,2.8584027,2.010998,2.7244818,1.8293282,0.1901906,0.0,2.9373922,0.0,0.0,0.0,0.79251194,1.6003591,0.0,0.0,0.0,0.0,0.58594686,2.2340546,0.0,0.0,0.13784963,1.5116107,2.0417426,0.11255699,1.8530644,1.397593,1.0990936,1.7834677,2.4814837,0.0,0.7932569,1.2838517,2.0726445,0.0,0.22477295,0.0,2.7419586,1.492644,2.576961,0.0,2.2849324,0.0,0.0,2.1760042,0.0,0.0,2.8434563,0.111820295,2.8401153,1.9576243,1.6007272,0.0,0.4527447,0.3892797,0.42564222,0.38285542,2.9985285,0.0,0.0,0.95073354,0.0,1.6168467,2.7859604,0.0,1.1340492,0.0,0.0,0.0,0.8049989,0.7760857,0.0,3.3728476,1.975893,0.82924163,1.7495676,0.0,0.19140296,0.8723343,0.0,0.0,0.3936003,1.4479035,2.4947364,1.6064391,0.59734213,0.0,0.0,0.0,1.3437791,0.0,0.41926137,0.78380066,0.0,1.2258164,1.7334472,0.0,0
2.439742,0.0,2.3992658,0.0,2.576586,0.0,0.0,1.8906646,0.4881714,0.0,0.14300986,0.0,0.0,1.3663613,1.3709098,0.30609155,2.4350505,0.0,0.0,2.4370134,4.9716396,0.9635558,0.20786516,2.7701766,0.0,0.0,1.7913793,1.217881,0.0,4.043421,0.0,3.080087,2.8328307,2.2172408,2.9943092,3.0650387,0.0,0.024294995,3.5620542,0.0,0.0,0.0,1.3414257,2.7580893,0.0,0.0,0.0,0.0,1.9102384,2.013596,0.0,0.0,0.0,0.5585843,0.97598326,0.43622437,1.3583505,0.67049617,0.0,3.2215235,2.7455435,0.0,0.7692259,1.4766906,1.8746736,0.3233148,0.0,0.0,2.3018258,0.0,3.350998,1.1763932,0.8982367,0.0,0.0,0.82700783,0.0,0.0,2.865871,0.0,3.3798063,2.7833033,0.8852653,0.0,0.17541021,0.0,0.0,0.5242333,3.1059866,0.0,0.0,0.0,0.0,0.36869374,1.7834932,0.0,1.0904516,1.3992115,0.0,0.0,1.6351714,0.8675165,0.0,3.648896,2.0286825,0.0,2.4510214,0.0,0.0,0.0034415992,0.0,0.0,0.0,2.8665707,2.722136,1.1159829,0.22363378,0.0,0.0,0.0,1.1519572,0.0,0.0,1.0332537,0.0,1.8269286,3.2148001,0.0,0
1.7606453,0.0,0.52650297,0.0,0.0,0.0,0.0,0.82319564,1.9716047,0.0,3.3793294,2.8724203,0.5302298,0.0,0.0,2.1216974,0.0,0.0,2.33536,0.34883568,0.0,0.0,1.0574043,0.0,0.0,0.0,1.0731597,3.5808456,0.15190552,3.0866454,1.9946756,2.805333,0.0,2.1387424,0.0,0.52742463,0.0,2.5513225,0.29689834,1.6402543,0.0,0.0,0.059789915,0.94899434,1.9583797,0.0,0.0,0.0,0.0,0.9067222,0.0,0.0,2.2902021,0.29233146,2.6199515,1.6153762,0.970687,1.3785204,2.3866389,2.5008957,1.6445236,2.6993313,0.39406046,0.9926051,0.53778166,0.16696586,2.529934,0.0,0.4808851,0.6341183,2.882781,0.0,0.2654773,0.0,0.0,0.0,1.5503091,0.0,0.45320415,0.0,1.43364,0.4968281,0.0,0.9356176,2.4760005,2.6210437,1.3695399,0.0,0.2676021,0.79158705,0.50997514,2.2533402,1.1397322,2.650293,0.83953905,1.2097691,0.0,2.5750413,0.0,1.8888493,0.0,0.83432275,0.0,0.23162341,0.117529675,0.8651817,0.0,0.13619536,0.4634345,0.0,3.0207965,0.0,2.3184464,0.84724134,0.5309783,1.941308,0.0,0.0,2.065532,1.3958503,2.079134,0.0,2.5672412,0.0,0.0,2.84471,1.4474434,0.57412124,1
2.312396,0.0,3.1314652,0.0,1.5380886,0.0,0.0,0.37361032,1.0456405,0.9764874,1.4214437,1.0358503,1.0440817,1.9199053,0.38778484,1.7927448,2.361029,0.53364146,0.0,1.2136202,3.2408404,0.87470514,0.0,1.203789,0.70043474,0.0,1.6671312,0.43226203,0.28467852,2.6140285,2.2858806,1.5458419,2.9191394,2.5587578,1.3093101,0.0,1.0948162,1.9456562,1.9412657,0.037078664,0.0,0.0,0.0,1.301838,0.0,0.0,0.0,0.0,1.3409286,1.0395207,0.0,0.0,1.058603,1.1935325,2.2657866,0.0,2.1437147,0.50464076,0.0,1.2456213,2.3477795,0.0,0.022145428,0.92100155,1.7144588,0.0,1.1586142,0.0,1.4606428,1.0978185,2.0896573,0.31399196,1.7488033,0.0,0.0,1.6926208,0.36548296,0.0,1.3383278,0.0,2.5103369,1.9261616,0.0685977,0.0,0.0,2.8181076,0.7292014,1.0213802,3.151846,0.0,0.61689216,1.0487359,1.0469185,2.0289993,2.0741074,0.0,0.0,0.49632317,0.0,0.0,0.0,0.0,0.0,2.0706248,1.2114108,0.0,0.584577,0.3691321,2.016275,0.6875238,0.8142353,0.0,0.6393327,0.7429242,1.7419778,0.32837504,0.12613486,0.0,0.0,0.8768286,0.0,0.0,2.4143298,0.0,0.0,1.7633905,0.90206885,0.3990005,0
0.0,0.0,2.13236,0.0,1.330145,0.0,0.0,1.9556942,1.2358456,1.4325392,1.2579,0.8415227,1.4051222,1.1417438,0.0,2.6975455,0.5427702,0.31744316,0.82868606,0.4459048,2.10699,1.128254,0.90884876,1.0158308,0.57137513,0.0,1.1874965,1.4592792,0.0,2.0758731,2.118196,0.7993099,2.0299807,1.7245538,2.2153573,0.0,1.2262976,0.735054,0.19251618,0.0,0.0,0.0,0.0,1.0408915,0.0,0.0,0.0,0.0,0.19521287,3.4139278,0.0,0.0,1.3909639,0.0,1.219393,0.9864535,3.1181388,0.871149,1.7911314,1.3166932,1.7834882,0.0,2.0416849,0.57552505,1.2798359,0.06271947,1.6731967,0.24380457,1.8818592,1.7288013,3.1914325,0.0,0.0,0.0,0.0,1.0910617,0.0,0.0,0.22547401,0.0,1.3523161,1.2189267,0.77851003,0.0,0.2623346,1.4101901,1.3491024,0.5650816,1.922479,0.0,0.0,1.2303648,2.489257,2.485911,1.3185451,0.0,0.11351186,0.0,0.0,0.7580572,0.4433593,0.0,0.0,0.6395403,1.6935551,0.4737109,0.0,0.0,1.102678,0.0,0.0,0.0,0.0,1.5078003,0.41664907,2.1756797,0.0,0.0,0.0,0.2714594,1.0427009,0.0,0.47298983,0.02457374,0.0,0.4893037,1.0264521,0.32606068,0
2.3776555,1.3004586,0.28185093,0.0,0.44006896,0.0,0.0,0.35713887,2.345301,0.30582184,3.1790729,2.2788367,0.58283967,0.23991176,0.0,3.3822677,0.0,0.5221484,2.3461716,0.5746486,0.34318748,0.0,1.4350146,0.0,0.0,0.0,0.0,2.5237718,0.0,0.6828006,2.185192,0.36138657,0.6829286,1.6974405,0.08523565,2.0232692,0.0,1.7599146,0.0,0.8443262,0.0,0.0,0.0,0.87003857,2.3190012,0.0,0.0,0.0,0.0,0.9946037,0.0,0.0,3.338022,0.0,1.7600063,1.5719762,3.0620813,1.45564,2.5460773,1.970862,1.1817563,2.2204666,0.025343515,1.0713135,1.4421344,1.527143,2.3331413,0.0,0.43655935,1.7172928,0.93295866,0.8899612,0.46108252,0.0,0.0,0.0,1.7861636,0.0,1.3830175,0.0,1.6574228,0.0,0.0,0.0,1.9819301,3.8838942,1.7404637,0.0,0.0,0.0,2.2118511,1.6144177,0.0,1.470574,1.0443234,0.68623495,0.0,3.497367,0.0,1.4361748,0.0,0.0,0.0,0.26314095,0.062086444,0.1704969,0.33033058,0.19459894,0.48396316,0.0,2.879846,0.37725836,2.9296267,0.16258377,0.0,1.648006,0.0,0.0,2.0623248,0.7031055,0.5847444,0.0,1.9770683,0.0,0.0,2.3169973,0.95791477,0.20004831,1
0.6519909,0.0,1.0390143,0.0,0.7374523,0.0,0.0,2.2099338,1.2171721,0.88451755,0.5254569,2.2470372,0.06619001,0.9611722,0.89965963,2.9978259,0.23316501,0.45002684,1.7075261,1.4363629,1.651957,0.5179968,0.0,3.4744477,0.38823533,0.0,1.9091073,0.21206164,0.08670394,3.7013972,1.1864003,1.6559901,1.9359915,0.0,1.1425797,0.0,0.0,1.7098954,1.9188331,0.630184,0.0,0.0,0.0,0.46784526,0.46025464,0.0,0.0,0.0,0.98671,0.9824248,0.0,0.0,0.71564984,0.39636958,0.49919593,0.2437482,2.2604918,0.0,0.0,2.108254,1.0682749,0.5330926,0.0,1.021711,1.666254,0.052700765,1.5797089,0.0,0.42966157,1.0578829,2.5222127,0.47551638,0.0,0.0,0.0,0.3295504,0.0,0.0,1.1221399,0.16953982,0.9520849,2.2897394,0.0,0.0,1.9377239,1.0016674,0.47364333,1.2464083,0.65677416,0.0,0.0,0.0,1.539624,0.42733058,0.5162943,0.0,0.18455967,0.99733806,0.0,0.88188434,0.2911539,0.0,0.0,0.0,0.0,0.0,2.0175197,0.0,0.1879962,1.2455295,1.6424558,0.0,0.0,0.8985401,0.42814976,1.1538341,0.0,0.0,0.0,0.30189633,0.86182576,0.0,0.7223693,0.0,0.0,2.3260834,1.2962971,0.0,0
0.006126864,0.0,0.25661922,0.0,0.0,0.0,0.0,1.224377,1.0185275,0.48081258,3.1716144,2.8703477,0.013563462,0.0,0.0,3.2285862,0.0,0.62964934,4.264877,0.0,1.0843024,0.0,2.3073595,0.0,0.0,0.0,0.0,2.9033735,0.0,0.0,3.9996653,0.0,0.0,1.2920943,0.86812675,0.0,0.0,2.4867315,0.0,2.6558268,0.0,0.0,0.0,0.0,1.4569204,0.0,0.0,0.0,0.9248425,2.3608,1.290239,0.0,2.8890662,0.0,4.148661,2.6558378,1.1812912,1.362498,3.127388,0.9757875,0.0,1.4880143,2.5499156,0.41807857,0.0,0.0,3.0400467,0.2895084,0.5167171,2.0374026,2.1748257,0.0,0.0,0.0,0.0,0.4221874,2.1512425,0.0,0.66077,0.0,0.031956542,0.0,0.5127917,0.0,2.5342329,0.5102885,3.6544697,0.0,0.0,0.4750491,0.34600756,1.1468992,2.1154957,3.9156113,1.4541193,0.0,0.24755673,1.3923001,0.0,3.4423394,0.0,0.0,0.0,0.0,0.79337424,1.5343853,0.0,2.0116858,0.0,0.0,1.6249977,0.0,0.3248987,0.36617827,0.0,3.4186304,0.0,0.0,1.538689,1.1372503,2.4420393,0.0,1.9189523,0.0,0.0,2.0295093,0.0,0.41627213,1
0.06444992,0.21771568,0.25355947,0.0,2.5591466,0.0,0.0,1.2138921,2.3718174,1.0178628,0.96566087,0.0,0.51210535,1.8106024,1.2931674,2.5553427,1.2064658,1.8881022,1.120398,1.929162,1.5954773,0.0,1.8327906,3.1172583,0.0,0.0,1.2107483,2.1779509,0.0,2.1991203,0.31474182,2.3870366,1.4673092,0.21776733,1.3752608,0.9416765,0.0,1.3361821,2.1084478,1.2092743,0.0,0.0,0.07738359,1.8585715,0.48069802,0.0,0.0,0.0,0.5943201,0.28873044,0.0,0.0,0.0,0.46204624,2.7404325,0.46968007,2.479613,0.10304775,2.5511723,0.0,2.447574,0.42129856,0.9253674,0.56166816,1.8660922,0.0,1.9234034,1.2370422,0.0,0.15323111,3.1605806,0.2960239,0.8273191,0.0,0.0,1.2186204,1.0830889,0.0,1.6653802,0.0,0.35814494,0.95514315,0.72506577,1.1541684,1.5264491,1.2483705,0.40274724,1.1685762,1.0741268,0.0,0.28174725,0.32855538,0.0,1.905874,1.1514207,0.0,1.5342056,1.573232,0.0,1.151143,1.3451335,0.0,0.0,0.0,0.0,0.20329012,0.34342137,2.7187781,0.0,0.24815091,1.5723488,0.0,2.3678129,0.0,1.5146658,0.55506575,0.0,0.0,1.7792647,0.56036955,1.1871452,0.0,1.9396161,0.5243776,0.0,0.9220326,1.3626478,1.2981026,1
0.0,0.0,1.2413768,0.0,0.9120127,0.0,0.0,1.2535298,0.41229337,0.3479157,1.4287105,1.1157113,0.0,0.9735306,0.0,2.7289615,0.0,0.0,2.5964448,0.38908684,1.5009117,0.2643099,1.9457308,1.5484943,0.10170723,0.0,0.0,2.700585,0.46977937,1.6780534,1.9868022,1.1704643,1.4624733,0.62803066,1.4750414,0.78659284,0.0,1.2799201,0.94617784,1.1831639,0.0,0.0,0.23823877,0.0,0.37267932,0.0,0.0,0.0,0.114080094,2.847885,0.0,0.0,2.6845627,0.0,2.8370302,1.3161889,1.2784449,1.0269314,2.0440812,1.5545654,0.8561518,0.6392365,3.7584307,1.2828188,1.067175,0.3917899,1.9635371,0.31910926,0.7961483,2.1488872,3.6979556,0.4772545,0.039919853,0.0,0.0,0.16457638,0.0,0.0,1.7527245,0.0,0.0,0.57571584,0.7447879,0.0,0.7578381,1.5772054,1.8200694,1.1797073,1.2486708,0.0,0.14409494,2.1022153,1.2513027,2.375301,0.9240742,0.0,0.2903307,0.0,0.0,1.9219774,0.0,0.27270007,0.0,0.0,1.3134139,2.0150986,0.0,0.83626205,0.0,0.56407964,1.5145965,0.0,0.09161171,1.5315077,0.12839548,2.4006119,0.0,0.0,0.21024813,0.24379969,1.0730746,0.0,0.6957699,0.2243946,0.0,1.8963002,0.8125381,0.0,1
1.8252789,0.0,2.1611922,0.0,0.82252985,0.0,0.0,0.7122801,1.112165,1.3953534,1.2449708,0.017668346,0.87215686,0.32506725,0.7003518,1.1796414,0.67270213,0.0,1.195854,0.9471414,2.2717624,0.11600627,0.9625897,1.6516039,0.73041797,0.0,0.0,2.8584578,0.1692227,2.6719763,0.48197082,2.0693734,1.9890618,0.97505784,0.51873803,0.93015385,0.43646407,1.2263182,3.1765347,0.116650775,0.0,0.0,0.6668787,1.5356579,0.5448431,0.0,0.0,0.0,0.0,1.3460066,0.0,0.0,1.8653684,0.0728472,2.4298677,0.0,1.102792,1.0750028,2.6753595,0.3406558,3.421838,0.0,1.7277204,0.3552962,0.25210398,1.5318698,2.3607035,0.0,0.0,1.6020368,2.331003,1.3334981,1.1141691,0.0,0.0,1.3263288,0.0,0.0,1.7407842,0.0,1.605164,1.8949172,2.1129155,0.0,0.27623788,1.3165663,0.43222535,1.6170787,1.375294,0.0,0.0,0.27328908,0.0,1.2893293,0.0,0.0,0.21928442,1.0130877,0.0,1.0379618,0.056044746,0.0,0.0,0.0,0.3190901,1.2076291,0.0,0.0,1.0758796,1.6656674,0.8310971,0.0,0.2383568,1.5808568,1.840087,0.5573647,0.0,0.0,0.3958002,0.0,0.9542174,0.0,1.0210282,0.77753866,0.0,1.2880563,0.0,0.0,1
0.0,0.0,1.4011599,0.0,0.49828365,0.0,0.0,2.154954,0.058219783,0.0,1.9421312,1.3212054,0.0,0.0727606,0.0,2.1960363,0.0,0.16313925,2.694948,0.39908624,1.4925612,0.22149546,1.9224443,1.0644777,0.0,0.0,1.0613309,3.6970198,0.0,2.0525877,1.3497847,0.5033033,1.9166889,1.3172569,1.9971043,0.0,0.38852838,1.7936482,1.5830282,0.85212535,0.0,0.0,0.3889987,0.0,0.87320673,0.0,0.0,0.0,1.0826794,3.540694,0.0,0.0,2.489276,0.0,3.3618393,0.70486456,2.020937,1.1974646,2.3910604,1.1362376,1.3864605,0.84245384,3.8025968,1.6430695,1.3165417,0.31430042,1.4601129,0.0,1.4627897,1.4947957,2.9919813,0.09789118,0.28380984,0.0,0.0,0.0,0.58906645,0.0,1.2935725,0.3962789,0.38872907,0.047344346,0.52862364,0.0,0.8595946,0.7242707,2.210141,0.27935353,1.1589922,0.0,0.0,1.7032855,1.3565327,1.4753842,1.4699328,0.12642291,0.047059406,0.074307084,0.0,2.6778328,0.36336407,0.5471334,0.0,0.27019957,1.1779515,1.873447,0.0,0.96386147,0.0,0.4822119,0.650568,0.0,0.4849392,0.69639426,0.012491545,3.164411,0.0,0.0,0.22763197,0.0,1.2340344,0.0,1.0169156,0.0,0.0,2.141628,1.1550287,0.0,1
0.9881407,0.7825245,1.0912284,0.0,0.0,0.0,0.0,0.51868904,1.2006342,1.4700985,2.286861,1.9809258,2.0638678,0.0,0.0,2.8344412,0.0,0.417278,0.8409561,1.636996,2.363234,0.37791362,1.0418459,0.30129525,0.11667322,0.0,0.18281057,1.2040063,0.0,0.8289938,2.3573713,1.7256933,2.13115,2.7747655,0.37942117,1.8580005,0.0,0.9447502,1.4065026,0.0,0.0,0.0,0.0,0.0,0.8640665,0.0,0.0,0.0,0.50795716,1.5913091,0.0,0.0,2.2754097,0.36287108,2.1888237,1.6671424,2.0126572,0.0,0.8805356,1.455951,1.3496509,1.2447401,0.0,1.4631605,0.42351696,0.9025734,1.4570271,0.0,0.6870907,0.8104068,1.509233,1.0293509,1.5129197,0.0,0.0,0.28473502,2.1955976,0.0,2.7830293,0.0,1.7974861,1.0920631,0.0,0.0,1.3189465,2.2034543,0.61054695,0.0,1.1118267,0.0,2.1169767,0.72953516,1.1619219,2.7852097,1.064211,1.3094705,0.70968795,3.4053879,0.0,0.80707073,0.40924406,0.0470395,0.0,0.59260595,0.39321345,0.0,0.45828107,0.8758651,0.37969247,0.0,0.93501437,0.0,1.5095506,1.3157158,1.3032528,0.7413682,0.017901432,0.0,0.4868661,0.0,0.042990718,0.0,1.8917484,0.0,0.0,1.7641492,0.1873186,0.0,1
0.05341142,0.0,1.3883089,0.0,1.321572,0.0,0.0,1.5329467,0.0,0.0,3.0500073,1.5816518,0.036033653,1.1700736,0.0,1.9252639,0.0,0.6974591,1.9426786,0.6762577,1.372326,0.32176617,1.8945096,0.0,0.0,0.0,0.7104945,2.2289948,0.0,1.8000782,2.105376,0.0,1.2739636,1.0156882,2.1193018,0.0,0.0,0.72006625,0.4946898,1.1991341,0.0,0.0,0.0,0.0,1.1580665,0.0,0.14586982,0.0,1.3107301,2.6449378,0.0,0.0,2.452402,0.0,3.0128136,1.5420985,1.4205885,1.9577637,3.4253054,1.5654168,1.2759547,0.80725956,2.8324275,0.61819667,0.54787874,0.0,2.2984772,0.0,1.1633906,2.8128672,2.1197495,0.017306361,0.69689566,0.0,0.0,0.5280487,0.8483957,0.0,1.3278059,0.0,0.34310937,0.16574767,1.1366379,0.0,1.3441501,1.8655684,2.3770807,1.6243584,0.33499223,0.0,0.06965771,1.5645584,1.8886864,2.2099438,1.1796314,0.0,0.031401563,0.0,0.0,1.6138175,0.0,0.0,0.0,0.109279454,1.0426126,2.962759,0.0,1.7382313,0.0,0.0,0.39985266,0.0,0.0,0.55130243,0.0,2.0110173,0.0,0.0,0.6702809,1.0942726,1.1821958,0.0,0.6250256,0.39318168,0.0,2.3636181,1.6328374,0.0,1
0.41066763,0.0,1.4189024,0.0,0.739026,0.0,0.0,1.8135836,1.2923601,0.8932074,2.4489007,1.5891302,0.61814153,1.0027151,0.0,4.1267943,1.2655306,0.32560858,2.107497,2.202191,1.2765379,0.0,2.0655477,1.2296855,0.24764314,0.0,0.024601495,2.248848,0.0,3.1794527,2.231627,1.1167428,1.3226299,0.9971384,1.6267143,0.7591147,0.7061978,2.1795757,1.2644925,2.432404,0.0,0.0,0.0,0.16454607,0.35237008,0.0,0.0,0.0,0.0,0.4896155,0.0,0.0,1.629527,0.0,2.722913,1.0617703,1.6042238,0.6090355,1.394118,1.4385438,1.9945331,0.8110559,1.2219797,0.55060005,0.4951569,0.0,1.3762461,0.0,0.712675,1.4820286,3.0436645,0.5925803,1.120346,0.0,0.0,0.079400174,0.98721164,0.0,0.0,0.0,0.712676,0.94098896,0.91902244,0.22964488,1.6362379,1.4076431,1.6239406,0.8079447,0.6406389,0.0,0.0,1.5458562,0.6627114,2.5326014,1.5288779,0.0,0.0,2.379097,0.0,2.0700667,1.1351355,0.0,0.0,0.0,0.32548907,0.8476345,0.0,1.335196,1.1495428,0.19519499,0.19586506,0.0,1.7119737,1.3769017,1.6403284,2.590795,0.0,0.0,1.5560544,0.24974403,0.65392023,0.0,1.3580273,0.0,0.0,1.8490645,1.3974129,0.46210653,1
3.248703,0.075166434,2.3039665,0.0,1.3155901,0.0,0.0,1.0331904,0.2900653,0.0,0.5597655,0.97379804,0.9112273,0.57866055,0.0,1.7261119,1.9604512,0.0,0.0,2.739951,3.8846693,1.2629802,1.1059155,2.11317,0.30901638,0.0,1.844668,0.96471447,0.2612974,4.081471,0.0,3.045492,3.0480957,1.4722002,1.1410204,1.74801,0.8481433,1.7008412,2.407217,0.0,0.0,0.0,0.0,1.943869,0.0,0.0,0.0,0.0,0.6688301,0.7717384,0.0,0.0,0.20395279,0.45939794,2.3120801,0.0,1.5740331,0.33975002,0.61406434,1.0876981,2.8155122,0.0,0.0,0.97489893,1.1418498,0.19989195,0.0,0.0,1.8311465,0.20553373,4.41642,0.7991279,1.9582353,0.0,0.0,1.6714402,0.07420803,0.0,1.7421744,0.0,2.952088,0.5929199,0.0,0.0,0.98442394,2.3965838,0.3999217,0.94824237,3.0148244,0.0,0.8413605,0.56206304,0.0,1.9919841,0.9087581,0.0,0.0,2.3474522,0.0,0.7009287,1.0953205,0.50066966,0.0,3.1982758,1.4524039,0.0,1.4282424,0.0,0.7872424,0.7687362,0.6172223,0.0,0.5027796,0.90696114,1.8354675,1.7335542,1.0132056,0.0,0.13576613,1.0087975,0.45337117,0.0,1.1732743,0.18296526,0.0,1.7587816,2.5648017,0.109242,0
0.9743076,0.5371222,2.1584942,0.0,0.0,0.0,0.0,1.8336891,1.5250005,0.0,0.7352482,2.3494704,0.09410847,0.09528269,0.0,3.3321786,0.4020657,0.8405662,1.2525071,2.2084658,1.6081295,0.0,0.15705164,3.2784946,0.0,0.0,0.9957832,0.47911876,0.0,3.776215,1.3458468,1.4120148,2.0011842,0.0761739,1.1539489,0.99657947,0.21721555,2.4288678,1.4055233,0.7498968,0.0,0.0,0.802451,0.7229815,0.0,0.0,0.0,0.0,0.0,0.75570244,0.0,0.0,0.6198921,0.0,1.7688662,0.65260917,1.0660455,0.0,0.0,1.6369828,2.0158389,0.18671697,0.0,1.0384679,0.5901493,0.55381036,1.647543,0.0,0.8720157,2.2639427,3.0255759,1.2764196,0.6407572,0.0,0.0,0.97175884,0.0,0.0,0.95936453,0.112272814,0.6111517,0.5187479,0.0,0.0,1.5527207,1.8617182,0.0,0.0,1.7651163,0.39956126,0.3051534,0.6216494,0.392588,1.4608743,0.0,0.0,0.5854763,2.2905176,0.0,0.0,0.0,0.28319037,0.0,0.0,0.0,0.0,0.62739265,0.0,0.42710415,1.2177063,0.8216201,0.0,1.2522024,1.5945201,1.0258387,1.2547085,0.0,0.0,0.07666992,0.0,1.0965368,0.0,1.4810561,0.0,0.0,1.1896627,1.1926814,0.0,0
